id,location,name,specification,type_name,location_code,inventory_status_code,work_order_name,work_order_item_number,account_code,clli_code,st_clli_cd,st_co_id,st_ownr_co_nm,st_vntge_yr,st_rmks,st_sap_stk_id,st_trmnl_id,st_sap_actvy_cd,st_sap_ntwk_id,st_envmt_cd,st_fbr_grnd_pnt_ind,st_rte_pdstl_exch_txt
STRUCTURE_REG16/101,0101000000E448208BB82A5AC0D81ED2E9E53A4940,PED:JSPED:C210423,,JOINT STANDARD PED,LOC_C6211446,IPL,,0,,REGNSK,,REGNSK04,SASKPOWER,,,,R 6120 BRUNSKILL PL,,,BU,,"R 6120 BRUNSKILL PL, REGNSK"
STRUCTURE_REG16/184,010100000024F01E05C72A5AC0D8B292AFF43B4940,PED:SST:C211268,,COMPANY STEEL STAKE,LOC_C6212271,IPL,,0,LACC_ATRENCH_C,REGNSK,,REGNSK04,SASKTEL,,LENGTH=DEPTH,101057,R 113 MOLLARD CRES,,,BU,,"R 113 MOLLARD CRES, REGNSK"
STRUCTURE_REG16/236,01010000001CFEDCC8232B5AC0E8E39EA4BC3B4940,PED:JSPED:C204221,,JOINT STANDARD PED,LOC_C6205367,IPL,,0,,REGNSK,,REGNSK04,SASKPOWER,,,,S 98 SIBBALD CRES,,,BU,,"S 98 SIBBALD CRES, REGNSK"
STRUCTURE_REG16/241,0101000000D4CF9F8C2A2B5AC0805846C2F53B4940,PED:JSPED:C208847,,JOINT STANDARD PED,LOC_C6209903,IPL,,0,,REGNSK,,REGNSK04,SASKPOWER,,,,R 83 READ AVE,,,BU,,"R 83 READ AVE, REGNSK"
STRUCTURE_REG16/2144,010100000060C0E5F3022A5AC030432ECE5E3C4940,PED:JSPED:C224354,,JOINT STANDARD PED,LOC_C6225231,IPL,,0,,REGNSK,,REGNSK04,SASKPOWER,,,,R 88 MARSHALL CRES,,,BU,,"R 88 MARSHALL CRES, REGNSK"
STRUCTURE_REG16/4460,010100000058E5E92C98295AC068C342C93E3A4940,PED:SST:C248309,,COMPANY STEEL STAKE,LOC_C6248826,IPL,,0,LACC_ATRENCH_C,REGNSK,,REGNSK01,SASKTEL,,NO AP IN MARTENS,101057,UNK,,,BU,,"UNK, REGNSK"
STRUCTURE_REG16/4461,0101000000008302C1AC295AC0C0770DFA123A4940,PED:SST:C203607,,COMPANY STEEL STAKE,LOC_C6204760,IPL,,0,LACC_ATRENCH_C,REGNSK,,REGNSK01,SASKTEL,,NO AP MARTENS,100791,UNK,,,BU,,"UNK, REGNSK"
STRUCTURE_REG16/6345,010100000094BEB200DD2A5AC0106D3327453C4940,PED:JSPED:C206938,,JOINT STANDARD PED,LOC_C6208056,IPL,,0,,REGNSK,,REGNSK04,SASKPOWER,,,,R 75 TRUDELLE CRES,,,BU,,"R 75 TRUDELLE CRES, REGNSK"
STRUCTURE_REG16/9439,01010000006C802C53722A5AC05057B4FCEA394940,PED:SST:C220537,,COMPANY STEEL STAKE,LOC_C6221480,IPL,,0,LACC_ATRENCH_C,REGNSK,,REGNSK01,SASKTEL,,LENGTH=DEPTH,100783,UP1200 F PT BARKER,,,BU,,"UP1200 F PT BARKER, REGNSK"
STRUCTURE_REG16/9510,01010000005CB2225125295AC078AB096A443B4940,PED:JSPED:C202293,,JOINT STANDARD PED,LOC_C6203474,IPL,,0,,REGNSK,,REGNSK01,SASKPOWER,,NOT IN MARTENS,,UNK,,,BU,,"UNK, REGNSK"
STRUCTURE_REG16/10633,0101000000D8717A19102B5AC018B2900CBB3B4940,PED:JSPED:C203740,,JOINT STANDARD PED,LOC_C6204890,IPL,,0,,REGNSK,,REGNSK04,SASKPOWER,,,,R 11 SIBBALD CRES,,,BU,,"R 11 SIBBALD CRES, REGNSK"
STRUCTURE_REG16/11976,0101000000002CE0088C295AC0C0C8415FB33B4940,PED:JSPED:C233065,,JOINT STANDARD PED,LOC_C6233793,IPL,,0,,REGNSK,,REGNSK04,SASKPOWER,,,,R 36 ROSEMONT CRES,,,BU,,"R 36 ROSEMONT CRES, REGNSK"
STRUCTURE_REG16/13907,0101000000D04444D6DF2A5AC0A81EE9A6293C4940,PED:JSPED:C209202,,JOINT STANDARD PED,LOC_C6210249,IPL,,0,,REGNSK,,REGNSK04,SASKPOWER,,,,R 78 TRUDELLE CRES,,,BU,,"R 78 TRUDELLE CRES, REGNSK"
STRUCTURE_REG16/23493,0101000000A41473C4652C5AC0D00656FECA3B4940,PED:SST:C207277,,COMPANY STEEL STAKE,LOC_C6208387,IPL,,0,LACC_ATRENCH_C,REGNSK,,REGNSK04,SASKTEL,,NO AP IN MARTENS,100783,UNK,,,BU,,"UNK, REGNSK"
STRUCTURE_REG16/23574,0101000000F4971AF7FF2B5AC0688E7FE8C73A4940,PED:JSPED:C197899,,JOINT STANDARD PED,LOC_C6199137,IPL,,0,,REGNSK,,REGNSK04,SASKPOWER,,,,R 1218 COURTNEY ST,,,BU,,"R 1218 COURTNEY ST, REGNSK"
STRUCTURE_REG16/23588,0101000000542543EEFF2B5AC0D8727E2F6A3A4940,PED:JSPED:C221817,,JOINT STANDARD PED,LOC_C6222742,IPL,,0,,REGNSK,,REGNSK04,SASKPOWER,,,,R 1334 COURTNEY ST,,,BU,,"R 1334 COURTNEY ST, REGNSK"
STRUCTURE_REG16/27238,0101000000B8C4B215EB2A5AC0202CF0A3473B4940,PED:JSPED:C198645,,JOINT STANDARD PED,LOC_C6199879,IPL,,0,,REGNSK,,REGNSK04,SASKPOWER,,,,R 91 KRAUSS ST,,,BU,,"R 91 KRAUSS ST, REGNSK"
STRUCTURE_REG16/27419,0101000000EC60A330182B5AC070057781413B4940,PED:JSPED:C198227,,JOINT STANDARD PED,LOC_C6199454,IPL,,0,,REGNSK,,REGNSK04,SASKPOWER,,,,R 972 MCCARTHY BLVD,,,BU,,"R 972 MCCARTHY BLVD, REGNSK"
STRUCTURE_REG16/27487,010100000054D8A1D4FD2A5AC0A8D9AF1A8F3B4940,PED:JSPED:C200884,,JOINT STANDARD PED,LOC_C6202077,IPL,,0,,REGNSK,,REGNSK04,SASKPOWER,,,,R 30 KRAUSS ST,,,BU,,"R 30 KRAUSS ST, REGNSK"
STRUCTURE_REG16/27615,0101000000F03FD5F5FF2B5AC000BEB81ABA3A4940,PED:JSPED:C221902,,JOINT STANDARD PED,LOC_C6222802,IPL,,0,,REGNSK,,REGNSK04,SASKPOWER,,,,R 1226 COURTNEY ST,,,BU,,"R 1226 COURTNEY ST, REGNSK"
STRUCTURE_REG16/27809,010100000008B579F8FF2B5AC098E45DBBD53A4940,PED:JSPED:C197894,,JOINT STANDARD PED,LOC_C6199133,IPL,,0,,REGNSK,,REGNSK04,SASKPOWER,,,,R 1210 COURTNEY ST,,,BU,,"R 1210 COURTNEY ST, REGNSK"
STRUCTURE_REG16/27867,01010000001C9F0A64882B5AC0608E531E243C4940,PED:JSPED:C196997,,JOINT STANDARD PED,LOC_C6198234,IPL,,0,,REGNSK,,REGNSK04,SASKPOWER,,,,R 430 FULTON DR,,,BU,,"R 430 FULTON DR, REGNSK"
STRUCTURE_REG16/31486,010100000010FEF88AEF2B5AC0405BC09E4B3C4940,PED:JSPED:C194276,,JOINT STANDARD PED,LOC_C6195576,IPL,,0,,REGNSK,,REGNSK04,SASKPOWER,,,,R 502 HANSEN DR,,,BU,,"R 502 HANSEN DR, REGNSK"
STRUCTURE_REG16/31487,0101000000302A41305B2B5AC0903A401E243C4940,PED:JSPED:C196972,,JOINT STANDARD PED,LOC_C6198210,IPL,,0,,REGNSK,,REGNSK04,SASKPOWER,,,,R 346 FULTON DR,,,BU,,"R 346 FULTON DR, REGNSK"
STRUCTURE_REG16/31532,010100000004AFCA763F2B5AC0C0F6583C2D3C4940,PED:SST:C209999,,COMPANY STEEL STAKE,LOC_C6211034,IPL,,0,LACC_ATRENCH_C,REGNSK,,REGNSK04,SASKTEL,,LENGTH=DEPTH,100783,R 306 FULTON DR,,,BU,,"R 306 FULTON DR, REGNSK"
STRUCTURE_REG16/31796,0101000000586B49C360295AC0C8C5FD26583B4940,PED:SST::13337900,,COMPANY STEEL STAKE,LOC_11139785,PDA,REGN826982,27991337,LACC_ATRENCH_C,REGNSK,,REGNSK04,SASKTEL,2025,LENGTH=DEPTH,100791,,0000,826982,,,", REGNSK"
STRUCTURE_REG16/32362,0101000000D045F47F0F2B5AC070DA265EA33B4940,PED:JSPED:C203771,,JOINT STANDARD PED,LOC_C6204921,IPL,,0,,REGNSK,,REGNSK04,SASKPOWER,,,,R 31 SIBBALD CRES,,,BU,,"R 31 SIBBALD CRES, REGNSK"
STRUCTURE_REG16/33252,0101000000287209394F2B5AC0E83DEFAFA63B4940,PED:SST::11447569,,COMPANY STEEL STAKE,LOC_10985543,IPL,,0,LACC_ATRENCH_F,REGNSK,,REGNSK04,,2021,,,,0010,104604,U,,", REGNSK"
STRUCTURE_REG16/33382,0101000000D840EA11EB2A5AC010E7F555293B4940,PED:JSPED:C200035,,JOINT STANDARD PED,LOC_C6201257,IPL,,0,,REGNSK,,REGNSK04,SASKPOWER,,,,R 113 KRAUSS ST,,,BU,,"R 113 KRAUSS ST, REGNSK"
STRUCTURE_REG16/33765,0101000000A066BC6B182B5AC0A87B6798403B4940,PED:SST:C198264,,COMPANY STEEL STAKE,LOC_C6199490,IPL,,0,LACC_ATRENCH_C,REGNSK,,REGNSK04,SASKTEL,,LENGTH=DEPTH,100791,UNK,,,BU,,"UNK, REGNSK"
STRUCTURE_REG16/34117,0101000000D40A3DDCBA295AC080A37C5FE1394940,PED:SST:C201158,,COMPANY STEEL STAKE,LOC_C6205233,IPL,REGN110455-0010,25219603,LACC_ATRENCH_C,REGNSK,,REGNSK01,SASKTEL,,LENGTH=DEPTH,100783,UNK,,,BU,,"UNK, REGNSK"
STRUCTURE_REG16/36899,010100000010DA5991A42B5AC0F81D5EA5F53B4940,PED:SST::9100669,,COMPANY STEEL STAKE,LOC_C6200079,IPL,,0,LACC_ATRENCH_F,REGNSK,,REGNSK04,,2016,,127035,UNK,0010,985491,U,,"UNK, REGNSK"
STRUCTURE_REG16/36912,0101000000980CFCE5A92B5AC0A01EF23BB23B4940,PED:JSPED:C198633,,JOINT STANDARD PED,LOC_C6199865,IPL,,0,,REGNSK,,REGNSK04,SASKPOWER,,,,UNK,,,BU,,"UNK, REGNSK"
STRUCTURE_REG16/37570,01010000001CE5906F572C5AC020747C93EA394940,PED:SST::12653990,,COMPANY STEEL STAKE,LOC_11871323,IPL,,0,LACC_ATRENCH_F,REGNSK,,REGNSK01,SASKTEL,2023,LENGTH=DEPTH,100783,,0000,820130,,,", REGNSK"
STRUCTURE_REG16/37894,0101000000B8611806652B5AC090884B56113C4940,PED:JSPED:C196642,,JOINT STANDARD PED,LOC_C6197888,IPL,,0,,REGNSK,,REGNSK04,SASKPOWER,,,,R 170 READ AVE,,,BU,,"R 170 READ AVE, REGNSK"
STRUCTURE_REG16/38403,0101000000B863C078372B5AC06026D88CC73B4940,PED:JSPED:C203614,,JOINT STANDARD PED,LOC_C6204771,IPL,,0,,REGNSK,,REGNSK04,SASKPOWER,,,,R 107 STRAUB ST,,,BU,,"R 107 STRAUB ST, REGNSK"
STRUCTURE_REG16/38404,0101000000E874903F272B5AC010EA589BC23B4940,PED:JSPED:C204199,,JOINT STANDARD PED,LOC_C6205346,IPL,,0,,REGNSK,,REGNSK04,SASKPOWER,,,,R 142 STRAUB ST,,,BU,,"R 142 STRAUB ST, REGNSK"
STRUCTURE_REG16/39137,0101000000A43339AD422B5AC088C25DE6493C4940,PED:JSPED::9060332,,JOINT STANDARD PED,LOC_8780743,IPL,,0,,REGNSK,,REGNSK04,SASKPOWER,2016,,,UNK,,,BU,,"UNK, REGNSK"
STRUCTURE_REG16/40141,0101000000C451CAB5722B5AC018BB13DFD53B4940,PED:JSPED:C202926,,JOINT STANDARD PED,LOC_C6204103,IPL,,0,,REGNSK,,REGNSK04,SASKPOWER,,,,R 658 SWEENEY ST,,,BU,,"R 658 SWEENEY ST, REGNSK"
STRUCTURE_REG16/40142,0101000000746797B6722B5AC0F035037DDE3B4940,PED:JSPED:C203161,,JOINT STANDARD PED,LOC_C6204325,IPL,,0,,REGNSK,,REGNSK04,SASKPOWER,,,,R 642 SWEENEY ST,,,BU,,"R 642 SWEENEY ST, REGNSK"
STRUCTURE_REG16/40182,0101000000F4A41B7ACE2B5AC038AC039CF53B4940,PED:JSPED:C196772,,JOINT STANDARD PED,LOC_C6198037,IPL,,0,,REGNSK,,REGNSK04,SASKPOWER,,,,R 283 READ AVE,,,BU,,"R 283 READ AVE, REGNSK"
STRUCTURE_REG16/40184,0101000000F4306AAD9E2B5AC078E9B247113C4940,PED:JSPED:C196902,,JOINT STANDARD PED,LOC_C6198148,IPL,,0,,REGNSK,,REGNSK04,SASKPOWER,,,,R 242 READ AVE,,,BU,,"R 242 READ AVE, REGNSK"
STRUCTURE_REG16/40186,0101000000B486218B772B5AC0983D2B31DB3B4940,PED:JSPED:C205475,,JOINT STANDARD PED,LOC_C6206608,IPL,,0,,REGNSK,,REGNSK04,SASKPOWER,,,,S 3 ROBERTS PLACE,,,BU,,"S 3 ROBERTS PLACE, REGNSK"
STRUCTURE_REG16/40188,010100000068BA6185822B5AC018E6CE30DB3B4940,PED:JSPED:C205540,,JOINT STANDARD PED,LOC_C6206661,IPL,,0,,REGNSK,,REGNSK04,SASKPOWER,,,,R 220 MIKKELSON DR,,,BU,,"R 220 MIKKELSON DR, REGNSK"
STRUCTURE_REG16/40190,010100000064A0BDF0A62B5AC0A8305152DA3B4940,PED:JTPED:C199294,,JOINT SPC TRF PED,LOC_C6200519,IPL,,0,,REGNSK,,REGNSK04,SASKPOWER,,,,UNK,,,BU,,"UNK, REGNSK"
STRUCTURE_REG16/40448,010100000084F61E1F6E2B5AC0305382B4F53B4940,PED:SST::10589331,,COMPANY STEEL STAKE,LOC_C6202231,IPL,,0,LACC_ATRENCH_C,REGNSK,,REGNSK04,SASKTEL,,LENGTH=DEPTH,100791,,,,BU,,", REGNSK"
STRUCTURE_REG16/41046,0101000000A402E407AB2A5AC0685824443E3A4940,PED:SST::12970762,,COMPANY STEEL STAKE,LOC_C6224128,IPL,,0,LACC_ATRENCH_F,REGNSK,,REGNSK04,SASKTEL,2023,LENGTH=DEPTH,100791,I 5903 DEWDNEY AVE,0000,822096,,,"I 5903 DEWDNEY AVE, REGNSK"
STRUCTURE_REG16/42557,0101000000F0E84859FF2A5AC0485CFBCD073C4940,PED:SST::11426123,,COMPANY STEEL STAKE,LOC_C6212334,IPL,,0,LACC_ATRENCH_F,REGNSK,,REGNSK04,SASKTEL,2021,LENGTH=DEPTH,100791,,0010,104604,U,,", REGNSK"
STRUCTURE_REG16/42800,0101000000C4EED7A4882A5AC05037C1EB3E3C4940,PED:JSPED:C209742,,JOINT STANDARD PED,LOC_C6210779,IPL,,0,,REGNSK,,REGNSK04,SASKPOWER,,,,R 3 SNEATH CRES,,,BU,,"R 3 SNEATH CRES, REGNSK"
STRUCTURE_REG16/44748,0101000000705AF55B892A5AC0F8863BE4D43B4940,PED:SST:C196082,,COMPANY STEEL STAKE,LOC_C6197363,IPL,,0,LACC_ATRENCH_C,REGNSK,,REGNSK04,SASKTEL,,LENGTH=DEPTH,101057,R 658 CAMPBELL ST,,,BU,,"R 658 CAMPBELL ST, REGNSK"
STRUCTURE_REG16/45816,010100000050CCD232182B5AC028353AA8833B4940,PED:JSPED:C203212,,JOINT STANDARD PED,LOC_C6204375,IPL,,0,,REGNSK,,REGNSK04,SASKPOWER,,,,R 870 MCCARTHY BLVD,,,BU,,"R 870 MCCARTHY BLVD, REGNSK"
STRUCTURE_REG16/45817,0101000000B04AB1EF1F2B5AC0C8599624993B4940,PED:JSPED:C203719,,JOINT STANDARD PED,LOC_C6204866,IPL,,0,,REGNSK,,REGNSK04,SASKPOWER,,,,R 43 SIBBALD CRES,,,BU,,"R 43 SIBBALD CRES, REGNSK"
STRUCTURE_REG16/45818,0101000000AC3FDFCF162B5AC078C87A28993B4940,PED:JSPED:C203721,,JOINT STANDARD PED,LOC_C6204871,IPL,,0,,REGNSK,,REGNSK04,SASKPOWER,,,,R 39 SIBBALD CRES,,,BU,,"R 39 SIBBALD CRES, REGNSK"
STRUCTURE_REG16/46073,0101000000A80CA1525E2B5AC04892CAC8E43B4940,PED:JSPED:C199721,,JOINT STANDARD PED,LOC_C6200942,IPL,,0,,REGNSK,,REGNSK04,SASKPOWER,,,,UNK,,,BU,,"UNK, REGNSK"
STRUCTURE_REG16/46074,0101000000AC0049525E2B5AC0909A8010DD3B4940,PED:JSPED:C199730,,JOINT STANDARD PED,LOC_C6200951,IPL,,0,,REGNSK,,REGNSK04,SASKPOWER,,,,UNK,,,BU,,"UNK, REGNSK"
STRUCTURE_REG16/46075,01010000006C0CF74D5E2B5AC0D031B294C73B4940,PED:JSPED:C202356,,JOINT STANDARD PED,LOC_C6203538,IPL,,0,,REGNSK,,REGNSK04,SASKPOWER,,,,R 708 SNEDDON ST,,,BU,,"R 708 SNEDDON ST, REGNSK"
STRUCTURE_REG16/46134,010100000090B6AA525E2B5AC00045A695E53B4940,PED:SST::11447564,,COMPANY STEEL STAKE,LOC_C6202868,IPL,,0,LACC_ATRENCH_F,REGNSK,,REGNSK04,,2021,,,,0010,104604,U,,", REGNSK"
STRUCTURE_REG16/46135,0101000000C4D77B4A5E2B5AC0B061626DB83B4940,PED:SST::11447568,,COMPANY STEEL STAKE,LOC_C6199679,IPL,,0,LACC_ATRENCH_F,REGNSK,,REGNSK04,,2021,,,,0010,104604,U,,", REGNSK"
STRUCTURE_REG16/46380,0101000000A4605D7A73295AC090F42C1FC13B4940,PED:JSPED::13089802,,JOINT STANDARD PED,LOC_C6197087,IPL,REGN114606,27530596,,REGNSK,,REGNSK04,SASKPOWER,2023,,,,0010,114606,BU,,", REGNSK"
STRUCTURE_REG16/46381,0101000000404ECC6B66295AC0D006770CB43B4940,PED:JSPED::13089804,,JOINT STANDARD PED,LOC_12211461,IPL,REGN114606,27530598,,REGNSK,,REGNSK04,SASKPOWER,2023,,,,0010,114606,BU,,", REGNSK"
STRUCTURE_REG16/49050,0101000000204281495A2A5AC00881CD5AC63B4940,PED:SST::12175242,,COMPANY STEEL STAKE,LOC_C6230948,IPL,,0,LACC_ATRENCH_F,REGNSK,,REGNSK04,SASKTEL,2022,LENGTH=DEPTH,100791,,0000,817437,BU,,", REGNSK"
STRUCTURE_REG16/51419,010100000044E03B763F2A5AC0B06043264F3C4940,PED:JSPED:C224224,,JOINT STANDARD PED,LOC_C6225099,IPL,,0,,REGNSK,,REGNSK04,SASKPOWER,,,,R 466 PALLISER ST,,,BU,,"R 466 PALLISER ST, REGNSK"
STRUCTURE_REG16/51420,0101000000809C609AAA2A5AC06815DC004D3C4940,PED:JSPED:C209611,,JOINT STANDARD PED,LOC_C6210651,IPL,,0,,REGNSK,,REGNSK04,SASKPOWER,,,,S 75 SNEATH CRES,,,BU,,"S 75 SNEATH CRES, REGNSK"
STRUCTURE_REG16/53377,0101000000608284A205295AC048B93CEFE9394940,PED:SST:C223415,,COMPANY STEEL STAKE,LOC_C6224305,IPL,,0,LACC_ATRENCH_C,REGNSK,,REGNSK01,SASKTEL,,LENGTH=DEPTH,100791,UNK,,,BU,,"UNK, REGNSK"
STRUCTURE_REG16/58709,0101000000344CE1FFD6295AC0D0B282A75C3B4940,PED:SST:C227848,,COMPANY STEEL STAKE,LOC_C6228683,IPL,,0,LACC_ATRENCH_C,REGNSK,,REGNSK04,SASKTEL,,LENGTH=DEPTH,100791,UNK,,,BU,,"UNK, REGNSK"
STRUCTURE_REG16/59175,0101000000B80E8B078A2B5AC078266DAA6E3A4940,PED:SST:C218726,,COMPANY STEEL STAKE,LOC_C6219682,IPL,,0,LACC_ATRENCH_C,REGNSK,,REGNSK04,SASKTEL,,LENGTH=DEPTH,100783,S 106 DOROTHY ST,,,BU,,"S 106 DOROTHY ST, REGNSK"
STRUCTURE_REG16/59634,0101000000D8566287992B5AC03825F713CC3B4940,PED:SST::11500419,,COMPANY STEEL STAKE,LOC_11025876,PDA,REGN106535-0010,23228961,LACC_ATRENCH_F,REGNSK,,REGNSK04,SASKTEL,2021,LENGTH=DEPTH,100791,,0010,106535,BU,,", REGNSK"
STRUCTURE_REG16/68172,0101000000CC63097575295AC038CA25BBBD3B4940,PED:JSPED:C193448,,JOINT STANDARD PED,LOC_C6194779,IPL,,0,,REGNSK,,REGNSK04,SASKPOWER,,,,R 10 TRANSCONA PLACE,,,BU,,"R 10 TRANSCONA PLACE, REGNSK"
STRUCTURE_REG16/69030,0101000000B02D10F8F4285AC018EE5012E73A4940,PED:SST::12196685,,COMPANY STEEL STAKE,LOC_C6200772,IPL,,0,LACC_ATRENCH_F,REGNSK,,REGNSK01,SASKTEL,2022,LENGTH=DEPTH,100791,S 1175 PASQUA ST,0000,817859,,,"S 1175 PASQUA ST, REGNSK"
STRUCTURE_REG16/71760,01010000002CD3ABD84A2B5AC040811BEFAF3B4940,PED:JSPED:C204638,,JOINT STANDARD PED,LOC_C6205778,IPL,,0,,REGNSK,,REGNSK04,SASKPOWER,,,,R 741 SNEDDON ST,,,BU,,"R 741 SNEDDON ST, REGNSK"
STRUCTURE_REG16/71763,010100000008425157392B5AC0787EBFD5103C4940,PED:JSPED:C214281,,JOINT STANDARD PED,LOC_C6215264,IPL,,0,,REGNSK,,REGNSK04,SASKPOWER,,,,R 116 READ AVE,,,BU,,"R 116 READ AVE, REGNSK"
STRUCTURE_REG16/71853,0101000000F0125ADEEE2A5AC0F85E0479F53B4940,PED:SST:C211399,,COMPANY STEEL STAKE,LOC_C6212404,IPL,,0,LACC_ATRENCH_C,REGNSK,,REGNSK04,SASKTEL,,NO AP IN MARTENS,100783,UNK,,,BU,,"UNK, REGNSK"
STRUCTURE_REG16/73303,0101000000E4DC417AB72B5AC028013EA0F53B4940,PED:JSPED:C197103,,JOINT STANDARD PED,LOC_C6198339,IPL,,0,,REGNSK,,REGNSK04,SASKPOWER,,,,R 259 READ AVE,,,BU,,"R 259 READ AVE, REGNSK"
STRUCTURE_REG16/76153,01010000006C9C843A1B295AC020F0C3252D3A4940,PED:JTPED:C203868,,JOINT SPC TRF PED,LOC_C6205018,IPL,,0,,REGNSK,,REGNSK01,SASKPOWER,,,,UNK,,,BU,,"UNK, REGNSK"
STRUCTURE_REG16/76451,01010000007093A765F1295AC07874028B5D3C4940,PED:JSPED:C224379,,JOINT STANDARD PED,LOC_C6225258,IPL,,0,,REGNSK,,REGNSK04,SASKPOWER,,,,R 32 NATHAN ST,,,BU,,"R 32 NATHAN ST, REGNSK"
STRUCTURE_REG16/76452,01010000007096E52DCF295AC0B88B93DC503C4940,PED:JSPED:C224461,,JOINT STANDARD PED,LOC_C6225339,IPL,,0,,REGNSK,,REGNSK04,SASKPOWER,,,,R 47 MARSHALL CRES,,,BU,,"R 47 MARSHALL CRES, REGNSK"
STRUCTURE_REG16/76453,010100000000D2EC247C295AC06818D03BB03B4940,PED:JTPED:C193496,,JOINT SPC TRF PED,LOC_C6194824,IPL,,0,,REGNSK,,REGNSK04,SASKPOWER,,,,UNK,,,BU,,"UNK, REGNSK"
STRUCTURE_REG16/76454,0101000000145C852A7B295AC0C8EF89BCBF3B4940,PED:JTPED:C202636,,JOINT SPC TRF PED,LOC_C6203811,IPL,,0,,REGNSK,,REGNSK04,SASKPOWER,,,,UNK,,,BU,,"UNK, REGNSK"
STRUCTURE_REG16/76914,0101000000949DEDEDF0295AC000681264603C4940,PED:JTPED:C224420,,JOINT SPC TRF PED,LOC_C6225301,IPL,,0,,REGNSK,,REGNSK04,SASKPOWER,,,,UNK,,,BU,,"UNK, REGNSK"
STRUCTURE_REG16/76917,0101000000F8A4B798CF295AC0F8C94A33603C4940,PED:JTPED:C224472,,JOINT SPC TRF PED,LOC_C6225351,IPL,,0,,REGNSK,,REGNSK04,SASKPOWER,,,,UNK,,,BU,,"UNK, REGNSK"
STRUCTURE_REG16/76964,0101000000F017139857295AC0186E80393D3A4940,PED:JSPED:C197094,,JOINT STANDARD PED,LOC_C6198334,IPL,,0,,REGNSK,,REGNSK01,SASKPOWER,,,,UNK,,,BU,,"UNK, REGNSK"
STRUCTURE_REG16/77741,0101000000104AC9EC58295AC0881AACA2793B4940,PED:SST:C193249,,COMPANY STEEL STAKE,LOC_C6194621,IPL,,0,LACC_ATRENCH_C,REGNSK,,REGNSK04,SASKTEL,,LENGTH=DEPTH,100791,UNK,,,BU,,"UNK, REGNSK"
STRUCTURE_REG16/78716,0101000000687E0E89E1295AC028B1313DCE3A4940,PED:JTPED:C342955,,JOINT SPC TRF PED,LOC_C6342132,IPL,,0,,REGNSK,,REGNSK04,SASKPOWER,2013,,,UNK,0010,966275,BU,,"UNK, REGNSK"
STRUCTURE_REG16/82609,0101000000084FBF76D62A5AC0E0B0C408433B4940,PED:JSPED:C198469,,JOINT STANDARD PED,LOC_C6199703,IPL,,0,,REGNSK,,REGNSK04,SASKPOWER,,,,R 66 LYONS ST,,,BU,,"R 66 LYONS ST, REGNSK"
STRUCTURE_REG16/82614,010100000088C916A72C2B5AC040C24D6CDC3B4940,PED:JSPED:C204308,,JOINT STANDARD PED,LOC_C6205453,IPL,,0,,REGNSK,,REGNSK04,SASKPOWER,,,,R 45 STRAUB CRES,,,BU,,"R 45 STRAUB CRES, REGNSK"
STRUCTURE_REG16/82673,01010000000CBF1937002B5AC02027B4685E3C4940,PED:JSPED:C206821,,JOINT STANDARD PED,LOC_C6207922,IPL,,0,,REGNSK,,REGNSK04,SASKPOWER,,,,R 83 MCSHERRY CRES,,,BU,,"R 83 MCSHERRY CRES, REGNSK"
STRUCTURE_REG16/82675,01010000002C15B10E9B2A5AC008902B0C493C4940,PED:JSPED:C209520,,JOINT STANDARD PED,LOC_C6210560,IPL,,0,,REGNSK,,REGNSK04,SASKPOWER,,,,R 84 SNEATH CRES,,,BU,,"R 84 SNEATH CRES, REGNSK"
STRUCTURE_REG16/82676,01010000008406DEA0882A5AC0A0FF6EB92E3C4940,PED:JSPED:C209724,,JOINT STANDARD PED,LOC_C6210763,IPL,,0,,REGNSK,,REGNSK04,SASKPOWER,,,,R 15 SNEATH CRES,,,BU,,"R 15 SNEATH CRES, REGNSK"
STRUCTURE_REG16/82848,010100000040914C59162B5AC098BF0037553A4940,PED:JSPED:C223435,,JOINT STANDARD PED,LOC_C6224324,IPL,,0,,REGNSK,,REGNSK04,SASKPOWER,,,,S 1472 MCCARTHY BLVD,,,BU,,"S 1472 MCCARTHY BLVD, REGNSK"
STRUCTURE_REG16/82934,010100000028765264AF2A5AC07022F4B2F43B4940,PED:SST:C211200,,COMPANY STEEL STAKE,LOC_C6212208,IPL,,0,LACC_ATRENCH_C,REGNSK,,REGNSK04,SASKTEL,,LENGTH=DEPTH,101057,R 91 MOLLARD CRES,,,BU,,"R 91 MOLLARD CRES, REGNSK"
STRUCTURE_REG16/83321,0101000000143236F8CB2B5AC040FB213B113C4940,PED:JSPED:C194309,,JOINT STANDARD PED,LOC_C6195610,IPL,,0,,REGNSK,,REGNSK04,SASKPOWER,,,,R 282 READ AVE,,,BU,,"R 282 READ AVE, REGNSK"
STRUCTURE_REG16/83322,01010000005C93822F6B2B5AC04858CF413E3C4940,PED:JSPED:C197465,,JOINT STANDARD PED,LOC_C6198707,IPL,,0,,REGNSK,,REGNSK04,SASKPOWER,,,,R 15 CARTER CRES,,,BU,,"R 15 CARTER CRES, REGNSK"
STRUCTURE_REG16/83323,01010000008CBD3C6F532B5AC06097A3923D3C4940,PED:JSPED:C197531,,JOINT STANDARD PED,LOC_C6198775,IPL,,0,,REGNSK,,REGNSK04,SASKPOWER,,,,R 331 FULTON DR,,,BU,,"R 331 FULTON DR, REGNSK"
STRUCTURE_REG16/83324,010100000070360ED6AE2A5AC0E81F0BABDA3B4940,PED:JSPED:C197965,,JOINT STANDARD PED,LOC_C6199193,IPL,,0,,REGNSK,,REGNSK04,SASKPOWER,,,,R 6 MCCORMICK CRES,,,BU,,"R 6 MCCORMICK CRES, REGNSK"
STRUCTURE_REG16/83325,010100000070165BE0C92A5AC098B1DDB4CE3B4940,PED:JSPED:C198033,,JOINT STANDARD PED,LOC_C6199262,IPL,,0,,REGNSK,,REGNSK04,SASKPOWER,,,,R 26 MCCORMICK CRES,,,BU,,"R 26 MCCORMICK CRES, REGNSK"
STRUCTURE_REG16/83326,01010000009CF86990CD2A5AC088940C5EC63B4940,PED:JSPED:C198035,,JOINT STANDARD PED,LOC_C6199264,IPL,,0,,REGNSK,,REGNSK04,SASKPOWER,,,,R 38 MCCORMICK CRES,,,BU,,"R 38 MCCORMICK CRES, REGNSK"
STRUCTURE_REG16/83327,01010000002CA043255D2B5AC0E8D253ACA63B4940,PED:JSPED:C198090,,JOINT STANDARD PED,LOC_C6206834,IPL,,0,,REGNSK,,REGNSK04,SASKPOWER,,,,R 54 RITTER AVE,,,BU,,"R 54 RITTER AVE, REGNSK"
STRUCTURE_REG16/85514,0101000000D0E31DFEFF2B5AC07834A3C6143B4940,PED:JSPED:C197857,,JOINT STANDARD PED,LOC_C6199092,IPL,,0,,REGNSK,,REGNSK04,SASKPOWER,,,,R 1104 COURTNEY ST,,,BU,,"R 1104 COURTNEY ST, REGNSK"
STRUCTURE_REG16/85515,01010000003CC7A7FDFF2B5AC048B813360D3B4940,PED:JSPED:C197862,,JOINT STANDARD PED,LOC_C6199099,IPL,,0,,REGNSK,,REGNSK04,SASKPOWER,,,,R 1108 COURTNEY ST,,,BU,,"R 1108 COURTNEY ST, REGNSK"
STRUCTURE_REG16/85516,0101000000A406FFFAFF2B5AC0B83E5034F03A4940,PED:JSPED:C197885,,JOINT STANDARD PED,LOC_C6199121,IPL,,0,,REGNSK,,REGNSK04,SASKPOWER,,,,R 1122 COURTNEY ST,,,BU,,"R 1122 COURTNEY ST, REGNSK"
STRUCTURE_REG16/85587,010100000030B1639D762B5AC0F0758E78A73B4940,PED:JSPED:C197950,,JOINT STANDARD PED,LOC_C6199179,IPL,,0,,REGNSK,,REGNSK04,SASKPOWER,,,,R 88 RITTER AVE,,,BU,,"R 88 RITTER AVE, REGNSK"
STRUCTURE_REG16/85588,01010000000C81A401BC2A5AC05004D8B7BB3B4940,PED:JSPED:C198247,,JOINT STANDARD PED,LOC_C6199471,IPL,,0,,REGNSK,,REGNSK04,SASKPOWER,,,,R 18 MELROSE PLACE,,,BU,,"R 18 MELROSE PLACE, REGNSK"
STRUCTURE_REG16/85589,01010000000CE455ADB72A5AC0F0BF8BE7C13B4940,PED:JSPED:C198252,,JOINT STANDARD PED,LOC_C6199475,IPL,,0,,REGNSK,,REGNSK04,SASKPOWER,,,,R 22 MELROSE PLACE,,,BU,,"R 22 MELROSE PLACE, REGNSK"
STRUCTURE_REG16/85590,010100000020E5E7B9F72A5AC0484BDDE99C3B4940,PED:JSPED:C200881,,JOINT STANDARD PED,LOC_C6202072,IPL,,0,,REGNSK,,REGNSK04,SASKPOWER,,,,R 18 KRAUSS ST,,,BU,,"R 18 KRAUSS ST, REGNSK"
STRUCTURE_REG16/85663,010100000070D0211A842A5AC0E82266124F3C4940,PED:JSPED:C203204,,JOINT STANDARD PED,LOC_C6204367,IPL,,0,,REGNSK,,REGNSK04,SASKPOWER,,,,R 114 FORSYTH CRES,,,BU,,"R 114 FORSYTH CRES, REGNSK"
STRUCTURE_REG16/85664,0101000000744AD5B09E2A5AC0D0C87B9D603C4940,PED:JSPED:C203246,,JOINT STANDARD PED,LOC_C6204410,IPL,,0,,REGNSK,,REGNSK04,SASKPOWER,,,,R 142 FORSYTH CRES,,,BU,,"R 142 FORSYTH CRES, REGNSK"
STRUCTURE_REG16/85665,0101000000244CA476372B5AC058B9BC4BBF3B4940,PED:JSPED:C203631,,JOINT STANDARD PED,LOC_C6204784,IPL,,0,,REGNSK,,REGNSK04,SASKPOWER,,,,R 115 STRAUB ST,,,BU,,"R 115 STRAUB ST, REGNSK"
STRUCTURE_REG16/85666,010100000098094CC8232B5AC018A0CD14B43B4940,PED:JSPED:C204223,,JOINT STANDARD PED,LOC_C6205374,IPL,,0,,REGNSK,,REGNSK04,SASKPOWER,,NOT IN MARTENS,,R 18 SIBBALD CRES,,,BU,,"R 18 SIBBALD CRES, REGNSK"
STRUCTURE_REG16/85667,0101000000C440D6071D2B5AC0A0F93F6EDC3B4940,PED:JSPED:C204325,,JOINT STANDARD PED,LOC_C6205472,IPL,,0,,REGNSK,,REGNSK04,SASKPOWER,,,,R 29 STRAUB CRES,,,BU,,"R 29 STRAUB CRES, REGNSK"
STRUCTURE_REG16/85668,0101000000BC07BA86112B5AC010BB596ADA3B4940,PED:JSPED:C204335,,JOINT STANDARD PED,LOC_C6205481,IPL,,0,,REGNSK,,REGNSK04,SASKPOWER,,,,R 11 STRAUB CRES,,,BU,,"R 11 STRAUB CRES, REGNSK"
STRUCTURE_REG16/85733,0101000000A45BB033892B5AC0D0D16730DB3B4940,PED:JSPED:C205552,,JOINT STANDARD PED,LOC_C6206676,IPL,,0,,REGNSK,,REGNSK04,SASKPOWER,,,,R 228 MIKKELSON DR,,,BU,,"R 228 MIKKELSON DR, REGNSK"
STRUCTURE_REG16/85735,010100000080D4C524DE2A5AC0986E78D2663C4940,PED:JSPED:C206775,,JOINT STANDARD PED,LOC_C6207876,IPL,,0,,REGNSK,,REGNSK04,SASKPOWER,,,,R 19 MCSHERRY CRES,,,BU,,"R 19 MCSHERRY CRES, REGNSK"
STRUCTURE_REG16/85736,0101000000800CC6830B2B5AC018275865643C4940,PED:JSPED:C206829,,JOINT STANDARD PED,LOC_C6207928,IPL,,0,,REGNSK,,REGNSK04,SASKPOWER,,,,R 107 MCSHERRY CRES,,,BU,,"R 107 MCSHERRY CRES, REGNSK"
STRUCTURE_REG16/85738,0101000000F051EE5A1C2B5AC0585A583A563C4940,PED:JSPED:C207086,,JOINT STANDARD PED,LOC_C6208199,IPL,,0,,REGNSK,,REGNSK04,SASKPOWER,,,,R 187 TRUDELLE CRES,,,BU,,"R 187 TRUDELLE CRES, REGNSK"
STRUCTURE_REG16/85741,0101000000C4B28760D62A5AC0C8F664AF4B3C4940,PED:JSPED:C207153,,JOINT STANDARD PED,LOC_C6208263,IPL,,0,,REGNSK,,REGNSK04,SASKPOWER,,,,R 39 TRUDELLE CRES,,,BU,,"R 39 TRUDELLE CRES, REGNSK"
STRUCTURE_REG16/85742,010100000034FA8173122B5AC0A0569DE42D3C4940,PED:JSPED:C207295,,JOINT STANDARD PED,LOC_C6208404,IPL,,0,,REGNSK,,REGNSK04,SASKPOWER,,,,R 150 TRUDELLE CRES,,,BU,,"R 150 TRUDELLE CRES, REGNSK"
STRUCTURE_REG16/85810,0101000000E843121B1E2B5AC028DFD4C3343C4940,PED:JSPED:C207302,,JOINT STANDARD PED,LOC_C6208411,IPL,,0,,REGNSK,,REGNSK04,SASKPOWER,,,,R 162 TRUDELLE CRES,,,BU,,"R 162 TRUDELLE CRES, REGNSK"
STRUCTURE_REG16/85811,0101000000CCEAE5C3282B5AC068D4B5F63E3C4940,PED:JSPED:C207319,,JOINT STANDARD PED,LOC_C6208426,IPL,,0,,REGNSK,,REGNSK04,SASKPOWER,,,,R 178 TRUDELLE CRES,,,BU,,"R 178 TRUDELLE CRES, REGNSK"
STRUCTURE_REG16/85812,0101000000B0AE138F322B5AC098DE42E74D3C4940,PED:JSPED:C207325,,JOINT STANDARD PED,LOC_C6208435,IPL,,0,,REGNSK,,REGNSK04,SASKPOWER,,,,R 202 TRUDELLE CRES,,,BU,,"R 202 TRUDELLE CRES, REGNSK"
STRUCTURE_REG16/85902,01010000007C05398DCC2A5AC0B8BFCD91FE3B4940,PED:JSPED:C211324,,JOINT STANDARD PED,LOC_C6212335,IPL,,0,,REGNSK,,REGNSK04,SASKPOWER,,,,R 5972 MCKINLEY AVE,,,BU,,"R 5972 MCKINLEY AVE, REGNSK"
STRUCTURE_REG16/85905,0101000000A4239EF1FF2B5AC0C8D0C5D48D3A4940,PED:JSPED:C221875,,JOINT STANDARD PED,LOC_C6222773,IPL,,0,,REGNSK,,REGNSK04,SASKPOWER,,,,R 1314 COURTNEY ST,,,BU,,"R 1314 COURTNEY ST, REGNSK"
STRUCTURE_REG16/85906,01010000008C7C60F2FF2B5AC090F677D7953A4940,PED:JSPED:C221880,,JOINT STANDARD PED,LOC_C6222778,IPL,,0,,REGNSK,,REGNSK04,SASKPOWER,,,,R 1310 COURTNEY ST,,,BU,,"R 1310 COURTNEY ST, REGNSK"
STRUCTURE_REG16/85908,0101000000D486A97E7C2B5AC0E0A44EB2A83B4940,PED:SST:C198540,,COMPANY STEEL STAKE,LOC_C6199775,IPL,,0,LACC_ATRENCH_C,REGNSK,,REGNSK04,SASKTEL,,LENGTH=DEPTH,101057,R 96 RITTER AVE,,,BU,,"R 96 RITTER AVE, REGNSK"
STRUCTURE_REG16/91898,010100000064457E44A62B5AC0F0F2BEA85F3C4940,PED:JSPED:C195077,,JOINT STANDARD PED,LOC_C6196368,IPL,,0,,REGNSK,,REGNSK04,SASKPOWER,,,,R 178 PAYNTER CRES,,,BU,,"R 178 PAYNTER CRES, REGNSK"
STRUCTURE_REG16/91935,010100000078DCE592922B5AC080B32AB5633C4940,PED:JSPED:C197107,,JOINT STANDARD PED,LOC_C6198344,IPL,,0,,REGNSK,,REGNSK04,SASKPOWER,,,,R 175 PAYNTER CRES,,,BU,,"R 175 PAYNTER CRES, REGNSK"
STRUCTURE_REG16/91936,01010000004C15F62EAA2B5AC070D187A3F53B4940,PED:JSPED:C197108,,JOINT STANDARD PED,LOC_C6198351,IPL,,0,,REGNSK,,REGNSK04,SASKPOWER,,,,R 245 READ AVE,,,BU,,"R 245 READ AVE, REGNSK"
STRUCTURE_REG16/91937,01010000001C099192922B5AC008B10E754F3C4940,PED:JSPED:C197124,,JOINT STANDARD PED,LOC_C6198362,IPL,,0,,REGNSK,,REGNSK04,SASKPOWER,,,,R 195 PAYNTER CRES,,,BU,,"R 195 PAYNTER CRES, REGNSK"
STRUCTURE_REG16/91938,01010000004C121D92922B5AC048F10E83483C4940,PED:JSPED:C197150,,JOINT STANDARD PED,LOC_C6198381,IPL,,0,,REGNSK,,REGNSK04,SASKPOWER,,,,R 203 PAYNTER CRES,,,BU,,"R 203 PAYNTER CRES, REGNSK"
STRUCTURE_REG16/91939,010100000064681392922B5AC0605FCCB2413C4940,PED:JSPED:C197156,,JOINT STANDARD PED,LOC_C6198388,IPL,,0,,REGNSK,,REGNSK04,SASKPOWER,,,,R 211 PAYNTER CRES,,,BU,,"R 211 PAYNTER CRES, REGNSK"
STRUCTURE_REG16/91940,0101000000EC28C6E07E2B5AC0C882CE80473C4940,PED:JSPED:C197350,,JOINT STANDARD PED,LOC_C6198593,IPL,,0,,REGNSK,,REGNSK04,SASKPOWER,,,,R 118 CARTER CRES,,,BU,,"R 118 CARTER CRES, REGNSK"
STRUCTURE_REG16/91941,01010000006030B72F6B2B5AC0980BC870523C4940,PED:JSPED:C197445,,JOINT STANDARD PED,LOC_C6198688,IPL,,0,,REGNSK,,REGNSK04,SASKPOWER,,,,R 39 CARTER CRES,,,BU,,"R 39 CARTER CRES, REGNSK"
STRUCTURE_REG16/91971,0101000000303BBD18EB2A5AC0B807DEB9853B4940,PED:JSPED:C200584,,JOINT STANDARD PED,LOC_C6201772,IPL,,0,,REGNSK,,REGNSK04,SASKPOWER,,,,R 41 KRAUSS ST,,,BU,,"R 41 KRAUSS ST, REGNSK"
STRUCTURE_REG16/91973,01010000003041E918EB2A5AC0E098712F7D3B4940,PED:JSPED:C200629,,JOINT STANDARD PED,LOC_C6201819,IPL,,0,,REGNSK,,REGNSK04,SASKPOWER,,,,R 49 KRAUSS ST,,,BU,,"R 49 KRAUSS ST, REGNSK"
STRUCTURE_REG16/91974,010100000000D83EECFE2A5AC0A85A0466883B4940,PED:JSPED:C200885,,JOINT STANDARD PED,LOC_C6202079,IPL,,0,,REGNSK,,REGNSK04,SASKPOWER,,,,R 34 KRAUSS ST,,,BU,,"R 34 KRAUSS ST, REGNSK"
STRUCTURE_REG16/91975,010100000028F97AECFE2A5AC068408E97823B4940,PED:JSPED:C200888,,JOINT STANDARD PED,LOC_C6202084,IPL,,0,,REGNSK,,REGNSK04,SASKPOWER,,,,R 42 KRAUSS ST,,,BU,,"R 42 KRAUSS ST, REGNSK"
STRUCTURE_REG16/91977,0101000000A85BCBD1742B5AC0F81A13B3F53B4940,PED:JSPED:C201263,,JOINT STANDARD PED,LOC_C6202464,IPL,,0,,REGNSK,,REGNSK04,SASKPOWER,,,,R 175 READ AVE,,,BU,,"R 175 READ AVE, REGNSK"
STRUCTURE_REG16/91979,0101000000F434CA74D42A5AC0B0934AB0EC3B4940,PED:JSPED:C202783,,JOINT STANDARD PED,LOC_C6203960,IPL,,0,,REGNSK,,REGNSK04,SASKPOWER,,,,R 117 MOLLARD CRES,,,BU,,"R 117 MOLLARD CRES, REGNSK"
STRUCTURE_REG16/91980,010100000060E23332182B5AC098353E21683B4940,PED:JSPED:C203185,,JOINT STANDARD PED,LOC_C6204351,IPL,,0,,REGNSK,,REGNSK04,SASKPOWER,,,,R 922 MCCARTHY BLVD,,,BU,,"R 922 MCCARTHY BLVD, REGNSK"
STRUCTURE_REG16/91981,0101000000F0E75C03BB2B5AC0B012C229C73B4940,PED:JSPED:C200434,,JOINT STANDARD PED,LOC_C6201628,IPL,,0,,REGNSK,,REGNSK04,SASKPOWER,,,,R 508 DOROTHY ST,,,BU,,"R 508 DOROTHY ST, REGNSK"
STRUCTURE_REG16/92002,010100000040615C19102B5AC04004E14CC43B4940,PED:JSPED:C203742,,JOINT STANDARD PED,LOC_C6204892,IPL,,0,,REGNSK,,REGNSK04,SASKPOWER,,,,R 7 SIBBALD CRES,,,BU,,"R 7 SIBBALD CRES, REGNSK"
STRUCTURE_REG16/92007,01010000009CCAFCB23A2B5AC030FE1DC1F53B4940,PED:JSPED:C208850,,JOINT STANDARD PED,LOC_C6209906,IPL,,0,,REGNSK,,REGNSK04,SASKPOWER,,,,R 117 READ AVE,,,BU,,"R 117 READ AVE, REGNSK"
STRUCTURE_REG16/92008,0101000000A0DEEC0C1C2B5AC00047ABC2F53B4940,PED:JSPED:C208907,,JOINT STANDARD PED,LOC_C6209964,IPL,,0,,REGNSK,,REGNSK04,SASKPOWER,,,,R 73 READ AVE,,,BU,,"R 73 READ AVE, REGNSK"
STRUCTURE_REG16/92064,0101000000304226B60E2B5AC04895A1F7F43B4940,PED:JSPED:C208915,,JOINT STANDARD PED,LOC_C6209969,IPL,,0,,REGNSK,,REGNSK04,SASKPOWER,,,,R 63 READ AVE,,,BU,,"R 63 READ AVE, REGNSK"
STRUCTURE_REG16/92065,0101000000380C7913022B5AC0D0C61D4BEC3B4940,PED:JSPED:C208923,,JOINT STANDARD PED,LOC_C6209978,IPL,,0,,REGNSK,,REGNSK04,SASKPOWER,,,,R 45 READ AVE,,,BU,,"R 45 READ AVE, REGNSK"
STRUCTURE_REG16/92066,0101000000A8CF722CD12A5AC03819D204F13B4940,PED:JSPED:C211174,,JOINT STANDARD PED,LOC_C6212179,IPL,,0,,REGNSK,,REGNSK04,SASKPOWER,,,,R 115 MOLLARD CRES,,,BU,,"R 115 MOLLARD CRES, REGNSK"
STRUCTURE_REG16/92068,0101000000983EF7C21D2A5AC02051F7274F3C4940,PED:JSPED:C227123,,JOINT STANDARD PED,LOC_C6227980,IPL,,0,,REGNSK,,REGNSK04,SASKPOWER,,,,R 51 OSBORNE CRES,,,BU,,"R 51 OSBORNE CRES, REGNSK"
STRUCTURE_REG16/92471,0101000000ECA9FA67D62A5AC0706AB192913B4940,PED:JSPED:C198626,,JOINT STANDARD PED,LOC_C6199859,IPL,,0,,REGNSK,,REGNSK04,SASKPOWER,,,,R 4 LYONS ST,,,BU,,"R 4 LYONS ST, REGNSK"
STRUCTURE_REG16/92472,010100000040479977D62A5AC0B8F34FD35B3B4940,PED:JSPED:C198457,,JOINT STANDARD PED,LOC_C6199694,IPL,,0,,REGNSK,,REGNSK04,SASKPOWER,,,,R 46 LYONS ST,,,BU,,"R 46 LYONS ST, REGNSK"
STRUCTURE_REG16/92476,0101000000048C372A9E2A5AC0F829DAFE103C4940,PED:JSPED:C212298,,JOINT STANDARD PED,LOC_C6213301,IPL,,0,,REGNSK,,REGNSK04,SASKPOWER,,,,R 5852 MCKINLEY AVE,,,BU,,"R 5852 MCKINLEY AVE, REGNSK"
STRUCTURE_REG16/92477,0101000000701502EED62B5AC078A23D2E4F3C4940,PED:JSPED:C194364,,JOINT STANDARD PED,LOC_C6195666,IPL,,0,,REGNSK,,REGNSK04,SASKPOWER,,,,R 446 BLACK DR,,,BU,,"R 446 BLACK DR, REGNSK"
STRUCTURE_REG16/92522,0101000000C488CF93CE2A5AC0E833F192283B4940,PED:JTPED:C245296,,JOINT SPC TRF PED,LOC_C6245807,IPL,,0,,REGNSK,,REGNSK04,SASKPOWER,,,,UNK,,,BU,,"UNK, REGNSK"
STRUCTURE_REG16/92523,0101000000B08B53C1892C5AC0C047232ACA3B4940,PED:JTPED:C207465,,JOINT SPC TRF PED,LOC_C6208552,IPL,,0,,REGNSK,,REGNSK04,SASKPOWER,,,,UNK,,,BU,,"UNK, REGNSK"
STRUCTURE_REG16/92524,0101000000F075869A022A5AC0B8FBDC70623C4940,PED:JTPED:C224942,,JOINT SPC TRF PED,LOC_C6225817,IPL,,0,,REGNSK,,REGNSK04,SASKPOWER,,,,UNK,,,BU,,"UNK, REGNSK"
STRUCTURE_REG16/92525,0101000000DCB2707DEB2A5AC0B83F9E6A283B4940,PED:JTPED:C311069,,JOINT SPC TRF PED,LOC_C6310729,IPL,,0,,REGNSK,,REGNSK04,SASKPOWER,,,,UNK,,,BU,,"UNK, REGNSK"
STRUCTURE_REG16/92526,010100000078EACDB2EB2A5AC0D0F983FD6E3B4940,PED:JTPED:C200635,,JOINT SPC TRF PED,LOC_C6201827,IPL,,0,,REGNSK,,REGNSK04,SASKPOWER,,,,UNK,,,BU,,"UNK, REGNSK"
STRUCTURE_REG16/92593,0101000000D0D8F627E52B5AC0E08553D73B3C4940,PED:JSPED:C194278,,JOINT STANDARD PED,LOC_C6195579,IPL,,0,,REGNSK,,REGNSK04,SASKPOWER,,,,R 532 HANSEN DR,,,BU,,"R 532 HANSEN DR, REGNSK"
STRUCTURE_REG16/92594,0101000000A4CC4F6F5B2A5AC0782292D2803A4940,PED:JSPED:C214497,,JOINT STANDARD PED,LOC_C6215480,IPL,,0,,REGNSK,,REGNSK04,SASKPOWER,,,,UNK,,,BU,,"UNK, REGNSK"
STRUCTURE_REG16/92596,01010000008CDD0349BF2A5AC0F8EA69485B3C4940,PED:JTPED:C209176,,JOINT SPC TRF PED,LOC_C6210222,IPL,,0,,REGNSK,,REGNSK04,SASKPOWER,,,,UNK,,,BU,,"UNK, REGNSK"
STRUCTURE_REG16/92735,010100000074CEA2B9C62A5AC02008B8D60D3C4940,PED:JSPED:C212369,,JOINT STANDARD PED,LOC_C6213374,IPL,,0,,REGNSK,,REGNSK04,SASKPOWER,,,,R 5960 MCKINLEY AVE,,,BU,,"R 5960 MCKINLEY AVE, REGNSK"
STRUCTURE_REG16/92736,010100000084D258A7BC2A5AC0008BCC2EA83B4940,PED:JSPED:C198223,,JOINT STANDARD PED,LOC_C6199449,IPL,,0,,REGNSK,,REGNSK04,SASKPOWER,,,,UNK,,,BU,,"UNK, REGNSK"
STRUCTURE_REG16/92786,0101000000744CF431932A5AC02892A901113C4940,PED:JSPED:C212306,,JOINT STANDARD PED,LOC_C6213309,IPL,,0,,REGNSK,,REGNSK04,SASKPOWER,,,,R 5828 MCKINLEY AVE,,,BU,,"R 5828 MCKINLEY AVE, REGNSK"
STRUCTURE_REG16/92790,0101000000281527D3D52A5AC0B85ED5F1493B4940,PED:JTPED:C198482,,JOINT SPC TRF PED,LOC_C6199715,IPL,,0,,REGNSK,,REGNSK04,SASKPOWER,,,,UNK,,,BU,,"UNK, REGNSK"
STRUCTURE_REG16/92835,0101000000ACE8F0BF9E2A5AC068873E13B23B4940,PED:JSPED:C198177,,JOINT STANDARD PED,LOC_C6199404,IPL,,0,,REGNSK,,REGNSK04,SASKPOWER,,,,UNK,,,BU,,"UNK, REGNSK"
STRUCTURE_REG16/92836,0101000000240A62DDCE2A5AC0A8B9E387293B4940,PED:JSPED:C200145,,JOINT STANDARD PED,LOC_C6201364,IPL,,0,,REGNSK,,REGNSK04,SASKPOWER,,,,UNK,,,BU,,"UNK, REGNSK"
STRUCTURE_REG16/92837,01010000005427C0E0152B5AC0E806D938763A4940,PED:JTPED:C223321,,JOINT SPC TRF PED,LOC_C6224213,IPL,,0,,REGNSK,,REGNSK04,SASKPOWER,,,,UNK,,,BU,,"UNK, REGNSK"
STRUCTURE_REG16/92838,01010000006C77F57B192B5AC03052A23E2C3B4940,PED:JTPED:C198305,,JOINT SPC TRF PED,LOC_C6199539,IPL,,0,,REGNSK,,REGNSK04,SASKPOWER,,,,UNK,,,BU,,"UNK, REGNSK"
STRUCTURE_REG16/92843,010100000090A44817EB2A5AC030758F8D3C3B4940,PED:JSPED:C198661,,JOINT STANDARD PED,LOC_C6199897,IPL,,0,,REGNSK,,REGNSK04,SASKPOWER,,,,S 6220 4TH AVE,,,BU,,"S 6220 4TH AVE, REGNSK"
STRUCTURE_REG16/92844,01010000004CC2DD3DE62A5AC0C0038F1E283B4940,PED:JSPED:C200089,,JOINT STANDARD PED,LOC_C6201310,IPL,,0,,REGNSK,,REGNSK04,SASKPOWER,,,,R 6209 4TH AVE,,,BU,,"R 6209 4TH AVE, REGNSK"
STRUCTURE_REG16/92845,01010000000489C6705B2A5AC028AF45AD9E3A4940,PED:JSPED:C214612,,JOINT STANDARD PED,LOC_C6215596,IPL,,0,,REGNSK,,REGNSK04,SASKPOWER,,,,R 1310 GRACE ST,,,BU,,"R 1310 GRACE ST, REGNSK"
STRUCTURE_REG16/92846,010100000060E5565CEA2A5AC0780DB622BB3B4940,PED:SST:C202597,,COMPANY STEEL STAKE,LOC_C6203789,IPL,,0,LACC_ATRENCH_C,REGNSK,,REGNSK04,SASKTEL,,LENGTH=DEPTH,101057,S 86 MIKKELSON DR,,,BU,,"S 86 MIKKELSON DR, REGNSK"
STRUCTURE_REG16/92879,0101000000781C80B9482B5AC0E82F25E6673C4940,PED:JSPED:C207506,,JOINT STANDARD PED,LOC_C6208599,IPL,,0,,REGNSK,,REGNSK04,SASKPOWER,,,,R 224 FULTON DR,,,BU,,"R 224 FULTON DR, REGNSK"
STRUCTURE_REG16/92881,010100000018EF177EF32A5AC0D0505970A63B4940,PED:JSPED:C200267,,JOINT STANDARD PED,LOC_C6201462,IPL,,0,,REGNSK,,REGNSK04,SASKPOWER,,,,UNK,,,BU,,"UNK, REGNSK"
STRUCTURE_REG16/92882,010100000048EBDAA4A32A5AC01034E3FD103C4940,PED:JSPED:C212293,,JOINT STANDARD PED,LOC_C6213297,IPL,,0,,REGNSK,,REGNSK04,SASKPOWER,,,,R 5874 MCKINLEY AVE,,,BU,,"R 5874 MCKINLEY AVE, REGNSK"
STRUCTURE_REG16/92883,0101000000ECA43283002B5AC0B0A4BDDD6C3B4940,PED:JTPED:C202422,,JOINT SPC TRF PED,LOC_C6203603,IPL,,0,,REGNSK,,REGNSK04,SASKPOWER,,,,UNK,,,BU,,"UNK, REGNSK"
STRUCTURE_REG16/92884,01010000003C356172D82A5AC0B0837291B13B4940,PED:JSPED:C198056,,JOINT STANDARD PED,LOC_C6199286,IPL,,0,,REGNSK,,REGNSK04,SASKPOWER,,,,UNK,,,BU,,"UNK, REGNSK"
STRUCTURE_REG16/92932,010100000048C4562EA62B5AC0106CD833E73B4940,PED:JSPED:C198951,,JOINT STANDARD PED,LOC_C6200182,IPL,,0,,REGNSK,,REGNSK04,SASKPOWER,,,,UNK,,,BU,,"UNK, REGNSK"
STRUCTURE_REG16/92934,010100000098EB9EB6722B5AC02093E008B03B4940,PED:JSPED:C197949,,JOINT STANDARD PED,LOC_C6199175,IPL,,0,,REGNSK,,REGNSK04,SASKPOWER,,,,UNK,,,BU,,"UNK, REGNSK"
STRUCTURE_REG16/92936,0101000000A8A8E8B2722B5AC048CE2881C03B4940,PED:SST:C203489,,COMPANY STEEL STAKE,LOC_C6204643,IPL,,0,LACC_ATRENCH_C,REGNSK,,REGNSK04,SASKTEL,,LENGTH=DEPTH,101057,UNK,,,BU,,"UNK, REGNSK"
STRUCTURE_REG16/92937,0101000000FC27AC78D62A5AC0885795F4653B4940,PED:JSPED:C200192,,JOINT STANDARD PED,LOC_C6201410,IPL,,0,,REGNSK,,REGNSK04,SASKPOWER,,,,R 38 LYONS ST,,,BU,,"R 38 LYONS ST, REGNSK"
STRUCTURE_REG16/92943,0101000000C08C604B5E2B5AC020BB3011B03B4940,PED:JSPED:C198442,,JOINT STANDARD PED,LOC_C6199679,IPL,,0,,REGNSK,,REGNSK04,SASKPOWER,,,,R 744 SNEDDON ST,,,BU,,"R 744 SNEDDON ST, REGNSK"
STRUCTURE_REG16/92944,0101000000CC60C13AE42A5AC0A80867BFC73B4940,PED:JTPED:C311535,,JOINT SPC TRF PED,LOC_C6311194,IPL,,0,,REGNSK,,REGNSK04,SASKPOWER,,,,UNK,,,BU,,"UNK, REGNSK"
STRUCTURE_REG16/92996,01010000007077121BF02A5AC0388D89415E3C4940,PED:JSPED:C206791,,JOINT STANDARD PED,LOC_C6207893,IPL,,0,,REGNSK,,REGNSK04,SASKPOWER,,,,R 63 MCSHERRY CRES,,,BU,,"R 63 MCSHERRY CRES, REGNSK"
STRUCTURE_REG16/93001,0101000000BCCF0C70AE2A5AC0F0D6EEFB103C4940,PED:JSPED:C212278,,JOINT STANDARD PED,LOC_C6213282,IPL,,0,,REGNSK,,REGNSK04,SASKPOWER,,,,R 5912 MCKINLEY AVE,,,BU,,"R 5912 MCKINLEY AVE, REGNSK"
STRUCTURE_REG16/93002,0101000000F06C63A7102B5AC0D896F818B63B4940,PED:JTPED:C203746,,JOINT SPC TRF PED,LOC_C6204895,IPL,,0,,REGNSK,,REGNSK04,SASKPOWER,,,,UNK,,,BU,,"UNK, REGNSK"
STRUCTURE_REG16/93003,0101000000C0BFB9D3FE2A5AC0C069216B073C4940,PED:JTPED:C211436,,JOINT SPC TRF PED,LOC_C6212440,IPL,,0,,REGNSK,,REGNSK04,SASKPOWER,,,,UNK,,,BU,,"UNK, REGNSK"
STRUCTURE_REG16/93005,0101000000F82EF1BC9E2A5AC06849058AA23B4940,PED:JSPED:C198196,,JOINT STANDARD PED,LOC_C6199424,IPL,,0,,REGNSK,,REGNSK04,SASKPOWER,,,,UNK,,,BU,,"UNK, REGNSK"
STRUCTURE_REG16/93006,010100000010892877D62A5AC0D8F43629513B4940,PED:JSPED:C198466,,JOINT STANDARD PED,LOC_C6199701,IPL,,0,,REGNSK,,REGNSK04,SASKPOWER,,,,R 54 LYONS ST,,,BU,,"R 54 LYONS ST, REGNSK"
STRUCTURE_REG16/93007,010100000024BC44C2652C5AC018AFA040CA3B4940,PED:JTPED:C211703,,JOINT SPC TRF PED,LOC_C6212708,IPL,,0,,REGNSK,,REGNSK04,SASKPOWER,,,,UNK,,,BU,,"UNK, REGNSK"
STRUCTURE_REG16/93010,0101000000EC4AE6E6882A5AC020F4BB09EE3B4940,PED:JTPED:C221732,,JOINT SPC TRF PED,LOC_C6222631,IPL,,0,,REGNSK,,REGNSK04,SASKPOWER,,,,UNK,,,BU,,"UNK, REGNSK"
STRUCTURE_REG16/93048,010100000018F7C070892A5AC0F8408857DE3B4940,PED:SST:C196197,,COMPANY STEEL STAKE,LOC_C6197477,IPL,,0,LACC_ATRENCH_C,REGNSK,,REGNSK04,SASKTEL,,LENGTH=DEPTH,100783,UNK,,,BU,,"UNK, REGNSK"
STRUCTURE_REG16/93049,010100000074CC79C69E2A5AC018E24557D03B4940,PED:JSPED:C198157,,JOINT STANDARD PED,LOC_C6199384,IPL,,0,,REGNSK,,REGNSK04,SASKPOWER,,,,R 715 MCMANUS ST,,,BU,,"R 715 MCMANUS ST, REGNSK"
STRUCTURE_REG16/93050,010100000020F1394ABA2A5AC020C01CBCBD3B4940,PED:JTPED:C198256,,JOINT SPC TRF PED,LOC_C6199481,IPL,,0,,REGNSK,,REGNSK04,SASKPOWER,,,,UNK,,,BU,,"UNK, REGNSK"
STRUCTURE_REG16/93053,0101000000E43DDAA75F2A5AC088F10A194F3C4940,PED:JSPED:C228461,,JOINT STANDARD PED,LOC_C6229296,IPL,,0,,REGNSK,,REGNSK04,SASKPOWER,,,,R 58 FORSYTH CRES,,,BU,,"R 58 FORSYTH CRES, REGNSK"
STRUCTURE_REG16/93056,0101000000507F04984E2B5AC0B862B2373F3C4940,PED:JSPED:C197535,,JOINT STANDARD PED,LOC_C6198777,IPL,,0,,REGNSK,,REGNSK04,SASKPOWER,,,,R 315 FULTON DR,,,BU,,"R 315 FULTON DR, REGNSK"
STRUCTURE_REG16/93057,0101000000004F9463962A5AC0689C58DDF33B4940,PED:SST:C211130,,COMPANY STEEL STAKE,LOC_C6212134,IPL,,0,LACC_ATRENCH_C,REGNSK,,REGNSK04,SASKTEL,,LENGTH=DEPTH,101057,UNK,,,BU,,"UNK, REGNSK"
STRUCTURE_REG16/93119,010100000058B3635DBB2B5AC040ABB4AE593C4940,PED:JTPED:C196601,,JOINT SPC TRF PED,LOC_C6197849,IPL,,0,,REGNSK,,REGNSK04,SASKPOWER,,,,UNK,,,BU,,"UNK, REGNSK"
STRUCTURE_REG16/93122,010100000084860C7E572B5AC0588D09C43A3C4940,PED:JSPED:C197475,,JOINT STANDARD PED,LOC_C6198720,IPL,,0,,REGNSK,,REGNSK04,SASKPOWER,,,,R 63 SHERMAN RD,,,BU,,"R 63 SHERMAN RD, REGNSK"
STRUCTURE_REG16/93176,01010000000C96A276EE2A5AC0E0937F81EE3B4940,PED:JTPED:C211449,,JOINT SPC TRF PED,LOC_C6212452,IPL,,0,,REGNSK,,REGNSK04,SASKPOWER,,,,UNK,,,BU,,"UNK, REGNSK"
STRUCTURE_REG16/93177,0101000000BC0B89EBC02A5AC01004856AD83B4940,PED:JTPED:C198027,,JOINT SPC TRF PED,LOC_C6199257,IPL,,0,,REGNSK,,REGNSK04,SASKPOWER,,,,UNK,,,BU,,"UNK, REGNSK"
STRUCTURE_REG16/93178,010100000060DC3369982A5AC0F09FFB00113C4940,PED:JSPED:C212302,,JOINT STANDARD PED,LOC_C6213306,IPL,,0,,REGNSK,,REGNSK04,SASKPOWER,,,,R 5840 MCKINLEY AVE,,,BU,,"R 5840 MCKINLEY AVE, REGNSK"
STRUCTURE_REG16/93227,01010000007055F214662A5AC0804EAA184F3C4940,PED:JSPED:C203166,,JOINT STANDARD PED,LOC_C6204328,IPL,,0,,REGNSK,,REGNSK04,SASKPOWER,,,,R 66 FORSYTH CRES,,,BU,,"R 66 FORSYTH CRES, REGNSK"
STRUCTURE_REG16/93229,0101000000789ABA95BF2A5AC0C0FDE7A0B33B4940,PED:JSPED:C198246,,JOINT STANDARD PED,LOC_C6199469,IPL,,0,,REGNSK,,REGNSK04,SASKPOWER,,,,UNK,,,BU,,"UNK, REGNSK"
STRUCTURE_REG16/93278,01010000007C29E5B0592A5AC0A8364F1A4F3C4940,PED:JSPED:C228428,,JOINT STANDARD PED,LOC_C6229261,IPL,,0,,REGNSK,,REGNSK04,SASKPOWER,,,,R 50 FORSYTH CRES,,,BU,,"R 50 FORSYTH CRES, REGNSK"
STRUCTURE_REG16/93333,010100000098800D25062B5AC0184EE84E603C4940,PED:JSPED:C206824,,JOINT STANDARD PED,LOC_C6207924,IPL,,0,,REGNSK,,REGNSK04,SASKPOWER,,,,R 95 MCSHERRY CRES,,,BU,,"R 95 MCSHERRY CRES, REGNSK"
STRUCTURE_REG16/93337,0101000000FC14D6ACC42A5AC0881AE04A423C4940,PED:JSPED:C209140,,JOINT STANDARD PED,LOC_C6210189,IPL,,0,,REGNSK,,REGNSK04,SASKPOWER,,,,R 42 TRUDELLE CRES,,,BU,,"R 42 TRUDELLE CRES, REGNSK"
STRUCTURE_REG16/93339,0101000000683285FCC32B5AC038D045DB223C4940,PED:JTPED:C196495,,JOINT SPC TRF PED,LOC_C6197772,IPL,,0,,REGNSK,,REGNSK04,SASKPOWER,,,,UNK,,,BU,,"UNK, REGNSK"
STRUCTURE_REG16/93340,0101000000B8F00EE6D22A5AC0989E5C32523C4940,PED:JSPED:C207156,,JOINT STANDARD PED,LOC_C6208265,IPL,,0,,REGNSK,,REGNSK04,SASKPOWER,,,,R 31 TRUDELLE CRES,,,BU,,"R 31 TRUDELLE CRES, REGNSK"
STRUCTURE_REG16/93341,0101000000B0E534C29D2A5AC010FF4BE7BD3A4940,PED:JSPED:C210597,,JOINT STANDARD PED,LOC_C6211613,IPL,,0,,REGNSK,,REGNSK04,SASKPOWER,,,,R 5939 MALLARD WAY,,,BU,,"R 5939 MALLARD WAY, REGNSK"
STRUCTURE_REG16/124408,010100000044F2D6A5D82A5AC0288A88B6B13B4940,PED:SST::9048506,,COMPANY STEEL STAKE,LOC_C6199286,IPL,,0,LACC_ATRENCH_F,REGNSK,,REGNSK04,SASKTEL,2016,LENGTH=DEPTH,101057,S 154 MOLLARD CRES,0010,982924,BU,,"S 154 MOLLARD CRES, REGNSK"
STRUCTURE_REG16/124409,01010000008C96E9E8AF2A5AC0B8838F30A83B4940,PED:SST::9048813,,COMPANY STEEL STAKE,LOC_C6199442,IPL,,0,LACC_ATRENCH_C,REGNSK,,REGNSK04,SASKTEL,2016,LENGTH=DEPTH,101057,UNK,0010,982924,BU,,"UNK, REGNSK"
STRUCTURE_REG16/124410,010100000028F2516AA22A5AC018977931A83B4940,PED:SST::9048818,,COMPANY STEEL STAKE,LOC_C6199409,IPL,,0,LACC_ATRENCH_C,REGNSK,,REGNSK04,SASKTEL,2016,LENGTH=DEPTH,101057,S 773 MCMANUS ST,0010,982924,BU,,"S 773 MCMANUS ST, REGNSK"
STRUCTURE_REG16/124865,010100000084DD1A52F1295AC0389A30C25D3C4940,PED:SST::8876362,,COMPANY STEEL STAKE,LOC_C6225258,IPL,,0,LACC_ATRENCH_F,REGNSK,,REGNSK04,SASKTEL,2015,LENGTH=DEPTH,101057,UNK,0010,983635,BU,,"UNK, REGNSK"
STRUCTURE_REG16/125428,01010000002437F949CF295AC0609986675D3C4940,PED:SST::10085324,,COMPANY STEEL STAKE,LOC_C6225335,IPL,,0,LACC_ATRENCH_F,REGNSK,,REGNSK04,SASKTEL,2018,LENGTH=DEPTH,101057,UNK,0010,983635,BU,,"UNK, REGNSK"
STRUCTURE_REG16/135334,0101000000A0945C3AD0295AC0F85B525AE4394940,PED:JTPED:C201533,,JOINT SPC TRF PED,LOC_C6202719,IPL,,0,,REGNSK,,REGNSK01,SASKPOWER,,,,UNK,,,BU,,"UNK, REGNSK"
STRUCTURE_REG16/135335,0101000000B0209C68BA295AC090D45E8BF0394940,PED:SST:C201203,,COMPANY STEEL STAKE,LOC_C6203151,IPL,,0,LACC_ATRENCH_C,REGNSK,,REGNSK01,SASKTEL,,LENGTH=DEPTH,100783,UNK,,,BU,,"UNK, REGNSK"
STRUCTURE_REG16/135442,010100000068DBF3A6492B5AC080851690B83B4940,PED:JUPED::11242454,,JOINT TRF PED,LOC_10850187,IPL,,0,,REGNSK,,REGNSK04,SASKPOWER,2020,,,,,,BU,,", REGNSK"
STRUCTURE_REG16/135915,010100000084E588E2992C5AC018B83FFBF7394940,PED:JUPED::9231533,,JOINT TRF PED,LOC_8920597,IPL,,0,,REGNSK,,REGNSK01,SASKPOWER,2016,,,UNK,0010,983509,BU,,"UNK, REGNSK"
STRUCTURE_REG16/136285,01010000008C290E56D2295AC060E5A50F5B3B4940,PED:JUPED::7976474,,JOINT TRF PED,LOC_7891733,IPL,,0,,REGNSK,,REGNSK04,SASKPOWER,2014,,,UNK,0010,976151,BU,,"UNK, REGNSK"
STRUCTURE_REG16/136684,01010000004C6E32AFE52B5AC0F050B79AD23B4940,PED:JUPED::11242449,,JOINT TRF PED,LOC_C6200025,IPL,,0,,REGNSK,,REGNSK04,SASKPOWER,2020,,,,,,BU,,", REGNSK"
STRUCTURE_REG16/136739,010100000064FCA78D7D2C5AC0780ED96B3A3A4940,PED:JUPED::8983213,,JOINT TRF PED,LOC_8708743,IPL,,0,,REGNSK,,REGNSK01,SASKPOWER,2016,,,UNK,0010,983508,BU,,"UNK, REGNSK"
STRUCTURE_REG16/136851,0101000000685CBE49212B5AC0F872B76F5E3C4940,PED:JUPED::9183531,,JOINT TRF PED,LOC_8879318,IPL,,0,,REGNSK,,REGNSK04,SASKPOWER,2016,,,UNK,,,BU,,"UNK, REGNSK"
STRUCTURE_REG16/136921,010100000028B4FA8AF8295AC0C07FBBA5023C4940,PED:SST::10556396,,COMPANY STEEL STAKE,LOC_DC6375238,IPL,,0,LACC_ATRENCH_F,REGNSK,,REGNSK04,SASKTEL,,,127035,,,,BU,,", REGNSK"
STRUCTURE_REG16/137641,0101000000088691634D295AC0802B5B56A73B4940,PED:JUPED::6701290,,JOINT TRF PED,LOC_C6197388,IPL,,0,,REGNSK,,REGNSK04,SASKPOWER,2012,NO AP IN MARTENS,,S 4517 2ND AVE,0010,963983,BU,,"S 4517 2ND AVE, REGNSK"
STRUCTURE_REG16/138312,01010000008C81D58E0B295AC030B5B1EE2C3A4940,PED:JUPED::8148652,,JOINT TRF PED,LOC_C6204902,IPL,,0,,REGNSK,,REGNSK01,SASKPOWER,2014,,,UNK,0010,974103,BU,,"UNK, REGNSK"
STRUCTURE_REG16/138491,010100000018AEFE9D072B5AC080EE606B463C4940,PED:JUPED::9183530,,JOINT TRF PED,LOC_8879317,IPL,,0,,REGNSK,,REGNSK04,SASKPOWER,2016,,,UNK,,,BU,,"UNK, REGNSK"
STRUCTURE_REG16/138561,01010000004C8103C27D2B5AC048AD00B1F53B4940,PED:JUPED::11242446,,JOINT TRF PED,LOC_10850184,IPL,,0,,REGNSK,,REGNSK04,SASKPOWER,2020,,,,,,BU,,", REGNSK"
STRUCTURE_REG16/141597,0101000000AC57C053F4295AC068C53E3B3F3A4940,PED:JTPED:C260578,,JOINT SPC TRF PED,LOC_C6260957,IPL,,0,,REGNSK,,REGNSK04,SASKPOWER,,NO AP IN MARTENS,,UNK,,,BU,,"UNK, REGNSK"
STRUCTURE_REG16/149443,0101000000B862D16A442A5AC088EBE1D03D3A4940,PED:JSPED:C257192,,JOINT STANDARD PED,LOC_C6257592,IPL,,0,,REGNSK,,REGNSK04,SASKPOWER,,NOT IN MARTENS,,UNK,,,BU,,"UNK, REGNSK"
STRUCTURE_REG16/153099,010100000078181B39592C5AC0782969C3F6394940,PED:SST::9021378,,COMPANY STEEL STAKE,LOC_8744616,IPL,,0,LACC_ATRENCH_F,REGNSK,,REGNSK01,SASKTEL,2016,,127035,UNK,0010,983509,BU,,"UNK, REGNSK"
STRUCTURE_REG16/154041,010100000098DAA096292C5AC048C9120D3A3A4940,PED:SST::8983210,,COMPANY STEEL STAKE,LOC_8708741,IPL,,0,LACC_ATRENCH_F,REGNSK,,REGNSK01,SASKTEL,2016,,127035,R LOT 13 BLK 26,0010,983508,BU,,"R LOT 13 BLK 26, REGNSK"
STRUCTURE_REG16/154124,01010000009804BE8E37295AC01016827A453B4940,PED:SST::11699728,,COMPANY STEEL STAKE,LOC_11176265,IPL,,0,LACC_ATRENCH_F,REGNSK,,REGNSK04,SASKTEL,2021,,127035,,0000,815094,BU,,", REGNSK"
STRUCTURE_REG16/154281,0101000000D4467EF5FF2B5AC000D62893B63A4940,PED:SST:C307794,,COMPANY STEEL STAKE,LOC_DC6307529,IPL,,0,LACC_ATRENCH_F,REGNSK,,REGNSK04,SASKTEL,,LENGTH=DEPTH,101057,UNK,,,BU,,"UNK, REGNSK"
STRUCTURE_REG16/154282,0101000000503899F0FF2B5AC000B01BD2823A4940,PED:SST:C311377,,COMPANY STEEL STAKE,LOC_DC6311037,IPL,,0,LACC_ATRENCH_F,REGNSK,,REGNSK04,SASKTEL,,LENGTH=DEPTH,101057,X R 1320 COURTNEY ST,,,BU,,"X R 1320 COURTNEY ST, REGNSK"
STRUCTURE_REG16/154362,0101000000942093F4FF2B5AC040C4AA07AD3A4940,PED:SST:C311398,,COMPANY STEEL STAKE,LOC_DC6311057,IPL,,0,LACC_ATRENCH_F,REGNSK,,REGNSK04,SASKTEL,,LENGTH=DEPTH,101057,X R 1234 COURTNEY ST,,,BU,,"X R 1234 COURTNEY ST, REGNSK"
STRUCTURE_REG16/154363,0101000000B8B1C4F6FF2B5AC07859F068C43A4940,PED:SST:C311483,,COMPANY STEEL STAKE,LOC_DC6311144,IPL,,0,LACC_ATRENCH_F,REGNSK,,REGNSK04,SASKTEL,,LENGTH=DEPTH,101057,X R 1220 COURTNEY ST,,,BU,,"X R 1220 COURTNEY ST, REGNSK"
STRUCTURE_REG16/154364,010100000088D5E2FDFF2B5AC020B9FCF4103B4940,PED:SST:C311519,,COMPANY STEEL STAKE,LOC_DC6311178,IPL,,0,LACC_ATRENCH_F,REGNSK,,REGNSK04,SASKTEL,,LENGTH=DEPTH,101057,X R 1104 COURTNEY ST,,,BU,,"X R 1104 COURTNEY ST, REGNSK"
STRUCTURE_REG16/154365,010100000060A150FBFF2B5AC020345FEBF33A4940,PED:SST:C311532,,COMPANY STEEL STAKE,LOC_DC6311191,IPL,,0,LACC_ATRENCH_F,REGNSK,,REGNSK04,SASKTEL,,LENGTH=DEPTH,101057,X R 1120 COURTNEY ST,,,BU,,"X R 1120 COURTNEY ST, REGNSK"
STRUCTURE_REG16/154366,01010000001C888FFCFF2B5AC0B86D1F2C023B4940,PED:SST:C311556,,COMPANY STEEL STAKE,LOC_DC6311217,IPL,,0,LACC_ATRENCH_F,REGNSK,,REGNSK04,SASKTEL,,LENGTH=DEPTH,101057,X R 1112 COURTNEY ST,,,BU,,"X R 1112 COURTNEY ST, REGNSK"
STRUCTURE_REG16/155517,010100000018A63FC6DF295AC0901FBEA7CD3A4940,PED:SST:C342846,,COMPANY STEEL STAKE,LOC_C6342022,IPL,,0,LACC_ATRENCH_C,REGNSK,,REGNSK04,SASKTEL,,LENGTH=DEPTH,101057,UNK,0010,966275,BU,,"UNK, REGNSK"
STRUCTURE_REG16/155518,01010000008035F46DE6295AC068861158BF3A4940,PED:SST:C342881,,COMPANY STEEL STAKE,LOC_C6342060,IPL,,0,LACC_ATRENCH_C,REGNSK,,REGNSK04,SASKTEL,2013,LENGTH=DEPTH,101057,UNK,0010,966275,BU,,"UNK, REGNSK"
STRUCTURE_REG16/159442,0101000000EC56ECE8E52B5AC038CEC077C43B4940,PED:JSPED:C198794,,JOINT STANDARD PED,LOC_C6200029,IPL,,0,,REGNSK,,REGNSK04,SASKPOWER,,,,R 708 TOOTHILL ST,,,BU,,"R 708 TOOTHILL ST, REGNSK"
STRUCTURE_REG16/161583,0101000000080D0E40142B5AC0304D7A7A4D3C4940,PED:SST::9227400,,COMPANY STEEL STAKE,LOC_C6208181,IPL,,0,LACC_ATRENCH_F,REGNSK,,REGNSK04,SASKTEL,2016,LENGTH=DEPTH,100791,UNK,0010,986652,BU,,"UNK, REGNSK"
STRUCTURE_REG16/161677,0101000000981E75BD922B5AC0D0B7CD0D333C4940,PED:SST::8597933,,COMPANY STEEL STAKE,LOC_8389701,IPL,,0,LACC_ATRENCH_C,REGNSK,,REGNSK04,SASKTEL,2015,LENGTH=DEPTH,100791,UNK,0010,980008,BU,,"UNK, REGNSK"
STRUCTURE_REG16/161724,0101000000C42A8912EB2A5AC060281A1D303B4940,PED:SST::8887210,,COMPANY STEEL STAKE,LOC_C6201257,IPL,,0,LACC_ATRENCH_C,REGNSK,,REGNSK04,SASKTEL,2016,LENGTH=DEPTH,100791,UNK,0010,982924,BU,,"UNK, REGNSK"
STRUCTURE_REG16/164170,0101000000987A7CF9FF2B5AC0E0EC551FE03A4940,PED:SST:C303787,,COMPANY STEEL STAKE,LOC_DC6303563,IPL,,0,LACC_ATRENCH_F,REGNSK,,REGNSK04,SASKTEL,2013,LENGTH=DEPTH,100791,X R 1204 COURTNEY ST,,961365,BU,,"X R 1204 COURTNEY ST, REGNSK"
STRUCTURE_REG16/164643,0101000000C07F858F122B5AC038639EF02D3C4940,PED:SST::9225148,,COMPANY STEEL STAKE,LOC_C6208404,IPL,,0,LACC_ATRENCH_F,REGNSK,,REGNSK04,SASKTEL,2016,LENGTH=DEPTH,100791,UNK,0010,986652,BU,,"UNK, REGNSK"
STRUCTURE_REG16/165230,0101000000EC4309F3D12A5AC0C8CE1B61F03B4940,PED:SST::8902250,,COMPANY STEEL STAKE,LOC_C6212179,IPL,,0,LACC_ATRENCH_C,REGNSK,,REGNSK04,SASKTEL,2016,LENGTH=DEPTH,100791,UNK,0010,982924,BU,,"UNK, REGNSK"
STRUCTURE_REG16/165335,0101000000B88BC5A9D5295AC0485FE9984D3C4940,PED:SST::8872494,,COMPANY STEEL STAKE,LOC_8622683,IPL,,0,LACC_ATRENCH_F,REGNSK,,REGNSK04,SASKTEL,2015,LENGTH=DEPTH,100791,UNK,0010,983635,BU,,"UNK, REGNSK"
STRUCTURE_REG16/166245,0101000000D00800056C2C5AC0B8E6AEC2F9394940,PED:JSPED::9021049,,JOINT STANDARD PED,LOC_8743942,IPL,,0,,REGNSK,,REGNSK01,SASKPOWER,2016,,,UNK,0010,983509,BU,,"UNK, REGNSK"
STRUCTURE_REG16/166376,0101000000C0BA12FD712C5AC0D0F72CD2FB394940,PED:JSPED::9021046,,JOINT STANDARD PED,LOC_8743635,IPL,,0,,REGNSK,,REGNSK01,SASKPOWER,2016,,,UNK,0010,983509,BU,,"UNK, REGNSK"
STRUCTURE_REG16/169182,010100000024708BFC912C5AC0B8A39DDF1F3A4940,PED:JSPED::9021339,,JOINT STANDARD PED,LOC_8744582,IPL,,0,,REGNSK,,REGNSK01,SASKPOWER,2016,,,UNK,0010,983509,BU,,"UNK, REGNSK"
STRUCTURE_REG16/169346,0101000000188B5FDEA72A5AC078F3BAD6C23A4940,PED:JSPED::8206874,,JOINT STANDARD PED,LOC_C6211522,IPL,,0,,REGNSK,,REGNSK04,SASKPOWER,2014,,,UNK,,0,BU,,"UNK, REGNSK"
STRUCTURE_REG16/170140,0101000000905AA25F4D295AC0E8E1D523A13B4940,PED:JSPED::6700314,,JOINT STANDARD PED,LOC_6639877,IPL,,0,,REGNSK,,REGNSK04,SASKPOWER,2013,,,UNK,0010,963983,BU,,"UNK, REGNSK"
STRUCTURE_REG16/170566,0101000000001E9F304B2B5AC0E8D4F7AF263C4940,PED:JSPED::9060331,,JOINT STANDARD PED,LOC_8780742,IPL,,0,,REGNSK,,REGNSK04,SASKPOWER,2016,,,R 314 FULTON DR,,,BU,,"R 314 FULTON DR, REGNSK"
STRUCTURE_REG16/170606,010100000084FCBA738B2B5AC0B0B97735C23B4940,PED:JSPED::11500058,,JOINT STANDARD PED,LOC_11025237,IPL,,0,,REGNSK,,REGNSK04,SASKPOWER,2021,,,,,,BU,,", REGNSK"
STRUCTURE_REG16/170759,0101000000B83E7EFF5E2C5AC0585C2A76013A4940,PED:JSPED::9021374,,JOINT STANDARD PED,LOC_8744614,IPL,,0,,REGNSK,,REGNSK01,SASKPOWER,2016,,,UNK,0010,983509,BU,,"UNK, REGNSK"
STRUCTURE_REG16/171130,0101000000D836FB1F7A2C5AC0806237B5313A4940,PED:JSPED::9021345,,JOINT STANDARD PED,LOC_8744585,IPL,,0,,REGNSK,,REGNSK01,SASKPOWER,2016,,,UNK,0010,983509,BU,,"UNK, REGNSK"
STRUCTURE_REG16/172132,0101000000E03234BF762A5AC0204000C2EA3B4940,PED:JLPED::8978410,,JOINT LIGHT PED,LOC_8704918,IPL,,0,,REGNSK,,REGNSK04,SASKPOWER,2016,,,UNK,0010,983961,BU,,"UNK, REGNSK"
STRUCTURE_REG16/172244,0101000000FCEDBAD07F2C5AC090CD04193A3A4940,PED:JLPED::8983214,,JOINT LIGHT PED,LOC_8708744,IPL,,0,,REGNSK,,REGNSK01,SASKPOWER,2016,,,R 8012 BARLEY CRES,0010,983508,BU,,"R 8012 BARLEY CRES, REGNSK"
STRUCTURE_REG16/172245,01010000002C33D930842C5AC0F8F3D9133A3A4940,PED:JLPED::8983215,,JOINT LIGHT PED,LOC_8708745,IPL,,0,,REGNSK,,REGNSK01,SASKPOWER,2016,,,R 8016 BARLEY CRES,0010,983508,BU,,"R 8016 BARLEY CRES, REGNSK"
STRUCTURE_REG16/172246,0101000000A0538576962C5AC0A0282A043A3A4940,PED:JLPED::8983216,,JOINT LIGHT PED,LOC_8708746,IPL,,0,,REGNSK,,REGNSK01,SASKPOWER,2016,,,R 8040 BARLEY CRES,0010,983508,BU,,"R 8040 BARLEY CRES, REGNSK"
STRUCTURE_REG16/186176,01010000009491C6DD4A2B5AC0F0AE1100DD3B4940,PED:JSPED:C204698,,JOINT STANDARD PED,LOC_C6205838,IPL,,0,,REGNSK,,REGNSK04,SASKPOWER,,,,R 641 SNEDDON ST,,,BU,,"R 641 SNEDDON ST, REGNSK"
STRUCTURE_REG16/186177,0101000000E4DD4CDDF92A5AC08090F221D53B4940,PED:JUPED::11412702,,JOINT TRF PED,LOC_C6205573,IPL,,0,LACC_ATRENCH_F,REGNSK,,REGNSK04,SASKPOWER,2021,,,,0010,104604,U,,", REGNSK"
STRUCTURE_REG16/186178,0101000000A88A82762D2B5AC070CBD96BDC3B4940,PED:JUPED::11412709,,JOINT TRF PED,LOC_C6205453,IPL,,0,LACC_ATRENCH_F,REGNSK,,REGNSK04,SASKPOWER,2021,,,,0010,104604,U,,", REGNSK"
STRUCTURE_REG16/186181,010100000018041E642E2B5AC0504362C2F53B4940,PED:SST::11422282,,COMPANY STEEL STAKE,LOC_C6209904,IPL,,0,LACC_ATRENCH_F,REGNSK,,REGNSK04,SASKTEL,2021,LENGTH=DEPTH,100791,,0010,104604,U,,", REGNSK"
STRUCTURE_REG16/186182,0101000000FC130D66342B5AC018E2C8D8103C4940,PED:SST::11422289,,COMPANY STEEL STAKE,LOC_C6215269,IPL,,0,LACC_ATRENCH_F,REGNSK,,REGNSK04,SASKTEL,2021,LENGTH=DEPTH,100791,,0010,104604,U,,", REGNSK"
STRUCTURE_REG16/186183,0101000000A856E0DD4A2B5AC078384BADDD3B4940,PED:SST::12446925,,COMPANY STEEL STAKE,LOC_C6205838,IPL,,0,LACC_ATRENCH_F,REGNSK,,REGNSK04,SASKTEL,,LENGTH=DEPTH,101057,,0010,,BU,,", REGNSK"
STRUCTURE_REG16/186302,010100000094982509BB2B5AC0A07D544CF03B4940,PED:JSPED:C197238,,JOINT STANDARD PED,LOC_C6198472,IPL,,0,,REGNSK,,REGNSK04,SASKPOWER,,,,R 610 DOROTHY ST,,,BU,,"R 610 DOROTHY ST, REGNSK"
STRUCTURE_REG16/186303,0101000000D8941168872B5AC0389EF2FCAA3B4940,PED:JSPED:C198620,,JOINT STANDARD PED,LOC_C6199850,IPL,,0,,REGNSK,,REGNSK04,SASKPOWER,,,,UNK,,,BU,,"UNK, REGNSK"
STRUCTURE_REG16/186304,0101000000ACBC49AB982B5AC0F88C6C9DAE3B4940,PED:JSPED:C198627,,JOINT STANDARD PED,LOC_C6199858,IPL,,0,,REGNSK,,REGNSK04,SASKPOWER,,,,UNK,,,BU,,"UNK, REGNSK"
STRUCTURE_REG16/186305,0101000000C8F752999E2B5AC0F01B42DCAF3B4940,PED:JSPED:C198629,,JOINT STANDARD PED,LOC_C6199860,IPL,,0,,REGNSK,,REGNSK04,SASKPOWER,,,,UNK,,,BU,,"UNK, REGNSK"
STRUCTURE_REG16/186306,0101000000146C0290A32B5AC0C051EAE6B03B4940,PED:JSPED:C198631,,JOINT STANDARD PED,LOC_C6199862,IPL,,0,,REGNSK,,REGNSK04,SASKPOWER,,,,UNK,,,BU,,"UNK, REGNSK"
STRUCTURE_REG16/186307,01010000001475092EA62B5AC010F58574DE3B4940,PED:JSPED:C199223,,JOINT STANDARD PED,LOC_C6200450,IPL,,0,,REGNSK,,REGNSK04,SASKPOWER,,,,R 643 DOROTHY ST,,,BU,,"R 643 DOROTHY ST, REGNSK"
STRUCTURE_REG16/186308,010100000080A5251C7B2B5AC0D86CD7B1F53B4940,PED:JSPED:C201245,,JOINT STANDARD PED,LOC_C6202448,IPL,,0,,REGNSK,,REGNSK04,SASKPOWER,,,,R 183 READ AVE,,,BU,,"R 183 READ AVE, REGNSK"
STRUCTURE_REG16/186309,01010000007C766F2EA62B5AC0181CDE46DF3B4940,PED:SST:C199156,,COMPANY STEEL STAKE,LOC_C6200385,IPL,,0,LACC_ATRENCH_C,REGNSK,,REGNSK04,SASKTEL,,LENGTH=DEPTH,101057,UNK,,,BU,,"UNK, REGNSK"
STRUCTURE_REG16/186310,010100000074BFD5FDAD2B5AC0A8751A8AB73B4940,PED:SST:C199992,,COMPANY STEEL STAKE,LOC_C6201210,IPL,,0,LACC_ATRENCH_C,REGNSK,,REGNSK04,SASKTEL,,NO AP IN MARTINS,100791,UNK,,,BU,,"UNK, REGNSK"
STRUCTURE_REG16/186311,0101000000D4FEF7757A2B5AC0280CEFB1F53B4940,PED:SST:C201259,,COMPANY STEEL STAKE,LOC_C6202456,IPL,,0,LACC_ATRENCH_C,REGNSK,,REGNSK04,SASKTEL,,LENGTH=DEPTH,101057,UNK,,,BU,,"UNK, REGNSK"
STRUCTURE_REG16/186312,01010000002CA1F418B42B5AC060C48342113C4940,PED:SST::9092030,,COMPANY STEEL STAKE,LOC_C6198309,IPL,,0,LACC_ATRENCH_F,REGNSK,,REGNSK04,,2016,,127035,UNK,0010,985491,U,,"UNK, REGNSK"
STRUCTURE_REG16/186313,0101000000F8D9B3DAC82B5AC0E827FABBB83B4940,PED:JSPED::9112858,,JOINT STANDARD PED,LOC_8824901,IPL,,0,LACC_ATRENCH_F,REGNSK,,REGNSK04,SASKPOWER,2016,,,UNK,0010,985491,U,,"UNK, REGNSK"
STRUCTURE_REG16/186314,0101000000C8EBE1FB9D2B5AC030BFC4A6F53B4940,PED:JSPED::12458449,,JOINT STANDARD PED,LOC_11721221,IPL,,0,,REGNSK,,REGNSK04,SASKPOWER,,,,,,,,,", REGNSK"
STRUCTURE_REG16/198792,010100000024CCB34608295AC0E8507DEF483B4940,PED:SST:C203826,,COMPANY STEEL STAKE,LOC_C6204974,IPL,,0,LACC_ATRENCH_C,REGNSK,,REGNSK01,SASKTEL,,NOT IN MARTENS,100783,UNK,,,BU,,"UNK, REGNSK"
STRUCTURE_REG16/202751,010100000010F7CD07E82B5AC090724134F53B4940,PED:SST:C194289,,COMPANY STEEL STAKE,LOC_C6195590,IPL,,0,LACC_ATRENCH_C,REGNSK,,REGNSK04,SASKTEL,,NO AP IN MARTENS,101057,UNK,,,BU,,"UNK, REGNSK"
STRUCTURE_REG16/203176,0101000000203D470F7C2A5AC0A03C12ED323C4940,PED:SST:C204988,,COMPANY STEEL STAKE,LOC_C6206124,IPL,,0,LACC_ATRENCH_C,REGNSK,,REGNSK04,SASKTEL,,LENGTH=DEPTH,100783,UP1200 F 555 CAMPBEL,,,BU,,"UP1200 F 555 CAMPBEL, REGNSK"
STRUCTURE_REG16/205912,010100000084B32ADB4A2B5AC0F0B61A65BF3B4940,PED:JSPED:C204655,,JOINT STANDARD PED,LOC_C6205793,IPL,,0,,REGNSK,,REGNSK04,SASKPOWER,,,,R 723 SNEDDON ST,,,BU,,"R 723 SNEDDON ST, REGNSK"
STRUCTURE_REG16/207038,0101000000B8846EEFAD2A5AC0B8B2A5FDC53A4940,PED:JSPED:C210617,,JOINT STANDARD PED,LOC_C6211633,IPL,,0,,REGNSK,,REGNSK04,SASKPOWER,,,,R 5955 MALLARD WAY,,,BU,,"R 5955 MALLARD WAY, REGNSK"
STRUCTURE_REG16/207059,01010000009C345660BD2A5AC07014F8AEF43B4940,PED:JSPED:C211166,,JOINT STANDARD PED,LOC_C6212171,IPL,,0,,REGNSK,,REGNSK04,SASKPOWER,,,,R 103 MOLLARD CRES,,,BU,,"R 103 MOLLARD CRES, REGNSK"
STRUCTURE_REG16/207919,0101000000580A6198402B5AC040CEBDBFF53B4940,PED:JSPED:C208851,,JOINT STANDARD PED,LOC_C6209907,IPL,,0,,REGNSK,,REGNSK04,SASKPOWER,,,,R 125 READ AVE,,,BU,,"R 125 READ AVE, REGNSK"
STRUCTURE_REG16/207992,0101000000342038EAE52B5AC0F818ABEECD3B4940,PED:JSPED:C198790,,JOINT STANDARD PED,LOC_C6200025,IPL,,0,,REGNSK,,REGNSK04,SASKPOWER,,,,R 650 TOOTHILL ST,,,BU,,"R 650 TOOTHILL ST, REGNSK"
STRUCTURE_REG16/208038,0101000000D87396E2D52A5AC0A8B51E958D3B4940,PED:JTPED:C200210,,JOINT SPC TRF PED,LOC_C6201429,IPL,,0,,REGNSK,,REGNSK04,SASKPOWER,,,,UNK,,,BU,,"UNK, REGNSK"
STRUCTURE_REG16/208069,0101000000F0CD4DD3BB2B5AC068E694B0513C4940,PED:JSPED:C194577,,JOINT STANDARD PED,LOC_C6195872,IPL,,0,,REGNSK,,REGNSK04,SASKPOWER,,,,R 876 DOROTHY ST,,,BU,,"R 876 DOROTHY ST, REGNSK"
STRUCTURE_REG16/208074,0101000000C065B20BC82B5AC0B8D23DE8223C4940,PED:JSPED:C195168,,JOINT STANDARD PED,LOC_C6196454,IPL,,0,,REGNSK,,REGNSK04,SASKPOWER,,,,R 560 HANSEN DR,,,BU,,"R 560 HANSEN DR, REGNSK"
STRUCTURE_REG16/211311,0101000000045D504CCF295AC068D93874503C4940,PED:SST::10085326,,COMPANY STEEL STAKE,LOC_C6225339,IPL,,0,LACC_ATRENCH_F,REGNSK,,REGNSK04,SASKTEL,2018,LENGTH=DEPTH,101057,UNK,0010,983635,BU,,"UNK, REGNSK"
STRUCTURE_REG16/212035,010100000028B3C4A7792A5AC078860A57C53B4940,POL:SVMST::8978094,,SERVICE MAST,LOC_8704903,IPL,,0,,REGNSK,,REGNSK04,SASKPOWER,2016,,,,0010,983961,AE,,
STRUCTURE_REG16/212486,0101000000E8E7E3606A2C5AC0404F5FE3FB394940,PED:JUPED::9021048,,JOINT TRF PED,LOC_8743941,IPL,,0,,REGNSK,,REGNSK01,SASKPOWER,2016,,,UNK,0010,983509,BU,,"UNK, REGNSK"
STRUCTURE_REG16/212580,0101000000C4874ED90D2B5AC0087D9DCC663C4940,PED:JUPED::9186734,,JOINT TRF PED,LOC_8882514,IPL,,0,,REGNSK,,REGNSK04,SASKPOWER,2016,,,UNK,,,BU,,"UNK, REGNSK"
STRUCTURE_REG16/212595,0101000000407BB88E18295AC0C0BD5AA43F3C4940,PED:JUPED::8271259,,JOINT TRF PED,LOC_8132421,IPL,,0,,REGNSK,,REGNSK04,SASKPOWER,2015,,,UNK,0010,977982,BU,,"UNK, REGNSK"
STRUCTURE_REG16/213938,0101000000ECC0C15DC4285AC038E2AF87BE394940,PED:SST:C220493,,COMPANY STEEL STAKE,LOC_C6221446,IPL,,0,LACC_ATRENCH_C,REGNSK,REGNSKP6013,REGNSK01,SASKTEL,,LENGTH=DEPTH,100791,UNK,,,BU,,"UNK, REGNSK"
STRUCTURE_REG16/214170,010100000024C543EFFF2B5AC0788137B6743A4940,PED:SST:C311373,,COMPANY STEEL STAKE,LOC_DC6311032,IPL,,0,LACC_ATRENCH_F,REGNSK,,REGNSK04,SASKTEL,,LENGTH=DEPTH,101057,X R 1328 COURTNEY ST,,,BU,,"X R 1328 COURTNEY ST, REGNSK"
STRUCTURE_REG16/214383,010100000040267C63862C5AC09815F4C5FB394940,PED:JSPED::9021041,,JOINT STANDARD PED,LOC_8743630,IPL,,0,,REGNSK,,REGNSK01,SASKPOWER,2016,,,UNK,0010,983509,BU,,"UNK, REGNSK"
STRUCTURE_REG16/215346,01010000009C1BB607632C5AC068E39294083A4940,PED:JSPED::9021373,,JOINT STANDARD PED,LOC_8744613,IPL,,0,,REGNSK,,REGNSK01,SASKPOWER,2016,,,UNK,0010,983509,BU,,"UNK, REGNSK"
STRUCTURE_REG16/217334,0101000000381B11DD4A2B5AC058322D42D53B4940,PED:JSPED:C204692,,JOINT STANDARD PED,LOC_C6205828,IPL,,0,,REGNSK,,REGNSK04,SASKPOWER,,,,R 653 SNEDDON ST,,,BU,,"R 653 SNEDDON ST, REGNSK"
STRUCTURE_REG16/217335,0101000000ECC164DD112B5AC010C603C2F53B4940,PED:JUPED::11412706,,JOINT TRF PED,LOC_C6209969,IPL,,0,LACC_ATRENCH_F,REGNSK,,REGNSK04,SASKPOWER,2021,,,,0010,104604,U,,", REGNSK"
STRUCTURE_REG16/217337,010100000010FDAEC3292B5AC0602EF5D5103C4940,PED:JUPED::11433802,,JOINT TRF PED,LOC_C6212293,IPL,,0,LACC_ATRENCH_F,REGNSK,,REGNSK04,SASKPOWER,2021,,,,0010,104604,U,,", REGNSK"
STRUCTURE_REG16/217350,0101000000A8BFA5368D2B5AC008E50D35AC3B4940,PED:JSPED:C198622,,JOINT STANDARD PED,LOC_C6199852,IPL,,0,,REGNSK,,REGNSK04,SASKPOWER,,,,UNK,,,BU,,"UNK, REGNSK"
STRUCTURE_REG16/217351,010100000014D779CD4B2B5AC0C05C6405F63B4940,PED:JUPED::11312207,,JOINT TRF PED,LOC_C6208087,IPL,,0,LACC_ATRENCH_F,REGNSK,,REGNSK04,SASKPOWER,2021,,,,0010,104603,U,,", REGNSK"
STRUCTURE_REG16/218565,0101000000B4BE12BFD72A5AC018144737E53B4940,PED:SST:C202772,,COMPANY STEEL STAKE,LOC_C6203953,IPL,,0,LACC_ATRENCH_C,REGNSK,,REGNSK04,SASKTEL,,LENGTH=DEPTH,101057,R 119 MOLLARD CRES,,,BU,,"R 119 MOLLARD CRES, REGNSK"
STRUCTURE_REG16/218743,010100000044D2AB572A2A5AC0206D8401683C4940,PED:JSPED:C224274,,JOINT STANDARD PED,LOC_C6225152,IPL,,0,,REGNSK,,REGNSK04,SASKPOWER,,,,R 79 OSBORNE CRES,,,BU,,"R 79 OSBORNE CRES, REGNSK"
STRUCTURE_REG16/218950,0101000000401849FFAE295AC018B3C85DE1394940,PED:SST:C203603,,COMPANY STEEL STAKE,LOC_C6204757,IPL,,0,LACC_ATRENCH_C,REGNSK,,REGNSK01,SASKTEL,,NO AP MARTENS,100783,UNK,,,BU,,"UNK, REGNSK"
STRUCTURE_REG16/219561,0101000000D07F41981C2B5AC0488DE3D6103C4940,PED:JSPED:C211304,,JOINT STANDARD PED,LOC_C6212309,IPL,,0,,REGNSK,,REGNSK04,SASKPOWER,,,,R 74 READ AVE,,,BU,,"R 74 READ AVE, REGNSK"
STRUCTURE_REG16/219576,0101000000905B936E6B2A5AC0A0EFBB174F3C4940,PED:JSPED:C203171,,JOINT STANDARD PED,LOC_C6204335,IPL,,0,,REGNSK,,REGNSK04,SASKPOWER,,,,R 74 FORSYTH CRES,,,BU,,"R 74 FORSYTH CRES, REGNSK"
STRUCTURE_REG16/220807,0101000000A0EA06F3FF2B5AC0708616A49C3A4940,PED:JSPED:C221884,,JOINT STANDARD PED,LOC_C6222783,IPL,,0,,REGNSK,,REGNSK04,SASKPOWER,,,,R 1306 COURTNEY ST,,,BU,,"R 1306 COURTNEY ST, REGNSK"
STRUCTURE_REG16/222180,0101000000B89D6B02462A5AC04813FA96023C4940,PED:SST:C225149,,COMPANY STEEL STAKE,LOC_C6226060,IPL,,0,LACC_ATRENCH_C,REGNSK,,REGNSK04,SASKTEL,,LENGTH=DEPTH,100791,UNK,,,BU,,"UNK, REGNSK"
STRUCTURE_REG16/222496,01010000009C3B2171582B5AC0C0B6B158113C4940,PED:JSPED:C196690,,JOINT STANDARD PED,LOC_C6197933,IPL,,0,,REGNSK,,REGNSK04,SASKPOWER,,,,R 154 READ AVE,,,BU,,"R 154 READ AVE, REGNSK"
STRUCTURE_REG16/223711,01010000006C8ACEFFF92A5AC018A6C422043C4940,PED:SST::12448847,,COMPANY STEEL STAKE,LOC_C6212393,IPL,,0,LACC_ATRENCH_F,REGNSK,,REGNSK04,SASKTEL,2021,LENGTH=DEPTH,100783,,0010,104604,,,", REGNSK"
STRUCTURE_REG16/225558,0101000000B0460A535E2B5AC0D0AAD4FBEC3B4940,PED:JSPED:C199711,,JOINT STANDARD PED,LOC_C6200933,IPL,,0,,REGNSK,,REGNSK04,SASKPOWER,,,,R 624 SNEDDON ST,,,BU,,"R 624 SNEDDON ST, REGNSK"
STRUCTURE_REG16/226919,0101000000D800FAEADB2B5AC0108184AA563C4940,PED:JSPED:C194360,,JOINT STANDARD PED,LOC_C6195663,IPL,,0,,REGNSK,,REGNSK04,SASKPOWER,,,,R 438 BLACK DR,,,BU,,"R 438 BLACK DR, REGNSK"
STRUCTURE_REG16/227581,010100000010763656152B5AC0C803B6C2F53B4940,PED:JSPED:C208913,,JOINT STANDARD PED,LOC_C6209968,IPL,,0,,REGNSK,,REGNSK04,SASKPOWER,,,,R 69 READ AVE,,,BU,,"R 69 READ AVE, REGNSK"
STRUCTURE_REG16/227645,0101000000608AFAA3D62B5AC098093C534F3C4940,PED:JTPED:C194589,,JOINT SPC TRF PED,LOC_C6195884,IPL,,0,,REGNSK,,REGNSK04,SASKPOWER,,,,UNK,,,BU,,"UNK, REGNSK"
STRUCTURE_REG16/227667,0101000000707D6C535B2A5AC0D8E050D4663A4940,PED:JSPED:C214474,,JOINT STANDARD PED,LOC_C6215459,IPL,,0,,REGNSK,,REGNSK04,SASKPOWER,,,,UNK,,,BU,,"UNK, REGNSK"
STRUCTURE_REG16/227685,0101000000D4B0423EA62A5AC0487BCD29C33A4940,PED:JTPED:C210499,,JOINT SPC TRF PED,LOC_C6211522,IPL,,0,,REGNSK,,REGNSK04,SASKPOWER,,,,UNK,,,BU,,"UNK, REGNSK"
STRUCTURE_REG16/227691,01010000001CBDA2DACE2A5AC0D800EF2E213B4940,PED:JSPED:C200154,,JOINT STANDARD PED,LOC_C6201376,IPL,,0,,REGNSK,,REGNSK04,SASKPOWER,,,,R 6128 5TH AVE,,,BU,,"R 6128 5TH AVE, REGNSK"
STRUCTURE_REG16/227692,010100000084056959462B5AC0E0F43CBFF53B4940,PED:JSPED:C208846,,JOINT STANDARD PED,LOC_C6209902,IPL,,0,,REGNSK,,REGNSK04,SASKPOWER,,,,UNK,,,BU,,"UNK, REGNSK"
STRUCTURE_REG16/227693,01010000005849D0040F2B5AC0582C4BCF0F3B4940,PED:SST:C197935,,COMPANY STEEL STAKE,LOC_C6199169,IPL,,0,LACC_ATRENCH_C,REGNSK,,REGNSK04,SASKTEL,,LENGTH=DEPTH,101057,UNK,,,BU,,"UNK, REGNSK"
STRUCTURE_REG16/227717,0101000000D85D6FB4A62B5AC00054E5A6463C4940,PED:JTPED:C197266,,JOINT SPC TRF PED,LOC_C6198499,IPL,,0,,REGNSK,,REGNSK04,SASKPOWER,,,,UNK,,,BU,,"UNK, REGNSK"
STRUCTURE_REG16/230808,01010000003C3C5D73CD2A5AC010ACBF9FC63B4940,PED:SST::9047596,,COMPANY STEEL STAKE,LOC_C6199264,IPL,,0,LACC_ATRENCH_C,REGNSK,,REGNSK04,SASKTEL,2016,LENGTH=DEPTH,101057,UNK,0010,982924,BU,,"UNK, REGNSK"
STRUCTURE_REG16/230809,0101000000DC70DD9CC32A5AC0F00EBF21A83B4940,PED:SST::9048810,,COMPANY STEEL STAKE,LOC_C6199453,IPL,,0,LACC_ATRENCH_C,REGNSK,,REGNSK04,SASKTEL,2016,LENGTH=DEPTH,101057,UNK,0010,982924,BU,,"UNK, REGNSK"
STRUCTURE_REG16/230810,010100000060BD0D0EAF2A5AC0488B10E4C13B4940,PED:SST::9048815,,COMPANY STEEL STAKE,LOC_C6199479,IPL,,0,LACC_ATRENCH_C,REGNSK,,REGNSK04,SASKTEL,2016,LENGTH=DEPTH,101057,R 26 MELROSE PLACE,0010,982924,BU,,"R 26 MELROSE PLACE, REGNSK"
STRUCTURE_REG16/233744,0101000000B467C3854F2C5AC0E01A03183A3A4940,PED:SST::8983211,,COMPANY STEEL STAKE,LOC_8708742,IPL,,0,LACC_ATRENCH_F,REGNSK,,REGNSK01,SASKTEL,2016,,127035,R LOT 10 BLK 26,0010,983508,BU,,"R LOT 10 BLK 26, REGNSK"
STRUCTURE_REG16/234101,01010000003C6721ED7E2B5AC0F0856496373C4940,PED:JSPED::9061322,,JOINT STANDARD PED,LOC_8781701,IPL,,0,,REGNSK,,REGNSK04,SASKPOWER,2016,,,UNK,,,BU,,"UNK, REGNSK"
STRUCTURE_REG16/234748,01010000006C12C224AE2A5AC060D406ABDA3B4940,PED:SST::8907690,,COMPANY STEEL STAKE,LOC_C6199193,IPL,,0,LACC_ATRENCH_C,REGNSK,,REGNSK04,SASKTEL,2016,LENGTH=DEPTH,100791,UNK,0010,982924,BU,,"UNK, REGNSK"
STRUCTURE_REG16/238274,0101000000AC6B7200D62B5AC0180A209BF53B4940,PED:JSPED:C196804,,JOINT STANDARD PED,LOC_C6198049,IPL,,0,,REGNSK,,REGNSK04,SASKPOWER,,,,R 291 READ AVE,,,BU,,"R 291 READ AVE, REGNSK"
STRUCTURE_REG16/239048,01010000003444309C782B5AC048A37E5B533A4940,PED:JSPED:C213139,,JOINT STANDARD PED,LOC_C6214146,IPL,,0,,REGNSK,,REGNSK04,SASKPOWER,,,,R 6840 DEWDNEY AVE,,,BU,,"R 6840 DEWDNEY AVE, REGNSK"
STRUCTURE_REG16/239133,010100000060699972892A5AC07803E63DE83B4940,PED:SST:C211035,,COMPANY STEEL STAKE,LOC_C6212045,IPL,,0,LACC_ATRENCH_C,REGNSK,,REGNSK04,SASKTEL,,LENGTH=DEPTH,101057,R 634 CAMPBELL ST,,,BU,,"R 634 CAMPBELL ST, REGNSK"
STRUCTURE_REG16/240679,0101000000904775DCDE2A5AC030E8EA1F283B4940,PED:JSPED:C200098,,JOINT STANDARD PED,LOC_C6201315,IPL,,0,,REGNSK,,REGNSK04,SASKPOWER,,,,R 6117 4TH AVE,,,BU,,"R 6117 4TH AVE, REGNSK"
STRUCTURE_REG16/242500,01010000006430FF4E5E2B5AC030E55D11D63B4940,PED:SST::11447566,,COMPANY STEEL STAKE,LOC_C6203591,IPL,,0,LACC_ATRENCH_F,REGNSK,,REGNSK04,,2021,,,,0010,104604,U,,", REGNSK"
STRUCTURE_REG16/242608,0101000000242846E25A295AC048F6502E8F3B4940,PED:JSPED:C195991,,JOINT STANDARD PED,LOC_C6197273,IPL,,0,,REGNSK,,REGNSK04,SASKPOWER,,,,S 845 CONNAUGHT ST,,,BU,,"S 845 CONNAUGHT ST, REGNSK"
STRUCTURE_REG16/244683,010100000080FB781D4E295AC018152663A73B4940,PED:SST:C196099,,COMPANY STEEL STAKE,LOC_C6197388,IPL,,0,LACC_ATRENCH_C,REGNSK,,REGNSK04,SASKTEL,,LENGTH=DEPTH,100791,S 4533 2ND AVE,,,BU,,"S 4533 2ND AVE, REGNSK"
STRUCTURE_REG16/245455,01010000003C32CFAA6C295AC080EA9307E2394940,PED:JTPED:C264432,,JOINT SPC TRF PED,LOC_C6264755,IPL,,0,,REGNSK,,REGNSK01,SASKPOWER,,,,UNK,,,BU,,"UNK, REGNSK"
STRUCTURE_REG16/245472,0101000000405D44DE29295AC080441596A93A4940,PED:SST:D7154335,,COMPANY STEEL STAKE,LOC_D7123085,IPL,,0,LACC_ATRENCH_C,REGNSK,,REGNSK01,SASKTEL,,LENGTH=DEPTH,101057,UNK,,,BU,,"UNK, REGNSK"
STRUCTURE_REG16/245482,0101000000405FC1D0DF295AC018F9F141563C4940,PED:JSPED:C224409,,JOINT STANDARD PED,LOC_C6225288,IPL,,0,,REGNSK,,REGNSK04,SASKPOWER,,,,R 34 MARSHALL CRES,,,BU,,"R 34 MARSHALL CRES, REGNSK"
STRUCTURE_REG16/245483,0101000000248ED62DCF295AC05062C0C75D3C4940,PED:JSPED:C224454,,JOINT STANDARD PED,LOC_C6225335,IPL,,0,,REGNSK,,REGNSK04,SASKPOWER,,,,R 31 MARSHALL CRES,,,BU,,"R 31 MARSHALL CRES, REGNSK"
STRUCTURE_REG16/246107,0101000000201EF633F62A5AC0F8071669DD3B4940,PED:JSPED:C204428,,JOINT STANDARD PED,LOC_C6205568,IPL,,0,,REGNSK,,REGNSK04,SASKPOWER,,,,R 720 MCCARTHY BLVD,,,BU,,"R 720 MCCARTHY BLVD, REGNSK"
STRUCTURE_REG16/246130,010100000014A154D2B52A5AC0E09BB4B0F43B4940,PED:JSPED:C211156,,JOINT STANDARD PED,LOC_C6212161,IPL,,0,,REGNSK,,REGNSK04,SASKPOWER,,,,R 95 MOLLARD CRES,,,BU,,"R 95 MOLLARD CRES, REGNSK"
STRUCTURE_REG16/246170,010100000018CC10DBFE2A5AC0F8ED16AEF23A4940,PED:JSPED:C197981,,JOINT STANDARD PED,LOC_C6199206,IPL,,0,,REGNSK,,REGNSK04,SASKPOWER,,,,R 154 KRAUSS ST,,,BU,,"R 154 KRAUSS ST, REGNSK"
STRUCTURE_REG16/246398,0101000000F869349D632B5AC07057EFAAA63B4940,PED:JSPED:C198072,,JOINT STANDARD PED,LOC_C6199304,IPL,,0,,REGNSK,,REGNSK04,SASKPOWER,,,,R 62 RITTER AVE,,,BU,,"R 62 RITTER AVE, REGNSK"
STRUCTURE_REG16/246399,0101000000C0638B19EB2A5AC0C0D57CFA673B4940,PED:JSPED:C200639,,JOINT STANDARD PED,LOC_C6201831,IPL,,0,,REGNSK,,REGNSK04,SASKPOWER,,,,R 61 KRAUSS ST,,,BU,,"R 61 KRAUSS ST, REGNSK"
STRUCTURE_REG16/246407,0101000000CC158476372B5AC0D030FEE8A13B4940,PED:JSPED:C203665,,JOINT STANDARD PED,LOC_C6204815,IPL,,0,,REGNSK,,REGNSK04,SASKPOWER,,,,R 135 STRAUB ST,,,BU,,"R 135 STRAUB ST, REGNSK"
STRUCTURE_REG16/246408,0101000000A4F5DA13342B5AC0202CC26BDC3B4940,PED:JSPED:C204312,,JOINT STANDARD PED,LOC_C6205458,IPL,,0,,REGNSK,,REGNSK04,SASKPOWER,,,,R 55 STRAUB CRES,,,BU,,"R 55 STRAUB CRES, REGNSK"
STRUCTURE_REG16/247017,01010000004884DECC7C2B5AC050F1F4C1673C4940,PED:JSPED:C196794,,JOINT STANDARD PED,LOC_C6198040,IPL,,0,,REGNSK,,REGNSK04,SASKPOWER,,,,R 71 CARTER CRES,,,BU,,"R 71 CARTER CRES, REGNSK"
STRUCTURE_REG16/247034,01010000009824FE77102A5AC098563A274F3C4940,PED:JSPED:C227139,,JOINT STANDARD PED,LOC_C6227997,IPL,,0,,REGNSK,,REGNSK04,SASKPOWER,,,,R 35 OSBORNE CRES,,,BU,,"R 35 OSBORNE CRES, REGNSK"
STRUCTURE_REG16/247105,0101000000C017C0705B2A5AC0A01B2CCC9D3A4940,PED:SST:C224763,,COMPANY STEEL STAKE,LOC_C6225639,IPL,,0,LACC_ATRENCH_C,REGNSK,,REGNSK04,SASKTEL,,LENGTH=DEPTH,100791,UNK,,,BU,,"UNK, REGNSK"
STRUCTURE_REG16/247113,01010000002474D427122B5AC0C8EE3E3E963B4940,PED:JSPED:C203830,,JOINT STANDARD PED,LOC_C6204976,ABD,,0,,REGNSK,,REGNSK04,SASKPOWER,,,,UNK,,,BU,,"UNK, REGNSK"
STRUCTURE_REG16/247117,010100000004E08D6F892A5AC0C8A80830DF3B4940,PED:JSPED:C196206,,JOINT STANDARD PED,LOC_C6197483,IPL,,0,,REGNSK,,REGNSK04,SASKPOWER,,,,UNK,,,BU,,"UNK, REGNSK"
STRUCTURE_REG16/247133,010100000020DF6B299C2A5AC0380969F02B3C4940,PED:JSPED:C209821,,JOINT STANDARD PED,LOC_C6210860,IPL,,0,,REGNSK,,REGNSK04,SASKPOWER,,,,R 31 SNEATH CRES,,,BU,,"R 31 SNEATH CRES, REGNSK"
STRUCTURE_REG16/247158,0101000000883BDEE4B72B5AC010A066E8223C4940,PED:JSPED:C195145,,JOINT STANDARD PED,LOC_C6196437,IPL,,0,,REGNSK,,REGNSK04,SASKPOWER,,,,R 586 HANSEN DR,,,BU,,"R 586 HANSEN DR, REGNSK"
STRUCTURE_REG16/247167,0101000000D8CBC7FFEE2A5AC008BAFD2CF53B4940,PED:JTPED:C211441,,JOINT SPC TRF PED,LOC_C6212444,IPL,,0,,REGNSK,,REGNSK04,SASKPOWER,,,,UNK,,,BU,,"UNK, REGNSK"
STRUCTURE_REG16/253177,01010000001008C76E37295AC0B0B1507A453B4940,PED:SST::11699725,,COMPANY STEEL STAKE,LOC_11176265,IPL,,0,LACC_ATRENCH_F,REGNSK,REGNSKJ6474,REGNSK04,SASKTEL,2021,,127035,,0000,815094,BU,,", REGNSK"
STRUCTURE_REG16/253192,010100000014431E3303295AC0505431600C3A4940,PED:SST::8148650,,COMPANY STEEL STAKE,LOC_C6265593,IPL,,0,LACC_ATRENCH_F,REGNSK,,REGNSK01,SASKTEL,2014,,127035,UNK,0010,974103,BU,,"UNK, REGNSK"
STRUCTURE_REG16/254867,0101000000F47A2701922C5AC06826C7F3123A4940,PED:JSPED::9021340,,JOINT STANDARD PED,LOC_8744583,IPL,,0,,REGNSK,,REGNSK01,SASKPOWER,2016,,,UNK,0010,983509,BU,,"UNK, REGNSK"
STRUCTURE_REG16/254904,010100000098E762B5742C5AC020928917283A4940,PED:JSPED::9021347,,JOINT STANDARD PED,LOC_8744587,IPL,,0,,REGNSK,,REGNSK01,SASKPOWER,2016,,,UNK,0010,983509,BU,,"UNK, REGNSK"
STRUCTURE_REG16/255048,0101000000D8EBA0BC762A5AC0F0BFF5CBE13B4940,PED:JLPED::8978411,,JOINT LIGHT PED,LOC_8704919,IPL,,0,,REGNSK,,REGNSK04,SASKPOWER,2016,,,R 630 WILLIAMS CRES,0010,983961,BU,,"R 630 WILLIAMS CRES, REGNSK"
STRUCTURE_REG16/256442,0101000000444AF4DE4A2B5AC0580D31E7E43B4940,PED:JSPED:C204717,,JOINT STANDARD PED,LOC_C6205856,IPL,,0,,REGNSK,,REGNSK04,SASKPOWER,,,,UNK,,,BU,,"UNK, REGNSK"
STRUCTURE_REG16/256444,0101000000183EB90B2C2B5AC090CA5C6CDC3B4940,PED:SST::11422283,,COMPANY STEEL STAKE,LOC_C6205453,IPL,,0,LACC_ATRENCH_F,REGNSK,,REGNSK04,SASKTEL,2021,LENGTH=DEPTH,100791,,0010,104604,U,,", REGNSK"
STRUCTURE_REG16/258826,0101000000B80EC1B0BD2A5AC0E03BD49D043B4940,PED:JSPED:C204951,,JOINT STANDARD PED,LOC_C6206084,IPL,,0,,REGNSK,,REGNSK04,SASKPOWER,,,,R 6019 5TH AVE,,,BU,,"R 6019 5TH AVE, REGNSK"
STRUCTURE_REG16/260531,010100000058D3D37FCA2B5AC088FFF181043C4940,PED:JSPED:C194312,,JOINT STANDARD PED,LOC_C6195616,IPL,,0,,REGNSK,,REGNSK04,SASKPOWER,,NO AP IN MARTENS,,UNK,,,BU,,"UNK, REGNSK"
STRUCTURE_REG16/260652,01010000002C149A38DA2A5AC0F827CAA8293C4940,PED:JSPED:C209196,,JOINT STANDARD PED,LOC_C6210241,IPL,,0,,REGNSK,,REGNSK04,SASKPOWER,,,,R 74 TRUDELLE CRES,,,BU,,"R 74 TRUDELLE CRES, REGNSK"
STRUCTURE_REG16/260929,0101000000586B49C360295AC0C8C5FD26583B4940,PED:SST::12529482,,COMPANY STEEL STAKE,LOC_11139785,PDR,REGN826982,27991336,LACC_ATRENCH_C,REGNSK,,REGNSK04,SASKTEL,2021,LENGTH=DEPTH,100783,,0000,814833,BU,,", REGNSK"
STRUCTURE_REG16/263687,010100000060A1ABB4722B5AC09008C175C83B4940,PED:SST::9092032,,COMPANY STEEL STAKE,LOC_C6204092,IPL,,0,LACC_ATRENCH_F,REGNSK,,REGNSK04,,2016,,127035,UNK,0010,985491,U,,"UNK, REGNSK"
STRUCTURE_REG16/265350,01010000003C7D6B2A82295AC0E089A329BD3B4940,PED:JSPED:C233143,,JOINT STANDARD PED,LOC_C6233871,IPL,,0,,REGNSK,,REGNSK04,SASKPOWER,,,,UNK,,,BU,,"UNK, REGNSK"
STRUCTURE_REG16/265966,01010000007CBF422D002B5AC0F0BCDDCAC63B4940,PED:JSPED:C204444,,JOINT STANDARD PED,LOC_C6205584,IPL,,0,,REGNSK,,REGNSK04,SASKPOWER,,,,R 756 MCCARTHY BLVD,,,BU,,"R 756 MCCARTHY BLVD, REGNSK"
STRUCTURE_REG16/266027,0101000000B04544C4BC2A5AC0F86D31A7DA3B4940,PED:JSPED:C197974,,JOINT STANDARD PED,LOC_C6199200,IPL,,0,,REGNSK,,REGNSK04,SASKPOWER,,,,R 18 MCCORMICK CRES,,,BU,,"R 18 MCCORMICK CRES, REGNSK"
STRUCTURE_REG16/266262,010100000024B21EDD992A5AC0185581255A3C4940,PED:JSPED:C203244,,JOINT STANDARD PED,LOC_C6204408,IPL,,0,,REGNSK,,REGNSK04,SASKPOWER,,,,R 138 FORSYTH CRES,,,BU,,"R 138 FORSYTH CRES, REGNSK"
STRUCTURE_REG16/266267,01010000008093260BE32A5AC0C8EFA259603C4940,PED:JSPED:C206780,,JOINT STANDARD PED,LOC_C6207882,IPL,,0,,REGNSK,,REGNSK04,SASKPOWER,,,,R 27 MCSHERRY CRES,,,BU,,"R 27 MCSHERRY CRES, REGNSK"
STRUCTURE_REG16/266275,01010000009C81517C2E2B5AC0F02B96C2463C4940,PED:JSPED:C207322,,JOINT STANDARD PED,LOC_C6208432,IPL,,0,,REGNSK,,REGNSK04,SASKPOWER,,,,R 194 TRUDELLE CRES,,,BU,,"R 194 TRUDELLE CRES, REGNSK"
STRUCTURE_REG16/266849,0101000000C429E491922B5AC0587E92083B3C4940,PED:JLAPD:C197161,,JOINT LARGE PED,LOC_C6198394,IPL,,0,,REGNSK,,REGNSK04,SASKPOWER,,,,R 219 PAYNTER CRES,,,BU,,"R 219 PAYNTER CRES, REGNSK"
STRUCTURE_REG16/266853,0101000000D40A95DDFE2A5AC04008EECB0F3B4940,PED:JSPED:C197930,,JOINT STANDARD PED,LOC_C6199163,IPL,,0,,REGNSK,,REGNSK04,SASKPOWER,,,,R 134 KRAUSS ST,,,BU,,"R 134 KRAUSS ST, REGNSK"
STRUCTURE_REG16/266854,0101000000C0EE1F31182B5AC0C0FBD1474B3B4940,PED:JSPED:C198221,,JOINT STANDARD PED,LOC_C6199446,IPL,,0,,REGNSK,,REGNSK04,SASKPOWER,,,,R 960 MCCARTHY BLVD,,,BU,,"R 960 MCCARTHY BLVD, REGNSK"
STRUCTURE_REG16/266862,0101000000ECCD9C19102B5AC0E80CD247B13B4940,PED:JSPED:C203732,,JOINT STANDARD PED,LOC_C6204883,IPL,,0,,REGNSK,,REGNSK04,SASKPOWER,,,,R 19 SIBBALD CRES,,,BU,,"R 19 SIBBALD CRES, REGNSK"
STRUCTURE_REG16/266919,010100000048551746B32A5AC040495FAD3F3C4940,PED:JSPED:C209627,,JOINT STANDARD PED,LOC_C6210668,IPL,,0,,REGNSK,,REGNSK04,SASKPOWER,,,,R 63 SNEATH CRES,,,BU,,"R 63 SNEATH CRES, REGNSK"
STRUCTURE_REG16/266937,01010000001400227E572B5AC00001226C543C4940,PED:JSPED:C197511,,JOINT STANDARD PED,LOC_C6198752,IPL,,0,,REGNSK,,REGNSK04,SASKPOWER,,,,R 31 SHERMAN RD,,,BU,,"R 31 SHERMAN RD, REGNSK"
STRUCTURE_REG16/266963,01010000005C7696F3E12B5AC0B85D84705F3C4940,PED:JSPED:C194358,,JOINT STANDARD PED,LOC_C6195660,IPL,,0,,REGNSK,,REGNSK04,SASKPOWER,,,,R 430 BLACK DR,,,BU,,"R 430 BLACK DR, REGNSK"
STRUCTURE_REG16/266965,01010000009C73B7EBE52B5AC068925CC1E03B4940,PED:JSPED:C198780,,JOINT STANDARD PED,LOC_C6200015,IPL,,0,,REGNSK,,REGNSK04,SASKPOWER,,,,R 626 TOOTHILL ST,,,BU,,"R 626 TOOTHILL ST, REGNSK"
STRUCTURE_REG16/266973,0101000000D81420EE902A5AC020656BBAF43B4940,PED:JSPED:C211112,,JOINT STANDARD PED,LOC_C6212117,IPL,,0,,REGNSK,,REGNSK04,SASKPOWER,,,,UNK,,,BU,,"UNK, REGNSK"
STRUCTURE_REG16/266975,01010000001CC6DBB2722B5AC0B83E02A5BF3B4940,PED:JSPED:C203465,,JOINT STANDARD PED,LOC_C6204620,IPL,,0,,REGNSK,,REGNSK04,SASKPOWER,,,,R 720 SWEENEY ST,,,BU,,"R 720 SWEENEY ST, REGNSK"
STRUCTURE_REG16/266985,0101000000C88F397B192B5AC058B3B8132D3B4940,PED:JTPED:C198304,,JOINT SPC TRF PED,LOC_C6199538,IPL,,0,,REGNSK,,REGNSK04,SASKPOWER,,,,UNK,,,BU,,"UNK, REGNSK"
STRUCTURE_REG16/266989,0101000000D0E3400DF42A5AC0F07822415E3C4940,PED:JSPED:C206796,,JOINT STANDARD PED,LOC_C6207898,IPL,,0,,REGNSK,,REGNSK04,SASKPOWER,,,,R 67 MCSHERRY CRES,,,BU,,"R 67 MCSHERRY CRES, REGNSK"
STRUCTURE_REG16/273082,0101000000805A32E5682C5AC0C018B2A3F9394940,PED:SST::9231530,,COMPANY STEEL STAKE,LOC_8743943,IPL,,0,LACC_ATRENCH_F,REGNSK,,REGNSK01,SASKTEL,2016,LENGTH=DEPTH,100791,UNK,0010,983509,BU,,"UNK, REGNSK"
STRUCTURE_REG16/274884,010100000094D1DECC47295AC00869B42C8A3B4940,PED:JSPED::6700318,,JOINT STANDARD PED,LOC_6639881,IPL,,0,,REGNSK,,REGNSK04,SASKPOWER,2012,,,S 151 DEMARCO POINTE,0010,963983,BU,,"S 151 DEMARCO POINTE, REGNSK"
STRUCTURE_REG16/278925,0101000000384FD73B052B5AC0804498172A3C4940,PED:JSPED:C207286,,JOINT STANDARD PED,LOC_C6208395,IPL,,0,,REGNSK,,REGNSK04,SASKPOWER,,,,R 134 TRUDELLE CRES,,,BU,,"R 134 TRUDELLE CRES, REGNSK"
STRUCTURE_REG16/280464,0101000000A0D89A45992B5AC0D84EA71E243C4940,PED:JSPED:C197012,,JOINT STANDARD PED,LOC_C6198251,IPL,,0,,REGNSK,,REGNSK04,SASKPOWER,,,,R 458 FULTON DR,,,BU,,"R 458 FULTON DR, REGNSK"
STRUCTURE_REG16/280858,0101000000948F7CDCF92B5AC030B27C4E5B3C4940,PED:JSPED:C194274,,JOINT STANDARD PED,LOC_C6195574,IPL,,0,,REGNSK,,REGNSK04,SASKPOWER,,,,R 418 HANSEN DR,,,BU,,"R 418 HANSEN DR, REGNSK"
STRUCTURE_REG16/281024,010100000010CFFA10EB2A5AC01011E314213B4940,PED:JSPED:C200046,,JOINT STANDARD PED,LOC_C6201278,IPL,,0,,REGNSK,,REGNSK04,SASKPOWER,,,,R 121 KRAUSS ST,,,BU,,"R 121 KRAUSS ST, REGNSK"
STRUCTURE_REG16/281656,0101000000CC95E343402B5AC0203534A5423C4940,PED:JSPED:C207486,,JOINT STANDARD PED,LOC_C6208575,IPL,,0,,REGNSK,,REGNSK04,SASKPOWER,,,,R 272 FULTON DR,,,BU,,"R 272 FULTON DR, REGNSK"
STRUCTURE_REG16/283608,010100000050D34CFC732B5AC028902756C13B4940,PED:SST::11500414,,COMPANY STEEL STAKE,LOC_C6204643,PDA,REGN106535-0010,23229492,LACC_ATRENCH_F,REGNSK,,REGNSK04,SASKTEL,2021,LENGTH=DEPTH,101057,,0010,106535,BU,,", REGNSK"
STRUCTURE_REG16/285261,0101000000C8106FB9B4295AC078D87E7E143A4940,PED:SST:C203789,,COMPANY STEEL STAKE,LOC_C6205260,IPL,,0,LACC_ATRENCH_C,REGNSK,,REGNSK01,SASKTEL,,LENGTH=DEPTH,101057,UNK,,,BU,,"UNK, REGNSK"
STRUCTURE_REG16/285335,0101000000945BEF71052C5AC0189A90E8BB3B4940,PED:SST::10589332,,COMPANY STEEL STAKE,LOC_10209865,IPL,,0,LACC_ATRENCH_C,REGNSK,,REGNSK04,SASKTEL,,LENGTH=DEPTH,100791,,,,BU,,", REGNSK"
STRUCTURE_REG16/285947,0101000000A4267FFFBF2A5AC0D89CFCE3AB3B4940,PED:JSPED:C198242,,JOINT STANDARD PED,LOC_C6199466,IPL,,0,,REGNSK,,REGNSK04,SASKPOWER,,,,R 14 MELROSE PLACE,,,BU,,"R 14 MELROSE PLACE, REGNSK"
STRUCTURE_REG16/286209,01010000005491C0D5702B5AC0F871C1A7A63B4940,PED:JSPED:C197976,,JOINT STANDARD PED,LOC_C6199204,IPL,,0,,REGNSK,,REGNSK04,SASKPOWER,,,,R 80 RITTER AVE,,,BU,,"R 80 RITTER AVE, REGNSK"
STRUCTURE_REG16/286747,0101000000C0211CFFBA2B5AC050C60880E83B4940,PED:JSPED:C197530,,JOINT STANDARD PED,LOC_C6198771,IPL,,0,,REGNSK,,REGNSK04,SASKPOWER,,,,R 622 DOROTHY ST,,,BU,,"R 622 DOROTHY ST, REGNSK"
STRUCTURE_REG16/286831,0101000000345F8792922B5AC060EA2367563C4940,PED:JSPED:C197121,,JOINT STANDARD PED,LOC_C6198355,IPL,,0,,REGNSK,,REGNSK04,SASKPOWER,,,,R 191 PAYNTER CRES,,,BU,,"R 191 PAYNTER CRES, REGNSK"
STRUCTURE_REG16/286832,0101000000A4B3427AD22B5AC088459398DB3B4940,PED:JSPED:C197630,,JOINT STANDARD PED,LOC_C6198870,IPL,,0,,REGNSK,,REGNSK04,SASKPOWER,,,,R 633 TOOTHILL ST,,,BU,,"R 633 TOOTHILL ST, REGNSK"
STRUCTURE_REG16/286846,010100000068FD65AB162A5AC07071A6D9613C4940,PED:JSPED:C224320,,JOINT STANDARD PED,LOC_C6225200,IPL,,0,,REGNSK,,REGNSK04,SASKPOWER,,,,R 14 OSBORNE CRES,,,BU,,"R 14 OSBORNE CRES, REGNSK"
STRUCTURE_REG16/286847,01010000005847F7A1222A5AC098F8C8254F3C4940,PED:JSPED:C227117,,JOINT STANDARD PED,LOC_C6227973,IPL,,0,,REGNSK,,REGNSK04,SASKPOWER,,,,R 59 OSBORNE CRES,,,BU,,"R 59 OSBORNE CRES, REGNSK"
STRUCTURE_REG16/286848,010100000034586B3A182A5AC0288B60284F3C4940,PED:JSPED:C227129,,JOINT STANDARD PED,LOC_C6227986,IPL,,0,,REGNSK,,REGNSK04,SASKPOWER,,,,R 47 OSBORNE CRES,,,BU,,"R 47 OSBORNE CRES, REGNSK"
STRUCTURE_REG16/286897,0101000000EC0CC5B0722B5AC0B025D7C6B83B4940,PED:SST:C203497,,COMPANY STEEL STAKE,LOC_C6204651,IPL,,0,LACC_ATRENCH_C,REGNSK,,REGNSK04,SASKTEL,,LENGTH=DEPTH,101057,UNK,,,BU,,"UNK, REGNSK"
STRUCTURE_REG16/286904,010100000058AC66A5A22A5AC09056FB2FA83B4940,PED:JSPED:C198185,,JOINT STANDARD PED,LOC_C6199409,IPL,,0,,REGNSK,,REGNSK04,SASKPOWER,,,,UNK,,,BU,,"UNK, REGNSK"
STRUCTURE_REG16/286922,01010000000C6FC6FE4C2A5AC0E093981E4F3C4940,PED:JSPED:C228410,,JOINT STANDARD PED,LOC_C6229239,IPL,,0,,REGNSK,,REGNSK04,SASKPOWER,,,,R 34 FORSYTH CRES,,,BU,,"R 34 FORSYTH CRES, REGNSK"
STRUCTURE_REG16/286935,01010000004873A0916C2B5AC038569EB7663C4940,PED:JTPED:C197427,,JOINT SPC TRF PED,LOC_C6198670,IPL,,0,,REGNSK,,REGNSK04,SASKPOWER,,,,UNK,,,BU,,"UNK, REGNSK"
STRUCTURE_REG16/286940,0101000000982C207A932A5AC02009358FB83A4940,PED:JSPED:C210603,,JOINT STANDARD PED,LOC_C6211624,IPL,,0,,REGNSK,,REGNSK04,SASKPOWER,,,,R 5951 MALLARD WAY,,,BU,,"R 5951 MALLARD WAY, REGNSK"
STRUCTURE_REG16/286957,01010000006C537120BA2A5AC0608CA53BD43A4940,PED:JSPED:C210472,,JOINT STANDARD PED,LOC_C6211494,IPL,,0,,REGNSK,,REGNSK04,SASKPOWER,,,,UNK,,,BU,,"UNK, REGNSK"
STRUCTURE_REG16/286970,010100000028DB5FF4572B5AC018026CEC443C4940,PED:JTPED:C207234,,JOINT SPC TRF PED,LOC_C6208338,IPL,,0,,REGNSK,,REGNSK04,SASKPOWER,,,,UNK,,,BU,,"UNK, REGNSK"
STRUCTURE_REG16/286971,010100000098341D6C772C5AC0881648D9AD3B4940,PED:JTPED:C211929,,JOINT SPC TRF PED,LOC_C6212933,IPL,,0,,REGNSK,,REGNSK04,SASKPOWER,,,,UNK,,,BU,,"UNK, REGNSK"
STRUCTURE_REG16/286979,0101000000641F54773F2A5AC0005186D05F3C4940,PED:JSPED:C224213,,JOINT STANDARD PED,LOC_C6225091,IPL,,0,,REGNSK,,REGNSK04,SASKPOWER,,,,R 434 PALLISER ST,,,BU,,"R 434 PALLISER ST, REGNSK"
STRUCTURE_REG16/290098,0101000000C8E1B1A4FE285AC0889C9643FE3A4940,PED:SST::10593219,,COMPANY STEEL STAKE,LOC_C6202866,IPL,,0,LACC_ATRENCH_F,REGNSK,,REGNSK01,SASKTEL,,LENGTH=DEPTH,100791,"R 4101 5TH AVE
",,,BU,,"R 4101 5TH AVE
, REGNSK"
STRUCTURE_REG16/290157,010100000000C2FB6860295AC0980DB926583B4940,PED:JUPED::11648846,,JOINT TRF PED,LOC_11139785,IPL,,0,,REGNSK,,REGNSK04,SASKPOWER,2021,,,,0000,814833,,,", REGNSK"
STRUCTURE_REG16/291484,0101000000AC40B2889A2B5AC08847FEA7F53B4940,PED:JUPED::11242455,,JOINT TRF PED,LOC_C6202348,IPL,,0,,REGNSK,,REGNSK04,SASKPOWER,2020,,,,,,BU,,", REGNSK"
STRUCTURE_REG16/293066,010100000000643ED91A295AC0A02DCC212D3A4940,PED:SST::10260714,,COMPANY STEEL STAKE,LOC_8029989,IPL,,0,LACC_ATRENCH_F,REGNSK,REGNSKJ6389,REGNSK01,SASKTEL,2018,,127035,UNK,0000,805680,BU,N/A,"UNK, REGNSK"
STRUCTURE_REG16/294781,0101000000BC2673456C2C5AC0F8B6B415193A4940,PED:JSPED::9021352,,JOINT STANDARD PED,LOC_8744592,IPL,,0,,REGNSK,,REGNSK01,SASKPOWER,2016,,,UNK,0010,983509,BU,,"UNK, REGNSK"
STRUCTURE_REG16/294884,0101000000E81458BE762A5AC000BF4548D93B4940,PED:JLPED::8978413,,JOINT LIGHT PED,LOC_8704920,IPL,,0,,REGNSK,,REGNSK04,SASKPOWER,2016,,,UNK,0010,983961,BU,,"UNK, REGNSK"
STRUCTURE_REG16/296342,0101000000F473C8D5612B5AC0206B5856113C4940,PED:SST:C196728,,COMPANY STEEL STAKE,LOC_C6197971,IPL,,0,LACC_ATRENCH_C,REGNSK,,REGNSK04,SASKTEL,,LENGTH=DEPTH,101057,UNK,,,BU,,"UNK, REGNSK"
STRUCTURE_REG16/297572,010100000008007E5B2A2A5AC0009380DD583C4940,PED:JSPED:C224284,,JOINT STANDARD PED,LOC_C6225162,IPL,,0,,REGNSK,,REGNSK04,SASKPOWER,,,,R 67 OSBORNE CRES,,,BU,,"R 67 OSBORNE CRES, REGNSK"
STRUCTURE_REG16/297675,0101000000743F197607295AC0C0189B07443B4940,PED:SST:C202253,,COMPANY STEEL STAKE,LOC_C6203433,IPL,,0,LACC_ATRENCH_C,REGNSK,,REGNSK01,SASKTEL,,NOT IN MARTENS,101057,UNK,,,BU,,"UNK, REGNSK"
STRUCTURE_REG16/298572,0101000000D0859A19642B5AC03028281F243C4940,PED:JSPED:C196977,,JOINT STANDARD PED,LOC_C6198214,IPL,,0,,REGNSK,,REGNSK04,SASKPOWER,,,,R 362 FULTON DR,,,BU,,"R 362 FULTON DR, REGNSK"
STRUCTURE_REG16/300003,0101000000C4F8425E152B5AC058CA4C85523A4940,PED:JSPED:C223544,,JOINT STANDARD PED,LOC_C6224434,IPL,,0,,REGNSK,,REGNSK04,SASKPOWER,,,,R 6408 DEWDNEY AVE,,,BU,,"R 6408 DEWDNEY AVE, REGNSK"
STRUCTURE_REG16/300312,010100000088BFABEDFF2B5AC04852EFCF633A4940,PED:JSPED:C221811,,JOINT STANDARD PED,LOC_C6222710,IPL,,0,,REGNSK,,REGNSK04,SASKPOWER,,,,R 1340 COURTNEY ST,,,BU,,"R 1340 COURTNEY ST, REGNSK"
STRUCTURE_REG16/300704,0101000000CCCD8DA2542B5AC0706CEF20243C4940,PED:JSPED:C196959,,JOINT STANDARD PED,LOC_C6198200,IPL,,0,,REGNSK,,REGNSK04,SASKPOWER,,,,R 330 FULTON DR,,,BU,,"R 330 FULTON DR, REGNSK"
STRUCTURE_REG16/301552,0101000000C86B282CA62B5AC088153D76EB3B4940,PED:SST:C198943,,COMPANY STEEL STAKE,LOC_C6200176,IPL,,0,LACC_ATRENCH_C,REGNSK,,REGNSK04,SASKTEL,,LENGTH=DEPTH,101057,R 627 DOROTHY ST,,,BU,,"R 627 DOROTHY ST, REGNSK"
STRUCTURE_REG16/301921,0101000000949BDADF5A295AC05088F7BEA63B4940,PED:JSPED:C195986,,JOINT STANDARD PED,LOC_C6197269,IPL,,0,,REGNSK,,REGNSK04,SASKPOWER,,,,UNK,,,BU,,"UNK, REGNSK"
STRUCTURE_REG16/305073,0101000000CC928B27FE285AC0684CCC43FE3A4940,PED:JTPED:C201681,,JOINT SPC TRF PED,LOC_C6202866,IPL,,0,,REGNSK,,REGNSK01,SASKPOWER,,,,UNK,,,BU,,"UNK, REGNSK"
STRUCTURE_REG16/305106,01010000009836D2088C295AC048C03136BA3B4940,PED:JSPED:C233027,,JOINT STANDARD PED,LOC_C6233757,IPL,,0,,REGNSK,,REGNSK04,SASKPOWER,,,,R 42 ROSEMONT CRES,,,BU,,"R 42 ROSEMONT CRES, REGNSK"
STRUCTURE_REG16/305748,010100000040BFD58BB82A5AC088EFDBB5E93A4940,PED:JSPED:C210334,,JOINT STANDARD PED,LOC_C6211357,IPL,,0,,REGNSK,,REGNSK04,SASKPOWER,,,,R 1160 FORT ST,,,BU,,"R 1160 FORT ST, REGNSK"
STRUCTURE_REG16/306075,010100000038051FA10B2B5AC0B80547732B3C4940,PED:JSPED:C207292,,JOINT STANDARD PED,LOC_C6208401,IPL,,0,,REGNSK,,REGNSK04,SASKPOWER,,,,R 142 TRUDELLE CRES,,,BU,,"R 142 TRUDELLE CRES, REGNSK"
STRUCTURE_REG16/306674,01010000005C7A8ED7822B5AC02062A7B8673C4940,PED:JSPED:C196770,,JOINT STANDARD PED,LOC_C6198014,IPL,,0,,REGNSK,,REGNSK04,SASKPOWER,,,,R 79 CARTER CRES,,,BU,,"R 79 CARTER CRES, REGNSK"
STRUCTURE_REG16/306679,01010000000C92A5D9732B5AC010DE0353113C4940,PED:JSPED:C196945,,JOINT STANDARD PED,LOC_C6198188,IPL,,0,,REGNSK,,REGNSK04,SASKPOWER,,,,R 186 READ AVE,,,BU,,"R 186 READ AVE, REGNSK"
STRUCTURE_REG16/306685,0101000000D04615C8232B5AC098154255AC3B4940,PED:JSPED:C204236,,JOINT STANDARD PED,LOC_C6205381,IPL,,0,,REGNSK,,REGNSK04,SASKPOWER,,,,R 42 SIBBALD CRES,,,BU,,"R 42 SIBBALD CRES, REGNSK"
STRUCTURE_REG16/306687,0101000000C8FD7BE18F2B5AC00872FC2FDB3B4940,PED:JSPED:C205559,,JOINT STANDARD PED,LOC_C6206683,IPL,,0,,REGNSK,,REGNSK04,SASKPOWER,,,,R 240 MIKKELSON DR,,,BU,,"R 240 MIKKELSON DR, REGNSK"
STRUCTURE_REG16/306700,01010000007C95D7A5212B5AC058AF9CD6103C4940,PED:JSPED:C211298,,JOINT STANDARD PED,LOC_C6212303,IPL,,0,,REGNSK,,REGNSK04,SASKPOWER,,,,R 78 READ AVE,,,BU,,"R 78 READ AVE, REGNSK"
STRUCTURE_REG16/306701,01010000000815F3DEFE2A5AC000489316643A4940,PED:JSPED:C220880,,JOINT STANDARD PED,LOC_C6221815,IPL,,0,,REGNSK,,REGNSK04,SASKPOWER,,,,R 1436 CARLTON ST,,,BU,,"R 1436 CARLTON ST, REGNSK"
STRUCTURE_REG16/306743,010100000070530886E12A5AC0307D7A9C043B4940,PED:JSPED:C204987,,JOINT STANDARD PED,LOC_C6206119,IPL,,0,,REGNSK,,REGNSK04,SASKPOWER,,,,R 6219 5TH AVE,,,BU,,"R 6219 5TH AVE, REGNSK"
STRUCTURE_REG16/306744,01010000003896DC00CA2B5AC060830AF0583C4940,PED:JSPED:C194657,,JOINT STANDARD PED,LOC_C6195954,IPL,,0,,REGNSK,,REGNSK04,SASKPOWER,,,,R 455 BLACK DR,,,BU,,"R 455 BLACK DR, REGNSK"
STRUCTURE_REG16/306745,010100000068A5CEAB532A5AC080B528284F3C4940,PED:JSPED:C228415,,JOINT STANDARD PED,LOC_C6229244,IPL,,0,,REGNSK,,REGNSK04,SASKPOWER,,,,R 42 FORSYTH CRES,,,BU,,"R 42 FORSYTH CRES, REGNSK"
STRUCTURE_REG16/306788,010100000034D0B87AD22B5AC0B0EA264AE53B4940,PED:JSPED:C197627,,JOINT STANDARD PED,LOC_C6198867,IPL,,0,,REGNSK,,REGNSK04,SASKPOWER,,,,R 621 TOOTHILL ST,,,BU,,"R 621 TOOTHILL ST, REGNSK"
STRUCTURE_REG16/306815,010100000088F87A03BB2B5AC030B970DEC73B4940,PED:SST:C200405,,COMPANY STEEL STAKE,LOC_C6201600,IPL,,0,LACC_ATRENCH_C,REGNSK,,REGNSK04,SASKTEL,,LENGTH=DEPTH,101057,UNK,,,BU,,"UNK, REGNSK"
STRUCTURE_REG16/306816,0101000000BC9F0D05BB2B5AC050315B40D53B4940,PED:SST:C200166,,COMPANY STEEL STAKE,LOC_C6201384,IPL,,0,LACC_ATRENCH_C,REGNSK,,REGNSK04,SASKTEL,,LENGTH=DEPTH,101057,UNK,,,BU,,"UNK, REGNSK"
STRUCTURE_REG16/309921,0101000000D40A95DD9E2A5AC03068A85EB23B4940,PED:SST::9048817,,COMPANY STEEL STAKE,LOC_8768949,IPL,,0,LACC_ATRENCH_C,REGNSK,,REGNSK04,SASKTEL,2016,LENGTH=DEPTH,101057,R 757 MCMANUS ST,0010,982924,BU,,"R 757 MCMANUS ST, REGNSK"
STRUCTURE_REG16/310838,010100000098396E422B2A5AC010175DA4313A4940,PED:JTPED:C257259,,JOINT SPC TRF PED,LOC_C6257660,IPL,,0,,REGNSK,,REGNSK04,SASKPOWER,,NOT IN MARTENS,,UNK,,,BU,,"UNK, REGNSK"
STRUCTURE_REG16/312801,01010000000C3742675B2A5AC07078FCDC653A4940,PED:SST:C306319,,COMPANY STEEL STAKE,LOC_C6306071,IPL,,0,LACC_ATRENCH_F,REGNSK,,REGNSK04,SASKTEL,2012,LENGTH=DEPTH,101057,R 1430 GRACE ST,0010,962363,BU,,"R 1430 GRACE ST, REGNSK"
STRUCTURE_REG16/313767,010100000038EC93E37B2A5AC008ED596D443C4940,PED:SST::8879214,,COMPANY STEEL STAKE,LOC_7790613,IPL,,0,LACC_ATRENCH_F,REGNSK,,REGNSK04,SASKTEL,2015,LENGTH=DEPTH,100791,UNK,0010,983635,BU,,"UNK, REGNSK"
STRUCTURE_REG16/313858,0101000000E8BA52F7EA295AC0F0DB8B60CA3A4940,PED:SST:C342618,,COMPANY STEEL STAKE,LOC_C6341795,IPL,,0,LACC_ATRENCH_F,REGNSK,,REGNSK04,SASKTEL,2013,LENGTH=DEPTH,100791,UNK,0010,966275,BU,,"UNK, REGNSK"
STRUCTURE_REG16/313895,01010000008C6ECB1AD12A5AC0188C84022B3C4940,PED:SST::9225149,,COMPANY STEEL STAKE,LOC_C6208279,IPL,,0,LACC_ATRENCH_F,REGNSK,,REGNSK04,SASKTEL,2016,LENGTH=DEPTH,100791,UNK,0010,986652,BU,,"UNK, REGNSK"
STRUCTURE_REG16/315939,01010000001CBE1CDB4A2B5AC0806A421BBF3B4940,PED:SST::9112835,,COMPANY STEEL STAKE,LOC_C6205793,IPL,,0,LACC_ATRENCH_C,REGNSK,,REGNSK04,SASKTEL,2016,LENGTH=DEPTH,101057,UNK,0010,985516,BU,,"UNK, REGNSK"
STRUCTURE_REG16/317215,01010000006421A1301F2B5AC0500A189CC23B4940,PED:JSPED:C204210,,JOINT STANDARD PED,LOC_C6205356,IPL,,0,,REGNSK,,REGNSK04,SASKPOWER,,,,R 142STRAUB ST,,,BU,,"R 142STRAUB ST, REGNSK"
STRUCTURE_REG16/318297,0101000000C4A881D26F2B5AC06819041E243C4940,PED:JSPED:C196988,,JOINT STANDARD PED,LOC_C6198221,IPL,,0,,REGNSK,,REGNSK04,SASKPOWER,,,,R 386 FULTON DR,,,BU,,"R 386 FULTON DR, REGNSK"
STRUCTURE_REG16/319990,0101000000F82C0EE8FE2A5AC080C8CF716E3B4940,PED:JSPED:C200904,,JOINT STANDARD PED,LOC_C6202099,IPL,,0,,REGNSK,,REGNSK04,SASKPOWER,,,,R 54 KRAUSS ST,,,BU,,"R 54 KRAUSS ST, REGNSK"
STRUCTURE_REG16/320414,01010000006C07B5A2572C5AC0787BB86DEA394940,PED:JUPED::12653989,,JOINT TRF PED,LOC_11871323,IPL,,0,,REGNSK,,REGNSK01,SASKPOWER,2023,,,,0000,820130,,,", REGNSK"
STRUCTURE_REG16/321808,010100000068D27F6C182B5AC0703486275E3B4940,PED:SST:C203276,,COMPANY STEEL STAKE,LOC_C6204441,IPL,,0,LACC_ATRENCH_C,REGNSK,,REGNSK04,SASKTEL,,LENGTH=DEPTH,100791,R 934 MCCARTHY BLVD,,,BU,,"R 934 MCCARTHY BLVD, REGNSK"
STRUCTURE_REG16/324462,0101000000F02A1A54632B5AC080BAD4B7F53B4940,PED:JSPED:C199634,,JOINT STANDARD PED,LOC_C6200860,IPL,,0,,REGNSK,,REGNSK04,SASKPOWER,,,,R 159 READ AVE,,,BU,,"R 159 READ AVE, REGNSK"
STRUCTURE_REG16/324463,0101000000904281C0482B5AC058224BB1A63B4940,PED:JSPED:C204584,,JOINT STANDARD PED,LOC_C6205724,IPL,,0,,REGNSK,,REGNSK04,SASKPOWER,,,,S 140 STRAUB ST,,,BU,,"S 140 STRAUB ST, REGNSK"
STRUCTURE_REG16/324464,0101000000684C7E47112B5AC0F8E173D6103C4940,PED:JSPED:C211311,,JOINT STANDARD PED,LOC_C6212314,IPL,,0,,REGNSK,,REGNSK04,SASKPOWER,,,,R 66 READ AVE,,,BU,,"R 66 READ AVE, REGNSK"
STRUCTURE_REG16/324916,01010000009487875B3E295AC0C836E4CAD9394940,PED:SST:C223613,,COMPANY STEEL STAKE,LOC_C6224500,IPL,,0,LACC_ATRENCH_C,REGNSK,REGNSKP6012,REGNSK01,SASKTEL,,LENGTH=DEPTH,100791,UNK,,,BU,,"UNK, REGNSK"
STRUCTURE_REG16/324974,0101000000BC9D3A128C295AC0700F2457C03B4940,PED:JTPED:C237644,,JOINT SPC TRF PED,LOC_C6238303,IPL,,0,,REGNSK,,REGNSK04,SASKPOWER,,,,UNK,,,BU,,"UNK, REGNSK"
STRUCTURE_REG16/325566,0101000000B063F5D7C32A5AC0F0C8FD20A83B4940,PED:JSPED:C198225,,JOINT STANDARD PED,LOC_C6199453,IPL,,0,,REGNSK,,REGNSK04,SASKPOWER,,,,S 53 MCCORMICK CRES,,,BU,,"S 53 MCCORMICK CRES, REGNSK"
STRUCTURE_REG16/325594,0101000000E09C6E5F5B2A5AC0C8B984186F3A4940,PED:JSPED:C214493,,JOINT STANDARD PED,LOC_C6215477,IPL,,0,,REGNSK,,REGNSK04,SASKPOWER,,,,R 1410 GRACE ST,,,BU,,"R 1410 GRACE ST, REGNSK"
STRUCTURE_REG16/325862,0101000000B4C9DB23D12A5AC088BFE04CAC3B4940,PED:JSPED:C198053,,JOINT STANDARD PED,LOC_C6199282,IPL,,0,,REGNSK,,REGNSK04,SASKPOWER,,,,S 54 MCCORMICK CRES,,,BU,,"S 54 MCCORMICK CRES, REGNSK"
STRUCTURE_REG16/325872,0101000000E454721B3B2B5AC048073D6BDC3B4940,PED:JSPED:C204317,,JOINT STANDARD PED,LOC_C6205461,IPL,,0,,REGNSK,,REGNSK04,SASKPOWER,,,,R 67 STRAUB CRES,,,BU,,"R 67 STRAUB CRES, REGNSK"
STRUCTURE_REG16/325887,0101000000B05F75B9482B5AC028FE38CC5D3C4940,PED:JSPED:C207502,,JOINT STANDARD PED,LOC_C6208596,IPL,,0,,REGNSK,,REGNSK04,SASKPOWER,,,,R 236 FULTON DR,,,BU,,"R 236 FULTON DR, REGNSK"
STRUCTURE_REG16/325889,0101000000889C0FE62E2B5AC048AC59C2F53B4940,PED:JSPED:C208848,,JOINT STANDARD PED,LOC_C6209904,IPL,,0,,REGNSK,,REGNSK04,SASKPOWER,,,,R 91 READ AVE,,,BU,,"R 91 READ AVE, REGNSK"
STRUCTURE_REG16/325890,010100000034357D34C42A5AC0A8604D055F3C4940,PED:JSPED:C209157,,JOINT STANDARD PED,LOC_C6210206,IPL,,0,,REGNSK,,REGNSK04,SASKPOWER,,,,R 18 TRUDELLE CRES,,,BU,,"R 18 TRUDELLE CRES, REGNSK"
STRUCTURE_REG16/326500,0101000000E868CE5AE72B5AC0388A21B0673C4940,PED:JSPED:C194354,,JOINT STANDARD PED,LOC_C6195654,IPL,,0,,REGNSK,,REGNSK04,SASKPOWER,,,,R 422 BLACK DR,,,BU,,"R 422 BLACK DR, REGNSK"
STRUCTURE_REG16/326617,0101000000444AE3B2722B5AC0107FFEFCB03B4940,PED:SST:C197946,,COMPANY STEEL STAKE,LOC_C6199172,IPL,,0,LACC_ATRENCH_C,REGNSK,,REGNSK04,SASKTEL,,LENGTH=DEPTH,101057,R 744 SWEENEY ST,,,BU,,"R 744 SWEENEY ST, REGNSK"
STRUCTURE_REG16/326623,01010000005C24AA73892A5AC0F0C16F06E93B4940,PED:JSPED:C211029,,JOINT STANDARD PED,LOC_C6212039,IPL,,0,,REGNSK,,REGNSK04,SASKPOWER,,,,UNK,,,BU,,"UNK, REGNSK"
STRUCTURE_REG16/326630,010100000050EB37F2C42B5AC000FA05A73D3C4940,PED:JTPED:C194598,,JOINT SPC TRF PED,LOC_C6195891,IPL,,0,,REGNSK,,REGNSK04,SASKPOWER,,,,UNK,,,BU,,"UNK, REGNSK"
STRUCTURE_REG16/326639,010100000090555DFC572B5AC0D0F637C1673C4940,PED:JSPED:C196834,,JOINT STANDARD PED,LOC_C6198080,IPL,,0,,REGNSK,,REGNSK04,SASKPOWER,,,,R 6 SHERMAN RD,,,BU,,"R 6 SHERMAN RD, REGNSK"
STRUCTURE_REG16/329781,010100000048A4D9E1B42A5AC08091E12FA83B4940,PED:SST::9048812,,COMPANY STEEL STAKE,LOC_C6199444,IPL,,0,LACC_ATRENCH_C,REGNSK,,REGNSK04,SASKTEL,2016,LENGTH=DEPTH,101057,R 10 MELROSE PLACE,0010,982924,BU,,"R 10 MELROSE PLACE, REGNSK"
STRUCTURE_REG16/330943,0101000000C0E9BD2ECC2B5AC058936D6EB93B4940,PED:JUPED::11242450,,JOINT TRF PED,LOC_10850185,IPL,,0,,REGNSK,,REGNSK04,SASKPOWER,2020,,,,,,BU,,", REGNSK"
STRUCTURE_REG16/332592,0101000000D0E4BBC4F32B5AC080BC2171353A4940,PED:SST:C566357,,COMPANY STEEL STAKE,LOC_C6557738,IPL,,0,LACC_ATRENCH_F,REGNSK,,REGNSK01,SASKTEL,,,127035,UNK,,,BU,,"UNK, REGNSK"
STRUCTURE_REG16/332746,0101000000C471EF00002C5AC0885A1546D23A4940,PED:SST:C311523,,COMPANY STEEL STAKE,LOC_DC6311182,IPL,,0,LACC_ATRENCH_F,REGNSK,,REGNSK04,SASKTEL,,LENGTH=DEPTH,101057,X R 1212 COURTNEY ST,,,BU,,"X R 1212 COURTNEY ST, REGNSK"
STRUCTURE_REG16/335928,0101000000A8005733A42B5AC028D9A70CB13B4940,PED:SST:C198598,,COMPANY STEEL STAKE,LOC_C6199830,IPL,,0,LACC_ATRENCH_C,REGNSK,,REGNSK04,SASKTEL,,LENGTH=DEPTH,101057,R 152 RITTER AVE,,,BU,,"R 152 RITTER AVE, REGNSK"
STRUCTURE_REG16/338331,010100000058D8E5F17A2A5AC040A5FDBB303C4940,PED:SST:C210355,,COMPANY STEEL STAKE,LOC_C6211384,IPL,,0,LACC_ATRENCH_C,REGNSK,,REGNSK04,SASKTEL,,LENGTH=DEPTH,100783,UP1200 F 555 CAMPBEL,,,BU,,"UP1200 F 555 CAMPBEL, REGNSK"
STRUCTURE_REG16/339966,0101000000847ED3DFFE2A5AC0086F8B76383B4940,PED:JSPED:C197909,,JOINT STANDARD PED,LOC_C6199144,IPL,,0,,REGNSK,,REGNSK04,SASKPOWER,,,,R 98 KRAUSS ST,,,BU,,"R 98 KRAUSS ST, REGNSK"
STRUCTURE_REG16/340279,010100000030C57C76892A5AC070F71F57F23B4940,PED:JSPED:C211018,,JOINT STANDARD PED,LOC_C6212034,IPL,,0,,REGNSK,,REGNSK04,SASKPOWER,,no ap in martens,,R 618 CAMPBELL ST,,,BU,,"R 618 CAMPBELL ST, REGNSK"
STRUCTURE_REG16/340367,0101000000C80762ABF42B5AC030A2826A533C4940,PED:JLAPD:C194275,,JOINT LARGE PED,LOC_C6195575,IPL,,0,,REGNSK,,REGNSK04,SASKPOWER,,,,R 426 HANSEN DR,,,BU,,"R 426 HANSEN DR, REGNSK"
STRUCTURE_REG16/341210,0101000000E891CC0B8C295AC028F7423BC63B4940,PED:JSPED:C232970,,JOINT STANDARD PED,LOC_C6233700,IPL,,0,,REGNSK,,REGNSK04,SASKPOWER,,,,F 703 FORGET ST,,,BU,,"F 703 FORGET ST, REGNSK"
STRUCTURE_REG16/344823,01010000009016DD63F1295AC08854E68D633C4940,PED:JSPED:C224376,,JOINT STANDARD PED,LOC_C6225254,IPL,,0,,REGNSK,,REGNSK04,SASKPOWER,,,,R 24 NATHAN ST,,,BU,,"R 24 NATHAN ST, REGNSK"
STRUCTURE_REG16/344858,0101000000240CE488BE295AC0F0CD4686533A4940,PED:SST:C214963,,COMPANY STEEL STAKE,LOC_C6215948,IPL,,0,LACC_ATRENCH_C,REGNSK,,REGNSK04,SASKTEL,,LENGTH=DEPTH,100791,UNK,,,BU,,"UNK, REGNSK"
STRUCTURE_REG16/345424,01010000006CD1AEB41F2B5AC0C07C30985B3C4940,PED:JSPED:C207090,,JOINT STANDARD PED,LOC_C6208202,IPL,,0,,REGNSK,,REGNSK04,SASKPOWER,,,,R 199 TRUDELLE CRES,,,BU,,"R 199 TRUDELLE CRES, REGNSK"
STRUCTURE_REG16/345425,01010000005462C1A4882A5AC0381F823D353C4940,PED:JSPED:C209737,,JOINT STANDARD PED,LOC_C6210774,IPL,,0,,REGNSK,,REGNSK04,SASKPOWER,,,,R 11 SNEATH CRES,,,BU,,"R 11 SNEATH CRES, REGNSK"
STRUCTURE_REG16/345680,010100000014A03A44A62B5AC0B087E8AA553C4940,PED:JLAPD:C195080,,JOINT LARGE PED,LOC_C6196371,IPL,,0,,REGNSK,,REGNSK04,SASKPOWER,,,,R 194 PAYNTER CRES,,,BU,,"R 194 PAYNTER CRES, REGNSK"
STRUCTURE_REG16/345688,0101000000DC3F0978812B5AC0C0B7C0BDA93B4940,PED:JSPED:C198615,,JOINT STANDARD PED,LOC_C6199846,IPL,,0,,REGNSK,,REGNSK04,SASKPOWER,,,,R 104 RITTER AVE,,,BU,,"R 104 RITTER AVE, REGNSK"
STRUCTURE_REG16/345694,0101000000D4F25E100C2B5AC0E8C69A82D63B4940,PED:JSPED:C204339,,JOINT STANDARD PED,LOC_C6205484,IPL,,0,,REGNSK,,REGNSK04,SASKPOWER,,,,R 3 STRAUB CRES,,,BU,,"R 3 STRAUB CRES, REGNSK"
STRUCTURE_REG16/345708,0101000000D470EA33E22A5AC0280D7324453C4940,PED:JSPED:C207015,,JOINT STANDARD PED,LOC_C6208126,IPL,,0,,REGNSK,,REGNSK04,SASKPOWER,,,,R 79 TRUDELLE CRES,,,BU,,"R 79 TRUDELLE CRES, REGNSK"
STRUCTURE_REG16/345709,0101000000A465BD7BF42A5AC0487BAE1C453C4940,PED:JSPED:C207030,,JOINT STANDARD PED,LOC_C6208140,IPL,,0,,REGNSK,,REGNSK04,SASKPOWER,,,,R 111 TRUDELLE CRES,,,BU,,"R 111 TRUDELLE CRES, REGNSK"
STRUCTURE_REG16/346347,01010000005058DE92922B5AC0385149DF5C3C4940,PED:JSPED:C197112,,JOINT STANDARD PED,LOC_C6198347,IPL,,0,,REGNSK,,REGNSK04,SASKPOWER,,,,R 179 PAYNTER CRES,,,BU,,"R 179 PAYNTER CRES, REGNSK"
STRUCTURE_REG16/346348,0101000000B4365CFDDB2A5AC0F81B4F99953B4940,PED:JSPED:C198614,,JOINT STANDARD PED,LOC_C6199845,IPL,,0,,REGNSK,,REGNSK04,SASKPOWER,,,,R 65 MIKKELSON DR,,,BU,,"R 65 MIKKELSON DR, REGNSK"
STRUCTURE_REG16/346354,0101000000D473C018EB2A5AC028EBF965733B4940,PED:JSPED:C200630,,JOINT STANDARD PED,LOC_C6201822,IPL,,0,,REGNSK,,REGNSK04,SASKPOWER,,,,R 57 KRAUSS ST,,,BU,,"R 57 KRAUSS ST, REGNSK"
STRUCTURE_REG16/346417,01010000009C31E2EECB2A5AC0205BC19C043B4940,PED:JSPED:C204958,,JOINT STANDARD PED,LOC_C6206094,IPL,,0,,REGNSK,,REGNSK04,SASKPOWER,,,,R 6109 5TH AVE,,,BU,,"R 6109 5TH AVE, REGNSK"
STRUCTURE_REG16/346426,0101000000AC88B0CDE52A5AC018FA3D0A073C4940,PED:JTPED:C211470,,JOINT SPC TRF PED,LOC_C6212473,IPL,,0,,REGNSK,,REGNSK04,SASKPOWER,,,,UNK,,,BU,,"UNK, REGNSK"
STRUCTURE_REG16/346449,0101000000D4B4EBDBD22A5AC000D635BDB83B4940,PED:JTPED:C198063,,JOINT SPC TRF PED,LOC_C6199293,IPL,,0,,REGNSK,,REGNSK04,SASKPOWER,,,,UNK,,,BU,,"UNK, REGNSK"
STRUCTURE_REG16/346450,0101000000A80F7DA7C42A5AC06812899D043B4940,PED:JSPED:C204957,,JOINT STANDARD PED,LOC_C6206091,IPL,,0,,REGNSK,,REGNSK04,SASKPOWER,,,,UNK,,,BU,,"UNK, REGNSK"
STRUCTURE_REG16/346462,010100000024D1937E572B5AC0D0C2F4E34D3C4940,PED:JSPED:C197508,,JOINT STANDARD PED,LOC_C6198747,IPL,,0,,REGNSK,,REGNSK04,SASKPOWER,,,,R 39 SHERMAN RD,,,BU,,"R 39 SHERMAN RD, REGNSK"
STRUCTURE_REG16/346478,01010000008404BC67852A5AC078F9FB04113C4940,PED:JSPED:C210860,,JOINT STANDARD PED,LOC_C6211874,IPL,,0,,REGNSK,,REGNSK04,SASKPOWER,,,,R 5808 MCKINLEY AVE,,,BU,,"R 5808 MCKINLEY AVE, REGNSK"
STRUCTURE_REG16/346495,01010000005C8E6594C32B5AC0102AB4F0583C4940,PED:JSPED:C194652,,JOINT STANDARD PED,LOC_C6195948,IPL,,0,,REGNSK,,REGNSK04,SASKPOWER,,,,R 519 BLACK DR,,,BU,,"R 519 BLACK DR, REGNSK"
STRUCTURE_REG16/346735,0101000000CC3A8842D0285AC04832773C0C3A4940,PED:SST:C265318,,COMPANY STEEL STAKE,LOC_C6265631,IPL,,0,LACC_ATRENCH_C,REGNSK,,REGNSK01,SASKTEL,,NO AP IN MARTENS,100783,UNK,,,BU,,"UNK, REGNSK"
STRUCTURE_REG16/350879,010100000014B3589C47295AC0C0845609913B4940,PED:JUPED::6700317,,JOINT TRF PED,LOC_6639880,IPL,,0,,REGNSK,,REGNSK04,SASKPOWER,2012,NO AP IN MARTENS,,UNK,0010,963983,BU,,"UNK, REGNSK"
STRUCTURE_REG16/352454,0101000000FCBD5BF3FF2B5AC0F8BF6B23A03A4940,PED:SST:C311394,,COMPANY STEEL STAKE,LOC_DC6311053,IPL,,0,LACC_ATRENCH_F,REGNSK,,REGNSK04,SASKTEL,,LENGTH=DEPTH,101057,X R 1304 COURTNEY ST,,,BU,,"X R 1304 COURTNEY ST, REGNSK"
STRUCTURE_REG16/352695,0101000000A499354B3E295AC040246F328A3B4940,PED:JSPED::6700319,,JOINT STANDARD PED,LOC_6639882,IPL,,0,,REGNSK,,REGNSK04,SASKPOWER,2012,NO AP IN MARTENS,,S 155 DEMARCO POINTE,0010,963983,BU,,"S 155 DEMARCO POINTE, REGNSK"
STRUCTURE_REG16/352762,0101000000744C84DD752C5AC0385423C6FB394940,PED:JSPED::9021045,,JOINT STANDARD PED,LOC_8743634,IPL,,0,,REGNSK,,REGNSK01,SASKPOWER,2016,,,UNK,0010,983509,BU,,"UNK, REGNSK"
STRUCTURE_REG16/353591,010100000014E5326B922C5AC0E84092A30A3A4940,PED:SST::9021343,,COMPANY STEEL STAKE,LOC_8744584,IPL,,0,LACC_ATRENCH_F,REGNSK,,REGNSK01,SASKTEL,2016,LENGTH=DEPTH,100791,UNK,0010,983509,BU,,"UNK, REGNSK"
STRUCTURE_REG16/355699,010100000074F1F3E9B52B5AC0485086C1B43B4940,PED:JSPED:C200140,,JOINT STANDARD PED,LOC_C6201359,IPL,,0,,REGNSK,,REGNSK04,SASKPOWER,,,,R 172 RITTER AVE,,,BU,,"R 172 RITTER AVE, REGNSK"
STRUCTURE_REG16/355700,010100000088B52F08BB2B5AC0C07A8825E93B4940,PED:SST:C197524,,COMPANY STEEL STAKE,LOC_C6198764,IPL,,0,LACC_ATRENCH_C,REGNSK,,REGNSK04,SASKTEL,,LENGTH=DEPTH,101057,UNK,,,BU,,"UNK, REGNSK"
STRUCTURE_REG16/357760,0101000000A41C7C2908295AC0A83466D5513B4940,PED:SST:C203797,,COMPANY STEEL STAKE,LOC_C6204946,IPL,,0,LACC_ATRENCH_C,REGNSK,,REGNSK01,SASKTEL,,NOT IN MARTENS,100783,S 4210 4TH AVE,,,BU,,"S 4210 4TH AVE, REGNSK"
STRUCTURE_REG16/357930,010100000024AB5A86E32A5AC0C80BC396CA3B4940,PED:JSPED:C202754,,JOINT STANDARD PED,LOC_C6203933,IPL,,0,,REGNSK,,REGNSK04,SASKPOWER,,,,R 147 MOLLARD CRES,,,BU,,"R 147 MOLLARD CRES, REGNSK"
STRUCTURE_REG16/357957,0101000000FCFD769ACB2A5AC0582A8851353C4940,PED:JSPED:C209130,,JOINT STANDARD PED,LOC_C6210179,IPL,,0,,REGNSK,,REGNSK04,SASKPOWER,,,,R 58 TRUDELLE CRES,,,BU,,"R 58 TRUDELLE CRES, REGNSK"
STRUCTURE_REG16/357958,010100000014E966FBC72A5AC0F8D12C1A3C3C4940,PED:JSPED:C209136,,JOINT STANDARD PED,LOC_C6210185,IPL,,0,,REGNSK,,REGNSK04,SASKPOWER,,,,R 50 TRUDELLE CRES,,,BU,,"R 50 TRUDELLE CRES, REGNSK"
STRUCTURE_REG16/358140,010100000000C84877892A5AC02810F4BFF83B4940,PED:SST:C221748,,COMPANY STEEL STAKE,LOC_C6222648,IPL,,0,LACC_ATRENCH_C,REGNSK,,REGNSK04,SASKTEL,,LENGTH=DEPTH,101057,UNK,,,BU,,"UNK, REGNSK"
STRUCTURE_REG16/359588,0101000000205CB7F7FF2B5AC0588002D1CE3A4940,PED:JSPED:C197897,,JOINT STANDARD PED,LOC_C6199135,IPL,,0,,REGNSK,,REGNSK04,SASKPOWER,,,,R 1214 COURTNEY ST,,,BU,,"R 1214 COURTNEY ST, REGNSK"
STRUCTURE_REG16/360802,01010000009C16DA3E862B5AC020DA104E113C4940,PED:JSPED:C196927,,JOINT STANDARD PED,LOC_C6198171,IPL,,0,,REGNSK,,REGNSK04,SASKPOWER,,,,R 210 READ AVE,,,BU,,"R 210 READ AVE, REGNSK"
STRUCTURE_REG16/360812,0101000000EC59934BBC2B5AC05865403F113C4940,PED:JSPED:C196889,,JOINT STANDARD PED,LOC_C6198136,IPL,,0,,REGNSK,,REGNSK04,SASKPOWER,,,,R 266 READ AVE,,,BU,,"R 266 READ AVE, REGNSK"
STRUCTURE_REG16/360813,0101000000DCE1E505922B5AC0D809C74A113C4940,PED:JSPED:C196913,,JOINT STANDARD PED,LOC_C6198161,IPL,,0,,REGNSK,,REGNSK04,SASKPOWER,,,,R 226 READ AVE,,,BU,,"R 226 READ AVE, REGNSK"
STRUCTURE_REG16/361248,01010000001C8DF76E892A5AC030255F64DD3B4940,PED:SST::8900019,,COMPANY STEEL STAKE,LOC_C6197504,IPL,,0,LACC_ATRENCH_C,REGNSK,,REGNSK04,SASKTEL,2016,,127035,R 642 CAMPBELL ST,0010,982924,BU,,"R 642 CAMPBELL ST, REGNSK"
STRUCTURE_REG16/362081,010100000078474BED1E295AC0A8F4CA64D4394940,PED:SST:C223396,,COMPANY STEEL STAKE,LOC_C6224290,IPL,,0,LACC_ATRENCH_C,REGNSK,,REGNSK01,SASKTEL,,LENGTH=DEPTH,101057,UNK,,,BU,,"UNK, REGNSK"
STRUCTURE_REG16/363323,010100000090776264962A5AC0C8F16A23183A4940,PED:SST:C220578,,COMPANY STEEL STAKE,LOC_C6221521,IPL,,0,LACC_ATRENCH_C,REGNSK,,REGNSK01,SASKTEL,,NOT IN MARTENS,100791,UNK,,,BU,,"UNK, REGNSK"
STRUCTURE_REG16/363880,0101000000F8304077292B5AC090DAE1D5103C4940,PED:JSPED:C211288,,JOINT STANDARD PED,LOC_C6212293,IPL,,0,,REGNSK,,REGNSK04,SASKPOWER,,,,R 82 READ AVE,,,BU,,"R 82 READ AVE, REGNSK"
STRUCTURE_REG16/364368,010100000000DCF6B4B8295AC01017D2B1283A4940,PED:SST:C291298,,COMPANY STEEL STAKE,LOC_C6291238,IPL,,0,LACC_ATRENCH_C,REGNSK,,REGNSK01,SASKTEL,,LENGTH=DEPTH,101057,UNK,,,BU,,"UNK, REGNSK"
STRUCTURE_REG16/365105,010100000074C2A9E16B2B5AC0A0614DAC663C4940,PED:JSPED:C197426,,JOINT STANDARD PED,LOC_C6198668,IPL,,0,,REGNSK,,REGNSK04,SASKPOWER,,,,R 55 CARTER CRES,,,BU,,"R 55 CARTER CRES, REGNSK"
STRUCTURE_REG16/365313,0101000000E402BAD6CE2B5AC0C0725DFBB93B4940,PED:JSPED:C200558,,JOINT STANDARD PED,LOC_C6201747,IPL,,0,,REGNSK,,REGNSK04,SASKPOWER,,,,R 200 RITTER AVE,,,BU,,"R 200 RITTER AVE, REGNSK"
STRUCTURE_REG16/365955,01010000006CEEA864522B5AC0F06FC85A113C4940,PED:JSPED:C196695,,JOINT STANDARD PED,LOC_C6197940,IPL,,0,,REGNSK,,REGNSK04,SASKPOWER,,,,R 146 READ AVE,,,BU,,"R 146 READ AVE, REGNSK"
STRUCTURE_REG16/365957,0101000000FCF30BE17E2B5AC040B91C05413C4940,PED:JSPED:C197355,,JOINT STANDARD PED,LOC_C6198600,IPL,,0,,REGNSK,,REGNSK04,SASKPOWER,,,,R 126 CARTER CRES,,,BU,,"R 126 CARTER CRES, REGNSK"
STRUCTURE_REG16/365958,01010000003C06E730182B5AC018F0ACF6533B4940,PED:JSPED:C197854,,JOINT STANDARD PED,LOC_C6199096,IPL,,0,,REGNSK,,REGNSK04,SASKPOWER,,,,R 956 MCCARTHY BLVD,,,BU,,"R 956 MCCARTHY BLVD, REGNSK"
STRUCTURE_REG16/366020,010100000008BA396C8D2A5AC0C88BE902113C4940,PED:JSPED:C210866,,JOINT STANDARD PED,LOC_C6211878,IPL,,0,,REGNSK,,REGNSK04,SASKPOWER,,,,R 5816 MCKINLEY AVE,,,BU,,"R 5816 MCKINLEY AVE, REGNSK"
STRUCTURE_REG16/366021,0101000000980FBCE5802B5AC0B8E0D6C1673C4940,PED:SST:C196789,,COMPANY STEEL STAKE,LOC_C6198034,PDR,REGN980008-0010,14905214,LACC_ATRENCH_C,REGNSK,,REGNSK04,SASKTEL,,LENGTH=DEPTH,100783,UNK,,,BU,,"UNK, REGNSK"
STRUCTURE_REG16/366055,010100000020268F445B2A5AC0B8D64C68593A4940,PED:JSPED:C214470,,JOINT STANDARD PED,LOC_C6215455,IPL,,0,,REGNSK,,REGNSK04,SASKPOWER,,,,UNK,,,BU,,"UNK, REGNSK"
STRUCTURE_REG16/366057,0101000000F033630ED82A5AC0E8180883E43B4940,PED:JSPED:C202770,,JOINT STANDARD PED,LOC_C6203949,IPL,,0,,REGNSK,,REGNSK04,SASKPOWER,,,,UNK,,,BU,,"UNK, REGNSK"
STRUCTURE_REG16/366063,0101000000E4666BBC952B5AC0180A7299983A4940,PED:JSPED:C218937,,JOINT STANDARD PED,LOC_C6219896,IPL,,0,,REGNSK,,REGNSK04,SASKPOWER,,,,R 7102 8TH AVE,,,BU,,"R 7102 8TH AVE, REGNSK"
STRUCTURE_REG16/366069,0101000000F05192EAE52B5AC0E89705A3EA3B4940,PED:JSPED:C196817,,JOINT STANDARD PED,LOC_C6198063,IPL,,0,,REGNSK,,REGNSK04,SASKPOWER,,,,R 614 TOOTHILL ST,,,BU,,"R 614 TOOTHILL ST, REGNSK"
STRUCTURE_REG16/366092,0101000000E4380197312B5AC068ABD90AE73A4940,PED:SST:C198282,,COMPANY STEEL STAKE,LOC_C6199513,IPL,,0,LACC_ATRENCH_C,REGNSK,,REGNSK04,SASKTEL,,LENGTH=DEPTH,101057,UNK,,,BU,,"UNK, REGNSK"
STRUCTURE_REG16/366099,010100000080E4EE8AB82A5AC0D8276D35E13A4940,PED:JSPED:C210464,,JOINT STANDARD PED,LOC_C6211487,IPL,,0,,REGNSK,,REGNSK04,SASKPOWER,,,,R 6112 BRUNSKILL PL,,,BU,,"R 6112 BRUNSKILL PL, REGNSK"
STRUCTURE_REG16/367446,0101000000C84D44277A2C5AC0B0F7D7CFFB394940,PED:JSPED::9021044,,JOINT STANDARD PED,LOC_8743633,IPL,,0,,REGNSK,,REGNSK01,SASKPOWER,2016,,,UNK,0010,983509,BU,,"UNK, REGNSK"
STRUCTURE_REG16/369210,0101000000D865550AD52A5AC0008C4377B53B4940,PED:SST::9048205,,COMPANY STEEL STAKE,LOC_C6199269,IPL,,0,LACC_ATRENCH_C,REGNSK,,REGNSK04,SASKTEL,2016,LENGTH=DEPTH,101057,UNK,0010,982924,BU,,"UNK, REGNSK"
STRUCTURE_REG16/370474,0101000000503A9361552B5AC0C8A36DCC103C4940,PED:JUPED::11242445,,JOINT TRF PED,LOC_10850183,IPL,,0,,REGNSK,,REGNSK04,SASKPOWER,2020,,,,,,BU,,", REGNSK"
STRUCTURE_REG16/370624,01010000005CF52409922C5AC0B86FCBA00A3A4940,PED:JUPED::9021341,,JOINT TRF PED,LOC_8744584,IPL,,0,,REGNSK,,REGNSK01,SASKPOWER,2016,,,UNK,0010,983509,BU,,"UNK, REGNSK"
STRUCTURE_REG16/372131,01010000008CFC47FA022A5AC0701540754F3C4940,PED:SST::8866166,,COMPANY STEEL STAKE,LOC_C6231293,IPL,,0,LACC_ATRENCH_F,REGNSK,,REGNSK04,SASKTEL,2015,,127035,UNK,0010,983635,BU,,"UNK, REGNSK"
STRUCTURE_REG16/373239,0101000000F8419FC0E22A5AC020B0FE7E9A3B4940,PED:SST::8887212,,COMPANY STEEL STAKE,LOC_C6201519,IPL,,0,LACC_ATRENCH_C,REGNSK,,REGNSK04,SASKTEL,2016,LENGTH=DEPTH,100791,R 69 MIKKELSON DR,0010,982924,BU,,"R 69 MIKKELSON DR, REGNSK"
STRUCTURE_REG16/373318,010100000094F019C3BB2B5AC07072E577503C4940,PED:SST::8641455,,COMPANY STEEL STAKE,LOC_C6195872,IPL,,0,LACC_ATRENCH_F,REGNSK,,REGNSK04,SASKTEL,2015,LENGTH=DEPTH,100791,UNK,0010,980010,BU,,"UNK, REGNSK"
STRUCTURE_REG16/373834,0101000000607B4EF6862B5AC0701D71A2BF3B4940,PED:JSPED::11500059,,JOINT STANDARD PED,LOC_11025238,IPL,,0,,REGNSK,,REGNSK04,SASKPOWER,2021,,,,,,BU,,", REGNSK"
STRUCTURE_REG16/375369,010100000060434BDF4A2B5AC0A8F99F73EC3B4940,PED:JSPED:C208874,,JOINT STANDARD PED,LOC_C6209928,IPL,,0,,REGNSK,,REGNSK04,SASKPOWER,,,,UNK,,,BU,,"UNK, REGNSK"
STRUCTURE_REG16/376981,01010000000CBDE8D2CF295AC008BD8FF4003A4940,PED:SST:C201447,,COMPANY STEEL STAKE,LOC_C6202652,IPL,,0,LACC_ATRENCH_C,REGNSK,,REGNSK01,SASKTEL,,no ap martens,100783,UNK,,,BU,,"UNK, REGNSK"
STRUCTURE_REG16/379300,01010000006C2AF2EEFF2B5AC0D8203A41713A4940,PED:JSPED:C221851,,JOINT STANDARD PED,LOC_C6222747,IPL,,0,,REGNSK,,REGNSK04,SASKPOWER,,,,R 1330 COURTNEY ST,,,BU,,"R 1330 COURTNEY ST, REGNSK"
STRUCTURE_REG16/379907,010100000054C1148A192B5AC0280D3DE82D3B4940,PED:SST:C198279,,COMPANY STEEL STAKE,LOC_C6199509,IPL,,0,LACC_ATRENCH_C,REGNSK,,REGNSK04,SASKTEL,,LENGTH=DEPTH,101057,A 1109 MCCARTHY BLVD,,,BU,,"A 1109 MCCARTHY BLVD, REGNSK"
STRUCTURE_REG16/381142,01010000003485E4505E2B5AC090C9B433D53B4940,PED:JSPED:C199736,,JOINT STANDARD PED,LOC_C6200956,IPL,,0,,REGNSK,,REGNSK04,SASKPOWER,,,,R 660 SNEDDON ST,,,BU,,"R 660 SNEDDON ST, REGNSK"
STRUCTURE_REG16/382471,01010000005CFA5FFA732B5AC070B9BFBCB83B4940,PED:SST::11500693,,COMPANY STEEL STAKE,LOC_C6204651,PDA,REGN106535-0010,23229696,LACC_ATRENCH_F,REGNSK,,REGNSK04,SASKTEL,2021,LENGTH=DEPTH,101057,,0010,106535,BU,,", REGNSK"
STRUCTURE_REG16/383751,0101000000BC1CDEC2C62B5AC0E819169EF53B4940,PED:JSPED:C196849,,JOINT STANDARD PED,LOC_C6198100,IPL,,0,,REGNSK,,REGNSK04,SASKPOWER,,NO AP IN MARTENS,,R 275 READ AVE,,,BU,,"R 275 READ AVE, REGNSK"
STRUCTURE_REG16/384651,0101000000F0CCEC6FA02A5AC0A056BEF2D63A4940,PED:JSPED:C202837,,JOINT STANDARD PED,LOC_C6204012,IPL,,0,,REGNSK,,REGNSK04,SASKPOWER,,,,R 5906 MALLARD WAY,,,BU,,"R 5906 MALLARD WAY, REGNSK"
STRUCTURE_REG16/384966,010100000028C1CBD4902B5AC0404AE11E243C4940,PED:JSPED:C197009,,JOINT STANDARD PED,LOC_C6198245,IPL,,0,,REGNSK,,REGNSK04,SASKPOWER,,,,R 446 FULTON DR,,,BU,,"R 446 FULTON DR, REGNSK"
STRUCTURE_REG16/384967,0101000000D4CA9BFBFF2B5AC0F034F15FF73A4940,PED:JSPED:C197882,,JOINT STANDARD PED,LOC_C6199117,IPL,,0,,REGNSK,,REGNSK04,SASKPOWER,,,,R 1118 COURTNEY ST,,,BU,,"R 1118 COURTNEY ST, REGNSK"
STRUCTURE_REG16/384978,01010000006C76D17BD62A5AC080598617883B4940,PED:JSPED:C198630,,JOINT STANDARD PED,LOC_C6199863,IPL,,0,,REGNSK,,REGNSK04,SASKPOWER,,,,R 8 LYONS ST,,,BU,,"R 8 LYONS ST, REGNSK"
STRUCTURE_REG16/384994,010100000024F46076222B5AC0C02ABA6F613C4940,PED:JSPED:C207094,,JOINT STANDARD PED,LOC_C6208207,IPL,,0,,REGNSK,,REGNSK04,SASKPOWER,,,,R 207 TRUDELLE CRES,,,BU,,"R 207 TRUDELLE CRES, REGNSK"
STRUCTURE_REG16/385004,01010000005C6A6571082B5AC060FBB4EAF03B4940,PED:JSPED:C208922,,JOINT STANDARD PED,LOC_C6209976,IPL,,0,,REGNSK,,REGNSK04,SASKPOWER,,,,R 53 READ AVE,,,BU,,"R 53 READ AVE, REGNSK"
STRUCTURE_REG16/385620,0101000000E0339F94452B5AC02092D65C113C4940,PED:JSPED:C196711,,JOINT STANDARD PED,LOC_C6197955,IPL,,0,,REGNSK,,REGNSK04,SASKPOWER,,,,R 130 READ AVE,,,BU,,"R 130 READ AVE, REGNSK"
STRUCTURE_REG16/385629,010100000034EA38B6722B5AC0E8593F26E73B4940,PED:JSPED:C201078,,JOINT STANDARD PED,LOC_C6202269,IPL,,0,,REGNSK,,REGNSK04,SASKPOWER,,,,R 626 SWEENEY ST,,,BU,,"R 626 SWEENEY ST, REGNSK"
STRUCTURE_REG16/385643,0101000000DCFDEF5D2A2A5AC098169FB6513C4940,PED:JSPED:C224288,,JOINT STANDARD PED,LOC_C6225169,IPL,,0,,REGNSK,,REGNSK04,SASKPOWER,,,,R 63 OSBORNE CRES,,,BU,,"R 63 OSBORNE CRES, REGNSK"
STRUCTURE_REG16/385645,0101000000647D2AA4452B5AC030F1F3BEF53B4940,PED:SST:C208852,,COMPANY STEEL STAKE,LOC_C6209908,IPL,,0,LACC_ATRENCH_C,REGNSK,,REGNSK04,SASKTEL,,LENGTH=DEPTH,101057,R 129 READ AVE,,,BU,,"R 129 READ AVE, REGNSK"
STRUCTURE_REG16/385677,0101000000147D7F2F372B5AC0901B6507593C4940,PED:JTPED:C207420,,JOINT SPC TRF PED,LOC_C6208517,IPL,,0,,REGNSK,,REGNSK04,SASKPOWER,,,,UNK,,,BU,,"UNK, REGNSK"
STRUCTURE_REG16/385719,0101000000CC51C646002C5AC0D0C4A310653C4940,PED:JSPED:C194272,,JOINT STANDARD PED,LOC_C6195573,IPL,,0,,REGNSK,,REGNSK04,SASKPOWER,,,,R 406 HANSEN DR,,,BU,,"R 406 HANSEN DR, REGNSK"
STRUCTURE_REG16/385725,01010000000CC64370A02A5AC0F02A9688DB3A4940,PED:JTPED:C202841,,JOINT SPC TRF PED,LOC_C6204014,IPL,,0,,REGNSK,,REGNSK04,SASKPOWER,,,,UNK,,,BU,,"UNK, REGNSK"
STRUCTURE_REG16/385745,0101000000ACC81F743F2A5AC03862F3FF573C4940,PED:JSPED:C224219,,JOINT STANDARD PED,LOC_C6225096,IPL,,0,,REGNSK,,REGNSK04,SASKPOWER,,,,R 450 PALLISER ST,,,BU,,"R 450 PALLISER ST, REGNSK"
STRUCTURE_REG16/386345,010100000024DCA7BAF22A5AC030877249E53B4940,PED:JSPED:C204408,,JOINT STANDARD PED,LOC_C6205563,IPL,,0,,REGNSK,,REGNSK04,SASKPOWER,,,,R 708 MCCARTHY BLVD,,,BU,,"R 708 MCCARTHY BLVD, REGNSK"
STRUCTURE_REG16/391853,0101000000C02B7E907B2C5AC00061191B3A3A4940,PED:SST::8983212,,COMPANY STEEL STAKE,LOC_8708743,IPL,,0,LACC_ATRENCH_F,REGNSK,,REGNSK01,SASKTEL,2016,,127035,R 8008 BARLEY CRES,0010,983508,BU,,"R 8008 BARLEY CRES, REGNSK"
STRUCTURE_REG16/392178,0101000000F461787DEA2B5AC038487CEC433C4940,PED:JSPED:C194277,,JOINT STANDARD PED,LOC_C6195578,IPL,,0,,REGNSK,,REGNSK04,SASKPOWER,,,,R 506 HANSEN DR,,,BU,,"R 506 HANSEN DR, REGNSK"
STRUCTURE_REG16/393162,0101000000F8BA4B634D295AC040561C13913B4940,PED:JSPED::6700315,,JOINT STANDARD PED,LOC_6639878,IPL,,0,,REGNSK,,REGNSK04,SASKPOWER,2013,NO AP IN MARTENS,,UNK,0010,963983,BU,,"UNK, REGNSK"
STRUCTURE_REG16/393457,0101000000C45D73FD912C5AC0B8A98555263A4940,PED:JSPED::9021338,,JOINT STANDARD PED,LOC_8744581,IPL,,0,,REGNSK,,REGNSK01,SASKPOWER,2016,,,UNK,0010,983509,BU,,"UNK, REGNSK"
STRUCTURE_REG16/393699,010100000068D7A87A3E295AC0D07FD669953B4940,PED:JSPED::6700321,,JOINT STANDARD PED,LOC_6639884,IPL,,0,,REGNSK,,REGNSK04,SASKPOWER,2012,NO AP IN MARTENS,,S 183 DEMARCO POINTE,0010,963983,BU,,"S 183 DEMARCO POINTE, REGNSK"
STRUCTURE_REG16/395094,010100000070A22D4C5E2B5AC048BC585FB73B4940,PED:JUPED::11242453,,JOINT TRF PED,LOC_C6199683,IPL,,0,,REGNSK,,REGNSK04,SASKPOWER,2020,,,,,,BU,,", REGNSK"
STRUCTURE_REG16/397417,0101000000783C9ADBFE2A5AC0701C5915FB3A4940,PED:JSPED:C197970,,JOINT STANDARD PED,LOC_C6199201,IPL,,0,,REGNSK,,REGNSK04,SASKPOWER,,,,R 146 KRAUSS ST,,,BU,,"R 146 KRAUSS ST, REGNSK"
STRUCTURE_REG16/397565,0101000000583CE81E81295AC08896ABA8CC3B4940,PED:SST:C232922,,COMPANY STEEL STAKE,LOC_C6233655,IPL,,0,LACC_ATRENCH_C,REGNSK,,REGNSK04,SASKTEL,,LENGTH=DEPTH,101057,R 4705 1ST AVE,,,BU,,"R 4705 1ST AVE, REGNSK"
STRUCTURE_REG16/398712,010100000068AFF691AA2B5AC09816381D243C4940,PED:JSPED:C197050,,JOINT STANDARD PED,LOC_C6198287,IPL,,0,,REGNSK,,REGNSK04,SASKPOWER,,,,R 490 FULTON DR,,,BU,,"R 490 FULTON DR, REGNSK"
STRUCTURE_REG16/399110,0101000000A480AC8EF92A5AC028828DC5983B4940,PED:JSPED:C200883,,JOINT STANDARD PED,LOC_C6202075,IPL,,0,,REGNSK,,REGNSK04,SASKPOWER,,,,R 26 KRAUSS ST,,,BU,,"R 26 KRAUSS ST, REGNSK"
STRUCTURE_REG16/399794,010100000074D0FE9DB32B5AC0E88EF023223C4940,PED:SST:C194919,,COMPANY STEEL STAKE,LOC_C6196298,IPL,,0,LACC_ATRENCH_C,REGNSK,,REGNSK04,SASKTEL,,PWC LMS 22-13,100791,R 590 DOROTHY ST,,,BU,,"R 590 DOROTHY ST, REGNSK"
STRUCTURE_REG16/400415,0101000000B8D89DB6722B5AC048585230DB3B4940,PED:JTPED:C203178,,JOINT SPC TRF PED,LOC_C6204342,IPL,,0,,REGNSK,,REGNSK04,SASKPOWER,,,,UNK,,,BU,,"UNK, REGNSK"
STRUCTURE_REG16/400508,010100000018C38ABD912B5AC070A7BEAAF53B4940,PED:JSPED::12458445,,JOINT STANDARD PED,LOC_C6202382,IPL,,0,,REGNSK,,REGNSK04,SASKPOWER,2021,,,UNK,0010,104603,,,"UNK, REGNSK"
STRUCTURE_REG16/401009,0101000000E8214A16182B5AC008B75580973B4940,PED:JTPED:C203262,,JOINT SPC TRF PED,LOC_C6204423,IPL,,0,,REGNSK,,REGNSK04,SASKPOWER,,,,UNK,,,BU,,"UNK, REGNSK"
STRUCTURE_REG16/403552,01010000005C1C372AE72A5AC0F0C7D2F9033C4940,PED:JTPED:C211452,,JOINT SPC TRF PED,LOC_C6212454,IPL,,0,,REGNSK,,REGNSK04,SASKPOWER,,,,UNK,,,BU,,"UNK, REGNSK"
STRUCTURE_REG16/403903,01010000004830235C6B2B5AC0A0767C11333C4940,PED:SST::8603694,,COMPANY STEEL STAKE,LOC_8392262,IPL,,0,LACC_ATRENCH_C,REGNSK,,REGNSK04,SASKTEL,2015,LENGTH=DEPTH,100791,UNK,0010,980008,BU,,"UNK, REGNSK"
STRUCTURE_REG16/403981,010100000054A3BA2DCF295AC08049975C573C4940,PED:JSPED:C224457,,JOINT STANDARD PED,LOC_C6225336,IPL,,0,,REGNSK,,REGNSK04,SASKPOWER,,,,R 39 MARSHALL CRES,,,BU,,"R 39 MARSHALL CRES, REGNSK"
STRUCTURE_REG16/404030,01010000000872AB7BDF295AC058680B685F3C4940,PED:JTPED:C224428,,JOINT SPC TRF PED,LOC_C6225306,IPL,,0,,REGNSK,,REGNSK04,SASKPOWER,,,,UNK,,,BU,,"UNK, REGNSK"
STRUCTURE_REG16/404672,010100000000EEDFE0FE2A5AC058F505D62C3B4940,PED:JSPED:C197916,,JOINT STANDARD PED,LOC_C6199149,IPL,,0,,REGNSK,,REGNSK04,SASKPOWER,,,,R 106 KRAUSS ST,,,BU,,"R 106 KRAUSS ST, REGNSK"
STRUCTURE_REG16/404673,0101000000A044BD73B72A5AC0E80689A8DA3B4940,PED:JSPED:C197968,,JOINT STANDARD PED,LOC_C6199197,IPL,,0,,REGNSK,,REGNSK04,SASKPOWER,,,,R 10 MCCORMICK CRES,,,BU,,"R 10 MCCORMICK CRES, REGNSK"
STRUCTURE_REG16/404674,0101000000BCF47A20C72A5AC0E8D196D8D43B4940,PED:JSPED:C198029,,JOINT STANDARD PED,LOC_C6199259,IPL,,0,,REGNSK,,REGNSK04,SASKPOWER,,,,R 22 MCCORMICK CRES,,,BU,,"R 22 MCCORMICK CRES, REGNSK"
STRUCTURE_REG16/404890,0101000000D0C9C9F9FF2B5AC0E0973090E33A4940,PED:JSPED:C197888,,JOINT STANDARD PED,LOC_C6199124,IPL,,0,,REGNSK,,REGNSK04,SASKPOWER,,,,R 1202 COURTNEY ST,,,BU,,"R 1202 COURTNEY ST, REGNSK"
STRUCTURE_REG16/404908,0101000000585B6732922A5AC09830AF9D543C4940,PED:JSPED:C203239,,JOINT STANDARD PED,LOC_C6204402,IPL,,0,,REGNSK,,REGNSK04,SASKPOWER,,,,R 130 FORSYTH CRES,,,BU,,"R 130 FORSYTH CRES, REGNSK"
STRUCTURE_REG16/404940,010100000078B048F0FF2B5AC0D892BD617F3A4940,PED:JSPED:C221862,,JOINT STANDARD PED,LOC_C6222758,IPL,,0,,REGNSK,,REGNSK04,SASKPOWER,,,,R 1322 COURTNEY ST,,,BU,,"R 1322 COURTNEY ST, REGNSK"
STRUCTURE_REG16/405524,0101000000B42FB143A62B5AC0E838CCA4413C4940,PED:JSPED:C195086,,JOINT STANDARD PED,LOC_C6196376,IPL,,0,,REGNSK,,REGNSK04,SASKPOWER,,,,R 214 PAYNTER CRES,,,BU,,"R 214 PAYNTER CRES, REGNSK"
STRUCTURE_REG16/405525,010100000064F16CD3BB2B5AC0D0C06055423C4940,PED:JSPED:C194431,,JOINT STANDARD PED,LOC_C6195732,IPL,,0,,REGNSK,,REGNSK04,SASKPOWER,,,,R 866 DOROTHY ST,,,BU,,"R 866 DOROTHY ST, REGNSK"
STRUCTURE_REG16/405529,01010000006CD795E07E2B5AC0A8C0FBDD4D3C4940,PED:JSPED:C197345,,JOINT STANDARD PED,LOC_C6198588,IPL,,0,,REGNSK,,REGNSK04,SASKPOWER,,,,R 110 CARTER CRES,,,BU,,"R 110 CARTER CRES, REGNSK"
STRUCTURE_REG16/405531,0101000000A0F0FF01BB2B5AC080BB891ABF3B4940,PED:JSPED:C200444,,JOINT STANDARD PED,LOC_C6201632,IPL,,0,,REGNSK,,REGNSK04,SASKPOWER,,,,R 514 DOROTHY ST,,,BU,,"R 514 DOROTHY ST, REGNSK"
STRUCTURE_REG16/405625,01010000006408AE8FBA2B5AC098C13B0DD93B4940,PED:JTPED:C197586,,JOINT SPC TRF PED,LOC_C6198830,IPL,,0,,REGNSK,,REGNSK04,SASKPOWER,,,,UNK,,,BU,,"UNK, REGNSK"
STRUCTURE_REG16/405627,0101000000E098A76BB42A5AC088BFF22FA83B4940,PED:JSPED:C198219,,JOINT STANDARD PED,LOC_C6199444,IPL,,0,,REGNSK,,REGNSK04,SASKPOWER,,,,UNK,,,BU,,"UNK, REGNSK"
STRUCTURE_REG16/405657,01010000000CE548BDC02B5AC0C86B08423D3C4940,PED:JSPED:C194380,,JOINT STANDARD PED,LOC_C6195681,IPL,,0,,REGNSK,,REGNSK04,SASKPOWER,,,,R 526 BLACK DR,,,BU,,"R 526 BLACK DR, REGNSK"
STRUCTURE_REG16/406616,010100000064FC7C0DC1295AC0281CEB96283A4940,PED:SST:C203822,,COMPANY STEEL STAKE,LOC_C6204970,IPL,,0,LACC_ATRENCH_C,REGNSK,REGNSK1Z049,REGNSK01,SASKTEL,,NO AP MARTENS,101057,I 1500 ROYAL ST,,,BU,,"I 1500 ROYAL ST, REGNSK"
STRUCTURE_REG16/408791,0101000000B0DF406CBC2A5AC00822D52EA83B4940,PED:SST::9048811,,COMPANY STEEL STAKE,LOC_C6199449,IPL,,0,LACC_ATRENCH_C,REGNSK,,REGNSK04,SASKTEL,2016,LENGTH=DEPTH,101057,UNK,0010,982924,BU,,"UNK, REGNSK"
STRUCTURE_REG16/408863,0101000000D49A1D1142295AC040DA247E463B4940,PED:JUPED::11692684,,JOINT TRF PED,LOC_11139784,IPL,,0,,REGNSK,,REGNSK04,SASKPOWER,2021,,,,0000,814833,,,", REGNSK"
STRUCTURE_REG16/409941,0101000000B0FEB50D5A295AC0201553E46E3B4940,PED:JUPED::10713838,,JOINT TRF PED,LOC_10342695,IPL,,0,,REGNSK,,REGNSK04,SASKPOWER,2019,,,,0000,807819,BU,,", REGNSK"
STRUCTURE_REG16/412585,0101000000846317BE9E2A5AC0682EDACAA83B4940,PED:SST::8900015,,COMPANY STEEL STAKE,LOC_8646022,IPL,,0,LACC_ATRENCH_C,REGNSK,,REGNSK04,SASKTEL,2016,LENGTH=DEPTH,100791,UNK,0010,982924,BU,,"UNK, REGNSK"
STRUCTURE_REG16/413488,010100000040D06156992B5AC058FB4872C23B4940,PED:JSPED::11500061,,JOINT STANDARD PED,LOC_11025240,IPL,,0,,REGNSK,,REGNSK04,SASKPOWER,2021,,,,,,BU,,", REGNSK"
STRUCTURE_REG16/413658,0101000000B4CAC5788A2C5AC0D0CFDCC9FB394940,PED:JSPED::9021040,,JOINT STANDARD PED,LOC_8743629,IPL,,0,,REGNSK,,REGNSK01,SASKPOWER,2016,,,UNK,0010,983509,BU,,"UNK, REGNSK"
STRUCTURE_REG16/415091,010100000078AF45FE252B5AC070AD7F0F123C4940,PED:SST::11414603,,COMPANY STEEL STAKE,LOC_10959622,IPL,,0,LACC_ATRENCH_F,REGNSK,,REGNSK04,,2021,,127035,,0010,104604,U,,", REGNSK"
STRUCTURE_REG16/415103,0101000000C4483825872B5AC0505622A9F53B4940,PED:JSPED:C201221,,JOINT STANDARD PED,LOC_C6202409,IPL,,0,,REGNSK,,REGNSK04,SASKPOWER,,,,UNK,,,BU,,"UNK, REGNSK"
STRUCTURE_REG16/417277,01010000002CF990D1902A5AC008BCBFF32B3C4940,PED:JSPED:C209813,,JOINT STANDARD PED,LOC_C6210851,IPL,,0,,REGNSK,,REGNSK04,SASKPOWER,,,,R 23 SNEATH CRES,,,BU,,"R 23 SNEATH CRES, REGNSK"
STRUCTURE_REG16/418480,0101000000708280C6F62A5AC098D4DF9E293C4940,PED:JSPED:C207278,,JOINT STANDARD PED,LOC_C6208385,IPL,,0,,REGNSK,,REGNSK04,SASKPOWER,,,,R 110 TRUDELLE CRES,,,BU,,"R 110 TRUDELLE CRES, REGNSK"
STRUCTURE_REG16/418980,01010000003C2799A9A42B5AC060D3421D243C4940,PED:JSPED:C197048,,JOINT STANDARD PED,LOC_C6198284,IPL,,0,,REGNSK,,REGNSK04,SASKPOWER,,,,R 482 FULTON DR,,,BU,,"R 482 FULTON DR, REGNSK"
STRUCTURE_REG16/418993,0101000000C4CC7FF4FF2B5AC078C54C42AC3A4940,PED:JSPED:C221894,,JOINT STANDARD PED,LOC_C6222790,IPL,,0,,REGNSK,,REGNSK04,SASKPOWER,,,,R 1234 COURTNEY ST,,,BU,,"R 1234 COURTNEY ST, REGNSK"
STRUCTURE_REG16/419007,0101000000E8119104BB2B5AC0D0FB10D2D53B4940,PED:JSPED:C197557,,JOINT STANDARD PED,LOC_C6198799,IPL,,0,,REGNSK,,REGNSK04,SASKPOWER,,,,R 652 DOROTHY ST,,,BU,,"R 652 DOROTHY ST, REGNSK"
STRUCTURE_REG16/419889,010100000074BB26F0A32B5AC0286081A3F53B4940,PED:JSPED:C201103,,JOINT STANDARD PED,LOC_C6202295,IPL,,0,,REGNSK,,REGNSK04,SASKPOWER,,,,UNK,,,BU,,"UNK, REGNSK"
STRUCTURE_REG16/420441,0101000000183CB6DFE62A5AC0C871CBA7043C4940,PED:SST::12448846,,COMPANY STEEL STAKE,LOC_C6212416,IPL,,0,LACC_ATRENCH_F,REGNSK,,REGNSK04,SASKTEL,2021,LENGTH=DEPTH,100783,,0010,104604,,,", REGNSK"
STRUCTURE_REG16/422101,010100000040E896D9842B5AC0980A9143AC3B4940,PED:SST::11500691,,COMPANY STEEL STAKE,LOC_11025866,PDA,REGN106535-0010,23229674,LACC_ATRENCH_F,REGNSK,,REGNSK04,SASKTEL,2021,LENGTH=DEPTH,101057,,0010,106535,BU,,", REGNSK"
STRUCTURE_REG16/423295,01010000002CD9163D2E2B5AC060E905D7103C4940,PED:JSPED:C214298,,JOINT STANDARD PED,LOC_C6215282,IPL,,0,,REGNSK,,REGNSK04,SASKPOWER,,,,R 90 READ AVE,,,BU,,"R 90 READ AVE, REGNSK"
STRUCTURE_REG16/424389,0101000000687B2B7AD62A5AC0A80427BC733B4940,PED:JSPED:C200183,,JOINT STANDARD PED,LOC_C6201406,IPL,,0,,REGNSK,,REGNSK04,SASKPOWER,,,,R 26 LYONS ST,,,BU,,"R 26 LYONS ST, REGNSK"
STRUCTURE_REG16/424423,0101000000E8CD7307BB2B5AC090603040E13B4940,PED:SST:C197543,,COMPANY STEEL STAKE,LOC_C6198783,IPL,,0,LACC_ATRENCH_C,REGNSK,,REGNSK04,SASKTEL,,LENGTH=DEPTH,101057,R 640 DOROTHY ST,,,BU,,"R 640 DOROTHY ST, REGNSK"
STRUCTURE_REG16/424664,0101000000D8A110EACA2B5AC00814023D3D3C4940,PED:JSPED:C194371,,JOINT STANDARD PED,LOC_C6195674,IPL,,0,,REGNSK,,REGNSK04,SASKPOWER,,,,R 518 BLACK DR,,,BU,,"R 518 BLACK DR, REGNSK"
STRUCTURE_REG16/424677,010100000040901676372B5AC0C87FE2B6AC3B4940,PED:JSPED:C203641,,JOINT STANDARD PED,LOC_C6204795,IPL,,0,,REGNSK,,REGNSK04,SASKPOWER,,,,R 127 STRAUB ST,,,BU,,"R 127 STRAUB ST, REGNSK"
STRUCTURE_REG16/424684,01010000000CC6C7A8042B5AC0A8C53AD1453C4940,PED:JSPED:C207048,,JOINT STANDARD PED,LOC_C6208160,IPL,,0,,REGNSK,,REGNSK04,SASKPOWER,,,,R 139 TRUDELLE CRES,,,BU,,"R 139 TRUDELLE CRES, REGNSK"
STRUCTURE_REG16/424685,0101000000E8E10B60182B5AC060020B5B513C4940,PED:JSPED:C207081,,JOINT STANDARD PED,LOC_C6208193,IPL,,0,,REGNSK,,REGNSK04,SASKPOWER,,,,R 175 TRUDELLE CRES,,,BU,,"R 175 TRUDELLE CRES, REGNSK"
STRUCTURE_REG16/425270,0101000000743C93217A2B5AC0F08C6751113C4940,PED:JSPED:C196942,,JOINT STANDARD PED,LOC_C6198184,IPL,,0,,REGNSK,,REGNSK04,SASKPOWER,,,,R 194 READ AVE,,,BU,,"R 194 READ AVE, REGNSK"
STRUCTURE_REG16/425271,01010000009CAB0892922B5AC0782E0772373C4940,PED:JSPED:C197181,,JOINT STANDARD PED,LOC_C6198413,IPL,,0,,REGNSK,,REGNSK04,SASKPOWER,,,,R 223 PAYNTER CRES,,,BU,,"R 223 PAYNTER CRES, REGNSK"
STRUCTURE_REG16/425272,010100000020A1D42E6B2B5AC0F8C6B0FA4B3C4940,PED:JSPED:C197456,,JOINT STANDARD PED,LOC_C6198700,IPL,,0,,REGNSK,,REGNSK04,SASKPOWER,,,,R 31 CARTER CRES,,,BU,,"R 31 CARTER CRES, REGNSK"
STRUCTURE_REG16/425286,010100000034E5E7DFFE2A5AC068D2C2AC6A3A4940,PED:JSPED:C220882,,JOINT STANDARD PED,LOC_C6221819,IPL,,0,,REGNSK,,REGNSK04,SASKPOWER,,,,R 1424 CARLTON ST,,,BU,,"R 1424 CARLTON ST, REGNSK"
STRUCTURE_REG16/425287,0101000000408C1C918B2B5AC0A03EF3C0673C4940,PED:SST:C196749,,COMPANY STEEL STAKE,LOC_C6197993,PDR,REGN980008-0010,14905218,LACC_ATRENCH_C,REGNSK,,REGNSK04,SASKTEL,,,100791,R 87 CARTER CRES,,,BU,,"R 87 CARTER CRES, REGNSK"
STRUCTURE_REG16/425348,0101000000ACCDC902BB2B5AC0D80A9C04E03B4940,PED:JSPED:C197569,,JOINT STANDARD PED,LOC_C6198814,IPL,,0,,REGNSK,,REGNSK04,SASKPOWER,,,,UNK,,,BU,,"UNK, REGNSK"
STRUCTURE_REG16/425350,0101000000208122F0E92A5AC0E8FE4129BC3B4940,PED:JSPED:C202695,,JOINT STANDARD PED,LOC_C6203875,IPL,,0,,REGNSK,,REGNSK04,SASKPOWER,,,,UNK,,,BU,,"UNK, REGNSK"
STRUCTURE_REG16/425388,0101000000600F3439312B5AC038144BF2E53A4940,PED:JTPED:C198302,,JOINT SPC TRF PED,LOC_C6199537,IPL,,0,,REGNSK,,REGNSK04,SASKPOWER,,,,UNK,,,BU,,"UNK, REGNSK"
STRUCTURE_REG16/425399,0101000000C8C83F84AF2A5AC028A43DE4C13B4940,PED:JSPED:C198254,,JOINT STANDARD PED,LOC_C6199479,IPL,,0,,REGNSK,,REGNSK04,SASKPOWER,,,,UNK,,,BU,,"UNK, REGNSK"
STRUCTURE_REG16/425404,01010000007C9BF67B3F2B5AC098F11E233D3C4940,PED:JSPED:C207479,,JOINT STANDARD PED,LOC_C6208569,IPL,,0,,REGNSK,,REGNSK04,SASKPOWER,,,,R 286 FULTON DR,,,BU,,"R 286 FULTON DR, REGNSK"
STRUCTURE_REG16/426742,01010000000CEA582EA62B5AC0E0D4CC9CE63B4940,PED:SST::8200890,,COMPANY STEEL STAKE,LOC_C6200182,IPL,,0,LACC_ATRENCH_C,REGNSK,,REGNSK04,SASKTEL,2014,LENGTH=DEPTH,101057,UNK,,0,BU,,"UNK, REGNSK"
STRUCTURE_REG16/427435,0101000000D0A7523C39295AC018051751713B4940,PED:SST::12018443,,COMPANY STEEL STAKE,LOC_11396741,IPL,,0,LACC_ATRENCH_C,REGNSK,,REGNSK04,SASKTEL,2022,LENGTH=DEPTH,100791,,0000,816985,,,", REGNSK"
STRUCTURE_REG16/428466,010100000054DE3C72B72A5AC0081056E7C13B4940,PED:SST::9048814,,COMPANY STEEL STAKE,LOC_C6199475,IPL,,0,LACC_ATRENCH_C,REGNSK,,REGNSK04,SASKTEL,2016,LENGTH=DEPTH,101057,UNK,0010,982924,BU,,"UNK, REGNSK"
STRUCTURE_REG16/429422,0101000000DCF5E0882A2A5AC0809883C1313A4940,PED:SST:C257246,,COMPANY STEEL STAKE,LOC_C6257652,IPL,,0,LACC_ATRENCH_C,REGNSK,,REGNSK04,SASKTEL,,NOT IN MARTENS,101057,R 5421 DEWDNEY AVE,,,BU,,"R 5421 DEWDNEY AVE, REGNSK"
STRUCTURE_REG16/429751,010100000038FC1CBCE22A5AC038B1C97F603C4940,PED:JUPED::9186735,,JOINT TRF PED,LOC_C6207882,IPL,,0,,REGNSK,,REGNSK04,SASKPOWER,2016,,,UNK,,,BU,,"UNK, REGNSK"
STRUCTURE_REG16/429952,0101000000501A7EF8582C5AC0E8D0BE66F7394940,PED:JUPED::9021377,,JOINT TRF PED,LOC_8744616,IPL,,0,,REGNSK,,REGNSK01,SASKPOWER,2016,,,UNK,0010,983509,BU,,"UNK, REGNSK"
STRUCTURE_REG16/431815,0101000000A4154EEE712C5AC078CF7428233A4940,PED:JSPED::9021350,,JOINT STANDARD PED,LOC_8744590,IPL,,0,,REGNSK,,REGNSK01,SASKPOWER,2016,,,UNK,0010,983509,BU,,"UNK, REGNSK"
STRUCTURE_REG16/432046,0101000000D8398DE7E52B5AC0309CAF22BB3B4940,PED:JSPED:C198797,,JOINT STANDARD PED,LOC_C6200032,IPL,,0,,REGNSK,,REGNSK04,SASKPOWER,,,,R 720 TOOTHILL ST,,,BU,,"R 720 TOOTHILL ST, REGNSK"
STRUCTURE_REG16/432811,01010000006C3F37393E295AC0A0DF8386A73B4940,PED:JSPED::6700322,,JOINT STANDARD PED,LOC_6639885,IPL,,0,,REGNSK,,REGNSK04,SASKPOWER,2012,,,S 182 DEMARCO POINTE,0010,963983,BU,,"S 182 DEMARCO POINTE, REGNSK"
STRUCTURE_REG16/434774,01010000006837416EBB2B5AC098F2C3A3F53B4940,PED:SST::9071866,,COMPANY STEEL STAKE,LOC_C6198427,IPL,,0,LACC_ATRENCH_F,REGNSK,,REGNSK04,SASKTEL,2016,LENGTH=DEPTH,100791,UNK,0010,985491,U,,"UNK, REGNSK"
STRUCTURE_REG16/437215,01010000007CF38CC49E2A5AC010F38500C83B4940,PED:JSPED:C198164,,JOINT STANDARD PED,LOC_C6199391,IPL,,0,,REGNSK,,REGNSK04,SASKPOWER,,,,R 725 MCMANUS ST,,,BU,,"R 725 MCMANUS ST, REGNSK"
STRUCTURE_REG16/440018,010100000014A13D36802B5AC088D61C50113C4940,PED:JSPED:C196931,,JOINT STANDARD PED,LOC_C6198182,IPL,,0,,REGNSK,,REGNSK04,SASKPOWER,,,,R 202 READ AVE,,,BU,,"R 202 READ AVE, REGNSK"
STRUCTURE_REG16/440787,01010000009412D855EE2A5AC0B0CA4AD5EE3B4940,PED:SST::12448849,,COMPANY STEEL STAKE,LOC_C6212406,IPL,,0,LACC_ATRENCH_F,REGNSK,,REGNSK04,SASKTEL,2021,LENGTH=DEPTH,100783,,0010,104604,,,", REGNSK"
STRUCTURE_REG16/442772,0101000000F03B1A75372B5AC0A873C15D993B4940,PED:JSPED:C203687,,JOINT STANDARD PED,LOC_C6204837,IPL,,0,,REGNSK,,REGNSK04,SASKPOWER,,,,UNK,,,BU,,"UNK, REGNSK"
STRUCTURE_REG16/444238,01010000002807C9EEE12A5AC03813FBBA423B4940,PED:JSPED:C198654,,JOINT STANDARD PED,LOC_C6199887,IPL,,0,,REGNSK,,REGNSK04,SASKPOWER,,,,R 11 LE JEUNE PLACE,,,BU,,"R 11 LE JEUNE PLACE, REGNSK"
STRUCTURE_REG16/444239,0101000000A44264DAFC2A5AC0B015E352CE3B4940,PED:JSPED:C204441,,JOINT STANDARD PED,LOC_C6205582,IPL,,0,,REGNSK,,REGNSK04,SASKPOWER,,,,R 744 MCCARTHY BLVD,,,BU,,"R 744 MCCARTHY BLVD, REGNSK"
STRUCTURE_REG16/444264,0101000000EC04684CA22A5AC0A0FF12B6F43B4940,PED:JSPED:C211143,,JOINT STANDARD PED,LOC_C6212147,IPL,,0,,REGNSK,,REGNSK04,SASKPOWER,,,,R 79 MOLLARD CRES,,,BU,,"R 79 MOLLARD CRES, REGNSK"
STRUCTURE_REG16/444309,0101000000B4DFA4E07E2B5AC0104917AF3A3C4940,PED:JSPED:C197363,,JOINT STANDARD PED,LOC_C6198605,IPL,,0,,REGNSK,,REGNSK04,SASKPOWER,,,,R 138 CARTER CRES,,,BU,,"R 138 CARTER CRES, REGNSK"
STRUCTURE_REG16/444520,01010000004867B6E4FE2A5AC0F05322E4573B4940,PED:JSPED:C197891,,JOINT STANDARD PED,LOC_C6199130,IPL,,0,,REGNSK,,REGNSK04,SASKPOWER,,,,R 74 KRAUSS ST,,,BU,,"R 74 KRAUSS ST, REGNSK"
STRUCTURE_REG16/444529,0101000000E832AE18EB2A5AC0982D721F5E3B4940,PED:JSPED:C200646,,JOINT STANDARD PED,LOC_C6201837,IPL,,0,,REGNSK,,REGNSK04,SASKPOWER,,,,R 71 KRAUSS ST,,,BU,,"R 71 KRAUSS ST, REGNSK"
STRUCTURE_REG16/444537,010100000058F26476372B5AC0907C7EB5B63B4940,PED:JSPED:C203636,,JOINT STANDARD PED,LOC_C6204790,IPL,,0,,REGNSK,,REGNSK04,SASKPOWER,,,,R 119 STRAUB ST,,,BU,,"R 119 STRAUB ST, REGNSK"
STRUCTURE_REG16/444550,010100000028789F1D0F2B5AC07092A8E2493C4940,PED:JSPED:C207064,,JOINT STANDARD PED,LOC_C6208177,IPL,,0,,REGNSK,,REGNSK04,SASKPOWER,,,,R 159 TRUDELLE CRES,,,BU,,"R 159 TRUDELLE CRES, REGNSK"
STRUCTURE_REG16/444551,0101000000F875C849182B5AC038F645DF303C4940,PED:JSPED:C207297,,JOINT STANDARD PED,LOC_C6208406,IPL,,0,,REGNSK,,REGNSK04,SASKPOWER,,,,R 154 TRUDELLE CRES,,,BU,,"R 154 TRUDELLE CRES, REGNSK"
STRUCTURE_REG16/444556,0101000000904A5DA4232B5AC070EEE87F393C4940,PED:JSPED:C207310,,JOINT STANDARD PED,LOC_C6208418,IPL,,0,,REGNSK,,REGNSK04,SASKPOWER,,,,R 170 TRUDELLE CRES,,,BU,,"R 170 TRUDELLE CRES, REGNSK"
STRUCTURE_REG16/444557,01010000004C0E3992382B5AC0B0F846145D3C4940,PED:JSPED:C207335,,JOINT STANDARD PED,LOC_C6208442,IPL,,0,,REGNSK,,REGNSK04,SASKPOWER,,,,R 218 TRUDELLE CRES,,,BU,,"R 218 TRUDELLE CRES, REGNSK"
STRUCTURE_REG16/445146,01010000000C16C5E03E2B5AC0A0716D57113C4940,PED:JSPED:C196714,,JOINT STANDARD PED,LOC_C6197960,IPL,,0,,REGNSK,,REGNSK04,SASKPOWER,,,,R 122 READ AVE,,,BU,,"R 122 READ AVE, REGNSK"
STRUCTURE_REG16/445147,010100000014A9C8D2BB2B5AC0D8702D07383C4940,PED:JLAPD:C194393,,JOINT LARGE PED,LOC_C6195706,IPL,,0,,REGNSK,,REGNSK04,SASKPOWER,,0223A:201-300,,R 858 DOROTHY ST,,,BU,,"R 858 DOROTHY ST, REGNSK"
STRUCTURE_REG16/445162,01010000007CEB2AA7342B5AC0C0838BC1F53B4940,PED:JSPED:C208849,,JOINT STANDARD PED,LOC_C6209905,IPL,,0,,REGNSK,,REGNSK04,SASKPOWER,,,,R 111 READ AVE,,,BU,,"R 111 READ AVE, REGNSK"
STRUCTURE_REG16/445224,0101000000A411936DA92A5AC080BF5EEF2B3C4940,PED:JSPED:C209635,,JOINT STANDARD PED,LOC_C6210671,IPL,,0,,REGNSK,,REGNSK04,SASKPOWER,,,,R 43 SNEATH CRES,,,BU,,"R 43 SNEATH CRES, REGNSK"
STRUCTURE_REG16/445232,0101000000B4149D20E22A5AC060552A069A3B4940,PED:JSPED:C198600,,JOINT STANDARD PED,LOC_C6199838,IPL,,0,,REGNSK,,REGNSK04,SASKPOWER,,,,UNK,,,BU,,"UNK, REGNSK"
STRUCTURE_REG16/445264,01010000009063C5529F2A5AC0F84C84E7C73B4940,PED:JTPED:C198187,,JOINT SPC TRF PED,LOC_C6199414,IPL,,0,,REGNSK,,REGNSK04,SASKPOWER,,,,UNK,,,BU,,"UNK, REGNSK"
STRUCTURE_REG16/445266,010100000088875A47B32A5AC08043DAF9103C4940,PED:JSPED:C212346,,JOINT STANDARD PED,LOC_C6213352,IPL,,0,,REGNSK,,REGNSK04,SASKPOWER,,,,R 5924 MCKINLEY AVE,,,BU,,"R 5924 MCKINLEY AVE, REGNSK"
STRUCTURE_REG16/445274,0101000000A0F2CA83E12A5AC0B014A1FC103A4940,PED:JTPED:C266657,,JOINT SPC TRF PED,LOC_C6266955,IPL,,0,,REGNSK,,REGNSK01,SASKPOWER,,,,UNK,,,BU,,"UNK, REGNSK"
STRUCTURE_REG16/445308,01010000004042F1E9E52B5AC018862259D73B4940,PED:JSPED:C198785,,JOINT STANDARD PED,LOC_C6200019,IPL,,0,,REGNSK,,REGNSK04,SASKPOWER,,,,R 638 TOOTHILL ST,,,BU,,"R 638 TOOTHILL ST, REGNSK"
STRUCTURE_REG16/445310,0101000000603610B1722B5AC0402401DFB73B4940,PED:JSPED:C203480,,JOINT STANDARD PED,LOC_C6204636,IPL,,0,,REGNSK,,REGNSK04,SASKPOWER,,,,R 732 SWEENEY ST,,,BU,,"R 732 SWEENEY ST, REGNSK"
STRUCTURE_REG16/445536,0101000000D051A481F3285AC090A8E9B00B3A4940,PED:SST:C265301,,COMPANY STEEL STAKE,LOC_C6265615,IPL,,0,LACC_ATRENCH_C,REGNSK,,REGNSK01,SASKTEL,,NO AP IN MARTENS,100783,UNK,,,BU,,"UNK, REGNSK"
STRUCTURE_REG16/449683,01010000004CB492F3D12B5AC0F0AFA3E6F53B4940,PED:JUPED::11242448,,JOINT TRF PED,LOC_C6198104,IPL,,0,,REGNSK,,REGNSK04,SASKPOWER,2020,,,,,,BU,,", REGNSK"
STRUCTURE_REG16/451480,0101000000185CD5BA36295AC0882F24DE7C3B4940,PED:SST::10814284,,COMPANY STEEL STAKE,LOC_10473877,IPL,,0,LACC_ATRENCH_F,REGNSK,REGNSKP6022,REGNSK04,SASKTEL,2020,,127035,REGNSKP6022,0000,808604,BU,,"REGNSKP6022, REGNSK"
STRUCTURE_REG16/454674,010100000078514B0B882B5AC0289D211FAB3B4940,PED:SST:C198525,,COMPANY STEEL STAKE,LOC_C6199760,IPL,,0,LACC_ATRENCH_C,REGNSK,,REGNSK04,SASKTEL,,LENGTH=DEPTH,101057,R 112 RITTER AVE,,,BU,,"R 112 RITTER AVE, REGNSK"
STRUCTURE_REG16/454675,01010000007CAEC0D4722B5AC018A474B1F53B4940,PED:SST::9100670,,COMPANY STEEL STAKE,LOC_C6202240,IPL,,0,LACC_ATRENCH_F,REGNSK,,REGNSK04,SASKTEL,2016,LENGTH=DEPTH,100791,UNK,0010,985491,U,,"UNK, REGNSK"
STRUCTURE_REG16/455926,01010000002004095CE72A5AC030A885EBC13B4940,PED:JSPED:C202743,,JOINT STANDARD PED,LOC_C6203925,IPL,,0,,REGNSK,,REGNSK04,SASKPOWER,,,,R 155 MOLLARD CRES,,,BU,,"R 155 MOLLARD CRES, REGNSK"
STRUCTURE_REG16/455929,0101000000FC72CBE6C82A5AC090D7AE36EA3A4940,PED:JSPED:C210346,,JOINT STANDARD PED,LOC_C6211369,IPL,,0,,REGNSK,,REGNSK04,SASKPOWER,,,,R 6203 BRUNSKILL PL,,,BU,,"R 6203 BRUNSKILL PL, REGNSK"
STRUCTURE_REG16/455966,0101000000BC370FF2FD2A5AC060501894293C4940,PED:JSPED:C207281,,JOINT STANDARD PED,LOC_C6208390,IPL,,0,,REGNSK,,REGNSK04,SASKPOWER,,,,R 126 TRUDELLE CRES,,,BU,,"R 126 TRUDELLE CRES, REGNSK"
STRUCTURE_REG16/456975,010100000080A9FB3AEF2A5AC0B80D6E9B043B4940,PED:JSPED:C204992,,JOINT STANDARD PED,LOC_C6206125,IPL,,0,,REGNSK,,REGNSK04,SASKPOWER,,,,R 6243 5TH AVE,,,BU,,"R 6243 5TH AVE, REGNSK"
STRUCTURE_REG16/457094,01010000001419AB3ADC2A5AC0F085AE23123C4940,PED:SST:C214614,,COMPANY STEEL STAKE,LOC_C6215601,IPL,,0,LACC_ATRENCH_C,REGNSK,,REGNSK04,SASKTEL,,no ap in martens,100783,UNK,,,BU,,"UNK, REGNSK"
STRUCTURE_REG16/460042,0101000000400286B25E2B5AC028482257113C4940,PED:JSPED:C196651,,JOINT STANDARD PED,LOC_C6197894,IPL,,0,,REGNSK,,REGNSK04,SASKPOWER,,,,R 162 READ AVE,,,BU,,"R 162 READ AVE, REGNSK"
STRUCTURE_REG16/460043,0101000000E099987AD22B5AC0F8BBA831EF3B4940,PED:JSPED:C196864,,JOINT STANDARD PED,LOC_C6198114,IPL,,0,,REGNSK,,REGNSK04,SASKPOWER,,,,R 609 TOOTHILL ST,,,BU,,"R 609 TOOTHILL ST, REGNSK"
STRUCTURE_REG16/460551,01010000006C104532182B5AC0F05F483D7A3B4940,PED:JSPED:C203210,,JOINT STANDARD PED,LOC_C6204370,IPL,,0,,REGNSK,,REGNSK04,SASKPOWER,,,,R 884 MCCARTHY BLVD,,,BU,,"R 884 MCCARTHY BLVD, REGNSK"
STRUCTURE_REG16/461016,010100000084B0D82EA62B5AC0A09EB835CC3B4940,PED:SST:C199340,,COMPANY STEEL STAKE,LOC_C6200566,IPL,,0,LACC_ATRENCH_C,REGNSK,,REGNSK04,SASKTEL,,PWC LMS 22-14,101057,UNK,,,BU,,"UNK, REGNSK"
STRUCTURE_REG16/463155,010100000034BCCDD94A2B5AC0388BAB25B83B4940,PED:JSPED:C204649,,JOINT STANDARD PED,LOC_C6205785,IPL,,0,,REGNSK,,REGNSK04,SASKPOWER,,,,R 735 SNEDDON ST,,,BU,,"R 735 SNEDDON ST, REGNSK"
STRUCTURE_REG16/463156,010100000074A3F5DB4A2B5AC0B89B9CEBC53B4940,PED:JSPED:C204662,,JOINT STANDARD PED,LOC_C6205799,IPL,,0,,REGNSK,,REGNSK04,SASKPOWER,,,,R 711 SNEDDON ST,,,BU,,"R 711 SNEDDON ST, REGNSK"
STRUCTURE_REG16/464252,0101000000380AE584162B5AC0D0BE730E6F3A4940,PED:JSPED:C223303,,JOINT STANDARD PED,LOC_C6224191,IPL,,0,,REGNSK,,REGNSK04,SASKPOWER,,,,R 1412 MCCARTHY BLVD,,,BU,,"R 1412 MCCARTHY BLVD, REGNSK"
STRUCTURE_REG16/464253,0101000000F8DEFFF7022A5AC050726964663C4940,PED:JSPED:C224350,,JOINT STANDARD PED,LOC_C6225228,IPL,,0,,REGNSK,,REGNSK04,SASKPOWER,,,,R 96 MARSHALL CRES,,,BU,,"R 96 MARSHALL CRES, REGNSK"
STRUCTURE_REG16/465148,01010000007C0F9ED6BB2B5AC020646F825F3C4940,PED:JSPED:C194573,,JOINT STANDARD PED,LOC_C6195870,IPL,,0,,REGNSK,,REGNSK04,SASKPOWER,,,,R 884 DOROTHY ST,,,BU,,"R 884 DOROTHY ST, REGNSK"
STRUCTURE_REG16/465154,0101000000F0F4E72E6B2B5AC0B8110E11453C4940,PED:JSPED:C197463,,JOINT STANDARD PED,LOC_C6198705,IPL,,0,,REGNSK,,REGNSK04,SASKPOWER,,,,R 23 CARTER CRES,,,BU,,"R 23 CARTER CRES, REGNSK"
STRUCTURE_REG16/465208,010100000040D0522BAC2A5AC00839F827103C4940,PED:JTPED:C212320,,JOINT SPC TRF PED,LOC_C6213323,IPL,,0,,REGNSK,,REGNSK04,SASKPOWER,,,,UNK,,,BU,,"UNK, REGNSK"
STRUCTURE_REG16/465209,0101000000D8A5E206A92A5AC05881E1FC103C4940,PED:JSPED:C212286,,JOINT STANDARD PED,LOC_C6213291,IPL,,0,,REGNSK,,REGNSK04,SASKPOWER,,,,R 5886 MCKINLEY AVE,,,BU,,"R 5886 MCKINLEY AVE, REGNSK"
STRUCTURE_REG16/465240,01010000007C5ED0C6FA2A5AC08824D53F943B4940,PED:JTPED:C202506,,JOINT SPC TRF PED,LOC_C6203689,IPL,,0,,REGNSK,,REGNSK04,SASKPOWER,,,,UNK,,,BU,,"UNK, REGNSK"
STRUCTURE_REG16/465249,010100000094EAC3F9022A5AC0D8ADC259563C4940,PED:JSPED:C224358,,JOINT STANDARD PED,LOC_C6225236,IPL,,0,,REGNSK,,REGNSK04,SASKPOWER,,,,R 78 MARSHALL CRES,,,BU,,"R 78 MARSHALL CRES, REGNSK"
STRUCTURE_REG16/466620,01010000007079A6A9DB2A5AC0A8C7DFF8453C4940,PED:SST::9188366,,COMPANY STEEL STAKE,LOC_C6208252,IPL,,0,LACC_ATRENCH_C,REGNSK,,REGNSK04,SASKTEL,2016,LENGTH=DEPTH,101057,UNK,,,BU,,"UNK, REGNSK"
STRUCTURE_REG16/468406,0101000000D0A8743BD12A5AC028608914BE3B4940,PED:SST::9048250,,COMPANY STEEL STAKE,LOC_C6199266,IPL,,0,LACC_ATRENCH_C,REGNSK,,REGNSK04,SASKTEL,2016,LENGTH=DEPTH,101057,R 46 MCCORMICK CRES,0010,982924,BU,,"R 46 MCCORMICK CRES, REGNSK"
STRUCTURE_REG16/469458,010100000014416E4FC82B5AC03088213C113C4940,PED:JUPED::11242443,,JOINT TRF PED,LOC_10850182,IPL,,0,,REGNSK,,REGNSK04,SASKPOWER,2020,,,,,,BU,,", REGNSK"
STRUCTURE_REG16/469529,0101000000EC61CEEAFF2B5AC078FB5EA3623A4940,PED:SST::10593232,,COMPANY STEEL STAKE,LOC_C6222710,IPL,,0,LACC_ATRENCH_F,REGNSK,,REGNSK04,SASKTEL,2013,LENGTH=DEPTH,100791,,0010,961365,BU,,", REGNSK"
STRUCTURE_REG16/472403,010100000030E8E18ADF2B5AC068689FA85B3C4940,PED:SST::8641454,,COMPANY STEEL STAKE,LOC_C6195660,IPL,,0,LACC_ATRENCH_F,REGNSK,,REGNSK04,SASKTEL,2015,LENGTH=DEPTH,100791,UNK,0010,980010,BU,,"UNK, REGNSK"
STRUCTURE_REG16/472519,0101000000F86301E3FE2A5AC028596E064B3B4940,PED:SST::8889130,,COMPANY STEEL STAKE,LOC_8635781,IPL,,0,LACC_ATRENCH_F,REGNSK,,REGNSK04,SASKTEL,2016,LENGTH=DEPTH,100791,R 82 KRAUSS ST,0010,982924,BU,,"R 82 KRAUSS ST, REGNSK"
STRUCTURE_REG16/473035,0101000000485D801D822B5AC018813564C23B4940,PED:JSPED::11500060,,JOINT STANDARD PED,LOC_11025239,IPL,,0,,REGNSK,,REGNSK04,SASKPOWER,2021,,,,,,BU,,", REGNSK"
STRUCTURE_REG16/474635,0101000000AC79B3D8162B5AC0E8A4AF6EDC3B4940,PED:JUPED::11412710,,JOINT TRF PED,LOC_C6205476,IPL,,0,LACC_ATRENCH_F,REGNSK,,REGNSK04,SASKPOWER,2021,,,,0010,104604,U,,", REGNSK"
STRUCTURE_REG16/474648,0101000000D46E6D418C2B5AC0B8DD044C113C4940,PED:SST::12458443,,COMPANY STEEL STAKE,LOC_C6198166,PLA,,0,LACC_ATRENCH_F,REGNSK,,REGNSK04,SASKTEL,2022,LENGTH=DEPTH,101057,,0010,104603,,,", REGNSK"
STRUCTURE_REG16/478174,01010000006046227B772C5AC070B36CABAE3B4940,PED:SST:C211565,,COMPANY STEEL STAKE,LOC_C6212572,IPL,,0,LACC_ATRENCH_C,REGNSK,,REGNSK04,SASKTEL,,NO AP IN MARTENS,100783,UNK,,,BU,,"UNK, REGNSK"
STRUCTURE_REG16/478562,0101000000200472F6FF2B5AC070201A06C13A4940,PED:JSPED:C221906,,JOINT STANDARD PED,LOC_C6222806,IPL,,0,,REGNSK,,REGNSK04,SASKPOWER,,,,R 1222 COURTNEY ST,,,BU,,"R 1222 COURTNEY ST, REGNSK"
STRUCTURE_REG16/479777,01010000004C25DD78D22B5AC098E95E94D13B4940,PED:JSPED:C197633,,JOINT STANDARD PED,LOC_C6198875,IPL,,0,,REGNSK,,REGNSK04,SASKPOWER,,,,S 324 MIKKELSON DR,,,BU,,"S 324 MIKKELSON DR, REGNSK"
STRUCTURE_REG16/479780,010100000030032855A12B5AC0B880CB2EDB3B4940,PED:JSPED:C199306,,JOINT STANDARD PED,LOC_C6200538,IPL,,0,,REGNSK,,REGNSK04,SASKPOWER,,,,R 260 MIKKELSON DR,,,BU,,"R 260 MIKKELSON DR, REGNSK"
STRUCTURE_REG16/480360,0101000000881278505E2B5AC0A85C49AEBF3B4940,PED:JSPED:C202349,,JOINT STANDARD PED,LOC_C6203534,IPL,,0,,REGNSK,,REGNSK04,SASKPOWER,,,,R 714 SNEDDON ST,,,BU,,"R 714 SNEDDON ST, REGNSK"
STRUCTURE_REG16/480366,0101000000F06B23525E2B5AC0B87D863FDC3B4940,PED:SST::11447565,,COMPANY STEEL STAKE,LOC_C6202877,IPL,,0,LACC_ATRENCH_F,REGNSK,,REGNSK04,,2021,,,,0010,104604,U,,", REGNSK"
STRUCTURE_REG16/480393,0101000000A0385CB867295AC0B8387179B93B4940,PED:JSPED::13089805,,JOINT STANDARD PED,LOC_12211462,IPL,REGN114606,27530599,,REGNSK,,REGNSK04,SASKPOWER,2023,,,,0010,114606,BU,,", REGNSK"
STRUCTURE_REG16/481744,0101000000AC4F5A34742B5AC070770C85CB3B4940,PED:SST::11500394,,COMPANY STEEL STAKE,LOC_C6204048,PDA,REGN106535-0010,23229079,LACC_ATRENCH_F,REGNSK,,REGNSK04,SASKTEL,2021,,127035,,0010,106535,BU,,", REGNSK"
STRUCTURE_REG16/482876,010100000064E219DE332B5AC0105718D9103C4940,PED:JSPED:C214285,,JOINT STANDARD PED,LOC_C6215269,IPL,,0,,REGNSK,,REGNSK04,SASKPOWER,,,,R 98 READ AVE,,,BU,,"R 98 READ AVE, REGNSK"
STRUCTURE_REG16/483955,0101000000A42DFF38B92A5AC08021B53ACD3A4940,PED:JSPED:C210619,,JOINT STANDARD PED,LOC_C6211637,IPL,,0,,REGNSK,,REGNSK04,SASKPOWER,,,,R 5963 MALLARD WAY,,,BU,,"R 5963 MALLARD WAY, REGNSK"
STRUCTURE_REG16/483964,0101000000CC5E2082162B5AC0685184B35F3A4940,PED:JSPED:C223310,,JOINT STANDARD PED,LOC_C6224201,IPL,,0,,REGNSK,,REGNSK04,SASKPOWER,,,,R 1448 MCCARTHY BLVD,,,BU,,"R 1448 MCCARTHY BLVD, REGNSK"
STRUCTURE_REG16/483975,01010000007CDDB6DDCE2A5AC0B834E1782D3B4940,PED:SST:C200137,,COMPANY STEEL STAKE,LOC_C6201356,IPL,,0,LACC_ATRENCH_C,REGNSK,,REGNSK04,SASKTEL,,LENGTH=DEPTH,101057,R 1026 HOWSON ST,,,BU,,"R 1026 HOWSON ST, REGNSK"
STRUCTURE_REG16/484008,0101000000740BD3E07E2B5AC02881A16F543C4940,PED:JSPED:C197336,,JOINT STANDARD PED,LOC_C6198581,IPL,,0,,REGNSK,,REGNSK04,SASKPOWER,,,,R 106 CARTER CRES,,,BU,,"R 106 CARTER CRES, REGNSK"
STRUCTURE_REG16/484271,0101000000E8C0E121462B5AC0E8D45E49543C4940,PED:JSPED:C207494,,JOINT STANDARD PED,LOC_C6208581,IPL,,0,,REGNSK,,REGNSK04,SASKPOWER,,,,R 254 FULTON DR,,,BU,,"R 254 FULTON DR, REGNSK"
STRUCTURE_REG16/484875,0101000000B067D41EC42B5AC080E2493D113C4940,PED:JSPED:C194321,,JOINT STANDARD PED,LOC_C6195622,IPL,,0,,REGNSK,,REGNSK04,SASKPOWER,,,,R 274 READ AVE,,,BU,,"R 274 READ AVE, REGNSK"
STRUCTURE_REG16/484926,01010000007CC6711FDA2A5AC0C824A19C043B4940,PED:JSPED:C204973,,JOINT STANDARD PED,LOC_C6206108,IPL,,0,,REGNSK,,REGNSK04,SASKPOWER,,,,R 6141 5TH AVE,,,BU,,"R 6141 5TH AVE, REGNSK"
STRUCTURE_REG16/484927,0101000000187346B06B2B5AC060D7B836483C4940,PED:JTPED:C207194,,JOINT SPC TRF PED,LOC_C6208303,IPL,,0,,REGNSK,,REGNSK04,SASKPOWER,,,,UNK,,,BU,,"UNK, REGNSK"
STRUCTURE_REG16/484935,010100000028B9E37D572B5AC058219705413C4940,PED:JSPED:C197495,,JOINT STANDARD PED,LOC_C6198736,IPL,,0,,REGNSK,,REGNSK04,SASKPOWER,,,,R 55 SHERMAN RD,,,BU,,"R 55 SHERMAN RD, REGNSK"
STRUCTURE_REG16/484950,01010000003C226227D52A5AC0389A9235B53B4940,PED:JSPED:C198041,,JOINT STANDARD PED,LOC_C6199269,IPL,,0,,REGNSK,,REGNSK04,SASKPOWER,,,,UNK,,,BU,,"UNK, REGNSK"
STRUCTURE_REG16/484971,010100000054390D81BE2A5AC0285D2FF7103C4940,PED:JSPED:C212354,,JOINT STANDARD PED,LOC_C6213359,IPL,,0,,REGNSK,,REGNSK04,SASKPOWER,,,,R 5948 MCKINLEY AVE,,,BU,,"R 5948 MCKINLEY AVE, REGNSK"
STRUCTURE_REG16/484972,010100000034011E02BB2B5AC0B084C4C9BF3B4940,PED:SST:C200412,,COMPANY STEEL STAKE,LOC_C6201607,IPL,,0,LACC_ATRENCH_C,REGNSK,,REGNSK04,SASKTEL,,LENGTH=DEPTH,101057,UNK,,,BU,,"UNK, REGNSK"
STRUCTURE_REG16/484981,0101000000687DC97A952A5AC028BAF4BDF33B4940,PED:JTPED:C211133,,JOINT SPC TRF PED,LOC_C6212137,IPL,,0,,REGNSK,,REGNSK04,SASKPOWER,,,,UNK,,,BU,,"UNK, REGNSK"
STRUCTURE_REG16/484995,010100000058466BBE8A2B5AC06064F5C0673C4940,PED:JSPED:C196752,,JOINT STANDARD PED,LOC_C6197998,IPL,,0,,REGNSK,,REGNSK04,SASKPOWER,,,,UNK,,,BU,,"UNK, REGNSK"
STRUCTURE_REG16/485013,0101000000D8F92A6BAE2A5AC0083312B3F43B4940,PED:JSPED:C211150,,JOINT STANDARD PED,LOC_C6212155,IPL,,0,,REGNSK,,REGNSK04,SASKPOWER,,,,UNK,,,BU,,"UNK, REGNSK"
STRUCTURE_REG16/488220,0101000000C0191D0C0C295AC0A8745F242D3A4940,PED:SST::8148651,,COMPANY STEEL STAKE,LOC_C6204902,IPL,,0,LACC_ATRENCH_F,REGNSK,,REGNSK01,SASKTEL,2014,2 SASKTEL GUARD POSTS,101057,UNK,0010,974103,BU,,"UNK, REGNSK"
STRUCTURE_REG16/489426,0101000000843D0946A72B5AC0F0C1A3AEB13B4940,PED:JUPED::11242451,,JOINT TRF PED,LOC_10850186,IPL,,0,,REGNSK,,REGNSK04,SASKPOWER,2020,,,,,,BU,,", REGNSK"
STRUCTURE_REG16/489433,010100000084C094F8912C5AC0D07D042EEA394940,PED:JUPED::9021028,,JOINT TRF PED,LOC_8743623,IPL,,0,,REGNSK,,REGNSK01,SASKPOWER,2016,,,UNK,0010,983509,BU,,"UNK, REGNSK"
STRUCTURE_REG16/491136,010100000094EEBFDF992C5AC06042708FF7394940,PED:SST::9231534,,COMPANY STEEL STAKE,LOC_8920597,IPL,,0,LACC_ATRENCH_F,REGNSK,,REGNSK01,SASKTEL,2016,,127035,UNK,0010,983509,BU,,"UNK, REGNSK"
STRUCTURE_REG16/492707,01010000001049786B8E2C5AC04877AEC7FB394940,PED:JSPED::9021039,,JOINT STANDARD PED,LOC_8743628,IPL,,0,,REGNSK,,REGNSK01,SASKPOWER,2016,,,UNK,0010,983509,BU,,"UNK, REGNSK"
STRUCTURE_REG16/492906,0101000000F8FD95A7692C5AC0C05EE968143A4940,PED:JSPED::9021353,,JOINT STANDARD PED,LOC_8744593,IPL,,0,,REGNSK,,REGNSK01,SASKPOWER,2016,,,UNK,0010,983509,BU,,"UNK, REGNSK"
STRUCTURE_REG16/494356,01010000009C4A99E3BB2B5AC060DFB002B63B4940,PED:SST::9058444,,COMPANY STEEL STAKE,LOC_C6201667,IPL,,0,LACC_ATRENCH_F,REGNSK,,REGNSK04,SASKTEL,2016,LENGTH=DEPTH,100791,R 180 RITTER AVE,0010,985491,U,,"R 180 RITTER AVE, REGNSK"
STRUCTURE_REG16/497869,0101000000B8F226AD822B5AC0D866571F243C4940,PED:JSPED:C196993,,JOINT STANDARD PED,LOC_C6198231,IPL,,0,,REGNSK,,REGNSK04,SASKPOWER,,,,R 418 FULTON DR,,,BU,,"R 418 FULTON DR, REGNSK"
STRUCTURE_REG16/498269,01010000006C94D88F962B5AC080EC8E2FDB3B4940,PED:JSPED:C205565,,JOINT STANDARD PED,LOC_C6206689,IPL,,0,,REGNSK,,REGNSK04,SASKPOWER,,,,R 244 MIKKELSON DR,,,BU,,"R 244 MIKKELSON DR, REGNSK"
STRUCTURE_REG16/499477,0101000000F82728AD4E2B5AC080D9BDAFA63B4940,PED:JSPED:C198471,,JOINT STANDARD PED,LOC_C6199706,IPL,,0,,REGNSK,,REGNSK04,SASKPOWER,,,,UNK,,,BU,,"UNK, REGNSK"
STRUCTURE_REG16/500065,0101000000CCD7AB16182B5AC0802E451F973B4940,PED:SST::11414608,,COMPANY STEEL STAKE,LOC_C6204420,IPL,,0,LACC_ATRENCH_F,REGNSK,,REGNSK04,,2021,,127035,,0010,104604,U,,", REGNSK"
STRUCTURE_REG16/503217,010100000074A75E5E90295AC0B8C90158B03B4940,PED:JTPED:C237538,,JOINT SPC TRF PED,LOC_C6238200,IPL,,0,,REGNSK,,REGNSK04,SASKPOWER,,,,UNK,,,BU,,"UNK, REGNSK"
STRUCTURE_REG16/503813,010100000068A78090D92A5AC0A0E506D1473C4940,PED:JSPED:C207147,,JOINT STANDARD PED,LOC_C6208259,IPL,,0,,REGNSK,,REGNSK04,SASKPOWER,,,,R 51 TRUDELLE CRES,,,BU,,"R 51 TRUDELLE CRES, REGNSK"
STRUCTURE_REG16/504095,0101000000BCDD6E56782B5AC0D0C3F61E243C4940,PED:JSPED:C196991,,JOINT STANDARD PED,LOC_C6198226,IPL,,0,,REGNSK,,REGNSK04,SASKPOWER,,,,R 398 FULTON DR,,,BU,,"R 398 FULTON DR, REGNSK"
STRUCTURE_REG16/504106,01010000006C4A0A10EB2A5AC0884D3DD5183B4940,PED:JSPED:C200063,,JOINT STANDARD PED,LOC_C6201282,IPL,,0,,REGNSK,,REGNSK04,SASKPOWER,,,,R 129 KRAUSS ST,,,BU,,"R 129 KRAUSS ST, REGNSK"
STRUCTURE_REG16/504136,01010000001497C4080A2B5AC0989AFE6B473C4940,PED:JSPED:C207059,,JOINT STANDARD PED,LOC_C6208171,IPL,,0,,REGNSK,,REGNSK04,SASKPOWER,,,,R 147 TRUDELLE CRES,,,BU,,"R 147 TRUDELLE CRES, REGNSK"
STRUCTURE_REG16/504765,0101000000840D0CDCFE2A5AC058BF53E7223B4940,PED:JSPED:C197918,,JOINT STANDARD PED,LOC_C6199155,IPL,,0,,REGNSK,,REGNSK04,SASKPOWER,,,,R 118 KRAUSS ST,,,BU,,"R 118 KRAUSS ST, REGNSK"
STRUCTURE_REG16/504769,0101000000DCE89BE8FE2A5AC020687490623B4940,PED:JSPED:C202377,,JOINT STANDARD PED,LOC_C6203558,IPL,,0,,REGNSK,,REGNSK04,SASKPOWER,,,,R 62 KRAUSS ST,,,BU,,"R 62 KRAUSS ST, REGNSK"
STRUCTURE_REG16/504815,01010000001042EB07932B5AC048C31445453C4940,PED:JTPED:C197243,,JOINT SPC TRF PED,LOC_C6198475,IPL,,0,,REGNSK,,REGNSK04,SASKPOWER,,,,UNK,,,BU,,"UNK, REGNSK"
STRUCTURE_REG16/504848,0101000000105FB17C192B5AC000F18B692B3B4940,PED:JTPED:C198307,,JOINT SPC TRF PED,LOC_C6199542,IPL,,0,,REGNSK,,REGNSK04,SASKPOWER,,,,UNK,,,BU,,"UNK, REGNSK"
STRUCTURE_REG16/504863,010100000038123F31182B5AC0004EAB325D3B4940,PED:JSPED:C203165,,JOINT STANDARD PED,LOC_C6204336,IPL,,0,,REGNSK,,REGNSK04,SASKPOWER,,,,UNK,,,BU,,"UNK, REGNSK"
STRUCTURE_REG16/504875,010100000060DF41F8BF2B5AC0484C53E8223C4940,PED:JSPED:C195156,,JOINT STANDARD PED,LOC_C6196444,IPL,,0,,REGNSK,,REGNSK04,SASKPOWER,,,,R 574 HANSEN DR,,,BU,,"R 574 HANSEN DR, REGNSK"
STRUCTURE_REG16/504888,0101000000A0BA63F8022A5AC088B194B8503C4940,PED:JSPED:C224361,,JOINT STANDARD PED,LOC_C6225241,IPL,,0,,REGNSK,,REGNSK04,SASKPOWER,,,,R 72 MARSHALL CRES,,,BU,,"R 72 MARSHALL CRES, REGNSK"
STRUCTURE_REG16/508041,0101000000045D02BD9E2A5AC0709B75D5A23B4940,PED:SST::9048819,,COMPANY STEEL STAKE,LOC_C6199424,IPL,,0,LACC_ATRENCH_C,REGNSK,,REGNSK04,SASKTEL,2016,LENGTH=DEPTH,101057,S 14 MIKKELSON DR,0010,982924,BU,,"S 14 MIKKELSON DR, REGNSK"
STRUCTURE_REG16/508892,0101000000308C90C1772A5AC0F814888AF03B4940,POL:SVMST::8978417,,SERVICE MAST,LOC_8704923,IPL,,0,,REGNSK,,REGNSK04,SASKPOWER,2016,,,,0010,983961,AE,,
STRUCTURE_REG16/509362,010100000080E5D06E892A5AC0A0DA0A7BC93B4940,PED:SST::10558933,,COMPANY STEEL STAKE,LOC_C6196699,IPL,,0,LACC_ATRENCH_F,REGNSK,,REGNSK04,SASKTEL,,,127035,,,,BU,,", REGNSK"
STRUCTURE_REG16/510464,010100000024243762442A5AC0806B1E8F323A4940,PED:SST:C257202,,COMPANY STEEL STAKE,LOC_C6257602,IPL,,0,LACC_ATRENCH_C,REGNSK,,REGNSK04,SASKTEL,,NOT IN MARTENS,101057,UNK,,,BU,,"UNK, REGNSK"
STRUCTURE_REG16/512060,010100000088C19834F32A5AC03841BD4EA73B4940,PED:SST::8890426,,COMPANY STEEL STAKE,LOC_C6201461,IPL,,0,LACC_ATRENCH_F,REGNSK,,REGNSK04,SASKTEL,2016,LENGTH=DEPTH,100791,R 87 MIKKELSON DR,0010,982924,BU,,"R 87 MIKKELSON DR, REGNSK"
STRUCTURE_REG16/512574,0101000000A414E5196E2C5AC0682371D8FB394940,PED:JSPED::9021047,,JOINT STANDARD PED,LOC_8743636,IPL,,0,,REGNSK,,REGNSK01,SASKPOWER,2016,,,UNK,0010,983509,BU,,"UNK, REGNSK"
STRUCTURE_REG16/513812,0101000000E48069C0FC285AC0E05D6341E83A4940,PED:CPM:C199536,,COMPANY POLE MOUNTED,LOC_C6200762,IPL,,0,LACC_ATRENCH_C,REGNSK,,REGNSK01,SASKTEL,,,-,UNK,,,BU,,"UNK, REGNSK"
STRUCTURE_REG16/514292,0101000000EC0AB0A1D12B5AC04094539BF53B4940,PED:SST::9058443,,COMPANY STEEL STAKE,LOC_C6198104,IPL,,0,LACC_ATRENCH_F,REGNSK,,REGNSK04,SASKTEL,2016,LENGTH=DEPTH,100791,UNK,0010,985491,U,,"UNK, REGNSK"
STRUCTURE_REG16/518170,010100000038748CC1892C5AC060BAA9EBCA3B4940,PED:SST:C207303,,COMPANY STEEL STAKE,LOC_C6208413,IPL,,0,LACC_ATRENCH_C,REGNSK,,REGNSK04,SASKTEL,,NO AP IN MARTENS,100783,UNK,,,BU,,"UNK, REGNSK"
STRUCTURE_REG16/518206,01010000004CF47CAA632C5AC0408A40E3AC3B4940,PED:SST:C207205,,COMPANY STEEL STAKE,LOC_C6208378,IPL,,0,LACC_ATRENCH_C,REGNSK,,REGNSK04,SASKTEL,,NO AP IN MARTENS,100791,UNK,,,BU,,"UNK, REGNSK"
STRUCTURE_REG16/518842,0101000000CCEF21FFD1295AC0B8268CBCE5394940,PED:SST:C201312,,COMPANY STEEL STAKE,LOC_C6202507,PDR,REGN110455-0010,25226973,LACC_ATRENCH_C,REGNSK,,REGNSK01,SASKTEL,,LENGTH=DEPTH,100783,I 5048 10TH AVE,,,BU,,"I 5048 10TH AVE, REGNSK"
STRUCTURE_REG16/519416,0101000000F0365290C12B5AC0C0C9AA33B73B4940,PED:JSPED:C200551,,JOINT STANDARD PED,LOC_C6201742,IPL,,0,,REGNSK,,REGNSK04,SASKPOWER,,,,R 184 RITTER AVE,,,BU,,"R 184 RITTER AVE, REGNSK"
STRUCTURE_REG16/519675,0101000000D0DF7460F3295AC0A89F3C3B3F3A4940,PED:SST:C260594,,COMPANY STEEL STAKE,LOC_C6260972,IPL,,0,LACC_ATRENCH_C,REGNSK,,REGNSK04,SASKTEL,,NO AP IN MARTENS,101057,F 5221 DEWDNEY AVE,,,BU,,"F 5221 DEWDNEY AVE, REGNSK"
STRUCTURE_REG16/520449,010100000090CF1C738D2B5AC078F82702663C4940,PED:SST::12611082,,COMPANY STEEL STAKE,LOC_C6198169,IPL,,0,LACC_ATRENCH_C,REGNSK,,REGNSK04,,2023,,127035,,0000,820249,,,", REGNSK"
STRUCTURE_REG16/520705,0101000000247644F005295AC0B8E9DC15033A4940,PED:SST:C265270,,COMPANY STEEL STAKE,LOC_C6265586,IPL,,0,LACC_ATRENCH_C,REGNSK,,REGNSK01,SASKTEL,,LENGTH=DEPTH,100791,UNK,,,BU,,"UNK, REGNSK"
STRUCTURE_REG16/522953,01010000000C367467F1295AC0501C55C7563C4940,PED:JSPED:C224382,,JOINT STANDARD PED,LOC_C6225261,IPL,,0,,REGNSK,,REGNSK04,SASKPOWER,,,,R 36 NATHAN ST,,,BU,,"R 36 NATHAN ST, REGNSK"
STRUCTURE_REG16/522954,010100000038C09E3F85295AC0B0DA213DC63B4940,PED:JSPED:C232952,,JOINT STANDARD PED,LOC_C6233682,IPL,,0,,REGNSK,,REGNSK04,SASKPOWER,,,,UNK,,,BU,,"UNK, REGNSK"
STRUCTURE_REG16/523898,010100000064EF45E1FE2A5AC0E0D3956F403B4940,PED:JSPED:C197907,,JOINT STANDARD PED,LOC_C6199142,IPL,,0,,REGNSK,,REGNSK04,SASKPOWER,,,,R 94 KRAUSS ST,,,BU,,"R 94 KRAUSS ST, REGNSK"
STRUCTURE_REG16/523908,0101000000483DE57AD62A5AC0B84F3C717D3B4940,PED:JSPED:C200062,,JOINT STANDARD PED,LOC_C6201281,IPL,,0,,REGNSK,,REGNSK04,SASKPOWER,,,,R 20 LYONS ST,,,BU,,"R 20 LYONS ST, REGNSK"
STRUCTURE_REG16/523919,0101000000348FE726162B5AC07087BC6EDC3B4940,PED:JSPED:C204331,,JOINT STANDARD PED,LOC_C6205476,IPL,,0,,REGNSK,,REGNSK04,SASKPOWER,,,,R 19 STRAUB CRES,,,BU,,"R 19 STRAUB CRES, REGNSK"
STRUCTURE_REG16/524529,0101000000B4257FEBDB2A5AC038FDAFC6DB3B4940,PED:JSPED:C202767,,JOINT STANDARD PED,LOC_C6203945,IPL,,0,,REGNSK,,REGNSK04,SASKPOWER,,,,R 131 DUNSMORE DR,,,BU,,"R 131 DUNSMORE DR, REGNSK"
STRUCTURE_REG16/524548,0101000000547CA9C33D2A5AC0206B7D66503B4940,PED:SST:C233042,,COMPANY STEEL STAKE,LOC_C6233771,IPL,,0,LACC_ATRENCH_C,REGNSK,,REGNSK04,SASKTEL,,LENGTH=DEPTH,100791,R 5505 3RD AVE,,,BU,,"R 5505 3RD AVE, REGNSK"
STRUCTURE_REG16/524588,0101000000F4CC62C79E2A5AC090A7A2A1D43B4940,PED:JSPED:C198138,,JOINT STANDARD PED,LOC_C6199367,IPL,,0,,REGNSK,,REGNSK04,SASKPOWER,,,,R 703 MCMANUS ST,,,BU,,"R 703 MCMANUS ST, REGNSK"
STRUCTURE_REG16/524589,01010000000494C77F732A5AC068AB917EB73A4940,PED:JSPED:C218171,,JOINT STANDARD PED,LOC_C6219120,IPL,,0,,REGNSK,,REGNSK04,SASKPOWER,,,,UNK,,,BU,,"UNK, REGNSK"
STRUCTURE_REG16/524626,0101000000A86F7F7FC12A5AC0785A593D483C4940,PED:JSPED:C209142,,JOINT STANDARD PED,LOC_C6210192,IPL,,0,,REGNSK,,REGNSK04,SASKPOWER,,,,R 34 TRUDELLE CRES,,,BU,,"R 34 TRUDELLE CRES, REGNSK"
STRUCTURE_REG16/524633,0101000000F45358B3722B5AC0B067AAC2C73B4940,PED:JSPED:C203261,,JOINT STANDARD PED,LOC_C6204424,IPL,,0,,REGNSK,,REGNSK04,SASKPOWER,,,,R 708 SWEENEY ST,,,BU,,"R 708 SWEENEY ST, REGNSK"
STRUCTURE_REG16/524661,010100000084B11F3EDD2A5AC050C97EF2443C4940,PED:JTPED:C207128,,JOINT SPC TRF PED,LOC_C6208240,IPL,,0,,REGNSK,,REGNSK04,SASKPOWER,,,,UNK,,,BU,,"UNK, REGNSK"
STRUCTURE_REG16/524665,0101000000DCB1178BB82A5AC02878F0D1EA3A4940,PED:JTPED:C210353,,JOINT SPC TRF PED,LOC_C6211377,IPL,,0,,REGNSK,,REGNSK04,SASKPOWER,,,,UNK,,,BU,,"UNK, REGNSK"
STRUCTURE_REG16/524666,0101000000F8B491B8152B5AC050090B38553A4940,PED:JTPED:C223762,,JOINT SPC TRF PED,LOC_C6224639,IPL,,0,,REGNSK,,REGNSK04,SASKPOWER,,,,UNK,,,BU,,"UNK, REGNSK"
STRUCTURE_REG16/528964,01010000007465639A732B5AC0E85351D3A63B4940,PED:JUPED::11242452,,JOINT TRF PED,LOC_C6199187,IPL,,0,,REGNSK,,REGNSK04,SASKPOWER,2020,,,,,,BU,,", REGNSK"
STRUCTURE_REG16/532510,0101000000644D180C6F2C5AC088CD31071E3A4940,PED:JSPED::9021351,,JOINT STANDARD PED,LOC_8744591,IPL,,0,,REGNSK,,REGNSK01,SASKPOWER,2016,,,UNK,0010,983509,BU,,"UNK, REGNSK"
STRUCTURE_REG16/534008,01010000009040D1DC4D2B5AC060251BB9F53B4940,PED:JSPED:C199679,,JOINT STANDARD PED,LOC_C6200908,IPL,,0,,REGNSK,,REGNSK04,SASKPOWER,,,,R 141 READ AVE,,,BU,,"R 141 READ AVE, REGNSK"
STRUCTURE_REG16/534018,0101000000B41553CD922B5AC030151F62AD3B4940,PED:JSPED:C198624,,JOINT STANDARD PED,LOC_C6199856,IPL,,0,,REGNSK,,REGNSK04,SASKPOWER,,,,UNK,,,BU,,"UNK, REGNSK"
STRUCTURE_REG16/534019,0101000000AC7E13DA972B5AC070A6ECA8F53B4940,PED:JSPED::12458444,,JOINT STANDARD PED,LOC_C6202348,IPL,,0,,REGNSK,,REGNSK04,SASKPOWER,,,,R 221 READ AVE,,,,,"R 221 READ AVE, REGNSK"
STRUCTURE_REG16/535859,01010000009C506973E52A5AC078AAC1A3293C4940,PED:JSPED:C209206,,JOINT STANDARD PED,LOC_C6210252,IPL,,0,,REGNSK,,REGNSK04,SASKPOWER,,,,R 86 TRUDELLE CRES,,,BU,,"R 86 TRUDELLE CRES, REGNSK"
STRUCTURE_REG16/536247,0101000000F4C05EC6CC2A5AC01074FA35EA3A4940,PED:JSPED:C210362,,JOINT STANDARD PED,LOC_C6211385,IPL,,0,,REGNSK,,REGNSK04,SASKPOWER,,,,R 6211 BRUNSKILL PL,,,BU,,"R 6211 BRUNSKILL PL, REGNSK"
STRUCTURE_REG16/536257,010100000070B00188702B5AC088DBED5C533A4940,PED:JSPED:C213143,,JOINT STANDARD PED,LOC_C6214147,IPL,,0,,REGNSK,,REGNSK04,SASKPOWER,,,,R 6810 DEWDNEY AVE,,,BU,,"R 6810 DEWDNEY AVE, REGNSK"
STRUCTURE_REG16/537945,01010000005C862AF5FF2B5AC028F6532DB33A4940,PED:JSPED:C221899,,JOINT STANDARD PED,LOC_C6222796,IPL,,0,,REGNSK,,REGNSK04,SASKPOWER,,,,R 1230 COURTNEY ST,,,BU,,"R 1230 COURTNEY ST, REGNSK"
STRUCTURE_REG16/538497,010100000004437E7F482B5AC0E00458B1A63B4940,PED:SST::11414606,,COMPANY STEEL STAKE,LOC_10959624,IPL,,0,LACC_ATRENCH_F,REGNSK,,REGNSK04,SASKTEL,2021,LENGTH=DEPTH,100791,,0010,104604,U,,", REGNSK"
STRUCTURE_REG16/538510,01010000009CBE7530E82A5AC0D069909B043B4940,PED:JSPED:C204990,,JOINT STANDARD PED,LOC_C6206123,IPL,,0,,REGNSK,,REGNSK04,SASKPOWER,,,,R 6227 5TH AVE,,,BU,,"R 6227 5TH AVE, REGNSK"
STRUCTURE_REG16/539216,0101000000C080A11E6D2B5AC0D0A66653113C4940,PED:JSPED:C196950,,JOINT STANDARD PED,LOC_C6198193,IPL,,0,,REGNSK,,REGNSK04,SASKPOWER,,,,R 174 READ AVE,,,BU,,"R 174 READ AVE, REGNSK"
STRUCTURE_REG16/539222,01010000007C463561A52B5AC0D840BA45113C4940,PED:JSPED:C196895,,JOINT STANDARD PED,LOC_C6198144,IPL,,0,,REGNSK,,REGNSK04,SASKPOWER,,,,R 250 READ AVE,,,BU,,"R 250 READ AVE, REGNSK"
STRUCTURE_REG16/539317,010100000088C752DF4A2B5AC0E8F75309ED3B4940,PED:SST::12446924,,COMPANY STEEL STAKE,LOC_C6209928,IPL,,0,LACC_ATRENCH_F,REGNSK,,REGNSK04,SASKTEL,2021,LENGTH=DEPTH,101057,,0010,104604,BU,,", REGNSK"
STRUCTURE_REG16/539318,0101000000F0125ADEEE2A5AC0F85E0479F53B4940,PED:SST::12448848,,COMPANY STEEL STAKE,LOC_C6212404,IPL,,0,LACC_ATRENCH_F,REGNSK,,REGNSK04,SASKTEL,2021,LENGTH=DEPTH,100783,,0010,104604,,,", REGNSK"
STRUCTURE_REG16/539857,01010000007852777C73295AC038B78F9DB63B4940,PED:JSPED::13089803,,JOINT STANDARD PED,LOC_C6197143,IPL,REGN114606,27530597,,REGNSK,,REGNSK04,SASKPOWER,2023,,,,0010,114606,BU,,", REGNSK"
STRUCTURE_REG16/540593,01010000008C7BE4F0D8295AC070EADD6EF5394940,PED:SST:C201371,,COMPANY STEEL STAKE,LOC_C6202583,IPL,,0,LACC_ATRENCH_C,REGNSK,,REGNSK01,SASKTEL,,no ap martens,101057,UNK,,,BU,,"UNK, REGNSK"
STRUCTURE_REG16/541815,01010000003C48AA4AB62A5AC0F88CCE10063A4940,PED:SST:C220588,,COMPANY STEEL STAKE,LOC_C6221533,IPL,,0,LACC_ATRENCH_C,REGNSK,,REGNSK01,SASKTEL,,NOT IN MARTENS,100791,UNK,,,BU,,"UNK, REGNSK"
STRUCTURE_REG16/542907,0101000000CCF48C29EA295AC068A83761CA3A4940,PED:JTPED:C342620,,JOINT SPC TRF PED,LOC_C6341797,IPL,,0,,REGNSK,,REGNSK04,SASKPOWER,2013,,,UNK,0010,966275,BU,,"UNK, REGNSK"
STRUCTURE_REG16/543505,010100000044CD2C49EB2A5AC0280330A0023B4940,PED:JSPED:C204995,,JOINT STANDARD PED,LOC_C6206127,IPL,,0,,REGNSK,,REGNSK04,SASKPOWER,,,,R 141 KRAUSS ST,,,BU,,"R 141 KRAUSS ST, REGNSK"
STRUCTURE_REG16/543525,0101000000D44D6E83162B5AC0F8482822683A4940,PED:JSPED:C223308,,JOINT STANDARD PED,LOC_C6224198,IPL,,0,,REGNSK,,REGNSK04,SASKPOWER,,,,R 1428 MCCARTHY BLVD,,,BU,,"R 1428 MCCARTHY BLVD, REGNSK"
STRUCTURE_REG16/543576,01010000007CE662C29E2A5AC050A34DFEBC3B4940,PED:JSPED:C198174,,JOINT STANDARD PED,LOC_C6199400,IPL,,0,,REGNSK,,REGNSK04,SASKPOWER,,,,R 741 MCMANUS ST,,,BU,,"R 741 MCMANUS ST, REGNSK"
STRUCTURE_REG16/543794,0101000000D890D0ADAF2A5AC0C01A9830A83B4940,PED:JSPED:C198217,,JOINT STANDARD PED,LOC_C6199442,IPL,,0,,REGNSK,,REGNSK04,SASKPOWER,,,,R 6 MELROSE PLACE,,,BU,,"R 6 MELROSE PLACE, REGNSK"
STRUCTURE_REG16/543815,0101000000A05EEDB1FF2A5AC068BDA72B453C4940,PED:JSPED:C207043,,JOINT STANDARD PED,LOC_C6208154,IPL,,0,,REGNSK,,REGNSK04,SASKPOWER,,,,R 127 TRUDELLE CRES,,,BU,,"R 127 TRUDELLE CRES, REGNSK"
STRUCTURE_REG16/543821,0101000000F028C529BB2A5AC028910481583C4940,PED:JSPED:C209150,,JOINT STANDARD PED,LOC_C6210199,IPL,,0,,REGNSK,,REGNSK04,SASKPOWER,,,,R 22 TRUDELLE CRES,,,BU,,"R 22 TRUDELLE CRES, REGNSK"
STRUCTURE_REG16/544485,010100000004D5F443A62B5AC0A87F1CA94B3C4940,PED:JSPED:C195085,,JOINT STANDARD PED,LOC_C6196373,IPL,,0,,REGNSK,,REGNSK04,SASKPOWER,,,,R 202 PAYNTER CRES,,,BU,,"R 202 PAYNTER CRES, REGNSK"
STRUCTURE_REG16/544487,01010000009039432F6B2B5AC0C08C4118593C4940,PED:JSPED:C197438,,JOINT STANDARD PED,LOC_C6198683,IPL,,0,,REGNSK,,REGNSK04,SASKPOWER,,,,R 47 CARTER CRES,,,BU,,"R 47 CARTER CRES, REGNSK"
STRUCTURE_REG16/544488,0101000000D4B24FDCFE2A5AC0508561F5043B4940,PED:JSPED:C197966,,JOINT STANDARD PED,LOC_C6199195,IPL,,0,,REGNSK,,REGNSK04,SASKPOWER,,,,R 142 KRAUSS ST,,,BU,,"R 142 KRAUSS ST, REGNSK"
STRUCTURE_REG16/544496,0101000000F879024AEB2A5AC0F897B93AEC3A4940,PED:JSPED:C210291,,JOINT STANDARD PED,LOC_C6211315,IPL,,0,,REGNSK,,REGNSK04,SASKPOWER,,,,R 153 KRAUSS ST,,,BU,,"R 153 KRAUSS ST, REGNSK"
STRUCTURE_REG16/544567,01010000005CF0556AD72A5AC0C89B6920283B4940,PED:JSPED:C200100,,JOINT STANDARD PED,LOC_C6201317,IPL,,0,,REGNSK,,REGNSK04,SASKPOWER,,,,R 6109 4TH AVE,,,BU,,"R 6109 4TH AVE, REGNSK"
STRUCTURE_REG16/544579,010100000084635BDB7B2B5AC0E0E00590A83B4940,PED:JSPED:C198609,,JOINT STANDARD PED,LOC_C6199842,IPL,,0,,REGNSK,,REGNSK04,SASKPOWER,,,,UNK,,,BU,,"UNK, REGNSK"
STRUCTURE_REG16/544612,010100000094E3CEB2D22A5AC0D0AF519C043B4940,PED:JSPED:C204970,,JOINT STANDARD PED,LOC_C6206104,IPL,,0,,REGNSK,,REGNSK04,SASKPOWER,,,,R 6125 5TH AVE,,,BU,,"R 6125 5TH AVE, REGNSK"
STRUCTURE_REG16/547709,010100000090D43C59C72A5AC070B05AADD43B4940,PED:SST::9047594,,COMPANY STEEL STAKE,LOC_C6199259,IPL,,0,LACC_ATRENCH_C,REGNSK,,REGNSK04,SASKTEL,2016,LENGTH=DEPTH,101057,UNK,0010,982924,BU,,"UNK, REGNSK"
STRUCTURE_REG16/548976,0101000000201E21B4722B5AC070AC3548CC3B4940,PED:JUPED::11242447,,JOINT TRF PED,LOC_C6206424,IPL,,0,,REGNSK,,REGNSK04,SASKPOWER,2020,,,,,,BU,,", REGNSK"
STRUCTURE_REG16/550732,0101000000408C1C918B2B5AC0A03EF3C0673C4940,PED:SST::8597932,,COMPANY STEEL STAKE,LOC_C6197993,IPL,,0,LACC_ATRENCH_C,REGNSK,,REGNSK04,SASKTEL,2015,,127035,UNK,0010,980008,BU,,"UNK, REGNSK"
STRUCTURE_REG16/551979,0101000000F828D9A0652C5AC09019A5410D3A4940,PED:JSPED::9021371,,JOINT STANDARD PED,LOC_8744595,IPL,,0,,REGNSK,,REGNSK01,SASKPOWER,2016,,,UNK,0010,983509,BU,,"UNK, REGNSK"
STRUCTURE_REG16/552521,01010000000000CD0E5B2C5AC0F8F82078FA394940,PED:JSPED::9021376,,JOINT STANDARD PED,LOC_8744615,IPL,,0,,REGNSK,,REGNSK01,SASKPOWER,2016,,,UNK,0010,983509,BU,,"UNK, REGNSK"
STRUCTURE_REG16/552627,01010000002472758B962C5AC0E00E35C0FB394940,PED:JSPED::9021037,,JOINT STANDARD PED,LOC_8743626,IPL,,0,,REGNSK,,REGNSK01,SASKPOWER,2016,,,UNK,0010,983509,BU,,"UNK, REGNSK"
STRUCTURE_REG16/554033,010100000050448D0F812B5AC048F2EFAFF53B4940,PED:JSPED:C201237,,JOINT STANDARD PED,LOC_C6202438,IPL,,0,,REGNSK,,REGNSK04,SASKPOWER,,,,UNK,,,BU,,"UNK, REGNSK"
STRUCTURE_REG16/554034,010100000024A7DE695E2B5AC018351304F63B4940,PED:JUPED::11312206,,JOINT TRF PED,LOC_C6200917,IPL,,0,LACC_ATRENCH_F,REGNSK,,REGNSK04,SASKPOWER,2021,,,,0010,104603,U,,", REGNSK"
STRUCTURE_REG16/555972,0101000000B0F76AC6F02A5AC0881CF0A0293C4940,PED:JSPED:C207271,,JOINT STANDARD PED,LOC_C6208380,IPL,,0,,REGNSK,,REGNSK04,SASKPOWER,,,,R 102 TRUDELLE CRES,,,BU,,"R 102 TRUDELLE CRES, REGNSK"
STRUCTURE_REG16/558019,010100000058EE0968BB2A5AC000604518CF3A4940,PED:SST:C210496,,COMPANY STEEL STAKE,LOC_C6211518,IPL,,0,LACC_ATRENCH_C,REGNSK,,REGNSK04,SASKTEL,,LENGTH=DEPTH,101057,R 6108 BRUNSKILL PL,,,BU,,"R 6108 BRUNSKILL PL, REGNSK"
STRUCTURE_REG16/558334,0101000000ACD21AD9CE2A5AC0F061F9D7183B4940,PED:JSPED:C200208,,JOINT STANDARD PED,LOC_C6201427,IPL,,0,,REGNSK,,REGNSK04,SASKPOWER,,,,R 6120 5TH AVE,,,BU,,"R 6120 5TH AVE, REGNSK"
STRUCTURE_REG16/558445,0101000000541962FC41295AC09835C712463B4940,PED:SST::12529483,,COMPANY STEEL STAKE,LOC_11139784,IPL,,0,LACC_ATRENCH_C,REGNSK,,REGNSK04,SASKTEL,2021,LENGTH=DEPTH,100791,,0000,814833,U,,", REGNSK"
STRUCTURE_REG16/558507,010100000084811B1A102B5AC0381DBC74A83B4940,PED:JSPED:C203727,,JOINT STANDARD PED,LOC_C6204878,IPL,,0,,REGNSK,,REGNSK04,SASKPOWER,,,,R 27 SIBBALD CRES,,,BU,,"R 27 SIBBALD CRES, REGNSK"
STRUCTURE_REG16/561319,0101000000D4D0D827982B5AC0C82FD854B03B4940,PED:SST::11500689,,COMPANY STEEL STAKE,LOC_11025868,PDA,REGN106535-0010,23229634,LACC_ATRENCH_F,REGNSK,,REGNSK04,SASKTEL,2021,LENGTH=DEPTH,101057,,0010,106535,BU,,", REGNSK"
STRUCTURE_REG16/562638,0101000000A41114EEBE2B5AC0A06F789FF53B4940,PED:JSPED:C197186,,JOINT STANDARD PED,LOC_C6198420,IPL,,0,,REGNSK,,REGNSK04,SASKPOWER,,,,R 267 READ AVE,,,BU,,"R 267 READ AVE, REGNSK"
STRUCTURE_REG16/562944,0101000000988FB5D0DF295AC0903A3FD45C3C4940,PED:JSPED:C224403,,JOINT STANDARD PED,LOC_C6225281,IPL,,0,,REGNSK,,REGNSK04,SASKPOWER,,,,R 30 MARSHALL CRES,,,BU,,"R 30 MARSHALL CRES, REGNSK"
STRUCTURE_REG16/563612,0101000000F03B403C9A2A5AC0C8C481B8F43B4940,PED:JSPED:C211134,,JOINT STANDARD PED,LOC_C6212140,IPL,,0,,REGNSK,,REGNSK04,SASKPOWER,,,,R 71 MOLLARD CRES,,,BU,,"R 71 MOLLARD CRES, REGNSK"
STRUCTURE_REG16/563928,0101000000586EE5FCFF2B5AC028CDF6C0053B4940,PED:JSPED:C197871,,JOINT STANDARD PED,LOC_C6199108,IPL,,0,,REGNSK,,REGNSK04,SASKPOWER,,,,R 1110 COURTNEY ST,,,BU,,"R 1110 COURTNEY ST, REGNSK"
STRUCTURE_REG16/563929,0101000000443E30F9FF2B5AC0907CB7A9DC3A4940,PED:JSPED:C197892,,JOINT STANDARD PED,LOC_C6199129,IPL,,0,,REGNSK,,REGNSK04,SASKPOWER,,,,R 1206 COURTNEY ST,,,BU,,"R 1206 COURTNEY ST, REGNSK"
STRUCTURE_REG16/563952,0101000000A01E1C98EE2A5AC0F897791F453C4940,PED:JSPED:C207025,,JOINT STANDARD PED,LOC_C6208135,IPL,,0,,REGNSK,,REGNSK04,SASKPOWER,,,,R 103 TRUDELLE CRES,,,BU,,"R 103 TRUDELLE CRES, REGNSK"
STRUCTURE_REG16/563953,010100000064905727142B5AC0609BCA654D3C4940,PED:JSPED:C207070,,JOINT STANDARD PED,LOC_C6208181,IPL,,0,,REGNSK,,REGNSK04,SASKPOWER,,,,R 167 TRUDELLE CRES,,,BU,,"R 167 TRUDELLE CRES, REGNSK"
STRUCTURE_REG16/564603,0101000000AC3A735B772B5AC0402CDBC1673C4940,PED:JSPED:C196797,,JOINT STANDARD PED,LOC_C6198045,IPL,,0,,REGNSK,,REGNSK04,SASKPOWER,,,,R 63 CARTER CRES,,,BU,,"R 63 CARTER CRES, REGNSK"
STRUCTURE_REG16/564607,01010000001CB9842F6B2B5AC0D83F4D6F373C4940,PED:JSPED:C197466,,JOINT STANDARD PED,LOC_C6198708,IPL,,0,,REGNSK,,REGNSK04,SASKPOWER,,,,R 7 CARTER CRES,,,BU,,"R 7 CARTER CRES, REGNSK"
STRUCTURE_REG16/564608,01010000003C69CE18EB2A5AC078C1D3DD553B4940,PED:JSPED:C198635,,JOINT STANDARD PED,LOC_C6199866,IPL,,0,,REGNSK,,REGNSK04,SASKPOWER,,,,R 81 KRAUSS ST,,,BU,,"R 81 KRAUSS ST, REGNSK"
STRUCTURE_REG16/564614,0101000000684082B7272B5AC088C3B521993B4940,PED:JSPED:C203712,,JOINT STANDARD PED,LOC_C6204863,IPL,,0,,REGNSK,,REGNSK04,SASKPOWER,,,,R 55 SIBBALD CRES,,,BU,,"R 55 SIBBALD CRES, REGNSK"
STRUCTURE_REG16/564618,0101000000E84AE59C212B5AC0C07805C3F53B4940,PED:JSPED:C208902,,JOINT STANDARD PED,LOC_C6209960,IPL,,0,,REGNSK,,REGNSK04,SASKPOWER,,,,R 79 READ AVE,,,BU,,"R 79 READ AVE, REGNSK"
STRUCTURE_REG16/564624,010100000040047AB3162B5AC0A84EB4D6103C4940,PED:JSPED:C211306,,JOINT STANDARD PED,LOC_C6212310,IPL,,0,,REGNSK,,REGNSK04,SASKPOWER,,,,R 70 READ AVE,,,BU,,"R 70 READ AVE, REGNSK"
STRUCTURE_REG16/564715,01010000005CDFC32FB92A5AC0105F7EF8103C4940,PED:JSPED:C212352,,JOINT STANDARD PED,LOC_C6213357,IPL,,0,,REGNSK,,REGNSK04,SASKPOWER,,,,R 5936 MCKINLEY AVE,,,BU,,"R 5936 MCKINLEY AVE, REGNSK"
STRUCTURE_REG16/564716,0101000000B0A19BFDA12A5AC0C0DF1DF02B3C4940,PED:JSPED:C209575,,JOINT STANDARD PED,LOC_C6210615,IPL,,0,,REGNSK,,REGNSK04,SASKPOWER,,,,R 35 SNEATH CRES,,,BU,,"R 35 SNEATH CRES, REGNSK"
STRUCTURE_REG16/564729,0101000000FC7BD485162B5AC01892094E763A4940,PED:JSPED:C223297,,JOINT STANDARD PED,LOC_C6224186,IPL,,0,,REGNSK,,REGNSK04,SASKPOWER,,,,R 1400 MCCARTHY BLVD,,,BU,,"R 1400 MCCARTHY BLVD, REGNSK"
STRUCTURE_REG16/564738,01010000003CF19975D12A5AC020C82B91BD3B4940,PED:JSPED:C198037,,JOINT STANDARD PED,LOC_C6199266,IPL,,0,,REGNSK,,REGNSK04,SASKPOWER,,,,UNK,,,BU,,"UNK, REGNSK"
STRUCTURE_REG16/567830,0101000000B86F4242B02A5AC038EBCA09483C4940,PED:SST::10085328,,COMPANY STEEL STAKE,LOC_C6210646,IPL,,0,LACC_ATRENCH_F,REGNSK,,REGNSK04,SASKPOWER,2018,,,UNK,0010,983635,BU,,"UNK, REGNSK"
STRUCTURE_REG16/570799,01010000001C94A1715B2A5AC0F08628246E3A4940,PED:SST:C306341,,COMPANY STEEL STAKE,LOC_C6306093,IPL,,0,LACC_ATRENCH_F,REGNSK,,REGNSK04,SASKTEL,2012,LENGTH=DEPTH,101057,UNK,0010,962363,BU,,"UNK, REGNSK"
STRUCTURE_REG16/570800,0101000000E8A0FCF1FF2B5AC0E84BEDB4913A4940,PED:SST:C311389,,COMPANY STEEL STAKE,LOC_DC6311047,IPL,,0,LACC_ATRENCH_F,REGNSK,,REGNSK04,SASKTEL,,LENGTH=DEPTH,101057,X R 1312 COURTNEY ST,,,BU,,"X R 1312 COURTNEY ST, REGNSK"
STRUCTURE_REG16/571586,0101000000B483F0EC7B2A5AC09833054C4F3C4940,PED:SST::8876368,,COMPANY STEEL STAKE,LOC_C6204354,IPL,,0,LACC_ATRENCH_F,REGNSK,,REGNSK04,SASKTEL,2015,LENGTH=DEPTH,100791,UNK,0010,983635,BU,,"UNK, REGNSK"
STRUCTURE_REG16/572636,010100000028AA5325772A5AC09877D0B7C83B4940,PED:JLPED::8978415,,JOINT LIGHT PED,LOC_8704922,IPL,,0,,REGNSK,,REGNSK04,SASKPOWER,2016,,,UNK,0010,983961,BU,,"UNK, REGNSK"
STRUCTURE_REG16/576333,0101000000545AA65C2A2A5AC008062C00603C4940,PED:JSPED:C224278,,JOINT STANDARD PED,LOC_C6225156,IPL,,0,,REGNSK,,REGNSK04,SASKPOWER,,,,R 71 OSBORNE CRES,,,BU,,"R 71 OSBORNE CRES, REGNSK"
STRUCTURE_REG16/576345,0101000000FCA96F9BD42A5AC090FE2C3DEA3A4940,PED:JSPED:C210367,,JOINT STANDARD PED,LOC_C6211391,IPL,,0,,REGNSK,,REGNSK04,SASKPOWER,,,,R 6219 BRUNSKILL PL,,,BU,,"R 6219 BRUNSKILL PL, REGNSK"
STRUCTURE_REG16/576346,010100000090512E25DC2A5AC080D01B3DEA3A4940,PED:JSPED:C210373,,JOINT STANDARD PED,LOC_C6211396,IPL,,0,,REGNSK,,REGNSK04,SASKPOWER,,,,R 6223 BRUNSKILL PL,,,BU,,"R 6223 BRUNSKILL PL, REGNSK"
STRUCTURE_REG16/576456,010100000088D82DF07F295AC0C844B14CA73B4940,PED:JSPED:C233089,,JOINT STANDARD PED,LOC_C6233818,IPL,,0,,REGNSK,,REGNSK04,SASKPOWER,,,,FF 22 ROSEMONT CRES,,,BU,,"FF 22 ROSEMONT CRES, REGNSK"
STRUCTURE_REG16/576476,01010000008C441C7675295AC0B8C8E813C83B4940,PED:JSPED:C193434,,JOINT STANDARD PED,LOC_C6194769,IPL,,0,,REGNSK,,REGNSK04,SASKPOWER,,,,X R 4 TRANSCONA PL,,,BU,,"X R 4 TRANSCONA PL, REGNSK"
STRUCTURE_REG16/578565,0101000000EC8E7539D1295AC008CF334CE6394940,PED:SST::12246618,,COMPANY STEEL STAKE,LOC_C6202507,PDA,REGN110455-0010,25226974,LACC_ATRENCH_F,REGNSK,,REGNSK01,SASKTEL,2022,LENGTH=DEPTH,100791,,0010,110455,BU,,", REGNSK"
STRUCTURE_REG16/579745,01010000004480ADF4352B5AC0D83BF8D0983B4940,PED:SST::11414607,,COMPANY STEEL STAKE,LOC_C6204988,IPL,,0,LACC_ATRENCH_F,REGNSK,,REGNSK04,,2021,,127035,,0010,104604,U,,", REGNSK"
STRUCTURE_REG16/579782,0101000000CC9C00535E2B5AC058D49A32EC3B4940,PED:SST::11447562,,COMPANY STEEL STAKE,LOC_C6200933,IPL,,0,LACC_ATRENCH_F,REGNSK,,REGNSK04,,2021,,,,0010,104604,U,,", REGNSK"
STRUCTURE_REG16/581926,0101000000C0D03EE45A295AC030472769833B4940,PED:JSPED:C195997,,JOINT STANDARD PED,LOC_C6197280,IPL,,0,,REGNSK,,REGNSK04,SASKPOWER,,,,S 861 CONNAUGHT ST,,,BU,,"S 861 CONNAUGHT ST, REGNSK"
STRUCTURE_REG16/583347,010100000080B5A1CADF2A5AC0082BB806D33B4940,PED:JSPED:C202762,,JOINT STANDARD PED,LOC_C6203940,IPL,,0,,REGNSK,,REGNSK04,SASKPOWER,,,,R 139 MOLLARD CRES,,,BU,,"R 139 MOLLARD CRES, REGNSK"
STRUCTURE_REG16/583352,0101000000D0F9B3C9C82A5AC020597A53623C4940,PED:JSPED:C209160,,JOINT STANDARD PED,LOC_C6210215,IPL,,0,,REGNSK,,REGNSK04,SASKPOWER,,,,R 6 TRUDELLE CRES,,,BU,,"R 6 TRUDELLE CRES, REGNSK"
STRUCTURE_REG16/583382,0101000000D8D31539922A5AC0B0D228BAF43B4940,PED:SST:C211114,,COMPANY STEEL STAKE,LOC_C6212118,IPL,,0,LACC_ATRENCH_C,REGNSK,,REGNSK04,SASKTEL,,0205:451-500,100791,R 67 MOLLARD CRES,,,BU,,"R 67 MOLLARD CRES, REGNSK"
STRUCTURE_REG16/583430,0101000000BC1976C4D32B5AC0D00A6E39113C4940,PED:JSPED:C194300,,JOINT STANDARD PED,LOC_C6195607,IPL,,0,,REGNSK,,REGNSK04,SASKPOWER,,,,R 286 READ AVE,,,BU,,"R 286 READ AVE, REGNSK"
STRUCTURE_REG16/583617,01010000002C03D30B8C2A5AC0C89E2668503C4940,PED:JSPED:C203232,,JOINT STANDARD PED,LOC_C6204398,IPL,,0,,REGNSK,,REGNSK04,SASKPOWER,,,,R 118 FORSYTH CRES,,,BU,,"R 118 FORSYTH CRES, REGNSK"
STRUCTURE_REG16/584211,0101000000381D4442A62B5AC048110897353C4940,PED:JSPED:C195087,,JOINT STANDARD PED,LOC_C6196379,IPL,,0,,REGNSK,,REGNSK04,SASKPOWER,,,,R 222 PAYNTER CRES,,,BU,,"R 222 PAYNTER CRES, REGNSK"
STRUCTURE_REG16/584218,01010000004436EFE9FE2A5AC020909D87783B4940,PED:JSPED:C200898,,JOINT STANDARD PED,LOC_C6202095,IPL,,0,,REGNSK,,REGNSK04,SASKPOWER,,,,R 50 KRAUSS ST,,,BU,,"R 50 KRAUSS ST, REGNSK"
STRUCTURE_REG16/584219,01010000005019B0F86E2B5AC0C02937B4F53B4940,PED:JSPED:C201035,,JOINT STANDARD PED,LOC_C6202231,IPL,,0,,REGNSK,,REGNSK04,SASKPOWER,,,,R 167 READ AVE,,,BU,,"R 167 READ AVE, REGNSK"
STRUCTURE_REG16/584229,0101000000148E1FDEFE2A5AC020DF1B065D3A4940,PED:JSPED:C220875,,JOINT STANDARD PED,LOC_C6221809,IPL,,0,,REGNSK,,REGNSK04,SASKPOWER,,,,R 1448 CARLTON ST,,,BU,,"R 1448 CARLTON ST, REGNSK"
STRUCTURE_REG16/584290,0101000000980191F2D12B5AC060C44997473C4940,PED:JSPED:C194367,,JOINT STANDARD PED,LOC_C6195671,IPL,,0,,REGNSK,,REGNSK04,SASKPOWER,,,,R 508 BLACK DR,,,BU,,"R 508 BLACK DR, REGNSK"
STRUCTURE_REG16/584291,0101000000A46F1853B02A5AC080FF5D41483C4940,PED:JSPED:C209606,,JOINT STANDARD PED,LOC_C6210646,IPL,,0,,REGNSK,,REGNSK04,SASKPOWER,,,,R 67 SNEATH CRES,,,BU,,"R 67 SNEATH CRES, REGNSK"
STRUCTURE_REG16/584317,0101000000D0CE685F242B5AC0E8BED7A8B83B4940,PED:JTPED:C204237,,JOINT SPC TRF PED,LOC_C6214871,IPL,,0,,REGNSK,,REGNSK04,SASKPOWER,,NOT IN MARTENS,,UNK,,,BU,,"UNK, REGNSK"
STRUCTURE_REG16/584326,010100000018972A7E572B5AC0708FF97B473C4940,PED:JSPED:C197504,,JOINT STANDARD PED,LOC_C6198745,IPL,,0,,REGNSK,,REGNSK04,SASKPOWER,,,,R 47 SHERMAN RD,,,BU,,"R 47 SHERMAN RD, REGNSK"
STRUCTURE_REG16/584327,0101000000E02E444C5E2B5AC0287797DFB73B4940,PED:JSPED:C198445,,JOINT STANDARD PED,LOC_C6199681,IPL,,0,,REGNSK,,REGNSK04,SASKPOWER,,,,UNK,,,BU,,"UNK, REGNSK"
STRUCTURE_REG16/584346,01010000001043EAF7F62B5AC0D813F2E8563C4940,PED:JTPED:C194292,,JOINT SPC TRF PED,LOC_C6195592,IPL,,0,,REGNSK,,REGNSK04,SASKPOWER,,,,UNK,,,BU,,"UNK, REGNSK"
STRUCTURE_REG16/584574,010100000010FC8309E2285AC040B546E60C3A4940,PED:SST:C265285,,COMPANY STEEL STAKE,LOC_C6265605,IPL,,0,LACC_ATRENCH_C,REGNSK,,REGNSK01,SASKTEL,,NO AP IN MARTENS,100783,UNK,,,BU,,"UNK, REGNSK"
STRUCTURE_REG16/587519,0101000000440C891B1A295AC02885440A403C4940,PED:SST::8271260,,COMPANY STEEL STAKE,LOC_8132421,IPL,,0,LACC_ATRENCH_C,REGNSK,,REGNSK04,SASKTEL,2015,LENGTH=DEPTH,101057,UNK,0010,977982,BU,,"UNK, REGNSK"
STRUCTURE_REG16/588749,010100000054C09D418C2B5AC0A88B9400113C4940,PED:JUPED::11242444,,JOINT TRF PED,LOC_C6198166,IPL,,0,,REGNSK,,REGNSK04,SASKPOWER,2020,,,,,,BU,,", REGNSK"
STRUCTURE_REG16/590381,0101000000F0C1086D5B2A5AC06889DFCB7F3A4940,PED:SST:C306346,,COMPANY STEEL STAKE,LOC_C6306096,IPL,,0,LACC_ATRENCH_F,REGNSK,,REGNSK04,SASKTEL,2012,LENGTH=DEPTH,101057,R 1340 GRACE ST,0010,962363,BU,,"R 1340 GRACE ST, REGNSK"
STRUCTURE_REG16/590952,010100000074CFEE81772C5AC010E1CA0C2D3A4940,PED:JSPED::9021346,,JOINT STANDARD PED,LOC_8744586,IPL,,0,,REGNSK,,REGNSK01,SASKPOWER,2016,,,UNK,0010,983509,BU,,"UNK, REGNSK"
STRUCTURE_REG16/591180,0101000000BCE08EC8BB2B5AC040421B8D373C4940,PED:SST::8641453,,COMPANY STEEL STAKE,LOC_C6195706,IPL,,0,LACC_ATRENCH_C,REGNSK,,REGNSK04,SASKTEL,2015,LENGTH=DEPTH,100791,UNK,0010,980010,BU,,"UNK, REGNSK"
STRUCTURE_REG16/591465,010100000028EA29F8812B5AC0A84658BC673C4940,PED:SST::8597931,,COMPANY STEEL STAKE,LOC_C6198034,IPL,,0,LACC_ATRENCH_F,REGNSK,,REGNSK04,SASKTEL,2015,LENGTH=DEPTH,100791,UNK,0010,980008,BU,,"UNK, REGNSK"
STRUCTURE_REG16/592227,0101000000A453DCC0762A5AC05847208ED03B4940,PED:JLPED::8978414,,JOINT LIGHT PED,LOC_8704921,IPL,,0,,REGNSK,,REGNSK04,SASKPOWER,2016,,,R 642 WILLIAMS CRES,0010,983961,BU,,"R 642 WILLIAMS CRES, REGNSK"
STRUCTURE_REG16/593663,0101000000D4A03476372B5AC0109DDA90B43B4940,PED:JUPED::11412704,,JOINT TRF PED,LOC_C6204790,IPL,,0,LACC_ATRENCH_F,REGNSK,,REGNSK04,SASKPOWER,2021,,,,0010,104604,U,,", REGNSK"
STRUCTURE_REG16/593673,0101000000E01F902DA62B5AC0A81BA7DCD53B4940,PED:JSPED:C199280,,JOINT STANDARD PED,LOC_C6200507,IPL,,0,,REGNSK,,REGNSK04,SASKPOWER,,,,R 659 DOROTHY ST,,,BU,,"R 659 DOROTHY ST, REGNSK"
STRUCTURE_REG16/595874,0101000000C0DC89BA982A5AC0A87C20FDDF394940,PED:SST:C220800,,COMPANY STEEL STAKE,LOC_C6221736,IPL,,0,LACC_ATRENCH_C,REGNSK,,REGNSK01,SASKTEL,,NOT IN MARTENS,101057,UNK,,,BU,,"UNK, REGNSK"
STRUCTURE_REG16/597684,010100000024BA0DEE772A5AC0C89904144F3C4940,PED:JSPED:C203184,,JOINT STANDARD PED,LOC_C6204350,IPL,,0,,REGNSK,,REGNSK04,SASKPOWER,,,,R 90 FORSYTH CRES,,,BU,,"R 90 FORSYTH CRES, REGNSK"
STRUCTURE_REG16/597720,0101000000B0845207BB2B5AC0E0235BFDDB3B4940,PED:SST:C197547,,COMPANY STEEL STAKE,LOC_C6198791,IPL,,0,LACC_ATRENCH_C,REGNSK,,REGNSK04,SASKTEL,,LENGTH=DEPTH,101057,UNK,,,BU,,"UNK, REGNSK"
STRUCTURE_REG16/600877,010100000054BEB5B3722B5AC0C0AB7B57C93B4940,PED:SST:C203255,,COMPANY STEEL STAKE,LOC_C6204417,IPL,,0,LACC_ATRENCH_C,REGNSK,,REGNSK04,SASKTEL,,LENGTH=DEPTH,101057,UNK,,,BU,,"UNK, REGNSK"
STRUCTURE_REG16/601719,010100000008F3EB7575295AC050CAA9ACCC3B4940,PED:SST:C193418,,COMPANY STEEL STAKE,LOC_C6194753,IPL,,0,LACC_ATRENCH_C,REGNSK,,REGNSK04,SASKTEL,,LENGTH=DEPTH,101057,R 4 TRANSCONA PLACE,,,BU,,"R 4 TRANSCONA PLACE, REGNSK"
STRUCTURE_REG16/602075,010100000080FFEF80F92A5AC078D79C9A033C4940,PED:JTPED:C211438,,JOINT SPC TRF PED,LOC_C6212443,IPL,,0,,REGNSK,,REGNSK04,SASKPOWER,,,,UNK,,,BU,,"UNK, REGNSK"
STRUCTURE_REG16/602559,010100000080403C528A295AC0C01E9014A93B4940,PED:JSPED:C233073,,JOINT STANDARD PED,LOC_C6233801,IPL,,0,,REGNSK,,REGNSK04,SASKPOWER,,,,R 30 ROSEMONT CRES,,,BU,,"R 30 ROSEMONT CRES, REGNSK"
STRUCTURE_REG16/603210,010100000090944C32182B5AC0A002517E723B4940,PED:JSPED:C203197,,JOINT STANDARD PED,LOC_C6204365,IPL,,0,,REGNSK,,REGNSK04,SASKPOWER,,,,R 910 MCCARTHY BLVD,,,BU,,"R 910 MCCARTHY BLVD, REGNSK"
STRUCTURE_REG16/603575,01010000005CFCB9DD352B5AC00041FC40553C4940,PED:JSPED:C207329,,JOINT STANDARD PED,LOC_C6208438,IPL,,0,,REGNSK,,REGNSK04,SASKPOWER,,,,R 210 TRUDELLE CRES,,,BU,,"R 210 TRUDELLE CRES, REGNSK"
STRUCTURE_REG16/603576,0101000000288DF3923A2B5AC0E8B10D19653C4940,PED:JSPED:C207340,,JOINT STANDARD PED,LOC_C6208448,IPL,,0,,REGNSK,,REGNSK04,SASKPOWER,,,,R 222 TRUDELLE CRES,,,BU,,"R 222 TRUDELLE CRES, REGNSK"
STRUCTURE_REG16/603584,0101000000CCF8ECF0FF2B5AC070044255863A4940,PED:JSPED:C221868,,JOINT STANDARD PED,LOC_C6222768,IPL,,0,,REGNSK,,REGNSK04,SASKPOWER,,,,R 1318 COURTNEY ST,,,BU,,"R 1318 COURTNEY ST, REGNSK"
STRUCTURE_REG16/604201,010100000094FDA4EE4B2B5AC0207A265C113C4940,PED:JSPED:C196698,,JOINT STANDARD PED,LOC_C6197944,IPL,,0,,REGNSK,,REGNSK04,SASKPOWER,,,,R 138 READ AVE,,,BU,,"R 138 READ AVE, REGNSK"
STRUCTURE_REG16/604209,0101000000C47DCF3B5A2B5AC0B0C432B9F53B4940,PED:JSPED:C199677,,JOINT STANDARD PED,LOC_C6200899,IPL,,0,,REGNSK,,REGNSK04,SASKPOWER,,,,R 149 READ AVE,,,BU,,"R 149 READ AVE, REGNSK"
STRUCTURE_REG16/604218,01010000007C3974F99D2A5AC0E0B3B189413C4940,PED:JSPED:C209514,,JOINT STANDARD PED,LOC_C6210555,IPL,,0,,REGNSK,,REGNSK04,SASKPOWER,,,,R 70 SNEATH CRES,,,BU,,"R 70 SNEATH CRES, REGNSK"
STRUCTURE_REG16/604271,01010000004CB64991D12B5AC0008933E7223C4940,PED:JSPED:C195190,,JOINT STANDARD PED,LOC_C6196472,IPL,,0,,REGNSK,,REGNSK04,SASKPOWER,,,,R 554 HANSEN DR,,,BU,,"R 554 HANSEN DR, REGNSK"
STRUCTURE_REG16/604272,0101000000E89ACB38C62A5AC090B6DBAFF43B4940,PED:JSPED:C211170,,JOINT STANDARD PED,LOC_C6212176,IPL,,0,,REGNSK,,REGNSK04,SASKPOWER,,,,UNK,,,BU,,"UNK, REGNSK"
STRUCTURE_REG16/604293,0101000000544A16CA9E2A5AC0203BDBB5DA3B4940,PED:JSPED:C196185,,JOINT STANDARD PED,LOC_C6197466,IPL,,0,,REGNSK,,REGNSK04,SASKPOWER,,,,S 703 MCMANUS ST,,,BU,,"S 703 MCMANUS ST, REGNSK"
STRUCTURE_REG16/604295,0101000000ECAF8121E92A5AC0F0C969405E3C4940,PED:JSPED:C206788,,JOINT STANDARD PED,LOC_C6207888,IPL,,0,,REGNSK,,REGNSK04,SASKPOWER,,,,R 55 MCSHERRY CRES,,,BU,,"R 55 MCSHERRY CRES, REGNSK"
STRUCTURE_REG16/604310,01010000002C525DFD0E2B5AC0205E52AD2C3C4940,PED:JTPED:C207415,,JOINT SPC TRF PED,LOC_C6208511,IPL,,0,,REGNSK,,REGNSK04,SASKPOWER,,,,UNK,,,BU,,"UNK, REGNSK"
STRUCTURE_REG16/604335,0101000000445B8361BA2A5AC0E873E002F43B4940,PED:JTPED:C211253,,JOINT SPC TRF PED,LOC_C6212261,IPL,,0,,REGNSK,,REGNSK04,SASKPOWER,,,,UNK,,,BU,,"UNK, REGNSK"
STRUCTURE_REG16/605670,0101000000286AC16F892A5AC09872EBC6DF3B4940,PED:SST::9586764,,COMPANY STEEL STAKE,LOC_C6197483,IPL,,0,LACC_ATRENCH_F,REGNSK,,REGNSK04,SASKTEL,2017,LENGTH=DEPTH,101057,UNK,0010,982924,BU,,"UNK, REGNSK"
STRUCTURE_REG16/607492,01010000001CFB5EE59E2A5AC05067DAAAD63B4940,PED:SST::9048816,,COMPANY STEEL STAKE,LOC_C6199367,IPL,,0,LACC_ATRENCH_C,REGNSK,,REGNSK04,SASKTEL,2016,LENGTH=DEPTH,101057,UNK,0010,982924,BU,,"UNK, REGNSK"
STRUCTURE_REG16/610463,0101000000E8C621066D2B5AC0B0D8458F673C4940,PED:SST::8597930,,COMPANY STEEL STAKE,LOC_C6198071,IPL,,0,LACC_ATRENCH_F,REGNSK,,REGNSK04,SASKTEL,2015,,127035,UNK,0010,980008,BU,,"UNK, REGNSK"
STRUCTURE_REG16/610765,01010000004863D0E3992C5AC058F91255F8394940,PED:JSPED::9231532,,JOINT STANDARD PED,LOC_8920597,IPL,,0,,REGNSK,,REGNSK01,SASKPOWER,2016,,,UNK,0010,983509,BU,,"UNK, REGNSK"
STRUCTURE_REG16/612290,0101000000C8BB183A7E2C5AC048C8F5C6FB394940,PED:JSPED::9021043,,JOINT STANDARD PED,LOC_8743632,IPL,,0,,REGNSK,,REGNSK01,SASKPOWER,2016,,,UNK,0010,983509,BU,,"UNK, REGNSK"
STRUCTURE_REG16/613710,01010000000CD375E3282B5AC0300A257AF63B4940,PED:JUPED::11431588,,JOINT TRF PED,LOC_C6209903,IPL,,0,LACC_ATRENCH_F,REGNSK,,REGNSK04,SASKPOWER,2021,,,,0010,104604,U,,", REGNSK"
STRUCTURE_REG16/615142,0101000000A40E4B33982B5AC020B46449113C4940,PED:JSPED:C196906,,JOINT STANDARD PED,LOC_C6198154,IPL,,0,,REGNSK,,REGNSK04,SASKPOWER,,,,R 230 READ AVE,,,BU,,"R 230 READ AVE, REGNSK"
STRUCTURE_REG16/615245,0101000000348FE66FD22B5AC0B04BD55CBF3B4940,PED:JSPED:C200567,,JOINT STANDARD PED,LOC_C6201754,IPL,,0,,REGNSK,,REGNSK04,SASKPOWER,,,,R 715 TOOTHILL ST,,,BU,,"R 715 TOOTHILL ST, REGNSK"
STRUCTURE_REG16/615259,01010000000401AE3BE82A5AC0A857A522453C4940,PED:JSPED:C207018,,JOINT STANDARD PED,LOC_C6208129,IPL,,0,,REGNSK,,REGNSK04,SASKPOWER,,,,R 95 TRUDELLE CRES,,,BU,,"R 95 TRUDELLE CRES, REGNSK"
STRUCTURE_REG16/615269,010100000014260576D22B5AC0F89BA33DC73B4940,PED:JSPED:C200568,,JOINT STANDARD PED,LOC_C6201759,IPL,,0,,REGNSK,,REGNSK04,SASKPOWER,,,,S 325 MIKKELSON DR,,,BU,,"S 325 MIKKELSON DR, REGNSK"
STRUCTURE_REG16/615637,0101000000500EFE2FEB2A5AC0809211A3293C4940,PED:JSPED:C209212,,JOINT STANDARD PED,LOC_C6210260,IPL,,0,,REGNSK,,REGNSK04,SASKPOWER,,,,R 94 TRUDELLE CRES,,,BU,,"R 94 TRUDELLE CRES, REGNSK"
STRUCTURE_REG16/615843,0101000000C072CA2A2C295AC0F83B28563D3B4940,PED:SST:C204176,,COMPANY STEEL STAKE,LOC_C6205322,IPL,,0,LACC_ATRENCH_C,REGNSK,,REGNSK01,SASKTEL,,NOT IN MARTENS,101057,UNK,,,BU,,"UNK, REGNSK"
STRUCTURE_REG16/617300,0101000000902E632EBC2B5AC0F8564D12B63B4940,PED:JSPED:C200471,,JOINT STANDARD PED,LOC_C6201667,IPL,,0,,REGNSK,,REGNSK04,SASKPOWER,,,,R 180 RITTER AVE,,,BU,,"R 180 RITTER AVE, REGNSK"
STRUCTURE_REG16/617708,0101000000840905CD502A5AC060E47C563E3A4940,PED:SST:C224951,,COMPANY STEEL STAKE,LOC_C6225829,IPL,,0,LACC_ATRENCH_C,REGNSK,,REGNSK04,SASKTEL,,NO AP IN MARTENS,101057,UNK,,,BU,,"UNK, REGNSK"
STRUCTURE_REG16/617749,0101000000747EAFF3FF2B5AC0B04B5995A33A4940,PED:JSPED:C221889,,JOINT STANDARD PED,LOC_C6222785,IPL,,0,,REGNSK,,REGNSK04,SASKPOWER,,,,R 1302 COURTNEY ST,,,BU,,"R 1302 COURTNEY ST, REGNSK"
STRUCTURE_REG16/617763,0101000000DC5F95EFFF2B5AC0B08A2D2D783A4940,PED:JSPED:C221857,,JOINT STANDARD PED,LOC_C6222754,IPL,,0,,REGNSK,,REGNSK04,SASKPOWER,,,,R 1326 COURTNEY ST,,,BU,,"R 1326 COURTNEY ST, REGNSK"
STRUCTURE_REG16/617821,010100000094956AC25D2B5AC0402CDBC1673C4940,PED:JSPED:C196829,,JOINT STANDARD PED,LOC_C6198079,IPL,,0,,REGNSK,,REGNSK04,SASKPOWER,,,,R 14 SHERMAN RD,,,BU,,"R 14 SHERMAN RD, REGNSK"
STRUCTURE_REG16/618175,0101000000508889FE57295AC038222C585A3B4940,PED:SST::13367595,,COMPANY STEEL STAKE,LOC_12518998,PDA,REGN826982,28027537,LACC_ATRENCH_F,REGNSK,,REGNSK04,SASKTEL,2025,LENGTH=DEPTH,100783,,0000,826982,,,", REGNSK"
STRUCTURE_REG16/618346,01010000006C8720E3FE2A5AC0304637A44C3B4940,PED:JSPED:C197896,,JOINT STANDARD PED,LOC_C6199138,IPL,,0,,REGNSK,,REGNSK04,SASKPOWER,,,,R 82 KRAUSS ST,,,BU,,"R 82 KRAUSS ST, REGNSK"
STRUCTURE_REG16/618962,01010000006C5371205A295AC020B04B57A73B4940,PED:SST:C193526,,COMPANY STEEL STAKE,LOC_C6194855,IPL,,0,LACC_ATRENCH_C,REGNSK,,REGNSK04,SASKTEL,,LENGTH=DEPTH,100791,S 4549 2ND AVE,,,BU,,"S 4549 2ND AVE, REGNSK"
STRUCTURE_REG16/619659,0101000000E49957A867295AC0C8BADEC1C53B4940,PED:JSPED::13089806,,JOINT STANDARD PED,LOC_12211463,IPL,REGN114606,27530600,,REGNSK,,REGNSK04,SASKPOWER,2023,,,,0010,114606,BU,,", REGNSK"
STRUCTURE_REG16/620205,0101000000709741D8D02A5AC0000A397F2B3C4940,PED:JSPED:C207165,,JOINT STANDARD PED,LOC_C6208279,IPL,,0,,REGNSK,,REGNSK04,SASKPOWER,,,,R 62 TRUDELLE CRES,,,BU,,"R 62 TRUDELLE CRES, REGNSK"
STRUCTURE_REG16/621881,01010000002039F92A82295AC0383881BEB43B4940,PED:JSPED:C233124,,JOINT STANDARD PED,LOC_C6233849,IPL,,0,,REGNSK,,REGNSK04,SASKPOWER,,,,R 22 TRANSCONA PLACE,,,BU,,"R 22 TRANSCONA PLACE, REGNSK"
STRUCTURE_REG16/622232,01010000005813C4A6F92A5AC020481198D53B4940,PED:JSPED:C204433,,JOINT STANDARD PED,LOC_C6205573,IPL,,0,,REGNSK,,REGNSK04,SASKPOWER,,,,R 732 MCCARTHY BLVD,,,BU,,"R 732 MCCARTHY BLVD, REGNSK"
STRUCTURE_REG16/622714,010100000094A139D1DF295AC0D8D1436A633C4940,PED:JSPED:C224397,,JOINT STANDARD PED,LOC_C6225274,IPL,,0,,REGNSK,,REGNSK04,SASKPOWER,,,,R 22 MARSHALL CRES,,,BU,,"R 22 MARSHALL CRES, REGNSK"
STRUCTURE_REG16/622715,01010000002449E72ECF295AC058E97A51643C4940,PED:JSPED:C224449,,JOINT STANDARD PED,LOC_C6225327,IPL,,0,,REGNSK,,REGNSK04,SASKPOWER,,,,R 23 MARSHALL CRES,,,BU,,"R 23 MARSHALL CRES, REGNSK"
STRUCTURE_REG16/623651,01010000005C5635FCFF2B5AC0D02C0C75FE3A4940,PED:JSPED:C197877,,JOINT STANDARD PED,LOC_C6199112,IPL,,0,,REGNSK,,REGNSK04,SASKPOWER,,,,R 1114 COURTNEY ST,,,BU,,"R 1114 COURTNEY ST, REGNSK"
STRUCTURE_REG16/623654,0101000000FC671ED7FE2A5AC0B0A80F31193B4940,PED:JSPED:C197926,,JOINT STANDARD PED,LOC_C6199160,IPL,,0,,REGNSK,,REGNSK04,SASKPOWER,,,,R 126 KRAUSS ST,,,BU,,"R 126 KRAUSS ST, REGNSK"
STRUCTURE_REG16/623664,01010000008C3E55A19B2A5AC02037E086673C4940,PED:JSPED:C203247,,JOINT STANDARD PED,LOC_C6204411,IPL,,0,,REGNSK,,REGNSK04,SASKPOWER,,,,R 146 FORSYTH CRES,,,BU,,"R 146 FORSYTH CRES, REGNSK"
STRUCTURE_REG16/623665,01010000008C8FA411242B5AC0C0D4BA6DDC3B4940,PED:JSPED:C204322,,JOINT STANDARD PED,LOC_C6205468,IPL,,0,,REGNSK,,REGNSK04,SASKPOWER,,,,R 37 STRAUB CRES,,,BU,,"R 37 STRAUB CRES, REGNSK"
STRUCTURE_REG16/624268,01010000005C294F49EB2A5AC038C00020F93A4940,PED:JSPED:C204999,,JOINT STANDARD PED,LOC_C6206131,IPL,,0,,REGNSK,,REGNSK04,SASKPOWER,,,,R 145 KRAUSS ST,,,BU,,"R 145 KRAUSS ST, REGNSK"
STRUCTURE_REG16/624275,0101000000D00E36773F2A5AC0D887D5EF673C4940,PED:JSPED:C224207,,JOINT STANDARD PED,LOC_C6225085,IPL,,0,,REGNSK,,REGNSK04,SASKPOWER,,,,R 418 PALLISER ST,,,BU,,"R 418 PALLISER ST, REGNSK"
STRUCTURE_REG16/624332,0101000000686F7B78B22A5AC018492CDDA83B4940,PED:JTPED:C198239,,JOINT SPC TRF PED,LOC_C6199464,IPL,,0,,REGNSK,,REGNSK04,SASKPOWER,,,,UNK,,,BU,,"UNK, REGNSK"
STRUCTURE_REG16/624362,01010000006879D907DD2A5AC098B0AC8A293C4940,PED:JTPED:C209245,,JOINT SPC TRF PED,LOC_C6210291,IPL,,0,,REGNSK,,REGNSK04,SASKPOWER,,,,UNK,,,BU,,"UNK, REGNSK"
STRUCTURE_REG16/626354,0101000000D8E2E5AC39295AC0101DC751713B4940,PED:JUPED::12018442,,JOINT TRF PED,LOC_11396741,IPL,,0,,REGNSK,,REGNSK04,SASKPOWER,2022,,,,0000,816985,,,", REGNSK"
STRUCTURE_REG16/630465,010100000084FF3A585B2A5AC028B92976583A4940,PED:SST:C306313,,COMPANY STEEL STAKE,LOC_C6306066,IPL,,0,LACC_ATRENCH_F,REGNSK,,REGNSK04,SASKTEL,2012,LENGTH=DEPTH,101057,R 1450 GRACE ST,0010,962363,BU,,"R 1450 GRACE ST, REGNSK"
STRUCTURE_REG16/630466,0101000000B877F0EDFF2B5AC0104FB6BB663A4940,PED:SST:C311371,,COMPANY STEEL STAKE,LOC_DC6311031,IPL,,0,LACC_ATRENCH_F,REGNSK,,REGNSK04,SASKTEL,,LENGTH=DEPTH,101057,X R 1336 COURTNEY ST,,,BU,,"X R 1336 COURTNEY ST, REGNSK"
STRUCTURE_REG16/630719,010100000094F9C0EE912C5AC030C8A0C4FB394940,PED:JSPED::9021038,,JOINT STANDARD PED,LOC_8743627,IPL,,0,,REGNSK,,REGNSK01,SASKPOWER,2016,,,UNK,0010,983509,BU,,"UNK, REGNSK"
STRUCTURE_REG16/630720,010100000060E4694F822C5AC0D0FA77C4FB394940,PED:JSPED::9021042,,JOINT STANDARD PED,LOC_8743631,IPL,,0,,REGNSK,,REGNSK01,SASKPOWER,2016,,,UNK,0010,983509,BU,,"UNK, REGNSK"
STRUCTURE_REG16/633620,0101000000A45BB033892B5AC0D0D16730DB3B4940,PED:SST::11286283,,COMPANY STEEL STAKE,LOC_C6206676,IPL,,0,LACC_ATRENCH_F,REGNSK,,REGNSK04,,2021,,,,0010,104603,U,,", REGNSK"
