id,location,name,specification,type_name,location_code,inventory_status_code,work_order_name,work_order_item_number,account_code,height,clli_code,st_uom_cd,st_pl_cl_cd,st_clli_cd,st_co_id,st_ownr_co_nm,st_vntge_yr,st_rmks,st_sap_stk_id,st_rte_id,st_bond_to_neut_cd,st_trmnl_id,st_pc_qty,st_sap_actvy_cd,st_sap_ntwk_id,st_envmt_cd
STRUCTURE_REG16/285,0101000000F4BEC57EE7285AC0704C81FFBF3A4940,POL:PPOLE:C194959,,POWER,LOC_C6196247,IPL,,0,,,REGNSK,m,,,REGNSK01,SASKPOWER,,,,,,,,,,AE
STRUCTURE_REG16/288,0101000000C0624E7CE7285AC0E83CDB24B83A4940,POL:PPOLE:C201089,,POWER,LOC_C6202276,IPL,,0,,,REGNSK,m,,,REGNSK01,SASKPOWER,,,,,,,,,,AE
STRUCTURE_REG16/294,0101000000CCB67565E7285AC058E348E1663A4940,POL:PPOLE:C199742,,POWER,LOC_C6200964,IPL,,0,,,REGNSK,m,,,REGNSK01,SASKPOWER,,,,,,,,,,AE
STRUCTURE_REG16/299,0101000000E08DB0CECF285AC040CD53348E3A4940,POL:PPOLE:C201111,,POWER,LOC_C6202302,IPL,,0,,,REGNSK,m,,,REGNSK01,SASKPOWER,,,,,,,,,,AE
STRUCTURE_REG16/304,0101000000D8371A6703295AC088F730A9913A4940,POL:PPOLE:C199581,,POWER,LOC_C6200805,IPL,,0,,,REGNSK,m,,,REGNSK01,SASKPOWER,,,,,,,,,,AE
STRUCTURE_REG16/305,010100000040C49B6F03295AC01047CDADC93A4940,POL:PPOLE:C201864,,POWER,LOC_C6203046,IPL,,0,,,REGNSK,m,,,REGNSK01,SASKPOWER,,,,,,,,,,AE
STRUCTURE_REG16/310,01010000007036EA0FD7285AC078A8B405513A4940,POL:PPOLE:C201206,,POWER,LOC_C6202396,IPL,,0,,,REGNSK,m,,,REGNSK01,SASKPOWER,,,,,,,,,,AE
STRUCTURE_REG16/311,0101000000ECA26191FC285AC0708CAC885C3A4940,POL:PPOLE:C199461,,POWER,LOC_C6200684,IPL,,0,,,REGNSK,m,,,REGNSK01,SASKPOWER,,,,,,,,,,AE
STRUCTURE_REG16/314,0101000000606A9C6403295AC0A048858B7E3A4940,POL:PPOLE:C199573,,POWER,LOC_C6200797,IPL,,0,,,REGNSK,m,,,REGNSK01,SASKPOWER,,,,,,,,,,AE
STRUCTURE_REG16/323,01010000002CD0C8C9DF285AC0108F090D513A4940,POL:PPOLE:C199771,,POWER,LOC_C6200991,IPL,,0,,,REGNSK,m,,,REGNSK01,SASKPOWER,,,,,,,,,,AE
STRUCTURE_REG16/327,01010000000854EA85E7285AC0480D7896E93A4940,POL:PPOLE:C194931,,POWER,LOC_C6196217,IPL,,0,,,REGNSK,m,,,REGNSK01,SASKPOWER,,,,,,,,,,AE
STRUCTURE_REG16/333,01010000001C40F4E1CF285AC088B6233CE43A4940,POL:PPOLE:C196606,,POWER,LOC_C6197853,IPL,,0,,,REGNSK,m,,,REGNSK01,SASKPOWER,,,,,,,,,,AE
STRUCTURE_REG16/338,01010000004CA05DC5CF285AC0704E14D7673A4940,POL:PPOLE:C201162,,POWER,LOC_C6202349,IPL,,0,,,REGNSK,m,,,REGNSK01,SASKPOWER,,,,,,,,,,AE
STRUCTURE_REG16/346,0101000000ECCD92A7FC285AC0882812F8B53A4940,POL:PPOLE:C201058,,POWER,LOC_C6202246,IPL,,0,,,REGNSK,m,,,REGNSK01,SASKPOWER,,,,,,,,,,AE
STRUCTURE_REG16/883,010100000074FB886C5B2A5AC0F093CEEDC93A4940,POL:PPOLE:C220771,,POWER,LOC_C6221712,IPL,,0,,,REGNSK,m,,,REGNSK04,SASKPOWER,,,,,,,,,,AE
STRUCTURE_REG16/884,010100000010DF74BE442A5AC09065CC5AD33A4940,POL:PPOLE:C220760,,POWER,LOC_C6221700,IPL,,0,,,REGNSK,m,,,REGNSK04,SASKPOWER,,,,,,,,,,AE
STRUCTURE_REG16/1091,010100000090E36C3F5B2A5AC0A07742A0543A4940,POL:PPOLE:C214449,,POWER,LOC_C6215434,IPL,,0,,,REGNSK,m,,,REGNSK04,SASKPOWER,,,,,,,,,,AE
STRUCTURE_REG16/1683,0101000000B063672D2C2A5AC0A8DC53C5963A4940,POL:PPOLE:C213627,,POWER,LOC_C6214634,IPL,,0,,,REGNSK,m,,,REGNSK04,SASKPOWER,,,,,BN,,,,,AE
STRUCTURE_REG16/1783,01010000003899690F7C2A5AC070DCEFDE3E3C4940,POL:PPOLE:C203444,,POWER,LOC_C6204598,IPL,,0,,,REGNSK,m,,,REGNSK04,SASKPOWER,,,,,,,,,,AE
STRUCTURE_REG16/1876,010100000038EDDDAA61295AC0987FF8BCCC3B4940,POL:PPOLE:C192099,,POWER,LOC_C6193500,IPL,,0,,,REGNSK,m,,,REGNSK04,SASKPOWER,,,,,,,,,,AE
STRUCTURE_REG16/2084,010100000048C288F4B0295AC0D0B72F81CA394940,POL:PPOLE:C192628,,POWER,LOC_C6194012,IPL,,0,,,REGNSK,m,,,REGNSK01,SASKPOWER,,,,,,,,,,AE
STRUCTURE_REG16/2111,0101000000B40BC6BB55295AC0B0F29E4CE1394940,POL:PPOLE:C264374,,POWER,LOC_C6264698,IPL,,0,,,REGNSK,m,,,REGNSK01,SASKPOWER,,,,,,,,,,AE
STRUCTURE_REG16/2112,01010000001C789B8855295AC0C8D589B7CD394940,POL:PPOLE:C220337,,POWER,LOC_C6221276,IPL,,0,,,REGNSK,m,,,REGNSK01,SASKPOWER,,,,,,,,,,AE
STRUCTURE_REG16/2319,01010000007098E3A0FA285AC080114D704F3B4940,POL:PPOLE:C197002,,POWER,LOC_C6198242,IPL,,0,,,REGNSK,m,,,REGNSK01,SASKPOWER,,,,,,,,,,AE
STRUCTURE_REG16/2598,0101000000FCB44F9C432A5AC0788F3471583A4940,POL:PPOLE:C214337,,POWER,LOC_C6215322,IPL,,0,,,REGNSK,m,,,REGNSK04,SASKPOWER,,,,,,,,,,AE
STRUCTURE_REG16/2806,010100000070A1E0CC692A5AC0F012C177DC3A4940,POL:PPOLE:C200667,,POWER,LOC_C6201860,IPL,,0,,,REGNSK,m,,,REGNSK04,SASKPOWER,,,,,,,,,,AE
STRUCTURE_REG16/2813,0101000000A0FA4BAE29295AC0C8E7D657563C4940,POL:PPOLE:C192161,,POWER,LOC_C6193549,IPL,,0,,,REGNSK,m,,,REGNSK04,SASKPOWER,,,,,,,,,,AE
STRUCTURE_REG16/2896,0101000000340B6AAE29295AC098630DDF4E3C4940,POL:PPOLE:C192164,,POWER,LOC_C6193552,IPL,,0,,,REGNSK,m,,,REGNSK04,SASKPOWER,,,,,,,,,,AE
STRUCTURE_REG16/3122,0101000000A09B9D0F262A5AC088683B134B3C4940,POL:PPOLE:C228338,,POWER,LOC_C6229166,IPL,,0,,,REGNSK,m,,,REGNSK04,SASKPOWER,,,,,,,,,,AE
STRUCTURE_REG16/3145,010100000068FBB7C8462A5AC048DDE00E4B3C4940,POL:PPOLE:C228357,,POWER,LOC_C6229187,IPL,,0,,,REGNSK,m,,,REGNSK04,SASKPOWER,,,,,,,,,,AE
STRUCTURE_REG16/3648,01010000007434711FD7295AC090AD2A124B3C4940,POL:PPOLE:C228265,,POWER,LOC_C6229098,IPL,,0,,,REGNSK,m,,,REGNSK04,SASKPOWER,,,,,,,,,,AE
STRUCTURE_REG16/3686,010100000044947787142A5AC050313177DC3A4940,POL:PPOLE:C220478,,POWER,LOC_C6221416,IPL,,0,,,REGNSK,m,,,REGNSK04,SASKPOWER,,,,,,,,,,AE
STRUCTURE_REG16/3923,01010000005053C0AD632A5AC020A13C7FDC3A4940,POL:PPOLE:C200670,,POWER,LOC_C6201864,IPL,,0,,,REGNSK,m,,,REGNSK04,SASKPOWER,,,,,,,,,,AE
STRUCTURE_REG16/4381,0101000000E068936576295AC0F0453454E1394940,POL:PPOLE:C197233,,POWER,LOC_C6202412,IPL,,0,,,REGNSK,m,,,REGNSK01,SASKPOWER,,,,,,,,,,AE
STRUCTURE_REG16/4383,0101000000109400073D295AC0E878C3F2313A4940,POL:PPOLE:C197128,,POWER,LOC_C6198364,IPL,,0,,,REGNSK,m,,,REGNSK01,SASKPOWER,,,,,,,,,,AE
STRUCTURE_REG16/4413,010100000024B0555C3E295AC060B82B42D1394940,POL:PPOLE:C218398,,POWER,LOC_C6219346,IPL,,0,,,REGNSK,m,,,REGNSK01,SASKPOWER,,,,,,,,,,AE
STRUCTURE_REG16/4436,0101000000105E34C48E295AC0F8A991CDFD394940,POL:PPOLE:C196954,,POWER,LOC_C6202426,IPL,,0,,,REGNSK,m,,,REGNSK01,SASKPOWER,,,,,,,,,,AE
STRUCTURE_REG16/4438,01010000003C8521479A295AC068C6DC01D3394940,POL:PPOLE:C192589,,POWER,LOC_C6193968,IPL,,0,,,REGNSK,m,,,REGNSK01,SASKPOWER,,,,,,,,,,AE
STRUCTURE_REG16/4459,01010000008CD614726C295AC0B8D6C175D0394940,POL:PPOLE:C205818,,POWER,LOC_C6206941,IPL,,0,,,REGNSK,m,,,REGNSK01,SASKPOWER,,,,,,,,,,AE
STRUCTURE_REG16/4571,0101000000B0EDD342C0295AC040D76BA5903A4940,POL:PPOLE:C221787,,POWER,LOC_C6222686,IPL,,0,,,REGNSK,m,,,REGNSK04,SASKPOWER,,,,,,,,,,AE
STRUCTURE_REG16/5982,01010000007402738A142A5AC000B5A653803A4940,POL:PPOLE:C213496,,POWER,LOC_C6214501,IPL,,0,,,REGNSK,m,,,REGNSK04,SASKPOWER,,,,,,,,,,AE
STRUCTURE_REG16/6027,01010000007C676AC88E295AC0F0293CDF043A4940,POL:PPOLE:C196956,,POWER,LOC_C6202427,IPL,,0,,,REGNSK,m,,,REGNSK01,SASKPOWER,,,,,BN,,,,,AE
STRUCTURE_REG16/6043,0101000000B858E12E2C2A5AC0E03760F2A73A4940,POL:PPOLE:C213630,,POWER,LOC_C6214637,IPL,,0,,,REGNSK,m,,,REGNSK04,SASKPOWER,,,,,BN,,,,,AE
STRUCTURE_REG16/8120,010100000028FB6FA4DA2B5AC048D8F865533A4940,POL:PPOLE:C221720,,POWER,LOC_C6222620,IPL,,0,,,REGNSK,m,,,REGNSK04,SASKPOWER,,,,,,,,,,AE
STRUCTURE_REG16/8335,0101000000787E0CAE7D295AC0A0F4798AF1394940,POL:PPOLE:C279360,,POWER,LOC_C6279523,IPL,,0,,,REGNSK,m,,,REGNSK01,SASKPOWER,,,,,,,,,,AE
STRUCTURE_REG16/8366,0101000000B4BC11947D295AC018B7BAD1043A4940,POL:PPOLE:C232669,,POWER,LOC_C6233420,IPL,,0,,,REGNSK,m,,,REGNSK01,SASKPOWER,,,,,,,,,,AE
STRUCTURE_REG16/8369,010100000048CFB2F6B0295AC088544801BB394940,POL:PPOLE:C192636,,POWER,LOC_C6194017,IPL,,0,,,REGNSK,m,,,REGNSK01,SASKPOWER,,,,,BN,,,,,AE
STRUCTURE_REG16/8370,0101000000E8143F2176295AC0E8D3FBE4ED394940,POL:PPOLE:C279352,,POWER,LOC_C6279514,IPL,,0,,,REGNSK,m,,,REGNSK01,SASKPOWER,,,,,,,,,,AE
STRUCTURE_REG16/8383,010100000078C73B1DEE295AC0F0515C1B4B3C4940,POL:PPOLE:C228288,,POWER,LOC_C6229119,IPL,,0,,,REGNSK,m,,,REGNSK04,SASKPOWER,,,,,,,,,,AE
STRUCTURE_REG16/8537,01010000008437828C142A5AC018497F25933A4940,POL:PPOLE:C213500,,POWER,LOC_C6214506,IPL,,0,,,REGNSK,m,,,REGNSK04,SASKPOWER,,,,,BN,,,,,AE
STRUCTURE_REG16/8558,0101000000C0FD6B6C5B2A5AC000F72550C13A4940,POL:PPOLE:C220767,,POWER,LOC_C6221705,IPL,,0,,,REGNSK,m,,,REGNSK04,SASKPOWER,,,,,BN,,,,,AE
STRUCTURE_REG16/8560,0101000000148801BF442A5AC0A030F14CCA3A4940,POL:PPOLE:C220763,,POWER,LOC_C6221703,IPL,,0,,,REGNSK,m,,,REGNSK04,SASKPOWER,,,,,,,,,,AE
STRUCTURE_REG16/8611,01010000004018958D142A5AC060DC3F49D33A4940,POL:PPOLE:C220479,,POWER,LOC_C6221418,IPL,,0,,,REGNSK,m,,,REGNSK04,SASKPOWER,,,,,,,,,,AE
STRUCTURE_REG16/8746,0101000000DC4C29088E2A5AC0C052BD9F543A4940,POL:PPOLE:C223187,,POWER,LOC_C6224077,IPL,,0,,,REGNSK,m,,,REGNSK04,SASKPOWER,,,,,,,,,,AE
STRUCTURE_REG16/8753,0101000000E8983A62892A5AC070657959BE3A4940,POL:PPOLE:C200720,,POWER,LOC_C6201913,IPL,,0,,,REGNSK,m,,,REGNSK04,SASKPOWER,,,,,,,,,,AE
STRUCTURE_REG16/9354,010100000094F0F6B3E7285AC0A8663CA2E63B4940,POL:PPOLE:C186917,,POWER,LOC_C6188505,IPL,,0,,,REGNSK,m,,,REGNSK01,SASKPOWER,,,,,,,,,,AE
STRUCTURE_REG16/9355,0101000000448CF713D0285AC0B8314CF9123C4940,POL:PPOLE:C186884,,POWER,LOC_C6188473,IPL,,0,,,REGNSK,m,,,REGNSK01,SASKPOWER,,,,,,,,,,AE
STRUCTURE_REG16/9356,0101000000D86E27B6E7285AC070E5E298FA3B4940,POL:PPOLE:C186920,,POWER,LOC_C6188508,IPL,,0,,,REGNSK,m,,,REGNSK01,SASKPOWER,,,,,BN,,,,,AE
STRUCTURE_REG16/9361,01010000003CC83E0ACF285AC0B87C1E227C3B4940,POL:PPOLE:C188553,,POWER,LOC_C6190054,IPL,,0,,,REGNSK,m,,,REGNSK01,SASKPOWER,,,,,,,,,,AE
STRUCTURE_REG16/9362,0101000000BC199D42FA285AC0C034CA6F5B3B4940,POL:PPOLE:C188772,,POWER,LOC_C6190265,IPL,,0,,,REGNSK,m,,,REGNSK01,SASKPOWER,,,,,,,,,,AE
STRUCTURE_REG16/9367,01010000006473B9E717295AC03849F6ECDF3B4940,POL:PPOLE:C187095,,POWER,LOC_C6188666,IPL,,0,,,REGNSK,m,,,REGNSK01,SASKPOWER,,,,,,,,,,AE
STRUCTURE_REG16/9369,010100000018B82CF4DB285AC028D4BA179C3B4940,POL:PPOLE:C187348,,POWER,LOC_C6188908,IPL,,0,,,REGNSK,m,,,REGNSK01,SASKPOWER,,,,,,,,,,AE
STRUCTURE_REG16/9370,0101000000C0083A8ACE285AC0F0E3B01A9C3B4940,POL:PPOLE:C187544,,POWER,LOC_C6189075,IPL,,0,,,REGNSK,m,,,REGNSK01,SASKPOWER,,,,,BN,,,,,AE
STRUCTURE_REG16/9379,01010000009CFA14BB8E295AC0D8899A6EED394940,POL:PPOLE:C196951,,POWER,LOC_C6202421,IPL,,0,,,REGNSK,m,,,REGNSK01,SASKPOWER,,,,,,,,,,AE
STRUCTURE_REG16/9410,0101000000A4C57B36D4285AC070240E7B4F3B4940,POL:PPOLE:C196987,,POWER,LOC_C6198222,IPL,,0,,,REGNSK,m,,,REGNSK01,SASKPOWER,,,,,,,,,,AE
STRUCTURE_REG16/9425,010100000018D8C0DC02295AC0605BCD149C3B4940,POL:PPOLE:C190634,,POWER,LOC_C6192080,IPL,,0,,,REGNSK,m,,,REGNSK01,SASKPOWER,,,,,,,,,,AE
STRUCTURE_REG16/9451,0101000000A4FAF4F60C295AC060F95806443B4940,POL:PPOLE:C202250,,POWER,LOC_C6203430,IPL,,0,,,REGNSK,m,,,REGNSK01,SASKPOWER,,NOT IN MARTENS,,,,,,,,AE
STRUCTURE_REG16/9452,0101000000A0C75C0A09295AC090B19D06443B4940,POL:PPOLE:C202251,,POWER,LOC_C6203432,IPL,,0,,,REGNSK,m,,,REGNSK01,SASKPOWER,,NOT IN MARTENS,,,,,,,,AE
STRUCTURE_REG16/9456,0101000000C40A81D310295AC01842AF5B9E3A4940,POL:PPOLE:C197356,,POWER,LOC_C6198598,IPL,,0,,,REGNSK,m,,,REGNSK01,SASKPOWER,,,,,,,,,,AE
STRUCTURE_REG16/9481,01010000002073D2ECFB285AC0483D7191DF3B4940,POL:PPOLE:C186963,,POWER,LOC_C6188549,IPL,,0,,,REGNSK,m,,,REGNSK01,SASKPOWER,,,,,,,,,,AE
STRUCTURE_REG16/9484,0101000000489476D010295AC0909646108A3A4940,POL:PPOLE:C197376,,POWER,LOC_C6198665,IPL,,0,,,REGNSK,m,,,REGNSK01,SASKPOWER,,,,,,,,,,AE
STRUCTURE_REG16/9488,010100000084D9D327FC285AC010E6B6B7BA3B4940,POL:PPOLE:C188864,,POWER,LOC_C6190347,IPL,,0,,,REGNSK,m,,,REGNSK01,SASKPOWER,,,,,,,,,,AE
STRUCTURE_REG16/9492,0101000000B08445DD18295AC0408D486F533A4940,POL:PPOLE:C199209,,POWER,LOC_C6200437,IPL,,0,,,REGNSK,m,,,REGNSK01,SASKPOWER,,,,,,,,,,AE
STRUCTURE_REG16/9493,0101000000B49A597128295AC0003CE05CF13A4940,POL:PPOLE:C199312,,POWER,LOC_C6200540,IPL,,0,,,REGNSK,m,,,REGNSK01,SASKPOWER,,,,,,,,,,AE
STRUCTURE_REG16/9519,01010000006495375F03295AC0A803D9853B3A4940,POL:PPOLE:C203876,,POWER,LOC_C6205025,IPL,,0,,,REGNSK,m,,,REGNSK01,SASKPOWER,,,,,,,,,,AE
STRUCTURE_REG16/9523,010100000034CE187928295AC0E800F67B293B4940,POL:PPOLE:C199255,,POWER,LOC_C6200483,IPL,,0,,,REGNSK,m,,,REGNSK01,SASKPOWER,,,,,,,,,,AE
STRUCTURE_REG16/9538,0101000000B0CEEC4B7A2A5AC0B02CAD004B3C4940,POL:PPOLE:C203368,,POWER,LOC_C6204525,IPL,,0,,,REGNSK,m,,,REGNSK04,SASKPOWER,,,,,,,,,,AE
STRUCTURE_REG16/9549,01010000006891786F28295AC0D03DBB4EB33A4940,POL:PPOLE:C201002,,POWER,LOC_C6202192,IPL,,0,,,REGNSK,m,,,REGNSK01,SASKPOWER,,,,,BN,,,,,AE
STRUCTURE_REG16/9568,010100000014F7BA6D28295AC0F0F72C1E8A3A4940,POL:PPOLE:C197564,,POWER,LOC_C6198807,IPL,,0,,,REGNSK,m,,,REGNSK01,SASKPOWER,,,,,,,,,,AE
STRUCTURE_REG16/9575,0101000000709460CA10295AC0B8D497CB643A4940,POL:PPOLE:C199160,,POWER,LOC_C6200390,IPL,,0,,,REGNSK,m,,,REGNSK01,SASKPOWER,,,,,,,,,,AE
STRUCTURE_REG16/9576,01010000002880F9C910295AC0D8A9D2E65D3A4940,POL:PPOLE:C199168,,POWER,LOC_C6200399,IPL,,0,,,REGNSK,m,,,REGNSK01,SASKPOWER,,,,,,,,,,AE
STRUCTURE_REG16/9577,01010000005C84B97528295AC0B803D7AAD73A4940,POL:PPOLE:C199324,,POWER,LOC_C6200550,IPL,,0,,,REGNSK,m,,,REGNSK01,SASKPOWER,,,,,,,,,,AE
STRUCTURE_REG16/9598,010100000024066FB2E7285AC02839FF9ADF3B4940,POL:PPOLE:C186915,,POWER,LOC_C6188501,IPL,,0,,,REGNSK,m,,,REGNSK01,SASKPOWER,,,,,,,,,,AE
STRUCTURE_REG16/9600,01010000008C596009D0285AC09023E2C2CE3B4940,POL:PPOLE:C188512,,POWER,LOC_C6190013,IPL,,0,,,REGNSK,m,,,REGNSK01,SASKPOWER,,,,,BN,,,,,AE
STRUCTURE_REG16/9611,010100000004B29C5992295AC070D3BA08313A4940,POL:PPOLE:C248394,,POWER,LOC_C6248885,IPL,,0,,,REGNSK,m,,,REGNSK01,SASKPOWER,,,,,,,,,,AE
STRUCTURE_REG16/9637,010100000054BB177928295AC098C4A0531D3B4940,POL:PPOLE:C199259,,POWER,LOC_C6200486,IPL,,0,,,REGNSK,m,,,REGNSK01,SASKPOWER,,,,,,,,,,AE
STRUCTURE_REG16/9660,010100000058008741FA285AC020320250633B4940,POL:PPOLE:C188768,,POWER,LOC_C6190256,IPL,,0,,,REGNSK,m,,,REGNSK01,SASKPOWER,,,,,,,,,,AE
STRUCTURE_REG16/9735,0101000000D0F60B1D0B295AC0B8FC8DD1153B4940,POL:PPOLE:C196754,,POWER,LOC_C6197999,IPL,,0,,,REGNSK,m,,,REGNSK01,SASKPOWER,,,,,,,,,,AE
STRUCTURE_REG16/9736,0101000000A03F097328295AC0789E283EFB3A4940,POL:PPOLE:C196863,,POWER,LOC_C6198110,IPL,,0,,,REGNSK,m,,,REGNSK01,SASKPOWER,,,,,,,,,,AE
STRUCTURE_REG16/9741,0101000000B03E46C2FC285AC0103543AA283B4940,POL:PPOLE:C197338,,POWER,LOC_C6198580,IPL,,0,,,REGNSK,m,,,REGNSK01,SASKPOWER,,,,,,,,,,AE
STRUCTURE_REG16/9775,0101000000D0E4BA0DD0285AC010BD074DEA3B4940,POL:PPOLE:C186880,,POWER,LOC_C6188469,IPL,,0,,,REGNSK,m,,,REGNSK01,SASKPOWER,,,,,,,,,,AE
STRUCTURE_REG16/9776,0101000000B8CC43B5E7285AC0302B639CEF3B4940,POL:PPOLE:C186919,,POWER,LOC_C6188507,IPL,,0,,,REGNSK,m,,,REGNSK01,SASKPOWER,,,,,,,,,,AE
STRUCTURE_REG16/9817,010100000070A6C406CF285AC0303CF21E5F3B4940,POL:PPOLE:C188483,,POWER,LOC_C6189988,IPL,,0,,,REGNSK,m,,,REGNSK01,SASKPOWER,,,,,,,,,,AE
STRUCTURE_REG16/9818,01010000006C23E40ACF285AC04899F54B8C3B4940,POL:PPOLE:C188564,,POWER,LOC_C6190065,IPL,,0,,,REGNSK,m,,,REGNSK01,SASKPOWER,,,,,,,,,,AE
STRUCTURE_REG16/9826,010100000004DB2D6E28295AC048C2F4B3943A4940,POL:PPOLE:C197549,,POWER,LOC_C6198790,IPL,,0,,,REGNSK,m,,,REGNSK01,SASKPOWER,,,,,,,,,,AE
STRUCTURE_REG16/9870,01010000008024B63216295AC0207DCC07443B4940,POL:PPOLE:C202247,,POWER,LOC_C6203427,IPL,,0,,,REGNSK,m,,,REGNSK01,SASKPOWER,,NOT IN MARTENS,,,,,,,,AE
STRUCTURE_REG16/9912,010100000060AE5BF0E1285AC080322ED86A3B4940,POL:PPOLE:C188919,,POWER,LOC_C6190404,IPL,,0,,,REGNSK,m,,,REGNSK01,SASKPOWER,,,,,,,,,,AE
STRUCTURE_REG16/9915,01010000002473998B19295AC07846EC64873A4940,POL:PPOLE:C197497,,POWER,LOC_C6198750,IPL,,0,,,REGNSK,m,,,REGNSK01,SASKPOWER,,,,,,,,,,AE
STRUCTURE_REG16/9916,010100000020A1797518295AC0786D495D9E3A4940,POL:PPOLE:C197526,,POWER,LOC_C6198772,IPL,,0,,,REGNSK,m,,,REGNSK01,SASKPOWER,,,,,,,,,,AE
STRUCTURE_REG16/9965,010100000010F8F50921295AC0E0CB0463873A4940,POL:PPOLE:C197576,,POWER,LOC_C6198819,IPL,,0,,,REGNSK,m,,,REGNSK01,SASKPOWER,,,,,,,,,,AE
STRUCTURE_REG16/9971,01010000007873203A10295AC0600A0796313B4940,POL:PPOLE:C199229,,POWER,LOC_C6200454,IPL,,0,,,REGNSK,m,,,REGNSK01,SASKPOWER,,,,,,,,,,AE
STRUCTURE_REG16/10036,010100000070EB617428295AC0382D7787D03A4940,POL:PPOLE:C199326,,POWER,LOC_C6200552,IPL,,0,,,REGNSK,m,,,REGNSK01,SASKPOWER,,,,,,,,,,AE
STRUCTURE_REG16/10039,0101000000C8BB64C8432A5AC0E8F14BCF843A4940,POL:PPOLE:C214359,,POWER,LOC_C6215345,IPL,,0,,,REGNSK,m,,,REGNSK04,SASKPOWER,,,,,,,,,,AE
STRUCTURE_REG16/10123,01010000000C76F3EFFB285AC080E48815EB3B4940,POL:PPOLE:C186979,,POWER,LOC_C6188564,IPL,,0,,,REGNSK,m,,,REGNSK01,SASKPOWER,,,,,,,,,,AE
STRUCTURE_REG16/10124,010100000058CA8AC5D5285AC0080FE19FDF3B4940,POL:PPOLE:C187075,,POWER,LOC_C6188648,IPL,,0,,,REGNSK,m,,,REGNSK01,SASKPOWER,,,,,,,,,,AE
STRUCTURE_REG16/10135,01010000007079839AE7285AC0685CA462393B4940,POL:PPOLE:C194876,,POWER,LOC_C6196164,IPL,,0,,,REGNSK,m,,,REGNSK01,SASKPOWER,,,,,,,,,,AE
STRUCTURE_REG16/10192,010100000030D2691511295AC030330A21DE3A4940,POL:PPOLE:C196662,,POWER,LOC_C6197904,IPL,,0,,,REGNSK,m,,,REGNSK01,SASKPOWER,,,,,,,,,,AE
STRUCTURE_REG16/10193,0101000000CC00F39D13295AC0B014D07EC33A4940,POL:PPOLE:C196692,,POWER,LOC_C6197936,IPL,,0,,,REGNSK,m,,,REGNSK01,SASKPOWER,,,,,,,,,,AE
STRUCTURE_REG16/10198,010100000038D3076F28295AC0F019C3E8AE3A4940,POL:PPOLE:C273525,,POWER,LOC_C6273766,IPL,,0,,,REGNSK,m,,,REGNSK01,SASKPOWER,,,,,,,,,,AE
STRUCTURE_REG16/10292,01010000000CF572DADE285AC0F8CB001A9C3B4940,POL:PPOLE:C187343,,POWER,LOC_C6188906,IPL,,0,,,REGNSK,m,,,REGNSK01,SASKPOWER,,,,,,,,,,AE
STRUCTURE_REG16/10301,010100000050C2D214EF285AC0D060EF724F3B4940,POL:PPOLE:C197011,,POWER,LOC_C6198249,IPL,,0,,,REGNSK,m,,,REGNSK01,SASKPOWER,,,,,,,,,,AE
STRUCTURE_REG16/10308,010100000028A4B5CF0E295AC008C33806443B4940,POL:PPOLE:C202249,,POWER,LOC_C6203428,IPL,,0,,,REGNSK,m,,,REGNSK01,SASKPOWER,,NOT IN MARTENS,,,,,,,,AE
STRUCTURE_REG16/10406,010100000040F29BB0E7285AC078835637C93B4940,POL:PPOLE:C188474,,POWER,LOC_C6189976,IPL,,0,,,REGNSK,m,,,REGNSK01,SASKPOWER,,,,,,,,,,AE
STRUCTURE_REG16/10489,0101000000B8B72AA249295AC0D0053E71C63B4940,POL:PPOLE:C192168,,POWER,LOC_C6193556,IPL,,0,,,REGNSK,m,,,REGNSK04,SASKPOWER,,,,,,,,,,AE
STRUCTURE_REG16/10491,0101000000000C5C02B6295AC01004F675F93B4940,POL:PPOLE:C218504,,POWER,LOC_C6219459,IPL,,0,,,REGNSK,m,,,REGNSK04,SASKPOWER,,,,,,,,,,AE
STRUCTURE_REG16/10492,01010000009CED2F8D8F295AC0404181C8793B4940,POL:PPOLE:C220879,,POWER,LOC_C6221817,IPL,,0,,,REGNSK,m,,,REGNSK04,SASKPOWER,,,,,,,,,,AE
STRUCTURE_REG16/10539,0101000000C830BB152C2A5AC070EC59AA673A4940,POL:PPOLE:C213611,,POWER,LOC_C6214618,IPL,,0,,,REGNSK,m,,,REGNSK04,SASKPOWER,,,,,,,,,,AE
STRUCTURE_REG16/10542,010100000088AA4B05B6295AC028DCD961903B4940,POL:PPOLE:C218541,,POWER,LOC_C6219496,IPL,,0,,,REGNSK,m,,,REGNSK04,SASKPOWER,,,,,BN,,,,,AE
STRUCTURE_REG16/10788,0101000000F04557F658295AC0F06C03A2603C4940,POL:PPOLE:C192100,,POWER,LOC_C6193486,IPL,,0,,,REGNSK,m,,,REGNSK04,SASKPOWER,,,,,,,,,,AE
STRUCTURE_REG16/10841,0101000000087430DF5D2B5AC00014128C6A3A4940,POL:PPOLE:C213020,,POWER,LOC_C6214024,IPL,,0,,,REGNSK,m,,,REGNSK04,SASKPOWER,,,,,,,,,,AE
STRUCTURE_REG16/10842,01010000004869C63A462B5AC02860A8217C3A4940,POL:PPOLE:C213085,,POWER,LOC_C6214089,IPL,,0,,,REGNSK,m,,,REGNSK04,SASKPOWER,,not in martens,,,,,,,,AE
STRUCTURE_REG16/10843,0101000000D89AF3DA6C2B5AC01831C51F7C3A4940,POL:PPOLE:C213099,,POWER,LOC_C6214106,IPL,,0,,,REGNSK,m,,,REGNSK04,SASKPOWER,,,,,,,,,,AE
STRUCTURE_REG16/10844,01010000008C10746D752B5AC0484BBF93823A4940,POL:PPOLE:C213110,,POWER,LOC_C6214115,IPL,,0,,,REGNSK,m,,,REGNSK04,SASKPOWER,,,,,,,,,,AE
STRUCTURE_REG16/10858,0101000000EC00423056295AC0D018BC3BB43A4940,POL:PPOLE:C218805,,POWER,LOC_C6219757,IPL,,0,,,REGNSK,m,,,REGNSK04,SASKPOWER,,,,,,,,,,AE
STRUCTURE_REG16/10859,0101000000DC992E9672295AC01818622ABA3A4940,POL:PPOLE:C218952,,POWER,LOC_C6219908,IPL,,0,,,REGNSK,m,,,REGNSK04,SASKPOWER,,,,,,,,,,AE
STRUCTURE_REG16/10860,0101000000C02E928F80295AC060CD8527BA3A4940,POL:PPOLE:C218964,,POWER,LOC_C6219923,IPL,,0,,,REGNSK,m,,,REGNSK04,SASKPOWER,,,,,,,,,,AE
STRUCTURE_REG16/10869,0101000000C817A2ADC4295AC02825B1CFDC3A4940,POL:PPOLE:C220323,,POWER,LOC_C6221260,IPL,,0,,,REGNSK,m,,,REGNSK04,SASKPOWER,,,,,,,,,,AE
STRUCTURE_REG16/10870,01010000003C7CF99ACE295AC0E84BC3EBD83A4940,POL:PPOLE:C220344,,POWER,LOC_C6221282,IPL,,0,,,REGNSK,m,,,REGNSK04,SASKPOWER,,,,,,,,,,AE
STRUCTURE_REG16/10900,0101000000B0179F3C6B2A5AC0D864C2D9B43B4940,POL:PPOLE:C193902,,POWER,LOC_C6195215,IPL,,0,,,REGNSK,m,,,REGNSK04,SASKPOWER,,,,,BN,,,,,AE
STRUCTURE_REG16/10902,0101000000680E80206F295AC04893930F553B4940,POL:PPOLE:C194087,,POWER,LOC_C6195390,IPL,,0,,,REGNSK,m,,,REGNSK04,SASKPOWER,,,,,,,,,,AE
STRUCTURE_REG16/10907,010100000048B28FC7AC295AC038C645BD793B4940,POL:PPOLE:C220860,,POWER,LOC_C6221795,IPL,,0,,,REGNSK,m,,,REGNSK04,SASKPOWER,,,,,,,,,,AE
STRUCTURE_REG16/10910,0101000000445E6928742B5AC0E825C49E6E3A4940,POL:PPOLE:C213130,,POWER,LOC_C6214134,IPL,,0,,,REGNSK,m,,,REGNSK04,SASKPOWER,,,,,,,,,,AE
STRUCTURE_REG16/10911,01010000007CD44A14E6295AC09898FFAE543A4940,POL:PPOLE:C213185,,POWER,LOC_C6214187,IPL,,0,,,REGNSK,m,,,REGNSK04,SASKPOWER,,,,,,,,,,AE
STRUCTURE_REG16/10912,0101000000347047057C2A5AC09033DDF01D3C4940,POL:PPOLE:C203448,,POWER,LOC_C6204603,IPL,,0,,,REGNSK,m,,,REGNSK04,SASKPOWER,,,,,,,,,,AE
STRUCTURE_REG16/10913,0101000000203994FF7B2A5AC01863D4E0F63B4940,POL:PPOLE:C203457,,POWER,LOC_C6204610,IPL,,0,,,REGNSK,m,,,REGNSK04,SASKPOWER,,,,,,,,,,AE
STRUCTURE_REG16/10914,01010000004CB2F33B6F295AC0C835368F913A4940,POL:PPOLE:C216654,,POWER,LOC_C6217623,IPL,,0,,,REGNSK,m,,,REGNSK04,SASKPOWER,,,,,,,,,,AE
STRUCTURE_REG16/10915,0101000000203F9E3A6F295AC068E01568873A4940,POL:PPOLE:C216660,,POWER,LOC_C6217627,IPL,,0,,,REGNSK,m,,,REGNSK04,SASKPOWER,,,,,,,,,,AE
STRUCTURE_REG16/10916,01010000009894A83572295AC048EDEA67873A4940,POL:PPOLE:C216674,,POWER,LOC_C6217640,IPL,,0,,,REGNSK,m,,,REGNSK04,SASKPOWER,,,,,,,,,,AE
STRUCTURE_REG16/10918,01010000007C181F3B6F295AC050FCF61A673A4940,POL:PPOLE:C216708,,POWER,LOC_C6217675,IPL,,0,,,REGNSK,m,,,REGNSK04,SASKPOWER,,,,,,,,,,AE
STRUCTURE_REG16/10919,01010000005CDAD83B6F295AC0E822EB01573A4940,POL:PPOLE:C216712,,POWER,LOC_C6217681,IPL,,0,,,REGNSK,m,,,REGNSK04,SASKPOWER,,,,,,,,,,AE
STRUCTURE_REG16/10920,0101000000F4872B3C6F295AC0D0D06EB0543A4940,POL:PPOLE:C216713,,POWER,LOC_C6217682,IPL,,0,,,REGNSK,m,,,REGNSK04,SASKPOWER,,,,,BN,,,,,AE
STRUCTURE_REG16/10921,0101000000E0766A5977295AC0F06528AF543A4940,POL:PPOLE:C216721,,POWER,LOC_C6217689,IPL,,0,,,REGNSK,m,,,REGNSK04,SASKPOWER,,,,,,,,,,AE
STRUCTURE_REG16/10922,0101000000FC3681A557295AC0D0B4DA1C573A4940,POL:PPOLE:C216740,,POWER,LOC_C6217707,IPL,,0,,,REGNSK,m,,,REGNSK04,SASKPOWER,,,,,,,,,,AE
STRUCTURE_REG16/10923,0101000000246A41A657295AC0586E6BA36B3A4940,POL:PPOLE:C216751,,POWER,LOC_C6217715,IPL,,0,,,REGNSK,m,,,REGNSK04,SASKPOWER,,,,,BN,,,,,AE
STRUCTURE_REG16/10924,0101000000108AB91348295AC00871E2A16B3A4940,POL:PPOLE:C216765,,POWER,LOC_C6217731,IPL,,0,,,REGNSK,m,,,REGNSK04,SASKPOWER,,,,,,,,,,AE
STRUCTURE_REG16/10925,0101000000D01EC40840295AC020ADCB72573A4940,POL:PPOLE:C216777,,POWER,LOC_C6217742,IPL,,0,,,REGNSK,m,,,REGNSK04,SASKPOWER,,,,,,,,,,AE
STRUCTURE_REG16/10930,01010000001864BB10452A5AC0309EC9EAD53B4940,POL:PPOLE:C221097,,POWER,LOC_C6222028,IPL,,0,,,REGNSK,m,,,REGNSK04,SASKPOWER,,,,,,,,,,AE
STRUCTURE_REG16/10931,0101000000E0D2EC12B92A5AC0085B5390873A4940,POL:PPOLE:C221100,,POWER,LOC_C6222031,IPL,,0,,,REGNSK,m,,,REGNSK04,SASKPOWER,,,,,,,,,,AE
STRUCTURE_REG16/10938,010100000080968C9BCE295AC0F0321344D13A4940,POL:PPOLE:C220346,,POWER,LOC_C6221284,IPL,,0,,,REGNSK,m,,,REGNSK04,SASKPOWER,,,,,BN,,,,,AE
STRUCTURE_REG16/10939,0101000000C8B01F9CCE295AC018B757A7C93A4940,POL:PPOLE:C220348,,POWER,LOC_C6221287,IPL,,0,,,REGNSK,m,,,REGNSK04,SASKPOWER,,,,,,,,,,AE
STRUCTURE_REG16/10941,010100000020B47106B7295AC04854C430BA3A4940,POL:PPOLE:C222956,,POWER,LOC_C6223853,IPL,,0,,,REGNSK,m,,,REGNSK04,SASKPOWER,,,,,,,,,,AE
STRUCTURE_REG16/10942,01010000001C3549D3B0295AC05891A336BA3A4940,POL:PPOLE:C222961,,POWER,LOC_C6223855,IPL,,0,,,REGNSK,m,,,REGNSK04,SASKPOWER,,,,,,,,,,AE
STRUCTURE_REG16/10943,0101000000705DDA6B9F295AC0F060EF2BBA3A4940,POL:PPOLE:C222973,,POWER,LOC_C6223873,IPL,,0,,,REGNSK,m,,,REGNSK04,SASKPOWER,,,,,BN,,,,,AE
STRUCTURE_REG16/10945,01010000001093F85B292B5AC050BFA89D543A4940,POL:PPOLE:C223115,,POWER,LOC_C6224006,IPL,,0,,,REGNSK,m,,,REGNSK04,SASKPOWER,,,,,,,,,,AE
STRUCTURE_REG16/10946,010100000074ABC6962E2B5AC01093919C543A4940,POL:PPOLE:C223116,,POWER,LOC_C6224007,IPL,,0,,,REGNSK,m,,,REGNSK04,SASKPOWER,,,,,,,,,,AE
STRUCTURE_REG16/10947,0101000000F0CA5D9A2E2B5AC0C8B5D7786C3A4940,POL:PPOLE:C223121,,POWER,LOC_C6224013,IPL,,0,,,REGNSK,m,,,REGNSK04,SASKPOWER,,,,,,,,,,AE
STRUCTURE_REG16/10975,0101000000C872C8BC442A5AC070DAC333283B4940,POL:PPOLE:C220702,,POWER,LOC_C6221642,IPL,,0,,,REGNSK,m,,,REGNSK04,SASKPOWER,,,,,,,,,,AE
STRUCTURE_REG16/10980,0101000000387D7EC4A12A5AC008A4FAC47D3A4940,POL:PPOLE:C221110,,POWER,LOC_C6222041,IPL,,0,,,REGNSK,m,,,REGNSK04,SASKPOWER,,,,,,,,,,AE
STRUCTURE_REG16/10981,0101000000803FCCC3A12A5AC010F7D89D7B3A4940,POL:PPOLE:C221113,,POWER,LOC_C6222044,IPL,,0,,,REGNSK,m,,,REGNSK04,SASKPOWER,,,,,,,,,,AE
STRUCTURE_REG16/10982,0101000000DC5012C1A12A5AC0E03B413A733A4940,POL:PPOLE:C221114,,POWER,LOC_C6222045,IPL,,0,,,REGNSK,m,,,REGNSK04,SASKPOWER,,,,,BN,,,,,AE
STRUCTURE_REG16/10983,0101000000BCE55764352A5AC01057E9E9C13B4940,POL:PPOLE:C221115,,POWER,LOC_C6222046,IPL,,0,,,REGNSK,m,,,REGNSK04,SASKPOWER,,,,,,,,,,AE
STRUCTURE_REG16/10984,01010000002CE3FFBEA12A5AC09045E673693A4940,POL:PPOLE:C221116,,POWER,LOC_C6222047,IPL,,0,,,REGNSK,m,,,REGNSK04,SASKPOWER,,,,,BN,,,,,AE
STRUCTURE_REG16/10985,01010000004CB77CBCA12A5AC02822CF0A593A4940,POL:PPOLE:C221119,,POWER,LOC_C6222049,IPL,,0,,,REGNSK,m,,,REGNSK04,SASKPOWER,,,,,,,,,,AE
STRUCTURE_REG16/10986,01010000001482C1DAFD295AC040DCEF6CE93B4940,POL:PPOLE:C221158,,POWER,LOC_C6222086,IPL,,0,,,REGNSK,m,,,REGNSK04,SASKPOWER,,,,,,,,,,AE
STRUCTURE_REG16/10987,01010000001081D83C88295AC02029B593583C4940,POL:PPOLE:C224683,,POWER,LOC_C6225561,IPL,,0,,,REGNSK,m,,,REGNSK04,SASKPOWER,,,,,,,,,,AE
STRUCTURE_REG16/10988,0101000000DCD9453B88295AC0A0B427834E3C4940,POL:PPOLE:C224686,,POWER,LOC_C6225565,IPL,,0,,,REGNSK,m,,,REGNSK04,SASKPOWER,,,,,,,,,,AE
STRUCTURE_REG16/10999,010100000020F8A2E71D2A5AC07024E2B06B3B4940,POL:PPOLE:C223167,,POWER,LOC_C6224057,IPL,,0,,,REGNSK,m,,,REGNSK04,SASKPOWER,,,,,,,,,,AE
STRUCTURE_REG16/11000,01010000007CA352292C2A5AC088170DB16B3B4940,POL:PPOLE:C223174,,POWER,LOC_C6224067,IPL,,0,,,REGNSK,m,,,REGNSK04,SASKPOWER,,,,,BN,,,,,AE
STRUCTURE_REG16/11009,0101000000948355CC532A5AC0302FC564503B4940,POL:PPOLE:C233001,,POWER,LOC_C6233733,IPL,,0,,,REGNSK,m,,,REGNSK04,SASKPOWER,,,,,,,,,,AE
STRUCTURE_REG16/11010,010100000024817280452A5AC068C4D365503B4940,POL:PPOLE:C233009,,POWER,LOC_C6233739,IPL,,0,,,REGNSK,m,,,REGNSK04,SASKPOWER,,,,,,,,,,AE
STRUCTURE_REG16/11063,0101000000F4DB9C1FE6295AC0081D50B06B3A4940,POL:PPOLE:C213210,,POWER,LOC_C6214214,IPL,,0,,,REGNSK,m,,,REGNSK04,SASKPOWER,,,,,,,,,,AE
STRUCTURE_REG16/11064,0101000000F483571EE6295AC0D81211BC693A4940,POL:PPOLE:C213213,,POWER,LOC_C6214215,IPL,,0,,,REGNSK,m,,,REGNSK04,SASKPOWER,,,,,,,,,,AE
STRUCTURE_REG16/11065,0101000000E46A5EE7FC295AC0083FB188803A4940,POL:PPOLE:C213372,,POWER,LOC_C6214376,IPL,,0,,,REGNSK,m,,,REGNSK04,SASKPOWER,,,,,,,,,,AE
STRUCTURE_REG16/11066,0101000000909381EAFC295AC0C0456163933A4940,POL:PPOLE:C213375,,POWER,LOC_C6214379,IPL,,0,,,REGNSK,m,,,REGNSK04,SASKPOWER,,,,,,,,,,AE
STRUCTURE_REG16/11067,0101000000787F6F12042A5AC030EFDEAF543A4940,POL:PPOLE:C213476,,POWER,LOC_C6214484,IPL,,0,,,REGNSK,m,,,REGNSK04,SASKPOWER,,,,,,,,,,AE
STRUCTURE_REG16/11110,01010000006486E86B51295AC080604BB8253B4940,POL:PPOLE:C217970,,POWER,LOC_C6218922,IPL,,0,,,REGNSK,m,,,REGNSK04,SASKPOWER,,,,,,,,,,AE
STRUCTURE_REG16/11111,010100000010D9832052295AC0E8EFC3B3173B4940,POL:PPOLE:C217978,,POWER,LOC_C6218929,IPL,,0,,,REGNSK,m,,,REGNSK04,SASKPOWER,1972,,,,,,,,,AE
STRUCTURE_REG16/11112,0101000000D443751F52295AC08850D19D0F3B4940,POL:PPOLE:C217982,,POWER,LOC_C6218937,IPL,,0,,,REGNSK,m,,,REGNSK04,SASKPOWER,1972,,,,,,,,,AE
STRUCTURE_REG16/11113,0101000000485582E176295AC060CC47D3D23A4940,POL:PPOLE:C218052,,POWER,LOC_C6219000,IPL,,0,,,REGNSK,m,,,REGNSK04,SASKPOWER,1972,,,,,,,,,AE
STRUCTURE_REG16/11114,0101000000D4A7B4AF70295AC06073F56DC53A4940,POL:PPOLE:C218125,,POWER,LOC_C6219073,IPL,,0,,,REGNSK,m,,,REGNSK04,SASKPOWER,1972,,,,,,,,,AE
STRUCTURE_REG16/11115,0101000000485EEEAA5F295AC0788BAF2CC73A4940,POL:PPOLE:C218130,,POWER,LOC_C6219079,IPL,,0,,,REGNSK,m,,,REGNSK04,SASKPOWER,1972,,,,,,,,,AE
STRUCTURE_REG16/11125,0101000000F0BD3398CE295AC05863DAE8F03A4940,POL:PPOLE:C220404,,POWER,LOC_C6221343,IPL,,0,,,REGNSK,m,,,REGNSK04,SASKPOWER,,,,,,,,,,AE
STRUCTURE_REG16/11126,0101000000B0A7389CE6295AC048C5676EE23A4940,POL:PPOLE:C220428,,POWER,LOC_C6221377,IPL,,0,,,REGNSK,m,,,REGNSK04,SASKPOWER,,,,,,,,,,AE
STRUCTURE_REG16/11128,010100000064887CFAFC295AC0B894BB88DC3A4940,POL:PPOLE:C220454,,POWER,LOC_C6221394,IPL,,0,,,REGNSK,m,,,REGNSK04,SASKPOWER,,,,,,,,,,AE
STRUCTURE_REG16/11129,010100000084729AECFC295AC080C6BE64E33A4940,POL:PPOLE:C220456,,POWER,LOC_C6221395,IPL,,0,,,REGNSK,m,,,REGNSK04,SASKPOWER,,,,,,,,,,AE
STRUCTURE_REG16/11130,010100000030F230EFFC295AC0384FD3A6EB3A4940,POL:PPOLE:C220458,,POWER,LOC_C6221396,IPL,,0,,,REGNSK,m,,,REGNSK04,SASKPOWER,,,,,BN,,,,,AE
STRUCTURE_REG16/11131,010100000014F3ADEEFC295AC0F0366999D33A4940,POL:PPOLE:C220462,,POWER,LOC_C6221401,IPL,,0,,,REGNSK,m,,,REGNSK04,SASKPOWER,,,,,,,,,,AE
STRUCTURE_REG16/11132,0101000000189D0CF1FC295AC078711B7ABC3A4940,POL:PPOLE:C220466,,POWER,LOC_C6221405,IPL,,0,,,REGNSK,m,,,REGNSK04,SASKPOWER,,,,,,,,,,AE
STRUCTURE_REG16/11188,0101000000106A68FE162B5AC018E5DA698E3A4940,POL:PPOLE:C218228,,POWER,LOC_C6219176,IPL,,0,,,REGNSK,m,,,REGNSK04,SASKPOWER,,,,,,,,,,AE
STRUCTURE_REG16/11189,0101000000007E115D252B5AC0786989237C3A4940,POL:PPOLE:C218238,,POWER,LOC_C6219189,IPL,,0,,,REGNSK,m,,,REGNSK04,SASKPOWER,,,,,,,,,,AE
STRUCTURE_REG16/11190,0101000000E0CA971F312B5AC0E0B50A237C3A4940,POL:PPOLE:C218247,,POWER,LOC_C6219193,IPL,,0,,,REGNSK,m,,,REGNSK04,SASKPOWER,,,,,,,,,,AE
STRUCTURE_REG16/11191,0101000000D4F952A0382B5AC088D031227C3A4940,POL:PPOLE:C218248,,POWER,LOC_C6219195,IPL,,0,,,REGNSK,m,,,REGNSK04,SASKPOWER,,,,,,,,,,AE
STRUCTURE_REG16/11195,010100000030CC5FDAFD295AC0107F78C3E13B4940,POL:PPOLE:C221159,,POWER,LOC_C6222087,IPL,,0,,,REGNSK,m,,,REGNSK04,SASKPOWER,,,,,,,,,,AE
STRUCTURE_REG16/11196,0101000000EC0912DBFD295AC030CF5F62D83B4940,POL:PPOLE:C221160,,POWER,LOC_C6222088,IPL,,0,,,REGNSK,m,,,REGNSK04,SASKPOWER,,,,,BN,,,,,AE
STRUCTURE_REG16/11197,01010000004CBF8ADAFD295AC0B05EF66CCF3B4940,POL:PPOLE:C221161,,POWER,LOC_C6222089,IPL,,0,,,REGNSK,m,,,REGNSK04,SASKPOWER,,,,,BN,,,,,AE
STRUCTURE_REG16/11198,01010000009482AADBFD295AC0987C08F19B3B4940,POL:PPOLE:C221184,,POWER,LOC_C6222110,IPL,,0,,,REGNSK,m,,,REGNSK04,SASKPOWER,,,,,,,,,,AE
STRUCTURE_REG16/11208,010100000060B6D1F1322A5AC03890A5B16B3B4940,POL:PPOLE:C223189,,POWER,LOC_C6224085,IPL,,0,,,REGNSK,m,,,REGNSK04,SASKPOWER,,,,,,,,,,AE
STRUCTURE_REG16/11246,01010000003CA5C1A23F295AC0109573BAD03A4940,POL:PPOLE:C220789,,POWER,LOC_C6221728,IPL,,0,,,REGNSK,m,,,REGNSK04,SASKPOWER,2002,,,,,,,,,AE
STRUCTURE_REG16/11259,01010000000CA6C9DBFD295AC08828E6C0753B4940,POL:PPOLE:C221206,,POWER,LOC_C6222133,IPL,,0,,,REGNSK,m,,,REGNSK04,SASKPOWER,,,,,,,,,,AE
STRUCTURE_REG16/11260,0101000000449877DCFD295AC0400E2CAF6B3B4940,POL:PPOLE:C221207,,POWER,LOC_C6222135,IPL,,0,,,REGNSK,m,,,REGNSK04,SASKPOWER,,,,,,,,,,AE
STRUCTURE_REG16/11261,0101000000E4015A2A172A5AC0B0463FB2AA3B4940,POL:PPOLE:C221231,,POWER,LOC_C6222159,IPL,,0,,,REGNSK,m,,,REGNSK04,SASKPOWER,,,,,,,,,,AE
STRUCTURE_REG16/11313,0101000000D4D55EF0FB285AC0E8E1A1E8343C4940,POL:PPOLE:C193222,,POWER,LOC_C6194597,IPL,,0,,,REGNSK,m,,,REGNSK04,SASKPOWER,,,,,,,,,,AE
STRUCTURE_REG16/11332,010100000050BDFD05B7295AC000E1DB12BE3A4940,POL:PPOLE:C224343,,POWER,LOC_C6225235,IPL,,0,,,REGNSK,m,,,REGNSK04,SASKPOWER,,,,,,,,,,AE
STRUCTURE_REG16/11335,0101000000EC34EDF0E4295AC0C04CC490593B4940,POL:PPOLE:C223433,,POWER,LOC_C6224326,IPL,,0,,,REGNSK,m,,,REGNSK04,SASKPOWER,,,,,BN,,,,,AE
STRUCTURE_REG16/11336,0101000000882BBDEF65295AC028AA4ED9793B4940,POL:PPOLE:C193168,,POWER,LOC_C6194585,IPL,,0,,,REGNSK,m,,,REGNSK04,SASKPOWER,,,,,,,,,,AE
STRUCTURE_REG16/11337,01010000000CDC51016F295AC070A0CA1A093C4940,POL:PPOLE:C194032,,POWER,LOC_C6195335,IPL,,0,,,REGNSK,m,,,REGNSK04,SASKPOWER,,,,,,,,,,AE
STRUCTURE_REG16/11344,0101000000446163D3D4295AC0D8F9B939863A4940,POL:PPOLE:C214665,,POWER,LOC_C6215648,IPL,,0,,,REGNSK,m,,,REGNSK04,SASKPOWER,,,,,,,,,,AE
STRUCTURE_REG16/11360,0101000000E0020AD4E6285AC0B001C3BF363C4940,POL:PPOLE:C193351,,POWER,LOC_C6194687,IPL,,0,,,REGNSK,m,,,REGNSK04,SASKPOWER,,,,,,,,,,AE
STRUCTURE_REG16/11361,01010000007CB8791DD0285AC0D81D896C273C4940,POL:PPOLE:C193365,,POWER,LOC_C6194702,IPL,,0,,,REGNSK,m,,,REGNSK04,SASKPOWER,,,,,,,,,,AE
STRUCTURE_REG16/11363,0101000000E8F14D63732A5AC01031DB71AA3B4940,POL:PPOLE:C193890,,POWER,LOC_C6195203,IPL,,0,,,REGNSK,m,,,REGNSK04,SASKPOWER,,,,,,,,,,AE
STRUCTURE_REG16/11375,01010000000CE039035F295AC06011CCA36B3A4940,POL:PPOLE:C243643,,POWER,LOC_C6244186,IPL,,0,,,REGNSK,m,,,REGNSK04,SASKPOWER,,,,,,,,,,AE
STRUCTURE_REG16/11384,010100000014A0AC99CE295AC060007F3DCE3B4940,POL:PPOLE:C223547,,POWER,LOC_C6224438,IPL,,0,,,REGNSK,m,,,REGNSK04,SASKPOWER,,,,,,,,,,AE
STRUCTURE_REG16/11385,010100000000E902619E295AC078BF0A5DBA3B4940,POL:PPOLE:C220529,,POWER,LOC_C6221464,IPL,,0,,,REGNSK,m,,,REGNSK04,SASKPOWER,,,,,,,,,,AE
STRUCTURE_REG16/11387,0101000000B0386908D12A5AC0D8BD452F7C3A4940,POL:PPOLE:C218535,,POWER,LOC_C6219490,IPL,,0,,,REGNSK,m,,,REGNSK04,SASKPOWER,,,,,,,,,,AE
STRUCTURE_REG16/11388,0101000000A8FAE35DD82A5AC0E0A5952E7C3A4940,POL:PPOLE:C218536,,POWER,LOC_C6219492,IPL,,0,,,REGNSK,m,,,REGNSK04,SASKPOWER,,,,,,,,,,AE
STRUCTURE_REG16/11390,0101000000504D8381EB295AC018C525739E3A4940,POL:PPOLE:C214674,,POWER,LOC_C6215656,IPL,,0,,,REGNSK,m,,,REGNSK04,SASKPOWER,,,,,,,,,,AE
STRUCTURE_REG16/11391,0101000000BC134E33E6295AC0C8E93BF7923A4940,POL:PPOLE:C214705,,POWER,LOC_C6215685,IPL,,0,,,REGNSK,m,,,REGNSK04,SASKPOWER,,,,,BN,,,,,AE
STRUCTURE_REG16/11392,01010000001074372CE6295AC04053653B863A4940,POL:PPOLE:C214709,,POWER,LOC_C6215689,IPL,,0,,,REGNSK,m,,,REGNSK04,SASKPOWER,,,,,,,,,,AE
STRUCTURE_REG16/11438,0101000000487223D9A12A5AC0F0DEA5CFEC3A4940,POL:PPOLE:C200484,,POWER,LOC_C6201684,IPL,,0,,,REGNSK,m,,,REGNSK04,SASKPOWER,,,,,,,,,,AE
STRUCTURE_REG16/11439,0101000000783166DBA12A5AC060FD2DDBF03A4940,POL:PPOLE:C200489,,POWER,LOC_C6201685,IPL,,0,,,REGNSK,m,,,REGNSK04,SASKPOWER,,,,,,,,,,AE
STRUCTURE_REG16/11440,0101000000B48257DFA12A5AC0C09FC954FA3A4940,POL:PPOLE:C200491,,POWER,LOC_C6201689,IPL,,0,,,REGNSK,m,,,REGNSK04,SASKPOWER,,,,,,,,,,AE
STRUCTURE_REG16/11441,010100000000F55C62892A5AC0B8752F4B493B4940,POL:PPOLE:C200603,,POWER,LOC_C6201794,IPL,,0,,,REGNSK,m,,,REGNSK04,SASKPOWER,,,,,BN,,,,,AE
STRUCTURE_REG16/11444,0101000000F022097E58295AC0D0DAB1A1333B4940,POL:PPOLE:C215954,,POWER,LOC_C6216928,IPL,,0,,,REGNSK,m,,,REGNSK04,SASKPOWER,,,,,,,,,,AE
STRUCTURE_REG16/11458,010100000090A42EC386295AC0D00CA90F553B4940,POL:PPOLE:C220845,,POWER,LOC_C6221778,IPL,,0,,,REGNSK,m,,,REGNSK04,SASKPOWER,,,,,,,,,,AE
STRUCTURE_REG16/11466,0101000000F44B36B10F2A5AC0F86B518A893B4940,POL:PPOLE:C221244,,POWER,LOC_C6222170,IPL,,0,,,REGNSK,m,,,REGNSK04,SASKPOWER,,,,,,,,,,AE
STRUCTURE_REG16/11467,01010000008886482A2C2A5AC0A8BDE694813B4940,POL:PPOLE:C221254,,POWER,LOC_C6222182,IPL,,0,,,REGNSK,m,,,REGNSK04,SASKPOWER,,,,,,,,,,AE
STRUCTURE_REG16/11503,01010000006C7E9B7C752A5AC0908CC4BAE73B4940,POL:PPOLE:C195268,,POWER,LOC_C6196550,IPL,,0,,,REGNSK,m,,,REGNSK04,SASKPOWER,,,,,,,,,,AE
STRUCTURE_REG16/11504,0101000000CC91857D752A5AC06832FE78CD3B4940,POL:PPOLE:C195279,,POWER,LOC_C6196560,IPL,,0,,,REGNSK,m,,,REGNSK04,SASKPOWER,,,,,,,,,,AE
STRUCTURE_REG16/11506,01010000001888725D892A5AC0E0144C25513B4940,POL:PPOLE:C195359,,POWER,LOC_C6196643,IPL,,0,,,REGNSK,m,,,REGNSK04,SASKPOWER,,,,,,,,,,AE
STRUCTURE_REG16/11507,0101000000E0B61663892A5AC0207CA807613B4940,POL:PPOLE:C195371,,POWER,LOC_C6196653,IPL,,0,,,REGNSK,m,,,REGNSK04,SASKPOWER,,,,,,,,,,AE
STRUCTURE_REG16/11509,01010000008CC5E561892A5AC068250A20413B4940,POL:PPOLE:C200605,,POWER,LOC_C6201796,IPL,,0,,,REGNSK,m,,,REGNSK04,SASKPOWER,,,,,,,,,,AE
STRUCTURE_REG16/11510,01010000006017CB486B2A5AC0F0CC2FB0323B4940,POL:PPOLE:C200618,,POWER,LOC_C6201808,IPL,,0,,,REGNSK,m,,,REGNSK04,SASKPOWER,,,,,,,,,,AE
STRUCTURE_REG16/11511,010100000068EBCE7D732A5AC010208C0A223B4940,POL:PPOLE:C200641,,POWER,LOC_C6201833,IPL,,0,,,REGNSK,m,,,REGNSK04,SASKPOWER,,,,,,,,,,AE
STRUCTURE_REG16/11512,0101000000144CB77D732A5AC0401305C0193B4940,POL:PPOLE:C200642,,POWER,LOC_C6201834,IPL,,0,,,REGNSK,m,,,REGNSK04,SASKPOWER,,,,,BN,,,,,AE
STRUCTURE_REG16/11513,01010000004404FC7D732A5AC080FEC37C0A3B4940,POL:PPOLE:C200649,,POWER,LOC_C6201838,IPL,,0,,,REGNSK,m,,,REGNSK04,SASKPOWER,,,,,,,,,,AE
STRUCTURE_REG16/11519,01010000002CB6468D142A5AC0B08AA23AEF3A4940,POL:PPOLE:C220490,,POWER,LOC_C6221425,IPL,,0,,,REGNSK,m,,,REGNSK04,SASKPOWER,,,,,BN,,,,,AE
STRUCTURE_REG16/11520,0101000000A4C7E18C142A5AC080B1251BF73A4940,POL:PPOLE:C220492,,POWER,LOC_C6221429,IPL,,0,,,REGNSK,m,,,REGNSK04,SASKPOWER,,,,,,,,,,AE
STRUCTURE_REG16/11524,010100000004B3A605D12A5AC070605F76853A4940,POL:PPOLE:C220577,,POWER,LOC_C6221516,IPL,,0,,,REGNSK,m,,,REGNSK04,SASKPOWER,,,,,BN,,,,,AE
STRUCTURE_REG16/11525,0101000000C48CBB04D12A5AC000F5A85D6B3A4940,POL:PPOLE:C220582,,POWER,LOC_C6221519,IPL,,0,,,REGNSK,m,,,REGNSK04,SASKPOWER,,,,,,,,,,AE
STRUCTURE_REG16/11526,01010000001025D502D12A5AC0E8570198543A4940,POL:PPOLE:C220585,,POWER,LOC_C6221523,IPL,,0,,,REGNSK,m,,,REGNSK04,SASKPOWER,,,,,,,,,,AE
STRUCTURE_REG16/11528,010100000080BEFE685B2A5AC060794D38893B4940,POL:PPOLE:C220935,,POWER,LOC_C6221872,IPL,,0,,,REGNSK,m,,,REGNSK04,SASKPOWER,,,,,,,,,,AE
STRUCTURE_REG16/11531,0101000000A4988D1297295AC068DEADA39F3A4940,POL:PPOLE:C221398,,POWER,LOC_C6222319,IPL,,0,,,REGNSK,m,,,REGNSK04,SASKPOWER,,,,,,,,,,AE
STRUCTURE_REG16/11532,010100000024EEDC749E295AC0E07B0AE39B3A4940,POL:PPOLE:C221425,,POWER,LOC_C6222351,IPL,,0,,,REGNSK,m,,,REGNSK04,SASKPOWER,,,,,,,,,,AE
STRUCTURE_REG16/11533,0101000000CCB190749E295AC0F08114B1923A4940,POL:PPOLE:C221467,,POWER,LOC_C6222388,IPL,,0,,,REGNSK,m,,,REGNSK04,SASKPOWER,,,,,BN,,,,,AE
STRUCTURE_REG16/11545,010100000034BA183DB6295AC090571675FB3A4940,POL:PPOLE:C230012,,POWER,LOC_C6230829,IPL,,0,,,REGNSK,m,,,REGNSK04,SASKPOWER,,,,,,,,,,AE
STRUCTURE_REG16/11556,0101000000F0E9A202B6295AC0D01F7E91DF3B4940,POL:PPOLE:C218522,,POWER,LOC_C6219477,IPL,,0,,,REGNSK,m,,,REGNSK04,SASKPOWER,,,,,,,,,,AE
STRUCTURE_REG16/11575,010100000054D96361892A5AC000375491EC3A4940,POL:PPOLE:C200753,,POWER,LOC_C6201942,IPL,,0,,,REGNSK,m,,,REGNSK04,SASKPOWER,,,,,,,,,,AE
STRUCTURE_REG16/11576,0101000000CC3B4660892A5AC0201939E5F33A4940,POL:PPOLE:C200755,,POWER,LOC_C6201945,IPL,,0,,,REGNSK,m,,,REGNSK04,SASKPOWER,,,,,,,,,,AE
STRUCTURE_REG16/11577,0101000000F462AE60892A5AC04060749FFA3A4940,POL:PPOLE:C200756,,POWER,LOC_C6201946,IPL,,0,,,REGNSK,m,,,REGNSK04,SASKPOWER,,,,,BN,,,,,AE
STRUCTURE_REG16/11578,0101000000C086D0D67B2A5AC0708C07420F3B4940,POL:PPOLE:C200764,,POWER,LOC_C6201959,IPL,,0,,,REGNSK,m,,,REGNSK04,SASKPOWER,,,,,,,,,,AE
STRUCTURE_REG16/11579,010100000004F9FF8FB82A5AC0C0C964150F3B4940,POL:PPOLE:C200812,,POWER,LOC_C6202006,IPL,,0,,,REGNSK,m,,,REGNSK04,SASKPOWER,,,,,,,,,,AE
STRUCTURE_REG16/11580,010100000044BA7B8DB82A5AC070C03C3E033B4940,POL:PPOLE:C200817,,POWER,LOC_C6202011,IPL,,0,,,REGNSK,m,,,REGNSK04,SASKPOWER,,,,,,,,,,AE
STRUCTURE_REG16/11581,0101000000ECE0FA8CB82A5AC0B853390EF83A4940,POL:PPOLE:C200824,,POWER,LOC_C6202016,IPL,,0,,,REGNSK,m,,,REGNSK04,SASKPOWER,,,,,,,,,,AE
STRUCTURE_REG16/11582,0101000000BC05EB95B82A5AC0608EF0F3283B4940,POL:PPOLE:C200837,,POWER,LOC_C6202030,IPL,,0,,,REGNSK,m,,,REGNSK04,SASKPOWER,,,,,BN,,,,,AE
STRUCTURE_REG16/11583,010100000094C70F9FB82A5AC068235784373B4940,POL:PPOLE:C200840,,POWER,LOC_C6202035,IPL,,0,,,REGNSK,m,,,REGNSK04,SASKPOWER,,,,,,,,,,AE
STRUCTURE_REG16/11586,010100000008056A06182B5AC0C05B3B4C593A4940,POL:PPOLE:C223429,,POWER,LOC_C6224318,IPL,,0,,,REGNSK,m,,,REGNSK04,SASKPOWER,,,,,,,,,,AE
STRUCTURE_REG16/11590,0101000000C05E0809B6295AC000BA0B0E5B3B4940,POL:PPOLE:C220427,,POWER,LOC_C6221366,IPL,,0,,,REGNSK,m,,,REGNSK04,SASKPOWER,,,,,,,,,,AE
STRUCTURE_REG16/11594,01010000005CE209699F295AC0A8BDD4B1C53A4940,POL:PPOLE:C224476,,POWER,LOC_C6225357,IPL,,0,,,REGNSK,m,,,REGNSK04,SASKPOWER,,,,,,,,,,AE
STRUCTURE_REG16/11596,01010000002CE5D5699F295AC0E8A88EB5BC3A4940,POL:PPOLE:C224481,,POWER,LOC_C6225361,IPL,,0,,,REGNSK,m,,,REGNSK04,SASKPOWER,,,,,,,,,,AE
STRUCTURE_REG16/11603,01010000004CE911B7EB295AC0400E763C863A4940,POL:PPOLE:C214713,,POWER,LOC_C6215694,IPL,,0,,,REGNSK,m,,,REGNSK04,SASKPOWER,,,,,,,,,,AE
STRUCTURE_REG16/11612,0101000000A48C13BA46295AC050DA85CDDD3A4940,POL:PPOLE:C214887,,POWER,LOC_C6215877,IPL,,0,,,REGNSK,m,,,REGNSK04,SASKPOWER,,,,,,,,,,AE
STRUCTURE_REG16/11613,0101000000FCCBCC04B7295AC090F253BC543A4940,POL:PPOLE:C214890,,POWER,LOC_C6215870,IPL,,0,,,REGNSK,m,,,REGNSK04,SASKPOWER,,,,,,,,,,AE
STRUCTURE_REG16/11648,01010000006C19BE25632A5AC0F0A6E065503B4940,POL:PPOLE:C197764,,POWER,LOC_C6199014,IPL,,0,,,REGNSK,m,,,REGNSK04,SASKPOWER,,,,,BN,,,,,AE
STRUCTURE_REG16/11649,01010000006C3D9680702A5AC0B8B43265503B4940,POL:PPOLE:C197780,,POWER,LOC_C6199017,IPL,,0,,,REGNSK,m,,,REGNSK04,SASKPOWER,,,,,,,,,,AE
STRUCTURE_REG16/11652,0101000000ACFA87EDA12A5AC0E0F0649F563B4940,POL:PPOLE:C197860,,POWER,LOC_C6199097,IPL,,0,,,REGNSK,m,,,REGNSK04,SASKPOWER,,,,,,,,,,AE
STRUCTURE_REG16/11653,010100000054E5B9F3A12A5AC0C0BF69B05F3B4940,POL:PPOLE:C197863,,POWER,LOC_C6199101,IPL,,0,,,REGNSK,m,,,REGNSK04,SASKPOWER,,,,,,,,,,AE
STRUCTURE_REG16/11674,010100000080C05D05B7295AC0E0AED677683A4940,POL:PPOLE:C214897,,POWER,LOC_C6215879,IPL,,0,,,REGNSK,m,,,REGNSK04,SASKPOWER,,,,,,,,,,AE
STRUCTURE_REG16/11675,0101000000B8BA2B07AF295AC070ADEEAC6B3A4940,POL:PPOLE:C214901,,POWER,LOC_C6215883,IPL,,0,,,REGNSK,m,,,REGNSK04,SASKPOWER,,,,,,,,,,AE
STRUCTURE_REG16/11679,010100000058DE1F66C4295AC0B821FA13A73A4940,POL:PPOLE:C220087,,POWER,LOC_C6221037,IPL,,0,,,REGNSK,m,,,REGNSK04,SASKPOWER,,,,,,,,,,AE
STRUCTURE_REG16/11681,0101000000C4389D69C4295AC020CD69CD913A4940,POL:PPOLE:C220100,,POWER,LOC_C6221046,IPL,,0,,,REGNSK,m,,,REGNSK04,SASKPOWER,,,,,,,,,,AE
STRUCTURE_REG16/11686,010100000070FC5069C4295AC068648AB8873A4940,POL:PPOLE:C220123,,POWER,LOC_C6221074,IPL,,0,,,REGNSK,m,,,REGNSK04,SASKPOWER,,,,,,,,,,AE
STRUCTURE_REG16/11718,010100000038162CECA12A5AC0686E38D84D3B4940,POL:PPOLE:C197873,,POWER,LOC_C6199111,IPL,,0,,,REGNSK,m,,,REGNSK04,SASKPOWER,,,,,,,,,,AE
STRUCTURE_REG16/11727,010100000054BA806C79295AC0280E64A09F3A4940,POL:PPOLE:C216515,,POWER,LOC_C6217483,IPL,,0,,,REGNSK,m,,,REGNSK04,SASKPOWER,,,,,,,,,,AE
STRUCTURE_REG16/11728,010100000034899C1958295AC0A825C0979F3A4940,POL:PPOLE:C216559,,POWER,LOC_C6217526,IPL,,0,,,REGNSK,m,,,REGNSK04,SASKPOWER,,,,,,,,,,AE
STRUCTURE_REG16/11736,010100000060DD57695B2A5AC0D0C10F486E3B4940,POL:PPOLE:C220945,,POWER,LOC_C6221879,IPL,,0,,,REGNSK,m,,,REGNSK04,SASKPOWER,,,,,,,,,,AE
STRUCTURE_REG16/11737,0101000000C43895F85B295AC0689D18FCB73A4940,POL:PPOLE:C218801,,POWER,LOC_C6219754,IPL,,0,,,REGNSK,m,,,REGNSK04,SASKPOWER,,,,,,,,,,AE
STRUCTURE_REG16/11738,01010000004C6E9C93A5295AC020E87435863A4940,POL:PPOLE:C221483,,POWER,LOC_C6222403,IPL,,0,,,REGNSK,m,,,REGNSK04,SASKPOWER,,,,,,,,,,AE
STRUCTURE_REG16/11760,010100000054A915B061295AC0C03F53B98D3B4940,POL:PPOLE:C193298,,POWER,LOC_C6194637,IPL,,0,,,REGNSK,m,,,REGNSK04,SASKPOWER,,,,,,,,,,AE
STRUCTURE_REG16/11784,0101000000B89CFE2B2C2A5AC020806F68043B4940,POL:PPOLE:C220642,,POWER,LOC_C6221581,IPL,,0,,,REGNSK,m,,,REGNSK04,SASKPOWER,,,,,BN,,,,,AE
STRUCTURE_REG16/11785,0101000000DC910A93242A5AC0206DC4AF323B4940,POL:PPOLE:C220659,,POWER,LOC_C6221597,IPL,,0,,,REGNSK,m,,,REGNSK04,SASKPOWER,,,,,,,,,,AE
STRUCTURE_REG16/11786,010100000094D623301D2A5AC0C0FC3AAF323B4940,POL:PPOLE:C220660,,POWER,LOC_C6221599,IPL,,0,,,REGNSK,m,,,REGNSK04,SASKPOWER,,,,,BN,,,,,AE
STRUCTURE_REG16/11787,01010000004427F5AC3E2A5AC0502509B0323B4940,POL:PPOLE:C220669,,POWER,LOC_C6221609,IPL,,0,,,REGNSK,m,,,REGNSK04,SASKPOWER,,,,,,,,,,AE
STRUCTURE_REG16/11790,010100000048008262B92A5AC0B01BC3C4683A4940,POL:PPOLE:C220982,,POWER,LOC_C6221914,IPL,,0,,,REGNSK,m,,,REGNSK04,SASKPOWER,,,,,,,,,,AE
STRUCTURE_REG16/11791,010100000058738261B92A5AC038A32BED613A4940,POL:PPOLE:C220983,,POWER,LOC_C6221915,IPL,,0,,,REGNSK,m,,,REGNSK04,SASKPOWER,,,,,BN,,,,,AE
STRUCTURE_REG16/11792,0101000000081F8660B92A5AC0D8E3C445583A4940,POL:PPOLE:C220984,,POWER,LOC_C6221916,IPL,,0,,,REGNSK,m,,,REGNSK04,SASKPOWER,,,,,,,,,,AE
STRUCTURE_REG16/11793,0101000000E477C804442A5AC0501571AC9E3B4940,POL:PPOLE:C221009,,POWER,LOC_C6221942,IPL,,0,,,REGNSK,m,,,REGNSK04,SASKPOWER,,,,,,,,,,AE
STRUCTURE_REG16/11794,01010000007479ECC7432A5AC080DE2069963B4940,POL:PPOLE:C221015,,POWER,LOC_C6221949,IPL,,0,,,REGNSK,m,,,REGNSK04,SASKPOWER,,,,,,,,,,AE
STRUCTURE_REG16/11795,0101000000A8CE65C8432A5AC088C5F91F893B4940,POL:PPOLE:C221019,,POWER,LOC_C6221952,IPL,,0,,,REGNSK,m,,,REGNSK04,SASKPOWER,,,,,,,,,,AE
STRUCTURE_REG16/11797,010100000090EEFDF9B5295AC018FC7595583C4940,POL:PPOLE:C224514,,POWER,LOC_C6225395,IPL,,0,,,REGNSK,m,,,REGNSK04,SASKPOWER,,,,,BN,,,,,AE
STRUCTURE_REG16/11807,0101000000B455CF9DCE295AC0688BF792AF3A4940,POL:PPOLE:C226414,,POWER,LOC_C6227280,IPL,,0,,,REGNSK,m,,,REGNSK04,SASKPOWER,,,,,,,,,,AE
STRUCTURE_REG16/11812,01010000007837464D9C295AC060A6164C273B4940,POL:PPOLE:C230051,,POWER,LOC_C6230868,IPL,,0,,,REGNSK,m,,,REGNSK04,SASKPOWER,,,,,,,,,,AE
STRUCTURE_REG16/11813,010100000030921C3484295AC0802DF69E173B4940,POL:PPOLE:C230055,,POWER,LOC_C6230872,IPL,,0,,,REGNSK,m,,,REGNSK04,SASKPOWER,,,,,,,,,,AE
STRUCTURE_REG16/11814,01010000004452DC3584295AC03057C7DD1F3B4940,POL:PPOLE:C230059,,POWER,LOC_C6230876,IPL,,0,,,REGNSK,m,,,REGNSK04,SASKPOWER,,,,,,,,,,AE
STRUCTURE_REG16/11815,01010000007475BC3984295AC0C0A75DAC253B4940,POL:PPOLE:C230062,,POWER,LOC_C6230879,IPL,,0,,,REGNSK,m,,,REGNSK04,SASKPOWER,,,,,,,,,,AE
STRUCTURE_REG16/11816,0101000000AC836969A5295AC0E04DDD20503B4940,POL:PPOLE:C230101,,POWER,LOC_C6230917,IPL,,0,,,REGNSK,m,,,REGNSK04,SASKPOWER,,,,,,,,,,AE
STRUCTURE_REG16/11817,0101000000D42E318C97295AC0E85CAB26503B4940,POL:PPOLE:C230106,,POWER,LOC_C6230923,IPL,,0,,,REGNSK,m,,,REGNSK04,SASKPOWER,,,,,,,,,,AE
STRUCTURE_REG16/11847,0101000000244F1FA2CD295AC00815DD66693A4940,POL:PPOLE:C212975,,POWER,LOC_C6213978,IPL,,0,,,REGNSK,m,,,REGNSK04,SASKPOWER,,,,,,,,,,AE
STRUCTURE_REG16/11848,01010000008C911792C6295AC0309CFDB16B3A4940,POL:PPOLE:C212977,,POWER,LOC_C6213981,IPL,,0,,,REGNSK,m,,,REGNSK04,SASKPOWER,,,,,BN,,,,,AE
STRUCTURE_REG16/11849,0101000000808510B35E2B5AC07048D861533A4940,POL:PPOLE:C213007,,POWER,LOC_C6214017,IPL,,0,,,REGNSK,m,,,REGNSK04,SASKPOWER,,,,,,,,,,AE
STRUCTURE_REG16/11850,010100000088BD1816582B5AC0C0390963533A4940,POL:PPOLE:C213015,,POWER,LOC_C6214019,IPL,,0,,,REGNSK,m,,,REGNSK04,SASKPOWER,,,,,,,,,,AE
STRUCTURE_REG16/11862,0101000000A8C51C0EAF295AC0387768830C3C4940,POL:PPOLE:C224304,,POWER,LOC_C6225184,IPL,,0,,,REGNSK,m,,,REGNSK04,SASKPOWER,,,,,BN,,,,,AE
STRUCTURE_REG16/11871,0101000000DC5AD2C3032A5AC0E05F2B78BC3A4940,POL:PPOLE:C226465,,POWER,LOC_C6227329,IPL,,0,,,REGNSK,m,,,REGNSK04,SASKPOWER,,,,,,,,,,AE
STRUCTURE_REG16/11876,01010000006C0A14799E295AC000A91817693A4940,POL:PPOLE:C214933,,POWER,LOC_C6215916,IPL,,0,,,REGNSK,m,,,REGNSK04,SASKPOWER,,,,,,,,,,AE
STRUCTURE_REG16/11877,010100000018BEC4D986295AC0D0A6A5B7543A4940,POL:PPOLE:C214947,,POWER,LOC_C6215931,IPL,,0,,,REGNSK,m,,,REGNSK04,SASKPOWER,,,,,,,,,,AE
STRUCTURE_REG16/11878,0101000000D84692D986295AC0A04643FB553A4940,POL:PPOLE:C214950,,POWER,LOC_C6215933,IPL,,0,,,REGNSK,m,,,REGNSK04,SASKPOWER,,,,,,,,,,AE
STRUCTURE_REG16/11879,01010000005489B4B87F295AC06884CCA26B3A4940,POL:PPOLE:C214956,,POWER,LOC_C6215939,IPL,,0,,,REGNSK,m,,,REGNSK04,SASKPOWER,,,,,,,,,,AE
STRUCTURE_REG16/11967,0101000000B8330B9B3E295AC0187BFDF0433B4940,POL:PPOLE:C215041,,POWER,LOC_C6216019,IPL,,0,,,REGNSK,m,,,REGNSK04,SASKPOWER,,,,,,,,,,AE
STRUCTURE_REG16/11973,0101000000843B2929B6295AC0F0612F810C3C4940,POL:PPOLE:C224303,,POWER,LOC_C6225182,IPL,,0,,,REGNSK,m,,,REGNSK04,SASKPOWER,,,,,,,,,,AE
STRUCTURE_REG16/11974,01010000006C33F4D3E8295AC0386D191FCF3B4940,POL:PPOLE:C223266,,POWER,LOC_C6224155,IPL,,0,,,REGNSK,m,,,REGNSK04,SASKPOWER,,,,,,,,,,AE
STRUCTURE_REG16/11975,0101000000788F9007B6295AC0E04ABDAE6C3B4940,POL:PPOLE:C220420,,POWER,LOC_C6221358,IPL,,0,,,REGNSK,m,,,REGNSK04,SASKPOWER,,,,,,,,,,AE
STRUCTURE_REG16/11977,0101000000A4967803B6295AC0A092A90BC33B4940,POL:PPOLE:C218526,,POWER,LOC_C6219481,IPL,,0,,,REGNSK,m,,,REGNSK04,SASKPOWER,,,,,,,,,,AE
STRUCTURE_REG16/11979,0101000000D4289FA9CD295AC0586AA2AE793B4940,POL:PPOLE:C223669,,POWER,LOC_C6224553,IPL,,0,,,REGNSK,m,,,REGNSK04,SASKPOWER,,,,,,,,,,AE
STRUCTURE_REG16/11990,010100000000AB5A3AF5285AC07061E757473C4940,POL:PPOLE:C193154,,POWER,LOC_C6194530,IPL,,0,,,REGNSK,m,,,REGNSK04,SASKPOWER,,,,,,,,,,AE
STRUCTURE_REG16/11991,0101000000A823B2D5E6285AC008090E58473C4940,POL:PPOLE:C193171,,POWER,LOC_C6194545,IPL,,0,,,REGNSK,m,,,REGNSK04,SASKPOWER,,,,,,,,,,AE
STRUCTURE_REG16/11992,010100000058414568D3285AC0506EBC57473C4940,POL:PPOLE:C193178,,POWER,LOC_C6194551,IPL,,0,,,REGNSK,m,,,REGNSK04,SASKPOWER,,,,,,,,,,AE
STRUCTURE_REG16/11993,010100000068642721D0285AC0686E25AB4A3C4940,POL:PPOLE:C193183,,POWER,LOC_C6194556,IPL,,0,,,REGNSK,m,,,REGNSK04,SASKPOWER,,,,,,,,,,AE
STRUCTURE_REG16/12013,0101000000ECD58AE0A6295AC0107E7C8B0C3C4940,POL:PPOLE:C224309,,POWER,LOC_C6225927,IPL,,0,,,REGNSK,m,,,REGNSK04,SASKPOWER,,,,,BN,,,,,AE
STRUCTURE_REG16/12014,01010000003CD53F8D7D295AC04080AFCF793B4940,POL:PPOLE:C192479,,POWER,LOC_C6193863,IPL,,0,,,REGNSK,m,,,REGNSK04,SASKPOWER,,,,,,,,,,AE
STRUCTURE_REG16/12015,0101000000901438A9CD295AC0409F67D7703B4940,POL:PPOLE:C223670,,POWER,LOC_C6224560,IPL,,0,,,REGNSK,m,,,REGNSK04,SASKPOWER,,,,,BN,,,,,AE
STRUCTURE_REG16/12016,0101000000ECD1CF5F9E295AC08000A952D53B4940,POL:PPOLE:C220495,,POWER,LOC_C6221433,IPL,,0,,,REGNSK,m,,,REGNSK04,SASKPOWER,,,,,,,,,,AE
STRUCTURE_REG16/12045,0101000000F8C80149E5295AC0681907D6B23B4940,POL:PPOLE:C223300,,POWER,LOC_C6224197,IPL,,0,,,REGNSK,m,,,REGNSK04,SASKPOWER,,,,,,,,,,AE
STRUCTURE_REG16/12046,01010000006872403143295AC0C0B87AD9EC3B4940,POL:PPOLE:C193978,,POWER,LOC_C6195281,IPL,,0,,,REGNSK,m,,,REGNSK04,SASKPOWER,,,,,,,,,,AE
STRUCTURE_REG16/12047,010100000030FFB8629E295AC0D020CA59903B4940,POL:PPOLE:C220563,,POWER,LOC_C6221504,IPL,,0,,,REGNSK,m,,,REGNSK04,SASKPOWER,,,,,BN,,,,,AE
STRUCTURE_REG16/12048,0101000000081C6E5F9E295AC0F87DFB51CC3B4940,POL:PPOLE:C220500,,POWER,LOC_C6221437,IPL,,0,,,REGNSK,m,,,REGNSK04,SASKPOWER,,,,,,,,,,AE
STRUCTURE_REG16/12049,0101000000306A684AE5295AC098257B9D773B4940,POL:PPOLE:C223352,,POWER,LOC_C6224241,IPL,,0,,,REGNSK,m,,,REGNSK04,SASKPOWER,,,,,BN,,,,,AE
STRUCTURE_REG16/12050,01010000000047344757295AC028A4F155FC3B4940,POL:PPOLE:C215665,,POWER,LOC_C6216640,IPL,,0,,,REGNSK,m,,,REGNSK04,SASKPOWER,,,,,,,,,,AE
STRUCTURE_REG16/12090,0101000000E0AABC619E295AC068B93839A23B4940,POL:PPOLE:C220557,,POWER,LOC_C6221495,IPL,,0,,,REGNSK,m,,,REGNSK04,SASKPOWER,,,,,,,,,,AE
STRUCTURE_REG16/12352,0101000000C01010FE2B2A5AC0F04EDB7F573A4940,POL:PPOLE:C213605,,POWER,LOC_C6214612,IPL,,0,,,REGNSK,m,,,REGNSK04,SASKPOWER,,,,,,,,,,AE
STRUCTURE_REG16/13548,010100000098BDDBD886295AC0E81EF065873A4940,POL:PPOLE:C221556,,POWER,LOC_C6222485,IPL,,0,,,REGNSK,m,,,REGNSK04,SASKPOWER,,,,,,,,,,AE
STRUCTURE_REG16/14547,0101000000B435DD43A6295AC0E0E14C9F9F3A4940,POL:PPOLE:C221379,,POWER,LOC_C6222304,IPL,,0,,,REGNSK,m,,,REGNSK04,SASKPOWER,,,,,,,,,,AE
STRUCTURE_REG16/17306,0101000000E4D3B95BFF295AC0883CCE164B3C4940,POL:PPOLE:C228317,,POWER,LOC_C6229148,IPL,,0,,,REGNSK,m,,,REGNSK04,SASKPOWER,,,,,,,,,,AE
STRUCTURE_REG16/17869,0101000000C03A052E2C2A5AC0184CB432C13A4940,POL:PPOLE:C220754,,POWER,LOC_C6221697,IPL,,0,,,REGNSK,m,,,REGNSK04,SASKPOWER,,,,,BN,,,,,AE
STRUCTURE_REG16/20373,0101000000CCFF99AB00295AC0F815BE6D4F3B4940,POL:PPOLE:C197000,,POWER,LOC_C6198237,IPL,,0,,,REGNSK,m,,,REGNSK01,SASKPOWER,,,,,,,,,,AE
STRUCTURE_REG16/20973,0101000000F465278B142A5AC070E587DF873A4940,POL:PPOLE:C213498,,POWER,LOC_C6214504,IPL,,0,,,REGNSK,m,,,REGNSK04,SASKPOWER,,,,,,,,,,AE
STRUCTURE_REG16/20974,010100000024C47F61892A5AC0A00812E3CE3A4940,POL:PPOLE:C200726,,POWER,LOC_C6201917,IPL,,0,,,REGNSK,m,,,REGNSK04,SASKPOWER,,,,,,,,,,AE
STRUCTURE_REG16/21227,01010000003CF36A67F5295AC0906BB1184B3C4940,POL:PPOLE:C228310,,POWER,LOC_C6229140,IPL,,0,,,REGNSK,m,,,REGNSK04,SASKPOWER,,,,,,,,,,AE
STRUCTURE_REG16/21535,0101000000BCE0C1B9A02B5AC010322DAA783A4940,POL:PPOLE:C218922,,POWER,LOC_C6219875,IPL,,0,,,REGNSK,m,,,REGNSK04,SASKPOWER,,,,,,,,,,AE
STRUCTURE_REG16/22962,0101000000B0A6C80DDE295AC0402A0B1A4B3C4940,POL:PPOLE:C228282,,POWER,LOC_C6229113,IPL,,0,,,REGNSK,m,,,REGNSK04,SASKPOWER,,,,,,,,,,AE
STRUCTURE_REG16/23214,010100000048852F4EC72B5AC03038DA76BC3A4940,POL:PPOLE:C221535,,POWER,LOC_C6222455,IPL,,0,,,REGNSK,m,,,REGNSK04,SASKPOWER,,,,,,,,,,AE
STRUCTURE_REG16/23567,0101000000EC15EAA4CF2B5AC02079374EFE3A4940,POL:PPOLE:C196149,,POWER,LOC_C6197429,IPL,,0,,,REGNSK,m,,,REGNSK04,SASKPOWER,,,,,,,,,,AE
STRUCTURE_REG16/23587,0101000000B84E90C9C32B5AC0C0D34727253B4940,POL:PPOLE:C195910,,POWER,LOC_C6197193,IPL,,0,,,REGNSK,m,,,REGNSK04,SASKPOWER,,,,,,,,,,AE
STRUCTURE_REG16/23590,0101000000040CC076D82B5AC0D04167A46E3A4940,POL:PPOLE:C219020,,POWER,LOC_C6219978,IPL,,0,,,REGNSK,m,,,REGNSK04,SASKPOWER,,,,,,,,,,AE
STRUCTURE_REG16/23591,0101000000684ABA7FCF2B5AC08041D9CED63A4940,POL:PPOLE:C196361,,POWER,LOC_C6197630,IPL,,0,,,REGNSK,m,,,REGNSK04,SASKPOWER,,,,,,,,,,AE
STRUCTURE_REG16/23632,0101000000B40F4121B72B5AC0D8993329253B4940,POL:PPOLE:C195994,,POWER,LOC_C6197275,IPL,,0,,,REGNSK,m,,,REGNSK04,SASKPOWER,,,,,,,,,,AE
STRUCTURE_REG16/23639,0101000000606BD190BE2B5AC088C540F5943A4940,POL:PPOLE:C221414,,POWER,LOC_C6222337,IPL,,0,,,REGNSK,m,,,REGNSK04,SASKPOWER,,,,,,,,,,AE
STRUCTURE_REG16/23640,0101000000C04280E8B62B5AC038655A47C73A4940,POL:PPOLE:C197822,,POWER,LOC_C6199070,IPL,,0,,,REGNSK,m,,,REGNSK04,SASKPOWER,,,,,,,,,,AE
STRUCTURE_REG16/23673,0101000000284C60EC9D2B5AC008D2FE07D83A4940,POL:PPOLE:C196243,,POWER,LOC_C6197519,IPL,,0,,,REGNSK,m,,,REGNSK04,SASKPOWER,,,,,BN,,,,,AE
STRUCTURE_REG16/23683,01010000006CF4A374D82B5AC078DB4CF2943A4940,POL:PPOLE:C221434,,POWER,LOC_C6222357,IPL,,0,,,REGNSK,m,,,REGNSK04,SASKPOWER,,,,,,,,,,AE
STRUCTURE_REG16/23684,01010000005CBD0B0D842B5AC0A86F006D533A4940,POL:PPOLE:C221640,,POWER,LOC_C6222539,IPL,,0,,,REGNSK,m,,,REGNSK04,SASKPOWER,,,,,,,,,,AE
STRUCTURE_REG16/23712,01010000006C1F13A5B42B5AC008D28D69533A4940,POL:PPOLE:C221680,,POWER,LOC_C6222580,IPL,,0,,,REGNSK,m,,,REGNSK04,SASKPOWER,,,,,,,,,,AE
STRUCTURE_REG16/23834,0101000000581E1FB8A02B5AC0382F374D5C3A4940,POL:PPOLE:C221616,,POWER,LOC_C6222530,IPL,,0,,,REGNSK,m,,,REGNSK04,SASKPOWER,,,,,,,,,,AE
STRUCTURE_REG16/27142,01010000003CD29E9A44295AC0B8B37045E1394940,POL:PPOLE:C217682,,POWER,LOC_C6218637,IPL,,0,,,REGNSK,m,,,REGNSK01,SASKPOWER,,,,,,,,,,AE
STRUCTURE_REG16/27178,0101000000B0D1255B3E295AC068D867BCD7394940,POL:PPOLE:C218392,,POWER,LOC_C6219340,IPL,,0,,,REGNSK,m,,,REGNSK01,SASKPOWER,,,,,,,,,,AE
STRUCTURE_REG16/27218,0101000000A4A890B18E295AC0B81BC156E1394940,POL:PPOLE:C196943,,POWER,LOC_C6202415,IPL,,0,,,REGNSK,m,,,REGNSK01,SASKPOWER,,,,,,,,,,AE
STRUCTURE_REG16/27219,010100000094E193DC8E295AC0307B78BA263A4940,POL:PPOLE:C197208,,POWER,LOC_C6202430,IPL,,0,,,REGNSK,m,,,REGNSK01,SASKPOWER,,,,,,,,,,AE
STRUCTURE_REG16/27220,0101000000204CB458C8295AC068795E64E1394940,POL:PPOLE:C201994,,POWER,LOC_C6203455,IPL,,0,,,REGNSK,m,,,REGNSK01,SASKPOWER,,,,,,,,,,AE
STRUCTURE_REG16/27250,010100000044F12A6B5B2A5AC008AA9763E23A4940,POL:PPOLE:C220778,,POWER,LOC_C6221717,IPL,,0,,,REGNSK,m,,,REGNSK04,SASKPOWER,,,,,,,,,,AE
STRUCTURE_REG16/27252,0101000000AC9305DC4B2A5AC05063CA73BC3A4940,POL:PPOLE:C226533,,POWER,LOC_C6227394,IPL,,0,,,REGNSK,m,,,REGNSK04,SASKPOWER,,,,,,,,,,AE
STRUCTURE_REG16/27257,0101000000D45FA94003295AC080F7BF0A0D3A4940,POL:PPOLE:C265421,,POWER,LOC_C6265731,IPL,,0,,,REGNSK,m,,,REGNSK01,SASKPOWER,,,,,,,,,,AE
STRUCTURE_REG16/27262,01010000000C3ADA9E44295AC068C2C0571A3A4940,POL:PPOLE:C217770,,POWER,LOC_C6218726,IPL,,0,,,REGNSK,m,,,REGNSK01,SASKPOWER,,not in martens,,,BN,,,,,AE
STRUCTURE_REG16/27297,0101000000C48D71B161295AC0C0B4E468833B4940,POL:PPOLE:C193296,,POWER,LOC_C6194633,IPL,,0,,,REGNSK,m,,,REGNSK04,SASKPOWER,,,,,,,,,,AE
STRUCTURE_REG16/27353,010100000030EBB8262C2A5AC0D05930D5723A4940,POL:PPOLE:C213612,,POWER,LOC_C6214619,IPL,,0,,,REGNSK,m,,,REGNSK04,SASKPOWER,,,,,,,,,,AE
STRUCTURE_REG16/27395,01010000009CC03BF9742A5AC0B82127024B3C4940,POL:PPOLE:C203367,,POWER,LOC_C6204524,IPL,,0,,,REGNSK,m,,,REGNSK04,SASKPOWER,,,,,,,,,,AE
STRUCTURE_REG16/27433,0101000000045D8FB0322A5AC0602F5EAA543A4940,POL:PPOLE:C214327,,POWER,LOC_C6215314,IPL,,0,,,REGNSK,m,,,REGNSK04,SASKPOWER,,,,,,,,,,AE
STRUCTURE_REG16/27434,0101000000900AD560892A5AC0D879DEA4E13A4940,POL:PPOLE:C200732,,POWER,LOC_C6201924,IPL,,0,,,REGNSK,m,,,REGNSK04,SASKPOWER,,,,,,,,,,AE
STRUCTURE_REG16/27471,0101000000B48521514C2A5AC0F8AF06A4543A4940,POL:PPOLE:C214444,,POWER,LOC_C6215430,IPL,,0,,,REGNSK,m,,,REGNSK04,SASKPOWER,,,,,,,,,,AE
STRUCTURE_REG16/27488,0101000000AC7727BB332A5AC0D80C4075BC3A4940,POL:PPOLE:C226498,,POWER,LOC_C6227360,IPL,,0,,,REGNSK,m,,,REGNSK04,SASKPOWER,,,,,,,,,,AE
STRUCTURE_REG16/27490,010100000068B39D2E2C2A5AC018F32F93B23A4940,POL:PPOLE:C226495,,POWER,LOC_C6227358,IPL,,0,,,REGNSK,m,,,REGNSK04,SASKPOWER,,,,,,,,,,AE
STRUCTURE_REG16/27502,0101000000D40196B0442A5AC0E8E3DD75DC3A4940,POL:PPOLE:C220735,,POWER,LOC_C6221673,IPL,,0,,,REGNSK,m,,,REGNSK04,SASKPOWER,,,,,,,,,,AE
STRUCTURE_REG16/27503,01010000004C46A68D142A5AC0788A470FE73A4940,POL:PPOLE:C220486,,POWER,LOC_C6221424,IPL,,0,,,REGNSK,m,,,REGNSK04,SASKPOWER,,,,,,,,,,AE
STRUCTURE_REG16/27510,01010000005CE054CC6A2A5AC0F8F17F9D543A4940,POL:PPOLE:C223168,,POWER,LOC_C6224059,IPL,,0,,,REGNSK,m,,,REGNSK04,SASKPOWER,,,,,,,,,,AE
STRUCTURE_REG16/27515,01010000007003DD151C2A5AC0880025AD543A4940,POL:PPOLE:C213577,,POWER,LOC_C6214588,IPL,,0,,,REGNSK,m,,,REGNSK04,SASKPOWER,,,,,,,,,,AE
STRUCTURE_REG16/27527,0101000000D8E76E2D2C2A5AC020054465DC3A4940,POL:PPOLE:C220555,,POWER,LOC_C6221492,IPL,,0,,,REGNSK,m,,,REGNSK04,SASKPOWER,,,,,,,,,,AE
STRUCTURE_REG16/27578,0101000000F8175FB9A02B5AC050EF9CDF903A4940,POL:PPOLE:C218926,,POWER,LOC_C6219879,IPL,,0,,,REGNSK,m,,,REGNSK04,SASKPOWER,,,,,,,,,,AE
STRUCTURE_REG16/27584,0101000000C82181BDA42B5AC0A0DF4A25253B4940,POL:PPOLE:C196008,,POWER,LOC_C6197295,IPL,,0,,,REGNSK,m,,,REGNSK04,SASKPOWER,,,,,,,,,,AE
STRUCTURE_REG16/27612,0101000000B04A517D732A5AC0405206D9B53A4940,POL:PPOLE:C218190,,POWER,LOC_C6219137,IPL,,0,,,REGNSK,m,,,REGNSK04,SASKPOWER,,,,,,,,,,AE
STRUCTURE_REG16/27616,01010000007C216DAEBD2B5AC0806A7CC6083B4940,POL:PPOLE:C196277,,POWER,LOC_C6197551,IPL,,0,,,REGNSK,m,,,REGNSK04,SASKPOWER,,,,,,,,,,AE
STRUCTURE_REG16/27635,010100000008657908B72B5AC01847CB3F423B4940,POL:PPOLE:C195870,,POWER,LOC_C6197154,IPL,,0,,,REGNSK,m,,,REGNSK04,SASKPOWER,,,,,BN,,,,,AE
STRUCTURE_REG16/27636,0101000000E0B60EF2E02B5AC0006C40F1943A4940,POL:PPOLE:C221441,,POWER,LOC_C6222364,IPL,,0,,,REGNSK,m,,,REGNSK04,SASKPOWER,,,,,BN,,,,,AE
STRUCTURE_REG16/27639,010100000008FDB6A1AE2B5AC0D89452A76E3A4940,POL:PPOLE:C218991,,POWER,LOC_C6219949,IPL,,0,,,REGNSK,m,,,REGNSK04,SASKPOWER,,,,,BN,,,,,AE
STRUCTURE_REG16/27640,010100000050ADC2BCE02B5AC0F06ED94CFE3A4940,POL:PPOLE:C196140,,POWER,LOC_C6197422,IPL,,0,,,REGNSK,m,,,REGNSK04,SASKPOWER,,,,,BN,,,,,AE
STRUCTURE_REG16/27690,01010000002CC71474C72B5AC070D2AFA56E3A4940,POL:PPOLE:C219008,,POWER,LOC_C6219964,IPL,,0,,,REGNSK,m,,,REGNSK04,SASKPOWER,,,,,BN,,,,,AE
STRUCTURE_REG16/27715,01010000005CEB7BA2A52B5AC098FA5B6A533A4940,POL:PPOLE:C221667,,POWER,LOC_C6222566,IPL,,0,,,REGNSK,m,,,REGNSK04,SASKPOWER,,,,,,,,,,AE
STRUCTURE_REG16/27716,010100000034AE6BF3E02B5AC0C880BD73BC3A4940,POL:PPOLE:C221550,,POWER,LOC_C6222467,IPL,,0,,,REGNSK,m,,,REGNSK04,SASKPOWER,,,,,BN,,,,,AE
STRUCTURE_REG16/27738,0101000000C47AE2BABB2B5AC0A8BEA368533A4940,POL:PPOLE:C221686,,POWER,LOC_C6222587,IPL,,0,,,REGNSK,m,,,REGNSK04,SASKPOWER,,,,,,,,,,AE
STRUCTURE_REG16/27739,0101000000B8F9A99EEA2B5AC080AA1AEF943A4940,POL:PPOLE:C221445,,POWER,LOC_C6222367,IPL,,0,,,REGNSK,m,,,REGNSK04,SASKPOWER,,,,,,,,,,AE
STRUCTURE_REG16/27743,010100000064A9B362912B5AC00028BA597C3A4940,POL:PPOLE:C218911,,POWER,LOC_C6219864,IPL,,0,,,REGNSK,m,,,REGNSK04,SASKPOWER,,,,,,,,,,AE
STRUCTURE_REG16/27771,0101000000088F0A57982B5AC0408506A96E3A4940,POL:PPOLE:C218916,,POWER,LOC_C6219870,IPL,,0,,,REGNSK,m,,,REGNSK04,SASKPOWER,,,,,,,,,,AE
STRUCTURE_REG16/27783,01010000000860E9CDBF2B5AC0483CDD3C3F3B4940,POL:PPOLE:C196027,,POWER,LOC_C6197311,IPL,,0,,,REGNSK,m,,,REGNSK04,SASKPOWER,,,,,,,,,,AE
STRUCTURE_REG16/27805,010100000058424D13C72B5AC0D019E23C423B4940,POL:PPOLE:C195828,,POWER,LOC_C6197116,IPL,,0,,,REGNSK,m,,,REGNSK04,SASKPOWER,,,,,,,,,,AE
STRUCTURE_REG16/27806,0101000000C43EA0EAF22B5AC01088D963533A4940,POL:PPOLE:C221730,,POWER,LOC_C6222628,IPL,,0,,,REGNSK,m,,,REGNSK04,SASKPOWER,,,,,BN,,,,,AE
STRUCTURE_REG16/27845,01010000003844349EAE2B5AC0989784F7943A4940,POL:PPOLE:C221399,,POWER,LOC_C6222320,IPL,,0,,,REGNSK,m,,,REGNSK04,SASKPOWER,,,,,BN,,,,,AE
STRUCTURE_REG16/27846,01010000004C3895EE892B5AC0B0A8976B533A4940,POL:PPOLE:C221645,,POWER,LOC_C6222545,IPL,,0,,,REGNSK,m,,,REGNSK04,SASKPOWER,,,,,,,,,,AE
STRUCTURE_REG16/27869,010100000080F36DB7A02B5AC098EE036A533A4940,POL:PPOLE:C221634,,POWER,LOC_C6222533,IPL,,0,,,REGNSK,m,,,REGNSK04,SASKPOWER,,,,,BN,,,,,AE
STRUCTURE_REG16/27870,0101000000D4FA162EEF2B5AC068D0E949FE3A4940,POL:PPOLE:C196065,,POWER,LOC_C6197347,IPL,,0,,,REGNSK,m,,,REGNSK04,SASKPOWER,,,,,BN,,,,,AE
STRUCTURE_REG16/27872,01010000004075F92AC72B5AC0184CF84FFE3A4940,POL:PPOLE:C196156,,POWER,LOC_C6197435,IPL,,0,,,REGNSK,m,,,REGNSK04,SASKPOWER,,,,,BN,,,,,AE
STRUCTURE_REG16/27882,0101000000B0BDF5E5B52B5AC048BC6DFAC13A4940,POL:PPOLE:C221374,,POWER,LOC_C6222298,IPL,,0,,,REGNSK,m,,,REGNSK04,SASKPOWER,,,,,,,,,,AE
STRUCTURE_REG16/27883,0101000000AC4E666DC72B5AC020B256F4943A4940,POL:PPOLE:C221419,,POWER,LOC_C6222342,IPL,,0,,,REGNSK,m,,,REGNSK04,SASKPOWER,,,,,BN,,,,,AE
STRUCTURE_REG16/27886,010100000098B1A79E9E2B5AC09840B63E423B4940,POL:PPOLE:C195878,,POWER,LOC_C6197166,IPL,,0,,,REGNSK,m,,,REGNSK04,SASKPOWER,,,,,,,,,,AE
STRUCTURE_REG16/27887,010100000050E8CBF1BB2B5AC030C2B3281F3C4940,POL:PPOLE:C195199,,POWER,LOC_C6196483,ABD,,0,,,REGNSK,m,,,REGNSK04,SASKPOWER,,,,,,,,,,AE
STRUCTURE_REG16/31420,0101000000305D522C2C2A5AC0780AD45DF73A4940,POL:CPOLE::13205434,,COMPANY,LOC_C6221580,IPL,,0,SPST_APOLES,10.668000000000001,REGNSK,m,5,,REGNSK04,SASKTEL,2024,,100876,,,,,0000,823720,
STRUCTURE_REG16/31423,0101000000A4A16477432A5AC030B72D973B3A4940,POL:CPOLE::13205438,,COMPANY,LOC_C6257675,IPL,,0,SPST_APOLES,10.668000000000001,REGNSK,m,5,,REGNSK04,SASKTEL,2024,,100876,,,,,0000,823720,
STRUCTURE_REG16/32695,0101000000EC609BBFCF285AC0B857F8FD523A4940,POL:PPOLE:C204239,,POWER,LOC_C6205386,IPL,,0,,,REGNSK,m,,,REGNSK01,SASKPOWER,,,,,,,,,,AE
STRUCTURE_REG16/34052,010100000020DC20379C295AC05855F4C9023B4940,POL:PPOLE:C230034,,POWER,LOC_C6230850,IPL,,0,,,REGNSK,m,,,REGNSK04,SASKPOWER,,,,,,,,,,AE
STRUCTURE_REG16/35787,01010000003842949C44295AC040CABEB4F3394940,POL:PPOLE:C217714,,POWER,LOC_C6218668,IPL,,0,,,REGNSK,m,,,REGNSK01,SASKPOWER,,,,,,,,,,AE
STRUCTURE_REG16/37081,010100000018D8E8A4702A5AC048A75DA2F33B4940,POL:PPOLE:C203472,,POWER,LOC_C6204646,IPL,,0,,,REGNSK,m,,,REGNSK04,SASKPOWER,,,,,,,,,,AE
STRUCTURE_REG16/37084,010100000078FDD46E572A5AC0A8FF36A2F33B4940,POL:PPOLE:C222070,,POWER,LOC_C6222980,IPL,,0,,,REGNSK,m,,,REGNSK04,SASKPOWER,,,,,,,,,,AE
STRUCTURE_REG16/37086,010100000074DEC1AD4D2A5AC0683191A2F33B4940,POL:PPOLE:C222085,,POWER,LOC_C6222998,IPL,,0,,,REGNSK,m,,,REGNSK04,SASKPOWER,,,,,,,,,,AE
STRUCTURE_REG16/37107,0101000000D8814055CF295AC0C066DFA0F33B4940,POL:PPOLE:C222374,,POWER,LOC_C6223274,IPL,,0,,,REGNSK,m,,,REGNSK04,SASKPOWER,,,,,,,,,,AE
STRUCTURE_REG16/37110,01010000009CE36461D6295AC060A50EA1F33B4940,POL:PPOLE:C222376,,POWER,LOC_C6223277,IPL,,0,,,REGNSK,m,,,REGNSK04,SASKPOWER,,,,,BN,,,,,AE
STRUCTURE_REG16/37148,0101000000900A9AFE7B2A5AC058C916A2F33B4940,POL:PPOLE:C203458,,POWER,LOC_C6204612,IPL,,0,,,REGNSK,m,,,REGNSK04,SASKPOWER,,,,,BN,,,,,AE
STRUCTURE_REG16/37149,0101000000F400F17B7A2A5AC058C916A2F33B4940,POL:PPOLE:C203461,,POWER,LOC_C6204617,IPL,,0,,,REGNSK,m,,,REGNSK04,SASKPOWER,,,,,,,,,,AE
STRUCTURE_REG16/37156,010100000014869D690F2A5AC0B8D0A8A2F33B4940,POL:PPOLE:C222503,,POWER,LOC_C6223415,IPL,,0,,,REGNSK,m,,,REGNSK04,SASKPOWER,,,,,,,,,,AE
STRUCTURE_REG16/37159,0101000000C88D6B41242A5AC00870C0A2F33B4940,POL:PPOLE:C222534,,POWER,LOC_C6223439,IPL,,0,,,REGNSK,m,,,REGNSK04,SASKPOWER,,,,,,,,,,AE
STRUCTURE_REG16/37163,010100000000AEE949322A5AC008D9B7A2F33B4940,POL:PPOLE:C222552,,POWER,LOC_C6223448,IPL,,0,,,REGNSK,m,,,REGNSK04,SASKPOWER,,,,,,,,,,AE
STRUCTURE_REG16/39468,0101000000B897318EFC285AC038679D8E533A4940,POL:PPOLE:C199467,,POWER,LOC_C6200690,IPL,,0,,,REGNSK,m,,,REGNSK01,SASKPOWER,,,,,,,,,,AE
STRUCTURE_REG16/40948,0101000000C46AF3FFAA2A5AC0C0E64F9A543A4940,POL:PPOLE:C223226,,POWER,LOC_C6224116,IPL,,0,,,REGNSK,m,,,REGNSK04,SASKPOWER,,,,,,,,,,AE
STRUCTURE_REG16/41523,010100000060419189FC285AC028FFBDF5503A4940,POL:PPOLE:C199483,,POWER,LOC_C6200706,IPL,,0,,,REGNSK,m,,,REGNSK01,SASKPOWER,,,,,,,,,,AE
STRUCTURE_REG16/41524,0101000000185BE6AC03295AC0B89B1F6D463A4940,POL:PPOLE:C201575,,POWER,LOC_C6202758,IPL,,0,,,REGNSK,m,,,REGNSK01,SASKPOWER,,,,,,,,,,AE
STRUCTURE_REG16/46139,01010000008C67000AB6295AC08847D06F4A3B4940,POL:CPOLE:C230124,,COMPANY,LOC_C6230940,IPL,,0,SPST_APOLES,9.114,REGNSK,m,5,,REGNSK04,SASKTEL,,20240530(plets1): ,100875,,,,,,,AE
STRUCTURE_REG16/46140,0101000000D883EAC8AC295AC038B4F9D3543A4940,POL:PPOLE:C214918,,POWER,LOC_C6215900,IPL,,0,,,REGNSK,m,,,REGNSK04,SASKPOWER,,,,,,,,,,AE
STRUCTURE_REG16/46161,01010000009C26EE09B6295AC01079306E523B4940,POL:PPOLE:C230122,,POWER,LOC_C6230938,IPL,,0,,,REGNSK,m,,,REGNSK04,SASKPOWER,,,,,,,,,,AE
STRUCTURE_REG16/55210,0101000000CC790F95DB285AC0403158627F3B4940,POL:PPOLE:C202495,,POWER,LOC_C6203678,IPL,,0,,,REGNSK,m,,,REGNSK01,SASKPOWER,,,,,,,,,,AE
STRUCTURE_REG16/59246,01010000006437BCEB8F2B5AC0289F7649733A4940,POL:PPOLE:C218753,,POWER,LOC_C6219705,IPL,,0,,,REGNSK,m,,,REGNSK04,SASKPOWER,,,,,,,,,,AE
STRUCTURE_REG16/67487,010100000004C1CC3F062B5AC050655490543A4940,POL:PPOLE:C223509,,POWER,LOC_C6224398,IPL,,0,,,REGNSK,m,,,REGNSK04,SASKPOWER,,,,,,,,,,AE
STRUCTURE_REG16/67488,0101000000C88A5DB2BC2A5AC0F8E4559B543A4940,POL:PPOLE:C223527,,POWER,LOC_C6224417,IPL,,0,,,REGNSK,m,,,REGNSK04,SASKPOWER,,,,,,,,,,AE
STRUCTURE_REG16/67490,0101000000943ED76BB82A5AC0A050C499543A4940,POL:PPOLE:C220985,,POWER,LOC_C6221919,IPL,,0,,,REGNSK,m,,,REGNSK04,SASKPOWER,,,,,BN,,,,,AE
STRUCTURE_REG16/78715,0101000000847A13A6DC295AC0A8A014ADDC3A4940,POL:PPOLE:C220419,,POWER,LOC_C6221359,IPL,,0,,,REGNSK,m,,,REGNSK04,SASKPOWER,,,,,,,,,,AE
STRUCTURE_REG16/94656,0101000000C472880E5A295AC0900228D9793B4940,POL:PPOLE:C193219,,POWER,LOC_C6194593,IPL,,0,,,REGNSK,m,,,REGNSK04,SASKPOWER,,,,,,,,,,AE
STRUCTURE_REG16/134205,01010000007C5CF562432A5AC0382EB6921B3A4940,POL:PPOLE:C201886,,POWER,LOC_C6203272,IPL,,0,,,REGNSK,m,,,REGNSK04,SASKPOWER,,,,,,,,,,AE
STRUCTURE_REG16/135336,0101000000002EA2CF82295AC088572456E1394940,POL:PPOLE:C196936,,POWER,LOC_C6202414,IPL,,0,,,REGNSK,m,,,REGNSK01,SASKPOWER,,,,,,,,,,AE
STRUCTURE_REG16/135341,0101000000D435A89D44295AC0904AEDBC023A4940,POL:PPOLE:C217723,,POWER,LOC_C6218678,IPL,,0,,,REGNSK,m,,,REGNSK01,SASKPOWER,,,,,,,,,,AE
STRUCTURE_REG16/136204,010100000080C24794DB285AC0A875D1B3803B4940,POL:PPOLE:C187470,,POWER,LOC_C6189022,IPL,,0,,,REGNSK,m,,,REGNSK01,SASKPOWER,,,,,BN,,,,,AE
STRUCTURE_REG16/136205,01010000008C3B4ACAE2285AC0985318B4803B4940,POL:PPOLE:C187472,,POWER,LOC_C6189024,IPL,,0,,,REGNSK,m,,,REGNSK01,SASKPOWER,,,,,,,,,,AE
STRUCTURE_REG16/136313,010100000020F0AD6622295AC088467834FB3A4940,POL:PPOLE:C196859,,POWER,LOC_C6198105,IPL,,0,,,REGNSK,m,,,REGNSK01,SASKPOWER,,,,,,,,,,AE
STRUCTURE_REG16/136321,010100000090A6C8C1CF285AC090AFEB215E3A4940,POL:PPOLE:C201164,,POWER,LOC_C6202352,IPL,,0,,,REGNSK,m,,,REGNSK01,SASKPOWER,,,,,,,,,,AE
STRUCTURE_REG16/136418,010100000098B2DD81BD285AC070AE4B0E513A4940,POL:PPOLE:C201409,,POWER,LOC_C6202603,IPL,,0,,,REGNSK,m,,,REGNSK01,SASKPOWER,,,,,,,,,,AE
STRUCTURE_REG16/136429,01010000003C875FD56C295AC0A099F251E1394940,POL:PPOLE:C264414,,POWER,LOC_C6264737,IPL,,0,,,REGNSK,m,,,REGNSK01,SASKPOWER,,,,,,,,,,AE
STRUCTURE_REG16/136985,010100000050D79AE0ED295AC010B458B06B3A4940,POL:PPOLE:C213216,,POWER,LOC_C6214219,IPL,,0,,,REGNSK,m,,,REGNSK04,SASKPOWER,,,,,,,,,,AE
STRUCTURE_REG16/136986,010100000008353680A6295AC060B42CA46B3A4940,POL:PPOLE:C214935,,POWER,LOC_C6215919,IPL,,0,,,REGNSK,m,,,REGNSK04,SASKPOWER,,,,,,,,,,AE
STRUCTURE_REG16/136990,0101000000241940C55F295AC048DF93AA543A4940,POL:PPOLE:C216726,,POWER,LOC_C6217695,IPL,,0,,,REGNSK,m,,,REGNSK04,SASKPOWER,,,,,,,,,,AE
STRUCTURE_REG16/136994,010100000064536CD45C295AC030837663CE3A4940,POL:PPOLE:C218137,,POWER,LOC_C6219084,IPL,,0,,,REGNSK,m,,,REGNSK04,SASKPOWER,1972,,,,,,,,,AE
STRUCTURE_REG16/137100,0101000000547F3D8C142A5AC0507FB92D093B4940,POL:PPOLE:C220496,,POWER,LOC_C6221432,IPL,,0,,,REGNSK,m,,,REGNSK04,SASKPOWER,,,,,,,,,,AE
STRUCTURE_REG16/137101,010100000024EFA9BD442A5AC0582EE0A7E23A4940,POL:PPOLE:C220733,,POWER,LOC_C6221671,IPL,,0,,,REGNSK,m,,,REGNSK04,SASKPOWER,,,,,,,,,,AE
STRUCTURE_REG16/137102,0101000000B80CDEDBFD295AC0E05B23B2AA3B4940,POL:PPOLE:C221178,,POWER,LOC_C6222103,IPL,,0,,,REGNSK,m,,,REGNSK04,SASKPOWER,,,,,,,,,,AE
STRUCTURE_REG16/137103,01010000004C2954DCFD295AC0E0EB0B585A3B4940,POL:PPOLE:C221210,,POWER,LOC_C6222137,IPL,,0,,,REGNSK,m,,,REGNSK04,SASKPOWER,,,,,,,,,,AE
STRUCTURE_REG16/137104,01010000007C8A5315092A5AC0287CE2B2AA3B4940,POL:PPOLE:C221228,,POWER,LOC_C6222155,IPL,,0,,,REGNSK,m,,,REGNSK04,SASKPOWER,,,,,BN,,,,,AE
STRUCTURE_REG16/137193,0101000000BC18886DC4295AC008B4370F1F3B4940,POL:PPOLE:C230165,,POWER,LOC_C6230979,IPL,,0,,,REGNSK,m,,,REGNSK04,SASKPOWER,,,,,,,,,,AE
STRUCTURE_REG16/138015,01010000005C2FCBD986295AC0F04359F0893A4940,POL:PPOLE:C221571,,POWER,LOC_C6222490,IPL,,0,,,REGNSK,m,,,REGNSK04,SASKPOWER,,,,,,,,,,AE
STRUCTURE_REG16/138901,0101000000AC58D3273F2A5AC0B05150A3F33B4940,POL:PPOLE:C222141,,POWER,LOC_C6223041,IPL,,0,,,REGNSK,m,,,REGNSK04,SASKPOWER,,NOT IN MARTINS DATA,,,,,,,,AE
STRUCTURE_REG16/138998,0101000000904293A3242A5AC0284B108F333A4940,POL:PPOLE:C257117,,POWER,LOC_C6257519,IPL,,0,,,REGNSK,m,,,REGNSK04,SASKPOWER,,NOT IN MARTENS,,,,,,,,AE
STRUCTURE_REG16/139678,0101000000CC8FB743002B5AC010A4D892543A4940,POL:PPOLE:C220899,,POWER,LOC_C6221834,IPL,,0,,,REGNSK,m,,,REGNSK04,SASKPOWER,,,,,,,,,,AE
STRUCTURE_REG16/140518,010100000038C2F76B432A5AC088CF23072B3A4940,POL:PPOLE:C201891,,POWER,LOC_C6203282,IPL,,0,,,REGNSK,m,,,REGNSK04,SASKPOWER,,,,,,,,,,AE
STRUCTURE_REG16/141891,0101000000AC446D0903295AC0B88C076D4F3B4940,POL:PPOLE:C196999,,POWER,LOC_C6198236,IPL,,0,,,REGNSK,m,,,REGNSK01,SASKPOWER,,,,,,,,,,AE
STRUCTURE_REG16/141895,0101000000186B47BDFC285AC04895C1BB163B4940,POL:PPOLE:C197317,,POWER,LOC_C6198557,IPL,,0,,,REGNSK,m,,,REGNSK01,SASKPOWER,,,,,,,,,,AE
STRUCTURE_REG16/141959,01010000002075D8D0CF285AC080C31ABA9B3A4940,POL:PPOLE:C201109,,POWER,LOC_C6202299,IPL,,0,,,REGNSK,m,,,REGNSK01,SASKPOWER,,,,,,,,,,AE
STRUCTURE_REG16/142091,010100000000ED991B6F295AC0B86E5AC89A3B4940,POL:PPOLE:C191990,,POWER,LOC_C6193375,IPL,,0,,,REGNSK,m,,,REGNSK04,SASKPOWER,,,,,,,,,,AE
STRUCTURE_REG16/142093,0101000000B0287D050F2B5AC0A8BF5B160F3B4940,POL:PPOLE:C197948,,POWER,LOC_C6199173,IPL,,0,,,REGNSK,m,,,REGNSK04,SASKPOWER,,,,,,,,,,AE
STRUCTURE_REG16/142095,01010000004C39EADE86295AC0D071609F643A4940,POL:PPOLE:C214953,,POWER,LOC_C6215936,IPL,,0,,,REGNSK,m,,,REGNSK04,SASKPOWER,,,,,,,,,,AE
STRUCTURE_REG16/142096,010100000020732DA68E295AC070C0AE936B3A4940,POL:PPOLE:C214960,,POWER,LOC_C6215943,IPL,,0,,,REGNSK,m,,,REGNSK04,SASKPOWER,,,,,,,,,,AE
STRUCTURE_REG16/142155,010100000050D4D125E72A5AC050C2B62C7C3A4940,POL:PPOLE:C220315,,POWER,LOC_C6221253,IPL,,0,,,REGNSK,m,,,REGNSK04,SASKPOWER,,,,,,,,,,AE
STRUCTURE_REG16/142157,010100000064D087694A2A5AC050457017B23B4940,POL:PPOLE:C220994,,POWER,LOC_C6221927,IPL,,0,,,REGNSK,m,,,REGNSK04,SASKPOWER,,,,,BN,,,,,AE
STRUCTURE_REG16/142158,0101000000B84DFA73D82B5AC040AA0874BC3A4940,POL:PPOLE:C221545,,POWER,LOC_C6222464,IPL,,0,,,REGNSK,m,,,REGNSK04,SASKPOWER,,,,,,,,,,AE
STRUCTURE_REG16/142574,01010000002400D615592A5AC01020B2D1C43B4940,POL:PPOLE:C220989,,POWER,LOC_C6221922,IPL,,0,,,REGNSK,m,,,REGNSK04,SASKPOWER,,,,,,,,,,AE
STRUCTURE_REG16/142580,010100000048C155C9602A5AC08820762FC23B4940,POL:PPOLE:C221060,,POWER,LOC_C6221995,IPL,,0,,,REGNSK,m,,,REGNSK04,SASKPOWER,,,,,,,,,,AE
STRUCTURE_REG16/148530,01010000008821F2C32C2A5AC070894088333A4940,POL:PPOLE:C277301,,POWER,LOC_C6277513,IPL,,0,,,REGNSK,m,,,REGNSK04,SASKPOWER,,NOT IN MARTENS,,,,,,,,AE
STRUCTURE_REG16/149728,01010000008CCE2963442A5AC0A8547082333A4940,POL:PPOLE:C277282,,POWER,LOC_C6277494,IPL,,0,,,REGNSK,m,,,REGNSK04,SASKPOWER,,NOT IN MARTENS,,,,,,,,AE
STRUCTURE_REG16/166061,0101000000DCFB4EA5FC285AC0B0D833ACAB3A4940,POL:PPOLE:C201049,,POWER,LOC_C6202236,IPL,,0,,,REGNSK,m,,,REGNSK01,SASKPOWER,,,,,,,,,,AE
STRUCTURE_REG16/166065,01010000006C5949214C295AC0B8CE964BE1394940,POL:PPOLE:C264370,,POWER,LOC_C6264694,IPL,,0,,,REGNSK,m,,,REGNSK01,SASKPOWER,,,,,,,,,,AE
STRUCTURE_REG16/166153,0101000000241F3E8D142A5AC0F8BAC64D9E3A4940,POL:PPOLE:C213507,,POWER,LOC_C6214512,IPL,,0,,,REGNSK,m,,,REGNSK04,SASKPOWER,,,,,,,,,,AE
STRUCTURE_REG16/166156,0101000000F0B7F3B3E72A5AC0A053B51C693A4940,POL:PPOLE:C220724,,POWER,LOC_C6221664,IPL,,0,,,REGNSK,m,,,REGNSK04,SASKPOWER,,,,,BN,,,,,AE
STRUCTURE_REG16/166157,0101000000D4CBCE26102A5AC0B05EEFB2AA3B4940,POL:PPOLE:C221230,,POWER,LOC_C6222157,IPL,,0,,,REGNSK,m,,,REGNSK04,SASKPOWER,,,,,,,,,,AE
STRUCTURE_REG16/166924,01010000003C9C3113BF295AC078726289333B4940,POL:CPOLE:C229905,,COMPANY,LOC_C6230727,IPL,,0,SPST_APOLES,9.114,REGNSK,m,5,,REGNSK04,SASKTEL,,20240530(plets1): ,100875,,,,,,,AE
STRUCTURE_REG16/167403,0101000000C8D07420322B5AC0903B79B9113C4940,POL:CPOLE:C214393,,COMPANY,LOC_C6215387,IPL,,0,SPST_APOLES,9.114,REGNSK,m,5,,REGNSK04,SASKTEL,,"20240530(plets1): Pole removed, converted to underground ",100875,,,,,,,AE
STRUCTURE_REG16/167680,0101000000B48344EC09295AC0C84B112FFB3A4940,POL:CPOLE:C196837,,COMPANY,LOC_C6198083,IPL,,0,SPST_APOLES,9.114,REGNSK,m,5,,REGNSK01,SASKTEL,,20240530(plets1): ,100875,,,,,,,AE
STRUCTURE_REG16/168621,0101000000B4EAFBEF2F2B5AC0901329B1113C4940,POL:CPOLE:C214405,,COMPANY,LOC_C6215390,IPL,,0,SPST_APOLES,9.114,REGNSK,m,5,,REGNSK04,SASKTEL,,"20240530(plets1): Pole removed, converted to underground ",100875,,,,,,,AE
STRUCTURE_REG16/186566,010100000050C8D595DD285AC0C03AA327113B4940,POL:PPOLE::7275540,,POWER,LOC_7149677,IPL,,0,,0.0,REGNSK,m,,,REGNSK01,SASKPOWER,2013,,,,,,,,0,AE
STRUCTURE_REG16/187268,0101000000608117CCCB295AC0505B26A75C3B4940,POL:PPOLE::8383530,,POWER,LOC_C6230504,IPL,,0,,0.0,REGNSK,m,,,REGNSK04,SASKPOWER,2015,,,,,,,,,AE
STRUCTURE_REG16/188593,01010000007C5A812BBD285AC018142428113B4940,POL:PPOLE::7275536,,POWER,LOC_7149673,IPL,,0,,0.0,REGNSK,m,,,REGNSK01,SASKPOWER,2013,,,,,,,,0,AE
STRUCTURE_REG16/191135,0101000000C0145F9929295AC0D8CD5D699E3A4940,POL:PPOLE::8372028,,POWER,LOC_C6198785,IPL,,0,,0.0,REGNSK,m,,,REGNSK01,SASKPOWER,2015,,,,,,,0010,979826,AE
STRUCTURE_REG16/191973,010100000024A8D9EACF285AC058ED3DD6F83A4940,POL:PPOLE::8363711,,POWER,LOC_8204763,IPL,,0,,0.0,REGNSK,m,,,REGNSK01,SASKPOWER,2015,,,,,,,0010,979688,AE
STRUCTURE_REG16/194945,0101000000C82E85F801295AC058FCF1F4503A4940,POL:PPOLE::10422938,,POWER,LOC_C6200710,IPL,,0,,0.0,REGNSK,m,,,REGNSK01,SASKPOWER,,,,,,,,,,AE
STRUCTURE_REG16/197680,01010000002CD94877EF285AC0080741D5953B4940,POL:PPOLE::7397950,,POWER,LOC_7311256,IPL,,0,,0.0,,m,,,REGNSK01,SASKPOWER,,,,,,,,0010,971428,AE
STRUCTURE_REG16/197700,0101000000506CE63FED285AC060A12230113B4940,POL:PPOLE::7275541,,POWER,LOC_7149678,IPL,,0,,0.0,REGNSK,m,,,REGNSK01,SASKPOWER,2013,,,,,,,,0,AE
STRUCTURE_REG16/198728,0101000000B8D86F7EE7285AC0B8B0E8EFC83A4940,POL:PPOLE:C194954,,POWER,LOC_C6196242,IPL,,0,,,REGNSK,m,,,REGNSK01,SASKPOWER,,,,,,,,,,AE
STRUCTURE_REG16/198889,0101000000A882F5D886295AC0B0589FEC923A4940,POL:PPOLE:C221574,,POWER,LOC_C6222495,IPL,,0,,,REGNSK,m,,,REGNSK04,SASKPOWER,,,,,BN,,,,,AE
STRUCTURE_REG16/199102,0101000000E86CF1BE442A5AC080119BFFBF3A4940,POL:PPOLE:C220873,,POWER,LOC_C6221807,IPL,,0,,,REGNSK,m,,,REGNSK04,SASKPOWER,,,,,,,,,,AE
STRUCTURE_REG16/199596,010100000088FAE8CA432A5AC0F8588CEA8F3A4940,POL:PPOLE:C214361,,POWER,LOC_C6215353,IPL,,0,,,REGNSK,m,,,REGNSK04,SASKPOWER,,,,,BN,,,,,AE
STRUCTURE_REG16/199769,0101000000F4D1D4AB1B295AC0789062E3AE3A4940,POL:PPOLE:C201023,,POWER,LOC_C6202212,IPL,,0,,,REGNSK,m,,,REGNSK01,SASKPOWER,,,,,,,,,,AE
STRUCTURE_REG16/199791,01010000000CB0E296E7285AC058D9EEC02E3B4940,POL:PPOLE:C194879,,POWER,LOC_C6196177,IPL,,0,,,REGNSK,m,,,REGNSK01,SASKPOWER,,FDE  E8,,,,,,,,AE
STRUCTURE_REG16/199802,010100000044E9415D9E295AC0502503ADF13B4940,POL:PPOLE:C227431,,POWER,LOC_C6228278,IPL,,0,,,REGNSK,m,,,REGNSK04,SASKPOWER,,,,,,,,,,AE
STRUCTURE_REG16/199837,01010000005C7AD0F3D4295AC0F8ACBBB1543A4940,POL:PPOLE:C213103,,POWER,LOC_C6214113,IPL,,0,,,REGNSK,m,,,REGNSK04,SASKPOWER,,,,,,,,,,AE
STRUCTURE_REG16/199838,0101000000FC8E6433802B5AC0A8F278F29A3A4940,POL:PPOLE:C213116,,POWER,LOC_C6214121,IPL,,0,,,REGNSK,m,,,REGNSK04,SASKPOWER,,,,,,,,,,AE
STRUCTURE_REG16/199845,01010000005400E9214E2A5AC0787DA4FDD93B4940,POL:PPOLE:C221047,,POWER,LOC_C6221979,IPL,,0,,,REGNSK,m,,,REGNSK04,SASKPOWER,,,,,,,,,,AE
STRUCTURE_REG16/199851,010100000034876BB5E72A5AC0D057DD18723A4940,POL:PPOLE:C220714,,POWER,LOC_C6221659,IPL,,0,,,REGNSK,m,,,REGNSK04,SASKPOWER,,,,,,,,,,AE
STRUCTURE_REG16/199852,0101000000205275BD442A5AC080A1B026F73A4940,POL:PPOLE:C220717,,POWER,LOC_C6221655,IPL,,0,,,REGNSK,m,,,REGNSK04,SASKPOWER,,,,,,,,,,AE
STRUCTURE_REG16/199854,01010000008C88EC2D2C2A5AC0D03BE0EA9B3B4940,POL:PPOLE:C221131,,POWER,LOC_C6222060,IPL,,0,,,REGNSK,m,,,REGNSK04,SASKPOWER,,,,,,,,,,AE
STRUCTURE_REG16/199857,0101000000C4E0B22197295AC0F88DC7900C3C4940,POL:PPOLE:C224318,,POWER,LOC_C6225198,IPL,,0,,,REGNSK,m,,,REGNSK04,SASKPOWER,,,,,,,,,,AE
STRUCTURE_REG16/199862,0101000000CC8D7C6D3C2A5AC0F0AC909E543A4940,POL:PPOLE:C214333,,POWER,LOC_C6215319,IPL,,0,,,REGNSK,m,,,REGNSK04,SASKPOWER,,,,,,,,,,AE
STRUCTURE_REG16/199874,0101000000D090545370295AC0D0D901F8E33A4940,POL:PPOLE:C218075,,POWER,LOC_C6219023,IPL,,0,,,REGNSK,m,,,REGNSK04,SASKPOWER,1972,,,,,,,,,AE
STRUCTURE_REG16/199877,010100000018EFECFD162B5AC0E8ECD230833A4940,POL:PPOLE:C218230,,POWER,LOC_C6219177,IPL,,0,,,REGNSK,m,,,REGNSK04,SASKPOWER,,,,,BN,,,,,AE
STRUCTURE_REG16/199880,0101000000F863A6292C2A5AC0280A3E84733B4940,POL:PPOLE:C223184,,POWER,LOC_C6224074,IPL,,0,,,REGNSK,m,,,REGNSK04,SASKPOWER,,,,,,,,,,AE
STRUCTURE_REG16/199884,01010000002C3C55DCFD295AC02085C23F633B4940,POL:PPOLE:C221208,,POWER,LOC_C6222136,IPL,,0,,,REGNSK,m,,,REGNSK04,SASKPOWER,,,,,BN,,,,,AE
STRUCTURE_REG16/199893,01010000003878797C732A5AC0F041E870923B4940,POL:PPOLE:C193880,,POWER,LOC_C6195195,IPL,,0,,,REGNSK,m,,,REGNSK04,SASKPOWER,,NOT IN MARTENS,,,,,,,,AE
STRUCTURE_REG16/199896,010100000028CC4D649E295AC0704F42497E3B4940,POL:PPOLE:C220568,,POWER,LOC_C6221508,IPL,,0,,,REGNSK,m,,,REGNSK04,SASKPOWER,,,,,,,,,,AE
STRUCTURE_REG16/199897,0101000000E015F53A43295AC040103293DF3B4940,POL:PPOLE:C192281,,POWER,LOC_C6193669,IPL,,0,,,REGNSK,m,,,REGNSK04,SASKPOWER,,,,,,,,,,AE
STRUCTURE_REG16/199908,010100000088DA9346002B5AC0B06A3218603A4940,POL:PPOLE:C220896,,POWER,LOC_C6221830,IPL,,0,,,REGNSK,m,,,REGNSK04,SASKPOWER,,,,,BN,,,,,AE
STRUCTURE_REG16/199919,01010000000C74B561892A5AC0A027574B163B4940,POL:PPOLE:C200770,,POWER,LOC_C6201962,IPL,,0,,,REGNSK,m,,,REGNSK04,SASKPOWER,,,,,,,,,,AE
STRUCTURE_REG16/199921,01010000009CE8C462D72A5AC030B15797543A4940,POL:PPOLE:C223522,,POWER,LOC_C6224413,IPL,,0,,,REGNSK,m,,,REGNSK04,SASKPOWER,,,,,,,,,,AE
STRUCTURE_REG16/199922,0101000000B8AB0D04B7295AC0C0B1FA9FD33A4940,POL:PPOLE:C224380,,POWER,LOC_C6225259,IPL,,0,,,REGNSK,m,,,REGNSK04,SASKPOWER,,,,,,,,,,AE
STRUCTURE_REG16/199923,010100000070F23E689F295AC018844AADCE3A4940,POL:PPOLE:C224471,,POWER,LOC_C6225352,IPL,,0,,,REGNSK,m,,,REGNSK04,SASKPOWER,,,,,,,,,,AE
STRUCTURE_REG16/199948,0101000000DCE0BF04442A5AC0A8D6DAECA93B4940,POL:PPOLE:C220998,,POWER,LOC_C6221934,IPL,,0,,,REGNSK,m,,,REGNSK04,SASKPOWER,,,,,,,,,,AE
STRUCTURE_REG16/199950,01010000004879D54C9C295AC0108A1CAB1F3B4940,POL:PPOLE:C230049,,POWER,LOC_C6230866,IPL,,0,,,REGNSK,m,,,REGNSK04,SASKPOWER,,,,,,,,,,AE
STRUCTURE_REG16/199951,0101000000D02DED34AF295AC070524D8D333B4940,POL:PPOLE:C230084,,POWER,LOC_C6230900,IPL,,0,,,REGNSK,m,,,REGNSK04,SASKPOWER,,,,,BN,,,,,AE
STRUCTURE_REG16/199952,0101000000B8583FA0CD295AC0282011B3543A4940,POL:PPOLE:C212963,,POWER,LOC_C6213966,IPL,,0,,,REGNSK,m,,,REGNSK04,SASKPOWER,,,,,,,,,,AE
STRUCTURE_REG16/199953,0101000000C48D4EA2CD295AC0D8CED4B16B3A4940,POL:PPOLE:C212976,,POWER,LOC_C6213980,IPL,,0,,,REGNSK,m,,,REGNSK04,SASKPOWER,,,,,,,,,,AE
STRUCTURE_REG16/199969,010100000010DA9DAE61295AC060AB2EC1983B4940,POL:PPOLE:C193300,,POWER,LOC_C6194638,IPL,,0,,,REGNSK,m,,,REGNSK04,SASKPOWER,,,,,,,,,,AE
STRUCTURE_REG16/201019,0101000000A4C6236F5B2A5AC02068583BB33A4940,POL:PPOLE:C226647,,POWER,LOC_C6227510,IPL,,0,,,REGNSK,m,,,REGNSK04,SASKPOWER,,,,,,,,,,AE
STRUCTURE_REG16/201178,010100000054678A40822A5AC06846BF50DC3A4940,POL:PPOLE:C200729,,POWER,LOC_C6201920,IPL,,0,,,REGNSK,m,,,REGNSK04,SASKPOWER,,,,,,,,,,AE
STRUCTURE_REG16/201543,0101000000604EA5A6EA2B5AC020A9DAB5173B4940,POL:PPOLE:C196308,,POWER,LOC_C6197579,IPL,,0,,,REGNSK,m,,,REGNSK04,SASKPOWER,,,,,,,,,,AE
STRUCTURE_REG16/201544,01010000004C8253F9E02B5AC058181CA46E3A4940,POL:PPOLE:C219022,,POWER,LOC_C6219980,IPL,,0,,,REGNSK,m,,,REGNSK04,SASKPOWER,,,,,BN,,,,,AE
STRUCTURE_REG16/201562,0101000000C48204BDBE2B5AC040C54CD0D63A4940,POL:PPOLE:C196365,,POWER,LOC_C6197634,IPL,,0,,,REGNSK,m,,,REGNSK04,SASKPOWER,,,,,,,,,,AE
STRUCTURE_REG16/202371,010100000040C8AEF1CF285AC0606B7CB4253B4940,POL:PPOLE:C195126,,POWER,LOC_C6196419,IPL,,0,,,REGNSK,m,,,REGNSK01,SASKPOWER,,,,,,,,,,AE
STRUCTURE_REG16/212349,0101000000A8563D98C8295AC02872CBF8CB394940,POL:PPOLE:C192659,,POWER,LOC_C6194038,IPL,,0,,,REGNSK,m,,,REGNSK01,SASKPOWER,,,,,BN,,,,,AE
STRUCTURE_REG16/212361,01010000000818EAD110295AC0687EF95A933A4940,POL:PPOLE:C197366,,POWER,LOC_C6198612,IPL,,0,,,REGNSK,m,,,REGNSK01,SASKPOWER,,,,,BN,,,,,AE
STRUCTURE_REG16/212420,0101000000A085FE1B912A5AC0706212120F3B4940,POL:PPOLE:C200785,,POWER,LOC_C6201977,IPL,,0,,,REGNSK,m,,,REGNSK04,SASKPOWER,,,,,,,,,,AE
STRUCTURE_REG16/212435,0101000000BCEDFD9E1C2A5AC028613C76DC3A4940,POL:PPOLE:C220502,,POWER,LOC_C6221441,IPL,,0,,,REGNSK,m,,,REGNSK04,SASKPOWER,,,,,,,,,,AE
STRUCTURE_REG16/212441,0101000000348380FBC82A5AC08846BB9A543A4940,POL:PPOLE:C223524,,POWER,LOC_C6224414,IPL,,0,,,REGNSK,m,,,REGNSK04,SASKPOWER,,,,,,,,,,AE
STRUCTURE_REG16/212934,0101000000288B3484522A5AC0B09592B0323B4940,POL:PPOLE:C220698,,POWER,LOC_C6221638,IPL,,0,,,REGNSK,m,,,REGNSK04,SASKPOWER,,,,,,,,,,AE
STRUCTURE_REG16/215325,0101000000C4A1C5ECA12A5AC0A0A1F9B5183B4940,POL:PPOLE:C200502,,POWER,LOC_C6201695,IPL,,0,,,REGNSK,m,,,REGNSK04,SASKPOWER,,,,,,,,,,AE
STRUCTURE_REG16/215459,0101000000B83E6C1CA32A5AC06040A5A0543A4940,POL:CPOLE:C221078,,COMPANY,LOC_C6222010,IPL,,0,SPST_APOLES,9.114,REGNSK,m,5,,REGNSK04,SASKTEL,,20240530(plets1): ,100875,,,,,,,AE
STRUCTURE_REG16/215498,010100000068B2D2E6D0285AC068E8185D0C3A4940,POL:CPOLE:C265398,,COMPANY,LOC_C6265711,IPL,,0,SPST_APOLES,9.114,REGNSK,m,5,,REGNSK01,SASKTEL,,20240530(plets1): Pole is removed ,100875,,,,,,,AE
STRUCTURE_REG16/218579,0101000000D0E2E261E7285AC068F2DB175D3A4940,POL:PPOLE:C199750,,POWER,LOC_C6200970,IPL,,0,,,REGNSK,m,,,REGNSK01,SASKPOWER,,,,,,,,,,AE
STRUCTURE_REG16/218585,0101000000DC1AD371E7285AC0882AC1248D3A4940,POL:PPOLE:C199716,,POWER,LOC_C6200938,IPL,,0,,,REGNSK,m,,,REGNSK01,SASKPOWER,,,,,,,,,,AE
STRUCTURE_REG16/218586,01010000009CD18ECFCF285AC0185BF7B2943A4940,POL:PPOLE:C201110,,POWER,LOC_C6202300,IPL,,0,,,REGNSK,m,,,REGNSK01,SASKPOWER,,,,,,,,,,AE
STRUCTURE_REG16/218816,0101000000C4ED954E6B2A5AC0109FDA044B3C4940,POL:PPOLE:C203365,,POWER,LOC_C6204523,IPL,,0,,,REGNSK,m,,,REGNSK04,SASKPOWER,,,,,,,,,,AE
STRUCTURE_REG16/218963,01010000009C9E37489A295AC070617703CA394940,POL:PPOLE:C192592,,POWER,LOC_C6193973,IPL,,0,,,REGNSK,m,,,REGNSK01,SASKPOWER,,,,,BN,,,,,AE
STRUCTURE_REG16/219350,0101000000F8267602542A5AC088CAD8A0543A4940,POL:PPOLE:C214446,,POWER,LOC_C6215432,IPL,,0,,,REGNSK,m,,,REGNSK04,SASKPOWER,,,,,,,,,,AE
STRUCTURE_REG16/219452,0101000000E82F45D010295AC018604162873A4940,POL:PPOLE:C197447,,POWER,LOC_C6198690,IPL,,0,,,REGNSK,m,,,REGNSK01,SASKPOWER,,,,,,,,,,AE
STRUCTURE_REG16/219457,010100000094FE7C60892A5AC0A0EC7896D73A4940,POL:PPOLE:C200727,,POWER,LOC_C6201918,IPL,,0,,,REGNSK,m,,,REGNSK04,SASKPOWER,,,,,,,,,,AE
STRUCTURE_REG16/219458,01010000001C6A7806CF285AC088B7098F673B4940,POL:PPOLE:C188489,,POWER,LOC_C6189994,IPL,,0,,,REGNSK,m,,,REGNSK01,SASKPOWER,,,,,,,,,,AE
STRUCTURE_REG16/219459,01010000009842820AD0285AC0B0E076BCD73B4940,POL:PPOLE:C188506,,POWER,LOC_C6190009,IPL,,0,,,REGNSK,m,,,REGNSK01,SASKPOWER,,,,,,,,,,AE
STRUCTURE_REG16/219463,0101000000B8BFC86B28295AC0A8C43D4F693A4940,POL:PPOLE:C199106,,POWER,LOC_C6200333,IPL,,0,,,REGNSK,m,,,REGNSK01,SASKPOWER,,,,,,,,,,AE
STRUCTURE_REG16/219480,0101000000CC94F7EDFB285AC008FC591AE23B4940,POL:PPOLE:C186965,,POWER,LOC_C6188552,IPL,,0,,,REGNSK,m,,,REGNSK01,SASKPOWER,,,,,,,,,,AE
STRUCTURE_REG16/219483,010100000050E810C6FC285AC0E816291D373B4940,POL:PPOLE:C197349,,POWER,LOC_C6198592,IPL,,0,,,REGNSK,m,,,REGNSK01,SASKPOWER,,,,,,,,,,AE
STRUCTURE_REG16/219496,0101000000C466F863DB285AC0E020100B5C3B4940,POL:PPOLE:C188899,,POWER,LOC_C6190383,IPL,,0,,,REGNSK,m,,,REGNSK01,SASKPOWER,,,,,,,,,,AE
STRUCTURE_REG16/219523,0101000000BC92FF570A295AC07880937FC33A4940,POL:PPOLE:C196697,,POWER,LOC_C6197942,IPL,,0,,,REGNSK,m,,,REGNSK01,SASKPOWER,,,,,,,,,,AE
STRUCTURE_REG16/219529,0101000000B0F7F87028295AC068897430BC3A4940,POL:PPOLE:C200989,,POWER,LOC_C6202178,IPL,,0,,,REGNSK,m,,,REGNSK01,SASKPOWER,,,,,,,,,,AE
STRUCTURE_REG16/219534,01010000002432619EEF285AC050F5F6179C3B4940,POL:PPOLE:C187318,,POWER,LOC_C6188882,IPL,,0,,,REGNSK,m,,,REGNSK01,SASKPOWER,,,,,,,,,,AE
STRUCTURE_REG16/219550,01010000009CAA7D659E295AC0A043F499633B4940,POL:PPOLE:C220594,,POWER,LOC_C6221535,IPL,,0,,,REGNSK,m,,,REGNSK04,SASKPOWER,,,,,,,,,,AE
STRUCTURE_REG16/219580,01010000006C09AC5B9E295AC0506B8348033C4940,POL:PPOLE:C227421,,POWER,LOC_C6228269,IPL,,0,,,REGNSK,m,,,REGNSK04,SASKPOWER,,,,,,,,,,AE
STRUCTURE_REG16/219583,01010000001421D2F558295AC0F045A961583C4940,POL:PPOLE:C192105,,POWER,LOC_C6193489,IPL,,0,,,REGNSK,m,,,REGNSK04,SASKPOWER,,,,,,,,,,AE
STRUCTURE_REG16/219586,01010000004011B899FD2A5AC0606D7C287C3A4940,POL:PPOLE:C220320,,POWER,LOC_C6221259,IPL,,0,,,REGNSK,m,,,REGNSK04,SASKPOWER,,,,,,,,,,AE
STRUCTURE_REG16/219590,01010000001C574E3B6F295AC04006D604603A4940,POL:PPOLE:C216709,,POWER,LOC_C6217678,IPL,,0,,,REGNSK,m,,,REGNSK04,SASKPOWER,,,,,,,,,,AE
STRUCTURE_REG16/219591,010100000044A25BA557295AC008C24AAF543A4940,POL:PPOLE:C216729,,POWER,LOC_C6217697,IPL,,0,,,REGNSK,m,,,REGNSK04,SASKPOWER,,,,,BN,,,,,AE
STRUCTURE_REG16/219596,0101000000543D081D4E2A5AC0A021C0AF323B4940,POL:PPOLE:C220696,,POWER,LOC_C6221636,IPL,,0,,,REGNSK,m,,,REGNSK04,SASKPOWER,,,,,,,,,,AE
STRUCTURE_REG16/219597,0101000000D0945D63A92A5AC038DFEF87873A4940,POL:PPOLE:C221104,,POWER,LOC_C6222035,IPL,,0,,,REGNSK,m,,,REGNSK04,SASKPOWER,,,,,,,,,,AE
STRUCTURE_REG16/219602,010100000000C55DF7B5295AC0D8DCB7184B3C4940,POL:PPOLE:C231060,,POWER,LOC_C6231867,IPL,,0,,,REGNSK,m,,,REGNSK04,SASKPOWER,,,,,,,,,,AE
STRUCTURE_REG16/219607,0101000000C8541F1AE6295AC04833C4BB603A4940,POL:PPOLE:C213204,,POWER,LOC_C6214211,IPL,,0,,,REGNSK,m,,,REGNSK04,SASKPOWER,,,,,BN,,,,,AE
STRUCTURE_REG16/219609,0101000000207BE20B63295AC0F0A313A9333B4940,POL:PPOLE:C215491,,POWER,LOC_C6216475,IPL,,0,,,REGNSK,m,,,REGNSK04,SASKPOWER,2002,,,,,,,,,AE
STRUCTURE_REG16/219615,01010000002CE6BE0775295AC088881B8AD73A4940,POL:PPOLE:C218067,,POWER,LOC_C6219014,IPL,,0,,,REGNSK,m,,,REGNSK04,SASKPOWER,1972,,,,,,,,,AE
STRUCTURE_REG16/219622,0101000000D42C9FFE162B5AC0183C5523933A4940,POL:PPOLE:C218226,,POWER,LOC_C6219174,IPL,,0,,,REGNSK,m,,,REGNSK04,SASKPOWER,,,,,,,,,,AE
STRUCTURE_REG16/219623,01010000002CE8205C3F2B5AC040BCCA217C3A4940,POL:PPOLE:C218250,,POWER,LOC_C6219196,IPL,,0,,,REGNSK,m,,,REGNSK04,SASKPOWER,,,,,,,,,,AE
STRUCTURE_REG16/219625,01010000002C8AC33E462B5AC0303F02AF713A4940,POL:PPOLE:C218317,,POWER,LOC_C6219266,IPL,,0,,,REGNSK,m,,,REGNSK04,SASKPOWER,,,,,,,,,,AE
STRUCTURE_REG16/219636,010100000088196D97CE295AC0402613368A3A4940,POL:PPOLE:C214656,,POWER,LOC_C6215638,IPL,,0,,,REGNSK,m,,,REGNSK04,SASKPOWER,,,,,,,,,,AE
STRUCTURE_REG16/219642,0101000000648A33983C295AC08010FFA6333B4940,POL:PPOLE:C215972,,POWER,LOC_C6216951,IPL,,0,,,REGNSK,m,,,REGNSK04,SASKPOWER,2002,,,,,,,,,AE
STRUCTURE_REG16/219660,0101000000BC8BB20FF62A5AC0D8027291543A4940,POL:PPOLE:C223513,,POWER,LOC_C6224405,IPL,,0,,,REGNSK,m,,,REGNSK04,SASKPOWER,,,,,,,,,,AE
STRUCTURE_REG16/219674,010100000030D7376AC4295AC0989AB84D5F3A4940,POL:PPOLE:C220149,,POWER,LOC_C6221093,IPL,,0,,,REGNSK,m,,,REGNSK04,SASKPOWER,,,,,,,,,,AE
STRUCTURE_REG16/219677,0101000000C8F962EF452A5AC0689ECF5FAC3B4940,POL:PPOLE:C220997,,POWER,LOC_C6221929,IPL,,0,,,REGNSK,m,,,REGNSK04,SASKPOWER,,,,,,,,,,AE
STRUCTURE_REG16/219679,0101000000D84CAEF7B5295AC0D08422874F3C4940,POL:PPOLE:C224518,,POWER,LOC_C6225399,IPL,,0,,,REGNSK,m,,,REGNSK04,SASKPOWER,,,,,,,,,,AE
STRUCTURE_REG16/219698,0101000000AC90A34D76295AC008F99CD2793B4940,POL:PPOLE:C192469,,POWER,LOC_C6196540,IPL,,0,,,REGNSK,m,,,REGNSK04,SASKPOWER,,,,,,,,,,AE
STRUCTURE_REG16/219699,010100000090422607B6295AC000B0017E7E3B4940,POL:PPOLE:C218545,,POWER,LOC_C6219499,IPL,,0,,,REGNSK,m,,,REGNSK04,SASKPOWER,,,,,,,,,,AE
STRUCTURE_REG16/219703,01010000006C8A04A9CD295AC06835DD85823B4940,POL:PPOLE:C223622,,POWER,LOC_C6224516,IPL,,0,,,REGNSK,m,,,REGNSK04,SASKPOWER,,,,,,,,,,AE
STRUCTURE_REG16/219708,01010000003C9173D7BC295AC0704BB4B6793B4940,POL:PPOLE:C225932,,POWER,LOC_C6226803,IPL,,0,,,REGNSK,m,,,REGNSK04,SASKPOWER,,,,,,,,,,AE
STRUCTURE_REG16/219709,0101000000B4C9FC313A295AC080A7CA43DB3B4940,POL:PPOLE:C192312,,POWER,LOC_C6193702,IPL,,0,,,REGNSK,m,,,REGNSK04,SASKPOWER,,,,,,,,,,AE
STRUCTURE_REG16/219710,0101000000B84F261F6F295AC0F0FA6A53643B4940,POL:PPOLE:C194082,,POWER,LOC_C6195383,IPL,,0,,,REGNSK,m,,,REGNSK04,SASKPOWER,,,,,,,,,,AE
STRUCTURE_REG16/219756,0101000000986A544A092B5AC0F00C7B90543A4940,POL:PPOLE:C223506,,POWER,LOC_C6224395,IPL,,0,,,REGNSK,m,,,REGNSK04,SASKPOWER,,,,,,,,,,AE
STRUCTURE_REG16/219839,0101000000B0BADA2C2C2A5AC0A8E1AC0CD33A4940,POL:PPOLE:C220751,,POWER,LOC_C6221691,IPL,,0,,,REGNSK,m,,,REGNSK04,SASKPOWER,,,,,,,,,,AE
STRUCTURE_REG16/220317,0101000000907941CA432A5AC080E8E1227C3A4940,POL:PPOLE:C214355,,POWER,LOC_C6215339,IPL,,0,,,REGNSK,m,,,REGNSK04,SASKPOWER,,,,,,,,,,AE
STRUCTURE_REG16/220610,01010000007404D025252A5AC0801703AC543A4940,POL:PPOLE:C213603,,POWER,LOC_C6214610,IPL,,0,,,REGNSK,m,,,REGNSK04,SASKPOWER,,,,,,,,,,AE
STRUCTURE_REG16/220826,01010000002CEA1CCEBF2B5AC0A0D7BE3E423B4940,POL:PPOLE:C195867,,POWER,LOC_C6197152,IPL,,0,,,REGNSK,m,,,REGNSK04,SASKPOWER,,,,,,,,,,AE
STRUCTURE_REG16/221158,01010000008057CD9E44295AC0781B56B6243A4940,POL:PPOLE:C217772,,POWER,LOC_C6218728,IPL,,0,,,REGNSK,m,,,REGNSK01,SASKPOWER,,not in martens,,,,,,,,AE
STRUCTURE_REG16/221587,0101000000D0D05A5F312C5AC0A88BD9D4B13B4940,POL:CPOLE::13205441,,COMPANY,LOC_C6206520,IPL,,0,SPST_APOLES,10.668000000000001,REGNSK,m,5,,REGNSK04,SASKTEL,2024,,100876,,,,,0000,823720,
STRUCTURE_REG16/222175,0101000000BC628425FB295AC0E0AB23A2F33B4940,POL:PPOLE:C222457,,POWER,LOC_C6223355,IPL,,0,,,REGNSK,m,,,REGNSK04,SASKPOWER,,,,,,,,,,AE
STRUCTURE_REG16/222176,0101000000206CB5DDFD295AC0D804D8E7F43B4940,POL:PPOLE:C222475,,POWER,LOC_C6223381,IPL,,0,,,REGNSK,m,,,REGNSK04,SASKPOWER,,,,,,,,,,AE
STRUCTURE_REG16/222954,0101000000940E439CC8295AC0B09BAD84BA394940,POL:PPOLE:C192669,,POWER,LOC_C6194049,IPL,,0,,,REGNSK,m,,,REGNSK01,SASKPOWER,,,,,,,,,,AE
STRUCTURE_REG16/225639,0101000000BC9B573D0C295AC000DC4166533A4940,POL:PPOLE:C199188,,POWER,LOC_C6200418,IPL,,0,,,REGNSK,m,,,REGNSK01,SASKPOWER,,,,,,,,,,AE
STRUCTURE_REG16/231928,01010000000C94CCCB10295AC0B0E7D69E6B3A4940,POL:PPOLE:C199067,,POWER,LOC_C6200309,IPL,,0,,,REGNSK,m,,,REGNSK01,SASKPOWER,,,,,,,,,,AE
STRUCTURE_REG16/231940,0101000000AC35E72276295AC060EE36E9E2394940,POL:PPOLE:C279345,,POWER,LOC_C6279509,IPL,,0,,,REGNSK,m,,,REGNSK01,SASKPOWER,,,,,,,,,,AE
STRUCTURE_REG16/232482,0101000000306AF4F311295AC06888D86A533A4940,POL:PPOLE:C199197,,POWER,LOC_C6200429,IPL,,0,,,REGNSK,m,,,REGNSK01,SASKPOWER,,,,,,,,,,AE
STRUCTURE_REG16/232512,010100000020D13B7D732A5AC018832D67503B4940,POL:PPOLE:C197784,,POWER,LOC_C6199021,IPL,,0,,,REGNSK,m,,,REGNSK04,SASKPOWER,,,,,,,,,,AE
STRUCTURE_REG16/233089,0101000000B0BE9865432A5AC028E91949223A4940,POL:PPOLE:C201889,,POWER,LOC_C6203277,IPL,,0,,,REGNSK,m,,,REGNSK04,SASKPOWER,,,,,,,,,,AE
STRUCTURE_REG16/233146,01010000004C02F9E4312A5AC0B8400889333A4940,POL:PPOLE:C277316,,POWER,LOC_C6277528,IPL,,0,,,REGNSK,m,,,REGNSK04,SASKPOWER,,NOT IN MARTENS,,,,,,,,AE
STRUCTURE_REG16/237252,010100000040397BAE29295AC098E566B0503C4940,POL:PPOLE::8384492,,POWER,LOC_C6193552,IPL,,0,,0.0,REGNSK,m,,,REGNSK04,SASKPOWER,2015,,,,,,,,,AE
STRUCTURE_REG16/238047,010100000058E9CA7403295AC0C85DD024EC3A4940,POL:PPOLE:C201876,,POWER,LOC_C6203062,IPL,,0,,,REGNSK,m,,,REGNSK01,SASKPOWER,,,,,,,,,,AE
STRUCTURE_REG16/238048,01010000005C2786C8CF285AC0A0AB42AA783A4940,POL:PPOLE:C201152,,POWER,LOC_C6202340,IPL,,0,,,REGNSK,m,,,REGNSK01,SASKPOWER,,,,,,,,,,AE
STRUCTURE_REG16/238452,01010000008C2B37499A295AC0C88FD104C1394940,POL:PPOLE:C192595,,POWER,LOC_C6193978,IPL,,0,,,REGNSK,m,,,REGNSK01,SASKPOWER,,,,,,,,,,AE
STRUCTURE_REG16/238454,0101000000D43C95736C295AC0D8928C71C5394940,POL:PPOLE:C205811,,POWER,LOC_C6206930,IPL,,0,,,REGNSK,m,,,REGNSK01,SASKPOWER,,,,,,,,,,AE
STRUCTURE_REG16/238809,0101000000E4D4D3E98E295AC0C89724F73D3A4940,POL:PPOLE:C248375,,POWER,LOC_C6248867,IPL,,0,,,REGNSK,m,,,REGNSK01,SASKPOWER,,NOT IN MARTENS,,,BN,,,,,AE
STRUCTURE_REG16/238820,0101000000E047E6A5432A5AC0E04307CC5F3A4940,POL:PPOLE:C214340,,POWER,LOC_C6215327,IPL,,0,,,REGNSK,m,,,REGNSK04,SASKPOWER,,,,,BN,,,,,AE
STRUCTURE_REG16/238935,0101000000300B387428295AC0F88EDC65023B4940,POL:PPOLE:C199281,,POWER,LOC_C6200509,IPL,,0,,,REGNSK,m,,,REGNSK01,SASKPOWER,,,,,,,,,,AE
STRUCTURE_REG16/238937,01010000004C80E47A542A5AC01017A00A4B3C4940,POL:PPOLE:C228364,,POWER,LOC_C6229194,IPL,,0,,,REGNSK,m,,,REGNSK04,SASKPOWER,,,,,,,,,,AE
STRUCTURE_REG16/238960,010100000070779EC4FC285AC068D43CE7313B4940,POL:PPOLE:C197362,,POWER,LOC_C6198604,IPL,,0,,,REGNSK,m,,,REGNSK01,SASKPOWER,,,,,,,,,,AE
STRUCTURE_REG16/239067,0101000000A8B25FDF5D2B5AC0D021BC1F723A4940,POL:PPOLE:C213021,,POWER,LOC_C6214025,IPL,,0,,,REGNSK,m,,,REGNSK04,SASKPOWER,,,,,,,,,,AE
STRUCTURE_REG16/239076,01010000006465893B6F295AC0988D58A26B3A4940,POL:PPOLE:C216693,,POWER,LOC_C6217659,IPL,,0,,,REGNSK,m,,,REGNSK04,SASKPOWER,,,,,,,,,,AE
STRUCTURE_REG16/239077,010100000038E96EB8BE2A5AC018DAAB8F873A4940,POL:PPOLE:C221099,,POWER,LOC_C6222029,IPL,,0,,,REGNSK,m,,,REGNSK04,SASKPOWER,,,,,,,,,,AE
STRUCTURE_REG16/239089,01010000007456BCA5DD295AC0B82CF1B06B3A4940,POL:PPOLE:C213218,,POWER,LOC_C6214224,IPL,,0,,,REGNSK,m,,,REGNSK04,SASKPOWER,,,,,,,,,,AE
STRUCTURE_REG16/239109,01010000006059D8EF43295AC0E8F4D8DDD63A4940,POL:PPOLE:C220783,,POWER,LOC_C6221722,IPL,,0,,,REGNSK,m,,,REGNSK04,SASKPOWER,2002,,,,,,,,,AE
STRUCTURE_REG16/239110,0101000000CCC5F1D9002A5AC0985314B2AA3B4940,POL:PPOLE:C221221,,POWER,LOC_C6222148,IPL,,0,,,REGNSK,m,,,REGNSK04,SASKPOWER,,,,,,,,,,AE
STRUCTURE_REG16/239122,010100000008DF56D5E6285AC0B03DD9583F3C4940,POL:PPOLE:C193350,,POWER,LOC_C6194686,IPL,,0,,,REGNSK,m,,,REGNSK04,SASKPOWER,,,,,,,,,,AE
STRUCTURE_REG16/239126,0101000000ACE7D8323A295AC0F87E3EF2D03B4940,POL:PPOLE:C192319,,POWER,LOC_C6193708,IPL,,0,,,REGNSK,m,,,REGNSK04,SASKPOWER,,,,,,,,,,AE
STRUCTURE_REG16/239127,01010000004C55D72A4C2B5AC0A0E7CC99543A4940,POL:PPOLE:C218325,,POWER,LOC_C6219275,IPL,,0,,,REGNSK,m,,,REGNSK04,SASKPOWER,,,,,,,,,,AE
STRUCTURE_REG16/239128,010100000070F7E53ECC2A5AC0E09A0F307C3A4940,POL:PPOLE:C218499,,POWER,LOC_C6219464,IPL,,0,,,REGNSK,m,,,REGNSK04,SASKPOWER,,,,,,,,,,AE
STRUCTURE_REG16/239135,0101000000B839E0E3A12A5AC078CAB6B5003B4940,POL:PPOLE:C200498,,POWER,LOC_C6201690,IPL,,0,,,REGNSK,m,,,REGNSK04,SASKPOWER,,,,,,,,,,AE
STRUCTURE_REG16/239136,0101000000E4B261E5A12A5AC0E83267B03B3B4940,POL:PPOLE:C200530,,POWER,LOC_C6201722,IPL,,0,,,REGNSK,m,,,REGNSK04,SASKPOWER,,,,,,,,,,AE
STRUCTURE_REG16/239148,0101000000882B2A8C142A5AC078B36C3E123B4940,POL:PPOLE:C220499,,POWER,LOC_C6221435,IPL,,0,,,REGNSK,m,,,REGNSK04,SASKPOWER,,,,,,,,,,AE
STRUCTURE_REG16/239165,0101000000F477202C0F2A5AC0808B34AF323B4940,POL:PPOLE:C220664,,POWER,LOC_C6221603,IPL,,0,,,REGNSK,m,,,REGNSK04,SASKPOWER,,,,,,,,,,AE
STRUCTURE_REG16/239166,0101000000D047C2B9442A5AC0B0FE89B0323B4940,POL:PPOLE:C220689,,POWER,LOC_C6221632,IPL,,0,,,REGNSK,m,,,REGNSK04,SASKPOWER,,,,,,,,,,AE
STRUCTURE_REG16/239168,0101000000384A609ECE295AC0B8FE0B0EB33A4940,POL:PPOLE:C226423,,POWER,LOC_C6227287,IPL,,0,,,REGNSK,m,,,REGNSK04,SASKPOWER,,,,,BN,,,,,AE
STRUCTURE_REG16/239169,010100000058F2E7F7B7295AC0505E508B333B4940,POL:PPOLE:C230085,,POWER,LOC_C6230901,IPL,,0,,,REGNSK,m,,,REGNSK04,SASKPOWER,,,,,,,,,,AE
STRUCTURE_REG16/239173,0101000000C8D00E3E88295AC010CEC350613C4940,POL:PPOLE:C224678,,POWER,LOC_C6225556,IPL,,0,,,REGNSK,m,,,REGNSK04,SASKPOWER,,,,,BN,,,,,AE
STRUCTURE_REG16/239193,0101000000E404860F59295AC078087477F43B4940,POL:PPOLE:C194001,,POWER,LOC_C6195300,IPL,,0,,,REGNSK,m,,,REGNSK04,SASKPOWER,,,,,,,,,,AE
STRUCTURE_REG16/239199,01010000008CAB2C3243295AC0A0C3772DE43B4940,POL:PPOLE:C193745,,POWER,LOC_C6195059,IPL,,0,,,REGNSK,m,,,REGNSK04,SASKPOWER,,,,,,,,,,AE
STRUCTURE_REG16/239660,010100000088E3DFB8832A5AC0501D1A9F543A4940,POL:PPOLE:C223183,,POWER,LOC_C6224073,IPL,,0,,,REGNSK,m,,,REGNSK04,SASKPOWER,,,,,,,,,,AE
STRUCTURE_REG16/241050,01010000002C0F1B2ABB2B5AC0E8996A42E73A4940,POL:CPOLE::13205439,,COMPANY,LOC_C6199012,IPL,,0,SPST_APOLES,10.668000000000001,REGNSK,m,5,,REGNSK04,SASKTEL,2024,,100876,,,,,0000,823720,
STRUCTURE_REG16/245026,0101000000E430B6153D295AC0505ABBD1ED3A4940,POL:PPOLE:C217674,,POWER,LOC_C6218629,IPL,,0,,,REGNSK,m,,,REGNSK04,SASKPOWER,2002,,,,,,,,,AE
STRUCTURE_REG16/247876,01010000007CFC8CA8FC285AC018BDBF53DE3A4940,POL:PPOLE:C199446,,POWER,LOC_C6200671,IPL,,0,,,REGNSK,m,,,REGNSK01,SASKPOWER,,,,,,,,,,AE
STRUCTURE_REG16/251285,0101000000E0BA2C9D44295AC058BEE95BFB394940,POL:PPOLE:C217722,,POWER,LOC_C6218676,IPL,,0,,,REGNSK,m,,,REGNSK01,SASKPOWER,,,,,,,,,,AE
STRUCTURE_REG16/251441,0101000000245B5024C7295AC028CFC9B3543A4940,POL:PPOLE:C212960,,POWER,LOC_C6213964,IPL,,0,,,REGNSK,m,,,REGNSK04,SASKPOWER,,,,,,,,,,AE
STRUCTURE_REG16/251450,0101000000EC2C8E8B092B5AC00848E3A67F3A4940,POL:PPOLE:C220326,,POWER,LOC_C6221269,IPL,,0,,,REGNSK,m,,,REGNSK04,SASKPOWER,,,,,,,,,,AE
STRUCTURE_REG16/251460,0101000000406A3BEFE4295AC0E08FF63A473B4940,POL:PPOLE:C223444,,POWER,LOC_C6224336,IPL,,0,,,REGNSK,m,,,REGNSK04,SASKPOWER,,,,,,,,,,AE
STRUCTURE_REG16/251641,0101000000541771B3382A5AC0286F43A3F33B4940,POL:PPOLE:C222147,,POWER,LOC_C6223049,IPL,,0,,,REGNSK,m,,,REGNSK04,SASKPOWER,,,,,,,,,,AE
STRUCTURE_REG16/251963,010100000010DA26A05F2A5AC0A0F9AC0A4B3C4940,POL:PPOLE:C203361,,POWER,LOC_C6204520,IPL,,0,,,REGNSK,m,,,REGNSK04,SASKPOWER,,,,,,,,,,AE
STRUCTURE_REG16/251970,010100000084B36AF6112B5AC098E10BA2543A4940,POL:PPOLE:C223504,,POWER,LOC_C6224393,IPL,,0,,,REGNSK,m,,,REGNSK04,SASKPOWER,,,,,,,,,,AE
STRUCTURE_REG16/256993,010100000058CAF962EF285AC038A5059A553B4940,POL:PPOLE::7397948,,POWER,LOC_7311254,IPL,,0,,0.0,,m,,,REGNSK01,SASKPOWER,,,,,,,,0010,971428,AE
STRUCTURE_REG16/257033,0101000000F8C9CA8FD5285AC0186CD30D113B4940,POL:PPOLE::7275539,,POWER,LOC_7149676,IPL,,0,,0.0,REGNSK,m,,,REGNSK01,SASKPOWER,2013,,,,,,,,0,AE
STRUCTURE_REG16/257718,0101000000D442A06503295AC0183874DB873A4940,POL:PPOLE:C199577,,POWER,LOC_C6200799,IPL,,0,,,REGNSK,m,,,REGNSK01,SASKPOWER,,,,,,,,,,AE
STRUCTURE_REG16/257719,0101000000C4F60B8AE7285AC030F88022113B4940,POL:PPOLE:C194916,,POWER,LOC_C6196203,IPL,,0,,,REGNSK,m,,,REGNSK01,SASKPOWER,,,,,,,,,,AE
STRUCTURE_REG16/257720,010100000068B39674E7285AC040FC1ABB973A4940,POL:PPOLE:C199714,,POWER,LOC_C6200932,IPL,,0,,,REGNSK,m,,,REGNSK01,SASKPOWER,,,,,,,,,,AE
STRUCTURE_REG16/257723,010100000080B0CABAFC285AC0A0811CF79A3A4940,POL:PPOLE:C199300,,POWER,LOC_C6200527,IPL,,0,,,REGNSK,m,,,REGNSK01,SASKPOWER,,,,,,,,,,AE
STRUCTURE_REG16/257927,0101000000A488FAC7FC285AC020DFB7243E3B4940,POL:PPOLE:C197344,,POWER,LOC_C6198585,IPL,,0,,,REGNSK,m,,,REGNSK01,SASKPOWER,,,,,,,,,,AE
STRUCTURE_REG16/258677,0101000000203CDFF1FB285AC0F84E3113F43B4940,POL:PPOLE:C186980,,POWER,LOC_C6188565,IPL,,0,,,REGNSK,m,,,REGNSK01,SASKPOWER,,,,,,,,,,AE
STRUCTURE_REG16/258681,01010000006CB30B1502295AC0609D58843B3A4940,POL:PPOLE:C203877,,POWER,LOC_C6205026,IPL,,0,,,REGNSK,m,,,REGNSK01,SASKPOWER,,,,,,,,,,AE
STRUCTURE_REG16/258686,0101000000A844BB05D0285AC010049093AF3B4940,POL:PPOLE:C188523,,POWER,LOC_C6190024,IPL,,0,,,REGNSK,m,,,REGNSK01,SASKPOWER,,,,,,,,,,AE
STRUCTURE_REG16/258697,01010000008416B106EA285AC0403D071A9C3B4940,POL:PPOLE:C187324,,POWER,LOC_C6188889,IPL,,0,,,REGNSK,m,,,REGNSK01,SASKPOWER,,,,,,,,,,AE
STRUCTURE_REG16/258734,01010000000C0ACE09CF285AC0409B9929853B4940,POL:PPOLE:C188561,,POWER,LOC_C6190063,IPL,,0,,,REGNSK,m,,,REGNSK01,SASKPOWER,,,,,,,,,,AE
STRUCTURE_REG16/258747,0101000000E4F0348C07295AC078EAA29F6B3A4940,POL:PPOLE:C199233,,POWER,LOC_C6200464,IPL,,0,,,REGNSK,m,,,REGNSK01,SASKPOWER,,,,,,,,,,AE
STRUCTURE_REG16/258830,010100000044D605AF622B5AC0B87ECC048C3A4940,POL:PPOLE:C213026,,POWER,LOC_C6214030,IPL,,0,,,REGNSK,m,,,REGNSK04,SASKPOWER,,,,,,,,,,AE
STRUCTURE_REG16/258835,01010000008489998C092B5AC018649B267C3A4940,POL:PPOLE:C220325,,POWER,LOC_C6221263,IPL,,0,,,REGNSK,m,,,REGNSK04,SASKPOWER,,,,,,,,,,AE
STRUCTURE_REG16/258843,01010000007C86FDBF86295AC0A8927965903B4940,POL:PPOLE:C220797,,POWER,LOC_C6221739,IPL,,0,,,REGNSK,m,,,REGNSK04,SASKPOWER,,,,,,,,,,AE
STRUCTURE_REG16/258844,0101000000C80972017C2A5AC030EB7F9F023C4940,POL:PPOLE:C203454,,POWER,LOC_C6204608,IPL,,0,,,REGNSK,m,,,REGNSK04,SASKPOWER,,,,,,,,,,AE
STRUCTURE_REG16/258853,0101000000EC9A042D2C2A5AC0B0E2A11DA73B4940,POL:PPOLE:C221127,,POWER,LOC_C6222057,IPL,,0,,,REGNSK,m,,,REGNSK04,SASKPOWER,,,,,,,,,,AE
STRUCTURE_REG16/258878,0101000000707D7D7F732A5AC0885B039DC13A4940,POL:PPOLE:C200719,,POWER,LOC_C6201908,IPL,,0,,,REGNSK,m,,,REGNSK04,SASKPOWER,,,,,BN,,,,,AE
STRUCTURE_REG16/258883,010100000080DE497B2B2B5AC0F07A24237C3A4940,POL:PPOLE:C218245,,POWER,LOC_C6219191,IPL,,0,,,REGNSK,m,,,REGNSK04,SASKPOWER,,,,,,,,,,AE
STRUCTURE_REG16/258885,010100000000D6AC5E9E295AC020179DE5DF3B4940,POL:PPOLE:C220482,,POWER,LOC_C6221423,IPL,,0,,,REGNSK,m,,,REGNSK04,SASKPOWER,,,,,,,,,,AE
STRUCTURE_REG16/258893,01010000001084A0ADC7295AC0E80F1B39863A4940,POL:PPOLE:C214662,,POWER,LOC_C6215645,IPL,,0,,,REGNSK,m,,,REGNSK04,SASKPOWER,,,,,,,,,,AE
STRUCTURE_REG16/258894,0101000000FC02EB7F732A5AC038901F78DC3A4940,POL:PPOLE:C200666,,POWER,LOC_C6201858,IPL,,0,,,REGNSK,m,,,REGNSK04,SASKPOWER,,,,,,,,,,AE
STRUCTURE_REG16/258896,01010000006C45791ED0285AC06081ED6F2F3C4940,POL:PPOLE:C193363,,POWER,LOC_C6194699,IPL,,0,,,REGNSK,m,,,REGNSK04,SASKPOWER,,,,,,,,,,AE
STRUCTURE_REG16/258897,0101000000B04A517D732A5AC0F0CD41CD593B4940,POL:PPOLE:C193866,,POWER,LOC_C6195174,IPL,,0,,,REGNSK,m,,,REGNSK04,SASKPOWER,,,,,,,,,,AE
STRUCTURE_REG16/258899,0101000000B451CF48E5295AC0F08B9FC1C43B4940,POL:PPOLE:C223279,,POWER,LOC_C6224168,IPL,,0,,,REGNSK,m,,,REGNSK04,SASKPOWER,,,,,,,,,,AE
STRUCTURE_REG16/258905,0101000000DC4850316B295AC0103A9FA9333B4940,POL:PPOLE:C215935,,POWER,LOC_C6216908,IPL,,0,,,REGNSK,m,,,REGNSK04,SASKPOWER,,,,,,,,,,AE
STRUCTURE_REG16/258906,010100000094786B5951295AC0683191A2333B4940,POL:PPOLE:C215958,,POWER,LOC_C6216931,IPL,,0,,,REGNSK,m,,,REGNSK04,SASKPOWER,2002,,,,,,,,,AE
STRUCTURE_REG16/258908,0101000000489556B3162A5AC038979689893B4940,POL:PPOLE:C221245,,POWER,LOC_C6222172,IPL,,0,,,REGNSK,m,,,REGNSK04,SASKPOWER,,,,,,,,,,AE
STRUCTURE_REG16/258909,01010000003CDC8464892A5AC008B0BDF3643B4940,POL:PPOLE:C195374,,POWER,LOC_C6196654,IPL,,0,,,REGNSK,m,,,REGNSK04,SASKPOWER,,,,,,,,,,AE
STRUCTURE_REG16/258911,01010000005010015C90295AC0C00DEEF7D93A4940,POL:PPOLE:C229976,,POWER,LOC_C6230795,IPL,,0,,,REGNSK,m,,,REGNSK04,SASKPOWER,,,,,,,,,,AE
STRUCTURE_REG16/258912,010100000000A116FF6E295AC07006F7F1FA3B4940,POL:PPOLE:C194025,,POWER,LOC_C6195328,IPL,,0,,,REGNSK,m,,,REGNSK04,SASKPOWER,,,,,,,,,,AE
STRUCTURE_REG16/258914,0101000000508E4862892A5AC040603B3E783B4940,POL:PPOLE:C195386,,POWER,LOC_C6196670,IPL,,0,,,REGNSK,m,,,REGNSK04,SASKPOWER,,,,,,,,,,AE
STRUCTURE_REG16/258915,0101000000F0021F95B82A5AC06887FCF61F3B4940,POL:PPOLE:C200835,,POWER,LOC_C6202028,IPL,,0,,,REGNSK,m,,,REGNSK04,SASKPOWER,,,,,,,,,,AE
STRUCTURE_REG16/258917,0101000000B83574A9CD295AC028F591A0673B4940,POL:PPOLE:C223677,,POWER,LOC_C6224563,IPL,,0,,,REGNSK,m,,,REGNSK04,SASKPOWER,,,,,,,,,,AE
STRUCTURE_REG16/258927,01010000003C04B31439295AC0483D6065873A4940,POL:PPOLE:C216637,,POWER,LOC_C6217604,IPL,,0,,,REGNSK,m,,,REGNSK04,SASKPOWER,,,,,,,,,,AE
STRUCTURE_REG16/258932,0101000000402EC42C2C2A5AC0984B5624EA3A4940,POL:PPOLE:C220634,,POWER,LOC_C6221576,IPL,,0,,,REGNSK,m,,,REGNSK04,SASKPOWER,,,,,,,,,,AE
STRUCTURE_REG16/258935,01010000008C8AF3C8432A5AC0889BA534803B4940,POL:PPOLE:C221023,,POWER,LOC_C6221958,IPL,,0,,,REGNSK,m,,,REGNSK04,SASKPOWER,,,,,BN,,,,,AE
STRUCTURE_REG16/258938,0101000000A8D2D4BA86295AC08859612D503B4940,POL:PPOLE:C230109,,POWER,LOC_C6230926,IPL,,0,,,REGNSK,m,,,REGNSK04,SASKPOWER,,,,,,,,,,AE
STRUCTURE_REG16/258939,01010000000083906BC4295AC0505C30533B3B4940,POL:PPOLE:C230162,,POWER,LOC_C6230976,IPL,,0,,,REGNSK,m,,,REGNSK04,SASKPOWER,,,,,,,,,,AE
STRUCTURE_REG16/258946,0101000000E0797BA0CD295AC0B0A48DA4563A4940,POL:PPOLE:C212964,,POWER,LOC_C6213968,IPL,,0,,,REGNSK,m,,,REGNSK04,SASKPOWER,,,,,,,,,,AE
STRUCTURE_REG16/258964,0101000000C857629BDD285AC0D8FEAF56473C4940,POL:PPOLE:C193175,,POWER,LOC_C6194547,IPL,,0,,,REGNSK,m,,,REGNSK04,SASKPOWER,,,,,,,,,,AE
STRUCTURE_REG16/258965,01010000000C89B5D7E6285AC0003E9968583C4940,POL:PPOLE:C193205,,POWER,LOC_C6194578,IPL,,0,,,REGNSK,m,,,REGNSK04,SASKPOWER,,,,,,,,,,AE
STRUCTURE_REG16/258970,010100000048C04A669E295AC068CCCB9E5A3B4940,POL:PPOLE:C220597,,POWER,LOC_C6221538,IPL,,0,,,REGNSK,m,,,REGNSK04,SASKPOWER,,,,,,,,,,AE
STRUCTURE_REG16/258971,0101000000C4123EAACD295AC07072F559613B4940,POL:PPOLE:C223679,,POWER,LOC_C6224565,IPL,,0,,,REGNSK,m,,,REGNSK04,SASKPOWER,,,,,,,,,,AE
STRUCTURE_REG16/260093,010100000090C9D21CD32B5AC0D0C65D66533A4940,POL:PPOLE:C221709,,POWER,LOC_C6222608,IPL,,0,,,REGNSK,m,,,REGNSK04,SASKPOWER,,,,,,,,,,AE
STRUCTURE_REG16/260517,01010000004830B307AE2B5AC0D804CF2C253B4940,POL:PPOLE:C196002,,POWER,LOC_C6197288,IPL,,0,,,REGNSK,m,,,REGNSK04,SASKPOWER,,,,,,,,,,AE
STRUCTURE_REG16/260523,01010000005C12BA8D9E2B5AC060E43782DD3A4940,POL:PPOLE:C196239,,POWER,LOC_C6197511,IPL,,0,,,REGNSK,m,,,REGNSK04,SASKPOWER,,,,,,,,,,AE
STRUCTURE_REG16/260540,010100000010D27083E72B5AC068E8BBA26E3A4940,POL:PPOLE:C219028,,POWER,LOC_C6219985,IPL,,0,,,REGNSK,m,,,REGNSK04,SASKPOWER,,,,,,,,,,AE
STRUCTURE_REG16/260553,0101000000A4D5E6B8A02B5AC0B850E0A76E3A4940,POL:PPOLE:C218919,,POWER,LOC_C6219873,IPL,,0,,,REGNSK,m,,,REGNSK04,SASKPOWER,,,,,,,,,,AE
STRUCTURE_REG16/261415,0101000000885A07F8CF285AC050FDC0183B3B4940,POL:PPOLE:C195122,,POWER,LOC_C6196415,IPL,,0,,,REGNSK,m,,,REGNSK01,SASKPOWER,,,,,,,,,,AE
STRUCTURE_REG16/261488,010100000018908534DF295AC080EA52A2F33B4940,POL:PPOLE:C222382,,POWER,LOC_C6223283,IPL,,0,,,REGNSK,m,,,REGNSK04,SASKPOWER,,,,,BN,,,,,AE
STRUCTURE_REG16/261752,01010000002C39DAB0E72A5AC0F854E094543A4940,POL:PPOLE:C220731,,POWER,LOC_C6221669,IPL,,0,,,REGNSK,m,,,REGNSK04,SASKPOWER,,,,,,,,,,AE
STRUCTURE_REG16/263618,0101000000A829EA48E5295AC0F8843F72943B4940,POL:PPOLE:C223327,,POWER,LOC_C6224220,IPL,,0,,,REGNSK,m,,,REGNSK04,SASKPOWER,,,,,,,,,,AE
STRUCTURE_REG16/274439,010100000008968C911C2B5AC0A8C42E247C3A4940,POL:PPOLE:C218235,,POWER,LOC_C6219182,IPL,,0,,,REGNSK,m,,,REGNSK04,SASKPOWER,,,,,,,,,,AE
STRUCTURE_REG16/274440,0101000000D017B9DCFD295AC048EC69AD463B4940,POL:PPOLE:C223480,,POWER,LOC_C6224371,IPL,,0,,,REGNSK,m,,,REGNSK04,SASKPOWER,,,,,,,,,,AE
STRUCTURE_REG16/277754,0101000000A03E5C81E7285AC0081D52B1D63A4940,POL:PPOLE:C194948,,POWER,LOC_C6196236,IPL,,0,,,REGNSK,m,,,REGNSK01,SASKPOWER,,,,,,,,,,AE
STRUCTURE_REG16/277757,0101000000DCA5585EE7285AC038EF2ED3533A4940,POL:PPOLE:C199752,,POWER,LOC_C6200973,IPL,,0,,,REGNSK,m,,,REGNSK01,SASKPOWER,,,,,,,,,,AE
STRUCTURE_REG16/277933,010100000078956E78652A5AC0F85B3A074B3C4940,POL:PPOLE:C231141,,POWER,LOC_C6231948,IPL,,0,,,REGNSK,m,,,REGNSK04,SASKPOWER,,,,,,,,,,AE
STRUCTURE_REG16/278690,010100000010E8235B83295AC0285E096AD9394940,POL:PPOLE:C192495,,POWER,LOC_C6193882,IPL,,0,,,REGNSK,m,,,REGNSK01,SASKPOWER,,,,,,,,,,AE
STRUCTURE_REG16/278691,01010000003826FF5103295AC06042BF682F3A4940,POL:PPOLE:C203821,,POWER,LOC_C6204968,IPL,,0,,,REGNSK,m,,,REGNSK01,SASKPOWER,,,,,BN,,,,,AE
STRUCTURE_REG16/278709,01010000006404490F0B295AC0A80B0E22DE3A4940,POL:PPOLE:C196659,,POWER,LOC_C6197901,IPL,,0,,,REGNSK,m,,,REGNSK01,SASKPOWER,,,,,,,,,,AE
STRUCTURE_REG16/278710,0101000000ACB217530E295AC0902378DEAE3A4940,POL:PPOLE:C201030,,POWER,LOC_C6202230,IPL,,0,,,REGNSK,m,,,REGNSK01,SASKPOWER,,,,,,,,,,AE
STRUCTURE_REG16/278711,0101000000DCD489C910295AC090F0132D573A4940,POL:PPOLE:C199181,,POWER,LOC_C6200409,IPL,,0,,,REGNSK,m,,,REGNSK01,SASKPOWER,,,,,,,,,,AE
STRUCTURE_REG16/278712,010100000004A7D6ACE7285AC0F8EDAB12AF3B4940,POL:PPOLE:C188492,,POWER,LOC_C6189992,IPL,,0,,,REGNSK,m,,,REGNSK01,SASKPOWER,,,,,,,,,,AE
STRUCTURE_REG16/278713,01010000008CD2F10DCF285AC020ECCD42973B4940,POL:PPOLE:C188569,,POWER,LOC_C6190068,IPL,,0,,,REGNSK,m,,,REGNSK01,SASKPOWER,,,,,,,,,,AE
STRUCTURE_REG16/278746,01010000003C1E236E28295AC0D0D7ACCD9B3A4940,POL:PPOLE:C197546,,POWER,LOC_C6198786,IPL,,0,,,REGNSK,m,,,REGNSK01,SASKPOWER,,,,,,,,,,AE
STRUCTURE_REG16/278760,0101000000B0A6B17128295AC098464C23C23A4940,POL:PPOLE:C199330,,POWER,LOC_C6200556,IPL,,0,,,REGNSK,m,,,REGNSK01,SASKPOWER,,,,,BN,,,,,AE
STRUCTURE_REG16/278796,01010000007466F2353A295AC088CD804DB23B4940,POL:PPOLE:C192328,,POWER,LOC_C6193716,IPL,,0,,,REGNSK,m,,,REGNSK04,SASKPOWER,,,,,,,,,,AE
STRUCTURE_REG16/278821,0101000000807B77C186295AC050E685CC793B4940,POL:PPOLE:C220814,,POWER,LOC_C6221753,IPL,,0,,,REGNSK,m,,,REGNSK04,SASKPOWER,,,,,,,,,,AE
STRUCTURE_REG16/278823,010100000048A3675241295AC09044AE8F5F3C4940,POL:PPOLE:C192132,,POWER,LOC_C6193523,IPL,,0,,,REGNSK,m,,,REGNSK04,SASKPOWER,,,,,,,,,,AE
STRUCTURE_REG16/278830,0101000000648CA15F652B5AC0E0920B84933A4940,POL:PPOLE:C213028,,POWER,LOC_C6214032,IPL,,0,,,REGNSK,m,,,REGNSK04,SASKPOWER,,,,,BN,,,,,AE
STRUCTURE_REG16/278831,01010000001CE53F2838295AC0701134AD273B4940,POL:PPOLE:C217584,,POWER,LOC_C6218540,IPL,,0,,,REGNSK,m,,,REGNSK04,SASKPOWER,2002,,,,,,,,,AE
STRUCTURE_REG16/278835,0101000000FCBF96C9432A5AC07053F7C6653B4940,POL:PPOLE:C221033,,POWER,LOC_C6221966,IPL,,0,,,REGNSK,m,,,REGNSK04,SASKPOWER,,,,,BN,,,,,AE
STRUCTURE_REG16/278840,01010000001488ADBF162A5AC0E8921CB06B3B4940,POL:PPOLE:C223159,,POWER,LOC_C6224049,IPL,,0,,,REGNSK,m,,,REGNSK04,SASKPOWER,,,,,BN,,,,,AE
STRUCTURE_REG16/278868,0101000000E427EEDBFD295AC0A0BEDF81A43B4940,POL:PPOLE:C221180,,POWER,LOC_C6222107,IPL,,0,,,REGNSK,m,,,REGNSK04,SASKPOWER,,,,,,,,,,AE
STRUCTURE_REG16/278877,01010000009CCF36ED38295AC07029A5DCC73A4940,POL:PPOLE:C220796,,POWER,LOC_C6221754,IPL,,0,,,REGNSK,m,,,REGNSK04,SASKPOWER,,,,,BN,,,,,AE
STRUCTURE_REG16/278886,0101000000A0373AB96F2A5AC00030501FAF3B4940,POL:PPOLE:C193894,,POWER,LOC_C6195211,IPL,,0,,,REGNSK,m,,,REGNSK04,SASKPOWER,,,,,,,,,,AE
STRUCTURE_REG16/278891,0101000000287A40D67C295AC0287015A5333B4940,POL:PPOLE:C215902,,POWER,LOC_C6216875,IPL,,0,,,REGNSK,m,,,REGNSK04,SASKPOWER,2002,,,,,,,,,AE
STRUCTURE_REG16/278899,0101000000902F425A9E295AC00025D0900C3C4940,POL:PPOLE:C224315,,POWER,LOC_C6225194,IPL,,0,,,REGNSK,m,,,REGNSK04,SASKPOWER,,,,,,,,,,AE
STRUCTURE_REG16/278900,0101000000541613088C295AC0E044A2DAE43A4940,POL:PPOLE:C229981,,POWER,LOC_C6230800,IPL,,0,,,REGNSK,m,,,REGNSK04,SASKPOWER,,,,,BN,,,,,AE
STRUCTURE_REG16/278901,0101000000A097D76586295AC0B8EF3D08F33A4940,POL:PPOLE:C229983,,POWER,LOC_C6230803,IPL,,0,,,REGNSK,m,,,REGNSK04,SASKPOWER,,,,,,,,,,AE
STRUCTURE_REG16/278903,0101000000F4837DE5A82A5AC078578C130F3B4940,POL:PPOLE:C200800,,POWER,LOC_C6201993,IPL,,0,,,REGNSK,m,,,REGNSK04,SASKPOWER,,,,,,,,,,AE
STRUCTURE_REG16/278926,0101000000DC20F247E5295AC038C8459EEC3B4940,POL:PPOLE:C223240,,POWER,LOC_C6224131,IPL,,0,,,REGNSK,m,,,REGNSK04,SASKPOWER,,,,,,,,,,AE
STRUCTURE_REG16/278928,0101000000BC39332C2C2A5AC08810D24BF33A4940,POL:PPOLE:C220638,,POWER,LOC_C6221577,IPL,,0,,,REGNSK,m,,,REGNSK04,SASKPOWER,,,,,,,,,,AE
STRUCTURE_REG16/278935,01010000006005FF2838295AC0A8CD33C1333B4940,POL:PPOLE:C215024,,POWER,LOC_C6216004,IPL,,0,,,REGNSK,m,,,REGNSK04,SASKPOWER,,,,,,,,,,AE
STRUCTURE_REG16/278941,0101000000E87706B2432A5AC0000D20FD683A4940,POL:PPOLE:C214346,,POWER,LOC_C6215329,IPL,,0,,,REGNSK,m,,,REGNSK04,SASKPOWER,,,,,,,,,,AE
STRUCTURE_REG16/278959,0101000000F0D1821A95295AC028D834C6793B4940,POL:PPOLE:C220876,,POWER,LOC_C6221812,IPL,,0,,,REGNSK,m,,,REGNSK04,SASKPOWER,,,,,,,,,,AE
STRUCTURE_REG16/279057,01010000000849402E2C2A5AC0888AC76BBC3A4940,POL:PPOLE:C226497,,POWER,LOC_C6227359,IPL,,0,,,REGNSK,m,,,REGNSK04,SASKPOWER,,,,,,,,,,AE
STRUCTURE_REG16/280430,01010000009C9965F1B0295AC0D8363C5FE1394940,POL:PPOLE:C194337,,POWER,LOC_C6195637,IPL,,0,,,REGNSK,m,,,REGNSK01,SASKPOWER,,,,,BN,,,,,AE
STRUCTURE_REG16/280446,0101000000C82E2C40FA285AC020BD8484543B4940,POL:PPOLE:C188818,,POWER,LOC_C6190303,IPL,,0,,,REGNSK,m,,,REGNSK01,SASKPOWER,,,,,,,,,,AE
STRUCTURE_REG16/281400,0101000000DC1DCD1CC8295AC0A073B4A0F33B4940,POL:PPOLE:C222369,,POWER,LOC_C6223270,IPL,,0,,,REGNSK,m,,,REGNSK04,SASKPOWER,,,,,,,,,,AE
STRUCTURE_REG16/281404,010100000004CB7B16F0295AC020CCE2A2F33B4940,POL:PPOLE:C222427,,POWER,LOC_C6223348,IPL,,0,,,REGNSK,m,,,REGNSK04,SASKPOWER,,,,,,,,,,AE
STRUCTURE_REG16/281411,01010000005498B4651D2A5AC008D9B7A2F33B4940,POL:PPOLE:C222528,,POWER,LOC_C6223425,IPL,,0,,,REGNSK,m,,,REGNSK04,SASKPOWER,,,,,BN,,,,,AE
STRUCTURE_REG16/282265,0101000000D0ABBC75E22A5AC0E03F52BB543A4940,POL:PPOLE:C302768,,POWER,LOC_C6302559,IPL,,0,,,REGNSK,m,,,REGNSK04,SASKPOWER,2012,,,,,,,0010,961364,AE
STRUCTURE_REG16/283517,0101000000C01F09F1E4295AC088D64B3F603B4940,POL:PPOLE:C223409,,POWER,LOC_C6224316,IPL,,0,,,REGNSK,m,,,REGNSK04,SASKPOWER,,,,,,,,,,AE
STRUCTURE_REG16/287355,0101000000D8BE0A9ABD295AC0B8B2991D4B3C4940,POL:PPOLE:C231055,,POWER,LOC_C6231863,IPL,,0,,,REGNSK,m,,,REGNSK04,SASKPOWER,,,,,,,,,,AE
STRUCTURE_REG16/291334,0101000000D079BD96B82A5AC0C0AA9E2C323B4940,POL:PPOLE:C200839,,POWER,LOC_C6202032,IPL,,0,,,REGNSK,m,,,REGNSK04,SASKPOWER,,,,,,,,,,AE
STRUCTURE_REG16/291343,0101000000F08B613A6C2A5AC0D08898A0F33B4940,POL:PPOLE:C203493,,POWER,LOC_C6204648,IPL,,0,,,REGNSK,m,,,REGNSK04,SASKPOWER,,,,,,,,,,AE
STRUCTURE_REG16/291344,0101000000749A3ECE432A5AC0D80A4604A73A4940,POL:PPOLE:C214371,,POWER,LOC_C6215357,IPL,,0,,,REGNSK,m,,,REGNSK04,SASKPOWER,,,,,BN,,,,,AE
STRUCTURE_REG16/291351,01010000002058A1BD442A5AC098A437EBF23A4940,POL:PPOLE:C220718,,POWER,LOC_C6221660,IPL,,0,,,REGNSK,m,,,REGNSK04,SASKPOWER,,,,,,,,,,AE
STRUCTURE_REG16/291849,0101000000A473D68BE7285AC0E89DCC0A083B4940,POL:PPOLE:C194917,,POWER,LOC_C6196206,IPL,,0,,,REGNSK,m,,,REGNSK01,SASKPOWER,,,,,,,,,,AE
STRUCTURE_REG16/291875,0101000000B42138C186295AC0407E91986C3B4940,POL:PPOLE:C220825,,POWER,LOC_C6221761,IPL,,0,,,REGNSK,m,,,REGNSK04,SASKPOWER,,,,,,,,,,AE
STRUCTURE_REG16/294970,0101000000B43E8B29E1295AC078DAD3A8DC3A4940,POL:PPOLE:C342764,,POWER,LOC_C6341944,IPL,,0,,,REGNSK,m,,,REGNSK04,SASKPOWER,2013,,,,,,,0010,966275,AE
STRUCTURE_REG16/296516,0101000000C41C09D686295AC000B690A8993A4940,POL:PPOLE::8363707,,POWER,LOC_C6222497,IPL,,0,,0.0,REGNSK,m,,,REGNSK04,SASKPOWER,2015,CL4/40',,,,,,0010,978693,AE
STRUCTURE_REG16/296761,01010000008C62469929295AC0680CAB99313B4940,POL:PPOLE::7397946,,POWER,LOC_C6200479,IPL,,0,,0.0,,m,,,REGNSK01,SASKPOWER,,,,,,,,0010,971428,AE
STRUCTURE_REG16/297602,010100000088B9D6A4FC285AC0F8133D79A33A4940,POL:PPOLE:C195916,,POWER,LOC_C6197202,IPL,,0,,,REGNSK,m,,,REGNSK01,SASKPOWER,,,,,,,,,,AE
STRUCTURE_REG16/297605,0101000000F49A3A6903295AC0A064B7ABA43A4940,POL:PPOLE:C199585,,POWER,LOC_C6200808,IPL,,0,,,REGNSK,m,,,REGNSK01,SASKPOWER,,,,,,,,,,AE
STRUCTURE_REG16/298005,0101000000ACF7D15F3E295AC0D82A9987BF394940,POL:PPOLE:C218396,,POWER,LOC_C6219344,IPL,,0,,,REGNSK,m,,,REGNSK01,SASKPOWER,,,,,,,,,,AE
STRUCTURE_REG16/298461,010100000004422C47FA285AC0E8D13ED7703B4940,POL:PPOLE:C188854,,POWER,LOC_C6190339,IPL,,0,,,REGNSK,m,,,REGNSK01,SASKPOWER,,,,,,,,,,AE
STRUCTURE_REG16/298464,0101000000B894131DE4285AC048461D764F3B4940,POL:PPOLE:C197020,,POWER,LOC_C6198259,IPL,,0,,,REGNSK,m,,,REGNSK01,SASKPOWER,,,,,,,,,,AE
STRUCTURE_REG16/298484,010100000034CB376B28295AC000B7A8355E3A4940,POL:PPOLE:C199113,,POWER,LOC_C6200345,IPL,,0,,,REGNSK,m,,,REGNSK01,SASKPOWER,,,,,BN,,,,,AE
STRUCTURE_REG16/298486,0101000000884C42E70A295AC01048C82EFB3A4940,POL:PPOLE:C196839,,POWER,LOC_C6198085,IPL,,0,,,REGNSK,m,,,REGNSK01,SASKPOWER,,,,,,,,,,AE
STRUCTURE_REG16/298529,0101000000A8034B6EE7285AC0483D1ADA823A4940,POL:PPOLE:C199723,,POWER,LOC_C6200944,IPL,,0,,,REGNSK,m,,,REGNSK01,SASKPOWER,,,,,,,,,,AE
STRUCTURE_REG16/298553,0101000000FC5E4E2C17295AC080E505CE153B4940,POL:PPOLE:C196761,,POWER,LOC_C6198007,IPL,,0,,,REGNSK,m,,,REGNSK01,SASKPOWER,,,,,,,,,,AE
STRUCTURE_REG16/298603,01010000002C19E59E70295AC0D869E175673C4940,POL:PPOLE:C192070,,POWER,LOC_C6193455,IPL,,0,,,REGNSK,m,,,REGNSK04,SASKPOWER,,,,,,,,,,AE
STRUCTURE_REG16/298604,0101000000EC5E4B4E41295AC018305A4A4D3C4940,POL:PPOLE:C192142,,POWER,LOC_C6193528,IPL,,0,,,REGNSK,m,,,REGNSK04,SASKPOWER,,,,,,,,,,AE
STRUCTURE_REG16/298612,0101000000ECFC0076DE2A5AC07892AB2D7C3A4940,POL:PPOLE:C220306,,POWER,LOC_C6221249,IPL,,0,,,REGNSK,m,,,REGNSK04,SASKPOWER,,,,,,,,,,AE
STRUCTURE_REG16/298617,0101000000FC8840A4082A5AC0581907B06B3B4940,POL:PPOLE:C223153,,POWER,LOC_C6224043,IPL,,0,,,REGNSK,m,,,REGNSK04,SASKPOWER,,,,,,,,,,AE
STRUCTURE_REG16/298629,0101000000FCE0D4EBFC295AC0804E5C899E3A4940,POL:PPOLE:C213379,,POWER,LOC_C6214384,IPL,,0,,,REGNSK,m,,,REGNSK04,SASKPOWER,,,,,,,,,,AE
STRUCTURE_REG16/298631,01010000003CF430F6162B5AC078F966A0543A4940,POL:PPOLE:C223111,,POWER,LOC_C6224003,IPL,,0,,,REGNSK,m,,,REGNSK04,SASKPOWER,,,,,,,,,,AE
STRUCTURE_REG16/298637,0101000000F8CB98C96A295AC0884ED99AC13A4940,POL:PPOLE:C218126,,POWER,LOC_C6219076,IPL,,0,,,REGNSK,m,,,REGNSK04,SASKPOWER,1972,,,,,,,,,AE
STRUCTURE_REG16/298638,01010000002017BA175A295AC080CC004AD53A4940,POL:PPOLE:C218143,,POWER,LOC_C6219090,IPL,,0,,,REGNSK,m,,,REGNSK04,SASKPOWER,1972,,,,,,,,,AE
STRUCTURE_REG16/298648,010100000040F23D3F462B5AC0D02B3403613A4940,POL:PPOLE:C218320,,POWER,LOC_C6219269,IPL,,0,,,REGNSK,m,,,REGNSK04,SASKPOWER,,,,,BN,,,,,AE
STRUCTURE_REG16/298649,01010000007001F63E462B5AC0E827E721593A4940,POL:PPOLE:C218324,,POWER,LOC_C6219271,IPL,,0,,,REGNSK,m,,,REGNSK04,SASKPOWER,,,,,,,,,,AE
STRUCTURE_REG16/298651,0101000000D859B9EC172B5AC0E0F6BA686F3A4940,POL:PPOLE:C223335,,POWER,LOC_C6224226,IPL,,0,,,REGNSK,m,,,REGNSK04,SASKPOWER,,,,,,,,,,AE
STRUCTURE_REG16/298657,0101000000B829F798CE295AC07022A9DB923A4940,POL:PPOLE:C214653,,POWER,LOC_C6215636,IPL,,0,,,REGNSK,m,,,REGNSK04,SASKPOWER,,,,,BN,,,,,AE
STRUCTURE_REG16/298660,0101000000304ADCD2E6285AC018A25077273C4940,POL:PPOLE:C193354,,POWER,LOC_C6194691,IPL,,0,,,REGNSK,m,,,REGNSK04,SASKPOWER,,,,,,,,,,AE
STRUCTURE_REG16/298675,010100000014DF7106B6295AC088BB9067873B4940,POL:PPOLE:C218544,,POWER,LOC_C6219498,IPL,,0,,,REGNSK,m,,,REGNSK04,SASKPOWER,,,,,,,,,,AE
STRUCTURE_REG16/298677,01010000003C89B9B8AE295AC0E8306FADED3A4940,POL:PPOLE:C229986,,POWER,LOC_C6230806,IPL,,0,,,REGNSK,m,,,REGNSK04,SASKPOWER,,,,,,,,,,AE
STRUCTURE_REG16/298688,010100000000806D41B2295AC03081F8B9543A4940,POL:PPOLE:C214917,,POWER,LOC_C6215899,IPL,,0,,,REGNSK,m,,,REGNSK04,SASKPOWER,,,,,,,,,,AE
STRUCTURE_REG16/298697,010100000054F2883C6F295AC04038829B9F3A4940,POL:PPOLE:C216523,,POWER,LOC_C6217490,IPL,,0,,,REGNSK,m,,,REGNSK04,SASKPOWER,,,,,,,,,,AE
STRUCTURE_REG16/298698,01010000001C35AAFC40295AC0485EC9079D3A4940,POL:PPOLE:C216615,,POWER,LOC_C6217581,IPL,,0,,,REGNSK,m,,,REGNSK04,SASKPOWER,,,,,,,,,,AE
STRUCTURE_REG16/298705,0101000000040429679E295AC0B86BE857543B4940,POL:PPOLE:C220604,,POWER,LOC_C6221543,IPL,,0,,,REGNSK,m,,,REGNSK04,SASKPOWER,,,,,,,,,,AE
STRUCTURE_REG16/298714,0101000000A841B1789E295AC0E81E749E6B3A4940,POL:PPOLE:C214929,,POWER,LOC_C6215912,IPL,,0,,,REGNSK,m,,,REGNSK04,SASKPOWER,,,,,BN,,,,,AE
STRUCTURE_REG16/298715,0101000000FCCA99D986295AC040E18718693A4940,POL:PPOLE:C214954,,POWER,LOC_C6215937,IPL,,0,,,REGNSK,m,,,REGNSK04,SASKPOWER,,,,,,,,,,AE
STRUCTURE_REG16/298731,01010000007061E9EB55295AC0B8999298DF3B4940,POL:PPOLE:C192237,,POWER,LOC_C6193656,IPL,,0,,,REGNSK,m,,,REGNSK04,SASKPOWER,,,,,,,,,,AE
STRUCTURE_REG16/299280,01010000008430E4FC20295AC0D827FA95313B4940,POL:PPOLE:C199246,,POWER,LOC_C6200471,IPL,,0,,,REGNSK,m,,,REGNSK01,SASKPOWER,,,,,,,,,,AE
STRUCTURE_REG16/299788,0101000000CCFB738F142A5AC0C8566385B23A4940,POL:PPOLE:C226482,,POWER,LOC_C6227347,IPL,,0,,,REGNSK,m,,,REGNSK04,SASKPOWER,,,,,,,,,,AE
STRUCTURE_REG16/299904,01010000009CCCCAEC8F2B5AC0E8B449E0773A4940,POL:PPOLE:C218906,,POWER,LOC_C6219860,IPL,,0,,,REGNSK,m,,,REGNSK04,SASKPOWER,,,,,,,,,,AE
STRUCTURE_REG16/300302,0101000000846A5223B72B5AC0B00A1FA76E3A4940,POL:PPOLE:C218997,,POWER,LOC_C6219954,IPL,,0,,,REGNSK,m,,,REGNSK04,SASKPOWER,,,,,,,,,,AE
STRUCTURE_REG16/300308,010100000054923CD7B72B5AC0A8BF9678BC3A4940,POL:PPOLE:C221524,,POWER,LOC_C6222445,IPL,,0,,,REGNSK,m,,,REGNSK04,SASKPOWER,,,,,,,,,,AE
STRUCTURE_REG16/300315,0101000000B8A934A1EA2B5AC098C7A671BC3A4940,POL:PPOLE:C221553,,POWER,LOC_C6222473,IPL,,0,,,REGNSK,m,,,REGNSK04,SASKPOWER,,,,,,,,,,AE
STRUCTURE_REG16/300321,01010000006C8022E1BE2B5AC0A8801E51FE3A4940,POL:PPOLE:C196161,,POWER,LOC_C6197442,IPL,,0,,,REGNSK,m,,,REGNSK04,SASKPOWER,,,,,,,,,,AE
STRUCTURE_REG16/303438,0101000000E400778F822B5AC000C48AAB6E3A4940,POL:PPOLE:C218719,,POWER,LOC_C6219674,IPL,,0,,,REGNSK,m,,,REGNSK04,SASKPOWER,,,,,,,,,,AE
STRUCTURE_REG16/305340,0101000000E48A1897E6295AC0781EF1A5DC3A4940,POL:PPOLE:C220422,,POWER,LOC_C6221364,IPL,,0,,,REGNSK,m,,,REGNSK04,SASKPOWER,,,,,,,,,,AE
STRUCTURE_REG16/306994,0101000000EC124BB361295AC0408F7DD5793B4940,POL:PPOLE:C193215,,POWER,LOC_C6194590,IPL,,0,,,REGNSK,m,,,REGNSK04,SASKPOWER,,,,,,,,,,AE
STRUCTURE_REG16/311128,01010000004C6FBE923D295AC0905FD495DF3B4940,POL:PPOLE:C192301,,POWER,LOC_C6193688,IPL,,0,,,REGNSK,m,,,REGNSK04,SASKPOWER,,,,,,,,,,AE
STRUCTURE_REG16/314177,0101000000507525882E2B5AC0F843DDBB113C4940,POL:CPOLE:C214407,,COMPANY,LOC_C6215394,IPL,,0,SPST_APOLES,9.114,REGNSK,m,5,,REGNSK04,SASKTEL,,"20240530(plets1): Pole removed, converted to underground ",100875,,,,,,,AE
STRUCTURE_REG16/317218,01010000002414D399FC285AC0D0C80F4B793A4940,POL:PPOLE:C199439,,POWER,LOC_C6200664,IPL,,0,,,REGNSK,m,,,REGNSK01,SASKPOWER,,,,,,,,,,AE
STRUCTURE_REG16/317463,01010000001CFB2182C6295AC048C41DA75C3B4940,POL:PPOLE:C223688,,POWER,LOC_C6224576,IPL,,0,,,REGNSK,m,,,REGNSK04,SASKPOWER,,,,,,,,,,AE
STRUCTURE_REG16/318171,010100000008B078B2E7285AC080FE68C3D73B4940,POL:PPOLE:C188463,,POWER,LOC_C6189965,IPL,,0,,,REGNSK,m,,,REGNSK01,SASKPOWER,,,,,,,,,,AE
STRUCTURE_REG16/318179,0101000000E8DBAA6D28295AC0D83F8261873A4940,POL:PPOLE:C197568,,POWER,LOC_C6198811,IPL,,0,,,REGNSK,m,,,REGNSK01,SASKPOWER,,,,,,,,,,AE
STRUCTURE_REG16/318193,010100000010BA39FF10295AC0C86945C4E23B4940,POL:PPOLE:C187093,,POWER,LOC_C6188664,IPL,,0,,,REGNSK,m,,,REGNSK01,SASKPOWER,,,,,,,,,,AE
STRUCTURE_REG16/318224,01010000006C17EB32D4285AC098B816199C3B4940,POL:PPOLE:C187538,,POWER,LOC_C6189068,IPL,,0,,,REGNSK,m,,,REGNSK01,SASKPOWER,,,,,,,,,,AE
STRUCTURE_REG16/318225,0101000000781D52BBC8285AC038A9537E4F3B4940,POL:PPOLE:C196978,,POWER,LOC_C6198215,IPL,,0,,,REGNSK,m,,,REGNSK01,SASKPOWER,,,,,,,,,,AE
STRUCTURE_REG16/318236,010100000030B4FFD615295AC0F8B05B94313B4940,POL:PPOLE:C199231,,POWER,LOC_C6200457,IPL,,0,,,REGNSK,m,,,REGNSK01,SASKPOWER,,,,,,,,,,AE
STRUCTURE_REG16/318287,0101000000C8248892E7285AC0E855EE891E3B4940,POL:PPOLE:C194901,,POWER,LOC_C6196189,IPL,,0,,,REGNSK,m,,,REGNSK01,SASKPOWER,,,,,BN,,,,,AE
STRUCTURE_REG16/318305,0101000000D00D65BF86295AC058CFE57A993B4940,POL:PPOLE:C220793,,POWER,LOC_C6221731,IPL,,0,,,REGNSK,m,,,REGNSK04,SASKPOWER,,,,,,,,,,AE
STRUCTURE_REG16/318330,010100000020F16C3B5F2B5AC020191066823A4940,POL:PPOLE:C213024,,POWER,LOC_C6214028,IPL,,0,,,REGNSK,m,,,REGNSK04,SASKPOWER,,,,,,,,,,AE
STRUCTURE_REG16/318337,01010000002C80DF75EC295AC0085881AD543A4940,POL:PPOLE:C213189,,POWER,LOC_C6214188,IPL,,0,,,REGNSK,m,,,REGNSK04,SASKPOWER,,,,,,,,,,AE
STRUCTURE_REG16/318341,010100000014DD91E9442A5AC048AE9DC0E53B4940,POL:PPOLE:C221043,,POWER,LOC_C6221977,IPL,,0,,,REGNSK,m,,,REGNSK04,SASKPOWER,,,,,,,,,,AE
STRUCTURE_REG16/318342,010100000008F935CC0F2A5AC0E841D5B06B3B4940,POL:PPOLE:C223157,,POWER,LOC_C6224046,IPL,,0,,,REGNSK,m,,,REGNSK04,SASKPOWER,,,,,,,,,,AE
STRUCTURE_REG16/318349,01010000003415C3843A2A5AC0D8611775C83B4940,POL:PPOLE:C221109,,POWER,LOC_C6222040,IPL,,0,,,REGNSK,m,,,REGNSK04,SASKPOWER,,,,,,,,,,AE
STRUCTURE_REG16/318363,0101000000F0157999CE295AC070CCC008E73A4940,POL:PPOLE:C220401,,POWER,LOC_C6221340,IPL,,0,,,REGNSK,m,,,REGNSK04,SASKPOWER,,,,,BN,,,,,AE
STRUCTURE_REG16/318375,0101000000F4C671292C2A5AC028BD76A36E3B4940,POL:PPOLE:C223181,,POWER,LOC_C6224071,IPL,,0,,,REGNSK,m,,,REGNSK04,SASKPOWER,,,,,,,,,,AE
STRUCTURE_REG16/318384,010100000048AAA56FC8295AC068F7FD6B9E3A4940,POL:PPOLE:C214643,,POWER,LOC_C6215627,IPL,,0,,,REGNSK,m,,,REGNSK04,SASKPOWER,,,,,,,,,,AE
STRUCTURE_REG16/318387,0101000000FC46087D732A5AC070E7FE61803B4940,POL:PPOLE:C193874,,POWER,LOC_C6195185,IPL,,0,,,REGNSK,m,,,REGNSK04,SASKPOWER,,,,,BN,,,,,AE
STRUCTURE_REG16/318394,01010000009C664BCD73295AC07050D49C333B4940,POL:PPOLE:C215912,,POWER,LOC_C6216881,IPL,,0,,,REGNSK,m,,,REGNSK04,SASKPOWER,2002,,,,,,,,,AE
STRUCTURE_REG16/318395,0101000000343E32D443295AC0E8E65EA4333B4940,POL:PPOLE:C215969,,POWER,LOC_C6216943,IPL,,0,,,REGNSK,m,,,REGNSK04,SASKPOWER,2002,,,,,,,,,AE
STRUCTURE_REG16/318396,0101000000803669B5082A5AC030008E89893B4940,POL:PPOLE:C221241,,POWER,LOC_C6222168,IPL,,0,,,REGNSK,m,,,REGNSK04,SASKPOWER,,,,,BN,,,,,AE
STRUCTURE_REG16/318397,01010000005CD483BC1D2A5AC00060F989893B4940,POL:PPOLE:C221246,,POWER,LOC_C6222173,IPL,,0,,,REGNSK,m,,,REGNSK04,SASKPOWER,,,,,,,,,,AE
STRUCTURE_REG16/318401,010100000040C04F8C142A5AC0D8F35445003B4940,POL:PPOLE:C220494,,POWER,LOC_C6221431,IPL,,0,,,REGNSK,m,,,REGNSK04,SASKPOWER,,,,,BN,,,,,AE
STRUCTURE_REG16/318402,010100000008EC8C4AE5295AC0E8522160653B4940,POL:PPOLE:C223367,,POWER,LOC_C6224253,IPL,,0,,,REGNSK,m,,,REGNSK04,SASKPOWER,,,,,,,,,,AE
STRUCTURE_REG16/318404,010100000084E772719E295AC040700432863A4940,POL:PPOLE:C221476,,POWER,LOC_C6222398,IPL,,0,,,REGNSK,m,,,REGNSK04,SASKPOWER,,,,,,,,,,AE
STRUCTURE_REG16/318410,0101000000BC320F63892A5AC060DE972B6A3B4940,POL:PPOLE:C195376,,POWER,LOC_C6196667,IPL,,0,,,REGNSK,m,,,REGNSK04,SASKPOWER,,,,,,,,,,AE
STRUCTURE_REG16/318418,01010000002478E0EF39295AC080DFA9949F3A4940,POL:PPOLE:C216588,,POWER,LOC_C6217555,IPL,,0,,,REGNSK,m,,,REGNSK04,SASKPOWER,,,,,,,,,,AE
STRUCTURE_REG16/318420,01010000007C6E66C9432A5AC038BD49486E3B4940,POL:PPOLE:C221029,,POWER,LOC_C6221963,IPL,,0,,,REGNSK,m,,,REGNSK04,SASKPOWER,,,,,,,,,,AE
STRUCTURE_REG16/318422,010100000060957C3384295AC0207726AE0F3B4940,POL:PPOLE:C230053,,POWER,LOC_C6230870,IPL,,0,,,REGNSK,m,,,REGNSK04,SASKPOWER,,,,,,,,,,AE
STRUCTURE_REG16/318423,0101000000D8B8D02594295AC078F82393333B4940,POL:PPOLE:C230078,,POWER,LOC_C6230894,IPL,,0,,,REGNSK,m,,,REGNSK04,SASKPOWER,,,,,,,,,,AE
STRUCTURE_REG16/318428,010100000090A784DE5D2B5AC060F7FC21573A4940,POL:PPOLE:C213018,,POWER,LOC_C6214022,IPL,,0,,,REGNSK,m,,,REGNSK04,SASKPOWER,,,,,,,,,,AE
STRUCTURE_REG16/318429,010100000098E1EDDE5D2B5AC0200A289F613A4940,POL:PPOLE:C213019,,POWER,LOC_C6214023,IPL,,0,,,REGNSK,m,,,REGNSK04,SASKPOWER,,,,,BN,,,,,AE
STRUCTURE_REG16/318433,01010000001056AF9770295AC098B1DDB44E3C4940,POL:PPOLE:C215058,,POWER,LOC_C6216034,IPL,,0,,,REGNSK,m,,,REGNSK04,SASKPOWER,,,,,,,,,,AE
STRUCTURE_REG16/318462,01010000003C34DC48E5295AC048FC5BB3A93B4940,POL:PPOLE:C223309,,POWER,LOC_C6224200,IPL,,0,,,REGNSK,m,,,REGNSK04,SASKPOWER,,,,,,,,,,AE
STRUCTURE_REG16/318463,0101000000BC3AF149E5295AC010EEA9CA6E3B4940,POL:PPOLE:C223361,,POWER,LOC_C6224251,IPL,,0,,,REGNSK,m,,,REGNSK04,SASKPOWER,,,,,BN,,,,,AE
STRUCTURE_REG16/319526,0101000000D4A2BC91842A5AC050539450DC3A4940,POL:PPOLE:C200728,,POWER,LOC_C6201919,IPL,,0,,,REGNSK,m,,,REGNSK04,SASKPOWER,,,,,,,,,,AE
STRUCTURE_REG16/319643,0101000000EC8536F1CF2B5AC078A80E75BC3A4940,POL:PPOLE:C221540,,POWER,LOC_C6222459,IPL,,0,,,REGNSK,m,,,REGNSK04,SASKPOWER,,,,,,,,,,AE
STRUCTURE_REG16/319965,0101000000A8AB60267A295AC0D001C254E1394940,POL:PPOLE:C264412,,POWER,LOC_C6264733,IPL,,0,,,REGNSK,m,,,REGNSK01,SASKPOWER,,,,,,,,,,AE
STRUCTURE_REG16/319976,0101000000E0C918665B2A5AC0D0CD7C76DC3A4940,POL:PPOLE:C220775,,POWER,LOC_C6221714,IPL,,0,,,REGNSK,m,,,REGNSK04,SASKPOWER,,,,,,,,,,AE
STRUCTURE_REG16/319979,0101000000C0532A0912295AC0403701E15E3C4940,POL:PPOLE:C193096,,POWER,LOC_C6194476,IPL,,0,,,REGNSK,m,,,REGNSK04,SASKPOWER,,,,,BN,,,,,AE
STRUCTURE_REG16/320021,0101000000AC4430A6EA2B5AC0A82D86290C3B4940,POL:PPOLE:C196300,,POWER,LOC_C6197572,IPL,,0,,,REGNSK,m,,,REGNSK04,SASKPOWER,,,,,,,,,,AE
STRUCTURE_REG16/320023,0101000000B4C88231BE2B5AC02069A6040F3B4940,POL:PPOLE:C196270,,POWER,LOC_C6197547,IPL,,0,,,REGNSK,m,,,REGNSK04,SASKPOWER,,,,,,,,,,AE
STRUCTURE_REG16/320026,010100000040B7E00A9D2B5AC0C0764E25963A4940,POL:PPOLE:C218934,,POWER,LOC_C6219890,IPL,,0,,,REGNSK,m,,,REGNSK04,SASKPOWER,,,,,,,,,,AE
STRUCTURE_REG16/320027,010100000000354518B02B5AC0D0A68617B33A4940,POL:PPOLE:C221363,,POWER,LOC_C6222283,IPL,,0,,,REGNSK,m,,,REGNSK04,SASKPOWER,,,,,,,,,,AE
STRUCTURE_REG16/326825,0101000000507B6C265A295AC0609C5649653B4940,POL:PPOLE:C198312,,POWER,LOC_C6199547,IPL,,0,,,REGNSK,m,,,REGNSK04,SASKPOWER,,,,,BN,,,,,AE
STRUCTURE_REG16/331037,0101000000C8F37BC386295AC040E009A95A3B4940,POL:PPOLE:C220834,,POWER,LOC_C6221769,IPL,,0,,,REGNSK,m,,,REGNSK04,SASKPOWER,,,,,BN,,,,,AE
STRUCTURE_REG16/331038,0101000000D457EA685B2A5AC0A873D541803B4940,POL:PPOLE:C220938,,POWER,LOC_C6221874,IPL,,0,,,REGNSK,m,,,REGNSK04,SASKPOWER,,,,,BN,,,,,AE
STRUCTURE_REG16/331050,01010000007CE0186CC4295AC070243B69333B4940,POL:PPOLE:C230163,,POWER,LOC_C6230977,IPL,,0,,,REGNSK,m,,,REGNSK04,SASKPOWER,,,,,,,,,,AE
STRUCTURE_REG16/333947,0101000000E06FA602C1285AC040AE5A5A0C3A4940,POL:CPOLE:C265402,,COMPANY,LOC_C6265713,IPL,,0,SPST_APOLES,9.114,REGNSK,m,5,,REGNSK01,SASKTEL,,20240530(plets1): Pole is removed ,100875,,,,,,,AE
STRUCTURE_REG16/336071,0101000000300093D586295AC0A80D7AE89B3A4940,POL:PPOLE::8336844,,POWER,LOC_C6222497,IPL,,0,,0.0,REGNSK,m,,,REGNSK04,SASKPOWER,2015,,,,,,,0010,978693,AE
STRUCTURE_REG16/337313,010100000010F40F097C2A5AC0E8634A004B3C4940,POL:PPOLE:C203371,,POWER,LOC_C6204529,IPL,,0,,,REGNSK,m,,,REGNSK04,SASKPOWER,,,,,,,,,,AE
STRUCTURE_REG16/337419,0101000000BC7B35AACD295AC0D0A62AA75C3B4940,POL:PPOLE:C223682,,POWER,LOC_C6224571,IPL,,0,,,REGNSK,m,,,REGNSK04,SASKPOWER,,,,,,,,,,AE
STRUCTURE_REG16/337583,01010000005CCC91F3B0295AC080669F80D3394940,POL:PPOLE:C192616,,POWER,LOC_C6194005,IPL,,0,,,REGNSK,m,,,REGNSK01,SASKPOWER,,,,,,,,,,AE
STRUCTURE_REG16/338012,010100000070404D587B2A5AC0B8890A77DC3A4940,POL:PPOLE:C200730,,POWER,LOC_C6201922,IPL,,0,,,REGNSK,m,,,REGNSK04,SASKPOWER,,,,,,,,,,AE
STRUCTURE_REG16/338103,0101000000F8890F5B362A5AC058F36165503B4940,POL:PPOLE:C233013,,POWER,LOC_C6233747,IPL,,0,,,REGNSK,m,,,REGNSK04,SASKPOWER,,,,,,,,,,AE
STRUCTURE_REG16/338114,0101000000B05B590FD0285AC0586BF278003C4940,POL:PPOLE:C186882,,POWER,LOC_C6188471,IPL,,0,,,REGNSK,m,,,REGNSK01,SASKPOWER,,,,,BN,,,,,AE
STRUCTURE_REG16/338115,0101000000D4DD5A2BFC285AC0B0D989E6CF3B4940,POL:PPOLE:C188858,,POWER,LOC_C6190343,IPL,,0,,,REGNSK,m,,,REGNSK01,SASKPOWER,,,,,,,,,,AE
STRUCTURE_REG16/338116,0101000000445D4729FC285AC01812836FC33B4940,POL:PPOLE:C188860,,POWER,LOC_C6190345,IPL,,0,,,REGNSK,m,,,REGNSK01,SASKPOWER,,,,,BN,,,,,AE
STRUCTURE_REG16/338117,0101000000C86B1391DB285AC0580B093E643B4940,POL:PPOLE:C188902,,POWER,LOC_C6190390,IPL,,0,,,REGNSK,m,,,REGNSK01,SASKPOWER,,,,,,,,,,AE
STRUCTURE_REG16/338128,0101000000F01939D310295AC0A8FD04F49B3A4940,POL:PPOLE:C197359,,POWER,LOC_C6198603,IPL,,0,,,REGNSK,m,,,REGNSK01,SASKPOWER,,,,,,,,,,AE
STRUCTURE_REG16/338143,0101000000A8B93AD209295AC0F08E7A5F873A4940,POL:PPOLE:C197450,,POWER,LOC_C6198693,IPL,,0,,,REGNSK,m,,,REGNSK01,SASKPOWER,,,,,,,,,,AE
STRUCTURE_REG16/338198,01010000006078617528295AC098733645093B4940,POL:PPOLE:C199274,,POWER,LOC_C6200501,IPL,,0,,,REGNSK,m,,,REGNSK01,SASKPOWER,,,,,,,,,,AE
STRUCTURE_REG16/338247,0101000000BC8EE91D6F295AC010EFE8D5793B4940,POL:PPOLE:C191893,,POWER,LOC_C6193316,IPL,,0,,,REGNSK,m,,,REGNSK04,SASKPOWER,,,,,,,,,,AE
STRUCTURE_REG16/338281,0101000000385C5FAF662B5AC070169E207C3A4940,POL:PPOLE:C213096,,POWER,LOC_C6214100,IPL,,0,,,REGNSK,m,,,REGNSK04,SASKPOWER,,,,,,,,,,AE
STRUCTURE_REG16/338287,0101000000F4045C6CC7295AC080FE31D0DC3A4940,POL:PPOLE:C220293,,POWER,LOC_C6221231,IPL,,0,,,REGNSK,m,,,REGNSK04,SASKPOWER,,,,,,,,,,AE
STRUCTURE_REG16/338291,0101000000045CA81368295AC0202AA4A16B3A4940,POL:PPOLE:C216697,,POWER,LOC_C6217663,IPL,,0,,,REGNSK,m,,,REGNSK04,SASKPOWER,,,,,,,,,,AE
STRUCTURE_REG16/338292,010100000008C436D287295AC0D869A613BA3A4940,POL:PPOLE:C222994,,POWER,LOC_C6223889,IPL,,0,,,REGNSK,m,,,REGNSK04,SASKPOWER,,,,,,,,,,AE
STRUCTURE_REG16/338297,0101000000D07ACAFA45295AC0D84B73C8D93A4940,POL:PPOLE:C220748,,POWER,LOC_C6221687,IPL,,0,,,REGNSK,m,,,REGNSK04,SASKPOWER,2002,,,,,,,,,AE
STRUCTURE_REG16/338312,0101000000506FE2EB38295AC0788C52AC543A4940,POL:PPOLE:C216784,,POWER,LOC_C6217749,IPL,,0,,,REGNSK,m,,,REGNSK04,SASKPOWER,,,,,,,,,,AE
STRUCTURE_REG16/338314,010100000060347E2352295AC0C8FCCC5B203B4940,POL:PPOLE:C217972,,POWER,LOC_C6218924,IPL,,0,,,REGNSK,m,,,REGNSK04,SASKPOWER,1972,,,,,,,,,AE
STRUCTURE_REG16/338315,010100000010DF08D979295AC070920654CB3A4940,POL:PPOLE:C218046,,POWER,LOC_C6218994,IPL,,0,,,REGNSK,m,,,REGNSK04,SASKPOWER,,,,,BN,,,,,AE
STRUCTURE_REG16/338317,0101000000F425699EE6295AC008DEA095F23A4940,POL:PPOLE:C220446,,POWER,LOC_C6221384,IPL,,0,,,REGNSK,m,,,REGNSK04,SASKPOWER,,,,,,,,,,AE
STRUCTURE_REG16/338318,0101000000E85305D8042A5AC088EDBD7EDC3A4940,POL:PPOLE:C220469,,POWER,LOC_C6221411,IPL,,0,,,REGNSK,m,,,REGNSK04,SASKPOWER,,,,,,,,,,AE
STRUCTURE_REG16/338347,0101000000ECB59685732A5AC038BAE8709C3B4940,POL:PPOLE:C193885,,POWER,LOC_C6195197,IPL,,0,,,REGNSK,m,,,REGNSK04,SASKPOWER,,,,,,,,,,AE
STRUCTURE_REG16/338358,0101000000C8A78D0B63295AC0A0F8A3A8333B4940,POL:PPOLE:C215947,,POWER,LOC_C6216922,IPL,,0,,,REGNSK,m,,,REGNSK04,SASKPOWER,2002,,,,,,,,,AE
STRUCTURE_REG16/338364,01010000004C925A9ACE295AC0D886B6A8BE3B4940,POL:PPOLE:C223539,,POWER,LOC_C6224430,IPL,,0,,,REGNSK,m,,,REGNSK04,SASKPOWER,,,,,BN,,,,,AE
STRUCTURE_REG16/338365,0101000000C8EED335B6295AC060000979F33A4940,POL:PPOLE:C230006,,POWER,LOC_C6230824,IPL,,0,,,REGNSK,m,,,REGNSK04,SASKPOWER,,,,,,,,,,AE
STRUCTURE_REG16/338366,0101000000106B8B47B6295AC0B848E0FD1B3B4940,POL:PPOLE:C230016,,POWER,LOC_C6230832,IPL,,0,,,REGNSK,m,,,REGNSK04,SASKPOWER,,,,,,,,,,AE
STRUCTURE_REG16/338368,0101000000B4E62162892A5AC0789C7ECA1D3B4940,POL:PPOLE:C200773,,POWER,LOC_C6201964,IPL,,0,,,REGNSK,m,,,REGNSK04,SASKPOWER,,,,,,,,,,AE
STRUCTURE_REG16/338369,01010000009C39B862892A5AC0A870997A2D3B4940,POL:PPOLE:C200777,,POWER,LOC_C6201970,IPL,,0,,,REGNSK,m,,,REGNSK04,SASKPOWER,,,,,,,,,,AE
STRUCTURE_REG16/338370,01010000003462A24B9C295AC0C0A95666173B4940,POL:PPOLE:C230046,,POWER,LOC_C6230863,IPL,,0,,,REGNSK,m,,,REGNSK04,SASKPOWER,,,,,,,,,,AE
STRUCTURE_REG16/338371,0101000000A0C8B5FCDB295AC040B0043B863A4940,POL:PPOLE:C214711,,POWER,LOC_C6215691,IPL,,0,,,REGNSK,m,,,REGNSK04,SASKPOWER,,,,,,,,,,AE
STRUCTURE_REG16/338393,010100000070826B2B2C2A5AC0D040583F163B4940,POL:PPOLE:C220646,,POWER,LOC_C6221585,IPL,,0,,,REGNSK,m,,,REGNSK04,SASKPOWER,,,,,,,,,,AE
STRUCTURE_REG16/338396,01010000004CD95034A6295AC08800898E333B4940,POL:PPOLE:C230081,,POWER,LOC_C6230897,IPL,,0,,,REGNSK,m,,,REGNSK04,SASKPOWER,,,,,,,,,,AE
STRUCTURE_REG16/338413,0101000000D44D24F6FB285AC03029132B613C4940,POL:PPOLE:C193120,,POWER,LOC_C6194498,IPL,,0,,,REGNSK,m,,,REGNSK04,SASKPOWER,,,,,,,,,,AE
STRUCTURE_REG16/338414,010100000000A725F3FB285AC050A51AEE4A3C4940,POL:PPOLE:C193127,,POWER,LOC_C6194505,IPL,,0,,,REGNSK,m,,,REGNSK04,SASKPOWER,,,,,,,,,,AE
STRUCTURE_REG16/338417,01010000001CCEBF07B6295AC0B01CCCB9633B4940,POL:PPOLE:C220424,,POWER,LOC_C6221361,IPL,,0,,,REGNSK,m,,,REGNSK04,SASKPOWER,,,,,,,,,,AE
STRUCTURE_REG16/338418,0101000000D09E1E1D6F295AC030DD9B817F3B4940,POL:PPOLE:C191957,,POWER,LOC_C6193342,IPL,,0,,,REGNSK,m,,,REGNSK04,SASKPOWER,,,,,,,,,,AE
STRUCTURE_REG16/338526,0101000000A01B41FA2B2A5AC050C8B5AB543A4940,POL:PPOLE:C213604,,POWER,LOC_C6214611,IPL,,0,,,REGNSK,m,,,REGNSK04,SASKPOWER,,,,,,,,,,AE
STRUCTURE_REG16/339946,0101000000F84B040A12295AC08045BE85543C4940,POL:PPOLE:C193097,,POWER,LOC_C6194479,IPL,,0,,,REGNSK,m,,,REGNSK04,SASKPOWER,,,,,,,,,,AE
STRUCTURE_REG16/339958,010100000048A668B786295AC0502D7FB1033C4940,POL:PPOLE:C224609,,POWER,LOC_C6225491,IPL,,0,,,REGNSK,m,,,REGNSK04,SASKPOWER,,,,,,,,,,AE
STRUCTURE_REG16/339961,0101000000EC86B661892A5AC078CDD7DEC73A4940,POL:PPOLE:C200724,,POWER,LOC_C6201915,IPL,,0,,,REGNSK,m,,,REGNSK04,SASKPOWER,,,,,BN,,,,,AE
STRUCTURE_REG16/339981,0101000000985FBB1EA62B5AC000DF503F423B4940,POL:PPOLE:C195876,,POWER,LOC_C6197162,IPL,,0,,,REGNSK,m,,,REGNSK04,SASKPOWER,,,,,BN,,,,,AE
STRUCTURE_REG16/339983,0101000000E45E9DB9A02B5AC0C8A289E7943A4940,POL:PPOLE:C218929,,POWER,LOC_C6219884,IPL,,0,,,REGNSK,m,,,REGNSK04,SASKPOWER,,,,,,,,,,AE
STRUCTURE_REG16/339984,0101000000D0C59C23EF2B5AC0E802F4EE943A4940,POL:PPOLE:C221453,,POWER,LOC_C6222375,IPL,,0,,,REGNSK,m,,,REGNSK04,SASKPOWER,,,,,BN,,,,,AE
STRUCTURE_REG16/339992,010100000060206DBBA72B5AC0F0877DA76E3A4940,POL:PPOLE:C218982,,POWER,LOC_C6219942,IPL,,0,,,REGNSK,m,,,REGNSK04,SASKPOWER,,,,,,,,,,AE
STRUCTURE_REG16/340971,0101000000CC5AD756162A5AC050E1C6A2F33B4940,POL:PPOLE:C222520,,POWER,LOC_C6223422,IPL,,0,,,REGNSK,m,,,REGNSK04,SASKPOWER,,,,,,,,,,AE
STRUCTURE_REG16/343928,0101000000344BE87FB02A5AC080197C9C543A4940,POL:PPOLE:C223529,,POWER,LOC_C6224419,IPL,,0,,,REGNSK,m,,,REGNSK04,SASKPOWER,,,,,,,,,,AE
STRUCTURE_REG16/349949,01010000007083A97F732A5AC0408C168ECA3A4940,POL:PPOLE:C200718,,POWER,LOC_C6201907,IPL,,0,,,REGNSK,m,,,REGNSK04,SASKPOWER,,,,,,,,,,AE
STRUCTURE_REG16/350775,01010000009845E69970295AC0F04472C7553C4940,POL:PPOLE:C192078,,POWER,LOC_C6193465,IPL,,0,,,REGNSK,m,,,REGNSK04,SASKPOWER,,,,,,,,,,AE
STRUCTURE_REG16/353819,0101000000DCA30E5DB6295AC0C84CF8CB453B4940,POL:CPOLE:C232797,,COMPANY,LOC_C6233533,IPL,,0,SPST_APOLES,9.114,REGNSK,m,5,,REGNSK04,SASKTEL,,"20240530(plets1): Pole removed, converted to underground ",100875,,,,,,,AE
STRUCTURE_REG16/356943,010100000004A71CCBCF285AC0884C7FB77F3A4940,POL:PPOLE:C201119,,POWER,LOC_C6202308,IPL,,0,,,REGNSK,m,,,REGNSK01,SASKPOWER,,,,,,,,,,AE
STRUCTURE_REG16/356944,010100000010ECFFE9F4285AC030461696A33A4940,POL:PPOLE:C195727,,POWER,LOC_C6197056,IPL,,0,,,REGNSK,m,,,REGNSK01,SASKPOWER,,,,,,,,,,AE
STRUCTURE_REG16/356992,010100000094D3F1DA1D2A5AC0E0FCCC144B3C4940,POL:PPOLE:C228330,,POWER,LOC_C6229160,IPL,,0,,,REGNSK,m,,,REGNSK04,SASKPOWER,,,,,,,,,,AE
STRUCTURE_REG16/357103,01010000005C403294C8295AC0780BC221C3394940,POL:PPOLE:C192665,,POWER,LOC_C6194044,IPL,,0,,,REGNSK,m,,,REGNSK01,SASKPOWER,,,,,,,,,,AE
STRUCTURE_REG16/357334,01010000007C8DBC5D83295AC0305A0ECEC9394940,POL:PPOLE:C192548,,POWER,LOC_C6193935,IPL,,0,,,REGNSK,m,,,REGNSK01,SASKPOWER,,,,,,,,,,AE
STRUCTURE_REG16/357668,0101000000B0C09B91C8295AC0889D3A0DD3394940,POL:PPOLE:C192653,,POWER,LOC_C6194034,IPL,,0,,,REGNSK,m,,,REGNSK01,SASKPOWER,,,,,,,,,,AE
STRUCTURE_REG16/357691,0101000000208BE862892A5AC060473A75B83A4940,POL:PPOLE:C202849,,POWER,LOC_C6204023,IPL,,0,,,REGNSK,m,,,REGNSK04,SASKPOWER,,,,,,,,,,AE
STRUCTURE_REG16/357711,010100000004179FC0432A5AC070B41AE7763A4940,POL:PPOLE:C214349,,POWER,LOC_C6215336,IPL,,0,,,REGNSK,m,,,REGNSK04,SASKPOWER,,,,,,,,,,AE
STRUCTURE_REG16/357797,010100000038B05E3DF5285AC0587FD5159C3B4940,POL:PPOLE:C187315,,POWER,LOC_C6188879,IPL,,0,,,REGNSK,m,,,REGNSK01,SASKPOWER,,,,,BR,,,,,AE
STRUCTURE_REG16/357833,01010000007CD5557728295AC0B8459AC4153B4940,POL:PPOLE:C196779,,POWER,LOC_C6198022,IPL,,0,,,REGNSK,m,,,REGNSK01,SASKPOWER,,,,,,,,,,AE
STRUCTURE_REG16/357835,0101000000A489FFBA21295AC078BF625E9E3A4940,POL:PPOLE:C197536,,POWER,LOC_C6198781,IPL,,0,,,REGNSK,m,,,REGNSK01,SASKPOWER,,,,,,,,,,AE
STRUCTURE_REG16/357877,010100000040B2C9DF12295AC0F803EB93B73A4940,POL:PPOLE:C201060,,POWER,LOC_C6202250,IPL,,0,,,REGNSK,m,,,REGNSK01,SASKPOWER,,,,,BN,,,,,AE
STRUCTURE_REG16/357914,0101000000E49838619E295AC090209160B13B4940,POL:PPOLE:C220532,,POWER,LOC_C6221472,IPL,,0,,,REGNSK,m,,,REGNSK04,SASKPOWER,,,,,,,,,,AE
STRUCTURE_REG16/357959,01010000009892C0A7782B5AC0B8DA41948B3A4940,POL:PPOLE:C213113,,POWER,LOC_C6214118,IPL,,0,,,REGNSK,m,,,REGNSK04,SASKPOWER,,,,,BN,,,,,AE
STRUCTURE_REG16/357960,0101000000C038DE3B6F295AC0B00D478A9A3A4940,POL:PPOLE:C216648,,POWER,LOC_C6217617,IPL,,0,,,REGNSK,m,,,REGNSK04,SASKPOWER,,,,,,,,,,AE
STRUCTURE_REG16/357967,010100000058102D26742B5AC078CE4C266A3A4940,POL:PPOLE:C213131,,POWER,LOC_C6214135,IPL,,0,,,REGNSK,m,,,REGNSK04,SASKPOWER,,,,,,,,,,AE
STRUCTURE_REG16/357968,0101000000A835F5037C2A5AC0B8C3F5AE153C4940,POL:PPOLE:C203450,,POWER,LOC_C6204604,IPL,,0,,,REGNSK,m,,,REGNSK04,SASKPOWER,,,,,,,,,,AE
STRUCTURE_REG16/357969,010100000034B464027C2A5AC0F8A5C8D80B3C4940,POL:PPOLE:C203451,,POWER,LOC_C6204605,IPL,,0,,,REGNSK,m,,,REGNSK04,SASKPOWER,,,,,,,,,,AE
STRUCTURE_REG16/357970,01010000004C4EBFD467295AC080E00FB1543A4940,POL:PPOLE:C216715,,POWER,LOC_C6217683,IPL,,0,,,REGNSK,m,,,REGNSK04,SASKPOWER,,,,,,,,,,AE
STRUCTURE_REG16/357971,0101000000586149A557295AC0B8D13AF6683A4940,POL:PPOLE:C216749,,POWER,LOC_C6217714,IPL,,0,,,REGNSK,m,,,REGNSK04,SASKPOWER,,,,,,,,,,AE
STRUCTURE_REG16/357972,010100000018DF5BB447295AC0982E36AD543A4940,POL:PPOLE:C216762,,POWER,LOC_C6217729,IPL,,0,,,REGNSK,m,,,REGNSK04,SASKPOWER,,,,,,,,,,AE
STRUCTURE_REG16/357975,010100000068B9983EB22A5AC0C05E9C90873A4940,POL:PPOLE:C221101,,POWER,LOC_C6222032,IPL,,0,,,REGNSK,m,,,REGNSK04,SASKPOWER,,,,,,,,,,AE
STRUCTURE_REG16/357977,0101000000A8FCBB09012A5AC0C05930AF6B3B4940,POL:PPOLE:C223151,,POWER,LOC_C6224039,IPL,,0,,,REGNSK,m,,,REGNSK04,SASKPOWER,,,,,,,,,,AE
STRUCTURE_REG16/357982,0101000000D49AADBC442A5AC000D3C403163B4940,POL:PPOLE:C220706,,POWER,LOC_C6221646,IPL,,0,,,REGNSK,m,,,REGNSK04,SASKPOWER,,,,,,,,,,AE
STRUCTURE_REG16/357984,0101000000007C3BB2E72A5AC0D07B431E573A4940,POL:PPOLE:C220727,,POWER,LOC_C6221667,IPL,,0,,,REGNSK,m,,,REGNSK04,SASKPOWER,,,,,,,,,,AE
STRUCTURE_REG16/357996,010100000038726016F3295AC0B83F5795DC3A4940,POL:PPOLE:C220452,,POWER,LOC_C6221391,IPL,,0,,,REGNSK,m,,,REGNSK04,SASKPOWER,,,,,,,,,,AE
STRUCTURE_REG16/358010,0101000000AC1126649E295AC088F5D2C3793B4940,POL:PPOLE:C220571,,POWER,LOC_C6221515,IPL,,0,,,REGNSK,m,,,REGNSK04,SASKPOWER,,,,,,,,,,AE
STRUCTURE_REG16/358023,0101000000D8E93F1FD0285AC08030D085363C4940,POL:PPOLE:C193361,,POWER,LOC_C6194697,IPL,,0,,,REGNSK,m,,,REGNSK04,SASKPOWER,,,,,BN,,,,,AE
STRUCTURE_REG16/358027,0101000000E471A92EE6295AC0D008F4FE893A4940,POL:PPOLE:C214706,,POWER,LOC_C6215686,IPL,,0,,,REGNSK,m,,,REGNSK04,SASKPOWER,,,,,,,,,,AE
STRUCTURE_REG16/358032,0101000000545FF8E9A12A5AC008C549130F3B4940,POL:PPOLE:C200501,,POWER,LOC_C6201694,IPL,,0,,,REGNSK,m,,,REGNSK04,SASKPOWER,,,,,,,,,,AE
STRUCTURE_REG16/358045,0101000000D0B88605B6295AC0B82EFC4D993B4940,POL:PPOLE:C218539,,POWER,LOC_C6219493,IPL,,0,,,REGNSK,m,,,REGNSK04,SASKPOWER,,,,,,,,,,AE
STRUCTURE_REG16/358047,01010000002CBCE6E387295AC05835C97BD43A4940,POL:PPOLE:C229940,,POWER,LOC_C6230759,IPL,,0,,,REGNSK,m,,,REGNSK04,SASKPOWER,,,,,,,,,,AE
STRUCTURE_REG16/358051,010100000024868E64892A5AC0184C3D249F3B4940,POL:PPOLE:C195395,,POWER,LOC_C6196681,IPL,,0,,,REGNSK,m,,,REGNSK04,SASKPOWER,,,,,,,,,,AE
STRUCTURE_REG16/358054,0101000000F8D72405B7295AC048073242C53A4940,POL:PPOLE:C224384,,POWER,LOC_C6225263,IPL,,0,,,REGNSK,m,,,REGNSK04,SASKPOWER,,,,,,,,,,AE
STRUCTURE_REG16/358056,010100000044EA8EDC322A5AC09866638D893B4940,POL:PPOLE:C225475,,POWER,LOC_C6226350,IPL,,0,,,REGNSK,m,,,REGNSK04,SASKPOWER,,,,,,,,,,AE
STRUCTURE_REG16/358061,010100000058F12BDB692A5AC08089ED65503B4940,POL:PPOLE:C197779,,POWER,LOC_C6199016,IPL,,0,,,REGNSK,m,,,REGNSK04,SASKPOWER,,,,,,,,,,AE
STRUCTURE_REG16/358071,0101000000ACF7486E40295AC0C06860959F3A4940,POL:PPOLE:C216585,,POWER,LOC_C6217552,IPL,,0,,,REGNSK,m,,,REGNSK04,SASKPOWER,,,,,,,,,,AE
STRUCTURE_REG16/358079,0101000000A47AC3614F2A5AC0B0B37B6EB83B4940,POL:PPOLE:C220993,,POWER,LOC_C6221925,IPL,,0,,,REGNSK,m,,,REGNSK04,SASKPOWER,,,,,BN,,,,,AE
STRUCTURE_REG16/358090,0101000000E8FFD30F352B5AC0588E769A543A4940,POL:PPOLE:C223117,,POWER,LOC_C6224008,IPL,,0,,,REGNSK,m,,,REGNSK04,SASKPOWER,,,,,,,,,,AE
STRUCTURE_REG16/359228,0101000000CCB224C9BE2B5AC090D132A66E3A4940,POL:PPOLE:C219002,,POWER,LOC_C6219959,IPL,,0,,,REGNSK,m,,,REGNSK04,SASKPOWER,,,,,,,,,,AE
STRUCTURE_REG16/359548,0101000000881540C15D295AC078D3DC60E1394940,POL:PPOLE:C264415,,POWER,LOC_C6264738,IPL,,0,,,REGNSK,m,,,REGNSK01,SASKPOWER,,,,,,,,,,AE
STRUCTURE_REG16/359554,010100000004A61420BC295AC0C071225FE1394940,POL:PPOLE:C201990,,POWER,LOC_C6203457,IPL,,0,,,REGNSK,m,,,REGNSK01,SASKPOWER,,,,,,,,,,AE
STRUCTURE_REG16/359556,010100000034D25732152A5AC0A8B9D7144B3C4940,POL:PPOLE:C228327,,POWER,LOC_C6229156,IPL,,0,,,REGNSK,m,,,REGNSK04,SASKPOWER,,,,,,,,,,AE
STRUCTURE_REG16/370459,0101000000701432EDA12A5AC0D827F7DD223B4940,POL:PPOLE:C200504,,POWER,LOC_C6201697,IPL,,0,,,REGNSK,m,,,REGNSK04,SASKPOWER,,,,,BN,,,,,AE
STRUCTURE_REG16/370477,010100000034138D67902B5AC0806B5CA96E3A4940,POL:PPOLE:C218755,,POWER,LOC_C6219710,IPL,,0,,,REGNSK,m,,,REGNSK04,SASKPOWER,,,,,,,,,,AE
STRUCTURE_REG16/370478,01010000000C15BF36162A5AC040B136AF323B4940,POL:PPOLE:C220662,,POWER,LOC_C6221600,IPL,,0,,,REGNSK,m,,,REGNSK04,SASKPOWER,,,,,BN,,,,,AE
STRUCTURE_REG16/370479,0101000000DC9149F7A72A5AC0E0868BBB853A4940,POL:PPOLE:C221107,,POWER,LOC_C6222038,IPL,,0,,,REGNSK,m,,,REGNSK04,SASKPOWER,,,,,,,,,,AE
STRUCTURE_REG16/370493,0101000000841043EA172B5AC0F8C5070B613A4940,POL:PPOLE:C223412,,POWER,LOC_C6224304,IPL,,0,,,REGNSK,m,,,REGNSK04,SASKPOWER,,,,,,,,,,AE
STRUCTURE_REG16/370494,0101000000BC577C5C9E295AC0E0C2AA7CFA3B4940,POL:PPOLE:C227425,,POWER,LOC_C6228272,IPL,,0,,,REGNSK,m,,,REGNSK04,SASKPOWER,,,,,,,,,,AE
STRUCTURE_REG16/370877,01010000005096DF71432A5AC038209F83333A4940,POL:PPOLE:C277290,,POWER,LOC_C6277503,IPL,,0,,,REGNSK,m,,,REGNSK04,SASKPOWER,,NOT IN MARTENS,,,,,,,,AE
STRUCTURE_REG16/370974,01010000008C5D5DA6EA2B5AC03050F45B1C3B4940,POL:PPOLE:C196315,,POWER,LOC_C6197583,IPL,,0,,,REGNSK,m,,,REGNSK04,SASKPOWER,,,,,,,,,,AE
STRUCTURE_REG16/376574,010100000080DAFD97FC285AC0D82223866E3A4940,POL:PPOLE:C199444,,POWER,LOC_C6200668,IPL,,0,,,REGNSK,m,,,REGNSK01,SASKPOWER,,,,,,,,,,AE
STRUCTURE_REG16/376575,01010000001C59F1F4C7285AC028058011513A4940,POL:PPOLE:C201223,,POWER,LOC_C6202411,IPL,,0,,,REGNSK,m,,,REGNSK01,SASKPOWER,,,,,,,,,,AE
STRUCTURE_REG16/376576,0101000000A4835D6303295AC0D0E2B496783A4940,POL:PPOLE:C199568,,POWER,LOC_C6200792,IPL,,0,,,REGNSK,m,,,REGNSK01,SASKPOWER,,,,,,,,,,AE
STRUCTURE_REG16/376750,0101000000BCAFCC8655295AC080BCC4B6D7394940,POL:PPOLE:C220339,,POWER,LOC_C6221278,IPL,,0,,,REGNSK,m,,,REGNSK01,SASKPOWER,,,,,BN,,,,,AE
STRUCTURE_REG16/376827,010100000014076A0D12295AC0088EBFB2673C4940,POL:PPOLE:C193093,,POWER,LOC_C6194475,IPL,,0,,,REGNSK,m,,,REGNSK04,SASKPOWER,,,,,,,,,,AE
STRUCTURE_REG16/376841,01010000004018707D752A5AC0A88DAAC6D53B4940,POL:PPOLE:C195274,,POWER,LOC_C6196555,IPL,,0,,,REGNSK,m,,,REGNSK04,SASKPOWER,,,,,,,,,,AE
STRUCTURE_REG16/376979,0101000000EC91CA9D44295AC00077E38E0B3A4940,POL:PPOLE:C217725,,POWER,LOC_C6218684,IPL,,0,,,REGNSK,m,,,REGNSK01,SASKPOWER,,not in martens,,,,,,,,AE
STRUCTURE_REG16/376985,010100000038DC8D8C55295AC0885325B8BB394940,POL:PPOLE:C220331,,POWER,LOC_C6221270,IPL,,0,,,REGNSK,m,,,REGNSK01,SASKPOWER,,,,,,,,,,AE
STRUCTURE_REG16/377360,010100000014CB80F5B0295AC088D5CA17C3394940,POL:PPOLE:C192634,,POWER,LOC_C6194015,IPL,,0,,,REGNSK,m,,,REGNSK01,SASKPOWER,,,,,,,,,,AE
STRUCTURE_REG16/377384,0101000000F454B45D142A5AC0081910AD573A4940,POL:PPOLE:C213486,,POWER,LOC_C6214490,IPL,,0,,,REGNSK,m,,,REGNSK04,SASKPOWER,,,,,,,,,,AE
STRUCTURE_REG16/377407,01010000003C436F59142A5AC050D5DFAD543A4940,POL:PPOLE:C213485,,POWER,LOC_C6214489,IPL,,0,,,REGNSK,m,,,REGNSK04,SASKPOWER,,,,,,,,,,AE
STRUCTURE_REG16/377426,01010000009C0FDB85222A5AC010A87A76DC3A4940,POL:PPOLE:C220507,,POWER,LOC_C6221444,IPL,,0,,,REGNSK,m,,,REGNSK04,SASKPOWER,,,,,,,,,,AE
STRUCTURE_REG16/377486,010100000070F70194DB285AC0883E98E16D3B4940,POL:PPOLE:C273577,,POWER,LOC_C6273817,IPL,,0,,,REGNSK,m,,,REGNSK01,SASKPOWER,,,,,BN,,,,,AE
STRUCTURE_REG16/377487,0101000000E849BEE4CF285AC06090F4D6F13A4940,POL:PPOLE:C196597,,POWER,LOC_C6197844,IPL,,0,,,REGNSK,m,,,REGNSK01,SASKPOWER,,,,,,,,,,AE
STRUCTURE_REG16/377505,0101000000ECEA3B10D0285AC070971D7FF53B4940,POL:PPOLE:C186881,,POWER,LOC_C6188470,IPL,,0,,,REGNSK,m,,,REGNSK01,SASKPOWER,,,,,,,,,,AE
STRUCTURE_REG16/377506,0101000000649F0B46EC285AC018BAA69BDF3B4940,POL:PPOLE:C187082,,POWER,LOC_C6188650,IPL,,0,,,REGNSK,m,,,REGNSK01,SASKPOWER,,,,,,,,,,AE
STRUCTURE_REG16/377525,0101000000E8FF3DF4F4285AC0E02437714F3B4940,POL:PPOLE:C197008,,POWER,LOC_C6198244,IPL,,0,,,REGNSK,m,,,REGNSK01,SASKPOWER,,,,,,,,,,AE
STRUCTURE_REG16/377532,010100000034B760AEE7285AC068D4372EB83B4940,POL:PPOLE:C188485,,POWER,LOC_C6189987,IPL,,0,,,REGNSK,m,,,REGNSK01,SASKPOWER,,,,,,,,,,AE
STRUCTURE_REG16/377567,010100000090C63AE529295AC040AAD639FB3A4940,POL:PPOLE:C201189,,POWER,LOC_C6202379,IPL,,0,,,REGNSK,m,,,REGNSK01,SASKPOWER,,,,,,,,,,AE
STRUCTURE_REG16/377569,010100000034DA25350A295AC06055445A9E3A4940,POL:PPOLE:C197340,,POWER,LOC_C6198596,IPL,,0,,,REGNSK,m,,,REGNSK01,SASKPOWER,,,,,,,,,,AE
STRUCTURE_REG16/377589,0101000000D4961149FA285AC0B0E0A6F56D3B4940,POL:PPOLE:C188760,,POWER,LOC_C6190249,IPL,,0,,,REGNSK,m,,,REGNSK01,SASKPOWER,,,,,,,,,,AE
STRUCTURE_REG16/377599,010100000084C3CD07B6295AC010DDCEB9793B4940,POL:PPOLE:C218546,,POWER,LOC_C6219500,IPL,,0,,,REGNSK,m,,,REGNSK04,SASKPOWER,,,,,,,,,,AE
STRUCTURE_REG16/377628,0101000000C066C7E05D2B5AC0A0C28A207C3A4940,POL:PPOLE:C213022,,POWER,LOC_C6214026,IPL,,0,,,REGNSK,m,,,REGNSK04,SASKPOWER,,,,,,,,,,AE
STRUCTURE_REG16/377635,0101000000843717F1702A5AC000DD31BEED3B4940,POL:PPOLE:C203502,,POWER,LOC_C6204655,IPL,,0,,,REGNSK,m,,,REGNSK04,SASKPOWER,,,,,,,,,,AE
STRUCTURE_REG16/377636,010100000030C5F43B6F295AC0581C5E158A3A4940,POL:PPOLE:C216659,,POWER,LOC_C6217625,IPL,,0,,,REGNSK,m,,,REGNSK04,SASKPOWER,,,,,,,,,,AE
STRUCTURE_REG16/377637,0101000000E85BBDF567295AC008CEFD68873A4940,POL:PPOLE:C216671,,POWER,LOC_C6217638,IPL,,0,,,REGNSK,m,,,REGNSK04,SASKPOWER,,,,,,,,,,AE
STRUCTURE_REG16/377639,0101000000C464329B2E2B5AC0508C0A41733A4940,POL:PPOLE:C223123,,POWER,LOC_C6224014,IPL,,0,,,REGNSK,m,,,REGNSK04,SASKPOWER,,,,,,,,,,AE
STRUCTURE_REG16/377645,0101000000988034A34C2A5AC06096C265503B4940,POL:PPOLE:C233006,,POWER,LOC_C6233738,IPL,,0,,,REGNSK,m,,,REGNSK04,SASKPOWER,,,,,BN,,,,,AE
STRUCTURE_REG16/377654,0101000000704C653DF4295AC07861B7B1543A4940,POL:PPOLE:C213353,,POWER,LOC_C6214357,IPL,,0,,,REGNSK,m,,,REGNSK04,SASKPOWER,,,,,,,,,,AE
STRUCTURE_REG16/377655,0101000000306F24BCFC295AC088D4B7B0543A4940,POL:PPOLE:C213357,,POWER,LOC_C6214360,IPL,,0,,,REGNSK,m,,,REGNSK04,SASKPOWER,,,,,,,,,,AE
STRUCTURE_REG16/377656,0101000000D4AE945B362A5AC0680DDD0D5E3B4940,POL:PPOLE:C235471,,POWER,LOC_C6236168,IPL,,0,,,REGNSK,m,,,REGNSK04,SASKPOWER,,,,,,,,,,AE
STRUCTURE_REG16/377670,01010000002C6284629E295AC0D0E4725B993B4940,POL:PPOLE:C220560,,POWER,LOC_C6221500,IPL,,0,,,REGNSK,m,,,REGNSK04,SASKPOWER,,,,,,,,,,AE
STRUCTURE_REG16/377690,010100000010E0E503D12A5AC050536360623A4940,POL:PPOLE:C220583,,POWER,LOC_C6221520,IPL,,0,,,REGNSK,m,,,REGNSK04,SASKPOWER,,,,,BN,,,,,AE
STRUCTURE_REG16/377691,0101000000401D478DB82A5AC0003BDFD8FE3A4940,POL:PPOLE:C200822,,POWER,LOC_C6202014,IPL,,0,,,REGNSK,m,,,REGNSK04,SASKPOWER,,,,,,,,,,AE
STRUCTURE_REG16/377695,01010000002071D87BA6295AC0304C7EAF543A4940,POL:PPOLE:C214920,,POWER,LOC_C6215903,IPL,,0,,,REGNSK,m,,,REGNSK04,SASKPOWER,,,,,,,,,,AE
STRUCTURE_REG16/377702,0101000000EC2AABB669295AC050F071999F3A4940,POL:PPOLE:C216547,,POWER,LOC_C6217515,IPL,,0,,,REGNSK,m,,,REGNSK04,SASKPOWER,,,,,,,,,,AE
STRUCTURE_REG16/377703,010100000010385D3F52295AC0C85182969F3A4940,POL:PPOLE:C216563,,POWER,LOC_C6217530,IPL,,0,,,REGNSK,m,,,REGNSK04,SASKPOWER,,,,,,,,,,AE
STRUCTURE_REG16/377710,01010000006C738EFA7E295AC0E8348631503B4940,POL:PPOLE:C230110,,POWER,LOC_C6230927,IPL,,0,,,REGNSK,m,,,REGNSK04,SASKPOWER,,,,,,,,,,AE
STRUCTURE_REG16/377767,0101000000F00B84A47C2A5AC0C000A49E543A4940,POL:PPOLE:C223178,,POWER,LOC_C6224069,IPL,,0,,,REGNSK,m,,,REGNSK04,SASKPOWER,,,,,,,,,,AE
STRUCTURE_REG16/378862,0101000000881AE797EA2B5AC0F00A0FCAD63A4940,POL:PPOLE:C196357,,POWER,LOC_C6197626,IPL,,0,,,REGNSK,m,,,REGNSK04,SASKPOWER,,,,,,,,,,AE
STRUCTURE_REG16/379027,0101000000F08860D586295AC0306F4BA79F3A4940,POL:PPOLE:C221412,,POWER,LOC_C6222335,IPL,,0,,,REGNSK,m,,,REGNSK04,SASKPOWER,,,,,,,,,,AE
STRUCTURE_REG16/379283,010100000078F849EDB92B5AC078C352D1D63A4940,POL:PPOLE:C197761,,POWER,LOC_C6199003,IPL,,0,,,REGNSK,m,,,REGNSK04,SASKPOWER,,,,,BN,,,,,AE
STRUCTURE_REG16/379284,0101000000348F3D27EF2B5AC0788EBA70BC3A4940,POL:PPOLE:C221559,,POWER,LOC_C6222476,IPL,,0,,,REGNSK,m,,,REGNSK04,SASKPOWER,,,,,BN,,,,,AE
STRUCTURE_REG16/379290,0101000000202B690CAD2B5AC098EE036A533A4940,POL:PPOLE:C221674,,POWER,LOC_C6222573,IPL,,0,,,REGNSK,m,,,REGNSK04,SASKPOWER,,,,,,,,,,AE
STRUCTURE_REG16/379313,0101000000F0ED6AADA02B5AC0E81E8EF2EF3A4940,POL:PPOLE:C196222,,POWER,LOC_C6197499,IPL,,0,,,REGNSK,m,,,REGNSK04,SASKPOWER,,,,,,,,,,AE
STRUCTURE_REG16/379316,01010000006CA4CC03A12B5AC008289B4CFE3A4940,POL:PPOLE:C196195,,POWER,LOC_C6197472,IPL,,0,,,REGNSK,m,,,REGNSK04,SASKPOWER,,,,,,,,,,AE
STRUCTURE_REG16/380228,0101000000582E9E1EF4295AC088815BA2F33B4940,POL:PPOLE:C222455,,POWER,LOC_C6223352,IPL,,0,,,REGNSK,m,,,REGNSK04,SASKPOWER,,,,,,,,,,AE
STRUCTURE_REG16/380234,01010000009401F7D43B2A5AC0D0245859F13B4940,POL:PPOLE:C226511,,POWER,LOC_C6227375,IPL,,0,,,REGNSK,m,,,REGNSK04,SASKPOWER,,,,,BN,,,,,AE
STRUCTURE_REG16/380924,0101000000A476E41A6F295AC0E82B45E8A33B4940,POL:PPOLE:C191995,,POWER,LOC_C6193379,IPL,,0,,,REGNSK,m,,,REGNSK04,SASKPOWER,,,,,,,,,,AE
STRUCTURE_REG16/382477,01010000006CA2E475E7285AC0E0CAEC429F3A4940,POL:PPOLE:C195266,,POWER,LOC_C6196548,IPL,,0,,,REGNSK,m,,,REGNSK01,SASKPOWER,,,,,BN,,,,,AE
STRUCTURE_REG16/383218,01010000009C44BE2A9B2A5AC0E005E896543A4940,POL:PPOLE:C223192,,POWER,LOC_C6224082,IPL,,0,,,REGNSK,m,,,REGNSK04,SASKPOWER,,,,,,,,,,AE
STRUCTURE_REG16/389778,010100000048B5DAB92C2A5AC008925925273A4940,POL:PPOLE:C201896,,POWER,LOC_C6257790,IPL,,0,,,REGNSK,m,,,REGNSK04,SASKPOWER,,,,,,,,,,AE
STRUCTURE_REG16/390716,010100000054582769892A5AC008531482B13B4940,POL:PPOLE:C195401,,POWER,LOC_C6196688,IPL,,0,,,REGNSK,m,,,REGNSK04,SASKPOWER,,,,,BN,,,,,AE
STRUCTURE_REG16/396378,0101000000A88561D9CF285AC0E05EC3EDBF3A4940,POL:PPOLE:C196623,,POWER,LOC_C6197870,IPL,,0,,,REGNSK,m,,,REGNSK01,SASKPOWER,,,,,,,,,,AE
STRUCTURE_REG16/396385,010100000054D8DB7FE7285AC080AD4842DE3A4940,POL:PPOLE:C194933,,POWER,LOC_C6196220,IPL,,0,,,REGNSK,m,,,REGNSK01,SASKPOWER,,,,,,,,,,AE
STRUCTURE_REG16/396450,0101000000FCF65B8CB82A5AC0A0752067F13A4940,POL:PPOLE:C200828,,POWER,LOC_C6202021,IPL,,0,,,REGNSK,m,,,REGNSK04,SASKPOWER,,,,,,,,,,AE
STRUCTURE_REG16/396718,0101000000A4F554DA642A5AC0C0A2329D543A4940,POL:PPOLE:C214461,,POWER,LOC_C6215448,IPL,,0,,,REGNSK,m,,,REGNSK04,SASKPOWER,,,,,,,,,,AE
STRUCTURE_REG16/396797,01010000008C09015E3E295AC0385F731BC8394940,POL:PPOLE:C218397,,POWER,LOC_C6219345,IPL,,0,,,REGNSK,m,,,REGNSK01,SASKPOWER,,,,,,,,,,AE
STRUCTURE_REG16/396800,01010000000C3A309F7D295AC0A07D1EA3FC394940,POL:PPOLE:C279394,,POWER,LOC_C6279556,IPL,,0,,,REGNSK,m,,,REGNSK01,SASKPOWER,,,,,,,,,,AE
STRUCTURE_REG16/397216,0101000000804AD88E142A5AC018DBF757B83A4940,POL:PPOLE:C226486,,POWER,LOC_C6227349,IPL,,0,,,REGNSK,m,,,REGNSK04,SASKPOWER,,,,,,,,,,AE
STRUCTURE_REG16/397290,0101000000ECE3CBB8E7285AC000B004360D3C4940,POL:PPOLE:C186922,,POWER,LOC_C6188515,IPL,,0,,,REGNSK,m,,,REGNSK01,SASKPOWER,,,,,,,,,,AE
STRUCTURE_REG16/397318,010100000058B0917A28295AC018F69F95313B4940,POL:PPOLE:C199251,,POWER,LOC_C6200479,IPL,,0,,,REGNSK,m,,,REGNSK01,SASKPOWER,,,,,,,,,,AE
STRUCTURE_REG16/397334,01010000009C3B3BC5FC285AC04845D5AF343B4940,POL:PPOLE:C197353,,POWER,LOC_C6198597,IPL,,0,,,REGNSK,m,,,REGNSK01,SASKPOWER,,,,,,,,,,AE
STRUCTURE_REG16/397341,0101000000B8D96DB7E7285AC0B06D528A033C4940,POL:PPOLE:C186921,,POWER,LOC_C6188510,IPL,,0,,,REGNSK,m,,,REGNSK01,SASKPOWER,,,,,,,,,,AE
STRUCTURE_REG16/397346,0101000000C850CE7DDD285AC0A858969EDF3B4940,POL:PPOLE:C187078,,POWER,LOC_C6188649,IPL,,0,,,REGNSK,m,,,REGNSK01,SASKPOWER,,,,,,,,,,AE
STRUCTURE_REG16/397362,0101000000F43C2169E7285AC04050B8D56E3A4940,POL:PPOLE:C199737,,POWER,LOC_C6200957,IPL,,0,,,REGNSK,m,,,REGNSK01,SASKPOWER,,,,,BN,,,,,AE
STRUCTURE_REG16/397432,010100000040BA455141295AC0384D056D563C4940,POL:PPOLE:C192140,,POWER,LOC_C6193525,IPL,,0,,,REGNSK,m,,,REGNSK04,SASKPOWER,,,,,,,,,,AE
STRUCTURE_REG16/397439,0101000000BC9CAE2E742B5AC0D06DA51E7C3A4940,POL:PPOLE:C213106,,POWER,LOC_C6214110,IPL,,0,,,REGNSK,m,,,REGNSK04,SASKPOWER,,,,,,,,,,AE
STRUCTURE_REG16/397441,0101000000D4E7F265102B5AC068F75A267C3A4940,POL:PPOLE:C220333,,POWER,LOC_C6221272,IPL,,0,,,REGNSK,m,,,REGNSK04,SASKPOWER,,,,,,,,,,AE
STRUCTURE_REG16/397444,0101000000EC154615662A5AC0A08BE86CBB3B4940,POL:PPOLE:C193909,,POWER,LOC_C6195218,IPL,,0,,,REGNSK,m,,,REGNSK04,SASKPOWER,,,,,,,,,,AE
STRUCTURE_REG16/397446,0101000000ACF82D0A40295AC068265BA16B3A4940,POL:PPOLE:C216768,,POWER,LOC_C6217733,IPL,,0,,,REGNSK,m,,,REGNSK04,SASKPOWER,,,,,,,,,,AE
STRUCTURE_REG16/397447,010100000048CE775A38295AC0D07D155A023B4940,POL:PPOLE:C217648,,POWER,LOC_C6218604,IPL,,0,,,REGNSK,m,,,REGNSK04,SASKPOWER,2002,,,,,,,,,AE
STRUCTURE_REG16/397450,0101000000DCFD2B0A1F2B5AC0B824AC9F543A4940,POL:PPOLE:C223112,,POWER,LOC_C6224004,IPL,,0,,,REGNSK,m,,,REGNSK04,SASKPOWER,,,,,,,,,,AE
STRUCTURE_REG16/397455,010100000080BEFE685B2A5AC008544A65503B4940,POL:PPOLE:C232990,,POWER,LOC_C6233727,IPL,,0,,,REGNSK,m,,,REGNSK04,SASKPOWER,,,,,BN,,,,,AE
STRUCTURE_REG16/397458,0101000000249077E6FC295AC0489E843C7C3A4940,POL:PPOLE:C213371,,POWER,LOC_C6214375,IPL,,0,,,REGNSK,m,,,REGNSK04,SASKPOWER,,,,,,,,,,AE
STRUCTURE_REG16/397459,0101000000D4C47E260D2A5AC0B0E8C9AE543A4940,POL:PPOLE:C213481,,POWER,LOC_C6214487,IPL,,0,,,REGNSK,m,,,REGNSK04,SASKPOWER,,,,,,,,,,AE
STRUCTURE_REG16/397465,010100000080FB4B9CE6295AC050E0A2A2D03A4940,POL:PPOLE:C220447,,POWER,LOC_C6221385,IPL,,0,,,REGNSK,m,,,REGNSK04,SASKPOWER,,,,,,,,,,AE
STRUCTURE_REG16/397470,01010000004872DC03B6295AC0C04DB39EAC3B4940,POL:PPOLE:C218534,,POWER,LOC_C6219489,IPL,,0,,,REGNSK,m,,,REGNSK04,SASKPOWER,,,,,,,,,,AE
STRUCTURE_REG16/397475,01010000007C32E0DBFD295AC018A46B89893B4940,POL:PPOLE:C221189,,POWER,LOC_C6222116,IPL,,0,,,REGNSK,m,,,REGNSK04,SASKPOWER,,,,,BN,,,,,AE
STRUCTURE_REG16/397479,0101000000BCD7ADF1FB285AC0F09C3CB83D3C4940,POL:PPOLE:C193221,,POWER,LOC_C6194595,IPL,,0,,,REGNSK,m,,,REGNSK04,SASKPOWER,,,,,,,,,,AE
STRUCTURE_REG16/397484,01010000008CE1301FD0285AC098118C8D3D3C4940,POL:PPOLE:C193359,,POWER,LOC_C6194695,IPL,,0,,,REGNSK,m,,,REGNSK04,SASKPOWER,,,,,,,,,,AE
STRUCTURE_REG16/397486,0101000000C4508D186F295AC000B637F0D13B4940,POL:PPOLE:C192392,,POWER,LOC_C6193782,IPL,,0,,,REGNSK,m,,,REGNSK04,SASKPOWER,,,,,,,,,,AE
STRUCTURE_REG16/397490,01010000005C9263E8A12A5AC060E7C28F443B4940,POL:PPOLE:C200534,,POWER,LOC_C6201724,IPL,,0,,,REGNSK,m,,,REGNSK04,SASKPOWER,,,,,,,,,,AE
STRUCTURE_REG16/397491,0101000000CC29D0406F295AC0C02D9E35503B4940,POL:PPOLE:C262059,,POWER,LOC_C6262401,IPL,,0,,,REGNSK,m,,,REGNSK04,SASKPOWER,,,,,,,,,,AE
STRUCTURE_REG16/397496,01010000007008A8B2A0295AC098E14094E43A4940,POL:PPOLE:C229980,,POWER,LOC_C6230798,IPL,,0,,,REGNSK,m,,,REGNSK04,SASKPOWER,,,,,BN,,,,,AE
STRUCTURE_REG16/397497,0101000000648C7C4FA6295AC0B0717638E83A4940,POL:PPOLE:C229985,,POWER,LOC_C6230805,IPL,,0,,,REGNSK,m,,,REGNSK04,SASKPOWER,,,,,,,,,,AE
STRUCTURE_REG16/397500,0101000000AC91BC24822A5AC0D08082110F3B4940,POL:PPOLE:C200763,,POWER,LOC_C6201955,IPL,,0,,,REGNSK,m,,,REGNSK04,SASKPOWER,,,,,,,,,,AE
STRUCTURE_REG16/397501,01010000007CDB6CDCFD295AC018AFF2D1503B4940,POL:PPOLE:C223473,,POWER,LOC_C6224365,IPL,,0,,,REGNSK,m,,,REGNSK04,SASKPOWER,,,,,,,,,,AE
STRUCTURE_REG16/397502,0101000000A8A3C25C5B2A5AC0386F37569C3B4940,POL:PPOLE:C225423,,POWER,LOC_C6226304,IPL,,0,,,REGNSK,m,,,REGNSK04,SASKPOWER,,,,,,,,,,AE
STRUCTURE_REG16/397505,01010000003CD5C3C5A1295AC068333CCDF43A4940,POL:PPOLE:C230029,,POWER,LOC_C6230846,IPL,,0,,,REGNSK,m,,,REGNSK04,SASKPOWER,,,,,,,,,,AE
STRUCTURE_REG16/397511,0101000000ECA91305B7295AC0407DE4A66B3A4940,POL:PPOLE:C214898,,POWER,LOC_C6215880,IPL,,0,,,REGNSK,m,,,REGNSK04,SASKPOWER,,,,,BN,,,,,AE
STRUCTURE_REG16/397517,01010000001810688348295AC0D85AA867873A4940,POL:PPOLE:C216628,,POWER,LOC_C6217595,IPL,,0,,,REGNSK,m,,,REGNSK04,SASKPOWER,,,,,,,,,,AE
STRUCTURE_REG16/397519,0101000000E4F3F68C092B5AC040F6FFE68F3A4940,POL:PPOLE:C220954,,POWER,LOC_C6221889,IPL,,0,,,REGNSK,m,,,REGNSK04,SASKPOWER,,,,,,,,,,AE
STRUCTURE_REG16/397521,0101000000F831AB4C98295AC0109D992B863A4940,POL:PPOLE:C221477,,POWER,LOC_C6222399,IPL,,0,,,REGNSK,m,,,REGNSK04,SASKPOWER,,,,,,,,,,AE
STRUCTURE_REG16/397528,010100000004800B619E295AC0808C0C21503B4940,POL:PPOLE:C230103,,POWER,LOC_C6230921,IPL,,0,,,REGNSK,m,,,REGNSK04,SASKPOWER,,,,,,,,,,AE
STRUCTURE_REG16/397534,0101000000C42FDDA0CD295AC0F8313DD35E3A4940,POL:PPOLE:C212971,,POWER,LOC_C6213975,IPL,,0,,,REGNSK,m,,,REGNSK04,SASKPOWER,,,,,BN,,,,,AE
STRUCTURE_REG16/397535,0101000000984C33E2642B5AC0C08A5062533A4940,POL:PPOLE:C213016,,POWER,LOC_C6214020,IPL,,0,,,REGNSK,m,,,REGNSK04,SASKPOWER,,,,,,,,,,AE
STRUCTURE_REG16/397537,0101000000E84DC6AA61295AC048EB6B74C63B4940,POL:PPOLE:C192121,,POWER,LOC_C6193506,IPL,,0,,,REGNSK,m,,,REGNSK04,SASKPOWER,,,,,,,,,,AE
STRUCTURE_REG16/397548,01010000003CE4EEF2FB285AC0E80E2A2A483C4940,POL:PPOLE:C193150,,POWER,LOC_C6194528,IPL,,0,,,REGNSK,m,,,REGNSK04,SASKPOWER,,,,,,,,,,AE
STRUCTURE_REG16/397560,010100000058C2E68B59295AC0C04560ACAF3B4940,POL:PPOLE:C192416,,POWER,LOC_C6193805,IPL,,0,,,REGNSK,m,,,REGNSK04,SASKPOWER,,,,,,,,,,AE
STRUCTURE_REG16/397561,01010000002C761EBC86295AC0488BD581D43B4940,POL:PPOLE:C220633,,POWER,LOC_C6221571,IPL,,0,,,REGNSK,m,,,REGNSK04,SASKPOWER,,,,,BN,,,,,AE
STRUCTURE_REG16/397566,010100000024C180FD6E295AC0389222A4013C4940,POL:PPOLE:C194031,,POWER,LOC_C6195332,IPL,,0,,,REGNSK,m,,,REGNSK04,SASKPOWER,,,,,,,,,,AE
STRUCTURE_REG16/398114,010100000040596396BE285AC0F0D3B5EC0C3A4940,POL:PPOLE:C265404,,POWER,LOC_C6265715,IPL,,0,,,REGNSK,m,,,REGNSK01,SASKPOWER,,,,,,,,,,AE
STRUCTURE_REG16/399084,010100000004751A3497295AC098860758E1394940,POL:PPOLE:C202295,,POWER,LOC_C6203478,IPL,,0,,,REGNSK,m,,,REGNSK01,SASKPOWER,,,,,,,,,,AE
STRUCTURE_REG16/399128,0101000000ACF72FD1BF2B5AC0A0F8CC27253B4940,POL:PPOLE:C195919,,POWER,LOC_C6197199,IPL,,0,,,REGNSK,m,,,REGNSK04,SASKPOWER,,,,,,,,,,AE
STRUCTURE_REG16/399145,01010000004CDAD2A5EA2B5AC040A4274BFE3A4940,POL:PPOLE:C196136,,POWER,LOC_C6197419,IPL,,0,,,REGNSK,m,,,REGNSK04,SASKPOWER,,,,,,,,,,AE
STRUCTURE_REG16/400089,0101000000BCD1CE36652A5AC030EE9BA2F33B4940,POL:PPOLE:C203496,,POWER,LOC_C6204652,IPL,,0,,,REGNSK,m,,,REGNSK04,SASKPOWER,,,,,,,,,,AE
STRUCTURE_REG16/410054,010100000038925B2B6B295AC018462AC11F3B4940,POL:PPOLE:C217932,,POWER,LOC_C6218885,IPL,,0,,,REGNSK,m,,,REGNSK04,SASKPOWER,1972,,,,,,,,,AE
STRUCTURE_REG16/410062,0101000000D08C59B7A02B5AC040A4B8AD643A4940,POL:PPOLE:C221609,,POWER,LOC_C6222525,IPL,,0,,,REGNSK,m,,,REGNSK04,SASKPOWER,,,,,,,,,,AE
STRUCTURE_REG16/410069,01010000009C6B0940B6295AC090EF7566033B4940,POL:PPOLE:C230024,,POWER,LOC_C6230842,IPL,,0,,,REGNSK,m,,,REGNSK04,SASKPOWER,,,,,,,,,,AE
STRUCTURE_REG16/410286,0101000000FCB55C0011295AC0983C0BA0EA3B4940,POL:PPOLE:C187094,,POWER,LOC_C6188665,IPL,,0,,,REGNSK,m,,,REGNSK01,SASKPOWER,,,,,,,,,,AE
STRUCTURE_REG16/410563,0101000000D0E0DC7D732A5AC0E0DD7A82013B4940,POL:PPOLE:C200651,,POWER,LOC_C6201841,IPL,,0,,,REGNSK,m,,,REGNSK04,SASKPOWER,,,,,,,,,,AE
STRUCTURE_REG16/413164,010100000088474258B6295AC078E84E2C473B4940,POL:CPOLE:C232789,,COMPANY,LOC_C6233529,IPL,,0,SPST_APOLES,9.114,REGNSK,m,5,,REGNSK04,SASKTEL,,"20240530(plets1): Pole removed, converted to underground ",100875,,,,,,,AE
STRUCTURE_REG16/416120,0101000000C07CCA48F5285AC0C8B5DE32113B4940,POL:PPOLE::7275542,,POWER,LOC_7149679,IPL,,0,,0.0,REGNSK,m,,,REGNSK01,SASKPOWER,2013,,,,,,,,0,AE
STRUCTURE_REG16/416284,0101000000288B0EBDCF285AC060D0AF0B513A4940,POL:PPOLE:C201198,,POWER,LOC_C6202384,IPL,,0,,,REGNSK,m,,,REGNSK01,SASKPOWER,,,,,,,,,,AE
STRUCTURE_REG16/416286,0101000000D4C1518AE7285AC018880075FD3A4940,POL:PPOLE:C194922,,POWER,LOC_C6196210,IPL,,0,,,REGNSK,m,,,REGNSK01,SASKPOWER,,,,,,,,,,AE
STRUCTURE_REG16/416287,0101000000344B39C7CF285AC01885DE016F3A4940,POL:PPOLE:C201157,,POWER,LOC_C6202346,IPL,,0,,,REGNSK,m,,,REGNSK01,SASKPOWER,,,,,BN,,,,,AE
STRUCTURE_REG16/416288,01010000001C92AD7003295AC078EE571DD33A4940,POL:PPOLE:C201863,,POWER,LOC_C6203045,IPL,,0,,,REGNSK,m,,,REGNSK01,SASKPOWER,,,,,,,,,,AE
STRUCTURE_REG16/416290,0101000000DC93FE93FC285AC0600D37EA653A4940,POL:PPOLE:C199457,,POWER,LOC_C6200678,IPL,,0,,,REGNSK,m,,,REGNSK01,SASKPOWER,,,,,,,,,,AE
STRUCTURE_REG16/416332,0101000000B4FBAD81732A5AC0903C079E543A4940,POL:PPOLE:C223176,,POWER,LOC_C6224064,IPL,,0,,,REGNSK,m,,,REGNSK04,SASKPOWER,,,,,,,,,,AE
STRUCTURE_REG16/416675,0101000000B011E390C8295AC0A00E14ADD9394940,POL:PPOLE:C192651,,POWER,LOC_C6194032,IPL,,0,,,REGNSK,m,,,REGNSK01,SASKPOWER,,,,,BN,,,,,AE
STRUCTURE_REG16/417048,010100000044890A9391295AC080BA6463383A4940,POL:PPOLE:C248385,,POWER,LOC_C6248876,IPL,,0,,,REGNSK,m,,,REGNSK01,SASKPOWER,,,,,,,,,,AE
STRUCTURE_REG16/417069,01010000003CE2D62B2C2A5AC078D3D6F0833A4940,POL:PPOLE:C213624,,POWER,LOC_C6214630,IPL,,0,,,REGNSK,m,,,REGNSK04,SASKPOWER,,,,,,,,,,AE
STRUCTURE_REG16/417160,0101000000C06F649AC0285AC0B0A636CEAC3B4940,POL:PPOLE:C193748,,POWER,LOC_C6195064,IPL,,0,,,REGNSK,m,,,REGNSK01,SASKPOWER,,,,,,,,,,AE
STRUCTURE_REG16/417166,010100000044C761721B295AC008245C93313B4940,POL:PPOLE:C199235,,POWER,LOC_C6200461,IPL,,0,,,REGNSK,m,,,REGNSK01,SASKPOWER,,,,,,,,,,AE
STRUCTURE_REG16/417178,0101000000A47275282C2A5AC0E0CDE5367C3A4940,POL:PPOLE:C213616,,POWER,LOC_C6214627,IPL,,0,,,REGNSK,m,,,REGNSK04,SASKPOWER,,,,,,,,,,AE
STRUCTURE_REG16/417196,01010000001821FEBFFC285AC0A0B6019D1E3B4940,POL:PPOLE:C197323,,POWER,LOC_C6198574,IPL,,0,,,REGNSK,m,,,REGNSK01,SASKPOWER,,,,,,,,,,AE
STRUCTURE_REG16/417202,01010000007C87AAB1E7285AC000F0F25BD13B4940,POL:PPOLE:C188470,,POWER,LOC_C6189971,IPL,,0,,,REGNSK,m,,,REGNSK01,SASKPOWER,,,,,,,,,,AE
STRUCTURE_REG16/417214,01010000007C20717628295AC038C9401FDE3A4940,POL:PPOLE:C196677,,POWER,LOC_C6197918,IPL,,0,,,REGNSK,m,,,REGNSK01,SASKPOWER,,,,,,,,,,AE
STRUCTURE_REG16/417244,010100000068E589E012295AC0D879355CBE3A4940,POL:PPOLE:C196704,,POWER,LOC_C6197957,IPL,,0,,,REGNSK,m,,,REGNSK01,SASKPOWER,,,,,,,,,,AE
STRUCTURE_REG16/417261,01010000001C6EFE94E7285AC0881CE376273B4940,POL:PPOLE:C194899,,POWER,LOC_C6196186,IPL,,0,,,REGNSK,m,,,REGNSK01,SASKPOWER,,,,,,,,,,AE
STRUCTURE_REG16/417307,01010000005C77A9C74C2B5AC050D22B217C3A4940,POL:PPOLE:C213088,,POWER,LOC_C6214092,IPL,,0,,,REGNSK,m,,,REGNSK04,SASKPOWER,,,,,,,,,,AE
STRUCTURE_REG16/417310,01010000002C5AF9C5E22A5AC0E0F6DC2D7C3A4940,POL:PPOLE:C220313,,POWER,LOC_C6221252,IPL,,0,,,REGNSK,m,,,REGNSK04,SASKPOWER,,,,,,,,,,AE
STRUCTURE_REG16/417311,0101000000B8D4FC89CE295AC0F88ADDC7DC3A4940,POL:PPOLE:C220327,,POWER,LOC_C6221265,IPL,,0,,,REGNSK,m,,,REGNSK04,SASKPOWER,,,,,BN,,,,,AE
STRUCTURE_REG16/417313,0101000000DC440907B6295AC018B28FC2733B4940,POL:PPOLE:C220416,,POWER,LOC_C6221356,IPL,,0,,,REGNSK,m,,,REGNSK04,SASKPOWER,,,,,,,,,,AE
STRUCTURE_REG16/417315,0101000000185F394A77295AC0606213A36B3A4940,POL:PPOLE:C216687,,POWER,LOC_C6217654,IPL,,0,,,REGNSK,m,,,REGNSK04,SASKPOWER,,,,,,,,,,AE
STRUCTURE_REG16/417317,010100000010CF53C952295AC0201F3FB1543A4940,POL:PPOLE:C216736,,POWER,LOC_C6217703,IPL,,0,,,REGNSK,m,,,REGNSK04,SASKPOWER,,,,,,,,,,AE
STRUCTURE_REG16/417318,0101000000FC93A32638295AC0B8994BC3133B4940,POL:PPOLE:C217591,,POWER,LOC_C6218547,IPL,,0,,,REGNSK,m,,,REGNSK04,SASKPOWER,2002,,,,,,,,,AE
STRUCTURE_REG16/417319,0101000000ACF5B9982E2B5AC030B44C895B3A4940,POL:PPOLE:C223119,,POWER,LOC_C6224011,IPL,,0,,,REGNSK,m,,,REGNSK04,SASKPOWER,,,,,,,,,,AE
STRUCTURE_REG16/417323,0101000000E4204B93302A5AC010835CC3BB3B4940,POL:PPOLE:C221120,,POWER,LOC_C6222050,IPL,,0,,,REGNSK,m,,,REGNSK04,SASKPOWER,,,,,,,,,,AE
STRUCTURE_REG16/417329,0101000000587580D4242A5AC0B8DBA9B16B3B4940,POL:PPOLE:C223170,,POWER,LOC_C6224058,IPL,,0,,,REGNSK,m,,,REGNSK04,SASKPOWER,,,,,,,,,,AE
STRUCTURE_REG16/417338,0101000000F8B467EFFC295AC0F8B6FEA2F33A4940,POL:PPOLE:C220460,,POWER,LOC_C6221397,IPL,,0,,,REGNSK,m,,,REGNSK04,SASKPOWER,,,,,,,,,,AE
STRUCTURE_REG16/417339,01010000009477B7AD0B2A5AC0802E6576DC3A4940,POL:PPOLE:C220475,,POWER,LOC_C6221414,IPL,,0,,,REGNSK,m,,,REGNSK04,SASKPOWER,,,,,,,,,,AE
STRUCTURE_REG16/417354,010100000058A8ACDBFD295AC0F88B9D537D3B4940,POL:PPOLE:C221192,,POWER,LOC_C6222120,IPL,,0,,,REGNSK,m,,,REGNSK04,SASKPOWER,,,,,,,,,,AE
STRUCTURE_REG16/417366,01010000005C601E7E732A5AC0406E0E30633B4940,POL:PPOLE:C193868,,POWER,LOC_C6195176,IPL,,0,,,REGNSK,m,,,REGNSK04,SASKPOWER,,,,,,,,,,AE
STRUCTURE_REG16/417368,010100000078C2EC47E5295AC0304D0423CF3B4940,POL:PPOLE:C223261,,POWER,LOC_C6224151,IPL,,0,,,REGNSK,m,,,REGNSK04,SASKPOWER,,,,,,,,,,AE
STRUCTURE_REG16/417369,0101000000641E003E462B5AC098B9BB99543A4940,POL:PPOLE:C218329,,POWER,LOC_C6219276,IPL,,0,,,REGNSK,m,,,REGNSK04,SASKPOWER,,,,,,,,,,AE
STRUCTURE_REG16/417374,010100000004CEDCEDA12A5AC08017BD8D2C3B4940,POL:PPOLE:C200515,,POWER,LOC_C6201711,IPL,,0,,,REGNSK,m,,,REGNSK04,SASKPOWER,,,,,,,,,,AE
STRUCTURE_REG16/417377,01010000000436567E732A5AC0605F1589F83A4940,POL:PPOLE:C200652,,POWER,LOC_C6201843,IPL,,0,,,REGNSK,m,,,REGNSK04,SASKPOWER,,,,,BN,,,,,AE
STRUCTURE_REG16/417378,0101000000F0CA5D9ACE295AC0003A2A76B53B4940,POL:PPOLE:C223536,,POWER,LOC_C6224427,IPL,,0,,,REGNSK,m,,,REGNSK04,SASKPOWER,,,,,,,,,,AE
STRUCTURE_REG16/417379,010100000024EC3603B7295AC070187ACEDA3A4940,POL:PPOLE:C224377,,POWER,LOC_C6225257,IPL,,0,,,REGNSK,m,,,REGNSK04,SASKPOWER,,,,,,,,,,AE
STRUCTURE_REG16/417380,010100000074190645B6295AC048296C9C133B4940,POL:PPOLE:C230018,,POWER,LOC_C6230835,IPL,,0,,,REGNSK,m,,,REGNSK04,SASKPOWER,,,,,,,,,,AE
STRUCTURE_REG16/417386,010100000064164367892A5AC0C8910D92A83B4940,POL:PPOLE:C195397,,POWER,LOC_C6196682,IPL,,0,,,REGNSK,m,,,REGNSK04,SASKPOWER,,,,,,,,,,AE
STRUCTURE_REG16/417389,0101000000B415FBCBEE2A5AC048A2DE93543A4940,POL:PPOLE:C223518,,POWER,LOC_C6224408,IPL,,0,,,REGNSK,m,,,REGNSK04,SASKPOWER,,,,,,,,,,AE
STRUCTURE_REG16/417390,0101000000646CE8669F295AC0180D8B51D73A4940,POL:PPOLE:C224465,,POWER,LOC_C6225346,IPL,,0,,,REGNSK,m,,,REGNSK04,SASKPOWER,,,,,,,,,,AE
STRUCTURE_REG16/417407,01010000002051E168C4295AC078617A4E7C3A4940,POL:PPOLE:C220137,,POWER,LOC_C6221081,IPL,,0,,,REGNSK,m,,,REGNSK04,SASKPOWER,,,,,,,,,,AE
STRUCTURE_REG16/417415,0101000000D03322F09E295AC0A018EE03603C4940,POL:PPOLE:C224593,,POWER,LOC_C6225477,IPL,,0,,,REGNSK,m,,,REGNSK04,SASKPOWER,,,,,BN,,,,,AE
STRUCTURE_REG16/417429,0101000000D884EDBA86295AC0304237BCDF3B4940,POL:PPOLE:C220627,,POWER,LOC_C6221566,IPL,,0,,,REGNSK,m,,,REGNSK04,SASKPOWER,,,,,,,,,,AE
STRUCTURE_REG16/417448,01010000005CF2C07951295AC0788A2E72C63B4940,POL:PPOLE:C192165,,POWER,LOC_C6193553,IPL,,0,,,REGNSK,m,,,REGNSK04,SASKPOWER,,,,,,,,,,AE
STRUCTURE_REG16/418966,010100000054B9C5066F295AC0D0B65B7EDF3B4940,POL:PPOLE:C192203,,POWER,LOC_C6193587,IPL,,0,,,REGNSK,m,,,REGNSK04,SASKPOWER,,,,,,,,,,AE
STRUCTURE_REG16/418974,01010000005CA992C1442A5AC0D0BA2674BC3A4940,POL:PPOLE:C226520,,POWER,LOC_C6227384,IPL,,0,,,REGNSK,m,,,REGNSK04,SASKPOWER,,,,,,,,,,AE
STRUCTURE_REG16/418981,010100000088DA7F62992B5AC010C3D424253B4940,POL:PPOLE:C196017,,POWER,LOC_C6197300,IPL,,0,,,REGNSK,m,,,REGNSK04,SASKPOWER,,,,,,,,,,AE
STRUCTURE_REG16/418991,0101000000B083F1A39F2B5AC0C8EBD7F6E63A4940,POL:PPOLE:C196229,,POWER,LOC_C6197506,IPL,,0,,,REGNSK,m,,,REGNSK04,SASKPOWER,,,,,,,,,,AE
STRUCTURE_REG16/419008,010100000014AA6D53B42B5AC040D7FD51FE3A4940,POL:PPOLE:C196171,,POWER,LOC_C6197452,IPL,,0,,,REGNSK,m,,,REGNSK04,SASKPOWER,,,,,,,,,,AE
STRUCTURE_REG16/419901,010100000000F0E7C55D2A5AC00093F6A1F33B4940,POL:PPOLE:C203499,,POWER,LOC_C6204653,IPL,,0,,,REGNSK,m,,,REGNSK04,SASKPOWER,,,,,,,,,,AE
STRUCTURE_REG16/419902,01010000001C2C7F98462A5AC0082BD1A3F33B4940,POL:PPOLE:C222103,,POWER,LOC_C6223034,IPL,,0,,,REGNSK,m,,,REGNSK04,SASKPOWER,,NOT IN MARTINS DATA,,,,,,,,AE
STRUCTURE_REG16/420769,010100000088681F51DF2A5AC0B007E295543A4940,POL:PPOLE:C223521,,POWER,LOC_C6224411,IPL,,0,,,REGNSK,m,,,REGNSK04,SASKPOWER,,,,,,,,,,AE
STRUCTURE_REG16/423784,0101000000447DA367C4295AC07806F985493A4940,POL:FPOLE:C220178,,FOREIGN,LOC_C6221119,IPL,,0,,,REGNSK,m,,,REGNSK04,UNK,,,,,,UNK,,,,AE
STRUCTURE_REG16/424006,0101000000B4EBA328D7295AC060D9D7B7DC3A4940,POL:PPOLE:C220409,,POWER,LOC_C6221353,IPL,,0,,,REGNSK,m,,,REGNSK04,SASKPOWER,,,,,,,,,,AE
STRUCTURE_REG16/429760,010100000058ABF4156F295AC0783F1DE5D93B4940,POL:PPOLE:C192385,,POWER,LOC_C6193776,IPL,,0,,,REGNSK,m,,,REGNSK04,SASKPOWER,,,,,BN,,,,,AE
STRUCTURE_REG16/429772,0101000000F44245F85E295AC0A08DE5959F3A4940,POL:PPOLE:C216556,,POWER,LOC_C6217524,IPL,,0,,,REGNSK,m,,,REGNSK04,SASKPOWER,,,,,,,,,,AE
STRUCTURE_REG16/429783,0101000000C4849D04442A5AC0B0A18E409C3B4940,POL:PPOLE:C221011,,POWER,LOC_C6221944,IPL,,0,,,REGNSK,m,,,REGNSK04,SASKPOWER,,,,,,,,,,AE
STRUCTURE_REG16/429784,0101000000782B08A1002A5AC0203B7489893B4940,POL:PPOLE:C221238,,POWER,LOC_C6222166,IPL,,0,,,REGNSK,m,,,REGNSK04,SASKPOWER,,,,,,,,,,AE
STRUCTURE_REG16/429793,0101000000B0C1C9037F295AC098D789B9CE3A4940,POL:PPOLE:C229927,,POWER,LOC_C6230749,IPL,,0,,,REGNSK,m,,,REGNSK04,SASKPOWER,,,,,,,,,,AE
STRUCTURE_REG16/430302,010100000060084763892A5AC040E3CF186F3B4940,POL:PPOLE:C195385,,POWER,LOC_C6196669,IPL,,0,,,REGNSK,m,,,REGNSK04,SASKPOWER,,,,,,,,,,AE
STRUCTURE_REG16/430303,0101000000B067D61FEF2B5AC0D8AEECC9D63A4940,POL:PPOLE:C196355,,POWER,LOC_C6197624,IPL,,0,,,REGNSK,m,,,REGNSK04,SASKPOWER,,,,,,,,,,AE
STRUCTURE_REG16/432750,010100000044AA20EDFC295AC0A068BCB9A73A4940,POL:PPOLE:C213384,,POWER,LOC_C6214388,IPL,,0,,,REGNSK,m,,,REGNSK04,SASKPOWER,,,,,,,,,,AE
STRUCTURE_REG16/435349,010100000084547A3BDC285AC0E8E46AA33B3A4940,POL:PPOLE::7114075,,POWER,LOC_6976533,IPL,,0,,0.0,REGNSK,m,,,REGNSK01,SASKPOWER,2013,,,,,,,0010,964800,AE
STRUCTURE_REG16/436024,01010000004CD8B8DDCF285AC06070F753D23A4940,POL:PPOLE:C196613,,POWER,LOC_C6197857,IPL,,0,,,REGNSK,m,,,REGNSK01,SASKPOWER,,,,,,,,,,AE
STRUCTURE_REG16/436025,0101000000B8F163D6CF285AC0A85834BEAB3A4940,POL:PPOLE:C201246,,POWER,LOC_C6202441,IPL,,0,,,REGNSK,m,,,REGNSK01,SASKPOWER,,,,,,,,,,AE
STRUCTURE_REG16/436030,01010000001C4ADD6303295AC0D0466FA46B3A4940,POL:PPOLE:C201669,,POWER,LOC_C6202856,IPL,,0,,,REGNSK,m,,,REGNSK01,SASKPOWER,,,,,,,,,,AE
STRUCTURE_REG16/436081,010100000018BC81923A2A5AC008CBB075DC3A4940,POL:PPOLE:C220737,,POWER,LOC_C6221679,IPL,,0,,,REGNSK,m,,,REGNSK04,SASKPOWER,,,,,,,,,,AE
STRUCTURE_REG16/436340,01010000009C03BEE7CF285AC098EC6167FE3A4940,POL:PPOLE:C196592,,POWER,LOC_C6197838,IPL,,0,,,REGNSK,m,,,REGNSK01,SASKPOWER,,,,,,,,,,AE
STRUCTURE_REG16/436355,0101000000689F6DB9432A5AC04876377F6E3A4940,POL:PPOLE:C214348,,POWER,LOC_C6215333,IPL,,0,,,REGNSK,m,,,REGNSK04,SASKPOWER,,,,,,,,,,AE
STRUCTURE_REG16/436584,01010000009CF4EE2A2C2A5AC0B04A4E32E13A4940,POL:PPOLE:C220629,,POWER,LOC_C6221573,IPL,,0,,,REGNSK,m,,,REGNSK04,SASKPOWER,,,,,BN,,,,,AE
STRUCTURE_REG16/436820,01010000004882F386142A5AC0702988D0743A4940,POL:PPOLE:C213493,,POWER,LOC_C6214499,IPL,,0,,,REGNSK,m,,,REGNSK04,SASKPOWER,,,,,,,,,,AE
STRUCTURE_REG16/436871,0101000000508013FD062A5AC0905E87164B3C4940,POL:PPOLE:C228320,,POWER,LOC_C6229151,IPL,,0,,,REGNSK,m,,,REGNSK04,SASKPOWER,,,,,,,,,,AE
STRUCTURE_REG16/436948,0101000000D4551106CF285AC060F69A74543B4940,POL:PPOLE:C188457,,POWER,LOC_C6189978,IPL,,0,,,REGNSK,m,,,REGNSK01,SASKPOWER,,,,,,,,,,AE
STRUCTURE_REG16/437035,0101000000E065492A1A295AC0A811C8CC153B4940,POL:PPOLE:C196764,,POWER,LOC_C6198008,IPL,,0,,,REGNSK,m,,,REGNSK01,SASKPOWER,,,,,,,,,,AE
STRUCTURE_REG16/437045,010100000030D3D7A2CE285AC05004A47C4F3B4940,POL:PPOLE:C196984,,POWER,LOC_C6198219,IPL,,0,,,REGNSK,m,,,REGNSK01,SASKPOWER,,,,,BN,,,,,AE
STRUCTURE_REG16/437046,010100000008010FF81B295AC0E0F24305443B4940,POL:PPOLE:C202246,,POWER,LOC_C6203426,IPL,,0,,,REGNSK,m,,,REGNSK01,SASKPOWER,,NOT IN MARTENS,,,,,,,,AE
STRUCTURE_REG16/437058,01010000006CDC28D3E4285AC020FDC1F06C3B4940,POL:PPOLE:C188923,,POWER,LOC_C6190408,IPL,,0,,,REGNSK,m,,,REGNSK01,SASKPOWER,,,,,,,,,,AE
STRUCTURE_REG16/437071,0101000000B08E3D8A59295AC02003C772C63B4940,POL:PPOLE:C192163,,POWER,LOC_C6193551,IPL,,0,,,REGNSK,m,,,REGNSK04,SASKPOWER,,,,,,,,,,AE
STRUCTURE_REG16/437095,0101000000B48F849970295AC048EAAA9E5E3C4940,POL:PPOLE:C192074,,POWER,LOC_C6193459,IPL,,0,,,REGNSK,m,,,REGNSK04,SASKPOWER,,,,,BN,,,,,AE
STRUCTURE_REG16/437099,0101000000385752F66F2B5AC0E0C59445AA3A4940,POL:PPOLE:C213037,,POWER,LOC_C6214039,IPL,,0,,,REGNSK,m,,,REGNSK04,SASKPOWER,,,,,,,,,,AE
STRUCTURE_REG16/437106,0101000000745E6D097C2A5AC018128426273C4940,POL:PPOLE:C203447,,POWER,LOC_C6204601,IPL,,0,,,REGNSK,m,,,REGNSK04,SASKPOWER,,,,,,,,,,AE
STRUCTURE_REG16/437108,01010000005CD4AC3B6F295AC040A2683C963A4940,POL:PPOLE:C216653,,POWER,LOC_C6217622,IPL,,0,,,REGNSK,m,,,REGNSK04,SASKPOWER,,,,,,,,,,AE
STRUCTURE_REG16/437109,01010000008C5E002638295AC04045B5C50B3B4940,POL:PPOLE:C217633,,POWER,LOC_C6218587,IPL,,0,,,REGNSK,m,,,REGNSK04,SASKPOWER,,,,,,,,,,AE
STRUCTURE_REG16/437110,01010000002C83BFCCA8295AC00856931CBA3A4940,POL:PPOLE:C222964,,POWER,LOC_C6223864,IPL,,0,,,REGNSK,m,,,REGNSK04,SASKPOWER,,,,,,,,,,AE
STRUCTURE_REG16/437115,0101000000004E962A562A5AC0688D83B0323B4940,POL:PPOLE:C220699,,POWER,LOC_C6221639,IPL,,0,,,REGNSK,m,,,REGNSK04,SASKPOWER,,,,,,,,,,AE
STRUCTURE_REG16/437116,01010000006C4E2CBD442A5AC0B8547E1C043B4940,POL:PPOLE:C220713,,POWER,LOC_C6221653,IPL,,0,,,REGNSK,m,,,REGNSK04,SASKPOWER,,,,,,,,,,AE
STRUCTURE_REG16/437117,0101000000381776B3E72A5AC008EEB460623A4940,POL:PPOLE:C220726,,POWER,LOC_C6221666,IPL,,0,,,REGNSK,m,,,REGNSK04,SASKPOWER,,,,,,,,,,AE
STRUCTURE_REG16/437118,0101000000289705943F2A5AC0A0240AEBCE3B4940,POL:PPOLE:C221105,,POWER,LOC_C6222036,IPL,,0,,,REGNSK,m,,,REGNSK04,SASKPOWER,,,,,BN,,,,,AE
STRUCTURE_REG16/437119,01010000008463B493A32A5AC058BF2D20803A4940,POL:PPOLE:C221108,,POWER,LOC_C6222039,IPL,,0,,,REGNSK,m,,,REGNSK04,SASKPOWER,,,,,,,,,,AE
STRUCTURE_REG16/437128,010100000000726815E6295AC0600F046D573A4940,POL:PPOLE:C213194,,POWER,LOC_C6214200,IPL,,0,,,REGNSK,m,,,REGNSK04,SASKPOWER,,,,,,,,,,AE
STRUCTURE_REG16/437129,0101000000D44111CAFC295AC090181B5F603A4940,POL:PPOLE:C213363,,POWER,LOC_C6214367,IPL,,0,,,REGNSK,m,,,REGNSK04,SASKPOWER,,,,,BN,,,,,AE
STRUCTURE_REG16/437133,0101000000046B31B263295AC048D3ADFFBC3A4940,POL:PPOLE:C218129,,POWER,LOC_C6219078,IPL,,0,,,REGNSK,m,,,REGNSK04,SASKPOWER,1972,,,,BN,,,,,AE
STRUCTURE_REG16/437136,010100000060AA75EFFC295AC058FBF874CA3A4940,POL:PPOLE:C220464,,POWER,LOC_C6221403,IPL,,0,,,REGNSK,m,,,REGNSK04,SASKPOWER,,,,,BN,,,,,AE
STRUCTURE_REG16/437153,0101000000E0FC71EEFB285AC080624127253C4940,POL:PPOLE:C193227,,POWER,LOC_C6194600,IPL,,0,,,REGNSK,m,,,REGNSK04,SASKPOWER,,,,,,,,,,AE
STRUCTURE_REG16/437154,010100000064EBD6EEFB285AC088B51A47293C4940,POL:PPOLE:C193230,,POWER,LOC_C6194604,IPL,,0,,,REGNSK,m,,,REGNSK04,SASKPOWER,,,,,BN,,,,,AE
STRUCTURE_REG16/437158,010100000074C8F337E6295AC0087032F89B3A4940,POL:PPOLE:C214675,,POWER,LOC_C6215658,IPL,,0,,,REGNSK,m,,,REGNSK04,SASKPOWER,,,,,,,,,,AE
STRUCTURE_REG16/437161,0101000000C0118DB676295AC0A8159932503B4940,POL:PPOLE:C262057,,POWER,LOC_C6262399,IPL,,0,,,REGNSK,m,,,REGNSK04,SASKPOWER,,,,,,,,,,AE
STRUCTURE_REG16/437172,0101000000A090A471D6295AC0088D80A75C3B4940,POL:PPOLE:C223695,,POWER,LOC_C6224580,IPL,,0,,,REGNSK,m,,,REGNSK04,SASKPOWER,,,,,,,,,,AE
STRUCTURE_REG16/437176,01010000002CB9F962892A5AC0C01E7C30823B4940,POL:PPOLE:C195388,,POWER,LOC_C6196672,IPL,,0,,,REGNSK,m,,,REGNSK04,SASKPOWER,,,,,,,,,,AE
STRUCTURE_REG16/437179,0101000000840C4B06B7295AC0100F0442573A4940,POL:PPOLE:C214892,,POWER,LOC_C6215872,IPL,,0,,,REGNSK,m,,,REGNSK04,SASKPOWER,,,,,,,,,,AE
STRUCTURE_REG16/437184,0101000000BC211DB6BE295AC0B002FDA46B3A4940,POL:PPOLE:C214900,,POWER,LOC_C6215881,IPL,,0,,,REGNSK,m,,,REGNSK04,SASKPOWER,,,,,,,,,,AE
STRUCTURE_REG16/437190,01010000006CCE95FC40295AC0207DFBF6923A4940,POL:PPOLE:C216619,,POWER,LOC_C6217585,IPL,,0,,,REGNSK,m,,,REGNSK04,SASKPOWER,,,,,BN,,,,,AE
STRUCTURE_REG16/437191,010100000070BC11FC40295AC07849A8F58B3A4940,POL:PPOLE:C216623,,POWER,LOC_C6217588,IPL,,0,,,REGNSK,m,,,REGNSK04,SASKPOWER,,,,,,,,,,AE
STRUCTURE_REG16/437192,010100000020009A69C4295AC0505F3929693A4940,POL:PPOLE:C220144,,POWER,LOC_C6221088,IPL,,0,,,REGNSK,m,,,REGNSK04,SASKPOWER,,,,,,,,,,AE
STRUCTURE_REG16/437200,010100000000A8E6C8432A5AC0F054DB48773B4940,POL:PPOLE:C221027,,POWER,LOC_C6221961,IPL,,0,,,REGNSK,m,,,REGNSK04,SASKPOWER,,,,,,,,,,AE
STRUCTURE_REG16/437202,0101000000149A02D187295AC0D848EB72C13A4940,POL:PPOLE:C224563,,POWER,LOC_C6225446,IPL,,0,,,REGNSK,m,,,REGNSK04,SASKPOWER,,,,,,,,,,AE
STRUCTURE_REG16/437205,0101000000500EE793F5295AC020A6967DBC3A4940,POL:PPOLE:C226464,,POWER,LOC_C6227328,IPL,,0,,,REGNSK,m,,,REGNSK04,SASKPOWER,,,,,,,,,,AE
STRUCTURE_REG16/437207,0101000000449EBC799E295AC068A34C6D603A4940,POL:PPOLE:C214926,,POWER,LOC_C6215909,IPL,,0,,,REGNSK,m,,,REGNSK04,SASKPOWER,,,,,,,,,,AE
STRUCTURE_REG16/437208,0101000000F0FB136996295AC0F80D57976B3A4940,POL:PPOLE:C214932,,POWER,LOC_C6215914,IPL,,0,,,REGNSK,m,,,REGNSK04,SASKPOWER,,,,,,,,,,AE
STRUCTURE_REG16/437220,0101000000F09AE72059295AC050C52D56FC3B4940,POL:PPOLE:C215671,,POWER,LOC_C6298574,IPL,,0,,,REGNSK,m,,,REGNSK04,SASKPOWER,,,,,,,,,,AE
STRUCTURE_REG16/437221,010100000040A85A24D0285AC0906B005F5F3C4940,POL:PPOLE:C193192,,POWER,LOC_C6194565,IPL,,0,,,REGNSK,m,,,REGNSK04,SASKPOWER,,,,,BN,,,,,AE
STRUCTURE_REG16/437765,01010000008433699A0A295AC04800FE96313B4940,POL:PPOLE:C199215,,POWER,LOC_C6200452,IPL,,0,,,REGNSK,m,,,REGNSK01,SASKPOWER,,,,,,,,,,AE
STRUCTURE_REG16/438375,0101000000947BEEF5CF2B5AC068B993F2943A4940,POL:PPOLE:C221427,,POWER,LOC_C6222348,IPL,,0,,,REGNSK,m,,,REGNSK04,SASKPOWER,,,,,,,,,,AE
STRUCTURE_REG16/438476,01010000004C1F906A892A5AC058F64D9CC73B4940,POL:PPOLE:C195414,,POWER,LOC_C6196699,IPL,,0,,,REGNSK,m,,,REGNSK04,SASKPOWER,,,,,BN,,,,,AE
STRUCTURE_REG16/438721,0101000000B4AC4E100D2A5AC0B896A1154B3C4940,POL:PPOLE:C228323,,POWER,LOC_C6229153,IPL,,0,,,REGNSK,m,,,REGNSK04,SASKPOWER,,,,,,,,,,AE
STRUCTURE_REG16/438733,010100000030D4683F00295AC0E88025109C3B4940,POL:PPOLE:C187306,,POWER,LOC_C6188870,IPL,,0,,,REGNSK,m,,,REGNSK01,SASKPOWER,,,,,,,,,,AE
STRUCTURE_REG16/438771,0101000000F0FD9ACDBF2B5AC0389558FB363B4940,POL:PPOLE:C196031,,POWER,LOC_C6197314,IPL,,0,,,REGNSK,m,,,REGNSK04,SASKPOWER,,,,,,,,,,AE
STRUCTURE_REG16/438775,01010000009CD5D18AD22B5AC05034DB24253B4940,POL:PPOLE:C195907,,POWER,LOC_C6197189,IPL,,0,,,REGNSK,m,,,REGNSK04,SASKPOWER,,,,,,,,,,AE
STRUCTURE_REG16/438776,0101000000984A4E0CDA2B5AC0A818E223253B4940,POL:PPOLE:C195902,,POWER,LOC_C6197187,IPL,,0,,,REGNSK,m,,,REGNSK04,SASKPOWER,,,,,,,,,,AE
STRUCTURE_REG16/439112,01010000008811EA6B5B2A5AC05819CA4C533B4940,POL:CPOLE::13205435,,COMPANY,LOC_C6233732,IPL,,0,SPST_APOLES,10.668000000000001,REGNSK,m,5,,REGNSK04,SASKTEL,2024,,100876,,,,,0000,823720,
STRUCTURE_REG16/439113,01010000001CC80815AD2B5AC088DD2C35AD3A4940,POL:CPOLE::13205440,,COMPANY,LOC_C6222278,IPL,,0,SPST_APOLES,10.668000000000001,REGNSK,m,5,,REGNSK04,SASKTEL,2024,,100876,,,,,0000,823720,
STRUCTURE_REG16/439391,01010000008452014B9C295AC0E88101840F3B4940,POL:PPOLE:C230041,,POWER,LOC_C6230857,IPL,,0,,,REGNSK,m,,,REGNSK04,SASKPOWER,,,,,,,,,,AE
STRUCTURE_REG16/440278,010100000064100DF5F5295AC050D783B1543A4940,POL:PPOLE:C213356,,POWER,LOC_C6214359,IPL,,0,,,REGNSK,m,,,REGNSK04,SASKPOWER,,,,,,,,,,AE
STRUCTURE_REG16/441768,010100000004F71249E5295AC030C25EDF893B4940,POL:PPOLE:C223333,,POWER,LOC_C6224223,IPL,,0,,,REGNSK,m,,,REGNSK04,SASKPOWER,,,,,,,,,,AE
STRUCTURE_REG16/441918,0101000000740F96D2CF285AC090C5104FA23A4940,POL:PPOLE:C201108,,POWER,LOC_C6202298,IPL,,0,,,REGNSK,m,,,REGNSK01,SASKPOWER,,,,,BN,,,,,AE
STRUCTURE_REG16/442614,010100000084005A9F44295AC058135C30213A4940,POL:PPOLE:C217771,,POWER,LOC_C6218727,IPL,,0,,,REGNSK,m,,,REGNSK01,SASKPOWER,,,,,,,,,,AE
STRUCTURE_REG16/449622,010100000024AD9DCDCF285AC0D09830A4873A4940,POL:PPOLE:C201115,,POWER,LOC_C6202304,IPL,,0,,,REGNSK,m,,,REGNSK01,SASKPOWER,,,,,,,,,,AE
STRUCTURE_REG16/449678,01010000003879D3254A295AC0808E6295DF3B4940,POL:PPOLE:C192278,,POWER,LOC_C6193667,IPL,,0,,,REGNSK,m,,,REGNSK04,SASKPOWER,,,,,,,,,,AE
STRUCTURE_REG16/449679,010100000030C0D857AB2B5AC018B5EF4FFE3A4940,POL:PPOLE:C196177,,POWER,LOC_C6197459,IPL,,0,,,REGNSK,m,,,REGNSK04,SASKPOWER,,,,,,,,,,AE
STRUCTURE_REG16/449685,0101000000EC2424FD162B5AC0F8CD0F267C3A4940,POL:PPOLE:C218233,,POWER,LOC_C6219180,IPL,,0,,,REGNSK,m,,,REGNSK04,SASKPOWER,,,,,,,,,,AE
STRUCTURE_REG16/449701,0101000000244052E6B42B5AC0587EF079BC3A4940,POL:PPOLE:C221368,,POWER,LOC_C6222287,IPL,,0,,,REGNSK,m,,,REGNSK04,SASKPOWER,,,,,,,,,,AE
STRUCTURE_REG16/449702,010100000008DBF40C062A5AC0A07486A2F33B4940,POL:PPOLE:C222500,,POWER,LOC_C6223395,IPL,,0,,,REGNSK,m,,,REGNSK04,SASKPOWER,,,,,,,,,,AE
STRUCTURE_REG16/450244,01010000004440DEDBCF285AC0A83C6D39C93A4940,POL:PPOLE:C196619,,POWER,LOC_C6197866,IPL,,0,,,REGNSK,m,,,REGNSK01,SASKPOWER,,,,,,,,,,AE
STRUCTURE_REG16/450309,0101000000A84882F9562A5AC0980E7DB4CE3B4940,POL:PPOLE:C221053,,POWER,LOC_C6221987,IPL,,0,,,REGNSK,m,,,REGNSK04,SASKPOWER,,,,,,,,,,AE
STRUCTURE_REG16/451698,01010000004C3ADDEECF285AC098F203BF1C3B4940,POL:PPOLE:C195128,,POWER,LOC_C6196420,IPL,,0,,,REGNSK,m,,,REGNSK01,SASKPOWER,,,,,,,,,,AE
STRUCTURE_REG16/452704,0101000000D48A5E8FE7285AC0E0143A42153B4940,POL:PPOLE:C194906,,POWER,LOC_C6196197,IPL,,0,,,REGNSK,m,,,REGNSK01,SASKPOWER,,,,,,,,,,AE
STRUCTURE_REG16/454762,0101000000D0E6D0D3F4285AC0D82AA2428F3B4940,POL:PPOLE::7397949,,POWER,LOC_7311255,IPL,,0,,0.0,,m,,,REGNSK01,SASKPOWER,,,,,,,,0010,971428,AE
STRUCTURE_REG16/455942,01010000006CD7500CDE285AC03076DC0C513A4940,POL:PPOLE:C199773,,POWER,LOC_C6200993,IPL,,0,,,REGNSK,m,,,REGNSK01,SASKPOWER,,,,,,,,,,AE
STRUCTURE_REG16/456059,01010000007CAB8E7F732A5AC01036A80FBA3A4940,POL:PPOLE:C218168,,POWER,LOC_C6219115,IPL,,0,,,REGNSK,m,,,REGNSK04,SASKPOWER,,,,,,,,,,AE
STRUCTURE_REG16/456189,0101000000A4137DFC4D2A5AC088FBFB0B4B3C4940,POL:PPOLE:C228361,,POWER,LOC_C6229191,IPL,,0,,,REGNSK,m,,,REGNSK04,SASKPOWER,,,,,,,,,,AE
STRUCTURE_REG16/456237,0101000000B0A2967E732A5AC0C05D3C77D33A4940,POL:PPOLE:C200716,,POWER,LOC_C6201906,IPL,,0,,,REGNSK,m,,,REGNSK04,SASKPOWER,,,,,,,,,,AE
STRUCTURE_REG16/456709,0101000000746D0E8E142A5AC0A8830DD3A73A4940,POL:PPOLE:C213510,,POWER,LOC_C6214514,IPL,,0,,,REGNSK,m,,,REGNSK04,SASKPOWER,,,,,,,,,,AE
STRUCTURE_REG16/456780,010100000018BC864B342A5AC0400EA675DC3A4940,POL:PPOLE:C220745,,POWER,LOC_C6221689,IPL,,0,,,REGNSK,m,,,REGNSK04,SASKPOWER,,,,,,,,,,AE
STRUCTURE_REG16/456831,0101000000CCFE4DE3CF285AC0382B4221EA3A4940,POL:PPOLE:C196600,,POWER,LOC_C6197848,IPL,,0,,,REGNSK,m,,,REGNSK01,SASKPOWER,,,,,,,,,,AE
STRUCTURE_REG16/456842,01010000006C70615E19295AC0F81592A36B3A4940,POL:PPOLE:C199082,,POWER,LOC_C6200312,IPL,,0,,,REGNSK,m,,,REGNSK01,SASKPOWER,,,,,,,,,,AE
STRUCTURE_REG16/456846,0101000000042FE82776295AC0785AC6D9F6394940,POL:PPOLE:C279356,,POWER,LOC_C6279520,IPL,,0,,,REGNSK,m,,,REGNSK01,SASKPOWER,,,,,,,,,,AE
STRUCTURE_REG16/456879,0101000000E8FAB92CFC285AC0784AC1CCD73B4940,POL:PPOLE:C188857,,POWER,LOC_C6190342,IPL,,0,,,REGNSK,m,,,REGNSK01,SASKPOWER,,,,,,,,,,AE
STRUCTURE_REG16/456883,0101000000F4BF2B9BFC285AC070F395C6833A4940,POL:PPOLE:C199433,,POWER,LOC_C6200657,IPL,,0,,,REGNSK,m,,,REGNSK01,SASKPOWER,,,,,,,,,,AE
STRUCTURE_REG16/456907,010100000018AC9F012C295AC0E0A80CEBDF3B4940,POL:PPOLE:C187103,,POWER,LOC_C6188679,IPL,,0,,,REGNSK,m,,,REGNSK01,SASKPOWER,,,,,,,,,,AE
STRUCTURE_REG16/456915,01010000000C2EB2D7FA285AC088CE22169C3B4940,POL:PPOLE:C187308,,POWER,LOC_C6188875,IPL,,0,,,REGNSK,m,,,REGNSK01,SASKPOWER,,,,,,,,,,AE
STRUCTURE_REG16/456972,0101000000E0E8F7EB58295AC0C0C9B55C4E3C4940,POL:PPOLE:C192107,,POWER,LOC_C6193491,IPL,,0,,,REGNSK,m,,,REGNSK04,SASKPOWER,,,,,,,,,,AE
STRUCTURE_REG16/456978,0101000000FCED84276C2B5AC088124281A33A4940,POL:PPOLE:C213034,,POWER,LOC_C6214038,IPL,,0,,,REGNSK,m,,,REGNSK04,SASKPOWER,,,,,,,,,,AE
STRUCTURE_REG16/456980,0101000000E8910B70EF2A5AC080BFEA2B7C3A4940,POL:PPOLE:C220317,,POWER,LOC_C6221256,IPL,,0,,,REGNSK,m,,,REGNSK04,SASKPOWER,,,,,,,,,,AE
STRUCTURE_REG16/456981,0101000000D84640DB032B5AC06803B3267C3A4940,POL:PPOLE:C220322,,POWER,LOC_C6221261,IPL,,0,,,REGNSK,m,,,REGNSK04,SASKPOWER,,,,,BN,,,,,AE
STRUCTURE_REG16/456991,0101000000C002370940295AC060DD5F47603A4940,POL:PPOLE:C216776,,POWER,LOC_C6217741,IPL,,0,,,REGNSK,m,,,REGNSK04,SASKPOWER,,,,,,,,,,AE
STRUCTURE_REG16/456992,0101000000288B373C41295AC0E073DE6EE53A4940,POL:PPOLE:C217685,,POWER,LOC_C6218640,IPL,,0,,,REGNSK,m,,,REGNSK04,SASKPOWER,2002,,,,,,,,,AE
STRUCTURE_REG16/456998,010100000070A0183D5D2A5AC05082A8AF323B4940,POL:PPOLE:C220701,,POWER,LOC_C6221641,IPL,,0,,,REGNSK,m,,,REGNSK04,SASKPOWER,,,,,,,,,,AE
STRUCTURE_REG16/457014,0101000000B484936C892A5AC050171064C13B4940,POL:PPOLE:C195411,,POWER,LOC_C6196695,IPL,,0,,,REGNSK,m,,,REGNSK04,SASKPOWER,,,,,,,,,,AE
STRUCTURE_REG16/457023,0101000000F04FD3DBFD295AC08031C905BD3B4940,POL:PPOLE:C221170,,POWER,LOC_C6222097,IPL,,0,,,REGNSK,m,,,REGNSK04,SASKPOWER,,,,,,,,,,AE
STRUCTURE_REG16/457041,0101000000E83CFF7D732A5AC020569A8F893B4940,POL:PPOLE:C193877,,POWER,LOC_C6195188,IPL,,0,,,REGNSK,m,,,REGNSK04,SASKPOWER,,,,,,,,,,AE
STRUCTURE_REG16/457050,010100000074B792EDA12A5AC010968A90313B4940,POL:PPOLE:C200522,,POWER,LOC_C6201715,IPL,,0,,,REGNSK,m,,,REGNSK04,SASKPOWER,,,,,,,,,,AE
STRUCTURE_REG16/457051,010100000018DEDAF966295AC088A68B38503B4940,POL:PPOLE:C262061,,POWER,LOC_C6262402,IPL,,0,,,REGNSK,m,,,REGNSK04,SASKPOWER,,,,,,,,,,AE
STRUCTURE_REG16/457059,010100000070693926642A5AC0A021C0AF323B4940,POL:PPOLE:C200617,,POWER,LOC_C6201807,IPL,,0,,,REGNSK,m,,,REGNSK04,SASKPOWER,,,,,BN,,,,,AE
STRUCTURE_REG16/457060,0101000000DC65617D732A5AC040BF32B3323B4940,POL:PPOLE:C200624,,POWER,LOC_C6201814,IPL,,0,,,REGNSK,m,,,REGNSK04,SASKPOWER,,,,,BN,,,,,AE
STRUCTURE_REG16/457061,010100000008A43604B6295AC05093F113BA3B4940,POL:PPOLE:C218530,,POWER,LOC_C6219485,IPL,,0,,,REGNSK,m,,,REGNSK04,SASKPOWER,,,,,,,,,,AE
STRUCTURE_REG16/457062,0101000000D0F5F848002B5AC0100C2F14723A4940,POL:PPOLE:C220891,,POWER,LOC_C6221828,IPL,,0,,,REGNSK,m,,,REGNSK04,SASKPOWER,,,,,,,,,,AE
STRUCTURE_REG16/457063,010100000068A27947002B5AC080449214693A4940,POL:PPOLE:C220895,,POWER,LOC_C6221829,IPL,,0,,,REGNSK,m,,,REGNSK04,SASKPOWER,,,,,,,,,,AE
STRUCTURE_REG16/457064,0101000000AC86A0779E295AC0902417EF893A4940,POL:PPOLE:C221472,,POWER,LOC_C6222394,IPL,,0,,,REGNSK,m,,,REGNSK04,SASKPOWER,,,,,,,,,,AE
STRUCTURE_REG16/457067,010100000050D7C81899295AC0A097C4A5DF3A4940,POL:PPOLE:C229978,,POWER,LOC_C6230797,IPL,,0,,,REGNSK,m,,,REGNSK04,SASKPOWER,,,,,,,,,,AE
STRUCTURE_REG16/457068,0101000000B440E05389295AC060DAD8A8EB3A4940,POL:PPOLE:C229982,,POWER,LOC_C6230801,IPL,,0,,,REGNSK,m,,,REGNSK04,SASKPOWER,,,,,,,,,,AE
STRUCTURE_REG16/457069,01010000008C90ACBC972A5AC0983207130F3B4940,POL:PPOLE:C200789,,POWER,LOC_C6201989,IPL,,0,,,REGNSK,m,,,REGNSK04,SASKPOWER,,,,,,,,,,AE
STRUCTURE_REG16/457070,0101000000901AD08EB82A5AC0D889FE4F0C3B4940,POL:PPOLE:C200815,,POWER,LOC_C6202007,IPL,,0,,,REGNSK,m,,,REGNSK04,SASKPOWER,,,,,,,,,,AE
STRUCTURE_REG16/457086,0101000000246D6D8B59295AC0F0A2D755B73B4940,POL:PPOLE:C192406,,POWER,LOC_C6193799,IPL,,0,,,REGNSK,m,,,REGNSK04,SASKPOWER,,,,,,,,,,AE
STRUCTURE_REG16/457091,0101000000F843CD6CC4295AC070E8C65E293B4940,POL:PPOLE:C230164,,POWER,LOC_C6230978,IPL,,0,,,REGNSK,m,,,REGNSK04,SASKPOWER,,,,,,,,,,AE
STRUCTURE_REG16/457101,0101000000249042F48C295AC0B880A4B0543A4940,POL:PPOLE:C214945,,POWER,LOC_C6215927,IPL,,0,,,REGNSK,m,,,REGNSK04,SASKPOWER,,,,,,,,,,AE
STRUCTURE_REG16/457116,0101000000C4671C649E295AC088BCC1916C3B4940,POL:PPOLE:C220591,,POWER,LOC_C6221529,IPL,,0,,,REGNSK,m,,,REGNSK04,SASKPOWER,,,,,,,,,,AE
STRUCTURE_REG16/457120,01010000001413175747295AC070C4DB69FC3B4940,POL:PPOLE:C215655,,POWER,LOC_C6216629,IPL,,0,,,REGNSK,m,,,REGNSK04,SASKPOWER,,,,,,,,,,AE
STRUCTURE_REG16/457121,01010000005061393043295AC0D00F6B10F73B4940,POL:PPOLE:C193982,,POWER,LOC_C6195285,IPL,,0,,,REGNSK,m,,,REGNSK04,SASKPOWER,,,,,,,,,,AE
STRUCTURE_REG16/457123,01010000002089511C6F295AC02840888F883B4940,POL:PPOLE:C191972,,POWER,LOC_C6193360,IPL,,0,,,REGNSK,m,,,REGNSK04,SASKPOWER,,,,,,,,,,AE
STRUCTURE_REG16/457669,010100000090B2770CD0285AC0B0D8C09FDF3B4940,POL:PPOLE:C186879,,POWER,LOC_C6188468,IPL,,0,,,REGNSK,m,,,REGNSK01,SASKPOWER,,,,,,,,,,AE
STRUCTURE_REG16/458333,0101000000A84B93402D2A5AC0D8C191124B3C4940,POL:PPOLE:C228343,,POWER,LOC_C6229171,IPL,,0,,,REGNSK,m,,,REGNSK04,SASKPOWER,,,,,BN,,,,,AE
STRUCTURE_REG16/458359,010100000008197C25A62B5AC080F672F8943A4940,POL:PPOLE:C221392,,POWER,LOC_C6222316,IPL,,0,,,REGNSK,m,,,REGNSK04,SASKPOWER,,,,,,,,,,AE
STRUCTURE_REG16/458723,0101000000D87EE5803E295AC00804E549E1394940,POL:PPOLE:C217980,,POWER,LOC_C6218935,IPL,,0,,,REGNSK,m,,,REGNSK01,SASKPOWER,,not in martens,,,,,,,,AE
STRUCTURE_REG16/458776,010100000034079690E02B5AC0400898CBD63A4940,POL:PPOLE:C196358,,POWER,LOC_C6197627,IPL,,0,,,REGNSK,m,,,REGNSK04,SASKPOWER,,,,,,,,,,AE
STRUCTURE_REG16/459718,010100000040638B7C752A5AC038E243A2F33B4940,POL:PPOLE:C203466,,POWER,LOC_C6204622,IPL,,0,,,REGNSK,m,,,REGNSK04,SASKPOWER,,,,,,,,,,AE
STRUCTURE_REG16/459728,0101000000643908EE2B2A5AC008D9B7A2F33B4940,POL:PPOLE:C222548,,POWER,LOC_C6223443,IPL,,0,,,REGNSK,m,,,REGNSK04,SASKPOWER,,,,,,,,,,AE
STRUCTURE_REG16/469510,010100000004D2B1C28E295AC000F5CA22F8394940,POL:PPOLE:C196953,,POWER,LOC_C6202424,IPL,,0,,,REGNSK,m,,,REGNSK01,SASKPOWER,,,,,,,,,,AE
STRUCTURE_REG16/469600,010100000058F799F7FB285AC008C7C2030F3C4940,POL:PPOLE:C186995,,POWER,LOC_C6188581,IPL,,0,,,REGNSK,m,,,REGNSK01,SASKPOWER,,,,,,,,,,AE
STRUCTURE_REG16/469687,0101000000D4727651A52B5AC090079B079E3A4940,POL:PPOLE:C221346,,POWER,LOC_C6222269,IPL,,0,,,REGNSK,m,,,REGNSK04,SASKPOWER,,,,,,,,,,AE
STRUCTURE_REG16/469688,0101000000BCAA4306C32B5AC0A01B4368533A4940,POL:PPOLE:C221694,,POWER,LOC_C6222591,IPL,,0,,,REGNSK,m,,,REGNSK04,SASKPOWER,,,,,,,,,,AE
STRUCTURE_REG16/470200,010100000098F14EEF16295AC0C0AB4D1FDE3A4940,POL:PPOLE:C196666,,POWER,LOC_C6197905,IPL,,0,,,REGNSK,m,,,REGNSK01,SASKPOWER,,,,,,,,,,AE
STRUCTURE_REG16/470209,0101000000D039869A7D295AC0A0DC75F7FF394940,POL:PPOLE:C279392,,POWER,LOC_C6279554,IPL,,0,,,REGNSK,m,,,REGNSK01,SASKPOWER,,,,,,,,,,AE
STRUCTURE_REG16/470223,0101000000A4531CDCFD295AC0204CC4A7B53B4940,POL:PPOLE:C221173,,POWER,LOC_C6222100,IPL,,0,,,REGNSK,m,,,REGNSK04,SASKPOWER,,,,,,,,,,AE
STRUCTURE_REG16/475203,0101000000DC79FDD786295AC0180D7E27953A4940,POL:PPOLE::8363371,,POWER,LOC_C6222495,IPL,,0,,0.0,REGNSK,m,,,REGNSK04,SASKPOWER,2015,CL4/40',,,,,,0010,978693,AE
STRUCTURE_REG16/475850,0101000000506B065DE7285AC0F8C74B09513A4940,POL:PPOLE:C199757,,POWER,LOC_C6200978,IPL,,0,,,REGNSK,m,,,REGNSK01,SASKPOWER,,,,,,,,,,AE
STRUCTURE_REG16/475851,01010000002C46D87BE7285AC0F0002EB9AB3A4940,POL:PPOLE:C201076,,POWER,LOC_C6202268,IPL,,0,,,REGNSK,m,,,REGNSK01,SASKPOWER,,,,,,,,,,AE
STRUCTURE_REG16/476093,0101000000187084AF29295AC0387FEBAE5F3C4940,POL:PPOLE:C192159,,POWER,LOC_C6193546,IPL,,0,,,REGNSK,m,,,REGNSK04,SASKPOWER,,,,,BN,,,,,AE
STRUCTURE_REG16/476239,0101000000E474CE5983295AC028CFE8C0D2394940,POL:PPOLE:C192531,,POWER,LOC_C6193915,IPL,,0,,,REGNSK,m,,,REGNSK01,SASKPOWER,,,,,,,,,,AE
STRUCTURE_REG16/476738,0101000000D405FD31DF285AC0B0992BD96A3B4940,POL:PPOLE:C188918,,POWER,LOC_C6190403,IPL,,0,,,REGNSK,m,,,REGNSK01,SASKPOWER,,,,,,,,,,AE
STRUCTURE_REG16/476739,0101000000DC291CF5FB285AC0E8851004063C4940,POL:PPOLE:C186984,,POWER,LOC_C6188575,IPL,,0,,,REGNSK,m,,,REGNSK01,SASKPOWER,,,,,,,,,,AE
STRUCTURE_REG16/476742,0101000000902C094BFA285AC0804145217E3B4940,POL:PPOLE:C187423,,POWER,LOC_C6188978,IPL,,0,,,REGNSK,m,,,REGNSK01,SASKPOWER,,,,,,,,,,AE
STRUCTURE_REG16/476784,01010000008499271EEA285AC0D0BE60744F3B4940,POL:PPOLE:C197019,,POWER,LOC_C6198255,IPL,,0,,,REGNSK,m,,,REGNSK01,SASKPOWER,,,,,,,,,,AE
STRUCTURE_REG16/476792,0101000000C0E44D4BFA285AC0106B78878F3B4940,POL:PPOLE:C187416,,POWER,LOC_C6188973,IPL,,0,,,REGNSK,m,,,REGNSK01,SASKPOWER,,,,,,,,,,AE
STRUCTURE_REG16/476801,0101000000F8593E28CE295AC0B853561A4B3C4940,POL:PPOLE:C230759,,POWER,LOC_C6231571,IPL,,0,,,REGNSK,m,,,REGNSK04,SASKPOWER,,,,,,,,,,AE
STRUCTURE_REG16/476877,01010000002462B6097C2A5AC0605DD3F84F3C4940,POL:PPOLE:C203521,,POWER,LOC_C6204676,IPL,,0,,,REGNSK,m,,,REGNSK04,SASKPOWER,,,,,,,,,,AE
STRUCTURE_REG16/476903,0101000000B0B0B7FF6E295AC0908FEB530C3C4940,POL:PPOLE:C194037,,POWER,LOC_C6195340,IPL,,0,,,REGNSK,m,,,REGNSK04,SASKPOWER,,,,,,,,,,AE
STRUCTURE_REG16/476904,010100000074AA8641BC295AC008555A810C3C4940,POL:PPOLE:C224296,,POWER,LOC_C6225180,IPL,,0,,,REGNSK,m,,,REGNSK04,SASKPOWER,,,,,,,,,,AE
STRUCTURE_REG16/476905,010100000010676129742B5AC0B0011FC3703A4940,POL:PPOLE:C213126,,POWER,LOC_C6214131,IPL,,0,,,REGNSK,m,,,REGNSK04,SASKPOWER,,,,,,,,,,AE
STRUCTURE_REG16/476907,0101000000E8C6C0DC7C295AC0D85702BC543A4940,POL:PPOLE:C216722,,POWER,LOC_C6217691,IPL,,0,,,REGNSK,m,,,REGNSK04,SASKPOWER,,,,,,,,,,AE
STRUCTURE_REG16/476910,010100000068DEE89890295AC0985D79FBB93A4940,POL:PPOLE:C222990,,POWER,LOC_C6223886,IPL,,0,,,REGNSK,m,,,REGNSK04,SASKPOWER,,,,,,,,,,AE
STRUCTURE_REG16/476922,0101000000249DA1E8FC295AC040D31A09883A4940,POL:PPOLE:C213373,,POWER,LOC_C6214377,IPL,,0,,,REGNSK,m,,,REGNSK04,SASKPOWER,,,,,,,,,,AE
STRUCTURE_REG16/476943,010100000054CD6C8A59295AC0F81BA2E1BF3B4940,POL:PPOLE:C192403,,POWER,LOC_C6193791,IPL,,0,,,REGNSK,m,,,REGNSK04,SASKPOWER,,,,,,,,,,AE
STRUCTURE_REG16/476945,01010000009C98E838E6295AC0F8D028719E3A4940,POL:PPOLE:C214672,,POWER,LOC_C6215655,IPL,,0,,,REGNSK,m,,,REGNSK04,SASKPOWER,,,,,,,,,,AE
STRUCTURE_REG16/476955,010100000000EF3062892A5AC0E8954A96583B4940,POL:PPOLE:C195367,,POWER,LOC_C6196651,IPL,,0,,,REGNSK,m,,,REGNSK04,SASKPOWER,,,,,,,,,,AE
STRUCTURE_REG16/476962,0101000000A04808A0C22A5AC028D6319A543A4940,POL:PPOLE:C223525,,POWER,LOC_C6224416,IPL,,0,,,REGNSK,m,,,REGNSK04,SASKPOWER,,,,,,,,,,AE
STRUCTURE_REG16/476963,010100000078A0764142295AC06021E26FC63B4940,POL:PPOLE:C193644,,POWER,LOC_C6194971,IPL,,0,,,REGNSK,m,,,REGNSK04,SASKPOWER,,,,,,,,,,AE
STRUCTURE_REG16/476975,01010000005098091C6F295AC03848A4B4913B4940,POL:PPOLE:C191989,,POWER,LOC_C6193373,IPL,,0,,,REGNSK,m,,,REGNSK04,SASKPOWER,,,,,,,,,,AE
STRUCTURE_REG16/476982,010100000058F7D65A542A5AC0584318C8BE3B4940,POL:PPOLE:C220991,,POWER,LOC_C6221924,IPL,,0,,,REGNSK,m,,,REGNSK04,SASKPOWER,,,,,,,,,,AE
STRUCTURE_REG16/476985,0101000000346E406AC4295AC0A8E40429553A4940,POL:PPOLE:C212957,,POWER,LOC_C6213963,IPL,,0,,,REGNSK,m,,,REGNSK04,SASKPOWER,,,,,,,,,,AE
STRUCTURE_REG16/476986,0101000000D4CD94EFFC295AC0400A8914C03A4940,POL:PPOLE:C226463,,POWER,LOC_C6227327,IPL,,0,,,REGNSK,m,,,REGNSK04,SASKPOWER,,,,,BN,,,,,AE
STRUCTURE_REG16/477449,0101000000C4A2377C752A5AC008144AC9EC3B4940,POL:PPOLE:C203507,,POWER,LOC_C6204660,IPL,,0,,,REGNSK,m,,,REGNSK04,SASKPOWER,,"BN,TRF",,,,,,,,AE
STRUCTURE_REG16/477541,01010000007414F4D2C5285AC038E0A7A2DF3B4940,POL:PPOLE:C187062,,POWER,LOC_C6188633,IPL,,0,,,REGNSK,m,,,REGNSK01,SASKPOWER,,,,,,,,,,AE
STRUCTURE_REG16/477660,0101000000F452B3325A2A5AC0A0EC82084B3C4940,POL:PPOLE:C228369,,POWER,LOC_C6229198,IPL,,0,,,REGNSK,m,,,REGNSK04,SASKPOWER,,,,,,,,,,AE
STRUCTURE_REG16/477950,0101000000D8140B53E6295AC0F039AC1A4B3C4940,POL:PPOLE:C228284,,POWER,LOC_C6229116,IPL,,0,,,REGNSK,m,,,REGNSK04,SASKPOWER,,,,,BN,,,,,AE
STRUCTURE_REG16/478186,0101000000BCEC82E7BC2B5AC0E8F12451FE3A4940,POL:PPOLE:C196165,,POWER,LOC_C6197451,IPL,,0,,,REGNSK,m,,,REGNSK04,SASKPOWER,,,,,,,,,,AE
STRUCTURE_REG16/478534,0101000000A0A3E890BA2B5AC0E8E8884EDF3A4940,POL:PPOLE:C197771,,POWER,LOC_C6199006,IPL,,0,,,REGNSK,m,,,REGNSK04,SASKPOWER,,,,,,,,,,AE
STRUCTURE_REG16/478544,01010000008465E7F8BE2B5AC0789D8EE6193B4940,POL:PPOLE:C196264,,POWER,LOC_C6197539,IPL,,0,,,REGNSK,m,,,REGNSK04,SASKPOWER,,,,,,,,,,AE
STRUCTURE_REG16/478556,0101000000B830C0A89E2B5AC0C8008725253B4940,POL:PPOLE:C196014,,POWER,LOC_C6197297,IPL,,0,,,REGNSK,m,,,REGNSK04,SASKPOWER,,,,,,,,,,AE
STRUCTURE_REG16/478564,010100000070A403F7BB2B5AC040C6C0CDF13A4940,POL:PPOLE:C197804,,POWER,LOC_C6199039,IPL,,0,,,REGNSK,m,,,REGNSK04,SASKPOWER,,,,,,,,,,AE
STRUCTURE_REG16/478571,010100000030BCE72DEF2B5AC0508C99A26E3A4940,POL:PPOLE:C219035,,POWER,LOC_C6219992,IPL,,0,,,REGNSK,m,,,REGNSK04,SASKPOWER,,,,,BN,,,,,AE
STRUCTURE_REG16/479161,0101000000E8F5639DCE295AC048366665BD3A4940,POL:PPOLE:C220355,,POWER,LOC_C6221294,IPL,,0,,,REGNSK,m,,,REGNSK04,SASKPOWER,,,,,,,,,,AE
STRUCTURE_REG16/481682,0101000000BC4480C9892B5AC0788F64AA6E3A4940,POL:PPOLE:C218737,,POWER,LOC_C6219690,IPL,,0,,,REGNSK,m,,,REGNSK04,SASKPOWER,,,,,,,,,,AE
STRUCTURE_REG16/489222,0101000000DC4361CE8E295AC0100FB8B3113A4940,POL:PPOLE:C196964,,POWER,LOC_C6202429,IPL,,0,,,REGNSK,m,,,REGNSK01,SASKPOWER,,,,,,,,,,AE
STRUCTURE_REG16/489893,010100000050B7BB2025295AC02080EEE7AE3A4940,POL:PPOLE:C201016,,POWER,LOC_C6202202,IPL,,0,,,REGNSK,m,,,REGNSK01,SASKPOWER,,,,,,,,,,AE
STRUCTURE_REG16/492334,01010000001027B8D750295AC048B53697DF3B4940,POL:PPOLE:C192273,,POWER,LOC_C6193660,IPL,,0,,,REGNSK,m,,,REGNSK04,SASKPOWER,,,,,,,,,,AE
STRUCTURE_REG16/494422,0101000000C8621ED6F4285AC048143B365C3B4940,POL:PPOLE::7397947,,POWER,LOC_7311253,IPL,,0,,0.0,,m,,,REGNSK01,SASKPOWER,,,,,,,,0010,971428,AE
STRUCTURE_REG16/495542,010100000040768D7FE7285AC05008EDA7CF3A4940,POL:PPOLE:C194952,,POWER,LOC_C6196240,IPL,,0,,,REGNSK,m,,,REGNSK01,SASKPOWER,,,,,,,,,,AE
STRUCTURE_REG16/495545,01010000008C850CD7CF285AC0C001EDAEB63A4940,POL:PPOLE:C201255,,POWER,LOC_C6202453,IPL,,0,,,REGNSK,m,,,REGNSK01,SASKPOWER,,,,,,,,,,AE
STRUCTURE_REG16/496400,01010000006877E707D0285AC098F97F89C33B4940,POL:PPOLE:C188515,,POWER,LOC_C6190016,IPL,,0,,,REGNSK,m,,,REGNSK01,SASKPOWER,,,,,,,,,,AE
STRUCTURE_REG16/496420,0101000000F8B4D3D407295AC0882949259C3B4940,POL:PPOLE:C190645,,POWER,LOC_C6192090,IPL,,0,,,REGNSK,m,,,REGNSK01,SASKPOWER,,,,,,,,,,AE
STRUCTURE_REG16/496458,01010000000C0F6B6E28295AC0A82732619E3A4940,POL:PPOLE:C197545,,POWER,LOC_C6198785,IPL,,0,,,REGNSK,m,,,REGNSK01,SASKPOWER,,,,,,,,,,AE
STRUCTURE_REG16/496470,0101000000A026DC261A295AC0987EB91EDE3A4940,POL:PPOLE:C196669,,POWER,LOC_C6197913,IPL,,0,,,REGNSK,m,,,REGNSK01,SASKPOWER,,,,,,,,,,AE
STRUCTURE_REG16/496579,010100000054128709F62A5AC0D8A3F12A7C3A4940,POL:PPOLE:C220318,,POWER,LOC_C6221257,IPL,,0,,,REGNSK,m,,,REGNSK04,SASKPOWER,,,,,BN,,,,,AE
STRUCTURE_REG16/496581,0101000000D4598D22742B5AC0B0E3AA12623A4940,POL:PPOLE:C213132,,POWER,LOC_C6214137,IPL,,0,,,REGNSK,m,,,REGNSK04,SASKPOWER,,,,,,,,,,AE
STRUCTURE_REG16/496582,01010000008897C7CA6A2A5AC090D28270F53B4940,POL:PPOLE:C203512,,POWER,LOC_C6204665,IPL,,0,,,REGNSK,m,,,REGNSK04,SASKPOWER,,,,,,,,,,AE
STRUCTURE_REG16/496584,01010000004CD698A557295AC0B8336A30603A4940,POL:PPOLE:C216746,,POWER,LOC_C6217712,IPL,,0,,,REGNSK,m,,,REGNSK04,SASKPOWER,,,,,,,,,,AE
STRUCTURE_REG16/496585,01010000008C3F72E739295AC0B0F25107F83A4940,POL:PPOLE:C217664,,POWER,LOC_C6218621,IPL,,0,,,REGNSK,m,,,REGNSK04,SASKPOWER,2002,,,,,,,,,AE
STRUCTURE_REG16/496586,01010000007C885C5C422A5AC0E0EE5902E93B4940,POL:PPOLE:C221041,,POWER,LOC_C6221975,IPL,,0,,,REGNSK,m,,,REGNSK04,SASKPOWER,,,,,,,,,,AE
STRUCTURE_REG16/496587,01010000002418665297295AC0906B7623BA3A4940,POL:PPOLE:C222986,,POWER,LOC_C6223879,IPL,,0,,,REGNSK,m,,,REGNSK04,SASKPOWER,,,,,,,,,,AE
STRUCTURE_REG16/496588,010100000030B23857252B5AC058056A9E543A4940,POL:PPOLE:C223113,,POWER,LOC_C6224005,IPL,,0,,,REGNSK,m,,,REGNSK04,SASKPOWER,,,,,,,,,,AE
STRUCTURE_REG16/496589,0101000000F8A583972E2B5AC0C01DAE30583A4940,POL:PPOLE:C223118,,POWER,LOC_C6224009,IPL,,0,,,REGNSK,m,,,REGNSK04,SASKPOWER,,,,,,,,,,AE
STRUCTURE_REG16/496593,010100000014CDF0BD442A5AC0903258C7EA3A4940,POL:PPOLE:C220732,,POWER,LOC_C6221670,IPL,,0,,,REGNSK,m,,,REGNSK04,SASKPOWER,,,,,,,,,,AE
STRUCTURE_REG16/496600,0101000000EC68B9BFFC295AC0787C999A573A4940,POL:PPOLE:C213360,,POWER,LOC_C6214363,IPL,,0,,,REGNSK,m,,,REGNSK04,SASKPOWER,,,,,,,,,,AE
STRUCTURE_REG16/496625,010100000034FE729DCE295AC098F5036D9E3A4940,POL:PPOLE:C214646,,POWER,LOC_C6215629,IPL,,0,,,REGNSK,m,,,REGNSK04,SASKPOWER,,,,,,,,,,AE
STRUCTURE_REG16/496629,0101000000C06CE8B786295AC07078FADBFA3B4940,POL:PPOLE:C224679,,POWER,LOC_C6225560,IPL,,0,,,REGNSK,m,,,REGNSK04,SASKPOWER,,,,,,,,,,AE
STRUCTURE_REG16/496630,010100000090FA9B18DE295AC018159B709E3A4940,POL:PPOLE:C214669,,POWER,LOC_C6215651,IPL,,0,,,REGNSK,m,,,REGNSK04,SASKPOWER,,,,,,,,,,AE
STRUCTURE_REG16/496635,0101000000D8061BC2242A5AC0804E5E8A893B4940,POL:PPOLE:C221248,,POWER,LOC_C6222175,IPL,,0,,,REGNSK,m,,,REGNSK04,SASKPOWER,,,,,BN,,,,,AE
STRUCTURE_REG16/496636,01010000009CF4EE2A2C2A5AC000DCE9F7923B4940,POL:PPOLE:C221252,,POWER,LOC_C6222178,IPL,,0,,,REGNSK,m,,,REGNSK04,SASKPOWER,,,,,,,,,,AE
STRUCTURE_REG16/496641,01010000007025387E732A5AC0A0A8408EEF3A4940,POL:PPOLE:C200654,,POWER,LOC_C6201844,IPL,,0,,,REGNSK,m,,,REGNSK04,SASKPOWER,,,,,,,,,,AE
STRUCTURE_REG16/496642,0101000000B4AE1F02D12A5AC050E19B22573A4940,POL:PPOLE:C220584,,POWER,LOC_C6221522,IPL,,0,,,REGNSK,m,,,REGNSK04,SASKPOWER,,,,,,,,,,AE
STRUCTURE_REG16/496645,0101000000845CC9BE86295AC050817584A23B4940,POL:PPOLE:C220774,,POWER,LOC_C6221729,IPL,,0,,,REGNSK,m,,,REGNSK04,SASKPOWER,,,,,,,,,,AE
STRUCTURE_REG16/496646,010100000058D40963892A5AC0E0CE36B8263B4940,POL:PPOLE:C200774,,POWER,LOC_C6201967,IPL,,0,,,REGNSK,m,,,REGNSK04,SASKPOWER,,,,,,,,,,AE
STRUCTURE_REG16/496650,01010000005CCAA4AC9D295AC040B89423FF3A4940,POL:PPOLE:C230031,,POWER,LOC_C6230847,IPL,,0,,,REGNSK,m,,,REGNSK04,SASKPOWER,,,,,,,,,,AE
STRUCTURE_REG16/496672,0101000000E408562B2C2A5AC0A008FC90203B4940,POL:PPOLE:C220645,,POWER,LOC_C6221584,IPL,,0,,,REGNSK,m,,,REGNSK04,SASKPOWER,,,,,,,,,,AE
STRUCTURE_REG16/496675,010100000080F4143984295AC0B0B20C97333B4940,POL:PPOLE:C230076,,POWER,LOC_C6230892,IPL,,0,,,REGNSK,m,,,REGNSK04,SASKPOWER,,,,,,,,,,AE
STRUCTURE_REG16/496676,010100000024EF37689C295AC050797691333B4940,POL:PPOLE:C230080,,POWER,LOC_C6230896,IPL,,0,,,REGNSK,m,,,REGNSK04,SASKPOWER,,,,,,,,,,AE
STRUCTURE_REG16/496677,0101000000C4581D6EC4295AC0E89A84D0163B4940,POL:PPOLE:C230166,,POWER,LOC_C6230981,IPL,,0,,,REGNSK,m,,,REGNSK04,SASKPOWER,,,,,,,,,,AE
STRUCTURE_REG16/496694,0101000000C4E00822D0285AC080CE1BC9533C4940,POL:PPOLE:C193189,,POWER,LOC_C6194562,IPL,,0,,,REGNSK,m,,,REGNSK04,SASKPOWER,,,,,,,,,,AE
STRUCTURE_REG16/496695,0101000000D04A2649E5295AC0383121DCA03B4940,POL:PPOLE:C223314,,POWER,LOC_C6224204,IPL,,0,,,REGNSK,m,,,REGNSK04,SASKPOWER,,,,,,,,,,AE
STRUCTURE_REG16/496696,0101000000F8B8C9B75D295AC0B037ED73C63B4940,POL:PPOLE:C192122,,POWER,LOC_C6193547,IPL,,0,,,REGNSK,m,,,REGNSK04,SASKPOWER,,,,,,,,,,AE
STRUCTURE_REG16/497316,01010000003C6079EB172B5AC0308B4B20683A4940,POL:PPOLE:C223339,,POWER,LOC_C6224228,IPL,,0,,,REGNSK,m,,,REGNSK04,SASKPOWER,,,,,,,,,,AE
STRUCTURE_REG16/497770,0101000000B0AF26633D2A5AC030436075BC3A4940,POL:PPOLE:C226527,,POWER,LOC_C6227391,IPL,,0,,,REGNSK,m,,,REGNSK04,SASKPOWER,,,,,,,,,,AE
STRUCTURE_REG16/498224,01010000002C9463EAA2295AC0E8918C5DE1394940,POL:PPOLE:C202289,,POWER,LOC_C6203472,IPL,,0,,,REGNSK,m,,,REGNSK01,SASKPOWER,,,,,,,,,,AE
STRUCTURE_REG16/498272,010100000010511CA5EA2B5AC0A8C2B9A26E3A4940,POL:PPOLE:C219034,,POWER,LOC_C6219989,IPL,,0,,,REGNSK,m,,,REGNSK04,SASKPOWER,,,,,,,,,,AE
STRUCTURE_REG16/498292,0101000000AC0863E3B82B5AC0A022F692D13A4940,POL:PPOLE:C197812,,POWER,LOC_C6199055,IPL,,0,,,REGNSK,m,,,REGNSK04,SASKPOWER,,,,,,,,,,AE
STRUCTURE_REG16/499610,010100000084ED54E403295AC0A8F8A8F4503A4940,POL:PPOLE:C199487,,POWER,LOC_C6200710,IPL,,0,,,REGNSK,m,,,REGNSK01,SASKPOWER,,,,,,,,,,AE
STRUCTURE_REG16/509234,0101000000B04FDCFE10295AC0E013A8EEDF3B4940,POL:PPOLE:C187090,,POWER,LOC_C6188663,IPL,,0,,,REGNSK,m,,,REGNSK01,SASKPOWER,,,,,,,,,,AE
STRUCTURE_REG16/509308,0101000000ECD42C353A295AC078B40E07BC3B4940,POL:PPOLE:C192326,,POWER,LOC_C6193714,IPL,,0,,,REGNSK,m,,,REGNSK04,SASKPOWER,,,,,,,,,,AE
STRUCTURE_REG16/509309,01010000007017AA60892A5AC0A85EB6BE043B4940,POL:PPOLE:C200758,,POWER,LOC_C6201948,IPL,,0,,,REGNSK,m,,,REGNSK04,SASKPOWER,,,,,,,,,,AE
STRUCTURE_REG16/509320,010100000020B31A154F295AC0E0E0D154FC3B4940,POL:PPOLE:C215658,,POWER,LOC_C6216634,IPL,,0,,,REGNSK,m,,,REGNSK04,SASKPOWER,,,,,,,,,,AE
STRUCTURE_REG16/509885,01010000007858C48ABC295AC06089B2B7543A4940,POL:PPOLE:C214884,,POWER,LOC_C6215868,IPL,,0,,,REGNSK,m,,,REGNSK04,SASKPOWER,,,,,,,,,,AE
STRUCTURE_REG16/509890,0101000000AC8560222C2A5AC070C61AAF323B4940,POL:PPOLE:C220649,,POWER,LOC_C6221590,IPL,,0,,,REGNSK,m,,,REGNSK04,SASKPOWER,,,,,,,,,,AE
STRUCTURE_REG16/512302,01010000005CF3E479142A5AC0283E8DD46B3A4940,POL:PPOLE:C213491,,POWER,LOC_C6214495,IPL,,0,,,REGNSK,m,,,REGNSK04,SASKPOWER,,,,,,,,,,AE
STRUCTURE_REG16/513813,0101000000E48069C0FC285AC0E05D6341E83A4940,POL:PPOLE:C199539,,POWER,LOC_C6200765,IPL,,0,,,REGNSK,m,,,REGNSK01,SASKPOWER,,,,,,,,,,AE
STRUCTURE_REG16/515506,0101000000B0003D7203295AC0F0E830E0DE3A4940,POL:PPOLE:C201872,,POWER,LOC_C6203054,IPL,,0,,,REGNSK,m,,,REGNSK01,SASKPOWER,,,,,,,,,,AE
STRUCTURE_REG16/515786,0101000000B01700663B2A5AC080DCB8114B3C4940,POL:PPOLE:C228352,,POWER,LOC_C6229178,IPL,,0,,,REGNSK,m,,,REGNSK04,SASKPOWER,,,,,,,,,,AE
STRUCTURE_REG16/516320,0101000000A47AB17E732A5AC0082B5894E63A4940,POL:PPOLE:C200656,,POWER,LOC_C6201847,IPL,,0,,,REGNSK,m,,,REGNSK04,SASKPOWER,,,,,BN,,,,,AE
STRUCTURE_REG16/516408,0101000000A01B55DE12295AC0180757E0AE3A4940,POL:PPOLE:C201026,,POWER,LOC_C6202214,IPL,,0,,,REGNSK,m,,,REGNSK01,SASKPOWER,,,,,,,,,,AE
STRUCTURE_REG16/516421,010100000058A3677828295AC0D8190E07E63A4940,POL:PPOLE:C199319,,POWER,LOC_C6200546,IPL,,0,,,REGNSK,m,,,REGNSK01,SASKPOWER,,,,,,,,,,AE
STRUCTURE_REG16/516456,0101000000A425142A11295AC0009BD3CF153B4940,POL:PPOLE:C196756,,POWER,LOC_C6198000,IPL,,0,,,REGNSK,m,,,REGNSK01,SASKPOWER,,,,,,,,,,AE
STRUCTURE_REG16/516466,01010000006099741725295AC0E8E6AEA16B3A4940,POL:PPOLE:C199101,,POWER,LOC_C6200329,IPL,,0,,,REGNSK,m,,,REGNSK01,SASKPOWER,,,,,,,,,,AE
STRUCTURE_REG16/516559,01010000000C9535A0542B5AC050C6D3207C3A4940,POL:PPOLE:C213092,,POWER,LOC_C6214093,IPL,,0,,,REGNSK,m,,,REGNSK04,SASKPOWER,,,,,,,,,,AE
STRUCTURE_REG16/516570,01010000002456E8B13D2A5AC098319FF5EE3B4940,POL:PPOLE:C226521,,POWER,LOC_C6227383,IPL,,0,,,REGNSK,m,,,REGNSK04,SASKPOWER,,,,,,,,,,AE
STRUCTURE_REG16/516587,010100000058C3BEFD162B5AC000679CD2763A4940,POL:PPOLE:C223324,,POWER,LOC_C6224215,IPL,,0,,,REGNSK,m,,,REGNSK04,SASKPOWER,,,,,,,,,,AE
STRUCTURE_REG16/516594,0101000000140D7448E5295AC008773067D83B4940,POL:PPOLE:C223254,,POWER,LOC_C6224141,IPL,,0,,,REGNSK,m,,,REGNSK04,SASKPOWER,,,,,,,,,,AE
STRUCTURE_REG16/516595,010100000040450F5B9E295AC058278CA5093C4940,POL:PPOLE:C227418,,POWER,LOC_C6228264,IPL,,0,,,REGNSK,m,,,REGNSK04,SASKPOWER,,,,,,,,,,AE
STRUCTURE_REG16/516610,01010000005038397E732A5AC02018EF1D6E3B4940,POL:PPOLE:C193871,,POWER,LOC_C6195181,IPL,,0,,,REGNSK,m,,,REGNSK04,SASKPOWER,,,,,,,,,,AE
STRUCTURE_REG16/516623,0101000000C00F6B7D732A5AC010DC86603B3B4940,POL:PPOLE:C200636,,POWER,LOC_C6201828,IPL,,0,,,REGNSK,m,,,REGNSK04,SASKPOWER,,,,,,,,,,AE
STRUCTURE_REG16/516625,01010000002C89C706D12A5AC030089F5F743A4940,POL:PPOLE:C220581,,POWER,LOC_C6221518,IPL,,0,,,REGNSK,m,,,REGNSK04,SASKPOWER,,,,,,,,,,AE
STRUCTURE_REG16/516627,0101000000CC0C8A02B7295AC0D08C6195E53A4940,POL:PPOLE:C224365,,POWER,LOC_C6225251,IPL,,0,,,REGNSK,m,,,REGNSK04,SASKPOWER,,,,,,,,,,AE
STRUCTURE_REG16/516628,0101000000AC195F02B7295AC0385CC3FDE13A4940,POL:PPOLE:C224374,,POWER,LOC_C6225252,IPL,,0,,,REGNSK,m,,,REGNSK04,SASKPOWER,,,,,,,,,,AE
STRUCTURE_REG16/516636,01010000006403ED64892A5AC0F06CAE588B3B4940,POL:PPOLE:C195391,,POWER,LOC_C6196678,IPL,,0,,,REGNSK,m,,,REGNSK04,SASKPOWER,,,,,BN,,,,,AE
STRUCTURE_REG16/516637,010100000028B2FB60892A5AC0487C56550C3B4940,POL:PPOLE:C200761,,POWER,LOC_C6201950,IPL,,0,,,REGNSK,m,,,REGNSK04,SASKPOWER,,,,,,,,,,AE
STRUCTURE_REG16/516638,0101000000B8BB96DCFD295AC03819C5474B3B4940,POL:PPOLE:C223479,,POWER,LOC_C6224369,IPL,,0,,,REGNSK,m,,,REGNSK04,SASKPOWER,,,,,,,,,,AE
STRUCTURE_REG16/516649,0101000000344D0AB973295AC00802B79D9F3A4940,POL:PPOLE:C216519,,POWER,LOC_C6217487,IPL,,0,,,REGNSK,m,,,REGNSK04,SASKPOWER,,,,,,,,,,AE
STRUCTURE_REG16/516652,01010000002C1A8365C4295AC0386C4ED7733A4940,POL:PPOLE:C220141,,POWER,LOC_C6221085,IPL,,0,,,REGNSK,m,,,REGNSK04,SASKPOWER,,,,,,,,,,AE
STRUCTURE_REG16/516658,0101000000906F6A2B2C2A5AC090F2F349283B4940,POL:PPOLE:C220648,,POWER,LOC_C6221586,IPL,,0,,,REGNSK,m,,,REGNSK04,SASKPOWER,,,,,BN,,,,,AE
STRUCTURE_REG16/516659,0101000000B4FF1C74362A5AC0705D23AF323B4940,POL:PPOLE:C220666,,POWER,LOC_C6221606,IPL,,0,,,REGNSK,m,,,REGNSK04,SASKPOWER,,,,,,,,,,AE
STRUCTURE_REG16/516661,010100000004607DE8D4295AC050ECC7B16B3A4940,POL:PPOLE:C212992,,POWER,LOC_C6213996,IPL,,0,,,REGNSK,m,,,REGNSK04,SASKPOWER,,,,,,,,,,AE
STRUCTURE_REG16/516668,0101000000E44EF7D486295AC078995BA06B3A4940,POL:PPOLE:C214955,,POWER,LOC_C6215938,IPL,,0,,,REGNSK,m,,,REGNSK04,SASKPOWER,,,,,BN,,,,,AE
STRUCTURE_REG16/516693,0101000000A8781981D5295AC0B09F963DCE3B4940,POL:PPOLE:C223552,,POWER,LOC_C6224441,IPL,,0,,,REGNSK,m,,,REGNSK04,SASKPOWER,,,,,,,,,,AE
STRUCTURE_REG16/517158,010100000090D3F348E5295AC06077A1C3803B4940,POL:PPOLE:C223348,,POWER,LOC_C6224237,IPL,,0,,,REGNSK,m,,,REGNSK04,SASKPOWER,,,,,BN,,,,,AE
STRUCTURE_REG16/517290,010100000054A92793BD295AC0A8C51F33BA3A4940,POL:PPOLE:C215392,,POWER,LOC_C6216364,IPL,,0,,,REGNSK,m,,,REGNSK04,SASKPOWER,,,,,,,,,,AE
STRUCTURE_REG16/517783,010100000040D9A80FE32B5AC0B0247A65533A4940,POL:PPOLE:C221742,,POWER,LOC_C6222642,IPL,,0,,,REGNSK,m,,,REGNSK04,SASKPOWER,,,,,,,,,,AE
STRUCTURE_REG16/518167,01010000007438222E2C2A5AC0F81FA0359E3A4940,POL:PPOLE:C213629,,POWER,LOC_C6214636,IPL,,0,,,REGNSK,m,,,REGNSK04,SASKPOWER,,,,,,,,,,AE
STRUCTURE_REG16/518177,010100000098E48660AE2B5AC050DCD940423B4940,POL:PPOLE:C195873,,POWER,LOC_C6197158,IPL,,0,,,REGNSK,m,,,REGNSK04,SASKPOWER,,,,,,,,,,AE
STRUCTURE_REG16/518195,0101000000D84C80BFCA2B5AC01896D567533A4940,POL:PPOLE:C221699,,POWER,LOC_C6222600,IPL,,0,,,REGNSK,m,,,REGNSK04,SASKPOWER,,,,,,,,,,AE
STRUCTURE_REG16/518553,0101000000A84C7F96512A5AC0701FEE94D53B4940,POL:CPOLE::13205437,,COMPANY,LOC_C6221983,IPL,,0,SPST_APOLES,10.668000000000001,REGNSK,m,5,,REGNSK04,SASKTEL,2024,,100876,,,,,0000,823720,
STRUCTURE_REG16/518704,0101000000846A4F6B28295AC018BAF698573A4940,POL:PPOLE:C199124,,POWER,LOC_C6200352,IPL,,0,,,REGNSK,m,,,REGNSK01,SASKPOWER,,,,,,,,,,AE
STRUCTURE_REG16/519052,0101000000408ABDF4CF285AC0C016DAF7303B4940,POL:PPOLE:C195125,,POWER,LOC_C6196418,IPL,,0,,,REGNSK,m,,,REGNSK01,SASKPOWER,,,,,,,,,,AE
STRUCTURE_REG16/519425,010100000058EE2C77EF285AC078B40C06513A4940,POL:PPOLE:C199762,,POWER,LOC_C6200982,IPL,,0,,,REGNSK,m,,,REGNSK01,SASKPOWER,,,,,,,,,,AE
STRUCTURE_REG16/529564,010100000068171569892A5AC0B8FD92C4BA3B4940,POL:PPOLE:C195408,,POWER,LOC_C6196692,IPL,,0,,,REGNSK,m,,,REGNSK04,SASKPOWER,,,,,,,,,,AE
STRUCTURE_REG16/531969,01010000003C6016C1FC285AC078921780233B4940,POL:PPOLE:C197335,,POWER,LOC_C6198577,IPL,,0,,,REGNSK,m,,,REGNSK01,SASKPOWER,,,,,,,,,,AE
STRUCTURE_REG16/535031,0101000000D8D8D0F3C5285AC088551F29113B4940,POL:PPOLE::7275537,,POWER,LOC_7149674,IPL,,0,,0.0,REGNSK,m,,,REGNSK01,SASKPOWER,2013,,,,,,,,0,AE
STRUCTURE_REG16/535251,01010000006887C6E0CF285AC030E905F8DE3A4940,POL:PPOLE:C196603,,POWER,LOC_C6197851,IPL,,0,,,REGNSK,m,,,REGNSK01,SASKPOWER,,,,,,,,,,AE
STRUCTURE_REG16/535252,010100000064A8EFD4FA285AC0882CBF97783A4940,POL:PPOLE:C199528,,POWER,LOC_C6200753,IPL,,0,,,REGNSK,m,,,REGNSK01,SASKPOWER,,,,,,,,,,AE
STRUCTURE_REG16/535255,01010000006864C4F6F4285AC0F0E13797783A4940,POL:PPOLE:C199559,,POWER,LOC_C6200786,IPL,,0,,,REGNSK,m,,,REGNSK01,SASKPOWER,,,,,,,,,,AE
STRUCTURE_REG16/535259,010100000090A571D007295AC0E0B565DCAE3A4940,POL:PPOLE:C196007,,POWER,LOC_C6197291,IPL,,0,,,REGNSK,m,,,REGNSK01,SASKPOWER,,,,,,,,,,AE
STRUCTURE_REG16/535515,01010000002482D5E44B2A5AC008BF5875DC3A4940,POL:PPOLE:C220781,,POWER,LOC_C6221720,IPL,,0,,,REGNSK,m,,,REGNSK04,SASKPOWER,,,,,,,,,,AE
STRUCTURE_REG16/535649,010100000050EFFD9B44295AC038EF6B36EC394940,POL:PPOLE:C217699,,POWER,LOC_C6218654,IPL,,0,,,REGNSK,m,,,REGNSK01,SASKPOWER,,,,,,,,,,AE
STRUCTURE_REG16/536113,01010000004CC23BAFE7285AC08883216BC03B4940,POL:PPOLE:C188478,,POWER,LOC_C6189982,IPL,,0,,,REGNSK,m,,,REGNSK01,SASKPOWER,,,,,BN,,,,,AE
STRUCTURE_REG16/536135,0101000000D8A4B6951D295AC088BC2305443B4940,POL:PPOLE:C202240,,POWER,LOC_C6203421,IPL,,0,,,REGNSK,m,,,REGNSK01,SASKPOWER,,NOT IN MARTENS,,,,,,,,AE
STRUCTURE_REG16/536136,010100000034FE81C81B295AC0584E332BFB3A4940,POL:PPOLE:C196851,,POWER,LOC_C6198096,IPL,,0,,,REGNSK,m,,,REGNSK01,SASKPOWER,,,,,,,,,,AE
STRUCTURE_REG16/536171,01010000006425CE06D0285AC0F87A420CBA3B4940,POL:PPOLE:C188518,,POWER,LOC_C6190019,IPL,,0,,,REGNSK,m,,,REGNSK01,SASKPOWER,,,,,,,,,,AE
STRUCTURE_REG16/536195,0101000000142B637628295AC090F79FD90E3B4940,POL:PPOLE:C199262,,POWER,LOC_C6200490,IPL,,0,,,REGNSK,m,,,REGNSK01,SASKPOWER,,,,,,,,,,AE
STRUCTURE_REG16/536274,0101000000A08B090E682B5AC0D0B126FD9A3A4940,POL:PPOLE:C213030,,POWER,LOC_C6214034,IPL,,0,,,REGNSK,m,,,REGNSK04,SASKPOWER,,,,,,,,,,AE
STRUCTURE_REG16/536279,0101000000F83039BD442A5AC05808880F0D3B4940,POL:PPOLE:C220707,,POWER,LOC_C6221647,IPL,,0,,,REGNSK,m,,,REGNSK04,SASKPOWER,,,,,,,,,,AE
STRUCTURE_REG16/536280,0101000000EC9A042D2C2A5AC040251E25B63B4940,POL:PPOLE:C221121,,POWER,LOC_C6222052,IPL,,0,,,REGNSK,m,,,REGNSK04,SASKPOWER,,,,,,,,,,AE
STRUCTURE_REG16/536281,0101000000EC9A042D2C2A5AC0D0EDA87BAE3B4940,POL:PPOLE:C221123,,POWER,LOC_C6222056,IPL,,0,,,REGNSK,m,,,REGNSK04,SASKPOWER,,,,,BN,,,,,AE
STRUCTURE_REG16/536304,01010000000415EDDBFD295AC030970393943B4940,POL:PPOLE:C221185,,POWER,LOC_C6222113,IPL,,0,,,REGNSK,m,,,REGNSK04,SASKPOWER,,,,,,,,,,AE
STRUCTURE_REG16/536309,0101000000F8550E9ACE295AC0A80050E69B3A4940,POL:PPOLE:C214649,,POWER,LOC_C6215632,IPL,,0,,,REGNSK,m,,,REGNSK04,SASKPOWER,,,,,,,,,,AE
STRUCTURE_REG16/536310,0101000000882989D3E6285AC0C8A0DD05303C4940,POL:PPOLE:C193353,,POWER,LOC_C6194690,IPL,,0,,,REGNSK,m,,,REGNSK04,SASKPOWER,,,,,BN,,,,,AE
STRUCTURE_REG16/536311,010100000030F296D1E6285AC0205295EE223C4940,POL:PPOLE:C193355,,POWER,LOC_C6194692,IPL,,0,,,REGNSK,m,,,REGNSK04,SASKPOWER,,,,,,,,,,AE
STRUCTURE_REG16/536312,01010000009496E97B732A5AC0B8222D3F773B4940,POL:PPOLE:C193872,,POWER,LOC_C6195183,IPL,,0,,,REGNSK,m,,,REGNSK04,SASKPOWER,,,,,,,,,,AE
STRUCTURE_REG16/536329,0101000000F0CDDB7D732A5AC0688F266A2B3B4940,POL:PPOLE:C200640,,POWER,LOC_C6201829,IPL,,0,,,REGNSK,m,,,REGNSK04,SASKPOWER,,,,,,,,,,AE
STRUCTURE_REG16/536332,01010000008CDFCAC8AF2A5AC04021C1150F3B4940,POL:PPOLE:C200803,,POWER,LOC_C6201997,IPL,,0,,,REGNSK,m,,,REGNSK04,SASKPOWER,,,,,,,,,,AE
STRUCTURE_REG16/536333,0101000000BC397DB986295AC02098CEB4E83B4940,POL:PPOLE:C220617,,POWER,LOC_C6221561,IPL,,0,,,REGNSK,m,,,REGNSK04,SASKPOWER,,,,,BN,,,,,AE
STRUCTURE_REG16/536334,0101000000442B4F04B7295AC07822AD70CC3A4940,POL:PPOLE:C224383,,POWER,LOC_C6225262,IPL,,0,,,REGNSK,m,,,REGNSK04,SASKPOWER,,,,,BN,,,,,AE
STRUCTURE_REG16/536344,0101000000A8DBA867C4295AC0D0610F719C3A4940,POL:PPOLE:C220084,,POWER,LOC_C6221032,IPL,,0,,,REGNSK,m,,,REGNSK04,SASKPOWER,,,,,,,,,,AE
STRUCTURE_REG16/536350,0101000000909C90F947295AC0A08DE5959F3A4940,POL:PPOLE:C216580,,POWER,LOC_C6217547,IPL,,0,,,REGNSK,m,,,REGNSK04,SASKPOWER,,,,,,,,,,AE
STRUCTURE_REG16/536353,0101000000CC726C4C8E295AC0B01B5A2A503B4940,POL:PPOLE:C230108,,POWER,LOC_C6230925,IPL,,0,,,REGNSK,m,,,REGNSK04,SASKPOWER,,,,,,,,,,AE
STRUCTURE_REG16/536359,0101000000B82149ED9E295AC0E88576E64F3C4940,POL:PPOLE:C224633,,POWER,LOC_C6225511,IPL,,0,,,REGNSK,m,,,REGNSK04,SASKPOWER,,,,,BN,,,,,AE
STRUCTURE_REG16/536361,01010000009C09C9D986295AC0A079D62E603A4940,POL:PPOLE:C214951,,POWER,LOC_C6215934,IPL,,0,,,REGNSK,m,,,REGNSK04,SASKPOWER,,,,,,,,,,AE
STRUCTURE_REG16/536371,010100000024DEE548E5295AC0B8BE3FADBB3B4940,POL:PPOLE:C223293,,POWER,LOC_C6224183,IPL,,0,,,REGNSK,m,,,REGNSK04,SASKPOWER,,,,,BN,,,,,AE
STRUCTURE_REG16/536372,010100000088EE541E6F295AC0B84AC7416E3B4940,POL:PPOLE:C194071,,POWER,LOC_C6195374,IPL,,0,,,REGNSK,m,,,REGNSK04,SASKPOWER,,,,,,,,,,AE
STRUCTURE_REG16/536374,0101000000F48A04D9E6285AC0406DB285613C4940,POL:PPOLE:C193209,,POWER,LOC_C6194583,IPL,,0,,,REGNSK,m,,,REGNSK04,SASKPOWER,,,,,BN,,,,,AE
STRUCTURE_REG16/536380,010100000020454803B6295AC0C8591D15CC3B4940,POL:PPOLE:C218525,,POWER,LOC_C6219480,IPL,,0,,,REGNSK,m,,,REGNSK04,SASKPOWER,,,,,,,,,,AE
STRUCTURE_REG16/536386,0101000000F4DE08206F295AC000C761475B3B4940,POL:PPOLE:C194086,,POWER,LOC_C6195386,IPL,,0,,,REGNSK,m,,,REGNSK04,SASKPOWER,,,,,BN,,,,,AE
STRUCTURE_REG16/536387,0101000000A4805D48E5295AC0A88CF362E13B4940,POL:PPOLE:C223246,,POWER,LOC_C6224136,IPL,,0,,,REGNSK,m,,,REGNSK04,SASKPOWER,,,,,,,,,,AE
STRUCTURE_REG16/537906,0101000000C463649B44295AC0801DCE82E4394940,POL:PPOLE:C217707,,POWER,LOC_C6218663,IPL,,0,,,REGNSK,m,,,REGNSK01,SASKPOWER,,,,,,,,,,AE
STRUCTURE_REG16/537934,010100000028A1606B5B2A5AC0B82BB614D33A4940,POL:PPOLE:C220773,,POWER,LOC_C6221713,IPL,,0,,,REGNSK,m,,,REGNSK04,SASKPOWER,,,,,,,,,,AE
STRUCTURE_REG16/537939,010100000078C2002C2C2A5AC07870A37A8B3A4940,POL:PPOLE:C213626,,POWER,LOC_C6214633,IPL,,0,,,REGNSK,m,,,REGNSK04,SASKPOWER,,,,,,,,,,AE
STRUCTURE_REG16/537941,0101000000F42A2F82912B5AC08093B36B533A4940,POL:PPOLE:C221647,,POWER,LOC_C6222547,IPL,,0,,,REGNSK,m,,,REGNSK04,SASKPOWER,,,,,BN,,,,,AE
STRUCTURE_REG16/538909,010100000004422E48E5295AC09000B4A1F33B4940,POL:PPOLE:C222383,,POWER,LOC_C6223284,IPL,,0,,,REGNSK,m,,,REGNSK04,SASKPOWER,,,,,,,,,,AE
STRUCTURE_REG16/548949,01010000000C82D72C2C2A5AC0A8BB47DD9E3B4940,POL:PPOLE:C221129,,POWER,LOC_C6222059,IPL,,0,,,REGNSK,m,,,REGNSK04,SASKPOWER,,,,,,,,,,AE
STRUCTURE_REG16/548958,010100000000D8696C5B2A5AC0889A4E43B83A4940,POL:PPOLE:C226654,,POWER,LOC_C6227515,IPL,,0,,,REGNSK,m,,,REGNSK04,SASKPOWER,,,,,,,,,,AE
STRUCTURE_REG16/552266,0101000000F0D7DD9CE7285AC0C81424373C3B4940,POL:CPOLE:C194873,,COMPANY,LOC_C6196159,IPL,,0,SPST_APOLES,9.114,REGNSK,m,5,,REGNSK01,SASKTEL,,"20240530(plets1): Saskpower pole, brand new",100875,,,,,,,AE
STRUCTURE_REG16/555314,0101000000CC80EA87E7285AC058E75B63F33A4940,POL:PPOLE:C194927,,POWER,LOC_C6196214,IPL,,0,,,REGNSK,m,,,REGNSK01,SASKPOWER,,,,,,,,,,AE
STRUCTURE_REG16/555315,0101000000846E51C1FC285AC070392845113B4940,POL:PPOLE:C197313,,POWER,LOC_C6198555,IPL,,0,,,REGNSK,m,,,REGNSK01,SASKPOWER,,,,,,,,,,AE
STRUCTURE_REG16/555317,01010000003068651E00295AC03002F797783A4940,POL:PPOLE:C199566,,POWER,LOC_C6200790,IPL,,0,,,REGNSK,m,,,REGNSK01,SASKPOWER,,,,,,,,,,AE
STRUCTURE_REG16/555709,0101000000D4A007F5CF2B5AC000FAABA46E3A4940,POL:PPOLE:C219016,,POWER,LOC_C6219972,IPL,,0,,,REGNSK,m,,,REGNSK04,SASKPOWER,,,,,,,,,,AE
STRUCTURE_REG16/556149,01010000002C0F259CCE295AC028673786C23A4940,POL:PPOLE:C220351,,POWER,LOC_C6221289,IPL,,0,,,REGNSK,m,,,REGNSK04,SASKPOWER,,,,,,,,,,AE
STRUCTURE_REG16/556228,01010000003CBA856C28295AC0D82339A56B3A4940,POL:PPOLE:C199104,,POWER,LOC_C6200331,IPL,,0,,,REGNSK,m,,,REGNSK01,SASKPOWER,,,,,,,,,,AE
STRUCTURE_REG16/556230,01010000004CAF34F3FB285AC078368E0CFD3B4940,POL:PPOLE:C186983,,POWER,LOC_C6188567,IPL,,0,,,REGNSK,m,,,REGNSK01,SASKPOWER,,,,,,,,,,AE
STRUCTURE_REG16/556231,01010000001C523911D0285AC0885379B7093C4940,POL:PPOLE:C186883,,POWER,LOC_C6188472,IPL,,0,,,REGNSK,m,,,REGNSK01,SASKPOWER,,,,,,,,,,AE
STRUCTURE_REG16/556234,0101000000E8F484716C295AC0203FE57CD7394940,POL:PPOLE:C220296,,POWER,LOC_C6221234,IPL,,0,,,REGNSK,m,,,REGNSK01,SASKPOWER,,,,,BN,,,,,AE
STRUCTURE_REG16/556235,010100000048D195CB10295AC048C29A44693A4940,POL:PPOLE:C199154,,POWER,LOC_C6200384,IPL,,0,,,REGNSK,m,,,REGNSK01,SASKPOWER,,,,,,,,,,AE
STRUCTURE_REG16/556249,0101000000D088AB601A295AC08067117DC33A4940,POL:PPOLE:C196687,,POWER,LOC_C6197932,IPL,,0,,,REGNSK,m,,,REGNSK01,SASKPOWER,,,,,,,,,,AE
STRUCTURE_REG16/556279,0101000000788545120B295AC07839469B6B3A4940,POL:PPOLE:C199045,,POWER,LOC_C6200293,IPL,,0,,,REGNSK,m,,,REGNSK01,SASKPOWER,,,,,,,,,,AE
STRUCTURE_REG16/556313,01010000001CB9CD0522295AC00023FAE5AE3A4940,POL:PPOLE:C201018,,POWER,LOC_C6202205,IPL,,0,,,REGNSK,m,,,REGNSK01,SASKPOWER,,,,,,,,,,AE
STRUCTURE_REG16/556339,010100000018C63B92DB285AC040655ADA6A3B4940,POL:PPOLE:C188908,,POWER,LOC_C6190397,IPL,,0,,,REGNSK,m,,,REGNSK01,SASKPOWER,,,,,,,,,,AE
STRUCTURE_REG16/556345,01010000005CC981639E295AC070563646873B4940,POL:PPOLE:C220566,,POWER,LOC_C6221506,IPL,,0,,,REGNSK,m,,,REGNSK04,SASKPOWER,,,,,,,,,,AE
STRUCTURE_REG16/556350,0101000000CC659B02B6295AC0D8AD0476E83B4940,POL:PPOLE:C218519,,POWER,LOC_C6219474,IPL,,0,,,REGNSK,m,,,REGNSK04,SASKPOWER,,,,,,,,,,AE
STRUCTURE_REG16/556381,0101000000A8BFEC0B79295AC0981DA529BA3A4940,POL:PPOLE:C218960,,POWER,LOC_C6219917,IPL,,0,,,REGNSK,m,,,REGNSK04,SASKPOWER,,,,,BN,,,,,AE
STRUCTURE_REG16/556388,0101000000F02F6671DD295AC0A8BB8AB0543A4940,POL:PPOLE:C213179,,POWER,LOC_C6214180,IPL,,0,,,REGNSK,m,,,REGNSK04,SASKPOWER,,,,,,,,,,AE
STRUCTURE_REG16/556395,0101000000782A24BC442A5AC010CDE4241F3B4940,POL:PPOLE:C220705,,POWER,LOC_C6221645,IPL,,0,,,REGNSK,m,,,REGNSK04,SASKPOWER,,,,,BN,,,,,AE
STRUCTURE_REG16/556408,0101000000A0D7DE286B295AC0282FEB980F3B4940,POL:PPOLE:C217948,,POWER,LOC_C6218900,IPL,,0,,,REGNSK,m,,,REGNSK04,SASKPOWER,1972,,,,,,,,,AE
STRUCTURE_REG16/556409,010100000088EA999DE6295AC0280A875AEA3A4940,POL:PPOLE:C220441,,POWER,LOC_C6221379,IPL,,0,,,REGNSK,m,,,REGNSK04,SASKPOWER,,,,,,,,,,AE
STRUCTURE_REG16/556417,01010000002893C8DBFD295AC068C6E673C63B4940,POL:PPOLE:C221163,,POWER,LOC_C6222091,IPL,,0,,,REGNSK,m,,,REGNSK04,SASKPOWER,,,,,,,,,,AE
STRUCTURE_REG16/556422,0101000000ECFB2603B6295AC0B8A820F0D43B4940,POL:PPOLE:C218524,,POWER,LOC_C6219478,IPL,,0,,,REGNSK,m,,,REGNSK04,SASKPOWER,,,,,,,,,,AE
STRUCTURE_REG16/556434,010100000080C08885732A5AC018701FF19F3B4940,POL:PPOLE:C193888,,POWER,LOC_C6195200,IPL,,0,,,REGNSK,m,,,REGNSK04,SASKPOWER,,,,,,,,,,AE
STRUCTURE_REG16/556446,0101000000C84F007E732A5AC030107B430F3B4940,POL:PPOLE:C200647,,POWER,LOC_C6201836,IPL,,0,,,REGNSK,m,,,REGNSK04,SASKPOWER,,,,,,,,,,AE
STRUCTURE_REG16/556448,010100000028BBA08B142A5AC05802713D1B3B4940,POL:PPOLE:C220501,,POWER,LOC_C6221439,IPL,,0,,,REGNSK,m,,,REGNSK04,SASKPOWER,,,,,,,,,,AE
STRUCTURE_REG16/556450,010100000030AC1FF1E4295AC0E01A658B513B4940,POL:PPOLE:C223441,,POWER,LOC_C6224331,IPL,,0,,,REGNSK,m,,,REGNSK04,SASKPOWER,,,,,,,,,,AE
STRUCTURE_REG16/556474,0101000000F476FC2B2C2A5AC0A83D02450D3B4940,POL:PPOLE:C220644,,POWER,LOC_C6221583,IPL,,0,,,REGNSK,m,,,REGNSK04,SASKPOWER,,,,,,,,,,AE
STRUCTURE_REG16/556475,0101000000C8672B8F4B295AC0E8E71AC1E13A4940,POL:PPOLE:C220673,,POWER,LOC_C6221613,IPL,,0,,,REGNSK,m,,,REGNSK04,SASKPOWER,2002,,,,,,,,,AE
STRUCTURE_REG16/556482,0101000000F8366205B6295AC0D862844BA23B4940,POL:PPOLE:C218537,,POWER,LOC_C6219491,IPL,,0,,,REGNSK,m,,,REGNSK04,SASKPOWER,,,,,,,,,,AE
STRUCTURE_REG16/556483,010100000058A299789E295AC068267CAF543A4940,POL:PPOLE:C214922,,POWER,LOC_C6215904,IPL,,0,,,REGNSK,m,,,REGNSK04,SASKPOWER,,,,,,,,,,AE
STRUCTURE_REG16/556495,0101000000B4F678006F295AC0C840A9F3F13B4940,POL:PPOLE:C194021,,POWER,LOC_C6195324,IPL,,0,,,REGNSK,m,,,REGNSK04,SASKPOWER,,,,,,,,,,AE
STRUCTURE_REG16/556496,01010000002CF40FC286295AC088332AA3633B4940,POL:PPOLE:C220831,,POWER,LOC_C6221767,IPL,,0,,,REGNSK,m,,,REGNSK04,SASKPOWER,,,,,,,,,,AE
STRUCTURE_REG16/556497,0101000000C81815F4FB285AC018CE2A10563C4940,POL:PPOLE:C193123,,POWER,LOC_C6194500,IPL,,0,,,REGNSK,m,,,REGNSK04,SASKPOWER,,,,,,,,,,AE
STRUCTURE_REG16/556501,010100000080A46EB886295AC070F915C6F13B4940,POL:PPOLE:C224687,,POWER,LOC_C6225567,IPL,,0,,,REGNSK,m,,,REGNSK04,SASKPOWER,,,,,,,,,,AE
STRUCTURE_REG16/556502,0101000000B88354619E295AC0006983A9AC3B4940,POL:PPOLE:C220547,,POWER,LOC_C6221482,IPL,,0,,,REGNSK,m,,,REGNSK04,SASKPOWER,,,,,,,,,,AE
STRUCTURE_REG16/556508,0101000000141335AD61295AC0B803C00EA23B4940,POL:PPOLE:C193307,,POWER,LOC_C6194661,IPL,,0,,,REGNSK,m,,,REGNSK04,SASKPOWER,,,,,,,,,,AE
STRUCTURE_REG16/556509,01010000000C522CC186295AC05083C1867E3B4940,POL:PPOLE:C220810,,POWER,LOC_C6221747,IPL,,0,,,REGNSK,m,,,REGNSK04,SASKPOWER,,,,,,,,,,AE
STRUCTURE_REG16/556549,010100000004732BEC58295AC09820A68EDF3B4940,POL:PPOLE:C192220,,POWER,LOC_C6193606,IPL,,0,,,REGNSK,m,,,REGNSK04,SASKPOWER,,,,,,,,,,AE
STRUCTURE_REG16/557396,0101000000CC40BBFC342A5AC0F8ED53114B3C4940,POL:PPOLE:C228347,,POWER,LOC_C6229175,IPL,,0,,,REGNSK,m,,,REGNSK04,SASKPOWER,,,,,,,,,,AE
STRUCTURE_REG16/558022,01010000003002348E142A5AC088DF7F5ECA3A4940,POL:PPOLE:C220483,,POWER,LOC_C6221420,IPL,,0,,,REGNSK,m,,,REGNSK04,SASKPOWER,,,,,,,,,,AE
STRUCTURE_REG16/558026,010100000004C86717CB2B5AC0C8183726253B4940,POL:PPOLE:C195908,,POWER,LOC_C6197191,IPL,,0,,,REGNSK,m,,,REGNSK04,SASKPOWER,,,,,BN,,,,,AE
STRUCTURE_REG16/558044,01010000009800C3F2A72B5AC0D840D02AA33A4940,POL:PPOLE:C221349,,POWER,LOC_C6222271,IPL,,0,,,REGNSK,m,,,REGNSK04,SASKPOWER,,,,,,,,,,AE
STRUCTURE_REG16/558055,0101000000540761EABE2B5AC0202ED177BC3A4940,POL:PPOLE:C221530,,POWER,LOC_C6222450,IPL,,0,,,REGNSK,m,,,REGNSK04,SASKPOWER,,,,,BN,,,,,AE
STRUCTURE_REG16/560498,0101000000449E476CE7285AC0702BC3A6783A4940,POL:PPOLE:C199731,,POWER,LOC_C6200953,IPL,,0,,,REGNSK,m,,,REGNSK01,SASKPOWER,,,,,,,,,,AE
STRUCTURE_REG16/562085,0101000000E4F605D3942A5AC0C88C26A0543A4940,POL:PPOLE:C223191,,POWER,LOC_C6224080,IPL,,0,,,REGNSK,m,,,REGNSK04,SASKPOWER,,,,,,,,,,AE
STRUCTURE_REG16/564867,0101000000A4787B61892A5AC0F8BFFFD0383B4940,POL:PPOLE:C200607,,POWER,LOC_C6201801,IPL,,0,,,REGNSK,m,,,REGNSK04,SASKPOWER,,,,,,,,,,AE
STRUCTURE_REG16/572066,01010000008CE585BD8E295AC06847A5A39F3A4940,POL:PPOLE:C221404,,POWER,LOC_C6222327,IPL,,0,,,REGNSK,m,,,REGNSK04,SASKPOWER,,,,,,,,,,AE
STRUCTURE_REG16/572211,0101000000DC9901158B2B5AC048887CAE6E3A4940,POL:CPOLE:C218741,,COMPANY,LOC_C6219695,IPL,,0,SPST_APOLES,9.114,REGNSK,m,5,,REGNSK04,SASKTEL,,20240530(plets1): ,100875,,,,,,,AE
STRUCTURE_REG16/572218,01010000008CE96C75372B5AC008902EC4973B4940,POL:CPOLE:C203700,,COMPANY,LOC_C6204849,IPL,,0,SPST_APOLES,9.114,REGNSK,m,5,,REGNSK04,SASKTEL,,20240530(plets1): Pole removed,100875,,,,,,,AE
STRUCTURE_REG16/574114,01010000001CF07EE4CF285AC0B8BDEE2B113B4940,POL:PPOLE::7275538,,POWER,LOC_7149675,IPL,,0,,0.0,REGNSK,m,,,REGNSK01,SASKPOWER,2013,,,,,,,,0,AE
STRUCTURE_REG16/574954,0101000000B4393F0C27295AC08843CB61873A4940,POL:PPOLE::8372029,,POWER,LOC_C6198811,IPL,,0,,0.0,REGNSK,m,,,REGNSK01,SASKPOWER,2015,,,,,,,0010,979826,AE
STRUCTURE_REG16/575452,01010000005C32F8756C295AC07026645CBB394940,POL:PPOLE:C205803,,POWER,LOC_C6206923,IPL,,0,,,REGNSK,m,,,REGNSK01,SASKPOWER,,,,,BN,,,,,AE
STRUCTURE_REG16/575672,0101000000804D9B469A295AC02892B172D9394940,POL:PPOLE:C192584,,POWER,LOC_C6193967,IPL,,0,,,REGNSK,m,,,REGNSK01,SASKPOWER,,,,,BN,,,,,AE
STRUCTURE_REG16/576124,0101000000FC6B762D2C2A5AC090974449CA3A4940,POL:PPOLE:C220753,,POWER,LOC_C6221692,IPL,,0,,,REGNSK,m,,,REGNSK04,SASKPOWER,,,,,,,,,,AE
STRUCTURE_REG16/576212,010100000058B2E6A410295AC0A0C00B2DFB3A4940,POL:PPOLE:C196843,,POWER,LOC_C6198088,IPL,,0,,,REGNSK,m,,,REGNSK01,SASKPOWER,,,,,,,,,,AE
STRUCTURE_REG16/576221,01010000004072939ADB285AC040887C1B8B3B4940,POL:PPOLE:C187469,,POWER,LOC_C6189020,IPL,,0,,,REGNSK,m,,,REGNSK01,SASKPOWER,,,,,,,,,,AE
STRUCTURE_REG16/576268,0101000000703C629EFC285AC0D807EAE58E3A4940,POL:PPOLE:C199302,,POWER,LOC_C6200532,IPL,,0,,,REGNSK,m,,,REGNSK01,SASKPOWER,,,,,,,,,,AE
STRUCTURE_REG16/576374,0101000000A4E9D159482A5AC0F839061DDA3B4940,POL:PPOLE:C221091,,POWER,LOC_C6222024,IPL,,0,,,REGNSK,m,,,REGNSK04,SASKPOWER,,,,,,,,,,AE
STRUCTURE_REG16/576375,010100000050BB31CDAC2A5AC050CC5990873A4940,POL:PPOLE:C221102,,POWER,LOC_C6222033,IPL,,0,,,REGNSK,m,,,REGNSK04,SASKPOWER,,,,,,,,,,AE
STRUCTURE_REG16/576394,0101000000101AAC2B6B295AC060941FAC173B4940,POL:PPOLE:C217940,,POWER,LOC_C6218893,IPL,,0,,,REGNSK,m,,,REGNSK04,SASKPOWER,1972,,,,,,,,,AE
STRUCTURE_REG16/576405,0101000000308599791C2A5AC0A82486B2AA3B4940,POL:PPOLE:C221232,,POWER,LOC_C6222160,IPL,,0,,,REGNSK,m,,,REGNSK04,SASKPOWER,,,,,,,,,,AE
STRUCTURE_REG16/576410,0101000000A8B4A427D5295AC0B0188F6E9E3A4940,POL:PPOLE:C214648,,POWER,LOC_C6215631,IPL,,0,,,REGNSK,m,,,REGNSK04,SASKPOWER,,,,,,,,,,AE
STRUCTURE_REG16/576415,0101000000A0F938DA3E2B5AC070987F99543A4940,POL:PPOLE:C218330,,POWER,LOC_C6219278,IPL,,0,,,REGNSK,m,,,REGNSK04,SASKPOWER,,,,,,,,,,AE
STRUCTURE_REG16/576421,0101000000481E91E7A12A5AC008823C320B3B4940,POL:PPOLE:C200499,,POWER,LOC_C6201692,IPL,,0,,,REGNSK,m,,,REGNSK04,SASKPOWER,,,,,,,,,,AE
STRUCTURE_REG16/576426,01010000005CF93BFA702A5AC018335BAF323B4940,POL:PPOLE:C200621,,POWER,LOC_C6201812,IPL,,0,,,REGNSK,m,,,REGNSK04,SASKPOWER,,,,,,,,,,AE
STRUCTURE_REG16/576427,0101000000302513695B2A5AC078B78932923B4940,POL:PPOLE:C220933,,POWER,LOC_C6221869,IPL,,0,,,REGNSK,m,,,REGNSK04,SASKPOWER,,,,,,,,,,AE
STRUCTURE_REG16/576428,0101000000ECC6250883295AC02888CDA99F3A4940,POL:PPOLE:C221420,,POWER,LOC_C6222343,IPL,,0,,,REGNSK,m,,,REGNSK04,SASKPOWER,,,,,,,,,,AE
STRUCTURE_REG16/576430,0101000000B87C5860892A5AC050CC86110F3B4940,POL:PPOLE:C200762,,POWER,LOC_C6201953,IPL,,0,,,REGNSK,m,,,REGNSK04,SASKPOWER,,,,,BN,,,,,AE
STRUCTURE_REG16/576431,0101000000046F26DEB52A5AC0A02781140F3B4940,POL:PPOLE:C200806,,POWER,LOC_C6202003,IPL,,0,,,REGNSK,m,,,REGNSK04,SASKPOWER,,,,,,,,,,AE
STRUCTURE_REG16/576432,010100000050C4EF94B82A5AC0D0AE957F163B4940,POL:PPOLE:C200833,,POWER,LOC_C6202027,IPL,,0,,,REGNSK,m,,,REGNSK04,SASKPOWER,,,,,,,,,,AE
STRUCTURE_REG16/576434,010100000000E39042B6295AC0608E16BB0B3B4940,POL:PPOLE:C230020,,POWER,LOC_C6230838,IPL,,0,,,REGNSK,m,,,REGNSK04,SASKPOWER,,,,,BN,,,,,AE
STRUCTURE_REG16/576437,0101000000CCC86C05B7295AC060B5A5ED633A4940,POL:PPOLE:C214894,,POWER,LOC_C6215876,IPL,,0,,,REGNSK,m,,,REGNSK04,SASKPOWER,,,,,,,,,,AE
STRUCTURE_REG16/576452,01010000003CD96E64B92A5AC0B896C826753A4940,POL:PPOLE:C220980,,POWER,LOC_C6221913,IPL,,0,,,REGNSK,m,,,REGNSK04,SASKPOWER,,,,,,,,,,AE
STRUCTURE_REG16/576454,010100000090273CAD8A295AC098EC2095333B4940,POL:PPOLE:C230077,,POWER,LOC_C6230893,IPL,,0,,,REGNSK,m,,,REGNSK04,SASKPOWER,,,,,,,,,,AE
STRUCTURE_REG16/577010,01010000008C119D26522A5AC0A0C4F076DC3A4940,POL:PPOLE:C220780,,POWER,LOC_C6221719,IPL,,0,,,REGNSK,m,,,REGNSK04,SASKPOWER,,,,,,,,,,AE
STRUCTURE_REG16/577545,01010000009494F0C1A12B5AC0D0153A56F93A4940,POL:PPOLE:C196208,,POWER,LOC_C6197492,IPL,,0,,,REGNSK,m,,,REGNSK04,SASKPOWER,,,,,,,,,,AE
STRUCTURE_REG16/577931,01010000005C3137A044295AC0D893F6FC2C3A4940,POL:PPOLE:C232376,,POWER,LOC_C6233136,IPL,,0,,,REGNSK,m,,,REGNSK01,SASKPOWER,,,,,BN,,,,,AE
STRUCTURE_REG16/577976,0101000000341B3D14EB2B5AC03806B563533A4940,POL:PPOLE:C221736,,POWER,LOC_C6222635,IPL,,0,,,REGNSK,m,,,REGNSK04,SASKPOWER,,,,,,,,,,AE
STRUCTURE_REG16/577998,01010000000480EB09992B5AC0C06DB16B533A4940,POL:PPOLE:C221651,,POWER,LOC_C6222550,IPL,,0,,,REGNSK,m,,,REGNSK04,SASKPOWER,,,,,,,,,,AE
STRUCTURE_REG16/578337,0101000000683E3F705B2A5AC08033A6D75B3B4940,POL:CPOLE::13205436,,COMPANY,LOC_C6221891,IPL,,0,SPST_APOLES,10.668000000000001,REGNSK,m,5,,REGNSK04,SASKTEL,2024,,100876,,,,,0000,823720,
STRUCTURE_REG16/581042,0101000000E0CD29E77C2B5AC068CE679E6E3A4940,POL:PPOLE:C217441,,POWER,LOC_C6218400,IPL,,0,,,REGNSK,m,,,REGNSK04,SASKPOWER,,,,,,,,,,AE
STRUCTURE_REG16/582359,01010000009C55F9ADFC285AC098F0BBBED63A4940,POL:PPOLE:C199419,,POWER,LOC_C6200644,IPL,,0,,,REGNSK,m,,,REGNSK01,SASKPOWER,,,,,,,,,,AE
STRUCTURE_REG16/584515,0101000000243CBF2D5A295AC060FF1C236F3B4940,POL:PPOLE:C198310,,POWER,LOC_C6199546,IPL,,0,,,REGNSK,m,,,REGNSK04,SASKPOWER,,,,,,,,,,AE
STRUCTURE_REG16/589165,010100000020D34161A7295AC0C01E74BF793B4940,POL:PPOLE:C220868,,POWER,LOC_C6221801,IPL,,0,,,REGNSK,m,,,REGNSK04,SASKPOWER,,,,,,,,,,AE
STRUCTURE_REG16/591604,010100000014C89FE7B0295AC02080FD12DC394940,POL:PPOLE:C192612,,POWER,LOC_C6205926,IPL,,0,,,REGNSK,m,,,REGNSK01,SASKPOWER,,,,,,,,,,AE
STRUCTURE_REG16/591613,010100000050CD930840295AC038B254AC543A4940,POL:PPOLE:C216782,,POWER,LOC_C6217747,IPL,,0,,,REGNSK,m,,,REGNSK04,SASKPOWER,,,,,,,,,,AE
STRUCTURE_REG16/592294,0101000000285B6BC2722A5AC09005F64CBA3A4940,POL:PPOLE:C312249,,POWER,LOC_DC6311899,IPL,,0,,,REGNSK,m,,,REGNSK04,SASKPOWER,2012,,,,,,,0010,961361,AE
STRUCTURE_REG16/594120,0101000000E48F367C752A5AC07022D65CDA3B4940,POL:PPOLE::8978416,,POWER,LOC_8704920,IPL,,0,,0.0,REGNSK,m,,,REGNSK04,SASKPOWER,2016,"TRF, BN",,,,,,0010,983961,AE
STRUCTURE_REG16/594187,0101000000D04E7A9DFC285AC040C269C18B3A4940,POL:PPOLE::8373306,,POWER,LOC_8215301,IPL,,0,,0.0,REGNSK,m,,,REGNSK01,SASKPOWER,2015,,,,,,,0010,979826,AE
STRUCTURE_REG16/594943,0101000000584DC8E8CF285AC0F0068482043B4940,POL:PPOLE:C196586,,POWER,LOC_C6197834,IPL,,0,,,REGNSK,m,,,REGNSK01,SASKPOWER,,,,,,,,,,AE
STRUCTURE_REG16/594956,010100000018C8344CED295AC0186E679CDC3A4940,POL:PPOLE:C220449,,POWER,LOC_C6221388,IPL,,0,,,REGNSK,m,,,REGNSK04,SASKPOWER,,,,,,,,,,AE
STRUCTURE_REG16/595078,010100000054C4077B752A5AC0404AC1C7DE3B4940,POL:PPOLE:C195270,,POWER,LOC_C6196552,IPL,,0,,,REGNSK,m,,,REGNSK04,SASKPOWER,,,,,,,,,,AE
STRUCTURE_REG16/595750,0101000000D4E3C38E142A5AC058879A5DC13A4940,POL:PPOLE:C220485,,POWER,LOC_C6221422,IPL,,0,,,REGNSK,m,,,REGNSK04,SASKPOWER,,,,,BN,,,,,AE
STRUCTURE_REG16/595850,0101000000B4A1DE63DB285AC088124A858F3B4940,POL:PPOLE:C187444,,POWER,LOC_C6189018,IPL,,0,,,REGNSK,m,,,REGNSK01,SASKPOWER,,,,,,,,,,AE
STRUCTURE_REG16/595851,010100000034D62697E4285AC0B89FE9189C3B4940,POL:PPOLE:C187334,,POWER,LOC_C6188900,IPL,,0,,,REGNSK,m,,,REGNSK01,SASKPOWER,,,,,,,,,,AE
STRUCTURE_REG16/595857,0101000000486594ABDB285AC0780B8C784F3B4940,POL:PPOLE:C197026,,POWER,LOC_C6198263,IPL,,0,,,REGNSK,m,,,REGNSK01,SASKPOWER,,,,,,,,,,AE
STRUCTURE_REG16/595876,01010000007CF47160BE285AC0383393A5DF3B4940,POL:PPOLE:C187064,,POWER,LOC_C6188634,IPL,,0,,,REGNSK,m,,,REGNSK01,SASKPOWER,,,,,,,,,,AE
STRUCTURE_REG16/595892,0101000000A85DD1B5C8285AC0A87D30199C3B4940,POL:PPOLE:C187550,,POWER,LOC_C6189078,IPL,,0,,,REGNSK,m,,,REGNSK01,SASKPOWER,,,,,,,,,,AE
STRUCTURE_REG16/595918,0101000000A87F9E7328295AC0601D815EC93A4940,POL:PPOLE:C199327,,POWER,LOC_C6200554,IPL,,0,,,REGNSK,m,,,REGNSK01,SASKPOWER,,,,,,,,,,AE
STRUCTURE_REG16/595947,0101000000A4B6EDDEDE285AC018F8A1774F3B4940,POL:PPOLE:C197023,,POWER,LOC_C6198260,IPL,,0,,,REGNSK,m,,,REGNSK01,SASKPOWER,,,,,,,,,,AE
STRUCTURE_REG16/595955,0101000000042A3226FC285AC0E8EA435BB13B4940,POL:PPOLE:C188867,,POWER,LOC_C6190350,IPL,,0,,,REGNSK,m,,,REGNSK01,SASKPOWER,,,,,,,,,,AE
STRUCTURE_REG16/596006,010100000010024A2738295AC0985B20CF1B3B4940,POL:PPOLE:C217580,,POWER,LOC_C6218536,IPL,,0,,,REGNSK,m,,,REGNSK04,SASKPOWER,2002,,,,,,,,,AE
STRUCTURE_REG16/596017,010100000038C9B60940295AC088AA8E45683A4940,POL:PPOLE:C216774,,POWER,LOC_C6217738,IPL,,0,,,REGNSK,m,,,REGNSK04,SASKPOWER,,,,,,,,,,AE
STRUCTURE_REG16/596018,0101000000242AE12A6B295AC050EDAB96273B4940,POL:PPOLE:C217928,,POWER,LOC_C6218882,IPL,,0,,,REGNSK,m,,,REGNSK04,SASKPOWER,1972,,,,,,,,,AE
STRUCTURE_REG16/596025,010100000044DB84BDA12A5AC0402B84D05F3A4940,POL:PPOLE:C221118,,POWER,LOC_C6222048,IPL,,0,,,REGNSK,m,,,REGNSK04,SASKPOWER,,,,,,,,,,AE
STRUCTURE_REG16/596035,0101000000849565E3FC295AC0B8DAE523753A4940,POL:PPOLE:C213369,,POWER,LOC_C6214374,IPL,,0,,,REGNSK,m,,,REGNSK04,SASKPOWER,,,,,,,,,,AE
STRUCTURE_REG16/596041,010100000028FA315073295AC00850A07DDC3A4940,POL:PPOLE:C218070,,POWER,LOC_C6219019,IPL,,0,,,REGNSK,m,,,REGNSK04,SASKPOWER,1972,,,,,,,,,AE
STRUCTURE_REG16/596048,0101000000C0A00D3F462B5AC010EAC3C9693A4940,POL:PPOLE:C218319,,POWER,LOC_C6219268,IPL,,0,,,REGNSK,m,,,REGNSK04,SASKPOWER,,,,,,,,,,AE
STRUCTURE_REG16/596049,01010000005C45E1DBFD295AC020D732F8BF3B4940,POL:PPOLE:C221164,,POWER,LOC_C6222092,IPL,,0,,,REGNSK,m,,,REGNSK04,SASKPOWER,,,,,,,,,,AE
STRUCTURE_REG16/596067,0101000000FCE44696CE295AC0A8F02D3A863A4940,POL:PPOLE:C214660,,POWER,LOC_C6215643,IPL,,0,,,REGNSK,m,,,REGNSK04,SASKPOWER,,,,,,,,,,AE
STRUCTURE_REG16/596081,01010000006C9C74584A295AC0C06883A4333B4940,POL:PPOLE:C215961,,POWER,LOC_C6216935,IPL,,0,,,REGNSK,m,,,REGNSK04,SASKPOWER,,,,,,,,,,AE
STRUCTURE_REG16/596084,01010000009CEEC22A2C2A5AC0E06CCE89893B4940,POL:PPOLE:C221249,,POWER,LOC_C6222176,IPL,,0,,,REGNSK,m,,,REGNSK04,SASKPOWER,,,,,,,,,,AE
STRUCTURE_REG16/596092,010100000084B8D2685B2A5AC0308C7848773B4940,POL:PPOLE:C220942,,POWER,LOC_C6221877,IPL,,0,,,REGNSK,m,,,REGNSK04,SASKPOWER,,,,,,,,,,AE
STRUCTURE_REG16/596104,0101000000D4FCA905B7295AC0B01E578D5F3A4940,POL:PPOLE:C214893,,POWER,LOC_C6215874,IPL,,0,,,REGNSK,m,,,REGNSK04,SASKPOWER,,,,,,,,,,AE
STRUCTURE_REG16/596112,0101000000C06781FC40295AC040A72967873A4940,POL:PPOLE:C216625,,POWER,LOC_C6217591,IPL,,0,,,REGNSK,m,,,REGNSK04,SASKPOWER,,,,,,,,,,AE
STRUCTURE_REG16/596117,010100000084D342FCB5295AC0D815AB87613C4940,POL:PPOLE:C224506,,POWER,LOC_C6225388,IPL,,0,,,REGNSK,m,,,REGNSK04,SASKPOWER,,,,,,,,,,AE
STRUCTURE_REG16/596131,0101000000D4992E036F295AC060CF96C7E83B4940,POL:PPOLE:C194019,,POWER,LOC_C6195321,IPL,,0,,,REGNSK,m,,,REGNSK04,SASKPOWER,,,,,,,,,,AE
STRUCTURE_REG16/596137,01010000004498FA5D9E295AC0F86968B2E83B4940,POL:PPOLE:C220476,,POWER,LOC_C6221415,IPL,,0,,,REGNSK,m,,,REGNSK04,SASKPOWER,,,,,,,,,,AE
STRUCTURE_REG16/596142,0101000000F40B39609E295AC030C65455C33B4940,POL:PPOLE:C220519,,POWER,LOC_C6221459,IPL,,0,,,REGNSK,m,,,REGNSK04,SASKPOWER,,,,,BN,,,,,AE
STRUCTURE_REG16/596800,0101000000187E2B6A142A5AC080A1FD6B603A4940,POL:PPOLE:C213487,,POWER,LOC_C6214492,IPL,,0,,,REGNSK,m,,,REGNSK04,SASKPOWER,,,,,BN,,,,,AE
STRUCTURE_REG16/596843,0101000000206A1E97432A5AC020148E9F543A4940,POL:PPOLE:C214335,,POWER,LOC_C6215321,IPL,,0,,,REGNSK,m,,,REGNSK04,SASKPOWER,,,,,,,,,,AE
STRUCTURE_REG16/597309,01010000009025D39EBB2B5AC0D04F0537ED3A4940,POL:PPOLE:C197778,,POWER,LOC_C6199034,IPL,,0,,,REGNSK,m,,,REGNSK04,SASKPOWER,,,,,,,,,,AE
STRUCTURE_REG16/597318,0101000000EC033068D82B5AC0E83B41CDD63A4940,POL:PPOLE:C196360,,POWER,LOC_C6197629,IPL,,0,,,REGNSK,m,,,REGNSK04,SASKPOWER,,,,,,,,,,AE
STRUCTURE_REG16/597361,0101000000AC36C1953E2A5AC078A19D66503B4940,POL:PPOLE:C233011,,POWER,LOC_C6233742,IPL,,0,,,REGNSK,m,,,REGNSK04,SASKPOWER,,,,,,,,,,AE
STRUCTURE_REG16/597673,0101000000EC5767A065295AC0F0373850E1394940,POL:PPOLE:C264422,,POWER,LOC_C6264746,IPL,,0,,,REGNSK,m,,,REGNSK01,SASKPOWER,,,,,,,,,,AE
STRUCTURE_REG16/597731,0101000000E0E10DCEBF2B5AC0E8C1BCB82E3B4940,POL:PPOLE:C196033,,POWER,LOC_C6197320,IPL,,0,,,REGNSK,m,,,REGNSK04,SASKPOWER,,,,,,,,,,AE
STRUCTURE_REG16/597747,01010000009C892036C72B5AC090124BCFD63A4940,POL:PPOLE:C196363,,POWER,LOC_C6197632,IPL,,0,,,REGNSK,m,,,REGNSK04,SASKPOWER,,,,,,,,,,AE
STRUCTURE_REG16/598106,010100000098D773FA232C5AC0F867B918B53B4940,POL:CPOLE::13205442,,COMPANY,LOC_C6206452,IPL,,0,SPST_APOLES,10.668000000000001,REGNSK,m,5,,REGNSK04,SASKTEL,2024,,100876,,,,,0000,823720,
STRUCTURE_REG16/598350,0101000000E4F898AAFC285AC0A8447C0EC93A4940,POL:PPOLE:C199434,,POWER,LOC_C6200658,IPL,,0,,,REGNSK,m,,,REGNSK01,SASKPOWER,,,,,,,,,,AE
STRUCTURE_REG16/599375,010100000080DAB109F7285AC000491DF9503A4940,POL:PPOLE:C199502,,POWER,LOC_C6200729,IPL,,0,,,REGNSK,m,,,REGNSK01,SASKPOWER,,,,,,,,,,AE
STRUCTURE_REG16/600787,010100000060C43B49E5295AC0D0AF308E9B3B4940,POL:PPOLE:C223316,,POWER,LOC_C6224207,IPL,,0,,,REGNSK,m,,,REGNSK04,SASKPOWER,,,,,,,,,,AE
STRUCTURE_REG16/601649,0101000000E06929BBA12A5AC0B09ACDA1543A4940,POL:PPOLE:C221031,,POWER,LOC_C6221964,IPL,,0,,,REGNSK,m,,,REGNSK04,SASKPOWER,,,,,,,,,,AE
STRUCTURE_REG16/608469,0101000000BC146F7B3A2A5AC010966B83333A4940,POL:PPOLE:C257093,,POWER,LOC_C6257492,IPL,,0,,,REGNSK,m,,,REGNSK04,SASKPOWER,,,,,,,,,,AE
STRUCTURE_REG16/608763,0101000000C04B034E95295AC02806BDAE543A4940,POL:PPOLE:C214944,,POWER,LOC_C6215925,IPL,,0,,,REGNSK,m,,,REGNSK04,SASKPOWER,,,,,,,,,,AE
STRUCTURE_REG16/609305,0101000000780AA1FFB5295AC0F85F1897473B4940,POL:PPOLE:C230129,,POWER,LOC_C6230943,IPL,,0,,,REGNSK,m,,,REGNSK04,SASKPOWER,,,,,,,,,,AE
STRUCTURE_REG16/609343,010100000014C1A3E65B2A5AC0600FAA6AC83B4940,POL:PPOLE:C221058,,POWER,LOC_C6221992,IPL,,0,,,REGNSK,m,,,REGNSK04,SASKPOWER,,,,,,,,,,AE
STRUCTURE_REG16/613777,0101000000A882F5D886295AC0B0589FEC923A4940,POL:PPOLE::8363709,,POWER,LOC_C6222495,IPL,,0,,0.0,REGNSK,m,,,REGNSK04,SASKPOWER,2015,,,,,,,0010,978693,AE
STRUCTURE_REG16/614951,0101000000E0972F6C03295AC048EDD5CCBC3A4940,POL:PPOLE:C199592,,POWER,LOC_C6200815,IPL,,0,,,REGNSK,m,,,REGNSK01,SASKPOWER,,,,,,,,,,AE
STRUCTURE_REG16/614956,0101000000802DD26B03295AC06048303DB03A4940,POL:PPOLE:C199587,,POWER,LOC_C6200810,IPL,,0,,,REGNSK,m,,,REGNSK01,SASKPOWER,,,,,,,,,,AE
STRUCTURE_REG16/615024,0101000000448488CC432A5AC0407AE1409B3A4940,POL:PPOLE:C214368,,POWER,LOC_C6215355,IPL,,0,,,REGNSK,m,,,REGNSK04,SASKPOWER,,,,,,,,,,AE
STRUCTURE_REG16/615040,0101000000C0CD7271C5295AC0908361194B3C4940,POL:PPOLE:C230769,,POWER,LOC_C6231580,IPL,,0,,,REGNSK,m,,,REGNSK04,SASKPOWER,,,,,,,,,,AE
STRUCTURE_REG16/615348,0101000000B820948A55295AC070B90692C4394940,POL:PPOLE:C220335,,POWER,LOC_C6221275,IPL,,0,,,REGNSK,m,,,REGNSK01,SASKPOWER,,,,,,,,,,AE
STRUCTURE_REG16/615354,0101000000F4DE89A044295AC0D0111BF4313A4940,POL:PPOLE:C197083,,POWER,LOC_C6198320,IPL,,0,,,REGNSK,m,,,REGNSK01,SASKPOWER,,,,,,,,,,AE
STRUCTURE_REG16/615362,010100000030E94A5F83295AC020EC9D09C1394940,POL:PPOLE:C192552,,POWER,LOC_C6193937,IPL,,0,,,REGNSK,m,,,REGNSK01,SASKPOWER,,,,,,,,,,AE
STRUCTURE_REG16/615656,0101000000405E230A2C2A5AC0E8D05CF35F3A4940,POL:PPOLE:C213608,,POWER,LOC_C6214615,IPL,,0,,,REGNSK,m,,,REGNSK04,SASKPOWER,,,,,BN,,,,,AE
STRUCTURE_REG16/615837,0101000000B4FDF83908295AC060C975F0DF3B4940,POL:PPOLE:C187087,,POWER,LOC_C6188656,IPL,,0,,,REGNSK,m,,,REGNSK01,SASKPOWER,,,,,,,,,,AE
STRUCTURE_REG16/615838,0101000000243D274BFA285AC0F8335A53883B4940,POL:PPOLE:C187419,,POWER,LOC_C6188975,IPL,,0,,,REGNSK,m,,,REGNSK01,SASKPOWER,,,,,,,,,,AE
STRUCTURE_REG16/615841,0101000000B47B6808CF285AC0D001EDD47D3B4940,POL:PPOLE:C188559,,POWER,LOC_C6190060,IPL,,0,,,REGNSK,m,,,REGNSK01,SASKPOWER,,,,,,,,,,AE
STRUCTURE_REG16/615842,01010000008C18DA8CB52A5AC0D0BED581063A4940,POL:PPOLE:C220613,,POWER,LOC_C6221554,IPL,,0,,,REGNSK,m,,,REGNSK01,SASKPOWER,,,,,,,,,,AE
STRUCTURE_REG16/615863,01010000006CBC294FFA285AC0E81DD0D4963B4940,POL:PPOLE:C187384,,POWER,LOC_C6188950,IPL,,0,,,REGNSK,m,,,REGNSK01,SASKPOWER,,,,,,,,,,AE
STRUCTURE_REG16/615864,010100000030048348DF285AC03058DEB3803B4940,POL:PPOLE:C187471,,POWER,LOC_C6189023,IPL,,0,,,REGNSK,m,,,REGNSK01,SASKPOWER,,,,,,,,,,AE
STRUCTURE_REG16/615869,010100000028DDFDF436295AC0200D00F2313A4940,POL:PPOLE:C197120,,POWER,LOC_C6198359,IPL,,0,,,REGNSK,m,,,REGNSK01,SASKPOWER,,,,,BN,,,,,AE
STRUCTURE_REG16/615872,01010000008C059724F5285AC080B40E9ADF3B4940,POL:PPOLE:C187085,,POWER,LOC_C6188653,IPL,,0,,,REGNSK,m,,,REGNSK01,SASKPOWER,,,,,,,,,,AE
STRUCTURE_REG16/615892,01010000002C3F91A310295AC05847A77EC33A4940,POL:PPOLE:C196694,,POWER,LOC_C6197939,IPL,,0,,,REGNSK,m,,,REGNSK01,SASKPOWER,,,,,,,,,,AE
STRUCTURE_REG16/615899,010100000060E7D606CF285AC058A63DCA6D3B4940,POL:PPOLE:C188495,,POWER,LOC_C6189997,IPL,,0,,,REGNSK,m,,,REGNSK01,SASKPOWER,,,,,,,,,,AE
STRUCTURE_REG16/615900,0101000000EC5A002216295AC0B0CA142CFB3A4940,POL:PPOLE:C196847,,POWER,LOC_C6198093,IPL,,0,,,REGNSK,m,,,REGNSK01,SASKPOWER,,,,,,,,,,AE
STRUCTURE_REG16/615908,0101000000B846F14821295AC06824B79D6B3A4940,POL:PPOLE:C199098,,POWER,LOC_C6200326,IPL,,0,,,REGNSK,m,,,REGNSK01,SASKPOWER,,,,,,,,,,AE
STRUCTURE_REG16/615933,01010000005025CADE12295AC000D49C75B33A4940,POL:PPOLE:C201045,,POWER,LOC_C6202237,IPL,,0,,,REGNSK,m,,,REGNSK01,SASKPOWER,,,,,,,,,,AE
STRUCTURE_REG16/615944,010100000038997180E4285AC050007DA97F3B4940,POL:PPOLE:C187474,,POWER,LOC_C6189028,IPL,,0,,,REGNSK,m,,,REGNSK01,SASKPOWER,,,,,,,,,,AE
STRUCTURE_REG16/615991,010100000024BA91267C2B5AC0A034C56A933A4940,POL:PPOLE:C213115,,POWER,LOC_C6214119,IPL,,0,,,REGNSK,m,,,REGNSK04,SASKPOWER,,,,,,,,,,AE
STRUCTURE_REG16/615995,0101000000344466454C295AC040927C39B43A4940,POL:PPOLE:C218807,,POWER,LOC_C6219759,IPL,,0,,,REGNSK,m,,,REGNSK04,SASKPOWER,,,,,,,,,,AE
STRUCTURE_REG16/616003,0101000000CC5D151F742B5AC0C877B6D5593A4940,POL:PPOLE:C213135,,POWER,LOC_C6214139,IPL,,0,,,REGNSK,m,,,REGNSK04,SASKPOWER,,,,,,,,,,AE
STRUCTURE_REG16/616004,0101000000D043C06350295AC080EB74A16B3A4940,POL:PPOLE:C216754,,POWER,LOC_C6217717,IPL,,0,,,REGNSK,m,,,REGNSK04,SASKPOWER,,,,,,,,,,AE
STRUCTURE_REG16/616005,010100000090B7DF7E39295AC0705FF29F6B3A4940,POL:PPOLE:C216770,,POWER,LOC_C6217735,IPL,,0,,,REGNSK,m,,,REGNSK04,SASKPOWER,,,,,,,,,,AE
STRUCTURE_REG16/616007,0101000000283FDB304B2A5AC0008E2EBDDD3B4940,POL:PPOLE:C221044,,POWER,LOC_C6221978,IPL,,0,,,REGNSK,m,,,REGNSK04,SASKPOWER,,,,,,,,,,AE
STRUCTURE_REG16/616009,010100000020CEBD992E2B5AC0006A6C47623A4940,POL:PPOLE:C223120,,POWER,LOC_C6224012,IPL,,0,,,REGNSK,m,,,REGNSK04,SASKPOWER,,,,,BN,,,,,AE
STRUCTURE_REG16/616028,0101000000E8FDB3D7FC295AC0300C5D986B3A4940,POL:PPOLE:C213366,,POWER,LOC_C6214371,IPL,,0,,,REGNSK,m,,,REGNSK04,SASKPOWER,,,,,,,,,,AE
STRUCTURE_REG16/616029,01010000006C4B742EB6295AC0E0A7FF86F23A4940,POL:PPOLE:C233332,,POWER,LOC_C6234050,IPL,,0,,,REGNSK,m,,,REGNSK04,SASKPOWER,,,,,,,,,,AE
STRUCTURE_REG16/616053,01010000005477FC7C732A5AC0A86251E8673B4940,POL:PPOLE:C193869,,POWER,LOC_C6195179,IPL,,0,,,REGNSK,m,,,REGNSK04,SASKPOWER,,NOT IN MARTENS,,,,,,,,AE
STRUCTURE_REG16/616055,0101000000906B8229DC295AC098483E23CF3B4940,POL:PPOLE:C223533,,POWER,LOC_C6224424,IPL,,0,,,REGNSK,m,,,REGNSK04,SASKPOWER,,,,,,,,,,AE
STRUCTURE_REG16/616061,01010000002C5EB245002B5AC0385EFB1B573A4940,POL:PPOLE:C220897,,POWER,LOC_C6221833,IPL,,0,,,REGNSK,m,,,REGNSK04,SASKPOWER,,,,,,,,,,AE
STRUCTURE_REG16/616062,01010000006897A8719E295AC01061FAA09F3A4940,POL:PPOLE:C221388,,POWER,LOC_C6222314,IPL,,0,,,REGNSK,m,,,REGNSK04,SASKPOWER,,,,,,,,,,AE
STRUCTURE_REG16/616073,010100000050B572695B2A5AC0789B5CCB653B4940,POL:PPOLE:C220947,,POWER,LOC_C6221883,IPL,,0,,,REGNSK,m,,,REGNSK04,SASKPOWER,,,,,,,,,,AE
STRUCTURE_REG16/616080,0101000000F4D01D48072A5AC02036D1B4323B4940,POL:PPOLE:C220665,,POWER,LOC_C6221604,IPL,,0,,,REGNSK,m,,,REGNSK04,SASKPOWER,,,,,,,,,,AE
STRUCTURE_REG16/616082,010100000048D0A104442A5AC0A82ECEEFA63B4940,POL:PPOLE:C221007,,POWER,LOC_C6221939,IPL,,0,,,REGNSK,m,,,REGNSK04,SASKPOWER,,,,,,,,,,AE
STRUCTURE_REG16/616084,0101000000CC387CEE9E295AC028FE1875583C4940,POL:PPOLE:C224627,,POWER,LOC_C6225507,IPL,,0,,,REGNSK,m,,,REGNSK04,SASKPOWER,,,,,,,,,,AE
STRUCTURE_REG16/616090,0101000000F4A7317A9E295AC0D01129D5573A4940,POL:PPOLE:C214925,,POWER,LOC_C6215906,IPL,,0,,,REGNSK,m,,,REGNSK04,SASKPOWER,,,,,,,,,,AE
STRUCTURE_REG16/616102,010100000064715F04B6295AC088575948B13B4940,POL:PPOLE:C218531,,POWER,LOC_C6219486,IPL,,0,,,REGNSK,m,,,REGNSK04,SASKPOWER,,,,,,,,,,AE
STRUCTURE_REG16/616103,010100000054EB0803B6295AC050139246F13B4940,POL:PPOLE:C218514,,POWER,LOC_C6219468,IPL,,0,,,REGNSK,m,,,REGNSK04,SASKPOWER,,,,,,,,,,AE
STRUCTURE_REG16/616105,010100000040FCF888EE285AC000DBFC57473C4940,POL:PPOLE:C193163,,POWER,LOC_C6194538,IPL,,0,,,REGNSK,m,,,REGNSK04,SASKPOWER,,,,,,,,,,AE
STRUCTURE_REG16/616106,0101000000B0C9D520D0285AC0289EC756473C4940,POL:PPOLE:C193181,,POWER,LOC_C6194553,IPL,,0,,,REGNSK,m,,,REGNSK04,SASKPOWER,,,,,,,,,,AE
STRUCTURE_REG16/616108,01010000002CC7FBD6E6285AC0B8B0E3364F3C4940,POL:PPOLE:C193202,,POWER,LOC_C6194576,IPL,,0,,,REGNSK,m,,,REGNSK04,SASKPOWER,,,,,,,,,,AE
STRUCTURE_REG16/616112,0101000000183DE199CE295AC0B8C963CBC73B4940,POL:PPOLE:C223542,,POWER,LOC_C6224431,IPL,,0,,,REGNSK,m,,,REGNSK04,SASKPOWER,,,,,,,,,,AE
STRUCTURE_REG16/616117,0101000000E0F136343A295AC0305D456FC63B4940,POL:PPOLE:C192321,,POWER,LOC_C6193710,IPL,,0,,,REGNSK,m,,,REGNSK04,SASKPOWER,,,,,,,,,,AE
STRUCTURE_REG16/616662,01010000008818741728295AC0F88968803A3B4940,POL:PPOLE:C207236,,POWER,LOC_C6208344,IPL,,0,,,REGNSK,m,,,REGNSK01,SASKPOWER,,,,,,,,,,AE
STRUCTURE_REG16/617044,0101000000E0FE4799B9285AC0F80C4DEB0C3A4940,POL:PPOLE:C265405,,POWER,LOC_C6265716,IPL,,0,,,REGNSK,m,,,REGNSK01,SASKPOWER,,,,,,,,,,AE
STRUCTURE_REG16/617325,010100000010693E8EB62B5AC0B05046F7943A4940,POL:PPOLE:C221410,,POWER,LOC_C6222333,IPL,,0,,,REGNSK,m,,,REGNSK04,SASKPOWER,,,,,,,,,,AE
STRUCTURE_REG16/617712,010100000024655CB58E295AC0C8E97710E4394940,POL:PPOLE:C196948,,POWER,LOC_C6202416,IPL,,0,,,REGNSK,m,,,REGNSK01,SASKPOWER,,,,,,,,,,AE
STRUCTURE_REG16/617721,0101000000E8FF7D0F7C2A5AC0B0253AF1333C4940,POL:PPOLE:C203445,,POWER,LOC_C6204599,IPL,,0,,,REGNSK,m,,,REGNSK04,SASKPOWER,,,,,,,,,,AE
STRUCTURE_REG16/617728,01010000001455708C05295AC0906E67A60E3A4940,POL:PPOLE:C279686,,POWER,LOC_C6279842,IPL,,0,,,REGNSK,m,,,REGNSK01,SASKPOWER,,,,,,,,,,AE
STRUCTURE_REG16/617762,0101000000A844973FD82B5AC008D7534DFE3A4940,POL:PPOLE:C196143,,POWER,LOC_C6197424,IPL,,0,,,REGNSK,m,,,REGNSK04,SASKPOWER,,,,,,,,,,AE
STRUCTURE_REG16/618614,01010000002456C0E9CF285AC04022D1310B3B4940,POL:PPOLE:C196581,,POWER,LOC_C6197832,IPL,,0,,,REGNSK,m,,,REGNSK01,SASKPOWER,,,,,,,,,,AE
STRUCTURE_REG16/618716,0101000000F02A7F7FE9295AC06054C7A1F33B4940,POL:PPOLE:C222416,,POWER,LOC_C6223316,IPL,,0,,,REGNSK,m,,,REGNSK04,SASKPOWER,,NOT IN MARTINS DATA,,,,,,,,AE
STRUCTURE_REG16/618717,01010000001088EDDAFD295AC0F8FBEDA1F33B4940,POL:PPOLE:C222462,,POWER,LOC_C6223366,IPL,,0,,,REGNSK,m,,,REGNSK04,SASKPOWER,,,,,BN,,,,,AE
STRUCTURE_REG16/628464,010100000090735A9E44295AC04085399A133A4940,POL:PPOLE:C217763,,POWER,LOC_C6218719,IPL,,0,,,REGNSK,m,,,REGNSK01,SASKPOWER,,,,,,,,,,AE
STRUCTURE_REG16/628684,0101000000A091FD63892A5AC098B89129943B4940,POL:PPOLE:C195394,,POWER,LOC_C6196679,IPL,,0,,,REGNSK,m,,,REGNSK04,SASKPOWER,,,,,,,,,,AE
STRUCTURE_REG16/631635,01010000007007A5C086295AC068F6778B873B4940,POL:PPOLE:C220806,,POWER,LOC_C6221744,IPL,,0,,,REGNSK,m,,,REGNSK04,SASKPOWER,,,,,,,,,,AE
