id,location,name,type_name,inventory_status_code,work_order_name,st_std_desc,clli_code,st_clli_cd,st_co_id,st_ownr_co_nm,st_vntge_yr,st_rmks,st_sap_stk_id,st_trmnl_id,sap_pm_order,st_fbr_grnd_pnt_ind,created_user,created_date,last_edited_user,last_edited_date
Structure1_WGS84/72,0101000000847041C0BE685AC098681E9ADB9C4940,CLOSR:BSCLS:C105643,BS CLOSURE,IPL,,LACC_APLOWED_C,IMPRSK,,IMPRSK02,SASKTEL,,,100049,,,,,,IHMED1,2016-11-22T15:49:32
Structure1_WGS84/222,0101000000408C636617F35AC04863E5EB40254940,CLOSR:BSCLS:C527701,BS CLOSURE,IPL,,LACC_ATRENCH_C,SWCRSK,,SWCRSK02,SASKTEL,,,100049,R 576 2ND AVE NE,,,,,,
Structure1_WGS84/274,01010000008838E7F105745BC040BC8FBF4E714940,CLOSR:BSCLS:C511293,BS CLOSURE,IPL,,LACC_APLOWED_C,LEDRSK,,LEDRSK01,SASKTEL,,,100049,,,,,,,
Structure1_WGS84/287,0101000000F48D93E8438959C00899A1B421284940,CLOSR:BSCLS:C137865,BS CLOSURE,IPL,,LACC_APLOWED_C,WHWDSK,,WHWDSK01,SASKTEL,,,100049,,,,,,IHMED1,2016-11-18T09:32:15
Structure1_WGS84/378,0101000000AC4D8942D02D5AC020ECE7965B024940,CLOSR:BSCLS:C79193,BS CLOSURE,IPL,,LACC_APLOWED_C,WLCXSK,,WLCXSK01,SASKTEL,,,100049,,,,,,IHMED1,2016-11-22T09:40:18
Structure1_WGS84/394,010100000054AD566AB90B5AC070FE8E64F3454940,CLOSR:BSCLS:C107632,BS CLOSURE,IPL,,LACC_APLOWED_C,BLGNSK,,BLGNSK01,SASKTEL,,,100049,,,,,,IHMED1,2016-11-24T08:52:17
Structure1_WGS84/488,010100000088A0F5E693435AC0C8A6D35CDC574940,CLOSR:BSCLS:C128413,BS CLOSURE,IPL,,LACC_APLOWED_C,LMSDSK,,LMSDSK01,SASKTEL,,,100049,,,,,,IHMED1,2016-11-22T12:05:09
Structure1_WGS84/501,01010000004C7947A2A4FB59C04069D6F68F394940,CLOSR:BSCLS:C162312,BS CLOSURE,IPL,,LACC_APLOWED_C,QAPLSK,,QAPLSK01,SASKTEL,,,100049,,,,,,IHMED1,2016-11-24T09:37:36
Structure1_WGS84/593,01010000008893177339F55AC00033312D8FDD4840,CLOSR:BSCLS::8290114,BS CLOSURE,IPL,,LACC_APLOWED_C,CDLCSK,,CDLCSK01,SASKTEL,2014,,100049,,969871,,,,IHMED1,2016-11-14T10:51:44
Structure1_WGS84/607,01010000002861DDE0FAA759C020CE3D3DD9314940,CLOSR:BSCLS:C119051,BS CLOSURE,IPL,,LACC_APLOWED_F,BRVWSK,,BRVWSK01,SASKTEL,,,100049,,,,,,IHMED1,2016-11-18T10:58:17
Structure1_WGS84/628,0101000000C843B65E59FD59C0780CD7895C124940,CLOSR:BSCLS:C148109,BS CLOSURE,IPL,,LACC_APLOWED_F,SDLYSK,,SDLYSK02,SASKTEL,,,100049,,,,,,IHMED1,2016-11-22T08:58:51
Structure1_WGS84/630,01010000004C5F04CA7CBD5AC0A0931C523A124940,CLOSR:BSCLS:C507384,BS CLOSURE,IPL,,LACC_APLOWED_C,HDVLSK,,HDVLSK01,SASKTEL,,,100049,,,,,,,
Structure1_WGS84/731,0101000000F432AA3C5C025AC0405ACB205B454940,CLOSR:BSCLS:C143395,BS CLOSURE,IPL,,LACC_APLOWED_C,QAPLSK,,QAPLSK01,SASKTEL,,,100049,,,,,,IHMED1,2016-11-24T09:37:43
Structure1_WGS84/746,01010000007016C87CD8015AC048623FB4E43D4940,CLOSR:BSCLS:C174345,BS CLOSURE,IPL,,LACC_APLOWED_C,QAPLSK,,QAPLSK01,SASKTEL,,,100049,R301 P24,,,,,IHMED1,2016-11-24T09:27:57
Structure1_WGS84/810,0101000000406351D12B485BC07069601127FE4840,CLOSR:BSCLS:C524459,BS CLOSURE,IPL,,LACC_APLOWED_C,PIPTSK,,PIPTSK01,SASKTEL,,,100049,,,,,,IHMED1,2016-11-14T08:34:19
Structure1_WGS84/834,010100000008886CC7041B5BC0F0284C87AAD24840,CLOSR:BSCLS::8377468,BS CLOSURE,IPL,,LACC_ATRENCH_C,SHNVSK,,SHNVSK01,SASKTEL,2015,,100049,,979965,,,,IHMED1,2016-11-14T11:21:34
Structure1_WGS84/837,0101000000404D973F6B7E5BC040545EBB0C574940,CLOSR:BSCLS:C529349,BS CLOSURE,IPL,,LACC_APLOWED_C,BRSTSK,,BRSTSK02,SASKTEL,,,100049,,,,,,,
Structure1_WGS84/866,010100000048D6A1CD63EE5AC0E8EBA1061E994840,CLOSR:BSCLS:C499383,BS CLOSURE,IPL,,LACC_APLOWED_C,VLMRSK,,VLMRSK01,SASKTEL,,,100049,,,,,,THERK2,2016-12-09T10:56:00
Structure1_WGS84/877,0101000000C8A6B4E2E10A5AC0C820BE534E454940,CLOSR:BSCLS:C101874,BS CLOSURE,IPL,,LACC_APLOWED_C,BLGNSK,,BLGNSK01,SASKTEL,,,100049,,,,,,IHMED1,2016-11-24T08:52:04
Structure1_WGS84/892,0101000000343CA1FDE6245AC0E0352CD6883B4940,CLOSR:BSCLS:C199064,BS CLOSURE,IPL,,LACC_APLOWED_C,REGNSK,,REGNSK01,SASKTEL,,,100049,,,,,,,
Structure1_WGS84/894,01010000006CF6673C7AAC59C0204EA97D402B4940,CLOSR:BSCLS:C166451,BS CLOSURE,IPL,,LACC_APLOWED_C,BRVWSK,,BRVWSK01,SASKTEL,2012,,100049,,963263,,,,IHMED1,2016-11-18T10:58:13
Structure1_WGS84/953,0101000000E486D9DD79255AC040545F72B0374940,CLOSR:BSCLS:C158347,BS CLOSURE,IPL,,LACC_ATRENCH_C,REGNSK,,REGNSK01,SASKTEL,,,100049,,,,,,,
Structure1_WGS84/955,010100000094CAD45709125AC08051E126E8144940,CLOSR:BSCLS:C76377,BS CLOSURE,ABD,,LACC_APLOWED_C,RCTNSK,,RCTNSK01,SASKTEL,,,100049,,,,,,IHMED1,2016-11-22T09:11:13
Structure1_WGS84/1062,01010000000C4FB906594D5AC0301BB5462D584940,CLOSR:BSCLS:C160939,BS CLOSURE,IPL,,LACC_APLOWED_C,BTHNSK,,BTHNSK02,SASKTEL,,,100049,,,,,,IHMED1,2016-11-22T14:10:41
Structure1_WGS84/1088,0101000000149E160A386559C0C029C0A593314940,CLOSR:BSCLS:C163699,BS CLOSURE,IPL,,LACC_APLOWED_C,RCVLSK,,RCVLSK01,SASKTEL,,,100049,,,,,,IHMED1,2016-11-17T09:55:20
Structure1_WGS84/1229,01010000007452AB245C025AC08031184CD1754940,CLOSR:BSCLS:C108047,BS CLOSURE,IPL,,LACC_APLOWED_C,DYSRSK,,DYSRSK01,SASKTEL,,,100049,,,,,,IHMED1,2016-11-24T08:25:00
Structure1_WGS84/1281,010100000050AA19595FDA59C03082C6B97E5E4940,CLOSR:BSCLS:C159652,BS CLOSURE,IPL,,LACC_APLOWED_C,ABRNSK,,ABRNSK01,SASKTEL,,,100049,,,,,,IHMED1,2016-11-24T14:41:18
Structure1_WGS84/1333,01010000004CB7D57409A559C0601CDF2883314940,CLOSR:BSCLS:C119383,BS CLOSURE,IPL,,LACC_APLOWED_F,BRVWSK,,BRVWSK01,SASKTEL,,,100049,,,,,,IHMED1,2016-11-18T10:58:05
Structure1_WGS84/1391,01010000005C6F269C793B5AC0009696DD88544940,CLOSR:BSCLS:C129403,BS CLOSURE,IPL,,LACC_APLOWED_C,LMSDSK,,LMSDSK01,SASKTEL,,,100049,,,,,,IHMED1,2016-11-22T12:05:35
Structure1_WGS84/1438,01010000008490727E4A7F5AC0E0B3320A97A14940,CLOSR:BSCLS:C101727,BS CLOSURE,IPL,,LACC_APLOWED_C,DVSNSK,,DVSNSK03,SASKTEL,,,100049,,,,,,IHMED1,2016-11-22T15:33:38
Structure1_WGS84/1556,0101000000C8FE7ED389295AC080F0408897FE4840,CLOSR:BSCLS:C78959,BS CLOSURE,IPL,,LACC_APLOWED_C,MLSTSK,,MLSTSK01,SASKTEL,,,100049,,,,,,IHMED1,2016-11-22T09:28:05
Structure1_WGS84/1573,01010000009CD21CB4D2565AC088F8E50BDB6F4940,CLOSR:BSCLS:C77828,BS CLOSURE,IPL,,LACC_APLOWED_C,HLDFSK,,HLDFSK01,SASKTEL,,,100049,,,,,,IHMED1,2016-11-22T16:11:24
Structure1_WGS84/1593,010100000024613A08559559C0E80B9B1A4B024940,CLOSR:BSCLS::6377755,BS CLOSURE,IPL,,LACC_APLOWED_C,KNDYSK,,KNDYSK01,SASKTEL,,,100049,,,,,,IHMED1,2016-11-17T14:58:39
Structure1_WGS84/1622,0101000000548033546C6659C0207223678C114940,CLOSR:BSCLS:C150242,BS CLOSURE,IPL,,LACC_APLOWED_F,MSMNSK,,MSMNSK01,SASKTEL,,,100049,,,,,,IHMED1,2016-11-17T09:22:25
Structure1_WGS84/1639,01010000005887DD567E6D59C0B031486419394940,CLOSR:BSCLS:C170426,BS CLOSURE,IPL,,LACC_APLOWED_C,RCVLSK,,RCVLSK01,SASKTEL,2009,,100049,,946842,,,,IHMED1,2016-11-17T09:55:29
Structure1_WGS84/1745,010100000094CBE1BBB6295AC0F091BFE1A93A4940,CLOSR:BSCLS:C221962,BS CLOSURE,IPL,,LACC_ATRENCH_C,REGNSK,,REGNSK04,SASKTEL,,,100049,,,,,,,
Structure1_WGS84/1778,0101000000C8E592ECC9275AC0D00C2CFEB1414940,CLOSR:BSCLS:C193242,BS CLOSURE,IPL,,LACC_ATRENCH_C,REGNSK,,REGNSK04,SASKTEL,,,100049,,,,,,,
Structure1_WGS84/1816,0101000000C8968E34962A5AC01877FF9C65404940,CLOSR:BSCLS:C219764,BS CLOSURE,IPL,,LACC_APLOWED_C,REGNSK,,REGNSK04,SASKTEL,,,100049,,,,,,,
Structure1_WGS84/1827,01010000003C3CE3AC1CAD59C0B8427707402B4940,CLOSR:BSCLS:C166453,BS CLOSURE,IPL,,LACC_APLOWED_C,BRVWSK,,BRVWSK01,SASKTEL,2012,,100049,,963263,,,,IHMED1,2016-11-18T10:57:45
Structure1_WGS84/1908,0101000000F40FCC18D9E659C09813741B17664940,CLOSR:BSCLS::8183198,BS CLOSURE,IPL,,LACC_APLOWED_C,BLCRSK,,BLCRSK01,SASKTEL,2014,,100049,,0,,,,IHMED1,2016-11-24T14:26:09
Structure1_WGS84/2030,01010000001054401964F35AC0482A744747224940,CLOSR:BSCLS:C540600,BS CLOSURE,IPL,,LACC_ATRENCH_C,SWCRSK,,SWCRSK02,SASKTEL,,,100049,,,,,,,
Structure1_WGS84/2079,010100000098E6A950152D5AC0F09956F1A3414940,CLOSR:BSCLS:C215789,BS CLOSURE,IPL,,LACC_APLOWED_C,REGNSK,,REGNSK04,SASKTEL,,,100049,,,,,,,
Structure1_WGS84/2095,01010000003CB2C3DCD1EC59C0109A359CE5664940,CLOSR:BSCLS:C137505,BS CLOSURE,IPL,,LACC_APLOWED_C,FTQPSK,,FTQPSK01,SASKTEL,,,100049,,,,,,IHMED1,2016-11-24T11:16:03
Structure1_WGS84/2100,0101000000C0D0B5F2FC3A5BC0A0290678AD224940,CLOSR:BSCLS:C527261,BS CLOSURE,IPL,,LACC_APLOWED_C,TPKNSK,,TPKNSK01,SASKTEL,,,100049,,,,,,IHMED1,2016-11-14T08:45:39
Structure1_WGS84/2101,010100000010A8867C1EF75AC0D89A6CC452244940,CLOSR:BSCLS:C541968,BS CLOSURE,IPL,,LACC_ATRENCH_C,SWCRSK,,SWCRSK02,SASKTEL,,,100049,,,,,,,
Structure1_WGS84/2175,01010000003C2591C465EC59C0B86FE8AC9D504940,CLOSR:BSCLS:C167125,BS CLOSURE,IPL,,LACC_APLOWED_C,INHDSK,,INHDSK01,SASKTEL,2011,,100049,,959274,,,,IHMED1,2016-11-24T13:35:45
Structure1_WGS84/2177,01010000006C55A284EADE59C0906D93A3E3574940,CLOSR:BSCLS::9115373,BS CLOSURE,IPL,,LACC_APLOWED_C,ABRNSK,,ABRNSK01,SASKTEL,2016,,100049,,985506,,,,IHMED1,2016-11-24T14:41:20
Structure1_WGS84/2216,01010000003093F6A66C6B59C0A8AC88020C1B4940,CLOSR:BSCLS:C145998,BS CLOSURE,IPL,,LACC_APLOWED_C,MSMNSK,,MSMNSK01,SASKTEL,,,100049,,,,,,IHMED1,2016-11-17T09:23:07
Structure1_WGS84/2267,010100000020B0E4BDB94D5BC0009CE75A84094940,CLOSR:BSCLS:C524540,BS CLOSURE,IPL,,LACC_APLOWED_C,PIPTSK,,PIPTSK01,SASKTEL,,,100049,,,,,,IHMED1,2016-11-14T08:34:15
Structure1_WGS84/2320,010100000060C749D82C0D5AC0D8B18E7333304940,CLOSR:BSCLS:C107533,BS CLOSURE,ABD,,LACC_APLOWED_C,BLGNSK,,BLGNSK01,SASKTEL,,,100049,,,,,,IHMED1,2016-11-24T08:52:34
Structure1_WGS84/2377,010100000058465A92D2C359C0006AFCF264384940,CLOSR:BSCLS:C140616,BS CLOSURE,IPL,,LACC_APLOWED_C,GRNFSK,,GRNFSK01,SASKTEL,,GP-2H-08,100049,,,,,,IHMED1,2016-11-18T13:03:09
Structure1_WGS84/2473,010100000028C32D29BB1E5BC048E3A82DCC094940,CLOSR:BSCLS:C572937,BS CLOSURE,ABD,,LACC_APLOWED_F,GLLKSK,,GLLKSK01,SASKTEL,,,100049,,,,,,IHMED1,2016-11-14T09:01:33
Structure1_WGS84/2519,0101000000A03CFBE340A859C040F97358412B4940,CLOSR:BSCLS:C120188,BS CLOSURE,IPL,,LACC_APLOWED_F,BRVWSK,,BRVWSK01,SASKTEL,,,100049,,,,,,IHMED1,2016-11-18T10:57:40
Structure1_WGS84/2535,010100000024E0499EDA6259C008AABEE1A83C4940,CLOSR:BSCLS:C163908,BS CLOSURE,IPL,,LACC_ATRENCH_C,RCVLSK,,RCVLSK01,SASKTEL,,,100049,,,,,,IHMED1,2016-11-17T09:55:37
Structure1_WGS84/2562,01010000001C0D1268D1EA59C0F0A0EFC79D434940,CLOSR:BSCLS:C120392,BS CLOSURE,IPL,,LACC_APLOWED_C,INHDSK,,INHDSK01,SASKTEL,,,100049,,,,,,IHMED1,2016-11-24T13:35:52
Structure1_WGS84/2571,01010000005CDF8984AF2A5BC0001D8E3704064940,CLOSR:BSCLS:C521515,BS CLOSURE,IPL,,LACC_APLOWED_C,GLLKSK,,GLLKSK01,SASKTEL,,,100049,,,,,,IHMED1,2016-11-14T09:01:15
Structure1_WGS84/2631,01010000009C47E80E72025BC00837DE5FF5694940,CLOSR:BSCLS:C346880,BS CLOSURE,IPL,,LACC_APLOWED_C,KYLESK,,KYLESK01,SASKTEL,,,100049,,,,,,,
Structure1_WGS84/2642,010100000070A561A2484A5AC0E00D45FB04584940,CLOSR:BSCLS:C98392,BS CLOSURE,IPL,,LACC_APLOWED_C,BTHNSK,,BTHNSK02,SASKTEL,,,100049,,,,,,IHMED1,2016-11-22T14:10:49
Structure1_WGS84/2695,01010000006C6D95EB633C5AC0308117C7D2664940,CLOSR:BSCLS:C89297,BS CLOSURE,IPL,,LACC_APLOWED_C,RGBHSK,,RGBHSK01,SASKTEL,,,100049,,,,,,IHMED1,2016-11-22T13:48:54
Structure1_WGS84/2752,0101000000D4CBCE2670755BC010EB9739F16D4940,CLOSR:BSCLS:C511106,BS CLOSURE,IPL,,LACC_APLOWED_C,LEDRSK,,LEDRSK01,SASKTEL,,,100049,,,,,,,
Structure1_WGS84/2795,010100000008E493C7B3505BC0982DEB2E2B714940,CLOSR:BSCLS:C511930,BS CLOSURE,IPL,,LACC_APLOWED_C,SCPTSK,,SCPTSK01,SASKTEL,,,100049,,,,,,,
Structure1_WGS84/2865,01010000005058FAE7E1385BC040B4DC5AA5704940,CLOSR:BSCLS:C504746,BS CLOSURE,ABD,,LACC_APLOWED_C,ABBYSK,,ABBYSK01,SASKTEL,,,100049,,,,,,,
Structure1_WGS84/2889,010100000070F55921297859C0C84E63DB9F0D4940,CLOSR:BSCLS::9171397,BS CLOSURE,IPL,,LACC_APLOWED_C,MSMNSK,,MSMNSK01,SASKTEL,2016,,100049,,982445,,,,IHMED1,2016-11-17T09:22:11
Structure1_WGS84/2910,0101000000902B0458753B5AC0385B109C83544940,CLOSR:BSCLS:C129377,BS CLOSURE,IPL,,LACC_APLOWED_C,LMSDSK,,LMSDSK01,SASKTEL,,,100049,,,,,,IHMED1,2016-11-22T12:06:24
Structure1_WGS84/2959,0101000000ACF43F98F2D05AC0200C6C9DD1364940,CLOSR:BSCLS:C508899,BS CLOSURE,IPL,,LACC_APLOWED_C,HRBRSK,,HRBRSK01,SASKTEL,,,100049,,,,,,,
Structure1_WGS84/2981,0101000000A840A21366EC59C0C0A1B3E33E504940,CLOSR:BSCLS:C167129,BS CLOSURE,IPL,,LACC_APLOWED_C,INHDSK,,INHDSK01,SASKTEL,2011,,100049,,959274,,,,IHMED1,2016-11-24T13:35:52
Structure1_WGS84/3029,0101000000C44A374FF67259C0609219C8A3134940,CLOSR:BSCLS:C143955,BS CLOSURE,IPL,,LACC_APLOWED_C,MSMNSK,,MSMNSK01,SASKTEL,,,100049,,,,,,IHMED1,2016-11-17T09:23:07
Structure1_WGS84/3065,01010000006822F76A83EB59C08049435D49474940,CLOSR:BSCLS:C170748,BS CLOSURE,IPL,,LACC_APLOWED_C,INHDSK,,INHDSK01,SASKTEL,,,100049,,,,,,IHMED1,2016-11-24T13:35:57
Structure1_WGS84/3082,0101000000E03C615E276559C098399B30CF0D4940,CLOSR:BSCLS:C150055,BS CLOSURE,ABD,,LACC_APLOWED_C,MSMNSK,,MSMNSK01,SASKTEL,,,100049,,,,,,IHMED1,2016-11-17T09:22:28
Structure1_WGS84/3165,0101000000C0AEE37BE31F5AC018B749C663784940,CLOSR:BSCLS:C118235,BS CLOSURE,IPL,,LACC_ATRENCH_C,STHYSK,,STHYSK01,SASKTEL,,,100049,R 260 KEATS ST,,,,,IHMED1,2016-11-23T14:54:42
Structure1_WGS84/3179,0101000000048418E0296A59C02839DE8CB6124940,CLOSR:BSCLS:C144218,BS CLOSURE,ABD,,LACC_ATRENCH_C,MSMNSK,,MSMNSK01,SASKTEL,,,100049,,,,,,IHMED1,2016-11-17T09:22:55
Structure1_WGS84/3256,010100000084974500EECD59C0E068ED41BE344940,CLOSR:BSCLS:C145860,BS CLOSURE,IPL,,LACC_APLOWED_F,WLSLSK,,WLSLSK01,SASKTEL,,GP N-24 ,100049,,,,,,IHMED1,2016-11-18T14:49:46
Structure1_WGS84/3297,0101000000FCA7259AE3CA59C0083A789889274940,CLOSR:BSCLS:C146146,BS CLOSURE,IPL,,LACC_APLOWED_C,WLSLSK,,WLSLSK01,SASKTEL,,,100049,,,,,,IHMED1,2016-11-18T14:49:42
Structure1_WGS84/3456,010100000020F3721F33A659C0600F428793EE4840,CLOSR:BSCLS:C134412,BS CLOSURE,IPL,,LACC_APLOWED_C,KPNGSK,,KPNGSK01,SASKTEL,,,100049,,,,,,IHMED1,2016-11-18T11:19:23
Structure1_WGS84/3458,0101000000D811778A8F005AC0F0E1286C8B1A4940,CLOSR:BSCLS:C138512,BS CLOSURE,IPL,,LACC_APLOWED_C,SDLYSK,,SDLYSK02,SASKTEL,,,100049,,,,,,IHMED1,2016-11-22T08:58:51
Structure1_WGS84/3474,01010000008C282E73EC8159C0C0D90EFC5E2B4940,CLOSR:BSCLS:C121136,BS CLOSURE,IPL,,LACC_APLOWED_C,WPLLSK,,WPLLSK01,SASKTEL,,,100049,,,,,,IHMED1,2016-11-17T14:38:01
Structure1_WGS84/3494,01010000003C36AD3A299A59C0E8EF581814034940,CLOSR:BSCLS:C128997,BS CLOSURE,IPL,,LACC_APLOWED_F,KNDYSK,,KNDYSK01,SASKTEL,,,100049,R2102 SSU15,,,,,IHMED1,2016-11-17T14:58:34
Structure1_WGS84/3545,010100000068827D7B842E5AC080C056B88EC34940,CLOSR:BSCLS:C104569,BS CLOSURE,IPL,,LACC_APLOWED_C,SMNSSK,,SMNSSK01,SASKTEL,,,100049,,,,,,IHMED1,2016-11-23T09:52:56
Structure1_WGS84/3554,010100000068827B7A396B59C0381E05858A134940,CLOSR:BSCLS:C169218,BS CLOSURE,IPL,,LACC_ATRENCH_C,MSMNSK,,MSMNSK01,SASKTEL,,,100049,,,,,,IHMED1,2016-11-17T09:22:53
Structure1_WGS84/3588,01010000008439D9B727F659C00893503726804940,CLOSR:BSCLS:C152177,BS CLOSURE,ABD,,LACC_APLOWED_C,LPTNSK,,LPTNSK01,SASKTEL,,,100049,,,,,,IHMED1,2016-11-24T13:07:26
Structure1_WGS84/3605,0101000000C0BFE453BB2D5AC0F8ED932CF2054940,CLOSR:BSCLS:C81648,BS CLOSURE,ABD,,LACC_APLOWED_C,WLCXSK,,WLCXSK01,SASKTEL,,,100049,,,,,,IHMED1,2016-11-22T09:40:19
Structure1_WGS84/3649,0101000000A43E26D8934D5AC0301E430C635B4940,CLOSR:BSCLS:C144413,BS CLOSURE,IPL,,LACC_APLOWED_C,BTHNSK,,BTHNSK02,SASKTEL,,,100049,,,,,,IHMED1,2016-11-22T14:10:59
Structure1_WGS84/3652,0101000000987B875CE2E259C0F8030230ED484940,CLOSR:BSCLS:C124792,BS CLOSURE,IPL,,LACC_APLOWED_C,INHDSK,,INHDSK01,SASKTEL,,,100049,,,,,,IHMED1,2016-11-24T13:36:28
Structure1_WGS84/3665,0101000000781E1448D4515BC088C027C9BFAF4840,CLOSR:BSCLS:C509411,BS CLOSURE,IPL,,LACC_APLOWED_C,CNSLSK,,CNSLSK03,SASKTEL,,,100049,R1303 P1J,,,,,IHMED1,2016-11-14T14:20:56
Structure1_WGS84/3682,01010000000CDF6CBA98005AC0F053279D11184940,CLOSR:BSCLS:C71784,BS CLOSURE,IPL,,LACC_APLOWED_C,SDLYSK,,SDLYSK02,SASKTEL,,,100049,,,,,,IHMED1,2016-11-22T08:58:49
Structure1_WGS84/3758,01010000006C78110B344B5AC0C8D36510A3934940,CLOSR:BSCLS:C101899,BS CLOSURE,ABD,,LACC_APLOWED_C,STBGSK,,STBGSK01,SASKTEL,,,100049,,,,,,IHMED1,2016-11-23T14:07:38
Structure1_WGS84/3770,0101000000DC62661B8FC25AC0A8695E1535464940,CLOSR:BSCLS:C500545,BS CLOSURE,IPL,,LACC_APLOWED_C,MORSSK,,MORSSK01,SASKTEL,,,100049,,,,,,,
Structure1_WGS84/3778,0101000000ECC02EFA722D5AC0D0876E30B3374940,CLOSR:BSCLS:C190924,BS CLOSURE,IPL,,LACC_APLOWED_C,REGNSK,,REGNSK01,SASKTEL,,,100049,,,,,,,
Structure1_WGS84/3805,0101000000943CF74EC7235AC010505EF46D884940,CLOSR:BSCLS:C116417,BS CLOSURE,IPL,,LACC_APLOWED_C,STHYSK,,STHYSK01,SASKTEL,,,100049,,,,,,IHMED1,2016-11-23T15:07:42
Structure1_WGS84/3823,01010000008816F9255D275AC070845AE0E6284940,CLOSR:BSCLS:C192789,BS CLOSURE,IPL,,LACC_APLOWED_C,REGNSK,,REGNSK03,SASKTEL,,,100049,,,,,,,
Structure1_WGS84/3824,01010000003C3A9E6485275BC000D3A7645F454940,CLOSR:BSCLS:C505585,BS CLOSURE,IPL,,LACC_APLOWED_C,CABRSK,,CABRSK01,SASKTEL,,,100049,,,,,,,
Structure1_WGS84/3846,0101000000ECEED83A3E0F5AC0105D2C8697274940,CLOSR:BSCLS:C167421,BS CLOSURE,IPL,,LACC_APLOWED_C,REGNSK,,REGNSK01,SASKTEL,,,100049,,,,,,,
Structure1_WGS84/3847,0101000000D0CD8EEC9B0E5AC098BAD32699274940,CLOSR:BSCLS:C167425,BS CLOSURE,IPL,,LACC_APLOWED_C,REGNSK,,REGNSK01,SASKTEL,,,100049,,,,,,,
Structure1_WGS84/3848,010100000048DBFA14400F5AC0B85DB03A83284940,CLOSR:BSCLS:C167702,BS CLOSURE,IPL,,LACC_APLOWED_C,REGNSK,,REGNSK01,SASKTEL,,,100049,,,,,,,
Structure1_WGS84/3867,01010000000CA914CEFD045AC0D00FFE7388794940,CLOSR:BSCLS:C104498,BS CLOSURE,IPL,,LACC_APLOWED_C,DYSRSK,,DYSRSK01,SASKTEL,,,100049,,,,,,IHMED1,2016-11-24T08:25:02
Structure1_WGS84/3917,0101000000B430017B094A5AC090C530A6E7574940,CLOSR:BSCLS:C145944,BS CLOSURE,IPL,,LACC_APLOWED_C,BTHNSK,,BTHNSK02,SASKTEL,,,100049,,,,,,IHMED1,2016-11-22T14:10:51
Structure1_WGS84/3935,0101000000DCED63CD94435AC0506C750EA5574940,CLOSR:BSCLS:C128410,BS CLOSURE,IPL,,LACC_APLOWED_C,LMSDSK,,LMSDSK01,SASKTEL,,,100049,,,,,,IHMED1,2016-11-22T12:05:19
Structure1_WGS84/4107,010100000004CE63DED4B459C018A4C441910D4940,CLOSR:BSCLS:C129253,BS CLOSURE,IPL,,LACC_APLOWED_C,WNDTSK,,WNDTSK01,SASKTEL,,,100049,,,,,,IHMED1,2016-11-18T12:01:47
Structure1_WGS84/4128,0101000000D4E5618FB3245AC0A85303AC99394940,CLOSR:BSCLS:C173951,BS CLOSURE,IPL,,LACC_APLOWED_C,REGNSK,,REGNSK01,SASKTEL,,,100049,,,,,,,
Structure1_WGS84/4154,01010000004C4207621B265AC0883F750C053A4940,CLOSR:BSCLS:C186569,BS CLOSURE,ABD,,LACC_ATRENCH_C,REGNSK,,REGNSK01,SASKTEL,,,100049,,,,,,,
Structure1_WGS84/4292,01010000005405D7CD86255AC07069404DC5384940,CLOSR:BSCLS:C158499,BS CLOSURE,IPL,,LACC_ATRENCH_C,REGNSK,,REGNSK01,SASKTEL,,,100049,,,,,,,
Structure1_WGS84/4355,010100000014C667C97BE25AC08040E5074AE84840,CLOSR:BSCLS:C502031,BS CLOSURE,IPL,,LACC_APLOWED_C,PNTXSK,,PNTXSK01,SASKTEL,,,100049,,,,,,IHMED1,2016-11-14T10:41:20
Structure1_WGS84/4359,010100000058C4E5B548275AC0D0A371610A3B4940,CLOSR:BSCLS:C215937,BS CLOSURE,IPL,,LACC_ATRENCH_C,REGNSK,,REGNSK01,SASKTEL,,,100049,,,,,,,
Structure1_WGS84/4360,010100000074242E65D8265AC018AF23C2CA3B4940,CLOSR:BSCLS:C263963,BS CLOSURE,IPL,,LACC_APLOWED_C,REGNSK,,REGNSK01,SASKTEL,,,100049,,,,,,,
Structure1_WGS84/4386,0101000000E0597A1BF8305BC0F879E1A87EB24840,CLOSR:BSCLS:C514965,BS CLOSURE,IPL,,LACC_APLOWED_C,ESNDSK,,ESNDSK01,SASKTEL,,,100049,,,,,,IHMED1,2016-11-14T13:35:33
Structure1_WGS84/4422,0101000000007687776D265AC06082C172DA3B4940,CLOSR:BSCLS:C194322,BS CLOSURE,IPL,,LACC_APLOWED_C,REGNSK,,REGNSK01,SASKTEL,,,100049,,,,,,,
Structure1_WGS84/4471,010100000054613008372A5AC008B217D766394940,CLOSR:BSCLS:C207139,BS CLOSURE,IPL,,LACC_ATRENCH_C,REGNSK,,REGNSK01,SASKTEL,,,100049,,,,,,,
Structure1_WGS84/4472,0101000000BC7070B446275AC050020D36F53A4940,CLOSR:BSCLS:C215877,BS CLOSURE,IPL,,LACC_ATRENCH_C,REGNSK,,REGNSK01,SASKTEL,,,100049,,,,,,,
Structure1_WGS84/4502,0101000000F45B9BC3DE355AC0705F7D9274B54940,CLOSR:BSCLS:C92325,BS CLOSURE,IPL,,LACC_APLOWED_C,SMNSSK,,SMNSSK01,SASKTEL,,,100049,,,,,,IHMED1,2016-11-23T09:52:51
Structure1_WGS84/4508,01010000004077721B672B5AC048329046493D4940,CLOSR:BSCLS:C200148,BS CLOSURE,ABD,,LACC_ATRENCH_C,REGNSK,,REGNSK04,SASKTEL,,,100049,,,,,,,
Structure1_WGS84/4540,0101000000F8B45F7E74265AC060A2F7E9DF344940,CLOSR:BSCLS:C213080,BS CLOSURE,IPL,,LACC_ATRENCH_C,REGNSK,,REGNSK03,SASKTEL,,,100049,,,,,,,
Structure1_WGS84/4576,01010000003868EBEA12295AC0707B395B1C354940,CLOSR:BSCLS:C174844,BS CLOSURE,IPL,,LACC_ATRENCH_C,REGNSK,,REGNSK03,SASKTEL,,,100049,,,,,,,
Structure1_WGS84/4577,010100000048DD56F9AC275AC060C5441839344940,CLOSR:BSCLS:C238354,BS CLOSURE,IPL,,LACC_ATRENCH_C,REGNSK,,REGNSK03,SASKTEL,,,100049,,,,,,,
Structure1_WGS84/4714,010100000070630D26E4275AC0C8B5F0154D344940,CLOSR:BSCLS:C195096,BS CLOSURE,ABD,,LACC_APLOWED_C,REGNSK,,REGNSK03,SASKTEL,,,100049,,,,,,,
Structure1_WGS84/4715,01010000002CC04B64172A5AC0004C2B88B8324940,CLOSR:BSCLS:C225827,BS CLOSURE,IPL,,LACC_APLOWED_C,REGNSK,,REGNSK03,SASKTEL,,,100049,,,,,,,
Structure1_WGS84/4831,010100000048BC460F7FD759C0C0D892FA573E4940,CLOSR:BSCLS:C126298,BS CLOSURE,ABD,,LACC_APLOWED_C,SNTLSK,,SNTLSK01,SASKTEL,,,100049,,,,,,,
Structure1_WGS84/4858,01010000003043DB1878275AC088AB604728354940,CLOSR:BSCLS:C186165,BS CLOSURE,IPL,,LACC_ATRENCH_C,REGNSK,,REGNSK03,SASKTEL,,,100049,,,,,,,
Structure1_WGS84/4859,0101000000F43318CA19265AC0682745F684354940,CLOSR:BSCLS:C190351,BS CLOSURE,ABD,,LACC_ATRENCH_C,REGNSK,,REGNSK03,SASKTEL,,,100049,,,,,,,
Structure1_WGS84/5094,0101000000D4A891DA47275AC080DDE8840C3B4940,CLOSR:BSCLS:C217679,BS CLOSURE,ABD,,LACC_ATRENCH_C,REGNSK,,REGNSK01,SASKTEL,,,100049,,,,,,,
Structure1_WGS84/5159,01010000001C2C05D2556B59C0709A2052E21A4940,CLOSR:BSCLS:C150010,BS CLOSURE,IPL,,LACC_APLOWED_C,MSMNSK,,MSMNSK01,SASKTEL,,,100049,,,,,,IHMED1,2016-11-17T09:22:56
Structure1_WGS84/5167,0101000000E4F549B6E62E5AC0A8E77A9BB13A4940,CLOSR:BSCLS:C192841,BS CLOSURE,IPL,,LACC_APLOWED_C,REGNSK,,REGNSK01,SASKTEL,,,100049,,,,,,,
Structure1_WGS84/5176,01010000003034F9C1942B5AC07837C6F0863F4940,CLOSR:BSCLS:C219105,BS CLOSURE,IPL,,LACC_ATRENCH_C,REGNSK,,REGNSK04,SASKTEL,,,100049,,,,,,,
Structure1_WGS84/5177,01010000008088A1C3662A5AC0386A91C9F63F4940,CLOSR:BSCLS:C219394,BS CLOSURE,IPL,,LACC_APLOWED_C,REGNSK,,REGNSK04,SASKTEL,,,100049,,,,,,,
Structure1_WGS84/5178,0101000000B827650BEE2A5AC0D8755E86A63E4940,CLOSR:BSCLS:C220223,BS CLOSURE,IPL,,LACC_APLOWED_C,REGNSK,,REGNSK04,SASKTEL,,,100049,,,,,,,
Structure1_WGS84/5195,0101000000C0798F38A6275AC0A049260A613C4940,CLOSR:BSCLS:C222442,BS CLOSURE,IPL,,LACC_ATRENCH_C,REGNSK,,REGNSK04,SASKTEL,,,100049,,,,,,,
Structure1_WGS84/5196,010100000094C849844D285AC0F0984C45853E4940,CLOSR:BSCLS:C223530,BS CLOSURE,IPL,,LACC_ATRENCH_C,REGNSK,,REGNSK04,SASKTEL,,,100049,,,,,,,
Structure1_WGS84/5197,01010000003872FFEC622B5AC0C865ECB6113E4940,CLOSR:BSCLS:C224165,BS CLOSURE,IPL,,LACC_APLOWED_C,REGNSK,,REGNSK04,SASKTEL,,,100049,,,,,,,
Structure1_WGS84/5198,0101000000C069D827F42A5AC070288D4F033F4940,CLOSR:BSCLS:C224439,BS CLOSURE,IPL,,LACC_ATRENCH_C,REGNSK,,REGNSK04,SASKTEL,,,100049,,,,,,,
Structure1_WGS84/5199,0101000000280A14E101295AC0780C19A66E3E4940,CLOSR:BSCLS:C224907,BS CLOSURE,IPL,,LACC_APLOWED_C,REGNSK,,REGNSK04,SASKTEL,,,100049,,,,,,,
Structure1_WGS84/5200,0101000000688A88E1D1285AC0308D2B3D793E4940,CLOSR:BSCLS:C225110,BS CLOSURE,IPL,,LACC_APLOWED_C,REGNSK,,REGNSK04,SASKTEL,,,100049,,,,,,,
Structure1_WGS84/5201,0101000000B06258C8D3285AC020594762BD3E4940,CLOSR:BSCLS:C225131,BS CLOSURE,IPL,,LACC_ATRENCH_C,REGNSK,,REGNSK04,SASKTEL,,,100049,,,,,,,
Structure1_WGS84/5202,010100000030EC9FC3F62A5AC010B1D312E23F4940,CLOSR:BSCLS:C225356,BS CLOSURE,IPL,,LACC_APLOWED_C,REGNSK,,REGNSK04,SASKTEL,,,100049,,,,,,,
Structure1_WGS84/5203,01010000004C626EC9FA265AC0A8F24EBC053F4940,CLOSR:BSCLS:C225566,BS CLOSURE,IPL,,LACC_ATRENCH_C,REGNSK,,REGNSK04,SASKTEL,,,100049,,,,,,,
Structure1_WGS84/5230,01010000008C20F88C622A5AC09823A3F1EE3E4940,CLOSR:BSCLS:C197597,BS CLOSURE,IPL,,LACC_ATRENCH_C,REGNSK,,REGNSK04,SASKTEL,,,100049,,,,,,,
Structure1_WGS84/5231,010100000094DE0B87D6265AC0C83841666A3F4940,CLOSR:BSCLS:C197599,BS CLOSURE,IPL,,LACC_ATRENCH_C,REGNSK,,REGNSK04,SASKTEL,,,100049,,,,,,,
Structure1_WGS84/5264,01010000000C52317AE0285AC0E0A1B731633E4940,CLOSR:BSCLS:C227088,BS CLOSURE,IPL,,LACC_ATRENCH_C,REGNSK,,REGNSK04,SASKTEL,,,100049,,,,,,,
Structure1_WGS84/5265,01010000006436D497612A5AC06810A57E5D3E4940,CLOSR:BSCLS:C227404,BS CLOSURE,ABD,,LACC_ATRENCH_C,REGNSK,,REGNSK04,SASKTEL,,,100049,,,,,,,
Structure1_WGS84/5279,0101000000BC7605E282275AC088028B70D13C4940,CLOSR:BSCLS:C212763,BS CLOSURE,IPL,,LACC_APLOWED_C,REGNSK,,REGNSK04,SASKTEL,,,100049,,,,,,,
Structure1_WGS84/5280,01010000000484481980275AC008C4E3F6D9484940,CLOSR:BSCLS:C214220,BS CLOSURE,ABD,,LACC_APLOWED_C,REGNSK,,REGNSK04,SASKTEL,,,100049,,,,,,,
Structure1_WGS84/5281,0101000000F43BAC21252B5AC0B0C7811A683E4940,CLOSR:BSCLS:C216077,BS CLOSURE,IPL,,LACC_APLOWED_C,REGNSK,,REGNSK04,SASKTEL,,,100049,,,,,,,
Structure1_WGS84/5282,0101000000C02F4BF4FF2A5AC0380F28549D3D4940,CLOSR:BSCLS:C217200,BS CLOSURE,IPL,,LACC_ATRENCH_C,REGNSK,,REGNSK04,SASKTEL,,,100049,,,,,,,
Structure1_WGS84/5283,0101000000A4349A109E2B5AC0F8CA7AA6613E4940,CLOSR:BSCLS:C217604,BS CLOSURE,IPL,,LACC_APLOWED_C,REGNSK,,REGNSK04,SASKTEL,,,100049,,,,,,,
Structure1_WGS84/5284,010100000084963F56652A5AC090ED388FD43E4940,CLOSR:BSCLS:C228353,BS CLOSURE,IPL,,LACC_ATRENCH_C,REGNSK,,REGNSK04,SASKTEL,,,100049,,,,,,,
Structure1_WGS84/5285,0101000000F8CA7C3A502A5AC0B802DC29E63D4940,CLOSR:BSCLS:C233302,BS CLOSURE,IPL,,LACC_ATRENCH_C,REGNSK,,REGNSK04,SASKTEL,,,100049,,,,,,,
Structure1_WGS84/5286,0101000000007F7C3274275AC0287BA25DD84D4940,CLOSR:BSCLS:C318255,BS CLOSURE,IPL,,LACC_APLOWED_C,REGNSK,,REGNSK04,SASKTEL,,,100049,,,,,,,
Structure1_WGS84/5287,0101000000640F40ACEF265AC0E05EB177A03E4940,CLOSR:BSCLS:C320248,BS CLOSURE,ABD,,LACC_APLOWED_C,REGNSK,,REGNSK04,SASKTEL,,,100049,,,,,,,
Structure1_WGS84/5292,01010000003035FAB2E3285AC0806C48FFF23E4940,CLOSR:BSCLS:C218682,BS CLOSURE,IPL,,LACC_APLOWED_C,REGNSK,,REGNSK04,SASKTEL,,,100049,,,,,,,
Structure1_WGS84/5293,0101000000642AB03F8A2B5AC050C5F863AC3F4940,CLOSR:BSCLS:C218867,BS CLOSURE,IPL,,LACC_APLOWED_C,REGNSK,,REGNSK04,SASKTEL,,,100049,,,,,,,
Structure1_WGS84/5294,0101000000A8B310D3D42A5AC0A00F64E43C3D4940,CLOSR:BSCLS:C219065,BS CLOSURE,IPL,,LACC_APLOWED_C,REGNSK,,REGNSK04,SASKTEL,,,100049,,,,,,,
Structure1_WGS84/5310,0101000000BCBFF234616B59C0482147E2410D4940,CLOSR:BSCLS:C145543,BS CLOSURE,IPL,,LACC_APLOWED_C,MSMNSK,,MSMNSK01,SASKTEL,,,100049,,,,,,IHMED1,2016-11-17T09:22:20
Structure1_WGS84/5331,0101000000CCD9EE5D24275AC02063F4CA1F3E4940,CLOSR:BSCLS:C205147,BS CLOSURE,IPL,,LACC_APLOWED_C,REGNSK,,REGNSK04,SASKTEL,,,100049,,,,,,,
Structure1_WGS84/5332,0101000000DCFC795F24275AC020C23EF5203E4940,CLOSR:BSCLS:C205175,BS CLOSURE,IPL,,LACC_APLOWED_C,REGNSK,,REGNSK04,SASKTEL,,,100049,,,,,,,
Structure1_WGS84/5333,0101000000202B717D95215AC0A811F94FB34C4940,CLOSR:BSCLS:C207572,BS CLOSURE,IPL,,LACC_APLOWED_F,REGNSK,,REGNSK04,SASKTEL,,,100049,,,,,,,
Structure1_WGS84/5334,01010000005824A929E22A5AC040521D75EB3C4940,CLOSR:BSCLS:C210461,BS CLOSURE,IPL,,LACC_APLOWED_C,REGNSK,,REGNSK04,SASKTEL,,,100049,,,,,,,
Structure1_WGS84/5335,0101000000FC8E9CDDBE2A5AC0A01943F4BC3A4940,CLOSR:BSCLS:C210532,BS CLOSURE,IPL,,LACC_APLOWED_C,REGNSK,,REGNSK04,SASKTEL,,,100049,,,,,,,
Structure1_WGS84/5336,0101000000447327829F2A5AC0384CBBA5103D4940,CLOSR:BSCLS:C210898,BS CLOSURE,IPL,,LACC_APLOWED_C,REGNSK,,REGNSK04,SASKTEL,,,100049,,,,,,,
Structure1_WGS84/5349,0101000000D45221CDC12A5AC0703A7F36D93B4940,CLOSR:BSCLS:C198025,BS CLOSURE,IPL,,LACC_ATRENCH_C,REGNSK,,REGNSK04,SASKTEL,,,100049,,,,,,,
Structure1_WGS84/5350,0101000000B06912ADD62A5AC000A9CBD17F3B4940,CLOSR:BSCLS:C200015,BS CLOSURE,ABD,,LACC_APLOWED_C,REGNSK,,REGNSK04,SASKTEL,,,100049,,,,,,,
Structure1_WGS84/5351,0101000000B8130A16292B5AC0402AE150123C4940,CLOSR:BSCLS:C211219,BS CLOSURE,IPL,,LACC_ATRENCH_C,REGNSK,,REGNSK04,SASKTEL,,,100049,,,,,,,
Structure1_WGS84/5352,010100000030A7EF289A285AC06029A9B8963C4940,CLOSR:BSCLS:C211995,BS CLOSURE,IPL,,LACC_APLOWED_C,REGNSK,,REGNSK04,SASKTEL,,,100049,,,,,,,
Structure1_WGS84/5369,010100000060E2847977275AC0F0841CD01C3E4940,CLOSR:BSCLS:C202519,BS CLOSURE,IPL,,LACC_ATRENCH_C,REGNSK,,REGNSK04,SASKTEL,,,100049,,,,,,,
Structure1_WGS84/5370,0101000000C88FB6F9D8265AC028DA3B61113E4940,CLOSR:BSCLS:C203241,BS CLOSURE,IPL,,LACC_ATRENCH_C,REGNSK,,REGNSK04,SASKTEL,,,100049,,,,,,,
Structure1_WGS84/5371,0101000000EC8700290F2B5AC060B89D97B93C4940,CLOSR:BSCLS:C203433,BS CLOSURE,IPL,,LACC_ATRENCH_C,REGNSK,,REGNSK04,SASKTEL,,,100049,,,,,,,
Structure1_WGS84/5383,01010000008C60996DFD5C5AC0A8AD9A1FB3A24940,CLOSR:BSCLS:C107246,BS CLOSURE,IPL,,LACC_APLOWED_C,IMPRSK,,IMPRSK02,SASKTEL,,,100049,,,,,,IHMED1,2016-11-22T15:49:28
Structure1_WGS84/5387,01010000007461D852A1F05AC0105D6F590DF84840,CLOSR:BSCLS:C516279,BS CLOSURE,IPL,,LACC_APLOWED_C,NEVLSK,,NEVLSK01,SASKTEL,,,100049,,,,,,IHMED1,2016-11-14T09:44:08
Structure1_WGS84/5585,0101000000982B8FDD216B59C0B0DBEA83B6084940,CLOSR:BSCLS:C168998,BS CLOSURE,IPL,,LACC_APLOWED_C,MSMNSK,,MSMNSK01,SASKTEL,,,100049,,,,,,IHMED1,2016-11-17T09:22:41
Structure1_WGS84/5765,0101000000A893DA5B0FD159C0D020C858A5344940,CLOSR:BSCLS:C144350,BS CLOSURE,IPL,,LACC_APLOWED_C,WLSLSK,,WLSLSK01,SASKTEL,,,100049,,,,,,IHMED1,2016-11-18T14:49:44
Structure1_WGS84/5891,010100000018717D2F90BB59C090B529053A344940,CLOSR:BSCLS:C133885,BS CLOSURE,IPL,,LACC_ATRENCH_C,GRNFSK,,GRNFSK01,SASKTEL,,,100049,,,,,,IHMED1,2016-11-18T13:02:42
Structure1_WGS84/6095,0101000000C4EEA56A07295AC0C850DF16523B4940,CLOSR:BSCLS:C203798,BS CLOSURE,IPL,,LACC_ATRENCH_C,REGNSK,,REGNSK01,SASKTEL,,NOT IN MARTENS,100049,,,,,,,
Structure1_WGS84/6313,01010000006CECB1ABEBF759C0E8B02B3514464940,CLOSR:BSCLS:C170903,BS CLOSURE,IPL,,LACC_ATRENCH_C,QAPLSK,,QAPLSK01,SASKTEL,,,100049,,,,,,IHMED1,2016-11-24T09:37:44
Structure1_WGS84/6353,0101000000904FC717386359C060A59D9592314940,CLOSR:BSCLS:C146736,BS CLOSURE,IPL,,LACC_APLOWED_C,RCVLSK,,RCVLSK01,SASKTEL,,,100049,,,,,,IHMED1,2016-11-17T09:55:38
Structure1_WGS84/6369,010100000024E2E0E4D46559C098DEA913DF324940,CLOSR:BSCLS:C147956,BS CLOSURE,ABD,,LACC_APLOWED_C,RCVLSK,,RCVLSK01,SASKTEL,,,100049,,,,,,IHMED1,2016-11-17T09:55:34
Structure1_WGS84/6391,0101000000E81965774D0B5BC08860659FCD4D4940,CLOSR:BSCLS:C513149,BS CLOSURE,IPL,,LACC_APLOWED_C,PNNTSK,,PNNTSK01,SASKTEL,,,100049,,,,,,,
Structure1_WGS84/6403,01010000006CCBD5FC89295AC0D8D353C08A404940,CLOSR:BSCLS:C210887,BS CLOSURE,IPL,,LACC_ATRENCH_C,REGNSK,,REGNSK04,SASKTEL,,,100049,,,,,,,
Structure1_WGS84/6410,0101000000C4BFC74768245AC0D00512A762454940,CLOSR:BSCLS:C212322,BS CLOSURE,IPL,,LACC_APLOWED_C,REGNSK,,REGNSK04,SASKTEL,,,100049,,,,,,,
Structure1_WGS84/6452,0101000000E8676BF6606B59C0D8372D6E9F0D4940,CLOSR:BSCLS:C145540,BS CLOSURE,IPL,,LACC_APLOWED_C,MSMNSK,,MSMNSK01,SASKTEL,,,100049,,,,,,IHMED1,2016-11-17T09:23:08
Structure1_WGS84/6486,01010000007C886B876F2A5AC0206E4E92DF3D4940,CLOSR:BSCLS:C217301,BS CLOSURE,IPL,,LACC_ATRENCH_C,REGNSK,,REGNSK04,SASKTEL,,,100049,,,,,,,
Structure1_WGS84/6488,01010000005816EE8A30245BC008643920419A4840,CLOSR:BSCLS:C527590,BS CLOSURE,IPL,,LACC_ATRENCH_C,FRNTSK,,FRNTSK01,SASKTEL,,,100049,,,,,,IHMED1,2016-11-14T13:56:28
Structure1_WGS84/6502,0101000000F0F5823DB0F25AC0C8CBB61A2C264940,CLOSR:BSCLS:C533924,BS CLOSURE,IPL,,LACC_ATRENCH_C,SWCRSK,,SWCRSK02,SASKTEL,,,100049,R100 P1-1,,,,,,
Structure1_WGS84/6524,0101000000907E533C540C5AC0B8704CC8A7794940,CLOSR:BSCLS:C101988,BS CLOSURE,IPL,,LACC_APLOWED_C,CUPRSK,,CUPRSK01,SASKTEL,,,100049,,,,,,IHMED1,2016-11-23T15:28:14
Structure1_WGS84/6560,010100000098D32F88BD285AC090F57B9F80364940,CLOSR:BSCLS:C174830,BS CLOSURE,ABD,,LACC_ATRENCH_C,REGNSK,,REGNSK03,SASKTEL,,,100049,,,,,,,
Structure1_WGS84/6561,0101000000780A629BD2265AC000E9FECB24364940,CLOSR:BSCLS:C204080,BS CLOSURE,IPL,,LACC_APLOWED_C,REGNSK,,REGNSK03,SASKTEL,,,100049,,,,,,,
Structure1_WGS84/6572,01010000003C3F6B02D5265AC0602C983A40364940,CLOSR:BSCLS:C205093,BS CLOSURE,IPL,,LACC_ATRENCH_C,REGNSK,,REGNSK03,SASKTEL,,,100049,,,,,,,
Structure1_WGS84/6603,0101000000C8D79FA3F95A5BC05097F4B3353A4940,CLOSR:BSCLS:C531158,BS CLOSURE,IPL,,LACC_APLOWED_C,FXVYSK,,FXVYSK01,SASKTEL,,,100049,,,,,,,
Structure1_WGS84/6618,01010000002050BB67B6375AC0384348B586534940,CLOSR:BSCLS:C84529,BS CLOSURE,IPL,,LACC_ATRENCH_C,LMSDSK,,LMSDSK01,SASKTEL,,,100049,,,,,,IHMED1,2016-11-22T12:05:33
Structure1_WGS84/6634,0101000000E885BC979B275AC04842BDAE99394940,CLOSR:BSCLS:C205492,BS CLOSURE,IPL,,LACC_ATRENCH_C,REGNSK,,REGNSK01,SASKTEL,,,100049,,,,,,,
Structure1_WGS84/6691,0101000000F4C58A8C016A5BC0B8141F583B764940,CLOSR:BSCLS:C504988,BS CLOSURE,IPL,,LACC_APLOWED_C,LEDRSK,,LEDRSK01,SASKTEL,,,100049,,,,,,,
Structure1_WGS84/6693,0101000000E85FF43D4C285AC0302ACE906B384940,CLOSR:BSCLS:C196429,BS CLOSURE,IPL,,LACC_APLOWED_C,REGNSK,,REGNSK01,SASKTEL,,,100049,,,,,,,
Structure1_WGS84/6777,01010000004C49668D4B3C5AC0085BA38D3FF34840,CLOSR:BSCLS:C72677,BS CLOSURE,ABD,,LACC_APLOWED_C,AVNLSK,,AVNLSK01,SASKTEL,,,100049,,,,,,IHMED1,2016-11-22T09:51:38
Structure1_WGS84/6855,0101000000D80DEA41B2275AC0E88AAD68FF384940,CLOSR:BSCLS:C201386,BS CLOSURE,ABD,,LACC_ATRENCH_C,REGNSK,,REGNSK01,SASKTEL,,,100049,,,,,,,
Structure1_WGS84/6887,0101000000B48C5AB5192B5AC078AA0FA036404940,CLOSR:BSCLS:C216598,BS CLOSURE,IPL,,LACC_ATRENCH_C,REGNSK,,REGNSK04,SASKTEL,,,100049,,,,,,,
Structure1_WGS84/6936,01010000007C67908F31F15AC0B80FE11BA7284940,CLOSR:BSCLS:C538543,BS CLOSURE,IPL,,LACC_ATRENCH_C,SWCRSK,,SWCRSK02,SASKTEL,,,100049,,,,,,,
Structure1_WGS84/6984,0101000000F098AC4A159059C0D82E6EEF4FF34840,CLOSR:BSCLS:C145326,BS CLOSURE,IPL,,LACC_APLOWED_C,WAWTSK,,WAWTSK01,SASKTEL,,,100049,,,,,,IHMED1,2016-11-17T08:53:34
Structure1_WGS84/7061,0101000000D81399C372285AC0F055D110AF374940,CLOSR:BSCLS:C184495,BS CLOSURE,ABD,,LACC_ATRENCH_C,REGNSK,,REGNSK03,SASKTEL,,,100049,,,,,,,
Structure1_WGS84/7062,010100000070164F6D6B285AC010555411AF374940,CLOSR:BSCLS:C184496,BS CLOSURE,ABD,,LACC_ATRENCH_C,REGNSK,,REGNSK03,SASKTEL,,,100049,,,,,,,
Structure1_WGS84/7090,0101000000046E3A88116359C040102368B2314940,CLOSR:BSCLS:C148429,BS CLOSURE,IPL,,LACC_APLOWED_C,RCVLSK,,RCVLSK01,SASKTEL,,,100049,,,,,,IHMED1,2016-11-17T09:55:31
Structure1_WGS84/7216,0101000000CC2B0916A8265AC0E8AC8F544D384940,CLOSR:BSCLS:C173478,BS CLOSURE,IPL,,LACC_ATRENCH_C,REGNSK,,REGNSK01,SASKTEL,,,100049,,,,,,,
Structure1_WGS84/7290,0101000000E0F617B6F0E15AC018F60DE983024940,CLOSR:BSCLS:C503699,BS CLOSURE,IPL,,LACC_APLOWED_C,NEVLSK,,NEVLSK01,SASKTEL,,,100049,,,,,,IHMED1,2016-11-14T09:44:17
Structure1_WGS84/7293,01010000001CA4171D1F265AC0B0B5D09800394940,CLOSR:BSCLS:C172904,BS CLOSURE,IPL,,LACC_APLOWED_C,REGNSK,,REGNSK01,SASKTEL,,,100049,,,,,,,
Structure1_WGS84/7434,0101000000F8BC7CC7DD295AC0B0161EEF663E4940,CLOSR:BSCLS:C225557,BS CLOSURE,IPL,,LACC_ATRENCH_C,REGNSK,,REGNSK04,SASKTEL,,,100049,,,,,,,
Structure1_WGS84/7501,0101000000BC149FB4D07059C060A7D1B1B1194940,CLOSR:BSCLS:C169607,BS CLOSURE,IPL,,LACC_APLOWED_C,MSMNSK,,MSMNSK01,SASKTEL,,,100049,,,,,,IHMED1,2016-11-17T09:22:20
Structure1_WGS84/7513,010100000050D3361762285AC0D0A5FE3571424940,CLOSR:BSCLS:C206080,BS CLOSURE,IPL,,LACC_ATRENCH_C,REGNSK,,REGNSK04,SASKTEL,,,100049,,,,,,,
Structure1_WGS84/7639,01010000005830D039086B59C0D8643BE9C1544940,CLOSR:BSCLS:C81945,BS CLOSURE,ABD,,LACC_APLOWED_C,SYHLSK,,SYHLSK02,SASKTEL,,,100049,,,,,,IHMED1,2016-11-17T12:48:29
Structure1_WGS84/7654,01010000007CBF3D74063F5BC0F81D02355F054940,CLOSR:BSCLS:C527640,BS CLOSURE,IPL,,LACC_APLOWED_F,TPKNSK,,TPKNSK01,SASKTEL,,,100049,,,,,,IHMED1,2016-11-14T08:45:34
Structure1_WGS84/7683,010100000080968028305C5AC060091B40ADA24940,CLOSR:BSCLS:C114131,BS CLOSURE,IPL,,LACC_APLOWED_C,IMPRSK,,IMPRSK02,SASKTEL,,,100049,,,,,,IHMED1,2016-11-22T15:49:24
Structure1_WGS84/7723,010100000050946CF160D35AC0A825D27A5BF54840,CLOSR:BSCLS:C497204,BS CLOSURE,IPL,,LACC_APLOWED_C,VNGRSK,,VNGRSK01,SASKTEL,,,100049,,,,,,,
Structure1_WGS84/7745,0101000000006A6469BD8859C018F8121654ED4840,CLOSR:BSCLS:C146533,BS CLOSURE,IPL,,LACC_APLOWED_C,WAWTSK,,WAWTSK01,SASKTEL,,,100049,,,,,,IHMED1,2016-11-17T08:53:29
Structure1_WGS84/7763,010100000010E211AFA7A359C0C8C6FCA99F294940,CLOSR:BSCLS::7313152,BS CLOSURE,IPL,,LACC_APLOWED_C,BRVWSK,,BRVWSK01,SASKTEL,2013,,100049,,971825,,,,IHMED1,2016-11-18T10:57:43
Structure1_WGS84/7790,01010000007C27DFCC05DD5AC088491200B3F74840,CLOSR:BSCLS:C500347,BS CLOSURE,IPL,,LACC_ATRENCH_C,VNGRSK,,VNGRSK01,SASKTEL,,,100049,,,,,,,
Structure1_WGS84/7872,0101000000245E307BE31F5AC0687495C867784940,CLOSR:BSCLS:C118231,BS CLOSURE,IPL,,LACC_ATRENCH_C,STHYSK,,STHYSK01,SASKTEL,,,100049,,,,,,IHMED1,2016-11-23T15:07:30
Structure1_WGS84/7894,0101000000783820C0C4F059C090B2CB781A6D4940,CLOSR:BSCLS:C130047,BS CLOSURE,IPL,,LACC_APLOWED_C,FTQPSK,,FTQPSK01,SASKTEL,,,100049,,,,,,IHMED1,2016-11-24T11:16:26
Structure1_WGS84/7895,010100000020F8E20265295AC0504BF887A8414940,CLOSR:BSCLS:C204055,BS CLOSURE,ABD,,LACC_APLOWED_C,REGNSK,,REGNSK04,SASKTEL,,,100049,,,,,,,
Structure1_WGS84/7916,0101000000C499E908A72D5AC0D8F8C77364444940,CLOSR:BSCLS:C225609,BS CLOSURE,ABD,,LACC_APLOWED_F,REGNSK,,REGNSK04,SASKTEL,,,100049,,,,,,,
Structure1_WGS84/7947,0101000000CCF44FC671BD5AC028D0AE4F741C4940,CLOSR:BSCLS:C507917,BS CLOSURE,IPL,,LACC_APLOWED_C,HDVLSK,,HDVLSK01,SASKTEL,,,100049,,,,,,,
Structure1_WGS84/7986,0101000000D0928C7185285AC0680BBC8B1E354940,CLOSR:BSCLS:C323776,BS CLOSURE,IPL,,LACC_APLOWED_C,REGNSK,,REGNSK03,SASKTEL,2012,,100049,,963139,,,,,
Structure1_WGS84/7994,0101000000284BCA9672275AC0A862C8F6093E4940,CLOSR:BSCLS:C202466,BS CLOSURE,IPL,,LACC_ATRENCH_C,REGNSK,,REGNSK04,SASKTEL,,,100049,,,,,,,
Structure1_WGS84/8041,010100000090EA1CB2AA115AC0703E4A99523D4940,CLOSR:BSCLS::8904170,BS CLOSURE,ABD,,LACC_APLOWED_C,BLGNSK,,BLGNSK01,SASKTEL,1977,,100049,,,,,,WILLJ2,2016-12-07T15:05:38
Structure1_WGS84/8070,01010000000089259900285AC0282310170F434940,CLOSR:BSCLS:C197693,BS CLOSURE,IPL,,LACC_ATRENCH_C,REGNSK,,REGNSK04,SASKTEL,,,100049,,,,,,,
Structure1_WGS84/8082,010100000034C5BBDACC7C5AC0001CF070B0964940,CLOSR:BSCLS:C103567,BS CLOSURE,IPL,,LACC_APLOWED_F,DVSNSK,,DVSNSK03,SASKTEL,,,100049,,,,,,IHMED1,2016-11-22T15:33:23
Structure1_WGS84/8098,0101000000A42A1C2AAE8859C0909F5D903DED4840,CLOSR:BSCLS:C146537,BS CLOSURE,IPL,,LACC_APLOWED_C,WAWTSK,,WAWTSK01,SASKTEL,,,100049,,,,,,IHMED1,2016-11-17T08:53:31
Structure1_WGS84/8193,0101000000E8F94E570D6B59C068F9127BBF544940,CLOSR:BSCLS:C83205,BS CLOSURE,IPL,,LACC_APLOWED_C,SYHLSK,,SYHLSK02,SASKTEL,,,100049,,,,,,IHMED1,2016-11-17T12:48:28
Structure1_WGS84/8226,0101000000B4AEE757B2DF5AC0C86BF3A6F2E04840,CLOSR:BSCLS:C515379,BS CLOSURE,IPL,,LACC_APLOWED_F,PNTXSK,,PNTXSK01,SASKTEL,,,100049,,,,,,IHMED1,2016-11-14T10:41:33
Structure1_WGS84/8344,01010000009C393A9A42F659C06840698783434940,CLOSR:BSCLS:C139750,BS CLOSURE,IPL,,LACC_APLOWED_C,QAPLSK,,QAPLSK01,SASKTEL,,,100049,R200 P6,,,,,IHMED1,2016-11-24T09:28:16
Structure1_WGS84/8368,0101000000C064051A873D5AC030779A2AEA884940,CLOSR:BSCLS:C153460,BS CLOSURE,ABD,,LACC_APLOWED_C,STBGSK,,STBGSK01,SASKTEL,,,100049,,,,,,IHMED1,2016-11-23T14:07:38
Structure1_WGS84/8373,0101000000D80F7D19BA3A5AC0E8D5C0F616654940,CLOSR:BSCLS:C155971,BS CLOSURE,IPL,,LACC_ATRENCH_C,RGBHSK,,RGBHSK01,SASKTEL,2011,,100049,,958560,,,,IHMED1,2016-11-22T13:49:12
Structure1_WGS84/8380,0101000000547A8C4354F159C028A5D339CD414940,CLOSR:BSCLS:C121637,BS CLOSURE,IPL,,LACC_APLOWED_C,INHDSK,,INHDSK01,SASKTEL,,,100049,,,,,,IHMED1,2016-11-24T13:35:59
Structure1_WGS84/8408,01010000001404844638C859C0A8EFEA2C65384940,CLOSR:BSCLS:C140608,BS CLOSURE,IPL,,LACC_APLOWED_F,GRNFSK,,GRNFSK01,SASKTEL,,,100049,,,,,,IHMED1,2016-11-18T13:02:48
Structure1_WGS84/8412,01010000005C5CAD8A45655BC0F8710A7E5D494940,CLOSR:BSCLS:C529214,BS CLOSURE,IPL,,LACC_APLOWED_C,FXVYSK,,FXVYSK01,SASKTEL,,,100049,,,,,,,
Structure1_WGS84/8418,0101000000F8E465A38C435AC0508E8CEC42544940,CLOSR:BSCLS:C128274,BS CLOSURE,ABD,,LACC_APLOWED_C,LMSDSK,,LMSDSK01,SASKTEL,,,100049,,,,,,IHMED1,2016-11-22T12:05:31
Structure1_WGS84/8483,010100000008CA796EDD115AC09055292EE8144940,CLOSR:BSCLS:C76378,BS CLOSURE,ABD,,LACC_APLOWED_C,RCTNSK,,RCTNSK01,SASKTEL,,,100049,,,,,,IHMED1,2016-11-22T09:11:10
Structure1_WGS84/8504,0101000000C012C399D5EE5AC0E09F84CCA7364940,CLOSR:BSCLS:C528840,BS CLOSURE,IPL,,LACC_APLOWED_C,SWCRSK,,SWCRSK02,SASKTEL,,,100049,,,,,,,
Structure1_WGS84/8522,0101000000443DEBEAB3705BC0F89348471EB44840,CLOSR:BSCLS:C507275,BS CLOSURE,ABD,,LACC_APLOWED_C,CNSLSK,,CNSLSK03,SASKTEL,,,100049,,,,,,IHMED1,2016-11-14T14:21:03
Structure1_WGS84/8548,010100000074C54CD50FBB59C080A361C1152F4940,CLOSR:BSCLS:C140109,BS CLOSURE,ABD,,LACC_APLOWED_C,GRNFSK,,GRNFSK01,SASKTEL,,,100049,,,,,,IHMED1,2016-11-18T13:03:00
Structure1_WGS84/8576,0101000000E0A673367E4C5AC020A4D56D295B4940,CLOSR:BSCLS:C102766,BS CLOSURE,IPL,,LACC_APLOWED_C,BTHNSK,,BTHNSK02,SASKTEL,,,100049,,,,,,IHMED1,2016-11-22T14:10:54
Structure1_WGS84/8631,010100000088BB2BCFC47A5AC038E1054E8C794940,CLOSR:BSCLS:C100188,BS CLOSURE,IPL,,LACC_APLOWED_C,CRAKSK,,CRAKSK01,SASKTEL,,,100049,,,,,,IHMED1,2016-11-22T14:37:29
Structure1_WGS84/8634,010100000034C74CB1492D5BC0483CE9AF9D4D4940,CLOSR:BSCLS:C517233,BS CLOSURE,IPL,,LACC_APLOWED_C,CABRSK,,CABRSK01,SASKTEL,,,100049,,,,,,,
Structure1_WGS84/8641,0101000000882FECC6613D5AC070EE2B53AF664940,CLOSR:BSCLS:C94044,BS CLOSURE,IPL,,LACC_APLOWED_C,RGBHSK,,RGBHSK01,SASKTEL,,,100049,,,,,,IHMED1,2016-11-22T13:48:03
Structure1_WGS84/8674,010100000088D1E761B0845AC090C46C18F1934940,CLOSR:BSCLS:C88005,BS CLOSURE,IPL,,LACC_APLOWED_C,DVSNSK,,DVSNSK03,SASKTEL,,,100049,,,,,,IHMED1,2016-11-22T15:33:27
Structure1_WGS84/8792,01010000002099B5E4166B59C0B82A9F3EB2164940,CLOSR:BSCLS:C150237,BS CLOSURE,IPL,,LACC_APLOWED_F,MSMNSK,,MSMNSK01,SASKTEL,,,100049,,,,,,IHMED1,2016-11-17T09:22:23
Structure1_WGS84/8806,0101000000F0F56330F2E259C040F8CF8EEC484940,CLOSR:BSCLS:C124910,BS CLOSURE,IPL,,LACC_APLOWED_C,INHDSK,,INHDSK01,SASKTEL,,,100049,,,,,,IHMED1,2016-11-24T13:36:11
Structure1_WGS84/8901,01010000000467BB051C285AC0406894A012394940,CLOSR:BSCLS:C257698,BS CLOSURE,IPL,,LACC_APLOWED_C,REGNSK,,REGNSK01,SASKTEL,,,100049,,,,,,,
Structure1_WGS84/8913,01010000005470D8B3909059C0201B6A49842B4940,CLOSR:BSCLS:C140980,BS CLOSURE,IPL,,LACC_APLOWED_C,WHWDSK,,WHWDSK01,SASKTEL,,,100049,,,,,,IHMED1,2016-11-18T09:32:02
Structure1_WGS84/8918,0101000000A0F05D731C6E59C01085788C011A4940,CLOSR:BSCLS:C170324,BS CLOSURE,IPL,,LACC_APLOWED_F,MSMNSK,,MSMNSK01,SASKTEL,,,100049,,,,,,IHMED1,2016-11-17T09:22:35
Structure1_WGS84/8941,0101000000E056379A20EC5AC0C8644DA6F6234940,CLOSR:BSCLS:C534628,BS CLOSURE,IPL,,LACC_APLOWED_C,SWCRSK,,SWCRSK02,SASKTEL,,,100049,,,,,,,
Structure1_WGS84/9000,0101000000B84DE01FD46859C0180C27368D314940,CLOSR:BSCLS:C154731,BS CLOSURE,IPL,,LACC_APLOWED_C,RCVLSK,,RCVLSK01,SASKTEL,,,100049,,,,,,IHMED1,2016-11-17T09:55:34
Structure1_WGS84/9023,01010000005CF0D4E9C19359C0F82DF8A934024940,CLOSR:BSCLS:C125333,BS CLOSURE,IPL,,LACC_APLOWED_C,KNDYSK,,KNDYSK01,SASKTEL,,,100049,,,,,,IHMED1,2016-11-17T14:58:30
Structure1_WGS84/9081,010100000040525D23762E5AC080D93FE71F024940,CLOSR:BSCLS:C81263,BS CLOSURE,IPL,,LACC_APLOWED_C,WLCXSK,,WLCXSK01,SASKTEL,,,100049,,,,,,IHMED1,2016-11-22T09:40:16
Structure1_WGS84/9126,010100000010B4D80CC1475BC0803956A3C36B4940,CLOSR:BSCLS:C515618,BS CLOSURE,IPL,,LACC_APLOWED_C,SCPTSK,,SCPTSK01,SASKTEL,,,100049,,,,,,,
Structure1_WGS84/9314,0101000000B47E83C198005AC01067104FD1174940,CLOSR:BSCLS:C71780,BS CLOSURE,IPL,,LACC_APLOWED_C,SDLYSK,,SDLYSK02,SASKTEL,,,100049,,,,,,IHMED1,2016-11-22T08:58:51
Structure1_WGS84/9327,0101000000541248A5D2565AC0409F365413704940,CLOSR:BSCLS:C77826,BS CLOSURE,IPL,,LACC_APLOWED_C,HLDFSK,,HLDFSK01,SASKTEL,,,100049,,,,,,IHMED1,2016-11-22T16:11:09
Structure1_WGS84/9366,010100000078437C88CF6759C0706C235C90314940,CLOSR:BSCLS:C154740,BS CLOSURE,IPL,,LACC_APLOWED_C,RCVLSK,,RCVLSK01,SASKTEL,,,100049,,,,,,IHMED1,2016-11-17T09:55:25
Structure1_WGS84/9382,01010000005849116A9D6A59C0707457418F314940,CLOSR:BSCLS:C167791,BS CLOSURE,IPL,,LACC_APLOWED_C,RCVLSK,,RCVLSK01,SASKTEL,,,100049,,,,,,IHMED1,2016-11-17T09:55:35
Structure1_WGS84/9415,01010000001C10D1B004D759C0086AD97674364940,CLOSR:BSCLS:C145961,BS CLOSURE,IPL,,LACC_APLOWED_C,WLSLSK,,WLSLSK01,SASKTEL,,,100049,,,,,,IHMED1,2016-11-18T14:49:55
Structure1_WGS84/9463,0101000000E4FDDD0D72035AC0A8FDB7AE32884940,CLOSR:BSCLS:C101542,BS CLOSURE,IPL,,LACC_APLOWED_C,DYSRSK,,DYSRSK01,SASKTEL,,,100049,,,,,,IHMED1,2016-11-24T08:25:03
Structure1_WGS84/9487,01010000008485D69A38305AC0A86CFF076EB14940,CLOSR:BSCLS:C94060,BS CLOSURE,IPL,,LACC_APLOWED_C,SMNSSK,,SMNSSK01,SASKTEL,,,100049,,,,,,IHMED1,2016-11-23T09:52:53
Structure1_WGS84/9514,01010000008C2621D5133F5AC0F0F87F0DBC364940,CLOSR:BSCLS:C160959,BS CLOSURE,IPL,,LACC_APLOWED_C,PENSSK,,PENSSK01,SASKTEL,,,100049,,,,,,IHMED1,2016-11-22T11:30:11
Structure1_WGS84/9515,0101000000B4FD2B2B2D285AC0D82AF9F9AB3A4940,CLOSR:BSCLS:C213749,BS CLOSURE,IPL,,LACC_APLOWED_C,REGNSK,,REGNSK01,SASKTEL,,NOT IN MARTENS DATA,100049,,,,,,,
Structure1_WGS84/9529,0101000000B07FB2EAD2005AC0C01A844CC1154940,CLOSR:BSCLS:C74581,BS CLOSURE,IPL,,LACC_APLOWED_C,SDLYSK,,SDLYSK02,SASKTEL,,,100049,,,,,,IHMED1,2016-11-22T08:58:50
Structure1_WGS84/9565,0101000000FC54C31BE5D259C088ADD67F996B4940,CLOSR:BSCLS:C148888,BS CLOSURE,IPL,,LACC_APLOWED_C,LMBGSK,,LMBGSK01,SASKTEL,,,100049,,,,,,IHMED1,2016-11-24T14:56:43
Structure1_WGS84/9579,010100000050B7F012355F5BC030069FEB5D3B4940,CLOSR:BSCLS:C532048,BS CLOSURE,IPL,,LACC_APLOWED_C,FXVYSK,,FXVYSK01,SASKTEL,,,100049,,,,,,,
Structure1_WGS84/9646,01010000000C7119282AEC5AC0607C442BFB234940,CLOSR:BSCLS:C534627,BS CLOSURE,IPL,,LACC_APLOWED_C,SWCRSK,,SWCRSK02,SASKTEL,,,100049,,,,,,,
Structure1_WGS84/9649,0101000000B424161778F759C020BBEEF41D204940,CLOSR:BSCLS:C105794,BS CLOSURE,ABD,,LACC_APLOWED_C,VBNKSK,,VBNKSK01,SASKTEL,,,100049,,,,,,IHMED1,2016-11-22T08:37:11
Structure1_WGS84/9677,0101000000CC52B7555E335BC0085C0139EC1A4940,CLOSR:BSCLS:C529839,BS CLOSURE,IPL,,LACC_APLOWED_C,TPKNSK,,TPKNSK01,SASKTEL,,,100049,,,,,,IHMED1,2016-11-14T08:45:35
Structure1_WGS84/9710,0101000000F8E493DBB75C5AC0009CDFE97B524940,CLOSR:BSCLS::6460971,BS CLOSURE,IPL,,LACC_APLOWED_C,BTHNSK,,BTHNSK02,SASKTEL,2013,,100049,R425 P3C,962626,,,,IHMED1,2016-11-22T14:02:52
Structure1_WGS84/9745,010100000040E020D833355BC0006FA8EF67C14840,CLOSR:BSCLS:C526400,BS CLOSURE,IPL,,LACC_APLOWED_C,ESNDSK,,ESNDSK01,SASKTEL,,,100049,,,,,,IHMED1,2016-11-14T13:35:17
Structure1_WGS84/9855,01010000004C20A53FFF9159C05810D591AC2A4940,CLOSR:BSCLS::8708015,BS CLOSURE,IPL,,LACC_APLOWED_C,WHWDSK,,WHWDSK01,SASKTEL,2015,,100049,,980607,,,,IHMED1,2016-11-18T09:31:58
Structure1_WGS84/9931,010100000060C817D8965C5AC08076E43BBD914940,CLOSR:BSCLS:C83566,BS CLOSURE,IPL,,LACC_APLOWED_C,LBRTSK,,LBRTSK02,SASKTEL,,,100049,,,,,,IHMED1,2016-11-22T15:58:41
Structure1_WGS84/9952,0101000000D8BC55FDC86C59C050CE189F2F154940,CLOSR:BSCLS:C168473,BS CLOSURE,ABD,,LACC_APLOWED_C,MSMNSK,,MSMNSK01,SASKTEL,,,100049,,,,,,IHMED1,2016-11-17T09:22:17
Structure1_WGS84/9990,01010000006851509EFAF559C07027B1DB0F894940,CLOSR:BSCLS:C152885,BS CLOSURE,IPL,,LACC_APLOWED_C,LPTNSK,,LPTNSK01,SASKTEL,,,100049,,,,,,IHMED1,2016-11-24T13:07:26
Structure1_WGS84/10047,010100000048613B9E4A7359C0909CBDE7CB134940,CLOSR:BSCLS:C143972,BS CLOSURE,IPL,,LACC_APLOWED_C,MSMNSK,,MSMNSK01,SASKTEL,,,100049,,,,,,IHMED1,2016-11-17T09:22:39
Structure1_WGS84/10179,0101000000AC7B5B4B496E59C0D8E04F8A5F174940,CLOSR:BSCLS:C148833,BS CLOSURE,IPL,,LACC_APLOWED_C,MSMNSK,,MSMNSK01,SASKTEL,,,100049,,,,,,IHMED1,2016-11-17T09:22:56
Structure1_WGS84/10254,01010000004CB5FC117D435AC0586AA3F800024940,CLOSR:BSCLS:C73276,BS CLOSURE,IPL,,LACC_ATRENCH_C,AVNLSK,,AVNLSK01,SASKTEL,,,100049,,,,,,IHMED1,2016-11-22T09:51:37
Structure1_WGS84/10255,01010000004C0556BA8D3A5AC048B722274F824940,CLOSR:BSCLS:C109611,BS CLOSURE,ABD,,LACC_APLOWED_F,STBGSK,,STBGSK01,SASKTEL,,,100049,,,,,,IHMED1,2016-11-23T14:07:37
Structure1_WGS84/10399,010100000044341CF70F265AC0583DFF613E384940,CLOSR:BSCLS:C177267,BS CLOSURE,ABD,,LACC_ATRENCH_C,REGNSK,,REGNSK01,SASKTEL,,,100049,,,,,,,
Structure1_WGS84/10402,0101000000C8B70E73E15D5BC0D87E47CE2EF54840,CLOSR:BSCLS:C545695,BS CLOSURE,IPL,,LACC_APLOWED_C,MPCKSK,,MPCKSK01,SASKTEL,,,100049,,,,,,,
Structure1_WGS84/10403,0101000000106E941D445F5BC0684E6A447DF14840,CLOSR:BSCLS:C572566,BS CLOSURE,IPL,,LACC_APLOWED_C,MPCKSK,,MPCKSK01,SASKTEL,,,100049,,,,,,,
Structure1_WGS84/10501,01010000005C65B428285F5BC0E886499F33E94840,CLOSR:BSCLS:C517435,BS CLOSURE,IPL,,LACC_APLOWED_C,MPCKSK,,MPCKSK01,SASKTEL,,,100049,,,,,,,
Structure1_WGS84/10502,010100000068AF751155575BC060B32E6B6BF34840,CLOSR:BSCLS:C519018,BS CLOSURE,IPL,,LACC_APLOWED_C,MPCKSK,,MPCKSK01,SASKTEL,,,100049,,,,,,,
Structure1_WGS84/10528,0101000000101495C655265AC088707568E7374940,CLOSR:BSCLS:C244787,BS CLOSURE,IPL,,LACC_APLOWED_C,REGNSK,,REGNSK01,SASKTEL,,,100049,,,,,,,
Structure1_WGS84/10532,0101000000A4035C071C285AC0986DC36F1D394940,CLOSR:BSCLS:C257702,BS CLOSURE,IPL,,LACC_ATRENCH_C,REGNSK,,REGNSK01,SASKTEL,,,100049,,,,,,,
Structure1_WGS84/10539,0101000000ECF768CADE265AC088F690E1123D4940,CLOSR:BSCLS:C221136,BS CLOSURE,IPL,,LACC_ATRENCH_C,REGNSK,,REGNSK04,SASKTEL,,,100049,,,,,,,
Structure1_WGS84/10573,01010000004C947AD266285AC0F8E0D257AE374940,CLOSR:BSCLS:C180071,BS CLOSURE,ABD,,LACC_APLOWED_C,REGNSK,,REGNSK03,SASKTEL,,,100049,,,,,,,
Structure1_WGS84/10624,010100000020461BBC19265AC068438CB1353A4940,CLOSR:BSCLS:C173406,BS CLOSURE,IPL,,LACC_ATRENCH_C,REGNSK,,REGNSK01,SASKTEL,,,100049,,,,,,,
Structure1_WGS84/10734,01010000001C7FE6CF5E265AC010B0D623A9344940,CLOSR:BSCLS:C212926,BS CLOSURE,IPL,,LACC_ATRENCH_C,REGNSK,,REGNSK03,SASKTEL,,,100049,,,,,,,
Structure1_WGS84/10750,0101000000AC7D5C7683265AC0B053DD77DA3B4940,CLOSR:BSCLS:C194454,BS CLOSURE,IPL,,LACC_APLOWED_C,REGNSK,,REGNSK01,SASKTEL,,,100049,,,,,,,
Structure1_WGS84/10790,010100000068837142712D5AC0D0E163154E3A4940,CLOSR:BSCLS:C187913,BS CLOSURE,IPL,,LACC_APLOWED_C,REGNSK,,REGNSK01,SASKTEL,,,100049,,,,,,,
Structure1_WGS84/10865,0101000000A01FB5A5482B5AC098DA21845B3C4940,CLOSR:BSCLS:C207497,BS CLOSURE,IPL,,LACC_ATRENCH_C,REGNSK,,REGNSK04,SASKTEL,,,100049,,,,,,,
Structure1_WGS84/10913,0101000000340C1A58796659C070304E9592314940,CLOSR:BSCLS:C154759,BS CLOSURE,IPL,,LACC_APLOWED_C,RCVLSK,,RCVLSK01,SASKTEL,,,100049,,,,,,IHMED1,2016-11-17T09:55:24
Structure1_WGS84/10918,010100000064D18A5B64F25AC01003CC0539244940,CLOSR:BSCLS:C534853,BS CLOSURE,IPL,,LACC_APLOWED_C,SWCRSK,,SWCRSK02,SASKTEL,,,100049,,,,,,,
Structure1_WGS84/10937,0101000000289F732408305AC038B182AA94B14940,CLOSR:BSCLS:C94051,BS CLOSURE,IPL,,LACC_APLOWED_C,SMNSSK,,SMNSSK01,SASKTEL,,,100049,,,,,,IHMED1,2016-11-23T09:52:58
Structure1_WGS84/10944,0101000000C87478A05F525AC070BF678434514940,CLOSR:BSCLS::7769435,BS CLOSURE,IPL,,LACC_APLOWED_C,BTHNSK,,BTHNSK02,SASKTEL,2014,,100049,,974959,,,,IHMED1,2016-11-22T14:10:37
Structure1_WGS84/11033,01010000009C3CF4295C7759C09033B4712C454940,CLOSR:BSCLS::8091680,BS CLOSURE,IPL,,LACC_APLOWED_C,TNTLSK,,TNTLSK01,SASKTEL,2014,,100049,,976826,,,,IHMED1,2016-11-17T13:30:25
Structure1_WGS84/11113,010100000038889B28E9F45AC0A0E448B36E244940,CLOSR:BSCLS:C547916,BS CLOSURE,IPL,,LACC_APLOWED_C,SWCRSK,,SWCRSK02,SASKTEL,,,100049,,,,,,,
Structure1_WGS84/11151,010100000014DDBC69E1245BC0F0B12D038E0D4940,CLOSR:BSCLS:C571527,BS CLOSURE,IPL,,LACC_APLOWED_F,GLLKSK,,GLLKSK01,SASKTEL,,34.5M CL,100049,,,,,,IHMED1,2016-11-14T09:01:13
Structure1_WGS84/11170,0101000000489907C2EB745BC030DFC675F23D4940,CLOSR:BSCLS:C532547,BS CLOSURE,IPL,,LACC_APLOWED_C,RCHMSK,,RCHMSK01,SASKTEL,,,100049,,,,,,,
Structure1_WGS84/11237,0101000000DC827112F86959C0E845F81449124940,CLOSR:BSCLS:C143812,BS CLOSURE,IPL,,LACC_ATRENCH_C,MSMNSK,,MSMNSK01,SASKTEL,,,100049,,,,,,IHMED1,2016-11-17T09:22:56
Structure1_WGS84/11291,0101000000B412737696115BC0203201069C444940,CLOSR:BSCLS:C545538,BS CLOSURE,IPL,,LACC_APLOWED_C,PNNTSK,,PNNTSK01,SASKTEL,,,100049,,,,,,,
Structure1_WGS84/11375,0101000000DC95C25B5E245BC0301D10E1523A4940,CLOSR:BSCLS:C571428,BS CLOSURE,IPL,,LACC_APLOWED_F,HZLTSK,,HZLTSK01,SASKTEL,,,100049,,,,,,,
Structure1_WGS84/11381,01010000006C275B6E7A0B5AC078EB6C9DBF3F4940,CLOSR:BSCLS:C113663,BS CLOSURE,IPL,,LACC_APLOWED_C,BLGNSK,,BLGNSK01,SASKTEL,,,100049,,,,,,IHMED1,2016-11-24T08:52:01
Structure1_WGS84/11396,0101000000EC48F99FD56B59C0D0DA8DDB3B244940,CLOSR:BSCLS:C147262,BS CLOSURE,IPL,,LACC_APLOWED_F,MSMNSK,,MSMNSK01,SASKTEL,,,100049,,,,,,IHMED1,2016-11-17T09:22:15
Structure1_WGS84/11424,0101000000B46DEACC159059C0887A758650F34840,CLOSR:BSCLS:C145161,BS CLOSURE,IPL,,LACC_APLOWED_C,WAWTSK,,WAWTSK01,SASKTEL,,,100049,,,,,,IHMED1,2016-11-17T08:53:15
Structure1_WGS84/11442,01010000008414757922715AC0B8DA66A48AA24940,CLOSR:BSCLS:C90955,BS CLOSURE,IPL,,LACC_APLOWED_C,DVSNSK,,DVSNSK03,SASKTEL,,,100049,,,,,,IHMED1,2016-11-22T15:33:25
Structure1_WGS84/11507,010100000080FFE0552C7659C080CD2048A2454940,CLOSR:BSCLS:C151724,BS CLOSURE,ABD,,LACC_APLOWED_C,TNTLSK,,TNTLSK01,SASKTEL,,,100049,,,,,,IHMED1,2016-11-17T13:30:15
Structure1_WGS84/11576,010100000030F1500CF77659C0C88767E3AA0D4940,CLOSR:BSCLS::9171393,BS CLOSURE,IPL,,LACC_APLOWED_C,MSMNSK,,MSMNSK01,SASKTEL,,,100049,,982445,,,,IHMED1,2016-11-17T09:22:36
Structure1_WGS84/11611,0101000000EC3D2780CC7C5AC0D076BC9EAF964940,CLOSR:BSCLS:C103564,BS CLOSURE,IPL,,LACC_APLOWED_F,DVSNSK,,DVSNSK03,SASKTEL,,,100049,,,,,,IHMED1,2016-11-22T15:33:46
Structure1_WGS84/11649,0101000000F8969C87911D5AC0C8AD697B07784940,CLOSR:BSCLS:C133702,BS CLOSURE,IPL,,LACC_APLOWED_C,STHYSK,,STHYSK01,SASKTEL,,,100049,,,,,,IHMED1,2016-11-23T15:07:37
Structure1_WGS84/11667,010100000040DFD6108ECF59C000999BB160384940,CLOSR:BSCLS:C145704,BS CLOSURE,IPL,,LACC_APLOWED_F,WLSLSK,,WLSLSK01,SASKTEL,,GP 2E-05,100049,,,,,,IHMED1,2016-11-18T14:49:43
Structure1_WGS84/11732,01010000001CA3D40F5E3D5AC0F8929C9F249B4940,CLOSR:BSCLS:C150266,BS CLOSURE,IPL,,LACC_APLOWED_C,GOVNSK,,GOVNSK01,SASKTEL,,,100049,,,,,,IHMED1,2016-11-23T09:31:19
Structure1_WGS84/11742,010100000040EB7CA09EF559C0A8D008EF58464940,CLOSR:BSCLS:C140916,BS CLOSURE,IPL,,LACC_APLOWED_C,QAPLSK,,QAPLSK01,SASKTEL,,,100049,,,,,,IHMED1,2016-11-24T09:37:30
Structure1_WGS84/11762,0101000000C42561BB08255BC030AE7D4319DD4840,CLOSR:BSCLS:C509087,BS CLOSURE,IPL,,LACC_APLOWED_C,SHNVSK,,SHNVSK01,SASKTEL,,,100049,,,,,,IHMED1,2016-11-14T11:21:21
Structure1_WGS84/11780,0101000000F04536E86FC259C030E36A5A652B4940,CLOSR:BSCLS:C135871,BS CLOSURE,IPL,,LACC_APLOWED_C,GRNFSK,,GRNFSK01,SASKTEL,,,100049,,,,,,IHMED1,2016-11-18T13:02:30
Structure1_WGS84/11790,0101000000FCEBFFC3CDEC5AC0F89A81AB6B024940,CLOSR:BSCLS:C571371,BS CLOSURE,IPL,,LACC_APLOWED_C,NEVLSK,,NEVLSK01,SASKTEL,,,100049,,,,,,IHMED1,2016-11-14T09:44:18
Structure1_WGS84/11791,01010000002484DC7F437C59C0C874B9DFA6F14840,CLOSR:BSCLS:C147894,BS CLOSURE,ABD,,LACC_APLOWED_C,WAWTSK,,WAWTSK01,SASKTEL,,,100049,,,,,,IHMED1,2016-11-17T08:53:27
Structure1_WGS84/11798,01010000002C96661648575BC088223085F0A64840,CLOSR:BSCLS:C509740,BS CLOSURE,IPL,,LACC_APLOWED_C,CNSLSK,,CNSLSK03,SASKTEL,,,100049,,,,,,IHMED1,2016-11-14T14:20:56
Structure1_WGS84/11809,010100000014B89F0008865AC020446EFD29AA4940,CLOSR:BSCLS:C95487,BS CLOSURE,IPL,,LACC_APLOWED_F,DVSNSK,,DVSNSK03,SASKTEL,,,100049,,,,,,IHMED1,2016-11-22T15:33:43
Structure1_WGS84/11836,0101000000E8353B273DC959C0404DA2D5FE144940,CLOSR:BSCLS:C128609,BS CLOSURE,IPL,,LACC_APLOWED_C,GLNVSK,,GLNVSK01,SASKTEL,,,100049,,,,,,IHMED1,2016-11-18T13:33:58
Structure1_WGS84/11849,0101000000E48BE3DE41435AC068C94148D7FA4840,CLOSR:BSCLS:C74540,BS CLOSURE,IPL,,LACC_APLOWED_C,AVNLSK,,AVNLSK01,SASKTEL,,,100049,,,,,,IHMED1,2016-11-22T09:51:39
Structure1_WGS84/11871,01010000007C1330D8B2C95AC068741700612F4940,CLOSR:BSCLS:C507663,BS CLOSURE,IPL,,LACC_APLOWED_C,HRBRSK,,HRBRSK01,SASKTEL,,,100049,,,,,,,
Structure1_WGS84/12001,0101000000D02A7C7BECD159C07868C84D946B4940,CLOSR:BSCLS:C148909,BS CLOSURE,IPL,,LACC_APLOWED_F,LMBGSK,,LMBGSK01,SASKTEL,,,100049,,,,,,IHMED1,2016-11-24T14:56:55
Structure1_WGS84/12072,0101000000F8DC4D131D495BC0680C861C166D4940,CLOSR:BSCLS:C515057,BS CLOSURE,IPL,,LACC_APLOWED_C,SCPTSK,,SCPTSK01,SASKTEL,,,100049,,,,,,GANDN1,2018-04-17T22:52:51
Structure1_WGS84/12124,010100000094A802E10F675AC03061D224E0644940,CLOSR:BSCLS:C144583,BS CLOSURE,ABD,,LACC_APLOWED_C,BTHNSK,,CHBLSK01,SASKTEL,,,100049,,,,,,HUNTG1,2025-02-03T15:30:49
Structure1_WGS84/12137,0101000000845669835A265AC09815B561783A4940,CLOSR:BSCLS:C216517,BS CLOSURE,IPL,,LACC_ATRENCH_C,REGNSK,,REGNSK01,SASKTEL,,NOT IN MARTENS,100049,,,,,,BOHLC2,2017-01-18T09:13:49
Structure1_WGS84/12185,01010000001C27D5094B345AC0E069E25212374940,CLOSR:BSCLS:C192293,BS CLOSURE,IPL,,LACC_ATRENCH_C,REGNSK,,GDCLSK03,SASKTEL,,,100049,,,,,,CHENR1,2022-02-02T06:17:48
Structure1_WGS84/12355,0101000000DC1BC939BFD759C0C09F9462EA144940,CLOSR:BSCLS::12678306,BS CLOSURE,IPL,,LACC_APLOWED_C,MTMRSK,,MTMRSK02,SASKTEL,2018,,100049,,,,PITTM1,2023-03-14T22:00:37,THUND1,2023-11-13T23:49:40
Structure1_WGS84/12416,0101000000BC6D7609A62D5AC0B02A762C9D134940,CLOSR:BSCLS::12890779,BS CLOSURE,IPL,,LACC_APLOWED_C,WLCXSK,,WLCXSK01,SASKTEL,2023,,100049,,821787,,MCCAT1,2023-07-26T13:49:12,KATAS1,2024-05-20T04:55:40
Structure1_WGS84/12422,0101000000A4B0D931B8455AC04837E467AF714940,CLOSR:BSCLS::12931083,BS CLOSURE,IPL,,LACC_ATRENCH_C,RGBHSK,,SRBHSK01,SASKTEL,2023,,100049,,821495,,MALLM1,2023-08-18T16:35:32,BINGA1,2024-05-20T05:30:09
Structure1_WGS84/12523,01010000005083D6B4ECDC5AC0A090B10875D74840,CLOSR:BSCLS:C502479,BS CLOSURE,IPL,,LACC_APLOWED_C,PNTXSK,,PNTXSK01,SASKTEL,,,100049,R311 P5A,,,,,DEEKA1,2018-10-08T21:55:26
Structure1_WGS84/12524,010100000018677A59B8DF5AC0288359C497D64840,CLOSR:BSCLS:C570546,BS CLOSURE,IPL,,LACC_APLOWED_C,PNTXSK,,PNTXSK01,SASKTEL,,,100049,,,,,,KATRR1,2019-04-10T01:46:24
Structure1_WGS84/12610,0101000000F4562E98BBE959C08060DBD044444940,CLOSR:BSCLS:C114534,BS CLOSURE,ABD,,LACC_APLOWED_C,INHDSK,,INHDSK01,SASKTEL,,NO AP IN MARTENS,100049,,,,,,HUNTG1,2025-03-04T11:10:57
Structure1_WGS84/12612,01010000000C290648B4E959C018A3C35042444940,CLOSR:BSCLS:C114546,BS CLOSURE,ABD,,LACC_APLOWED_C,INHDSK,,INHDSK01,SASKTEL,,NO AP IN MARTENS,100049,,,,,,HUNTG1,2025-03-04T11:10:57
Structure1_WGS84/12623,01010000002889335958235AC038C7759DD7384940,CLOSR:BSCLS::9783884,BS CLOSURE,IPL,,LACC_ATRENCH_C,REGNSK,,REGNSK45,SASKTEL,2017,,100049,,801112,,WILLJ2,2017-12-19T09:21:37,WILLJ2,2017-12-19T09:25:39
Structure1_WGS84/12714,01010000005CC7F48EF7F45AC0682B454B8E244940,CLOSR:BSCLS:C573791,BS CLOSURE,IPL,,LACC_ATRENCH_C,SWCRSK,,SWCRSK02,SASKTEL,2013,,100049,,966006,,,,THUND1,2025-02-24T06:19:50
Structure1_WGS84/12760,0101000000A0FF31E979C35AC08086454CD60B4940,CLOSR:BSCLS:C501808,BS CLOSURE,IPL,,LACC_APLOWED_C,HDVLSK,,HDVLSK01,SASKTEL,,,100049,,,,,,ADELL2,2019-03-05T00:35:53
Structure1_WGS84/12771,01010000005CC60DF22CF65AC03882461614284940,CLOSR:BSCLS:C573833,BS CLOSURE,IPL,,LACC_APLOWED_C,SWCRSK,,SWCRSK02,SASKTEL,2011,,100049,,958553,,,,THUND1,2025-02-24T06:19:56
Structure1_WGS84/12799,010100000078C61ED7AFDC5AC0F0426E51A9324940,LOSR:BSCLS::10047627,BS CLOSURE,IPL,,LACC_APLOWED_C,SWCRSK,,WLDCSK02,SASKTEL,2018,,100049,,804973,,QUANM1,2018-07-16T11:05:30,THUND1,2025-02-24T06:19:45
Structure1_WGS84/12862,0101000000A005454C39145AC028572003044B4940,CLOSR:BSCLS:C162294,BS CLOSURE,PDR,BLGN826665-0000,LACC_APLOWED_F,BLGNSK,,BLGNSK01,SASKTEL,,,100049,,,,,,SRANS3,2025-03-31T13:04:41
Structure1_WGS84/12969,0101000000F0D31B621A055BC078066E93003B4940,CLOSR:BSCLS::12497818,BS CLOSURE,IPL,,LACC_ATRENCH_C,SWCRSK,,SCCSSK02,SASKTEL,2023,,100049,,819491,,HUNTG1,2022-11-29T15:40:44,THUND1,2025-02-24T06:19:55
Structure1_WGS84/13003,010100000018F290A89EDC5AC018CD53559C324940,LOSR:BSCLS::10047570,BS CLOSURE,IPL,,LACC_APLOWED_C,SWCRSK,,WLDCSK02,SASKTEL,2018,,100049,,804973,,QUANM1,2018-07-16T09:23:32,THUND1,2025-02-24T06:19:48
Structure1_WGS84/13113,01010000006C68DC31FB185AC0B0132DFF35384940,CLOSR:BSCLS:C167245,BS CLOSURE,IPL,,LACC_ATRENCH_C,REGNSK,,WHCYSK01,SASKTEL,,,100049,,,,,,CHENR1,2022-04-27T06:55:45
Structure1_WGS84/13115,010100000084D5C2A61A295AC0A0D530B377344940,CLOSR:BSCLS:C181453,BS CLOSURE,IPL,,LACC_ATRENCH_C,REGNSK,,REGNSK03,SASKTEL,,,100049,,,,,,VUDUP1,2019-01-22T08:03:03
Structure1_WGS84/13154,01010000001443954145245BC030E06CAD8EAC4840,CLOSR:BSCLS::12671567,BS CLOSURE,IPL,,LACC_APLOWED_C,FRNTSK,,FRNTSK01,SASKTEL,,,100049,,,,BINGA1,2023-03-14T03:18:28,RAVAG1,2023-11-13T23:30:34
Structure1_WGS84/13155,0101000000643C127B1D245BC020CB8C688FAC4840,CLOSR:BSCLS::12671568,BS CLOSURE,IPL,,LACC_APLOWED_C,FRNTSK,,FRNTSK01,SASKTEL,,,100049,,,,BINGA1,2023-03-14T03:19:49,RAVAG1,2023-11-13T23:32:12
Structure1_WGS84/13192,0101000000BC292BD43A205AC010E1DD39B04D4940,CLOSR:BSCLS:C204183,BS CLOSURE,IPL,,LACC_APLOWED_C,REGNSK,,REGNSK04,SASKTEL,,,100049,,,,,,PONNL1,2020-03-16T01:09:20
Structure1_WGS84/13193,0101000000AC47BDB43C255AC0008448F3784C4940,CLOSR:BSCLS:C204253,BS CLOSURE,IPL,,LACC_APLOWED_C,REGNSK,,REGNSK04,SASKTEL,,,100049,,,,,,PONNL1,2020-03-16T01:31:31
Structure1_WGS84/13229,01010000003CD1084539EE59C0F0FC4BBA7C644940,CLOSR:BSCLS:C165721,BS CLOSURE,IPL,,LACC_APLOWED_C,FTQPSK,,FTQPSK01,SASKTEL,1996,,100049,R3300 BS_C-03,904101,,,,MCQUK1,2025-02-03T10:12:47
Structure1_WGS84/13314,0101000000B8FAB60278F35AC0D0F5AC2717224940,CLOSR:BSCLS:C550405,BS CLOSURE,IPL,,LACC_ATRENCH_C,SWCRSK,,SWCRSK02,SASKTEL,,,100049,,,,,,SAKAM1,2025-02-17T11:28:21
Structure1_WGS84/13349,01010000007C5BDDD5DE1D5BC0D8ACEE56ABC64840,CLOSR:BSCLS::13051419,BS CLOSURE,IPL,,LACC_ATRENCH_C,SHNVSK,,SHNVSK03,SASKTEL,2023,,100049,,822619,,HUNTG1,2023-10-31T13:47:32,HUNTG1,2024-08-30T09:28:04
Structure1_WGS84/13510,01010000009CEB680D9F235AC058796EB3CE3C4940,CLOSR:BSCLS:C202483,BS CLOSURE,IPL,,LACC_APLOWED_C,REGNSK,,REGNSK46,SASKTEL,,,100049,,,,,,THUND1,2025-03-10T22:23:13
Structure1_WGS84/13594,01010000007C1022490B2C5AC0582A943130344940,CLOSR:BSCLS::12678928,BS CLOSURE,IPL,,LACC_APLOWED_C,REGNSK,,REGNSK03,SASKTEL,,,100049,R412 LP8,,,PITTM1,2023-03-14T23:13:50,YADAG1,2025-03-03T06:55:22
Structure1_WGS84/13629,010100000024DCDD63263F5AC028EA9601CD914940,CLOSR:BSCLS:C116473,BS CLOSURE,ABD,,LACC_APLOWED_F,STBGSK,,STBGSK01,SASKTEL,,,100049,,,,,,BALLB1,2019-04-12T01:27:25
Structure1_WGS84/13632,0101000000DC7E0A917D3F5AC0C0FCA14860974940,CLOSR:BSCLS:C107506,BS CLOSURE,ABD,,LACC_APLOWED_C,STBGSK,,STBGSK01,SASKTEL,,,100049,,,,,,BALLB1,2019-04-12T01:21:01
Structure1_WGS84/13637,010100000080648A04F6335AC02041EB604B374940,LOSR:BSCLS::10326938,BS CLOSURE,IPL,,LACC_ATRENCH_C,REGNSK,,GDCLSK03,SASKTEL,2019,,100049,,,,GORRS2,2019-02-07T06:03:27,GORRS2,2019-02-07T07:48:57
Structure1_WGS84/13745,0101000000D4A70AB069025AC0E09071F286754940,CLOSR:BSCLS::8454892,BS CLOSURE,IPL,,LACC_APLOWED_C,DYSRSK,,DYSRSK01,SASKTEL,2015,,100049,,980512,,,,KAURR2,2017-09-08T14:28:03
Structure1_WGS84/13785,0101000000E8ED9A5353275AC098111A3895394940,CLOSR:BSCLS:C283681,BS CLOSURE,IPL,,LACC_ATRENCH_C,REGNSK,,REGNSK01,SASKTEL,,,100049,,,,,,MALLM1,2024-04-03T16:13:53
Structure1_WGS84/13860,0101000000B4A951ADFD295AC0301DD57E653D4940,CLOSR:BSCLS:C232928,BS CLOSURE,IPL,,LACC_APLOWED_C,REGNSK,,REGNSK04,SASKTEL,,,100049,,,,,,GORRS2,2019-01-25T07:24:03
Structure1_WGS84/13950,0101000000D49F461F282E5AC070CAA03D4B3A4940,CLOSR:BSCLS:C188091,BS CLOSURE,ABD,,LACC_APLOWED_C,REGNSK,,REGNSK01,SASKTEL,,,100049,,,,,,BOHLC2,2017-06-15T13:52:45
Structure1_WGS84/13983,0101000000786C2EABAE3A5AC0401A0731EC184940,CLOSR:BSCLS::9241164,BS CLOSURE,IPL,,LACC_ATRENCH_C,ROULSK,,ROULSK01,SASKTEL,2016,,100049,,800956,,,,WILLJ2,2017-07-06T11:45:20
Structure1_WGS84/14009,0101000000F4C116E124275AC0C8F401A41D784940,CLOSR:BSCLS:C142472,BS CLOSURE,IPL,,LACC_APLOWED_F,ERGRSK,,ERGRSK01,SASKTEL,,,100049,,,,,,LUBIT1,2017-02-10T10:51:31
Structure1_WGS84/14183,0101000000D440AE6536245AC01049FC10EF2E4940,CLOSR:BSCLS:C177355,BS CLOSURE,ABD,,LACC_APLOWED_C,REGNSK,,REGNSK03,SASKTEL,,,100049,,,,,,PALGS1,2019-08-23T03:34:37
Structure1_WGS84/14248,01010000003C1382D17CBD5AC060A7339225124940,CLOSR:BSCLS:C507377,BS CLOSURE,IPL,,LACC_APLOWED_C,HDVLSK,,HDVLSK01,SASKTEL,,,100049,,,,,,ADELL2,2018-10-11T00:17:13
Structure1_WGS84/14317,01010000009077FA80A19059C008410AB51E2A4940,CLOSR:BSCLS:C132262,BS CLOSURE,IPL,,LACC_APLOWED_C,WHWDSK,,WHWDSK01,SASKTEL,,,100049,,,,,,WIESJ3,2025-04-04T15:12:18
Structure1_WGS84/14338,010100000050F2067292FB59C0D0C4B7F48B434940,CLOSR:BSCLS:C171462,BS CLOSURE,IPL,,LACC_APLOWED_C,QAPLSK,,QAPLSK01,SASKTEL,,,100049,,,,,,PONNL1,2021-01-21T07:18:58
Structure1_WGS84/14345,0101000000E87313875CBB5AC0B80819569EFE4840,CLOSR:BSCLS:C501641,BS CLOSURE,IPL,,LACC_APLOWED_C,HDVLSK,,HDVLSK01,SASKTEL,,,100049,,,,,,ADELL2,2018-10-09T22:04:36
Structure1_WGS84/14400,010100000098F7727E6EB559C08833AA6C551C4940,CLOSR:BSCLS::9832226,BS CLOSURE,IPL,,LACC_APLOWED_C,WNDTSK,,WNDTSK01,SASKTEL,2017,,100049,,802005,,KAURR2,2018-02-13T14:10:41,KAURR2,2018-02-13T14:51:11
Structure1_WGS84/14500,010100000098A090E134A259C0D8307BFA84404940,LOSR:BSCLS::11008845,BS CLOSURE,ABD,,LACC_ATRENCH_C,BRVWSK,,KIRVSK01,SASKTEL,2021,,100049,,809911,,MALLM1,2020-07-09T12:38:26,VIXAJ1,2025-01-30T09:01:34
Structure1_WGS84/14556,0101000000A82B608116A859C070FA2A9BA7274940,LOSR:BSCLS::11154444,BS CLOSURE,IPL,,LACC_ATRENCH_C,BRVWSK,,BRVWSK01,SASKTEL,2020,,100049,,811157,,KAURP3,2020-09-23T16:50:17,ERROK1,2021-05-27T01:31:17
Structure1_WGS84/14574,010100000064023BBA4E6659C0B05B63EE1F0A4940,CLOSR:BSCLS::13236395,BS CLOSURE,IPL,,LACC_ATRENCH_C,MSMNSK,,MSMNSK01,SASKTEL,2024,,100049,,824251,,WIESJ3,2024-08-08T11:00:54,BINGA1,2025-03-16T20:57:21
Structure1_WGS84/14575,0101000000F41F661D786559C07840093B9E0A4940,CLOSR:BSCLS::13236396,BS CLOSURE,IPL,,LACC_ATRENCH_C,MSMNSK,,MSMNSK01,SASKTEL,2024,,100049,,824251,,WIESJ3,2024-08-08T11:09:04,BINGA1,2025-03-16T20:57:22
Structure1_WGS84/14661,010100000048E8D017D22B5BC0102576B404B44840,CLOSR:BSCLS::9643402,BS CLOSURE,IPL,,LACC_APLOWED_C,ESNDSK,,ESNDSK01,SASKTEL,2017,,100049,,802735,,CHERM2,2017-08-24T15:15:01,WILLJ2,2018-02-07T13:02:27
Structure1_WGS84/14662,010100000014013E0DD22B5BC0D82FA2D103B44840,CLOSR:BSCLS::9643722,BS CLOSURE,IPL,,LACC_APLOWED_C,ESNDSK,,ESNDSK01,SASKTEL,2017,,100049,,802735,,CHERM2,2017-08-24T15:46:27,WILLJ2,2018-02-07T13:02:27
Structure1_WGS84/14666,0101000000ACBDB939212B5BC0400D209505B44840,LOSR:BSCLS::10738122,BS CLOSURE,IPL,,LACC_APLOWED_C,ESNDSK,,ESNDSK01,SASKTEL,2019,,100049,,806961,,WILLJ2,2019-12-11T11:49:17,THUND1,2024-03-01T06:08:20
Structure1_WGS84/14693,0101000000284A5DC0981E5BC0D81082E697304940,CLOSR:BSCLS::8580011,BS CLOSURE,IPL,,LACC_APLOWED_C,HZLTSK,,HZLTSK01,SASKTEL,2015,,100049,,979956,,,,NADIV1,2018-10-09T07:58:16
Structure1_WGS84/14705,010100000090F3471665335BC070AACDF0C03D4940,CLOSR:BSCLS:C503661,BS CLOSURE,IPL,,LACC_APLOWED_C,HZLTSK,,HZLTSK01,SASKTEL,,,100049,,,,,,CHENR1,2019-02-19T06:32:00
Structure1_WGS84/14754,01010000001058F6E0B21F5AC0F86DAB6D8B784940,LOSR:BSCLS::10638602,BS CLOSURE,IPL,,LACC_ATRENCH_C,STHYSK,,STHYSK01,SASKTEL,2019,,100049,,807246,,KLETR1,2019-09-10T09:27:45,WILLJ2,2020-03-24T11:55:56
Structure1_WGS84/14804,0101000000744742324F2E5AC0C01F8E4D293E4940,CLOSR:BSCLS:C217867,BS CLOSURE,ABD,,LACC_APLOWED_C,REGNSK,,REGNSK04,SASKTEL,,,100049,,,,,,WILLJ2,2017-08-18T12:08:55
Structure1_WGS84/14814,0101000000B4ED62373F215BC04081617AB40A4940,CLOSR:BSCLS:C571512,BS CLOSURE,ABD,,LACC_APLOWED_F,GLLKSK,,GLLKSK01,SASKTEL,,40M OF PL,100049,,,,,,FATHF1,2018-04-09T20:37:14
Structure1_WGS84/14815,0101000000D03AC07FB21F5BC0C08822B6D1094940,CLOSR:BSCLS:C571538,BS CLOSURE,IPL,,LACC_APLOWED_C,GLLKSK,,GLLKSK01,SASKTEL,,,100049,,,,,,FATHF1,2018-04-08T23:08:50
Structure1_WGS84/14816,0101000000C4C11C7270235BC0200D8DE5A5094940,CLOSR:BSCLS:C572869,BS CLOSURE,ABD,,LACC_APLOWED_F,GLLKSK,,GLLKSK01,SASKTEL,,40M PL,100049,,,,,,FATHF1,2018-04-09T20:37:14
Structure1_WGS84/14817,0101000000E4F5908BB21F5BC0F0A2696F01094940,CLOSR:BSCLS:C573010,BS CLOSURE,IPL,,LACC_APLOWED_C,GLLKSK,,GLLKSK01,SASKTEL,,,100049,,,,,,FATHF1,2018-04-09T04:34:57
Structure1_WGS84/14825,0101000000902445BA78F259C0209A7426B0614940,LOSR:BSCLS::10191900,BS CLOSURE,IPL,,LACC_ATRENCH_C,FTQPSK,,FTQPSK01,SASKTEL,2019,,100049,,805761,,WILLJ2,2018-10-26T09:46:59,BINGA1,2025-03-10T21:10:19
Structure1_WGS84/14911,0101000000209E5702EA1E5BC0708FEB9A61044940,CLOSR:BSCLS:C523885,BS CLOSURE,ABD,,LACC_APLOWED_F,GLLKSK,,GLLKSK01,SASKTEL,,105M CL,100049,,,,,,FATHF1,2018-04-08T20:32:26
Structure1_WGS84/14912,010100000004DBEA9A121F5BC0D061B1FF1A064940,CLOSR:BSCLS:C526261,BS CLOSURE,IPL,,LACC_APLOWED_F,GLLKSK,,GLLKSK01,SASKTEL,,,100049,,,,,,FATHF1,2018-04-10T01:15:41
Structure1_WGS84/14990,0101000000D4A6AE0588285AC00820AACD18434940,CLOSR:BSCLS:C197177,BS CLOSURE,IPL,,LACC_ATRENCH_C,REGNSK,,REGNSK04,SASKTEL,,,100049,,,,,,ENGEM1,2024-08-12T23:16:56
Structure1_WGS84/15057,01010000008CD99B10813D5AC01883C5831B894940,CLOSR:BSCLS::9565325,BS CLOSURE,IPL,,LACC_ATRENCH_C,STBGSK,,STBGSK01,SASKTEL,2017,,100049,,802305,,WILLJ2,2017-06-22T16:03:58,WILLJ2,2018-02-28T08:26:13
Structure1_WGS84/15067,01010000009C117E3F5B745AC0687E501230734940,LOSR:BSCLS::11189019,BS CLOSURE,IPL,,LACC_APLOWED_C,CRAKSK,,AYBYSK02,SASKTEL,2020,,100049,,811137,,KLETR1,2020-10-27T15:27:33,PITTM1,2023-10-19T01:50:09
Structure1_WGS84/15152,01010000007C9B72431B285BC0E8FF8CA7E5994840,LOSR:BSCLS::10195418,BS CLOSURE,IPL,,SRVC_ASERVICE,FRNTSK,,FRNTSK01,SASKTEL,2018,,100049,,805676,,QUANM1,2018-10-29T09:05:22,WILLJ2,2019-01-16T08:27:27
Structure1_WGS84/15197,0101000000740685C2B9B459C038BAD5D63CF14840,CLOSR:BSCLS::9599564,BS CLOSURE,IPL,,LACC_APLOWED_C,WNDTSK,,CRNGSK01,SASKTEL,2018,,100049,,802480,,DEGEH1,2017-07-19T15:46:29,RAVAG1,2023-11-02T20:18:20
Structure1_WGS84/15384,010100000068DF9C44F6215BC0007E0C11480A4940,LOSR:BSCLS::10362150,BS CLOSURE,IPL,,LACC_APLOWED_C,GLLKSK,,GLLKSK01,SASKTEL,2019,,100049,,806444,,HUNTG1,2019-03-07T13:27:33,WILLJ2,2019-06-05T11:35:36
Structure1_WGS84/15456,0101000000C84CF7A785265AC0D036A04040364940,CLOSR:BSCLS:C213248,BS CLOSURE,IPL,,LACC_APLOWED_C,REGNSK,,REGNSK03,SASKTEL,,,100049,,,,,,TEJAD1,2024-01-31T23:51:58
Structure1_WGS84/15503,01010000001C8296EDA4095BC080A5FBBF3E514940,CLOSR:BSCLS:C513200,BS CLOSURE,IPL,,LACC_APLOWED_C,PNNTSK,,PNNTSK01,SASKTEL,,,100049,,,,,,YERRS2,2018-10-02T21:18:58
Structure1_WGS84/15527,01010000006065F78EE1005BC06089D3C57DE44840,CLOSR:BSCLS::11974922,BS CLOSURE,IPL,,LACC_ATRENCH_C,SHNVSK,,ADMRSK03,SASKTEL,2021,,100049,,813533,,HUNTG1,2022-03-16T09:57:47,RAVAG1,2023-11-02T23:00:36
Structure1_WGS84/15528,0101000000A0395FAAE1005BC06896AB5C7EE44840,CLOSR:BSCLS::11974923,BS CLOSURE,IPL,,LACC_ATRENCH_C,SHNVSK,,ADMRSK03,SASKTEL,2021,,100049,,813533,,HUNTG1,2022-03-16T09:57:50,RAVAG1,2023-11-02T23:00:34
Structure1_WGS84/15537,01010000006414FE1EB2295BC0308D14A143B44840,CLOSR:BSCLS::9648547,BS CLOSURE,IPL,,LACC_APLOWED_C,ESNDSK,,ESNDSK01,SASKTEL,2017,,100049,,802770,,CHERM2,2017-08-29T14:24:54,WILLJ2,2018-02-07T14:23:03
Structure1_WGS84/15538,0101000000602DA6E894295BC03867689C43B44840,CLOSR:BSCLS::9648548,BS CLOSURE,IPL,,LACC_APLOWED_C,ESNDSK,,ESNDSK01,SASKTEL,2017,,100049,,802770,,CHERM2,2017-08-29T14:25:05,WILLJ2,2018-02-07T14:23:03
Structure1_WGS84/15586,0101000000186920CB7F6959C01858663590114940,CLOSR:BSCLS::11733003,BS CLOSURE,IPL,,LACC_ATRENCH_C,MSMNSK,,MSMNSK01,SASKTEL,2022,,100049,,814153,,JAKUT1,2021-10-25T15:13:01,RAVAG1,2023-11-02T23:05:35
Structure1_WGS84/15720,01010000005C3978AF45A759C088D216F8C60B4940,CLOSR:BSCLS::8963707,BS CLOSURE,IPL,,LACC_APLOWED_F,KPNGSK,,KPNGSK01,SASKTEL,1989,,100049,R2102 B.S.6,109561,,,,PALGS1,2019-06-18T22:10:42
Structure1_WGS84/15723,0101000000004C32D5A0FB59C038F591338B434940,CLOSR:BSCLS:C172392,BS CLOSURE,IPL,,LACC_APLOWED_F,QAPLSK,,QAPLSK01,SASKTEL,,,100049,,,,,,MEYEB2,2019-10-07T16:56:47
Structure1_WGS84/15791,01010000004419C701813D5AC0A031385C81884940,CLOSR:BSCLS::9902922,BS CLOSURE,IPL,,LACC_APLOWED_C,STBGSK,,STBGSK01,SASKTEL,2018,,100049,,,,ESLIG1,2018-04-11T12:45:42,ESLIG1,2018-04-11T14:16:07
Structure1_WGS84/15879,0101000000403562BCBFEF5AC070A3283A0C304940,CLOSR:BSCLS:C543998,BS CLOSURE,IPL,,LACC_APLOWED_C,SWCRSK,,SWCRSK02,SASKTEL,,,100049,,,,,,FATHF1,2018-04-18T01:35:23
Structure1_WGS84/15952,010100000038AB142146225BC0F830161B6DD84840,CLOSR:BSCLS::8212350,BS CLOSURE,IPL,,LACC_APLOWED_C,SHNVSK,,SHNVSK01,SASKTEL,2014,,100049,,977299,,,,TEJAD1,2023-12-14T23:26:06
Structure1_WGS84/16007,0101000000CC2800403A285AC0C0B1E70534064940,CLOSR:BSCLS:C81319,BS CLOSURE,IPL,,LACC_ATRENCH_C,MLSTSK,,MLSTSK01,SASKTEL,,,100049,,,,,,THUND1,2023-10-25T22:40:54
Structure1_WGS84/16045,0101000000E4E30D42B62B5AC0C0EC6548067F4940,LOSR:BSCLS::10753531,BS CLOSURE,IPL,,LACC_APLOWED_C,ERGRSK,,ERGRSK01,SASKTEL,2019,,100049,,804338,,KAURP3,2020-01-06T12:30:00,KAURP3,2021-03-31T18:21:24
Structure1_WGS84/16046,01010000004460D4378E2B5AC0B0491EBFDF794940,CLOSR:BSCLS::9949980,BS CLOSURE,IPL,,LACC_APLOWED_C,ERGRSK,,ERGRSK01,SASKTEL,2019,,100049,,804338,,KAURP3,2018-05-11T08:27:42,KAURP3,2021-03-31T18:21:28
Structure1_WGS84/16098,01010000007C0B01AC0D335AC010FE1EBF2EB04940,CLOSR:BSCLS:C90739,BS CLOSURE,IPL,,LACC_APLOWED_C,SMNSSK,,SMNSSK01,SASKTEL,,,100049,,,,,,BALLB1,2019-05-15T06:45:58
Structure1_WGS84/16099,01010000004074668D6A285AC0D8DE13FD77B44940,CLOSR:BSCLS:C102666,BS CLOSURE,IPL,,LACC_APLOWED_C,RYMRSK,,RYMRSK01,SASKTEL,,,100049,,,,,,BALLB1,2019-03-22T02:14:50
Structure1_WGS84/16100,010100000004FACCD89E245AC06889CDE8032F4940,CLOSR:BSCLS:C191058,BS CLOSURE,ABD,,LACC_APLOWED_C,REGNSK,,REGNSK03,SASKTEL,,,100049,,,,,,WILLJ2,2018-03-14T12:31:37
Structure1_WGS84/16264,0101000000B076EAB033005AC0388D755DB7424940,CLOSR:BSCLS:C145031,BS CLOSURE,IPL,,LACC_APLOWED_F,QAPLSK,,QAPLSK01,SASKTEL,,,100049,,,,,,DUNLM1,2023-12-13T11:04:43
Structure1_WGS84/16270,010100000090C5F68DE1445BC098FC7EEDFD014940,CLOSR:BSCLS:C529655,BS CLOSURE,IPL,,LACC_APLOWED_F,PIPTSK,,PIPTSK01,SASKTEL,,,100049,,,,,,GANDN1,2018-04-13T03:32:03
Structure1_WGS84/16282,010100000088985ED7795B5AC0A0F2A4295BAC4940,CLOSR:BSCLS::7456155,BS CLOSURE,IPL,,LACC_ATRENCH_C,IMPRSK,,IMPRSK02,SASKTEL,2012,,100049,,961121,,,,SINGS7,2025-04-15T12:30:55
Structure1_WGS84/16516,010100000060BA2E017A2B5BC0182DE4D730064940,CLOSR:BSCLS:C572871,BS CLOSURE,ABD,,LACC_APLOWED_F,GLLKSK,,GLLKSK01,SASKTEL,,80M PL,100049,,,,,,BALLB1,2019-05-02T00:46:49
Structure1_WGS84/16522,0101000000C8CB1DDA80635BC0B0F41B3FB7FE4840,CLOSR:BSCLS:C544715,BS CLOSURE,IPL,,LACC_APLOWED_F,MPCKSK,,MPCKSK01,SASKTEL,,GP 8C-21,100049,,,,,,BALLB1,2019-05-15T12:03:19
Structure1_WGS84/16527,0101000000804BCC5581085BC068929CDCC7184940,CLOSR:BSCLS:C512083,BS CLOSURE,ABD,,LACC_APLOWED_F,WEBBSK,,WEBBSK02,SASKTEL,,,100049,,,,,,BALLB1,2019-03-20T04:24:23
Structure1_WGS84/16528,0101000000C047405C44045BC048EA69CCD31F4940,CLOSR:BSCLS:C517991,BS CLOSURE,IPL,,LACC_APLOWED_F,WEBBSK,,WEBBSK02,SASKTEL,,22M PL,100049,,,,,,CHENR1,2019-05-04T04:13:46
Structure1_WGS84/16530,010100000080F106AA1C575BC0C0D6D2344C9A4840,CLOSR:BSCLS:C507268,BS CLOSURE,IPL,,LACC_APLOWED_C,CNSLSK,,CNSLSK03,SASKTEL,,,100049,,,,,,YERRS2,2018-10-15T01:38:53
Structure1_WGS84/16531,0101000000DC17749B206D5BC080866ECB47A64840,CLOSR:BSCLS:C509158,BS CLOSURE,IPL,,LACC_APLOWED_C,CNSLSK,,CNSLSK03,SASKTEL,,,100049,,,,,,YERRS2,2018-10-15T20:29:41
Structure1_WGS84/16546,01010000001C978480C6375BC008EEBED2D5094940,CLOSR:BSCLS:C532222,BS CLOSURE,IPL,,LACC_APLOWED_F,TPKNSK,,TPKNSK01,SASKTEL,,,100049,,,,,,BALLB1,2019-03-27T06:08:57
Structure1_WGS84/16744,01010000003C37D4F21A3B5AC09851C7F86A164940,CLOSR:BSCLS::12957018,BS CLOSURE,IPL,,LACC_APLOWED_C,ROULSK,,ROULSK01,SASKTEL,2023,,100049,,,,MACAM1,2023-08-31T14:31:09,MACAM1,2023-08-31T14:44:09
Structure1_WGS84/16763,01010000000002E41E07235AC0A096C5B5FB474940,CLOSR:BSCLS:C214401,BS CLOSURE,IPL,,LACC_APLOWED_C,REGNSK,,REGNSK04,SASKTEL,,,100049,,,,,,PONNL1,2020-03-19T00:56:02
Structure1_WGS84/16776,0101000000D08366FD041A5BC0C81F5C392F964840,CLOSR:BSCLS::7863514,BS CLOSURE,IPL,,LACC_APLOWED_C,CLMXSK,,CLMXSK01,SASKTEL,2014,,100049,,975497,,,,MADDS1,2019-03-11T23:36:20
Structure1_WGS84/16803,0101000000989E8FB67A445BC0C05007B9586B4940,CLOSR:BSCLS:C515423,BS CLOSURE,IPL,,LACC_APLOWED_C,SCPTSK,,SCPTSK01,SASKTEL,,,100049,,,,,,ADELL2,2018-10-03T22:19:55
Structure1_WGS84/16813,01010000008CE733A05E175AC02810661561394940,CLOSR:BSCLS::9313802,BS CLOSURE,ABD,,LACC_ATRENCH_C,REGNSK,,WHCYSK01,SASKTEL,2017,,100049,,801242,,BOHLC2,2016-11-29T13:27:10,RAVAG1,2023-11-02T20:10:44
Structure1_WGS84/16823,0101000000081E7644FD515BC0E81D304743664940,CLOSR:BSCLS:C570229,BS CLOSURE,IPL,,LACC_APLOWED_C,SCPTSK,,SCPTSK01,SASKTEL,,,100049,,,,,,ADELL2,2018-10-05T02:51:50
Structure1_WGS84/16979,01010000006C2702B6B2F559C0D8340642D73F4940,LOSR:BSCLS::10371419,BS CLOSURE,IPL,,LACC_APLOWED_C,QAPLSK,,QAPLSK01,SASKTEL,2018,,100049,,804368,,KAURR2,2019-03-13T12:33:42,RAVAG1,2023-11-02T20:18:14
Structure1_WGS84/17248,0101000000BC316472F33C5BC028506DD845C04840,CLOSR:BSCLS:C544246,BS CLOSURE,IPL,,LACC_APLOWED_C,ESNDSK,,ESNDSK01,SASKTEL,,,100049,1C12,,,,,KATRR1,2018-04-13T13:08:28
Structure1_WGS84/17308,010100000070FE0506F91F5BC04885392DF74B4940,CLOSR:BSCLS:C524508,BS CLOSURE,IPL,,LACC_APLOWED_F,CABRSK,,CABRSK01,SASKTEL,,,100049,,,,,,GANDN1,2018-04-02T23:38:29
Structure1_WGS84/17379,01010000001020A53AE69D59C0B860FCE3A6094940,CLOSR:BSCLS:C145218,BS CLOSURE,IPL,,LACC_APLOWED_C,KPNGSK,,KPNGSK01,SASKTEL,,,100049,,,,,,SATYK1,2021-11-17T05:08:20
Structure1_WGS84/17409,010100000048A6FB1AD80A5BC02896838FF7EB4840,LOSR:BSCLS::10005322,BS CLOSURE,IPL,,LACC_APLOWED_C,SHNVSK,,ADMRSK02,SASKTEL,2013,,100049,,,,ESLIG1,2018-06-18T15:33:24,ESLIG1,2018-06-18T16:40:24
Structure1_WGS84/17469,01010000004C5A6A1D325F5BC0B05275ED5D3B4940,CLOSR:BSCLS:C532037,BS CLOSURE,IPL,,LACC_APLOWED_C,FXVYSK,,FXVYSK01,SASKTEL,,,100049,,,,,,,
Structure1_WGS84/17470,0101000000F80D31630CCE5AC0F060BE3BC0394940,CLOSR:BSCLS:C518445,BS CLOSURE,IPL,,LACC_APLOWED_C,HRBRSK,,HRBRSK01,SASKTEL,,,100049,,,,,,BUTTS1,2018-04-03T07:12:29
Structure1_WGS84/17471,0101000000D477E57DD3CC5AC0F034DCC4EC394940,CLOSR:BSCLS:C518567,BS CLOSURE,IPL,,LACC_APLOWED_C,HRBRSK,,HRBRSK01,SASKTEL,,,100049,,,,,,BUTTS1,2018-04-02T08:31:52
Structure1_WGS84/17484,01010000009CE3FE7E4CC25AC0803994BD7F344940,CLOSR:BSCLS:C512536,BS CLOSURE,ABD,,LACC_APLOWED_C,MORSSK,,MORSSK01,SASKTEL,,,100049,,,,,,GANDN1,2018-04-04T03:47:30
Structure1_WGS84/17548,01010000002839FE763F5F59C0985FC5FDD51A4940,CLOSR:BSCLS:C142846,BS CLOSURE,ABD,,LACC_APLOWED_C,MSMNSK,,MSMNSK01,SASKTEL,,,100049,,,,,,YERRS2,2018-09-21T02:57:58
Structure1_WGS84/17557,0101000000982AA3877D9059C0201E8ABBA72D4940,CLOSR:BSCLS:C143257,BS CLOSURE,IPL,,LACC_APLOWED_F,WHWDSK,,WHWDSK01,SASKTEL,,19MEPL,100049,,,,,,YADAG1,2018-09-24T08:39:48
Structure1_WGS84/17588,0101000000ECEC4965EC285AC0184B455BBC334940,CLOSR:BSCLS:C178279,BS CLOSURE,IPL,,LACC_APLOWED_C,REGNSK,,REGNSK03,SASKTEL,,,100049,,,,,,THUND1,2023-11-07T00:25:34
Structure1_WGS84/17589,010100000090E45B4DCE285AC0F0BBA1770A334940,CLOSR:BSCLS:C180670,BS CLOSURE,IPL,,LACC_APLOWED_C,REGNSK,,REGNSK03,SASKTEL,,,100049,,,,,,THUND1,2023-11-07T00:18:03
Structure1_WGS84/17597,0101000000200388A106045AC0901B4141E1414940,CLOSR:BSCLS:C151558,BS CLOSURE,IPL,,LACC_APLOWED_C,QAPLSK,,MCLNSK03,SASKTEL,,,100049,,,,,,CHENR1,2022-02-17T06:56:30
Structure1_WGS84/17642,0101000000641BD3A180115BC040D45F1794454940,CLOSR:BSCLS::7933594,BS CLOSURE,IPL,,LACC_APLOWED_C,PNNTSK,,PNNTSK01,SASKTEL,2014,,100049,,0,,,,YERRS2,2019-02-15T04:04:30
Structure1_WGS84/17692,0101000000B00FBE9F165C5AC078A3C85AC38E4940,CLOSR:BSCLS:C87347,BS CLOSURE,IPL,,LACC_APLOWED_C,LBRTSK,,LBRTSK02,SASKTEL,,,100049,,,,,,YADAG1,2018-09-24T12:59:30
Structure1_WGS84/17704,0101000000DC1AD629B6135AC0789EF4028F3E4940,LOSR:BSCLS::10151579,BS CLOSURE,ABD,,LACC_APLOWED_C,BLGNSK,,BLGNSK01,SASKTEL,2019,,100049,,805426,,WILLJ2,2018-09-26T08:17:38,RAVAG1,2023-11-02T20:43:31
Structure1_WGS84/17708,0101000000CC2702071A265AC0789C6074033C4940,CLOSR:BSCLS:C199505,BS CLOSURE,IPL,,LACC_APLOWED_C,REGNSK,,REGNSK04,SASKTEL,,,100049,,,,,,ROOKP2,2019-05-01T13:01:11
Structure1_WGS84/17711,0101000000A4AC236A09E959C018F2CF793E664940,CLOSR:BSCLS:C127819,BS CLOSURE,IPL,,LACC_APLOWED_F,BLCRSK,,BLCRSK01,SASKTEL,1996,,100049,R3300 BS_D-02,904101,,,,THUND1,2024-06-19T21:59:31
Structure1_WGS84/17727,010100000030376B329B4F5AC068AE7AFD1F4F4940,CLOSR:BSCLS::7703211,BS CLOSURE,IPL,,LACC_APLOWED_C,BTHNSK,,BTHNSK02,SASKTEL,2014,,100049,,0,,,,YADAG1,2018-09-12T07:06:54
Structure1_WGS84/17778,01010000009C008D49D4215AC0E020E8420E2F4940,CLOSR:BSCLS:C192946,BS CLOSURE,IPL,,LACC_APLOWED_C,REGNSK,,REGNSK03,SASKTEL,,,100049,,,,,,BALLB1,2019-05-25T03:53:40
Structure1_WGS84/17789,0101000000DCF0FC4E254D5BC0A0F1380AE56A4940,CLOSR:BSCLS::9861322,BS CLOSURE,IPL,,SRVC_ASERVICE,SCPTSK,,SCPTSK01,SASKTEL,2017,,100049,,801150,,HORVN1,2018-03-14T15:29:26,ADELL2,2019-03-06T03:27:43
Structure1_WGS84/17809,0101000000A816DB1B51275AC03856826277494940,CLOSR:BSCLS:C206728,BS CLOSURE,IPL,,LACC_APLOWED_C,REGNSK,,REGNSK04,SASKTEL,,NO IN AP MARTENES,100049,,,,,,PONNL1,2020-03-16T21:04:10
Structure1_WGS84/17833,0101000000A861E8A6C77E59C0B8C9CE664B224940,CLOSR:BSCLS:C109967,BS CLOSURE,IPL,,LACC_APLOWED_C,WPLLSK,,WPLLSK01,SASKTEL,,,100049,,,,,,KATAS1,2022-08-18T05:23:24
Structure1_WGS84/17999,0101000000A8CE029E68A659C0508AAC5B9BEF4840,CLOSR:BSCLS:C164392,BS CLOSURE,IPL,,LACC_APLOWED_C,KPNGSK,,KPNGSK01,SASKTEL,,,100049,,,,,,PITTM1,2021-11-22T03:03:31
Structure1_WGS84/18000,010100000000058D8268A659C0409C883798EF4840,CLOSR:BSCLS:C164393,BS CLOSURE,IPL,,LACC_APLOWED_C,KPNGSK,,KPNGSK01,SASKTEL,,,100049,,,,,,PITTM1,2021-11-22T03:08:59
Structure1_WGS84/18113,01010000004C55503A790C5AC0F076EBD94C7F4940,CLOSR:BSCLS::12336843,BS CLOSURE,IPL,,LACC_ATRENCH_C,CUPRSK,,CUPRSK01,SASKTEL,2022,,100049,,818733,,LUBIT1,2022-09-15T15:13:38,THUND1,2024-02-21T22:07:41
Structure1_WGS84/18139,01010000008CB402E06B6B59C0405516D664194940,LOSR:BSCLS::10564380,BS CLOSURE,IPL,,LACC_APLOWED_C,MSMNSK,,MSMNSK01,SASKTEL,2019,,100049,,982807,,WILLJ2,2019-07-31T11:25:41,WIESJ3,2024-08-01T12:50:22
Structure1_WGS84/18320,01010000009CA7B8AC2D555AC0C096DD54E3604940,CLOSR:BSCLS:C95775,BS CLOSURE,ABD,,LACC_APLOWED_C,BTHNSK,,BTHNSK02,SASKTEL,,,100049,,,,,,YADAG1,2018-09-12T06:27:16
Structure1_WGS84/18322,0101000000BCDF841C9DF859C028081D95D7444940,CLOSR:BSCLS:C138234,BS CLOSURE,IPL,,LACC_ATRENCH_C,QAPLSK,,QAPLSK01,SASKTEL,,,100049,,,,,,ADELL2,2018-09-20T23:23:02
Structure1_WGS84/18323,01010000006802EC735AF859C058FC0E01A4494940,CLOSR:BSCLS:C126981,BS CLOSURE,IPL,,LACC_APLOWED_C,QAPLSK,,QAPLSK01,SASKTEL,,,100049,,,,,,ADELL2,2018-09-20T20:59:42
Structure1_WGS84/18324,0101000000985151C753F859C0305FCF8B9E494940,CLOSR:BSCLS:C126955,BS CLOSURE,IPL,,LACC_APLOWED_C,QAPLSK,,QAPLSK01,SASKTEL,,,100049,,,,,,ADELL2,2018-09-20T23:56:40
Structure1_WGS84/18371,0101000000D852D94092F05AC0602DFC558AD54840,CLOSR:BSCLS:C508058,BS CLOSURE,IPL,,LACC_APLOWED_C,CDLCSK,,CDLCSK01,SASKTEL,,,100049,,,,,,VUDUP1,2018-10-03T21:50:03
Structure1_WGS84/18380,0101000000A8C106D4B3215AC04005441E07B44940,CLOSR:BSCLS:C97803,BS CLOSURE,IPL,,LACC_ATRENCH_C,RYMRSK,,RYMRSK01,SASKTEL,,,100049,,,,,,THOTV1,2018-09-20T23:13:50
Structure1_WGS84/18384,010100000078DE6285883F5AC0E0B01097C8A14940,CLOSR:BSCLS:C151095,BS CLOSURE,ABD,,LACC_APLOWED_F,GOVNSK,,GOVNSK01,SASKTEL,,,100049,,,,,,KATRR1,2018-09-14T08:19:32
Structure1_WGS84/18469,0101000000A4A41C0652275AC090795789EE354940,CLOSR:BSCLS::7454635,BS CLOSURE,IPL,,LACC_ATRENCH_C,REGNSK,,REGNSK01,SASKTEL,2013,,100049,,972288,,,,GUNDA1,2020-03-31T08:57:48
Structure1_WGS84/18544,0101000000747D8BF31C605BC0D86A33AE75D44840,CLOSR:BSCLS:C517672,BS CLOSURE,IPL,,LACC_ATRENCH_C,MPCKSK,,CYHLSK03,SASKTEL,,,100049,,,,,,DUNLM1,2024-11-14T11:02:38
Structure1_WGS84/18868,0101000000388B901A102B5AC03853258DFB3E4940,CLOSR:BSCLS:C224342,BS CLOSURE,IPL,,LACC_ATRENCH_C,REGNSK,,REGNSK04,SASKTEL,,,100049,,,,,,PAUMT1,2021-06-14T12:06:36
Structure1_WGS84/18903,010100000010008ED09E055AC05852FBD5E5144940,CLOSR:BSCLS::12284683,BS CLOSURE,IPL,,LACC_APLOWED_C,SDLYSK,,SDLYSK02,SASKTEL,2022,,100049,,818394,,ESLIG1,2022-08-15T16:37:33,ESLIG1,2024-08-09T16:34:48
Structure1_WGS84/18969,01010000009040B386133F5AC020FB881B943B4940,CLOSR:BSCLS:C123646,BS CLOSURE,IPL,,LACC_APLOWED_C,PENSSK,,PENSSK01,SASKTEL,,,100049,,,,,,ADELL2,2018-09-16T22:26:37
Structure1_WGS84/19020,01010000004C87794FD83C5AC030958F5B8E884940,CLOSR:BSCLS:C98808,BS CLOSURE,ABD,,LACC_ATRENCH_C,STBGSK,,STBGSK01,SASKTEL,,,100049,,,,,,ADELL2,2018-09-23T22:39:11
Structure1_WGS84/19091,0101000000C4726CB96AFF59C0B01047A5385E4940,CLOSR:BSCLS:C146498,BS CLOSURE,IPL,,LACC_APLOWED_C,FTQPSK,,FTQPSK01,SASKTEL,,,100049,,,,,,VUDUP1,2018-10-25T23:01:31
Structure1_WGS84/19108,0101000000CC0CDB4956185AC0F00D3C66FC774940,CLOSR:BSCLS:C161159,BS CLOSURE,ABD,,LACC_APLOWED_C,STHYSK,,STHYSK01,SASKTEL,,,100049,R201 P7-1,,,,,DUDDB1,2018-09-26T04:00:05
Structure1_WGS84/19146,01010000005C45B3A352055AC07817F0EBED604940,CLOSR:BSCLS:C133092,BS CLOSURE,IPL,,LACC_APLOWED_C,FTQPSK,,FTQPSK01,SASKTEL,,,100049,,,,,,VUDUP1,2018-10-24T23:27:55
Structure1_WGS84/19261,01010000005C4102959DDC59C090A06AF42A3A4940,CLOSR:BSCLS:C127709,BS CLOSURE,IPL,,LACC_APLOWED_F,SNTLSK,,SNTLSK01,SASKTEL,,,100049,,,,,,KATRR1,2018-09-26T08:37:39
Structure1_WGS84/19298,010100000020718FA58F2A5BC0E0F7793DEC084940,CLOSR:BSCLS:C570682,BS CLOSURE,IPL,,LACC_APLOWED_F,GLLKSK,,GLLKSK01,SASKTEL,,,100049,,,,,,SZOSG1,2016-11-24T18:19:23
Structure1_WGS84/19303,0101000000A0F59C6634245AC0A04DDCD10F3A4940,CLOSR:BSCLS::12669651,BS CLOSURE,IPL,,LACC_ATRENCH_F,REGNSK,,REGNSK01,SASKTEL,,,100049,,,,BINGA1,2023-03-13T22:16:00,THUND1,2024-03-08T03:31:07
Structure1_WGS84/19408,01010000001065377FE8BF5AC0E8D65904B1524940,LOSR:BSCLS::10128547,BS CLOSURE,IPL,,LACC_APLOWED_C,MORSSK,,GLKRSK01,SASKTEL,2018,,100049,,800016,,KAURP3,2018-09-13T14:37:30,KAURP3,2018-09-13T15:17:07
Structure1_WGS84/19409,0101000000D476E543E8BF5AC0B87A0D15B1524940,LOSR:BSCLS::10128546,BS CLOSURE,IPL,,LACC_APLOWED_C,MORSSK,,GLKRSK01,SASKTEL,2018,,100049,,800016,,KAURP3,2018-09-13T14:37:26,KAURP3,2018-09-13T15:17:11
Structure1_WGS84/19445,010100000090879AF53D735BC03865A6D54C544940,CLOSR:BSCLS:C527091,BS CLOSURE,IPL,,LACC_APLOWED_C,BRSTSK,,BRSTSK02,SASKTEL,,,100049,,,,,,KATRR1,2019-02-22T06:52:35
Structure1_WGS84/19459,010100000018866BC2B12C5AC09801ABB3B2324940,LOSR:BSCLS::10222931,BS CLOSURE,IPL,,LACC_APLOWED_C,REGNSK,,REGNSK03,SASKTEL,2018,,100049,,800273,,WILLJ2,2018-11-20T12:08:38,WILLJ2,2018-11-20T13:35:41
Structure1_WGS84/19496,0101000000883E36019A355BC01041F3ABCC644940,CLOSR:BSCLS:C521306,BS CLOSURE,IPL,,LACC_APLOWED_F,ABBYSK,,ABBYSK01,SASKTEL,,,100049,,,,,,WILLJ2,2018-09-20T08:26:22
Structure1_WGS84/19567,0101000000AC864D2F74275AC0486C468CB2394940,CLOSR:BSCLS:C172687,BS CLOSURE,IPL,,LACC_ATRENCH_C,REGNSK,,REGNSK01,SASKTEL,,,100049,,,,,,ROOKP2,2024-01-03T08:13:27
Structure1_WGS84/19622,0101000000D0BCC7BF4D7A5BC098B524DF233A4940,CLOSR:BSCLS:C534974,BS CLOSURE,IPL,,LACC_APLOWED_C,RCHMSK,,RCHMSK01,SASKTEL,,,100049,,,,,,KATRR1,2019-02-22T12:07:23
Structure1_WGS84/19655,01010000004CEBF7433A1C5AC0D06105FF28114940,CLOSR:BSCLS::12287284,BS CLOSURE,IPL,,LACC_APLOWED_C,RCTNSK,,RCTNSK01,SASKTEL,2022,,100049,,818403,,ESLIG1,2022-08-17T16:21:32,ESLIG1,2024-08-23T14:04:30
Structure1_WGS84/19687,0101000000541762888B425BC000FA704281034940,CLOSR:BSCLS:C530485,BS CLOSURE,IPL,,LACC_APLOWED_C,PIPTSK,,PIPTSK01,SASKTEL,,,100049,,,,,,GORRS2,2019-03-19T06:40:52
Structure1_WGS84/19776,0101000000748588E5001B5BC0004252E855DA4840,CLOSR:BSCLS:C526947,BS CLOSURE,IPL,,LACC_APLOWED_F,SHNVSK,,SHNVSK01,SASKTEL,,,100049,,,,,,THUND1,2021-06-21T06:25:59
Structure1_WGS84/19851,01010000006CE01DFFB66F59C008C63821A20A4940,CLOSR:BSCLS::9738779,BS CLOSURE,IPL,,LACC_APLOWED_C,MSMNSK,,MSRPSK01,SASKTEL,2017,,100049,,803215,,QUANM1,2017-11-02T09:39:54,WILLJ2,2019-05-27T10:13:34
Structure1_WGS84/19915,01010000002C737BC822225BC06081FDE463F14840,PED:CPM::9065474,BS CLOSURE,IPL,,LACC_APLOWED_C,GLLKSK,,GLLKSK04,SASKTEL,,,100049,,,,,,LUBIT1,2025-01-06T14:10:31
Structure1_WGS84/19994,010100000030A9537E6F6B59C0B8E7F94063154940,CLOSR:BSCLS::13239611,BS CLOSURE,PDA,MSMN824249-0000,LACC_ATRENCH_C,MSMNSK,,MSMNSK01,SASKTEL,2024,,100049,,824249,,WIESJ3,2024-08-15T10:32:11,WIESJ3,2024-10-22T09:37:33
Structure1_WGS84/19995,0101000000C01C937E686B59C0F801E0F649184940,CLOSR:BSCLS::13239359,BS CLOSURE,PDA,MSMN824249-0000,LACC_ATRENCH_C,MSMNSK,,MSMNSK01,SASKTEL,2024,,100049,,824249,,WIESJ3,2024-08-14T13:47:51,WIESJ3,2024-10-22T09:37:33
Structure1_WGS84/19996,010100000004272E09686B59C0F0F13FEF49184940,CLOSR:BSCLS::13239360,BS CLOSURE,PDA,MSMN824249-0000,LACC_ATRENCH_C,MSMNSK,,MSMNSK01,SASKTEL,2024,,100049,,824249,,WIESJ3,2024-08-14T13:48:15,WIESJ3,2024-10-22T09:37:33
Structure1_WGS84/20076,010100000034E9ED37E9175BC028029B943ECD4840,CLOSR:BSCLS:C528232,BS CLOSURE,IPL,,LACC_APLOWED_C,SHNVSK,,SHNVSK01,SASKTEL,,,100049,,,,,,MACHS1,2018-10-24T23:19:26
Structure1_WGS84/20112,0101000000A88B2F68EE215BC048E65248B1F14840,CLOSR:BSCLS::9065467,BS CLOSURE,IPL,,LACC_APLOWED_C,GLLKSK,,GLLKSK04,SASKTEL,2016,,100049,,800397,,,,LUBIT1,2025-01-06T14:10:31
Structure1_WGS84/20113,010100000050055704F5215BC05001387C66F14840,CLOSR:BSCLS::9065470,BS CLOSURE,IPL,,LACC_APLOWED_C,GLLKSK,,GLLKSK04,SASKTEL,2016,,100049,,800397,,,,LUBIT1,2025-01-06T14:10:31
Structure1_WGS84/20143,0101000000C0065F26B7725BC0A035976C53724940,CLOSR:BSCLS:C508946,BS CLOSURE,IPL,,LACC_APLOWED_C,LEDRSK,,LEDRSK01,SASKTEL,,,100049,,,,,,NADIV1,2019-03-27T10:09:35
Structure1_WGS84/20186,01010000003C836EAB30305BC048DA0B74C95A4940,CLOSR:BSCLS:C520784,BS CLOSURE,IPL,,LACC_APLOWED_C,ABBYSK,,ABBYSK01,SASKTEL,,,100049,,,,,,ADELL2,2019-03-07T23:38:29
Structure1_WGS84/20197,0101000000B013DF02E99359C050679945282C4940,CLOSR:BSCLS:C170952,BS CLOSURE,IPL,,LACC_APLOWED_F,WHWDSK,,WHWDSK01,SASKTEL,,,100049,,,,,,MCQUK1,2024-02-20T09:37:58
Structure1_WGS84/20221,01010000004077530EA9485BC028FDB7119DF44840,CLOSR:BSCLS::8946122,BS CLOSURE,IPL,,LACC_APLOWED_C,PIPTSK,,PIPTSK01,SASKTEL,2016,,100049,,,,,,CHENR1,2018-10-09T12:05:54
Structure1_WGS84/20230,010100000058F55B69696B59C0C84722064A184940,CLOSR:BSCLS::13239357,BS CLOSURE,PDA,MSMN824249-0000,LACC_ATRENCH_C,MSMNSK,,MSMNSK01,SASKTEL,2024,,100049,,824249,,WIESJ3,2024-08-14T12:20:32,WIESJ3,2024-10-22T09:37:33
Structure1_WGS84/20253,0101000000E88E6A7D16D459C0E0BED1A537364940,CLOSR:BSCLS:C145862,BS CLOSURE,ABD,,LACC_APLOWED_C,WLSLSK,,WLSLSK01,SASKTEL,,,100049,,,,,,THUND1,2021-06-28T00:43:41
Structure1_WGS84/20357,010100000020CECCC47BF05AC070EA27FC8F274940,CLOSR:BSCLS:C539497,BS CLOSURE,IPL,,LACC_APLOWED_C,SWCRSK,,SWCRSK02,SASKTEL,,,100049,,,,,,NADIV1,2019-02-18T08:36:35
Structure1_WGS84/20367,0101000000F8299674F7225BC0787556C416064940,CLOSR:BSCLS:C521169,BS CLOSURE,IPL,,LACC_APLOWED_C,GLLKSK,,GLLKSK01,SASKTEL,,,100049,,,,,,CHENR1,2019-04-26T08:17:32
Structure1_WGS84/20368,0101000000FC63A572481E5BC0806906C8420C4940,CLOSR:BSCLS:C525774,BS CLOSURE,IPL,,LACC_APLOWED_C,GLLKSK,,GLLKSK01,SASKTEL,,,100049,,,,,,CHENR1,2019-04-26T08:58:41
Structure1_WGS84/20372,01010000008016B77667295BC0D05D2501E5094940,CLOSR:BSCLS::7386445,BS CLOSURE,IPL,,LACC_APLOWED_C,GLLKSK,,GLLKSK01,SASKTEL,2013,,100049,UNK,969168,,,,WILLJ2,2017-01-17T09:36:59
Structure1_WGS84/20408,01010000000894DD64A5435AC0B0DA3A4743584940,CLOSR:BSCLS::9372062,BS CLOSURE,IPL,,LACC_APLOWED_C,LMSDSK,,LMSDSK01,SASKTEL,2017,,100049,,,,DEBEK1,2017-01-20T14:06:56,DEBEK1,2017-01-20T14:18:04
Structure1_WGS84/20472,01010000006C40377309F75AC0204D172A4B2D4940,CLOSR:BSCLS:C556897,BS CLOSURE,IPL,,LACC_APLOWED_C,SWCRSK,,SWCRSK02,SASKTEL,,,100049,,,,,,KATRR1,2018-10-15T01:51:22
Structure1_WGS84/20508,0101000000A4115BC3CA745BC0908C3C802D724940,CLOSR:BSCLS::9055232,BS CLOSURE,IPL,,LACC_APLOWED_C,LEDRSK,,LEDRSK01,SASKTEL,2016,,100049,,800315,,,,KATRR1,2019-03-28T06:39:44
Structure1_WGS84/20616,010100000018C06D037DCF5AC018D2990279354940,CLOSR:BSCLS:C518166,BS CLOSURE,IPL,,LACC_APLOWED_F,HRBRSK,,HRBRSK01,SASKTEL,,,100049,,,,,,MCQUK1,2024-11-18T11:52:34
Structure1_WGS84/20617,0101000000CCA43EAA50D35AC078BEE7A6DE314940,CLOSR:BSCLS:C518348,BS CLOSURE,IPL,,LACC_APLOWED_F,HRBRSK,,HRBRSK01,SASKTEL,,,100049,,,,,,MCQUK1,2024-11-18T11:57:04
Structure1_WGS84/20674,0101000000ECDB468CE9DD5AC030D990039F314940,CLOSR:BSCLS:C538580,BS CLOSURE,IPL,,LACC_APLOWED_F,SWCRSK,,WLDCSK02,SASKTEL,,,100049,,,,,,MCQUK1,2024-11-18T12:02:04
Structure1_WGS84/20699,010100000090D4832ED38759C0E81EBD74A21F4940,CLOSR:BSCLS:C171096,BS CLOSURE,IPL,,LACC_APLOWED_C,WPLLSK,,WPLLSK01,SASKTEL,,,100049,,,,,,YADAG1,2018-09-26T08:11:19
Structure1_WGS84/21044,0101000000587F9C475DBF59C068F7EF8AF8374940,CLOSR:BSCLS:C140633,BS CLOSURE,IPL,,LACC_APLOWED_C,GRNFSK,,GRNFSK01,SASKTEL,,,100049,,,,,,YADAG1,2018-09-18T07:25:12
Structure1_WGS84/21058,01010000002CFF00EFED3B5AC068F617199B354940,CLOSR:BSCLS:C125908,BS CLOSURE,IPL,,LACC_APLOWED_F,PENSSK,,PENSSK01,SASKTEL,,,100049,,,,,,BALLB1,2019-04-30T23:13:54
Structure1_WGS84/21242,01010000004400F82674125AC0A82ECB3758794940,CLOSR:BSCLS::9951591,BS CLOSURE,IPL,,LACC_APLOWED_C,CUPRSK,,CUPRSK01,SASKTEL,2017,,100049,,801432,,WILLJ2,2018-05-14T12:43:42,KATRR1,2018-09-14T04:55:37
Structure1_WGS84/21255,0101000000D0B6F52ED98A59C070AA099DF5F94840,CLOSR:BSCLS:C157838,BS CLOSURE,IPL,,LACC_APLOWED_F,WAWTSK,,WAWTSK01,SASKTEL,,,100049,,,,,,PALGS1,2019-04-29T20:57:31
Structure1_WGS84/21256,01010000006C111BA34AEF59C0F046D5D2C34A4940,CLOSR:BSCLS:C167998,BS CLOSURE,IPL,,LACC_APLOWED_F,INHDSK,,INHDSK01,SASKTEL,,,100049,,,,,,IHMED1,2016-11-24T13:36:10
Structure1_WGS84/21275,010100000040107BFC99245AC0987F2D1C79324940,CLOSR:BSCLS:C192723,BS CLOSURE,IPL,,LACC_APLOWED_C,REGNSK,,REGNSK03,SASKTEL,,,100049,,,,,,PALGS1,2019-05-02T04:37:56
Structure1_WGS84/21288,010100000070692CFCC16259C03815A52EE03B4940,CLOSR:BSCLS:C165840,BS CLOSURE,IPL,,LACC_ATRENCH_C,RCVLSK,,RCVLSK01,SASKTEL,,,100049,,,,,,THOTV1,2018-09-25T06:15:37
Structure1_WGS84/21289,010100000020A19A83016359C0E8C6F53B493B4940,CLOSR:BSCLS:C167413,BS CLOSURE,IPL,,LACC_ATRENCH_C,RCVLSK,,RCVLSK01,SASKTEL,,,100049,,,,,,THOTV1,2018-09-24T13:18:47
Structure1_WGS84/21317,0101000000B8E34F7FD66B59C060DB15466F2C4940,CLOSR:BSCLS::9372058,BS CLOSURE,IPL,,LACC_APLOWED_F,RCVLSK,,RCVLSK01,SASKTEL,2016,,100049,,,,DEBEK1,2017-01-20T12:04:37,THOTV1,2018-09-25T07:24:43
Structure1_WGS84/21319,01010000008897042E835C5AC0B8DB493FFF804940,CLOSR:BSCLS:C79191,BS CLOSURE,IPL,,LACC_APLOWED_C,HLDFSK,,HLDFSK01,SASKTEL,,,100049,,,,,,KATRR1,2018-09-14T10:03:12
Structure1_WGS84/21330,01010000001CAEF62CBFEF5AC0A038E25E93264940,CLOSR:BSCLS:C548564,BS CLOSURE,IPL,,LACC_APLOWED_F,SWCRSK,,SWCRSK02,SASKTEL,,,100049,,,,,,HUNTG1,2024-01-16T08:07:39
Structure1_WGS84/21343,010100000084CA59B42DC959C058FE7EC9F7184940,CLOSR:BSCLS:C130259,BS CLOSURE,IPL,,LACC_APLOWED_C,GLNVSK,,GLNVSK01,SASKTEL,,,100049,,,,,,THOTV1,2018-09-14T13:19:20
Structure1_WGS84/21344,01010000006CE1FC2A59CA59C0B82FCD0592174940,CLOSR:BSCLS:C168177,BS CLOSURE,IPL,,LACC_APLOWED_C,GLNVSK,,GLNVSK01,SASKTEL,,,100049,,,,,,THOTV1,2018-09-14T13:14:15
Structure1_WGS84/21398,01010000004CABAC6358EB59C038AE248BD14F4940,CLOSR:BSCLS:C168017,BS CLOSURE,IPL,,LACC_APLOWED_F,INHDSK,,INHDSK01,SASKTEL,,,100049,,,,,,THOTV1,2018-09-17T01:37:45
Structure1_WGS84/21412,0101000000345877ADD6B259C0205BD0C7314B4940,LOSR:BSCLS::11141323,BS CLOSURE,IPL,,LACC_APLOWED_C,GRNFSK,,SYIRSK01,SASKTEL,2020,,100049,,811024,,KAURP3,2020-09-17T00:41:19,KAURP3,2021-04-07T20:27:34
Structure1_WGS84/21570,0101000000049F0EAD53C05AC0883DD6C1FEF74840,CLOSR:BSCLS:C496689,BS CLOSURE,IPL,,LACC_APLOWED_C,VNGRSK,,VNGRSK01,SASKTEL,,,100049,,,,,,DASAS1,2018-10-04T05:51:32
Structure1_WGS84/21584,0101000000F8EA3BA333285AC0581FD487E6384940,CLOSR:BSCLS:C191359,BS CLOSURE,IPL,,LACC_ATRENCH_C,REGNSK,,REGNSK01,SASKTEL,,,100049,,,,,,MACHS1,2019-08-08T04:21:51
Structure1_WGS84/21587,010100000020843DA933285AC0C0E4C10E0A394940,CLOSR:BSCLS:C192794,BS CLOSURE,IPL,,LACC_ATRENCH_C,REGNSK,,REGNSK01,SASKTEL,,,100049,,,,,,MACHS1,2019-08-08T04:21:39
Structure1_WGS84/21622,01010000000CD74649E3285AC020DA04DBB2324940,CLOSR:BSCLS:C190972,BS CLOSURE,ABD,,LACC_APLOWED_C,REGNSK,,REGNSK03,SASKTEL,,,100049,,,,,,ADELL2,2018-09-28T00:41:58
Structure1_WGS84/21623,0101000000509C36F2FF285AC0F0F292719F324940,CLOSR:BSCLS:C183814,BS CLOSURE,ABD,,LACC_APLOWED_C,REGNSK,,REGNSK03,SASKTEL,,,100049,,,,,,ADELL2,2018-09-28T00:41:34
Structure1_WGS84/21634,0101000000A0BCF7868EC75AC0008EBC67B5FA4840,CLOSR:BSCLS:C498291,BS CLOSURE,IPL,,LACC_APLOWED_C,VNGRSK,,VNGRSK01,SASKTEL,,,100049,,,,,,DASAS1,2018-10-03T08:24:54
Structure1_WGS84/21673,0101000000CC33476DBAE25AC060D849D399004940,CLOSR:BSCLS:C504226,BS CLOSURE,IPL,,LACC_APLOWED_C,NEVLSK,,NEVLSK01,SASKTEL,,,100049,,,,,,MACHS1,2018-10-08T22:22:10
Structure1_WGS84/21719,0101000000E4CC7886E9D85AC098FBAEECA8024940,CLOSR:BSCLS:C568927,BS CLOSURE,IPL,,LACC_APLOWED_C,VNGRSK,,VNGRSK01,SASKTEL,,,100049,,,,,,DASAS1,2018-10-01T07:28:47
Structure1_WGS84/21728,010100000038E3667E763F5AC008D6BFF89DA24940,CLOSR:BSCLS:C103454,BS CLOSURE,ABD,,LACC_APLOWED_F,GOVNSK,,GOVNSK01,SASKTEL,,,100049,,,,,,BALLB1,2019-04-08T21:04:33
Structure1_WGS84/21729,0101000000E4F1B8FE96405AC03823736751B04940,CLOSR:BSCLS:C150333,BS CLOSURE,ABD,,LACC_APLOWED_C,GOVNSK,,GOVNSK01,SASKTEL,,,100049,,,,,,BALLB1,2019-04-08T22:28:39
Structure1_WGS84/21730,010100000098DEDC97273F5AC0D0F3715153A64940,CLOSR:BSCLS:C151488,BS CLOSURE,ABD,,LACC_APLOWED_C,GOVNSK,,GOVNSK01,SASKTEL,,,100049,,,,,,BALLB1,2019-04-08T21:04:33
Structure1_WGS84/21732,010100000044F3D99712DB59C010C55B89AE684940,CLOSR:BSCLS:C163763,BS CLOSURE,IPL,,LACC_APLOWED_C,ABRNSK,,ABRNSK01,SASKTEL,,,100049,,,,,,BALLB1,2019-04-03T00:42:35
Structure1_WGS84/21745,01010000002CC30D6519CC5AC070B34CE74CF34840,CLOSR:BSCLS:C496144,BS CLOSURE,IPL,,LACC_APLOWED_C,VNGRSK,,VNGRSK01,SASKTEL,,,100049,,,,,,DASAS1,2018-10-04T06:30:40
Structure1_WGS84/21757,0101000000A4C39B1923A259C068E9853326304940,CLOSR:BSCLS:C118924,BS CLOSURE,IPL,,LACC_APLOWED_F,BRVWSK,,BRVWSK01,SASKTEL,,,100049,,,,,,BALLB1,2019-04-04T22:23:45
Structure1_WGS84/21805,0101000000DC8CFA211F025AC038E85FC042644940,CLOSR:BSCLS:C136401,BS CLOSURE,IPL,,LACC_ATRENCH_C,FTQPSK,,SBIRSK01,SASKTEL,,,100049,,,,,,MCCAT1,2024-06-21T09:00:32
Structure1_WGS84/21826,0101000000F0995B3D01345BC0381925BA77634940,CLOSR:BSCLS:C521299,BS CLOSURE,IPL,,LACC_APLOWED_F,ABBYSK,,ABBYSK01,SASKTEL,,,100049,,,,,,MADDS1,2019-04-02T04:29:44
Structure1_WGS84/21991,0101000000484F9BB5971B5AC0086BCD3D41574940,CLOSR:BSCLS::12301325,BS CLOSURE,IPL,,LACC_APLOWED_C,REGNSK,,ZHNRSK02,SASKTEL,2022,,100049,,818494,,ESLIG1,2022-08-25T09:04:45,BINGA1,2024-10-14T23:53:56
Structure1_WGS84/21994,0101000000D0A8974AE5E759C0A06970650D594940,CLOSR:BSCLS::11543563,BS CLOSURE,IPL,,LACC_ATRENCH_C,FTQPSK,,KWBHSK01,SASKTEL,2022,,100049,,814164,,HOLTA1,2021-07-14T08:45:40,POTIT1,2023-09-25T04:23:04
Structure1_WGS84/22029,01010000002C5E6E2843275AC0E89C6E5F5B384940,CLOSR:BSCLS:C214397,BS CLOSURE,ABD,,LACC_ATRENCH_C,REGNSK,,REGNSK01,SASKTEL,,,100049,,,,,,QIUE1,2018-11-22T09:10:51
Structure1_WGS84/22037,01010000007CEB2B5EF8705BC0202A6D41943B4940,CLOSR:BSCLS:C534319,BS CLOSURE,IPL,,LACC_APLOWED_F,RCHMSK,,RCHMSK01,SASKTEL,,,100049,,,,,,BALLB1,2019-06-19T00:47:24
Structure1_WGS84/22051,0101000000A8471CDD81275AC0C0E1530DB62E4940,CLOSR:BSCLS::8997630,BS CLOSURE,IPL,,LACC_APLOWED_F,REGNSK,,REGNSK03,SASKTEL,2016,30M EAST OF PROPERTY LINE,100049,,984239,,,,PALGS1,2019-08-23T04:13:12
Structure1_WGS84/22052,01010000005C491FDEA6275AC0E012ECD1B12E4940,CLOSR:BSCLS::8997631,BS CLOSURE,IPL,,LACC_APLOWED_F,REGNSK,,REGNSK03,SASKTEL,2016,50M WEST OF PROPERTY LINE,100049,,984239,,,,PALGS1,2019-08-23T04:29:42
Structure1_WGS84/22083,0101000000DCE6ED054F015AC058306E33AD5F4940,CLOSR:BSCLS:C141795,BS CLOSURE,IPL,,LACC_APLOWED_C,FTQPSK,,FTQPSK01,SASKTEL,,,100049,,,,,,VUDUP1,2018-10-30T21:42:21
Structure1_WGS84/22095,0101000000E4B59AF4852D5AC010859C52F9314940,CLOSR:BSCLS::9077932,BS CLOSURE,IPL,,LACC_APLOWED_C,REGNSK,,REGNSK03,SASKTEL,2016,,100049,,800273,,,,WILLJ2,2018-11-21T12:11:24
Structure1_WGS84/22123,0101000000100EA428832A5AC018FE24C2EF314940,CLOSR:BSCLS:C185774,BS CLOSURE,IPL,,LACC_APLOWED_C,REGNSK,,REGNSK03,SASKTEL,,,100049,,,,,,PALGS1,2019-08-23T01:42:49
Structure1_WGS84/22124,0101000000142E2778F52A5AC078BE1B4FE7304940,CLOSR:BSCLS:C185847,BS CLOSURE,IPL,,LACC_APLOWED_C,REGNSK,,REGNSK03,SASKTEL,,,100049,,,,,,PALGS1,2019-08-23T02:08:19
Structure1_WGS84/22125,0101000000E036BC4E7A2A5AC00880B7CE2C324940,CLOSR:BSCLS:C225479,BS CLOSURE,ABD,,LACC_APLOWED_F,REGNSK,,REGNSK03,SASKTEL,,,100049,,,,,,PALGS1,2019-08-23T02:13:15
Structure1_WGS84/22181,0101000000D0EB9B7039105AC09018834215514940,LOSR:BSCLS::11227083,BS CLOSURE,IPL,,LACC_ATRENCH_C,BLGNSK,,EDNWSK01,SASKTEL,2020,,100049,,812027,,LUBIT1,2020-12-04T12:23:48,BINGA1,2024-10-14T20:09:47
Structure1_WGS84/22258,0101000000AC78BF118A5F5BC04021A878AEEF4840,CLOSR:BSCLS:C519725,BS CLOSURE,IPL,,LACC_APLOWED_C,MPCKSK,,MPCKSK01,SASKTEL,,,100049,,,,,,KATRR1,2019-03-21T07:38:11
Structure1_WGS84/22498,0101000000FCCFB7BEF52B5AC0A0714522274C4940,CLOSR:BSCLS:C248545,BS CLOSURE,IPL,,LACC_APLOWED_C,REGNSK,,REGNSK04,SASKTEL,,,100049,,,,,,OUGAB1,2020-03-27T02:18:16
Structure1_WGS84/22544,0101000000BC2A0FB9D6EC5AC01894BDA023ED4840,CLOSR:BSCLS::11661642,BS CLOSURE,IPL,,LACC_APLOWED_C,CDLCSK,,CDLCSK01,SASKTEL,2021,,100049,,,,HUNTG1,2021-09-22T15:02:36,HUNTG1,2021-09-22T15:32:08
Structure1_WGS84/22569,010100000058AE19416C085BC0D80217D8E1FB4840,CLOSR:BSCLS::11446021,BS CLOSURE,IPL,,LACC_APLOWED_C,SHNVSK,,SIMISK01,SASKTEL,2021,,100049,,813408,,HUNTG1,2021-05-06T12:22:47,HUNTG1,2021-10-21T09:20:33
Structure1_WGS84/22620,0101000000C44BAE97A3195BC0C8A3BAA41D4C4940,CLOSR:BSCLS:C524525,BS CLOSURE,IPL,,LACC_APLOWED_F,CABRSK,,CABRSK01,SASKTEL,,,100049,,,,,,BALLB1,2019-04-25T23:40:40
Structure1_WGS84/22661,010100000020521A0452555AC0B0CBFF37F8604940,CLOSR:BSCLS:C100383,BS CLOSURE,IPL,,LACC_APLOWED_F,BTHNSK,,BTHNSK02,SASKTEL,,,100049,,,,,,PALGS1,2019-09-12T22:45:15
Structure1_WGS84/22662,01010000009C31847D4A585AC0D8AA58C7B4634940,CLOSR:BSCLS:C100514,BS CLOSURE,IPL,,LACC_APLOWED_F,BTHNSK,,BTHNSK02,SASKTEL,,,100049,,,,,,PALGS1,2019-09-12T22:45:15
Structure1_WGS84/22780,0101000000102FFBE71CDE59C088AF562A7E674940,CLOSR:BSCLS:C122986,BS CLOSURE,IPL,,LACC_APLOWED_F,BLCRSK,,BLCRSK01,SASKTEL,,,100049,,,,,,BALLB1,2019-07-26T04:19:58
Structure1_WGS84/22781,01010000009CE8A60C5DE059C068FA3B345C674940,CLOSR:BSCLS:C126530,BS CLOSURE,IPL,,LACC_APLOWED_C,BLCRSK,,BLCRSK01,SASKTEL,,,100049,,,,,,BALLB1,2019-07-26T03:58:24
Structure1_WGS84/22782,0101000000781B3AF418DF59C0782517708A674940,CLOSR:BSCLS:C126557,BS CLOSURE,IPL,,LACC_APLOWED_C,BLCRSK,,BLCRSK01,SASKTEL,,,100049,,,,,,BALLB1,2019-07-26T04:01:01
Structure1_WGS84/22783,0101000000C01B130E8FDF59C080406EF967674940,CLOSR:BSCLS:C171420,BS CLOSURE,ABD,,LACC_APLOWED_F,BLCRSK,,BLCRSK01,SASKTEL,,,100049,,,,,,BALLB1,2019-07-26T04:07:16
Structure1_WGS84/22801,0101000000F0F06D1391E559C0800D7A9CCD534940,CLOSR:BSCLS:C167932,BS CLOSURE,IPL,,LACC_APLOWED_C,INHDSK,,INHDSK01,SASKTEL,,,100049,,,,,,BALLB1,2019-04-18T21:12:04
Structure1_WGS84/22802,0101000000608640DA71D959C09008AAD9925E4940,CLOSR:BSCLS:C160241,BS CLOSURE,IPL,,LACC_APLOWED_F,ABRNSK,,ABRNSK01,SASKTEL,,,100049,,,,,,BALLB1,2019-04-18T20:58:57
Structure1_WGS84/22815,0101000000A00C131523CF59C0685FE699E96C4940,CLOSR:BSCLS:C171606,BS CLOSURE,ABD,,LACC_APLOWED_F,LMBGSK,,LMBGSK01,SASKTEL,,,100049,,,,,,BALLB1,2019-04-18T01:11:51
Structure1_WGS84/22816,0101000000EC88E40D2BD259C0D0BCF3630A644940,CLOSR:BSCLS:C166241,BS CLOSURE,IPL,,LACC_APLOWED_C,LMBGSK,,LMBGSK01,SASKTEL,,,100049,,,,,,BALLB1,2019-04-18T21:03:13
Structure1_WGS84/22817,010100000068323B6FC9D059C028A38F3B5D6C4940,CLOSR:BSCLS:C148736,BS CLOSURE,IPL,,LACC_APLOWED_C,LMBGSK,,LMBGSK01,SASKTEL,,,100049,,,,,,BALLB1,2019-04-18T01:11:51
Structure1_WGS84/22850,010100000060EE136D521E5BC0C82D4F829F514940,CLOSR:BSCLS:C571721,BS CLOSURE,IPL,,LACC_APLOWED_C,CABRSK,,CABRSK01,SASKTEL,,GP-0A-20,100049,,,,,,BALLB1,2019-06-12T00:23:11
Structure1_WGS84/22863,0101000000889D0D1F6FEB59C020F3CEFC85434940,CLOSR:BSCLS:C120898,BS CLOSURE,IPL,,LACC_APLOWED_C,INHDSK,,INHDSK01,SASKTEL,,,100049,,,,,,GORRS2,2019-01-09T08:45:29
Structure1_WGS84/22875,0101000000541CB0A630EA59C0D0A50E18C2444940,CLOSR:BSCLS::6917915,BS CLOSURE,IPL,,LACC_ATRENCH_C,INHDSK,,INHDSK01,SASKTEL,2013,,100049,,970404,,,,GORRS2,2019-01-09T10:41:05
Structure1_WGS84/23016,0101000000E0BD0DAB641E5BC0F8A56BB1914A4940,CLOSR:BSCLS:C507179,BS CLOSURE,IPL,,LACC_APLOWED_C,CABRSK,,CABRSK01,SASKTEL,,,100049,,,,,,DASAS1,2018-10-15T05:57:02
Structure1_WGS84/23027,01010000009C883B9A271D5BC0A0A8F9B8634F4940,CLOSR:BSCLS:C502957,BS CLOSURE,IPL,,LACC_ATRENCH_C,CABRSK,,CABRSK01,SASKTEL,,,100049,,,,,,DASAS1,2018-10-16T11:55:17
Structure1_WGS84/23081,010100000018EAAD0A7F2D5BC070587AD75A494940,CLOSR:BSCLS:C512707,BS CLOSURE,IPL,,LACC_APLOWED_C,CABRSK,,CABRSK01,SASKTEL,,,100049,,,,,,DASAS1,2018-10-16T05:08:55
Structure1_WGS84/23099,010100000040491B23E61E5BC0600ED6FAC04C4940,CLOSR:BSCLS:C519768,BS CLOSURE,IPL,,LACC_APLOWED_C,CABRSK,,CABRSK01,SASKTEL,,,100049,,,,,,DASAS1,2018-10-15T11:52:52
Structure1_WGS84/23147,0101000000340D57F55C115AC0200FD1E3954B4940,CLOSR:BSCLS:C112018,BS CLOSURE,IPL,,LACC_APLOWED_C,BLGNSK,,BLGNSK01,SASKTEL,,,100049,,,,,,PONNL1,2020-10-19T06:16:03
Structure1_WGS84/23215,0101000000685EBABBC1CA59C028E9AF6402174940,CLOSR:BSCLS:C168180,BS CLOSURE,IPL,,LACC_APLOWED_C,GLNVSK,,GLNVSK01,SASKTEL,,,100049,,,,,,GOPIA1,2020-04-10T06:48:35
Structure1_WGS84/23244,0101000000287408635EC95AC0801855E462F34840,CLOSR:BSCLS::12341653,BS CLOSURE,IPL,,LACC_ATRENCH_C,VNGRSK,,VNGRSK01,SASKTEL,2023,,100049,,818471,,HUNTG1,2022-09-19T10:35:34,POTIT1,2023-09-25T04:37:49
Structure1_WGS84/23260,010100000040851DD807135AC0D84F6BAC1A274940,CLOSR:BSCLS:C167796,BS CLOSURE,IPL,,LACC_APLOWED_C,REGNSK,,REGNSK01,SASKTEL,,,100049,,,,,,WILLJ2,2019-06-18T09:45:01
Structure1_WGS84/23261,010100000084EE279D07135AC03044E79F1A274940,CLOSR:BSCLS:C167797,BS CLOSURE,IPL,,LACC_APLOWED_C,REGNSK,,REGNSK01,SASKTEL,,,100049,,,,,,WILLJ2,2019-06-18T09:41:39
Structure1_WGS84/23283,010100000024D18855C0B159C0A03A338745F24840,CLOSR:BSCLS::12377484,BS CLOSURE,IPL,,LACC_APLOWED_C,WNDTSK,,CRNGSK01,SASKTEL,2023,,100049,,818663,,VIXAJ1,2022-10-04T15:26:29,POTIT1,2023-09-25T04:37:37
Structure1_WGS84/23349,0101000000F47B7681518059C0703D35C49CF24840,CLOSR:BSCLS::9825503,BS CLOSURE,IPL,,LACC_APLOWED_C,WAWTSK,,WAWTSK01,SASKTEL,2018,,100049,,803660,,HOLTA1,2018-02-05T11:55:37,HOLTA1,2018-11-21T15:33:04
Structure1_WGS84/23350,0101000000A02F1F71518059C0E8BF9D379AF24840,CLOSR:BSCLS::9825508,BS CLOSURE,IPL,,LACC_APLOWED_C,WAWTSK,,WAWTSK01,SASKTEL,2018,,100049,,803660,,HOLTA1,2018-02-05T12:12:08,HOLTA1,2018-11-21T15:33:04
Structure1_WGS84/23351,0101000000884760AE508059C0F08CF2439AF24840,CLOSR:BSCLS::9825509,BS CLOSURE,IPL,,LACC_APLOWED_C,WAWTSK,,WAWTSK01,SASKTEL,2018,,100049,,803660,,HOLTA1,2018-02-05T12:12:12,HOLTA1,2018-11-21T15:33:04
Structure1_WGS84/23371,010100000004B19967F8FF59C0189F4AEC6B1E4940,CLOSR:BSCLS::9965015,BS CLOSURE,IPL,,LACC_APLOWED_C,SDLYSK,,SDLYSK02,SASKTEL,2018,,100049,,985230,,KAURP3,2018-05-24T16:52:23,PONNL1,2020-10-21T04:40:38
Structure1_WGS84/23429,0101000000B416A706ACF859C0C0238DEB8E434940,CLOSR:BSCLS:C171674,BS CLOSURE,IPL,,LACC_APLOWED_F,QAPLSK,,QAPLSK01,SASKTEL,,,100049,,,,,,SZOSG1,2021-12-09T16:22:47
Structure1_WGS84/23442,01010000002C03DD7D1F245AC0887647F99B534940,LOSR:BSCLS::11159242,BS CLOSURE,IPL,,LACC_APLOWED_C,REGNSK,,KNNLSK01,SASKTEL,2020,,100049,,811241,,HOLTA1,2020-10-01T08:33:44,THUND1,2024-02-16T03:25:07
Structure1_WGS84/23476,01010000004CFECD0FAC675BC080DE226AC1184940,LOSR:BSCLS::10761195,BS CLOSURE,IPL,,LACC_APLOWED_C,MPCKSK,,GLPRSK02,SASKTEL,2020,,100049,,807689,,WILLJ2,2020-01-14T16:02:24,HUNTG1,2021-10-12T16:07:55
Structure1_WGS84/23498,0101000000004FF98E9C8259C0C80A8AFB5C1D4940,LOSR:BSCLS::10496203,BS CLOSURE,IPL,,LACC_APLOWED_C,WPLLSK,,WPLLSK01,SASKTEL,2020,,100049,,809483,,KAURP3,2019-06-13T12:39:44,KAURP3,2022-04-06T00:37:20
Structure1_WGS84/23499,0101000000B0A34BE19C8259C0301665275D1D4940,LOSR:BSCLS::10496204,BS CLOSURE,IPL,,LACC_APLOWED_C,WPLLSK,,WPLLSK01,SASKTEL,2020,,100049,,809483,,KAURP3,2019-06-13T12:39:55,KAURP3,2022-04-06T00:37:20
Structure1_WGS84/23501,01010000000C6764E142145AC0A860B230054B4940,CLOSR:BSCLS:C162208,BS CLOSURE,IPL,,LACC_APLOWED_F,BLGNSK,,BLGNSK01,SASKTEL,,,100049,,,,,,PALGS1,2019-09-18T00:20:01
Structure1_WGS84/23502,01010000009CBB79849C0B5AC0D8C9F7310B4B4940,CLOSR:BSCLS:C162240,BS CLOSURE,IPL,,LACC_APLOWED_F,BLGNSK,,BLGNSK01,SASKTEL,,,100049,,,,,,PALGS1,2019-09-18T00:24:40
Structure1_WGS84/23576,01010000007C10764859C85AC0406F0341771F4940,CLOSR:BSCLS:C515703,BS CLOSURE,IPL,,LACC_APLOWED_C,NDPTSK,,HLNQSK01,SASKTEL,,,100049,,,,,,CHENR1,2021-10-25T08:36:54
Structure1_WGS84/23588,010100000068F6942AFE2A5AC0D817C34E913E4940,CLOSR:BSCLS:C220243,BS CLOSURE,IPL,,LACC_APLOWED_C,REGNSK,,REGNSK04,SASKTEL,,,100049,,,,,,PAUMT1,2021-06-18T09:47:45
Structure1_WGS84/23738,010100000084B813CEC9D759C0A817234FA8094940,CLOSR:BSCLS::9051421,BS CLOSURE,IPL,,LACC_APLOWED_C,MTMRSK,,MTMRSK02,SASKTEL,2016,,100049,,984763,,,,KAURR2,2017-03-23T11:06:09
Structure1_WGS84/23783,010100000060150E3BEE235AC0D0C486712E3D4940,CLOSR:BSCLS:C229674,BS CLOSURE,IPL,,LACC_ATRENCH_C,REGNSK,,REGNSK12,SASKTEL,,,100049,,,,,,CHENR1,2021-11-23T01:18:47
Structure1_WGS84/23816,010100000024BB8D5E111F5AC0386DCE47AD1A4940,CLOSR:BSCLS:C214642,BS CLOSURE,IPL,,LACC_APLOWED_C,REGNSK,,ESTLSK01,SASKTEL,,,100049,,,,,,SAKAM1,2024-10-10T07:25:03
Structure1_WGS84/24008,01010000004CAC7E65B8395AC0D8D82CD178514940,CLOSR:BSCLS:C158230,BS CLOSURE,IPL,,LACC_APLOWED_C,LMSDSK,,LMSDSK01,SASKTEL,,,100049,,,,,,PONNL1,2019-11-26T02:02:08
Structure1_WGS84/24284,01010000006021A7A0BC095BC0781685167FE44840,CLOSR:BSCLS::13239682,BS CLOSURE,IPL,,LACC_ATRENCH_C,SHNVSK,,ADMRSK02,SASKTEL,2024,,100049,,825114,,HUNTG1,2024-08-15T11:36:57,HUNTG1,2024-10-07T15:40:50
Structure1_WGS84/24324,0101000000943BE93376265AC0C0779FA6803E4940,CLOSR:BSCLS:C219158,BS CLOSURE,IPL,,LACC_APLOWED_C,REGNSK,,REGNSK12,SASKTEL,,NOT IN MARTIENS,100049,,,,,,CHENR1,2021-11-23T01:18:42
Structure1_WGS84/24327,01010000007893EECDA0245AC06028912B123D4940,CLOSR:BSCLS:C208679,BS CLOSURE,IPL,,LACC_APLOWED_C,REGNSK,,REGNSK12,SASKTEL,,,100049,,,,,,CHENR1,2021-11-23T01:18:34
Structure1_WGS84/24365,0101000000A4BAD1DE98FC5AC0400AF9687DE44840,CLOSR:BSCLS:C506345,BS CLOSURE,IPL,,LACC_APLOWED_C,SHNVSK,,ADMRSK03,SASKTEL,,,100049,,,,,,CHENR1,2021-11-29T08:45:56
Structure1_WGS84/24374,0101000000641AEFBC24255AC0803738D9D23D4940,CLOSR:BSCLS:C195757,BS CLOSURE,IPL,,LACC_APLOWED_C,REGNSK,,REGNSK12,SASKTEL,,,100049,,,,,,CHENR1,2021-11-23T01:18:43
Structure1_WGS84/24434,010100000034C54114FC475BC08884E8B085004940,CLOSR:BSCLS:C529672,BS CLOSURE,IPL,,LACC_APLOWED_F,PIPTSK,,PIPTSK01,SASKTEL,,,100049,,,,,,HUNTG1,2019-05-01T15:13:47
Structure1_WGS84/24448,0101000000F0E67566D01B5AC0C0D88F42093A4940,CLOSR:BSCLS::8874763,BS CLOSURE,ABD,,LACC_APLOWED_C,REGNSK,,PLBTSK01,SASKTEL,2016,,100049,,983299,,,,HELLC2,2024-12-05T16:31:37
Structure1_WGS84/24476,0101000000304B6F7063365BC06844F2CDEA4F4940,CLOSR:BSCLS::8440827,BS CLOSURE,IPL,,LACC_APLOWED_C,ABBYSK,,ABBYSK03,SASKTEL,2013,,100049,R319 P6A,,,,,CHENR1,2021-11-29T08:18:49
Structure1_WGS84/24485,0101000000B82009988C255AC03077A49CDD3B4940,CLOSR:BSCLS:C225679,BS CLOSURE,IPL,,LACC_ATRENCH_C,REGNSK,,REGNSK12,SASKTEL,,,100049,,,,,,CHENR1,2021-11-23T01:18:35
Structure1_WGS84/24515,0101000000107E8D4A48725AC048A9E5BDA06A4940,CLOSR:BSCLS::13259514,BS CLOSURE,IPL,,LACC_ATRENCH_C,CRAKSK,,AYBYSK02,SASKTEL,2024,,100049,,825735,,MALLM1,2024-09-19T14:53:50,HELLC2,2025-01-27T11:35:03
Structure1_WGS84/24519,01010000001CC62FB2600B5AC0C0BCA340CB144940,CLOSR:BSCLS:C141967,BS CLOSURE,ABD,,LACC_APLOWED_C,SDLYSK,,SDLYSK02,SASKTEL,,,100049,,,,,,PALGS1,2019-04-05T00:53:54
Structure1_WGS84/24520,0101000000188B6698CC075AC0981211B7B00F4940,CLOSR:BSCLS:C74247,BS CLOSURE,ABD,,LACC_APLOWED_F,SDLYSK,,SDLYSK02,SASKTEL,,,100049,,,,,,PALGS1,2019-04-05T00:11:09
Structure1_WGS84/24544,010100000070504B3E39355AC0E0AF8822E34C4940,CLOSR:BSCLS:C80776,BS CLOSURE,ABD,,LACC_APLOWED_F,LMSDSK,,LMSDSK01,SASKTEL,,,100049,,,,,,PALGS1,2019-04-11T20:29:06
Structure1_WGS84/24545,01010000006897737FAE365AC0A883F435C74F4940,CLOSR:BSCLS:C80792,BS CLOSURE,ABD,,LACC_APLOWED_F,LMSDSK,,LMSDSK01,SASKTEL,,,100049,,,,,,PALGS1,2019-04-11T20:32:28
Structure1_WGS84/24546,0101000000CC39E009697559C010493C2C16204940,CLOSR:BSCLS:C152858,BS CLOSURE,IPL,,LACC_APLOWED_F,MSMNSK,,MSMNSK01,SASKTEL,,,100049,,,,,,PALGS1,2019-04-12T01:07:20
Structure1_WGS84/24566,0101000000E014E31D1C3A5AC0E897E0250F814940,CLOSR:BSCLS:C109601,BS CLOSURE,ABD,,LACC_APLOWED_F,STBGSK,,STBGSK01,SASKTEL,,,100049,,,,,,PALGS1,2019-04-11T22:05:44
Structure1_WGS84/24568,0101000000848A698D7E7D59C06078F8B408244940,CLOSR:BSCLS:C168982,BS CLOSURE,IPL,,LACC_APLOWED_C,WPLLSK,,WPLLSK01,SASKTEL,,2300 4G-07,100049,,,,,,PALGS1,2019-04-12T00:49:46
Structure1_WGS84/24569,01010000004CFA128FE3D659C07834151CBD3C4940,CLOSR:BSCLS:C147477,BS CLOSURE,IPL,,LACC_APLOWED_F,WLSLSK,,WLSLSK01,SASKTEL,,GP 2B-02,100049,,,,,,PALGS1,2019-04-08T20:34:27
Structure1_WGS84/24570,0101000000707537B7389959C05076E8CB7D304940,CLOSR:BSCLS:C171103,BS CLOSURE,IPL,,LACC_APLOWED_F,WHWDSK,,WHWDSK01,SASKTEL,,,100049,,,,,,PALGS1,2019-04-10T00:17:45
Structure1_WGS84/24571,0101000000781AF89DDB9259C0C8447F12E62E4940,CLOSR:BSCLS:C171117,BS CLOSURE,IPL,,LACC_APLOWED_F,WHWDSK,,WHWDSK01,SASKTEL,,,100049,,,,,,PALGS1,2019-04-10T03:50:05
Structure1_WGS84/24598,0101000000380E356ADB195AC0A80A42231F7A4940,CLOSR:BSCLS::12296588,BS CLOSURE,IPL,,LACC_APLOWED_C,STHYSK,,STHYSK01,SASKTEL,2023,,100049,,818505,,ESLIG1,2022-08-23T14:08:18,DASIL1,2024-10-17T03:41:18
Structure1_WGS84/24627,0101000000A8D6064A712B5AC020823078173F4940,CLOSR:BSCLS:C222059,BS CLOSURE,IPL,,LACC_APLOWED_C,REGNSK,,REGNSK04,SASKTEL,,,100049,,,,,,,
Structure1_WGS84/24648,0101000000ECB710C0BA1E5BC0C0547CAEBC0A4940,CLOSR:BSCLS:C570699,BS CLOSURE,ABD,,LACC_APLOWED_F,GLLKSK,,GLLKSK01,SASKTEL,,,100049,,,,,,BALLB1,2019-06-24T00:01:22
Structure1_WGS84/24649,0101000000E0B00B71121F5BC000B5B635D1094940,CLOSR:BSCLS:C572926,BS CLOSURE,IPL,,LACC_APLOWED_F,GLLKSK,,GLLKSK01,SASKTEL,,,100049,,,,,,BALLB1,2019-06-24T00:02:53
Structure1_WGS84/24662,0101000000ACF4C3D0765A5AC0C8927F21BC5B4940,CLOSR:BSCLS::11678618,BS CLOSURE,IPL,,LACC_APLOWED_F,BTHNSK,,BTHNSK02,SASKTEL,2021,,100049,,811341,,KLETR1,2021-10-01T15:02:25,KLETR1,2021-10-05T14:01:46
Structure1_WGS84/24677,010100000074BCE00B87FF5AC030E16B9DF2D84840,CLOSR:BSCLS:C503825,BS CLOSURE,IPL,,LACC_APLOWED_C,SHNVSK,,ADMRSK03,SASKTEL,,,100049,,,,,,CHENR1,2021-11-29T08:45:57
Structure1_WGS84/24690,010100000078D8A8DA30F85AC0789D7C031ED44840,CLOSR:BSCLS:C506435,BS CLOSURE,IPL,,LACC_APLOWED_C,SHNVSK,,ADMRSK03,SASKTEL,,,100049,,,,,,CHENR1,2021-11-29T08:45:52
Structure1_WGS84/24694,0101000000A4BF99C3AE345BC030CA2B2B5B494940,CLOSR:BSCLS:C518498,BS CLOSURE,ABD,,LACC_APLOWED_C,ABBYSK,,ABBYSK03,SASKTEL,,,100049,,,,,,CHENR1,2021-11-29T08:18:48
Structure1_WGS84/24701,0101000000E83CE070B5265AC0F098D7378E3B4940,CLOSR:BSCLS::7124635,BS CLOSURE,IPL,,LACC_AUG_COPPER,REGNSK,,REGNSK01,SASKTEL,2012,,100049,,0,,,,CHENR1,2019-08-27T07:06:21
Structure1_WGS84/24714,0101000000909412876E255AC0784D1D580C3E4940,CLOSR:BSCLS:C195230,BS CLOSURE,IPL,,LACC_APLOWED_C,REGNSK,,REGNSK12,SASKTEL,,,100049,,,,,,CHENR1,2021-11-23T01:18:42
Structure1_WGS84/24717,010100000064336D5052F65AC0384F90D335204940,CLOSR:BSCLS:C557120,BS CLOSURE,IPL,,LACC_APLOWED_C,SWCRSK,,SWCRSK02,SASKTEL,,,100049,,,,,,KATRR1,2019-07-01T00:01:32
Structure1_WGS84/24749,01010000003480535F631E5AC078EB5249BB414940,CLOSR:BSCLS:C235550,BS CLOSURE,IPL,,LACC_APLOWED_C,REGNSK,,REGNSK12,SASKTEL,,,100049,,,,,,CHENR1,2021-11-23T01:18:45
Structure1_WGS84/24752,01010000008431ECA714265AC0C8812648403F4940,CLOSR:BSCLS:C224030,BS CLOSURE,ABD,,LACC_APLOWED_C,REGNSK,,REGNSK12,SASKTEL,,,100049,,,,,,CHENR1,2021-11-23T01:18:37
Structure1_WGS84/24753,01010000002C0BC5D498025AC048F0F4F4586D4940,CLOSR:BSCLS::8457453,BS CLOSURE,IPL,,LACC_APLOWED_C,DYSRSK,,DYSRSK01,SASKTEL,2015,,100049,,980513,,,,PONNL1,2019-12-19T23:55:00
Structure1_WGS84/24775,010100000084C2F3946D5A5AC00827F6CB05744940,CLOSR:BSCLS:C144994,BS CLOSURE,IPL,,LACC_APLOWED_F,HLDFSK,,HLDFSK01,SASKTEL,,,100049,,,,,,PALGS1,2019-06-06T00:04:31
Structure1_WGS84/24778,0101000000D00587DAC0245AC0B8B882B7513D4940,CLOSR:BSCLS:C208552,BS CLOSURE,IPL,,LACC_APLOWED_C,REGNSK,,REGNSK12,SASKTEL,,,100049,,,,,,CHENR1,2021-11-23T01:18:40
Structure1_WGS84/24801,010100000038E8B29B90F25AC0004B37C1AB344940,CLOSR:BSCLS:C570653,BS CLOSURE,IPL,,LACC_APLOWED_C,SWCRSK,,SWCRSK02,SASKTEL,,,100049,,,,,,GORRS2,2019-05-17T07:57:13
Structure1_WGS84/24806,01010000002C46D87B87405AC070C3F78400504940,CLOSR:BSCLS:C84605,BS CLOSURE,IPL,,LACC_APLOWED_F,LMSDSK,,LMSDSK01,SASKTEL,,GP,100049,,,,,,PALGS1,2019-06-04T01:31:23
Structure1_WGS84/24809,0101000000F4223A01F6415AC068B34C5469334940,CLOSR:BSCLS:C119852,BS CLOSURE,IPL,,LACC_APLOWED_C,PENSSK,,PENSSK01,SASKTEL,,,100049,,,,,,PALGS1,2019-06-10T01:40:56
Structure1_WGS84/24822,0101000000FC5D7C2A77495AC0B8A8F0B6FE564940,CLOSR:BSCLS:C150370,BS CLOSURE,IPL,,LACC_APLOWED_F,BTHNSK,,BTHNSK02,SASKTEL,,,100049,,,,,,PALGS1,2019-06-04T01:00:26
Structure1_WGS84/24823,0101000000EC9CB410E74D5AC070F994459C5A4940,CLOSR:BSCLS:C150390,BS CLOSURE,IPL,,LACC_APLOWED_F,BTHNSK,,BTHNSK02,SASKTEL,,,100049,,,,,,PALGS1,2019-06-04T00:46:45
Structure1_WGS84/24825,0101000000248C84BB95015BC048CCB4B616674940,CLOSR:BSCLS:C375671,BS CLOSURE,IPL,,LACC_APLOWED_F,KYLESK,,KYLESK01,SASKTEL,,,100049,,,,,,PALGS1,2019-06-09T22:51:33
Structure1_WGS84/24884,010100000008A36093A3F55AC028C5F9CEC1224940,CLOSR:BSCLS:C557330,BS CLOSURE,IPL,,LACC_APLOWED_C,SWCRSK,,SWCRSK02,SASKTEL,,,100049,,,,,,KATRR1,2019-07-01T01:08:16
Structure1_WGS84/24891,01010000008C9236D96F1F5AC0005DC1C40C3E4940,CLOSR:BSCLS:C255960,BS CLOSURE,IPL,,LACC_APLOWED_F,REGNSK,,REGNSK12,SASKTEL,,,100049,R2302 0A-01,,,,,CHENR1,2021-11-23T01:19:15
Structure1_WGS84/24935,0101000000BC33592ACF835AC0505B8DD36DA64940,CLOSR:BSCLS:C95476,BS CLOSURE,IPL,,LACC_APLOWED_F,DVSNSK,,DVSNSK03,SASKTEL,,,100049,,,,,,PALGS1,2019-04-26T00:57:50
Structure1_WGS84/24937,010100000020DA179B59255AC0B03606D7FB3D4940,CLOSR:BSCLS:C195576,BS CLOSURE,IPL,,LACC_ATRENCH_F,REGNSK,,REGNSK12,SASKTEL,,,100049,,,,,,CHENR1,2021-11-23T01:19:12
Structure1_WGS84/24938,0101000000A4042FC03F205AC058A89D1D8D414940,CLOSR:BSCLS:C205697,BS CLOSURE,IPL,,LACC_APLOWED_C,REGNSK,,REGNSK12,SASKTEL,,,100049,,,,,,CHENR1,2021-11-23T01:18:51
Structure1_WGS84/24945,01010000002CAACE352FF05AC000A3E6A6EB234940,CLOSR:BSCLS:C542481,BS CLOSURE,IPL,,LACC_APLOWED_C,SWCRSK,,SWCRSK02,SASKTEL,,,100049,,,,,,GORRS2,2019-06-07T13:14:10
Structure1_WGS84/25028,010100000048C2A44900295AC0582422A6CB354940,CLOSR:BSCLS:C183977,BS CLOSURE,IPL,,LACC_ATRENCH_C,REGNSK,,REGNSK03,SASKTEL,,,100049,,,,,,WILLJ2,2019-08-29T10:00:53
Structure1_WGS84/25041,0101000000A8E18320A5DD59C0A03F6499973D4940,CLOSR:BSCLS:C128018,BS CLOSURE,IPL,,LACC_APLOWED_C,SNTLSK,,SNTLSK01,SASKTEL,,,100049,,,,,,MEYEB2,2019-09-18T15:19:29
Structure1_WGS84/25048,0101000000B4194E69E2E959C0480A042578434940,CLOSR:BSCLS:C123118,BS CLOSURE,IPL,,LACC_APLOWED_C,INHDSK,,INHDSK01,SASKTEL,,,100049,,,,,,MEYEB2,2019-09-17T16:37:40
Structure1_WGS84/25049,010100000024DF9F6468E159C05842ADF20F404940,CLOSR:BSCLS:C127943,BS CLOSURE,IPL,,LACC_APLOWED_F,INHDSK,,INHDSK01,SASKTEL,,,100049,,,,,,MEYEB2,2019-09-18T14:20:07
Structure1_WGS84/25106,01010000003CB1EB6A34395AC0907A70603A544940,CLOSR:BSCLS:C92413,BS CLOSURE,IPL,,LACC_APLOWED_C,LMSDSK,,LMSDSK01,SASKTEL,,,100049,,,,,,PONNL1,2019-11-21T20:27:44
Structure1_WGS84/25119,0101000000DCC220D458055BC080C4015766DA4840,CLOSR:BSCLS:C517109,BS CLOSURE,IPL,,LACC_APLOWED_C,SHNVSK,,ADMRSK03,SASKTEL,,,100049,,,,,,CHENR1,2021-11-29T08:45:56
Structure1_WGS84/25180,0101000000C08D36BC10135AC0184A466B182A4940,CLOSR:BSCLS:C188497,BS CLOSURE,IPL,,LACC_APLOWED_C,REGNSK,,REGNSK01,SASKTEL,,,100049,,,,,,PONNL1,2020-04-09T01:47:24
Structure1_WGS84/25296,0101000000CC2B0ECF813D5AC01891591103AA4940,CLOSR:BSCLS:C102737,BS CLOSURE,IPL,,LACC_APLOWED_C,GOVNSK,,GOVNSK01,SASKTEL,,,100049,,,,,,BALLB1,2019-12-05T20:27:18
Structure1_WGS84/25868,010100000048B69E4743395AC0283448E2A1324940,CLOSR:BSCLS:C73203,BS CLOSURE,IPL,,LACC_APLOWED_C,PENSSK,,PENSSK01,SASKTEL,,,100049,,,,,,GORRS2,2019-12-12T08:50:35
Structure1_WGS84/25968,0101000000944139FA6D025AC000109A715B454940,CLOSR:BSCLS:C143402,BS CLOSURE,IPL,,LACC_APLOWED_C,QAPLSK,,QAPLSK01,SASKTEL,,,100049,,,,,,YERRS2,2020-01-08T00:53:35
Structure1_WGS84/26078,0101000000A856D86C82375AC018DB2121F1524940,CLOSR:BSCLS:C88522,BS CLOSURE,IPL,,LACC_ATRENCH_C,LMSDSK,,LMSDSK01,SASKTEL,,,100049,,,,,,KLETR1,2019-09-16T08:57:53
Structure1_WGS84/26629,01010000004C1392D9F4745AC068E906B4BB864940,CLOSR:BSCLS:C92267,BS CLOSURE,IPL,,LACC_APLOWED_C,CRAKSK,,CRAKSK01,SASKTEL,,,100049,,,,,,GOPIA1,2019-12-09T06:20:06
Structure1_WGS84/26686,01010000008C4FC6CD901E5AC0500995E0164A4940,CLOSR:BSCLS:C195626,BS CLOSURE,IPL,,LACC_APLOWED_F,REGNSK,,REGNSK04,SASKTEL,,,100049,,,,,,PALGS1,2019-09-18T22:08:10
Structure1_WGS84/26689,0101000000B8C3237A24355AC060536386A9504940,CLOSR:BSCLS:C90329,BS CLOSURE,IPL,,LACC_APLOWED_C,LMSDSK,,LMSDSK01,SASKTEL,,,100049,,,,,,PALGS1,2019-09-19T00:32:32
Structure1_WGS84/26690,010100000038BEAE40C3345AC060BD2216B6504940,CLOSR:BSCLS:C92543,BS CLOSURE,IPL,,LACC_APLOWED_C,LMSDSK,,LMSDSK01,SASKTEL,,,100049,,,,,,PALGS1,2019-09-19T00:17:35
Structure1_WGS84/26777,0101000000C031DAC9516B59C0B8F157D04D144940,CLOSR:BSCLS:C147009,BS CLOSURE,IPL,,LACC_APLOWED_C,MSMNSK,,MSMNSK01,SASKTEL,,,100049,,,,,,VUDUP1,2020-01-06T22:51:18
Structure1_WGS84/26783,0101000000BC79FF8C23A259C09808D9EE68384940,CLOSR:BSCLS:C118558,BS CLOSURE,IPL,,LACC_APLOWED_C,BRVWSK,,BRVWSK01,SASKTEL,,,100049,,,,,,PALGS1,2019-12-27T04:10:58
Structure1_WGS84/26784,01010000007482E63B04A859C080DBC3935A334940,CLOSR:BSCLS:C120334,BS CLOSURE,IPL,,LACC_APLOWED_C,BRVWSK,,BRVWSK01,SASKTEL,,,100049,,,,,,PALGS1,2019-12-25T20:50:58
Structure1_WGS84/26832,01010000002CF17FFB05105AC0D0A02ADEFC714940,CLOSR:BSCLS:C87606,BS CLOSURE,IPL,,LACC_APLOWED_C,CUPRSK,,CUPRSK01,SASKTEL,,,100049,,,,,,OUGAB1,2019-11-27T05:41:24
Structure1_WGS84/26867,010100000038FBB3E71EDC59C028A525CB933C4940,CLOSR:BSCLS:C128113,BS CLOSURE,IPL,,LACC_APLOWED_C,SNTLSK,,SNTLSK01,SASKTEL,,,100049,,,,,,MEYEB2,2019-10-15T10:35:31
Structure1_WGS84/26869,01010000007860CC385BC059C00824845BBF344940,CLOSR:BSCLS:C141688,BS CLOSURE,IPL,,LACC_APLOWED_C,GRNFSK,,GRNFSK01,SASKTEL,,,100049,,,,,,MEYEB2,2019-10-15T16:10:14
Structure1_WGS84/26871,0101000000B87D3A449ACF59C060FF7022BD344940,CLOSR:BSCLS:C145855,BS CLOSURE,IPL,,LACC_APLOWED_F,WLSLSK,,WLSLSK01,SASKTEL,,GP O-23,100049,,,,,,MEYEB2,2019-10-15T13:41:55
Structure1_WGS84/27064,010100000040CE00B9B2295BC098418EB01F204940,CLOSR:BSCLS:C518411,BS CLOSURE,IPL,,LACC_APLOWED_C,GLLKSK,,GLLKSK01,SASKTEL,,,100049,,,,,,SZOSG1,2017-02-15T15:59:42
Structure1_WGS84/27332,0101000000E09EBB181B9C59C0C05A5B6973F94840,CLOSR:BSCLS::8998890,BS CLOSURE,IPL,,LACC_APLOWED_C,KNDYSK,,KNDYSK01,SASKTEL,2015,,100049,,976000,,,,KATRR1,2019-11-26T00:00:49
Structure1_WGS84/27399,010100000068931D2A6C7759C0B01AC6D52F454940,CLOSR:BSCLS::8091678,BS CLOSURE,IPL,,LACC_APLOWED_C,TNTLSK,,TNTLSK01,SASKTEL,2014,,100049,,976826,,,,MACHS1,2020-01-03T00:42:43
Structure1_WGS84/27428,010100000098716630F0195AC010B5A076C6774940,CLOSR:BSCLS:C133887,BS CLOSURE,ABD,,LACC_APLOWED_C,STHYSK,,STHYSK01,SASKTEL,,,100049,,,,,,PONNL1,2019-12-12T20:30:20
Structure1_WGS84/27429,01010000005C524DFA4F185AC080BB2E618C854940,CLOSR:BSCLS:C112841,BS CLOSURE,IPL,,LACC_APLOWED_C,STHYSK,,STHYSK01,SASKTEL,,,100049,,,,,,PONNL1,2019-12-12T21:56:13
Structure1_WGS84/27447,0101000000087309274C3B5AC0286BB1A17C664940,CLOSR:BSCLS:C125188,BS CLOSURE,IPL,,LACC_APLOWED_C,RGBHSK,,RGBHSK01,SASKTEL,,,100049,,,,,,KATRR1,2019-11-29T00:16:49
Structure1_WGS84/27591,0101000000A06FF8FB4A835AC028F5E85744A84940,CLOSR:BSCLS:C94964,BS CLOSURE,IPL,,LACC_APLOWED_C,DVSNSK,,DVSNSK03,SASKTEL,,,100049,,,,,,CHENR1,2020-01-23T06:31:50
Structure1_WGS84/27601,0101000000ACA23C7CE4225AC040AF2ECA13394940,CLOSR:BSCLS:C156958,BS CLOSURE,ABD,,LACC_ATRENCH_C,REGNSK,,REGNSK46,SASKTEL,,,100049,,,,,,SAKAM1,2023-04-04T10:05:41
Structure1_WGS84/27690,010100000058E95567ECB959C0780648CC9D114940,CLOSR:BSCLS:C154803,BS CLOSURE,IPL,,LACC_APLOWED_C,WNDTSK,,WNDTSK01,SASKTEL,,,100049,,,,,,PALGS1,2019-12-04T05:17:57
Structure1_WGS84/27810,0101000000A4CD2171FB175BC0985E958A94D54840,LOSR:BSCLS::10495278,BS CLOSURE,IPL,,LACC_APLOWED_C,SHNVSK,,SHNVSK01,SASKTEL,2019,,100049,,805947,,KAURR2,2019-06-13T15:34:54,KAURR2,2019-08-19T12:52:44
Structure1_WGS84/27836,01010000007044AF205C7859C04894783E581E4940,CLOSR:BSCLS:C113008,BS CLOSURE,IPL,,LACC_APLOWED_C,WPLLSK,,WPLLSK01,SASKTEL,,,100049,,,,,,PALGS1,2019-12-20T05:02:00
Structure1_WGS84/27838,0101000000740734B5857A59C070B946AD2B204940,CLOSR:BSCLS:C119339,BS CLOSURE,IPL,,LACC_APLOWED_C,WPLLSK,,WPLLSK01,SASKTEL,,,100049,,,,,,PALGS1,2019-12-22T23:44:01
Structure1_WGS84/27839,0101000000D0D6E118448659C08895F9FD11114940,CLOSR:BSCLS:C170334,BS CLOSURE,IPL,,LACC_APLOWED_C,WPLLSK,,WPLLSK01,SASKTEL,,,100049,,,,,,PALGS1,2019-12-23T00:50:03
Structure1_WGS84/28063,0101000000F0512BBED49A59C058F7BF2BDB244940,CLOSR:BSCLS:C81520,BS CLOSURE,IPL,,LACC_APLOWED_C,WHWDSK,,WHWDSK01,SASKTEL,,,100049,,,,,,PALGS1,2019-11-27T21:22:31
Structure1_WGS84/28064,0101000000047835ED608B59C078D3BF544E2B4940,CLOSR:BSCLS:C143348,BS CLOSURE,IPL,,LACC_APLOWED_C,WHWDSK,,WHWDSK01,SASKTEL,,,100049,,,,,,PALGS1,2019-11-27T03:17:47
Structure1_WGS84/28065,0101000000EC1216C1718B59C078BC89C186284940,CLOSR:BSCLS:C139477,BS CLOSURE,IPL,,LACC_APLOWED_C,WHWDSK,,WHWDSK01,SASKTEL,,,100049,,,,,,PALGS1,2019-11-27T01:19:34
Structure1_WGS84/28281,010100000008D98846287D59C0B863883B15214940,LOSR:BSCLS::10666458,BS CLOSURE,IPL,,LACC_APLOWED_F,WPLLSK,,WPLLSK01,SASKTEL,1996,,100049,,,,MEYEB2,2019-09-23T16:48:14,MEYEB2,2019-09-24T16:47:22
Structure1_WGS84/28367,0101000000CC40531940EE59C0684F8BF96D474940,CLOSR:BSCLS:C123522,BS CLOSURE,IPL,,LACC_APLOWED_C,INHDSK,,INHDSK01,SASKTEL,,,100049,,,,,,VUDUP1,2020-01-22T20:30:47
Structure1_WGS84/28428,010100000048C63CBB94EE59C018B98FC5BE2B4940,CLOSR:BSCLS:C132468,BS CLOSURE,IPL,,LACC_APLOWED_C,ODSSSK,,ODSSSK01,SASKTEL,,,100049,,,,,,MACHS1,2019-12-11T04:15:59
Structure1_WGS84/28489,0101000000AC9008795C5B5AC088F5667192974940,CLOSR:BSCLS:C85203,BS CLOSURE,IPL,,LACC_APLOWED_C,LBRTSK,,LBRTSK02,SASKTEL,,,100049,,,,,,CHENR1,2019-11-29T12:22:13
Structure1_WGS84/28636,010100000050CAD6C0B7A459C0D0536AB79C184940,CLOSR:BSCLS:C151967,BS CLOSURE,IPL,,LACC_APLOWED_C,KPNGSK,,KPNGSK01,SASKTEL,,,100049,,,,,,BALLB1,2019-11-28T03:50:52
Structure1_WGS84/28660,0101000000C4A1EE6B53555AC0888E61DE3B924940,CLOSR:BSCLS:C79349,BS CLOSURE,IPL,,LACC_APLOWED_C,LBRTSK,,LBRTSK02,SASKTEL,,,100049,,,,,,CHENR1,2019-11-29T08:42:02
Structure1_WGS84/28803,0101000000D407809432255BC0B8A86155C3CE4840,LOSR:BSCLS::10654923,BS CLOSURE,IPL,,LACC_ATRENCH_C,SHNVSK,,DLRDSK01,SASKTEL,2020,,100049,,807490,,HUNTG1,2019-09-17T08:56:06,WILLJ2,2020-04-06T11:55:43
Structure1_WGS84/28825,010100000058FCC607F8BD5AC0B08A04AE462D4940,LOSR:BSCLS::10700051,BS CLOSURE,IPL,,LACC_APLOWED_C,MORSSK,,MORSSK01,SASKTEL,2019,,100049,,,,HUNTG1,2019-11-01T15:01:05,HUNTG1,2019-11-05T09:14:58
Structure1_WGS84/28830,010100000014E3755DB5DD59C070CAAAAFFE784940,CLOSR:BSCLS:C120847,BS CLOSURE,IPL,,LACC_APLOWED_C,BLCRSK,,BLCRSK03,SASKTEL,,,100049,,,,,,CHENR1,2021-12-06T22:06:33
Structure1_WGS84/29048,0101000000CCA123F166335AC0E81D560EA6504940,CLOSR:BSCLS:C91412,BS CLOSURE,IPL,,LACC_APLOWED_C,LMSDSK,,LMSDSK01,SASKTEL,,,100049,R300 P10-1,,,,,PONNL1,2019-11-19T04:42:13
Structure1_WGS84/29105,0101000000B409D97402355AC00063DBE170024940,CLOSR:BSCLS:C73534,BS CLOSURE,IPL,,LACC_APLOWED_C,AVNLSK,,AVNLSK01,SASKTEL,,,100049,R200 P24,,,,,BALLB1,2019-12-19T20:28:46
Structure1_WGS84/29108,010100000044BE829C66265AC0E067F779463B4940,CLOSR:BSCLS:C201514,BS CLOSURE,IPL,,LACC_ATRENCH_C,REGNSK,,REGNSK01,SASKTEL,,,100049,,,,,,BOHLC2,2017-03-22T09:07:34
Structure1_WGS84/29156,0101000000C47F3A4B143F5AC0E0CA6E0DBC364940,CLOSR:BSCLS:C160961,BS CLOSURE,IPL,,LACC_APLOWED_C,PENSSK,,PENSSK01,SASKTEL,,,100049,,,,,,GORRS2,2019-11-27T12:35:39
Structure1_WGS84/29182,0101000000A4B491FA314C5AC000148C529BF14840,CLOSR:BSCLS:C76112,BS CLOSURE,IPL,,LACC_APLOWED_C,AVNLSK,,AVNLSK01,SASKTEL,,,100049,,,,,,BALLB1,2019-12-20T01:49:49
Structure1_WGS84/29265,010100000018B574650D285AC0C0E56FB7EE804940,CLOSR:BSCLS:C77351,BS CLOSURE,IPL,,LACC_APLOWED_C,ERGRSK,,ERGRSK01,SASKTEL,,,100049,,,,,,KATRR1,2020-09-07T23:40:20
Structure1_WGS84/29267,0101000000C4D1612D1A285AC0B07C36E2F1804940,CLOSR:BSCLS:C77304,BS CLOSURE,IPL,,LACC_APLOWED_C,ERGRSK,,ERGRSK01,SASKTEL,,,100049,,,,,,KATRR1,2020-09-07T23:35:02
Structure1_WGS84/29509,0101000000586725A83F3A5AC0F8AADF03364F4940,CLOSR:BSCLS::6467359,BS CLOSURE,IPL,,LACC_APLOWED_C,LMSDSK,,LMSDSK01,SASKTEL,2013,,100049,,0,,,,PONNL1,2019-11-28T07:12:01
Structure1_WGS84/29554,010100000050F62E8F89A959C08007F298334A4940,CLOSR:BSCLS::11665802,BS CLOSURE,IPL,,LACC_ATRENCH_C,BRVWSK,,MARLSK01,SASKTEL,2012,,100049,,963873,,SZOSG1,2021-09-23T15:31:21,SZOSG1,2021-11-23T17:25:21
Structure1_WGS84/29684,0101000000F83C76B25CF459C000DE7582F2604940,CLOSR:BSCLS:C135573,BS CLOSURE,IPL,,LACC_ATRENCH_C,FTQPSK,,FTQPSK01,SASKTEL,,,100049,,,,,,OUGAB1,2020-01-02T01:51:18
Structure1_WGS84/29735,010100000094D964B0293C5AC03048BFBF79544940,CLOSR:BSCLS:C129613,BS CLOSURE,IPL,,LACC_APLOWED_C,LMSDSK,,LMSDSK01,SASKTEL,,,100049,,,,,,PONNL1,2019-11-28T21:24:48
Structure1_WGS84/29801,01010000003C064C5C1EFF59C00017F79BA00B4940,CLOSR:BSCLS:C73603,BS CLOSURE,IPL,,LACC_APLOWED_C,SDLYSK,,SDLYSK02,SASKTEL,,,100049,,,,,,PONNL1,2019-12-23T03:22:46
Structure1_WGS84/29886,0101000000FC4D3E29526859C05096DC2631104940,CLOSR:BSCLS:C147171,BS CLOSURE,IPL,,LACC_APLOWED_C,MSMNSK,,MSMNSK01,SASKTEL,,,100049,,,,,,OUGAB1,2019-12-23T00:14:44
Structure1_WGS84/29922,01010000005CB77AE15D735AC0B0FE755FAF874940,CLOSR:BSCLS::9944863,BS CLOSURE,IPL,,LACC_APLOWED_C,CRAKSK,,CRAKSK01,SASKTEL,2018,,100049,,804419,,WILLJ2,2018-05-07T14:16:17,GORRS2,2019-09-30T13:09:49
Structure1_WGS84/30125,010100000090BB0D0C4E2E5AC0F84DFEE723C24940,CLOSR:BSCLS:C104550,BS CLOSURE,IPL,,LACC_APLOWED_C,SMNSSK,,SMNSSK01,SASKTEL,,,100049,,,,,,BALLB1,2019-11-29T03:31:04
Structure1_WGS84/30184,01010000005CBDC17F292C5AC0B07905D7D9B84940,CLOSR:BSCLS::9607900,BS CLOSURE,IPL,,LACC_APLOWED_C,SMNSSK,,SMNSSK01,SASKTEL,2017,,100049,,802527,,LUBIT1,2017-07-26T16:40:38,BALLB1,2019-11-29T04:29:43
Structure1_WGS84/30186,0101000000E4C2C0F44F225AC0D0DDEAB0776A4940,CLOSR:BSCLS:C118594,BS CLOSURE,IPL,,LACC_APLOWED_C,STHYSK,,STHYSK01,SASKTEL,,,100049,,,,,,PONNL1,2019-12-17T01:39:49
Structure1_WGS84/30310,01010000009CDE698BBB2A5AC0A88078530D394940,CLOSR:BSCLS:C216530,BS CLOSURE,IPL,,LACC_APLOWED_C,REGNSK,,REGNSK01,SASKTEL,,,100049,,,,,,KATRR1,2020-03-13T01:14:50
Structure1_WGS84/30350,010100000090467C5C188C59C06056F34C4A1C4940,CLOSR:BSCLS:C173176,BS CLOSURE,IPL,,LACC_APLOWED_C,WHWDSK,,WHWDSK01,SASKTEL,,,100049,,,,,,PALGS1,2019-11-21T04:11:05
Structure1_WGS84/30351,010100000070F279CA4C8F59C078BE4317F53A4940,CLOSR:BSCLS:C168379,BS CLOSURE,IPL,,LACC_APLOWED_C,WHWDSK,,WHWDSK01,SASKTEL,,,100049,,,,,,PALGS1,2019-11-20T06:56:16
Structure1_WGS84/30352,0101000000A8299649979059C040526192281C4940,CLOSR:BSCLS:C139850,BS CLOSURE,IPL,,LACC_APLOWED_C,WHWDSK,,WHWDSK01,SASKTEL,,,100049,,,,,,PALGS1,2019-11-21T03:15:31
Structure1_WGS84/30353,010100000084F0AC00468959C0006BDB8B432A4940,CLOSR:BSCLS:C137941,BS CLOSURE,IPL,,LACC_APLOWED_C,WHWDSK,,WHWDSK01,SASKTEL,,,100049,,,,,,PALGS1,2019-11-21T22:18:06
Structure1_WGS84/30485,0101000000A04190D7918359C048736B0C59134940,CLOSR:BSCLS:C170303,BS CLOSURE,IPL,,LACC_APLOWED_C,WPLLSK,,WPLLSK01,SASKTEL,,,100049,,,,,,PALGS1,2019-12-23T21:23:11
Structure1_WGS84/30655,0101000000607C930413EC59C0A890783A965E4940,LOSR:BSCLS::10008939,BS CLOSURE,IPL,,LACC_APLOWED_C,FTQPSK,,FTQPSK01,SASKTEL,2018,,100049,,,,MEYEB2,2018-06-20T13:52:42,OUGAB1,2020-01-09T03:52:23
Structure1_WGS84/30682,0101000000288618A00EDA59C03834A52F23664940,CLOSR:BSCLS::9901323,BS CLOSURE,IPL,,LACC_APLOWED_C,ABRNSK,,ABRNSK01,SASKTEL,2018,,100049,,804256,,KAURP3,2018-04-10T09:33:51,AYYAN1,2019-12-06T03:43:11
Structure1_WGS84/30684,0101000000D068933F2FDB59C0102CCEB8F3654940,CLOSR:BSCLS:C121075,BS CLOSURE,ABD,,LACC_APLOWED_C,ABRNSK,,ABRNSK01,SASKTEL,,,100049,,,,,,AYYAN1,2019-12-06T03:14:08
Structure1_WGS84/30690,010100000028D3049132275AC040FFD64B1C364940,CLOSR:BSCLS:C386046,BS CLOSURE,IPL,,LACC_APLOWED_C,REGNSK,,REGNSK03,SASKTEL,2009,,100049,,941265,,,,WILLJ2,2020-03-10T09:31:06
Structure1_WGS84/30691,0101000000500AE28532275AC0F804EDCE0D364940,CLOSR:BSCLS:C386226,BS CLOSURE,IPL,,LACC_APLOWED_C,REGNSK,,REGNSK03,SASKTEL,2009,,100049,,941265,,,,WILLJ2,2020-03-10T09:30:24
Structure1_WGS84/30692,01010000008CB8728932275AC038BFA32BF0354940,CLOSR:BSCLS:C386721,BS CLOSURE,IPL,,LACC_APLOWED_C,REGNSK,,REGNSK03,SASKTEL,2009,,100049,,941265,,,,WILLJ2,2020-03-10T09:29:34
Structure1_WGS84/30926,0101000000202DB6C5ACD759C020392418FB3B4940,CLOSR:BSCLS:C140232,BS CLOSURE,IPL,,LACC_APLOWED_C,WLSLSK,,WLSLSK01,SASKTEL,,,100049,,,,,,GOPIA1,2019-12-17T05:18:01
Structure1_WGS84/30940,01010000002074D5DE55235AC018CC1CBB591C4940,CLOSR:BSCLS:C198586,BS CLOSURE,IPL,,LACC_APLOWED_C,REGNSK,,ESTLSK01,SASKTEL,,,100049,,,,,,CHENR1,2022-01-20T08:45:18
Structure1_WGS84/30941,01010000006400A071BECC59C0B8622B470C2A4940,CLOSR:BSCLS:C145489,BS CLOSURE,IPL,,LACC_APLOWED_C,WLSLSK,,WLSLSK01,SASKTEL,,,100049,,,,,,GOPIA1,2019-12-19T05:32:08
Structure1_WGS84/30990,01010000009CB07A76EF215AC088CE0E3235204940,CLOSR:BSCLS:C203610,BS CLOSURE,IPL,,LACC_APLOWED_C,REGNSK,,ESTLSK01,SASKTEL,,,100049,,,,,,CHENR1,2022-01-20T08:45:18
Structure1_WGS84/31050,01010000000CFE7E31BBED59C0683D2405E13D4940,CLOSR:BSCLS:C126660,BS CLOSURE,IPL,,LACC_APLOWED_C,INHDSK,,INHDSK01,SASKTEL,,,100049,,,,,,GORRS2,2019-12-20T07:02:20
Structure1_WGS84/31180,010100000000D2D0CF0C7F5AC0C8C69C3733A24940,CLOSR:BSCLS:C103492,BS CLOSURE,IPL,,LACC_APLOWED_C,DVSNSK,,DVSNSK03,SASKTEL,,,100049,,,,,,DEBEK1,2020-05-08T14:27:08
Structure1_WGS84/31246,0101000000ECBDF5EAAEF559C070CEF7DC94264940,CLOSR:BSCLS:C106372,BS CLOSURE,IPL,,LACC_APLOWED_C,VBNKSK,,VBNKSK01,SASKTEL,,,100049,,,,,,KATRR1,2019-12-30T13:27:14
Structure1_WGS84/31247,0101000000AC438B2512FD59C0008922BB4A2C4940,CLOSR:BSCLS:C151289,BS CLOSURE,IPL,,LACC_APLOWED_C,VBNKSK,,VBNKSK01,SASKTEL,,,100049,,,,,,MACHS1,2019-12-31T07:55:28
Structure1_WGS84/31278,01010000001851E745BEE259C0200CBFE53B204940,CLOSR:BSCLS:C167810,BS CLOSURE,IPL,,LACC_APLOWED_C,MTMRSK,,MTMRSK02,SASKTEL,,,100049,,,,,,VUDUP1,2019-11-27T01:48:13
Structure1_WGS84/31314,010100000048A7A80C599059C0286A7E0950F34840,CLOSR:BSCLS:C145321,BS CLOSURE,IPL,,LACC_APLOWED_C,WAWTSK,,WAWTSK01,SASKTEL,,,100049,,,,,,OUGAB1,2019-12-12T22:29:46
Structure1_WGS84/31339,0101000000543BA4C7589059C0A06638A050F34840,CLOSR:BSCLS:C145163,BS CLOSURE,IPL,,LACC_APLOWED_C,WAWTSK,,WAWTSK01,SASKTEL,,,100049,,,,,,OUGAB1,2019-12-12T22:28:31
Structure1_WGS84/31452,0101000000FC5D6F00951F5AC0205025B9F2484940,CLOSR:BSCLS:C253469,BS CLOSURE,IPL,,LACC_APLOWED_C,REGNSK,,REGNSK04,SASKTEL,,,100049,,,,,,PONNL1,2020-03-12T00:09:34
Structure1_WGS84/31477,0101000000A4DE7849CCEF5AC0105EBF2354294940,CLOSR:BSCLS:C544796,BS CLOSURE,IPL,,LACC_APLOWED_C,SWCRSK,,SWCRSK02,SASKTEL,,,100049,,,,,,KATRR1,2020-04-23T01:45:40
Structure1_WGS84/31491,010100000060E6DD8628115AC090A68DCCDE3E4940,CLOSR:BSCLS:C149234,BS CLOSURE,IPL,,LACC_ATRENCH_C,BLGNSK,,BLGNSK01,SASKTEL,,,100049,,,,,,IHMED1,2016-11-24T08:52:19
Structure1_WGS84/31742,01010000004C45D1D3C5DC59C0402EF589023B4940,CLOSR:BSCLS:C126138,BS CLOSURE,IPL,,LACC_APLOWED_C,SNTLSK,,SNTLSK01,SASKTEL,,,100049,,,,,,VUDUP1,2019-12-26T00:58:37
Structure1_WGS84/31743,0101000000F8822DAEC5DC59C04886DD63A8354940,CLOSR:BSCLS:C126590,BS CLOSURE,IPL,,LACC_APLOWED_C,SNTLSK,,SNTLSK01,SASKTEL,,,100049,,,,,,VUDUP1,2019-12-26T00:11:40
Structure1_WGS84/31744,01010000004897EC42CDDC59C088EE2452B5354940,CLOSR:BSCLS:C167197,BS CLOSURE,IPL,,LACC_APLOWED_C,SNTLSK,,SNTLSK01,SASKTEL,,,100049,,,,,,GOPIA1,2019-12-23T07:32:16
Structure1_WGS84/31802,0101000000280B6160F6815AC0B80A4501B5AF4940,CLOSR:BSCLS:C87422,BS CLOSURE,IPL,,LACC_APLOWED_C,DVSNSK,,DVSNSK03,SASKTEL,,,100049,,,,,,CHENR1,2019-12-12T08:25:35
Structure1_WGS84/31998,010100000024346A3A92105AC0803AF66A02154940,CLOSR:BSCLS:C76384,BS CLOSURE,ABD,,LACC_APLOWED_C,RCTNSK,,RCTNSK01,SASKTEL,,,100049,,,,,,PONNL1,2020-01-02T03:26:36
Structure1_WGS84/31999,01010000006CEAD64794145AC0788C94C8E6144940,CLOSR:BSCLS:C76398,BS CLOSURE,IPL,,LACC_APLOWED_C,RCTNSK,,RCTNSK01,SASKTEL,,,100049,,,,,,PONNL1,2020-01-02T04:56:47
Structure1_WGS84/32050,01010000003489B1B402205AC068D67D2DD3234940,CLOSR:BSCLS:C196188,BS CLOSURE,IPL,,LACC_APLOWED_C,REGNSK,,ESTLSK01,SASKTEL,,,100049,,,,,,CHENR1,2022-01-20T08:45:25
Structure1_WGS84/32052,01010000009C8630FD59085AC020F50C8BD84D4940,CLOSR:BSCLS:C108232,BS CLOSURE,IPL,,LACC_APLOWED_C,BLGNSK,,EDNWSK01,SASKTEL,,,100049,,,,,,CHENR1,2022-01-05T09:11:06
Structure1_WGS84/32230,0101000000102BCC10C1DA59C058CFFE177A4A4940,CLOSR:BSCLS:C147074,BS CLOSURE,IPL,,LACC_APLOWED_C,LMBGSK,,LMBGSK01,SASKTEL,,,100049,,,,,,PALGS1,2020-01-01T23:22:09
Structure1_WGS84/32231,01010000003C4CCFAF3ED859C0509052222C4D4940,CLOSR:BSCLS:C167006,BS CLOSURE,IPL,,LACC_APLOWED_C,LMBGSK,,LMBGSK01,SASKTEL,,,100049,,,,,,PALGS1,2020-01-02T23:00:53
Structure1_WGS84/32320,0101000000C0976E8418025AC0907FB60D977A4940,CLOSR:BSCLS:C100286,BS CLOSURE,IPL,,LACC_APLOWED_C,DYSRSK,,DYSRSK01,SASKTEL,,,100049,,,,,,PONNL1,2019-12-18T20:35:16
Structure1_WGS84/32330,01010000003463D0BD12EA59C0587544954C544940,CLOSR:BSCLS:C124929,BS CLOSURE,IPL,,LACC_APLOWED_C,INHDSK,,INHDSK01,SASKTEL,,,100049,,,,,,GORRS2,2020-01-09T05:57:40
Structure1_WGS84/32331,01010000009CEED60ED3EF59C068D51ECB02494940,CLOSR:BSCLS:C126377,BS CLOSURE,IPL,,LACC_APLOWED_C,INHDSK,,INHDSK01,SASKTEL,,,100049,,,,,,GORRS2,2020-01-10T07:43:22
Structure1_WGS84/32457,01010000004495F43FFF175AC050C470822AB34940,CLOSR:BSCLS:C105062,BS CLOSURE,IPL,,LACC_APLOWED_C,PNCHSK,,PNCHSK01,SASKTEL,,,100049,,,,,,OUGAB1,2020-01-27T00:24:32
Structure1_WGS84/32469,01010000006C88597E6CEF59C058CABD23573E4940,CLOSR:BSCLS::6367195,BS CLOSURE,IPL,,LACC_APLOWED_C,INHDSK,,INHDSK01,SASKTEL,2012,,100049,,954477,,,,WILLJ2,2020-01-28T14:06:57
Structure1_WGS84/32546,0101000000149DAD35B4D759C0D04DEC25F6144940,CLOSR:BSCLS::9595756,BS CLOSURE,IPL,,LACC_APLOWED_C,MTMRSK,,CNDCSK01,SASKTEL,2018,,100049,,802469,,LUBIT1,2017-07-18T10:41:26,CHENR1,2021-12-25T03:09:52
Structure1_WGS84/32673,0101000000CCEA8FC32F6D5AC040DC785E07784940,CLOSR:BSCLS:C155848,BS CLOSURE,IPL,,LACC_APLOWED_F,CRAKSK,,AYBYSK02,SASKTEL,,,100049,,,,,,CHENR1,2021-12-01T06:38:50
Structure1_WGS84/32674,010100000010F634FAED6F5AC0282E3EA74E654940,CLOSR:BSCLS:C94493,BS CLOSURE,IPL,,LACC_APLOWED_C,CRAKSK,,AYBYSK02,SASKTEL,,,100049,,,,,,CHENR1,2021-12-01T06:38:49
Structure1_WGS84/32721,010100000024880B57FFDC59C0E8F89A18E4314940,CLOSR:BSCLS:C127963,BS CLOSURE,IPL,,LACC_APLOWED_F,SNTLSK,,ASRSSK01,SASKTEL,,,100049,R3401 PC-58,,,,,CHENR1,2021-12-01T03:50:52
Structure1_WGS84/32766,01010000006097DBCF1F275AC0880D4FAF143E4940,CLOSR:BSCLS:C205105,BS CLOSURE,IPL,,LACC_ATRENCH_C,REGNSK,,REGNSK04,SASKTEL,,,100049,,,,,,WIESJ3,2020-02-26T14:01:28
Structure1_WGS84/32778,0101000000E80ED305AFEC5AC0E0E6C6F484364940,CLOSR:BSCLS:C528294,BS CLOSURE,IPL,,LACC_APLOWED_C,SWCRSK,,SWCRSK02,SASKTEL,,,100049,,,,,,MACHS1,2020-02-20T03:58:27
Structure1_WGS84/32869,01010000002C8BC177C6275AC0188AB8C980324940,CLOSR:BSCLS:C178579,BS CLOSURE,IPL,,LACC_ATRENCH_C,REGNSK,,REGNSK03,SASKTEL,,,100049,,,,,,WIESJ3,2021-12-01T09:18:50
Structure1_WGS84/32917,01010000008CD81C57AB335AC0F8671388E0594940,CLOSR:BSCLS:C132053,BS CLOSURE,IPL,,LACC_APLOWED_C,LMSDSK,,CRVNSK04,SASKTEL,,,100049,,,,,,CHENR1,2021-12-27T05:54:55
Structure1_WGS84/32985,01010000000CC7FCD41F375AC0D09426DDCA754940,CLOSR:BSCLS:C153618,BS CLOSURE,ABD,,LACC_APLOWED_F,STBGSK,,BULYSK04,SASKTEL,,,100049,,,,,,CHENR1,2021-12-17T06:03:52
Structure1_WGS84/32999,010100000064CC0E0554375AC00888BC31B9774940,CLOSR:BSCLS:C109467,BS CLOSURE,ABD,,LACC_APLOWED_F,STBGSK,,BULYSK04,SASKTEL,,,100049,,,,,,CHENR1,2021-12-17T06:03:53
Structure1_WGS84/33073,010100000084143414340C5AC0B04E1C4DE98B4940,CLOSR:BSCLS:C101919,BS CLOSURE,ABD,,LACC_APLOWED_C,CUPRSK,,CUPRSK02,SASKTEL,,,100049,,,,,,CHENR1,2021-12-27T09:16:23
Structure1_WGS84/33081,01010000000C1E6863D7B959C01877039FBBFA4840,CLOSR:BSCLS:C159990,BS CLOSURE,IPL,,LACC_APLOWED_C,WNDTSK,,CRNGSK01,SASKTEL,,,100049,,,,,,CHENR1,2021-12-27T03:32:49
Structure1_WGS84/33148,0101000000380F56B20F335AC0007B29027D5A4940,CLOSR:BSCLS:C89359,BS CLOSURE,IPL,,LACC_APLOWED_C,LMSDSK,,CRVNSK04,SASKTEL,,,100049,R125 P1,,,,,CHENR1,2021-12-27T05:54:48
Structure1_WGS84/33161,0101000000240D45EC99355AC0302E634AB15C4940,CLOSR:BSCLS:C88886,BS CLOSURE,IPL,,LACC_APLOWED_C,LMSDSK,,CRVNSK04,SASKTEL,,NOT IN MARTINS,100049,,,,,,CHENR1,2021-12-27T05:54:52
Structure1_WGS84/33165,0101000000E024462FA0365AC0E89728B23E704940,CLOSR:BSCLS:C153615,BS CLOSURE,ABD,,LACC_APLOWED_F,STBGSK,,BULYSK04,SASKTEL,,,100049,,,,,,CHENR1,2021-12-17T06:03:51
Structure1_WGS84/33174,010100000068C69A7804C259C0C02F4C1860064940,CLOSR:BSCLS:C162342,BS CLOSURE,IPL,,LACC_APLOWED_C,WNDTSK,,CRNGSK01,SASKTEL,,,100049,,,,,,CHENR1,2021-12-27T03:32:56
Structure1_WGS84/33184,0101000000EC4E2D11BE375AC0A00A95D8A5734940,CLOSR:BSCLS:C95127,BS CLOSURE,IPL,,LACC_APLOWED_C,STBGSK,,BULYSK04,SASKTEL,,,100049,,,,,,CHENR1,2021-12-17T06:03:52
Structure1_WGS84/33221,01010000002838D875115D5BC02019455892D94840,CLOSR:BSCLS:C531009,BS CLOSURE,IPL,,LACC_APLOWED_C,MPCKSK,,CYHLSK03,SASKTEL,,,100049,,,,,,CHENR1,2021-12-27T09:48:25
Structure1_WGS84/33249,010100000030D7449466335AC0282A7AFE395C4940,CLOSR:BSCLS:C89649,BS CLOSURE,IPL,,LACC_APLOWED_C,LMSDSK,,CRVNSK04,SASKTEL,,,100049,,,,,,CHENR1,2021-12-27T05:54:49
Structure1_WGS84/33364,0101000000FC6E4FCAC32A5AC0E0938EAC5B1C4940,CLOSR:BSCLS:C193670,BS CLOSURE,IPL,,LACC_APLOWED_C,REGNSK,,ESTLSK01,SASKTEL,,,100049,,,,,,CHENR1,2022-01-20T08:45:27
Structure1_WGS84/33531,010100000010F1E524C5335AC038BDEDD7575A4940,CLOSR:BSCLS:C82393,BS CLOSURE,IPL,,LACC_APLOWED_C,LMSDSK,,CRVNSK04,SASKTEL,,,100049,,,,,,CHENR1,2021-12-27T05:54:48
Structure1_WGS84/33566,010100000060BFEF2B2B245AC06065D6EDD4144940,CLOSR:BSCLS:C187459,BS CLOSURE,IPL,,LACC_APLOWED_C,REGNSK,,ESTLSK01,SASKTEL,,,100049,,,,,,CHENR1,2022-01-20T08:45:20
Structure1_WGS84/33598,0101000000F4A75FB269125AC00004CBCF958E4940,CLOSR:BSCLS:C87327,BS CLOSURE,ABD,,LACC_APLOWED_C,CUPRSK,,CUPRSK02,SASKTEL,,,100049,,,,,,CHENR1,2021-12-27T09:16:26
Structure1_WGS84/33617,010100000098ECF7A8656A59C0B023BE4825F24840,CLOSR:BSCLS:C107965,BS CLOSURE,IPL,,LACC_APLOWED_C,MYFDSK,,FRLGSK01,SASKTEL,,,100049,,,,,,CHENR1,2022-01-31T06:04:28
Structure1_WGS84/33636,01010000000C1E08F12A7059C0403E6A7E82F14840,CLOSR:BSCLS:C114529,BS CLOSURE,IPL,,LACC_APLOWED_C,MYFDSK,,FRLGSK01,SASKTEL,,,100049,,,,,,CHENR1,2022-01-31T06:04:34
Structure1_WGS84/33704,0101000000B0DA7D40806B59C0D07D71CAD8F04840,CLOSR:BSCLS:C117230,BS CLOSURE,IPL,,LACC_APLOWED_C,MYFDSK,,FRLGSK01,SASKTEL,,,100049,,,,,,CHENR1,2022-01-31T06:04:28
Structure1_WGS84/33711,0101000000E8C28123B0455BC0F08C037072BC4840,CLOSR:BSCLS:C544251,BS CLOSURE,IPL,,LACC_APLOWED_C,ESNDSK,,RVNSSK01,SASKTEL,,,100049,R1303 P1E,,,,,CHENR1,2022-02-01T01:34:16
Structure1_WGS84/33729,0101000000D4E65556607359C09845236A65DD4840,CLOSR:BSCLS:C124494,BS CLOSURE,IPL,,LACC_APLOWED_C,MYFDSK,,FRLGSK01,SASKTEL,,,100049,,,,,,CHENR1,2022-01-31T06:04:31
Structure1_WGS84/33828,010100000014FFE6E11E225AC0382F6116D5144940,CLOSR:BSCLS:C187489,BS CLOSURE,ABD,,LACC_APLOWED_C,REGNSK,,ESTLSK01,SASKTEL,,,100049,,,,,,CHENR1,2022-01-20T08:45:18
Structure1_WGS84/33852,0101000000340369BA0F255AC0680BA2375A1C4940,CLOSR:BSCLS:C193458,BS CLOSURE,IPL,,LACC_APLOWED_C,REGNSK,,ESTLSK01,SASKTEL,,,100049,,,,,,CHENR1,2022-01-20T08:45:19
Structure1_WGS84/33908,010100000008215FC3650E5AC0A0444E433A564940,CLOSR:BSCLS:C92784,BS CLOSURE,IPL,,LACC_APLOWED_C,BLGNSK,,EDNWSK01,SASKTEL,,,100049,,,,,,CHENR1,2022-01-05T09:11:10
Structure1_WGS84/33930,0101000000D4CCC136D9385AC060B755D11E494940,CLOSR:BSCLS:C200590,BS CLOSURE,IPL,,LACC_APLOWED_C,REGNSK,,CONDSK03,SASKTEL,,,100049,,,,,,CHENR1,2021-12-25T07:45:36
Structure1_WGS84/33936,0101000000C8261768592D5AC0D03A11340E494940,CLOSR:BSCLS:C227617,BS CLOSURE,IPL,,LACC_APLOWED_C,REGNSK,,CONDSK03,SASKTEL,,,100049,,,,,,CHENR1,2021-12-25T07:45:28
Structure1_WGS84/33976,01010000006888A6C355335AC03031774936494940,CLOSR:BSCLS:D6787067,BS CLOSURE,ABD,,LACC_APLOWED_F,REGNSK,,CONDSK03,SASKTEL,,,100049,,,,,,CHENR1,2021-12-25T07:45:35
Structure1_WGS84/33977,0101000000F4DF467436CE59C0085A751B691C4940,CLOSR:BSCLS:C169953,BS CLOSURE,IPL,,LACC_APLOWED_C,MTMRSK,,CNDCSK01,SASKTEL,,,100049,,,,,,CHENR1,2021-12-25T03:09:51
Structure1_WGS84/34025,01010000006082C4BDCC315AC078559359DD4C4940,CLOSR:BSCLS::7722074,BS CLOSURE,IPL,,LACC_APLOWED_C,REGNSK,,CONDSK03,SASKTEL,1987,,100049,,513528,,,,CHENR1,2021-12-25T07:45:26
Structure1_WGS84/34043,0101000000C403A127EB2E5AC030C65EC736464940,CLOSR:BSCLS:C199828,BS CLOSURE,IPL,,LACC_APLOWED_C,REGNSK,,CONDSK03,SASKTEL,,,100049,,,,,,CHENR1,2021-12-25T07:45:35
Structure1_WGS84/34054,01010000009C525101FF215AC05875AA7756204940,CLOSR:BSCLS:C203615,BS CLOSURE,IPL,,LACC_APLOWED_C,REGNSK,,ESTLSK01,SASKTEL,,,100049,,,,,,CHENR1,2022-01-20T08:45:19
Structure1_WGS84/34210,010100000084797A9802045AC0702E6607B9414940,CLOSR:BSCLS:C151786,BS CLOSURE,IPL,,LACC_ATRENCH_C,QAPLSK,,MCLNSK03,SASKTEL,,,100049,,,,,,CHENR1,2022-02-17T06:56:31
Structure1_WGS84/34311,0101000000484D6C52921F5AC0C053BBD8543A4940,CLOSR:BSCLS:C202866,BS CLOSURE,IPL,,LACC_APLOWED_C,REGNSK,,REGNSK46,SASKTEL,,,100049,,,,,,CHENR1,2022-03-26T02:07:01
Structure1_WGS84/34374,0101000000486279F291F85AC078611925EC264940,CLOSR:BSCLS:C558345,BS CLOSURE,ABD,,LACC_APLOWED_F,SWCRSK,,SWCRSK22,SASKTEL,,,100049,,,,,,CHENR1,2022-01-27T04:18:54
Structure1_WGS84/34413,0101000000842AB6FBD5DE5AC080C42B8DFB414940,CLOSR:BSCLS:C526524,BS CLOSURE,IPL,,LACC_APLOWED_C,SWCRSK,,WLDCSK02,SASKTEL,,,100049,,,,,,CHENR1,2022-01-27T05:35:50
Structure1_WGS84/34478,0101000000D842D1E800FA5AC0C08B38B641244940,CLOSR:BSCLS::9261659,BS CLOSURE,IPL,,LACC_APLOWED_C,SWCRSK,,SWCRSK22,SASKTEL,2016,,100049,,,,,,CHENR1,2022-01-27T04:18:51
Structure1_WGS84/34504,0101000000D07CFE1665EE5AC070FB0DC9FF4C4940,CLOSR:BSCLS:C529870,BS CLOSURE,IPL,,LACC_APLOWED_C,SWCRSK,,STVYSK02,SASKTEL,,,100049,,,,,,CHENR1,2022-01-27T05:18:19
Structure1_WGS84/34595,01010000003C1739504F045BC0300A48898A414940,CLOSR:BSCLS:C570777,BS CLOSURE,IPL,,LACC_APLOWED_F,SWCRSK,,SCCSSK02,SASKTEL,,,100049,,,,,,CHENR1,2022-01-27T03:01:57
Structure1_WGS84/34605,0101000000E83531B5690D5BC060D9392B342E4940,CLOSR:BSCLS:C535448,BS CLOSURE,ABD,,LACC_APLOWED_C,SWCRSK,,SCCSSK02,SASKTEL,,,100049,,,,,,CHENR1,2022-01-27T03:01:48
Structure1_WGS84/34611,0101000000A88D51A1B1595AC05833750830654940,CLOSR:BSCLS:C91939,BS CLOSURE,ABD,,LACC_APLOWED_C,BTHNSK,,FNDLSK02,SASKTEL,,,100049,,,,,,CHENR1,2022-01-25T08:24:40
Structure1_WGS84/34728,0101000000E8B8F612FE065AC0484F8CF766314940,CLOSR:BSCLS:C161420,BS CLOSURE,IPL,,LACC_APLOWED_C,BLGNSK,,DAVNSK01,SASKTEL,,,100049,,,,,,CHENR1,2021-12-28T08:12:14
Structure1_WGS84/34767,0101000000745CBA6D32085AC04828E57175364940,CLOSR:BSCLS:C107783,BS CLOSURE,IPL,,LACC_APLOWED_C,BLGNSK,,DAVNSK01,SASKTEL,,,100049,,,,,,CHENR1,2021-12-28T08:12:14
Structure1_WGS84/34788,0101000000B02E0308DE215AC0B8EF9EC466204940,CLOSR:BSCLS:C190978,BS CLOSURE,IPL,,LACC_APLOWED_F,REGNSK,,ESTLSK01,SASKTEL,,,100049,,,,,,CHENR1,2022-01-20T08:45:23
Structure1_WGS84/34796,010100000038F37F02E01B5AC0E03EC52019234940,CLOSR:BSCLS:C214572,BS CLOSURE,IPL,,LACC_APLOWED_C,REGNSK,,ESTLSK01,SASKTEL,,,100049,,,,,,CHENR1,2022-01-20T08:45:22
Structure1_WGS84/34831,010100000088AAD13EA5215AC0089C99F11A204940,CLOSR:BSCLS:C215443,BS CLOSURE,IPL,,LACC_APLOWED_C,REGNSK,,ESTLSK01,SASKTEL,,,100049,,,,,,CHENR1,2022-01-20T08:45:22
Structure1_WGS84/34869,0101000000344A36D515225AC038DCFF4EFA144940,CLOSR:BSCLS::8272813,BS CLOSURE,IPL,,LACC_APLOWED_C,REGNSK,,ESTLSK01,SASKTEL,2014,,100049,,977173,,,,CHENR1,2022-01-20T08:45:23
Structure1_WGS84/34944,01010000006C7E5E19FDF75AC0D054FFC260504940,CLOSR:BSCLS:C529658,BS CLOSURE,IPL,,LACC_APLOWED_C,SWCRSK,,STVYSK02,SASKTEL,,,100049,,,,,,CHENR1,2022-01-27T05:18:18
Structure1_WGS84/35010,0101000000E086E406B1595AC048CD922BB5644940,CLOSR:BSCLS:C146290,BS CLOSURE,IPL,,LACC_APLOWED_C,BTHNSK,,FNDLSK02,SASKTEL,,,100049,,,,,,CHENR1,2022-01-25T08:24:42
Structure1_WGS84/35015,0101000000C0C134C5290D5BC02091F679AB274940,CLOSR:BSCLS:C535144,BS CLOSURE,IPL,,LACC_APLOWED_C,SWCRSK,,SCCSSK02,SASKTEL,,,100049,,,,,,CHENR1,2022-01-27T03:01:59
Structure1_WGS84/35135,01010000000453831F6BFC5AC050A54DDFEF234940,CLOSR:BSCLS:C540476,BS CLOSURE,IPL,,LACC_APLOWED_C,SWCRSK,,SWCRSK22,SASKTEL,,,100049,,,,,,CHENR1,2022-01-27T04:18:53
Structure1_WGS84/35138,0101000000948E28A3A0F85AC038EA4496CD254940,CLOSR:BSCLS:C550268,BS CLOSURE,IPL,,LACC_APLOWED_C,SWCRSK,,SWCRSK22,SASKTEL,,,100049,,,,,,CHENR1,2022-01-27T04:18:57
Structure1_WGS84/35146,010100000094662FE5E0DC5AC0E86F70C6C9354940,CLOSR:BSCLS:C531701,BS CLOSURE,IPL,,LACC_APLOWED_C,SWCRSK,,WLDCSK02,SASKTEL,,,100049,,,,,,CHENR1,2022-01-27T05:35:54
Structure1_WGS84/35156,01010000005011B306AB055BC0D81667A4CF1A4940,CLOSR:BSCLS:C571850,BS CLOSURE,IPL,,LACC_APLOWED_C,SWCRSK,,SWCRSK22,SASKTEL,,,100049,,,,,,CHENR1,2022-01-27T04:18:53
Structure1_WGS84/35158,01010000006CA55B9F87F85AC0E097B7133A2D4940,CLOSR:BSCLS:C556889,BS CLOSURE,IPL,,LACC_APLOWED_C,SWCRSK,,SWCRSK22,SASKTEL,,,100049,,,,,,CHENR1,2022-01-27T04:18:56
Structure1_WGS84/35267,010100000058F273A1E4E35AC0C096CC284B2D4940,CLOSR:BSCLS:C532226,BS CLOSURE,ABD,,LACC_APLOWED_C,SWCRSK,,WLDCSK02,SASKTEL,,,100049,,,,,,CHENR1,2022-01-27T05:35:54
Structure1_WGS84/35280,0101000000648D35B4C5EC5AC0B80B4FAD13294940,CLOSR:BSCLS:C539417,BS CLOSURE,IPL,,LACC_APLOWED_C,SWCRSK,,WLDCSK02,SASKTEL,,,100049,,,,,,CHENR1,2022-01-27T05:35:46
Structure1_WGS84/35282,010100000074F918A467E85AC0D8209B6A812E4940,CLOSR:BSCLS:C533453,BS CLOSURE,IPL,,LACC_APLOWED_C,SWCRSK,,WLDCSK02,SASKTEL,,,100049,,,,,,CHENR1,2022-01-27T05:35:49
Structure1_WGS84/35305,0101000000C4185056E96959C08847621C38F54840,CLOSR:BSCLS:C108114,BS CLOSURE,IPL,,LACC_APLOWED_C,MYFDSK,,FRLGSK01,SASKTEL,,,100049,,,,,,CHENR1,2022-01-31T06:04:29
Structure1_WGS84/35312,0101000000E8AB7811506B59C088005D57F3EF4840,CLOSR:BSCLS:C117719,BS CLOSURE,IPL,,LACC_APLOWED_C,MYFDSK,,FRLGSK01,SASKTEL,,,100049,,,,,,CHENR1,2022-01-31T06:04:35
Structure1_WGS84/35496,0101000000F475B063BBDC5AC0D84CB11CC1364940,CLOSR:BSCLS:C527540,BS CLOSURE,IPL,,LACC_APLOWED_C,SWCRSK,,WLDCSK02,SASKTEL,,,100049,,,,,,CHENR1,2022-01-27T05:35:48
Structure1_WGS84/35549,0101000000E08B10CDE5695BC0881133AFEEEB4840,CLOSR:BSCLS:C532863,BS CLOSURE,IPL,,LACC_APLOWED_C,MPCKSK,,MPCKSK03,SASKTEL,,,100049,,,,,,CHENR1,2022-02-24T08:41:29
Structure1_WGS84/35590,0101000000EC29CE8BD2EC5AC060504D86792A4940,CLOSR:BSCLS:C548577,BS CLOSURE,IPL,,LACC_APLOWED_F,SWCRSK,,WLDCSK02,SASKTEL,,,100049,,,,,,CHENR1,2022-01-27T05:35:52
Structure1_WGS84/35649,0101000000B8564AE811FA5AC0D0380295CA254940,CLOSR:BSCLS:C557435,BS CLOSURE,IPL,,LACC_APLOWED_C,SWCRSK,,SWCRSK22,SASKTEL,,,100049,,,,,,CHENR1,2022-01-27T04:18:53
Structure1_WGS84/35669,0101000000E056641BE8E95AC028AA4ED9B92F4940,CLOSR:BSCLS:C539269,BS CLOSURE,IPL,,LACC_APLOWED_C,SWCRSK,,WLDCSK02,SASKTEL,,,100049,R241 P6,,,,,CHENR1,2022-01-27T05:35:47
Structure1_WGS84/35670,01010000006C25C427E0DC5AC090DBBAFE11354940,CLOSR:BSCLS:C527358,BS CLOSURE,IPL,,LACC_APLOWED_C,SWCRSK,,WLDCSK02,SASKTEL,,,100049,,,,,,CHENR1,2022-01-27T05:35:47
Structure1_WGS84/35689,010100000068D999C3E7FF5AC028D5A86E8B414940,CLOSR:BSCLS:C540352,BS CLOSURE,IPL,,LACC_APLOWED_F,SWCRSK,,SCCSSK02,SASKTEL,,,100049,,,,,,CHENR1,2022-01-27T03:01:50
Structure1_WGS84/35709,010100000008C33B51D6D35AC0A874B8DCF4444940,CLOSR:BSCLS:C571356,BS CLOSURE,ABD,,LACC_APLOWED_C,HRBRSK,,MNCTSK01,SASKTEL,,,100049,,,,,,CHENR1,2022-02-22T03:43:29
Structure1_WGS84/35714,0101000000841685CFC9E35AC088A1A7FE4A2D4940,CLOSR:BSCLS:C532228,BS CLOSURE,ABD,,LACC_APLOWED_C,SWCRSK,,WLDCSK02,SASKTEL,,,100049,,,,,,CHENR1,2022-01-27T05:35:46
Structure1_WGS84/35730,010100000098701C698A005BC078A68D13741F4940,CLOSR:BSCLS:C540576,BS CLOSURE,IPL,,LACC_APLOWED_C,SWCRSK,,SWCRSK22,SASKTEL,,,100049,,,,,,CHENR1,2022-01-27T04:18:55
Structure1_WGS84/35755,0101000000288C74D9C4AC59C0D0AA92DF1A314940,CLOSR:BSCLS:C130480,BS CLOSURE,IPL,,LACC_APLOWED_F,GRNFSK,,OKSHSK01,SASKTEL,,,100049,,,,,,CHENR1,2022-03-16T08:09:04
Structure1_WGS84/35770,010100000014DEECDCA27259C0385DFFE381DE4840,CLOSR:BSCLS:C124454,BS CLOSURE,IPL,,LACC_APLOWED_C,MYFDSK,,FRLGSK01,SASKTEL,,,100049,,,,,,CHENR1,2022-01-31T06:04:29
Structure1_WGS84/35773,01010000003CD0476FF19459C058F1F90D053A4940,CLOSR:BSCLS:C120746,BS CLOSURE,ABD,,LACC_APLOWED_C,BRVWSK,,OCIRSK01,SASKTEL,,,100049,,,,,,CHENR1,2022-03-16T07:49:46
Structure1_WGS84/35872,0101000000EC73EC0896AB59C0E8AC1F6D6C4B4940,CLOSR:BSCLS:C170403,BS CLOSURE,IPL,,LACC_APLOWED_C,BRVWSK,,MARLSK01,SASKTEL,2012,,100049,,961744,,,,CHENR1,2022-03-14T03:12:04
Structure1_WGS84/35898,0101000000A8311E2EA4B059C0E0383C669B324940,CLOSR:BSCLS:C131535,BS CLOSURE,ABD,,LACC_APLOWED_F,GRNFSK,,OKSHSK01,SASKTEL,,,100049,,,,,,CHENR1,2022-03-16T08:09:06
Structure1_WGS84/35900,0101000000D8A71DDD0C525BC0E8DB40F6040D4940,CLOSR:BSCLS:C516021,BS CLOSURE,IPL,,LACC_APLOWED_C,MPCKSK,,PIPTSK01,SASKTEL,,,100049,,,,,,CHENR1,2022-03-17T05:57:09
Structure1_WGS84/35950,0101000000406F45F00C525BC0885F50CA170D4940,CLOSR:BSCLS:C516019,BS CLOSURE,IPL,,LACC_APLOWED_C,MPCKSK,,PIPTSK01,SASKTEL,,,100049,,,,,,CHENR1,2022-03-17T05:57:10
Structure1_WGS84/35955,010100000020B014F7CFA959C0606E8E4523484940,CLOSR:BSCLS:C166512,BS CLOSURE,IPL,,LACC_APLOWED_C,BRVWSK,,MARLSK01,SASKTEL,,,100049,,,,,,CHENR1,2022-03-14T03:12:02
Structure1_WGS84/35964,01010000009C4073FE6F2D5AC070C40E5B61354940,CLOSR:BSCLS::7370098,BS CLOSURE,IPL,,LACC_APLOWED_C,,,REGNSK01,SASKTEL,2013,,100049,,956645,,,,KAURP3,2022-09-09T01:03:47
Structure1_WGS84/36016,010100000090CF05D7B7395AC0184EAA34E44C4940,CLOSR:BSCLS:C88919,BS CLOSURE,IPL,,LACC_APLOWED_C,LMSDSK,,LMSDSK03,SASKTEL,,,100049,,,,,,CHENR1,2022-03-11T04:00:26
Structure1_WGS84/36060,0101000000946720F45E335AC0805707B76A374940,CLOSR:BSCLS::6734876,BS CLOSURE,ABD,,LACC_APLOWED_C,REGNSK,,GDCLSK03,SASKTEL,2013,,100049,,966805,,,,WIESJ3,2023-05-30T08:24:48
Structure1_WGS84/36131,0101000000189E0DE24B7C5BC0E89FA0B47A684940,CLOSR:BSCLS:C507662,BS CLOSURE,ABD,,LACC_APLOWED_C,LEDRSK,,MNHMSK01,SASKTEL,,,100049,,,,,,CHENR1,2022-02-22T03:48:43
Structure1_WGS84/36188,0101000000984C9DC6E4BF5AC0E02A41ACE2524940,CLOSR:BSCLS::9009453,BS CLOSURE,IPL,,LACC_APLOWED_C,MORSSK,,GLKRSK01,SASKTEL,2018,,100049,,800016,,,,CHENR1,2022-02-03T03:17:00
Structure1_WGS84/36233,01010000006CC4685D10215AC0B8DB335A6D644940,CLOSR:BSCLS:C196039,BS CLOSURE,IPL,,LACC_APLOWED_C,REGNSK,,KNNLSK01,SASKTEL,,,100049,,,,,,CHENR1,2022-03-10T03:03:57
Structure1_WGS84/36242,0101000000B87FD9FB9CB75AC02894CDA8BB4E4940,CLOSR:BSCLS:C499589,BS CLOSURE,IPL,,LACC_APLOWED_C,MORSSK,,GLKRSK01,SASKTEL,,,100049,,,,,,CHENR1,2022-02-03T03:16:59
Structure1_WGS84/36347,0101000000E47E3A5DB77B5AC0C0BE6F79F5934940,CLOSR:BSCLS:C103602,BS CLOSURE,IPL,,LACC_APLOWED_F,DVSNSK,,GRVNSK01,SASKTEL,,,100049,,,,,,CHENR1,2022-02-04T05:38:47
Structure1_WGS84/36458,010100000014197A4A82B659C09057F6B099514940,CLOSR:BSCLS::7713761,BS CLOSURE,IPL,,LACC_APLOWED_C,GRNFSK,,GRNFSK01,SASKTEL,2009,,100049,,950911,,,,CHENR1,2022-02-04T05:16:04
Structure1_WGS84/36521,0101000000BCBB2018031F5BC058F70601A7F74840,CLOSR:BSCLS:C526434,BS CLOSURE,IPL,,LACC_APLOWED_F,GLLKSK,,GLLKSK04,SASKTEL,,,100049,,,,,,CHENR1,2022-02-03T05:02:21
Structure1_WGS84/36559,0101000000E4C926DAE41F5AC070D9D5DC38624940,CLOSR:BSCLS:C202449,BS CLOSURE,IPL,,LACC_APLOWED_C,REGNSK,,KNNLSK01,SASKTEL,,,100049,,,,,,CHENR1,2022-03-10T03:03:50
Structure1_WGS84/36569,0101000000B03CA050951D5BC0C82DB3637E004940,CLOSR:BSCLS:C511632,BS CLOSURE,IPL,,LACC_APLOWED_C,GLLKSK,,GLLKSK04,SASKTEL,,,100049,,,,,,CHENR1,2022-02-03T05:02:23
Structure1_WGS84/36604,010100000074ADBA97862A5AC0C04E3F8204584940,CLOSR:BSCLS:C229861,BS CLOSURE,IPL,,LACC_APLOWED_C,REGNSK,,KNNLSK01,SASKTEL,,,100049,,,,,,CHENR1,2022-03-10T03:03:53
Structure1_WGS84/36636,0101000000146F48C9C9135AC0A0C022C970A24940,CLOSR:BSCLS:C103977,BS CLOSURE,IPL,,LACC_APLOWED_C,PNCHSK,,GNIRSK01,SASKTEL,,,100049,,,,,,CHENR1,2022-02-03T07:10:09
Structure1_WGS84/36639,01010000004479B6AC7A245AC0083F1AB67C5F4940,CLOSR:BSCLS:C213789,BS CLOSURE,IPL,,LACC_APLOWED_C,REGNSK,,KNNLSK01,SASKTEL,,,100049,,,,,,CHENR1,2022-03-10T03:03:48
Structure1_WGS84/36665,010100000010872C05B66E5BC0B836837B02244940,CLOSR:BSCLS:C521623,BS CLOSURE,IPL,,LACC_APLOWED_C,MPCKSK,,GLPRSK02,SASKTEL,,,100049,,,,,,CHENR1,2022-02-03T06:51:18
Structure1_WGS84/36693,0101000000D4EA8C9E041F5BC068A0FAC0BBFD4840,CLOSR:BSCLS:C526364,BS CLOSURE,IPL,,LACC_APLOWED_F,GLLKSK,,GLLKSK04,SASKTEL,,,100049,,,,,,CHENR1,2022-02-03T05:02:20
Structure1_WGS84/36698,010100000028AD70DF6B5D5BC0D848FA9DEE144940,CLOSR:BSCLS:C513240,BS CLOSURE,IPL,,LACC_APLOWED_C,MPCKSK,,GLPRSK02,SASKTEL,,,100049,,,,,,CHENR1,2022-02-03T06:51:18
Structure1_WGS84/36699,010100000040D7B357871D5BC0289E6F55E3F74840,CLOSR:BSCLS:C527185,BS CLOSURE,ABD,,LACC_APLOWED_F,GLLKSK,,GLLKSK04,SASKTEL,,,100049,,,,,,CHENR1,2022-02-03T05:02:17
Structure1_WGS84/36702,0101000000E48E59515E2A5AC00060CD5209594940,CLOSR:BSCLS:C217487,BS CLOSURE,IPL,,LACC_APLOWED_C,REGNSK,,KNNLSK01,SASKTEL,,,100049,,,,,,CHENR1,2022-03-10T03:03:49
Structure1_WGS84/36785,01010000007487792ECA795AC050867513D7914940,CLOSR:BSCLS:C93109,BS CLOSURE,IPL,,LACC_APLOWED_C,DVSNSK,,GRVNSK01,SASKTEL,,,100049,,,,,,CHENR1,2022-02-04T05:38:50
Structure1_WGS84/36795,01010000005875B00DFB155AC0A87CEEC25E2A4940,CLOSR:BSCLS:C182856,BS CLOSURE,IPL,,LACC_APLOWED_C,REGNSK,,WHCYSK01,SASKTEL,,,100049,,,,,,CHENR1,2022-04-27T06:56:55
Structure1_WGS84/36796,0101000000BC763D8C61175AC0A8316426E52C4940,CLOSR:BSCLS:C182954,BS CLOSURE,ABD,,LACC_APLOWED_F,REGNSK,,WHCYSK01,SASKTEL,,,100049,,,,,,CHENR1,2022-04-27T06:57:48
Structure1_WGS84/36797,010100000064000F0F78175AC038949F96D7314940,CLOSR:BSCLS:C183001,BS CLOSURE,IPL,,LACC_APLOWED_C,REGNSK,,WHCYSK01,SASKTEL,,,100049,,,,,,CHENR1,2022-04-27T06:54:34
Structure1_WGS84/36810,0101000000E8BEDD3EBDE559C08823377940544940,CLOSR:BSCLS:C128904,BS CLOSURE,IPL,,LACC_APLOWED_C,FTQPSK,,KWBHSK01,SASKTEL,,,100049,,,,,,CHENR1,2022-02-10T09:35:34
Structure1_WGS84/36907,0101000000FC2D8530AC8759C050BEF2F043014940,CLOSR:BSCLS:C143254,BS CLOSURE,IPL,,LACC_ATRENCH_C,WAWTSK,,KELSSK01,SASKTEL,,,100049,,,,,,CHENR1,2022-03-09T08:48:14
Structure1_WGS84/36955,01010000009C046E911FFC5AC0A861BF94F2004940,CLOSR:BSCLS::7400795,BS CLOSURE,IPL,,LACC_ATRENCH_C,NEVLSK,,LCPLSK02,SASKTEL,2013,,100049,,958650,,,,CHENR1,2022-02-11T05:03:25
Structure1_WGS84/36988,0101000000E43842FC9FE659C0F0B8D8BCC3544940,CLOSR:BSCLS:C136077,BS CLOSURE,ABD,,LACC_ATRENCH_C,FTQPSK,,KWBHSK01,SASKTEL,,,100049,,,,,,CHENR1,2022-02-10T09:35:45
Structure1_WGS84/37019,01010000003CB0C96BDC7C59C020584F2C7EFC4840,CLOSR:BSCLS:C148181,BS CLOSURE,IPL,,LACC_APLOWED_C,WAWTSK,,KELSSK01,SASKTEL,,,100049,,,,,,CHENR1,2022-03-09T08:48:21
Structure1_WGS84/37021,0101000000A0BB38B291245AC090A0A49FF4674940,CLOSR:BSCLS:C210492,BS CLOSURE,IPL,,LACC_APLOWED_C,REGNSK,,KNNLSK01,SASKTEL,,,100049,,,,,,CHENR1,2022-03-10T03:03:49
Structure1_WGS84/37121,0101000000F8BCDDF08D7D59C058EC88E04BFC4840,CLOSR:BSCLS:C149145,BS CLOSURE,IPL,,LACC_APLOWED_C,WAWTSK,,KELSSK01,SASKTEL,,,100049,,,,,,CHENR1,2022-03-09T08:48:17
Structure1_WGS84/37124,0101000000D8703052CA165AC0405C68D7D2364940,CLOSR:BSCLS:C162434,BS CLOSURE,IPL,,LACC_ATRENCH_C,REGNSK,,WHCYSK01,SASKTEL,,,100049,,,,,,CHENR1,2022-04-27T06:54:24
Structure1_WGS84/37125,010100000004C5E531D01A5AC038453F6E4D394940,CLOSR:BSCLS:C165395,BS CLOSURE,ABD,,LACC_APLOWED_C,REGNSK,,WHCYSK01,SASKTEL,,,100049,,,,,,CHENR1,2022-04-27T06:54:35
Structure1_WGS84/37126,010100000028D0D3F256175AC01826140E3C394940,CLOSR:BSCLS:C165501,BS CLOSURE,IPL,,LACC_APLOWED_C,REGNSK,,WHCYSK01,SASKTEL,,,100049,,,,,,CHENR1,2022-04-27T06:57:47
Structure1_WGS84/37127,0101000000C830E69568175AC0B8C1CEBC38394940,CLOSR:BSCLS:C165549,BS CLOSURE,IPL,,LACC_ATRENCH_C,REGNSK,,WHCYSK01,SASKTEL,,,100049,,,,,,CHENR1,2022-04-27T06:54:34
Structure1_WGS84/37128,0101000000E0C65D1F5E175AC0D8F78B8D44394940,CLOSR:BSCLS:C165640,BS CLOSURE,ABD,,LACC_APLOWED_C,REGNSK,,WHCYSK01,SASKTEL,,,100049,,,,,,CHENR1,2022-04-27T06:55:47
Structure1_WGS84/37129,01010000005C5A3299FA185AC0D821B8B0FF384940,CLOSR:BSCLS:C165729,BS CLOSURE,IPL,,LACC_APLOWED_C,REGNSK,,WHCYSK01,SASKTEL,,,100049,,,,,,CHENR1,2022-04-27T06:54:24
Structure1_WGS84/37130,0101000000942C7731D0175AC090A8BA2E19384940,CLOSR:BSCLS:C165948,BS CLOSURE,IPL,,LACC_ATRENCH_C,REGNSK,,WHCYSK01,SASKTEL,,,100049,,,,,,CHENR1,2022-04-27T06:55:42
Structure1_WGS84/37161,010100000060306FA31B195AC0D86D4AF86C384940,CLOSR:BSCLS:C167848,BS CLOSURE,IPL,,LACC_ATRENCH_C,REGNSK,,WHCYSK01,SASKTEL,,,100049,,,,,,CHENR1,2022-04-27T06:55:43
Structure1_WGS84/37162,010100000074FA8BEA5E195AC080ABE7A477384940,CLOSR:BSCLS:C168974,BS CLOSURE,IPL,,LACC_APLOWED_C,REGNSK,,WHCYSK01,SASKTEL,,,100049,,,,,,CHENR1,2022-04-27T06:55:43
Structure1_WGS84/37163,0101000000C4B946FE72175AC0F890A95590354940,CLOSR:BSCLS:C170174,BS CLOSURE,IPL,,LACC_APLOWED_C,REGNSK,,WHCYSK01,SASKTEL,,,100049,,,,,,CHENR1,2022-04-27T06:54:31
Structure1_WGS84/37164,010100000004FA7E492E175AC090A3A70545374940,CLOSR:BSCLS:C170549,BS CLOSURE,IPL,,LACC_APLOWED_C,REGNSK,,WHCYSK01,SASKTEL,,,100049,,,,,,CHENR1,2022-04-27T06:57:47
Structure1_WGS84/37165,0101000000A4AC256B54145AC018A58517F93A4940,CLOSR:BSCLS:C171320,BS CLOSURE,IPL,,LACC_APLOWED_C,REGNSK,,WHCYSK01,SASKTEL,,,100049,,,,,,CHENR1,2022-04-27T06:54:32
Structure1_WGS84/37179,0101000000603C107AF2FB5AC04006DC743D014940,CLOSR:BSCLS::8519227,BS CLOSURE,IPL,,LACC_ATRENCH_C,NEVLSK,,LCPLSK02,SASKTEL,2015,,100049,,981058,,,,CHENR1,2022-02-11T05:03:24
Structure1_WGS84/37199,0101000000488497F7F0255AC0F0DF56C3C35B4940,CLOSR:BSCLS:C223892,BS CLOSURE,IPL,,LACC_APLOWED_F,REGNSK,,KNNLSK01,SASKTEL,,35M CL,100049,,,,,,CHENR1,2022-03-10T03:03:48
Structure1_WGS84/37200,0101000000B86A84CF8D235AC0D8BE30CE1C664940,CLOSR:BSCLS:C202376,BS CLOSURE,IPL,,LACC_APLOWED_C,REGNSK,,KNNLSK01,SASKTEL,,,100049,,,,,,CHENR1,2022-03-10T03:03:48
Structure1_WGS84/37206,010100000048C4AC2E1FFC5AC038682ABCF2004940,CLOSR:BSCLS::7400799,BS CLOSURE,IPL,,LACC_ATRENCH_C,NEVLSK,,LCPLSK02,SASKTEL,2013,,100049,,958650,,,,CHENR1,2022-02-11T05:03:27
Structure1_WGS84/37220,0101000000C83F9D6C8FE459C0B0E89B76E9144940,CLOSR:BSCLS::8973294,BS CLOSURE,IPL,,LACC_APLOWED_C,MTMRSK,,KENDSK01,SASKTEL,2016,,100049,,984585,,,,CHENR1,2022-03-09T08:52:23
Structure1_WGS84/37291,0101000000BC78060D1D8659C07023C96C83FE4840,CLOSR:BSCLS::9072172,BS CLOSURE,IPL,,LACC_APLOWED_C,,,KELSSK01,SASKTEL,2013,,100049,,,,,,CHENR1,2022-03-09T08:48:20
Structure1_WGS84/37300,0101000000D83958F5D5B15AC038B9F03A9D0D4940,CLOSR:BSCLS:C511322,BS CLOSURE,IPL,,LACC_APLOWED_C,HDVLSK,,KLSTSK01,SASKTEL,,,100049,,,,,,CHENR1,2022-03-10T01:27:03
Structure1_WGS84/37321,0101000000A0E5A8F2E9055AC0087E872140264940,CLOSR:BSCLS::6437916,BS CLOSURE,IPL,,LACC_APLOWED_C,,,LJRDSK01,SASKTEL,2013,,100049,,0,,,,CHENR1,2022-03-11T06:16:19
Structure1_WGS84/37331,010100000014565AE1FE095AC0D8C78D6CB8184940,CLOSR:BSCLS:C180413,BS CLOSURE,IPL,,LACC_APLOWED_C,REGNSK,,LJRDSK01,SASKTEL,,,100049,,,,,,CHENR1,2022-03-11T06:16:16
Structure1_WGS84/37356,0101000000C8D91A95240A5AC010C0E6ECC21E4940,CLOSR:BSCLS:C167595,BS CLOSURE,IPL,,LACC_APLOWED_F,REGNSK,,LJRDSK01,SASKTEL,,,100049,,,,,,CHENR1,2022-03-11T06:16:16
Structure1_WGS84/37379,0101000000C49FD1EBA90B5AC0A8F3D49C5C204940,CLOSR:BSCLS:C167593,BS CLOSURE,IPL,,LACC_APLOWED_F,REGNSK,,LJRDSK01,SASKTEL,,,100049,,,,,,CHENR1,2022-03-11T06:16:15
Structure1_WGS84/37384,0101000000501DB7075D235AC0F8C861288E504940,CLOSR:BSCLS:C223566,BS CLOSURE,IPL,,LACC_APLOWED_C,REGNSK,,KNNLSK01,SASKTEL,,,100049,,,,,,CHENR1,2022-03-10T03:03:47
Structure1_WGS84/37462,0101000000704BB39219455AC0987F9649F5744940,CLOSR:BSCLS::11514818,BS CLOSURE,IPL,,LACC_APLOWED_C,STBGSK,,SBBHSK01,SASKTEL,2021,,100049,,813940,,KLETR1,2021-06-24T13:59:01,KLETR1,2022-02-18T16:05:53
Structure1_WGS84/37532,010100000064CEB3BFF7225AC05818AF07C05B4940,CLOSR:BSCLS:C223887,BS CLOSURE,IPL,,LACC_APLOWED_F,REGNSK,,KNNLSK01,SASKTEL,,,100049,,,,,,CHENR1,2022-03-10T03:03:47
Structure1_WGS84/37628,0101000000185158E402265AC0E0ABEBF7D4604940,CLOSR:BSCLS:C210169,BS CLOSURE,IPL,,LACC_APLOWED_C,REGNSK,,KNNLSK01,SASKTEL,,,100049,,,,,,CHENR1,2022-03-10T03:03:48
Structure1_WGS84/37656,01010000004C1BFC67A71C5AC0A0BE5D4A2B494940,CLOSR:BSCLS:C206929,BS CLOSURE,IPL,,LACC_APLOWED_C,REGNSK,,ZHNRSK02,SASKTEL,,,100049,,,,,,CHENR1,2022-05-02T06:58:22
Structure1_WGS84/37657,0101000000845390E6221D5AC038EDFB6DD84A4940,CLOSR:BSCLS:C212754,BS CLOSURE,IPL,,LACC_APLOWED_C,REGNSK,,ZHNRSK02,SASKTEL,,,100049,,,,,,CHENR1,2022-05-02T06:58:28
Structure1_WGS84/37699,0101000000781BDF3A66625BC0A01E99836A544940,CLOSR:BSCLS:C525918,BS CLOSURE,IPL,,LACC_APLOWED_C,LEDRSK,,LBNTSK01,SASKTEL,,,100049,,,,,,CHENR1,2022-02-11T03:55:56
Structure1_WGS84/37733,0101000000C038574B5CE859C0580FE482EE5A4940,CLOSR:BSCLS:C163811,BS CLOSURE,IPL,,LACC_APLOWED_C,FTQPSK,,KWBHSK01,SASKTEL,,,100049,,,,,,CHENR1,2022-02-10T09:35:32
Structure1_WGS84/37738,01010000000C6EF144FE4A5AC0588F896EDF754940,CLOSR:BSCLS:C77916,BS CLOSURE,IPL,,LACC_APLOWED_C,HLDFSK,,WTBHSK01,SASKTEL,,,100049,,,,,,CHENR1,2022-04-29T02:10:08
Structure1_WGS84/37799,0101000000E0B2EB8D231B5AC0B89825C205584940,CLOSR:BSCLS:C225614,BS CLOSURE,IPL,,LACC_APLOWED_C,REGNSK,,ZHNRSK02,SASKTEL,,,100049,,,,,,CHENR1,2022-05-02T06:58:27
Structure1_WGS84/37800,0101000000D8BA18269A1B5AC0E0CEDBFEB34A4940,CLOSR:BSCLS:C227595,BS CLOSURE,IPL,,LACC_APLOWED_F,REGNSK,,ZHNRSK02,SASKTEL,,,100049,,,,,,CHENR1,2022-05-02T06:58:24
Structure1_WGS84/37801,01010000001C1128A2CC145AC06079FFA8D84E4940,CLOSR:BSCLS:C227766,BS CLOSURE,IPL,,LACC_APLOWED_C,REGNSK,,ZHNRSK02,SASKTEL,,,100049,,,,,,CHENR1,2022-05-02T06:58:22
Structure1_WGS84/37802,0101000000C8185CC9271D5AC0309AB1AF0F5A4940,CLOSR:BSCLS:C235188,BS CLOSURE,IPL,,LACC_APLOWED_C,REGNSK,,ZHNRSK02,SASKTEL,,,100049,,,,,,CHENR1,2022-05-02T06:58:27
Structure1_WGS84/37803,01010000007CD6F286581D5AC0B850FEFD08584940,CLOSR:BSCLS:C237783,BS CLOSURE,IPL,,LACC_APLOWED_F,REGNSK,,ZHNRSK02,SASKTEL,,,100049,,,,,,CHENR1,2022-05-02T06:58:27
Structure1_WGS84/37804,010100000098DCAB33371B5AC0E841FB774E544940,CLOSR:BSCLS:D6796605,BS CLOSURE,IPL,,LACC_APLOWED_C,REGNSK,,ZHNRSK02,SASKTEL,,,100049,,,,,,CHENR1,2022-05-02T06:58:23
Structure1_WGS84/37816,0101000000C4F3AF6B8FE459C050C6DC48E8144940,CLOSR:BSCLS::8973296,BS CLOSURE,IPL,,LACC_APLOWED_C,MTMRSK,,KENDSK01,SASKTEL,2016,,100049,,984585,,,,CHENR1,2022-03-09T08:52:23
Structure1_WGS84/37820,0101000000BCB9295FDC295AC01841757669644940,CLOSR:BSCLS:C210930,BS CLOSURE,IPL,,LACC_APLOWED_C,REGNSK,,KNNLSK01,SASKTEL,,,100049,,,,,,CHENR1,2022-03-10T03:03:48
Structure1_WGS84/37958,0101000000603D769647E659C088D5484DE6144940,CLOSR:BSCLS:C147750,BS CLOSURE,IPL,,LACC_APLOWED_C,MTMRSK,,KENDSK01,SASKTEL,,,100049,,,,,,CHENR1,2022-03-09T08:52:15
Structure1_WGS84/37960,01010000007CDDE2148F7D59C06083E82A4CFC4840,CLOSR:BSCLS:C149148,BS CLOSURE,IPL,,LACC_APLOWED_C,WAWTSK,,KELSSK01,SASKTEL,,,100049,,,,,,CHENR1,2022-03-09T08:48:14
Structure1_WGS84/38099,010100000038DF03FFD1675BC09843BB121AFE4840,CLOSR:BSCLS:C544722,BS CLOSURE,IPL,,LACC_APLOWED_F,MPCKSK,,HTTNSK01,SASKTEL,,,100049,,,,,,CHENR1,2022-03-03T06:11:48
Structure1_WGS84/38130,01010000009464317295705BC0404D7755A2FD4840,CLOSR:BSCLS:C522933,BS CLOSURE,IPL,,LACC_APLOWED_F,MPCKSK,,HTTNSK01,SASKTEL,,,100049,,,,,,CHENR1,2022-03-03T06:11:48
Structure1_WGS84/38313,01010000001C5FAB9F5FE35AC0A8B83DBD690E4940,CLOSR:BSCLS:C531437,BS CLOSURE,IPL,,LACC_APLOWED_C,SWCRSK,,WYMRSK02,SASKTEL,,,100049,,,,,,CHENR1,2022-05-02T05:41:55
Structure1_WGS84/38328,010100000018381C6D67E05AC0C02C8FD037114940,CLOSR:BSCLS:C532677,BS CLOSURE,IPL,,LACC_APLOWED_C,SWCRSK,,WYMRSK02,SASKTEL,,,100049,,,,,,CHENR1,2022-05-02T05:41:58
Structure1_WGS84/38329,01010000003C46DE116CE05AC0D0EB956D38114940,CLOSR:BSCLS:C532752,BS CLOSURE,IPL,,LACC_APLOWED_C,SWCRSK,,WYMRSK02,SASKTEL,,,100049,,,,,,CHENR1,2022-05-02T05:41:56
Structure1_WGS84/38330,01010000005075E56C67E05AC00814656738114940,CLOSR:BSCLS:C532759,BS CLOSURE,IPL,,LACC_APLOWED_C,SWCRSK,,WYMRSK02,SASKTEL,,,100049,,,,,,CHENR1,2022-05-02T05:41:56
Structure1_WGS84/38331,0101000000BC3E1C1F2BF25AC080C06C9D20154940,CLOSR:BSCLS:C542878,BS CLOSURE,IPL,,LACC_APLOWED_C,SWCRSK,,WYMRSK02,SASKTEL,,,100049,,,,,,CHENR1,2022-05-02T05:42:07
Structure1_WGS84/38332,0101000000945924F05EF25AC0D83393FB1F154940,CLOSR:BSCLS:C542900,BS CLOSURE,IPL,,LACC_APLOWED_C,SWCRSK,,WYMRSK02,SASKTEL,,,100049,,,,,,CHENR1,2022-05-02T05:42:08
Structure1_WGS84/38553,01010000005471AAB5F0745BC04002A72D64FD4840,CLOSR:BSCLS:C522956,BS CLOSURE,IPL,,LACC_APLOWED_F,MPCKSK,,HTTNSK01,SASKTEL,,,100049,,,,,,CHENR1,2022-03-03T06:11:47
Structure1_WGS84/38595,0101000000C4327C92BB6D5BC0786DE57BBFFD4840,CLOSR:BSCLS:C522926,BS CLOSURE,IPL,,LACC_APLOWED_F,MPCKSK,,HTTNSK01,SASKTEL,,GP,100049,,,,,,CHENR1,2022-03-03T06:11:49
Structure1_WGS84/39181,0101000000885827DBBE0C5AC08840806FC7164940,CLOSR:BSCLS::6298074,BS CLOSURE,ABD,,LACC_APLOWED_C,RCTNSK,,RCTNSK01,SASKTEL,2012,,100049,,0,,,,CHENR1,2022-05-05T08:25:36
Structure1_WGS84/39235,010100000020D1397C881B5BC0485828FA45EF4840,CLOSR:BSCLS:C526758,BS CLOSURE,IPL,,LACC_APLOWED_F,SHNVSK,,SHNVSK04,SASKTEL,,,100049,,,,,,CHENR1,2022-04-01T08:54:55
Structure1_WGS84/39236,010100000054F6B512001B5BC0E8FF2E3624E74840,CLOSR:BSCLS:C526908,BS CLOSURE,IPL,,LACC_APLOWED_F,SHNVSK,,SHNVSK04,SASKTEL,,0L,100049,,,,,,CHENR1,2022-04-01T08:54:49
Structure1_WGS84/39237,010100000038C554415F1C5BC08014CC9DBBE74840,CLOSR:BSCLS:C527287,BS CLOSURE,ABD,,LACC_APLOWED_F,SHNVSK,,SHNVSK04,SASKTEL,,,100049,,,,,,CHENR1,2022-04-01T08:54:47
Structure1_WGS84/39238,0101000000E01BE4D70A1C5BC0D826D89639E44840,CLOSR:BSCLS:C527366,BS CLOSURE,ABD,,LACC_APLOWED_F,SHNVSK,,SHNVSK04,SASKTEL,,,100049,,,,,,CHENR1,2022-04-01T08:54:54
Structure1_WGS84/39239,0101000000701455FCF51B5BC0702A8150FBE14840,CLOSR:BSCLS:C527378,BS CLOSURE,ABD,,LACC_APLOWED_F,SHNVSK,,SHNVSK04,SASKTEL,,,100049,,,,,,CHENR1,2022-04-01T08:54:54
Structure1_WGS84/39240,01010000008C099B7B741C5BC0D82A4A41ABC64840,CLOSR:BSCLS:C573445,BS CLOSURE,IPL,,LACC_APLOWED_C,SHNVSK,,SHNVSK03,SASKTEL,,,100049,,,,,,CHENR1,2022-04-01T03:20:49
Structure1_WGS84/39241,0101000000C8ED70D18F1D5BC0C088B117CDC64840,CLOSR:BSCLS:C573540,BS CLOSURE,IPL,,LACC_APLOWED_C,SHNVSK,,SHNVSK03,SASKTEL,,,100049,,,,,,CHENR1,2022-04-01T03:20:47
Structure1_WGS84/39344,0101000000F8B6C5D454CD5AC010C9EB893A3A4940,CLOSR:BSCLS:C518551,BS CLOSURE,IPL,,LACC_APLOWED_C,HRBRSK,,HRBRSK01,SASKTEL,,,100049,,,,,,HUNTG1,2023-06-01T12:06:38
Structure1_WGS84/39570,0101000000F47B2081581A5AC098EBF3D9003E4940,CLOSR:BSCLS:C193250,BS CLOSURE,IPL,,LACC_APLOWED_C,REGNSK,,PLBTSK01,SASKTEL,,,100049,,,,,,CHENR1,2022-03-18T04:04:02
Structure1_WGS84/39571,01010000000CA58B87561A5AC0F026B288013E4940,CLOSR:BSCLS:C195620,BS CLOSURE,IPL,,LACC_APLOWED_C,REGNSK,,PLBTSK01,SASKTEL,,,100049,,,,,,CHENR1,2022-03-18T04:02:45
Structure1_WGS84/39572,010100000094413189C5195AC0B0968AE671464940,CLOSR:BSCLS:C196307,BS CLOSURE,IPL,,LACC_APLOWED_C,REGNSK,,PLBTSK01,SASKTEL,,,100049,,,,,,CHENR1,2022-03-18T04:04:00
Structure1_WGS84/39573,01010000001887E87ADC1B5AC0F82D556452414940,CLOSR:BSCLS:C199373,BS CLOSURE,IPL,,LACC_APLOWED_C,REGNSK,,PLBTSK01,SASKTEL,,,100049,,,,,,CHENR1,2022-03-18T04:02:45
Structure1_WGS84/39574,010100000064E1534F921B5AC060266EA8273A4940,CLOSR:BSCLS:C207096,BS CLOSURE,IPL,,LACC_APLOWED_C,REGNSK,,PLBTSK01,SASKTEL,,,100049,,,,,,CHENR1,2022-03-18T04:02:44
Structure1_WGS84/39581,01010000003813C1A25C0E5AC08819C4BB27BD4940,CLOSR:BSCLS:C153654,BS CLOSURE,IPL,,LACC_APLOWED_C,PNCHSK,,PMIRSK01,SASKTEL,,,100049,,,,,,CHENR1,2022-03-18T04:28:09
Structure1_WGS84/39711,01010000006CC3794F5D1A5AC06073B80A6D3C4940,CLOSR:BSCLS:C194490,BS CLOSURE,IPL,,LACC_APLOWED_C,REGNSK,,PLBTSK01,SASKTEL,,,100049,,,,,,CHENR1,2022-03-18T04:03:49
Structure1_WGS84/39712,0101000000F060F3C0B31A5AC02014CA4B493D4940,CLOSR:BSCLS:C195699,BS CLOSURE,IPL,,LACC_ATRENCH_C,REGNSK,,PLBTSK01,SASKTEL,,,100049,,,,,,CHENR1,2022-03-18T04:03:52
Structure1_WGS84/39713,0101000000F4569EECD81B5AC0A0C2F4045C454940,CLOSR:BSCLS:C199907,BS CLOSURE,IPL,,LACC_APLOWED_C,REGNSK,,PLBTSK01,SASKTEL,,,100049,,,,,,CHENR1,2022-03-18T04:02:39
Structure1_WGS84/39726,010100000090E4BE77691C5AC038129A5707614940,CLOSR:BSCLS:C209905,BS CLOSURE,IPL,,LACC_APLOWED_C,REGNSK,,PPIRSK01,SASKTEL,,,100049,,,,,,CHENR1,2022-03-18T04:48:13
Structure1_WGS84/39727,010100000048B8F0B99C175AC0C001FB8F1C634940,CLOSR:BSCLS:C216205,BS CLOSURE,IPL,,LACC_APLOWED_C,REGNSK,,PPIRSK01,SASKTEL,,,100049,,,,,,CHENR1,2022-03-18T04:48:15
Structure1_WGS84/39728,0101000000C8DB46403B1B5AC0707D2CA570634940,CLOSR:BSCLS:C219490,BS CLOSURE,IPL,,LACC_APLOWED_C,REGNSK,,PPIRSK01,SASKTEL,,,100049,,,,,,CHENR1,2022-03-18T04:48:13
Structure1_WGS84/39729,010100000070CEBA0C201B5AC0F8142DD17D634940,CLOSR:BSCLS:C236799,BS CLOSURE,IPL,,LACC_APLOWED_C,REGNSK,,PPIRSK01,SASKTEL,,,100049,,,,,,CHENR1,2022-03-18T04:48:13
Structure1_WGS84/39730,0101000000C0B80C199E375AC0E0EBFD7634524940,CLOSR:BSCLS:C112487,BS CLOSURE,IPL,,LACC_ATRENCH_C,LMSDSK,,LMSDSK01,SASKTEL,,,100049,,,,,,IHMED1,2016-11-22T12:05:29
Structure1_WGS84/39899,010100000038123A785E1A5AC0B8E03D5B553B4940,CLOSR:BSCLS:C190696,BS CLOSURE,IPL,,LACC_APLOWED_C,REGNSK,,PLBTSK01,SASKTEL,,,100049,,,,,,CHENR1,2022-03-18T04:02:44
Structure1_WGS84/39900,010100000084F738AD3D1D5AC0809BD7DB1D3F4940,CLOSR:BSCLS:C199167,BS CLOSURE,IPL,,LACC_APLOWED_C,REGNSK,,PLBTSK01,SASKTEL,,,100049,,,,,,CHENR1,2022-03-18T04:02:39
Structure1_WGS84/39930,0101000000F4705062DA195AC098568A2407BD4940,CLOSR:BSCLS:C103259,BS CLOSURE,IPL,,LACC_ATRENCH_C,PNCHSK,,PMIRSK01,SASKTEL,,,100049,,,,,,CHENR1,2022-03-18T04:28:20
Structure1_WGS84/39931,0101000000D090D5D3E5195AC03068D5DFF9BC4940,CLOSR:BSCLS:C104284,BS CLOSURE,IPL,,LACC_APLOWED_C,PNCHSK,,PMIRSK01,SASKTEL,,,100049,,,,,,CHENR1,2022-03-18T04:28:20
Structure1_WGS84/39945,0101000000401AF7E17E1A5AC090702E267F394940,CLOSR:BSCLS:C219731,BS CLOSURE,ABD,,LACC_APLOWED_C,REGNSK,,PLBTSK01,SASKTEL,,,100049,,,,,,CHENR1,2022-03-18T04:04:00
Structure1_WGS84/40115,0101000000BCAAAEA1A6195AC058810F35FCBC4940,CLOSR:BSCLS:C106201,BS CLOSURE,IPL,,LACC_ATRENCH_C,PNCHSK,,PMIRSK01,SASKTEL,,,100049,,,,,,CHENR1,2022-03-18T04:28:13
Structure1_WGS84/40116,010100000080764AB16A195AC0705D812074BA4940,CLOSR:BSCLS:C152979,BS CLOSURE,IPL,,LACC_APLOWED_C,PNCHSK,,PMIRSK01,SASKTEL,,,100049,,,,,,CHENR1,2022-03-18T04:28:17
Structure1_WGS84/40185,0101000000200420F85C0E5AC010B1DECE1CB94940,CLOSR:BSCLS:C107798,BS CLOSURE,IPL,,LACC_APLOWED_C,PNCHSK,,PMIRSK01,SASKTEL,,,100049,,,,,,CHENR1,2022-03-18T04:28:17
Structure1_WGS84/40221,0101000000401B0CB7F4215AC0B88CACB39C3B4940,CLOSR:BSCLS:C155564,BS CLOSURE,IPL,,LACC_ATRENCH_C,REGNSK,,REGNSK46,SASKTEL,,,100049,,,,,,CHENR1,2022-03-26T02:06:57
Structure1_WGS84/40332,0101000000D46D2C3536205AC010BFAA06A3374940,CLOSR:BSCLS:C203126,BS CLOSURE,ABD,,LACC_APLOWED_C,REGNSK,,REGNSK46,SASKTEL,,,100049,,,,,,CHENR1,2022-03-26T02:06:55
Structure1_WGS84/40360,010100000068D9698AD11F5AC07848EF90AC394940,CLOSR:BSCLS:C162461,BS CLOSURE,IPL,,LACC_ATRENCH_C,REGNSK,,REGNSK46,SASKTEL,,,100049,,,,,,CHENR1,2022-03-26T02:06:59
Structure1_WGS84/40414,0101000000ECEDA30E83A959C090BC0DB3554A4940,CLOSR:BSCLS:C137370,BS CLOSURE,IPL,,LACC_ATRENCH_C,BRVWSK,,MARLSK01,SASKTEL,,,100049,,,,,,CHENR1,2022-03-14T03:12:02
Structure1_WGS84/40503,0101000000C0EFB385D8A959C060811AF1F6484940,CLOSR:BSCLS:C115492,BS CLOSURE,IPL,,LACC_APLOWED_C,BRVWSK,,MARLSK01,SASKTEL,,,100049,,,,,,CHENR1,2022-03-14T03:11:59
Structure1_WGS84/40509,0101000000FCE431FB03245AC090D604FDF73D4940,CLOSR:BSCLS:C194024,BS CLOSURE,ABD,,LACC_ATRENCH_C,REGNSK,,REGNSK12,SASKTEL,,,100049,,,,,,GADIS1,2022-09-29T09:54:30
Structure1_WGS84/40534,0101000000BCDF56E4111F5BC0A09E96707F0B4940,CLOSR:BSCLS::12666456,BS CLOSURE,IPL,,LACC_ATRENCH_C,GLLKSK,,GLLKSK01,SASKTEL,,,100049,S 1119 RENFREW AVE,,,PITTM1,2023-03-12T23:59:03,THUND1,2023-03-14T00:48:13
Structure1_WGS84/40579,0101000000646D9C12251D5AC0C00DFD22875F4940,CLOSR:BSCLS::12666798,BS CLOSURE,IPL,,LACC_APLOWED_C,REGNSK,,PPIRSK01,SASKTEL,,,100049,,,,THUND1,2023-03-13T04:13:47,THUND1,2023-03-14T00:48:12
Structure1_WGS84/40632,0101000000E422F8BE5CEE59C0584FA3B9232B4940,CLOSR:BSCLS::12666774,BS CLOSURE,IPL,,LACC_APLOWED_C,ODSSSK,,ODSSSK01,SASKTEL,,,100049,,,,THUND1,2023-03-13T03:47:57,THUND1,2023-03-14T00:48:12
Structure1_WGS84/40736,0101000000B0A560F0BDA959C0A843F42C87484940,CLOSR:BSCLS::7151194,BS CLOSURE,IPL,,LACC_APLOWED_C,BRVWSK,,MARLSK01,SASKTEL,2013,,100049,,0,,,,CHENR1,2022-03-14T03:12:03
Structure1_WGS84/40748,0101000000A0E08FC6F4D359C0C8BB590CA96D4940,CLOSR:BSCLS:C124356,BS CLOSURE,IPL,,LACC_APLOWED_C,BLCRSK,,PSIRSK01,SASKTEL,,,100049,,,,,,CHENR1,2022-03-21T08:13:22
Structure1_WGS84/40752,0101000000C8B3477F5AD759C0484DCA30F0784940,CLOSR:BSCLS:C124495,BS CLOSURE,IPL,,LACC_APLOWED_C,BLCRSK,,PSIRSK01,SASKTEL,,,100049,,,,,,CHENR1,2022-03-21T08:13:18
Structure1_WGS84/41200,010100000020828DC598205AC068437F87B3344940,CLOSR:BSCLS::9097131,BS CLOSURE,IPL,,LACC_APLOWED_F,REGNSK,,REGNSK45,SASKTEL,2016,"x:534864.128m, y:5584523.612m location of BS",100049,,983905,,,,CHENR1,2022-04-08T07:36:09
Structure1_WGS84/41233,0101000000D45044683F1D5AC0505BA26EB82F4940,CLOSR:BSCLS:C191802,BS CLOSURE,IPL,,LACC_APLOWED_F,REGNSK,,REGNSK45,SASKTEL,,,100049,,,,,,CHENR1,2022-04-08T07:37:08
Structure1_WGS84/41245,01010000006C59E33EC2F859C0D07A12F4B1654940,CLOSR:BSCLS:C166660,BS CLOSURE,IPL,,LACC_ATRENCH_C,FTQPSK,,SBIRSK01,SASKTEL,,,100049,,,,,,CHENR1,2022-03-30T07:09:39
Structure1_WGS84/41266,010100000014931B6B9D1D5AC0F8B3132360314940,CLOSR:BSCLS:C188368,BS CLOSURE,IPL,,LACC_APLOWED_F,REGNSK,,REGNSK45,SASKTEL,,,100049,,,,,,CHENR1,2022-04-08T07:38:19
Structure1_WGS84/41316,0101000000002BD0EC4F205AC050C8BBAED5334940,CLOSR:BSCLS:C181944,BS CLOSURE,IPL,,LACC_APLOWED_C,REGNSK,,REGNSK45,SASKTEL,,,100049,,,,,,CHENR1,2022-04-08T07:41:22
Structure1_WGS84/41403,010100000098ABB147721A5AC030720AF032324940,CLOSR:BSCLS:C191696,BS CLOSURE,IPL,,LACC_APLOWED_F,REGNSK,,REGNSK45,SASKTEL,,,100049,,,,,,CHENR1,2022-04-08T07:37:20
Structure1_WGS84/41463,01010000001001CD6E2D355AC05849CFBA67614940,CLOSR:BSCLS:C130546,BS CLOSURE,ABD,,LACC_APLOWED_F,LMSDSK,,SABHSK01,SASKTEL,,,100049,,,,,,CHENR1,2022-03-30T03:59:45
Structure1_WGS84/41464,01010000005880920F55355AC08010C58E8D634940,CLOSR:BSCLS:C82338,BS CLOSURE,ABD,,LACC_APLOWED_C,LMSDSK,,SABHSK01,SASKTEL,,,100049,,,,,,CHENR1,2022-03-30T03:59:46
Structure1_WGS84/41465,010100000090E78DA2CD355AC028F2BE73ED664940,CLOSR:BSCLS:C82346,BS CLOSURE,ABD,,LACC_APLOWED_F,LMSDSK,,SABHSK01,SASKTEL,,,100049,,,,,,CHENR1,2022-03-30T03:59:43
Structure1_WGS84/41565,0101000000EC7BEBFBA4225AC06875193B37384940,CLOSR:BSCLS:C163608,BS CLOSURE,IPL,,LACC_ATRENCH_C,REGNSK,,REGNSK45,SASKTEL,,,100049,,,,,,CHENR1,2022-04-08T07:33:15
Structure1_WGS84/41597,010100000038E7DA2993F759C0A0858DEAA86A4940,CLOSR:BSCLS:C135895,BS CLOSURE,IPL,,LACC_APLOWED_C,FTQPSK,,SBIRSK01,SASKTEL,,,100049,,,,,,CHENR1,2022-03-30T07:09:41
Structure1_WGS84/41598,0101000000909D30C1A6F859C0A8443CF3A1694940,CLOSR:BSCLS:C137162,BS CLOSURE,IPL,,LACC_APLOWED_C,FTQPSK,,SBIRSK01,SASKTEL,,,100049,,,,,,CHENR1,2022-03-30T07:09:41
Structure1_WGS84/41636,010100000004C8C840FB235AC0189A3FA1BC3A4940,CLOSR:BSCLS:C153233,BS CLOSURE,IPL,,LACC_ATRENCH_C,REGNSK,,REGNSK46,SASKTEL,,,100049,,,,,,CHENR1,2022-03-26T02:10:22
Structure1_WGS84/41791,0101000000D0FBD301E1205AC0389050FBF9344940,CLOSR:BSCLS::7754716,BS CLOSURE,IPL,,LACC_ATRENCH_C,,,REGNSK45,SASKTEL,,,100049,,,,,,CHENR1,2022-04-08T07:36:12
Structure1_WGS84/41814,0101000000F81A1C0129225AC0A82183DF7D3A4940,CLOSR:BSCLS:C154097,BS CLOSURE,IPL,,LACC_ATRENCH_C,REGNSK,,REGNSK46,SASKTEL,,no in ap martenes,100049,,,,,,CHENR1,2022-03-26T02:18:08
Structure1_WGS84/41838,0101000000B4299F972A225AC0589C662B763A4940,CLOSR:BSCLS:C154096,BS CLOSURE,IPL,,LACC_APLOWED_C,REGNSK,,REGNSK46,SASKTEL,,,100049,,,,,,CHENR1,2022-03-26T02:06:55
Structure1_WGS84/41870,010100000078BECC9B16225AC030171E8C7C3A4940,CLOSR:BSCLS:C153949,BS CLOSURE,IPL,,LACC_ATRENCH_C,REGNSK,,REGNSK46,SASKTEL,,,100049,,,,,,CHENR1,2022-03-26T02:05:07
Structure1_WGS84/41897,010100000020B9533F91235AC098BC9CA7B4394940,CLOSR:BSCLS:C160024,BS CLOSURE,IPL,,LACC_ATRENCH_C,REGNSK,,REGNSK46,SASKTEL,,,100049,,,,,,CHENR1,2022-03-26T02:05:14
Structure1_WGS84/41912,0101000000C451005FE6225AC0F0A461724F394940,CLOSR:BSCLS:C159488,BS CLOSURE,IPL,,LACC_APLOWED_C,REGNSK,,REGNSK46,SASKTEL,,,100049,,,,,,CHENR1,2022-03-26T02:05:08
Structure1_WGS84/41931,0101000000489BAF341E235AC0F0CEEF0822394940,CLOSR:BSCLS:C159957,BS CLOSURE,ABD,,LACC_ATRENCH_C,REGNSK,,REGNSK46,SASKTEL,,,100049,,,,,,CHENR1,2022-03-26T02:10:07
Structure1_WGS84/41951,010100000010A1769722225AC0404A4191903A4940,CLOSR:BSCLS:C154125,BS CLOSURE,IPL,,LACC_ATRENCH_C,REGNSK,,REGNSK46,SASKTEL,,no in ap martenes,100049,,,,,,CHENR1,2022-03-26T02:05:08
Structure1_WGS84/41956,0101000000941B2059DF235AC0E83601237B394940,CLOSR:BSCLS:C196733,BS CLOSURE,IPL,,LACC_ATRENCH_C,REGNSK,,REGNSK46,SASKTEL,,,100049,,,,,,CHENR1,2022-03-26T02:05:07
Structure1_WGS84/41999,010100000074369A12DF235AC090901E7FDC394940,CLOSR:BSCLS:C159189,BS CLOSURE,IPL,,LACC_ATRENCH_C,REGNSK,,REGNSK46,SASKTEL,,,100049,,,,,,CHENR1,2022-03-26T02:05:12
Structure1_WGS84/42002,010100000044A139A67F235AC0D85835E7E43C4940,CLOSR:BSCLS::7114716,BS CLOSURE,IPL,,LACC_ATRENCH_C,REGNSK,,REGNSK46,SASKTEL,2013,,100049,,965221,,,,CHENR1,2022-03-26T02:12:47
Structure1_WGS84/42036,01010000004C4E3B9C23235AC0808DEB4CD2384940,CLOSR:BSCLS:C160029,BS CLOSURE,IPL,,LACC_APLOWED_C,REGNSK,,REGNSK46,SASKTEL,,,100049,,,,,,CHENR1,2022-03-26T02:06:56
Structure1_WGS84/42122,0101000000AC2F4E8667235AC07062F8BD0A3B4940,CLOSR:BSCLS:C154433,BS CLOSURE,IPL,,LACC_APLOWED_C,REGNSK,,REGNSK46,SASKTEL,,,100049,,,,,,CHENR1,2022-03-26T02:05:12
Structure1_WGS84/42185,0101000000D4EF691E051F5AC0F82A14E4C5374940,CLOSR:BSCLS:C202812,BS CLOSURE,IPL,,LACC_APLOWED_F,REGNSK,,REGNSK46,SASKTEL,,155m NORTH OF RAILWAY PL,100049,R330 0F,,,,,CHENR1,2022-03-26T02:10:27
Structure1_WGS84/42219,01010000002424BB9A28235AC0F098036FCE394940,CLOSR:BSCLS:C154043,BS CLOSURE,IPL,,LACC_ATRENCH_C,REGNSK,,REGNSK46,SASKTEL,,,100049,,,,,,CHENR1,2022-03-26T02:06:58
Structure1_WGS84/42337,0101000000086E3619DF235AC03089D89F053A4940,CLOSR:BSCLS:C252129,BS CLOSURE,ABD,,LACC_ATRENCH_C,REGNSK,,REGNSK46,SASKTEL,,,100049,,,,,,CHENR1,2022-03-26T02:07:02
Structure1_WGS84/42339,0101000000AC8E029528235AC0B0BA8E0BE3394940,CLOSR:BSCLS:C153832,BS CLOSURE,IPL,,LACC_APLOWED_C,REGNSK,,REGNSK46,SASKTEL,,,100049,,,,,,CHENR1,2022-03-26T02:05:07
Structure1_WGS84/42390,0101000000DCF7195E23235AC060A29BE6E5384940,CLOSR:BSCLS:C158358,BS CLOSURE,IPL,,LACC_APLOWED_C,REGNSK,,REGNSK46,SASKTEL,,,100049,,,,,,CHENR1,2022-03-26T02:07:01
Structure1_WGS84/42450,01010000002430B47203245AC0B0AAFC77AC3A4940,CLOSR:BSCLS:C158404,BS CLOSURE,IPL,,LACC_ATRENCH_C,REGNSK,,REGNSK46,SASKTEL,,,100049,,,,,,CHENR1,2022-03-26T02:05:11
Structure1_WGS84/42467,010100000090C5843819235AC098C7321BA9394940,CLOSR:BSCLS:C155033,BS CLOSURE,IPL,,LACC_ATRENCH_C,REGNSK,,REGNSK46,SASKTEL,,,100049,,,,,,CHENR1,2022-03-26T02:18:05
Structure1_WGS84/42475,0101000000D005B31121225AC068AB146D543A4940,CLOSR:BSCLS:C153772,BS CLOSURE,IPL,,LACC_ATRENCH_C,REGNSK,,REGNSK46,SASKTEL,,,100049,,,,,,CHENR1,2022-03-26T02:10:26
Structure1_WGS84/42476,010100000060C2A402EB225AC018255CF3A3394940,CLOSR:BSCLS:C155438,BS CLOSURE,IPL,,LACC_ATRENCH_C,REGNSK,,REGNSK46,SASKTEL,,,100049,,,,,,CHENR1,2022-03-26T02:10:27
Structure1_WGS84/42534,0101000000DCF1719607225AC0D00C7A8DA23A4940,CLOSR:BSCLS:C211451,BS CLOSURE,IPL,,LACC_ATRENCH_C,REGNSK,,REGNSK46,SASKTEL,,,100049,,,,,,CHENR1,2022-03-26T02:06:55
Structure1_WGS84/42584,0101000000709CF7D90A195AC0F097798C61394940,CLOSR:BSCLS::7445914,BS CLOSURE,IPL,,LACC_ATRENCH_C,REGNSK,,WHCYSK01,SASKTEL,2012,B.S. 3m FROM PED,100049,,955808,,,,CHENR1,2022-04-27T06:55:45
Structure1_WGS84/43201,0101000000404C01EA5F295BC0A0741F7662BD4840,CLOSR:BSCLS::12670611,BS CLOSURE,IPL,,LACC_APLOWED_C,SHNVSK,,DLRDSK01,SASKTEL,,,100049,,,,BINGA1,2023-03-13T23:14:52,THUND1,2023-03-15T04:08:21
Structure1_WGS84/43370,0101000000A472C3B75C1A5AC04086C6348F3C4940,CLOSR:BSCLS:C194445,BS CLOSURE,IPL,,LACC_APLOWED_C,REGNSK,,PLBTSK01,SASKTEL,,,100049,,,,,,ESLIG1,2023-04-12T11:42:52
Structure1_WGS84/43546,0101000000D019AE9439205AC050F4D3CE5C344940,CLOSR:BSCLS::8874414,BS CLOSURE,IPL,,LACC_APLOWED_C,REGNSK,,REGNSK45,SASKTEL,2015,,100049,,983211,,,,CHENR1,2022-04-08T07:37:22
Structure1_WGS84/43549,010100000034FB22F2D41B5AC0D0940887302D4940,CLOSR:BSCLS:C188200,BS CLOSURE,IPL,,LACC_APLOWED_C,REGNSK,,REGNSK45,SASKTEL,,,100049,,,,,,CHENR1,2022-04-08T07:36:01
Structure1_WGS84/43655,0101000000EC8FBDFF6B1A5AC080107900C8324940,CLOSR:BSCLS:C191924,BS CLOSURE,ABD,,LACC_APLOWED_C,REGNSK,,REGNSK45,SASKTEL,,,100049,,,,,,CHENR1,2022-04-08T07:33:18
Structure1_WGS84/43832,010100000024E5472C24455AC058E0128A316E4940,CLOSR:BSCLS:C82754,BS CLOSURE,IPL,,LACC_APLOWED_C,RGBHSK,,SRBHSK01,SASKTEL,,,100049,R L18 B4 LAST MOUNT,,,,,CHENR1,2022-04-14T22:34:50
Structure1_WGS84/43833,0101000000B40E4B595F465AC0D076248264714940,CLOSR:BSCLS:C90239,BS CLOSURE,ABD,,LACC_APLOWED_C,RGBHSK,,SRBHSK01,SASKTEL,1976,,100049,RA9 R L14 B1,,,,,CHENR1,2022-04-14T22:34:55
Structure1_WGS84/43834,01010000001829D5EA1D465AC0E8B8A337D0714940,CLOSR:BSCLS:C93828,BS CLOSURE,IPL,,LACC_APLOWED_C,RGBHSK,,SRBHSK01,SASKTEL,,,100049,,,,,,CHENR1,2022-04-14T22:34:49
Structure1_WGS84/43967,010100000014530FEF9E235AC0D067CCD3A2384940,CLOSR:BSCLS:C156130,BS CLOSURE,IPL,,LACC_ATRENCH_C,REGNSK,,REGNSK45,SASKTEL,,,100049,,,,,,CHENR1,2022-04-08T07:33:21
Structure1_WGS84/44009,010100000054BC824ED71B5AC0982B1EACF92B4940,CLOSR:BSCLS:C194448,BS CLOSURE,IPL,,LACC_APLOWED_C,REGNSK,,REGNSK45,SASKTEL,,,100049,,,,,,CHENR1,2022-04-08T07:33:21
Structure1_WGS84/44010,0101000000B4DD6451A1F05AC09813932895F74840,CLOSR:BSCLS:C516273,BS CLOSURE,IPL,,LACC_APLOWED_C,NEVLSK,,NEVLSK01,SASKTEL,,,100049,,,,,,KATAS1,2022-08-04T00:54:27
Structure1_WGS84/44120,0101000000B4EC1870F9475AC008746AF703764940,CLOSR:BSCLS:C76725,BS CLOSURE,IPL,,LACC_APLOWED_C,STBGSK,,SBBHSK01,SASKTEL,2000,,100049,,,,,,CHENR1,2022-03-30T06:59:39
Structure1_WGS84/44121,0101000000AC900B316B465AC0300E8D45D8754940,CLOSR:BSCLS:C99733,BS CLOSURE,IPL,,LACC_APLOWED_C,STBGSK,,SBBHSK01,SASKTEL,,,100049,,,,,,CHENR1,2022-03-30T06:59:34
Structure1_WGS84/44175,01010000005C3125BDC8015BC0E88618AF797B4940,CLOSR:BSCLS:C361245,BS CLOSURE,IPL,,LACC_APLOWED_F,KYLESK,,TBRSSK01,SASKTEL,,,100049,,,,,,CHENR1,2022-04-19T03:07:09
Structure1_WGS84/44407,0101000000143FCADEEB215AC0601F17EEBF344940,CLOSR:BSCLS:C181284,BS CLOSURE,IPL,,LACC_ATRENCH_C,REGNSK,,REGNSK45,SASKTEL,,,100049,,,,,,CHENR1,2022-04-08T07:35:54
Structure1_WGS84/44591,0101000000CC12E0CB4F205AC05045057C6E344940,CLOSR:BSCLS::8871857,BS CLOSURE,IPL,,LACC_APLOWED_C,REGNSK,,REGNSK45,SASKTEL,2016,,100049,,983211,,,,CHENR1,2022-04-08T07:37:06
Structure1_WGS84/44799,0101000000CCED449A0FF359C09895157988624940,CLOSR:BSCLS:C136913,BS CLOSURE,ABD,,LACC_APLOWED_C,FTQPSK,,FTQPSK01,SASKTEL,,,100049,,,,,,HOLTA1,2022-10-20T12:57:16
Structure1_WGS84/44968,0101000000BC0A9ADD2D3F5BC0087CACBDE86A4940,CLOSR:BSCLS:C501714,BS CLOSURE,IPL,,LACC_APLOWED_C,ABBYSK,,PTRVSK01,SASKTEL,,,100049,,,,,,CHENR1,2022-04-08T02:48:25
Structure1_WGS84/44969,0101000000542A94C4F33E5BC020250887F96B4940,CLOSR:BSCLS:C501762,BS CLOSURE,IPL,,LACC_APLOWED_C,ABBYSK,,PTRVSK01,SASKTEL,,,100049,,,,,,CHENR1,2022-04-08T02:48:23
Structure1_WGS84/44970,0101000000A42B8246C33E5BC010864EFDB36E4940,CLOSR:BSCLS:C502059,BS CLOSURE,IPL,,LACC_APLOWED_C,ABBYSK,,PTRVSK01,SASKTEL,,,100049,,,,,,CHENR1,2022-04-08T02:48:26
Structure1_WGS84/44996,010100000098F205532B435BC090E610575F634940,CLOSR:BSCLS:C505109,BS CLOSURE,IPL,,LACC_APLOWED_C,ABBYSK,,PTRVSK01,SASKTEL,,,100049,,,,,,CHENR1,2022-04-08T02:48:27
Structure1_WGS84/45036,0101000000285AD0B3CD4D5AC098806F7236384940,CLOSR:BSCLS:C117823,BS CLOSURE,IPL,,LACC_APLOWED_C,PENSSK,,STBHSK02,SASKTEL,,,100049,,,,,,CHENR1,2022-04-14T22:55:11
Structure1_WGS84/45037,0101000000AC0B00D4BB4D5AC0F81F58A92E374940,CLOSR:BSCLS:C123783,BS CLOSURE,IPL,,LACC_APLOWED_C,PENSSK,,STBHSK02,SASKTEL,,,100049,,,,,,CHENR1,2022-04-14T22:55:11
Structure1_WGS84/45038,0101000000E07F8692044A5AC0F0E4C95EC4404940,CLOSR:BSCLS:C125447,BS CLOSURE,IPL,,LACC_APLOWED_C,PENSSK,,STBHSK02,SASKTEL,,,100049,,,,,,CHENR1,2022-04-14T22:55:02
Structure1_WGS84/45039,0101000000505FD3D9824A5AC0F85ACC790D3B4940,CLOSR:BSCLS:C164830,BS CLOSURE,IPL,,LACC_APLOWED_C,PENSSK,,STBHSK02,SASKTEL,,,100049,,,,,,CHENR1,2022-04-14T22:55:06
Structure1_WGS84/45040,0101000000788BD385824A5AC0888381DDEC3A4940,CLOSR:BSCLS:C77761,BS CLOSURE,IPL,,LACC_APLOWED_F,PENSSK,,STBHSK02,SASKTEL,,,100049,,,,,,CHENR1,2022-04-14T22:55:09
Structure1_WGS84/45281,0101000000C84977C3D5035BC0E033871BA55F4940,CLOSR:BSCLS:C351582,BS CLOSURE,IPL,,LACC_APLOWED_C,KYLESK,,SKLDSK01,SASKTEL,,,100049,,,,,,CHENR1,2022-04-05T02:11:29
Structure1_WGS84/45382,01010000002037567109005BC0E8842B68E65B4940,CLOSR:BSCLS:C502790,BS CLOSURE,IPL,,LACC_APLOWED_F,KYLESK,,SKLDSK01,SASKTEL,,,100049,,,,,,CHENR1,2022-04-05T02:11:33
Structure1_WGS84/45395,010100000068A9F3105C225AC080DB395875364940,CLOSR:BSCLS:C223786,BS CLOSURE,IPL,,LACC_APLOWED_C,REGNSK,,REGNSK45,SASKTEL,,,100049,,,,,,CHENR1,2022-04-08T07:33:20
Structure1_WGS84/45418,0101000000A436BA4876725BC020AB7447E4234940,CLOSR:BSCLS:C537773,BS CLOSURE,IPL,,LACC_APLOWED_C,RCHMSK,,RCHMSK02,SASKTEL,,,100049,,,,,,CHENR1,2022-04-08T03:25:55
Structure1_WGS84/45478,01010000005C44E0EA4E1A5AC058C484F934304940,CLOSR:BSCLS:C191858,BS CLOSURE,IPL,,LACC_APLOWED_F,REGNSK,,REGNSK45,SASKTEL,,,100049,,,,,,CHENR1,2022-04-08T07:33:20
Structure1_WGS84/45502,010100000088B543EC41215AC0A0933D6023364940,CLOSR:BSCLS::7486237,BS CLOSURE,IPL,,LACC_ATRENCH_F,REGNSK,,REGNSK45,SASKTEL,2014,,100049,,973055,,,,CHENR1,2022-04-08T07:36:01
Structure1_WGS84/45517,0101000000ECBB4CC1D8235AC0582918C3CC364940,CLOSR:BSCLS:C184272,BS CLOSURE,IPL,,LACC_ATRENCH_C,REGNSK,,REGNSK45,SASKTEL,,,100049,,,,,,CHENR1,2022-04-08T07:33:26
Structure1_WGS84/45523,010100000044A03B6D9F235AC0589A742B69374940,CLOSR:BSCLS:C219699,BS CLOSURE,IPL,,LACC_APLOWED_C,REGNSK,,REGNSK45,SASKTEL,,,100049,,,,,,CHENR1,2022-04-08T07:33:17
Structure1_WGS84/45565,0101000000F888AEF7FA015AC0B8F00C52644E4940,CLOSR:BSCLS:C128539,BS CLOSURE,IPL,,LACC_APLOWED_F,QAPLSK,,EDGLSK04,SASKTEL,,,100049,,,,,,DUNLM1,2023-04-18T11:44:09
Structure1_WGS84/45599,0101000000D0ECE4801B1F5AC08040D2DA462B4940,CLOSR:BSCLS:C190118,BS CLOSURE,IPL,,LACC_APLOWED_C,REGNSK,,REGNSK45,SASKTEL,,,100049,,,,,,CHENR1,2022-04-08T07:38:17
Structure1_WGS84/45630,0101000000CCF2982892225AC00844678A9A364940,CLOSR:BSCLS:C225705,BS CLOSURE,IPL,,LACC_APLOWED_C,REGNSK,,REGNSK45,SASKTEL,,,100049,,,,,,CHENR1,2022-04-08T07:36:02
Structure1_WGS84/45698,01010000001063D8E2AC0C5BC01818247DDA654940,CLOSR:BSCLS:C351667,BS CLOSURE,IPL,,LACC_APLOWED_C,KYLESK,,WTBRSK02,SASKTEL,,,100049,,,,,,CHENR1,2022-04-29T07:27:20
Structure1_WGS84/45811,0101000000E4FAE16146235AC048B80C7C28364940,CLOSR:BSCLS:C187182,BS CLOSURE,IPL,,LACC_ATRENCH_C,REGNSK,,REGNSK45,SASKTEL,,,100049,,,,,,CHENR1,2022-04-08T07:33:18
Structure1_WGS84/45864,0101000000644DED8B321C5AC040BEA98729354940,CLOSR:BSCLS:C195970,BS CLOSURE,IPL,,LACC_APLOWED_F,REGNSK,,REGNSK45,SASKTEL,,,100049,,,,,,CHENR1,2022-04-08T07:41:21
Structure1_WGS84/45926,010100000038179007CC1B5AC0506D0F66462D4940,CLOSR:BSCLS:C188206,BS CLOSURE,IPL,,LACC_APLOWED_C,REGNSK,,REGNSK45,SASKTEL,,,100049,,,,,,CHENR1,2022-04-08T07:33:27
Structure1_WGS84/46077,0101000000CCA0E8542E225AC0F8A0D6BDA0374940,CLOSR:BSCLS:C204133,BS CLOSURE,IPL,,LACC_APLOWED_C,REGNSK,,REGNSK45,SASKTEL,,,100049,,,,,,CHENR1,2022-04-08T07:33:22
Structure1_WGS84/46183,0101000000AC25AAD814145BC0186F970FDE604940,CLOSR:BSCLS:C354336,BS CLOSURE,IPL,,LACC_APLOWED_C,KYLESK,,WTBRSK02,SASKTEL,,,100049,,,,,,CHENR1,2022-04-29T07:27:22
Structure1_WGS84/46192,010100000048C41211290E5BC0A85DD9932D704940,CLOSR:BSCLS:C348586,BS CLOSURE,IPL,,LACC_APLOWED_C,KYLESK,,WTBRSK02,SASKTEL,,,100049,,,,,,CHENR1,2022-04-29T07:27:21
Structure1_WGS84/46247,0101000000409A6A93AEF559C02828B033D73F4940,LOSR:BSCLS::10371422,BS CLOSURE,IPL,,LACC_APLOWED_C,QAPLSK,,QAPLSK01,SASKTEL,2018,,100049,,804368,,KAURR2,2019-03-13T12:34:03,CHENR1,2022-06-09T03:28:46
Structure1_WGS84/46274,01010000009C664413AFF559C09046C19DD53F4940,LOSR:BSCLS::10371423,BS CLOSURE,IPL,,LACC_APLOWED_C,QAPLSK,,QAPLSK01,SASKTEL,2018,,100049,,804368,,KAURR2,2019-03-13T12:34:12,CHENR1,2022-06-09T03:28:51
Structure1_WGS84/46343,01010000003C93925811255AC0009097CB4C394940,CLOSR:BSCLS:C177613,BS CLOSURE,IPL,,LACC_ATRENCH_C,REGNSK,,REGNSK01,SASKTEL,,,100049,,,,,,MCKED4,2022-11-29T14:24:01
Structure1_WGS84/46430,010100000094E7DD32090F5BC01881B99CE6754940,CLOSR:BSCLS:C352166,BS CLOSURE,IPL,,LACC_APLOWED_C,KYLESK,,WTBRSK02,SASKTEL,,,100049,,,,,,CHENR1,2022-04-29T07:27:25
Structure1_WGS84/47000,0101000000F4319165506C59C07074EE1393314940,CLOSR:BSCLS:C124706,BS CLOSURE,IPL,,LACC_APLOWED_C,RCVLSK,,RCVLSK01,SASKTEL,,,100049,,,,,,IHMED1,2016-11-17T09:55:21
Structure1_WGS84/47001,01010000004C857DDDD76B59C098538C0A54304940,CLOSR:BSCLS:C134926,BS CLOSURE,IPL,,LACC_APLOWED_F,RCVLSK,,RCVLSK01,SASKTEL,,,100049,,,,,,BOBAM1,2023-02-13T13:20:28
Structure1_WGS84/48362,01010000006C38AAD502025AC058395AC627864940,CLOSR:BSCLS::12114762,BS CLOSURE,IPL,,LACC_ATRENCH_C,DYSRSK,,DYSRSK01,SASKTEL,2022,,100049,,814970,,MCKED4,2022-05-30T10:01:41,MCKED4,2022-05-30T10:44:08
Structure1_WGS84/48363,01010000005CF8B78701025AC0685D0A7F2E864940,CLOSR:BSCLS::12114765,BS CLOSURE,IPL,,LACC_ATRENCH_C,DYSRSK,,DYSRSK01,SASKTEL,2022,,100049,,814970,,MCKED4,2022-05-30T10:09:57,MCKED4,2022-05-30T10:44:08
Structure1_WGS84/52654,01010000001CA78065D92A5AC0681DCAC7633E4940,CLOSR:BSCLS:C216044,BS CLOSURE,IPL,,LACC_APLOWED_C,REGNSK,,REGNSK04,SASKTEL,,,100049,,,,,,MCKED4,2022-11-10T15:34:12
Structure1_WGS84/52658,01010000001C5BD6CA32A259C0D886EF0941404940,LOSR:BSCLS::11008842,BS CLOSURE,IPL,,LACC_APLOWED_C,BRVWSK,,KIRVSK01,SASKTEL,2021,,100049,,809911,,MALLM1,2020-07-09T11:40:54,MALLM1,2022-11-09T16:32:27
Structure1_WGS84/53323,010100000040807E72E31F5AC0389AF415A9784940,CLOSR:BSCLS:C118101,BS CLOSURE,IPL,,LACC_APLOWED_C,STHYSK,,STHYSK01,SASKTEL,,,100049,,,,,,IHMED1,2016-11-23T15:07:37
Structure1_WGS84/53331,010100000004A60D66D7BC59C0B0792A54F5144940,CLOSR:BSCLS:C156609,BS CLOSURE,ABD,,LACC_APLOWED_C,WNDTSK,,WNDTSK01,SASKTEL,,,100049,,,,,,IHMED1,2016-11-18T12:01:47
Structure1_WGS84/53345,0101000000DCA88041335C5AC0203271ED7C974940,CLOSR:BSCLS:C149688,BS CLOSURE,IPL,,LACC_APLOWED_C,LBRTSK,,LBRTSK02,SASKTEL,,,100049,,,,,,IHMED1,2016-11-22T15:58:38
Structure1_WGS84/53411,010100000068737BCD9B215AC0903B292936724940,CLOSR:BSCLS:C115642,BS CLOSURE,IPL,,LACC_APLOWED_C,STHYSK,,STHYSK01,SASKTEL,,,100049,,,,,,IHMED1,2016-11-23T15:07:42
Structure1_WGS84/53443,0101000000A00D19BFCB1F5AC0680671B8EB774940,CLOSR:BSCLS:C128987,BS CLOSURE,IPL,,LACC_ATRENCH_C,STHYSK,,STHYSK01,SASKTEL,,,100049,,,,,,IHMED1,2016-11-23T15:07:44
Structure1_WGS84/53472,010100000098558DC891F55AC0A0DD8714A72C4940,CLOSR:BSCLS:C542773,BS CLOSURE,IPL,,LACC_APLOWED_C,SWCRSK,,SWCRSK02,SASKTEL,,,100049,,,,,,,
Structure1_WGS84/53487,010100000074F41DCE4C255BC0809379C049A44840,CLOSR:BSCLS:C519873,BS CLOSURE,IPL,,LACC_APLOWED_C,FRNTSK,,FRNTSK01,SASKTEL,,,100049,,,,,,IHMED1,2016-11-14T13:56:24
Structure1_WGS84/53536,0101000000485E95F2F7475BC018FF78FBE86D4940,CLOSR:BSCLS:C525636,BS CLOSURE,ABD,,LACC_APLOWED_C,SCPTSK,,SCPTSK01,SASKTEL,,,100049,,,,,,,
Structure1_WGS84/53571,01010000008CEB89F5207259C0589C5AB857134940,CLOSR:BSCLS:D6612634,BS CLOSURE,IPL,,LACC_ATRENCH_C,MSMNSK,,MSMNSK01,SASKTEL,,,100049,,,,,,IHMED1,2016-11-17T09:22:07
Structure1_WGS84/53612,010100000028EB154E666559C0B8C2168393314940,CLOSR:BSCLS:C154766,BS CLOSURE,IPL,,LACC_APLOWED_C,RCVLSK,,RCVLSK01,SASKTEL,,,100049,,,,,,IHMED1,2016-11-17T09:55:24
Structure1_WGS84/53615,010100000010F30C17426559C028F2C8E5E0444940,CLOSR:BSCLS:C81471,BS CLOSURE,IPL,,LACC_APLOWED_C,SYHLSK,,SYHLSK02,SASKTEL,,,100049,,,,,,IHMED1,2016-11-17T12:48:31
Structure1_WGS84/53632,010100000030572C9C890D5AC040005A74E4784940,CLOSR:BSCLS:C123994,BS CLOSURE,IPL,,LACC_ATRENCH_C,CUPRSK,,CUPRSK01,SASKTEL,,,100049,R 912 RAILWAY AVE,,,,,IHMED1,2016-11-23T15:20:58
Structure1_WGS84/53820,0101000000383A6972557459C068C3B3D45F314940,CLOSR:BSCLS:C141718,BS CLOSURE,IPL,,LACC_APLOWED_C,RCVLSK,,RCVLSK01,SASKTEL,,,100049,,,,,,IHMED1,2016-11-17T09:55:35
Structure1_WGS84/53847,0101000000945B482ACD295AC0F8E57073CB324940,CLOSR:BSCLS:C224007,BS CLOSURE,ABD,,LACC_APLOWED_F,REGNSK,,REGNSK03,SASKTEL,,,100049,,,,,,,
Structure1_WGS84/53883,010100000050E36436D6295AC0580527CB1E3D4940,CLOSR:BSCLS:C235685,BS CLOSURE,IPL,,LACC_APLOWED_C,REGNSK,,REGNSK04,SASKTEL,,,100049,,,,,,,
Structure1_WGS84/53892,0101000000688A899875275AC070DBFD181D3E4940,CLOSR:BSCLS:C202497,BS CLOSURE,IPL,,LACC_ATRENCH_C,REGNSK,,REGNSK04,SASKTEL,,,100049,,,,,,,
Structure1_WGS84/53976,0101000000E42FA140E72E5AC008DBCBFA303A4940,CLOSR:BSCLS:C189479,BS CLOSURE,ABD,,LACC_APLOWED_C,REGNSK,,REGNSK01,SASKTEL,,,100049,,,,,,,
Structure1_WGS84/54042,0101000000E82A4FB34F295AC018E96CD8213E4940,CLOSR:BSCLS:C224117,BS CLOSURE,IPL,,LACC_APLOWED_C,REGNSK,,REGNSK04,SASKTEL,,,100049,,,,,,,
Structure1_WGS84/54045,0101000000D42D12450E275AC050333812B43E4940,CLOSR:BSCLS::7601114,BS CLOSURE,IPL,,LACC_ATRENCH_C,REGNSK,,REGNSK04,SASKTEL,2013,,100049,,959784,,,,,
Structure1_WGS84/54157,01010000003CD2FB54C2C759C02835B0FFC1344940,CLOSR:BSCLS:C145908,BS CLOSURE,IPL,,LACC_APLOWED_F,WLSLSK,,WLSLSK01,SASKTEL,,,100049,,,,,,IHMED1,2016-11-18T14:49:42
Structure1_WGS84/54211,0101000000006EB04C0CEA59C05872BE405F714940,CLOSR:BSCLS:C171245,BS CLOSURE,IPL,,LACC_APLOWED_C,BLCRSK,,BLCRSK01,SASKTEL,,,100049,,,,,,IHMED1,2016-11-24T14:26:03
Structure1_WGS84/54213,0101000000F4FB5E40B86859C0105A5F5C5EFC4840,CLOSR:BSCLS:C149556,BS CLOSURE,IPL,,LACC_APLOWED_C,MSMNSK,,MSMNSK01,SASKTEL,,,100049,,,,,,IHMED1,2016-11-17T09:22:52
Structure1_WGS84/54244,010100000038C4BEEB13BB59C0F8C95E17C72F4940,CLOSR:BSCLS:C141848,BS CLOSURE,IPL,,LACC_APLOWED_C,GRNFSK,,GRNFSK01,SASKTEL,,,100049,,,,,,IHMED1,2016-11-18T13:02:37
Structure1_WGS84/54259,01010000000C54C307C17559C038A4BA1BAC0D4940,CLOSR:BSCLS::8764029,BS CLOSURE,IPL,,LACC_APLOWED_C,MSMNSK,,MSMNSK01,SASKTEL,2015,,100049,,982445,,,,IHMED1,2016-11-17T09:23:07
Structure1_WGS84/54272,0101000000FC626CD73ADA5AC0F8E1C88C82294940,CLOSR:BSCLS:C514605,BS CLOSURE,IPL,,LACC_APLOWED_C,HRBRSK,,HRBRSK01,SASKTEL,,,100049,,,,,,,
Structure1_WGS84/54281,01010000008032A10A5EC559C038EB54B2C9344940,CLOSR:BSCLS:C141685,BS CLOSURE,IPL,,LACC_APLOWED_C,GRNFSK,,GRNFSK01,SASKTEL,,,100049,,,,,,IHMED1,2016-11-18T13:02:32
Structure1_WGS84/54332,0101000000505E6FBED8A359C0C09685533FF74840,CLOSR:BSCLS:C148771,BS CLOSURE,IPL,,LACC_APLOWED_C,KPNGSK,,KPNGSK01,SASKTEL,,,100049,,,,,,IHMED1,2016-11-18T11:19:23
Structure1_WGS84/54335,0101000000BCFCA49392225BC090372E8DE6234940,CLOSR:BSCLS:C525617,BS CLOSURE,IPL,,LACC_APLOWED_C,GLLKSK,,GLLKSK01,SASKTEL,,,100049,,,,,,IHMED1,2016-11-14T09:01:18
Structure1_WGS84/54351,01010000000C2DB09CC40C5BC06853C58C24174940,CLOSR:BSCLS:C525459,BS CLOSURE,IPL,,LACC_APLOWED_C,WEBBSK,,WEBBSK02,SASKTEL,,,100049,,,,,,IHMED1,2016-11-14T09:27:47
Structure1_WGS84/54371,0101000000D894352EDF5E5BC0B8B309ACB3DF4840,CLOSR:BSCLS:C530728,BS CLOSURE,IPL,,LACC_APLOWED_C,MPCKSK,,MPCKSK01,SASKTEL,,,100049,,,,,,,
Structure1_WGS84/54383,0101000000249F6F22F25E5BC0788F1E1F2AE44840,CLOSR:BSCLS:C517560,BS CLOSURE,IPL,,LACC_APLOWED_C,MPCKSK,,MPCKSK01,SASKTEL,,,100049,,,,,,,
Structure1_WGS84/54426,01010000001CEE8AE3D7F15AC098DC447462234940,CLOSR:BSCLS:C549849,BS CLOSURE,IPL,,LACC_ATRENCH_C,SWCRSK,,SWCRSK02,SASKTEL,,,100049,F CURLING RINK,,,,,,
Structure1_WGS84/54439,010100000070B6F02418465BC0A8571E9F6E6C4940,CLOSR:BSCLS:C570227,BS CLOSURE,IPL,,LACC_APLOWED_C,SCPTSK,,SCPTSK01,SASKTEL,,,100049,,,,,,,
Structure1_WGS84/54441,0101000000647AD33EE73F5AC0D8053E046A024940,CLOSR:BSCLS:C142213,BS CLOSURE,IPL,,LACC_APLOWED_C,AVNLSK,,AVNLSK01,SASKTEL,,,100049,,,,,,IHMED1,2016-11-22T09:51:39
Structure1_WGS84/54456,010100000010685F62D4205BC078D71B1AEED14840,CLOSR:BSCLS:C516475,BS CLOSURE,IPL,,LACC_APLOWED_C,SHNVSK,,SHNVSK01,SASKTEL,,,100049,,,,,,IHMED1,2016-11-14T11:21:53
Structure1_WGS84/54482,01010000003C7A51281C215AC0F055EE1CC2FE4840,CLOSR:BSCLS:C85081,BS CLOSURE,IPL,,LACC_APLOWED_C,MLSTSK,,MLSTSK01,SASKTEL,,,100049,,,,,,IHMED1,2016-11-22T09:28:06
Structure1_WGS84/54627,010100000074A94133B0EF59C0B818766421234940,CLOSR:BSCLS:C131195,BS CLOSURE,ABD,,LACC_APLOWED_C,ODSSSK,,ODSSSK01,SASKTEL,,,100049,,,,,,MEYEB2,2017-05-03T12:06:43
Structure1_WGS84/54683,0101000000648164A4381E5AC0D8D3C8CD41394940,CLOSR:BSCLS::9534283,BS CLOSURE,IPL,,LACC_APLOWED_C,REGNSK,,REGNSK46,SASKTEL,2017,,100049,,983338,,BOHLC2,2017-05-29T14:23:44,GORRS2,2019-01-22T13:06:58
Structure1_WGS84/54718,010100000008F4142F322E5AC070FE458E7C304940,LOSR:BSCLS::10720874,BS CLOSURE,IPL,,LACC_APLOWED_F,REGNSK,,REGNSK03,SASKTEL,2020,"-104.7218,  50.3788",100049,"-104.7218,  50.3788",808077,,MEYEB2,2019-11-25T15:31:04,MEYEB2,2021-03-04T10:42:50
Structure1_WGS84/54801,010100000068F8C0D554F259C0E8C9BE636C614940,CLOSR:BSCLS:D6572698,BS CLOSURE,IPL,,LACC_ATRENCH_C,FTQPSK,,FTQPSK01,SASKTEL,,,100049,,,,,,BINGA1,2025-03-11T04:15:31
Structure1_WGS84/54993,0101000000ECC2950797535BC0487D903A016E4940,CLOSR:BSCLS:C525546,BS CLOSURE,IPL,,LACC_APLOWED_C,SCPTSK,,SCPTSK01,SASKTEL,,,100049,,,,,,ADELL2,2018-10-05T00:44:57
Structure1_WGS84/55014,010100000008DC96D5AFF559C0B8AFCE61D93F4940,LOSR:BSCLS::10371420,BS CLOSURE,IPL,,LACC_APLOWED_C,QAPLSK,,QAPLSK01,SASKTEL,2018,,100049,,804368,,KAURR2,2019-03-13T12:33:49,RAVAG1,2023-11-02T20:18:17
Structure1_WGS84/55015,0101000000E462BD65AFF559C0100C6F2FD93F4940,LOSR:BSCLS::10371421,BS CLOSURE,IPL,,TRNS_APLOWED_C,QAPLSK,,QAPLSK01,SASKTEL,2018,,100049,,804368,,KAURR2,2019-03-13T12:33:55,RAVAG1,2023-11-02T20:18:24
Structure1_WGS84/55043,0101000000B05068E268395BC0004697A463BF4840,CLOSR:BSCLS:C544245,BS CLOSURE,IPL,,LACC_APLOWED_C,ESNDSK,,ESNDSK01,SASKTEL,,,100049,,,,,,FATHF1,2018-04-03T00:05:14
Structure1_WGS84/55094,01010000000491721BC02F5BC070C4A72E108E4840,CLOSR:BSCLS:C518771,BS CLOSURE,IPL,,LACC_APLOWED_C,FRNTSK,,FRNTSK01,SASKTEL,,,100049,,,,,,GORRS2,2019-05-14T08:16:10
Structure1_WGS84/55100,01010000000CA86C95B66F59C0900B1F958B0A4940,CLOSR:BSCLS::9737212,BS CLOSURE,IPL,,LACC_APLOWED_C,MSMNSK,,MSRPSK01,SASKTEL,2017,,100049,,803215,,QUANM1,2017-10-31T12:01:58,SCHOA2,2018-05-17T14:17:55
Structure1_WGS84/55151,0101000000746F107032335AC090E4E964427B4940,CLOSR:BSCLS::12531103,BS CLOSURE,IPL,,LACC_APLOWED_C,STBGSK,,BULYSK04,SASKTEL,2022,,100049,,814946,,KAURP3,2022-12-16T12:42:32,KAURP3,2022-12-16T12:55:41
Structure1_WGS84/55206,010100000018C464303A005AC0F0C08920825E4940,CLOSR:BSCLS:C159664,BS CLOSURE,IPL,,LACC_APLOWED_C,FTQPSK,,FTQPSK01,SASKTEL,,,100049,,,,,,VUDUP1,2018-10-23T22:56:08
Structure1_WGS84/55216,0101000000588450484CFF59C0E8D7EB57665E4940,CLOSR:BSCLS:C146478,BS CLOSURE,IPL,,LACC_APLOWED_C,FTQPSK,,FTQPSK01,SASKTEL,,,100049,,,,,,VUDUP1,2018-10-25T23:38:51
Structure1_WGS84/55231,010100000050ED218189145AC0D8E880B70F314940,CLOSR:BSCLS:C137918,BS CLOSURE,IPL,,LACC_APLOWED_F,BLGNSK,,BLGNSK01,SASKTEL,,,100049,,,,,,PALGS1,2019-03-31T23:01:38
Structure1_WGS84/55361,0101000000F84368417E2A5AC0C0ECD653E7334940,CLOSR:BSCLS::8333946,BS CLOSURE,IPL,,LACC_ATRENCH_C,REGNSK,,REGNSK03,SASKTEL,2015,,100049,,978651,,,,THUND1,2024-01-12T01:12:02
Structure1_WGS84/55368,010100000094341E23DB2E5AC080A01D89BA374940,CLOSR:BSCLS:C191413,BS CLOSURE,IPL,,LACC_APLOWED_C,REGNSK,,REGNSK01,SASKTEL,,,100049,,,,,,KATRR1,2020-04-06T02:17:13
Structure1_WGS84/55470,0101000000A4ED7BAE38CA5AC0084B0AD347FC4840,LOSR:BSCLS::10298764,BS CLOSURE,IPL,,LACC_APLOWED_C,VNGRSK,,VNGRSK01,SASKTEL,2019,,100049,,,,QUANM1,2019-01-16T10:35:29,QUANM1,2019-01-16T11:07:33
Structure1_WGS84/55477,01010000000871A5D1962A5AC0B04A015A14394940,CLOSR:BSCLS:C216805,BS CLOSURE,IPL,,LACC_APLOWED_C,REGNSK,,REGNSK01,SASKTEL,,,100049,,,,,,ADELL2,2018-09-27T23:10:03
Structure1_WGS84/55487,0101000000F8E8C2B2D3F459C048E3542EBE414940,CLOSR:BSCLS:C162321,BS CLOSURE,IPL,,LACC_APLOWED_F,QAPLSK,,QAPLSK01,SASKTEL,,,100049,,,,,,BALLB1,2019-04-05T00:51:41
Structure1_WGS84/55488,010100000010A8405E76EB59C0B0CB5538B1464940,CLOSR:BSCLS:C129873,BS CLOSURE,IPL,,LACC_APLOWED_F,INHDSK,,INHDSK01,SASKTEL,,,100049,,,,,,BALLB1,2019-04-04T23:49:42
Structure1_WGS84/55534,0101000000E8ED09F16C2E5AC038FBDD8AB0324940,LOSR:BSCLS::10224860,BS CLOSURE,IPL,,LACC_APLOWED_C,REGNSK,,REGNSK03,SASKTEL,2018,,100049,,,,WILLJ2,2018-11-21T10:25:19,WILLJ2,2018-11-21T12:22:04
Structure1_WGS84/55562,0101000000B86AFBDD4F645BC000F8665C37F74840,CLOSR:BSCLS:C572702,BS CLOSURE,IPL,,LACC_APLOWED_C,MPCKSK,,MPCKSK01,SASKTEL,,,100049,,,,,,PALGS1,2018-10-16T03:57:12
Structure1_WGS84/55577,010100000008EBCE2CCCEC5AC0A8F0F0D62DED4840,CLOSR:BSCLS::11661643,BS CLOSURE,IPL,,LACC_APLOWED_C,CDLCSK,,CDLCSK01,SASKTEL,2021,,100049,,,,HUNTG1,2021-09-22T15:02:54,HUNTG1,2021-09-22T15:32:08
Structure1_WGS84/55612,0101000000447F6AE7742D5AC0B80737720D3C4940,CLOSR:BSCLS::9704202,BS CLOSURE,IPL,,LACC_ATRENCH_C,REGNSK,,REGNSK01,SASKTEL,2017,,100049,,803039,,BOHLC2,2017-10-04T17:27:13,BALLB1,2019-09-03T04:34:53
Structure1_WGS84/55616,0101000000B47DD987E61D5BC0307A1757ABC64840,CLOSR:BSCLS::11802762,BS CLOSURE,IPL,,LACC_ATRENCH_C,SHNVSK,,SHNVSK03,SASKTEL,2022,,100049,,815656,,HUNTG1,2021-11-29T15:04:03,POTIT1,2023-09-25T04:23:10
Structure1_WGS84/55641,010100000070C478D204C259C080A82C5EBA144940,CLOSR:BSCLS:C134200,BS CLOSURE,IPL,,LACC_APLOWED_C,GLNVSK,,GLNVSK01,SASKTEL,,,100049,,,,,,GOPIA1,2020-04-10T04:57:55
Structure1_WGS84/55650,010100000078F54C8A2A385AC0503B8393687B4940,CLOSR:BSCLS:C109568,BS CLOSURE,ABD,,LACC_APLOWED_F,STBGSK,,BULYSK04,SASKTEL,,,100049,,,,,,CHENR1,2021-12-17T06:03:52
Structure1_WGS84/55658,01010000004051F64F5D465AC0085026B7EB334940,CLOSR:BSCLS:C119869,BS CLOSURE,IPL,,LACC_APLOWED_C,PENSSK,,PENSSK01,SASKTEL,,,100049,,,,,,PALGS1,2019-06-10T01:44:23
Structure1_WGS84/55735,010100000098EABAD1F6035AC00000FE6BF14A4940,CLOSR:BSCLS:C128361,BS CLOSURE,IPL,,LACC_APLOWED_F,QAPLSK,,QAPLSK01,SASKTEL,,,100049,,,,,,PALGS1,2019-09-17T23:07:51
Structure1_WGS84/55743,01010000008093307D96205AC0A8E8258C47014940,CLOSR:BSCLS:C88555,BS CLOSURE,IPL,,LACC_APLOWED_C,MLSTSK,,MLSTSK01,SASKTEL,,,100049,,,,,,KAURR2,2017-01-10T10:02:02
Structure1_WGS84/55777,0101000000A4A2E12F6E255AC0E024F80C0C3E4940,CLOSR:BSCLS:C195224,BS CLOSURE,IPL,,LACC_ATRENCH_C,REGNSK,,REGNSK12,SASKTEL,,,100049,,,,,,CHENR1,2021-11-23T01:18:49
Structure1_WGS84/55819,0101000000A8E7F53E8D465AC07036A91765544940,CLOSR:BSCLS:C132782,BS CLOSURE,IPL,,LACC_APLOWED_F,LMSDSK,,LMSDSK01,SASKTEL,,,100049,,,,,,PALGS1,2019-06-04T01:05:30
Structure1_WGS84/55820,010100000028B64FB5E0445AC0608992F3B2334940,CLOSR:BSCLS:C119853,BS CLOSURE,IPL,,LACC_APLOWED_C,PENSSK,,PENSSK01,SASKTEL,,,100049,,,,,,PALGS1,2019-06-10T01:42:30
Structure1_WGS84/55822,0101000000C833C2EAEE245AC050C373000E3D4940,CLOSR:BSCLS:C207850,BS CLOSURE,IPL,,LACC_APLOWED_C,REGNSK,,REGNSK12,SASKTEL,,,100049,,,,,,SAKAM1,2024-12-05T05:29:53
Structure1_WGS84/55968,01010000000C4DFAF7D0135AC0F0A533740F374940,CLOSR:BSCLS:C93134,BS CLOSURE,IPL,,LACC_APLOWED_C,BLGNSK,,BLGNSK01,SASKTEL,,,100049,,,,,,PONNL1,2019-12-05T03:36:33
Structure1_WGS84/56083,01010000006CE057AAE08759C0F0882F52A91F4940,CLOSR:BSCLS:C172552,BS CLOSURE,IPL,,LACC_APLOWED_C,WPLLSK,,WPLLSK01,SASKTEL,,,100049,,,,,,PALGS1,2019-12-22T23:51:39
Structure1_WGS84/56165,0101000000B01AB083011B5BC0E8C42D7211D54840,CLOSR:BSCLS:C529062,BS CLOSURE,IPL,,LACC_APLOWED_F,SHNVSK,,SHNVSK01,SASKTEL,,,100049,,,,,,FLANR2,2021-11-29T19:07:43
Structure1_WGS84/56181,0101000000481CAE12A28B59C0E8F9537D43294940,CLOSR:BSCLS:C139473,BS CLOSURE,IPL,,LACC_APLOWED_C,WHWDSK,,WHWDSK01,SASKTEL,,,100049,,,,,,PALGS1,2019-11-27T01:18:47
Structure1_WGS84/56231,0101000000B0AE698FCB7C59C0B0BF6E43D2384940,CLOSR:BSCLS:C110164,BS CLOSURE,IPL,,LACC_APLOWED_C,WPLLSK,,WPLLSK01,SASKTEL,,,100049,,,,,,PALGS1,2019-12-17T22:09:44
Structure1_WGS84/56431,0101000000E8E19B0B9BE559C04898A4CAE1784940,CLOSR:BSCLS:C124286,BS CLOSURE,IPL,,LACC_APLOWED_C,BLCRSK,,BLCRSK03,SASKTEL,,,100049,R122 P3,,,,,CHENR1,2021-12-06T22:06:30
Structure1_WGS84/56442,01010000006808938432275AC0503B0A17FF354940,CLOSR:BSCLS:C386298,BS CLOSURE,IPL,,LACC_APLOWED_C,REGNSK,,REGNSK03,SASKTEL,2009,,100049,,941265,,,,WILLJ2,2020-03-10T09:29:47
Structure1_WGS84/56618,010100000038B1A8045B6E5AC0682ACA93CE624940,CLOSR:BSCLS:C95823,BS CLOSURE,IPL,,LACC_APLOWED_C,CRAKSK,,AYBYSK02,SASKTEL,,,100049,,,,,,CHENR1,2021-12-01T06:38:48
Structure1_WGS84/56648,0101000000D058ACF5C6335AC0187597455A5A4940,CLOSR:BSCLS:C82390,BS CLOSURE,IPL,,LACC_APLOWED_C,LMSDSK,,CRVNSK04,SASKTEL,,,100049,,,,,,CHENR1,2021-12-27T05:54:43
Structure1_WGS84/56657,0101000000D86DAFB696335AC088E0FA15CA594940,CLOSR:BSCLS:C92055,BS CLOSURE,IPL,,LACC_APLOWED_C,LMSDSK,,CRVNSK04,SASKTEL,,,100049,,,,,,CHENR1,2021-12-27T05:54:55
Structure1_WGS84/56747,0101000000781FE44889315AC09090773724494940,CLOSR:BSCLS:C198083,BS CLOSURE,IPL,,LACC_APLOWED_C,REGNSK,,CONDSK03,SASKTEL,,,100049,,,,,,CHENR1,2021-12-25T07:45:27
Structure1_WGS84/56768,0101000000883202C711235AC0488E272EB9384940,CLOSR:BSCLS:C159290,BS CLOSURE,IPL,,LACC_APLOWED_C,REGNSK,,REGNSK46,SASKTEL,,,100049,,,,,,CHENR1,2022-03-26T02:10:10
Structure1_WGS84/56782,0101000000A07FAA53430D5BC078FB7BAFF52D4940,CLOSR:BSCLS:C535524,BS CLOSURE,ABD,,LACC_APLOWED_C,SWCRSK,,SCCSSK02,SASKTEL,,,100049,,,,,,CHENR1,2022-01-27T03:01:48
Structure1_WGS84/56791,01010000000026D51615FF5AC0384D622734204940,CLOSR:BSCLS:C541686,BS CLOSURE,IPL,,LACC_APLOWED_C,SWCRSK,,SWCRSK22,SASKTEL,,,100049,,,,,,CHENR1,2022-01-27T04:18:59
Structure1_WGS84/56820,0101000000A08B76AAF6765AC038660EF3EC754940,CLOSR:BSCLS::12117644,BS CLOSURE,IPL,,LACC_ATRENCH_C,CRAKSK,,CRAKSK01,SASKTEL,2022,,100049,,,,MCKED4,2022-05-31T13:43:44,MCKED4,2022-05-31T13:51:27
Structure1_WGS84/56830,0101000000784BABB474F75AC0B08DB2CA013E4940,CLOSR:BSCLS:C572051,BS CLOSURE,IPL,,LACC_APLOWED_F,SWCRSK,,STVYSK02,SASKTEL,,,100049,,,,,,CHENR1,2022-01-27T05:18:28
Structure1_WGS84/56891,0101000000406B017E46075BC0180273A6E9334940,CLOSR:BSCLS:C571716,BS CLOSURE,IPL,,LACC_APLOWED_C,SWCRSK,,SCCSSK02,SASKTEL,,,100049,,,,,,CHENR1,2022-01-27T03:01:56
Structure1_WGS84/56911,0101000000E835B2353F6A59C0988D4DE6F0114940,CLOSR:BSCLS:C143696,BS CLOSURE,IPL,,LACC_APLOWED_C,MSMNSK,,MSMNSK01,SASKTEL,,,100049,,,,,,KAUSA1,2022-05-06T14:19:51
Structure1_WGS84/57069,0101000000201A050A1A455AC0E086D347F5744940,CLOSR:BSCLS::11514817,BS CLOSURE,IPL,,LACC_APLOWED_C,STBGSK,,SBBHSK01,SASKTEL,2021,,100049,,813940,,KLETR1,2021-06-24T13:58:41,KLETR1,2022-02-18T16:05:53
Structure1_WGS84/57246,0101000000103B4105E11C5BC090334B44B0F14840,CLOSR:BSCLS:C517063,BS CLOSURE,ABD,,LACC_APLOWED_F,SHNVSK,,SHNVSK04,SASKTEL,,60M N ROAD PL,100049,,,,,,CHENR1,2022-04-01T08:54:47
Structure1_WGS84/57275,01010000004C3C6AC3561A5AC040BBB0930C3E4940,CLOSR:BSCLS:C195640,BS CLOSURE,IPL,,LACC_APLOWED_C,REGNSK,,PLBTSK01,SASKTEL,,,100049,,,,,,CHENR1,2022-03-18T04:02:44
Structure1_WGS84/57276,0101000000A0477ABB9F1B5AC030F54914383A4940,CLOSR:BSCLS:C207142,BS CLOSURE,IPL,,LACC_APLOWED_C,REGNSK,,PLBTSK01,SASKTEL,,,100049,,,,,,CHENR1,2022-03-18T04:02:45
Structure1_WGS84/57297,0101000000943166946C1A5AC0A0036653683C4940,CLOSR:BSCLS:C194483,BS CLOSURE,IPL,,LACC_APLOWED_C,REGNSK,,PLBTSK01,SASKTEL,,,100049,,,,,,CHENR1,2022-03-18T04:03:49
Structure1_WGS84/57298,010100000098EA85DFA61B5AC0F03B5343363A4940,CLOSR:BSCLS:C207152,BS CLOSURE,IPL,,LACC_APLOWED_C,REGNSK,,PLBTSK01,SASKTEL,,,100049,,,,,,CHENR1,2022-03-18T04:02:34
Structure1_WGS84/57300,0101000000A8C0609C771A5AC0C05397129D5F4940,CLOSR:BSCLS:C211536,BS CLOSURE,IPL,,LACC_APLOWED_C,REGNSK,,PPIRSK01,SASKTEL,,,100049,,,,,,CHENR1,2022-03-18T04:48:15
Structure1_WGS84/57345,0101000000B0EBC7EEAE1B5AC0E057CF5D93634940,CLOSR:BSCLS::8146110,BS CLOSURE,IPL,,LACC_APLOWED_C,REGNSK,,PPIRSK01,SASKTEL,2014,,100049,,970415,,,,CHENR1,2022-03-18T04:48:17
Structure1_WGS84/57359,0101000000CCC9EDBF77A859C0F839767117484940,CLOSR:BSCLS:C115545,BS CLOSURE,IPL,,LACC_APLOWED_C,BRVWSK,,MARLSK01,SASKTEL,,,100049,,,,,,CHENR1,2022-03-14T03:12:04
Structure1_WGS84/57476,0101000000E4895C7AB8F859C0D8F6E9573E694940,CLOSR:BSCLS:C135926,BS CLOSURE,ABD,,LACC_APLOWED_C,FTQPSK,,SBIRSK01,SASKTEL,,,100049,,,,,,CHENR1,2022-03-30T07:10:34
Structure1_WGS84/57538,01010000006CF7CB5784235AC018C483AAB4394940,CLOSR:BSCLS:C160022,BS CLOSURE,IPL,,LACC_ATRENCH_C,REGNSK,,REGNSK46,SASKTEL,,,100049,,,,,,CHENR1,2022-03-26T02:06:59
Structure1_WGS84/57553,010100000004325170B0235AC0480F25C2953A4940,CLOSR:BSCLS:C155716,BS CLOSURE,IPL,,LACC_APLOWED_C,REGNSK,,REGNSK46,SASKTEL,,,100049,,,,,,CHENR1,2022-03-26T02:06:54
Structure1_WGS84/57621,0101000000AC33EE68A47359C0B0F5A269D53C4940,CLOSR:BSCLS::12670613,BS CLOSURE,IPL,,LACC_APLOWED_C,TNTLSK,,TNTLSK01,SASKTEL,,,100049,,,,BINGA1,2023-03-13T23:18:14,THUND1,2023-03-15T04:08:21
Structure1_WGS84/57644,01010000006C2BED6F31375AC060EAEA7230634940,CLOSR:BSCLS::9562122,BS CLOSURE,IPL,,LACC_APLOWED_C,LMSDSK,,SABHSK01,SASKTEL,2017,,100049,,802026,,KAURP3,2017-06-21T11:28:55,CHENR1,2022-03-30T03:59:43
Structure1_WGS84/57686,01010000000C3E25CB4F205AC0202DFCBD6D344940,CLOSR:BSCLS:C181405,BS CLOSURE,ABD,,LACC_APLOWED_C,REGNSK,,REGNSK45,SASKTEL,,,100049,,,,,,CHENR1,2022-04-08T07:37:13
Structure1_WGS84/57688,01010000003C12BC421B1A5AC01083A398C7314940,CLOSR:BSCLS:C191709,BS CLOSURE,IPL,,LACC_APLOWED_F,REGNSK,,REGNSK45,SASKTEL,,,100049,,,,,,CHENR1,2022-04-08T07:37:13
Structure1_WGS84/57784,010100000070900A75CE405BC06897A124F6684940,CLOSR:BSCLS:C514971,BS CLOSURE,IPL,,LACC_APLOWED_C,ABBYSK,,PTRVSK01,SASKTEL,,,100049,,,,,,CHENR1,2022-04-08T02:48:27
Structure1_WGS84/57787,0101000000E8BD45E806485AC020122390BA414940,CLOSR:BSCLS:C125464,BS CLOSURE,IPL,,LACC_APLOWED_C,PENSSK,,STBHSK02,SASKTEL,,,100049,,,,,,CHENR1,2022-04-14T22:55:12
Structure1_WGS84/57807,01010000006C93DF0FB0D659C00839286166794940,CLOSR:BSCLS:C174912,BS CLOSURE,IPL,,LACC_APLOWED_C,BLCRSK,,SRIRSK02,SASKTEL,,,100049,,,,,,CHENR1,2022-04-14T22:40:16
Structure1_WGS84/57819,01010000001872C23DFC275BC030A225B0F5584940,CLOSR:BSCLS:C517114,BS CLOSURE,IPL,,LACC_APLOWED_F,CABRSK,,SHTNSK01,SASKTEL,,GP 0C-22,100049,,,,,,CHENR1,2022-04-05T01:57:45
Structure1_WGS84/57842,0101000000E84D216434055AC030964FE72E4B4940,CLOSR:BSCLS:C128525,BS CLOSURE,IPL,,LACC_ATRENCH_F,QAPLSK,,QAPLSK01,SASKTEL,,,100049,,,,,,DUNLM1,2023-04-18T11:33:07
Structure1_WGS84/58025,010100000090B3E8513CF259C07871D4A470624940,LOSR:BSCLS::10579402,BS CLOSURE,IPL,,LACC_ATRENCH_C,FTQPSK,,FTQPSK01,SASKTEL,2019,,100049,,,,MACAM1,2019-08-08T09:25:42,SINGS5,2022-08-27T14:20:35
Structure1_WGS84/58084,01010000002C0A9C1BBCF25AC0F887DE63E22A4940,CLOSR:BSCLS:C558179,BS CLOSURE,IPL,,LACC_APLOWED_C,SWCRSK,,SWCRSK02,SASKTEL,,,100049,,,,,,HUNTG1,2023-04-11T11:51:43
Structure1_WGS84/58386,0101000000E800FFC99C505BC0A089C633D8094940,CLOSR:BSCLS::11589325,BS CLOSURE,IPL,,LACC_APLOWED_C,PIPTSK,,PIPTSK01,SASKTEL,2022,,100049,,814468,,KAURP3,2021-08-11T21:02:39,KAURP3,2022-11-23T21:42:51
Structure1_WGS84/58650,0101000000DC2FBF031E425AC0C8C29E50B1544940,CLOSR:BSCLS:C84139,BS CLOSURE,IPL,,LACC_APLOWED_C,LMSDSK,,LMSDSK01,SASKTEL,,,100049,,,,,,IHMED1,2016-11-22T12:05:17
Structure1_WGS84/58698,01010000007CD05CA2D81F5BC020ECCC8BF3534940,CLOSR:BSCLS:C517039,BS CLOSURE,IPL,,LACC_APLOWED_F,CABRSK,,CABRSK01,SASKTEL,,GP-0B-21,100049,,,,,,,
Structure1_WGS84/58718,010100000070483F21C8265AC0A842309F503F4940,CLOSR:BSCLS:C237778,BS CLOSURE,IPL,,LACC_ATRENCH_C,REGNSK,,REGNSK04,SASKTEL,,,100049,,,,,,,
Structure1_WGS84/58719,0101000000949DE57CC8265AC0580050BB5B3F4940,CLOSR:BSCLS:C214822,BS CLOSURE,IPL,,LACC_APLOWED_C,REGNSK,,REGNSK04,SASKTEL,,,100049,,,,,,,
Structure1_WGS84/58725,010100000094935D24852A5AC0009B9EDDC53C4940,CLOSR:BSCLS:C207914,BS CLOSURE,IPL,,LACC_ATRENCH_C,REGNSK,,REGNSK04,SASKTEL,,,100049,,,,,,,
Structure1_WGS84/58763,0101000000C4BC45628D535BC0C0B73E86F03D4940,CLOSR:BSCLS:C531257,BS CLOSURE,IPL,,LACC_APLOWED_C,FXVYSK,,FXVYSK01,SASKTEL,,,100049,,,,,,,
Structure1_WGS84/58820,01010000003C94A52C7C435AC0E081E59BBCEF4840,CLOSR:BSCLS:C141861,BS CLOSURE,IPL,,LACC_APLOWED_C,AVNLSK,,AVNLSK01,SASKTEL,,,100049,,,,,,IHMED1,2016-11-22T09:51:52
Structure1_WGS84/58880,0101000000B4ABD157A20E5AC0C8282071B8414940,CLOSR:BSCLS:C166087,BS CLOSURE,IPL,,LACC_APLOWED_C,BLGNSK,,BLGNSK01,SASKTEL,,,100049,,,,,,IHMED1,2016-11-24T08:52:12
Structure1_WGS84/58894,01010000003CEC45E74E065AC0B023A86313134940,CLOSR:BSCLS:C73353,BS CLOSURE,IPL,,LACC_APLOWED_C,SDLYSK,,SDLYSK02,SASKTEL,,,100049,,,,,,IHMED1,2016-11-22T08:58:45
Structure1_WGS84/58977,0101000000844E0967BB005AC0500F7954071C4940,CLOSR:BSCLS:C75891,BS CLOSURE,ABD,,LACC_APLOWED_C,SDLYSK,,SDLYSK02,SASKTEL,,,100049,,,,,,IHMED1,2016-11-22T08:58:47
Structure1_WGS84/58995,01010000001428ADE864135AC0088387B074274940,CLOSR:BSCLS:C171509,BS CLOSURE,ABD,,LACC_APLOWED_F,REGNSK,,REGNSK01,SASKTEL,,,100049,,,,,,,
Structure1_WGS84/58996,010100000060B9E7F1E2115AC0E8471E50C2234940,CLOSR:BSCLS:C171660,BS CLOSURE,ABD,,LACC_APLOWED_F,REGNSK,,REGNSK01,SASKTEL,,110MPL,100049,,,,,,,
Structure1_WGS84/58997,0101000000E84972560A0F5AC0C8C4A434A5234940,CLOSR:BSCLS:C172586,BS CLOSURE,IPL,,LACC_APLOWED_F,REGNSK,,REGNSK01,SASKTEL,,,100049,,,,,,,
Structure1_WGS84/59007,0101000000E003D6D225BA5AC07823967B9EFE4840,CLOSR:BSCLS::8443057,BS CLOSURE,IPL,,LACC_APLOWED_C,HDVLSK,,HDVLSK01,SASKTEL,2013,,100049,,,,,,,
Structure1_WGS84/59060,0101000000D45A83EA6B7E5BC04803345B43534940,CLOSR:BSCLS:C522938,BS CLOSURE,IPL,,LACC_APLOWED_C,BRSTSK,,BRSTSK02,SASKTEL,,,100049,,,,,,,
Structure1_WGS84/59117,0101000000D8C12FC51A265AC0683B078577354940,CLOSR:BSCLS:C190372,BS CLOSURE,IPL,,LACC_APLOWED_C,REGNSK,,REGNSK03,SASKTEL,,,100049,,,,,,,
Structure1_WGS84/59142,0101000000108BC677D52A5AC00065C2B8E63F4940,CLOSR:BSCLS:C226136,BS CLOSURE,IPL,,LACC_APLOWED_C,REGNSK,,REGNSK04,SASKTEL,,,100049,,,,,,,
Structure1_WGS84/59143,0101000000189B71A84C295AC038B444AB763F4940,CLOSR:BSCLS:C226601,BS CLOSURE,IPL,,LACC_ATRENCH_C,REGNSK,,REGNSK04,SASKTEL,,,100049,,,,,,,
Structure1_WGS84/59144,01010000004899627B9E2A5AC0C827BC556E3E4940,CLOSR:BSCLS:C216020,BS CLOSURE,IPL,,LACC_APLOWED_C,REGNSK,,REGNSK04,SASKTEL,,,100049,,,,,,,
Structure1_WGS84/59267,0101000000FCA596C4310F5AC098BED4C5E9134940,CLOSR:BSCLS:C77541,BS CLOSURE,IPL,,LACC_APLOWED_C,RCTNSK,,RCTNSK01,SASKTEL,,,100049,,,,,,IHMED1,2016-11-22T09:11:15
Structure1_WGS84/59271,01010000003C7F74C6E48459C0A81B851749314940,CLOSR:BSCLS:C171000,BS CLOSURE,IPL,,LACC_APLOWED_C,WHWDSK,,WHWDSK01,SASKTEL,,,100049,,,,,,IHMED1,2016-11-18T09:32:13
Structure1_WGS84/59283,010100000014A1D099B1275AC058FFA983FF384940,CLOSR:BSCLS:C201391,BS CLOSURE,ABD,,LACC_ATRENCH_C,REGNSK,,REGNSK01,SASKTEL,,,100049,,,,,,,
Structure1_WGS84/59352,0101000000C4204A90FE5F59C098589C7B59094940,CLOSR:BSCLS:C144598,BS CLOSURE,IPL,,LACC_APLOWED_C,MSMNSK,,MSMNSK01,SASKTEL,,,100049,,,,,,IHMED1,2016-11-17T09:22:44
Structure1_WGS84/59396,010100000024689D35FBF059C0484D4E69546B4940,CLOSR:BSCLS:C130066,BS CLOSURE,IPL,,LACC_APLOWED_C,FTQPSK,,FTQPSK01,SASKTEL,,,100049,,,,,,IHMED1,2016-11-24T11:15:37
Structure1_WGS84/59425,01010000007477B8ABC47F5AC0A88C5D4701A24940,CLOSR:BSCLS:C91172,BS CLOSURE,ABD,,LACC_ATRENCH_C,DVSNSK,,DVSNSK03,SASKTEL,,,100049,,,,,,IHMED1,2016-11-22T15:33:43
Structure1_WGS84/59452,0101000000A88F41A033285AC0702EF5FBD7384940,CLOSR:BSCLS:C191336,BS CLOSURE,IPL,,LACC_ATRENCH_C,REGNSK,,REGNSK01,SASKTEL,,,100049,,,,,,,
Structure1_WGS84/59456,0101000000044BCB0128115AC070E962B7353E4940,CLOSR:BSCLS:C116143,BS CLOSURE,IPL,,LACC_ATRENCH_C,BLGNSK,,BLGNSK01,SASKTEL,,,100049,,,,,,IHMED1,2016-11-24T08:52:14
Structure1_WGS84/59459,0101000000D02BDDDEE7ED5AC0E09E8693A7364940,CLOSR:BSCLS:C528194,BS CLOSURE,IPL,,LACC_APLOWED_C,SWCRSK,,SWCRSK02,SASKTEL,,,100049,,,,,,,
Structure1_WGS84/59514,0101000000F4B2466D9DEF5AC048258D5533DD4840,CLOSR:BSCLS:C528604,BS CLOSURE,IPL,,LACC_APLOWED_C,CDLCSK,,CDLCSK01,SASKTEL,,,100049,,,,,,IHMED1,2016-11-14T10:51:44
Structure1_WGS84/59525,0101000000F8BF3456CC9759C0305BF6B45B304940,CLOSR:BSCLS:C171104,BS CLOSURE,IPL,,LACC_APLOWED_F,WHWDSK,,WHWDSK01,SASKTEL,,,100049,,,,,,IHMED1,2016-11-18T09:31:58
Structure1_WGS84/59631,0101000000A063DC145C7759C098D7510F30454940,CLOSR:BSCLS::8091679,BS CLOSURE,IPL,,LACC_APLOWED_C,TNTLSK,,TNTLSK01,SASKTEL,2014,,100049,,976826,,,,IHMED1,2016-11-17T13:30:22
Structure1_WGS84/59640,0101000000707C083871535BC0987210D71EF64840,CLOSR:BSCLS:C572940,BS CLOSURE,IPL,,LACC_APLOWED_F,MPCKSK,,MPCKSK01,SASKTEL,,,100049,,,,,,,
Structure1_WGS84/59670,01010000004008867B9E2B5AC0E8519BEC6A3C4940,CLOSR:BSCLS:C196685,BS CLOSURE,ABD,,LACC_ATRENCH_C,REGNSK,,REGNSK04,SASKTEL,,,100049,,,,,,,
Structure1_WGS84/59698,01010000009844B8273A1F5BC098AD51B618064940,CLOSR:BSCLS:C520800,BS CLOSURE,ABD,,LACC_APLOWED_C,GLLKSK,,GLLKSK01,SASKTEL,,,100049,,,,,,IHMED1,2016-11-14T09:01:13
Structure1_WGS84/59713,01010000003C3F1CBC806859C048DDF33B8E314940,CLOSR:BSCLS:C154736,BS CLOSURE,IPL,,LACC_APLOWED_C,RCVLSK,,RCVLSK01,SASKTEL,,,100049,,,,,,IHMED1,2016-11-17T09:55:34
Structure1_WGS84/59733,0101000000C4C9CA1D600B5AC090DB3FEED93F4940,CLOSR:BSCLS:C111500,BS CLOSURE,IPL,,LACC_APLOWED_C,BLGNSK,,BLGNSK01,SASKTEL,,,100049,,,,,,IHMED1,2016-11-24T08:51:53
Structure1_WGS84/59795,0101000000ECEDC164BD3D5AC000D206E63C8A4940,CLOSR:BSCLS:C118436,BS CLOSURE,ABD,,LACC_APLOWED_F,STBGSK,,STBGSK01,SASKTEL,,,100049,,,,,,RAVAG1,2023-06-16T01:46:45
Structure1_WGS84/59832,01010000002C469CCFB21F5AC0888851338B784940,LOSR:BSCLS::10638603,BS CLOSURE,IPL,,LACC_ATRENCH_C,STHYSK,,STHYSK01,SASKTEL,2019,,100049,,807246,,KLETR1,2019-09-10T09:27:54,WILLJ2,2020-03-24T11:55:56
Structure1_WGS84/59844,01010000002C987EDDB7E959C0B071948E42444940,CLOSR:BSCLS:C114561,BS CLOSURE,ABD,,LACC_APLOWED_C,INHDSK,,INHDSK01,SASKTEL,,NO AP IN MARTENS,100049,,,,,,HUNTG1,2025-03-04T11:10:57
Structure1_WGS84/59847,01010000008C6DFD1AC7435BC0D8F7A172D66A4940,CLOSR:BSCLS:C525653,BS CLOSURE,ABD,,LACC_APLOWED_C,SCPTSK,,SCPTSK01,SASKTEL,,,100049,,,,,,GANDN1,2018-04-17T23:17:22
Structure1_WGS84/59861,0101000000089D93BB68C35AC038A10DB6540B4940,CLOSR:BSCLS:C501822,BS CLOSURE,IPL,,LACC_APLOWED_C,HDVLSK,,HDVLSK01,SASKTEL,,,100049,,,,,,ADELL2,2019-03-05T00:34:42
Structure1_WGS84/59896,0101000000A414CC7C6D2D5AC0E03451ACDC314940,CLOSR:BSCLS::9077931,BS CLOSURE,IPL,,LACC_APLOWED_C,REGNSK,,REGNSK03,SASKTEL,2016,,100049,,800273,,,,VUDUP1,2019-01-22T07:50:23
Structure1_WGS84/59949,0101000000CC1C9ECD663B5AC0987534B874544940,CLOSR:BSCLS::12677965,BS CLOSURE,IPL,,LACC_APLOWED_C,LMSDSK,,LMSDSK01,SASKTEL,,,100049,,,,PITTM1,2023-03-14T19:59:56,YADAG1,2025-03-03T07:00:37
Structure1_WGS84/59960,010100000058947E67A0F05AC05006C246C0F74840,CLOSR:BSCLS:C516283,BS CLOSURE,IPL,,LACC_APLOWED_C,NEVLSK,,NEVLSK01,SASKTEL,,,100049,,,,,,DUNLM1,2021-01-20T11:27:20
Structure1_WGS84/59992,010100000060BDF3B98A0D5AC0C8AFACC2D3784940,CLOSR:BSCLS:C89841,BS CLOSURE,IPL,,LACC_ATRENCH_C,CUPRSK,,CUPRSK01,SASKTEL,,,100049,,,,,,IHMED1,2016-11-23T15:28:29
Structure1_WGS84/60005,010100000008E41B02EE355AC09072B6416C5C4940,CLOSR:BSCLS::12870298,BS CLOSURE,PDA,LMSD821685-0000,LACC_APLOWED_C,LMSDSK,,CRVNSK04,SASKTEL,2023,,100049,,821685,,KAURP3,2023-07-13T22:58:28,KAURP3,2023-07-14T00:06:49
Structure1_WGS84/60050,0101000000882BE3B628265AC0B8351C15063B4940,CLOSR:BSCLS:C209790,BS CLOSURE,IPL,,LACC_ATRENCH_C,REGNSK,,REGNSK01,SASKTEL,,,100049,,,,,,KATAS1,2025-02-28T09:12:29
Structure1_WGS84/60080,010100000028D62403F6215BC058FBF271890E4940,CLOSR:BSCLS:C571524,BS CLOSURE,IPL,,LACC_APLOWED_F,GLLKSK,,GLLKSK01,SASKTEL,,27M CL,100049,,,,,,FATHF1,2018-04-09T22:45:01
Structure1_WGS84/60098,0101000000FCFB70B6B7225AC030AC9CDC00784940,CLOSR:BSCLS::9723722,BS CLOSURE,IPL,,LACC_APLOWED_C,STHYSK,,STHYSK01,SASKTEL,2017,,100049,,985507,,KAURR2,2017-10-24T08:56:24,KAURR2,2017-10-24T08:59:42
Structure1_WGS84/60138,01010000000CE1C02DFD215BC060D1A5D3480A4940,LOSR:BSCLS::10362143,BS CLOSURE,IPL,,LACC_APLOWED_C,GLLKSK,,GLLKSK01,SASKTEL,2019,,100049,,806444,,HUNTG1,2019-03-07T13:26:09,WILLJ2,2019-06-05T11:35:35
Structure1_WGS84/60172,01010000009043FE7873355AC028974AD5FC574940,CLOSR:BSCLS:C93636,BS CLOSURE,IPL,,LACC_APLOWED_C,LMSDSK,,LMSDSK01,SASKTEL,,,100049,R1105 BS4C-03,,,,,THUND1,2023-11-09T07:14:40
Structure1_WGS84/60231,0101000000F8C70B810D445BC0785B3C6B20054940,CLOSR:BSCLS:C529695,BS CLOSURE,IPL,,LACC_APLOWED_F,PIPTSK,,PIPTSK01,SASKTEL,,,100049,,,,,,GANDN1,2018-04-12T23:19:13
Structure1_WGS84/60271,01010000004081A47391245AC0804B8034B8424940,CLOSR:BSCLS::7958555,BS CLOSURE,IPL,,LACC_APLOWED_C,REGNSK,,REGNSK04,SASKTEL,,,100049,,0,,,,PONNL1,2020-03-19T01:46:36
Structure1_WGS84/60336,0101000000C42495BC29155BC0B087FE8F27494940,CLOSR:BSCLS:C570531,BS CLOSURE,IPL,,LACC_APLOWED_F,PNNTSK,,PNNTSK01,SASKTEL,,,100049,,,,,,BUTTS1,2018-04-05T22:57:52
Structure1_WGS84/60343,0101000000D82916F27A5B5BC090C256BF886E4940,CLOSR:BSCLS:C524864,BS CLOSURE,IPL,,LACC_APLOWED_F,PRLTSK,,PRLTSK01,SASKTEL,,,100049,,,,,,FATHF1,2018-04-05T00:56:30
Structure1_WGS84/60346,01010000003430B750F9FF59C0A000A19A771C4940,CLOSR:BSCLS::9965012,BS CLOSURE,IPL,,LACC_APLOWED_C,SDLYSK,,SDLYSK02,SASKTEL,2018,,100049,,985230,,KAURP3,2018-05-24T16:43:13,KAURP3,2018-05-29T10:41:05
Structure1_WGS84/60514,0101000000D4D7467E952E5AC040194C5E052E4940,CLOSR:BSCLS:C191246,BS CLOSURE,IPL,,LACC_APLOWED_C,REGNSK,,REGNSK03,SASKTEL,,,100049,,,,,,PONNL1,2020-04-14T02:28:36
Structure1_WGS84/60519,01010000007871A3471A235AC0205DDC1BC3484940,CLOSR:BSCLS::8630573,BS CLOSURE,IPL,,LACC_APLOWED_C,REGNSK,,REGNSK04,SASKTEL,2015,,100049,,,,,,PONNL1,2020-04-08T06:07:37
Structure1_WGS84/60561,0101000000889E8920566C5BC0F8921063142E4940,CLOSR:BSCLS:C536186,BS CLOSURE,IPL,,LACC_APLOWED_C,RCHMSK,,RCHMSK01,SASKTEL,,,100049,,,,,,KATRR1,2019-02-22T11:17:59
Structure1_WGS84/60570,01010000008478A5DE531C5AC050C298D621114940,CLOSR:BSCLS::12289500,BS CLOSURE,IPL,,LACC_APLOWED_C,RCTNSK,,RCTNSK01,SASKTEL,2022,,100049,,818403,,ESLIG1,2022-08-18T14:08:12,ESLIG1,2024-08-23T14:04:30
Structure1_WGS84/60574,010100000050650B4D011B5BC018490F3E32DC4840,CLOSR:BSCLS:C526941,BS CLOSURE,IPL,,LACC_APLOWED_F,SHNVSK,,SHNVSK01,SASKTEL,,,100049,,,,,,THUND1,2021-06-20T20:49:54
Structure1_WGS84/60599,0101000000C05D0AD0F5215BC09812048DAEF14840,CLOSR:BSCLS::9065469,BS CLOSURE,IPL,,LACC_APLOWED_C,GLLKSK,,GLLKSK04,SASKTEL,2016,,100049,,800397,,,,LUBIT1,2025-01-06T14:10:31
Structure1_WGS84/60653,01010000007050D177E82E5AC0409AB28CBA374940,CLOSR:BSCLS:C191410,BS CLOSURE,IPL,,LACC_APLOWED_C,REGNSK,,REGNSK01,SASKTEL,,,100049,,,,,,KATRR1,2020-04-06T02:16:07
Structure1_WGS84/60698,010100000018E9706D5BE559C038B54C562A664940,CLOSR:BSCLS:C127831,BS CLOSURE,IPL,,LACC_APLOWED_F,BLCRSK,,BLCRSK01,SASKTEL,1996,,100049,R3300 BS_E-01,904101,,,,IHMED1,2016-11-24T14:26:19
Structure1_WGS84/60734,0101000000382BEBFCF05E5BC08084B3BE35634940,CLOSR:BSCLS:C522362,BS CLOSURE,IPL,,LACC_APLOWED_C,PRLTSK,,PRLTSK01,SASKTEL,,,100049,,,,,,BALLB1,2018-10-03T21:05:15
Structure1_WGS84/60754,0101000000F8DF8622610E5AC038AC0CC461424940,CLOSR:BSCLS:C163185,BS CLOSURE,ABD,,LACC_APLOWED_C,BLGNSK,,BLGNSK01,SASKTEL,,,100049,,,,,,BALLB1,2019-04-05T04:52:55
Structure1_WGS84/60755,0101000000EC14E2F91BDB59C0A0EF4FC5A7684940,CLOSR:BSCLS:C126092,BS CLOSURE,ABD,,LACC_APLOWED_C,ABRNSK,,ABRNSK01,SASKTEL,,,100049,,,,,,BALLB1,2019-04-02T22:52:57
Structure1_WGS84/60781,0101000000F8AE3636832A5AC0A863039322314940,CLOSR:BSCLS:C226035,BS CLOSURE,IPL,,LACC_APLOWED_C,REGNSK,,REGNSK03,SASKTEL,,,100049,,,,,,PALGS1,2019-08-23T01:44:52
Structure1_WGS84/60866,010100000070713DD20CE159C0C8E759D956674940,CLOSR:BSCLS:C122804,BS CLOSURE,ABD,,LACC_APLOWED_F,BLCRSK,,BLCRSK01,SASKTEL,,,100049,,,,,,BALLB1,2019-07-26T03:58:59
Structure1_WGS84/60886,0101000000F0C27AFC8E675AC0E0A6323E2C6F4940,CLOSR:BSCLS:C100830,BS CLOSURE,IPL,,LACC_APLOWED_F,BTHNSK,,CHBLSK01,SASKTEL,,,100049,,,,,,CHENR1,2021-12-24T05:59:27
Structure1_WGS84/60905,0101000000B0B74F1FE57C59C0C80079B15B434940,CLOSR:BSCLS:C160846,BS CLOSURE,IPL,,LACC_APLOWED_C,TNTLSK,,TNTLSK01,SASKTEL,,,100049,,,,,,SAKAM1,2024-09-26T06:44:53
Structure1_WGS84/60921,010100000014491B44540B5AC0004B11FA084B4940,CLOSR:BSCLS:C162302,BS CLOSURE,IPL,,LACC_APLOWED_F,BLGNSK,,BLGNSK01,SASKTEL,,,100049,,,,,,SRANS3,2025-01-24T09:18:23
Structure1_WGS84/60995,0101000000C4F860B4AF375AC0F89AA4BA7F514940,CLOSR:BSCLS:C107706,BS CLOSURE,IPL,,LACC_APLOWED_C,LMSDSK,,LMSDSK01,SASKTEL,,,100049,,,,,,MALLM1,2024-06-14T15:19:12
Structure1_WGS84/61003,0101000000C47BF11F941E5AC0F8F67BBD164A4940,CLOSR:BSCLS:C195646,BS CLOSURE,IPL,,LACC_APLOWED_F,REGNSK,,REGNSK04,SASKTEL,,,100049,,,,,,PALGS1,2019-09-17T20:43:38
Structure1_WGS84/61020,0101000000F05C3387F1FD5AC060C3FA1648D94840,CLOSR:BSCLS:C572729,BS CLOSURE,IPL,,LACC_APLOWED_C,SHNVSK,,ADMRSK03,SASKTEL,,,100049,,,,,,CHENR1,2021-11-29T08:45:56
Structure1_WGS84/61105,0101000000ECB122DA16245AC04827800C643D4940,CLOSR:BSCLS:C215988,BS CLOSURE,IPL,,LACC_APLOWED_C,REGNSK,,REGNSK12,SASKTEL,,,100049,,,,,,CHENR1,2021-11-23T01:19:03
Structure1_WGS84/61206,0101000000F8BDE2E312EE59C0386320BB4A494940,LOSR:BSCLS::10280844,BS CLOSURE,ABD,,LACC_APLOWED_C,INHDSK,,INHDSK01,SASKTEL,,,100049,,,,GORRS2,2019-01-09T06:25:20,GORRS2,2019-12-20T23:52:07
Structure1_WGS84/61277,0101000000789CB097622D5AC0588568424D394940,CLOSR:BSCLS:C261020,BS CLOSURE,IPL,,LACC_APLOWED_C,REGNSK,,REGNSK01,SASKTEL,,,100049,,,,,,PALGS1,2019-09-19T20:56:27
Structure1_WGS84/61287,01010000004091C0AF69525AC0C8C29CE269544940,CLOSR:BSCLS:C95642,BS CLOSURE,IPL,,LACC_APLOWED_C,BTHNSK,,BTHNSK02,SASKTEL,,,100049,,,,,,PALGS1,2019-12-09T05:26:20
Structure1_WGS84/61299,0101000000B036A288C0DA5AC0B01831FDDCC14840,CLOSR:BSCLS:C515203,BS CLOSURE,IPL,,LACC_APLOWED_C,PNTXSK,,BFHRSK01,SASKTEL,,,100049,,,,,,CHENR1,2021-12-03T03:02:10
Structure1_WGS84/61389,0101000000948BE46AE5915AC0B01BC1C3FD9E4940,CLOSR:BSCLS:C91154,BS CLOSURE,IPL,,LACC_APLOWED_C,DVSNSK,,DVSNSK03,SASKTEL,,,100049,,,,,,CHENR1,2019-12-24T12:41:03
Structure1_WGS84/61458,0101000000903B274EB22C5AC028E3ACE3132E4940,CLOSR:BSCLS::9624525,BS CLOSURE,IPL,,LACC_APLOWED_C,REGNSK,,REGNSK03,SASKTEL,2017,,100049,,801983,,WILLJ2,2017-08-15T16:04:28,THUND1,2019-09-16T00:07:52
Structure1_WGS84/61566,01010000007C3A2D5E5D235AC0307CF7737C454940,CLOSR:BSCLS:C207274,BS CLOSURE,IPL,,LACC_APLOWED_F,REGNSK,,REGNSK04,SASKTEL,,no in ap martenes,100049,,,,,,PALGS1,2019-09-10T06:27:58
Structure1_WGS84/61716,01010000000C76D2E132B15AC0E830C5ADE63A4940,CLOSR:BSCLS:C509866,BS CLOSURE,IPL,,LACC_APLOWED_F,MORSSK,,ENFLSK02,SASKTEL,,,100049,,,,,,CHENR1,2022-01-06T06:45:49
Structure1_WGS84/61738,0101000000CC9E05800E9B59C08054677B152F4940,CLOSR:BSCLS:C171147,BS CLOSURE,IPL,,LACC_APLOWED_C,WHWDSK,,WHWDSK01,SASKTEL,,,100049,,,,,,MEYEB2,2019-10-21T14:52:24
Structure1_WGS84/61827,0101000000A0EF15AD01025AC020713258CE924940,CLOSR:BSCLS::9426462,BS CLOSURE,IPL,,LACC_APLOWED_C,DYSRSK,,DYSRSK01,SASKTEL,2017,,100049,,801718,,LUBIT1,2017-03-23T16:33:07,PONNL1,2019-12-18T23:20:12
Structure1_WGS84/61857,010100000000ACDCAB796C5AC0004BC4B45F784940,CLOSR:BSCLS:C96316,BS CLOSURE,IPL,,LACC_APLOWED_C,CRAKSK,,AYBYSK02,SASKTEL,,,100049,,,,,,CHENR1,2021-12-01T06:38:45
Structure1_WGS84/61861,01010000002C5AD3FEBFDE59C0E04CC84B5A2F4940,CLOSR:BSCLS:C126264,BS CLOSURE,IPL,,LACC_APLOWED_C,SNTLSK,,ASRSSK01,SASKTEL,,,100049,,,,,,CHENR1,2021-12-01T03:50:52
Structure1_WGS84/61909,010100000014E19DB10CBF59C078EC3175BD024940,CLOSR:BSCLS:C160678,BS CLOSURE,IPL,,LACC_APLOWED_C,WNDTSK,,CRNGSK01,SASKTEL,,,100049,,,,,,CHENR1,2021-12-27T03:32:50
Structure1_WGS84/61977,010100000048A38F1A8F1F5AC0B0FC4E6DD2234940,CLOSR:BSCLS:C196290,BS CLOSURE,IPL,,LACC_APLOWED_C,REGNSK,,ESTLSK01,SASKTEL,,,100049,,,,,,CHENR1,2022-01-20T08:45:26
Structure1_WGS84/62066,01010000008CEDDD6805EC59C048BC987A5E5F4940,CLOSR:BSCLS::7484028,BS CLOSURE,IPL,,LACC_APLOWED_C,FTQPSK,,FTQPSK01,SASKTEL,2014,,100049,,972565,,,,PONNL1,2022-04-26T02:31:55
Structure1_WGS84/62095,0101000000B4D83942D0B059C068AE9F0D1F324940,CLOSR:BSCLS:C138392,BS CLOSURE,IPL,,LACC_APLOWED_C,GRNFSK,,OKSHSK01,SASKTEL,,,100049,R3400 D-33,,,,,CHENR1,2022-03-16T08:09:03
Structure1_WGS84/62107,0101000000E4BEED206EFE5AC0F0DFFD0A3C224940,CLOSR:BSCLS:C543915,BS CLOSURE,IPL,,LACC_APLOWED_C,SWCRSK,,SWCRSK22,SASKTEL,,,100049,R412 P1-1,,,,,CHENR1,2022-01-27T04:18:56
Structure1_WGS84/62246,01010000003CE9EBC9A1A859C030C72D7E843E4940,CLOSR:BSCLS:C165504,BS CLOSURE,IPL,,LACC_APLOWED_C,BRVWSK,,KIRVSK01,SASKTEL,,,100049,,,,,,CHENR1,2022-03-09T09:07:01
Structure1_WGS84/62264,0101000000902C83110BCE5AC068FCCA09AE474940,CLOSR:BSCLS:C523698,BS CLOSURE,IPL,,LACC_APLOWED_C,HRBRSK,,GLTWSK01,SASKTEL,,,100049,,,,,,CHENR1,2022-02-03T07:03:23
Structure1_WGS84/62308,01010000003833A6D242195AC0A88F36E458394940,CLOSR:BSCLS:C166424,BS CLOSURE,ABD,,LACC_ATRENCH_F,REGNSK,,WHCYSK01,SASKTEL,,,100049,,,,,,CHENR1,2022-04-27T06:55:51
Structure1_WGS84/62331,0101000000E4AD851C25385AC0680E097F894B4940,CLOSR:BSCLS:C84924,BS CLOSURE,IPL,,LACC_ATRENCH_C,LMSDSK,,LMSDSK03,SASKTEL,,,100049,,,,,,CHENR1,2022-03-11T04:00:25
Structure1_WGS84/62347,0101000000A0B761DC19455AC0A0BCFF6493744940,CLOSR:BSCLS::11514819,BS CLOSURE,IPL,,LACC_APLOWED_C,STBGSK,,SBBHSK01,SASKTEL,2021,,100049,,813940,,KLETR1,2021-06-24T14:11:42,KLETR1,2022-02-18T16:05:53
Structure1_WGS84/62405,010100000030133FD87F275AC0883CBE34BA5B4940,CLOSR:BSCLS:C235232,BS CLOSURE,IPL,,LACC_APLOWED_C,REGNSK,,KNNLSK01,SASKTEL,,,100049,,,,,,CHENR1,2022-03-10T03:03:47
Structure1_WGS84/62438,010100000000144B13F4EF5AC0186E494642114940,CLOSR:BSCLS:C547110,BS CLOSURE,IPL,,LACC_APLOWED_C,SWCRSK,,WYMRSK02,SASKTEL,,,100049,,,,,,CHENR1,2022-05-02T05:41:55
Structure1_WGS84/62537,01010000004CF05544703C5BC0E856DF981CE84840,CLOSR:BSCLS:C529254,BS CLOSURE,IPL,,LACC_APLOWED_C,PIPTSK,,SLCKSK01,SASKTEL,,,100049,,,,,,CHENR1,2022-04-07T04:19:56
Structure1_WGS84/62568,010100000074C8B31CBF1C5AC0009B504E95634940,CLOSR:BSCLS:C230991,BS CLOSURE,IPL,,LACC_APLOWED_C,REGNSK,,PPIRSK01,SASKTEL,,,100049,,,,,,CHENR1,2022-03-18T04:48:20
Structure1_WGS84/62617,01010000003CFAF9CB7BF659C0E0D29B3896434940,CLOSR:BSCLS:C172286,BS CLOSURE,IPL,,LACC_APLOWED_F,QAPLSK,,QAPLSK01,SASKTEL,,,100049,,,,,,MEYEB2,2019-10-08T17:20:46
Structure1_WGS84/62622,010100000024A8E9CC201C5AC088C254BE1D394940,CLOSR:BSCLS::8845291,BS CLOSURE,ABD,,LACC_APLOWED_C,REGNSK,,REGNSK46,SASKTEL,,,100049,,,,,,CHENR1,2022-03-26T02:07:11
Structure1_WGS84/62723,010100000094EAE608D71B5AC0A0DFC133472B4940,CLOSR:BSCLS:C194452,BS CLOSURE,IPL,,LACC_APLOWED_C,REGNSK,,REGNSK45,SASKTEL,,,100049,,,,,,CHENR1,2022-04-08T07:37:12
Structure1_WGS84/62729,0101000000EC06EFB04B355AC0288B9F8C52634940,CLOSR:BSCLS:C130594,BS CLOSURE,ABD,,LACC_APLOWED_F,LMSDSK,,SABHSK01,SASKTEL,,,100049,,,,,,CHENR1,2022-03-30T03:59:46
Structure1_WGS84/62906,0101000000ACF77B5F05B059C038D85C21EB4B4940,CLOSR:BSCLS::12098762,BS CLOSURE,IPL,,LACC_ATRENCH_C,GRNFSK,,SYIRSK01,SASKTEL,2022,,100049,,812373,,MARAR1,2022-05-20T14:13:18,MARAR1,2022-05-20T14:53:32
Structure1_WGS84/62997,0101000000E0C238BA754C5AC05859192F0B834940,CLOSR:BSCLS:C158024,BS CLOSURE,IPL,,LACC_APLOWED_C,STBGSK,,SBBHSK01,SASKTEL,,,100049,,,,,,CHENR1,2022-03-30T06:59:38
Structure1_WGS84/63205,01010000006CA092030E7A5BC0001AD7F21CFD4840,CLOSR:BSCLS:C548643,BS CLOSURE,IPL,,LACC_APLOWED_F,MPCKSK,,WLSHAB,SASKTEL,,,100049,,,,,,CHENR1,2022-04-28T04:00:21
Structure1_WGS84/64016,0101000000C857FCB833705BC0608320D56A3A4940,CLOSR:BSCLS:C539389,BS CLOSURE,IPL,,LACC_ATRENCH_C,RCHMSK,,RCHMSK01,SASKTEL,,,100049,,,,,,,
Structure1_WGS84/64065,0101000000D4D9F3A921F259C020271C4C93514940,CLOSR:BSCLS:C125070,BS CLOSURE,IPL,,LACC_APLOWED_C,INHDSK,,INHDSK01,SASKTEL,,,100049,,,,,,IHMED1,2016-11-24T13:35:51
Structure1_WGS84/64122,010100000094E89697A8A359C0280DD195062A4940,CLOSR:BSCLS::7313148,BS CLOSURE,IPL,,LACC_APLOWED_C,BRVWSK,,BRVWSK01,SASKTEL,2013,,100049,,971825,,,,IHMED1,2016-11-18T10:58:21
Structure1_WGS84/64292,0101000000086142C092DC59C090DED66E5F1C4940,CLOSR:BSCLS:C130881,BS CLOSURE,IPL,,LACC_APLOWED_C,MTMRSK,,MTMRSK02,SASKTEL,,,100049,,,,,,IHMED1,2016-11-18T14:13:41
Structure1_WGS84/64340,0101000000742C23E6530E5AC01818BA2B5E1A4940,CLOSR:BSCLS:C179012,BS CLOSURE,ABD,,LACC_APLOWED_F,REGNSK,,REGNSK01,SASKTEL,,,100049,,,,,,,
Structure1_WGS84/64374,0101000000A490619EC0285AC0A0D6016B30334940,CLOSR:BSCLS:C182221,BS CLOSURE,IPL,,LACC_ATRENCH_C,REGNSK,,REGNSK03,SASKTEL,,,100049,,,,,,,
Structure1_WGS84/64399,01010000007048DCF6AC275AC03894721510344940,CLOSR:BSCLS:C238339,BS CLOSURE,IPL,,LACC_ATRENCH_C,REGNSK,,REGNSK03,SASKTEL,,,100049,,,,,,,
Structure1_WGS84/64446,01010000002C331B4D76275AC080BB73352D3B4940,CLOSR:BSCLS:C212616,BS CLOSURE,IPL,,LACC_APLOWED_C,REGNSK,,REGNSK01,SASKTEL,,,100049,,,,,,,
Structure1_WGS84/64453,0101000000E484B7A4D62A5AC0A8DFEC46073F4940,CLOSR:BSCLS:C220116,BS CLOSURE,IPL,,LACC_ATRENCH_C,REGNSK,,REGNSK04,SASKTEL,,,100049,,,,,,,
Structure1_WGS84/64462,01010000006066553A6EF259C028C02577CD234940,CLOSR:BSCLS::7083390,BS CLOSURE,IPL,,LACC_APLOWED_C,ODSSSK,,ODSSSK01,SASKTEL,2013,,100049,,969557,,,,IHMED1,2016-11-18T15:45:23
Structure1_WGS84/64463,01010000002C094B9A11265AC0A8BF4330923D4940,CLOSR:BSCLS:C231908,BS CLOSURE,ABD,,LACC_APLOWED_C,REGNSK,,REGNSK04,SASKTEL,,,100049,,,,,,,
Structure1_WGS84/64643,01010000006C3DBA46C86659C0E0BBD04092314940,CLOSR:BSCLS:C154754,BS CLOSURE,IPL,,LACC_APLOWED_C,RCVLSK,,RCVLSK01,SASKTEL,,,100049,,,,,,IHMED1,2016-11-17T09:55:36
Structure1_WGS84/64649,010100000098B9132E1C265AC0A0443C603E384940,CLOSR:BSCLS:C177285,BS CLOSURE,ABD,,LACC_ATRENCH_C,REGNSK,,REGNSK01,SASKTEL,,,100049,,,,,,,
Structure1_WGS84/64654,0101000000F01F812800275AC0B0AF59C13E384940,CLOSR:BSCLS:C174014,BS CLOSURE,IPL,,LACC_ATRENCH_C,REGNSK,,REGNSK01,SASKTEL,,,100049,,,,,,,
Structure1_WGS84/64682,010100000058C62FB799285AC0F005D790C3424940,CLOSR:BSCLS:C195648,BS CLOSURE,IPL,,LACC_ATRENCH_C,REGNSK,,REGNSK04,SASKTEL,,,100049,,,,,,,
Structure1_WGS84/64683,010100000060F426D0916F59C0104290BBFC384940,CLOSR:BSCLS:C166147,BS CLOSURE,IPL,,LACC_APLOWED_C,RCVLSK,,RCVLSK01,SASKTEL,2009,,100049,,946842,,,,IHMED1,2016-11-17T09:55:26
Structure1_WGS84/64699,010100000058F7D65A74C05AC0C054A52DEEF34840,CLOSR:BSCLS:C496640,BS CLOSURE,IPL,,LACC_APLOWED_C,VNGRSK,,VNGRSK01,SASKTEL,,,100049,,,,,,,
Structure1_WGS84/64742,010100000060454298D1D159C01066023440394940,CLOSR:BSCLS:C147430,BS CLOSURE,IPL,,LACC_APLOWED_C,WLSLSK,,WLSLSK01,SASKTEL,,,100049,,,,,,IHMED1,2016-11-18T14:49:43
Structure1_WGS84/64755,0101000000C407F4C4DE355AC028FD8F494FB54940,CLOSR:BSCLS:C92321,BS CLOSURE,IPL,,LACC_APLOWED_C,SMNSSK,,SMNSSK01,SASKTEL,,,100049,,,,,,IHMED1,2016-11-23T09:52:50
Structure1_WGS84/64763,0101000000209E9B1F67255AC060AAA44B883B4940,CLOSR:BSCLS:C189707,BS CLOSURE,IPL,,LACC_APLOWED_C,REGNSK,,REGNSK01,SASKTEL,,,100049,,,,,,,
Structure1_WGS84/64852,0101000000441A6F3AE82B5AC0908F1265F63B4940,CLOSR:BSCLS:C194293,BS CLOSURE,IPL,,LACC_ATRENCH_C,REGNSK,,REGNSK04,SASKTEL,,,100049,,,,,,,
Structure1_WGS84/64857,0101000000B0F6FBEE6B7E5BC09834D54C24534940,CLOSR:BSCLS:C522951,BS CLOSURE,IPL,,LACC_APLOWED_C,BRSTSK,,BRSTSK02,SASKTEL,,,100049,,,,,,,
Structure1_WGS84/64892,01010000005CFEA56DC58759C030E5EC05F5FA4840,CLOSR:BSCLS:C146817,BS CLOSURE,IPL,,LACC_APLOWED_C,WAWTSK,,WAWTSK01,SASKTEL,,,100049,R117 P7,,,,,IHMED1,2016-11-17T08:47:07
Structure1_WGS84/64961,0101000000F8C0492B025F5BC00023B31063E94840,CLOSR:BSCLS:C517432,BS CLOSURE,IPL,,LACC_APLOWED_C,MPCKSK,,MPCKSK01,SASKTEL,,,100049,,,,,,,
Structure1_WGS84/64962,0101000000403D1ADA225F5BC0E0E77D5839F24840,CLOSR:BSCLS:C519758,BS CLOSURE,IPL,,LACC_APLOWED_C,MPCKSK,,MPCKSK01,SASKTEL,,,100049,,,,,,,
Structure1_WGS84/64966,0101000000C8BD9D9DDC255AC068806320A6394940,CLOSR:BSCLS::8002095,BS CLOSURE,IPL,,LACC_ATRENCH_C,REGNSK,,REGNSK01,SASKTEL,2014,,100049,,976393,,,,,
Structure1_WGS84/64968,0101000000405FD5B4E6265AC0E0220355303D4940,CLOSR:BSCLS:C229957,BS CLOSURE,IPL,,LACC_ATRENCH_C,REGNSK,,REGNSK04,SASKTEL,,,100049,,,,,,,
Structure1_WGS84/64972,0101000000AC89AE0606275AC05837B109AE3E4940,CLOSR:BSCLS:C222130,BS CLOSURE,IPL,,LACC_APLOWED_C,REGNSK,,REGNSK04,SASKTEL,,,100049,,,,,,,
Structure1_WGS84/64987,0101000000C0A8097AA62B5AC0B8C18955B43C4940,CLOSR:BSCLS:C212637,BS CLOSURE,IPL,,LACC_APLOWED_C,REGNSK,,REGNSK04,SASKTEL,,,100049,,,,,,,
Structure1_WGS84/65068,0101000000C004E4346C7759C098E6D3862A454940,CLOSR:BSCLS::8091682,BS CLOSURE,IPL,,LACC_APLOWED_C,TNTLSK,,TNTLSK01,SASKTEL,2014,,100049,,976826,,,,IHMED1,2016-11-17T13:30:17
Structure1_WGS84/65093,010100000070D9F5C6E11F5AC0B0CC07E3EB774940,CLOSR:BSCLS:C128992,BS CLOSURE,IPL,,LACC_ATRENCH_C,STHYSK,,STHYSK01,SASKTEL,,,100049,,,,,,IHMED1,2016-11-23T15:07:32
Structure1_WGS84/65103,0101000000D88AE6C9E1ED59C0A0DE5F86C45B4940,CLOSR:BSCLS:C140551,BS CLOSURE,IPL,,LACC_APLOWED_C,FTQPSK,,FTQPSK01,SASKTEL,,,100049,,,,,,IHMED1,2016-11-24T11:16:14
Structure1_WGS84/65117,01010000005C4415DDBE355AC028AA0F75765F4940,LOSR:BSCLS::10967245,BS CLOSURE,IPL,,LACC_APLOWED_C,LMSDSK,,CRVNSK04,SASKTEL,2020,,100049,,809940,,KLETR1,2020-06-12T15:49:24,MALLM1,2024-05-02T14:12:04
Structure1_WGS84/65181,0101000000B0CF355C5C3D5AC0F8E5FFD4C6934940,CLOSR:BSCLS::11846286,BS CLOSURE,IPL,,LACC_APLOWED_C,STBGSK,,STBGSK01,SASKTEL,2022,,100049,,815092,,KLETR1,2022-01-07T13:51:59,KAURR2,2023-01-04T15:07:54
Structure1_WGS84/65228,0101000000C4984941C8EF59C0705077E295634940,CLOSR:BSCLS:C165718,BS CLOSURE,IPL,,LACC_APLOWED_C,FTQPSK,,FTQPSK01,SASKTEL,1996,,100049,R3300 BS_B-04,904101,,,,MCQUK1,2025-02-03T10:15:45
Structure1_WGS84/65254,01010000000C408ED99E235AC0B0677BD3783C4940,CLOSR:BSCLS:C202742,BS CLOSURE,IPL,,LACC_ATRENCH_C,REGNSK,,REGNSK46,SASKTEL,,,100049,,,,,,THUND1,2025-03-10T22:24:08
Structure1_WGS84/65283,01010000003083C686AD8259C048214899651D4940,CLOSR:BSCLS:C123326,BS CLOSURE,IPL,,LACC_APLOWED_C,WPLLSK,,WPLLSK01,SASKTEL,,,100049,,,,,,KAURP3,2019-06-13T12:13:52
Structure1_WGS84/65329,010100000090D526AE201D5AC0E8F190A365C14940,CLOSR:BSCLS:C152195,BS CLOSURE,IPL,,LACC_APLOWED_C,RYMRSK,,RYMRSK01,SASKTEL,,,100049,,,,,,KATRR1,2021-01-15T00:35:14
Structure1_WGS84/65357,01010000002C50C76DF8265AC0A0787C8549394940,CLOSR:BSCLS:C174954,BS CLOSURE,ABD,,LACC_ATRENCH_C,REGNSK,,REGNSK01,SASKTEL,,,100049,,,,,,,
Structure1_WGS84/65411,0101000000CC22B13026F45AC0785AE9E8CA324940,CLOSR:BSCLS:C558384,BS CLOSURE,IPL,,LACC_APLOWED_F,SWCRSK,,SWCRSK02,SASKTEL,,,100049,,,,,,PALGS1,2019-06-10T23:28:19
Structure1_WGS84/65420,01010000004009D5FBFD275BC008A60A1BE5994840,LOSR:BSCLS::10195419,BS CLOSURE,IPL,,SRVC_ASERVICE,FRNTSK,,FRNTSK01,SASKTEL,2018,,100049,,805676,,QUANM1,2018-10-29T09:08:12,WILLJ2,2019-01-16T08:27:26
Structure1_WGS84/65427,0101000000ECCAD55FB4265AC0E0383A65303B4940,CLOSR:BSCLS:C201881,BS CLOSURE,IPL,,LACC_APLOWED_C,REGNSK,,REGNSK01,SASKTEL,,,100049,,,,,,QIUE1,2018-09-18T08:56:23
Structure1_WGS84/65455,01010000000C41A5AFBF4D5AC09899D3B1FF334940,LOSR:BSCLS::11182603,BS CLOSURE,IPL,,LACC_APLOWED_F,PENSSK,,STBHSK02,SASKTEL,2021,,100049,,811433,,BHUVN1,2020-10-21T16:15:17,RAVAG1,2023-11-02T22:57:10
Structure1_WGS84/65458,010100000064E48C5E366959C0F0DE7A4F90114940,CLOSR:BSCLS::11757004,BS CLOSURE,IPL,,LACC_ATRENCH_C,MSMNSK,,MSMNSK01,SASKTEL,2022,,100049,,814153,,JAKUT1,2021-11-04T14:48:38,RAVAG1,2023-11-02T23:05:35
Structure1_WGS84/65488,0101000000A0427DE479EA5AC0E894156ADDF94840,CLOSR:BSCLS::12981967,BS CLOSURE,IPL,,LACC_APLOWED_C,NEVLSK,,NEVLSK01,SASKTEL,2023,,100049,,820801,,KAURP3,2023-09-15T18:46:50,KAURP3,2023-11-20T23:46:02
Structure1_WGS84/65538,0101000000E8E82D2870105BC048E3A0BC03134940,CLOSR:BSCLS:C512129,BS CLOSURE,IPL,,LACC_APLOWED_F,WEBBSK,,WEBBSK02,SASKTEL,,,100049,,,,,,BALLB1,2019-05-15T12:43:38
Structure1_WGS84/65539,01010000003C970E7576545BC0B83E688709B64840,CLOSR:BSCLS:C513860,BS CLOSURE,IPL,,LACC_APLOWED_C,CNSLSK,,CNSLSK03,SASKTEL,,,100049,,,,,,YERRS2,2018-10-16T04:03:55
Structure1_WGS84/65632,0101000000946F41AC5AC25AC0C0B6E902302E4940,CLOSR:BSCLS:C500583,BS CLOSURE,IPL,,LACC_APLOWED_C,MORSSK,,MORSSK01,SASKTEL,,,100049,,,,,,GANDN1,2018-04-04T03:57:40
Structure1_WGS84/65640,0101000000888771E3A88C59C0907EEE7D8A2B4940,CLOSR:BSCLS:C143268,BS CLOSURE,IPL,,LACC_APLOWED_F,WHWDSK,,WHWDSK01,SASKTEL,,,100049,,,,,,YADAG1,2018-09-24T08:39:48
Structure1_WGS84/65675,01010000002CF6AA0AB76F59C0708EC44F8C0A4940,CLOSR:BSCLS::9737211,BS CLOSURE,IPL,,LACC_APLOWED_C,MSMNSK,,MSRPSK01,SASKTEL,2017,,100049,,803215,,QUANM1,2017-10-31T12:01:22,SCHOA2,2018-05-17T14:17:55
Structure1_WGS84/65708,0101000000D84F3B0628F859C0D0F75350024B4940,CLOSR:BSCLS:C128462,BS CLOSURE,IPL,,LACC_APLOWED_F,QAPLSK,,QAPLSK01,SASKTEL,,,100049,,,,,,ADELL2,2018-09-20T03:25:21
Structure1_WGS84/65824,010100000038AE6A3C5D7B5BC040A10A91294F4940,CLOSR:BSCLS:C523042,BS CLOSURE,IPL,,LACC_APLOWED_C,BRSTSK,,BRSTSK02,SASKTEL,,,100049,,,,,,MACHS1,2018-10-03T01:59:15
Structure1_WGS84/65846,010100000054CD430BA86F5BC0189D28B388374940,CLOSR:BSCLS:C536208,BS CLOSURE,IPL,,LACC_APLOWED_C,RCHMSK,,RCHMSK01,SASKTEL,,,100049,,,,,,KATRR1,2019-02-22T10:55:03
Structure1_WGS84/65876,0101000000FC2A6C784D265AC030CE9FD677364940,CLOSR:BSCLS:C206476,BS CLOSURE,IPL,,LACC_ATRENCH_C,REGNSK,,REGNSK03,SASKTEL,,,100049,,,,,,FLANR2,2021-08-19T15:48:27
Structure1_WGS84/66013,0101000000742A6990A5335AC0909DC901323F4940,CLOSR:BSCLS:C193820,BS CLOSURE,IPL,,LACC_APLOWED_C,REGNSK,,REGNSK04,SASKTEL,,,100049,,,,,,PONNL1,2020-04-02T04:39:35
Structure1_WGS84/66037,01010000006CADB74CD4CB5AC050B1D461A2EF4840,CLOSR:BSCLS:C496456,BS CLOSURE,IPL,,LACC_APLOWED_C,VNGRSK,,VNGRSK01,SASKTEL,,,100049,,,,,,GORRS2,2019-03-07T07:28:42
Structure1_WGS84/66045,0101000000100C8F1942405AC0401178EBB2AB4940,CLOSR:BSCLS:C150272,BS CLOSURE,ABD,,LACC_APLOWED_F,GOVNSK,,GOVNSK01,SASKTEL,,,100049,,,,,,BALLB1,2019-04-08T22:05:39
Structure1_WGS84/66056,010100000018B662BCFC245AC040D606D3E23C4940,CLOSR:BSCLS:C226208,BS CLOSURE,IPL,,LACC_APLOWED_C,REGNSK,,REGNSK12,SASKTEL,,,100049,,,,,,GARRA1,2024-03-04T12:25:42
Structure1_WGS84/66058,0101000000E886A07C97FF59C06876D29F965E4940,CLOSR:BSCLS::8382570,BS CLOSURE,IPL,,LACC_APLOWED_F,FTQPSK,,FTQPSK01,SASKTEL,,,100049,,,,,,VUDUP1,2018-11-19T12:56:06
Structure1_WGS84/66082,010100000008BC21FAA6275AC028D2597AB52E4940,CLOSR:BSCLS::8997632,BS CLOSURE,IPL,,LACC_APLOWED_F,REGNSK,,REGNSK03,SASKTEL,2016,50M WEST OF PROPERTY LINE,100049,,984239,,,,PALGS1,2019-08-23T04:20:02
Structure1_WGS84/66174,0101000000247574EF50205BC088F8CE6FE54C4940,CLOSR:BSCLS:C512951,BS CLOSURE,IPL,,LACC_APLOWED_C,CABRSK,,CABRSK01,SASKTEL,,,100049,,,,,,DASAS1,2018-10-15T12:02:22
Structure1_WGS84/66243,0101000000F8E85315DAD759C0A06DFAF5BB094940,CLOSR:BSCLS::9013933,BS CLOSURE,IPL,,LACC_APLOWED_C,MTMRSK,,MTMRSK02,SASKTEL,2016,,100049,,984763,,,,KAURR2,2017-03-23T11:06:09
Structure1_WGS84/66244,0101000000D8D1C00ECAD759C0F8E3CBB8A7094940,CLOSR:BSCLS::9051422,BS CLOSURE,IPL,,LACC_APLOWED_C,MTMRSK,,MTMRSK02,SASKTEL,2016,,100049,,984763,,,,KAURR2,2017-03-23T11:06:09
Structure1_WGS84/66335,01010000004847CCFBBED859C010240827073E4940,CLOSR:BSCLS:C127624,BS CLOSURE,IPL,,LACC_APLOWED_F,SNTLSK,,SNTLSK01,SASKTEL,,,100049,,,,,,PALGS1,2019-04-08T21:09:32
Structure1_WGS84/66357,010100000080ED657DD80A5BC080BE7F560DEC4840,CLOSR:BSCLS::7392189,BS CLOSURE,IPL,,LACC_APLOWED_C,SHNVSK,,ADMRSK02,SASKTEL,2013,,100049,,0,,,,CHENR1,2021-11-29T08:37:13
Structure1_WGS84/66364,0101000000105FCC1A25675AC04037F56D806E4940,CLOSR:BSCLS:C100816,BS CLOSURE,IPL,,LACC_APLOWED_F,BTHNSK,,CHBLSK01,SASKTEL,,,100049,,,,,,CHENR1,2021-12-24T05:59:25
Structure1_WGS84/66460,010100000020FAC9D93A285AC0082614E834064940,CLOSR:BSCLS:C81649,BS CLOSURE,IPL,,LACC_ATRENCH_C,MLSTSK,,MLSTSK01,SASKTEL,,,100049,,,,,,WILLJ2,2019-08-29T14:11:50
Structure1_WGS84/66564,01010000004C9A1DE1E8245BC000E1FFD8F5164940,CLOSR:BSCLS:C572659,BS CLOSURE,IPL,,LACC_APLOWED_C,GLLKSK,,GLLKSK01,SASKTEL,,,100049,R111 P16A,,,,,SZOSG1,2017-02-21T12:44:21
Structure1_WGS84/66595,0101000000E4BA282E92B159C02067D981DD0D4940,CLOSR:BSCLS:C148238,BS CLOSURE,IPL,,LACC_APLOWED_C,WNDTSK,,WNDTSK01,SASKTEL,,,100049,,,,,,PALGS1,2019-12-02T23:36:14
Structure1_WGS84/66603,01010000008063ABD873335AC040F384BBB9114940,CLOSR:BSCLS:C90118,BS CLOSURE,IPL,,LACC_APLOWED_C,WLCXSK,,WLCXSK01,SASKTEL,,,100049,,,,,,KATRR1,2020-01-01T23:45:55
Structure1_WGS84/66678,0101000000E8F6C2FF7E285AC0E848450874B24940,CLOSR:BSCLS:C98990,BS CLOSURE,IPL,,LACC_APLOWED_C,SMNSSK,,SMNSSK01,SASKTEL,,,100049,,,,,,BALLB1,2019-12-03T20:34:56
Structure1_WGS84/66847,0101000000187386CB326559C068E78B2FAD0D4940,CLOSR:BSCLS:C150082,BS CLOSURE,IPL,,LACC_APLOWED_C,MSMNSK,,MSMNSK01,SASKTEL,,,100049,,,,,,OUGAB1,2019-12-20T01:52:47
Structure1_WGS84/66934,0101000000D88E0EE7D8DE59C078565A3206664940,CLOSR:BSCLS:C171918,BS CLOSURE,IPL,,LACC_APLOWED_C,BLCRSK,,BLCRSK01,SASKTEL,,,100049,,,,,,VUDUP1,2019-12-30T01:34:45
Structure1_WGS84/66936,0101000000884CD74BA7D959C080C344F0F0694940,CLOSR:BSCLS:C121188,BS CLOSURE,IPL,,LACC_APLOWED_C,ABRNSK,,ABRNSK01,SASKTEL,,,100049,,,,,,AYYAN1,2019-12-05T23:37:52
Structure1_WGS84/67003,0101000000983954EE068459C0387CEB9381F34840,CLOSR:BSCLS:C145071,BS CLOSURE,IPL,,LACC_APLOWED_C,WAWTSK,,WAWTSK01,SASKTEL,,,100049,,,,,,OUGAB1,2019-12-13T03:36:46
Structure1_WGS84/67017,010100000018DA9687A0105AC0F8F4372C43774940,CLOSR:BSCLS:C87404,BS CLOSURE,IPL,,LACC_APLOWED_C,CUPRSK,,CUPRSK01,SASKTEL,,,100049,,,,,,DASAS1,2020-06-23T06:59:02
Structure1_WGS84/67117,010100000044B60229E26C59C0F0A942F4C5304940,CLOSR:BSCLS:C127548,BS CLOSURE,IPL,,LACC_ATRENCH_C,RCVLSK,,RCVLSK01,SASKTEL,,,100049,,,,,,GOPIA1,2019-12-31T04:43:33
Structure1_WGS84/67162,0101000000D0E33953AF275AC0B0F49196B5394940,CLOSR:BSCLS:C201243,BS CLOSURE,IPL,,LACC_ATRENCH_C,REGNSK,,REGNSK01,SASKTEL,,,100049,,,,,,ROOKP2,2020-11-23T13:46:36
Structure1_WGS84/67182,01010000003058462A790C5AC0682EE43C5C884940,CLOSR:BSCLS::7315708,BS CLOSURE,IPL,,LACC_APLOWED_C,CUPRSK,,CUPRSK02,SASKTEL,2014,,100049,,971824,,,,CHENR1,2021-12-27T09:16:21
Structure1_WGS84/67201,0101000000B041A59823BD59C0587023F82EF54840,CLOSR:BSCLS::8046235,BS CLOSURE,IPL,,LACC_APLOWED_C,WNDTSK,,CRNGSK01,SASKTEL,2014,,100049,,976516,,,,CHENR1,2021-12-27T03:32:51
Structure1_WGS84/67257,0101000000904B7279592B5AC0301C7A8B47454940,CLOSR:BSCLS::8999530,BS CLOSURE,IPL,,LACC_APLOWED_C,REGNSK,,CONDSK03,SASKTEL,2016,,100049,,984790,,,,CHENR1,2021-12-25T07:45:33
Structure1_WGS84/67278,010100000058A0D8682B235AC04051E84830394940,CLOSR:BSCLS:C160275,BS CLOSURE,IPL,,LACC_ATRENCH_C,REGNSK,,REGNSK46,SASKTEL,,,100049,,,,,,CHENR1,2022-03-26T02:05:14
Structure1_WGS84/67285,0101000000E4686074511D5AC0187F92AA09374940,CLOSR:BSCLS::8845293,BS CLOSURE,IPL,,LACC_APLOWED_C,REGNSK,,REGNSK46,SASKTEL,,,100049,,,,,,CHENR1,2022-03-26T02:10:31
Structure1_WGS84/67312,01010000009821AB14E8E95AC0F8D1BEC6692F4940,CLOSR:BSCLS:C539260,BS CLOSURE,IPL,,LACC_APLOWED_C,SWCRSK,,WLDCSK02,SASKTEL,,,100049,,,,,,CHENR1,2022-01-27T05:35:46
Structure1_WGS84/67349,0101000000C417C92BCB6A59C0E86FFE70A1F04840,CLOSR:BSCLS:C121544,BS CLOSURE,IPL,,LACC_APLOWED_C,MYFDSK,,FRLGSK01,SASKTEL,,,100049,,,,,,CHENR1,2022-01-31T06:04:30
Structure1_WGS84/67452,010100000058995DE84B9559C08856D9D7373A4940,CLOSR:BSCLS:C120744,BS CLOSURE,IPL,,LACC_APLOWED_C,BRVWSK,,OCIRSK01,SASKTEL,,,100049,,,,,,CHENR1,2022-03-16T07:49:44
Structure1_WGS84/67468,01010000007C11022C513C5BC040F211E25EE64840,CLOSR:BSCLS:C529375,BS CLOSURE,IPL,,LACC_APLOWED_C,PIPTSK,,SLCKSK01,SASKTEL,,,100049,,,,,,CHENR1,2022-04-07T04:19:56
Structure1_WGS84/67489,01010000005430CC3712225BC060526A06E3FA4840,CLOSR:BSCLS::8723371,BS CLOSURE,IPL,,LACC_APLOWED_C,GLLKSK,,GLLKSK04,SASKTEL,2015,,100049,,982031,,,,CHENR1,2022-02-03T05:02:21
Structure1_WGS84/67493,010100000038042DDBA90F5AC02088F74C919A4940,CLOSR:BSCLS:C104630,BS CLOSURE,IPL,,LACC_APLOWED_C,PNCHSK,,GNIRSK01,SASKTEL,,,100049,,,,,,CHENR1,2022-02-03T07:10:05
Structure1_WGS84/67530,01010000000846DE9F96795AC0B82EEF23D7914940,CLOSR:BSCLS:C93104,BS CLOSURE,IPL,,LACC_APLOWED_C,DVSNSK,,GRVNSK01,SASKTEL,,,100049,,,,,,CHENR1,2022-02-04T05:38:49
Structure1_WGS84/67548,0101000000446E8A1DC6E559C0E053B7224D544940,CLOSR:BSCLS:C128912,BS CLOSURE,IPL,,LACC_APLOWED_C,FTQPSK,,KWBHSK01,SASKTEL,,,100049,,,,,,CHENR1,2022-02-10T09:35:32
Structure1_WGS84/67561,01010000007C77A71270A359C028B58792903F4940,CLOSR:BSCLS:C172831,BS CLOSURE,IPL,,LACC_APLOWED_C,BRVWSK,,KIRVSK01,SASKTEL,,,100049,,,,,,CHENR1,2022-03-09T09:07:01
Structure1_WGS84/67687,0101000000E82AB2DD2AF25AC0B88E640820154940,CLOSR:BSCLS:C542866,BS CLOSURE,IPL,,LACC_APLOWED_C,SWCRSK,,WYMRSK02,SASKTEL,,,100049,,,,,,CHENR1,2022-05-02T05:42:00
Structure1_WGS84/67793,010100000024188C19BA1A5AC0881FE2DA61394940,CLOSR:BSCLS::8844042,BS CLOSURE,IPL,,LACC_ATRENCH_C,REGNSK,,PLBTSK01,SASKTEL,2015,,100049,,983299,,,,CHENR1,2022-03-18T04:04:02
Structure1_WGS84/67823,0101000000D8786BF10D1C5AC0E0F065E99D3B4940,CLOSR:BSCLS:C188789,BS CLOSURE,IPL,,LACC_APLOWED_C,REGNSK,,PLBTSK01,SASKTEL,,,100049,,,,,,CHENR1,2022-03-18T04:02:36
Structure1_WGS84/67853,010100000068EF9FE32D1A5AC0685D28D508BD4940,CLOSR:BSCLS:C105976,BS CLOSURE,IPL,,LACC_APLOWED_C,PNCHSK,,PMIRSK01,SASKTEL,,,100049,,,,,,CHENR1,2022-03-18T04:28:14
Structure1_WGS84/67972,0101000000ACDAC5CCEF355AC0C0049F3AA46A4940,CLOSR:BSCLS:C130228,BS CLOSURE,ABD,,LACC_APLOWED_F,LMSDSK,,SABHSK01,SASKTEL,,,100049,,,,,,CHENR1,2022-03-30T03:59:42
Structure1_WGS84/67986,0101000000546014795CF959C0D8347C9915674940,CLOSR:BSCLS:C133896,BS CLOSURE,IPL,,LACC_APLOWED_C,FTQPSK,,SBIRSK01,SASKTEL,,,100049,,,,,,CHENR1,2022-03-30T07:10:40
Structure1_WGS84/68032,010100000084EDB70E9F235AC088B292F1D03C4940,CLOSR:BSCLS:C202559,BS CLOSURE,IPL,,LACC_APLOWED_C,REGNSK,,REGNSK46,SASKTEL,,,100049,,,,,,CHENR1,2022-03-26T02:05:04
Structure1_WGS84/68045,0101000000ECABF32128225AC0884D8A1A823A4940,CLOSR:BSCLS:C154108,BS CLOSURE,IPL,,LACC_APLOWED_C,REGNSK,,REGNSK46,SASKTEL,,,100049,,,,,,CHENR1,2022-03-26T02:18:13
Structure1_WGS84/68241,010100000078AC2DFD6A4C5AC0989189E7EE824940,CLOSR:BSCLS:C77297,BS CLOSURE,IPL,,LACC_APLOWED_C,STBGSK,,SBBHSK01,SASKTEL,,,100049,,,,,,CHENR1,2022-03-30T06:59:39
Structure1_WGS84/68246,0101000000C4F24E08D4015BC080386C4EEA754940,CLOSR:BSCLS:C380086,BS CLOSURE,IPL,,LACC_APLOWED_F,KYLESK,,TBRSSK01,SASKTEL,,,100049,,,,,,CHENR1,2022-04-19T03:07:12
Structure1_WGS84/68280,0101000000B4CBF1E975235AC038173F2D09374940,CLOSR:BSCLS:C182916,BS CLOSURE,IPL,,LACC_APLOWED_C,REGNSK,,REGNSK45,SASKTEL,,,100049,,,,,,CHENR1,2022-04-08T07:33:19
Structure1_WGS84/68300,010100000074B7249A0FF359C070CCA76B86624940,CLOSR:BSCLS:C136915,BS CLOSURE,ABD,,LACC_APLOWED_C,FTQPSK,,FTQPSK01,SASKTEL,,,100049,,,,,,HOLTA1,2022-10-20T12:57:16
Structure1_WGS84/68322,010100000044CCF91D3B3F5BC08890BDC2E86A4940,CLOSR:BSCLS:C501708,BS CLOSURE,IPL,,LACC_APLOWED_C,ABBYSK,,PTRVSK01,SASKTEL,,,100049,,,,,,CHENR1,2022-04-08T02:48:24
Structure1_WGS84/68324,0101000000983BA66040405BC0C03FAD28B9754940,CLOSR:BSCLS:C502258,BS CLOSURE,IPL,,LACC_APLOWED_C,ABBYSK,,PTRVSK01,SASKTEL,,,100049,,,,,,CHENR1,2022-04-08T02:48:26
Structure1_WGS84/68325,0101000000643B5D1874405BC048470E85CD684940,CLOSR:BSCLS:C515000,BS CLOSURE,IPL,,LACC_APLOWED_C,ABBYSK,,PTRVSK01,SASKTEL,,,100049,,,,,,CHENR1,2022-04-08T02:48:24
Structure1_WGS84/68342,010100000054CA0CFDEE4F5AC018B6036ED03F4940,CLOSR:BSCLS::8490112,BS CLOSURE,IPL,,LACC_APLOWED_C,PENSSK,,STBHSK02,SASKTEL,2015,,100049,,975673,,,,CHENR1,2022-04-14T22:55:03
Structure1_WGS84/68450,010100000060E0A45C46175AC0E8D922BF37394940,CLOSR:BSCLS::9361802,BS CLOSURE,IPL,,LACC_ATRENCH_C,REGNSK,,WHCYSK01,SASKTEL,2017,,100049,,984335,,WILLJ2,2017-01-11T08:29:07,CHENR1,2022-04-27T06:57:52
Structure1_WGS84/69237,01010000001CAE98BB9D145AC0081A34ADFA0D4940,CLOSR:BSCLS:C76597,BS CLOSURE,ABD,,LACC_APLOWED_C,RCTNSK,,RCTNSK01,SASKTEL,,,100049,,,,,,IHMED1,2016-11-22T09:11:14
Structure1_WGS84/69252,0101000000E456892B67405AC0206958759E904940,CLOSR:BSCLS:C109763,BS CLOSURE,IPL,,LACC_APLOWED_C,STBGSK,,STBGSK01,SASKTEL,,,100049,,,,,,IHMED1,2016-11-23T14:07:20
Structure1_WGS84/69293,0101000000A8E6BB59F8DB5AC008C7B42269DD4840,CLOSR:BSCLS:C502429,BS CLOSURE,IPL,,LACC_APLOWED_C,PNTXSK,,PNTXSK01,SASKTEL,,,100049,,,,,,IHMED1,2016-11-14T10:41:17
Structure1_WGS84/69369,01010000004CE80CC446275AC090863AB662454940,CLOSR:BSCLS::8866140,BS CLOSURE,ABD,,LACC_APLOWED_C,REGNSK,,REGNSK04,SASKTEL,2015,,100049,,,,,,,
Structure1_WGS84/69398,01010000004C165792A5375AC008B2729099514940,CLOSR:BSCLS:C78551,BS CLOSURE,IPL,,LACC_ATRENCH_C,LMSDSK,,LMSDSK01,SASKTEL,,,100049,,,,,,IHMED1,2016-11-22T12:05:59
Structure1_WGS84/69401,010100000064AD0147CB7F5AC090EE7F9E0BA24940,CLOSR:BSCLS:C91185,BS CLOSURE,ABD,,LACC_ATRENCH_C,DVSNSK,,DVSNSK03,SASKTEL,,,100049,,,,,,IHMED1,2016-11-22T15:33:36
Structure1_WGS84/69438,0101000000E48A2F33BCED5AC048A2CF68A7364940,CLOSR:BSCLS:C528855,BS CLOSURE,IPL,,LACC_APLOWED_C,SWCRSK,,SWCRSK02,SASKTEL,,,100049,,,,,,,
Structure1_WGS84/69462,0101000000CC4541C558025BC0701CF7A1236A4940,CLOSR:BSCLS:C346864,BS CLOSURE,IPL,,LACC_ATRENCH_C,KYLESK,,KYLESK01,SASKTEL,,,100049,,,,,,,
Structure1_WGS84/69509,010100000048D1BB92133F5AC0A82007DE76394940,CLOSR:BSCLS:C122710,BS CLOSURE,IPL,,LACC_APLOWED_C,PENSSK,,PENSSK01,SASKTEL,,,100049,,,,,,IHMED1,2016-11-22T11:30:13
Structure1_WGS84/69522,010100000098DA5BC2C8DC59C04029C3C00C3D4940,CLOSR:BSCLS:C128286,BS CLOSURE,IPL,,LACC_ATRENCH_C,SNTLSK,,SNTLSK01,SASKTEL,,,100049,,,,,,,
Structure1_WGS84/69540,0101000000380DBE216EF759C090345D6197434940,CLOSR:BSCLS:C161655,BS CLOSURE,IPL,,LACC_APLOWED_C,QAPLSK,,QAPLSK01,SASKTEL,,,100049,,,,,,IHMED1,2016-11-24T09:37:30
Structure1_WGS84/69574,01010000004C82B0B35EF359C0181F5E2B6F624940,CLOSR:BSCLS:C133892,BS CLOSURE,IPL,,LACC_ATRENCH_C,FTQPSK,,FTQPSK01,SASKTEL,,,100049,,,,,,IHMED1,2016-11-24T11:15:40
Structure1_WGS84/69575,01010000003CF6C1CCB3405AC058A54B7128B14940,CLOSR:BSCLS:C150338,BS CLOSURE,ABD,,LACC_APLOWED_C,GOVNSK,,GOVNSK01,SASKTEL,,,100049,,,,,,IHMED1,2016-11-23T09:31:13
Structure1_WGS84/69619,0101000000F460CB8BC9245AC028A455CA3E3A4940,CLOSR:BSCLS:C173833,BS CLOSURE,IPL,,LACC_ATRENCH_C,REGNSK,,REGNSK01,SASKTEL,,,100049,,,,,,,
Structure1_WGS84/69688,010100000040C17644C6285AC0F01E8413E0324940,CLOSR:BSCLS:C180646,BS CLOSURE,IPL,,LACC_APLOWED_C,REGNSK,,REGNSK03,SASKTEL,,,100049,,,,,,,
Structure1_WGS84/69733,01010000001826B0BF002A5AC06801877B653D4940,CLOSR:BSCLS:C232918,BS CLOSURE,IPL,,LACC_APLOWED_C,REGNSK,,REGNSK04,SASKTEL,,,100049,,,,,,,
Structure1_WGS84/69738,0101000000904FBBA439265AC0B81DADE6903F4940,CLOSR:BSCLS:C198698,BS CLOSURE,IPL,,LACC_ATRENCH_C,REGNSK,,REGNSK04,SASKTEL,,,100049,,,,,,,
Structure1_WGS84/69858,01010000000802916920285AC0289193E213424940,CLOSR:BSCLS:C202354,BS CLOSURE,IPL,,LACC_APLOWED_C,REGNSK,,REGNSK04,SASKTEL,,,100049,,,,,,,
Structure1_WGS84/69869,0101000000D8A1F29310295AC060A19CF641384940,CLOSR:BSCLS:C178043,BS CLOSURE,IPL,,LACC_APLOWED_C,REGNSK,,REGNSK03,SASKTEL,,,100049,,,,,,,
Structure1_WGS84/69881,0101000000AC2C6105699659C0F0D381B1E0014940,CLOSR:BSCLS:C113966,BS CLOSURE,IPL,,LACC_APLOWED_F,KNDYSK,,KNDYSK01,SASKTEL,,,100049,,,,,,IHMED1,2016-11-17T14:58:32
Structure1_WGS84/69914,0101000000409E9C22B92B5AC0E0AE2BC17D404940,CLOSR:BSCLS:C210567,BS CLOSURE,IPL,,LACC_ATRENCH_C,REGNSK,,REGNSK04,SASKTEL,,,100049,,,,,,,
Structure1_WGS84/69927,0101000000643E24D24F305AC040EA1081E83A4940,CLOSR:BSCLS:C193038,BS CLOSURE,ABD,,LACC_APLOWED_C,REGNSK,,REGNSK01,SASKTEL,,,100049,,,,,,,
Structure1_WGS84/70013,0101000000C823576802135AC0E03673E53F3C4940,CLOSR:BSCLS::8906413,BS CLOSURE,IPL,,LACC_APLOWED_F,BLGNSK,,BLGNSK01,SASKTEL,2016,,100049,R3400 0B,983989,,,,WILLJ2,2016-12-07T15:05:38
Structure1_WGS84/70044,0101000000EC21588A21385BC0F8230C7032664940,CLOSR:BSCLS:C514258,BS CLOSURE,IPL,,LACC_APLOWED_C,ABBYSK,,ABBYSK01,SASKTEL,,,100049,,,,,,,
Structure1_WGS84/70046,0101000000F09CFDE6DDF759C080D4FEF2FC194940,CLOSR:BSCLS:C125684,BS CLOSURE,IPL,,LACC_APLOWED_C,ODSSSK,,ODSSSK01,SASKTEL,,,100049,,,,,,IHMED1,2016-11-18T15:45:22
Structure1_WGS84/70050,010100000028834C2DF9505BC0C0F2BD7F267A4940,CLOSR:BSCLS:C508449,BS CLOSURE,IPL,,LACC_APLOWED_C,SCPTSK,,SCPTSK01,SASKTEL,,,100049,,,,,,,
Structure1_WGS84/70210,01010000007494183E217159C018551087151A4940,CLOSR:BSCLS:C150043,BS CLOSURE,IPL,,LACC_APLOWED_C,MSMNSK,,MSMNSK01,SASKTEL,,,100049,,,,,,IHMED1,2016-11-17T09:22:14
Structure1_WGS84/70212,010100000070CFB64495E259C0B04695B2E3664940,CLOSR:BSCLS:C175064,BS CLOSURE,ABD,,LACC_APLOWED_C,BLCRSK,,BLCRSK01,SASKTEL,,,100049,,,,,,IHMED1,2016-11-24T14:25:56
Structure1_WGS84/70326,0101000000EC66A6B106FD59C000506C42303D4940,CLOSR:BSCLS:C129929,BS CLOSURE,IPL,,LACC_APLOWED_C,QAPLSK,,QAPLSK01,SASKTEL,,,100049,,,,,,IHMED1,2016-11-24T09:37:27
Structure1_WGS84/70434,0101000000FC9DC70A59235AC060CAE836D7384940,CLOSR:BSCLS::9299090,BS CLOSURE,IPL,,LACC_ATRENCH_C,REGNSK,,REGNSK45,SASKTEL,2016,,100049,,801112,,KROHD1,2016-11-17T09:20:40,WILLJ2,2017-12-19T09:25:39
Structure1_WGS84/70437,010100000078B190B67A5C5BC028D206C5AE444940,CLOSR:BSCLS:C571767,BS CLOSURE,IPL,,LACC_APLOWED_C,FXVYSK,,FXVYSK01,SASKTEL,,,100049,,,,,,ENGEM1,2024-03-20T20:10:06
Structure1_WGS84/70517,0101000000604C2AB53F2E5AC058C9986CD0324940,CLOSR:BSCLS::7370097,BS CLOSURE,ABD,,LACC_APLOWED_C,,,REGNSK03,SASKTEL,2013,,100049,,956645,,,,VUDUP1,2019-01-22T07:40:55
Structure1_WGS84/70566,010100000068BB80CC0B2C5AC0B825ED3EAE354940,CLOSR:BSCLS::12669646,BS CLOSURE,IPL,,LACC_APLOWED_C,REGNSK,,REGNSK01,SASKTEL,,,100049,R412 LP7,,,BINGA1,2023-03-13T22:00:42,YADAG1,2025-03-03T06:55:22
Structure1_WGS84/70586,01010000004C03AB8F0C7F5AC0A024AA78A2A24940,CLOSR:BSCLS:C103737,BS CLOSURE,IPL,,LACC_APLOWED_C,DVSNSK,,DVSNSK03,SASKTEL,,,100049,,,,,,RAVAG1,2023-11-09T01:15:35
Structure1_WGS84/70598,0101000000B48C189947E959C068D56D11975C4940,CLOSR:BSCLS::9949323,BS CLOSURE,IPL,,LACC_ATRENCH_C,FTQPSK,,KWBHSK01,SASKTEL,2018,,100049,,,,WILLJ2,2018-05-10T14:37:37,WILLJ2,2018-05-10T14:56:57
Structure1_WGS84/70609,0101000000D8ACB588EC2E5AC0F8F51859B0414940,CLOSR:BSCLS::9631905,BS CLOSURE,IPL,,LACC_APLOWED_C,REGNSK,,REGNSK04,SASKTEL,2016,2M SOUTH OF PED,100049,,800041,,WILLJ2,2017-08-18T11:37:30,GORRS2,2019-01-23T11:01:50
Structure1_WGS84/70633,0101000000887BC499D3265AC03833616BDE3B4940,CLOSR:BSCLS:C263927,BS CLOSURE,IPL,,LACC_APLOWED_C,REGNSK,,REGNSK01,SASKTEL,,,100049,,,,,,THUND1,2024-04-17T03:59:19
Structure1_WGS84/70656,0101000000AC1B386543A259C04059FD20F1404940,CLOSR:BSCLS::13259133,BS CLOSURE,IPL,,LACC_APLOWED_C,BRVWSK,,KIRVSK01,SASKTEL,2024,,100049,,825486,,VIXAJ1,2024-09-19T10:08:28,VIXAJ1,2025-01-30T09:01:35
Structure1_WGS84/70657,0101000000243B27D743A259C0207B0BF8F0404940,CLOSR:BSCLS::13259134,BS CLOSURE,IPL,,LACC_APLOWED_C,BRVWSK,,KIRVSK01,SASKTEL,2024,,100049,,825486,,VIXAJ1,2024-09-19T10:08:44,VIXAJ1,2025-01-30T09:01:35
Structure1_WGS84/70728,01010000008067E220B8185AC000242255444A4940,CLOSR:BSCLS::11779738,BS CLOSURE,IPL,,LACC_APLOWED_C,REGNSK,,PLBTSK01,SASKTEL,2022,,100049,,815482,,LUBIT1,2021-11-17T09:01:26,THUND1,2024-03-01T06:55:10
Structure1_WGS84/70743,010100000040BBF443AD0E5BC018BCE5E0553C4940,CLOSR:BSCLS:C521818,BS CLOSURE,IPL,,LACC_APLOWED_C,PNNTSK,,PNNTSK01,SASKTEL,,,100049,,,,,,YERRS2,2018-10-04T03:10:29
Structure1_WGS84/70762,01010000009CF5CB5583395AC0680B3D0C34184940,LOSR:BSCLS::11170186,BS CLOSURE,IPL,,LACC_ATRENCH_C,ROULSK,,ROULSK01,SASKTEL,2020,,100049,,811293,,MEYEB2,2020-10-13T13:54:03,MEYEB2,2021-03-08T17:11:32
Structure1_WGS84/70764,0101000000306BC13CF8365AC0981EC00131544940,CLOSR:BSCLS:C89532,BS CLOSURE,ABD,,LACC_APLOWED_F,LMSDSK,,LMSDSK01,SASKTEL,,,100049,,,,,,PALGS1,2019-06-18T22:31:53
Structure1_WGS84/70767,010100000044B42A7DD9265AC008D51877FA3B4940,CLOSR:BSCLS:C208208,BS CLOSURE,IPL,,LACC_ATRENCH_C,REGNSK,,REGNSK01,SASKTEL,,,100049,,,,,,PALGS1,2019-06-18T20:14:12
Structure1_WGS84/70774,0101000000BCCCECFD2A2A5AC058AFEC66AC394940,CLOSR:BSCLS:C207021,BS CLOSURE,IPL,,LACC_ATRENCH_C,REGNSK,,REGNSK01,SASKTEL,,,100049,,,,,,KATRR1,2021-01-10T23:30:27
Structure1_WGS84/70817,0101000000F8F7AE7B8A1B5BC0482C5AD475D74840,CLOSR:BSCLS:C527493,BS CLOSURE,ABD,,LACC_APLOWED_F,SHNVSK,,SHNVSK01,SASKTEL,,,100049,,,,,,GANDN1,2018-04-09T00:04:21
Structure1_WGS84/70936,0101000000B8953CD640485BC0F84542C8AAB94840,CLOSR:BSCLS:C544252,BS CLOSURE,IPL,,LACC_APLOWED_C,ESNDSK,,ESNDSK01,SASKTEL,,,100049,R1303 P1F,,,,,KATRR1,2018-04-13T13:07:48
Structure1_WGS84/70951,01010000005464718883115BC0F8D24960BA464940,CLOSR:BSCLS:C570526,BS CLOSURE,IPL,,LACC_APLOWED_F,PNNTSK,,PNNTSK01,SASKTEL,,,100049,,,,,,BUTTS1,2018-04-06T03:47:56
Structure1_WGS84/71108,0101000000BCC7F127F0195AC0B8E551CEF0774940,CLOSR:BSCLS:C133865,BS CLOSURE,ABD,,LACC_APLOWED_C,STHYSK,,STHYSK01,SASKTEL,,,100049,,,,,,DUDDB1,2018-09-26T04:07:18
Structure1_WGS84/71138,0101000000981C4D14D22B5BC0B081B83B03B44840,CLOSR:BSCLS::9643723,BS CLOSURE,IPL,,LACC_APLOWED_C,ESNDSK,,ESNDSK01,SASKTEL,2017,,100049,,802735,,CHERM2,2017-08-24T15:53:42,VUDUP1,2019-02-20T12:40:39
Structure1_WGS84/71149,0101000000347D2C33FB255AC0000990FCDC3B4940,CLOSR:BSCLS:C225580,BS CLOSURE,ABD,,LACC_ATRENCH_C,REGNSK,,REGNSK04,SASKTEL,,,100049,,,,,,ROOKP2,2019-03-26T16:05:21
Structure1_WGS84/71153,01010000006CF19F57441A5AC0D0B4D362327D4940,CLOSR:BSCLS:C113738,BS CLOSURE,ABD,,LACC_APLOWED_C,STHYSK,,STHYSK01,SASKTEL,,,100049,,,,,,ESLIG1,2024-08-23T14:29:27
Structure1_WGS84/71185,010100000090972887FE395BC0488AF0E5F4604940,CLOSR:BSCLS:C504957,BS CLOSURE,IPL,,LACC_APLOWED_C,ABBYSK,,ABBYSK01,SASKTEL,,,100049,,,,,,MADDS1,2018-10-07T23:54:06
Structure1_WGS84/71192,0101000000647D76326B6B59C0E81D3CBAE1164940,CLOSR:BSCLS::13239362,BS CLOSURE,PDA,MSMN824249-0000,LACC_ATRENCH_C,MSMNSK,,MSMNSK01,SASKTEL,2024,,100049,,824249,,WIESJ3,2024-08-14T13:51:35,WIESJ3,2024-10-22T09:37:33
Structure1_WGS84/71222,0101000000D412536B1F235BC0A09D330C19224940,CLOSR:BSCLS::8446254,BS CLOSURE,IPL,,LACC_APLOWED_C,GLLKSK,,GLLKSK01,SASKTEL,2013,,100049,,,,,,NADIV1,2018-10-15T08:11:23
Structure1_WGS84/71315,0101000000BC6BF85F4C275AC0D0DE2094D62B4940,CLOSR:BSCLS:C188427,BS CLOSURE,IPL,,LACC_APLOWED_F,REGNSK,,REGNSK03,SASKTEL,,,100049,,,,,,ADELL2,2018-11-12T00:35:14
Structure1_WGS84/71329,0101000000A03AD4F123C159C0F8DA09EFE5144940,CLOSR:BSCLS:C134232,BS CLOSURE,IPL,,LACC_APLOWED_C,GLNVSK,,GLNVSK01,SASKTEL,,,100049,,,,,,THOTV1,2018-09-14T08:19:22
Structure1_WGS84/71344,01010000000CCDEB71C7235AC0909AF91F6A374940,CLOSR:BSCLS:C216339,BS CLOSURE,IPL,,LACC_APLOWED_C,REGNSK,,REGNSK45,SASKTEL,,,100049,,,,,,ROOKP2,2024-01-24T16:56:52
Structure1_WGS84/71370,0101000000802E79EDA6F859C070AF8AACFF3C4940,CLOSR:BSCLS:C162318,BS CLOSURE,IPL,,LACC_APLOWED_C,QAPLSK,,QAPLSK01,SASKTEL,,,100049,,,,,,BALLB1,2019-04-05T00:48:25
Structure1_WGS84/71398,0101000000E0A86DA793275AC030D3D910B62E4940,CLOSR:BSCLS:C194273,BS CLOSURE,ABD,,LACC_APLOWED_C,REGNSK,,REGNSK03,SASKTEL,,,100049,,,,,,PALGS1,2019-08-23T04:22:20
Structure1_WGS84/71432,0101000000FC4EA244BC7259C0E822EB01570A4940,CLOSR:BSCLS:C149019,BS CLOSURE,IPL,,LACC_APLOWED_C,MSMNSK,,MSRPSK01,SASKTEL,,,100049,,,,,,CHENR1,2022-02-28T10:38:01
Structure1_WGS84/71448,010100000088E96A746C275AC0E0ACDB4F6F4A4940,CLOSR:BSCLS:C207620,BS CLOSURE,IPL,,LACC_APLOWED_F,REGNSK,,REGNSK04,SASKTEL,,,100049,,,,,,PALGS1,2019-09-13T03:13:06
Structure1_WGS84/71449,010100000074DDBB03851B5BC0301645637B4D4940,CLOSR:BSCLS:C506341,BS CLOSURE,IPL,,LACC_APLOWED_F,CABRSK,,CABRSK01,SASKTEL,,,100049,,,,,,GANDN1,2018-04-02T22:22:42
Structure1_WGS84/71605,01010000000C6B06C50A7159C0608D7BAC061D4940,CLOSR:BSCLS:C152869,BS CLOSURE,IPL,,LACC_APLOWED_F,MSMNSK,,MSMNSK01,SASKTEL,,,100049,,,,,,PALGS1,2019-04-12T01:04:05
Structure1_WGS84/71851,0101000000488214959D395AC018ED58DC67614940,CLOSR:BSCLS:C86607,BS CLOSURE,IPL,,LACC_APLOWED_C,RGBHSK,,RGBHSK01,SASKTEL,,,100049,,,,,,KATRR1,2019-11-29T01:38:56
Structure1_WGS84/71907,0101000000F08D224AFF9259C040C975A4512B4940,CLOSR:BSCLS:C170919,BS CLOSURE,IPL,,LACC_APLOWED_C,WHWDSK,,WHWDSK01,SASKTEL,,,100049,,,,,,PALGS1,2019-11-26T20:53:04
Structure1_WGS84/72003,0101000000409A6021DB385BC030B0BC88CF4F4940,CLOSR:BSCLS::9747771,BS CLOSURE,IPL,,LACC_ATRENCH_C,ABBYSK,,ABBYSK03,SASKTEL,2019,,100049,,803300,,KAURP3,2017-11-13T11:23:23,KAURP3,2019-09-05T10:51:31
Structure1_WGS84/72070,0101000000348C3199526B59C00050BE4053144940,CLOSR:BSCLS:C146209,BS CLOSURE,IPL,,LACC_APLOWED_C,MSMNSK,,MSMNSK01,SASKTEL,,,100049,,,,,,OUGAB1,2019-12-23T00:24:53
Structure1_WGS84/72108,01010000003CA758E919305AC0A05DA20D0F6A4940,CLOSR:BSCLS:C74308,BS CLOSURE,IPL,,LACC_APLOWED_C,ERGRSK,,ERGRSK01,SASKTEL,,,100049,,,,,,GOPIA1,2019-12-16T06:27:01
Structure1_WGS84/72185,0101000000E89C74629CCD59C0783930493D3F4940,CLOSR:BSCLS:C145487,BS CLOSURE,IPL,,LACC_APLOWED_C,WLSLSK,,WLSLSK01,SASKTEL,,,100049,,,,,,GOPIA1,2019-12-18T05:47:26
Structure1_WGS84/72215,0101000000DCC575380C7F5AC0F856B5F56AA24940,CLOSR:BSCLS:C151716,BS CLOSURE,IPL,,LACC_APLOWED_C,DVSNSK,,DVSNSK03,SASKTEL,,,100049,,,,,,DEBEK1,2020-05-08T14:27:08
Structure1_WGS84/72230,01010000007CA2698B96EF59C040935FD428384940,CLOSR:BSCLS:C167487,BS CLOSURE,IPL,,LACC_APLOWED_C,INHDSK,,INHDSK01,SASKTEL,,,100049,,,,,,KATRR1,2020-06-23T03:26:22
Structure1_WGS84/72236,0101000000E4B1D501AADD59C00090E55A7D1C4940,CLOSR:BSCLS:C154778,BS CLOSURE,IPL,,LACC_APLOWED_C,MTMRSK,,MTMRSK02,SASKTEL,,,100049,,,,,,GOPIA1,2019-11-18T23:39:36
Structure1_WGS84/72290,0101000000181EDA4B23155AC01827031C4F0D4940,CLOSR:BSCLS:C76565,BS CLOSURE,IPL,,LACC_APLOWED_C,RCTNSK,,RCTNSK01,SASKTEL,,,100049,,,,,,PONNL1,2020-01-02T02:10:05
Structure1_WGS84/72304,010100000010925D4D64285AC070448E7FEF804940,CLOSR:BSCLS:C75961,BS CLOSURE,IPL,,LACC_APLOWED_C,ERGRSK,,ERGRSK01,SASKTEL,,,100049,,,,,,PONNL1,2020-07-16T05:40:03
Structure1_WGS84/72359,0101000000F466BFE12A275AC0A031D8E914384940,CLOSR:BSCLS::6978417,BS CLOSURE,IPL,,LACC_ATRENCH_C,REGNSK,,REGNSK01,SASKTEL,,,100049,,0,,,,KLETR1,2020-10-13T12:26:34
Structure1_WGS84/72412,0101000000B405A42D492E5AC0F877E536BE5D4940,CLOSR:BSCLS:C111140,BS CLOSURE,IPL,,LACC_APLOWED_C,LMSDSK,,CRVNSK04,SASKTEL,,,100049,R125 P7-1,,,,,CHENR1,2021-12-27T05:54:43
Structure1_WGS84/72413,0101000000649039D199C659C040200EB4F01C4940,CLOSR:BSCLS:C128485,BS CLOSURE,IPL,,LACC_APLOWED_C,GLNVSK,,GLNVSK01,SASKTEL,,,100049,,,,,,CHENR1,2020-02-25T12:26:35
Structure1_WGS84/72484,0101000000A8BC2E0DAD375AC078506D03C6364940,CLOSR:BSCLS:C209517,BS CLOSURE,IPL,,LACC_APLOWED_F,REGNSK,,GDCLSK03,SASKTEL,,,100049,,,,,,CHENR1,2022-02-02T06:17:51
Structure1_WGS84/72514,01010000002CC5A1F324235AC028FE2A5814394940,CLOSR:BSCLS:C160262,BS CLOSURE,ABD,,LACC_ATRENCH_C,REGNSK,,REGNSK46,SASKTEL,,,100049,,,,,,CHENR1,2022-03-26T02:05:13
Structure1_WGS84/72522,0101000000C0748AF0D7055AC018857A20D0414940,CLOSR:BSCLS:C174466,BS CLOSURE,IPL,,LACC_APLOWED_F,QAPLSK,,MCLNSK03,SASKTEL,,,100049,,,,,,CHENR1,2022-02-17T06:56:30
Structure1_WGS84/72549,0101000000F4167BD424025BC0F82BC28CEA234940,CLOSR:BSCLS:C571265,BS CLOSURE,IPL,,LACC_APLOWED_C,SWCRSK,,SWCRSK22,SASKTEL,,,100049,,,,,,CHENR1,2022-01-27T04:18:57
Structure1_WGS84/72591,0101000000CC9226FC77DB5AC0002A472E233C4940,CLOSR:BSCLS:C527691,BS CLOSURE,IPL,,LACC_APLOWED_C,SWCRSK,,WLDCSK02,SASKTEL,,,100049,,,,,,CHENR1,2022-01-27T05:35:46
Structure1_WGS84/72616,0101000000E0EF5E8871465BC02049194389CB4840,CLOSR:BSCLS:C528544,BS CLOSURE,IPL,,LACC_APLOWED_C,ESNDSK,,RVNSSK01,SASKTEL,,,100049,,,,,,CHENR1,2022-02-01T01:34:11
Structure1_WGS84/72630,0101000000A894C96902FA5AC0288942F1C1474940,CLOSR:BSCLS:C539821,BS CLOSURE,IPL,,LACC_APLOWED_F,SWCRSK,,STVYSK02,SASKTEL,,0j,100049,,,,,,CHENR1,2022-01-27T05:18:25
Structure1_WGS84/72660,010100000044E117EA921E5AC0589728EFE15F4940,LOSR:BSCLS::10029342,BS CLOSURE,IPL,,LACC_APLOWED_C,REGNSK,,PPIRSK01,SASKTEL,2018,,100049,,804917,,ESLIG1,2018-06-29T14:38:31,KINGK1,2022-12-08T11:23:11
Structure1_WGS84/72677,0101000000BC29E146E09759C0687E4C105A3A4940,CLOSR:BSCLS:C175189,BS CLOSURE,IPL,,LACC_APLOWED_C,BRVWSK,,OCIRSK01,SASKTEL,,,100049,,,,,,CHENR1,2022-03-16T07:49:45
Structure1_WGS84/72708,0101000000F462236E80785BC008D27F88ED664940,CLOSR:BSCLS:C507779,BS CLOSURE,IPL,,LACC_APLOWED_C,LEDRSK,,MNHMSK01,SASKTEL,,,100049,,,,,,CHENR1,2022-02-22T03:48:44
Structure1_WGS84/72715,010100000014EF697CF6755AC050B69C46B8934940,CLOSR:BSCLS:C95244,BS CLOSURE,IPL,,LACC_APLOWED_C,DVSNSK,,GRVNSK01,SASKTEL,,,100049,,,,,,CHENR1,2022-02-04T05:38:49
Structure1_WGS84/72721,010100000044984E5D6C295BC0D8D0802634F74840,CLOSR:BSCLS:C517925,BS CLOSURE,ABD,,LACC_APLOWED_C,GLLKSK,,GLLKSK04,SASKTEL,,,100049,,,,,,CHENR1,2022-02-03T05:02:18
Structure1_WGS84/72726,0101000000781E83E56D1E5BC0E0B5FE4281004940,CLOSR:BSCLS:C526778,BS CLOSURE,ABD,,LACC_APLOWED_F,GLLKSK,,GLLKSK04,SASKTEL,,25m cl,100049,,,,,,CHENR1,2022-02-03T05:02:23
Structure1_WGS84/72746,010100000058DCE747EFE659C0C8D7F4C6671C4940,CLOSR:BSCLS:C167329,BS CLOSURE,IPL,,LACC_APLOWED_C,MTMRSK,,KENDSK01,SASKTEL,,,100049,,,,,,CHENR1,2022-03-09T08:52:16
Structure1_WGS84/72764,0101000000B43F6B0C47CF5AC068AB6145E1544940,CLOSR:BSCLS:C511603,BS CLOSURE,IPL,,LACC_APLOWED_C,HRBRSK,,GLTWSK01,SASKTEL,,,100049,,,,,,CHENR1,2022-02-03T07:03:25
Structure1_WGS84/72778,0101000000749C4C2320155AC0005C00EF243A4940,CLOSR:BSCLS:C186732,BS CLOSURE,IPL,,LACC_APLOWED_F,REGNSK,,WHCYSK01,SASKTEL,,,100049,,,,,,CHENR1,2022-04-27T06:54:34
Structure1_WGS84/72785,0101000000203732AB11285AC0D8ED30B668544940,CLOSR:BSCLS:C217522,BS CLOSURE,IPL,,LACC_APLOWED_C,REGNSK,,KNNLSK01,SASKTEL,,,100049,,,,,,CHENR1,2022-03-10T03:03:55
Structure1_WGS84/72804,01010000000C1DB1FF62175AC030B1C17B343B4940,CLOSR:BSCLS:C165341,BS CLOSURE,IPL,,LACC_APLOWED_F,REGNSK,,WHCYSK01,SASKTEL,,13MPL,100049,,,,,,CHENR1,2022-04-27T06:56:50
Structure1_WGS84/72842,0101000000684B2C0F439F59C090F4C5F26F3A4940,CLOSR:BSCLS:C120211,BS CLOSURE,IPL,,LACC_APLOWED_C,BRVWSK,,KIRVSK01,SASKTEL,,,100049,,,,,,CHENR1,2022-03-09T09:07:04
Structure1_WGS84/72868,0101000000200CA6DBDE7C59C008F645007FFC4840,CLOSR:BSCLS:C166901,BS CLOSURE,IPL,,LACC_APLOWED_C,WAWTSK,,KELSSK01,SASKTEL,,,100049,,,,,,CHENR1,2022-03-09T08:48:16
Structure1_WGS84/73046,0101000000D0579720D1295AC0606738429F324940,CLOSR:BSCLS::6621594,BS CLOSURE,IPL,,LACC_APLOWED_C,,,REGNSK03,SASKTEL,,,100049,,,,,,THUND1,2022-06-15T06:43:04
Structure1_WGS84/73061,0101000000ACC0AC2A5D0E5AC018F1C3CCF4BA4940,CLOSR:BSCLS:C155969,BS CLOSURE,IPL,,LACC_APLOWED_C,PNCHSK,,PMIRSK01,SASKTEL,,,100049,,,,,,CHENR1,2022-03-18T04:28:08
Structure1_WGS84/73064,0101000000AC0FE31C121B5AC0E0E987AB1F494940,CLOSR:BSCLS::6801435,BS CLOSURE,IPL,,LACC_APLOWED_C,REGNSK,,PLBTSK01,SASKTEL,,,100049,,,,,,CHENR1,2022-03-18T04:02:37
Structure1_WGS84/73076,0101000000144449ED2A1D5AC0C0263907DF5C4940,CLOSR:BSCLS:C205887,BS CLOSURE,IPL,,LACC_APLOWED_C,REGNSK,,PPIRSK01,SASKTEL,,,100049,,,,,,CHENR1,2022-03-18T04:48:18
Structure1_WGS84/73077,0101000000A48507D7E01C5AC028223AA69C634940,CLOSR:BSCLS:C209052,BS CLOSURE,IPL,,LACC_APLOWED_C,REGNSK,,PPIRSK01,SASKTEL,,,100049,,,,,,CHENR1,2022-03-18T04:48:17
Structure1_WGS84/73257,01010000000CC4B299E3355AC060A01A859D684940,CLOSR:BSCLS:C80335,BS CLOSURE,IPL,,LACC_APLOWED_F,LMSDSK,,SABHSK01,SASKTEL,,,100049,,,,,,CHENR1,2022-03-30T03:59:41
Structure1_WGS84/73267,01010000008013970464F859C0208AB85CA4694940,CLOSR:BSCLS:C137189,BS CLOSURE,ABD,,LACC_APLOWED_C,FTQPSK,,SBIRSK01,SASKTEL,,,100049,,,,,,CHENR1,2022-03-30T07:10:33
Structure1_WGS84/73329,0101000000F4F4505C27225AC0D8026FD9853A4940,CLOSR:BSCLS:C154113,BS CLOSURE,IPL,,LACC_APLOWED_C,REGNSK,,REGNSK46,SASKTEL,,no in ap martenes,100049,,,,,,CHENR1,2022-03-26T02:06:56
Structure1_WGS84/73349,0101000000089AEF10A1235AC0B0DC4C9E95394940,CLOSR:BSCLS:C160162,BS CLOSURE,IPL,,LACC_APLOWED_C,REGNSK,,REGNSK46,SASKTEL,,,100049,,,,,,CHENR1,2022-03-26T02:05:09
Structure1_WGS84/73511,0101000000B88B6537C91E5AC020A62DE3E32D4940,CLOSR:BSCLS:C203597,BS CLOSURE,IPL,,LACC_APLOWED_C,REGNSK,,REGNSK45,SASKTEL,,,100049,,,,,,CHENR1,2022-04-08T07:35:55
Structure1_WGS84/73551,01010000003CB26DDCB8235AC0D0432E249F384940,CLOSR:BSCLS:C154854,BS CLOSURE,IPL,,LACC_ATRENCH_C,REGNSK,,REGNSK45,SASKTEL,,,100049,,,,,,CHENR1,2022-04-08T07:34:40
Structure1_WGS84/73564,0101000000841DF6DD35205AC0088555EA89344940,CLOSR:BSCLS:C183960,BS CLOSURE,IPL,,LACC_APLOWED_C,REGNSK,,REGNSK45,SASKTEL,,,100049,,,,,,CHENR1,2022-04-08T07:36:02
Structure1_WGS84/73634,0101000000E43002A4223A5BC078CD8F5258674940,CLOSR:BSCLS:C535933,BS CLOSURE,IPL,,LACC_APLOWED_F,ABBYSK,,PTRVSK01,SASKTEL,,,100049,,,,,,CHENR1,2022-04-08T02:48:25
Structure1_WGS84/73686,0101000000946F6B7553225AC04099FB28C6364940,CLOSR:BSCLS:C227779,BS CLOSURE,IPL,,LACC_APLOWED_C,REGNSK,,REGNSK45,SASKTEL,,,100049,,,,,,CHENR1,2022-04-08T07:37:15
Structure1_WGS84/73756,0101000000308926C279225AC0E007CE2383364940,CLOSR:BSCLS:C220884,BS CLOSURE,IPL,,LACC_APLOWED_C,REGNSK,,REGNSK45,SASKTEL,,,100049,,,,,,CHENR1,2022-04-08T07:33:18
Structure1_WGS84/73780,0101000000A8ECA73E31B259C0F8DCA43756494940,CLOSR:BSCLS:C134341,BS CLOSURE,IPL,,LACC_APLOWED_C,GRNFSK,,SYIRSK01,SASKTEL,,,100049,,,,,,CHENR1,2022-04-18T03:11:38
Structure1_WGS84/74514,01010000000475DDD05EDA59C0C0F12529B05E4940,CLOSR:BSCLS:C160282,BS CLOSURE,IPL,,LACC_APLOWED_C,ABRNSK,,ABRNSK01,SASKTEL,,,100049,,,,,,IHMED1,2016-11-24T14:41:19
Structure1_WGS84/74577,01010000007848CB5DB8325BC080F7B850E8084940,CLOSR:BSCLS:C529119,BS CLOSURE,IPL,,LACC_APLOWED_C,TPKNSK,,TPKNSK01,SASKTEL,,,100049,,,,,,IHMED1,2016-11-14T08:45:34
Structure1_WGS84/74584,010100000070AE24230E3E5AC0D850715623654940,CLOSR:BSCLS:C86702,BS CLOSURE,IPL,,LACC_ATRENCH_C,RGBHSK,,RGBHSK01,SASKTEL,,,100049,,,,,,IHMED1,2016-11-22T13:49:11
Structure1_WGS84/74594,010100000028D2163AA35C5AC038D16C9314AC4940,CLOSR:BSCLS:C141048,BS CLOSURE,IPL,,LACC_APLOWED_C,IMPRSK,,IMPRSK02,SASKTEL,,,100049,,,,,,IHMED1,2016-11-22T15:49:27
Structure1_WGS84/74613,01010000008439768D2C7959C02865AB68FF1E4940,CLOSR:BSCLS:C119191,BS CLOSURE,ABD,,LACC_APLOWED_C,WPLLSK,,WPLLSK01,SASKTEL,,,100049,,,,,,IHMED1,2016-11-17T14:38:03
Structure1_WGS84/74620,0101000000A4BFF73490AC59C008521CB9CEF74840,CLOSR:BSCLS:C148270,BS CLOSURE,IPL,,LACC_APLOWED_C,KPNGSK,,KPNGSK01,SASKTEL,,,100049,,,,,,IHMED1,2016-11-18T11:19:20
Structure1_WGS84/74623,010100000024F38093DC6859C0E0BB5A7CF7304940,CLOSR:BSCLS:C148504,BS CLOSURE,IPL,,LACC_APLOWED_C,RCVLSK,,RCVLSK01,SASKTEL,,,100049,,,,,,IHMED1,2016-11-17T09:55:38
Structure1_WGS84/74628,010100000060139E729A1B5BC0D05A8C7F34DB4840,CLOSR:BSCLS:C527388,BS CLOSURE,ABD,,LACC_APLOWED_F,SHNVSK,,SHNVSK01,SASKTEL,,,100049,,,,,,IHMED1,2016-11-14T11:21:59
Structure1_WGS84/74668,0101000000705CB66B7C2B5AC0E07563D2433A4940,CLOSR:BSCLS:C218804,BS CLOSURE,IPL,,LACC_ATRENCH_C,REGNSK,,REGNSK04,SASKTEL,,,100049,,,,,,,
Structure1_WGS84/74675,0101000000048CAA36EA2A5AC0208C93C0BB404940,CLOSR:BSCLS:C252620,BS CLOSURE,IPL,,LACC_ATRENCH_C,REGNSK,,REGNSK04,SASKTEL,,,100049,,,,,,,
Structure1_WGS84/74682,0101000000CC169E04472B5AC0B8F359454F404940,CLOSR:BSCLS:C233485,BS CLOSURE,ABD,,LACC_ATRENCH_C,REGNSK,,REGNSK04,SASKTEL,,,100049,,,,,,,
Structure1_WGS84/74731,01010000003471453E5CC559C0889D217072354940,CLOSR:BSCLS:C131349,BS CLOSURE,IPL,,LACC_APLOWED_C,GRNFSK,,GRNFSK01,SASKTEL,,,100049,,,,,,IHMED1,2016-11-18T13:02:35
Structure1_WGS84/74854,01010000008C489A93C5E759C090FBD9D961454940,CLOSR:BSCLS:C129152,BS CLOSURE,IPL,,LACC_APLOWED_F,INHDSK,,INHDSK01,SASKTEL,,,100049,,,,,,IHMED1,2016-11-24T13:36:06
Structure1_WGS84/74887,0101000000005A5557873F5AC02010A69D249B4940,CLOSR:BSCLS:C151128,BS CLOSURE,ABD,,LACC_APLOWED_F,GOVNSK,,GOVNSK01,SASKTEL,,,100049,,,,,,IHMED1,2016-11-23T09:31:18
Structure1_WGS84/74904,010100000018FF181C60245AC098E6165AE0384940,CLOSR:BSCLS:C178732,BS CLOSURE,IPL,,LACC_ATRENCH_C,REGNSK,,REGNSK01,SASKTEL,,,100049,,,,,,,
Structure1_WGS84/75031,010100000048FC6B289E275AC0B834AE87084B4940,CLOSR:BSCLS:C204876,BS CLOSURE,IPL,,LACC_APLOWED_C,REGNSK,,REGNSK04,SASKTEL,,,100049,,,,,,,
Structure1_WGS84/75153,0101000000544D0A05A2F55AC0A8C96ECE57244940,CLOSR:BSCLS:C541786,BS CLOSURE,IPL,,LACC_ATRENCH_C,SWCRSK,,SWCRSK02,SASKTEL,,,100049,,,,,,,
Structure1_WGS84/75169,0101000000E88EBDC560275AC0B098C20427394940,CLOSR:BSCLS:C174985,BS CLOSURE,IPL,,LACC_ATRENCH_C,REGNSK,,REGNSK01,SASKTEL,,,100049,,,,,,,
Structure1_WGS84/75219,010100000040F3E577CDEE5AC0E8A8A608D6FA4840,CLOSR:BSCLS:C510115,BS CLOSURE,IPL,,LACC_APLOWED_C,NEVLSK,,NEVLSK01,SASKTEL,,,100049,,,,,,IHMED1,2016-11-14T09:44:17
Structure1_WGS84/75241,010100000058EBC07686285AC0B8A2546221354940,CLOSR:BSCLS:C301026,BS CLOSURE,IPL,,LACC_ATRENCH_C,REGNSK,,REGNSK03,SASKTEL,2012,,100049,,963139,,,,,
Structure1_WGS84/75293,0101000000808F54EE84275BC0705992645F454940,CLOSR:BSCLS:C505371,BS CLOSURE,IPL,,LACC_APLOWED_C,CABRSK,,CABRSK01,SASKTEL,,,100049,,,,,,,
Structure1_WGS84/75314,01010000004CDC3BB4193A5AC070DC34B31F4F4940,CLOSR:BSCLS:C79031,BS CLOSURE,IPL,,LACC_APLOWED_C,LMSDSK,,LMSDSK01,SASKTEL,,,100049,,,,,,IHMED1,2016-11-22T12:05:07
Structure1_WGS84/75319,010100000044652AC7BBD959C080D0F22A95624940,CLOSR:BSCLS::8765325,BS CLOSURE,IPL,,LACC_APLOWED_C,ABRNSK,,ABRNSK01,SASKTEL,2015,,100049,,,,,,IHMED1,2016-11-24T14:41:19
Structure1_WGS84/75336,010100000074AEABA6E48459C0A85E7C137B324940,CLOSR:BSCLS:C171005,BS CLOSURE,IPL,,LACC_APLOWED_C,WHWDSK,,WHWDSK01,SASKTEL,,,100049,,,,,,IHMED1,2016-11-18T09:31:58
Structure1_WGS84/75354,01010000009C2C1FC3EF6359C080379A4CEA0E4940,CLOSR:BSCLS:C150243,BS CLOSURE,IPL,,LACC_APLOWED_F,MSMNSK,,MSMNSK01,SASKTEL,,,100049,,,,,,IHMED1,2016-11-17T09:22:36
Structure1_WGS84/75368,0101000000B4D754A6B0845AC030F45094F1934940,CLOSR:BSCLS:C85262,BS CLOSURE,IPL,,LACC_APLOWED_C,DVSNSK,,DVSNSK03,SASKTEL,,,100049,,,,,,IHMED1,2016-11-22T15:33:40
Structure1_WGS84/75387,0101000000402D549E63305AC02022BB934E3A4940,CLOSR:BSCLS:C208931,BS CLOSURE,IPL,,LACC_APLOWED_C,REGNSK,,REGNSK01,SASKTEL,,,100049,,,,,,,
Structure1_WGS84/75392,010100000070DEB339E42D5BC0B8685948975B4940,CLOSR:BSCLS:C571079,BS CLOSURE,IPL,,LACC_APLOWED_F,ABBYSK,,ABBYSK01,SASKTEL,,,100049,,,,,,,
Structure1_WGS84/75482,0101000000709A81A1F9485BC010B2B8AE81FE4840,CLOSR:BSCLS:C523409,BS CLOSURE,IPL,,LACC_APLOWED_C,PIPTSK,,PIPTSK01,SASKTEL,,,100049,,,,,,IHMED1,2016-11-14T08:34:20
Structure1_WGS84/75501,0101000000540145CCCF3B5BC028D300FC58064940,CLOSR:BSCLS:C527235,BS CLOSURE,IPL,,LACC_APLOWED_C,TPKNSK,,TPKNSK01,SASKTEL,,,100049,,,,,,IHMED1,2016-11-14T08:45:40
Structure1_WGS84/75511,0101000000D82E86D52C375BC0F854FCE903584940,CLOSR:BSCLS:C507664,BS CLOSURE,IPL,,LACC_APLOWED_C,ABBYSK,,ABBYSK01,SASKTEL,,,100049,,,,,,,
Structure1_WGS84/75524,01010000008001D09D8A275AC090A78EBD6D424940,CLOSR:BSCLS::8457456,BS CLOSURE,IPL,,LACC_APLOWED_C,REGNSK,,REGNSK04,SASKTEL,2015,,100049,,980475,,,,,
Structure1_WGS84/75536,0101000000B47DA8972C5C5BC008BD40AE6CF34840,CLOSR:BSCLS:C573408,BS CLOSURE,IPL,,LACC_APLOWED_C,MPCKSK,,MPCKSK01,SASKTEL,,,100049,,,,,,,
Structure1_WGS84/75575,01010000003C13FF4F7C135AC068B6D6AA2C144940,CLOSR:BSCLS:C76442,BS CLOSURE,IPL,,LACC_APLOWED_C,RCTNSK,,RCTNSK01,SASKTEL,,,100049,,,,,,IHMED1,2016-11-22T09:11:16
Structure1_WGS84/75580,0101000000FC0F821E82345BC0984F22D1EA394940,CLOSR:BSCLS::7477626,BS CLOSURE,ABD,,LACC_APLOWED_C,HZLTSK,,HZLTSK01,SASKTEL,,,100049,,0,,,,,
Structure1_WGS84/75595,0101000000B8ACEC2F99005AC020A59C4612184940,CLOSR:BSCLS:C71720,BS CLOSURE,IPL,,LACC_APLOWED_C,SDLYSK,,SDLYSK02,SASKTEL,,,100049,,,,,,IHMED1,2016-11-22T08:58:52
Structure1_WGS84/75596,0101000000149D460963025BC0985D876FC3694940,CLOSR:BSCLS:C360423,BS CLOSURE,IPL,,LACC_APLOWED_C,KYLESK,,KYLESK01,SASKTEL,,,100049,,,,,,,
Structure1_WGS84/75656,010100000058638CEC436A59C04037ABE0A5124940,CLOSR:BSCLS:C142860,BS CLOSURE,IPL,,LACC_APLOWED_C,MSMNSK,,MSMNSK01,SASKTEL,,,100049,,,,,,IHMED1,2016-11-17T09:22:56
Structure1_WGS84/75661,01010000001CD90635361C5AC0B0B77E7BD0C74940,CLOSR:BSCLS::8794428,BS CLOSURE,IPL,,LACC_APLOWED_C,RYMRSK,,RYMRSK01,SASKTEL,2015,,100049,,982749,,,,IHMED1,2016-11-23T11:05:56
Structure1_WGS84/75706,0101000000646040D643295AC0D0938BCE45104940,CLOSR:BSCLS::13194187,BS CLOSURE,IPL,,LACC_APLOWED_C,WLCXSK,,WLCXSK01,SASKTEL,2024,,100049,,822729,,MANGM1,2024-05-16T10:53:37,BINGA1,2025-01-31T02:24:24
Structure1_WGS84/76002,0101000000DC10A51B53375BC020A278D298084940,CLOSR:BSCLS:C532166,BS CLOSURE,IPL,,LACC_APLOWED_F,TPKNSK,,TPKNSK01,SASKTEL,,,100049,,,,,,GANDN1,2018-04-17T03:29:13
Structure1_WGS84/76053,0101000000B4225507E54A5BC0C830796676B74840,CLOSR:BSCLS:C506105,BS CLOSURE,IPL,,LACC_APLOWED_F,CNSLSK,,CNSLSK03,SASKTEL,,,100049,R1303 P1G,,,,,BUTTS1,2018-03-27T23:40:40
Structure1_WGS84/76069,010100000050931F72CC345AC038E30A7B5C594940,CLOSR:BSCLS:C126503,BS CLOSURE,ABD,,LACC_APLOWED_F,LMSDSK,,CRVNSK04,SASKTEL,,,100049,,,,,,THUND1,2023-11-09T07:15:58
Structure1_WGS84/76256,0101000000F4F5E3F923F85AC0E099196804AF4840,CLOSR:BSCLS:C502877,BS CLOSURE,IPL,,LACC_APLOWED_C,VLMRSK,,VLMRSK01,SASKTEL,,,100049,,,,,,PALGS1,2018-10-10T20:56:59
Structure1_WGS84/76258,01010000007CD6139581225AC0A0D21C214F8C4940,CLOSR:BSCLS::9922768,BS CLOSURE,IPL,,LACC_APLOWED_C,STHYSK,,STHYSK01,SASKTEL,2017,,100049,,801705,,ESLIG1,2018-04-25T13:28:25,ESLIG1,2018-04-25T14:30:27
Structure1_WGS84/76291,01010000005C79513ABFFD5AC0E014B35162544940,CLOSR:BSCLS::11968844,BS CLOSURE,IPL,,LACC_ATRENCH_C,KYLESK,,SKLDSK01,SASKTEL,2021,,100049,,813099,,HUNTG1,2022-03-14T13:42:10,THUND1,2024-01-25T01:36:16
Structure1_WGS84/76389,010100000078CF43CB0C7F5AC0480446782AA24940,CLOSR:BSCLS:C102150,BS CLOSURE,IPL,,LACC_APLOWED_C,DVSNSK,,DVSNSK03,SASKTEL,,,100049,,,,,,DUNLM1,2020-05-05T11:27:56
Structure1_WGS84/76409,0101000000AC651E38E8BF5AC078F07D580C534940,LOSR:BSCLS::10128548,BS CLOSURE,IPL,,LACC_APLOWED_C,MORSSK,,GLKRSK01,SASKTEL,2018,,100049,,800016,,KAURP3,2018-09-13T14:53:36,KAURP3,2018-09-13T15:17:07
Structure1_WGS84/76441,0101000000D4FBDCBCF0415BC040588B91DDFA4840,CLOSR:BSCLS:C522020,BS CLOSURE,IPL,,LACC_APLOWED_C,PIPTSK,,PIPTSK01,SASKTEL,,,100049,,,,,,CHENR1,2018-10-10T07:39:03
Structure1_WGS84/76456,010100000014202ABDB12C5AC0E884F5BEB2324940,CLOSR:BSCLS::12678929,BS CLOSURE,IPL,,LACC_APLOWED_F,REGNSK,,REGNSK03,SASKTEL,,,100049,,,,PITTM1,2023-03-14T23:15:29,THUND1,2024-03-10T20:59:25
Structure1_WGS84/76471,0101000000845500AF96235AC0A844C69BE3384940,CLOSR:BSCLS:C156502,BS CLOSURE,IPL,,LACC_APLOWED_C,REGNSK,,REGNSK45,SASKTEL,,NO AP IN MARTENS,100049,,,,,,ROOKP2,2024-07-12T07:52:27
Structure1_WGS84/76619,0101000000AC849A930A2C5AC0189D58EC1E314940,CLOSR:BSCLS:C177018,BS CLOSURE,IPL,,LACC_APLOWED_C,REGNSK,,REGNSK03,SASKTEL,,,100049,,,,,,PALGS1,2019-05-01T22:48:09
Structure1_WGS84/76723,010100000090ABA7429B535BC040409BE252F44840,CLOSR:BSCLS:C519462,BS CLOSURE,IPL,,LACC_APLOWED_C,MPCKSK,,MPCKSK01,SASKTEL,,,100049,,,,,,KATRR1,2019-03-19T12:32:22
Structure1_WGS84/76749,010100000094EF744223D459C0E80631A7B6374940,CLOSR:BSCLS:C147563,BS CLOSURE,IPL,,LACC_APLOWED_F,WLSLSK,,WLSLSK01,SASKTEL,,GP Q-21,100049,,,,,,KAURP3,2019-09-17T12:15:06
Structure1_WGS84/76907,0101000000F8C10DB998285AC058D83AA86C3E4940,CLOSR:BSCLS:C226396,BS CLOSURE,IPL,,LACC_ATRENCH_C,REGNSK,,REGNSK04,SASKTEL,,,100049,,,,,,PAUMT1,2021-06-28T18:28:08
Structure1_WGS84/76913,0101000000DCCD71736C305BC05855EEC641494940,CLOSR:BSCLS:C504837,BS CLOSURE,ABD,,LACC_APLOWED_C,ABBYSK,,ABBYSK03,SASKTEL,,,100049,,,,,,CHENR1,2021-11-29T08:18:48
Structure1_WGS84/76922,010100000098A6F5D55A7A59C02068774871224940,CLOSR:BSCLS:C168992,BS CLOSURE,IPL,,LACC_APLOWED_C,WPLLSK,,WPLLSK01,SASKTEL,,,100049,,,,,,PALGS1,2019-04-12T00:49:46
Structure1_WGS84/76936,010100000064A158FF4B245AC0A8D038286F3C4940,CLOSR:BSCLS:C226028,BS CLOSURE,IPL,,LACC_ATRENCH_C,REGNSK,,REGNSK12,SASKTEL,,,100049,,,,,,CHENR1,2021-11-23T01:18:43
Structure1_WGS84/76939,0101000000E8981E0D3A3F5AC00858213BA84F4940,CLOSR:BSCLS:C98439,BS CLOSURE,IPL,,LACC_APLOWED_C,LMSDSK,,LMSDSK01,SASKTEL,,,100049,,,,,,PALGS1,2019-06-04T01:34:00
Structure1_WGS84/76983,0101000000AC445724510C5AC08058399873454940,CLOSR:BSCLS:C101823,BS CLOSURE,IPL,,LACC_APLOWED_C,BLGNSK,,BLGNSK01,SASKTEL,,,100049,,,,,,PONNL1,2019-12-08T22:31:04
Structure1_WGS84/77041,0101000000185FFF9E2D385AC0A061DE0E4D534940,CLOSR:BSCLS:C152871,BS CLOSURE,IPL,,LACC_ATRENCH_C,LMSDSK,,LMSDSK01,SASKTEL,2012,,100049,,962025,,,,VUDUP1,2019-12-02T01:21:04
Structure1_WGS84/77111,0101000000ACB567FEA73F5AC00851F8B8EB994940,CLOSR:BSCLS:C107067,BS CLOSURE,IPL,,LACC_APLOWED_C,STBGSK,,STBGSK01,SASKTEL,,,100049,,,,,,PONNL1,2019-12-22T22:14:35
Structure1_WGS84/77232,0101000000100191C2F8175BC07895DC3894D54840,LOSR:BSCLS::10495277,BS CLOSURE,IPL,,LACC_APLOWED_C,SHNVSK,,SHNVSK01,SASKTEL,2019,,100049,,805947,,KAURR2,2019-06-13T15:34:40,KAURR2,2019-08-19T12:52:44
Structure1_WGS84/77293,0101000000A814F9FD542D5AC0B003A5DDF2054940,CLOSR:BSCLS:C81626,BS CLOSURE,IPL,,LACC_APLOWED_C,WLCXSK,,WLCXSK01,SASKTEL,,,100049,,,,,,MACHS1,2019-12-30T01:05:16
Structure1_WGS84/77413,0101000000B8E9FCFF0B6159C0A830A1E2F5144940,CLOSR:BSCLS:C143721,BS CLOSURE,IPL,,LACC_APLOWED_C,MSMNSK,,MSMNSK01,SASKTEL,,,100049,,,,,,OUGAB1,2019-12-18T03:44:14
Structure1_WGS84/77468,01010000002C38CF4D25245AC040E66C9C35684940,CLOSR:BSCLS:C161043,BS CLOSURE,IPL,,LACC_APLOWED_C,STHYSK,,STHYSK01,SASKTEL,,,100049,,,,,,PONNL1,2019-12-17T00:55:15
Structure1_WGS84/77507,010100000008A4EA75907A59C0D0452BE0E61E4940,CLOSR:BSCLS:C169075,BS CLOSURE,IPL,,LACC_APLOWED_C,WPLLSK,,WPLLSK01,SASKTEL,,,100049,,,,,,PALGS1,2019-12-23T21:43:53
Structure1_WGS84/77514,0101000000543082AA17F859C0F0F20FF01E5C4940,CLOSR:BSCLS:C164831,BS CLOSURE,IPL,,LACC_APLOWED_C,FTQPSK,,FTQPSK01,SASKTEL,,,100049,,,,,,OUGAB1,2020-01-05T20:29:26
Structure1_WGS84/77528,01010000001C279E1610DA59C0984F72CE22664940,CLOSR:BSCLS::9901324,BS CLOSURE,IPL,,LACC_APLOWED_C,ABRNSK,,ABRNSK01,SASKTEL,2018,,100049,,804256,,KAURP3,2018-04-10T09:34:32,AYYAN1,2019-12-06T03:37:53
Structure1_WGS84/77529,0101000000C43EF4E9C0485AC02807AD062F634940,LOSR:BSCLS::10810794,BS CLOSURE,IPL,,LACC_ATRENCH_C,BTHNSK,,BTHNSK02,SASKTEL,2020,,100049,,,,KLETR1,2020-03-09T15:52:58,KLETR1,2020-03-09T15:54:20
Structure1_WGS84/77610,0101000000A0D5211BAEDB59C0B018B67F08354940,LOSR:BSCLS::10318922,BS CLOSURE,IPL,,LACC_APLOWED_C,SNTLSK,,SNTLSK01,SASKTEL,2018,,100049,,802529,,MEYEB2,2019-01-30T14:43:03,GOPIA1,2019-12-24T07:40:53
Structure1_WGS84/77735,0101000000543BEB9C24D759C0F0767CCF16794940,LOSR:BSCLS::10755418,BS CLOSURE,IPL,,LACC_APLOWED_F,BLCRSK,,PSIRSK01,SASKTEL,2019,,100049,,,, MEYEB2,2020-01-08T10:48:04, MEYEB2,2020-01-08T13:46:43
Structure1_WGS84/77750,0101000000A460B6323BDD59C09000C01492304940,CLOSR:BSCLS:C129123,BS CLOSURE,IPL,,LACC_APLOWED_F,SNTLSK,,ASRSSK01,SASKTEL,,,100049,,,,,,CHENR1,2021-12-01T03:50:52
Structure1_WGS84/77768,0101000000D40D2A5D59335AC0289C79E623654940,CLOSR:BSCLS:C77569,BS CLOSURE,IPL,,LACC_APLOWED_C,LMSDSK,,CRVNSK04,SASKTEL,,,100049,,,,,,CHENR1,2021-12-27T05:54:50
Structure1_WGS84/77803,0101000000AC06CF542D315AC0B066541B875B4940,CLOSR:BSCLS:C86890,BS CLOSURE,IPL,,LACC_APLOWED_C,LMSDSK,,CRVNSK04,SASKTEL,,,100049,,,,,,CHENR1,2021-12-27T05:54:43
Structure1_WGS84/77837,01010000009CCAF44172465BC0D8EF671DBACA4840,CLOSR:BSCLS:C528541,BS CLOSURE,IPL,,LACC_APLOWED_C,ESNDSK,,RVNSSK01,SASKTEL,,,100049,,,,,,CHENR1,2022-02-01T01:34:14
Structure1_WGS84/77840,010100000044C00247EB265AC000EC39DC133E4940,CLOSR:BSCLS:C203186,BS CLOSURE,IPL,,LACC_APLOWED_C,REGNSK,,REGNSK04,SASKTEL,,,100049,,,,,,WIESJ3,2020-02-26T14:32:00
Structure1_WGS84/77843,010100000064C3CA03D9345AC018A7000924374940,CLOSR:BSCLS:C209279,BS CLOSURE,ABD,,LACC_APLOWED_C,REGNSK,,GDCLSK03,SASKTEL,,,100049,,,,,,CHENR1,2022-02-02T06:17:49
Structure1_WGS84/77849,0101000000C43CD4B1E82E5AC0B0CCC40F76454940,CLOSR:BSCLS:D6787068,BS CLOSURE,ABD,,LACC_APLOWED_F,REGNSK,,CONDSK03,SASKTEL,,,100049,,,,,,CHENR1,2021-12-25T07:45:25
Structure1_WGS84/77853,0101000000CCC3FC21852B5AC0C0ED42739D454940,CLOSR:BSCLS:C214295,BS CLOSURE,IPL,,LACC_APLOWED_C,REGNSK,,CONDSK03,SASKTEL,,,100049,,,,,,CHENR1,2021-12-25T07:45:27
Structure1_WGS84/77910,0101000000581FBD7EF4FC5AC0803AD41292414940,CLOSR:BSCLS:C540347,BS CLOSURE,IPL,,LACC_APLOWED_F,SWCRSK,,SCCSSK02,SASKTEL,,,100049,,,,,,CHENR1,2022-01-27T03:01:49
Structure1_WGS84/77971,0101000000B017026746045BC080DF19E91C2F4940,CLOSR:BSCLS:C546485,BS CLOSURE,IPL,,LACC_APLOWED_C,SWCRSK,,SCCSSK02,SASKTEL,,,100049,,,,,,CHENR1,2022-01-27T03:01:51
Structure1_WGS84/78034,010100000058A8DC1434655BC0B8973C24D0544940,CLOSR:BSCLS:C515311,BS CLOSURE,IPL,,LACC_APLOWED_C,LEDRSK,,LBNTSK01,SASKTEL,,,100049,,,,,,CHENR1,2022-02-11T03:56:02
Structure1_WGS84/78055,01010000002436156573385AC0A83F06BBF94B4940,CLOSR:BSCLS:C91512,BS CLOSURE,IPL,,LACC_APLOWED_C,LMSDSK,,LMSDSK03,SASKTEL,,,100049,,,,,,CHENR1,2022-03-11T04:00:27
Structure1_WGS84/78083,0101000000589FB1B079135AC030C7D4C57CA14940,CLOSR:BSCLS:C153928,BS CLOSURE,IPL,,LACC_APLOWED_C,PNCHSK,,GNIRSK01,SASKTEL,,,100049,,,,,,CHENR1,2022-02-03T07:09:53
Structure1_WGS84/78121,010100000048733AAF82135AC0688EEF3C05A24940,CLOSR:BSCLS:C154318,BS CLOSURE,IPL,,LACC_APLOWED_C,PNCHSK,,GNIRSK01,SASKTEL,,,100049,,,,,,CHENR1,2022-02-03T07:10:08
Structure1_WGS84/78127,01010000003CF332BD76145AC0F0826FA4703C4940,CLOSR:BSCLS:C171398,BS CLOSURE,IPL,,LACC_APLOWED_F,REGNSK,,WHCYSK01,SASKTEL,,25m EAST OF PL,100049,0C,,,,,CHENR1,2022-04-27T06:56:55
Structure1_WGS84/78142,0101000000DC30B3CA6A625BC0F8DCD5BA73544940,CLOSR:BSCLS:C536827,BS CLOSURE,IPL,,LACC_APLOWED_C,LEDRSK,,LBNTSK01,SASKTEL,,,100049,,,,,,CHENR1,2022-02-11T03:55:58
Structure1_WGS84/78159,010100000004FA5882CBFC5AC0800FDEF142024940,CLOSR:BSCLS:C505776,BS CLOSURE,IPL,,LACC_APLOWED_C,NEVLSK,,LCPLSK02,SASKTEL,,,100049,,,,,,CHENR1,2022-02-11T05:03:24
Structure1_WGS84/78183,010100000074982C7771245AC040959AAAEC504940,CLOSR:BSCLS:C223488,BS CLOSURE,IPL,,LACC_APLOWED_C,REGNSK,,KNNLSK01,SASKTEL,,,100049,,,,,,CHENR1,2022-03-10T03:03:48
Structure1_WGS84/78187,0101000000AC5BC81926B05AC0F8BE354001154940,CLOSR:BSCLS::8445290,BS CLOSURE,IPL,,LACC_APLOWED_C,HDVLSK,,KLSTSK01,SASKTEL,,,100049,,,,,,CHENR1,2022-03-10T01:27:02
Structure1_WGS84/78202,0101000000A0E62C6519455AC0604F6DA393744940,CLOSR:BSCLS::11514820,BS CLOSURE,IPL,,LACC_APLOWED_C,STBGSK,,SBBHSK01,SASKTEL,2021,,100049,,813940,,KLETR1,2021-06-24T14:11:56,KLETR1,2022-02-18T16:05:53
Structure1_WGS84/78238,0101000000706B6D42231D5AC030DB2FBB014B4940,CLOSR:BSCLS:C212803,BS CLOSURE,IPL,,LACC_APLOWED_C,REGNSK,,ZHNRSK02,SASKTEL,,,100049,,,,,,CHENR1,2022-05-02T06:58:23
Structure1_WGS84/78239,01010000000401EFA0D61A5AC010A409834E544940,CLOSR:BSCLS:D6796606,BS CLOSURE,IPL,,LACC_APLOWED_C,REGNSK,,ZHNRSK02,SASKTEL,,,100049,,,,,,CHENR1,2022-05-02T06:58:28
Structure1_WGS84/78271,010100000000E32A602C775BC028BDB507F2034940,CLOSR:BSCLS:C521683,BS CLOSURE,IPL,,LACC_APLOWED_C,MPCKSK,,HTTNSK01,SASKTEL,,,100049,,,,,,CHENR1,2022-03-03T06:11:48
Structure1_WGS84/78430,010100000054E9021F621D5AC09055F183C93E4940,CLOSR:BSCLS::8764998,BS CLOSURE,IPL,,SRVC_ASERVICE,REGNSK,,PLBTSK01,SASKTEL,2016,,100049,,982327,,,,CHENR1,2022-03-18T04:04:02
Structure1_WGS84/78434,0101000000482A7993641B5AC020518A8B20494940,CLOSR:BSCLS::6801434,BS CLOSURE,ABD,,LACC_APLOWED_C,REGNSK,,PLBTSK01,SASKTEL,,,100049,,,,,,CHENR1,2022-03-18T04:03:55
Structure1_WGS84/78445,0101000000F4F5E6B1921B5AC0B8E604C3323A4940,CLOSR:BSCLS:C207137,BS CLOSURE,IPL,,LACC_APLOWED_C,REGNSK,,PLBTSK01,SASKTEL,,,100049,,,,,,CHENR1,2022-03-18T04:02:39
Structure1_WGS84/78492,01010000002C06359A410E5AC0205BFEFFDCC04940,CLOSR:BSCLS:C110153,BS CLOSURE,IPL,,LACC_APLOWED_C,PNCHSK,,PMIRSK01,SASKTEL,,,100049,,,,,,CHENR1,2022-03-18T04:28:09
Structure1_WGS84/78503,0101000000E00C191D9DF859C0B00D1550D9444940,CLOSR:BSCLS:C138229,BS CLOSURE,IPL,,LACC_ATRENCH_C,QAPLSK,,QAPLSK01,SASKTEL,,,100049,,,,,,IHMED1,2016-11-24T09:37:28
Structure1_WGS84/78612,0101000000BC19E41706225AC090BFB61617364940,CLOSR:BSCLS:C210323,BS CLOSURE,IPL,,LACC_APLOWED_C,REGNSK,,REGNSK45,SASKTEL,,,100049,,,,,,CHENR1,2022-04-08T07:35:59
Structure1_WGS84/78686,0101000000CC2868232F1F5AC0E0BE4043D13C4940,CLOSR:BSCLS:C255970,BS CLOSURE,IPL,,LACC_APLOWED_F,REGNSK,,REGNSK46,SASKTEL,,,100049,R2302 ,,,,,CHENR1,2022-03-26T02:10:29
Structure1_WGS84/78779,0101000000D8781239C67359C0508BAE96F13C4940,CLOSR:BSCLS::12670614,BS CLOSURE,IPL,,LACC_APLOWED_C,TNTLSK,,TNTLSK01,SASKTEL,,,100049,,,,BINGA1,2023-03-13T23:26:40,THUND1,2023-03-15T04:08:21
Structure1_WGS84/78835,010100000058BDA798A1235AC038AB94C470374940,CLOSR:BSCLS:C219712,BS CLOSURE,IPL,,LACC_APLOWED_C,REGNSK,,REGNSK45,SASKTEL,,,100049,,,,,,CHENR1,2022-04-08T07:36:03
Structure1_WGS84/78911,01010000003854BD7675235AC070BAC56641364940,CLOSR:BSCLS:C186967,BS CLOSURE,IPL,,LACC_APLOWED_C,REGNSK,,REGNSK45,SASKTEL,,,100049,,,,,,CHENR1,2022-04-08T07:33:27
Structure1_WGS84/79072,0101000000F024C01B387C5BC0F8E85A3CFBFC4840,CLOSR:BSCLS:C548646,BS CLOSURE,IPL,,LACC_APLOWED_F,MPCKSK,,WLSHAB,SASKTEL,,,100049,,,,,,CHENR1,2022-04-28T04:00:22
Structure1_WGS84/79129,01010000006C747597096359C040C4607A92314940,CLOSR:BSCLS:C148361,BS CLOSURE,IPL,,LACC_APLOWED_C,RCVLSK,,RCVLSK01,SASKTEL,,,100049,,,,,,BANDM1,2022-06-08T05:55:24
Structure1_WGS84/79301,010100000060CD63F5B0045AC0D0E970E9A25E4940,CLOSR:BSCLS:C141535,BS CLOSURE,IPL,,LACC_APLOWED_C,FTQPSK,,FTQPSK01,SASKTEL,,,100049,,,,,,VUDUP1,2018-10-30T20:41:27
Structure1_WGS84/79557,01010000006C52D611B54E5BC090B88B932FF84840,CLOSR:BSCLS::11557005,BS CLOSURE,IPL,,LACC_APLOWED_C,MPCKSK,,MPCKSK01,SASKTEL,2021,,100049,,814047,,KAURP3,2021-07-21T00:57:32,KAURP3,2022-11-23T21:18:55
Structure1_WGS84/79584,010100000004F0EBC7335C5BC0687C40BC88F44840,CLOSR:BSCLS:C572944,BS CLOSURE,IPL,,LACC_APLOWED_F,MPCKSK,,MPCKSK01,SASKTEL,,,100049,,,,,,SINGG4,2022-07-15T09:20:17
Structure1_WGS84/79827,0101000000105B2BEEA0B059C060E9134B1A1C4940,CLOSR:BSCLS:C148368,BS CLOSURE,IPL,,LACC_APLOWED_C,WNDTSK,,WNDTSK01,SASKTEL,,,100049,,,,,,IHMED1,2016-11-18T12:01:45
Structure1_WGS84/79840,0101000000E44ADF9920335BC020295521EC1A4940,CLOSR:BSCLS:C529837,BS CLOSURE,IPL,,LACC_APLOWED_C,TPKNSK,,TPKNSK01,SASKTEL,,,100049,,,,,,IHMED1,2016-11-14T08:45:39
Structure1_WGS84/79864,01010000001C3BEF99016A5BC0B015F8ED58764940,CLOSR:BSCLS:C504990,BS CLOSURE,IPL,,LACC_APLOWED_C,LEDRSK,,LEDRSK01,SASKTEL,,,100049,,,,,,,
Structure1_WGS84/79867,0101000000C0092127196559C0602B75F1C00D4940,CLOSR:BSCLS:C150074,BS CLOSURE,IPL,,LACC_APLOWED_C,MSMNSK,,MSMNSK01,SASKTEL,,,100049,,,,,,IHMED1,2016-11-17T09:22:28
Structure1_WGS84/79892,010100000034C4D83FD8295AC040BE4ECEF6394940,CLOSR:BSCLS:C201420,BS CLOSURE,IPL,,LACC_APLOWED_C,REGNSK,,REGNSK01,SASKTEL,,,100049,,,,,,,
Structure1_WGS84/80049,0101000000B0FAE3F03BF459C010B6CF32E4654940,CLOSR:BSCLS:C139092,BS CLOSURE,IPL,,LACC_ATRENCH_C,FTQPSK,,FTQPSK01,SASKTEL,,,100049,,,,,,IHMED1,2016-11-24T11:17:06
Structure1_WGS84/80050,01010000008C3D418349705BC0D89BAAAB5D3A4940,CLOSR:BSCLS:C539645,BS CLOSURE,IPL,,LACC_ATRENCH_C,RCHMSK,,RCHMSK01,SASKTEL,,,100049,,,,,,,
Structure1_WGS84/80079,010100000050DE3927E5F25AC018ACC13315254940,CLOSR:BSCLS:C529861,BS CLOSURE,IPL,,LACC_ATRENCH_C,SWCRSK,,SWCRSK02,SASKTEL,,,100049,,,,,,,
Structure1_WGS84/80092,0101000000A4275C2AD7565AC0A83E798D9A794940,CLOSR:BSCLS:C81672,BS CLOSURE,IPL,,LACC_APLOWED_C,HLDFSK,,HLDFSK01,SASKTEL,,,100049,,,,,,IHMED1,2016-11-22T16:11:13
Structure1_WGS84/80094,010100000004DB5AEF8FF859C0780CA34E303B4940,CLOSR:BSCLS:C129042,BS CLOSURE,IPL,,LACC_APLOWED_C,QAPLSK,,QAPLSK01,SASKTEL,,,100049,R311 P2,,,,,IHMED1,2016-11-24T09:27:45
Structure1_WGS84/80156,0101000000645A724785405AC0D8BA1F4DBB544940,CLOSR:BSCLS:C131621,BS CLOSURE,ABD,,LACC_APLOWED_C,LMSDSK,,LMSDSK01,SASKTEL,,,100049,,,,,,IHMED1,2016-11-22T12:06:27
Structure1_WGS84/80349,01010000000847D71FDD295AC04830227F603B4940,CLOSR:BSCLS:C227856,BS CLOSURE,IPL,,LACC_ATRENCH_C,REGNSK,,REGNSK04,SASKTEL,,,100049,,,,,,,
Structure1_WGS84/80413,0101000000F81950028A9059C0483A1B76481C4940,CLOSR:BSCLS:C137900,BS CLOSURE,IPL,,LACC_APLOWED_C,WHWDSK,,WHWDSK01,SASKTEL,,,100049,,,,,,IHMED1,2016-11-18T09:31:59
Structure1_WGS84/80426,010100000014BED77386285AC02061C16524354940,CLOSR:BSCLS:C301034,BS CLOSURE,IPL,,LACC_ATRENCH_C,REGNSK,,REGNSK03,SASKTEL,2012,,100049,,963139,,,,,
Structure1_WGS84/80430,0101000000944E37C52D275AC0502ECA2FED3E4940,CLOSR:BSCLS:C266225,BS CLOSURE,IPL,,LACC_ATRENCH_C,REGNSK,,REGNSK04,SASKTEL,,,100049,,,,,,,
Structure1_WGS84/80537,0101000000640640C831135AC0680DDF0E09AF4940,CLOSR:BSCLS:C104010,BS CLOSURE,IPL,,LACC_APLOWED_C,PNCHSK,,PNCHSK01,SASKTEL,,,100049,,,,,,IHMED1,2016-11-23T11:31:11
Structure1_WGS84/80596,0101000000EC90C862EE7F5AC068F79840F89E4940,CLOSR:BSCLS:C103588,BS CLOSURE,IPL,,LACC_APLOWED_F,DVSNSK,,DVSNSK03,SASKTEL,,,100049,,,,,,IHMED1,2016-11-22T15:33:49
Structure1_WGS84/80608,01010000005036F63687EF5AC0D0B0759CA7364940,CLOSR:BSCLS:C528348,BS CLOSURE,IPL,,LACC_APLOWED_C,SWCRSK,,SWCRSK02,SASKTEL,,,100049,,,,,,,
Structure1_WGS84/80614,01010000000454F3AD533D5AC0B0F1E4309E664940,CLOSR:BSCLS:C94053,BS CLOSURE,IPL,,LACC_APLOWED_C,RGBHSK,,RGBHSK01,SASKTEL,,,100049,,,,,,IHMED1,2016-11-22T13:48:45
Structure1_WGS84/80635,010100000044CD7066E86259C088AE7D01BD3C4940,CLOSR:BSCLS:C163916,BS CLOSURE,IPL,,LACC_ATRENCH_C,RCVLSK,,RCVLSK01,SASKTEL,,,100049,,,,,,IHMED1,2016-11-17T09:55:22
Structure1_WGS84/80647,0101000000AC77F982E80D5AC0A8803CA7D8764940,CLOSR:BSCLS:C85550,BS CLOSURE,ABD,,LACC_APLOWED_C,CUPRSK,,CUPRSK01,SASKTEL,,,100049,,,,,,IHMED1,2016-11-23T15:28:29
Structure1_WGS84/80674,0101000000D8274AB950225BC098B184FC869E4840,CLOSR:BSCLS:C519657,BS CLOSURE,IPL,,LACC_APLOWED_C,FRNTSK,,FRNTSK01,SASKTEL,,,100049,,,,,,IHMED1,2016-11-14T13:56:25
Structure1_WGS84/80689,01010000005479447DB9D25AC070B795124DD94840,CLOSR:BSCLS:C502058,BS CLOSURE,IPL,,LACC_APLOWED_C,ANRDSK,,ANRDSK01,SASKTEL,,,100049,,,,,,IHMED1,2016-11-14T09:54:41
Structure1_WGS84/80694,0101000000888B8AD5724F5AC0D02FD0768B4F4940,CLOSR:BSCLS::8142565,BS CLOSURE,IPL,,LACC_AAERIAL_C,BTHNSK,,BTHNSK02,SASKTEL,2014,,100049,,974571,,,,IHMED1,2016-11-22T14:10:43
Structure1_WGS84/80764,0101000000042DCE5F3BF35AC070C4414C06234940,CLOSR:BSCLS:C539433,BS CLOSURE,IPL,,LACC_ATRENCH_C,SWCRSK,,SWCRSK02,SASKTEL,,,100049,,,,,,,
Structure1_WGS84/80807,010100000030870AF9D3B459C010F417E7A00D4940,CLOSR:BSCLS:C163290,BS CLOSURE,ABD,,LACC_APLOWED_C,WNDTSK,,WNDTSK01,SASKTEL,,,100049,,,,,,IHMED1,2016-11-18T12:01:37
Structure1_WGS84/80876,0101000000D06611947F315BC048068E7830604940,CLOSR:BSCLS:C521128,BS CLOSURE,ABD,,LACC_APLOWED_C,ABBYSK,,ABBYSK01,SASKTEL,,,100049,,,,,,,
Structure1_WGS84/80897,010100000000260DC1B3F25AC0E0EF593C94224940,CLOSR:BSCLS:C537642,BS CLOSURE,IPL,,LACC_ATRENCH_C,SWCRSK,,SWCRSK02,SASKTEL,,,100049,,,,,,,
Structure1_WGS84/81075,0101000000FCE9DB89BFF359C0D07ECF7545614940,CLOSR:BSCLS:C136063,BS CLOSURE,ABD,,LACC_ATRENCH_C,FTQPSK,,FTQPSK01,SASKTEL,,,100049,,,,,,MEYEB2,2017-08-09T15:39:03
Structure1_WGS84/81090,0101000000502EEFD20F2F5AC0107F9418D1324940,CLOSR:BSCLS::9052774,BS CLOSURE,IPL,,LACC_APLOWED_C,REGNSK,,REGNSK03,SASKTEL,2016,,100049,,800273,,,,VUDUP1,2019-01-22T07:28:39
Structure1_WGS84/81114,01010000007C097C486F6B59C0E011974E711E4940,CLOSR:BSCLS:C147305,BS CLOSURE,IPL,,LACC_APLOWED_F,MSMNSK,,MSMNSK01,SASKTEL,,,100049,,,,,,HOLTA1,2020-12-17T11:11:08
Structure1_WGS84/81133,01010000008C084AFAE92E5AC03086DCF3593A4940,CLOSR:BSCLS::9043735,BS CLOSURE,IPL,,LACC_ATRENCH_C,REGNSK,,REGNSK01,SASKTEL,2016,,100049,,800163,,,,GORRS2,2019-01-31T08:11:44
Structure1_WGS84/81155,0101000000FC753BE9073E5AC06003777A478B4940,CLOSR:BSCLS:C118395,BS CLOSURE,IPL,,LACC_APLOWED_F,STBGSK,,STBGSK01,SASKTEL,,,100049,,,,,,BALLB1,2019-04-12T01:37:23
Structure1_WGS84/81190,0101000000542517B7BF405AC0A0CA1004DE674940,CLOSR:BSCLS::9841835,BS CLOSURE,IPL,,LACC_ATRENCH_C,LMSDSK,,SABHSK01,SASKTEL,2017,,100049,,801550,,WILLJ2,2018-02-27T12:47:47,WILLJ2,2018-02-27T12:51:42
Structure1_WGS84/81339,010100000074F38778018959C0A03DC89983274940,CLOSR:BSCLS::9622395,BS CLOSURE,IPL,,LACC_APLOWED_C,WHWDSK,,WHWDSK01,SASKTEL,2018,,100049,,802562,,LUBIT1,2017-08-11T14:04:20,RAVAG1,2023-11-02T20:18:17
Structure1_WGS84/81367,01010000004CE23E35A8FF5AC0F09CE8B8AFE44840,CLOSR:BSCLS::11981007,BS CLOSURE,IPL,,LACC_ATRENCH_C,SHNVSK,,ADMRSK03,SASKTEL,2021,,100049,,813533,,HUNTG1,2022-03-21T09:48:50,RAVAG1,2023-11-02T23:00:37
Structure1_WGS84/81400,0101000000D02C2136502A5AC020FBD96213204940,CLOSR:BSCLS::12539411,BS CLOSURE,IPL,,LACC_APLOWED_C,REGNSK,,ESTLSK01,SASKTEL,2022,,100049,,816657,,KAURP3,2022-12-21T20:41:27,KAURP3,2022-12-22T00:10:14
Structure1_WGS84/81433,01010000008046659A7B5C5AC0503357B215AC4940,CLOSR:BSCLS:C103779,BS CLOSURE,IPL,,LACC_ATRENCH_C,IMPRSK,,IMPRSK02,SASKTEL,,,100049,,,,,,SINGS7,2025-05-05T08:10:35
Structure1_WGS84/81439,0101000000B447252BD5A659C0706C60BF683E4940,LOSR:BSCLS::11154446,BS CLOSURE,IPL,,LACC_ATRENCH_C,BRVWSK,,KIRVSK01,SASKTEL,2020,,100049,,811159,,KAURP3,2020-09-23T17:34:37,KAURP3,2021-04-30T00:23:05
Structure1_WGS84/81539,01010000005CB03CC496605BC0F0F4DEE057704940,CLOSR:BSCLS:C528673,BS CLOSURE,IPL,,LACC_APLOWED_F,LEDRSK,,LEDRSK01,SASKTEL,,,100049,,,,,,FATHF1,2018-04-05T20:22:26
Structure1_WGS84/81582,0101000000C0BEB99973FB5AC0288FA299EA004940,LOSR:BSCLS::10336874,BS CLOSURE,IPL,,LACC_ATRENCH_C,NEVLSK,,LCPLSK02,SASKTEL,2020,,100049,,805810,,DEGEH1,2019-02-15T15:40:34,RAVAG1,2023-11-02T20:51:17
Structure1_WGS84/81586,01010000003480EC32F2255BC060C355D0BA334940,CLOSR:BSCLS::12515404,BS CLOSURE,IPL,,LACC_ATRENCH_C,HZLTSK,,HZLTSK01,SASKTEL,2022,,100049,,,,HUNTG1,2022-12-09T08:41:16,HUNTG1,2022-12-09T09:40:49
Structure1_WGS84/81620,0101000000789474417B8459C060FFF259B6254940,CLOSR:BSCLS:C170620,BS CLOSURE,IPL,,LACC_APLOWED_F,WPLLSK,,WPLLSK01,SASKTEL,,GP K-48,100049,,,,,,MEYEB2,2021-05-27T09:31:53
Structure1_WGS84/81651,0101000000180DE89EB86959C090611B4C5E154940,CLOSR:BSCLS::12873498,BS CLOSURE,IPL,,LACC_ATRENCH_C,MSMNSK,,MSMNSK01,SASKTEL,2023,,100049,,821545,,VIXAJ1,2023-07-17T10:16:54,THUND1,2024-01-29T23:18:00
Structure1_WGS84/81735,0101000000E8ED8A71627E5BC0E8E62E6B5D554940,CLOSR:BSCLS:C524851,BS CLOSURE,IPL,,LACC_APLOWED_C,BRSTSK,,BRSTSK02,SASKTEL,,,100049,,,,,,KATRR1,2019-02-22T07:29:36
Structure1_WGS84/81936,010100000040F5975C537A5AC0A81B074FC2744940,CLOSR:BSCLS:C94208,BS CLOSURE,IPL,,LACC_APLOWED_C,CRAKSK,,CRAKSK01,SASKTEL,,,100049,,,,,,THOTV1,2018-09-14T06:41:57
Structure1_WGS84/81974,010100000018E6BF9831F559C0C0EABFD67E4A4940,CLOSR:BSCLS:C128436,BS CLOSURE,IPL,,LACC_APLOWED_F,QAPLSK,,QAPLSK01,SASKTEL,,GP 1C-12,100049,,,,,,BALLB1,2019-04-04T23:47:14
Structure1_WGS84/81977,010100000034788A1568025AC070C7D6CB60644940,CLOSR:BSCLS:C136449,BS CLOSURE,IPL,,LACC_ATRENCH_C,FTQPSK,,SBIRSK01,SASKTEL,,,100049,,,,,,MCCAT1,2024-06-21T09:00:32
Structure1_WGS84/81989,010100000024527E7814445BC028A88357B3FE4840,LOSR:BSCLS::10944847,BS CLOSURE,IPL,,LACC_ATRENCH_C,PIPTSK,,PIPTSK01,SASKTEL,2020,,100049,,809236,,HUNTG1,2020-06-02T12:13:47,HUNTG1,2021-10-05T11:15:43
Structure1_WGS84/82007,01010000008CD576AB38275AC0F80631CD3D384940,CLOSR:BSCLS::6978414,BS CLOSURE,ABD,,LACC_ATRENCH_C,REGNSK,,REGNSK01,SASKTEL,,,100049,,0,,,,QIUE1,2018-11-22T09:10:58
Structure1_WGS84/82017,0101000000C441A14F188059C0603780AC17F14840,CLOSR:BSCLS::9825803,BS CLOSURE,IPL,,LACC_APLOWED_C,WAWTSK,,WAWTSK01,SASKTEL,2018,,100049,,803660,,HOLTA1,2018-02-05T12:49:11,PALGS1,2019-01-09T21:20:23
Structure1_WGS84/82057,010100000008F7FDAD3A365BC0D84F6C63BE0C4940,CLOSR:BSCLS:C530406,BS CLOSURE,IPL,,LACC_APLOWED_C,TPKNSK,,TPKNSK01,SASKTEL,,,100049,,,,,,AYYAN1,2019-06-19T08:28:45
Structure1_WGS84/82079,0101000000849343AA59D559C090DB64FE98614940,CLOSR:BSCLS:C160246,BS CLOSURE,IPL,,LACC_APLOWED_F,ABRNSK,,ABRNSK01,SASKTEL,,,100049,,,,,,BALLB1,2019-04-18T21:03:13
Structure1_WGS84/82082,01010000004CB28C0F5E465AC0E0A7E4E8A6344940,CLOSR:BSCLS:C119930,BS CLOSURE,IPL,,LACC_APLOWED_F,PENSSK,,PENSSK01,SASKTEL,,,100049,,,,,,BALLB1,2019-04-15T23:10:04
Structure1_WGS84/82168,010100000004B68F8459D85AC0E036E53AA80D4940,CLOSR:BSCLS:C504229,BS CLOSURE,IPL,,LACC_APLOWED_C,NDPTSK,,HLNQSK01,SASKTEL,,,100049,,,,,,CHENR1,2021-10-25T08:36:49
Structure1_WGS84/82215,01010000001075CD81B1215AC068DD61DB6E4A4940,CLOSR:BSCLS:C207522,BS CLOSURE,IPL,,LACC_APLOWED_F,REGNSK,,REGNSK04,SASKTEL,,,100049,,,,,,PALGS1,2019-09-18T00:34:30
Structure1_WGS84/82238,0101000000F0C4A1EECB285AC04077326D3C3E4940,CLOSR:BSCLS:C226778,BS CLOSURE,IPL,,LACC_ATRENCH_C,REGNSK,,REGNSK04,SASKTEL,,,100049,,,,,,PAUMT1,2021-06-28T20:52:52
Structure1_WGS84/82258,0101000000AC51D46EDB195AC040E2282A2F7A4940,CLOSR:BSCLS::12296591,BS CLOSURE,IPL,,LACC_APLOWED_C,STHYSK,,STHYSK01,SASKTEL,2023,,100049,,818505,,ESLIG1,2022-08-23T14:22:37,DASIL1,2024-10-17T03:41:18
Structure1_WGS84/82273,010100000068BC97A26C5A5AC0F08A5BFD7F6E4940,CLOSR:BSCLS:C144999,BS CLOSURE,IPL,,LACC_APLOWED_F,HLDFSK,,HLDFSK01,SASKTEL,,,100049,,,,,,PALGS1,2019-06-06T00:06:20
Structure1_WGS84/82276,01010000006CA04EE650245AC020516C35063C4940,CLOSR:BSCLS:C247273,BS CLOSURE,IPL,,LACC_APLOWED_C,REGNSK,,REGNSK12,SASKTEL,,,100049,,,,,,CHENR1,2021-11-23T01:19:24
Structure1_WGS84/82583,0101000000E05E22A9E88459C0E04AC9218B1C4940,CLOSR:BSCLS:C123188,BS CLOSURE,IPL,,LACC_APLOWED_C,WPLLSK,,WPLLSK01,SASKTEL,,,100049,,,,,,PALGS1,2019-12-20T00:58:37
Structure1_WGS84/82649,0101000000ECB897EA385B5AC0E0A1BCEADC914940,CLOSR:BSCLS:C87461,BS CLOSURE,IPL,,LACC_APLOWED_C,LBRTSK,,LBRTSK02,SASKTEL,,,100049,,,,,,CHENR1,2019-11-29T12:50:11
Structure1_WGS84/82655,0101000000B89EC0F202BA59C020FFE72B26294940,CLOSR:BSCLS:C164854,BS CLOSURE,IPL,,LACC_APLOWED_C,GRNFSK,,GRNFSK01,SASKTEL,2012,,100049,,963088,,,,PONNL1,2019-12-30T22:21:36
Structure1_WGS84/82748,010100000060BB139D39AA59C07042CAB7CD494940,CLOSR:BSCLS::11726938,BS CLOSURE,IPL,,LACC_APLOWED_C,BRVWSK,,MARLSK01,SASKTEL,1997,,100049,,240539,,SZOSG1,2021-10-21T15:17:57,SZOSG1,2021-11-23T17:25:22
Structure1_WGS84/82782,0101000000F4EF0EB1607359C0406623211B144940,CLOSR:BSCLS:C144008,BS CLOSURE,IPL,,LACC_APLOWED_C,MSMNSK,,MSMNSK01,SASKTEL,,,100049,,,,,,OUGAB1,2019-12-31T00:20:53
Structure1_WGS84/82790,010100000054301D7F91435AC0B8A8A9E172004940,CLOSR:BSCLS:C80129,BS CLOSURE,IPL,,LACC_APLOWED_C,AVNLSK,,AVNLSK01,SASKTEL,,,100049,,,,,,BALLB1,2019-12-17T22:09:58
Structure1_WGS84/82869,0101000000E496CA9955D759C0C073A1BF3E634940,CLOSR:BSCLS:C159879,BS CLOSURE,IPL,,LACC_APLOWED_C,ABRNSK,,ABRNSK01,SASKTEL,,,100049,,,,,,AYYAN1,2019-12-05T20:01:04
Structure1_WGS84/83066,01010000002CD47E91AEDE59C0405277E4162F4940,CLOSR:BSCLS:C126261,BS CLOSURE,IPL,,LACC_APLOWED_C,SNTLSK,,ASRSSK01,SASKTEL,,,100049,,,,,,CHENR1,2021-12-01T03:50:58
Structure1_WGS84/83123,0101000000C8C0AD2D2F325AC0F8DF6DF2DC5A4940,CLOSR:BSCLS:C86568,BS CLOSURE,IPL,,LACC_APLOWED_C,LMSDSK,,CRVNSK04,SASKTEL,,,100049,,,,,,CHENR1,2021-12-27T05:54:45
Structure1_WGS84/83226,01010000000455870214235AC000D65FF30D3B4940,CLOSR:BSCLS:C157730,BS CLOSURE,IPL,,LACC_ATRENCH_C,REGNSK,,REGNSK46,SASKTEL,,,100049,,,,,,CHENR1,2022-03-26T02:05:10
Structure1_WGS84/83247,010100000064BFD21F78F65AC000E7183FF64C4940,CLOSR:BSCLS:C532214,BS CLOSURE,IPL,,LACC_APLOWED_F,SWCRSK,,STVYSK02,SASKTEL,,,100049,,,,,,CHENR1,2022-01-27T05:18:24
Structure1_WGS84/83264,0101000000C4CC9E015E0C5AC028153722232E4940,CLOSR:BSCLS:C111308,BS CLOSURE,IPL,,LACC_APLOWED_C,BLGNSK,,DAVNSK01,SASKTEL,,,100049,,,,,,CHENR1,2021-12-28T08:12:10
Structure1_WGS84/83275,0101000000988D60A637115AC0681CC61E86564940,CLOSR:BSCLS:C113901,BS CLOSURE,ABD,,LACC_APLOWED_C,BLGNSK,,EDNWSK01,SASKTEL,,,100049,,,,,,CHENR1,2022-01-05T09:11:07
Structure1_WGS84/83286,0101000000B450AE0071465BC050F9B0E120CC4840,CLOSR:BSCLS:C538624,BS CLOSURE,IPL,,LACC_APLOWED_C,ESNDSK,,RVNSSK01,SASKTEL,,,100049,,,,,,CHENR1,2022-02-01T01:34:13
Structure1_WGS84/83353,0101000000407669B96FF75AC0705B253C472D4940,CLOSR:BSCLS:C556896,BS CLOSURE,IPL,,LACC_APLOWED_C,SWCRSK,,SWCRSK22,SASKTEL,,,100049,,,,,,CHENR1,2022-01-27T04:18:51
Structure1_WGS84/83375,0101000000CC1529BDE4655BC0D8BC0D4BB25B4940,CLOSR:BSCLS:C518601,BS CLOSURE,IPL,,LACC_APLOWED_C,LEDRSK,,LBNTSK01,SASKTEL,,,100049,,,,,,CHENR1,2022-02-11T03:56:01
Structure1_WGS84/83408,0101000000C406C39AB91D5BC0384BD351E2FA4840,CLOSR:BSCLS:C527030,BS CLOSURE,ABD,,LACC_APLOWED_F,GLLKSK,,GLLKSK04,SASKTEL,,50m cl,100049,,,,,,CHENR1,2022-02-03T05:02:18
Structure1_WGS84/83475,0101000000182E3AA578E459C0A8FECC83E8144940,CLOSR:BSCLS::8973293,BS CLOSURE,IPL,,LACC_APLOWED_C,MTMRSK,,KENDSK01,SASKTEL,2016,,100049,,984585,,,,CHENR1,2022-03-09T08:52:23
Structure1_WGS84/83481,0101000000B040E6C3E6F159C01069E341A0604940,CLOSR:BSCLS:C139884,BS CLOSURE,IPL,,LACC_APLOWED_C,FTQPSK,,FTQPSK01,SASKTEL,,,100049,,,,,,SAKAM1,2022-05-27T05:58:46
Structure1_WGS84/83488,0101000000A84864A33CE659C050AD0EB822554940,CLOSR:BSCLS:C136348,BS CLOSURE,IPL,,LACC_APLOWED_C,FTQPSK,,KWBHSK01,SASKTEL,,,100049,,,,,,CHENR1,2022-02-10T09:35:32
Structure1_WGS84/83549,010100000080D476DEA9635BC0187A51494A514940,CLOSR:BSCLS:C512125,BS CLOSURE,IPL,,LACC_APLOWED_C,LEDRSK,,LBNTSK01,SASKTEL,,,100049,,,,,,CHENR1,2022-02-11T03:55:57
Structure1_WGS84/83691,0101000000A43ECA67FD195BC0D0E5A4CF85F34840,CLOSR:BSCLS::8788012,BS CLOSURE,IPL,,LACC_APLOWED_C,SHNVSK,,SHNVSK04,SASKTEL,2015,,100049,,,,,,CHENR1,2022-04-01T08:54:46
Structure1_WGS84/83740,0101000000B03EEF0AA0335AC0A8BB8BFA1B574940,CLOSR:BSCLS::6321772,BS CLOSURE,IPL,,LACC_APLOWED_C,LMSDSK,,CRVNSK04,SASKTEL,2012,,100049,,0,,,,KINGK1,2022-04-19T11:09:55
Structure1_WGS84/83761,0101000000CC25B74EC51C5AC010E0258C74634940,CLOSR:BSCLS:C220049,BS CLOSURE,IPL,,LACC_APLOWED_C,REGNSK,,PPIRSK01,SASKTEL,,,100049,,,,,,CHENR1,2022-03-18T04:48:16
Structure1_WGS84/83827,010100000040A70BA4D0265AC0883A3A88BF374940,CLOSR:BSCLS:C171807,BS CLOSURE,ABD,,LACC_APLOWED_C,REGNSK,,REGNSK01,SASKTEL,,,100049,,,,,,PITTM1,2022-09-16T03:14:08
Structure1_WGS84/83830,0101000000E082D83E291A5AC0A86DFEF711394940,CLOSR:BSCLS::6613292,BS CLOSURE,IPL,,LACC_ATRENCH_C,REGNSK,,WHCYSK01,SASKTEL,2013,,100049,,967853,,,,CHENR1,2022-04-27T06:55:54
Structure1_WGS84/84203,010100000094C00473561A5AC04011B9BDFD314940,CLOSR:BSCLS:C187668,BS CLOSURE,IPL,,LACC_APLOWED_C,REGNSK,,REGNSK45,SASKTEL,,,100049,,,,,,CHENR1,2022-04-08T07:33:25
Structure1_WGS84/84304,0101000000D0EEED1CBE4A5AC070FA56650B494940,CLOSR:BSCLS::9377807,BS CLOSURE,IPL,,LACC_APLOWED_C,PENSSK,,STBHSK02,SASKTEL,2016,,100049,,800869,,WILLJ2,2017-02-01T12:18:27,CHENR1,2022-04-14T22:55:05
Structure1_WGS84/84309,0101000000B8168340B4745AC0F0F31E55B7874940,CLOSR:BSCLS:C147397,BS CLOSURE,IPL,,LACC_APLOWED_C,CRAKSK,,CRAKSK01,SASKTEL,,,100049,,,,,,KAURR2,2023-02-06T12:13:01
Structure1_WGS84/84313,0101000000E893207FB0D659C0A81F645E69794940,CLOSR:BSCLS:C174922,BS CLOSURE,IPL,,LACC_APLOWED_C,BLCRSK,,SRIRSK02,SASKTEL,,,100049,,,,,,CHENR1,2022-04-14T22:40:17
Structure1_WGS84/84340,01010000008CA89F2311245AC048BAF60AED364940,CLOSR:BSCLS::7785115,BS CLOSURE,IPL,,LACC_ATRENCH_C,REGNSK,,REGNSK45,SASKTEL,2014,,100049,,974697,,,,CHENR1,2022-04-08T07:38:31
Structure1_WGS84/84343,0101000000887100285F215AC098BC0CFC71354940,CLOSR:BSCLS::8976810,BS CLOSURE,IPL,,LACC_ATRENCH_C,REGNSK,,REGNSK45,SASKTEL,,,100049,,976035,,,,CHENR1,2022-04-08T07:41:28
Structure1_WGS84/84360,010100000020DD865311245AC060C91A37ED364940,CLOSR:BSCLS::7785116,BS CLOSURE,IPL,,LACC_ATRENCH_C,REGNSK,,REGNSK45,SASKTEL,2014,,100049,,974697,,,,CHENR1,2022-04-08T07:38:15
Structure1_WGS84/84371,0101000000C86F8283DE4A5AC0884CF50EFE754940,CLOSR:BSCLS:C114202,BS CLOSURE,IPL,,LACC_APLOWED_C,HLDFSK,,WTBHSK01,SASKTEL,,,100049,,,,,,CHENR1,2022-04-29T02:10:05
Structure1_WGS84/84485,01010000004C9C07704DF159C028AFF5AF264E4940,CLOSR:BSCLS::12677964,BS CLOSURE,IPL,,LACC_APLOWED_C,INHDSK,,INHDSK01,SASKTEL,,,100049,,,,PITTM1,2023-03-14T19:57:11,THUND1,2023-03-15T20:19:00
Structure1_WGS84/85177,0101000000643887332BD559C0583D5BD2946A4940,CLOSR:BSCLS:C126063,BS CLOSURE,ABD,,LACC_APLOWED_C,ABRNSK,,ABRNSK01,SASKTEL,,,100049,,,,,,IHMED1,2016-11-24T14:41:19
Structure1_WGS84/85184,0101000000C851698CC2C959C0489D56CAA5274940,CLOSR:BSCLS:C145539,BS CLOSURE,IPL,,LACC_APLOWED_C,WLSLSK,,WLSLSK01,SASKTEL,,,100049,,,,,,IHMED1,2016-11-18T14:49:50
Structure1_WGS84/85246,0101000000884AA12E5D9359C0A8C14F1747024940,CLOSR:BSCLS::6377758,BS CLOSURE,IPL,,LACC_APLOWED_C,KNDYSK,,KNDYSK01,SASKTEL,,,100049,,,,,,IHMED1,2016-11-17T14:58:33
Structure1_WGS84/85405,010100000000BC0CCC18C159C01034F9E2E2234940,CLOSR:BSCLS:C137345,BS CLOSURE,IPL,,LACC_APLOWED_C,GRNFSK,,GRNFSK01,SASKTEL,,,100049,,,,,,IHMED1,2016-11-18T13:02:39
Structure1_WGS84/85434,01010000003C69BDECF2F25AC018BB2DC67D294940,CLOSR:BSCLS:C558178,BS CLOSURE,IPL,,LACC_APLOWED_C,SWCRSK,,SWCRSK02,SASKTEL,,,100049,,,,,,,
Structure1_WGS84/85454,0101000000BC4B18E9FF8259C0C8584A5CE8214940,CLOSR:BSCLS:C121653,BS CLOSURE,IPL,,LACC_APLOWED_C,WPLLSK,,WPLLSK01,SASKTEL,,,100049,,,,,,IHMED1,2016-11-17T14:37:58
Structure1_WGS84/85484,01010000007CD3FD94917E59C078F4EF023E224940,CLOSR:BSCLS:C109965,BS CLOSURE,IPL,,LACC_APLOWED_C,WPLLSK,,WPLLSK01,SASKTEL,,,100049,,,,,,IHMED1,2016-11-17T14:38:01
Structure1_WGS84/85492,010100000000983AE1486B59C0D07114111F174940,CLOSR:BSCLS:C150019,BS CLOSURE,IPL,,LACC_APLOWED_C,MSMNSK,,MSMNSK01,SASKTEL,,,100049,,,,,,IHMED1,2016-11-17T09:23:09
Structure1_WGS84/85497,01010000002C62C00E53735BC040C5C69647544940,CLOSR:BSCLS:C527080,BS CLOSURE,IPL,,LACC_APLOWED_C,BRSTSK,,BRSTSK02,SASKTEL,,,100049,,,,,,,
Structure1_WGS84/85527,0101000000681334217E145AC0D82ADFA5272B4940,CLOSR:BSCLS:C171439,BS CLOSURE,IPL,,LACC_APLOWED_C,REGNSK,,REGNSK01,SASKTEL,,,100049,,,,,,,
Structure1_WGS84/85598,010100000094C89512D3265AC018ED2E13EF3A4940,CLOSR:BSCLS:C276709,BS CLOSURE,ABD,,LACC_APLOWED_C,REGNSK,,REGNSK01,SASKTEL,,,100049,,,,,,,
Structure1_WGS84/85656,0101000000403C5193722D5AC0F8C61EE141384940,CLOSR:BSCLS:C191000,BS CLOSURE,ABD,,LACC_ATRENCH_C,REGNSK,,REGNSK01,SASKTEL,,,100049,,,,,,,
Structure1_WGS84/85660,01010000009C613FCB002C5AC0A8B2EFF73C2B4940,CLOSR:BSCLS:C191399,BS CLOSURE,IPL,,LACC_APLOWED_C,REGNSK,,REGNSK03,SASKTEL,,,100049,,,,,,,
Structure1_WGS84/85684,01010000006CEC5BAB52295AC0608A2648D33E4940,CLOSR:BSCLS:C224841,BS CLOSURE,IPL,,LACC_APLOWED_C,REGNSK,,REGNSK04,SASKTEL,,,100049,,,,,,,
Structure1_WGS84/85687,010100000028DCDBF55E2A5AC070CB40054A3E4940,CLOSR:BSCLS:C227339,BS CLOSURE,IPL,,LACC_ATRENCH_C,REGNSK,,REGNSK04,SASKTEL,,,100049,,,,,,,
Structure1_WGS84/85688,01010000005CEC18B2D5295AC0A81677144B3D4940,CLOSR:BSCLS:C227903,BS CLOSURE,IPL,,LACC_ATRENCH_C,REGNSK,,REGNSK04,SASKTEL,,,100049,,,,,,,
Structure1_WGS84/85743,0101000000F8E9F69487375AC0C883BD8E9A514940,CLOSR:BSCLS:C78707,BS CLOSURE,IPL,,LACC_ATRENCH_C,LMSDSK,,LMSDSK01,SASKTEL,,,100049,,,,,,IHMED1,2016-11-22T12:06:02
Structure1_WGS84/85806,0101000000A478157F7FF459C000F462987B434940,CLOSR:BSCLS:C172191,BS CLOSURE,IPL,,LACC_APLOWED_C,QAPLSK,,QAPLSK01,SASKTEL,2012,,100049,,962503,,,,IHMED1,2016-11-24T09:37:20
Structure1_WGS84/85858,01010000006C4DCC108D0E5AC050DC73CB943F4940,CLOSR:BSCLS:C101506,BS CLOSURE,IPL,,LACC_APLOWED_F,BLGNSK,,BLGNSK01,SASKTEL,,GP 2E-05,100049,,,,,,IHMED1,2016-11-24T08:52:21
Structure1_WGS84/85933,0101000000DC707A7288245AC0887AE3D962454940,CLOSR:BSCLS:C212285,BS CLOSURE,IPL,,LACC_APLOWED_C,REGNSK,,REGNSK04,SASKTEL,,,100049,,,,,,,
Structure1_WGS84/85982,0101000000C0A1406AB6375AC088B259908E534940,CLOSR:BSCLS:C84543,BS CLOSURE,IPL,,LACC_ATRENCH_C,LMSDSK,,LMSDSK01,SASKTEL,,,100049,,,,,,IHMED1,2016-11-22T12:05:17
Structure1_WGS84/85988,0101000000946E2466FC4E5BC0A88B7560AFB24840,CLOSR:BSCLS:C506108,BS CLOSURE,IPL,,LACC_APLOWED_F,CNSLSK,,CNSLSK03,SASKTEL,,,100049,R1303 P1H,,,,,IHMED1,2016-11-14T14:20:55
Structure1_WGS84/86089,01010000002C27174C046A59C07818E3FB56124940,CLOSR:BSCLS:C143807,BS CLOSURE,IPL,,LACC_ATRENCH_C,MSMNSK,,MSMNSK01,SASKTEL,,,100049,,,,,,IHMED1,2016-11-17T09:23:09
Structure1_WGS84/86182,0101000000505237823A6D59C028039A84A2154940,CLOSR:BSCLS:C168549,BS CLOSURE,IPL,,LACC_APLOWED_F,MSMNSK,,MSMNSK01,SASKTEL,,,100049,,,,,,IHMED1,2016-11-17T09:22:11
Structure1_WGS84/86249,010100000054EB1AE631285AC030EBF7F7AB3A4940,CLOSR:BSCLS:C213757,BS CLOSURE,IPL,,LACC_APLOWED_C,REGNSK,,REGNSK01,SASKTEL,,NOT IN MARTENS DATA,100049,,,,,,,
Structure1_WGS84/86251,0101000000243B91BB032C5AC0786A1B0A953D4940,CLOSR:BSCLS:C210611,BS CLOSURE,IPL,,LACC_ATRENCH_C,REGNSK,,REGNSK04,SASKTEL,,,100049,,,,,,,
Structure1_WGS84/86296,01010000008468C54ED09059C0602F82704C1C4940,CLOSR:BSCLS:C138232,BS CLOSURE,IPL,,LACC_APLOWED_C,WHWDSK,,WHWDSK01,SASKTEL,,,100049,,,,,,IHMED1,2016-11-18T09:32:01
Structure1_WGS84/86328,01010000006CED2BAC27225BC0B032BFAC66D04840,CLOSR:BSCLS:C516314,BS CLOSURE,IPL,,LACC_APLOWED_C,SHNVSK,,SHNVSK01,SASKTEL,,,100049,,,,,,IHMED1,2016-11-14T11:21:12
Structure1_WGS84/86364,0101000000B02C4C6ADE8159C008C211BB6EF34840,CLOSR:BSCLS:C168259,BS CLOSURE,IPL,,LACC_APLOWED_C,WAWTSK,,WAWTSK01,SASKTEL,,,100049,,,,,,IHMED1,2016-11-17T08:53:26
Structure1_WGS84/86378,010100000008675EDEE1E259C000D6979DEC484940,CLOSR:BSCLS:C124913,BS CLOSURE,IPL,,LACC_APLOWED_C,INHDSK,,INHDSK01,SASKTEL,,,100049,,,,,,IHMED1,2016-11-24T13:36:18
Structure1_WGS84/86424,01010000002428F79BA62D5AC060FEBDC0DE144940,CLOSR:BSCLS::12890778,BS CLOSURE,IPL,,LACC_APLOWED_C,WLCXSK,,WLCXSK01,SASKTEL,2023,,100049,,821787,,MCCAT1,2023-07-26T13:43:23,BINGA1,2024-05-20T05:08:57
Structure1_WGS84/86505,0101000000E00AEB701B295AC0D02C878576344940,CLOSR:BSCLS:C181451,BS CLOSURE,ABD,,LACC_ATRENCH_C,REGNSK,,REGNSK03,SASKTEL,,,100049,,,,,,VUDUP1,2019-01-22T08:07:30
Structure1_WGS84/86508,0101000000145CD1B8E0DE59C0504CF70AB0274940,CLOSR:BSCLS::9973998,BS CLOSURE,IPL,,LACC_APLOWED_C,SNTLSK,,ASRSSK01,SASKTEL,2018,,100049,,804447,,ESLIG1,2018-05-29T14:28:10,KAURP3,2020-05-22T00:00:14
Structure1_WGS84/86553,0101000000D8298D001D245AC05882C497C5774940,LOSR:BSCLS::11254604,BS CLOSURE,IPL,,LACC_APLOWED_C,STHYSK,,STHYSK01,SASKTEL,,,100049,,,,KATRR1,2020-12-22T03:10:40,KATRR1,2020-12-22T04:14:47
Structure1_WGS84/86606,010100000084C506DD2E3E5AC05875A14F2A8C4940,CLOSR:BSCLS:C118444,BS CLOSURE,ABD,,LACC_APLOWED_F,STBGSK,,STBGSK01,SASKTEL,,,100049,,,,,,BALLB1,2019-04-12T01:34:52
Structure1_WGS84/86647,0101000000F8F27441AC235AC0B8D375CC2C3D4940,CLOSR:BSCLS:C356588,BS CLOSURE,IPL,,LACC_ATRENCH_C,REGNSK,,REGNSK46,SASKTEL,2012,,100049,,965450,,,,GOPIA1,2024-03-25T05:49:04
Structure1_WGS84/86656,0101000000C04FDC24B83A5AC0A8739526D9354940,CLOSR:BSCLS:C160781,BS CLOSURE,ABD,,LACC_APLOWED_F,PENSSK,,PENSSK01,SASKTEL,,,100049,,,,,,BALLB1,2019-04-30T23:11:16
Structure1_WGS84/86696,0101000000B89581AA21F959C020403D25C3654940,CLOSR:BSCLS::9875091,BS CLOSURE,IPL,,LACC_APLOWED_C,FTQPSK,,SBIRSK01,SASKTEL,2018,,100049,,804158,,WILLJ2,2018-03-22T14:27:44,WILLJ2,2019-01-30T11:12:09
Structure1_WGS84/86698,01010000002495C102CC2C5AC0F85DC16B142E4940,CLOSR:BSCLS::9624522,BS CLOSURE,IPL,,LACC_APLOWED_C,REGNSK,,REGNSK03,SASKTEL,2017,,100049,,801983,,WILLJ2,2017-08-15T16:02:18,WILLJ2,2017-08-15T16:16:12
Structure1_WGS84/86758,0101000000404F1CA389295BC0D08C4E6862BD4840,CLOSR:BSCLS::12678955,BS CLOSURE,IPL,,LACC_APLOWED_C,SHNVSK,,DLRDSK01,SASKTEL,,,100049,,,,PITTM1,2023-03-14T23:51:49,THUND1,2024-03-19T00:29:15
Structure1_WGS84/86764,0101000000B8380929A8FE5AC04860F9B489E44840,CLOSR:BSCLS::11981013,BS CLOSURE,IPL,,LACC_ATRENCH_C,SHNVSK,,ADMRSK03,SASKTEL,2021,,100049,,813533,,HUNTG1,2022-03-21T12:02:52,RAVAG1,2023-11-02T23:00:31
Structure1_WGS84/86778,0101000000E05262C533355BC01857A41521C04840,CLOSR:BSCLS:C530312,BS CLOSURE,IPL,,LACC_APLOWED_F,ESNDSK,,ESNDSK01,SASKTEL,,18M W OF FL,100049,,,,,,VUDUP1,2018-10-16T13:08:26
Structure1_WGS84/86881,0101000000E8F722AC96F05AC018A1EE5C081F4940,CLOSR:BSCLS:C546369,BS CLOSURE,IPL,,LACC_APLOWED_C,SWCRSK,,SWCRSK02,SASKTEL,,,100049,,,,,,PALGS1,2019-06-21T04:10:53
Structure1_WGS84/87107,010100000008E08CB8053C5AC068FAAD8984864940,CLOSR:BSCLS:C109622,BS CLOSURE,ABD,,LACC_APLOWED_F,STBGSK,,STBGSK01,SASKTEL,,,100049,,,,,,ADELL2,2018-09-23T23:01:56
Structure1_WGS84/87137,0101000000C0B0C650C3245BC0481442F040094940,CLOSR:BSCLS:C570681,BS CLOSURE,IPL,,LACC_APLOWED_F,GLLKSK,,GLLKSK01,SASKTEL,,,100049,,,,,,SZOSG1,2016-11-24T17:50:53
Structure1_WGS84/87148,010100000070C95A0BDFB459C03889ADB20C194940,CLOSR:BSCLS::12671242,BS CLOSURE,IPL,,LACC_APLOWED_C,WNDTSK,,WNDTSK01,SASKTEL,,,100049,,,,BINGA1,2023-03-14T00:56:41,THUND1,2024-03-08T02:01:28
Structure1_WGS84/87225,010100000050571DBD6A6B59C0E80216B4E1164940,CLOSR:BSCLS::13238684,BS CLOSURE,PDA,MSMN824249-0000,LACC_ATRENCH_C,MSMNSK,,MSMNSK01,SASKTEL,2024,,100049,,824249,,WIESJ3,2024-08-13T11:28:44,WIESJ3,2024-10-22T09:37:33
Structure1_WGS84/87229,01010000003C1A8643DA375AC0405D59E650444940,CLOSR:BSCLS:C248612,BS CLOSURE,IPL,,LACC_APLOWED_C,REGNSK,,REGNSK04,SASKTEL,,,100049,,,,,,ADELL2,2018-10-23T04:24:47
Structure1_WGS84/87319,0101000000BC1BBAC203265BC0F0ADE38D86F54840,CLOSR:BSCLS::13088524,BS CLOSURE,IPL,,LACC_APLOWED_C,GLLKSK,,GLLKSK04,SASKTEL,2024,,100049,,822957,,KAURR2,2023-12-06T09:57:09,POTIT1,2024-08-28T00:01:29
Structure1_WGS84/87344,01010000004C50CA71F52A5AC018410069F23D4940,CLOSR:BSCLS:C228625,BS CLOSURE,IPL,,LACC_ATRENCH_C,REGNSK,,REGNSK04,SASKTEL,,,100049,,,,,,BOUCR1,2021-10-20T15:34:44
Structure1_WGS84/87362,01010000002411B1262E445BC02806F558B3FE4840,LOSR:BSCLS::10944843,BS CLOSURE,IPL,,LACC_ATRENCH_C,PIPTSK,,PIPTSK01,SASKTEL,2020,,100049,,809236,,HUNTG1,2020-06-02T12:08:34,HUNTG1,2021-10-05T11:15:43
Structure1_WGS84/87398,0101000000D8948D2F832A5AC018D8C6B97C314940,CLOSR:BSCLS:C226032,BS CLOSURE,IPL,,LACC_APLOWED_C,REGNSK,,REGNSK03,SASKTEL,,,100049,,,,,,PALGS1,2019-08-23T01:44:08
Structure1_WGS84/87481,010100000058903083262F5BC0E86F4C0092094940,CLOSR:BSCLS:C530556,BS CLOSURE,IPL,,LACC_APLOWED_C,TPKNSK,,TPKNSK01,SASKTEL,,,100049,,,,,,AYYAN1,2019-06-20T08:48:23
Structure1_WGS84/87483,01010000003853A49F89115AC0B0008DDC973D4940,CLOSR:BSCLS::9325324,BS CLOSURE,IPL,,LACC_APLOWED_C,BLGNSK,,BLGNSK01,SASKTEL,2016,,100049,,983989,,WILLJ2,2016-12-07T13:46:41,DASAS1,2018-12-27T11:03:09
Structure1_WGS84/87511,0101000000DCC3DEF151265BC07815F278C2084940,CLOSR:BSCLS::11701323,BS CLOSURE,IPL,,LACC_APLOWED_C,GLLKSK,,GLLKSK01,SASKTEL,2022,,100049,,815140,,HUNTG1,2021-10-13T15:12:20,POTIT1,2023-09-25T04:22:54
Structure1_WGS84/87524,0101000000ECCBE77CDB195AC030E8EB692F794940,CLOSR:BSCLS::13286618,BS CLOSURE,IPL,,LACC_ATRENCH_F,STHYSK,,STHYSK01,SASKTEL,2024,,100049,,,,ESLIG1,2024-10-31T11:19:50,ESLIG1,2024-10-31T11:36:17
Structure1_WGS84/87558,01010000002006D393C6255AC088FC35F17F3D4940,CLOSR:BSCLS:C234585,BS CLOSURE,IPL,,LACC_ATRENCH_C,REGNSK,,REGNSK12,SASKTEL,,,100049,,,,,,CHENR1,2021-11-23T01:19:01
Structure1_WGS84/87611,0101000000840FAB93C12A5AC0208A625CABFA4840,CLOSR:BSCLS::9965966,BS CLOSURE,IPL,,LACC_APLOWED_C,MLSTSK,,MLSTSK01,SASKTEL,2017,,100049,,801900,,KAURP3,2018-05-24T10:14:44,PALGS1,2019-01-17T21:06:21
Structure1_WGS84/87687,010100000090035D98987759C050D900A42A214940,CLOSR:BSCLS:C171013,BS CLOSURE,IPL,,LACC_APLOWED_F,WPLLSK,,WPLLSK01,SASKTEL,,GP 4I-26,100049,,,,,,PALGS1,2019-04-12T00:49:07
Structure1_WGS84/87692,0101000000706E13EE95245AC0887FC0EC263D4940,CLOSR:BSCLS:C210670,BS CLOSURE,IPL,,LACC_APLOWED_C,REGNSK,,REGNSK12,SASKTEL,,,100049,,,,,,CHENR1,2021-11-23T01:18:45
Structure1_WGS84/87697,0101000000346F02F7CF345BC0005C487B14494940,CLOSR:BSCLS:C504584,BS CLOSURE,IPL,,LACC_APLOWED_C,ABBYSK,,ABBYSK03,SASKTEL,,,100049,,,,,,CHENR1,2021-11-29T08:18:48
Structure1_WGS84/87751,0101000000CCE5A8D13BE659C00015A6E00A824940,CLOSR:BSCLS:C171281,BS CLOSURE,IPL,,LACC_APLOWED_C,BLCRSK,,BLCRSK03,SASKTEL,,,100049,,,,,,CHENR1,2021-12-06T22:06:26
Structure1_WGS84/87874,010100000070B58750D4165AC090BCC2DBB3774940,CLOSR:BSCLS:C161520,BS CLOSURE,IPL,,LACC_APLOWED_C,STHYSK,,STHYSK01,SASKTEL,,,100049,,,,,,PONNL1,2019-12-31T04:43:57
Structure1_WGS84/87936,01010000007C2DD523526B59C000F31E4153144940,CLOSR:BSCLS:C146997,BS CLOSURE,IPL,,LACC_APLOWED_C,MSMNSK,,MSMNSK01,SASKTEL,,,100049,,,,,,VUDUP1,2020-01-06T22:04:31
Structure1_WGS84/87939,0101000000A8E9A8DA56AC59C0B8930A95C5254940,CLOSR:BSCLS:C115058,BS CLOSURE,IPL,,LACC_APLOWED_C,BRVWSK,,BRVWSK01,SASKTEL,,,100049,,,,,,PALGS1,2019-12-27T01:20:25
Structure1_WGS84/88100,01010000001C3F6AFF425B5AC020BF4501C48E4940,CLOSR:BSCLS:C87350,BS CLOSURE,IPL,,LACC_APLOWED_C,LBRTSK,,LBRTSK02,SASKTEL,,,100049,,,,,,CHENR1,2019-11-29T12:45:52
Structure1_WGS84/88124,0101000000302735A29EF559C0B81BEB1F5A464940,CLOSR:BSCLS:C140932,BS CLOSURE,IPL,,LACC_APLOWED_C,QAPLSK,,QAPLSK01,SASKTEL,,,100049,,,,,,YERRS2,2019-12-06T03:27:24
Structure1_WGS84/88155,0101000000A0ED1482C7F159C070F3C5FF99434940,CLOSR:BSCLS:C169548,BS CLOSURE,IPL,,LACC_APLOWED_C,INHDSK,,INHDSK01,SASKTEL,,,100049,,,,,,MEYEB2,2019-10-09T09:20:13
Structure1_WGS84/88225,0101000000E8463E0060C259C018310B3EE4234940,CLOSR:BSCLS:C137354,BS CLOSURE,IPL,,LACC_APLOWED_C,GRNFSK,,GRNFSK01,SASKTEL,,,100049,,,,,,PONNL1,2019-12-29T22:37:06
Structure1_WGS84/88362,010100000064DBE07966F15AC088B8020F6E244940,CLOSR:BSCLS:C542286,BS CLOSURE,IPL,,LACC_APLOWED_C,SWCRSK,,SWCRSK02,SASKTEL,,,100049,,,,,,WILLJ2,2020-02-27T09:15:58
Structure1_WGS84/88412,0101000000F81507D709225AC0F0766BA3BE094940,CLOSR:BSCLS:C94966,BS CLOSURE,IPL,,LACC_APLOWED_C,MLSTSK,,MLSTSK01,SASKTEL,,,100049,,,,,,BALLB1,2019-12-21T00:04:45
Structure1_WGS84/88419,01010000002866E5E0F76D5AC048F5CB049C7E4940,CLOSR:BSCLS:C104769,BS CLOSURE,IPL,,LACC_APLOWED_C,CRAKSK,,CRAKSK01,SASKTEL,,,100049,,,,,,PONNL1,2020-05-20T05:17:57
Structure1_WGS84/88440,010100000030AC5E5508135AC0F8CFC6C3DB344940,CLOSR:BSCLS:C153731,BS CLOSURE,IPL,,LACC_APLOWED_C,BLGNSK,,BLGNSK01,SASKTEL,,,100049,,,,,,MACHS1,2019-12-12T22:28:41
Structure1_WGS84/88537,0101000000CC2D9DA453355AC0802CD09D895B4940,CLOSR:BSCLS:C86248,BS CLOSURE,IPL,,LACC_APLOWED_C,LMSDSK,,CRVNSK04,SASKTEL,,,100049,,,,,,CHENR1,2021-12-27T05:54:54
Structure1_WGS84/88564,0101000000AC665364035D5BC0D036CBC05CDA4840,CLOSR:BSCLS:C530997,BS CLOSURE,IPL,,LACC_APLOWED_C,MPCKSK,,CYHLSK03,SASKTEL,,,100049,,,,,,CHENR1,2021-12-27T09:48:21
Structure1_WGS84/88596,010100000094445E25CB095AC038A85DB697614940,CLOSR:BSCLS:C107532,BS CLOSURE,IPL,,LACC_APLOWED_C,CUPRSK,,CUPRSK03,SASKTEL,,,100049,,,,,,CHENR1,2021-12-27T09:28:31
Structure1_WGS84/88600,0101000000F47D6B39CD345AC0F0164F77FD344940,CLOSR:BSCLS:C206328,BS CLOSURE,IPL,,LACC_APLOWED_C,REGNSK,,GDCLSK03,SASKTEL,,,100049,,,,,,CHENR1,2022-02-02T06:17:44
Structure1_WGS84/88614,01010000009CF5C1E3CF415BC04852B06B60C24840,CLOSR:BSCLS:C572274,BS CLOSURE,IPL,,LACC_APLOWED_F,ESNDSK,,RVNSSK01,SASKTEL,,,100049,R1303 P2D,,,,,CHENR1,2022-02-01T01:34:15
Structure1_WGS84/88633,010100000024FD3624EB2E5AC068BEF76228464940,CLOSR:BSCLS:C199862,BS CLOSURE,IPL,,LACC_APLOWED_C,REGNSK,,CONDSK03,SASKTEL,,,100049,,,,,,CHENR1,2021-12-25T07:45:27
Structure1_WGS84/88637,010100000018BF464B2BD759C078D19718EA144940,CLOSR:BSCLS:C150549,BS CLOSURE,IPL,,LACC_APLOWED_C,MTMRSK,,CNDCSK01,SASKTEL,,,100049,,,,,,CHENR1,2021-12-25T03:09:49
Structure1_WGS84/88642,0101000000601AAE57161F5AC060927CF29E374940,CLOSR:BSCLS:C202801,BS CLOSURE,IPL,,LACC_APLOWED_F,REGNSK,,REGNSK46,SASKTEL,,,100049,,,,,,CHENR1,2022-03-26T02:10:23
Structure1_WGS84/88667,0101000000A0C8AE42B7D95AC0182F7B1E8B344940,CLOSR:BSCLS:C531836,BS CLOSURE,IPL,,LACC_APLOWED_C,SWCRSK,,WLDCSK02,SASKTEL,,,100049,,,,,,CHENR1,2022-01-27T05:35:55
Structure1_WGS84/88698,01010000007C7A507651075AC078D4CB6EB4324940,CLOSR:BSCLS:C113690,BS CLOSURE,IPL,,LACC_APLOWED_C,BLGNSK,,DAVNSK01,SASKTEL,,,100049,,,,,,CHENR1,2021-12-28T08:12:12
Structure1_WGS84/88799,010100000040BC6E4489005BC0A005512C741F4940,CLOSR:BSCLS:C571077,BS CLOSURE,IPL,,LACC_APLOWED_C,SWCRSK,,SWCRSK22,SASKTEL,,,100049,,,,,,CHENR1,2022-01-27T04:18:50
Structure1_WGS84/88817,01010000004839BAA5D0B059C0D098A343372D4940,CLOSR:BSCLS:C129313,BS CLOSURE,IPL,,LACC_APLOWED_C,GRNFSK,,OKSHSK01,SASKTEL,,,100049,,,,,,CHENR1,2022-03-16T08:09:01
Structure1_WGS84/88819,010100000038C86789E09759C070FD32BA31394940,CLOSR:BSCLS:C175192,BS CLOSURE,IPL,,LACC_APLOWED_C,BRVWSK,,OCIRSK01,SASKTEL,,,100049,,,,,,CHENR1,2022-03-16T07:49:46
Structure1_WGS84/88838,01010000001C00853B966D5BC0F81335085B634940,CLOSR:BSCLS:C530130,BS CLOSURE,ABD,,LACC_APLOWED_F,LEDRSK,,MNHMSK01,SASKTEL,,,100049,,,,,,CHENR1,2022-02-22T03:48:44
Structure1_WGS84/88853,0101000000B41CAA879A7D5AC0E0C24E0CA4934940,CLOSR:BSCLS:C97325,BS CLOSURE,IPL,,LACC_APLOWED_C,DVSNSK,,GRVNSK01,SASKTEL,,,100049,,,,,,CHENR1,2022-02-04T05:38:50
Structure1_WGS84/88918,01010000006891C6FE38625BC0580513E777564940,CLOSR:BSCLS:C517803,BS CLOSURE,IPL,,LACC_APLOWED_C,LEDRSK,,LBNTSK01,SASKTEL,,,100049,,,,,,CHENR1,2022-02-11T03:55:55
Structure1_WGS84/88919,0101000000440D8A0CE95D5BC09016C7EBBB534940,CLOSR:BSCLS::7386412,BS CLOSURE,IPL,,LACC_APLOWED_C,LEDRSK,,LBNTSK01,SASKTEL,2013,,100049,,966534,,,,CHENR1,2022-02-11T03:55:56
Structure1_WGS84/88931,0101000000EC9F80831C195AC0F0F45F616D384940,CLOSR:BSCLS:C169759,BS CLOSURE,IPL,,LACC_ATRENCH_C,REGNSK,,WHCYSK01,SASKTEL,,,100049,,,,,,CHENR1,2022-04-27T06:54:35
Structure1_WGS84/88932,01010000000C187C7E1E1A5AC08001C1DF19394940,CLOSR:BSCLS:C170252,BS CLOSURE,ABD,,LACC_ATRENCH_C,REGNSK,,WHCYSK01,SASKTEL,,,100049,,,,,,CHENR1,2022-04-27T06:55:42
Structure1_WGS84/88947,0101000000CCCE882326E759C0306F1AB7E5224940,CLOSR:BSCLS:C151642,BS CLOSURE,IPL,,LACC_APLOWED_C,MTMRSK,,KENDSK01,SASKTEL,,,100049,,,,,,CHENR1,2022-03-09T08:52:16
Structure1_WGS84/88999,0101000000A0466A9F432A5AC0381847D8FC634940,CLOSR:BSCLS:C210978,BS CLOSURE,IPL,,LACC_APLOWED_C,REGNSK,,KNNLSK01,SASKTEL,,,100049,,,,,,CHENR1,2022-03-10T03:03:48
Structure1_WGS84/89001,01010000005C9F94A4A6145AC0208107BFFA4E4940,CLOSR:BSCLS:C227770,BS CLOSURE,IPL,,LACC_APLOWED_C,REGNSK,,ZHNRSK02,SASKTEL,,,100049,,,,,,CHENR1,2022-05-02T06:58:22
Structure1_WGS84/89002,0101000000AC0941C5D3195AC068307E3B85514940,CLOSR:BSCLS:C240485,BS CLOSURE,IPL,,LACC_APLOWED_C,REGNSK,,ZHNRSK02,SASKTEL,,,100049,,,,,,CHENR1,2022-05-02T06:58:25
Structure1_WGS84/89062,010100000024EC27D8A96C5BC0B84340E153FC4840,CLOSR:BSCLS:C525099,BS CLOSURE,IPL,,LACC_APLOWED_C,MPCKSK,,HTTNSK01,SASKTEL,,,100049,,,,,,CHENR1,2022-03-03T06:11:46
Structure1_WGS84/89079,01010000008C50D331DEFB5AC0483E84656AFB4840,CLOSR:BSCLS:C513004,BS CLOSURE,IPL,,LACC_APLOWED_C,NEVLSK,,LCPLSK02,SASKTEL,,,100049,,,,,,CHENR1,2022-02-11T05:03:26
Structure1_WGS84/89101,0101000000188C0ED1F3C95AC028FBCB812D134940,CLOSR:BSCLS:C570356,BS CLOSURE,IPL,,LACC_APLOWED_C,HDVLSK,,HDVLSK01,SASKTEL,,,100049,,,,,,CHENR1,2022-03-03T00:03:22
Structure1_WGS84/89132,01010000009041416BB6375AC090CDC4FD92534940,CLOSR:BSCLS:C84546,BS CLOSURE,IPL,,LACC_ATRENCH_C,LMSDSK,,LMSDSK01,SASKTEL,,,100049,F 740 LAKE ST,,,,,BOUCR1,2022-04-20T15:16:07
Structure1_WGS84/89142,0101000000E8774ACF001B5BC048FA573DFDDE4840,CLOSR:BSCLS:C526932,BS CLOSURE,IPL,,LACC_APLOWED_F,SHNVSK,,SHNVSK04,SASKTEL,,,100049,,,,,,CHENR1,2022-04-01T08:54:52
Structure1_WGS84/89143,010100000074E97376311D5BC0B8671182BCF24840,CLOSR:BSCLS:C573545,BS CLOSURE,IPL,,LACC_APLOWED_F,SHNVSK,,SHNVSK04,SASKTEL,,,100049,,,,,,CHENR1,2022-04-01T08:54:53
Structure1_WGS84/89174,01010000009CB9054D36F55AC0F8C5B30B53244940,CLOSR:BSCLS:C548285,BS CLOSURE,IPL,,LACC_ATRENCH_C,SWCRSK,,SWCRSK02,SASKTEL,,,100049,,,,,,,
Structure1_WGS84/89205,010100000080E22AC3561A5AC01058BD59093E4940,CLOSR:BSCLS:C195632,BS CLOSURE,IPL,,LACC_APLOWED_C,REGNSK,,PLBTSK01,SASKTEL,,,100049,,,,,,CHENR1,2022-03-18T04:02:36
Structure1_WGS84/89208,0101000000A48A812C461B5AC0600A1D7B83634940,CLOSR:BSCLS:C221840,BS CLOSURE,IPL,,LACC_APLOWED_C,REGNSK,,PPIRSK01,SASKTEL,,,100049,,,,,,CHENR1,2022-03-18T04:48:12
Structure1_WGS84/89275,0101000000CCDCE097BCA959C0103E3CD481484940,CLOSR:BSCLS::7151199,BS CLOSURE,IPL,,LACC_APLOWED_C,BRVWSK,,MARLSK01,SASKTEL,2013,,100049,,0,,,,CHENR1,2022-03-14T03:12:00
Structure1_WGS84/89369,01010000000C775B0DBC405AC058CECBEC29684940,CLOSR:BSCLS:C84159,BS CLOSURE,IPL,,LACC_APLOWED_C,LMSDSK,,SABHSK01,SASKTEL,,,100049,,,,,,CHENR1,2022-03-30T03:59:36
Structure1_WGS84/89377,01010000004893E5335F275AC0E021AD1A4C374940,CLOSR:BSCLS:C204128,BS CLOSURE,IPL,,LACC_APLOWED_C,REGNSK,,REGNSK01,SASKTEL,,,100049,,,,,,CHENR1,2022-04-08T07:11:10
Structure1_WGS84/89383,0101000000B8150940D8015AC0E8EFEDE92C644940,CLOSR:BSCLS:C136354,BS CLOSURE,IPL,,LACC_ATRENCH_C,FTQPSK,,SBIRSK01,SASKTEL,,,100049,,,,,,CHENR1,2022-03-30T07:09:28
Structure1_WGS84/89393,0101000000844F6ACA56215AC0486EC4356C354940,CLOSR:BSCLS:C188810,BS CLOSURE,ABD,,LACC_APLOWED_C,REGNSK,,REGNSK45,SASKTEL,,,100049,,,,,,CHENR1,2022-04-08T07:34:37
Structure1_WGS84/89444,01010000004C7BB2B1BE1E5AC098DB4BF4DB3A4940,CLOSR:BSCLS:C203156,BS CLOSURE,IPL,,LACC_APLOWED_C,REGNSK,,REGNSK46,SASKTEL,,,100049,,,,,,CHENR1,2022-03-26T02:05:08
Structure1_WGS84/89600,01010000000C7025615D6F5BC0C8B8410BCE294940,CLOSR:BSCLS:C538928,BS CLOSURE,IPL,,LACC_APLOWED_C,RCHMSK,,RCHMSK02,SASKTEL,,,100049,,,,,,CHENR1,2022-04-08T03:25:58
Structure1_WGS84/89639,0101000000044B4A81F2475AC0E007FBA40A764940,CLOSR:BSCLS:C76930,BS CLOSURE,IPL,,LACC_APLOWED_C,STBGSK,,SBBHSK01,SASKTEL,2000,,100049,,,,,,CHENR1,2022-03-30T06:59:42
Structure1_WGS84/89648,0101000000E816CEF6A7015BC0E8A44C44E17A4940,CLOSR:BSCLS:C560454,BS CLOSURE,IPL,,LACC_APLOWED_C,KYLESK,,TBRSSK01,SASKTEL,,,100049,,,,,,CHENR1,2022-04-19T03:07:13
Structure1_WGS84/89829,0101000000406E8E8C18015BC0003627695D634940,CLOSR:BSCLS:C375679,BS CLOSURE,IPL,,LACC_APLOWED_F,KYLESK,,SKLDSK01,SASKTEL,,,100049,,,,,,CHENR1,2022-04-05T02:11:32
Structure1_WGS84/89851,01010000009CED6B3944B159C0903D07D8BF4B4940,CLOSR:BSCLS:C170566,BS CLOSURE,IPL,,LACC_APLOWED_C,GRNFSK,,SYIRSK01,SASKTEL,,,100049,F L15 SURVEYED RD,,,,,CHENR1,2022-04-18T03:11:40
Structure1_WGS84/90533,010100000050FF352DAC505BC0A84B446775724940,CLOSR:BSCLS:C512056,BS CLOSURE,IPL,,LACC_APLOWED_C,SCPTSK,,SCPTSK01,SASKTEL,,,100049,,,,,,,
Structure1_WGS84/90652,0101000000F8C23B2BEFFF59C098D7B2CBA3424940,CLOSR:BSCLS:C134996,BS CLOSURE,IPL,,LACC_APLOWED_C,QAPLSK,,QAPLSK01,SASKTEL,,,100049,,,,,,IHMED1,2016-11-24T09:37:27
Structure1_WGS84/90654,010100000034A34E8F790B5AC088296FECBE3F4940,CLOSR:BSCLS:C113669,BS CLOSURE,IPL,,LACC_APLOWED_C,BLGNSK,,BLGNSK01,SASKTEL,,,100049,,,,,,IHMED1,2016-11-24T08:52:03
Structure1_WGS84/90690,0101000000D47767B50C2D5BC0F0E38EC2ABC34840,CLOSR:BSCLS:C518014,BS CLOSURE,ABD,,LACC_APLOWED_C,ESNDSK,,ESNDSK01,SASKTEL,,,100049,,,,,,IHMED1,2016-11-14T13:35:32
Structure1_WGS84/90721,0101000000E0B639727D285AC0C0ADB17493424940,CLOSR:BSCLS:C203093,BS CLOSURE,IPL,,LACC_ATRENCH_C,REGNSK,,REGNSK04,SASKTEL,,,100049,,,,,,,
Structure1_WGS84/90743,0101000000D4E1A80F36FC59C010BC77FA9F4A4940,CLOSR:BSCLS:C127635,BS CLOSURE,IPL,,LACC_APLOWED_C,QAPLSK,,QAPLSK01,SASKTEL,,,100049,,,,,,IHMED1,2016-11-24T09:37:17
Structure1_WGS84/90772,0101000000C88DBA8758025BC008C41DA2236A4940,CLOSR:BSCLS:C346866,BS CLOSURE,IPL,,LACC_ATRENCH_C,KYLESK,,KYLESK01,SASKTEL,,,100049,,,,,,,
Structure1_WGS84/90826,010100000044F557412C7659C0302C8D9F93454940,CLOSR:BSCLS:C151721,BS CLOSURE,ABD,,LACC_APLOWED_C,TNTLSK,,TNTLSK01,SASKTEL,,,100049,,,,,,IHMED1,2016-11-17T13:30:17
Structure1_WGS84/90911,01010000004CD0952429C55AC0E8846F85632B4940,CLOSR:BSCLS:C503724,BS CLOSURE,IPL,,LACC_APLOWED_C,MORSSK,,MORSSK01,SASKTEL,,,100049,,,,,,,
Structure1_WGS84/90963,010100000020E20E1D60245AC018CB773AE1384940,CLOSR:BSCLS:C178730,BS CLOSURE,IPL,,LACC_ATRENCH_C,REGNSK,,REGNSK01,SASKTEL,,,100049,,,,,,,
Structure1_WGS84/90978,010100000048F62D4562B059C01891CAAF47144940,CLOSR:BSCLS:C148313,BS CLOSURE,IPL,,LACC_APLOWED_C,WNDTSK,,WNDTSK01,SASKTEL,,,100049,,,,,,IHMED1,2016-11-18T12:01:45
Structure1_WGS84/90981,01010000004C89076E46225BC08080D99D2BD54840,CLOSR:BSCLS::7386429,BS CLOSURE,ABD,,LACC_APLOWED_C,SHNVSK,,SHNVSK01,SASKTEL,2013,,100049,,964126,,,,IHMED1,2016-11-14T11:22:13
Structure1_WGS84/91016,0101000000B4EA4A3624275AC0D863C09EDE3A4940,CLOSR:BSCLS:C212790,BS CLOSURE,IPL,,LACC_APLOWED_C,REGNSK,,REGNSK01,SASKTEL,,,100049,,,,,,,
Structure1_WGS84/91046,0101000000C8CE723E341E5AC0906CE041C5774940,CLOSR:BSCLS:C160898,BS CLOSURE,ABD,,LACC_APLOWED_C,STHYSK,,STHYSK01,SASKTEL,,,100049,,,,,,IHMED1,2016-11-23T15:07:40
Structure1_WGS84/91107,01010000000C5239EB482B5AC0F0F006545C3C4940,CLOSR:BSCLS:C207499,BS CLOSURE,IPL,,LACC_ATRENCH_C,REGNSK,,REGNSK04,SASKTEL,,,100049,,,,,,,
Structure1_WGS84/91110,01010000004CEACE8A1D205AC0487647617F4E4940,CLOSR:BSCLS:C204132,BS CLOSURE,IPL,,LACC_APLOWED_C,REGNSK,,REGNSK04,SASKTEL,,NO IN AP MARTENES,100049,,,,,,,
Structure1_WGS84/91355,0101000000545F5F16D3265AC0B88B8042F1374940,CLOSR:BSCLS:C189858,BS CLOSURE,IPL,,LACC_ATRENCH_C,REGNSK,,REGNSK01,SASKTEL,,,100049,,,,,,,
Structure1_WGS84/91357,010100000060ECF4EBBD8859C030A356DA5AED4840,CLOSR:BSCLS:C146349,BS CLOSURE,IPL,,LACC_APLOWED_C,WAWTSK,,WAWTSK01,SASKTEL,,,100049,,,,,,IHMED1,2016-11-17T08:53:10
Structure1_WGS84/91369,0101000000142DB02FE8F759C038DC8FFAFC444940,CLOSR:BSCLS:C130863,BS CLOSURE,IPL,,LACC_APLOWED_C,QAPLSK,,QAPLSK01,SASKTEL,,,100049,,,,,,IHMED1,2016-11-24T09:37:35
Structure1_WGS84/91399,0101000000A840DCBE6F3C5BC048FD34DCAAB04840,CLOSR:BSCLS::8702891,BS CLOSURE,IPL,,LACC_APLOWED_C,ESNDSK,,ESNDSK01,SASKTEL,2015,,100049,,974782,,,,IHMED1,2016-11-14T13:35:15
Structure1_WGS84/91426,0101000000381E82966D2A5AC078DE2F01E03D4940,CLOSR:BSCLS:C217302,BS CLOSURE,IPL,,LACC_ATRENCH_C,REGNSK,,REGNSK04,SASKTEL,,,100049,,,,,,,
Structure1_WGS84/91452,0101000000880AAA4DE90D5AC0885BA4749C794940,CLOSR:BSCLS:C87317,BS CLOSURE,IPL,,LACC_APLOWED_C,CUPRSK,,CUPRSK01,SASKTEL,,,100049,,,,,,IHMED1,2016-11-23T15:28:17
Structure1_WGS84/91454,0101000000F4BDFDEE7A375AC038C7100515544940,CLOSR:BSCLS:C76857,BS CLOSURE,IPL,,LACC_ATRENCH_C,LMSDSK,,LMSDSK01,SASKTEL,,,100049,,,,,,IHMED1,2016-11-22T12:05:13
Structure1_WGS84/91473,01010000005CDF7C5AADD359C0F89E6DAF714D4940,CLOSR:BSCLS:C150459,BS CLOSURE,IPL,,LACC_APLOWED_C,LMBGSK,,LMBGSK01,SASKTEL,,,100049,,,,,,IHMED1,2016-11-24T14:56:56
Structure1_WGS84/91551,0101000000842DEA51807B5BC020F95A6FD24E4940,CLOSR:BSCLS:C523079,BS CLOSURE,IPL,,LACC_APLOWED_C,BRSTSK,,BRSTSK02,SASKTEL,,,100049,,,,,,,
Structure1_WGS84/91686,0101000000F86F5172D6335BC0A84EEE819AC24840,CLOSR:BSCLS:C538785,BS CLOSURE,IPL,,LACC_APLOWED_C,ESNDSK,,ESNDSK01,SASKTEL,,,100049,,,,,,IHMED1,2016-11-14T13:35:14
Structure1_WGS84/91695,01010000007CE89D98227459C0E056A2A260314940,CLOSR:BSCLS:C141717,BS CLOSURE,IPL,,LACC_APLOWED_C,RCVLSK,,RCVLSK01,SASKTEL,,,100049,,,,,,IHMED1,2016-11-17T09:55:25
Structure1_WGS84/91717,0101000000045A5E12B7175BC080348CBD82104940,CLOSR:BSCLS:C523335,BS CLOSURE,IPL,,LACC_APLOWED_F,GLLKSK,,GLLKSK01,SASKTEL,,36m  cl,100049,,,,,,IHMED1,2016-11-14T09:01:37
Structure1_WGS84/91753,010100000014DC1CA262D559C068456715CD414940,CLOSR:BSCLS:C142669,BS CLOSURE,IPL,,LACC_APLOWED_C,WLSLSK,,WLSLSK01,SASKTEL,,,100049,,,,,,IHMED1,2016-11-18T14:49:50
Structure1_WGS84/91780,010100000050CF9634859A59C0C0B6AEA082024940,CLOSR:BSCLS:C127227,BS CLOSURE,IPL,,LACC_APLOWED_C,KNDYSK,,KNDYSK01,SASKTEL,,,100049,,,,,,IHMED1,2016-11-17T14:58:31
Structure1_WGS84/91796,010100000064F9331CEC3E5AC02055728DD0624940,LOSR:BSCLS::10105483,BS CLOSURE,IPL,,LACC_APLOWED_C,RGBHSK,,RGBHSK01,SASKTEL,2018,,100049,,805299,,MEYEB2,2018-08-29T12:06:02,KAURR2,2019-02-12T12:33:04
Structure1_WGS84/91820,01010000005086286191245AC0801560F21B424940,LOSR:BSCLS::10710605,BS CLOSURE,IPL,,LACC_ATRENCH_C,REGNSK,,REGNSK04,SASKTEL,2020,,100049,,807694,,HOLTA1,2019-11-13T16:30:46,RAVAG1,2023-11-10T01:11:21
Structure1_WGS84/91861,0101000000D44C0D20BBF25AC0F09B23E1312A4940,CLOSR:BSCLS::13189370,BS CLOSURE,IPL,,LACC_APLOWED_C,SWCRSK,,SWCRSK02,SASKTEL,2024,,100049,,824195,,HUNTG1,2024-05-06T10:50:17,THUND1,2025-02-24T06:19:54
Structure1_WGS84/91896,0101000000347D7D7AFA185AC060A104DA36384940,CLOSR:BSCLS:C167334,BS CLOSURE,IPL,,LACC_ATRENCH_C,REGNSK,,WHCYSK01,SASKTEL,,,100049,,,,,,CHENR1,2022-04-27T06:54:25
Structure1_WGS84/91897,0101000000281944C775195AC0C014C63297384940,CLOSR:BSCLS:C168729,BS CLOSURE,IPL,,LACC_APLOWED_C,REGNSK,,WHCYSK01,SASKTEL,,,100049,,,,,,CHENR1,2022-04-27T06:54:33
Structure1_WGS84/92056,0101000000E4CA70A16A2D5AC07003B403273C4940,CLOSR:BSCLS::13177261,BS CLOSURE,IPL,,LACC_ATRENCH_C,REGNSK,,REGNSK04,SASKTEL,2024,,100049,,824074,,MALLM1,2024-04-05T12:30:43,BINGA1,2025-03-16T20:49:47
Structure1_WGS84/92115,01010000009CF26BC818D459C04080021824354940,CLOSR:BSCLS::9657486,BS CLOSURE,IPL,,LACC_APLOWED_C,WLSLSK,,WLSLSK01,SASKTEL,2018,,100049,,802792,,LUBIT1,2017-09-01T14:25:52,RAVAG1,2023-11-02T20:18:28
Structure1_WGS84/92129,0101000000AC33466A48225AC0B05816FB34B44940,CLOSR:BSCLS::9569837,BS CLOSURE,IPL,,LACC_ATRENCH_C,RYMRSK,,RYMRSK01,SASKTEL,2017,,100049,,802339,,WILLJ2,2017-06-27T09:34:10,WILLJ2,2018-02-27T15:56:14
Structure1_WGS84/92227,0101000000F48A7E9F77075BC0F0050D3AB7194940,CLOSR:BSCLS:C512047,BS CLOSURE,ABD,,LACC_APLOWED_F,WEBBSK,,WEBBSK02,SASKTEL,,,100049,,,,,,BALLB1,2019-03-20T20:54:00
Structure1_WGS84/92229,01010000009CB50D6915585BC048E556101CBB4840,CLOSR:BSCLS:C516144,BS CLOSURE,IPL,,LACC_APLOWED_C,CNSLSK,,CNSLSK03,SASKTEL,,,100049,,,,,,YERRS2,2019-02-14T22:31:11
Structure1_WGS84/92230,0101000000083C43AD53565BC0600268152FBB4840,CLOSR:BSCLS:C516149,BS CLOSURE,IPL,,LACC_APLOWED_C,CNSLSK,,CNSLSK03,SASKTEL,,,100049,R212 P21,,,,,YERRS2,2019-02-14T22:33:55
Structure1_WGS84/92349,0101000000F8312D84F1645BC040B0E0744E184940,LOSR:BSCLS::10632365,BS CLOSURE,IPL,,LACC_APLOWED_C,MPCKSK,,GLPRSK02,SASKTEL,2020,,100049,,807689,,HUNTG1,2019-09-05T11:20:54,RAVAG1,2023-11-02T20:51:24
Structure1_WGS84/92429,01010000000439A6292DDB59C020F39D0CCC6D4940,LOSR:BSCLS::10055610,BS CLOSURE,IPL,,LACC_APLOWED_C,BLCRSK,,PSIRSK01,SASKTEL,2017,,100049,,984732,,KAURP3,2018-07-20T09:53:35,KAURP3,2018-07-23T09:45:38
Structure1_WGS84/92435,010100000014744A5989275AC0B839772302304940,CLOSR:BSCLS:C192643,BS CLOSURE,IPL,,LACC_APLOWED_C,REGNSK,,REGNSK03,SASKTEL,,,100049,,,,,,DASAS1,2020-04-02T00:42:18
Structure1_WGS84/92460,0101000000AC074553D3FA59C0F056E8E6CF5D4940,CLOSR:BSCLS:C165044,BS CLOSURE,ABD,,LACC_APLOWED_F,FTQPSK,,FTQPSK01,SASKTEL,,,100049,,,,,,PALGS1,2019-05-02T23:51:00
Structure1_WGS84/92473,0101000000EC59EB4C80025AC0788F741F635E4940,CLOSR:BSCLS:C141527,BS CLOSURE,IPL,,LACC_APLOWED_C,FTQPSK,,FTQPSK01,SASKTEL,,,100049,,,,,,VUDUP1,2018-10-24T01:18:48
Structure1_WGS84/92481,0101000000E8CB8978D66B59C05817B73E5D2C4940,CLOSR:BSCLS::9372059,BS CLOSURE,IPL,,TRNS_APLOWED_F,RCVLSK,,RCVLSK01,SASKTEL,2016,,100049,,,,DEBEK1,2017-01-20T12:09:01,DEBEK1,2017-01-23T10:47:49
Structure1_WGS84/92483,0101000000641900AFD1215AC02063D92C14B44940,CLOSR:BSCLS::9052028,BS CLOSURE,IPL,,LACC_APLOWED_C,RYMRSK,,RYMRSK01,SASKTEL,2016,,100049,,800250,,,,WILLJ2,2017-01-31T16:00:08
Structure1_WGS84/92576,01010000008CE833DA09225BC070F620D4AAF14840,CLOSR:BSCLS::9065466,BS CLOSURE,IPL,,LACC_APLOWED_C,GLLKSK,,GLLKSK04,SASKTEL,2016,,100049,,800397,,,,LUBIT1,2025-01-06T14:10:31
Structure1_WGS84/92577,0101000000288E0F22F5215BC0985B9425AFF14840,CLOSR:BSCLS::9065468,BS CLOSURE,IPL,,LACC_APLOWED_C,GLLKSK,,GLLKSK04,SASKTEL,2016,,100049,,800397,,,,LUBIT1,2025-01-06T14:10:31
Structure1_WGS84/92583,01010000009CFF74BC6F6B59C0A8FD857471154940,CLOSR:BSCLS::13239613,BS CLOSURE,PDA,MSMN824249-0000,LACC_ATRENCH_C,MSMNSK,,MSMNSK01,SASKTEL,2024,,100049,,824249,,WIESJ3,2024-08-15T11:53:37,WIESJ3,2024-10-22T09:37:33
Structure1_WGS84/92590,01010000007CDD2632AC6B59C000229DF165174940,CLOSR:BSCLS::13239354,BS CLOSURE,PDA,MSMN824249-0000,LACC_ATRENCH_C,MSMNSK,,MSMNSK01,SASKTEL,2024,,100049,,824249,,WIESJ3,2024-08-14T10:56:13,WIESJ3,2024-10-22T09:37:33
Structure1_WGS84/92591,0101000000E070FDF3686B59C0C03782FE49184940,CLOSR:BSCLS::13239358,BS CLOSURE,PDA,MSMN824249-0000,LACC_ATRENCH_C,MSMNSK,,MSMNSK01,SASKTEL,2024,,100049,,824249,,WIESJ3,2024-08-14T13:47:22,WIESJ3,2024-10-22T09:37:33
Structure1_WGS84/92606,0101000000387DA9447E2A5AC05012F938D7334940,CLOSR:BSCLS::8333947,BS CLOSURE,IPL,,LACC_ATRENCH_C,REGNSK,,REGNSK03,SASKTEL,2015,,100049,,978651,,,,THUND1,2024-01-12T01:12:02
Structure1_WGS84/92679,010100000088DDB5B9AE615BC078156116DCF74840,CLOSR:BSCLS:C544623,BS CLOSURE,IPL,,LACC_APLOWED_F,MPCKSK,,MPCKSK01,SASKTEL,,,100049,,,,,,BALLB1,2019-05-01T20:41:11
Structure1_WGS84/92697,0101000000CC137C91386A59C0B818668290314940,CLOSR:BSCLS:C154721,BS CLOSURE,IPL,,LACC_APLOWED_C,RCVLSK,,RCVLSK01,SASKTEL,,,100049,,,,,,THOTV1,2018-09-25T05:45:20
Structure1_WGS84/92736,01010000003894FCE318CC5AC0F84DB45A89004940,CLOSR:BSCLS:C496402,BS CLOSURE,IPL,,LACC_APLOWED_C,VNGRSK,,VNGRSK01,SASKTEL,,,100049,,,,,,DASAS1,2018-10-04T12:25:57
Structure1_WGS84/92847,0101000000C4F01AEC742D5AC0A8779BEBFF3B4940,CLOSR:BSCLS::9704205,BS CLOSURE,IPL,,LACC_ATRENCH_C,REGNSK,,REGNSK01,SASKTEL,2017,,100049,,803039,,BOHLC2,2017-10-04T17:34:13,BALLB1,2019-09-03T04:34:53
Structure1_WGS84/92875,010100000050EDB79C89155BC0D0798BC9D34E4940,CLOSR:BSCLS:C522385,BS CLOSURE,IPL,,LACC_APLOWED_C,CABRSK,,CABRSK01,SASKTEL,,,100049,,,,,,DASAS1,2018-10-08T04:17:39
Structure1_WGS84/92912,0101000000B8FF0F4AD4645AC0586DECE9956D4940,CLOSR:BSCLS::9172650,BS CLOSURE,IPL,,LACC_APLOWED_C,BTHNSK,,CHBLSK01,SASKTEL,2016,,100049,,,,,,CHENR1,2021-12-24T05:59:26
Structure1_WGS84/92953,01010000001452028BD1D95AC0E0D3F229DE314940,CLOSR:BSCLS:C518383,BS CLOSURE,PDR,HRBR825409-0000,LACC_APLOWED_F,HRBRSK,,HRBRSK01,SASKTEL,,,100049,,,,,,MCQUK1,2024-12-06T17:42:51
Structure1_WGS84/93024,0101000000286E07E39A245AC0009415E91C3D4940,CLOSR:BSCLS:C208713,BS CLOSURE,IPL,,LACC_APLOWED_C,REGNSK,,REGNSK12,SASKTEL,,,100049,,,,,,CHENR1,2021-11-23T01:18:49
Structure1_WGS84/93041,0101000000349FF9F0FA235AC078F417CB8B3D4940,CLOSR:BSCLS:C225621,BS CLOSURE,ABD,,LACC_ATRENCH_C,REGNSK,,REGNSK12,SASKTEL,,,100049,,,,,,CHENR1,2021-11-23T01:18:34
Structure1_WGS84/93073,0101000000ECDC7E70B3DD59C060B842DEC67B4940,CLOSR:BSCLS:C120698,BS CLOSURE,IPL,,LACC_APLOWED_C,BLCRSK,,BLCRSK03,SASKTEL,,,100049,,,,,,CHENR1,2021-12-06T22:06:29
Structure1_WGS84/93179,0101000000545E674D106F5AC0E0D3D6D42E854940,CLOSR:BSCLS:C106553,BS CLOSURE,IPL,,LACC_APLOWED_C,CRAKSK,,CRAKSK01,SASKTEL,,,100049,,,,,,GOPIA1,2019-12-03T11:00:23
Structure1_WGS84/93213,0101000000B0CC11E802A659C07099CAAA21EE4840,CLOSR:BSCLS:C134419,BS CLOSURE,IPL,,LACC_APLOWED_C,KPNGSK,,KPNGSK01,SASKTEL,,,100049,,,,,,BALLB1,2019-11-18T23:37:48
Structure1_WGS84/93257,0101000000E8C413B170275AC050A7F49A7E384940,CLOSR:BSCLS:C208172,BS CLOSURE,IPL,,LACC_ATRENCH_C,REGNSK,,REGNSK01,SASKTEL,,,100049,,,,,,KLETR1,2019-09-18T08:27:18
Structure1_WGS84/93327,01010000003C6FCF98EE3A5AC0E817249E68024940,CLOSR:BSCLS:C143969,BS CLOSURE,IPL,,LACC_APLOWED_C,AVNLSK,,AVNLSK01,SASKTEL,,,100049,,,,,,BALLB1,2019-12-18T23:14:53
Structure1_WGS84/93368,0101000000CC62731F6A7D59C07869424E30364940,CLOSR:BSCLS:C110227,BS CLOSURE,IPL,,LACC_APLOWED_C,WPLLSK,,WPLLSK01,SASKTEL,,,100049,,,,,,PALGS1,2019-12-18T03:39:14
Structure1_WGS84/93630,0101000000B4681A77D7E459C058F1B18195704940,CLOSR:BSCLS:C123077,BS CLOSURE,ABD,,LACC_APLOWED_C,BLCRSK,,BLCRSK03,SASKTEL,,,100049,R123 P3,,,,,CHENR1,2021-12-06T22:06:27
Structure1_WGS84/93730,0101000000A493D7103D2A5AC060415BBA411C4940,CLOSR:BSCLS:C193661,BS CLOSURE,IPL,,LACC_APLOWED_C,REGNSK,,ESTLSK01,SASKTEL,,,100049,,,,,,CHENR1,2022-01-20T08:45:27
Structure1_WGS84/93732,010100000008785AFDFF2B5AC0504A504FE11F4940,CLOSR:BSCLS:C193509,BS CLOSURE,IPL,,LACC_APLOWED_C,REGNSK,,ESTLSK01,SASKTEL,,,100049,,,,,,CHENR1,2022-01-20T08:45:18
Structure1_WGS84/93741,010100000078F0783296245AC0384422288F274940,CLOSR:BSCLS:C198437,BS CLOSURE,IPL,,LACC_APLOWED_C,REGNSK,,ESTLSK01,SASKTEL,,,100049,,,,,,CHENR1,2022-01-20T08:45:18
Structure1_WGS84/93754,01010000000435FAD3F1015AC070B8A12CB3924940,CLOSR:BSCLS::9998604,BS CLOSURE,IPL,,LACC_APLOWED_C,DYSRSK,,DYSRSK01,SASKTEL,2017,,100049,,801718,,ESLIG1,2018-06-12T13:10:57,PONNL1,2019-12-18T23:22:10
Structure1_WGS84/93796,0101000000FCC09603AFEC5AC068A89A8B85364940,CLOSR:BSCLS:C528209,BS CLOSURE,IPL,,LACC_APLOWED_C,SWCRSK,,SWCRSK02,SASKTEL,,,100049,,,,,,MACHS1,2020-02-20T03:53:26
Structure1_WGS84/93811,0101000000CC0CB7833EB459C01014E67AF1EF4840,CLOSR:BSCLS:C162301,BS CLOSURE,IPL,,LACC_APLOWED_C,WNDTSK,,CRNGSK01,SASKTEL,,,100049,,,,,,CHENR1,2021-12-27T03:32:52
Structure1_WGS84/93834,010100000078A2796DE75F5BC078DE244565D44840,CLOSR:BSCLS:C517168,BS CLOSURE,IPL,,LACC_APLOWED_C,MPCKSK,,CYHLSK03,SASKTEL,,,100049,,,,,,CHENR1,2021-12-27T09:48:20
Structure1_WGS84/93851,0101000000D8A7D9BF0F335AC0180DD5DEF1794940,CLOSR:BSCLS:C109774,BS CLOSURE,IPL,,LACC_APLOWED_F,STBGSK,,BULYSK04,SASKTEL,,,100049,,,,,,CHENR1,2021-12-17T06:03:52
Structure1_WGS84/93855,0101000000B002FC802B125AC02837119DA8634940,CLOSR:BSCLS:C93091,BS CLOSURE,IPL,,LACC_APLOWED_C,CUPRSK,,CUPRSK03,SASKTEL,,,100049,,,,,,CHENR1,2021-12-27T09:28:31
Structure1_WGS84/93891,01010000009C0B37A1AFD759C0C8540E5BEA144940,CLOSR:BSCLS::9595755,BS CLOSURE,IPL,,LACC_APLOWED_C,MTMRSK,,CNDCSK01,SASKTEL,2018,,100049,,802469,,LUBIT1,2017-07-18T10:33:34,CHENR1,2021-12-25T03:09:54
Structure1_WGS84/93893,01010000009004E8C44C335AC0C05DC56831494940,CLOSR:BSCLS:D6787066,BS CLOSURE,ABD,,LACC_APLOWED_F,REGNSK,,CONDSK03,SASKTEL,,,100049,,,,,,CHENR1,2021-12-25T07:45:28
Structure1_WGS84/93909,0101000000B8F334C8131F5AC0F072EE3CD2234940,CLOSR:BSCLS:C196295,BS CLOSURE,IPL,,LACC_APLOWED_C,REGNSK,,ESTLSK01,SASKTEL,,,100049,,,,,,CHENR1,2022-01-20T08:45:20
Structure1_WGS84/93941,010100000008797B45741F5AC000399621553A4940,CLOSR:BSCLS:C202873,BS CLOSURE,IPL,,LACC_APLOWED_C,REGNSK,,REGNSK46,SASKTEL,,,100049,,,,,,CHENR1,2022-03-26T02:07:01
Structure1_WGS84/93944,0101000000BC4B745916235AC0881C4758C6384940,CLOSR:BSCLS:C159305,BS CLOSURE,IPL,,LACC_APLOWED_C,REGNSK,,REGNSK46,SASKTEL,,,100049,,,,,,CHENR1,2022-03-26T02:05:06
Structure1_WGS84/93997,0101000000C0C0BAC4AD6959C0F010DD58B5EC4840,CLOSR:BSCLS:C171056,BS CLOSURE,IPL,,LACC_APLOWED_C,MYFDSK,,FRLGSK01,SASKTEL,,,100049,,,,,,CHENR1,2022-01-31T06:04:33
Structure1_WGS84/94011,01010000007C8058B0599959C0D009977E173C4940,CLOSR:BSCLS:C171155,BS CLOSURE,IPL,,LACC_APLOWED_C,BRVWSK,,OCIRSK01,SASKTEL,,,100049,,,,,,CHENR1,2022-03-16T07:49:43
Structure1_WGS84/94184,0101000000D48C112B71B75AC060FEE387C14E4940,CLOSR:BSCLS:C569340,BS CLOSURE,IPL,,LACC_APLOWED_C,MORSSK,,GLKRSK01,SASKTEL,,,100049,,,,,,CHENR1,2022-02-03T03:16:59
Structure1_WGS84/94189,01010000007CFD641AFA125AC0C04D203BDBA54940,CLOSR:BSCLS:C161377,BS CLOSURE,IPL,,LACC_APLOWED_C,,,GNIRSK01,SASKTEL,2011,,100049,,960891,,,,CHENR1,2022-02-03T07:10:01
Structure1_WGS84/94271,010100000094755358D6B059C09076F644802C4940,CLOSR:BSCLS:C170974,BS CLOSURE,IPL,,LACC_APLOWED_C,GRNFSK,,OKSHSK01,SASKTEL,,,100049,,,,,,CHENR1,2022-03-16T08:09:03
Structure1_WGS84/94480,0101000000C482C5587BF45AC0202993CE4B244940,CLOSR:BSCLS:C543970,BS CLOSURE,IPL,,LACC_ATRENCH_C,SWCRSK,,SWCRSK02,SASKTEL,,,100049,,,,,,ROOKP2,2023-02-13T11:55:58
Structure1_WGS84/94490,0101000000546D5F89C5195AC09067F94F71464940,CLOSR:BSCLS:C196261,BS CLOSURE,IPL,,LACC_APLOWED_C,REGNSK,,PLBTSK01,SASKTEL,,,100049,,,,,,CHENR1,2022-03-18T04:02:45
Structure1_WGS84/94499,01010000009868413C531A5AC0A0E27878AE3E4940,CLOSR:BSCLS:C193445,BS CLOSURE,IPL,,LACC_APLOWED_C,REGNSK,,PLBTSK01,SASKTEL,,,100049,,,,,,CHENR1,2022-03-18T04:03:45
Structure1_WGS84/94516,010100000088E9B9BA201C5AC030BBEE1A653B4940,CLOSR:BSCLS:C190211,BS CLOSURE,IPL,,LACC_APLOWED_C,REGNSK,,PLBTSK01,SASKTEL,,,100049,,,,,,CHENR1,2022-03-18T04:02:42
Structure1_WGS84/94531,0101000000A07140FC101A5AC0189080E801BD4940,CLOSR:BSCLS:C104365,BS CLOSURE,IPL,,LACC_APLOWED_C,PNCHSK,,PMIRSK01,SASKTEL,,,100049,,,,,,CHENR1,2022-03-18T04:28:14
Structure1_WGS84/94553,0101000000D4707D9713225AC0704DFBFF9B3A4940,CLOSR:BSCLS:C213302,BS CLOSURE,IPL,,LACC_APLOWED_C,REGNSK,,REGNSK46,SASKTEL,,,100049,,,,,,CHENR1,2022-03-26T02:06:56
Structure1_WGS84/94565,010100000014E032DCBDA959C030FD356D87484940,CLOSR:BSCLS::7151195,BS CLOSURE,IPL,,LACC_APLOWED_F,BRVWSK,,MARLSK01,SASKTEL,2013,,100049,,0,,,,CHENR1,2022-03-14T03:12:04
Structure1_WGS84/94573,010100000080A88BACA6AA59C08042B2F7174D4940,CLOSR:BSCLS::7149276,BS CLOSURE,IPL,,LACC_APLOWED_C,BRVWSK,,MARLSK01,SASKTEL,2013,,100049,,968550,,,,CHENR1,2022-03-14T03:12:02
Structure1_WGS84/94610,01010000003C828AC6F4D359C0D8C831A3A96D4940,CLOSR:BSCLS:C120495,BS CLOSURE,IPL,,LACC_APLOWED_C,BLCRSK,,PSIRSK01,SASKTEL,,,100049,,,,,,CHENR1,2022-03-21T08:13:14
Structure1_WGS84/94737,0101000000E4B8671EDF235AC0909422D67B394940,CLOSR:BSCLS:C196778,BS CLOSURE,IPL,,LACC_APLOWED_C,REGNSK,,REGNSK46,SASKTEL,,,100049,,,,,,CHENR1,2022-03-26T02:05:08
Structure1_WGS84/94878,01010000007C761676DE225AC0A0016F9A61374940,CLOSR:BSCLS:C209499,BS CLOSURE,IPL,,LACC_ATRENCH_C,REGNSK,,REGNSK45,SASKTEL,,,100049,,,,,,CHENR1,2022-04-08T07:33:17
Structure1_WGS84/94930,010100000044CDB53A29495AC0A05EA700B4784940,CLOSR:BSCLS:C109086,BS CLOSURE,ABD,,LACC_APLOWED_C,STBGSK,,SBBHSK01,SASKTEL,,,100049,,,,,,CHENR1,2022-03-30T06:59:28
Structure1_WGS84/94936,0101000000DC08A16FCA015BC0508BFFDDF0834940,CLOSR:BSCLS:C361213,BS CLOSURE,ABD,,LACC_APLOWED_F,KYLESK,,TBRSSK01,SASKTEL,,,100049,,,,,,CHENR1,2022-04-19T03:07:12
Structure1_WGS84/94945,0101000000580BF5ECA03D5BC09879526358094940,CLOSR:BSCLS::7372331,BS CLOSURE,IPL,,LACC_APLOWED_F,TPKNSK,,TPKNSK01,SASKTEL,2013,,100049,,0,,,,CHENR1,2022-04-19T03:37:29
Structure1_WGS84/95030,01010000002C4B7898AFD659C058ADA46666794940,CLOSR:BSCLS:C174913,BS CLOSURE,IPL,,LACC_APLOWED_C,BLCRSK,,SRIRSK02,SASKTEL,,,100049,,,,,,CHENR1,2022-04-14T22:40:14
Structure1_WGS84/95031,0101000000E847588EAFD659C0B84802C368794940,CLOSR:BSCLS:C174920,BS CLOSURE,IPL,,LACC_APLOWED_C,BLCRSK,,SRIRSK02,SASKTEL,,,100049,,,,,,CHENR1,2022-04-14T22:40:17
Structure1_WGS84/95040,0101000000AC20DC8341275BC048DCA37147584940,CLOSR:BSCLS:C513289,BS CLOSURE,IPL,,LACC_APLOWED_C,CABRSK,,SHTNSK01,SASKTEL,,,100049,R119 P6,,,,,CHENR1,2022-04-05T01:57:47
Structure1_WGS84/95042,0101000000C0FC0BC043FE5AC0F834F3F345544940,CLOSR:BSCLS:C502816,BS CLOSURE,IPL,,LACC_APLOWED_F,KYLESK,,SKLDSK01,SASKTEL,,,100049,,,,,,CHENR1,2022-04-05T02:11:30
Structure1_WGS84/95095,0101000000EC1A9232E0205AC0200B0CF1F9344940,CLOSR:BSCLS::7754717,BS CLOSURE,IPL,,LACC_ATRENCH_C,,,REGNSK45,SASKTEL,,,100049,,,,,,CHENR1,2022-04-08T07:36:09
Structure1_WGS84/95879,0101000000F80C0B629E0A5BC0F0E247B3F4164940,CLOSR:BSCLS:C512095,BS CLOSURE,ABD,,LACC_APLOWED_F,WEBBSK,,WEBBSK02,SASKTEL,,,100049,,,,,,IHMED1,2016-11-14T09:27:46
Structure1_WGS84/95883,010100000040E82EF60F245AC020E348DC6D884940,CLOSR:BSCLS:C134215,BS CLOSURE,IPL,,LACC_APLOWED_C,STHYSK,,STHYSK01,SASKTEL,,,100049,,,,,,IHMED1,2016-11-23T15:07:28
Structure1_WGS84/96111,0101000000D88EB12C7B7D59C0D0791F77EC434940,CLOSR:BSCLS:C160847,BS CLOSURE,IPL,,LACC_APLOWED_C,TNTLSK,,TNTLSK01,SASKTEL,,,100049,,,,,,IHMED1,2016-11-17T13:30:17
Structure1_WGS84/96119,0101000000288BDE8379375AC0A89C72C914544940,CLOSR:BSCLS:C77130,BS CLOSURE,IPL,,LACC_ATRENCH_C,LMSDSK,,LMSDSK01,SASKTEL,,,100049,,,,,,IHMED1,2016-11-22T12:05:56
Structure1_WGS84/96138,0101000000AC00A20AE63C5AC018B6016D65F34840,CLOSR:BSCLS:C72487,BS CLOSURE,IPL,,LACC_APLOWED_C,AVNLSK,,AVNLSK01,SASKTEL,,,100049,R300 P32,,,,,IHMED1,2016-11-22T09:47:03
Structure1_WGS84/96275,01010000005C99EF94F9245AC0D8FBAA826F3A4940,CLOSR:BSCLS:C172789,BS CLOSURE,IPL,,LACC_ATRENCH_C,REGNSK,,REGNSK01,SASKTEL,,,100049,,,,,,,
Structure1_WGS84/96358,010100000058BB2034B8265AC0D0039DB838384940,CLOSR:BSCLS:C172865,BS CLOSURE,ABD,,LACC_ATRENCH_C,REGNSK,,REGNSK01,SASKTEL,,,100049,,,,,,,
Structure1_WGS84/96362,01010000003CDFF064D2265AC060487310A63F4940,CLOSR:BSCLS:C197212,BS CLOSURE,IPL,,LACC_ATRENCH_C,REGNSK,,REGNSK04,SASKTEL,,,100049,,,,,,,
Structure1_WGS84/96372,0101000000B89F55918A2A5AC0D87B7D5C043D4940,CLOSR:BSCLS:C210709,BS CLOSURE,IPL,,LACC_APLOWED_C,REGNSK,,REGNSK04,SASKTEL,,,100049,,,,,,,
Structure1_WGS84/96374,0101000000A8441307D4295AC0804A0CA4393F4940,CLOSR:BSCLS:C199057,BS CLOSURE,IPL,,LACC_ATRENCH_C,REGNSK,,REGNSK04,SASKTEL,,,100049,,,,,,,
Structure1_WGS84/96526,010100000058641260BE275AC078FAB46970394940,CLOSR:BSCLS:C212367,BS CLOSURE,ABD,,LACC_ATRENCH_C,REGNSK,,REGNSK01,SASKTEL,,,100049,,,,,,,
Structure1_WGS84/96545,01010000001016E07E2A135BC0C01E7107EB114940,CLOSR:BSCLS:D8031131,BS CLOSURE,ABD,,LACC_APLOWED_C,GLLKSK,,GLLKSK01,SASKTEL,,,100049,,,,,,IHMED1,2016-11-14T09:01:10
Structure1_WGS84/96564,0101000000D07C1F258E275AC008D8327980374940,CLOSR:BSCLS::6952476,BS CLOSURE,ABD,,SPST_ACONDUIT,REGNSK,,REGNSK01,SASKTEL,2013,,100049,,0,,,,,
Structure1_WGS84/96637,0101000000984296EE16C859C080367B05C1344940,CLOSR:BSCLS:C145905,BS CLOSURE,ABD,,LACC_APLOWED_C,WLSLSK,,WLSLSK01,SASKTEL,,,100049,,,,,,IHMED1,2016-11-18T14:49:43
Structure1_WGS84/96674,010100000038AFCDA003385AC048706236EB524940,CLOSR:BSCLS:C82144,BS CLOSURE,IPL,,LACC_ATRENCH_C,LMSDSK,,LMSDSK01,SASKTEL,,,100049,,,,,,IHMED1,2016-11-22T12:06:20
Structure1_WGS84/96794,010100000010CFE42B19275BC00838236E01084940,CLOSR:BSCLS:C571516,BS CLOSURE,ABD,,LACC_APLOWED_F,GLLKSK,,GLLKSK01,SASKTEL,,70M OF PL,100049,,,,,,IHMED1,2016-11-14T09:01:52
Structure1_WGS84/96855,0101000000FCB75F2C36295AC000CD90FF893D4940,CLOSR:BSCLS:C228036,BS CLOSURE,ABD,,LACC_ATRENCH_C,REGNSK,,REGNSK04,SASKTEL,,,100049,,,,,,,
Structure1_WGS84/96893,010100000054373C8F7A265AC0686A8D39F6374940,CLOSR:BSCLS:C187157,BS CLOSURE,ABD,,LACC_APLOWED_C,REGNSK,,REGNSK01,SASKTEL,,NO AP IN MARTENS,100049,,,,,,,
Structure1_WGS84/96901,010100000020A8684CEB285AC018A29B4E89364940,CLOSR:BSCLS:C174745,BS CLOSURE,IPL,,LACC_APLOWED_C,REGNSK,,REGNSK03,SASKTEL,,,100049,,,,,,,
Structure1_WGS84/96978,0101000000D8F5D214E1185BC0E0E6D8D700354940,CLOSR:BSCLS:C519632,BS CLOSURE,IPL,,LACC_APLOWED_C,PNNTSK,,PNNTSK01,SASKTEL,,,100049,,,,,,,
Structure1_WGS84/97197,0101000000CC16362172275AC0C02D28DE113E4940,CLOSR:BSCLS:C202486,BS CLOSURE,IPL,,LACC_ATRENCH_C,REGNSK,,REGNSK04,SASKTEL,,,100049,,,,,,HOLTA1,2017-11-23T09:24:39
Structure1_WGS84/97234,0101000000A493D458CE575BC0E0062C5B19FF4840,CLOSR:BSCLS:C544706,BS CLOSURE,IPL,,LACC_APLOWED_F,MPCKSK,,MPCKSK01,SASKTEL,,,100049,,,,,,BALLB1,2019-05-17T01:05:16
Structure1_WGS84/97571,01010000000CA86C95B66F59C0900B1F958B0A4940,CLOSR:BSCLS::9867434,BS CLOSURE,IPL,,LACC_ATRENCH_C,MSMNSK,,MSRPSK01,SASKTEL,2019,,100049,,804098,,WILLJ2,2018-03-19T14:31:00,RAVAG1,2023-11-02T20:43:27
Structure1_WGS84/97572,01010000002CF6AA0AB76F59C0708EC44F8C0A4940,CLOSR:BSCLS::9867435,BS CLOSURE,IPL,,LACC_ATRENCH_F,MSMNSK,,MSRPSK01,SASKTEL,2019,,100049,,804098,,WILLJ2,2018-03-19T14:31:56,RAVAG1,2023-11-02T20:43:31
Structure1_WGS84/97612,0101000000A4D8669D903A5AC0887BD0796E674940,LOSR:BSCLS::10744218,BS CLOSURE,IPL,,LACC_APLOWED_C,LMSDSK,,SABHSK01,SASKTEL,2020,,100049,,808219,,KLETR1,2019-12-18T13:11:22,RAVAG1,2023-11-02T20:51:18
Structure1_WGS84/97615,0101000000A41272994BFB59C078B860EDCB2B4940,LOSR:BSCLS::10785823,BS CLOSURE,IPL,,LACC_APLOWED_C,VBNKSK,,VBNKSK01,SASKTEL,2019,,100049,,806493,,KAURP3,2020-02-10T14:21:30,RAVAG1,2023-11-02T20:43:25
Structure1_WGS84/97619,010100000070F88305A02A5AC038125439DF3E4940,CLOSR:BSCLS::12214282,BS CLOSURE,IPL,,LACC_ATRENCH_C,REGNSK,,REGNSK04,SASKTEL,2022,,100049,,,,MCKED4,2022-07-13T11:48:06,SAKAM1,2024-06-03T06:59:40
Structure1_WGS84/97680,010100000008D284D4CAE759C09859C27CE7314940,CLOSR:BSCLS::9051390,BS CLOSURE,IPL,,LACC_APLOWED_C,INHDSK,,INHDSK01,SASKTEL,2016,,100049,,984476,,,,KAURR2,2017-01-17T09:56:00
Structure1_WGS84/97817,0101000000DC7C8D9E67305AC02055543776374940,CLOSR:BSCLS:C193437,BS CLOSURE,IPL,,LACC_APLOWED_C,REGNSK,,REGNSK01,SASKTEL,,,100049,,,,,,PALGS1,2019-07-04T01:43:43
Structure1_WGS84/97924,0101000000B8F52ACA36FD59C050F663EEB55D4940,CLOSR:BSCLS:C141112,BS CLOSURE,IPL,,LACC_APLOWED_C,FTQPSK,,FTQPSK01,SASKTEL,,,100049,,,,,,VUDUP1,2018-10-27T00:55:08
Structure1_WGS84/97954,0101000000C4E7E515477059C0800471FD3F364940,CLOSR:BSCLS:C163872,BS CLOSURE,IPL,,LACC_APLOWED_F,RCVLSK,,RCVLSK01,SASKTEL,,,100049,,,,,,PALGS1,2019-04-29T01:45:35
Structure1_WGS84/97963,01010000005CF082EB5E6A59C050000A0A90314940,CLOSR:BSCLS:C154705,BS CLOSURE,IPL,,LACC_APLOWED_C,RCVLSK,,RCVLSK01,SASKTEL,,,100049,,,,,,THOTV1,2018-09-25T05:45:20
Structure1_WGS84/98015,010100000098C0B72D0DF259C0E8F7A39948494940,CLOSR:BSCLS:C169592,BS CLOSURE,IPL,,LACC_APLOWED_C,INHDSK,,INHDSK01,SASKTEL,,,100049,,,,,,BALLB1,2019-04-05T00:14:45
Structure1_WGS84/98044,01010000007084FFB9971B5AC060E42A585B574940,CLOSR:BSCLS::12301322,BS CLOSURE,IPL,,LACC_APLOWED_C,REGNSK,,ZHNRSK02,SASKTEL,2022,,100049,,818494,,ESLIG1,2022-08-25T08:58:41,BINGA1,2024-10-14T23:53:56
Structure1_WGS84/98134,010100000068FF02F551265BC0B8AA57C4C2084940,CLOSR:BSCLS::11701322,BS CLOSURE,IPL,,LACC_APLOWED_C,GLLKSK,,GLLKSK01,SASKTEL,2022,,100049,,815140,,HUNTG1,2021-10-13T15:08:27,POTIT1,2023-09-25T04:23:03
Structure1_WGS84/98183,010100000080FBDEFFF7FF59C0004E5DA36C1E4940,CLOSR:BSCLS::9965014,BS CLOSURE,IPL,,LACC_APLOWED_C,SDLYSK,,SDLYSK02,SASKTEL,2018,,100049,,985230,,KAURP3,2018-05-24T16:51:48,PONNL1,2020-10-21T04:37:55
Structure1_WGS84/98189,0101000000BCE6A12B5B745AC0D80F6E5BE9734940,LOSR:BSCLS::11149642,BS CLOSURE,IPL,,LACC_APLOWED_C,CRAKSK,,AYBYSK02,SASKTEL,2020,,100049,,811135,,KLETR1,2020-09-22T08:19:58,THUND1,2024-02-16T04:02:34
Structure1_WGS84/98195,01010000007C6BD401F8215BC030E6C075BCE04840,CLOSR:BSCLS::9813146,BS CLOSURE,IPL,,LACC_APLOWED_C,SHNVSK,,SHNVSK04,SASKTEL,2018,,100049,,803751,,CHERM2,2018-01-23T11:20:27,PALGS1,2019-08-22T03:24:20
Structure1_WGS84/98204,010100000044B987C64BD25AC0F8E326721A224940,CLOSR:BSCLS:C516296,BS CLOSURE,IPL,,LACC_APLOWED_C,NDPTSK,,HLNQSK01,SASKTEL,,,100049,,,,,,CHENR1,2021-10-25T08:36:56
Structure1_WGS84/98207,0101000000B4BB582FFE2A5AC0603DF180983E4940,CLOSR:BSCLS:C220240,BS CLOSURE,IPL,,LACC_APLOWED_C,REGNSK,,REGNSK04,SASKTEL,,,100049,,,,,,PAUMT1,2021-06-18T09:47:45
Structure1_WGS84/98313,0101000000F466FA43987259C0B07BA48EBC1E4940,CLOSR:BSCLS:C152905,BS CLOSURE,IPL,,LACC_APLOWED_F,MSMNSK,,MSMNSK01,SASKTEL,,,100049,,,,,,PALGS1,2019-04-12T01:08:08
Structure1_WGS84/98346,0101000000300E9090EA005BC0184521CCE4DF4840,CLOSR:BSCLS:C573477,BS CLOSURE,IPL,,LACC_APLOWED_C,SHNVSK,,ADMRSK03,SASKTEL,,,100049,,,,,,CHENR1,2021-11-29T08:45:52
Structure1_WGS84/98349,0101000000E818693FB85F5AC0E025227DCC674940,CLOSR:BSCLS:C149840,BS CLOSURE,IPL,,LACC_APLOWED_C,BTHNSK,,CHBLSK01,SASKTEL,,,100049,,,,,,CHENR1,2021-12-24T05:59:27
Structure1_WGS84/98386,0101000000C81656E573035AC0001579F2A6884940,CLOSR:BSCLS:C101562,BS CLOSURE,IPL,,LACC_APLOWED_C,DYSRSK,,DYSRSK01,SASKTEL,,,100049,,,,,,PONNL1,2019-12-20T01:20:15
Structure1_WGS84/98660,0101000000A8FD515F0C8B59C0D052A5DF5E284940,CLOSR:BSCLS:C139479,BS CLOSURE,IPL,,LACC_APLOWED_C,WHWDSK,,WHWDSK01,SASKTEL,,,100049,,,,,,PALGS1,2019-11-27T01:20:38
Structure1_WGS84/98763,0101000000D0DFB5C5A1595AC028E89945C54E4940,CLOSR:BSCLS:C94359,BS CLOSURE,ABD,,LACC_APLOWED_C,BTHNSK,,BTHNSK02,SASKTEL,,,100049,,,,,,PALGS1,2019-12-09T20:14:06
Structure1_WGS84/98764,0101000000C080F51DDB385BC020AA0828EE4F4940,CLOSR:BSCLS::9747770,BS CLOSURE,IPL,,LACC_ATRENCH_C,ABBYSK,,ABBYSK03,SASKTEL,2019,,100049,,803300,,KAURP3,2017-11-13T11:22:22,KAURP3,2019-09-05T10:51:31
Structure1_WGS84/98765,0101000000B8D50EA7F5FF59C078A6D130711E4940,CLOSR:BSCLS::9965013,BS CLOSURE,IPL,,LACC_APLOWED_C,SDLYSK,,SDLYSK02,SASKTEL,2018,,100049,,985230,,KAURP3,2018-05-24T16:51:10,KATRR1,2020-10-27T04:41:59
Structure1_WGS84/98791,0101000000142815CC39AA59C06060E589CD494940,CLOSR:BSCLS::11726939,BS CLOSURE,IPL,,LACC_APLOWED_C,BRVWSK,,MARLSK01,SASKTEL,1997,,100049,,240539,,SZOSG1,2021-10-21T15:18:52,SZOSG1,2021-11-23T17:25:22
Structure1_WGS84/98801,010100000024ECDF4B1A6B59C0D07B795AAE044940,CLOSR:BSCLS:C149578,BS CLOSURE,IPL,,LACC_APLOWED_C,MSMNSK,,MSMNSK01,SASKTEL,,,100049,,,,,,OUGAB1,2019-12-19T04:53:29
Structure1_WGS84/98862,010100000028C7E3F0098C59C03834E5DD6D1C4940,CLOSR:BSCLS:C139586,BS CLOSURE,IPL,,LACC_APLOWED_C,WHWDSK,,WHWDSK01,SASKTEL,,,100049,,,,,,PALGS1,2019-11-21T04:03:17
Structure1_WGS84/98917,010100000010F8C888F9D059C000AAC65271354940,CLOSR:BSCLS:C141850,BS CLOSURE,IPL,,LACC_APLOWED_C,WLSLSK,,WLSLSK01,SASKTEL,,,100049,,,,,,GOPIA1,2019-12-18T08:38:07
Structure1_WGS84/99001,01010000002CE9D14F96205AC02821ECDCC0004940,CLOSR:BSCLS:C88298,BS CLOSURE,IPL,,LACC_APLOWED_C,MLSTSK,,MLSTSK01,SASKTEL,,,100049,,,,,,WILLJ2,2020-04-13T10:20:32
Structure1_WGS84/99077,0101000000D096890E806B5AC058EB441C87794940,CLOSR:BSCLS:C92064,BS CLOSURE,IPL,,LACC_APLOWED_C,CRAKSK,,AYBYSK02,SASKTEL,,,100049,,,,,,CHENR1,2021-12-01T06:38:47
Structure1_WGS84/99109,01010000005CEB1B30790C5AC03030509184884940,CLOSR:BSCLS::7315712,BS CLOSURE,IPL,,LACC_APLOWED_C,CUPRSK,,CUPRSK02,SASKTEL,2014,,100049,,971824,,,,CHENR1,2021-12-27T09:16:22
Structure1_WGS84/99126,010100000054A0029FE0365AC0B07AA39DAD7D4940,CLOSR:BSCLS:C88286,BS CLOSURE,IPL,,LACC_ATRENCH_C,STBGSK,,BULYSK04,SASKTEL,,,100049,,,,,,CHENR1,2021-12-17T06:03:51
Structure1_WGS84/99134,0101000000283F04B0BC345AC028C743D0325F4940,CLOSR:BSCLS:C126105,BS CLOSURE,IPL,,LACC_APLOWED_F,LMSDSK,,CRVNSK04,SASKTEL,,,100049,,,,,,CHENR1,2021-12-27T05:54:54
Structure1_WGS84/99177,01010000008C1B3C1BCB7259C09865C00D7CDE4840,CLOSR:BSCLS:C124467,BS CLOSURE,IPL,,LACC_APLOWED_C,MYFDSK,,FRLGSK01,SASKTEL,,,100049,,,,,,CHENR1,2022-01-31T06:04:28
Structure1_WGS84/99247,010100000058DD4AAC15225AC0286E0750773A4940,CLOSR:BSCLS:C153934,BS CLOSURE,IPL,,LACC_ATRENCH_C,REGNSK,,REGNSK46,SASKTEL,,no in ap martenes,100049,,,,,,CHENR1,2022-03-26T02:06:57
Structure1_WGS84/99264,010100000064ECCAB5E8FC5AC020E613985F264940,CLOSR:BSCLS:C571504,BS CLOSURE,IPL,,LACC_APLOWED_F,SWCRSK,,SWCRSK22,SASKTEL,,,100049,,,,,,CHENR1,2022-01-27T04:18:59
Structure1_WGS84/99273,01010000008CF770EA5F295BC0E06F56DF61BD4840,CLOSR:BSCLS::8345132,BS CLOSURE,IPL,,LACC_APLOWED_C,SHNVSK,,DLRDSK01,SASKTEL,2015,,100049,,979251,,,,CHENR1,2021-12-28T09:11:26
Structure1_WGS84/99289,0101000000AC7AE603A7295AC06090A2D88E274940,CLOSR:BSCLS:C195396,BS CLOSURE,IPL,,LACC_APLOWED_C,REGNSK,,ESTLSK01,SASKTEL,,,100049,,,,,,CHENR1,2022-01-20T08:45:18
Structure1_WGS84/99358,01010000001CB1AB033FF65AC0D0E816404C3A4940,CLOSR:BSCLS:C572052,BS CLOSURE,IPL,,LACC_APLOWED_F,SWCRSK,,SWCRSK22,SASKTEL,,,100049,,,,,,CHENR1,2022-01-27T04:18:59
Structure1_WGS84/99378,010100000038D60E44EBE659C090A9C79286564940,CLOSR:BSCLS::9487242,BS CLOSURE,IPL,,LACC_AUG_COPPER,FTQPSK,,KWBHSK01,SASKTEL,2017,,100049,,801768,,LUBIT1,2017-04-25T12:11:28,CHENR1,2022-02-10T09:35:48
Structure1_WGS84/99399,0101000000D077B9B32FB259C038B53D2B7D324940,CLOSR:BSCLS:C130470,BS CLOSURE,IPL,,LACC_APLOWED_F,GRNFSK,,OKSHSK01,SASKTEL,,,100049,,,,,,CHENR1,2022-03-16T08:09:02
Structure1_WGS84/99405,0101000000A094FCC763335AC0683A64056A374940,CLOSR:BSCLS:C194252,BS CLOSURE,ABD,,LACC_APLOWED_C,REGNSK,,GDCLSK03,SASKTEL,,,100049,,,,,,WIESJ3,2023-05-30T08:54:07
Structure1_WGS84/99452,0101000000C4B3A5F01B2A5AC0F0FAF5452D644940,CLOSR:BSCLS:C210973,BS CLOSURE,IPL,,LACC_APLOWED_C,REGNSK,,KNNLSK01,SASKTEL,,,100049,,,,,,CHENR1,2022-03-10T03:03:49
Structure1_WGS84/99475,0101000000CC36431986135AC008EBA98909AA4940,CLOSR:BSCLS:C108199,BS CLOSURE,IPL,,LACC_APLOWED_C,PNCHSK,,GNIRSK01,SASKTEL,,,100049,,,,,,CHENR1,2022-02-03T07:09:53
Structure1_WGS84/99517,0101000000E89F082BF3145AC0601831D25C3A4940,CLOSR:BSCLS:C171251,BS CLOSURE,ABD,,LACC_APLOWED_C,REGNSK,,WHCYSK01,SASKTEL,,,100049,,,,,,CHENR1,2022-04-27T06:54:36
Structure1_WGS84/99549,01010000000425D62611235AC0A83FDFA94F614940,CLOSR:BSCLS:C196267,BS CLOSURE,IPL,,LACC_APLOWED_C,REGNSK,,KNNLSK01,SASKTEL,,,100049,,,,,,CHENR1,2022-03-10T03:03:54
Structure1_WGS84/99554,010100000034089E3B747B59C020DF0F26E2FC4840,CLOSR:BSCLS:C172020,BS CLOSURE,ABD,,LACC_APLOWED_C,WAWTSK,,KELSSK01,SASKTEL,,,100049,,,,,,CHENR1,2022-03-09T08:48:15
Structure1_WGS84/99572,0101000000ACD712F77A2B5AC0D080E1CCD75B4940,CLOSR:BSCLS:C229802,BS CLOSURE,IPL,,LACC_APLOWED_C,REGNSK,,KNNLSK01,SASKTEL,,,100049,,,,,,CHENR1,2022-03-10T03:03:47
Structure1_WGS84/99577,0101000000A4C49952E32E5AC0282EA489D8524940,CLOSR:BSCLS:C230099,BS CLOSURE,IPL,,LACC_APLOWED_C,REGNSK,,KNNLSK01,SASKTEL,,,100049,,,,,,CHENR1,2022-03-10T03:03:56
Structure1_WGS84/99617,01010000007C5A8C5434A259C028392562C23F4940,CLOSR:BSCLS:C117900,BS CLOSURE,IPL,,LACC_APLOWED_C,BRVWSK,,KIRVSK01,SASKTEL,,,100049,,,,,,CHENR1,2022-03-09T09:07:02
Structure1_WGS84/99621,010100000060BCE90D6CE05AC0B0BA60D337114940,CLOSR:BSCLS:C532675,BS CLOSURE,IPL,,LACC_APLOWED_C,SWCRSK,,WYMRSK02,SASKTEL,,,100049,,,,,,CHENR1,2022-05-02T05:41:59
Structure1_WGS84/99725,0101000000D4F0E8D75A1C5BC058666B66B5EB4840,CLOSR:BSCLS:C527239,BS CLOSURE,ABD,,LACC_APLOWED_F,SHNVSK,,SHNVSK04,SASKTEL,,,100049,,,,,,CHENR1,2022-04-01T08:54:49
Structure1_WGS84/99726,0101000000044121E4571C5BC098E6902091E84840,CLOSR:BSCLS:C527260,BS CLOSURE,ABD,,LACC_APLOWED_C,SHNVSK,,SHNVSK04,SASKTEL,,,100049,,,,,,CHENR1,2022-04-01T08:54:46
Structure1_WGS84/99762,010100000098A172C565175AC050B333FEDD404940,CLOSR:BSCLS:C316419,BS CLOSURE,IPL,,LACC_APLOWED_C,REGNSK,,PLBTSK01,SASKTEL,2011,,100049,,,,,,CHENR1,2022-03-18T04:02:37
Structure1_WGS84/99769,0101000000F8C6772C8D1C5AC00016F5600A3E4940,CLOSR:BSCLS::8825457,BS CLOSURE,IPL,,LACC_APLOWED_C,REGNSK,,PLBTSK01,SASKTEL,2015,,100049,,980603,,,,CHENR1,2022-03-18T04:03:44
Structure1_WGS84/99773,010100000040517887561A5AC0F87822D4013E4940,CLOSR:BSCLS:C195629,BS CLOSURE,IPL,,LACC_APLOWED_C,REGNSK,,PLBTSK01,SASKTEL,,,100049,,,,,,CHENR1,2022-03-18T04:02:34
Structure1_WGS84/99774,01010000003C703D268C1B5AC0A0F6F47B9C5F4940,CLOSR:BSCLS:C211497,BS CLOSURE,IPL,,LACC_APLOWED_C,REGNSK,,PPIRSK01,SASKTEL,,,100049,,,,,,CHENR1,2022-03-18T04:48:15
Structure1_WGS84/99789,01010000006C3528F0671C5AC0481DE462BD3B4940,CLOSR:BSCLS:C189448,BS CLOSURE,IPL,,LACC_APLOWED_C,REGNSK,,PLBTSK01,SASKTEL,,,100049,,,,,,CHENR1,2022-03-18T04:02:36
Structure1_WGS84/99796,01010000004C029E2BFF185AC0F079E4CDE93D4940,CLOSR:BSCLS:C204004,BS CLOSURE,IPL,,LACC_APLOWED_C,REGNSK,,PLBTSK01,SASKTEL,,,100049,,,,,,CHENR1,2022-03-18T04:03:45
Structure1_WGS84/99797,01010000005804A033841A5AC02018682D7B394940,CLOSR:BSCLS:C219737,BS CLOSURE,ABD,,LACC_APLOWED_C,REGNSK,,PLBTSK01,SASKTEL,,,100049,,,,,,CHENR1,2022-03-18T04:03:52
Structure1_WGS84/99834,01010000009056A20A44225AC00885D3B290394940,CLOSR:BSCLS::6606874,BS CLOSURE,IPL,,LACC_ATRENCH_C,,,REGNSK46,SASKTEL,,,100049,,,,,,CHENR1,2022-03-26T02:05:09
Structure1_WGS84/100013,0101000000F4C86CE4C8215AC0806C052CFD374940,CLOSR:BSCLS:C161680,BS CLOSURE,IPL,,LACC_ATRENCH_C,REGNSK,,REGNSK46,SASKTEL,,,100049,,,,,,CHENR1,2022-03-26T02:06:58
Structure1_WGS84/100218,0101000000EC627BDCA0F05AC0081DB5DB91F74840,CLOSR:BSCLS:C516285,BS CLOSURE,IPL,,LACC_APLOWED_C,NEVLSK,,NEVLSK01,SASKTEL,,,100049,,,,,,KATAS1,2022-08-04T00:54:27
Structure1_WGS84/100318,010100000068EFAC0DB0D659C000D0961D69794940,CLOSR:BSCLS:C174921,BS CLOSURE,IPL,,LACC_APLOWED_C,BLCRSK,,SRIRSK02,SASKTEL,,,100049,,,,,,CHENR1,2022-04-14T22:40:15
Structure1_WGS84/100358,0101000000BC4A809269775BC088BC2C2D701D4940,CLOSR:BSCLS:C535192,BS CLOSURE,IPL,,LACC_APLOWED_C,RCHMSK,,RCHMSK02,SASKTEL,,,100049,,,,,,CHENR1,2022-04-08T03:25:54
Structure1_WGS84/100584,0101000000587FA6B910255AC020F7357EE0374940,CLOSR:BSCLS:C183986,BS CLOSURE,IPL,,LACC_ATRENCH_C,REGNSK,,REGNSK01,SASKTEL,,,100049,,,,,,KAURS3,2022-04-18T11:41:07
Structure1_WGS84/100642,0101000000C05D256E01025AC0C0E152C32E864940,CLOSR:BSCLS::12114764,BS CLOSURE,IPL,,LACC_ATRENCH_C,DYSRSK,,DYSRSK01,SASKTEL,2022,,100049,,814970,,MCKED4,2022-05-30T10:09:50,MCKED4,2022-05-30T10:44:08
Structure1_WGS84/101120,010100000090311805BC2B5AC0F04699B9323C4940,CLOSR:BSCLS:C194412,BS CLOSURE,IPL,,LACC_ATRENCH_C,REGNSK,,REGNSK04,SASKTEL,,,100049,,,,,,,
Structure1_WGS84/101249,010100000048A1C951C2195BC0583239B573D34840,CLOSR:BSCLS:C518973,BS CLOSURE,IPL,,LACC_ATRENCH_C,SHNVSK,,SHNVSK01,SASKTEL,,,100049,,,,,,IHMED1,2016-11-14T11:21:12
Structure1_WGS84/101254,010100000070C571524BD859C0D80D383EDF4C4940,CLOSR:BSCLS:C147283,BS CLOSURE,IPL,,LACC_APLOWED_C,LMBGSK,,LMBGSK01,SASKTEL,,,100049,,,,,,IHMED1,2016-11-24T14:57:00
Structure1_WGS84/101287,0101000000A8B3F07B2F9259C008CDB2EADD054940,CLOSR:BSCLS:C128759,BS CLOSURE,ABD,,LACC_APLOWED_C,KNDYSK,,KNDYSK01,SASKTEL,,,100049,,,,,,IHMED1,2016-11-17T14:58:34
Structure1_WGS84/101302,010100000078F566DE4E555AC0B8BA4A8189794940,CLOSR:BSCLS:C72936,BS CLOSURE,IPL,,LACC_APLOWED_C,HLDFSK,,HLDFSK01,SASKTEL,,,100049,,,,,,IHMED1,2016-11-22T16:11:22
Structure1_WGS84/101341,01010000003CD2D0D4A5EA59C0501FA2BAC1434940,CLOSR:BSCLS:C119491,BS CLOSURE,IPL,,LACC_APLOWED_C,INHDSK,,INHDSK01,SASKTEL,,,100049,,,,,,IHMED1,2016-11-24T13:35:57
Structure1_WGS84/101400,0101000000BCB28C864C3C5AC048B4A2423FF34840,CLOSR:BSCLS:C74410,BS CLOSURE,IPL,,LACC_APLOWED_C,AVNLSK,,AVNLSK01,SASKTEL,,,100049,,,,,,IHMED1,2016-11-22T09:51:40
Structure1_WGS84/101426,010100000038E00E62D4275AC0F07AF2E8FA334940,CLOSR:BSCLS:C191323,BS CLOSURE,IPL,,LACC_ATRENCH_C,REGNSK,,REGNSK03,SASKTEL,,,100049,,,,,,,
Structure1_WGS84/101439,0101000000DCB82FE17C8059C05088F7BEE6224940,CLOSR:BSCLS:C170646,BS CLOSURE,IPL,,LACC_APLOWED_F,WPLLSK,,WPLLSK01,SASKTEL,,GP J-49,100049,,,,,,IHMED1,2016-11-17T14:38:04
Structure1_WGS84/101478,0101000000784A87B4910E5AC0386CC42E321E4940,CLOSR:BSCLS:C169372,BS CLOSURE,IPL,,LACC_APLOWED_C,REGNSK,,REGNSK01,SASKTEL,,,100049,,,,,,,
Structure1_WGS84/101481,01010000008CDA0B9F09F659C0D808C71026834940,CLOSR:BSCLS:C152313,BS CLOSURE,IPL,,LACC_APLOWED_C,LPTNSK,,LPTNSK01,SASKTEL,,,100049,,,,,,IHMED1,2016-11-24T13:07:24
Structure1_WGS84/101559,01010000001CC4A595C8275AC000A0E9B078324940,CLOSR:BSCLS:C178578,BS CLOSURE,IPL,,LACC_ATRENCH_C,REGNSK,,REGNSK03,SASKTEL,,,100049,,,,,,,
Structure1_WGS84/101621,0101000000D01FF73390285AC0882FEBE9963C4940,CLOSR:BSCLS:C225075,BS CLOSURE,IPL,,LACC_ATRENCH_C,REGNSK,,REGNSK04,SASKTEL,,,100049,,,,,,,
Structure1_WGS84/101628,0101000000D49C28AEEF265AC0A05F2ABC9F3E4940,CLOSR:BSCLS:C320245,BS CLOSURE,ABD,,LACC_APLOWED_C,REGNSK,,REGNSK04,SASKTEL,,,100049,,,,,,,
Structure1_WGS84/101717,0101000000A07944A8396B59C0000CFD468D314940,CLOSR:BSCLS:C154695,BS CLOSURE,IPL,,LACC_APLOWED_C,RCVLSK,,RCVLSK01,SASKTEL,,,100049,,,,,,IHMED1,2016-11-17T09:55:23
Structure1_WGS84/101778,0101000000BCB275EA96265AC008965253EF3E4940,CLOSR:BSCLS:C200478,BS CLOSURE,IPL,,LACC_APLOWED_C,REGNSK,,REGNSK04,SASKTEL,,,100049,,,,,,,
Structure1_WGS84/101811,0101000000481BE1C99BF259C0A8F805AF6E624940,CLOSR:BSCLS:C141307,BS CLOSURE,IPL,,LACC_ATRENCH_C,FTQPSK,,FTQPSK01,SASKTEL,,,100049,,,,,,IHMED1,2016-11-24T11:18:04
Structure1_WGS84/101861,01010000004461DD99255F59C038628B1C631A4940,CLOSR:BSCLS:C143723,BS CLOSURE,ABD,,LACC_ATRENCH_C,MSMNSK,,MSMNSK01,SASKTEL,,,100049,,,,,,IHMED1,2016-11-17T09:22:08
Structure1_WGS84/102047,0101000000F01AE97C80445BC0582B8540EE684940,CLOSR:BSCLS:C515393,BS CLOSURE,IPL,,LACC_APLOWED_C,SCPTSK,,SCPTSK01,SASKTEL,,,100049,R210 P2,,,,,,
Structure1_WGS84/102084,0101000000F4C7E6702EF859C008C1C83D30464940,CLOSR:BSCLS:C132054,BS CLOSURE,IPL,,LACC_ATRENCH_C,QAPLSK,,QAPLSK01,SASKTEL,,NO AP IN MARTENS,100049,,,,,,IHMED1,2016-11-24T09:37:46
Structure1_WGS84/102103,0101000000C02B8BBA9D2A5AC068D2CE1F492B4940,CLOSR:BSCLS:C176779,BS CLOSURE,IPL,,LACC_APLOWED_C,REGNSK,,REGNSK03,SASKTEL,,,100049,,,,,,,
Structure1_WGS84/102109,0101000000241A6FEEF95E5BC070479DC57AEC4840,CLOSR:BSCLS:C517222,BS CLOSURE,IPL,,LACC_APLOWED_C,MPCKSK,,MPCKSK01,SASKTEL,,,100049,,,,,,,
Structure1_WGS84/102167,0101000000E08C5F4D05C259C0C085486296144940,CLOSR:BSCLS:C134165,BS CLOSURE,IPL,,LACC_APLOWED_C,GLNVSK,,GLNVSK01,SASKTEL,,,100049,,,,,,IHMED1,2016-11-18T13:34:02
Structure1_WGS84/102229,010100000024F58677306A59C0E0B2285E78134940,CLOSR:BSCLS:C137931,BS CLOSURE,IPL,,LACC_ATRENCH_C,MSMNSK,,MSMNSK01,SASKTEL,,,100049,,,,,,IHMED1,2016-11-17T09:22:34
Structure1_WGS84/102267,0101000000E8400945D03E5AC0708D808B07904940,CLOSR:BSCLS:C116396,BS CLOSURE,IPL,,LACC_APLOWED_C,STBGSK,,STBGSK01,SASKTEL,,,100049,,,,,,RAVAG1,2023-06-16T00:51:08
Structure1_WGS84/102285,01010000003CE62E8259235AC0C00A135AD7384940,CLOSR:BSCLS::9783883,BS CLOSURE,IPL,,LACC_ATRENCH_C,REGNSK,,REGNSK45,SASKTEL,2016,,100049,,801112,,WILLJ2,2017-12-19T09:20:18,WILLJ2,2017-12-19T09:25:38
Structure1_WGS84/102343,0101000000AC369C859FDC5AC0800CAB529C324940,LOSR:BSCLS::10047568,BS CLOSURE,IPL,,LACC_APLOWED_C,SWCRSK,,WLDCSK02,SASKTEL,2018,,100049,,804973,,QUANM1,2018-07-16T09:19:24,THUND1,2025-02-24T06:19:57
Structure1_WGS84/102345,010100000058367FBB28E95AC0003E2F84F8144940,CLOSR:BSCLS::13005642,BS CLOSURE,IPL,,LACC_ATRENCH_C,SWCRSK,,WYMRSK02,SASKTEL,2024,,100049,,822459,,HUNTG1,2023-10-03T11:13:16,THUND1,2025-02-24T06:19:45
Structure1_WGS84/102387,010100000074C77B38153B5AC00063D829222E4940,CLOSR:BSCLS::13043420,BS CLOSURE,IPL,,LACC_ATRENCH_C,PENSSK,,PENSSK01,SASKTEL,2023,,100049,,822615,,MALLM1,2023-10-24T16:16:59,HUNTG1,2025-03-05T16:03:01
Structure1_WGS84/102389,01010000000CB1A624DE535BC0A0250F4B902F4940,CLOSR:BSCLS:C571666,BS CLOSURE,IPL,,LACC_APLOWED_C,FXVYSK,,FXVYSK01,SASKTEL,,,100049,,,,,,THUND1,2019-05-08T21:05:31
Structure1_WGS84/102517,010100000070291BC7E93E5AC018104F53E4A74940,CLOSR:BSCLS:C99737,BS CLOSURE,IPL,,LACC_APLOWED_F,GOVNSK,,GOVNSK01,SASKTEL,,,100049,,,,,,BALLB1,2019-07-28T20:43:46
Structure1_WGS84/102692,0101000000CC1CA18535265AC078C1FC5C873F4940,CLOSR:BSCLS:C199961,BS CLOSURE,ABD,,LACC_ATRENCH_C,REGNSK,,REGNSK04,SASKTEL,,,100049,R 78 ANDREWS CRES ,,,,,HOLOJ1,2017-03-15T09:31:47
Structure1_WGS84/102755,010100000078555A8B5E4E5BC0500D967FA76E4940,CLOSR:BSCLS:C514796,BS CLOSURE,IPL,,LACC_APLOWED_C,SCPTSK,,SCPTSK01,SASKTEL,,,100049,,,,,,ADELL2,2018-10-04T21:06:10
Structure1_WGS84/102863,0101000000101C2CD64FFB5AC0686579C61AFC4840,CLOSR:BSCLS::11379742,BS CLOSURE,IPL,,TRNS_APLOWED_C,NEVLSK,,LCPLSK02,SASKTEL,2020,,100049,,809250,,MEYEB2,2021-03-24T17:34:27,RAVAG1,2023-11-02T20:51:18
Structure1_WGS84/102868,010100000014BF542C11FB59C01809627D1C5D4940,CLOSR:BSCLS:C142285,BS CLOSURE,IPL,,LACC_APLOWED_C,FTQPSK,,FTQPSK01,SASKTEL,,,100049,,,,,,VUDUP1,2018-11-14T22:20:15
Structure1_WGS84/102912,0101000000542F332AF8B659C0D07C284D9A0D4940,LOSR:BSCLS::10101978,BS CLOSURE,IPL,,LACC_APLOWED_C,WNDTSK,,WNDTSK01,SASKTEL,2016,,100049,,983564,,KAURP3,2018-08-27T11:21:53,KAURP3,2018-08-27T13:53:10
Structure1_WGS84/102934,01010000007C6B6C1E43295AC000F05586CCFC4840,CLOSR:BSCLS::12782282,BS CLOSURE,IPL,,LACC_APLOWED_C,MLSTSK,,MLSTSK01,SASKTEL,2023,,100049,,821115,,MANGM1,2023-05-12T16:10:56,SATYK1,2024-02-26T05:21:01
Structure1_WGS84/102987,010100000008861C5676265AC0586677D9533F4940,CLOSR:BSCLS:C203080,BS CLOSURE,IPL,,LACC_APLOWED_C,REGNSK,,REGNSK04,SASKTEL,,,100049,,,,,,MACAM1,2019-05-24T15:52:47
Structure1_WGS84/103002,0101000000E09FAA264E6B59C0200AF46335144940,CLOSR:BSCLS:C146166,BS CLOSURE,ABD,,LACC_APLOWED_C,MSMNSK,,MSMNSK01,SASKTEL,,,100049,,,,,,KAURR2,2017-03-22T13:42:23
Structure1_WGS84/103092,01010000003C5D1FCE0A2C5AC04865BF98B4324940,CLOSR:BSCLS:C303482,BS CLOSURE,IPL,,LACC_APLOWED_C,REGNSK,,REGNSK03,SASKTEL,,,100049,,,,,,ADELL2,2018-10-22T23:40:46
Structure1_WGS84/103124,010100000050546AE7B5245BC0B8204AD7F3234940,CLOSR:BSCLS:C525560,BS CLOSURE,IPL,,LACC_APLOWED_C,GLLKSK,,GLLKSK01,SASKTEL,,,100049,,,,,,NADIV1,2018-10-12T12:51:05
Structure1_WGS84/103132,0101000000188B82ED3B225BC0305C8E0BD2D54840,CLOSR:BSCLS::8212351,BS CLOSURE,IPL,,LACC_APLOWED_C,SHNVSK,,SHNVSK01,SASKTEL,2014,,100049,,977299,,,,MACHS1,2018-10-15T20:41:11
Structure1_WGS84/103282,0101000000480DB4D581275AC0B0C9087FB12E4940,CLOSR:BSCLS::8997628,BS CLOSURE,IPL,,LACC_APLOWED_F,REGNSK,,REGNSK03,SASKTEL,2016,30M EAST OF PROPERTY LINE,100049,,984239,,,,PALGS1,2019-08-23T04:27:30
Structure1_WGS84/103349,01010000009C41851BD7425AC060BE1D97E7344940,CLOSR:BSCLS:C119924,BS CLOSURE,IPL,,LACC_APLOWED_F,PENSSK,,PENSSK01,SASKTEL,,,100049,,,,,,BALLB1,2019-06-11T20:48:15
Structure1_WGS84/103355,0101000000F03AF674742D5AC0C81B23F0FF3B4940,CLOSR:BSCLS::9704204,BS CLOSURE,IPL,,LACC_ATRENCH_C,REGNSK,,REGNSK01,SASKTEL,2017,,100049,,803039,,BOHLC2,2017-10-04T17:32:30,BALLB1,2019-09-03T04:33:07
Structure1_WGS84/103422,0101000000A46B50A8A5F859C0F846CC3D3B454940,CLOSR:BSCLS:C138027,BS CLOSURE,ABD,,LACC_ATRENCH_F,QAPLSK,,QAPLSK01,SASKTEL,,,100049,,,,,,SZOSG1,2021-12-13T14:58:35
Structure1_WGS84/103465,010100000034788C16132D5AC0C83681A0DE144940,CLOSR:BSCLS::12892042,BS CLOSURE,IPL,,LACC_APLOWED_C,WLCXSK,,WLCXSK01,SASKTEL,2023,,100049,,821787,,MCCAT1,2023-07-27T08:55:44,BINGA1,2024-05-21T00:24:31
Structure1_WGS84/103507,0101000000FC17898239095AC0201141AC69124940,CLOSR:BSCLS:C141950,BS CLOSURE,ABD,,LACC_APLOWED_C,SDLYSK,,SDLYSK02,SASKTEL,,,100049,,,,,,PALGS1,2019-04-05T00:49:28
Structure1_WGS84/103512,0101000000F8AA734492115AC0F88663ACE23E4940,CLOSR:BSCLS:C144653,BS CLOSURE,IPL,,LACC_APLOWED_C,BLGNSK,,BLGNSK01,SASKTEL,,,100049,R3400 0D,,,,,PALGS1,2019-04-10T03:15:42
Structure1_WGS84/103514,0101000000183E87D14ADE59C08894E22771414940,CLOSR:BSCLS:C126834,BS CLOSURE,IPL,,LACC_APLOWED_C,SNTLSK,,SNTLSK01,SASKTEL,,,100049,,,,,,PALGS1,2019-04-08T22:01:16
Structure1_WGS84/103515,0101000000D018EC07AE5C5AC0D05555FDC4654940,CLOSR:BSCLS:C100858,BS CLOSURE,IPL,,LACC_APLOWED_C,BTHNSK,,CHBLSK01,SASKTEL,,,100049,,,,,,CHENR1,2021-12-24T05:59:26
Structure1_WGS84/103516,0101000000A44A89942E8959C0D8D21623C7294940,CLOSR:BSCLS:C171061,BS CLOSURE,IPL,,LACC_APLOWED_F,WHWDSK,,WHWDSK01,SASKTEL,,,100049,,,,,,PALGS1,2019-04-12T03:37:11
Structure1_WGS84/103555,01010000000012E003DA055BC0487206A787E74840,CLOSR:BSCLS:C527533,BS CLOSURE,IPL,,LACC_APLOWED_F,SHNVSK,,ADMRSK02,SASKTEL,,,100049,,,,,,CHENR1,2021-11-29T08:37:10
Structure1_WGS84/103566,0101000000209DB1CA4D895AC038EA24D2ABAD4940,CLOSR:BSCLS:C95413,BS CLOSURE,IPL,,LACC_APLOWED_F,DVSNSK,,BLWOSK02,SASKTEL,,,100049,,,,,,CHENR1,2021-12-07T03:20:18
Structure1_WGS84/103941,0101000000A064B1CE0ABE5AC018DF9CF38E2D4940,LOSR:BSCLS::10700042,BS CLOSURE,IPL,,LACC_APLOWED_C,MORSSK,,MORSSK01,SASKTEL,2019,,100049,,,,HUNTG1,2019-11-01T13:16:02,HUNTG1,2019-11-05T09:14:59
Structure1_WGS84/104151,010100000044AA6C7B22A859C058058AF599304940,CLOSR:BSCLS:C119445,BS CLOSURE,IPL,,LACC_APLOWED_F,BRVWSK,,BRVWSK01,SASKTEL,,,100049,,,,,,MEYEB2,2019-10-16T13:57:27
Structure1_WGS84/104206,0101000000E45EC581EED459C070599ED7FD094940,CLOSR:BSCLS:C146463,BS CLOSURE,IPL,,LACC_APLOWED_C,MTMRSK,,MTMRSK02,SASKTEL,,,100049,,,,,,GOPIA1,2019-11-18T22:41:21
Structure1_WGS84/104259,0101000000D85AADB384115AC0C89B40A1363A4940,CLOSR:BSCLS:C93506,BS CLOSURE,IPL,,LACC_APLOWED_C,BLGNSK,,BLGNSK01,SASKTEL,,,100049,,,,,,MACHS1,2019-12-13T00:54:19
Structure1_WGS84/104281,0101000000F82D44CB9D1E5AC0A0989FCF8B234940,CLOSR:BSCLS:C197982,BS CLOSURE,IPL,,LACC_APLOWED_C,REGNSK,,ESTLSK01,SASKTEL,,,100049,,,,,,CHENR1,2022-01-20T08:45:26
Structure1_WGS84/104314,0101000000C0729FAA6F275AC008DBCCB1D4234940,CLOSR:BSCLS:C198121,BS CLOSURE,IPL,,LACC_APLOWED_C,REGNSK,,ESTLSK01,SASKTEL,,,100049,,,,,,CHENR1,2022-01-20T08:45:19
Structure1_WGS84/104355,0101000000842AB142BC335AC0D8835F43205C4940,CLOSR:BSCLS:C89660,BS CLOSURE,IPL,,LACC_APLOWED_C,LMSDSK,,CRVNSK04,SASKTEL,,,100049,,,,,,CHENR1,2021-12-27T05:54:54
Structure1_WGS84/104422,0101000000F4941D94F05C5BC058BA5C133ED54840,CLOSR:BSCLS:C516383,BS CLOSURE,IPL,,LACC_APLOWED_C,MPCKSK,,CYHLSK03,SASKTEL,,,100049,,,,,,CHENR1,2021-12-27T09:48:23
Structure1_WGS84/104459,0101000000D475BE8B76395AC0F8FEBB1534484940,CLOSR:BSCLS:C242716,BS CLOSURE,IPL,,LACC_APLOWED_C,REGNSK,,CONDSK03,SASKTEL,,,100049,,,,,,CHENR1,2021-12-25T07:45:32
Structure1_WGS84/104465,01010000000487EB0C642D5AC060C9B0528D4B4940,CLOSR:BSCLS:C223739,BS CLOSURE,IPL,,LACC_APLOWED_C,REGNSK,,CONDSK03,SASKTEL,,30M CL,100049,,,,,,CHENR1,2021-12-25T07:45:33
Structure1_WGS84/104471,010100000034AD9DF336CE59C0A0A40AFD8E1C4940,CLOSR:BSCLS:C169990,BS CLOSURE,IPL,,LACC_APLOWED_C,MTMRSK,,CNDCSK01,SASKTEL,,,100049,,,,,,CHENR1,2021-12-25T03:09:54
Structure1_WGS84/104520,01010000007CC31B0403295AC0A862EEBD2C434940,CLOSR:BSCLS:C195858,BS CLOSURE,IPL,,LACC_APLOWED_C,REGNSK,,REGNSK04,SASKTEL,,,100049,,,,,,HOLTA1,2020-11-09T10:40:11
Structure1_WGS84/104537,0101000000B041F126690D5BC08876F4B0312E4940,CLOSR:BSCLS:C535501,BS CLOSURE,ABD,,LACC_APLOWED_C,SWCRSK,,SCCSSK02,SASKTEL,,,100049,,,,,,CHENR1,2022-01-27T03:01:47
Structure1_WGS84/104542,01010000007C1984A0603D5AC028C11A88A1664940,CLOSR:BSCLS:C94040,BS CLOSURE,IPL,,LACC_APLOWED_C,RGBHSK,,RGBHSK01,SASKTEL,,,100049,,,,,,KLETR1,2020-11-17T12:27:24
Structure1_WGS84/104548,0101000000CC7618A289295BC0D0AD87D161BD4840,CLOSR:BSCLS::8345133,BS CLOSURE,IPL,,LACC_APLOWED_C,SHNVSK,,DLRDSK01,SASKTEL,2015,,100049,,979251,,,,CHENR1,2021-12-28T09:11:24
Structure1_WGS84/104551,010100000060731810FD275BC0F8DD1E38B2C64840,CLOSR:BSCLS:C510669,BS CLOSURE,IPL,,LACC_APLOWED_C,SHNVSK,,DLRDSK01,SASKTEL,,,100049,,,,,,CHENR1,2021-12-28T09:11:26
Structure1_WGS84/104593,01010000000C43C02EDE315AC0F8AC43592B2D4940,CLOSR:BSCLS:C214582,BS CLOSURE,IPL,,LACC_APLOWED_C,REGNSK,,GDCLSK03,SASKTEL,,,100049,,,,,,CHENR1,2022-02-02T06:17:44
Structure1_WGS84/104620,010100000044EF1FCEAD7E5BC0A8D522D251E44840,CLOSR:BSCLS:C510560,BS CLOSURE,IPL,,LACC_APLOWED_C,MPCKSK,,MPCKSK03,SASKTEL,,,100049,,,,,,CHENR1,2022-02-24T08:41:26
Structure1_WGS84/104651,010100000088DDCA54D9FA5AC0889364253F024940,CLOSR:BSCLS:C505695,BS CLOSURE,IPL,,LACC_APLOWED_C,NEVLSK,,LCPLSK02,SASKTEL,,,100049,,,,,,CHENR1,2022-02-11T05:03:21
Structure1_WGS84/104803,010100000000217D86BCAB59C01084C7986A4B4940,CLOSR:BSCLS:C170375,BS CLOSURE,IPL,,LACC_APLOWED_C,BRVWSK,,MARLSK01,SASKTEL,2012,,100049,,961744,,,,CHENR1,2022-03-14T03:12:03
Structure1_WGS84/104808,0101000000A87059F2E9055AC0B897A2993D264940,CLOSR:BSCLS::6437917,BS CLOSURE,IPL,,LACC_APLOWED_C,,,LJRDSK01,SASKTEL,2013,,100049,,0,,,,CHENR1,2022-03-11T07:37:24
Structure1_WGS84/104823,010100000010177B8D8FE459C0605E65DFE8144940,CLOSR:BSCLS::8973295,BS CLOSURE,IPL,,LACC_APLOWED_C,MTMRSK,,KENDSK01,SASKTEL,2016,,100049,,984585,,,,CHENR1,2022-03-09T08:52:23
Structure1_WGS84/104826,010100000004FAFDC878E459C0F0DC19B2E9144940,CLOSR:BSCLS::8973291,BS CLOSURE,IPL,,LACC_APLOWED_C,MTMRSK,,KENDSK01,SASKTEL,2016,,100049,,984585,,,,CHENR1,2022-03-09T08:52:23
Structure1_WGS84/104837,0101000000E05B8870B42A5AC0B84BC97C04584940,CLOSR:BSCLS:C229851,BS CLOSURE,IPL,,LACC_APLOWED_C,REGNSK,,KNNLSK01,SASKTEL,,,100049,,,,,,CHENR1,2022-03-10T03:03:49
Structure1_WGS84/104851,0101000000A470E4514F1A5AC048A5E3672C4C4940,CLOSR:BSCLS:C226054,BS CLOSURE,IPL,,LACC_APLOWED_C,REGNSK,,ZHNRSK02,SASKTEL,,,100049,,,,,,CHENR1,2022-05-02T06:58:25
Structure1_WGS84/104991,0101000000ACC50E2D291D5BC0001DA16487F24840,CLOSR:BSCLS:C517053,BS CLOSURE,ABD,,LACC_APLOWED_F,SHNVSK,,SHNVSK04,SASKTEL,,,100049,,,,,,CHENR1,2022-04-01T08:54:51
Structure1_WGS84/105025,010100000064000855531D5AC02026B830C93E4940,CLOSR:BSCLS::8764996,BS CLOSURE,IPL,,LACC_APLOWED_C,REGNSK,,PLBTSK01,SASKTEL,2016,,100049,,982327,,,,CHENR1,2022-03-18T04:03:51
Structure1_WGS84/105036,0101000000188739C21B165AC078957B0F44454940,CLOSR:BSCLS:C206133,BS CLOSURE,IPL,,LACC_APLOWED_C,REGNSK,,PLBTSK01,SASKTEL,,,100049,,,,,,CHENR1,2022-03-18T04:03:47
Structure1_WGS84/105046,0101000000C8665AD7525C5AC0C853538883884940,CLOSR:BSCLS:C79885,BS CLOSURE,IPL,,LACC_APLOWED_C,HLDFSK,,PNZNSK01,SASKTEL,,,100049,,,,,,CHENR1,2022-03-18T04:43:10
Structure1_WGS84/105050,0101000000882933D32D1A5AC008551B1D09BD4940,CLOSR:BSCLS:C105985,BS CLOSURE,IPL,,LACC_APLOWED_C,PNCHSK,,PMIRSK01,SASKTEL,,,100049,,,,,,CHENR1,2022-03-18T04:28:20
Structure1_WGS84/105116,0101000000F0D2CB2A57F35AC0300B6217BA244940,CLOSR:BSCLS::12666454,BS CLOSURE,IPL,,LACC_ATRENCH_C,SWCRSK,,SWCRSK02,SASKTEL,,,100049,R 325 2ND AVE NW,,,PITTM1,2023-03-12T23:54:34,THUND1,2023-03-14T00:48:13
Structure1_WGS84/105209,0101000000D40D496A37365AC048FB85AF136C4940,CLOSR:BSCLS:C130248,BS CLOSURE,ABD,,LACC_APLOWED_F,LMSDSK,,SABHSK01,SASKTEL,,,100049,,,,,,CHENR1,2022-03-30T03:59:42
Structure1_WGS84/105246,01010000004435CEA12A225AC080FD950A743A4940,CLOSR:BSCLS:C154085,BS CLOSURE,IPL,,LACC_ATRENCH_C,REGNSK,,REGNSK46,SASKTEL,,no in ap martenes,100049,,,,,,CHENR1,2022-03-26T02:06:59
Structure1_WGS84/105251,0101000000080AFDF8DD225AC0D04F9699D3394940,CLOSR:BSCLS:C155509,BS CLOSURE,IPL,,LACC_APLOWED_C,REGNSK,,REGNSK46,SASKTEL,,,100049,,,,,,CHENR1,2022-03-26T02:07:09
Structure1_WGS84/105368,0101000000D095301CED7F5AC0884EEE350CA24940,CLOSR:BSCLS:C91140,BS CLOSURE,IPL,,LACC_APLOWED_F,DVSNSK,,DVSNSK03,SASKTEL,,,100049,,,,,,POWEC2,2022-10-15T21:42:46
Structure1_WGS84/105576,010100000028A57E167F205AC0286F02D168784940,CLOSR:BSCLS::12249806,BS CLOSURE,IPL,,LACC_ATRENCH_C,STHYSK,,STHYSK01,SASKTEL,2022,,100049,,,,MCKED4,2022-07-29T10:28:31,BINGA1,2023-02-01T21:04:21
Structure1_WGS84/105602,0101000000A4357CF4EEFA59C0E89A21A69B564940,CLOSR:BSCLS:C143711,BS CLOSURE,IPL,,LACC_APLOWED_F,FTQPSK,,FTQPSK01,SASKTEL,,,100049,,,,,,DUNLM1,2023-04-18T12:09:02
Structure1_WGS84/105629,01010000006C382754621A5AC0886B3474C42E4940,CLOSR:BSCLS:C187785,BS CLOSURE,IPL,,LACC_APLOWED_C,REGNSK,,REGNSK45,SASKTEL,,,100049,,,,,,CHENR1,2022-04-08T07:35:57
Structure1_WGS84/105646,0101000000F8A8057DC91E5AC0F8D26146772E4940,CLOSR:BSCLS:C189418,BS CLOSURE,IPL,,LACC_APLOWED_C,REGNSK,,REGNSK45,SASKTEL,,,100049,,,,,,CHENR1,2022-04-08T07:33:18
Structure1_WGS84/106415,0101000000407D1EE5F8285AC000638D52003B4940,CLOSR:BSCLS:C201668,BS CLOSURE,IPL,,LACC_ATRENCH_C,REGNSK,,REGNSK01,SASKTEL,,,100049,,,,,,,
Structure1_WGS84/106462,01010000005419D04F542A5AC0E021A918B6324940,CLOSR:BSCLS::7850714,BS CLOSURE,IPL,,LACC_APLOWED_C,REGNSK,,REGNSK03,SASKTEL,1983,,100049,,196189,,,,,
Structure1_WGS84/106494,0101000000D04C0B1FB0265AC00892AF25A03E4940,CLOSR:BSCLS:C192167,BS CLOSURE,IPL,,LACC_APLOWED_C,REGNSK,,REGNSK04,SASKTEL,,,100049,,,,,,,
Structure1_WGS84/106537,01010000008C69B4EF465F59C0D0C5A34AD01A4940,CLOSR:BSCLS:C142856,BS CLOSURE,ABD,,LACC_ATRENCH_C,MSMNSK,,MSMNSK01,SASKTEL,,,100049,,,,,,IHMED1,2016-11-17T09:22:23
Structure1_WGS84/106681,010100000058DA5202C03A5AC0B0DEC4D7F1824940,CLOSR:BSCLS:C109615,BS CLOSURE,ABD,,LACC_APLOWED_F,STBGSK,,STBGSK01,SASKTEL,,,100049,,,,,,IHMED1,2016-11-23T14:07:29
Structure1_WGS84/106748,0101000000B845B6AC480B5AC0E82A8211913F4940,CLOSR:BSCLS:C113633,BS CLOSURE,IPL,,LACC_APLOWED_C,BLGNSK,,BLGNSK01,SASKTEL,,,100049,,,,,,IHMED1,2016-11-24T08:52:44
Structure1_WGS84/106749,01010000008C472C06A8A359C028CC5542E32E4940,CLOSR:BSCLS:C112799,BS CLOSURE,IPL,,LACC_APLOWED_C,BRVWSK,,BRVWSK01,SASKTEL,,,100049,,,,,,IHMED1,2016-11-18T10:58:15
Structure1_WGS84/106772,010100000090354A9406135AC010F060D5AA274940,CLOSR:BSCLS:C166855,BS CLOSURE,ABD,,LACC_APLOWED_C,REGNSK,,REGNSK01,SASKTEL,,,100049,,,,,,,
Structure1_WGS84/106773,0101000000685C586757145AC0809839A1B3284940,CLOSR:BSCLS:C171508,BS CLOSURE,ABD,,LACC_APLOWED_F,REGNSK,,REGNSK01,SASKTEL,,,100049,,,,,,,
Structure1_WGS84/106775,010100000070F73CF6487859C0304BB6B26B1E4940,CLOSR:BSCLS:C113042,BS CLOSURE,IPL,,LACC_APLOWED_C,WPLLSK,,WPLLSK01,SASKTEL,,,100049,,,,,,IHMED1,2016-11-17T14:38:03
Structure1_WGS84/106816,0101000000642070063A2A5AC0684BD27970394940,CLOSR:BSCLS:C207133,BS CLOSURE,IPL,,LACC_ATRENCH_C,REGNSK,,REGNSK01,SASKTEL,,,100049,,,,,,,
Structure1_WGS84/106909,0101000000CC711FCD592A5AC010A42622053D4940,CLOSR:BSCLS:C216179,BS CLOSURE,IPL,,LACC_APLOWED_C,REGNSK,,REGNSK04,SASKTEL,,,100049,,,,,,,
Structure1_WGS84/107019,01010000003417432F5F525AC060EDC30F48544940,CLOSR:BSCLS:C94775,BS CLOSURE,IPL,,LACC_APLOWED_C,BTHNSK,,BTHNSK02,SASKTEL,,,100049,,,,,,IHMED1,2016-11-22T14:10:52
Structure1_WGS84/107082,01010000004C9D9353856259C07808B5DC220D4940,CLOSR:BSCLS:C170326,BS CLOSURE,IPL,,LACC_APLOWED_F,MSMNSK,,MSMNSK01,SASKTEL,,,100049,,,,,,IHMED1,2016-11-17T09:22:37
Structure1_WGS84/107162,01010000007896FC5C289259C0E0D82B1A551C4940,CLOSR:BSCLS:C138239,BS CLOSURE,IPL,,LACC_APLOWED_C,WHWDSK,,WHWDSK01,SASKTEL,,,100049,,,,,,IHMED1,2016-11-18T09:32:01
Structure1_WGS84/107182,0101000000B0F9781BED555BC0284E1AAFA8AC4840,CLOSR:BSCLS:C572214,BS CLOSURE,IPL,,LACC_APLOWED_C,CNSLSK,,CNSLSK03,SASKTEL,,,100049,R1303 P1K,,,,,IHMED1,2016-11-14T14:20:54
Structure1_WGS84/107185,0101000000F8C9AB82976759C0F04A970D91314940,CLOSR:BSCLS:C154749,BS CLOSURE,IPL,,LACC_APLOWED_C,RCVLSK,,RCVLSK01,SASKTEL,,,100049,,,,,,IHMED1,2016-11-17T09:55:20
Structure1_WGS84/107203,010100000044EB17081C285AC090F3FBF41B394940,CLOSR:BSCLS:C257704,BS CLOSURE,IPL,,LACC_ATRENCH_C,REGNSK,,REGNSK01,SASKTEL,,,100049,,,,,,,
Structure1_WGS84/107239,01010000002C9D79B392E259C0F8BD5DCE23674940,CLOSR:BSCLS:C123263,BS CLOSURE,IPL,,LACC_ATRENCH_C,BLCRSK,,BLCRSK01,SASKTEL,,,100049,,,,,,IHMED1,2016-11-24T14:25:47
Structure1_WGS84/107274,010100000074B77698F2D05AC0B0636F0BD1364940,CLOSR:BSCLS:C508729,BS CLOSURE,IPL,,LACC_APLOWED_C,HRBRSK,,HRBRSK01,SASKTEL,,,100049,,,,,,,
Structure1_WGS84/107289,0101000000846347F7F4E959C01081321950444940,CLOSR:BSCLS:C114473,BS CLOSURE,IPL,,LACC_APLOWED_C,INHDSK,,INHDSK01,SASKTEL,,,100049,,,,,,IHMED1,2016-11-24T13:36:19
Structure1_WGS84/107309,0101000000E4EA068BBC3B5AC0B02951E2F24F4940,CLOSR:BSCLS:C83088,BS CLOSURE,IPL,,LACC_APLOWED_C,LMSDSK,,LMSDSK01,SASKTEL,,,100049,,,,,,IHMED1,2016-11-22T12:05:15
Structure1_WGS84/107333,0101000000603E0CEC72255BC0E897C0CE49A44840,CLOSR:BSCLS:C519878,BS CLOSURE,IPL,,LACC_APLOWED_C,FRNTSK,,FRNTSK01,SASKTEL,,,100049,,,,,,IHMED1,2016-11-14T13:56:25
Structure1_WGS84/107339,01010000007807C66193C25AC0086B15CA70464940,CLOSR:BSCLS:C500556,BS CLOSURE,IPL,,LACC_APLOWED_C,MORSSK,,MORSSK01,SASKTEL,,,100049,,,,,,,
Structure1_WGS84/107387,0101000000407D4C1DC4EE5AC0F82FBF2925284940,CLOSR:BSCLS:C542542,BS CLOSURE,IPL,,LACC_APLOWED_C,SWCRSK,,SWCRSK02,SASKTEL,,,100049,,,,,,,
Structure1_WGS84/107439,010100000054F491D8912C5AC02885D96E3C3D4940,CLOSR:BSCLS:C200581,BS CLOSURE,IPL,,LACC_ATRENCH_C,REGNSK,,REGNSK04,SASKTEL,,,100049,,,,,,,
Structure1_WGS84/107471,01010000008CD8DDF227ED59C0E8437F2489434940,CLOSR:BSCLS:C169667,BS CLOSURE,IPL,,LACC_APLOWED_C,INHDSK,,INHDSK01,SASKTEL,,,100049,,,,,,IHMED1,2016-11-24T13:36:20
Structure1_WGS84/107486,0101000000DCCE2D903A1F5BC07866C0FB18064940,CLOSR:BSCLS:C520838,BS CLOSURE,ABD,,LACC_APLOWED_C,GLLKSK,,GLLKSK01,SASKTEL,,,100049,,,,,,IHMED1,2016-11-14T09:01:15
Structure1_WGS84/107519,01010000007027E3A8D4B459C060E6EFD6A00D4940,CLOSR:BSCLS:C129306,BS CLOSURE,ABD,,LACC_APLOWED_C,WNDTSK,,WNDTSK01,SASKTEL,,,100049,,,,,,IHMED1,2016-11-18T12:01:46
Structure1_WGS84/107537,01010000003C9187BBC3C959C0B0B27D35382B4940,CLOSR:BSCLS:C169166,BS CLOSURE,IPL,,LACC_APLOWED_C,WLSLSK,,WLSLSK01,SASKTEL,,,100049,,,,,,IHMED1,2016-11-18T14:49:55
Structure1_WGS84/107539,010100000018FEC6E3713F5AC060489166C09F4940,CLOSR:BSCLS:C151099,BS CLOSURE,ABD,,LACC_APLOWED_F,GOVNSK,,GOVNSK01,SASKTEL,,,100049,,,,,,IHMED1,2016-11-23T09:31:07
Structure1_WGS84/107625,01010000004CFDC56458235AC0206BC9F4D5384940,CLOSR:BSCLS::9783885,BS CLOSURE,IPL,,LACC_ATRENCH_C,REGNSK,,REGNSK45,SASKTEL,2016,,100049,,801112,,WILLJ2,2017-12-19T09:22:10,WILLJ2,2017-12-19T09:25:38
Structure1_WGS84/107635,01010000003C4FFC4B24E95AC098A406FBF8144940,CLOSR:BSCLS::13005645,BS CLOSURE,IPL,,LACC_ATRENCH_C,SWCRSK,,WYMRSK02,SASKTEL,2024,,100049,,822459,,HUNTG1,2023-10-03T11:18:50,THUND1,2025-02-24T06:19:52
Structure1_WGS84/107724,0101000000FC4713E0753F5AC0F8DB303A7B954940,CLOSR:BSCLS:C107471,BS CLOSURE,ABD,,LACC_APLOWED_C,STBGSK,,STBGSK01,SASKTEL,,,100049,,,,,,BALLB1,2019-04-12T01:24:13
Structure1_WGS84/107771,01010000006CCA847B1F135AC0786AF34187274940,CLOSR:BSCLS:C166675,BS CLOSURE,IPL,,LACC_APLOWED_C,REGNSK,,REGNSK01,SASKTEL,,,100049,,,,,,KAURR2,2019-02-04T13:13:32
Structure1_WGS84/107800,01010000005C6455C6979D59C0406A1C4F233C4940,LOSR:BSCLS::10134603,BS CLOSURE,IPL,,LACC_APLOWED_C,BRVWSK,,OCIRSK01,SASKTEL,2018,,100049,,803204,,KAURP3,2018-09-17T11:57:32,KATRR1,2021-01-15T02:15:23
Structure1_WGS84/107825,0101000000A0D1F7FC6BB559C040297EEC6B1C4940,CLOSR:BSCLS::9832225,BS CLOSURE,IPL,,LACC_APLOWED_C,WNDTSK,,WNDTSK01,SASKTEL,2017,,100049,,802005,,KAURR2,2018-02-13T14:06:31,KAURR2,2018-02-13T14:51:11
Structure1_WGS84/107864,010100000020087905AE2B5BC06028E6E103B44840,CLOSR:BSCLS::9827725,BS CLOSURE,IPL,,LACC_APLOWED_C,ESNDSK,,ESNDSK01,SASKTEL,2017,,100049,,802735,,WILLJ2,2018-02-07T11:48:08,WILLJ2,2018-02-07T13:02:27
Structure1_WGS84/107939,01010000002809268A72295AC0B8C0A10146344940,CLOSR:BSCLS::7808826,BS CLOSURE,IPL,,LACC_AUG_COPPER,REGNSK,,REGNSK03,SASKTEL,2014,,100049,,969421,,,,SAKAM1,2024-06-11T06:57:17
Structure1_WGS84/107975,0101000000503642C5ACF65AC08052130871284940,CLOSR:BSCLS:C558342,BS CLOSURE,ABD,,LACC_APLOWED_F,SWCRSK,,SWCRSK02,SASKTEL,,,100049,,,,,,FATHF1,2018-04-19T23:48:30
Structure1_WGS84/107982,01010000008880B2452C6B59C0906E2188A6114940,CLOSR:BSCLS:C145644,BS CLOSURE,IPL,,LACC_APLOWED_C,MSMNSK,,MSMNSK01,SASKTEL,,,100049,,,,,,SAKAM1,2024-11-25T09:54:37
Structure1_WGS84/107996,0101000000949D186E8D2B5AC0C094D4B8E0794940,CLOSR:BSCLS::9949981,BS CLOSURE,IPL,,LACC_APLOWED_C,ERGRSK,,ERGRSK01,SASKTEL,2019,,100049,,804338,,KAURP3,2018-05-11T08:29:27,KAURP3,2021-03-31T18:21:28
Structure1_WGS84/108062,010100000098CC107894F55AC028E4BE007B2B4940,CLOSR:BSCLS:C558369,BS CLOSURE,IPL,,LACC_APLOWED_F,SWCRSK,,SWCRSK02,SASKTEL,,,100049,,,,,,BALLB1,2019-03-20T22:24:27
Structure1_WGS84/108130,01010000009C51AE8191215BC0C01A19B17D454940,CLOSR:BSCLS:C571555,BS CLOSURE,IPL,,LACC_APLOWED_F,CABRSK,,CABRSK01,SASKTEL,,,100049,,,,,,GANDN1,2018-04-02T23:38:29
Structure1_WGS84/108162,010100000078B40629F7B259C0207BDDBF85434940,LOSR:BSCLS::10001806,BS CLOSURE,IPL,,LACC_APLOWED_C,GRNFSK,,SYIRSK01,SASKTEL,2019,,100049,,804291,,ESLIG1,2018-06-15T11:36:34,RAVAG1,2023-11-02T20:43:32
Structure1_WGS84/108306,01010000001873B34C3AFB59C078BF6B19AE5F4940,CLOSR:BSCLS:C131301,BS CLOSURE,IPL,,LACC_APLOWED_C,FTQPSK,,FTQPSK01,SASKTEL,,,100049,,,,,,VUDUP1,2018-10-29T21:47:59
Structure1_WGS84/108314,010100000084462E3A04CB59C078CB9F5336264940,CLOSR:BSCLS:C147185,BS CLOSURE,IPL,,LACC_APLOWED_C,WLSLSK,,WLSLSK01,SASKTEL,,,100049,,,,,,YERRS2,2018-09-18T23:22:04
Structure1_WGS84/108328,010100000070670D7B4D6B59C088CBBD3C34144940,CLOSR:BSCLS:C146204,BS CLOSURE,ABD,,LACC_APLOWED_C,MSMNSK,,MSMNSK01,SASKTEL,,,100049,,,,,,KAURR2,2017-03-22T13:42:23
Structure1_WGS84/108355,01010000000C1714615EC95AC08038BC4B62F34840,CLOSR:BSCLS::12341657,BS CLOSURE,IPL,,LACC_ATRENCH_C,VNGRSK,,VNGRSK01,SASKTEL,2023,,100049,,818471,,HUNTG1,2022-09-19T10:50:21,THUND1,2024-02-09T01:08:13
Structure1_WGS84/108385,0101000000C81EB09155025BC0A0E16E5FB36E4940,CLOSR:BSCLS:C380061,BS CLOSURE,IPL,,LACC_APLOWED_C,KYLESK,,KYLESK01,SASKTEL,,,100049,,,,,,THUND1,2021-06-21T06:13:42
Structure1_WGS84/108416,01010000008CEDF14CCC745BC018C0907F2D724940,CLOSR:BSCLS::9743564,BS CLOSURE,IPL,,LACC_APLOWED_C,LEDRSK,,LEDRSK01,SASKTEL,2017,,100049,,800315,,WILLJ2,2017-11-07T11:09:05,GORRS2,2019-01-11T10:46:38
Structure1_WGS84/108419,010100000014B8F8B86F6B59C0D896074463154940,CLOSR:BSCLS::13239612,BS CLOSURE,PDA,MSMN824249-0000,LACC_ATRENCH_C,MSMNSK,,MSMNSK01,SASKTEL,2024,,100049,,824249,,WIESJ3,2024-08-15T10:33:02,WIESJ3,2024-10-22T09:37:33
Structure1_WGS84/108516,01010000001830D3EC9DD059C0A0DC54E916364940,CLOSR:BSCLS:C152392,BS CLOSURE,IPL,,LACC_APLOWED_F,WLSLSK,,WLSLSK01,SASKTEL,,,100049,,,,,,KATRR1,2018-09-19T07:19:34
Structure1_WGS84/108517,0101000000C0BC739AD83E5AC0C0C3104DA1654940,CLOSR:BSCLS:C80576,BS CLOSURE,IPL,,LACC_ATRENCH_C,RGBHSK,,RGBHSK01,SASKTEL,,,100049,,,,,,HORVN1,2024-11-21T12:25:02
Structure1_WGS84/108553,010100000064575FFF63EC59C080EB3CF78C4E4940,CLOSR:BSCLS:C168009,BS CLOSURE,IPL,,LACC_APLOWED_F,INHDSK,,INHDSK01,SASKTEL,,,100049,,,,,,THOTV1,2018-09-17T01:37:45
Structure1_WGS84/108555,0101000000B44F9B2C46EE5AC04850FC854F294940,CLOSR:BSCLS:C548553,BS CLOSURE,IPL,,LACC_APLOWED_F,SWCRSK,,SWCRSK02,SASKTEL,,,100049,,,,,,PALGS1,2019-05-02T03:39:20
Structure1_WGS84/108648,0101000000A07F6EA76E275AC0988E3B3DE02F4940,CLOSR:BSCLS:C192736,BS CLOSURE,IPL,,LACC_APLOWED_C,REGNSK,,REGNSK03,SASKTEL,,,100049,,,,,,OUGAB1,2020-03-31T06:08:38
Structure1_WGS84/108698,0101000000D84830DAE5445AC0582499B4AD344940,CLOSR:BSCLS:C119914,BS CLOSURE,ABD,,LACC_APLOWED_F,PENSSK,,PENSSK01,SASKTEL,,,100049,,,,,,BALLB1,2019-04-15T22:26:55
Structure1_WGS84/108725,010100000084ABBF0291245BC0F84D5F1174454940,CLOSR:BSCLS:C503887,BS CLOSURE,IPL,,LACC_APLOWED_C,CABRSK,,CABRSK01,SASKTEL,,,100049,,,,,,BALLB1,2019-03-06T23:35:00
Structure1_WGS84/108805,01010000000C34F774DBD759C0D03269F8BB094940,CLOSR:BSCLS::9013943,BS CLOSURE,ABD,,LACC_APLOWED_C,MTMRSK,,MTMRSK02,SASKTEL,2016,,100049,,984763,,,,KAURR2,2017-03-23T11:06:09
Structure1_WGS84/108841,0101000000A447230403295AC0A0B2250E4D434940,CLOSR:BSCLS:C195896,BS CLOSURE,IPL,,LACC_ATRENCH_C,REGNSK,,REGNSK04,SASKTEL,,,100049,,,,,,MCKED4,2021-10-18T11:20:58
Structure1_WGS84/108920,01010000002418665277095BC00031D4917EDD4840,CLOSR:BSCLS:C519621,BS CLOSURE,IPL,,LACC_APLOWED_C,SHNVSK,,ADMRSK02,SASKTEL,,,100049,,,,,,CHENR1,2021-11-29T08:37:11
Structure1_WGS84/108921,0101000000B0832495A4FC59C08847D729AF5B4940,CLOSR:BSCLS::6369434,BS CLOSURE,IPL,,LACC_APLOWED_C,QAPLSK,,EDGLSK04,SASKTEL,2012,,100049,,0,,,,CHENR1,2021-11-23T08:20:43
Structure1_WGS84/108929,0101000000404B3B5BDE2B5AC0F82E06C5454B4940,CLOSR:BSCLS:C208988,BS CLOSURE,IPL,,LACC_APLOWED_F,REGNSK,,REGNSK04,SASKTEL,,,100049,,,,,,PALGS1,2019-06-10T22:23:12
Structure1_WGS84/108949,01010000007C74AAAF80E559C00003CB288E424940,CLOSR:BSCLS:C127915,BS CLOSURE,IPL,,LACC_APLOWED_F,INHDSK,,INHDSK01,SASKTEL,,,100049,,,,,,MEYEB2,2019-09-18T12:13:33
Structure1_WGS84/108976,0101000000A87D283BB75E5AC0E80D6954A05F4940,CLOSR:BSCLS:C94155,BS CLOSURE,IPL,,LACC_APLOWED_C,BTHNSK,,CHBLSK01,SASKTEL,,,100049,,,,,,CHENR1,2021-12-24T05:59:24
Structure1_WGS84/109045,0101000000AC87BFBE272C5BC000B6F942B2D44840,LOSR:BSCLS::10636682,BS CLOSURE,IPL,,LACC_APLOWED_C,SHNVSK,,DLRDSK01,SASKTEL,2019,,100049,,,,KATRR1,2019-09-09T04:12:26,KATRR1,2019-09-09T04:37:14
Structure1_WGS84/109054,0101000000D811E16E6F2B5AC0F0BC01917E404940,CLOSR:BSCLS::6958260,BS CLOSURE,IPL,,LACC_ATRENCH_F,REGNSK,,REGNSK04,SASKTEL,2013,NO AP IN MARTENS,100049,UNK,965883,,,,SURAD1,2019-10-25T03:40:25
Structure1_WGS84/109077,0101000000D042EAF29D395AC0203608150A4F4940,CLOSR:BSCLS:C79037,BS CLOSURE,IPL,,LACC_APLOWED_C,LMSDSK,,LMSDSK01,SASKTEL,,,100049,,,,,,VUDUP1,2019-12-02T04:42:54
Structure1_WGS84/109221,0101000000C4968FEB39385AC0E0C92CB77E534940,CLOSR:BSCLS:C92123,BS CLOSURE,IPL,,LACC_ATRENCH_C,LMSDSK,,LMSDSK01,SASKTEL,,,100049,,,,,,BALLB1,2020-06-22T22:32:24
Structure1_WGS84/109265,0101000000D4BBA7C160B659C0A8240D36C1064940,CLOSR:BSCLS:C163311,BS CLOSURE,IPL,,LACC_APLOWED_C,WNDTSK,,WNDTSK01,SASKTEL,,,100049,,,,,,PALGS1,2019-12-05T23:33:16
Structure1_WGS84/109401,010100000000C683F883065AC0D090CA172B114940,CLOSR:BSCLS::7475355,BS CLOSURE,IPL,,LACC_APLOWED_C,SDLYSK,,SDLYSK02,SASKTEL,2014,,100049,,972842,,,,PONNL1,2019-12-23T20:59:31
Structure1_WGS84/109406,0101000000DC608C6EDB6959C0C0AD504B43194940,CLOSR:BSCLS:C146188,BS CLOSURE,IPL,,LACC_APLOWED_C,MSMNSK,,MSMNSK01,SASKTEL,,,100049,R111 P3,,,,,OUGAB1,2019-12-31T01:12:33
Structure1_WGS84/109481,0101000000C4EFD3DCFDD759C0E03E9AA03C644940,CLOSR:BSCLS:C121022,BS CLOSURE,IPL,,LACC_APLOWED_C,ABRNSK,,ABRNSK01,SASKTEL,,,100049,,,,,,AYYAN1,2019-12-05T22:18:33
Structure1_WGS84/109542,010100000080EC390C6D015AC0107704C3FB284940,CLOSR:BSCLS:C102738,BS CLOSURE,IPL,,LACC_APLOWED_C,VBNKSK,,VBNKSK01,SASKTEL,,,100049,,,,,,KATRR1,2019-12-19T12:47:25
Structure1_WGS84/109578,0101000000904D0A0A1BDD59C0B04FADE93A3D4940,CLOSR:BSCLS:C127151,BS CLOSURE,IPL,,LACC_APLOWED_C,SNTLSK,,SNTLSK01,SASKTEL,,,100049,,,,,,GOPIA1,2019-12-23T07:38:28
Structure1_WGS84/109579,01010000001C1E252305E259C0587AC7A541364940,CLOSR:BSCLS:C161218,BS CLOSURE,IPL,,LACC_APLOWED_C,SNTLSK,,SNTLSK01,SASKTEL,,,100049,,,,,,GOPIA1,2019-12-24T06:40:35
Structure1_WGS84/109608,01010000009C0B7605130C5AC018B1F6B4590D4940,CLOSR:BSCLS:C76356,BS CLOSURE,IPL,,LACC_APLOWED_C,RCTNSK,,RCTNSK01,SASKTEL,,,100049,,,,,,PONNL1,2020-01-01T20:32:16
Structure1_WGS84/109666,01010000008CD10F2A5E6C5AC0D85B879389784940,CLOSR:BSCLS:C95962,BS CLOSURE,IPL,,LACC_APLOWED_C,CRAKSK,,AYBYSK02,SASKTEL,,,100049,,,,,,CHENR1,2021-12-01T06:38:48
Structure1_WGS84/109676,01010000005CC1260079E459C0B8A407FEAA274940,CLOSR:BSCLS:C124631,BS CLOSURE,IPL,,LACC_APLOWED_C,SNTLSK,,ASRSSK01,SASKTEL,,,100049,,,,,,CHENR1,2021-12-01T03:50:50
Structure1_WGS84/109677,0101000000E4B6FB5701DD59C0189F854ED9314940,CLOSR:BSCLS:C129120,BS CLOSURE,IPL,,LACC_APLOWED_F,SNTLSK,,ASRSSK01,SASKTEL,,,100049,R3401 PD-59,,,,,CHENR1,2021-12-01T03:50:49
Structure1_WGS84/109735,010100000084D5C2A67A0B5AC028F441D6E0664940,CLOSR:BSCLS:C83667,BS CLOSURE,IPL,,LACC_APLOWED_C,CUPRSK,,CUPRSK03,SASKTEL,,,100049,,,,,,CHENR1,2021-12-27T09:28:29
Structure1_WGS84/109887,010100000060146E738F375AC0B8EF9F7BCA364940,CLOSR:BSCLS:C209530,BS CLOSURE,IPL,,LACC_APLOWED_F,REGNSK,,GDCLSK03,SASKTEL,,,100049,,,,,,CHENR1,2022-02-02T06:17:46
Structure1_WGS84/109889,010100000090D488E7CCFA5AC0D0AB66E205254940,CLOSR:BSCLS:C558346,BS CLOSURE,ABD,,LACC_APLOWED_F,SWCRSK,,SWCRSK22,SASKTEL,,,100049,,,,,,CHENR1,2022-01-27T04:18:58
Structure1_WGS84/109917,01010000004070F79A67E85AC0D8C26F87A92E4940,CLOSR:BSCLS:C533454,BS CLOSURE,IPL,,LACC_APLOWED_C,SWCRSK,,WLDCSK02,SASKTEL,,,100049,,,,,,CHENR1,2022-01-27T05:35:51
Structure1_WGS84/109958,0101000000305950D6976C5BC0E850B85136E74840,CLOSR:BSCLS:C572378,BS CLOSURE,IPL,,LACC_APLOWED_C,MPCKSK,,MPCKSK03,SASKTEL,,,100049,,,,,,CHENR1,2022-02-24T08:41:25
Structure1_WGS84/109960,0101000000C88EDBCFECE95AC0E8E80C87832C4940,CLOSR:BSCLS:C548619,BS CLOSURE,IPL,,LACC_APLOWED_F,SWCRSK,,WLDCSK02,SASKTEL,,,100049,,,,,,CHENR1,2022-01-27T05:35:45
Structure1_WGS84/109984,010100000004718DEB19E15AC000C19A72E12F4940,CLOSR:BSCLS:C539411,BS CLOSURE,IPL,,LACC_APLOWED_F,SWCRSK,,WLDCSK02,SASKTEL,,,100049,,,,,,HUNTG1,2023-01-18T15:06:49
Structure1_WGS84/109999,0101000000F0BD0560A3B059C0F01EA3209E324940,CLOSR:BSCLS:C138454,BS CLOSURE,ABD,,LACC_APLOWED_F,GRNFSK,,OKSHSK01,SASKTEL,,,100049,,,,,,CHENR1,2022-03-16T08:09:05
Structure1_WGS84/110018,010100000094A837D39FCE5AC06037908EE8494940,CLOSR:BSCLS:C508919,BS CLOSURE,IPL,,LACC_APLOWED_C,HRBRSK,,GLTWSK01,SASKTEL,,,100049,,,,,,CHENR1,2022-02-03T07:03:21
Structure1_WGS84/110060,010100000070ED062F6C135AC050FB1CA8DEA54940,CLOSR:BSCLS:C110898,BS CLOSURE,IPL,,LACC_APLOWED_C,PNCHSK,,GNIRSK01,SASKTEL,,,100049,,,,,,CHENR1,2022-02-03T07:09:53
Structure1_WGS84/110066,0101000000DC7073B8C3145AC09800464E613A4940,CLOSR:BSCLS:C177733,BS CLOSURE,ABD,,LACC_APLOWED_C,REGNSK,,WHCYSK01,SASKTEL,,,100049,,,,,,CHENR1,2022-04-27T06:54:38
Structure1_WGS84/110067,0101000000C0BB9CDF1EFC5AC028A28F01F2004940,CLOSR:BSCLS::7400796,BS CLOSURE,IPL,,LACC_ATRENCH_C,NEVLSK,,LCPLSK02,SASKTEL,2013,,100049,,958650,,,,CHENR1,2022-02-11T05:03:28
Structure1_WGS84/110146,0101000000C81677F35C235AC008922BED7B5F4940,CLOSR:BSCLS:C213796,BS CLOSURE,IPL,,LACC_APLOWED_C,REGNSK,,KNNLSK01,SASKTEL,,,100049,,,,,,CHENR1,2022-03-10T03:03:55
Structure1_WGS84/110380,01010000008422CDED58195AC0C0640BF7C03E4940,CLOSR:BSCLS:C201654,BS CLOSURE,IPL,,LACC_APLOWED_C,REGNSK,,PLBTSK01,SASKTEL,,,100049,,,,,,CHENR1,2022-03-18T04:02:47
Structure1_WGS84/110386,01010000003C598C1570165AC038D704797F3C4940,CLOSR:BSCLS:C203849,BS CLOSURE,IPL,,LACC_APLOWED_C,REGNSK,,PLBTSK01,SASKTEL,,,100049,,,,,,CHENR1,2022-03-18T04:03:56
Structure1_WGS84/110423,010100000080404B7D57235AC060480E7863394940,CLOSR:BSCLS:C180934,BS CLOSURE,IPL,,LACC_ATRENCH_C,REGNSK,,REGNSK46,SASKTEL,,,100049,,,,,,CHENR1,2022-03-26T02:07:02
Structure1_WGS84/110460,010100000048A3B3E0E6D359C008B0AB10A96D4940,CLOSR:BSCLS:C124359,BS CLOSURE,IPL,,LACC_APLOWED_C,BLCRSK,,PSIRSK01,SASKTEL,,,100049,,,,,,CHENR1,2022-03-21T08:13:18
Structure1_WGS84/110465,0101000000B86510EA05DB59C098FBC840AD6D4940,CLOSR:BSCLS::8979464,BS CLOSURE,IPL,,LACC_APLOWED_C,BLCRSK,,PSIRSK01,SASKTEL,2017,,100049,,984732,,,,CHENR1,2022-03-21T08:13:19
Structure1_WGS84/110555,010100000050C2FADCBCF859C090D9AEAA80694940,CLOSR:BSCLS:C137192,BS CLOSURE,ABD,,LACC_APLOWED_C,FTQPSK,,SBIRSK01,SASKTEL,,,100049,,,,,,CHENR1,2022-03-30T07:10:36
Structure1_WGS84/110556,010100000088C754E035205AC0E097AC577F344940,CLOSR:BSCLS:C183956,BS CLOSURE,IPL,,LACC_APLOWED_C,REGNSK,,REGNSK45,SASKTEL,,,100049,,,,,,CHENR1,2022-04-08T07:35:59
Structure1_WGS84/110604,0101000000649EA8E1C5225AC0C8F31E76453A4940,CLOSR:BSCLS:C154963,BS CLOSURE,IPL,,LACC_APLOWED_C,REGNSK,,REGNSK46,SASKTEL,,,100049,,,,,,CHENR1,2022-03-29T08:23:58
Structure1_WGS84/110638,01010000002C149C3925225AC0282E3EA78E3A4940,CLOSR:BSCLS:C154117,BS CLOSURE,IPL,,LACC_ATRENCH_C,REGNSK,,REGNSK46,SASKTEL,,,100049,,,,,,CHENR1,2022-03-26T02:05:14
Structure1_WGS84/110893,010100000014C6B09FB24D5AC0D829E625E13D4940,CLOSR:BSCLS:C124221,BS CLOSURE,IPL,,LACC_APLOWED_C,PENSSK,,STBHSK02,SASKTEL,,,100049,,,,,,CHENR1,2022-04-14T22:55:05
Structure1_WGS84/110902,0101000000F8877814BC4A5AC0A031365BD6484940,CLOSR:BSCLS::9377805,BS CLOSURE,IPL,,LACC_APLOWED_C,PENSSK,,STBHSK02,SASKTEL,2016,,100049,,800869,,WILLJ2,2017-02-01T11:56:21,CHENR1,2022-04-14T22:55:09
Structure1_WGS84/111000,010100000024104B0AD91B5AC018A69AEC2E2D4940,CLOSR:BSCLS:C187822,BS CLOSURE,IPL,,LACC_APLOWED_C,REGNSK,,REGNSK45,SASKTEL,,,100049,,,,,,CHENR1,2022-04-08T07:36:01
Structure1_WGS84/111003,0101000000F0592EB339205AC0502A20DB5C344940,CLOSR:BSCLS::8874415,BS CLOSURE,IPL,,LACC_APLOWED_C,REGNSK,,REGNSK45,SASKTEL,2015,,100049,,983211,,,,CHENR1,2022-04-08T07:37:13
Structure1_WGS84/111281,0101000000F8FACCEC02025AC058E5F30B28864940,CLOSR:BSCLS::12114763,BS CLOSURE,IPL,,LACC_ATRENCH_C,DYSRSK,,DYSRSK01,SASKTEL,2022,,100049,,814970,,MCKED4,2022-05-30T10:02:31,MCKED4,2022-05-30T10:44:08
Structure1_WGS84/111800,0101000000A0BE09DEA0F05AC038CB6B1311F84840,CLOSR:BSCLS:C516278,BS CLOSURE,IPL,,LACC_APLOWED_C,NEVLSK,,NEVLSK01,SASKTEL,,,100049,,,,,,IHMED1,2016-11-14T09:44:10
Structure1_WGS84/111806,010100000020B78907F2125AC09826A255A9334940,CLOSR:BSCLS:C105368,BS CLOSURE,IPL,,LACC_APLOWED_C,BLGNSK,,BLGNSK01,SASKTEL,,,100049,,,,,,IHMED1,2016-11-24T08:52:19
Structure1_WGS84/111844,0101000000FCAF44E477385AC050F05C6B71544940,CLOSR:BSCLS:C84598,BS CLOSURE,IPL,,LACC_APLOWED_C,LMSDSK,,LMSDSK01,SASKTEL,,,100049,,,,,,IHMED1,2016-11-22T12:05:30
Structure1_WGS84/111897,01010000000C0D7E27D5425AC038018EC3F4714940,CLOSR:BSCLS:C99004,BS CLOSURE,IPL,,LACC_APLOWED_C,STBGSK,,STBGSK01,SASKTEL,,,100049,,,,,,IHMED1,2016-11-23T14:07:40
Structure1_WGS84/111901,010100000004EBE1C66B535AC0304695158E794940,CLOSR:BSCLS:C76360,BS CLOSURE,IPL,,LACC_APLOWED_F,HLDFSK,,HLDFSK01,SASKTEL,,,100049,,,,,,IHMED1,2016-11-22T16:11:11
Structure1_WGS84/111908,010100000028C142E312E459C0C093971BDD434940,CLOSR:BSCLS:C129154,BS CLOSURE,IPL,,LACC_APLOWED_F,INHDSK,,INHDSK01,SASKTEL,,,100049,,,,,,IHMED1,2016-11-24T13:35:57
Structure1_WGS84/111952,01010000004C00FD7291245AC0F0E95128B3424940,CLOSR:BSCLS::7958554,BS CLOSURE,IPL,,LACC_APLOWED_C,REGNSK,,REGNSK04,SASKTEL,,,100049,,0,,,,,
Structure1_WGS84/111954,0101000000C0E5E19FDA6259C088FF1146A63C4940,CLOSR:BSCLS:C163906,BS CLOSURE,IPL,,LACC_ATRENCH_C,RCVLSK,,RCVLSK01,SASKTEL,,,100049,,,,,,IHMED1,2016-11-17T09:55:26
Structure1_WGS84/112018,010100000060FD5FA8D56B59C0E88196E84B2A4940,CLOSR:BSCLS:C155045,BS CLOSURE,IPL,,LACC_APLOWED_F,RCVLSK,,RCVLSK01,SASKTEL,,,100049,,,,,,IHMED1,2016-11-17T09:55:27
Structure1_WGS84/112084,0101000000C4BFD1B95B385AC01036C51B4D544940,CLOSR:BSCLS:C86742,BS CLOSURE,IPL,,LACC_APLOWED_C,LMSDSK,,LMSDSK01,SASKTEL,,,100049,,,,,,IHMED1,2016-11-22T12:06:19
Structure1_WGS84/112161,01010000006001D70BE1F45AC0A034E5C1D8244940,CLOSR:BSCLS:C536944,BS CLOSURE,IPL,,LACC_ATRENCH_C,SWCRSK,,SWCRSK02,SASKTEL,,,100049,,,,,,,
Structure1_WGS84/112187,0101000000EC117E6A1B265AC0602CD90C0B3A4940,CLOSR:BSCLS:C186566,BS CLOSURE,ABD,,LACC_ATRENCH_C,REGNSK,,REGNSK01,SASKTEL,,,100049,,,,,,,
Structure1_WGS84/112205,0101000000503E7E1BD4245AC0C0EF34736A374940,CLOSR:BSCLS:C158614,BS CLOSURE,IPL,,LACC_ATRENCH_C,REGNSK,,REGNSK01,SASKTEL,,,100049,,,,,,,
Structure1_WGS84/112283,0101000000E472A767262E5AC018CFFDC8393A4940,CLOSR:BSCLS:C187482,BS CLOSURE,ABD,,LACC_APLOWED_C,REGNSK,,REGNSK01,SASKTEL,,,100049,,,,,,,
Structure1_WGS84/112297,01010000003054B170D3285AC090B06B92D73E4940,CLOSR:BSCLS:C221663,BS CLOSURE,IPL,,LACC_ATRENCH_C,REGNSK,,REGNSK04,SASKTEL,,,100049,,,,,,,
Structure1_WGS84/112314,010100000058F30CAF9E285AC0306CA9FD823C4940,CLOSR:BSCLS:C211434,BS CLOSURE,IPL,,LACC_APLOWED_C,REGNSK,,REGNSK04,SASKTEL,,,100049,,,,,,,
Structure1_WGS84/112345,01010000003C1EDE99E76A59C058BDEF91AD114940,CLOSR:BSCLS:C147557,BS CLOSURE,IPL,,LACC_APLOWED_C,MSMNSK,,MSMNSK01,SASKTEL,,,100049,,,,,,IHMED1,2016-11-17T09:22:19
Structure1_WGS84/112442,01010000003C05EEB011275AC058AAB02BC3344940,CLOSR:BSCLS:C219806,BS CLOSURE,IPL,,LACC_ATRENCH_C,REGNSK,,REGNSK03,SASKTEL,,,100049,,,,,,,
Structure1_WGS84/112448,0101000000C02FF03A4D285AC0D85CA5906B384940,CLOSR:BSCLS:C196426,BS CLOSURE,IPL,,LACC_APLOWED_C,REGNSK,,REGNSK01,SASKTEL,,,100049,,,,,,,
Structure1_WGS84/112551,0101000000F00C9309152E5AC0E82967CC7D0C4940,CLOSR:BSCLS:C81713,BS CLOSURE,IPL,,LACC_ATRENCH_C,WLCXSK,,WLCXSK01,SASKTEL,,,100049,,,,,,IHMED1,2016-11-22T09:40:19
Structure1_WGS84/112609,0101000000D8CF411B099259C0B0DA59E7642B4940,CLOSR:BSCLS:C87481,BS CLOSURE,IPL,,LACC_APLOWED_C,WHWDSK,,WHWDSK01,SASKTEL,,,100049,,,,,,IHMED1,2016-11-18T09:32:12
Structure1_WGS84/112615,0101000000BC4CDF2E65045AC0B8EF21B343194940,CLOSR:BSCLS:C148112,BS CLOSURE,IPL,,LACC_APLOWED_F,SDLYSK,,SDLYSK02,SASKTEL,,,100049,,,,,,IHMED1,2016-11-22T08:58:46
Structure1_WGS84/112642,010100000064784922AFE959C0F8469A033A444940,CLOSR:BSCLS:C114592,BS CLOSURE,IPL,,LACC_APLOWED_C,INHDSK,,INHDSK01,SASKTEL,,NO AP IN MARTENS,100049,,,,,,IHMED1,2016-11-24T13:36:27
Structure1_WGS84/112648,0101000000DC59B37CDACC59C0500D8955655D4940,CLOSR:BSCLS:C145888,BS CLOSURE,IPL,,LACC_ATRENCH_C,LMBGSK,,LMBGSK01,SASKTEL,,,100049,,,,,,IHMED1,2016-11-24T14:56:51
Structure1_WGS84/112668,0101000000F0843AB91A175BC0A0A9E10CD24F4940,CLOSR:BSCLS:C518877,BS CLOSURE,IPL,,LACC_APLOWED_C,CABRSK,,CABRSK01,SASKTEL,,,100049,,,,,,,
Structure1_WGS84/112732,0101000000248DDE64ACEE5AC008563B1BD6FA4840,CLOSR:BSCLS:C510105,BS CLOSURE,IPL,,LACC_APLOWED_C,NEVLSK,,NEVLSK01,SASKTEL,,,100049,,,,,,IHMED1,2016-11-14T09:44:22
Structure1_WGS84/112761,0101000000ECB4B3EADE285AC0A88A18FF89364940,CLOSR:BSCLS:C174747,BS CLOSURE,IPL,,LACC_ATRENCH_C,REGNSK,,REGNSK03,SASKTEL,,,100049,,,,,,,
Structure1_WGS84/112798,0101000000B43012A761265AC018AE7318BB344940,CLOSR:BSCLS:C212263,BS CLOSURE,IPL,,LACC_APLOWED_C,REGNSK,,REGNSK03,SASKTEL,,,100049,,,,,,,
Structure1_WGS84/112804,0101000000F85E6CEFCD265AC060051CA2073F4940,CLOSR:BSCLS:C266243,BS CLOSURE,IPL,,LACC_ATRENCH_C,REGNSK,,REGNSK04,SASKTEL,,,100049,,,,,,,
Structure1_WGS84/112843,0101000000682A3A7B4F265AC0A80242E6A8344940,CLOSR:BSCLS:C213304,BS CLOSURE,IPL,,LACC_ATRENCH_C,REGNSK,,REGNSK03,SASKTEL,,,100049,,,,,,,
Structure1_WGS84/112875,010100000014ADE1C4C54D5AC0E0402DE580524940,CLOSR:BSCLS:C148566,BS CLOSURE,IPL,,LACC_APLOWED_C,BTHNSK,,BTHNSK02,SASKTEL,,,100049,,,,,,IHMED1,2016-11-22T14:10:54
Structure1_WGS84/112972,0101000000E8776BDDC9475BC018595DB4AB6D4940,CLOSR:BSCLS:C525638,BS CLOSURE,ABD,,LACC_APLOWED_C,SCPTSK,,SCPTSK01,SASKTEL,,,100049,,,,,,GANDN1,2018-04-17T23:17:22
Structure1_WGS84/113004,0101000000B48A7C99B3DF5AC0601C61603CE74840,CLOSR:BSCLS:C501865,BS CLOSURE,IPL,,LACC_APLOWED_C,PNTXSK,,PNTXSK01,SASKTEL,,,100049,,,,,,GORRS2,2019-03-19T08:33:35
Structure1_WGS84/113009,01010000008088C0D0C4295AC0E806A04450374940,CLOSR:BSCLS:C211946,BS CLOSURE,IPL,,LACC_ATRENCH_F,REGNSK,,REGNSK58,SASKTEL,,NO AP IN MARTENS,100049,,,,,,RAVAG1,2025-04-16T01:00:37
Structure1_WGS84/113062,010100000010A8B4B4A92B5AC01836FD58CF804940,CLOSR:BSCLS::9951911,BS CLOSURE,IPL,,LACC_APLOWED_C,ERGRSK,,ERGRSK01,SASKTEL,2019,,100049,,804338,,KAURP3,2018-05-15T08:21:09,GORRS2,2021-05-30T09:28:59
Structure1_WGS84/113099,01010000002C5E5E4692165AC0C8B348A31A494940,CLOSR:BSCLS::9748110,BS CLOSURE,IPL,,LACC_APLOWED_C,REGNSK,,PLBTSK01,SASKTEL,2017,,100049,,983859,,KAURR2,2017-11-14T09:47:25,KAURR2,2017-11-14T10:06:49
Structure1_WGS84/113199,0101000000406D8B9AFE095AC0D8FF1372D1404940,CLOSR:BSCLS:C161242,BS CLOSURE,IPL,,LACC_APLOWED_F,BLGNSK,,BLGNSK01,SASKTEL,,,100049,,,,,,KATAS1,2025-02-28T08:53:16
Structure1_WGS84/113222,010100000000596B02AE2B5BC018F26C4F03B44840,CLOSR:BSCLS::9827726,BS CLOSURE,IPL,,LACC_APLOWED_C,ESNDSK,,ESNDSK01,SASKTEL,2017,,100049,,802735,,WILLJ2,2018-02-07T11:50:04,WILLJ2,2018-02-07T13:02:28
Structure1_WGS84/113242,010100000088BC0089131E5AC0304BE6EB41394940,CLOSR:BSCLS::9535563,BS CLOSURE,IPL,,LACC_APLOWED_C,REGNSK,,REGNSK46,SASKTEL,2018,,100049,,802151,,BOHLC2,2017-05-30T12:35:01,RAVAG1,2023-11-02T20:18:20
Structure1_WGS84/113303,01010000009C3B031B9EFF5AC008DFC026A3E44840,CLOSR:BSCLS::11981008,BS CLOSURE,IPL,,LACC_ATRENCH_C,SHNVSK,,ADMRSK03,SASKTEL,2021,,100049,,813533,,HUNTG1,2022-03-21T09:57:21,RAVAG1,2023-11-02T23:00:25
Structure1_WGS84/113313,010100000000DC1F342A3F5BC0F03681EC2CB34840,CLOSR:BSCLS:C525751,BS CLOSURE,IPL,,LACC_APLOWED_C,ESNDSK,,ESNDSK01,SASKTEL,,,100049,,,,,,VUDUP1,2018-10-17T03:22:39
Structure1_WGS84/113359,010100000060F48843C9175BC05873E6AFB4D54840,CLOSR:BSCLS:C529121,BS CLOSURE,IPL,,LACC_APLOWED_F,SHNVSK,,SHNVSK01,SASKTEL,,,100049,,,,,,KATRR1,2018-04-24T10:58:40
Structure1_WGS84/113539,0101000000B4F3357F97515BC0F0145ABFE1E04840,LOSR:BSCLS::10813007,BS CLOSURE,IPL,,LACC_APLOWED_C,MPCKSK,,MPCKSK06,SASKTEL,2020,,100049,,805438,,KAURP3,2020-03-11T14:57:44,RAVAG1,2023-11-02T20:51:14
Structure1_WGS84/113559,010100000014EC866D6B6B59C0C0F625B864194940,LOSR:BSCLS::10564379,BS CLOSURE,IPL,,LACC_APLOWED_C,MSMNSK,,MSMNSK01,SASKTEL,2019,,100049,,982807,,WILLJ2,2019-07-31T11:24:55,WIESJ3,2024-08-01T12:48:48
Structure1_WGS84/113564,0101000000D4F555033E8D59C088CD45EB04294940,CLOSR:BSCLS:C143091,BS CLOSURE,IPL,,LACC_APLOWED_F,WHWDSK,,WHWDSK01,SASKTEL,,,100049,,,,,,MEYEB2,2021-05-27T09:36:44
Structure1_WGS84/113653,01010000008031A9415B745AC080AA1C5D1C734940,LOSR:BSCLS::11189020,BS CLOSURE,IPL,,LACC_APLOWED_C,CRAKSK,,AYBYSK02,SASKTEL,2020,,100049,,811137,,KLETR1,2020-10-27T15:55:58,THUND1,2024-03-08T03:36:57
Structure1_WGS84/113668,01010000003C86639DB7235AC0B8643F9F89384940,CLOSR:BSCLS:C159307,BS CLOSURE,IPL,,LACC_ATRENCH_C,REGNSK,,REGNSK45,SASKTEL,,,100049,,,,,,GARRA1,2024-02-26T13:45:13
Structure1_WGS84/113678,0101000000A8428F5A19265AC0E0ECDC0F133E4940,CLOSR:BSCLS::11523084,BS CLOSURE,IPL,,LACC_ATRENCH_C,REGNSK,,REGNSK12,SASKTEL,2021,,100049,,812742,,HOLTA1,2021-06-30T14:21:51,THUND1,2024-02-09T00:54:00
Structure1_WGS84/113697,01010000000C2AB1388A425BC05857DD0E80034940,CLOSR:BSCLS:C530486,BS CLOSURE,IPL,,LACC_APLOWED_C,PIPTSK,,PIPTSK01,SASKTEL,,,100049,,,,,,GORRS2,2019-03-19T06:40:12
Structure1_WGS84/113731,01010000004425A73C5B265AC0C06DA1F65E364940,CLOSR:BSCLS:C207001,BS CLOSURE,IPL,,LACC_APLOWED_C,REGNSK,,REGNSK03,SASKTEL,,,100049,,,,,,FLANR2,2021-08-19T12:35:17
Structure1_WGS84/113753,0101000000B07F5FA2686B59C040D51B3482184940,CLOSR:BSCLS::13239626,BS CLOSURE,PDA,MSMN824249-0000,LACC_ATRENCH_C,MSMNSK,,MSMNSK01,SASKTEL,2024,,100049,,824249,,WIESJ3,2024-08-15T08:42:26,WIESJ3,2024-10-22T09:37:33
Structure1_WGS84/113768,0101000000DC62ABEF4F1D5BC030921CA180224940,CLOSR:BSCLS:C523401,BS CLOSURE,IPL,,LACC_APLOWED_C,GLLKSK,,GLLKSK01,SASKTEL,,,100049,,,,,,CHENR1,2018-10-22T09:01:51
Structure1_WGS84/113773,0101000000141EA811E2005AC01819DE2BC1154940,CLOSR:BSCLS:C73873,BS CLOSURE,IPL,,LACC_ATRENCH_C,SDLYSK,,SDLYSK02,SASKTEL,,,100049,,,,,,THOTV1,2018-09-25T10:36:06
Structure1_WGS84/113777,0101000000E82C045024105BC0C09BCB001CAB4840,CLOSR:BSCLS::8444978,BS CLOSURE,IPL,,LACC_APLOWED_C,CLMXSK,,CLMXSK01,SASKTEL,2015,,100049,,,,,,THUND1,2018-10-10T03:25:24
Structure1_WGS84/113883,0101000000D8DF88D71DEF5AC0A8BC04B1B0274940,CLOSR:BSCLS:C548560,BS CLOSURE,IPL,,LACC_APLOWED_F,SWCRSK,,SWCRSK02,SASKTEL,,,100049,,,,,,PALGS1,2019-05-02T03:30:45
Structure1_WGS84/113931,01010000000881D1EF7F2A5AC0987BD09FB5324940,CLOSR:BSCLS:D7219290,BS CLOSURE,IPL,,LACC_APLOWED_C,REGNSK,,REGNSK03,SASKTEL,,,100049,,,,,,PALGS1,2019-08-23T01:32:59
Structure1_WGS84/113993,0101000000384257396C085BC0380D44C8D9FB4840,CLOSR:BSCLS::11446022,BS CLOSURE,IPL,,LACC_APLOWED_C,SHNVSK,,SIMISK01,SASKTEL,2021,,100049,,813408,,HUNTG1,2021-05-06T12:23:33,HUNTG1,2021-10-21T09:20:33
Structure1_WGS84/114024,01010000007049421342415AC000DD083FFC344940,CLOSR:BSCLS:C160841,BS CLOSURE,ABD,,LACC_APLOWED_F,PENSSK,,PENSSK01,SASKTEL,,,100049,,,,,,BALLB1,2019-06-11T20:47:19
Structure1_WGS84/114068,010100000040B40A2654C95AC050997CCF62F34840,CLOSR:BSCLS::12341654,BS CLOSURE,IPL,,LACC_ATRENCH_C,VNGRSK,,VNGRSK01,SASKTEL,2023,,100049,,818471,,HUNTG1,2022-09-19T10:36:03,POTIT1,2023-09-25T04:37:43
Structure1_WGS84/114071,0101000000A8C43C2BC9B159C0E0EAA8F373F24840,CLOSR:BSCLS::12377482,BS CLOSURE,IPL,,LACC_APLOWED_C,WNDTSK,,CRNGSK01,SASKTEL,2023,,100049,,818663,,VIXAJ1,2022-10-04T14:54:47,POTIT1,2023-09-25T04:37:36
Structure1_WGS84/114085,0101000000740099DD606B59C00029983B77194940,LOSR:BSCLS::10564382,BS CLOSURE,IPL,,LACC_APLOWED_C,MSMNSK,,MSMNSK01,SASKTEL,2019,,100049,,982807,,WILLJ2,2019-07-31T12:08:08,WILLJ2,2019-07-31T14:21:29
Structure1_WGS84/114113,010100000004624B222AD95AC088AADED5830D4940,CLOSR:BSCLS:C504267,BS CLOSURE,IPL,,LACC_APLOWED_C,NDPTSK,,HLNQSK01,SASKTEL,,,100049,,,,,,CHENR1,2021-10-25T08:36:49
Structure1_WGS84/114118,0101000000B8D94AA873D25AC0885BF3BA70D84840,CLOSR:BSCLS:C568848,BS CLOSURE,IPL,,LACC_APLOWED_C,ANRDSK,,ANRDSK01,SASKTEL,,,100049,R300 P7A,,,,,KATRR1,2019-04-04T06:00:54
Structure1_WGS84/114122,0101000000C490BAA2D6265AC028E80AE4C93B4940,CLOSR:BSCLS:C263937,BS CLOSURE,IPL,,LACC_APLOWED_C,REGNSK,,REGNSK01,SASKTEL,,,100049,,,,,,BOHLC2,2017-01-04T10:25:41
Structure1_WGS84/114135,010100000028EB6E06CED759C01049EA2DB3094940,CLOSR:BSCLS::9051419,BS CLOSURE,IPL,,LACC_APLOWED_C,MTMRSK,,MTMRSK02,SASKTEL,2016,,100049,,984763,,,,KAURR2,2017-03-23T11:06:09
Structure1_WGS84/114146,0101000000A83C3F94C12A5AC010D41662ABFA4840,CLOSR:BSCLS::9965965,BS CLOSURE,IPL,,LACC_APLOWED_C,MLSTSK,,MLSTSK01,SASKTEL,2017,,100049,,801900,,KAURP3,2018-05-24T10:14:26,PALGS1,2019-01-17T21:06:19
Structure1_WGS84/114209,0101000000BC1051D056065AC038D38B14290B4940,CLOSR:BSCLS:C74260,BS CLOSURE,ABD,,LACC_APLOWED_F,SDLYSK,,SDLYSK02,SASKTEL,,,100049,,,,,,PALGS1,2019-04-04T23:49:00
Structure1_WGS84/114222,01010000007CEC5417B5265AC0582664A350384940,CLOSR:BSCLS:C172867,BS CLOSURE,ABD,,LACC_ATRENCH_C,REGNSK,,REGNSK01,SASKTEL,,,100049,,,,,,ESLIG1,2024-09-23T16:35:47
Structure1_WGS84/114259,01010000005092D5AAE6F159C0F8FD4986A0604940,CLOSR:BSCLS:C139872,BS CLOSURE,IPL,,LACC_ATRENCH_C,FTQPSK,,FTQPSK01,SASKTEL,,,100049,,,,,,YERRS2,2018-09-18T03:13:07
Structure1_WGS84/114353,0101000000C4BEFCFF0CD959C0B009967BA55D4940,CLOSR:BSCLS:C119019,BS CLOSURE,IPL,,LACC_APLOWED_C,ABRNSK,,ABRNSK01,SASKTEL,,,100049,,,,,,MACHS1,2019-12-09T01:11:12
Structure1_WGS84/114372,0101000000CC88463594FC59C09007DB22054B4940,CLOSR:BSCLS:C128401,BS CLOSURE,IPL,,LACC_APLOWED_F,QAPLSK,,QAPLSK01,SASKTEL,,GP-1A-10,100049,,,,,,YERRS2,2020-01-08T03:01:46
Structure1_WGS84/114376,01010000006822E788521D5AC038E6207B8C3E4940,CLOSR:BSCLS::8764995,BS CLOSURE,IPL,,LACC_APLOWED_C,REGNSK,,PLBTSK01,SASKTEL,2016,,100049,,982327,,,,SAKAM1,2022-12-08T08:31:50
Structure1_WGS84/114506,010100000084A82C84819059C0703BBCD39C2C4940,CLOSR:BSCLS:C140972,BS CLOSURE,ABD,,LACC_APLOWED_C,WHWDSK,,WHWDSK01,SASKTEL,,,100049,,,,,,PALGS1,2019-11-24T23:23:08
Structure1_WGS84/114530,010100000060CCCFA0907A59C0C837C966F91F4940,CLOSR:BSCLS:C168960,BS CLOSURE,IPL,,LACC_APLOWED_C,WPLLSK,,WPLLSK01,SASKTEL,,,100049,,,,,,PALGS1,2019-12-22T23:44:22
Structure1_WGS84/114584,0101000000DCCE7465E6DA5AC030A95E1403BF4840,CLOSR:BSCLS:C515129,BS CLOSURE,IPL,,LACC_APLOWED_C,PNTXSK,,BFHRSK01,SASKTEL,,,100049,,,,,,CHENR1,2021-12-03T03:02:08
Structure1_WGS84/114636,010100000098F8869C408C5AC0A819A5FA77B14940,CLOSR:BSCLS:C95088,BS CLOSURE,IPL,,LACC_APLOWED_F,DVSNSK,,BLWOSK02,SASKTEL,,,100049,,,,,,CHENR1,2021-12-07T03:20:19
Structure1_WGS84/114638,01010000006CF5526764265AC0F81BB77C4A3B4940,CLOSR:BSCLS:C201520,BS CLOSURE,IPL,,LACC_ATRENCH_C,REGNSK,,REGNSK01,SASKTEL,,,100049,,,,,,BOHLC2,2017-03-22T09:07:34
Structure1_WGS84/114643,01010000004CFFD3B954525AC0586EB6E769544940,CLOSR:BSCLS:C95679,BS CLOSURE,IPL,,LACC_APLOWED_C,BTHNSK,,BTHNSK02,SASKTEL,,,100049,,,,,,PALGS1,2019-12-10T23:04:09
Structure1_WGS84/114680,0101000000B4B9C6A1FD335AC080B7367D4B554940,CLOSR:BSCLS:C84794,BS CLOSURE,IPL,,LACC_APLOWED_C,LMSDSK,,LMSDSK01,SASKTEL,,,100049,,,,,,PONNL1,2019-11-28T03:13:46
Structure1_WGS84/114700,0101000000904B2534306A59C040BE29BE77134940,CLOSR:BSCLS:C137933,BS CLOSURE,IPL,,LACC_ATRENCH_C,MSMNSK,,MSMNSK01,SASKTEL,,,100049,,,,,,OUGAB1,2019-12-18T04:05:37
Structure1_WGS84/114705,01010000005407A6BE3F035AC030550115531E4940,CLOSR:BSCLS:C70153,BS CLOSURE,IPL,,LACC_APLOWED_C,SDLYSK,,SDLYSK02,SASKTEL,,,100049,,,,,,PONNL1,2019-12-23T04:48:41
Structure1_WGS84/114829,0101000000DC00CEB35B235AC0083E733419204940,CLOSR:BSCLS:C192388,BS CLOSURE,IPL,,LACC_APLOWED_C,REGNSK,,ESTLSK01,SASKTEL,,,100049,,,,,,CHENR1,2022-01-20T08:45:18
Structure1_WGS84/114858,0101000000C4814AA1DBD759C0F0C50376A7094940,CLOSR:BSCLS::9426138,BS CLOSURE,IPL,,LACC_APLOWED_C,MTMRSK,,MTMRSK02,SASKTEL,2017,,100049,,984763,,KAURR2,2017-03-23T10:18:35,GOPIA1,2019-11-26T06:36:13
Structure1_WGS84/114872,01010000003CA674041E425AC00062669A0E984940,CLOSR:BSCLS:C105355,BS CLOSURE,IPL,,LACC_APLOWED_C,STBGSK,,STBGSK01,SASKTEL,,,100049,,,,,,PONNL1,2019-12-21T02:26:01
Structure1_WGS84/114986,01010000008C7F851D7D555AC0A8FC4CD983954940,CLOSR:BSCLS:C81570,BS CLOSURE,IPL,,LACC_APLOWED_C,LBRTSK,,LBRTSK02,SASKTEL,,,100049,,,,,,KATRR1,2020-07-13T02:15:34
Structure1_WGS84/114990,010100000098EB3E4426D759C0A8E560D316794940,LOSR:BSCLS::10755419,BS CLOSURE,IPL,,LACC_APLOWED_F,BLCRSK,,PSIRSK01,SASKTEL,2019,,100049,,,, MEYEB2,2020-01-08T10:49:58, MEYEB2,2020-01-08T13:46:44
Structure1_WGS84/115007,0101000000140B2A4734275AC0E8E5FCF630384940,CLOSR:BSCLS::6978416,BS CLOSURE,IPL,,LACC_ATRENCH_C,REGNSK,,REGNSK01,SASKTEL,,,100049,,0,,,,KLETR1,2020-10-13T12:26:34
Structure1_WGS84/115031,0101000000B0E6E66C98355AC0F8E96F11B15C4940,CLOSR:BSCLS:C154329,BS CLOSURE,IPL,,LACC_APLOWED_C,LMSDSK,,CRVNSK04,SASKTEL,,,100049,,,,,,CHENR1,2021-12-27T05:54:51
Structure1_WGS84/115047,0101000000186B1784A6325AC0C06524CE4C584940,CLOSR:BSCLS:C130222,BS CLOSURE,IPL,,LACC_APLOWED_C,LMSDSK,,CRVNSK04,SASKTEL,,,100049,,,,,,CHENR1,2021-12-27T05:54:42
Structure1_WGS84/115048,010100000054F80584AE325AC0F811DB2459584940,CLOSR:BSCLS:C130216,BS CLOSURE,IPL,,LACC_APLOWED_C,LMSDSK,,CRVNSK04,SASKTEL,,,100049,,,,,,CHENR1,2021-12-27T05:54:43
Structure1_WGS84/115050,0101000000445FF052320B5AC0D0C06CC8E0664940,CLOSR:BSCLS::8072800,BS CLOSURE,IPL,,LACC_APLOWED_C,CUPRSK,,CUPRSK03,SASKTEL,2014,,100049,,0,,,,CHENR1,2021-12-27T09:28:29
Structure1_WGS84/115074,0101000000E0B548635F7359C02070718266DC4840,CLOSR:BSCLS:C124510,BS CLOSURE,IPL,,LACC_APLOWED_C,MYFDSK,,FRLGSK01,SASKTEL,,,100049,,,,,,CHENR1,2022-01-31T06:04:31
Structure1_WGS84/115096,0101000000F4BDABF0372D5AC068F09B885F464940,CLOSR:BSCLS::8999538,BS CLOSURE,IPL,,LACC_APLOWED_C,REGNSK,,CONDSK03,SASKTEL,2016,,100049,,984790,,,,CHENR1,2021-12-25T07:45:32
Structure1_WGS84/115112,0101000000B8F02DF370B95AC0482F5A8277384940,CLOSR:BSCLS:C509937,BS CLOSURE,IPL,,LACC_APLOWED_F,MORSSK,,ENFLSK02,SASKTEL,,,100049,,,,,,CHENR1,2022-01-06T06:45:51
Structure1_WGS84/115182,0101000000F838AA051C285AC0E0813AE511394940,CLOSR:BSCLS:C257688,BS CLOSURE,IPL,,LACC_ATRENCH_C,REGNSK,,REGNSK01,SASKTEL,,,100049,,,,,,ROOKP2,2020-11-19T11:28:05
Structure1_WGS84/115239,01010000008C2F0C1EC7EC5AC050BF8C48E53B4940,CLOSR:BSCLS:C537163,BS CLOSURE,IPL,,LACC_APLOWED_C,SWCRSK,,STVYSK02,SASKTEL,,,100049,,,,,,CHENR1,2022-01-27T05:18:20
Structure1_WGS84/115289,0101000000D4DE7C2A14E15AC028D7F470A7264940,CLOSR:BSCLS:C570149,BS CLOSURE,IPL,,LACC_APLOWED_C,SWCRSK,,WLDCSK02,SASKTEL,,,100049,,,,,,CHENR1,2022-01-27T05:35:56
Structure1_WGS84/115315,0101000000C49AAD96DDAD59C05811BC2E77314940,CLOSR:BSCLS:C131795,BS CLOSURE,ABD,,LACC_APLOWED_C,GRNFSK,,OKSHSK01,SASKTEL,,,100049,,,,,,CHENR1,2022-03-16T08:09:07
Structure1_WGS84/115316,0101000000F4B278A71EB059C098E9A368F2314940,CLOSR:BSCLS:C135997,BS CLOSURE,IPL,,LACC_APLOWED_C,GRNFSK,,OKSHSK01,SASKTEL,,,100049,,,,,,CHENR1,2022-03-16T08:09:01
Structure1_WGS84/115337,010100000040E200F5E4BF5AC0C81F7AFCE5524940,CLOSR:BSCLS::9009452,BS CLOSURE,IPL,,LACC_APLOWED_C,MORSSK,,GLKRSK01,SASKTEL,2018,,100049,,800016,,,,CHENR1,2022-02-03T03:17:01
Structure1_WGS84/115345,010100000038AFAE93C5C25AC0685B2660074C4940,CLOSR:BSCLS:C500958,BS CLOSURE,IPL,,LACC_APLOWED_C,MORSSK,,GLKRSK01,SASKTEL,,,100049,,,,,,CHENR1,2022-02-03T03:16:59
Structure1_WGS84/115359,0101000000F46D53FF4A135AC0D80FA34DF9A64940,CLOSR:BSCLS:C152268,BS CLOSURE,IPL,,LACC_APLOWED_C,PNCHSK,,GNIRSK01,SASKTEL,,,100049,,,,,,CHENR1,2022-02-03T07:09:54
Structure1_WGS84/115362,010100000094FB5B3762185AC01038DC2B599C4940,CLOSR:BSCLS:C102563,BS CLOSURE,IPL,,LACC_APLOWED_C,PNCHSK,,GNIRSK01,SASKTEL,,,100049,,,,,,CHENR1,2022-02-03T07:09:55
Structure1_WGS84/115400,0101000000B022AABD161E5BC0B80DF31DB0FD4840,CLOSR:BSCLS:C527011,BS CLOSURE,ABD,,LACC_APLOWED_F,GLLKSK,,GLLKSK04,SASKTEL,,,100049,,,,,,CHENR1,2022-02-03T05:02:25
Structure1_WGS84/115433,0101000000A881972DFA285AC098834E128F504940,CLOSR:BSCLS:C208322,BS CLOSURE,IPL,,LACC_APLOWED_C,REGNSK,,KNNLSK01,SASKTEL,,,100049,,,,,,CHENR1,2022-03-10T03:03:47
Structure1_WGS84/115465,01010000004CC025E922C85AC010CD067D0F374940,CLOSR:BSCLS:C543109,BS CLOSURE,IPL,,LACC_APLOWED_F,HRBRSK,,HRBRSK01,SASKTEL,,,100049,,,,,,HUNTG1,2022-03-07T12:01:07
Structure1_WGS84/115502,010100000084BF61CDE11C5AC0B05FF3EE2B494940,CLOSR:BSCLS:C216742,BS CLOSURE,IPL,,LACC_APLOWED_C,REGNSK,,ZHNRSK02,SASKTEL,,,100049,,,,,,CHENR1,2022-05-02T06:58:28
Structure1_WGS84/115642,0101000000E432937AFF1F5BC0E03E65AEACC64840,CLOSR:BSCLS:C509747,BS CLOSURE,IPL,,LACC_APLOWED_C,SHNVSK,,SHNVSK03,SASKTEL,,,100049,,,,,,CHENR1,2022-04-01T03:20:48
Structure1_WGS84/115644,010100000064B38DB9B71C5BC0E0360CB9AEBB4840,CLOSR:BSCLS:C510045,BS CLOSURE,IPL,,LACC_APLOWED_C,SHNVSK,,SHNVSK03,SASKTEL,,,100049,,,,,,CHENR1,2022-04-01T03:20:52
Structure1_WGS84/115645,010100000024DD0DD7C71B5BC0407A7F60E7DE4840,CLOSR:BSCLS:C527382,BS CLOSURE,ABD,,LACC_APLOWED_F,SHNVSK,,SHNVSK04,SASKTEL,,,100049,,,,,,CHENR1,2022-04-01T08:54:49
Structure1_WGS84/115706,0101000000682AF0ED34185AC098B5839AAC5E4940,CLOSR:BSCLS:C214132,BS CLOSURE,IPL,,LACC_APLOWED_C,REGNSK,,PPIRSK01,SASKTEL,,,100049,,,,,,CHENR1,2022-03-18T04:48:18
Structure1_WGS84/115728,01010000004C44BFB61E1C5AC068907031713B4940,CLOSR:BSCLS:C190123,BS CLOSURE,IPL,,LACC_APLOWED_C,REGNSK,,PLBTSK01,SASKTEL,,,100049,,,,,,CHENR1,2022-03-18T04:04:00
Structure1_WGS84/115771,01010000009485DE3128235AC0F8FCE21F64394940,CLOSR:BSCLS:C180153,BS CLOSURE,IPL,,LACC_ATRENCH_C,REGNSK,,REGNSK46,SASKTEL,,,100049,,,,,,CHENR1,2022-03-26T02:07:02
Structure1_WGS84/115821,01010000002873AEB9E7D659C0806A1F0CAB784940,CLOSR:BSCLS:C124422,BS CLOSURE,IPL,,LACC_APLOWED_C,BLCRSK,,PSIRSK01,SASKTEL,,,100049,,,,,,CHENR1,2022-03-21T08:13:14
Structure1_WGS84/115961,010100000040DAE7AD11225AC01866597E803A4940,CLOSR:BSCLS:C153971,BS CLOSURE,IPL,,LACC_ATRENCH_C,REGNSK,,REGNSK46,SASKTEL,,,100049,,,,,,CHENR1,2022-03-26T02:18:09
Structure1_WGS84/115985,01010000004C12BF2091235AC04803720863394940,CLOSR:BSCLS:C181344,BS CLOSURE,ABD,,LACC_ATRENCH_C,REGNSK,,REGNSK46,SASKTEL,,,100049,,,,,,CHENR1,2022-03-26T02:05:14
Structure1_WGS84/116000,0101000000C0BF3D0CE3225AC0401CACEB4F394940,CLOSR:BSCLS:C159483,BS CLOSURE,IPL,,LACC_APLOWED_C,REGNSK,,REGNSK46,SASKTEL,,,100049,,,,,,CHENR1,2022-03-26T02:07:03
Structure1_WGS84/116257,010100000088D67F0D50205AC050BC75FE6D344940,CLOSR:BSCLS::8871858,BS CLOSURE,IPL,,LACC_APLOWED_C,REGNSK,,REGNSK45,SASKTEL,2016,,100049,,983211,,,,KATAS1,2022-09-17T06:06:49
Structure1_WGS84/116261,01010000004026600EB7D659C020CBC9CB67794940,CLOSR:BSCLS:C174940,BS CLOSURE,IPL,,LACC_APLOWED_C,BLCRSK,,SRIRSK02,SASKTEL,,,100049,,,,,,CHENR1,2022-04-14T22:40:15
Structure1_WGS84/116392,010100000020CDB3ED0FDA59C0C86D6FE224664940,LOSR:BSCLS::10319901,BS CLOSURE,IPL,,LACC_APLOWED_C,ABRNSK,,ABRNSK01,SASKTEL,2018,,100049,,804256,,KAURR2,2019-01-31T13:22:31,CHENR1,2022-06-09T03:28:50
Structure1_WGS84/117132,01010000009C48DAD4136459C010A4BC3D651D4940,CLOSR:BSCLS:C168129,BS CLOSURE,IPL,,LACC_APLOWED_C,MSMNSK,,MSMNSK01,SASKTEL,,,100049,,,,,,IHMED1,2016-11-17T09:22:58
Structure1_WGS84/117165,010100000048A419FD7B365AC068B0108DD6534940,CLOSR:BSCLS:C87832,BS CLOSURE,ABD,,LACC_APLOWED_C,LMSDSK,,LMSDSK01,SASKTEL,,,100049,,,,,,IHMED1,2016-11-22T12:05:27
Structure1_WGS84/117263,0101000000B43F4DB62CD859C0409CB3B734554940,CLOSR:BSCLS:C119049,BS CLOSURE,IPL,,LACC_APLOWED_C,ABRNSK,,ABRNSK01,SASKTEL,,,100049,,,,,,IHMED1,2016-11-24T14:41:15
Structure1_WGS84/117312,0101000000E86298E8F35C5AC018BF30D315AC4940,CLOSR:BSCLS:C105422,BS CLOSURE,ABD,,LACC_ATRENCH_C,IMPRSK,,IMPRSK02,SASKTEL,,,100049,,,,,,IHMED1,2016-11-22T15:49:33
Structure1_WGS84/117321,01010000001CA968F372505BC070C2B6780A064940,CLOSR:BSCLS:C523048,BS CLOSURE,IPL,,LACC_APLOWED_C,PIPTSK,,PIPTSK01,SASKTEL,,,100049,,,,,,IHMED1,2016-11-14T08:34:19
Structure1_WGS84/117342,010100000054870E4718A259C0885FD60367314940,CLOSR:BSCLS:C152125,BS CLOSURE,IPL,,LACC_APLOWED_F,BRVWSK,,BRVWSK01,SASKTEL,,3G-16,100049,,,,,,IHMED1,2016-11-18T10:58:21
Structure1_WGS84/117373,0101000000F02E74ABFB555BC070A2EB9C886E4940,CLOSR:BSCLS:C524843,BS CLOSURE,IPL,,LACC_APLOWED_F,PRLTSK,,PRLTSK01,SASKTEL,,,100049,,,,,,,
Structure1_WGS84/117391,01010000008878CCEFBDF659C030EDA3D910554940,CLOSR:BSCLS:C135678,BS CLOSURE,IPL,,LACC_APLOWED_C,FTQPSK,,FTQPSK01,SASKTEL,,,100049,,,,,,IHMED1,2016-11-24T11:15:56
Structure1_WGS84/117429,01010000000C729328E66859C05815A02E91114940,CLOSR:BSCLS:C148591,BS CLOSURE,IPL,,LACC_APLOWED_C,MSMNSK,,MSMNSK01,SASKTEL,,,100049,,,,,,IHMED1,2016-11-17T09:22:19
Structure1_WGS84/117436,010100000088BB677BB9D559C018C94C46EE3B4940,CLOSR:BSCLS:C147473,BS CLOSURE,IPL,,LACC_APLOWED_F,WLSLSK,,WLSLSK01,SASKTEL,,,100049,,,,,,IHMED1,2016-11-18T14:49:57
Structure1_WGS84/117438,010100000090FA096C703C5BC0604C2DDAAAB04840,CLOSR:BSCLS::8702890,BS CLOSURE,IPL,,LACC_APLOWED_C,ESNDSK,,ESNDSK01,SASKTEL,2015,,100049,,974782,,,,IHMED1,2016-11-14T13:35:13
Structure1_WGS84/117450,0101000000DC74B1BA4CC25AC0A87EC66EA7344940,CLOSR:BSCLS:C512538,BS CLOSURE,ABD,,LACC_APLOWED_C,MORSSK,,MORSSK01,SASKTEL,,,100049,,,,,,,
Structure1_WGS84/117502,01010000005C266E3B8B245AC030E625A122394940,CLOSR:BSCLS:C175006,BS CLOSURE,IPL,,LACC_ATRENCH_C,REGNSK,,REGNSK01,SASKTEL,,,100049,,,,,,,
Structure1_WGS84/117507,010100000050B0AA8485245AC0D0A816370C394940,CLOSR:BSCLS:C247051,BS CLOSURE,IPL,,LACC_APLOWED_C,REGNSK,,REGNSK01,SASKTEL,,,100049,,,,,,,
Structure1_WGS84/117525,0101000000744836F91B125AC078C9FB4FF6344940,CLOSR:BSCLS:C103714,BS CLOSURE,IPL,,LACC_APLOWED_C,BLGNSK,,BLGNSK01,SASKTEL,,,100049,,,,,,IHMED1,2016-11-24T08:52:29
Structure1_WGS84/117527,0101000000A458C1B15F255AC0101BE73460384940,CLOSR:BSCLS:C171523,BS CLOSURE,IPL,,LACC_ATRENCH_C,REGNSK,,REGNSK01,SASKTEL,,,100049,,,,,,,
Structure1_WGS84/117544,0101000000A80D60273B2A5AC05044219772394940,CLOSR:BSCLS:C207118,BS CLOSURE,IPL,,LACC_ATRENCH_C,REGNSK,,REGNSK01,SASKTEL,,,100049,,,,,,,
Structure1_WGS84/117551,0101000000AC5D8CE1872A5AC040385ED5E7394940,CLOSR:BSCLS:C218465,BS CLOSURE,IPL,,LACC_APLOWED_C,REGNSK,,REGNSK01,SASKTEL,,,100049,,,,,,,
Structure1_WGS84/117583,01010000008864C5F986285AC0304D0DDE1E354940,CLOSR:BSCLS:C211347,BS CLOSURE,IPL,,LACC_ATRENCH_C,REGNSK,,REGNSK03,SASKTEL,,,100049,,,,,,,
Structure1_WGS84/117603,0101000000A4D8B02A6B2C5AC0C054183ABA384940,CLOSR:BSCLS:C191981,BS CLOSURE,IPL,,LACC_APLOWED_C,REGNSK,,REGNSK01,SASKTEL,,,100049,,,,,,,
Structure1_WGS84/117621,01010000007417329BA3265AC0A876506D963E4940,CLOSR:BSCLS:C192234,BS CLOSURE,IPL,,LACC_APLOWED_C,REGNSK,,REGNSK04,SASKTEL,,,100049,,,,,,,
Structure1_WGS84/117626,0101000000F8480F186B2A5AC0988B85AFDC3E4940,CLOSR:BSCLS:C228398,BS CLOSURE,IPL,,LACC_ATRENCH_C,REGNSK,,REGNSK04,SASKTEL,,,100049,,,,,,,
Structure1_WGS84/117628,0101000000EC06044C36275AC0E87D6510A53F4940,CLOSR:BSCLS:C199211,BS CLOSURE,IPL,,LACC_APLOWED_C,REGNSK,,REGNSK04,SASKTEL,,,100049,,,,,,,
Structure1_WGS84/117751,0101000000F4E9BFA16C7E5BC0808DD2AFB1504940,CLOSR:BSCLS:C522983,BS CLOSURE,IPL,,LACC_APLOWED_C,BRSTSK,,BRSTSK02,SASKTEL,,,100049,,,,,,,
Structure1_WGS84/117787,010100000020BD0EC039BD5AC040326CED6D0E4940,CLOSR:BSCLS:C517881,BS CLOSURE,IPL,,LACC_ATRENCH_C,HDVLSK,,HDVLSK01,SASKTEL,,,100049,,,,,,,
Structure1_WGS84/117807,0101000000E86ED895BA265AC0B0B847C280374940,CLOSR:BSCLS:C171808,BS CLOSURE,ABD,,LACC_APLOWED_C,REGNSK,,REGNSK01,SASKTEL,,,100049,,,,,,,
Structure1_WGS84/117846,0101000000249A817659625BC03091DF03FD5C4940,CLOSR:BSCLS:C517877,BS CLOSURE,IPL,,LACC_APLOWED_C,LEDRSK,,LEDRSK01,SASKTEL,,,100049,,,,,,,
Structure1_WGS84/117874,0101000000ECCAF46CB26F59C0B01C678E7D314940,CLOSR:BSCLS:C170102,BS CLOSURE,IPL,,LACC_APLOWED_C,RCVLSK,,RCVLSK01,SASKTEL,,,100049,,,,,,IHMED1,2016-11-17T09:55:27
Structure1_WGS84/117907,010100000014412E34E19959C070E9DA7CFB024940,CLOSR:BSCLS:C129000,BS CLOSURE,IPL,,LACC_APLOWED_C,KNDYSK,,KNDYSK01,SASKTEL,,,100049,R2102 SSU16,,,,,IHMED1,2016-11-17T14:58:32
Structure1_WGS84/117911,01010000008C4A2E22B1845AC0A0F4D0D4F1934940,CLOSR:BSCLS:C85218,BS CLOSURE,IPL,,LACC_APLOWED_C,DVSNSK,,DVSNSK03,SASKTEL,,,100049,,,,,,IHMED1,2016-11-22T15:33:39
Structure1_WGS84/117958,010100000000DF2A0B23825AC0D014803AB6AF4940,CLOSR:BSCLS:C87315,BS CLOSURE,IPL,,LACC_APLOWED_C,DVSNSK,,DVSNSK03,SASKTEL,,,100049,,,,,,IHMED1,2016-11-22T15:33:44
Structure1_WGS84/117987,010100000058FEDECE27115AC0E024F40A363E4940,CLOSR:BSCLS:C116114,BS CLOSURE,IPL,,LACC_ATRENCH_C,BLGNSK,,BLGNSK01,SASKTEL,,,100049,,,,,,IHMED1,2016-11-24T08:52:13
Structure1_WGS84/118012,0101000000E07B89F5A9305BC0B8443E1AD40E4940,CLOSR:BSCLS:C531055,BS CLOSURE,IPL,,LACC_APLOWED_C,TPKNSK,,TPKNSK01,SASKTEL,,,100049,,,,,,IHMED1,2016-11-14T08:45:38
Structure1_WGS84/118017,0101000000A4D5C5AA176A59C08808FCD7B5114940,CLOSR:BSCLS:C144232,BS CLOSURE,IPL,,LACC_APLOWED_C,MSMNSK,,MSMNSK01,SASKTEL,,,100049,A 1610 WINDOVER AVE,,,,,IHMED1,2016-11-17T09:07:17
Structure1_WGS84/118071,01010000008094336FB0BC5AC030EE63F8D4184940,CLOSR:BSCLS:C508126,BS CLOSURE,IPL,,LACC_APLOWED_C,HDVLSK,,HDVLSK01,SASKTEL,,,100049,,,,,,,
Structure1_WGS84/118091,0101000000F07A3C9CDC745AC078D57D192F874940,CLOSR:BSCLS:C91938,BS CLOSURE,ABD,,LACC_ATRENCH_C,CRAKSK,,CRAKSK01,SASKTEL,,,100049,,,,,,IHMED1,2016-11-22T14:37:29
Structure1_WGS84/118097,010100000030B03273717259C0786BAD5D4A444940,CLOSR:BSCLS:C149300,BS CLOSURE,IPL,,LACC_APLOWED_C,TNTLSK,,TNTLSK01,SASKTEL,,,100049,,,,,,IHMED1,2016-11-17T13:30:15
Structure1_WGS84/118118,0101000000C4BD40E35E5E5BC0B819722F9AFD4840,CLOSR:BSCLS:C572829,BS CLOSURE,IPL,,LACC_APLOWED_C,MPCKSK,,MPCKSK01,SASKTEL,,,100049,,,,,,,
Structure1_WGS84/118121,0101000000CC41FB51075F5BC09021FA34F5F34840,CLOSR:BSCLS:C519950,BS CLOSURE,IPL,,LACC_ATRENCH_C,MPCKSK,,MPCKSK01,SASKTEL,,,100049,,,,,,,
Structure1_WGS84/118127,0101000000CC584B39B3275AC020CBBD58093B4940,CLOSR:BSCLS:C206923,BS CLOSURE,IPL,,LACC_APLOWED_C,REGNSK,,REGNSK01,SASKTEL,,,100049,,,,,,,
Structure1_WGS84/118196,0101000000B0E815D09D565BC0B0B56F6F706E4940,CLOSR:BSCLS:C525055,BS CLOSURE,IPL,,LACC_APLOWED_C,PRLTSK,,PRLTSK01,SASKTEL,,,100049,,,,,,,
Structure1_WGS84/118230,010100000020B2455B20435AC0D8255A9407524940,CLOSR:BSCLS:C86394,BS CLOSURE,IPL,,LACC_APLOWED_C,LMSDSK,,LMSDSK01,SASKTEL,,,100049,,,,,,IHMED1,2016-11-22T12:05:17
Structure1_WGS84/118250,010100000004FDD0F5126459C0A85988F7641D4940,CLOSR:BSCLS:C144100,BS CLOSURE,ABD,,LACC_APLOWED_C,MSMNSK,,MSMNSK01,SASKTEL,,,100049,,,,,,IHMED1,2016-11-17T09:23:04
Structure1_WGS84/118251,0101000000AC0198D2BD6E59C0002D8F6854174940,CLOSR:BSCLS:C149907,BS CLOSURE,IPL,,LACC_APLOWED_C,MSMNSK,,MSMNSK01,SASKTEL,,,100049,,,,,,IHMED1,2016-11-17T09:22:53
Structure1_WGS84/118418,0101000000240AA342DD265AC06899E0696C3A4940,CLOSR:BSCLS::9075401,BS CLOSURE,IPL,,LACC_ATRENCH_C,REGNSK,,REGNSK01,SASKTEL,2016,,100049,,985206,,,,GORRS2,2019-01-31T08:47:12
Structure1_WGS84/118420,01010000005C413A3F7C2E5AC0688BCB5BAF794940,CLOSR:BSCLS:C142358,BS CLOSURE,IPL,,LACC_APLOWED_C,ERGRSK,,ERGRSK01,SASKTEL,,,100049,,,,,,BALLB1,2019-04-12T06:17:18
Structure1_WGS84/118466,010100000058F11F68AB615BC07819D3C0CD9B4840,CLOSR:BSCLS:C528887,BS CLOSURE,IPL,,LACC_APLOWED_C,CNSLSK,,CNSLSK03,SASKTEL,,,100049,,,,,,VUDUP1,2019-04-25T23:58:12
Structure1_WGS84/118507,0101000000BC33428E19C95AC0B8A8E0D4ED0F4940,CLOSR:BSCLS:C501691,BS CLOSURE,IPL,,LACC_APLOWED_C,HDVLSK,,HDVLSK01,SASKTEL,,,100049,,,,,,ADELL2,2018-10-10T21:35:47
Structure1_WGS84/118531,0101000000A8EDB2A1335E5BC0A071853D4EF44840,CLOSR:BSCLS:C529338,BS CLOSURE,IPL,,LACC_ATRENCH_C,MPCKSK,,MPCKSK01,SASKTEL,,,100049,,,,,,WILLJ2,2018-02-12T09:20:33
Structure1_WGS84/118567,0101000000A4853257FD1E5BC078AE01149A0F4940,CLOSR:BSCLS:C571522,BS CLOSURE,IPL,,LACC_APLOWED_F,GLLKSK,,GLLKSK01,SASKTEL,,37M CL,100049,,,,,,FATHF1,2018-04-09T22:45:01
Structure1_WGS84/118606,0101000000502410C36F365BC010E2909B8EF04840,CLOSR:BSCLS:C522218,BS CLOSURE,IPL,,LACC_APLOWED_C,TPKNSK,,TPKNSK01,SASKTEL,,,100049,,,,,,GANDN1,2018-04-17T04:33:41
Structure1_WGS84/118684,01010000002C4C1D1968F45AC0F0356C17F7294940,CLOSR:BSCLS:C558337,BS CLOSURE,ABD,,LACC_APLOWED_F,SWCRSK,,SWCRSK02,SASKTEL,,,100049,,,,,,FATHF1,2018-04-19T23:48:30
Structure1_WGS84/118692,01010000009C530A66BEB159C0086551AD45F34840,LOSR:BSCLS::10827436,BS CLOSURE,IPL,,LACC_ATRENCH_C,WNDTSK,,CRNGSK01,SASKTEL,2020,,100049,,808910,,HOLTA1,2020-03-25T10:52:22,HOLTA1,2021-05-14T11:04:25
Structure1_WGS84/118702,0101000000BC7FAFC5E7385AC048A6E1A06CAB4940,CLOSR:BSCLS:C100073,BS CLOSURE,IPL,,LACC_APLOWED_C,GOVNSK,,GOVNSK01,SASKTEL,,,100049,,,,,,BALLB1,2019-05-15T06:45:58
Structure1_WGS84/118751,010100000090740C495F335BC0B0EBCA13BA094940,CLOSR:BSCLS:C532206,BS CLOSURE,IPL,,LACC_APLOWED_F,TPKNSK,,TPKNSK01,SASKTEL,,,100049,,,,,,CHENR1,2019-05-04T05:36:06
Structure1_WGS84/118833,010100000068823E1721685BC0E8C72ED7F6374940,CLOSR:BSCLS:C537230,BS CLOSURE,IPL,,LACC_APLOWED_C,RCHMSK,,RCHMSK01,SASKTEL,,,100049,,,,,,KATRR1,2019-02-22T10:32:00
Structure1_WGS84/118857,010100000018D3DEA3A80E5BC0A0B3121BF53D4940,CLOSR:BSCLS:C521798,BS CLOSURE,IPL,,LACC_APLOWED_C,PNNTSK,,PNNTSK01,SASKTEL,,,100049,,,,,,YERRS2,2019-02-15T00:45:01
Structure1_WGS84/118872,0101000000902EFB4AE7255BC088FECA36AF334940,CLOSR:BSCLS:C502844,BS CLOSURE,ABD,,LACC_APLOWED_C,HZLTSK,,HZLTSK01,SASKTEL,,,100049,,,,,,HUNTG1,2022-12-09T09:40:49
Structure1_WGS84/118919,0101000000A4CA37A84B6859C0C8F148CBA7094940,CLOSR:BSCLS::9608522,BS CLOSURE,IPL,,LACC_APLOWED_C,MSMNSK,,MSMNSK01,SASKTEL,2017,,100049,,983162,,LUBIT1,2017-07-27T11:17:13,WIESJ3,2024-08-02T08:54:55
Structure1_WGS84/119018,0101000000D8C91D8C31275AC0C0B36C69523A4940,CLOSR:BSCLS:C201801,BS CLOSURE,IPL,,LACC_APLOWED_C,REGNSK,,REGNSK01,SASKTEL,,,100049,,,,,,QIUE1,2018-08-20T11:37:00
Structure1_WGS84/119094,010100000030DB91C1BC435AC01802318A57584940,CLOSR:BSCLS::12678303,BS CLOSURE,IPL,,LACC_APLOWED_C,LMSDSK,,LMSDSK01,SASKTEL,,,100049,,,,PITTM1,2023-03-14T20:51:28,THUND1,2024-03-10T22:05:37
Structure1_WGS84/119176,010100000070A1805ADDD65AC0504BE3ECDD314940,CLOSR:BSCLS:C518368,BS CLOSURE,IPL,,LACC_APLOWED_F,HRBRSK,,HRBRSK01,SASKTEL,,,100049,,,,,,MCQUK1,2024-11-18T12:03:34
Structure1_WGS84/119259,01010000008CF2E769ED3D5AC058650895F24E4940,CLOSR:BSCLS:C98438,BS CLOSURE,IPL,,LACC_APLOWED_C,LMSDSK,,LMSDSK01,SASKTEL,,,100049,,,,,,PALGS1,2019-06-04T01:35:22
Structure1_WGS84/119275,0101000000C07A711C37E65AC020E56E17A7FE4840,CLOSR:BSCLS:C501435,BS CLOSURE,IPL,,LACC_APLOWED_C,NEVLSK,,NEVLSK01,SASKTEL,,,100049,,,,,,ADELL2,2019-03-11T23:12:20
Structure1_WGS84/119466,01010000001CF7CCE3671D5AC060166EC19E634940,CLOSR:BSCLS::9976525,BS CLOSURE,IPL,,LACC_APLOWED_C,REGNSK,,PPIRSK01,SASKTEL,2018,,100049,,804474,,ESLIG1,2018-05-30T13:23:22,ESLIG1,2018-12-12T14:48:57
Structure1_WGS84/119531,010100000050E5E8E2D01B5AC0B0B6D642093A4940,CLOSR:BSCLS::8874764,BS CLOSURE,ABD,,LACC_APLOWED_C,REGNSK,,PLBTSK01,SASKTEL,2016,,100049,,983299,,,,HELLC2,2024-12-05T16:31:37
Structure1_WGS84/119533,0101000000FC7422121C725AC0387E1FB0A06A4940,CLOSR:BSCLS::13259515,BS CLOSURE,IPL,,LACC_ATRENCH_C,CRAKSK,,AYBYSK02,SASKTEL,2024,,100049,,825735,,MALLM1,2024-09-19T14:57:13,HELLC2,2025-01-27T11:35:03
Structure1_WGS84/119778,01010000001040BAA3622D5AC0383D2BE093394940,CLOSR:BSCLS:C187282,BS CLOSURE,IPL,,LACC_APLOWED_C,REGNSK,,REGNSK01,SASKTEL,,,100049,,,,,,PALGS1,2019-09-19T20:57:37
Structure1_WGS84/119977,0101000000401EC18D94C859C0C830F79B59334940,CLOSR:BSCLS:C141516,BS CLOSURE,IPL,,LACC_APLOWED_C,GRNFSK,,GRNFSK01,SASKTEL,,,100049,,,,,,VUDUP1,2020-01-02T04:40:41
Structure1_WGS84/120003,0101000000B431C7096B415AC020EAE1B2E7FA4840,CLOSR:BSCLS:C73840,BS CLOSURE,IPL,,LACC_APLOWED_C,AVNLSK,,AVNLSK01,SASKTEL,,,100049,,,,,,BALLB1,2019-12-19T20:48:08
Structure1_WGS84/120167,010100000070E54C10BEF659C0E0AE25BE3C554940,CLOSR:BSCLS:C135663,BS CLOSURE,IPL,,LACC_APLOWED_C,FTQPSK,,FTQPSK01,SASKTEL,,,100049,,,,,,OUGAB1,2020-01-06T01:13:31
Structure1_WGS84/120284,01010000002490E28100255AC0A0C6F2587A024940,CLOSR:BSCLS:C90744,BS CLOSURE,IPL,,LACC_APLOWED_C,MLSTSK,,MLSTSK01,SASKTEL,,,100049,,,,,,BALLB1,2019-12-27T02:03:23
Structure1_WGS84/120316,0101000000B4B12AD989CB59C0904BA88F691C4940,CLOSR:BSCLS:C131841,BS CLOSURE,IPL,,LACC_APLOWED_C,GLNVSK,,GLNVSK01,SASKTEL,,,100049,,,,,,CHENR1,2020-03-11T12:59:19
Structure1_WGS84/120388,0101000000402300814CEC5AC0A0092DBB85364940,CLOSR:BSCLS:C528874,BS CLOSURE,IPL,,LACC_APLOWED_C,SWCRSK,,SWCRSK02,SASKTEL,,,100049,,,,,,MACHS1,2020-02-20T03:55:59
Structure1_WGS84/120424,010100000088D5519B790C5AC0482B3E459B864940,CLOSR:BSCLS::8345166,BS CLOSURE,IPL,,LACC_APLOWED_C,CUPRSK,,CUPRSK02,SASKTEL,2015,,100049,,,,,,CHENR1,2021-12-27T09:16:21
Structure1_WGS84/120434,01010000005445DE900B395AC0005C065F427E4940,CLOSR:BSCLS:C109582,BS CLOSURE,ABD,,LACC_APLOWED_C,STBGSK,,BULYSK04,SASKTEL,,,100049,,,,,,CHENR1,2021-12-17T06:03:52
Structure1_WGS84/120463,0101000000B4836AB30C7F5AC080709F9EFCA14940,CLOSR:BSCLS:C101600,BS CLOSURE,IPL,,LACC_ATRENCH_C,DVSNSK,,DVSNSK03,SASKTEL,,,100049,,,,,,DUNLM1,2020-05-05T10:47:10
Structure1_WGS84/120481,0101000000147D98CCB7355AC0581F9D942B3A4940,CLOSR:BSCLS:C216155,BS CLOSURE,IPL,,LACC_APLOWED_C,REGNSK,,GDCLSK03,SASKTEL,,,100049,,,,,,CHENR1,2022-02-02T06:17:46
Structure1_WGS84/120486,0101000000745DD7B370465BC010569ED874CC4840,CLOSR:BSCLS:C528549,BS CLOSURE,IPL,,LACC_APLOWED_C,ESNDSK,,RVNSSK01,SASKTEL,,,100049,,,,,,CHENR1,2022-02-01T01:34:14
Structure1_WGS84/120500,0101000000783150F68FB95AC0502B3B20B0344940,CLOSR:BSCLS:C506752,BS CLOSURE,IPL,,LACC_APLOWED_C,MORSSK,,ENFLSK02,SASKTEL,,,100049,,,,,,CHENR1,2022-01-06T06:45:55
Structure1_WGS84/120553,01010000007C5B610E430D5BC0E0C92446F62D4940,CLOSR:BSCLS:C535455,BS CLOSURE,ABD,,LACC_APLOWED_C,SWCRSK,,SCCSSK02,SASKTEL,,,100049,,,,,,CHENR1,2022-01-27T03:01:49
Structure1_WGS84/120605,0101000000A4310390F8355AC088C57F5918204940,LOSR:BSCLS::11218123,BS CLOSURE,IPL,,LACC_APLOWED_C,ROULSK,,ROULSK01,SASKTEL,,,100049,,,,KATRR1,2020-11-27T02:34:42,DASAS1,2020-11-27T07:53:09
Structure1_WGS84/120611,0101000000301E40E717255BC0E0FE9D06AFD14840,CLOSR:BSCLS:C516422,BS CLOSURE,IPL,,LACC_APLOWED_C,SHNVSK,,DLRDSK01,SASKTEL,,,100049,,,,,,CHENR1,2021-12-28T09:11:24
Structure1_WGS84/120650,010100000060A3ACDF2CFF5AC078747597293A4940,CLOSR:BSCLS:C570196,BS CLOSURE,IPL,,LACC_APLOWED_C,SWCRSK,,SCCSSK02,SASKTEL,,,100049,,,,,,CHENR1,2022-01-27T03:01:48
Structure1_WGS84/120682,0101000000A83F3EF81B705BC0903F291163D54840,CLOSR:BSCLS:C513631,BS CLOSURE,IPL,,LACC_APLOWED_C,MPCKSK,,MPCKSK03,SASKTEL,,,100049,,,,,,CHENR1,2022-02-24T08:41:27
Structure1_WGS84/120776,0101000000ECF0F7BB12705AC0704E64D49F934940,CLOSR:BSCLS:C95117,BS CLOSURE,IPL,,LACC_APLOWED_C,DVSNSK,,GRVNSK01,SASKTEL,,,100049,,,,,,CHENR1,2022-02-04T05:38:48
Structure1_WGS84/120793,0101000000C83F63C105265AC0C0581E92C4544940,CLOSR:BSCLS:C218008,BS CLOSURE,IPL,,LACC_APLOWED_C,REGNSK,,KNNLSK01,SASKTEL,,,100049,,,,,,CHENR1,2022-03-10T03:03:48
Structure1_WGS84/120804,0101000000D4F06C109F175AC018967CAF4B3A4940,CLOSR:BSCLS:C178121,BS CLOSURE,IPL,,LACC_APLOWED_C,REGNSK,,WHCYSK01,SASKTEL,,,100049,,,,,,CHENR1,2022-04-27T06:54:36
Structure1_WGS84/120886,0101000000E837806FB4275AC040A2472EED5A4940,CLOSR:BSCLS:C215341,BS CLOSURE,IPL,,LACC_APLOWED_C,REGNSK,,KNNLSK01,SASKTEL,,,100049,,,,,,CHENR1,2022-03-10T03:03:48
Structure1_WGS84/120985,01010000005050AD65225F5BC0A8E0EEEE39F24840,CLOSR:BSCLS:C520239,BS CLOSURE,IPL,,LACC_APLOWED_C,MPCKSK,,MPCKSK01,SASKTEL,,,100049,,,,,,PITTM1,2022-08-03T05:34:15
Structure1_WGS84/121079,010100000078A2A2ECD81B5AC0F8D672C758454940,CLOSR:BSCLS:C198318,BS CLOSURE,IPL,,LACC_APLOWED_C,REGNSK,,PLBTSK01,SASKTEL,,,100049,,,,,,CHENR1,2022-03-18T04:02:40
Structure1_WGS84/121080,010100000058D70710E01B5AC088BA922E87454940,CLOSR:BSCLS:C198321,BS CLOSURE,IPL,,LACC_APLOWED_C,REGNSK,,PLBTSK01,SASKTEL,,,100049,,,,,,CHENR1,2022-03-18T04:03:52
Structure1_WGS84/121081,01010000006CE3B680C71B5AC0A06B573C033E4940,CLOSR:BSCLS:C215271,BS CLOSURE,IPL,,LACC_APLOWED_C,REGNSK,,PLBTSK01,SASKTEL,,,100049,,,,,,CHENR1,2022-03-18T04:02:42
Structure1_WGS84/121084,010100000064F6B8F0B51D5AC0B0B3DC97885F4940,CLOSR:BSCLS:C227874,BS CLOSURE,IPL,,LACC_APLOWED_C,REGNSK,,PPIRSK01,SASKTEL,,,100049,,,,,,CHENR1,2022-03-18T04:48:16
Structure1_WGS84/121098,0101000000BC12F288045F5AC090178308AA844940,CLOSR:BSCLS:C75539,BS CLOSURE,IPL,,LACC_APLOWED_C,HLDFSK,,PNZNSK01,SASKTEL,,,100049,,,,,,CHENR1,2022-03-18T04:43:09
Structure1_WGS84/121099,0101000000A019AAB3B11B5AC090669DA52F3D4940,CLOSR:BSCLS:C228630,BS CLOSURE,IPL,,LACC_ATRENCH_C,REGNSK,,PLBTSK01,SASKTEL,,,100049,,,,,,CHENR1,2022-03-18T04:04:00
Structure1_WGS84/121290,01010000004CC114F735205AC060A841409A394940,CLOSR:BSCLS:C162256,BS CLOSURE,ABD,,LACC_ATRENCH_C,REGNSK,,REGNSK46,SASKTEL,,,100049,,,,,,CHENR1,2022-03-26T02:07:00
Structure1_WGS84/121629,010100000034DECAD040495AC090F69074363A4940,CLOSR:BSCLS:C118296,BS CLOSURE,IPL,,LACC_APLOWED_C,PENSSK,,STBHSK02,SASKTEL,,,100049,,,,,,CHENR1,2022-04-14T22:55:03
Structure1_WGS84/121639,0101000000DCCBDDE4E04F5AC03012A9EFD03F4940,CLOSR:BSCLS::8490113,BS CLOSURE,IPL,,LACC_APLOWED_C,PENSSK,,STBHSK02,SASKTEL,2015,,100049,,975673,,,,CHENR1,2022-04-14T22:55:09
Structure1_WGS84/121656,010100000024636D6D10275BC0589A696FEE574940,CLOSR:BSCLS:C510642,BS CLOSURE,IPL,,LACC_APLOWED_C,CABRSK,,SHTNSK01,SASKTEL,,,100049,,,,,,CHENR1,2022-04-05T01:57:47
Structure1_WGS84/122095,0101000000D8ED82DA32275AC038E3F54C2E364940,CLOSR:BSCLS:C385273,BS CLOSURE,IPL,,LACC_ATRENCH_C,REGNSK,,REGNSK03,SASKTEL,2009,,100049,,941265,,,,LUBIT1,2022-07-15T10:29:49
Structure1_WGS84/122492,0101000000F812941C3CF459C048708CFFE3654940,CLOSR:BSCLS:C167837,BS CLOSURE,IPL,,LACC_ATRENCH_C,FTQPSK,,FTQPSK01,SASKTEL,,,100049,,,,,,IHMED1,2016-11-24T11:16:46
Structure1_WGS84/122493,0101000000E4E91A35B86A59C00890D97A82124940,CLOSR:BSCLS:C143205,BS CLOSURE,IPL,,LACC_APLOWED_C,MSMNSK,,MSMNSK01,SASKTEL,,,100049,,,,,,IHMED1,2016-11-17T09:22:54
Structure1_WGS84/122564,01010000005892228353275AC0F8504220BF2B4940,CLOSR:BSCLS:C178759,BS CLOSURE,ABD,,LACC_APLOWED_C,REGNSK,,REGNSK03,SASKTEL,,,100049,,,,,,,
Structure1_WGS84/122637,0101000000B89231FF27F95AC0F8D1177F71F24840,CLOSR:BSCLS::8349303,BS CLOSURE,IPL,,LACC_APLOWED_C,NEVLSK,,NEVLSK01,SASKTEL,2014,,100049,,977436,,,,IHMED1,2016-11-14T09:44:16
Structure1_WGS84/122650,0101000000E4DB105052DB59C07860D15E11664940,CLOSR:BSCLS:C163215,BS CLOSURE,IPL,,LACC_APLOWED_C,ABRNSK,,ABRNSK01,SASKTEL,,,100049,,,,,,IHMED1,2016-11-24T14:41:16
Structure1_WGS84/122667,01010000005CD2412C15265AC0E82D132279344940,CLOSR:BSCLS::8504170,BS CLOSURE,IPL,,LACC_AUG_COPPER,REGNSK,,REGNSK03,SASKTEL,2015,,100049,,980856,,,,,
Structure1_WGS84/122680,010100000064565E0E953B5AC068FE65525E664940,CLOSR:BSCLS::8427695,BS CLOSURE,IPL,,LACC_ATRENCH_C,RGBHSK,,RGBHSK01,SASKTEL,2015,,100049,,973695,,,,IHMED1,2016-11-22T13:48:28
Structure1_WGS84/122749,0101000000701C400B7E6D59C010BB7E7A19394940,CLOSR:BSCLS:C170427,BS CLOSURE,IPL,,LACC_APLOWED_C,RCVLSK,,RCVLSK01,SASKTEL,2009,,100049,,946842,,,,IHMED1,2016-11-17T09:55:37
Structure1_WGS84/122779,01010000000836D64705C259C0100428B0BA144940,CLOSR:BSCLS:C134163,BS CLOSURE,IPL,,LACC_APLOWED_C,GLNVSK,,GLNVSK01,SASKTEL,,,100049,,,,,,IHMED1,2016-11-18T13:34:00
Structure1_WGS84/122820,010100000034CB67A43E295AC0A82B49525D394940,CLOSR:BSCLS:C199554,BS CLOSURE,IPL,,LACC_ATRENCH_C,REGNSK,,REGNSK01,SASKTEL,,,100049,,,,,,,
Structure1_WGS84/122846,01010000000C66577DB5125AC0B8857BC097274940,CLOSR:BSCLS:C165999,BS CLOSURE,IPL,,LACC_APLOWED_C,REGNSK,,REGNSK01,SASKTEL,1994,,100049,,,,,,,
Structure1_WGS84/122976,0101000000E47C09F9C6285AC0A8ABDB100B334940,CLOSR:BSCLS:C180681,BS CLOSURE,IPL,,LACC_APLOWED_C,REGNSK,,REGNSK03,SASKTEL,,,100049,,,,,,,
Structure1_WGS84/122985,0101000000283F8AE90B275AC070C765C0FF3E4940,CLOSR:BSCLS:C225603,BS CLOSURE,IPL,,LACC_APLOWED_C,REGNSK,,REGNSK04,SASKTEL,,,100049,,,,,,,
Structure1_WGS84/122997,0101000000A09A0603372B5AC008BB63496A3E4940,CLOSR:BSCLS:C216115,BS CLOSURE,IPL,,LACC_ATRENCH_C,REGNSK,,REGNSK04,SASKTEL,,,100049,,,,,,,
Structure1_WGS84/122998,010100000020BC1CFA372B5AC0680613476A3E4940,CLOSR:BSCLS:C216116,BS CLOSURE,IPL,,LACC_ATRENCH_C,REGNSK,,REGNSK04,SASKTEL,,,100049,,,,,,,
Structure1_WGS84/122999,0101000000F850640B332B5AC0486FB08BF03D4940,CLOSR:BSCLS:C216297,BS CLOSURE,IPL,,LACC_APLOWED_C,REGNSK,,REGNSK04,SASKTEL,,,100049,,,,,,,
Structure1_WGS84/123077,010100000008D3789BD7245AC0F03B18E1883B4940,CLOSR:BSCLS:C274819,BS CLOSURE,IPL,,LACC_APLOWED_C,REGNSK,,REGNSK01,SASKTEL,,,100049,,,,,,,
Structure1_WGS84/123142,0101000000B0B309AC13EC5AC0A028C56BF7FA4840,CLOSR:BSCLS:C510216,BS CLOSURE,IPL,,LACC_APLOWED_C,NEVLSK,,NEVLSK01,SASKTEL,,,100049,,,,,,IHMED1,2016-11-14T09:44:17
Structure1_WGS84/123183,010100000048830D1504295AC020CA131FD7404940,CLOSR:BSCLS:C201633,BS CLOSURE,ABD,,LACC_ATRENCH_F,REGNSK,,REGNSK04,SASKTEL,,,100049,,,,,,,
Structure1_WGS84/123209,010100000098DCBD16D3265AC0082F125EEB374940,CLOSR:BSCLS:C189857,BS CLOSURE,IPL,,LACC_ATRENCH_C,REGNSK,,REGNSK01,SASKTEL,,,100049,,,,,,,
Structure1_WGS84/123318,01010000003C44D82DB8DC59C0807C1964C91C4940,CLOSR:BSCLS:C128790,BS CLOSURE,IPL,,LACC_APLOWED_C,MTMRSK,,MTMRSK02,SASKTEL,,,100049,,,,,,IHMED1,2016-11-18T14:13:58
Structure1_WGS84/123461,0101000000601D4220ADD359C0A874C851296B4940,CLOSR:BSCLS:C167536,BS CLOSURE,ABD,,LACC_APLOWED_F,LMBGSK,,LMBGSK01,SASKTEL,,,100049,,,,,,IHMED1,2016-11-24T14:56:50
Structure1_WGS84/123492,01010000008075AAE92B0C5BC08821F5E817144940,CLOSR:BSCLS:C508107,BS CLOSURE,IPL,,LACC_APLOWED_C,WEBBSK,,WEBBSK02,SASKTEL,,,100049,,,,,,IHMED1,2016-11-14T09:27:44
Structure1_WGS84/123534,01010000000CD2AE9D435F5BC0D09A68C27CF14840,CLOSR:BSCLS:C572565,BS CLOSURE,IPL,,LACC_APLOWED_C,MPCKSK,,MPCKSK01,SASKTEL,,,100049,,,,,,,
Structure1_WGS84/123570,010100000094971F5F522C5AC0B0F3EFCD8B3D4940,CLOSR:BSCLS:C195977,BS CLOSURE,IPL,,LACC_ATRENCH_C,REGNSK,,REGNSK04,SASKTEL,,,100049,,,,,,,
Structure1_WGS84/123595,0101000000F059A6781F2E5AC04854604F9B0C4940,CLOSR:BSCLS:C83168,BS CLOSURE,IPL,,LACC_ATRENCH_C,WLCXSK,,WLCXSK01,SASKTEL,,NOT IN MARTENS,100049,,,,,,IHMED1,2016-11-22T09:40:19
Structure1_WGS84/123599,0101000000FCF3BA997F465AC0E0A6014EF25B4940,CLOSR:BSCLS:C97920,BS CLOSURE,IPL,,LACC_APLOWED_C,BTHNSK,,BTHNSK02,SASKTEL,,,100049,,,,,,IHMED1,2016-11-22T14:10:40
Structure1_WGS84/123651,0101000000E02E3269C21F5AC098B304A7EB774940,CLOSR:BSCLS:C128977,BS CLOSURE,IPL,,LACC_APLOWED_C,STHYSK,,STHYSK01,SASKTEL,,,100049,,,,,,IHMED1,2016-11-23T15:07:32
Structure1_WGS84/123673,0101000000F070BBFDDD1B5AC0C88B3A4AD0C74940,CLOSR:BSCLS::8980337,BS CLOSURE,IPL,,LACC_APLOWED_C,RYMRSK,,RYMRSK01,SASKTEL,2016,,100049,,982749,,,,IHMED1,2016-11-23T11:05:44
Structure1_WGS84/123752,01010000007011E442F3255AC0302C3A57E9374940,CLOSR:BSCLS:C189860,BS CLOSURE,IPL,,LACC_ATRENCH_C,REGNSK,,REGNSK01,SASKTEL,,,100049,,,,,,GORRS2,2019-01-31T08:22:20
Structure1_WGS84/123759,0101000000D858DAC0959D59C078911947233C4940,LOSR:BSCLS::10134602,BS CLOSURE,IPL,,LACC_APLOWED_C,BRVWSK,,OCIRSK01,SASKTEL,2018,,100049,,803204,,KAURP3,2018-09-17T11:57:29,KAURR2,2019-05-29T09:46:42
Structure1_WGS84/123762,0101000000B4B31720FD215BC078F2ED20A00A4940,CLOSR:BSCLS:C572340,BS CLOSURE,IPL,,LACC_APLOWED_C,GLLKSK,,GLLKSK01,SASKTEL,,,100049,,,,,,HUNTG1,2019-03-11T15:39:01
Structure1_WGS84/123769,010100000078FDBE8905B65AC08032F82EB70D4940,CLOSR:BSCLS:C508728,BS CLOSURE,IPL,,LACC_APLOWED_C,HDVLSK,,HDVLSK01,SASKTEL,,,100049,,,,,,ADELL2,2019-03-04T21:16:01
Structure1_WGS84/123806,0101000000B85DE1BDE0DE59C000CE1874AF274940,CLOSR:BSCLS::9974602,BS CLOSURE,IPL,,LACC_APLOWED_C,SNTLSK,,ASRSSK01,SASKTEL,2018,,100049,,804447,,ESLIG1,2018-05-29T15:59:44,KAURP3,2020-05-21T23:59:31
Structure1_WGS84/123821,0101000000442533E6C7EF59C0003032C994634940,CLOSR:BSCLS::8978426,BS CLOSURE,IPL,,LACC_APLOWED_F,FTQPSK,,FTQPSK01,SASKTEL,2013,,100049,,968664,,,,MCQUK1,2025-02-03T10:12:47
Structure1_WGS84/123849,010100000088021CF9BE265AC0D0030EC459384940,CLOSR:BSCLS:C315633,BS CLOSURE,IPL,,LACC_ATRENCH_C,REGNSK,,REGNSK01,SASKTEL,2012,,100049,,963001,,,,HUNTG1,2025-03-05T14:04:34
Structure1_WGS84/123864,010100000074FFB140D6145AC050E673E93D3A4940,CLOSR:BSCLS::12678937,BS CLOSURE,IPL,,LACC_APLOWED_C,REGNSK,,WHCYSK01,SASKTEL,,,100049,,,,PITTM1,2023-03-14T23:47:11,YADAG1,2025-03-03T07:04:07
Structure1_WGS84/123872,01010000004CA0FF538E205AC088152121FCFD4840,CLOSR:BSCLS:C96852,BS CLOSURE,IPL,,LACC_APLOWED_C,MLSTSK,,MLSTSK01,SASKTEL,,,100049,,,,,,KATRR1,2020-12-21T23:59:32
Structure1_WGS84/123879,01010000000455751F580E5AC0E01EB16EE0704940,CLOSR:BSCLS::9752539,BS CLOSURE,IPL,,LACC_APLOWED_C,CUPRSK,,CUPRSK01,SASKTEL,2017,,100049,,800079,,KAURR2,2017-11-16T11:58:03,KAURR2,2017-11-16T14:35:13
Structure1_WGS84/123952,0101000000A4323E2CB1295AC070867A189F394940,CLOSR:BSCLS:C192918,BS CLOSURE,PEAB,REGN823333,LACC_ATRENCH_C,REGNSK,,REGNSK01,SASKTEL,,,100049,,,,,,MALLM1,2025-04-16T12:15:20
Structure1_WGS84/123990,01010000005857D1C1482E5AC098D8A548293E4940,CLOSR:BSCLS:C217857,BS CLOSURE,ABD,,LACC_APLOWED_C,REGNSK,,REGNSK04,SASKTEL,,,100049,,,,,,WILLJ2,2017-08-18T12:08:52
Structure1_WGS84/123992,0101000000C8935D96DA1F5BC0100DCE244D0B4940,CLOSR:BSCLS:C571510,BS CLOSURE,ABD,,LACC_APLOWED_F,GLLKSK,,GLLKSK01,SASKTEL,,41M W OF PAPELINE,100049,,,,,,FATHF1,2018-04-09T23:44:38
Structure1_WGS84/124014,010100000030F0B3FC46F259C0F88982D47E614940,CLOSR:BSCLS:C137213,BS CLOSURE,IPL,,LACC_APLOWED_C,FTQPSK,,FTQPSK01,SASKTEL,,,100049,,,,,,KLETR1,2023-08-18T11:24:54
Structure1_WGS84/124091,010100000024D0B653A02A5BC0A0CEDF68EDC24840,CLOSR:BSCLS:C528710,BS CLOSURE,IPL,,LACC_APLOWED_C,ESNDSK,,ESNDSK01,SASKTEL,,,100049,,,,,,VUDUP1,2019-02-20T11:11:21
Structure1_WGS84/124097,01010000009C5E6175CF295AC0F8E9AB2A023D4940,CLOSR:BSCLS:C217270,BS CLOSURE,IPL,,LACC_ATRENCH_C,REGNSK,,REGNSK04,SASKTEL,,,100049,,,,,,ROOKP2,2023-11-27T15:04:56
Structure1_WGS84/124100,0101000000F49852DB49A759C05071D056CC0B4940,CLOSR:BSCLS::8963706,BS CLOSURE,IPL,,LACC_APLOWED_F,KPNGSK,,KPNGSK01,SASKTEL,1989,,100049,R2102 B.S.12,109561,,,,PALGS1,2019-06-18T22:14:15
Structure1_WGS84/124118,01010000002CC8701EA9EE5AC078A49B13672B4940,CLOSR:BSCLS:C548606,BS CLOSURE,IPL,,LACC_APLOWED_F,SWCRSK,,SWCRSK02,SASKTEL,,,100049,,,,,,FATHF1,2018-04-23T00:02:01
Structure1_WGS84/124129,010100000030CEDCCCF3295AC028CECD7B3F3A4940,CLOSR:BSCLS:C260597,BS CLOSURE,IPL,,LACC_ATRENCH_C,REGNSK,,REGNSK04,SASKTEL,,NO AP IN MARTENS,100049,,,,,,ROOKP2,2023-11-14T10:35:49
Structure1_WGS84/124133,0101000000448BF7D9042B5BC0D014AF2905B44840,CLOSR:BSCLS::12671569,BS CLOSURE,IPL,,LACC_APLOWED_C,ESNDSK,,ESNDSK01,SASKTEL,,,100049,,,,BINGA1,2023-03-14T03:23:26,THUND1,2024-03-01T06:03:28
Structure1_WGS84/124150,01010000004C2F0DD0B1215AC018D7002B1B354940,CLOSR:BSCLS:C220539,BS CLOSURE,IPL,,LACC_ATRENCH_C,REGNSK,,REGNSK45,SASKTEL,,,100049,,,,,,ESLIG1,2023-07-12T09:20:04
Structure1_WGS84/124262,01010000002808F0A653245BC0E0E61BABF64C4940,CLOSR:BSCLS:C512873,BS CLOSURE,IPL,,LACC_APLOWED_C,CABRSK,,CABRSK01,SASKTEL,,,100049,,,,,,GANDN1,2018-03-30T03:49:02
Structure1_WGS84/124316,0101000000F8DDF74C4FFB5AC0D84DD26415FC4840,CLOSR:BSCLS::11379741,BS CLOSURE,IPL,,LACC_ATRENCH_C,NEVLSK,,LCPLSK02,SASKTEL,2020,,100049,,809250,,MEYEB2,2021-03-24T16:40:51,RAVAG1,2023-11-02T20:51:27
Structure1_WGS84/124556,0101000000F42EC9F4D0295AC0400E474DB7324940,CLOSR:BSCLS:C199103,BS CLOSURE,ABD,,LACC_APLOWED_C,REGNSK,,REGNSK03,SASKTEL,,,100049,,,,,,ADELL2,2018-10-25T02:04:27
Structure1_WGS84/124685,0101000000BC6D0B6E42195AC04857AEF9E93D4940,CLOSR:BSCLS::11405661,BS CLOSURE,IPL,,LACC_ATRENCH_C,REGNSK,,PLBTSK01,SASKTEL,2021,,100049,,812053,,HOLTA1,2021-04-07T12:48:45,MCKED4,2021-10-15T09:42:15
Structure1_WGS84/124717,0101000000DC0FBE7E68025AC088AB8A1061644940,CLOSR:BSCLS:C136448,BS CLOSURE,IPL,,LACC_ATRENCH_C,FTQPSK,,SBIRSK01,SASKTEL,,,100049,,,,,,MCCAT1,2024-06-21T09:06:54
Structure1_WGS84/124735,01010000001C9CEDA993275AC0582E5B25B72E4940,CLOSR:BSCLS:C303597,BS CLOSURE,ABD,,LACC_APLOWED_C,REGNSK,,REGNSK03,SASKTEL,,,100049,,,,,,PALGS1,2019-08-23T04:14:03
Structure1_WGS84/124736,010100000058F2594D802A5AC020248414EA304940,CLOSR:BSCLS:C225551,BS CLOSURE,ABD,,LACC_APLOWED_F,REGNSK,,REGNSK03,SASKTEL,,,100049,,,,,,PALGS1,2019-08-23T02:19:20
Structure1_WGS84/124744,0101000000ACA65FE081275AC0F0177176B52E4940,CLOSR:BSCLS::8997629,BS CLOSURE,IPL,,LACC_APLOWED_F,REGNSK,,REGNSK03,SASKTEL,2016,30M EAST OF PROPERTY LINE,100049,,984239,,,,PALGS1,2019-08-23T04:08:25
Structure1_WGS84/124809,01010000004CEB43D21F3C5AC0804DE489ED4E4940,CLOSR:BSCLS:C98437,BS CLOSURE,IPL,,LACC_APLOWED_C,LMSDSK,,LMSDSK01,SASKTEL,,,100049,,,,,,PALGS1,2019-09-13T03:29:52
Structure1_WGS84/124824,010100000048C860F5A2245AC05091FF13ED3A4940,CLOSR:BSCLS:C202673,BS CLOSURE,ABD,,LACC_ATRENCH_C,REGNSK,,REGNSK01,SASKTEL,,,100049,,,,,,BALLB1,2019-04-24T00:47:46
Structure1_WGS84/124825,0101000000CCC75EEAE5D859C0C0130413A83A4940,CLOSR:BSCLS:C147536,BS CLOSURE,IPL,,LACC_APLOWED_F,WLSLSK,,WLSLSK01,SASKTEL,,GP R-20,100049,,,,,,KAURP3,2019-09-17T12:14:41
Structure1_WGS84/124858,0101000000A4DDF4D6FC435AC0583670FDB7014940,CLOSR:BSCLS:C74253,BS CLOSURE,IPL,,LACC_APLOWED_C,AVNLSK,,AVNLSK01,SASKTEL,,,100049,,,,,,BALLB1,2019-06-12T01:48:15
Structure1_WGS84/124870,010100000080A7897150345AC020A3A18BF55A4940,LOSR:BSCLS::10856555,BS CLOSURE,ABD,,LACC_APLOWED_F,LMSDSK,,CRVNSK04,SASKTEL,2020,,100049,,809078,,KLETR1,2020-04-16T13:42:11,KLETR1,2024-03-15T14:30:32
Structure1_WGS84/124917,01010000004CC1A559BCD95AC070330624411C4940,CLOSR:BSCLS:C510053,BS CLOSURE,IPL,,LACC_APLOWED_C,NDPTSK,,HLNQSK01,SASKTEL,,,100049,,,,,,CHENR1,2021-10-25T08:36:48
Structure1_WGS84/124978,010100000030CFB9F70A215AC0606DD5E0437D4940,CLOSR:BSCLS::12298442,BS CLOSURE,IPL,,LACC_APLOWED_C,STHYSK,,STHYSK01,SASKTEL,2023,,100049,,818505,,ESLIG1,2022-08-24T09:07:59,DASIL1,2024-10-17T03:41:18
Structure1_WGS84/124997,01010000007CDEE04D2F075AC0D8958E8D4E0D4940,CLOSR:BSCLS:C74318,BS CLOSURE,ABD,,LACC_APLOWED_F,SDLYSK,,SDLYSK02,SASKTEL,,,100049,,,,,,PALGS1,2019-04-04T23:55:24
Structure1_WGS84/125009,010100000028DB6B67B69D59C0381F68E9F0304940,CLOSR:BSCLS:C152129,BS CLOSURE,IPL,,LACC_APLOWED_F,BRVWSK,,BRVWSK01,SASKTEL,,3H-17,100049,,,,,,PALGS1,2019-04-10T00:17:45
Structure1_WGS84/125010,01010000005CD5381F27E159C0400C996AA7424940,CLOSR:BSCLS:C129155,BS CLOSURE,IPL,,LACC_APLOWED_F,INHDSK,,INHDSK01,SASKTEL,,,100049,,,,,,PALGS1,2019-04-08T22:01:16
Structure1_WGS84/125287,0101000000CC5D2903BBAF59C090370055BB0D4940,CLOSR:BSCLS:C149486,BS CLOSURE,IPL,,LACC_APLOWED_C,WNDTSK,,WNDTSK01,SASKTEL,,,100049,,,,,,PALGS1,2019-12-03T21:53:51
Structure1_WGS84/125315,01010000008495971D9E8D59C0B062228C3C354940,CLOSR:BSCLS:C145207,BS CLOSURE,IPL,,LACC_APLOWED_C,WHWDSK,,WHWDSK01,SASKTEL,,,100049,,,,,,PALGS1,2019-11-25T00:07:42
Structure1_WGS84/125442,0101000000D86F9CFD09FE59C06867680ED95D4940,CLOSR:BSCLS:C141091,BS CLOSURE,IPL,,LACC_APLOWED_C,FTQPSK,,FTQPSK01,SASKTEL,,,100049,,,,,,KAURP3,2020-09-22T23:07:26
Structure1_WGS84/125619,0101000000A802C2427EEF59C0E827248531434940,CLOSR:BSCLS:C126866,BS CLOSURE,IPL,,LACC_APLOWED_C,INHDSK,,INHDSK01,SASKTEL,,,100049,,,,,,GORRS2,2019-12-20T10:42:43
Structure1_WGS84/125630,0101000000885E1678068459C0E85BAA3581F34840,CLOSR:BSCLS:C160710,BS CLOSURE,IPL,,LACC_APLOWED_C,WAWTSK,,WAWTSK01,SASKTEL,,,100049,,,,,,OUGAB1,2019-12-13T03:35:31
Structure1_WGS84/125655,010100000054ED263A23F65AC000B2ECC3E6244940,CLOSR:BSCLS:C542112,BS CLOSURE,IPL,,LACC_ATRENCH_C,SWCRSK,,SWCRSK02,SASKTEL,,,100049,,,,,,DASAS1,2020-04-23T04:06:22
Structure1_WGS84/125710,010100000098FB4E0D60085AC0C8B4BC33194B4940,CLOSR:BSCLS:C162346,BS CLOSURE,IPL,,LACC_APLOWED_F,BLGNSK,,EDNWSK01,SASKTEL,,GP OH-08,100049,,,,,,CHENR1,2022-01-05T09:11:13
Structure1_WGS84/125714,01010000007CD9FB5C06225AC098CD9256B5144940,CLOSR:BSCLS::8272816,BS CLOSURE,IPL,,LACC_APLOWED_C,REGNSK,,ESTLSK01,SASKTEL,2014,,100049,,977173,,,,CHENR1,2022-01-20T08:45:21
Structure1_WGS84/125733,0101000000E4A4FC46C9595AC018742090B0934940,CLOSR:BSCLS:C87572,BS CLOSURE,IPL,,LACC_APLOWED_C,LBRTSK,,LBRTSK02,SASKTEL,,,100049,,,,,,DASAS1,2020-07-13T05:22:20
Structure1_WGS84/125739,01010000007CFAAC8BABCA59C0D09BEC340C0B4940,CLOSR:BSCLS:C130042,BS CLOSURE,IPL,,LACC_APLOWED_C,GLNVSK,,GLNVSK01,SASKTEL,,,100049,,,,,,CHENR1,2020-03-04T10:44:16
Structure1_WGS84/125760,0101000000648A70FB74305AC0D0B330E324494940,CLOSR:BSCLS:C198146,BS CLOSURE,IPL,,LACC_APLOWED_C,REGNSK,,CONDSK03,SASKTEL,,,100049,,,,,,CHENR1,2021-12-25T07:45:28
Structure1_WGS84/125802,01010000008478A226C50D5AC0E8D1A1012C8C4940,CLOSR:BSCLS:C101348,BS CLOSURE,IPL,,LACC_APLOWED_C,CUPRSK,,CUPRSK02,SASKTEL,,,100049,,,,,,CHENR1,2021-12-27T09:16:21
Structure1_WGS84/125838,01010000002C10A90E9EB35AC0C0438548983D4940,CLOSR:BSCLS:C507137,BS CLOSURE,IPL,,LACC_APLOWED_C,MORSSK,,ENFLSK02,SASKTEL,,,100049,,,,,,CHENR1,2022-01-06T06:45:54
Structure1_WGS84/125900,0101000000E8F2AB0E002C5AC020BD34F4781C4940,CLOSR:BSCLS:C193579,BS CLOSURE,IPL,,LACC_APLOWED_C,REGNSK,,ESTLSK01,SASKTEL,,,100049,,,,,,CHENR1,2022-01-20T08:45:18
Structure1_WGS84/125903,01010000008C454CE936CE59C0E8ABB698681C4940,CLOSR:BSCLS:C169988,BS CLOSURE,IPL,,LACC_APLOWED_C,MTMRSK,,CNDCSK01,SASKTEL,,,100049,,,,,,CHENR1,2021-12-25T03:09:52
Structure1_WGS84/125905,010100000050E439F0842B5AC058521F9C9D454940,CLOSR:BSCLS:C214297,BS CLOSURE,IPL,,LACC_APLOWED_C,REGNSK,,CONDSK03,SASKTEL,,,100049,,,,,,CHENR1,2021-12-25T07:45:33
Structure1_WGS84/125977,0101000000D8B6E02672045AC0C8F5DCCD49334940,CLOSR:BSCLS:C161301,BS CLOSURE,IPL,,LACC_APLOWED_F,BLGNSK,,DAVNSK01,SASKTEL,,,100049,,,,,,CHENR1,2021-12-28T08:12:12
Structure1_WGS84/126051,01010000008C01375D9FF85AC040694C4E4E2F4940,CLOSR:BSCLS:C548639,BS CLOSURE,IPL,,LACC_APLOWED_C,SWCRSK,,SWCRSK22,SASKTEL,,,100049,,,,,,CHENR1,2022-01-27T04:18:54
Structure1_WGS84/126065,010100000020F7F5F57C515BC0D002056242E24840,CLOSR:BSCLS:C561130,BS CLOSURE,IPL,,LACC_APLOWED_C,MPCKSK,,MPCKSK06,SASKTEL,,,100049,,,,,,CHENR1,2022-02-24T09:05:19
Structure1_WGS84/126083,01010000004C0DB31EFED55AC040D663FADC494940,CLOSR:BSCLS:C541216,BS CLOSURE,IPL,,LACC_APLOWED_C,HRBRSK,,MNCTSK01,SASKTEL,,,100049,,,,,,CHENR1,2022-02-22T03:43:29
Structure1_WGS84/126104,0101000000DC2092D5B8AB59C0B8235E699C4B4940,CLOSR:BSCLS:C170419,BS CLOSURE,IPL,,LACC_APLOWED_C,BRVWSK,,MARLSK01,SASKTEL,2012,,100049,,961744,,,,CHENR1,2022-03-14T03:12:06
Structure1_WGS84/126136,01010000009463D87FC2135AC0C0E791F011A74940,CLOSR:BSCLS:C109051,BS CLOSURE,IPL,,LACC_APLOWED_C,PNCHSK,,GNIRSK01,SASKTEL,,,100049,,,,,,CHENR1,2022-02-03T07:10:09
Structure1_WGS84/126139,0101000000380EF605D8145AC06880086773A64940,CLOSR:BSCLS::8276350,BS CLOSURE,IPL,,LACC_APLOWED_C,PNCHSK,,GNIRSK01,SASKTEL,2014,,100049,,,,,,CHENR1,2022-02-03T07:10:09
Structure1_WGS84/126156,0101000000FC435D18871D5BC0C874BA292EF74840,CLOSR:BSCLS:C527050,BS CLOSURE,ABD,,LACC_APLOWED_F,GLLKSK,,GLLKSK04,SASKTEL,,35m cl,100049,,,,,,CHENR1,2022-02-03T05:02:21
Structure1_WGS84/126184,0101000000346D26DC74145AC098822BC9CF3A4940,CLOSR:BSCLS:C173784,BS CLOSURE,ABD,,LACC_APLOWED_C,REGNSK,,WHCYSK01,SASKTEL,,,100049,,,,,,CHENR1,2022-04-27T06:54:30
Structure1_WGS84/126212,01010000005402A17671245AC028BCEB76FA504940,CLOSR:BSCLS:C223499,BS CLOSURE,IPL,,LACC_APLOWED_C,REGNSK,,KNNLSK01,SASKTEL,,,100049,,,,,,CHENR1,2022-03-10T03:03:48
Structure1_WGS84/126224,0101000000F0ADCDCE1B165AC0D0B48E8E51374940,CLOSR:BSCLS:C170081,BS CLOSURE,IPL,,LACC_APLOWED_C,REGNSK,,WHCYSK01,SASKTEL,,,100049,,,,,,CHENR1,2022-04-27T06:55:56
Structure1_WGS84/126240,0101000000584EBBF898275AC0B0CEC1381A5B4940,CLOSR:BSCLS:C215369,BS CLOSURE,IPL,,LACC_APLOWED_C,REGNSK,,KNNLSK01,SASKTEL,,,100049,,,,,,CHENR1,2022-03-10T03:03:47
Structure1_WGS84/126245,0101000000FC3A3FDE2E285AC0687C535668544940,CLOSR:BSCLS:C217727,BS CLOSURE,IPL,,LACC_APLOWED_C,REGNSK,,KNNLSK01,SASKTEL,,,100049,,,,,,CHENR1,2022-03-10T03:03:49
Structure1_WGS84/126293,0101000000B4BC5ED9469F59C010037DBFE43B4940,CLOSR:BSCLS:C120141,BS CLOSURE,IPL,,LACC_APLOWED_C,BRVWSK,,KIRVSK01,SASKTEL,,,100049,,,,,,CHENR1,2022-03-09T09:07:04
Structure1_WGS84/126336,010100000038FAF7CA106F5BC040817B611C064940,CLOSR:BSCLS:C520476,BS CLOSURE,IPL,,LACC_APLOWED_C,MPCKSK,,HTTNSK01,SASKTEL,,,100049,,,,,,CHENR1,2022-03-03T06:11:45
Structure1_WGS84/126381,0101000000C8982FEDA3CD5AC020799A7879134940,CLOSR:BSCLS:C570345,BS CLOSURE,IPL,,LACC_APLOWED_C,HDVLSK,,HDVLSK01,SASKTEL,,,100049,R412 P5A,,,,,CHENR1,2022-03-03T00:03:22
Structure1_WGS84/126405,010100000098002365343C5BC0A04191FB11EB4840,CLOSR:BSCLS:C529313,BS CLOSURE,IPL,,LACC_APLOWED_C,PIPTSK,,SLCKSK01,SASKTEL,,,100049,,,,,,CHENR1,2022-04-07T04:19:59
Structure1_WGS84/126462,010100000074430BEACA1B5AC0681B80C6B2414940,CLOSR:BSCLS:C199729,BS CLOSURE,IPL,,LACC_APLOWED_C,REGNSK,,PLBTSK01,SASKTEL,,,100049,,,,,,CHENR1,2022-03-18T04:03:43
Structure1_WGS84/126463,0101000000F880873C9E375AC07851997431524940,CLOSR:BSCLS:C112503,BS CLOSURE,IPL,,LACC_ATRENCH_C,LMSDSK,,LMSDSK01,SASKTEL,,,100049,,,,,,IHMED1,2016-11-22T12:06:15
Structure1_WGS84/126489,010100000064D7B85CAF1B5AC0900F954193634940,CLOSR:BSCLS::7392875,BS CLOSURE,IPL,,LACC_APLOWED_C,,,PPIRSK01,SASKTEL,2013,,100049,,970415,,,,CHENR1,2022-03-18T04:48:20
Structure1_WGS84/126498,010100000074875BD84F0E5AC050E2C2DAC8BC4940,CLOSR:BSCLS:C108665,BS CLOSURE,IPL,,LACC_APLOWED_C,PNCHSK,,PMIRSK01,SASKTEL,,,100049,,,,,,CHENR1,2022-03-18T04:28:10
Structure1_WGS84/126527,01010000008C1DF67039105AC0B04A015A14514940,LOSR:BSCLS::11227082,BS CLOSURE,IPL,,LACC_ATRENCH_C,BLGNSK,,EDNWSK01,SASKTEL,2020,,100049,,812027,,LUBIT1,2020-12-04T12:23:45,LUBIT1,2022-03-11T14:05:53
Structure1_WGS84/126549,010100000070C7D0EEE6D359C0589781A7A96D4940,CLOSR:BSCLS:C120498,BS CLOSURE,IPL,,LACC_APLOWED_C,BLCRSK,,PSIRSK01,SASKTEL,,,100049,,,,,,CHENR1,2022-03-21T08:13:20
Structure1_WGS84/126596,01010000004453D66C6EF759C0A84FDCD8C96B4940,CLOSR:BSCLS:C138287,BS CLOSURE,IPL,,LACC_APLOWED_C,FTQPSK,,SBIRSK01,SASKTEL,,,100049,,,,,,CHENR1,2022-03-30T07:09:41
Structure1_WGS84/126711,0101000000E863CCCA47235AC01031FF3762394940,CLOSR:BSCLS:C180986,BS CLOSURE,ABD,,LACC_ATRENCH_C,REGNSK,,REGNSK46,SASKTEL,,,100049,,,,,,CHENR1,2022-03-26T02:07:00
Structure1_WGS84/126714,01010000003C96D3D85D1E5AC04895943A4F394940,CLOSR:BSCLS:C163043,BS CLOSURE,ABD,,LACC_APLOWED_C,REGNSK,,REGNSK46,SASKTEL,,,100049,,,,,,CHENR1,2022-03-26T02:10:11
Structure1_WGS84/126846,01010000002425DAE191225AC0081E32943C384940,CLOSR:BSCLS:C161790,BS CLOSURE,IPL,,LACC_ATRENCH_C,REGNSK,,REGNSK45,SASKTEL,,,100049,,,,,,CHENR1,2022-04-08T07:37:22
Structure1_WGS84/126910,01010000007C531945BD7259C078DA4AB7BE3B4940,CLOSR:BSCLS::6373914,BS CLOSURE,IPL,,LACC_APLOWED_C,TNTLSK,,TNTLSK01,SASKTEL,2012,,100049,,0,,,,CHENR1,2022-04-19T03:32:28
Structure1_WGS84/127006,0101000000FC94D909B7D659C0C8E726E871794940,CLOSR:BSCLS:C174928,BS CLOSURE,IPL,,LACC_APLOWED_C,BLCRSK,,SRIRSK02,SASKTEL,,,100049,,,,,,CHENR1,2022-04-14T22:40:14
Structure1_WGS84/127055,010100000054B59FEAE2F559C0D856C467AD5C4940,CLOSR:BSCLS:C143735,BS CLOSURE,IPL,,LACC_APLOWED_C,FTQPSK,,FTQPSK01,SASKTEL,,,100049,,,,,,DUNLM1,2023-04-18T13:07:57
Structure1_WGS84/127119,0101000000D085210A37225AC0D88522C1BA364940,CLOSR:BSCLS:C215396,BS CLOSURE,IPL,,LACC_ATRENCH_C,REGNSK,,REGNSK45,SASKTEL,,,100049,,,,,,CHENR1,2022-04-08T07:34:41
Structure1_WGS84/127169,010100000000909E18357B59C0886911847DDC4840,CLOSR:BSCLS:C141051,BS CLOSURE,ABD,,LACC_APLOWED_C,WAWTSK,,WAWTSK02,SASKTEL,,,100049,,,,,,CHENR1,2022-04-26T06:48:24
Structure1_WGS84/127912,010100000090939D3F0CEA59C07048EB8E96714940,CLOSR:BSCLS:C171246,BS CLOSURE,IPL,,LACC_APLOWED_C,BLCRSK,,BLCRSK01,SASKTEL,,,100049,,,,,,IHMED1,2016-11-24T14:25:41
Structure1_WGS84/128109,01010000004C5BF3485B9359C02851928F4C024940,CLOSR:BSCLS::6377756,BS CLOSURE,IPL,,LACC_APLOWED_C,KNDYSK,,KNDYSK01,SASKTEL,,,100049,,,,,,IHMED1,2016-11-17T14:58:32
Structure1_WGS84/128183,010100000024BCA6353D295BC0587BCA97BB0B4940,CLOSR:BSCLS:C571529,BS CLOSURE,IPL,,LACC_APLOWED_F,GLLKSK,,GLLKSK01,SASKTEL,,25.5M CL,100049,,,,,,IHMED1,2016-11-14T09:01:54
Structure1_WGS84/128206,0101000000E4440E53730D5AC0384F846097794940,CLOSR:BSCLS:C87800,BS CLOSURE,IPL,,LACC_APLOWED_C,CUPRSK,,CUPRSK01,SASKTEL,,,100049,,,,,,IHMED1,2016-11-23T15:28:12
Structure1_WGS84/128212,01010000001872F72FCCDC59C018F3F57ACC394940,CLOSR:BSCLS:C126167,BS CLOSURE,IPL,,LACC_APLOWED_C,SNTLSK,,SNTLSK01,SASKTEL,,,100049,,,,,,,
Structure1_WGS84/128241,0101000000DCE5F93E62B059C0A8D827A669144940,CLOSR:BSCLS:C148317,BS CLOSURE,IPL,,LACC_APLOWED_C,WNDTSK,,WNDTSK01,SASKTEL,,,100049,,,,,,IHMED1,2016-11-18T12:01:38
Structure1_WGS84/128257,0101000000884DEC20BDB859C000ADBB44B8334940,CLOSR:BSCLS:C143763,BS CLOSURE,IPL,,LACC_APLOWED_F,GRNFSK,,GRNFSK01,SASKTEL,,,100049,,,,,,IHMED1,2016-11-18T13:03:05
Structure1_WGS84/128263,0101000000742C6F7419265AC078233351A3334940,CLOSR:BSCLS:C180296,BS CLOSURE,ABD,,LACC_APLOWED_C,REGNSK,,REGNSK03,SASKTEL,,,100049,,,,,,,
Structure1_WGS84/128264,010100000084534ECAD0125AC070D0E62453274940,CLOSR:BSCLS:C167391,BS CLOSURE,IPL,,LACC_APLOWED_C,REGNSK,,REGNSK01,SASKTEL,,,100049,,,,,,,
Structure1_WGS84/128384,01010000004C6A983CC6285AC0084DE7370A334940,CLOSR:BSCLS:C180659,BS CLOSURE,IPL,,LACC_APLOWED_C,REGNSK,,REGNSK03,SASKTEL,,,100049,,,,,,,
Structure1_WGS84/128399,0101000000C016C7F0942B5AC018C253FD873F4940,CLOSR:BSCLS:C219098,BS CLOSURE,IPL,,LACC_ATRENCH_C,REGNSK,,REGNSK04,SASKTEL,,,100049,,,,,,,
Structure1_WGS84/128401,01010000001007E0D10C275AC04843715AFF3E4940,CLOSR:BSCLS:C225604,BS CLOSURE,IPL,,LACC_APLOWED_C,REGNSK,,REGNSK04,SASKTEL,,,100049,,,,,,,
Structure1_WGS84/128410,0101000000FC777776EF225AC0C0F46EAD28494940,CLOSR:BSCLS:C214216,BS CLOSURE,ABD,,LACC_APLOWED_C,REGNSK,,REGNSK04,SASKTEL,,,100049,,,,,,,
Structure1_WGS84/128572,010100000068570F026CEB59C008CCA38585434940,CLOSR:BSCLS:C120902,BS CLOSURE,IPL,,LACC_APLOWED_C,INHDSK,,INHDSK01,SASKTEL,,,100049,,,,,,IHMED1,2016-11-24T13:36:10
Structure1_WGS84/128585,0101000000FCE2C8ECF4265AC040AE9003C0384940,CLOSR:BSCLS:C166171,BS CLOSURE,IPL,,LACC_APLOWED_C,REGNSK,,REGNSK01,SASKTEL,,,100049,,,,,,,
Structure1_WGS84/128641,010100000078E52B95D85A5BC0800EBAF1DF4C4940,CLOSR:BSCLS:C527278,BS CLOSURE,IPL,,LACC_APLOWED_C,FXVYSK,,FXVYSK01,SASKTEL,,,100049,,,,,,,
Structure1_WGS84/128642,01010000002CFB05533E6B59C0C03FD0378D314940,CLOSR:BSCLS:C167733,BS CLOSURE,IPL,,LACC_APLOWED_C,RCVLSK,,RCVLSK01,SASKTEL,,,100049,,,,,,IHMED1,2016-11-17T09:55:27
Structure1_WGS84/128652,0101000000D86CE1B6EC115AC0382B59BD9FAE4940,CLOSR:BSCLS:C103907,BS CLOSURE,IPL,,LACC_APLOWED_C,PNCHSK,,PNCHSK01,SASKTEL,,,100049,,,,,,IHMED1,2016-11-23T11:30:59
Structure1_WGS84/128655,0101000000E00C95E418CC5AC0C021CF266E004940,CLOSR:BSCLS:C496400,BS CLOSURE,IPL,,LACC_APLOWED_C,VNGRSK,,VNGRSK01,SASKTEL,,,100049,,,,,,,
Structure1_WGS84/128691,010100000044A18BA482265AC0E0373974E1364940,CLOSR:BSCLS:C171796,BS CLOSURE,ABD,,LACC_ATRENCH_C,REGNSK,,REGNSK01,SASKTEL,,,100049,,,,,,,
Structure1_WGS84/128810,01010000005481BD3699005AC0403E41FFD0174940,CLOSR:BSCLS:C71718,BS CLOSURE,IPL,,LACC_APLOWED_C,SDLYSK,,SDLYSK02,SASKTEL,,,100049,,,,,,IHMED1,2016-11-22T08:58:47
Structure1_WGS84/128813,0101000000608119CD76E959C0A872594039434940,CLOSR:BSCLS:C127753,BS CLOSURE,IPL,,LACC_APLOWED_C,INHDSK,,INHDSK01,SASKTEL,,,100049,,,,,,IHMED1,2016-11-24T13:36:28
Structure1_WGS84/128826,0101000000846D682327D859C000B717D337554940,CLOSR:BSCLS:C119159,BS CLOSURE,IPL,,LACC_APLOWED_C,ABRNSK,,ABRNSK01,SASKTEL,,,100049,,,,,,IHMED1,2016-11-24T14:41:15
Structure1_WGS84/128843,0101000000C4C1E77F20245BC0B0DE5282494D4940,CLOSR:BSCLS:C510838,BS CLOSURE,IPL,,LACC_APLOWED_C,CABRSK,,CABRSK01,SASKTEL,,,100049,,,,,,,
Structure1_WGS84/128847,0101000000686D17237D6B59C010E6090025144940,CLOSR:BSCLS:C147032,BS CLOSURE,IPL,,LACC_APLOWED_C,MSMNSK,,MSMNSK01,SASKTEL,,,100049,,,,,,IHMED1,2016-11-17T09:23:07
Structure1_WGS84/128903,010100000074A34BDC43265AC0D0E107A5B7414940,CLOSR:BSCLS::7969115,BS CLOSURE,ABD,,LACC_APLOWED_C,REGNSK,,REGNSK04,SASKTEL,2014,,100049,,976099,,,,,
Structure1_WGS84/129023,0101000000C089C210D4725AC090BFDF9508814940,CLOSR:BSCLS:C106173,BS CLOSURE,IPL,,LACC_APLOWED_C,CRAKSK,,CRAKSK01,SASKTEL,,,100049,,,,,,IHMED1,2016-11-22T14:37:26
Structure1_WGS84/129109,01010000004026358E3A175AC070E3EE9702394940,CLOSR:BSCLS:C165435,BS CLOSURE,ABD,,LACC_ATRENCH_C,REGNSK,,WHCYSK01,SASKTEL,,,100049,,,,,,VENKD1,2025-02-09T22:25:36
Structure1_WGS84/129284,0101000000AC7BE23B3CC35AC0900C2AF88DF94840,CLOSR:BSCLS:C502100,BS CLOSURE,IPL,,LACC_APLOWED_C,HDVLSK,,HDVLSK01,SASKTEL,,,100049,R321 P5,,,,,KATRR1,2019-02-26T07:29:10
Structure1_WGS84/129349,01010000008CCD72FFAF1F5BC0B87525D915064940,CLOSR:BSCLS:C520875,BS CLOSURE,ABD,,LACC_APLOWED_C,GLLKSK,,GLLKSK01,SASKTEL,,,100049,,,,,,FATHF1,2018-04-09T04:04:13
Structure1_WGS84/129379,01010000005CB160C4B9B459C0C8B892524DF14840,CLOSR:BSCLS::9599563,BS CLOSURE,IPL,,LACC_APLOWED_C,WNDTSK,,CRNGSK01,SASKTEL,2018,,100049,,802480,,DEGEH1,2017-07-19T15:35:37,RAVAG1,2023-11-02T20:18:28
Structure1_WGS84/129494,01010000004419DC9CCBA659C09054C5125E3E4940,LOSR:BSCLS::11154447,BS CLOSURE,IPL,,LACC_ATRENCH_C,BRVWSK,,KIRVSK01,SASKTEL,2020,,100049,,811159,,KAURP3,2020-09-23T17:34:41,KAURP3,2021-04-30T00:23:05
Structure1_WGS84/129510,0101000000A48177D634095BC0D0158B9DB8184940,CLOSR:BSCLS:C512231,BS CLOSURE,IPL,,LACC_APLOWED_F,WEBBSK,,WEBBSK02,SASKTEL,,,100049,,,,,,BALLB1,2019-03-21T00:53:35
Structure1_WGS84/129548,01010000009C873B607C035AC0000F71B83E884940,CLOSR:BSCLS::9975244,BS CLOSURE,IPL,,LACC_APLOWED_C,DYSRSK,,DYSRSK01,SASKTEL,2018,,100049,,802029,,KAURP3,2018-05-31T10:20:35,RAVAG1,2023-11-02T20:18:29
Structure1_WGS84/129641,0101000000681D9E23071A5AC050F71C5395634940,CLOSR:BSCLS::9888525,BS CLOSURE,IPL,,LACC_APLOWED_C,REGNSK,,PPIRSK01,SASKTEL,2018,,100049,,803619,,KAURP3,2018-04-05T10:09:30,KAURP3,2018-09-20T08:57:56
Structure1_WGS84/129676,01010000006466C99001025AC0A8992E91B9924940,CLOSR:BSCLS::9426461,BS CLOSURE,IPL,,LACC_APLOWED_C,DYSRSK,,DYSRSK01,SASKTEL,2017,,100049,,801718,,LUBIT1,2017-03-23T16:26:20,ESLIG1,2018-06-12T13:56:40
Structure1_WGS84/129678,0101000000F4C94F7F3D265AC09871B5E3403E4940,CLOSR:BSCLS:C218949,BS CLOSURE,IPL,,LACC_ATRENCH_C,REGNSK,,REGNSK12,SASKTEL,,NOT IN MARTIENS,100049,,,,,,BINGA1,2024-02-27T01:58:44
Structure1_WGS84/129680,01010000006C693725790C5AC0807F32AF6B7F4940,CLOSR:BSCLS::12336844,BS CLOSURE,IPL,,LACC_ATRENCH_C,CUPRSK,,CUPRSK01,SASKTEL,2022,,100049,,818733,,LUBIT1,2022-09-15T15:15:28,THUND1,2024-02-21T22:07:41
Structure1_WGS84/129724,0101000000FC62F88087ED5AC090C26AA36FDC4840,CLOSR:BSCLS:C514994,BS CLOSURE,IPL,,LACC_APLOWED_C,CDLCSK,,CDLCSK01,SASKTEL,,,100049,,,,,,VUDUP1,2019-02-22T13:22:42
Structure1_WGS84/129803,01010000001CC1BDCD436B59C09807B7EFB0134940,CLOSR:BSCLS:C151990,BS CLOSURE,ABD,,LACC_ATRENCH_C,MSMNSK,,MSMNSK01,SASKTEL,,,100049,,,,,,KAURP3,2018-08-13T12:18:52
Structure1_WGS84/129966,0101000000EC1E1AC203265BC0E80BB2B680F54840,CLOSR:BSCLS::13088523,BS CLOSURE,IPL,,LACC_APLOWED_C,GLLKSK,,GLLKSK04,SASKTEL,2024,,100049,,822957,,KAURR2,2023-12-06T09:53:28,POTIT1,2024-08-28T00:01:29
Structure1_WGS84/129977,010100000090682A0DBA7259C0F89EC3AFAA3B4940,CLOSR:BSCLS:C163865,BS CLOSURE,IPL,,LACC_APLOWED_F,RCVLSK,,RCVLSK01,SASKTEL,,,100049,,,,,,PALGS1,2019-04-29T01:51:05
Structure1_WGS84/130000,0101000000E8A1B35594195BC04040726321CE4840,CLOSR:BSCLS:C527638,BS CLOSURE,IPL,,LACC_APLOWED_C,SHNVSK,,SHNVSK01,SASKTEL,,,100049,,,,,,GORRS2,2019-06-25T06:46:16
Structure1_WGS84/130013,010100000064685F2098275AC07002683B36324940,CLOSR:BSCLS:C178173,BS CLOSURE,IPL,,LACC_APLOWED_F,REGNSK,,REGNSK03,SASKTEL,,,100049,,,,,,ADELL2,2018-09-27T23:52:31
Structure1_WGS84/130060,0101000000B8593FDA188059C0603780AC17F14840,CLOSR:BSCLS::9825804,BS CLOSURE,IPL,,LACC_APLOWED_C,WAWTSK,,WAWTSK01,SASKTEL,2018,,100049,,803660,,HOLTA1,2018-02-05T12:49:15,PALGS1,2019-01-09T21:20:21
Structure1_WGS84/130106,01010000001C8BA4456C275AC0B8FE9A6F6E4A4940,CLOSR:BSCLS:C208898,BS CLOSURE,IPL,,LACC_APLOWED_F,REGNSK,,REGNSK04,SASKTEL,,,100049,,,,,,PALGS1,2019-09-13T03:12:49
Structure1_WGS84/130115,0101000000B4AB1BE51CDE59C060562A4085674940,CLOSR:BSCLS:C171427,BS CLOSURE,IPL,,LACC_APLOWED_C,BLCRSK,,BLCRSK01,SASKTEL,,,100049,,,,,,BALLB1,2019-07-26T04:04:00
Structure1_WGS84/130127,01010000001001776E742D5AC0108F9E710D3C4940,CLOSR:BSCLS::9704203,BS CLOSURE,IPL,,LACC_ATRENCH_C,REGNSK,,REGNSK01,SASKTEL,2017,,100049,,803039,,BOHLC2,2017-10-04T17:30:41,BALLB1,2019-09-03T04:33:07
Structure1_WGS84/130139,0101000000A0212A2736A659C0E8C19E62543F4940,CLOSR:BSCLS::12380042,BS CLOSURE,IPL,,LACC_APLOWED_C,BRVWSK,,KIRVSK01,SASKTEL,2022,,100049,,818677,,MADUC1,2022-10-05T09:56:46,MADUC1,2023-01-17T15:48:42
Structure1_WGS84/130151,01010000009C4C8A2CA52B5BC030BA288C034E4940,CLOSR:BSCLS:C513850,BS CLOSURE,IPL,,LACC_APLOWED_C,CABRSK,,CABRSK01,SASKTEL,,,100049,,,,,,DASAS1,2018-10-15T13:19:37
Structure1_WGS84/130171,0101000000643F57FDDF225AC05895491C58974940,CLOSR:BSCLS::12612362,BS CLOSURE,IPL,,LACC_APLOWED_C,RYMRSK,,RYMRSK01,SASKTEL,2022,,100049,,816709,,KAURR2,2023-02-10T13:49:43,POTIT1,2023-09-25T04:23:03
Structure1_WGS84/130213,0101000000407BFCABD5CF5AC028EED3B96ED74840,CLOSR:BSCLS:C568850,BS CLOSURE,IPL,,LACC_APLOWED_C,ANRDSK,,ANRDSK01,SASKTEL,,,100049,,,,,,GORRS2,2019-03-18T11:39:21
Structure1_WGS84/130226,0101000000E452E08DDAD759C0608B2739A2094940,CLOSR:BSCLS::9051420,BS CLOSURE,IPL,,LACC_APLOWED_C,MTMRSK,,MTMRSK02,SASKTEL,2016,,100049,,984763,,,,KAURR2,2017-03-23T11:06:09
Structure1_WGS84/130330,0101000000E495E8B5C4255AC0E811A60C823D4940,CLOSR:BSCLS:C234600,BS CLOSURE,IPL,,LACC_ATRENCH_C,REGNSK,,REGNSK12,SASKTEL,,,100049,,,,,,CHENR1,2021-11-23T01:18:41
Structure1_WGS84/130519,0101000000E4E628FB5F315AC080207A9E344F4940,CLOSR:BSCLS:C135433,BS CLOSURE,IPL,,LACC_ATRENCH_F,LMSDSK,,LMSDSK01,SASKTEL,,,100049,,,,,,PALGS1,2019-09-19T01:03:58
Structure1_WGS84/130637,010100000094A3AC51228659C0B8155AF493144940,CLOSR:BSCLS:C114523,BS CLOSURE,IPL,,LACC_APLOWED_C,WPLLSK,,WPLLSK01,SASKTEL,,,100049,,,,,,PALGS1,2019-12-23T03:27:20
Structure1_WGS84/130673,0101000000D832E02C059259C08041CE12DC2B4940,CLOSR:BSCLS:C170896,BS CLOSURE,IPL,,LACC_APLOWED_C,WHWDSK,,WHWDSK01,SASKTEL,,,100049,,,,,,PALGS1,2019-11-28T00:08:44
Structure1_WGS84/130871,0101000000D8B79589DB9159C010BA8B6AB0204940,CLOSR:BSCLS:C136320,BS CLOSURE,IPL,,LACC_APLOWED_C,WHWDSK,,WHWDSK01,SASKTEL,,,100049,,,,,,PALGS1,2019-11-21T00:00:52
Structure1_WGS84/130998,01010000006C50684ACCEF5AC00064E0D455294940,CLOSR:BSCLS:C544799,BS CLOSURE,IPL,,LACC_APLOWED_C,SWCRSK,,SWCRSK02,SASKTEL,,,100049,,,,,,KATRR1,2020-04-23T01:46:19
Structure1_WGS84/131012,010100000028197C71F46359C0F86EB06030E44840,CLOSR:BSCLS:C114477,BS CLOSURE,IPL,,LACC_APLOWED_C,MYFDSK,,MYFDSK01,SASKTEL,,,100049,,,,,,BALLB1,2019-12-20T04:31:19
Structure1_WGS84/131025,0101000000845D6785DA2E5AC048F13EBC1E3C4940,LOSR:BSCLS::10769163,BS CLOSURE,IPL,,LACC_APLOWED_C,REGNSK,,REGNSK01,SASKTEL,2020,,100049,,,,DUNLM1,2020-01-23T07:58:16,DUNLM1,2020-01-23T08:29:46
Structure1_WGS84/131161,01010000001CF17FD51E5D5BC0407FA26BCCDA4840,CLOSR:BSCLS:C530964,BS CLOSURE,IPL,,LACC_APLOWED_C,MPCKSK,,CYHLSK03,SASKTEL,,,100049,,,,,,CHENR1,2021-12-27T09:48:23
Structure1_WGS84/131202,01010000000C96D0AE59335AC0F8E74BD722654940,CLOSR:BSCLS:C77550,BS CLOSURE,IPL,,LACC_APLOWED_C,LMSDSK,,CRVNSK04,SASKTEL,,,100049,,,,,,CHENR1,2021-12-27T05:54:45
Structure1_WGS84/131231,010100000074D4A0813B2D5AC00861F5E765464940,CLOSR:BSCLS:C216711,BS CLOSURE,IPL,,LACC_APLOWED_C,REGNSK,,CONDSK03,SASKTEL,,,100049,,,,,,CHENR1,2021-12-25T07:45:26
Structure1_WGS84/131243,0101000000B8804D8C1B0E5AC08024773BEF5E4940,CLOSR:BSCLS:C92698,BS CLOSURE,IPL,,LACC_APLOWED_C,BLGNSK,,EDNWSK01,SASKTEL,,,100049,,,,,,CHENR1,2022-01-05T09:11:09
Structure1_WGS84/131270,010100000090809EF4E8035AC0287D8B35B9414940,CLOSR:BSCLS:C151780,BS CLOSURE,IPL,,LACC_APLOWED_C,QAPLSK,,MCLNSK03,SASKTEL,,,100049,,,,,,CHENR1,2022-02-17T06:56:32
Structure1_WGS84/131277,010100000010ED14BFCA6C59C008EB8C7D76564940,CLOSR:BSCLS:C79247,BS CLOSURE,ABD,,LACC_APLOWED_C,SYHLSK,,SYHLSK02,SASKTEL,,,100049,,,,,,DUNLM1,2023-05-03T12:20:28
Structure1_WGS84/131322,010100000004AE223EF8275BC008128091ADC64840,CLOSR:BSCLS:C510640,BS CLOSURE,IPL,,LACC_APLOWED_C,SHNVSK,,DLRDSK01,SASKTEL,,,100049,,,,,,CHENR1,2021-12-28T09:11:27
Structure1_WGS84/131411,0101000000ECEC568FAE515BC0704D669B1FE34840,CLOSR:BSCLS:C561088,BS CLOSURE,ABD,,LACC_APLOWED_C,MPCKSK,,MPCKSK06,SASKTEL,,,100049,,,,,,CHENR1,2022-02-24T09:05:16
Structure1_WGS84/131523,0101000000587245C455135AC0E0E9669D36A84940,CLOSR:BSCLS:C108268,BS CLOSURE,IPL,,LACC_APLOWED_C,PNCHSK,,GNIRSK01,SASKTEL,,,100049,,,,,,CHENR1,2022-02-03T07:10:01
Structure1_WGS84/131527,0101000000680C0DA02CCA5AC0789E53BE174D4940,CLOSR:BSCLS:C512118,BS CLOSURE,IPL,,LACC_APLOWED_C,HRBRSK,,GLTWSK01,SASKTEL,,,100049,,,,,,CHENR1,2022-02-03T07:03:22
Structure1_WGS84/131575,0101000000849DD62BF4145AC0D01DA12C5D3A4940,CLOSR:BSCLS:C171255,BS CLOSURE,ABD,,LACC_APLOWED_C,REGNSK,,WHCYSK01,SASKTEL,,,100049,,,,,,CHENR1,2022-04-27T06:56:50
Structure1_WGS84/131789,01010000002821D1645C1C5BC0987FAE9C0EED4840,CLOSR:BSCLS:C527230,BS CLOSURE,ABD,,LACC_APLOWED_C,SHNVSK,,SHNVSK04,SASKTEL,,,100049,,,,,,CHENR1,2022-04-01T08:54:48
Structure1_WGS84/131828,0101000000F88BC6F8551A5AC098F91D16AC3E4940,CLOSR:BSCLS:C193433,BS CLOSURE,IPL,,LACC_APLOWED_C,REGNSK,,PLBTSK01,SASKTEL,,,100049,,,,,,CHENR1,2022-03-18T04:03:49
Structure1_WGS84/131846,010100000088A5ABE80D1C5AC0B844D0339E3B4940,CLOSR:BSCLS:C188793,BS CLOSURE,IPL,,LACC_APLOWED_C,REGNSK,,PLBTSK01,SASKTEL,,,100049,,,,,,CHENR1,2022-03-18T04:02:44
Structure1_WGS84/131876,01010000009469D0D739235AC000593EEE823A4940,CLOSR:BSCLS:C154284,BS CLOSURE,IPL,,LACC_APLOWED_C,REGNSK,,REGNSK46,SASKTEL,,,100049,,,,,,CHENR1,2022-03-26T02:06:56
Structure1_WGS84/131931,0101000000BCE71B2C57D759C0F03C5635F0784940,CLOSR:BSCLS:C124491,BS CLOSURE,IPL,,LACC_APLOWED_C,BLCRSK,,PSIRSK01,SASKTEL,,,100049,,,,,,CHENR1,2022-03-21T08:13:18
Structure1_WGS84/132008,010100000028C74BD41E025AC0085AE4B842644940,CLOSR:BSCLS:C136391,BS CLOSURE,IPL,,LACC_ATRENCH_C,FTQPSK,,SBIRSK01,SASKTEL,,,100049,,,,,,CHENR1,2022-03-30T07:09:39
Structure1_WGS84/132097,0101000000A0DA4A29541D5AC0A87C410B89394940,CLOSR:BSCLS:C160874,BS CLOSURE,ABD,,LACC_APLOWED_C,REGNSK,,REGNSK46,SASKTEL,,,100049,,,,,,CHENR1,2022-03-26T02:10:30
Structure1_WGS84/132105,0101000000888B5F5576235AC0B887B1DD213D4940,CLOSR:BSCLS::7785761,BS CLOSURE,IPL,,LACC_ATRENCH_C,REGNSK,,REGNSK46,SASKTEL,2014,,100049,,974037,,,,CHENR1,2022-03-26T02:07:09
Structure1_WGS84/132264,0101000000381FD8D0F1475AC088B93B3DFF754940,CLOSR:BSCLS:C76649,BS CLOSURE,IPL,,LACC_APLOWED_C,STBGSK,,SBBHSK01,SASKTEL,2000,,100049,,,,,,CHENR1,2022-03-30T06:59:37
Structure1_WGS84/132271,01010000007425551D8A205AC048EBFA68A5344940,CLOSR:BSCLS::9097130,BS CLOSURE,IPL,,LACC_APLOWED_F,REGNSK,,REGNSK45,SASKTEL,2016,"x:534927.751m,y:5584475.884m location of BS.",100049,,983905,,,,CHENR1,2022-04-08T07:36:06
Structure1_WGS84/132273,0101000000C035EB4AD3015BC038C9BF9EC8844940,CLOSR:BSCLS:C349382,BS CLOSURE,IPL,,LACC_APLOWED_C,KYLESK,,TBRSSK01,SASKTEL,,,100049,,,,,,CHENR1,2022-04-19T03:07:10
Structure1_WGS84/132459,01010000002476F5A931225AC0680B5D63B9384940,CLOSR:BSCLS:C160542,BS CLOSURE,IPL,,LACC_ATRENCH_C,REGNSK,,REGNSK45,SASKTEL,,,100049,,,,,,CHENR1,2022-04-08T07:34:34
Structure1_WGS84/132821,010100000074F7C6316E275AC0F0D68D3F1D2C4940,CLOSR:BSCLS::12118637,BS CLOSURE,IPL,,LACC_ATRENCH_C,REGNSK,,REGNSK03,SASKTEL,2022,,100049,,,,MCKED4,2022-06-01T11:05:39,MCKED4,2022-06-01T11:08:02
Structure1_WGS84/133192,0101000000445E4A1BB6505BC0B0411E158D664940,CLOSR:BSCLS:C511656,BS CLOSURE,IPL,,LACC_APLOWED_C,SCPTSK,,SCPTSK01,SASKTEL,,,100049,,,,,,,
Structure1_WGS84/133253,010100000038F7B44959225BC0088A675C7AD34840,CLOSR:BSCLS::7386427,BS CLOSURE,IPL,,LACC_APLOWED_C,SHNVSK,,SHNVSK01,SASKTEL,2013,,100049,,964126,,,,IHMED1,2016-11-14T11:21:21
Structure1_WGS84/133286,0101000000D4616195C6A859C00836AD35D0EF4840,CLOSR:BSCLS:C152035,BS CLOSURE,IPL,,LACC_APLOWED_C,KPNGSK,,KPNGSK01,SASKTEL,,,100049,,,,,,IHMED1,2016-11-18T11:19:15
Structure1_WGS84/133329,0101000000C48F40A2DA6259C00855D5FEA03C4940,CLOSR:BSCLS:C163910,BS CLOSURE,IPL,,LACC_ATRENCH_C,RCVLSK,,RCVLSK01,SASKTEL,,,100049,,,,,,IHMED1,2016-11-17T09:55:27
Structure1_WGS84/133371,010100000008BDF6B355D55AC0F84CC14A20CB4840,CLOSR:BSCLS:C505107,BS CLOSURE,IPL,,LACC_APLOWED_C,ANRDSK,,ANRDSK01,SASKTEL,,,100049,,,,,,IHMED1,2016-11-14T09:54:42
Structure1_WGS84/133383,0101000000141644F32CF45AC0D894B16277244940,CLOSR:BSCLS:C544514,BS CLOSURE,IPL,,LACC_ATRENCH_C,SWCRSK,,SWCRSK02,SASKTEL,,,100049,,,,,,,
Structure1_WGS84/133498,010100000014CFA55A996759C068E39A0591314940,CLOSR:BSCLS:C154744,BS CLOSURE,IPL,,LACC_APLOWED_C,RCVLSK,,RCVLSK01,SASKTEL,,,100049,,,,,,IHMED1,2016-11-17T09:55:30
Structure1_WGS84/133558,010100000030978B60D2F159C0A8CFCE0924634940,CLOSR:BSCLS:C167649,BS CLOSURE,IPL,,LACC_APLOWED_C,FTQPSK,,FTQPSK01,SASKTEL,,,100049,,,,,,IHMED1,2016-11-24T11:17:37
Structure1_WGS84/133613,010100000014B0AA7FCC265AC0B8807879D43A4940,CLOSR:BSCLS:C276231,BS CLOSURE,IPL,,LACC_APLOWED_C,REGNSK,,REGNSK01,SASKTEL,,,100049,,,,,,,
Structure1_WGS84/133681,0101000000409BCA3FC6285AC0707510130B334940,CLOSR:BSCLS:C180678,BS CLOSURE,IPL,,LACC_APLOWED_C,REGNSK,,REGNSK03,SASKTEL,,,100049,,,,,,,
Structure1_WGS84/133699,01010000000CE235759F2A5AC068FA1FDF2C3F4940,CLOSR:BSCLS:C221818,BS CLOSURE,IPL,,LACC_ATRENCH_C,REGNSK,,REGNSK04,SASKTEL,,,100049,,,,,,,
Structure1_WGS84/133715,010100000080FE0073662B5AC050E55F5E8F3C4940,CLOSR:BSCLS:C208298,BS CLOSURE,IPL,,LACC_ATRENCH_C,REGNSK,,REGNSK04,SASKTEL,,,100049,,,,,,,
Structure1_WGS84/133719,0101000000FC3A4C0831265AC08858FAC6533F4940,CLOSR:BSCLS:C203137,BS CLOSURE,IPL,,LACC_ATRENCH_C,REGNSK,,REGNSK04,SASKTEL,,,100049,,,,,,,
Structure1_WGS84/133955,010100000090BF537FDFB559C000D249B9F20D4940,CLOSR:BSCLS:C127570,BS CLOSURE,IPL,,LACC_APLOWED_C,WNDTSK,,WNDTSK01,SASKTEL,,,100049,,,,,,IHMED1,2016-11-18T12:01:44
Structure1_WGS84/133973,0101000000D4DA3B703C6D5BC0F0D7FA1577A54840,CLOSR:BSCLS:C509152,BS CLOSURE,IPL,,LACC_APLOWED_C,CNSLSK,,CNSLSK03,SASKTEL,,,100049,R123 P5,,,,,IHMED1,2016-11-14T14:15:31
Structure1_WGS84/134002,0101000000FCF7489900285AC08881C58613434940,CLOSR:BSCLS:C197691,BS CLOSURE,IPL,,LACC_ATRENCH_C,REGNSK,,REGNSK04,SASKTEL,,,100049,,,,,,,
Structure1_WGS84/134139,0101000000946A2C829B9059C0C8E58DA06C1C4940,CLOSR:BSCLS:C134811,BS CLOSURE,IPL,,LACC_APLOWED_C,WHWDSK,,WHWDSK01,SASKTEL,,,100049,,,,,,IHMED1,2016-11-18T09:32:17
Structure1_WGS84/134170,0101000000F485AE49B98859C0C021890846ED4840,CLOSR:BSCLS:C146534,BS CLOSURE,IPL,,LACC_APLOWED_C,WAWTSK,,WAWTSK01,SASKTEL,,,100049,,,,,,IHMED1,2016-11-17T08:53:09
Structure1_WGS84/134338,0101000000FC2E5531A1375AC078BD27889A514940,CLOSR:BSCLS:C78698,BS CLOSURE,IPL,,LACC_ATRENCH_C,LMSDSK,,LMSDSK01,SASKTEL,,,100049,,,,,,IHMED1,2016-11-22T12:05:23
Structure1_WGS84/134367,0101000000881B875F89EE5AC090F403A04F284940,CLOSR:BSCLS:C548200,BS CLOSURE,IPL,,LACC_APLOWED_C,SWCRSK,,SWCRSK02,SASKTEL,,,100049,,,,,,,
Structure1_WGS84/134377,0101000000B0E13ADDD1EC59C0C86DC750E5664940,CLOSR:BSCLS:C137497,BS CLOSURE,IPL,,LACC_APLOWED_C,FTQPSK,,FTQPSK01,SASKTEL,,,100049,,,,,,IHMED1,2016-11-24T11:16:02
Structure1_WGS84/134378,0101000000FC4C46606FEB59C0D05B65A875434940,CLOSR:BSCLS:C120866,BS CLOSURE,IPL,,LACC_ATRENCH_C,INHDSK,,INHDSK01,SASKTEL,,,100049,,,,,,IHMED1,2016-11-24T13:36:07
Structure1_WGS84/134413,010100000024695C0AB82B5AC0B8D8AA4DF1804940,CLOSR:BSCLS:C74941,BS CLOSURE,IPL,,LACC_APLOWED_C,ERGRSK,,ERGRSK01,SASKTEL,,,100049,,,,,,GORRS2,2021-05-30T09:58:46
Structure1_WGS84/134522,01010000008C4BEFF7D8295AC080F14CA2BD3A4940,CLOSR:BSCLS:C226436,BS CLOSURE,IPL,,LACC_ATRENCH_C,REGNSK,,REGNSK04,SASKTEL,,,100049,,,,,,ROOKP2,2020-12-07T15:22:30
Structure1_WGS84/134552,0101000000FC331B154CE959C0A0CA03DA9B5C4940,CLOSR:BSCLS::9949322,BS CLOSURE,IPL,,LACC_ATRENCH_C,FTQPSK,,KWBHSK01,SASKTEL,2018,,100049,,,,WILLJ2,2018-05-10T14:36:45,WILLJ2,2018-05-10T14:56:57
Structure1_WGS84/134555,0101000000200AAF2298215AC0D030A6E7FD4D4940,CLOSR:BSCLS:C318556,BS CLOSURE,ABD,,LACC_APLOWED_C,REGNSK,,REGNSK04,SASKTEL,,,100049,,,,,,PONNL1,2020-03-17T20:12:22
Structure1_WGS84/134673,010100000060286185DF3B5BC00858C73859064940,CLOSR:BSCLS:C527067,BS CLOSURE,IPL,,LACC_APLOWED_C,TPKNSK,,TPKNSK01,SASKTEL,,,100049,,,,,,GANDN1,2018-04-17T03:40:34
Structure1_WGS84/134779,01010000002C85CA69B6375AC01078CB0881534940,CLOSR:BSCLS:C84503,BS CLOSURE,IPL,,LACC_ATRENCH_C,LMSDSK,,LMSDSK01,SASKTEL,,,100049,F 710 LAKE ST,,,,,JAKKN1,2018-03-15T11:45:58
Structure1_WGS84/134806,01010000004CFD65F26B7E5BC090641DFB0A534940,CLOSR:BSCLS:C571314,BS CLOSURE,IPL,,LACC_APLOWED_C,BRSTSK,,BRSTSK02,SASKTEL,,,100049,,,,,,BUTTS1,2018-03-31T03:45:22
Structure1_WGS84/134820,0101000000DC87DA3B85F75AC0984A527BCC244940,CLOSR:BSCLS:C549561,BS CLOSURE,IPL,,LACC_ATRENCH_C,SWCRSK,,SWCRSK02,SASKTEL,,,100049,S TRANCITY BEGG ST W,,,,,WILLJ2,2018-05-03T12:18:47
Structure1_WGS84/134873,0101000000FC9AF06E8CE259C048D513565D674940,CLOSR:BSCLS:C122781,BS CLOSURE,IPL,,LACC_APLOWED_C,BLCRSK,,BLCRSK01,SASKTEL,,,100049,,,,,,SINGM4,2023-10-30T14:04:51
Structure1_WGS84/134904,0101000000780B7A28F7B259C0A074717485434940,LOSR:BSCLS::10001807,BS CLOSURE,IPL,,LACC_APLOWED_C,GRNFSK,,SYIRSK01,SASKTEL,2019,,100049,,804291,,ESLIG1,2018-06-15T11:41:09,RAVAG1,2023-11-02T20:43:25
Structure1_WGS84/134933,01010000001C1A972384C959C0E8F4A8A400064940,LOSR:BSCLS::10668383,BS CLOSURE,IPL,,LACC_APLOWED_C,GLNVSK,,GLNVSK01,SASKTEL,2020,,100049,,807811,,HOLTA1,2019-09-25T15:23:47,RAVAG1,2023-11-02T20:51:23
Structure1_WGS84/134948,010100000064147F9FE7235BC0C0BF01CD2A994840,CLOSR:BSCLS:C524980,BS CLOSURE,IPL,,LACC_APLOWED_C,FRNTSK,,FRNTSK01,SASKTEL,,,100049,,,,,,KATRR1,2019-04-29T06:42:13
Structure1_WGS84/134953,01010000003060DA8144A659C0D8D9F316BEEE4840,CLOSR:BSCLS:C134411,BS CLOSURE,IPL,,LACC_APLOWED_C,KPNGSK,,KPNGSK01,SASKTEL,,,100049,,,,,,PITTM1,2021-11-22T03:43:30
Structure1_WGS84/134954,0101000000281197D269A659C0387306BBABEF4840,CLOSR:BSCLS:C164391,BS CLOSURE,IPL,,LACC_APLOWED_C,KPNGSK,,KPNGSK01,SASKTEL,,,100049,,,,,,PITTM1,2021-11-22T05:32:42
Structure1_WGS84/134992,0101000000DCA7D5509DF859C0A008AC00C5444940,CLOSR:BSCLS:C133398,BS CLOSURE,IPL,,LACC_ATRENCH_C,QAPLSK,,QAPLSK01,SASKTEL,,,100049,,,,,,ADELL2,2018-09-20T23:29:45
Structure1_WGS84/135003,0101000000DC15E7C699ED59C06093CABBBA5F4940,CLOSR:BSCLS:C140093,BS CLOSURE,IPL,,LACC_ATRENCH_C,FTQPSK,,FTQPSK01,SASKTEL,,,100049,,,,,,YERRS2,2018-09-17T00:45:15
Structure1_WGS84/135076,0101000000008740C3F52B5AC0A8871F0B2D284940,CLOSR:BSCLS:C176723,BS CLOSURE,IPL,,LACC_APLOWED_C,REGNSK,,REGNSK03,SASKTEL,,,100049,,,,,,PONNL1,2020-04-14T02:43:10
Structure1_WGS84/135089,01010000004851F99A2F0D5AC0D09FD8A56E314940,CLOSR:BSCLS:C137983,BS CLOSURE,IPL,,LACC_APLOWED_F,BLGNSK,,BLGNSK01,SASKTEL,,,100049,,,,,,PALGS1,2019-03-31T23:25:49
Structure1_WGS84/135090,01010000008C695EEF0DE15AC0F8EA252B9E924840,LOSR:BSCLS::10036091,BS CLOSURE,IPL,,LACC_APLOWED_C,VLMRSK,,VLMRSK01,SASKTEL,2017,MWO# 13-18-101,100049,,,,WILLJ2,2018-07-05T11:30:34,PALGS1,2018-10-08T01:42:22
Structure1_WGS84/135167,0101000000C45FACD26A6B59C068D8D91100174940,CLOSR:BSCLS::13241371,BS CLOSURE,PDA,MSMN824249-0000,LACC_ATRENCH_C,MSMNSK,,MSMNSK01,SASKTEL,2024,,100049,,824249,,WIESJ3,2024-08-19T15:23:44,WIESJ3,2024-10-22T09:37:33
Structure1_WGS84/135223,010100000080E5DAE01C105BC098BFC48A20AB4840,CLOSR:BSCLS::8444979,BS CLOSURE,IPL,,LACC_APLOWED_C,CLMXSK,,CLMXSK01,SASKTEL,2015,,100049,,,,,,THUND1,2018-10-10T03:21:11
Structure1_WGS84/135281,010100000034E53827FE9659C0706866DA3C024940,CLOSR:BSCLS:C115433,BS CLOSURE,IPL,,LACC_APLOWED_F,KNDYSK,,KNDYSK01,SASKTEL,,,100049,R2102 P1F01,,,,,PALGS1,2019-04-29T20:21:22
Structure1_WGS84/135331,01010000004C99A22929D859C078C0BB5091694940,CLOSR:BSCLS:C126068,BS CLOSURE,ABD,,LACC_APLOWED_C,ABRNSK,,ABRNSK01,SASKTEL,,,100049,,,,,,BALLB1,2019-04-02T20:24:51
Structure1_WGS84/135336,01010000002C867FCC9FDC59C000991E3321684940,CLOSR:BSCLS:C172157,BS CLOSURE,ABD,,LACC_APLOWED_F,BLCRSK,,BLCRSK01,SASKTEL,,,100049,,,,,,BALLB1,2019-04-02T23:10:46
Structure1_WGS84/135350,0101000000F0C0A90AABD659C090B2321208784940,CLOSR:BSCLS::11562139,BS CLOSURE,IPL,,LACC_APLOWED_C,BLCRSK,,PSIRSK01,SASKTEL,2021,,100049,,810657,,HOLTA1,2021-07-23T10:18:32,BINGA1,2024-10-14T20:08:57
Structure1_WGS84/135357,0101000000949B786C43275AC0A09A277E5C384940,CLOSR:BSCLS:C214396,BS CLOSURE,ABD,,LACC_ATRENCH_C,REGNSK,,REGNSK01,SASKTEL,,,100049,,,,,,QIUE1,2018-11-22T09:10:51
Structure1_WGS84/135426,010100000010238648661F5AC088B484F11DF74840,CLOSR:BSCLS::12927247,BS CLOSURE,IPL,,LACC_APLOWED_C,MLSTSK,,MLSTSK01,SASKTEL,2023,,100049,,821088,,KAURR2,2023-08-17T13:00:06,KAURR2,2024-01-30T21:33:47
Structure1_WGS84/135498,010100000090E2B0224D0E5AC0705CCC2A074B4940,CLOSR:BSCLS:C162233,BS CLOSURE,IPL,,LACC_APLOWED_F,BLGNSK,,BLGNSK01,SASKTEL,,,100049,,,,,,SRANS3,2025-01-24T08:46:58
Structure1_WGS84/135592,010100000044D0EB913E025BC050C7E5AAFF6A4940,CLOSR:BSCLS:C353744,BS CLOSURE,IPL,,LACC_APLOWED_C,KYLESK,,KYLESK01,SASKTEL,,,100049,,,,,,YERRS2,2019-03-07T21:58:15
Structure1_WGS84/135614,0101000000C423772C449959C010FC8BE7463E4940,CLOSR:BSCLS::13287898,BS CLOSURE,PDA,BRVW824128-0000,LACC_APLOWED_C,BRVWSK,,OCIRSK01,SASKTEL,2024,,100049,,824128,,MADUC1,2024-11-04T14:11:18,MADUC1,2024-11-14T12:33:23
Structure1_WGS84/135705,0101000000CCC7783EAA0E5AC0E0BB7118AD3E4940,CLOSR:BSCLS:C98796,BS CLOSURE,IPL,,LACC_APLOWED_C,BLGNSK,,BLGNSK01,SASKTEL,,,100049,,,,,,PONNL1,2019-12-03T00:52:51
Structure1_WGS84/135820,0101000000F402E17A7C195AC0B0C9DDFED45F4940,LOSR:BSCLS::10096843,BS CLOSURE,IPL,,LACC_APLOWED_C,REGNSK,,PPIRSK01,SASKTEL,2018,,100049,,805336,,KAURP3,2018-08-23T11:42:29,KAURP3,2019-08-28T16:22:12
Structure1_WGS84/135850,0101000000A413E897314C5AC09046E3F585F14840,CLOSR:BSCLS:C76126,BS CLOSURE,IPL,,LACC_APLOWED_C,AVNLSK,,AVNLSK01,SASKTEL,,,100049,,,,,,VUDUP1,2019-12-23T22:33:15
Structure1_WGS84/135948,010100000044E6064DEF0E5AC0606AB826AF234940,LOSR:BSCLS::10632378,BS CLOSURE,IPL,,LACC_APLOWED_C,REGNSK,,KRONSK02,SASKTEL,2018,,100049,,802190,,KAURP3,2019-09-05T10:13:54,KAURP3,2019-09-05T10:31:43
Structure1_WGS84/135949,010100000038A35291EF0E5AC0E0147DA8AE234940,LOSR:BSCLS::10632379,BS CLOSURE,IPL,,LACC_APLOWED_C,REGNSK,,KRONSK02,SASKTEL,2018,,100049,,802190,,KAURP3,2019-09-05T10:14:02,KAURP3,2019-09-05T10:31:43
Structure1_WGS84/135967,01010000006477C5AF9F8E59C0D85A742C1B204940,CLOSR:BSCLS:C136459,BS CLOSURE,IPL,,LACC_APLOWED_C,WHWDSK,,WHWDSK01,SASKTEL,,,100049,,,,,,PALGS1,2019-11-27T00:34:12
Structure1_WGS84/135980,01010000005C7D2357FD7459C0585C90584B1C4940,CLOSR:BSCLS:C170411,BS CLOSURE,IPL,,LACC_APLOWED_F,MSMNSK,,MSMNSK01,SASKTEL,,,100049,,,,,,MEYEB2,2019-09-24T15:07:47
Structure1_WGS84/136334,0101000000E4DE7797C12A5AC0C8968D57ABFA4840,CLOSR:BSCLS::9965967,BS CLOSURE,IPL,,LACC_APLOWED_C,MLSTSK,,MLSTSK01,SASKTEL,2017,,100049,,801900,,KAURP3,2018-05-24T10:15:07,BALLB1,2019-12-23T03:57:50
Structure1_WGS84/136345,0101000000FCE7A2B4A6295AC098843B1F77F64840,CLOSR:BSCLS:C82212,BS CLOSURE,IPL,,LACC_APLOWED_C,MLSTSK,,MLSTSK01,SASKTEL,,,100049,,,,,,BALLB1,2019-12-26T23:44:05
Structure1_WGS84/136368,0101000000DCA0FF16CB395AC0506ECA386D024940,CLOSR:BSCLS:C144022,BS CLOSURE,IPL,,LACC_APLOWED_C,AVNLSK,,AVNLSK01,SASKTEL,,,100049,R200 P14-1,,,,,VUDUP1,2019-12-23T03:39:02
Structure1_WGS84/136403,010100000064DF8CCF016359C0282EECA86B344940,CLOSR:BSCLS::7602076,BS CLOSURE,IPL,,LACC_APLOWED_C,RCVLSK,,RCVLSK01,SASKTEL,2014,,100049,,0,,,,GOPIA1,2019-12-24T08:54:10
Structure1_WGS84/136455,0101000000804B39F22F345AC088C5B703F7594940,CLOSR:BSCLS:C161329,BS CLOSURE,IPL,,LACC_APLOWED_C,LMSDSK,,CRVNSK04,SASKTEL,2010,,100049,,952812,,,,CHENR1,2021-12-27T05:54:53
Structure1_WGS84/136458,010100000088AC53EA34BD59C058BCD5033EF54840,CLOSR:BSCLS::8046234,BS CLOSURE,IPL,,LACC_APLOWED_C,WNDTSK,,CRNGSK01,SASKTEL,2014,,100049,,976516,,,,CHENR1,2021-12-27T03:32:52
Structure1_WGS84/136487,0101000000BCA6FD9211F259C0F881DDE35E1C4940,CLOSR:BSCLS:C125860,BS CLOSURE,IPL,,LACC_APLOWED_C,ODSSSK,,ODSSSK01,SASKTEL,,,100049,,,,,,DASAS1,2020-11-04T09:50:37
Structure1_WGS84/136515,0101000000C47811C9D74F5BC0609399CB80C64840,CLOSR:BSCLS:C530283,BS CLOSURE,ABD,,LACC_APLOWED_C,ESNDSK,,RVNSSK01,SASKTEL,,,100049,,,,,,CHENR1,2022-02-01T01:34:15
Structure1_WGS84/136526,0101000000ECFD8E5AA1355AC09859E8430A374940,CLOSR:BSCLS:C209542,BS CLOSURE,IPL,,LACC_APLOWED_F,REGNSK,,GDCLSK03,SASKTEL,,,100049,,,,,,CHENR1,2022-02-02T06:17:47
Structure1_WGS84/136535,0101000000A42058B8392C5AC018145863FD464940,CLOSR:BSCLS::8996053,BS CLOSURE,IPL,,LACC_APLOWED_C,REGNSK,,CONDSK03,SASKTEL,2016,,100049,,984790,,,,CHENR1,2021-12-25T07:45:29
Structure1_WGS84/136557,01010000002087447E36CE59C0D067AFC78F1C4940,CLOSR:BSCLS:C169970,BS CLOSURE,IPL,,LACC_APLOWED_C,MTMRSK,,CNDCSK01,SASKTEL,,,100049,,,,,,CHENR1,2021-12-25T03:09:52
Structure1_WGS84/136592,0101000000C48CD1E902295AC0802178D7F4424940,CLOSR:BSCLS:C196276,BS CLOSURE,IPL,,LACC_ATRENCH_C,REGNSK,,REGNSK04,SASKTEL,,,100049,,,,,,HOLTA1,2020-11-09T09:00:33
Structure1_WGS84/136603,0101000000D41D97E0B0595AC068F96D3472654940,CLOSR:BSCLS:C91954,BS CLOSURE,IPL,,LACC_APLOWED_C,BTHNSK,,FNDLSK02,SASKTEL,,,100049,,,,,,CHENR1,2022-01-25T08:24:40
Structure1_WGS84/136618,0101000000ECD59EC4CDFD5AC0E00FAA071E244940,CLOSR:BSCLS:C571408,BS CLOSURE,IPL,,LACC_APLOWED_C,SWCRSK,,SWCRSK22,SASKTEL,,,100049,,,,,,CHENR1,2022-01-27T04:18:54
Structure1_WGS84/136753,0101000000F4FC12ECBDFA5AC0A87443CF3D024940,CLOSR:BSCLS:C505501,BS CLOSURE,IPL,,LACC_APLOWED_C,NEVLSK,,LCPLSK02,SASKTEL,,,100049,,,,,,CHENR1,2022-02-11T05:03:24
Structure1_WGS84/136834,0101000000B0193013A8245AC05823F5EA18684940,CLOSR:BSCLS:C203313,BS CLOSURE,IPL,,LACC_APLOWED_C,REGNSK,,KNNLSK01,SASKTEL,,,100049,,,,,,CHENR1,2022-03-10T03:03:54
Structure1_WGS84/136895,01010000000CACC9A45DE659C0E02EE4464E154940,CLOSR:BSCLS:C148065,BS CLOSURE,IPL,,LACC_APLOWED_C,MTMRSK,,KENDSK01,SASKTEL,,,100049,,,,,,CHENR1,2022-03-09T08:52:16
Structure1_WGS84/136918,0101000000A8BF3029B6385AC0F0AB5E2AE84B4940,CLOSR:BSCLS:C120642,BS CLOSURE,IPL,,LACC_APLOWED_C,LMSDSK,,LMSDSK03,SASKTEL,,,100049,,,,,,CHENR1,2022-03-11T04:00:25
Structure1_WGS84/136995,0101000000BCF35DDA88E55AC0E8768B67A0194940,CLOSR:BSCLS:C532118,BS CLOSURE,IPL,,LACC_APLOWED_C,SWCRSK,,WYMRSK02,SASKTEL,,,100049,,,,,,CHENR1,2022-05-02T05:41:59
Structure1_WGS84/137091,0101000000843B477F901D5BC038906D07CDC64840,CLOSR:BSCLS:C573542,BS CLOSURE,IPL,,LACC_APLOWED_C,SHNVSK,,SHNVSK03,SASKTEL,,,100049,,,,,,CHENR1,2022-04-01T03:20:49
Structure1_WGS84/137133,010100000038ACDB666B1A5AC040EDF647023B4940,CLOSR:BSCLS::8516655,BS CLOSURE,IPL,,LACC_APLOWED_C,REGNSK,,PLBTSK01,SASKTEL,,,100049,,,,,,CHENR1,2022-03-18T04:02:46
Structure1_WGS84/137144,0101000000F07FCF8E221C5AC0B0D1C60CB2624940,CLOSR:BSCLS:C208962,BS CLOSURE,IPL,,LACC_APLOWED_C,REGNSK,,PPIRSK01,SASKTEL,,,100049,,,,,,CHENR1,2022-03-18T04:48:19
Structure1_WGS84/137162,0101000000A853A9CFB11B5AC028DC1E36313D4940,CLOSR:BSCLS:C188828,BS CLOSURE,IPL,,LACC_APLOWED_C,REGNSK,,PLBTSK01,SASKTEL,,,100049,,,,,,CHENR1,2022-03-18T04:03:43
Structure1_WGS84/137163,0101000000E459D41D671C5AC058176C67BB3B4940,CLOSR:BSCLS:C189524,BS CLOSURE,IPL,,LACC_APLOWED_C,REGNSK,,PLBTSK01,SASKTEL,,,100049,,,,,,CHENR1,2022-03-18T04:02:39
Structure1_WGS84/137165,0101000000F839C3DC07185AC030277329F73D4940,CLOSR:BSCLS:C202221,BS CLOSURE,IPL,,LACC_APLOWED_C,REGNSK,,PLBTSK01,SASKTEL,,,100049,,,,,,CHENR1,2022-03-18T04:02:42
Structure1_WGS84/137166,010100000080B94B1F301D5AC0106931D1103F4940,CLOSR:BSCLS:C207229,BS CLOSURE,ABD,,LACC_APLOWED_C,REGNSK,,PLBTSK01,SASKTEL,,,100049,,,,,,CHENR1,2022-03-18T04:02:36
Structure1_WGS84/137218,0101000000347D2FEB09225AC0383D0318863A4940,CLOSR:BSCLS:C153983,BS CLOSURE,IPL,,LACC_ATRENCH_C,REGNSK,,REGNSK46,SASKTEL,,no in ap martenes,100049,,,,,,CHENR1,2022-03-26T02:05:05
Structure1_WGS84/137219,0101000000141EE0BB201C5AC0B8CC3A6774384940,CLOSR:BSCLS::8845292,BS CLOSURE,IPL,,LACC_APLOWED_C,REGNSK,,REGNSK46,SASKTEL,,,100049,,,,,,CHENR1,2022-03-26T02:12:34
Structure1_WGS84/137365,01010000004C1FB6318C225AC0A85CB392DF374940,CLOSR:BSCLS:C166380,BS CLOSURE,IPL,,LACC_APLOWED_C,REGNSK,,REGNSK45,SASKTEL,,,100049,,,,,,CHENR1,2022-04-08T07:38:15
Structure1_WGS84/137370,0101000000685180D770235AC0F819C17A27364940,CLOSR:BSCLS:C185914,BS CLOSURE,IPL,,LACC_APLOWED_C,REGNSK,,REGNSK45,SASKTEL,,,100049,,,,,,CHENR1,2022-04-08T07:33:15
Structure1_WGS84/137392,0101000000C00B7B0AFB005BC068D3AB4AA0E44840,CLOSR:BSCLS::11522458,BS CLOSURE,IPL,,LACC_APLOWED_C,SHNVSK,,ADMRSK03,SASKTEL,2021,,100049,,813533,,HUNTG1,2021-06-30T11:59:53,HUNTG1,2022-03-21T12:27:11
Structure1_WGS84/137393,010100000090702648DAFF5AC03852347E7DE44840,CLOSR:BSCLS::11531086,BS CLOSURE,IPL,,LACC_ATRENCH_C,SHNVSK,,ADMRSK03,SASKTEL,2021,,100049,,813533,,HUNTG1,2021-07-07T11:19:18,HUNTG1,2022-03-21T12:27:11
Structure1_WGS84/137434,0101000000204198AB24235AC0F8D866C8D0384940,CLOSR:BSCLS:C159322,BS CLOSURE,IPL,,LACC_APLOWED_C,REGNSK,,REGNSK46,SASKTEL,,,100049,,,,,,CHENR1,2022-03-26T02:07:00
Structure1_WGS84/137627,010100000050873B35DC225AC0C009D04C76354940,CLOSR:BSCLS:C204298,BS CLOSURE,IPL,,LACC_APLOWED_C,REGNSK,,REGNSK45,SASKTEL,,,100049,,,,,,CHENR1,2022-04-08T07:34:39
Structure1_WGS84/137649,0101000000D4C30225E6235AC01000A5D9F0364940,CLOSR:BSCLS:C184173,BS CLOSURE,IPL,,LACC_ATRENCH_C,REGNSK,,REGNSK45,SASKTEL,,,100049,,,,,,CHENR1,2022-04-08T07:33:27
Structure1_WGS84/137751,010100000048D73D936CFF5AC038D1194B2A584940,CLOSR:BSCLS:C502798,BS CLOSURE,IPL,,LACC_APLOWED_F,KYLESK,,SKLDSK01,SASKTEL,,,100049,,,,,,CHENR1,2022-04-05T02:11:32
Structure1_WGS84/137776,01010000009C155314E81E5AC0D046C6EEAB324940,CLOSR:BSCLS:C201452,BS CLOSURE,IPL,,LACC_APLOWED_C,REGNSK,,REGNSK45,SASKTEL,,,100049,,,,,,CHENR1,2022-04-08T07:41:17
Structure1_WGS84/137854,010100000094AA4270ED165AC08050E03559394940,CLOSR:BSCLS::9118891,BS CLOSURE,IPL,,LACC_APLOWED_F,REGNSK,,WHCYSK01,SASKTEL,2016,,100049,,,,,,CHENR1,2022-04-27T06:55:55
Structure1_WGS84/138582,01010000006C29ABDFC86B59C078E18B8C94314940,CLOSR:BSCLS:C167296,BS CLOSURE,IPL,,LACC_APLOWED_C,RCVLSK,,RCVLSK01,SASKTEL,,,100049,,,,,,IHMED1,2016-11-17T09:55:21
Structure1_WGS84/138596,0101000000F04A1368B06C59C010B400AF47154940,CLOSR:BSCLS:C148876,BS CLOSURE,IPL,,LACC_APLOWED_C,MSMNSK,,MSMNSK01,SASKTEL,,,100049,,,,,,IHMED1,2016-11-17T09:22:52
Structure1_WGS84/138658,0101000000E4335450C7295AC0209138963D3E4940,CLOSR:BSCLS:C225412,BS CLOSURE,ABD,,LACC_ATRENCH_C,REGNSK,,REGNSK04,SASKTEL,,,100049,,,,,,,
Structure1_WGS84/138789,01010000008C619A5E0CCE5AC0F880129C433A4940,CLOSR:BSCLS:C518452,BS CLOSURE,IPL,,LACC_APLOWED_C,HRBRSK,,HRBRSK01,SASKTEL,,,100049,,,,,,,
Structure1_WGS84/138806,0101000000C84FCB8B234D5AC0A87124A7615B4940,CLOSR:BSCLS:C95971,BS CLOSURE,IPL,,LACC_ATRENCH_C,BTHNSK,,BTHNSK02,SASKTEL,,,100049,,,,,,IHMED1,2016-11-22T14:10:57
Structure1_WGS84/138871,010100000080E2ED5FBE3A5BC0480C0C0A97224940,CLOSR:BSCLS:C527256,BS CLOSURE,IPL,,LACC_APLOWED_C,TPKNSK,,TPKNSK01,SASKTEL,,,100049,,,,,,IHMED1,2016-11-14T08:45:37
Structure1_WGS84/138918,010100000020261DEFB2A459C0388720DEA5094940,CLOSR:BSCLS::6376474,BS CLOSURE,IPL,,LACC_APLOWED_C,KPNGSK,,KPNGSK01,SASKTEL,2012,,100049,,963798,,,,IHMED1,2016-11-18T11:19:17
Structure1_WGS84/138929,010100000038136AEBFF6B59C0F02931230A314940,CLOSR:BSCLS::7979356,BS CLOSURE,IPL,,LACC_ATRENCH_C,RCVLSK,,RCVLSK01,SASKTEL,2014,,100049,,976006,,,,IHMED1,2016-11-17T09:55:29
Structure1_WGS84/138952,0101000000B42BCEFA6F0E5AC03815C8AA90274940,CLOSR:BSCLS:C188871,BS CLOSURE,IPL,,LACC_APLOWED_C,REGNSK,,REGNSK01,SASKTEL,,,100049,,,,,,,
Structure1_WGS84/138997,01010000003C69FC5056265AC0885B8DD8E63A4940,CLOSR:BSCLS:C201307,BS CLOSURE,IPL,,LACC_ATRENCH_C,REGNSK,,REGNSK01,SASKTEL,,,100049,,,,,,,
Structure1_WGS84/139015,010100000004EC000E35285AC01850706A0D344940,CLOSR:BSCLS:C189211,BS CLOSURE,IPL,,LACC_APLOWED_C,REGNSK,,REGNSK03,SASKTEL,,,100049,,,,,,,
Structure1_WGS84/139080,010100000074E4913D772B5AC060969175D63D4940,CLOSR:BSCLS:C219300,BS CLOSURE,IPL,,LACC_APLOWED_C,REGNSK,,REGNSK04,SASKTEL,,,100049,,,,,,,
Structure1_WGS84/139210,0101000000706ED68A7D285AC0A8877F7D99424940,CLOSR:BSCLS:C203079,BS CLOSURE,IPL,,LACC_ATRENCH_C,REGNSK,,REGNSK04,SASKTEL,,,100049,,,,,,,
Structure1_WGS84/139326,0101000000E8794389B2DF5AC04891F256C7E04840,CLOSR:BSCLS:C515384,BS CLOSURE,IPL,,LACC_APLOWED_F,PNTXSK,,PNTXSK01,SASKTEL,,,100049,,,,,,IHMED1,2016-11-14T10:41:27
Structure1_WGS84/139327,0101000000B02E18A3A8275AC05870F7C0AE414940,CLOSR:BSCLS:C193247,BS CLOSURE,IPL,,LACC_ATRENCH_C,REGNSK,,REGNSK04,SASKTEL,,,100049,,,,,,,
Structure1_WGS84/139391,01010000008888989B5A3F5AC0103077C3FC9C4940,CLOSR:BSCLS:C151118,BS CLOSURE,ABD,,LACC_APLOWED_F,GOVNSK,,GOVNSK01,SASKTEL,,,100049,,,,,,IHMED1,2016-11-23T09:31:15
Structure1_WGS84/139414,0101000000F812C90E6C355AC070FB9FE209584940,CLOSR:BSCLS:C93652,BS CLOSURE,IPL,,LACC_APLOWED_C,LMSDSK,,LMSDSK01,SASKTEL,,,100049,,,,,,IHMED1,2016-11-22T12:05:21
Structure1_WGS84/139440,010100000028E6F5676C7E5BC0F05D8CE660514940,CLOSR:BSCLS:C522978,BS CLOSURE,IPL,,LACC_APLOWED_C,BRSTSK,,BRSTSK02,SASKTEL,,,100049,,,,,,,
Structure1_WGS84/139476,0101000000DCC0FE9A556C59C020FCD79B934F4940,CLOSR:BSCLS:C81710,BS CLOSURE,IPL,,LACC_APLOWED_C,SYHLSK,,SYHLSK02,SASKTEL,,,100049,,,,,,IHMED1,2016-11-17T12:48:29
Structure1_WGS84/139506,01010000009C048275A62B5AC0801D609C6E3C4940,CLOSR:BSCLS:C195054,BS CLOSURE,IPL,,LACC_ATRENCH_C,REGNSK,,REGNSK04,SASKTEL,,,100049,,,,,,,
Structure1_WGS84/139525,0101000000C455287C3D6459C068EE07FA93314940,CLOSR:BSCLS:C163705,BS CLOSURE,IPL,,LACC_APLOWED_C,RCVLSK,,RCVLSK01,SASKTEL,,,100049,,,,,,IHMED1,2016-11-17T09:55:21
Structure1_WGS84/139543,01010000005065640589505AC0F8937B3843544940,CLOSR:BSCLS:C95696,BS CLOSURE,IPL,,LACC_APLOWED_C,BTHNSK,,BTHNSK02,SASKTEL,,,100049,,,,,,IHMED1,2016-11-22T14:10:35
Structure1_WGS84/139634,010100000044C29E465F255AC08889213460384940,CLOSR:BSCLS:C171525,BS CLOSURE,IPL,,LACC_ATRENCH_C,REGNSK,,REGNSK01,SASKTEL,,,100049,,,,,,,
Structure1_WGS84/139640,0101000000E8F196396AE259C030232746A86D4940,CLOSR:BSCLS:C121269,BS CLOSURE,IPL,,LACC_APLOWED_C,BLCRSK,,BLCRSK01,SASKTEL,,,100049,,,,,,IHMED1,2016-11-24T14:25:37
Structure1_WGS84/139681,0101000000646B7520A8A359C05899A899062A4940,CLOSR:BSCLS::7313146,BS CLOSURE,IPL,,LACC_APLOWED_C,BRVWSK,,BRVWSK01,SASKTEL,2013,,100049,,971825,,,,IHMED1,2016-11-18T10:57:55
Structure1_WGS84/139720,01010000000CCEC69B33C559C0B035E8D9593C4940,CLOSR:BSCLS:C131969,BS CLOSURE,IPL,,LACC_APLOWED_C,GRNFSK,,GRNFSK01,SASKTEL,,,100049,R412 P8,,,,,IHMED1,2016-11-18T12:22:45
Structure1_WGS84/139758,0101000000641F8969CF355AC0C8962574765F4940,CLOSR:BSCLS::11517323,BS CLOSURE,IPL,,LACC_APLOWED_C,LMSDSK,,CRVNSK04,SASKTEL,2020,,100049,,809940,,KLETR1,2021-06-25T13:36:30,MALLM1,2024-05-02T14:12:04
Structure1_WGS84/139759,01010000001823D269CF355AC070813EDD755F4940,CLOSR:BSCLS::11517324,BS CLOSURE,IPL,,LACC_APLOWED_C,LMSDSK,,CRVNSK04,SASKTEL,2020,,100049,,809940,,KLETR1,2021-06-25T13:37:18,MALLM1,2024-05-02T14:12:04
Structure1_WGS84/139798,0101000000F8FB6CB481275AC070266D17CB3C4940,CLOSR:BSCLS:C212560,BS CLOSURE,IPL,,LACC_APLOWED_C,REGNSK,,REGNSK04,SASKTEL,,,100049,,,,,,KLETR1,2020-12-09T14:44:25
Structure1_WGS84/139840,01010000003854E4F41B1A5AC0C0A25864F74A4940,CLOSR:BSCLS:C227606,BS CLOSURE,IPL,,LACC_APLOWED_F,REGNSK,,ZHNRSK02,SASKTEL,,,100049,,,,,,SRANS3,2025-01-25T23:45:19
Structure1_WGS84/139867,0101000000F885F1AFD2EF59C0B03E246ACC224940,CLOSR:BSCLS:C131174,BS CLOSURE,ABD,,LACC_APLOWED_C,ODSSSK,,ODSSSK01,SASKTEL,,,100049,,,,,,MEYEB2,2017-05-03T12:06:43
Structure1_WGS84/139871,010100000020CDDE6DCC295AC0D06CAF56C4324940,CLOSR:BSCLS:C224035,BS CLOSURE,ABD,,LACC_APLOWED_C,REGNSK,,REGNSK03,SASKTEL,,,100049,,,,,,VUDUP1,2019-01-22T08:04:16
Structure1_WGS84/139884,010100000094CFFAADA05D5BC04829D27E1DFF4840,CLOSR:BSCLS:C544712,BS CLOSURE,IPL,,LACC_APLOWED_F,MPCKSK,,MPCKSK01,SASKTEL,,,100049,,,,,,FATHF1,2018-04-12T23:05:03
Structure1_WGS84/139887,010100000044E31DCEE62E5AC0286F2D51453A4940,CLOSR:BSCLS:C189521,BS CLOSURE,ABD,,LACC_APLOWED_C,REGNSK,,REGNSK01,SASKTEL,,,100049,,,,,,,
Structure1_WGS84/139889,010100000048615AABA81D5BC018297B55ABC64840,CLOSR:BSCLS::13051421,BS CLOSURE,IPL,,LACC_ATRENCH_C,SHNVSK,,SHNVSK03,SASKTEL,2023,,100049,,822619,,HUNTG1,2023-10-31T14:18:52,HUNTG1,2024-08-30T09:28:05
Structure1_WGS84/139904,0101000000943B387ACA455BC058B86C14DC1E4940,CLOSR:BSCLS:C527935,BS CLOSURE,IPL,,LACC_APLOWED_C,TPKNSK,,TPKNSK01,SASKTEL,,,100049,,,,,,KATRR1,2019-04-24T06:07:30
Structure1_WGS84/139921,01010000005032EA6E7F6D59C0E09ECE1F17394940,CLOSR:BSCLS:C170424,BS CLOSURE,IPL,,LACC_APLOWED_C,RCVLSK,,RCVLSK01,SASKTEL,2009,,100049,,946842,,,,GUNDA1,2019-01-29T04:14:03
Structure1_WGS84/139960,01010000004CC3C2D9056059C090D0ED9762094940,CLOSR:BSCLS:C144631,BS CLOSURE,IPL,,LACC_APLOWED_C,MSMNSK,,MSMNSK01,SASKTEL,,,100049,,,,,,YERRS2,2019-01-21T03:06:42
Structure1_WGS84/139964,0101000000682F427BEC2A5AC0F0E116894F304940,CLOSR:BSCLS:C185134,BS CLOSURE,IPL,,LACC_APLOWED_C,REGNSK,,REGNSK03,SASKTEL,,,100049,,,,,,PALGS1,2019-08-23T02:20:29
Structure1_WGS84/140011,010100000024DBAC39212B5BC04846341205B44840,LOSR:BSCLS::10706795,BS CLOSURE,IPL,,LACC_APLOWED_C,ESNDSK,,ESNDSK01,SASKTEL,2019,,100049,,806961,,WILLJ2,2019-11-08T11:21:08,THUND1,2024-03-01T06:03:28
Structure1_WGS84/140111,010100000000719BCC1F375AC0584E6565FC534940,CLOSR:BSCLS:C88326,BS CLOSURE,ABD,,LACC_APLOWED_F,LMSDSK,,LMSDSK01,SASKTEL,,,100049,,,,,,PALGS1,2019-06-18T22:31:53
Structure1_WGS84/140196,0101000000D03B33C6A93B5BC0E099D802D6094940,CLOSR:BSCLS:C545500,BS CLOSURE,IPL,,LACC_APLOWED_C,TPKNSK,,TPKNSK01,SASKTEL,,,100049,,,,,,BALLB1,2019-03-27T06:02:40
Structure1_WGS84/140326,0101000000D8E89EA08D215AC0E052715D5D474940,CLOSR:BSCLS:C206901,BS CLOSURE,IPL,,LACC_APLOWED_C,REGNSK,,REGNSK04,SASKTEL,,,100049,,,,,,PONNL1,2020-03-16T23:11:00
Structure1_WGS84/140331,010100000008EA5E9E037F59C08096CBD98A224940,CLOSR:BSCLS:C118709,BS CLOSURE,IPL,,LACC_APLOWED_C,WPLLSK,,WPLLSK01,SASKTEL,,,100049,,,,,,KATAS1,2022-08-18T05:23:24
Structure1_WGS84/140445,0101000000CCE554D24D6B59C0A081B7CB34144940,CLOSR:BSCLS:C146181,BS CLOSURE,ABD,,LACC_APLOWED_C,MSMNSK,,MSMNSK01,SASKTEL,,,100049,,,,,,KAURR2,2017-03-22T13:42:23
Structure1_WGS84/140463,0101000000301D5893A9245AC0487B541AF64B4940,CLOSR:BSCLS::8777809,BS CLOSURE,IPL,,LACC_APLOWED_C,REGNSK,,REGNSK04,SASKTEL,2015,,100049,,980603,,,,PONNL1,2020-04-08T06:18:59
Structure1_WGS84/140468,0101000000504FAA73E8BF5AC038A22FB50C534940,LOSR:BSCLS::10128549,BS CLOSURE,IPL,,LACC_APLOWED_C,MORSSK,,GLKRSK01,SASKTEL,2018,,100049,,800016,,KAURP3,2018-09-13T14:53:42,KAURP3,2018-09-13T15:17:07
Structure1_WGS84/140470,010100000008E9F010067A5BC0D0E082E8E04E4940,CLOSR:BSCLS:C523052,BS CLOSURE,IPL,,LACC_APLOWED_C,BRSTSK,,BRSTSK02,SASKTEL,,,100049,,,,,,MADDS1,2018-10-01T00:04:43
Structure1_WGS84/140521,0101000000C025132C58305AC0C81E343776374940,CLOSR:BSCLS:C193372,BS CLOSURE,IPL,,LACC_APLOWED_C,REGNSK,,REGNSK01,SASKTEL,,,100049,,,,,,PALGS1,2019-07-04T01:45:39
Structure1_WGS84/140544,01010000004C4E616346215AC0A06722F529364940,LOSR:BSCLS::10208524,BS CLOSURE,IPL,,LACC_ATRENCH_C,REGNSK,,REGNSK45,SASKTEL,2018,,100049,,805551,,WILLJ2,2018-11-08T09:01:34,WILLJ2,2019-04-03T11:28:26
Structure1_WGS84/140646,0101000000DC149BFE28295AC020A55FE3B93E4940,CLOSR:BSCLS:C228332,BS CLOSURE,ABD,,LACC_ATRENCH_C,REGNSK,,REGNSK04,SASKTEL,,,100049,,,,,,WIESJ3,2021-07-27T08:41:34
Structure1_WGS84/140649,010100000010D105AED8575BC050FD4EC352F54840,CLOSR:BSCLS:C572942,BS CLOSURE,IPL,,LACC_APLOWED_C,MPCKSK,,MPCKSK01,SASKTEL,,,100049,,,,,,BALLB1,2019-05-02T01:27:08
Structure1_WGS84/140651,01010000008CDE347344335AC048F9EE6839394940,LOSR:BSCLS::11032844,BS CLOSURE,IPL,,LACC_APLOWED_C,REGNSK,,GDCLSK03,SASKTEL,2020,,100049,,810248,,KAURP3,2020-07-20T20:08:26,KAURP3,2021-04-07T19:50:03
Structure1_WGS84/140652,0101000000748F8092C1DC59C068E9DEEB2D324940,LOSR:BSCLS::10091147,BS CLOSURE,IPL,,LACC_APLOWED_C,SNTLSK,,ASRSSK01,SASKTEL,2018,,100049,,805015,,KAURP3,2018-08-20T10:51:42,KAURR2,2019-03-12T09:19:15
Structure1_WGS84/140659,01010000002C3ED7876D9359C0B8AAFB53EC2A4940,CLOSR:BSCLS:C170739,BS CLOSURE,IPL,,LACC_APLOWED_C,WHWDSK,,WHWDSK01,SASKTEL,,,100049,,,,,,PALGS1,2019-04-30T23:03:45
Structure1_WGS84/140754,0101000000207045DE09045AC0785660A2A3704940,CLOSR:BSCLS::12670609,BS CLOSURE,IPL,,LACC_APLOWED_C,DYSRSK,,DYSRSK01,SASKTEL,,,100049,,,,BINGA1,2023-03-13T23:06:47,THUND1,2024-02-20T03:48:45
Structure1_WGS84/140800,01010000007CCCD15AE62B5AC0C8DB4965464B4940,CLOSR:BSCLS:C200722,BS CLOSURE,IPL,,LACC_APLOWED_F,REGNSK,,REGNSK04,SASKTEL,,,100049,,,,,,PALGS1,2019-09-13T01:58:09
Structure1_WGS84/140804,0101000000508D436F64365BC050F4B10990F04840,CLOSR:BSCLS:C522221,BS CLOSURE,IPL,,LACC_APLOWED_C,TPKNSK,,TPKNSK01,SASKTEL,,,100049,,,,,,THUND1,2024-01-19T04:59:56
Structure1_WGS84/140853,01010000004C54E0AB508059C0E01539C59CF24840,CLOSR:BSCLS::9825504,BS CLOSURE,IPL,,LACC_APLOWED_C,WAWTSK,,WAWTSK01,SASKTEL,2018,,100049,,803660,,HOLTA1,2018-02-05T11:55:42,HOLTA1,2018-11-21T15:33:04
Structure1_WGS84/140923,0101000000849EBA1030235AC038C78E3AF83F4940,CLOSR:BSCLS:C211104,BS CLOSURE,IPL,,LACC_ATRENCH_C,REGNSK,,REGNSK12,SASKTEL,,,100049,,,,,,CHENR1,2021-11-23T01:18:46
Structure1_WGS84/140944,01010000006456B7C6FC205AC0900EC087447D4940,CLOSR:BSCLS::12296593,BS CLOSURE,IPL,,LACC_APLOWED_C,STHYSK,,STHYSK01,SASKTEL,2023,,100049,,818505,,ESLIG1,2022-08-23T16:10:48,DASIL1,2024-10-17T03:41:18
Structure1_WGS84/140970,010100000078DCC93D23235AC018612C6E043E4940,CLOSR:BSCLS:C217984,BS CLOSURE,IPL,,LACC_APLOWED_C,REGNSK,,REGNSK12,SASKTEL,,,100049,,,,,,CHENR1,2021-11-23T01:18:49
Structure1_WGS84/140993,0101000000A8D9B1AE1DCB59C000FFEE997C274940,CLOSR:BSCLS:C147116,BS CLOSURE,IPL,,LACC_APLOWED_C,WLSLSK,,WLSLSK01,SASKTEL,,,100049,,,,,,PONNL1,2020-05-28T06:38:55
Structure1_WGS84/141081,0101000000FC078D9D06135AC060BD8741DC344940,CLOSR:BSCLS:C103769,BS CLOSURE,IPL,,LACC_APLOWED_C,BLGNSK,,BLGNSK01,SASKTEL,,,100049,,,,,,PONNL1,2019-12-04T20:13:14
Structure1_WGS84/141146,010100000024D107D5CA6959C098FE4E95DAFA4840,CLOSR:BSCLS:C150800,BS CLOSURE,IPL,,LACC_APLOWED_C,MSMNSK,,MSMNSK01,SASKTEL,,,100049,,,,,,VUDUP1,2020-01-06T23:51:02
Structure1_WGS84/141303,0101000000680DA3F5D77859C050572B0BCD1E4940,CLOSR:BSCLS:C170328,BS CLOSURE,IPL,,LACC_APLOWED_C,WPLLSK,,WPLLSK01,SASKTEL,,,100049,,,,,,MEYEB2,2019-09-24T12:21:13
Structure1_WGS84/141404,010100000004325E9A123F5AC0B8555AFD933B4940,CLOSR:BSCLS:C123911,BS CLOSURE,IPL,,LACC_APLOWED_C,PENSSK,,PENSSK01,SASKTEL,,,100049,,,,,,GORRS2,2019-11-27T13:16:55
Structure1_WGS84/141608,01010000007C400C19B43C5AC09089EAD388884940,CLOSR:BSCLS:C86912,BS CLOSURE,IPL,,LACC_ATRENCH_C,STBGSK,,STBGSK01,SASKTEL,,,100049,,,,,,PONNL1,2019-12-20T22:08:08
Structure1_WGS84/141670,010100000078770383A6CA59C0907DC67BD1184940,CLOSR:BSCLS:C130658,BS CLOSURE,IPL,,LACC_APLOWED_C,GLNVSK,,GLNVSK01,SASKTEL,,,100049,,,,,,CHENR1,2020-03-04T12:41:08
Structure1_WGS84/141704,01010000001098D5DB696759C038837CF9722A4940,CLOSR:BSCLS:C152538,BS CLOSURE,IPL,,LACC_APLOWED_C,RCVLSK,,RCVLSK01,SASKTEL,,,100049,,,,,,GOPIA1,2019-12-26T10:12:48
Structure1_WGS84/141748,0101000000F4FB68B26B0C5AC02056C2C4B3884940,CLOSR:BSCLS::8660021,BS CLOSURE,IPL,,LACC_APLOWED_C,CUPRSK,,CUPRSK02,SASKTEL,2015,,100049,,,,,,CHENR1,2021-12-27T09:16:22
Structure1_WGS84/141788,0101000000302D6D159D115AC078AEC0AEEB604940,CLOSR:BSCLS:C107562,BS CLOSURE,IPL,,LACC_APLOWED_C,CUPRSK,,CUPRSK03,SASKTEL,,,100049,,,,,,CHENR1,2021-12-27T09:28:31
Structure1_WGS84/141806,01010000006C3F4B1DE5BE59C03826FC0631024940,CLOSR:BSCLS:C163190,BS CLOSURE,IPL,,LACC_APLOWED_C,WNDTSK,,CRNGSK01,SASKTEL,,,100049,,,,,,CHENR1,2021-12-27T03:32:52
Structure1_WGS84/141833,0101000000E8C3F922617359C070800DB3D0DD4840,CLOSR:BSCLS:C124478,BS CLOSURE,IPL,,LACC_APLOWED_C,MYFDSK,,FRLGSK01,SASKTEL,,,100049,,,,,,CHENR1,2022-01-31T06:04:28
Structure1_WGS84/141873,010100000074EBF269522D5AC0601F6E3800494940,CLOSR:BSCLS:C227763,BS CLOSURE,IPL,,LACC_APLOWED_C,REGNSK,,CONDSK03,SASKTEL,,,100049,,,,,,CHENR1,2021-12-25T07:45:26
Structure1_WGS84/141904,0101000000E8EC0800DE225AC0605F43C1A3394940,CLOSR:BSCLS:C155458,BS CLOSURE,IPL,,LACC_ATRENCH_C,REGNSK,,REGNSK46,SASKTEL,,,100049,,,,,,CHENR1,2022-03-26T02:05:06
Structure1_WGS84/141919,0101000000E4BD0CF460F35AC0589E918C453E4940,CLOSR:BSCLS:C538448,BS CLOSURE,IPL,,LACC_APLOWED_C,SWCRSK,,STVYSK02,SASKTEL,,,100049,,,,,,CHENR1,2022-01-27T05:18:24
Structure1_WGS84/141937,0101000000E0D154BC420A5AC07078AB95E6324940,CLOSR:BSCLS:C108768,BS CLOSURE,IPL,,LACC_APLOWED_C,BLGNSK,,DAVNSK01,SASKTEL,,,100049,,,,,,CHENR1,2021-12-28T08:12:12
Structure1_WGS84/141966,0101000000B45B2FD97AE55AC0E82750BC312E4940,CLOSR:BSCLS:C529602,BS CLOSURE,IPL,,LACC_ATRENCH_C,SWCRSK,,WLDCSK02,SASKTEL,,,100049,,,,,,CHENR1,2022-01-27T05:35:48
Structure1_WGS84/142014,01010000001CCC5140ED755BC090C0EB42D2DB4840,CLOSR:BSCLS:C515992,BS CLOSURE,IPL,,LACC_APLOWED_C,MPCKSK,,MPCKSK03,SASKTEL,,,100049,,,,,,CHENR1,2022-02-24T08:41:31
Structure1_WGS84/142015,0101000000A4E0566532785BC0B0C26EF193C94840,CLOSR:BSCLS:C516753,BS CLOSURE,IPL,,LACC_APLOWED_C,MPCKSK,,MPCKSK03,SASKTEL,,,100049,,,,,,CHENR1,2022-02-24T08:41:27
Structure1_WGS84/142040,0101000000F8C4ABF342625BC030F1F006E7594940,CLOSR:BSCLS:C517825,BS CLOSURE,IPL,,LACC_APLOWED_C,LEDRSK,,LBNTSK01,SASKTEL,,,100049,,,,,,CHENR1,2022-02-11T03:56:01
Structure1_WGS84/142052,01010000002457254F01FD5AC0C86209A846024940,CLOSR:BSCLS:C505773,BS CLOSURE,IPL,,LACC_APLOWED_C,NEVLSK,,LCPLSK02,SASKTEL,,,100049,,,,,,CHENR1,2022-02-11T05:03:20
Structure1_WGS84/142059,01010000007C8683F9B5B659C0A8086005A3334940,CLOSR:BSCLS:C143777,BS CLOSURE,IPL,,LACC_APLOWED_F,GRNFSK,,OKSHSK01,SASKTEL,,,100049,,,,,,CHENR1,2022-03-16T08:09:02
Structure1_WGS84/142077,0101000000288EF93C23655BC0E88871DB57234940,CLOSR:BSCLS:C572374,BS CLOSURE,IPL,,LACC_APLOWED_C,MPCKSK,,GLPRSK02,SASKTEL,,,100049,,,,,,CHENR1,2022-02-03T06:51:17
Structure1_WGS84/142114,010100000044A55097DE5D5BC0005D3AD4D91B4940,CLOSR:BSCLS:C517132,BS CLOSURE,IPL,,LACC_APLOWED_C,MPCKSK,,GLPRSK02,SASKTEL,,,100049,,,,,,CHENR1,2022-02-03T06:51:09
Structure1_WGS84/142218,01010000007C4D5F9A05265AC0402928EC72544940,CLOSR:BSCLS:C218004,BS CLOSURE,IPL,,LACC_APLOWED_C,REGNSK,,KNNLSK01,SASKTEL,,,100049,,,,,,CHENR1,2022-03-10T03:03:48
Structure1_WGS84/142254,0101000000ACA1EA43561D5AC0F035B6A451544940,CLOSR:BSCLS:C237770,BS CLOSURE,IPL,,LACC_APLOWED_C,REGNSK,,ZHNRSK02,SASKTEL,,,100049,,,,,,CHENR1,2022-05-02T06:58:26
Structure1_WGS84/142451,010100000094FFB9FD6C1A5AC0D044DF17B63C4940,CLOSR:BSCLS:C194482,BS CLOSURE,IPL,,LACC_APLOWED_C,REGNSK,,PLBTSK01,SASKTEL,,,100049,,,,,,CHENR1,2022-03-18T04:02:37
Structure1_WGS84/142470,0101000000F4738100561A5AC0281634A4BFBB4940,CLOSR:BSCLS:C160352,BS CLOSURE,IPL,,LACC_APLOWED_C,PNCHSK,,PMIRSK01,SASKTEL,,,100049,,,,,,CHENR1,2022-03-18T04:28:21
Structure1_WGS84/142491,0101000000C8C3285905225AC060DB0765893A4940,CLOSR:BSCLS:C153995,BS CLOSURE,IPL,,LACC_ATRENCH_C,REGNSK,,REGNSK46,SASKTEL,,no in ap martenes,100049,,,,,,CHENR1,2022-03-26T02:05:10
Structure1_WGS84/142508,0101000000841F4196EA225AC03886B508F73A4940,CLOSR:BSCLS:C157573,BS CLOSURE,IPL,,LACC_APLOWED_C,REGNSK,,REGNSK46,SASKTEL,,,100049,,,,,,CHENR1,2022-03-26T02:06:59
Structure1_WGS84/142593,0101000000DC9E0B16F3F659C0D033B5C0AC674940,CLOSR:BSCLS:C138515,BS CLOSURE,IPL,,LACC_APLOWED_C,FTQPSK,,SBIRSK01,SASKTEL,,,100049,,,,,,CHENR1,2022-03-30T07:09:41
Structure1_WGS84/142600,01010000003CF648BD661E5AC01816E7384F394940,CLOSR:BSCLS:C163039,BS CLOSURE,ABD,,LACC_APLOWED_C,REGNSK,,REGNSK46,SASKTEL,,,100049,,,,,,CHENR1,2022-03-26T02:10:29
Structure1_WGS84/142612,010100000034C300CE9A355AC050C93D207A654940,CLOSR:BSCLS:C82343,BS CLOSURE,ABD,,LACC_APLOWED_F,LMSDSK,,SABHSK01,SASKTEL,,,100049,,,,,,CHENR1,2022-03-30T03:59:41
Structure1_WGS84/142691,010100000098393B51A6275AC0C845B03CCB3B4940,CLOSR:BSCLS:C206083,BS CLOSURE,IPL,,LACC_ATRENCH_C,REGNSK,,REGNSK01,SASKTEL,,,100049,,,,,,KAURS3,2022-07-04T09:57:52
Structure1_WGS84/142843,0101000000AC376F3E83215AC0201B1902452B4940,CLOSR:BSCLS:C190159,BS CLOSURE,IPL,,LACC_APLOWED_C,REGNSK,,REGNSK45,SASKTEL,,,100049,,,,,,CHENR1,2022-04-08T07:34:34
Structure1_WGS84/142844,0101000000E4101D747C275AC0A0C766E938364940,CLOSR:BSCLS:C201252,BS CLOSURE,IPL,,LACC_ATRENCH_C,REGNSK,,REGNSK01,SASKTEL,,,100049,,,,,,CHENR1,2022-04-08T07:11:10
Structure1_WGS84/143003,0101000000B0DB4687B0D659C07896F05666794940,CLOSR:BSCLS:C174910,BS CLOSURE,ABD,,LACC_APLOWED_C,BLCRSK,,SRIRSK02,SASKTEL,,,100049,,,,,,CHENR1,2022-04-14T22:40:16
Structure1_WGS84/143077,010100000008B20DF8D6535AC0380B2490E1754940,CLOSR:BSCLS:C75090,BS CLOSURE,IPL,,LACC_APLOWED_C,HLDFSK,,WTBHSK01,SASKTEL,,,100049,,,,,,CHENR1,2022-04-29T02:10:09
Structure1_WGS84/143101,010100000058127ADF93005BC058585F80A45F4940,CLOSR:BSCLS:C375692,BS CLOSURE,IPL,,LACC_APLOWED_C,KYLESK,,SKLDSK01,SASKTEL,,,100049,,,,,,CHENR1,2022-04-05T02:11:32
Structure1_WGS84/143113,01010000002813BEC4E6185AC0D03114081F394940,CLOSR:BSCLS::9445322,BS CLOSURE,IPL,,LACC_ATRENCH_C,REGNSK,,WHCYSK01,SASKTEL,2017,,100049,,801759,,BOHLC2,2017-04-04T13:32:49,CHENR1,2022-04-27T06:57:56
Structure1_WGS84/143198,0101000000409EEF6A03F359C008A03C8C86614940,CLOSR:BSCLS:C135613,BS CLOSURE,IPL,,LACC_ATRENCH_C,FTQPSK,,FTQPSK01,SASKTEL,,,100049,,,,,,SINGS5,2022-08-28T13:11:55
Structure1_WGS84/143807,0101000000D0E52B535C235AC0E030A80EF0414940,CLOSR:BSCLS:C207339,BS CLOSURE,ABD,,LACC_APLOWED_F,REGNSK,,REGNSK04,SASKTEL,,,100049,,,,,,,
Structure1_WGS84/143936,01010000004886E1F8A1F05AC03855B71A1C1F4940,CLOSR:BSCLS:C546522,BS CLOSURE,ABD,,LACC_APLOWED_C,SWCRSK,,SWCRSK02,SASKTEL,,,100049,,,,,,,
Structure1_WGS84/143955,0101000000480F31C877435AC0A8B9B9BEB0014940,CLOSR:BSCLS:C72339,BS CLOSURE,IPL,,LACC_ATRENCH_C,AVNLSK,,AVNLSK01,SASKTEL,,,100049,,,,,,IHMED1,2016-11-22T09:51:44
Structure1_WGS84/143968,010100000078B5802993435AC0282794A4BCEF4840,CLOSR:BSCLS:C141870,BS CLOSURE,IPL,,LACC_APLOWED_C,AVNLSK,,AVNLSK01,SASKTEL,,,100049,,,,,,IHMED1,2016-11-22T09:51:51
Structure1_WGS84/144039,0101000000E03FF124A8A359C0107DF2A89F294940,CLOSR:BSCLS::7313153,BS CLOSURE,IPL,,LACC_APLOWED_C,BRVWSK,,BRVWSK01,SASKTEL,2013,,100049,,971825,,,,IHMED1,2016-11-18T10:57:46
Structure1_WGS84/144052,01010000007452B2DE20215AC058D6B9B3C0B34940,CLOSR:BSCLS:C156016,BS CLOSURE,IPL,,LACC_APLOWED_C,RYMRSK,,RYMRSK01,SASKTEL,,,100049,,,,,,IHMED1,2016-11-23T11:05:46
Structure1_WGS84/144118,0101000000D021294F44105AC0384D8134321E4940,CLOSR:BSCLS:C171631,BS CLOSURE,ABD,,LACC_APLOWED_F,REGNSK,,REGNSK01,SASKTEL,,80MPL,100049,,,,,,,
Structure1_WGS84/144266,010100000054E32BD533395AC0409F53F349544940,CLOSR:BSCLS:C92410,BS CLOSURE,IPL,,LACC_APLOWED_C,LMSDSK,,LMSDSK01,SASKTEL,,,100049,,,,,,IHMED1,2016-11-22T12:05:25
Structure1_WGS84/144283,0101000000681F073276275AC0B8D75DCE1C3E4940,CLOSR:BSCLS:C202521,BS CLOSURE,IPL,,LACC_ATRENCH_C,REGNSK,,REGNSK04,SASKTEL,,,100049,,,,,,,
Structure1_WGS84/144420,010100000078FD9AC3CD285AC0186B93B87E364940,CLOSR:BSCLS:C174769,BS CLOSURE,IPL,,LACC_ATRENCH_C,REGNSK,,REGNSK03,SASKTEL,,,100049,,,,,,,
Structure1_WGS84/144453,0101000000E8312235D3265AC0F000073BA5364940,CLOSR:BSCLS:C205641,BS CLOSURE,IPL,,LACC_ATRENCH_C,REGNSK,,REGNSK03,SASKTEL,,,100049,,,,,,,
Structure1_WGS84/144504,01010000007CB1A3E37DC45AC060F7779F6BF34840,CLOSR:BSCLS:C498512,BS CLOSURE,ABD,,LACC_APLOWED_C,VNGRSK,,VNGRSK01,SASKTEL,,,100049,,,,,,,
Structure1_WGS84/144552,01010000007437A575A1375AC00084619099514940,CLOSR:BSCLS:C78571,BS CLOSURE,IPL,,LACC_APLOWED_C,LMSDSK,,LMSDSK01,SASKTEL,,,100049,,,,,,IHMED1,2016-11-22T12:05:57
Structure1_WGS84/144555,01010000003865875B126A59C090593BF990314940,CLOSR:BSCLS:C167756,BS CLOSURE,IPL,,LACC_APLOWED_C,RCVLSK,,RCVLSK01,SASKTEL,,,100049,,,,,,IHMED1,2016-11-17T09:55:34
Structure1_WGS84/144569,0101000000AC2627919F5C5BC020D44A303BA94840,CLOSR:BSCLS:C572232,BS CLOSURE,IPL,,LACC_APLOWED_C,CNSLSK,,CNSLSK03,SASKTEL,,,100049,R1303 P1M,,,,,IHMED1,2016-11-14T14:21:07
Structure1_WGS84/144594,010100000034CDBACD9BC959C0D881A8A5C0344940,CLOSR:BSCLS:C145875,BS CLOSURE,IPL,,LACC_APLOWED_F,WLSLSK,,WLSLSK01,SASKTEL,,,100049,,,,,,IHMED1,2016-11-18T14:49:53
Structure1_WGS84/144646,0101000000E47AF131B74D5BC0804B6E517CF84840,CLOSR:BSCLS:C513486,BS CLOSURE,IPL,,LACC_APLOWED_F,MPCKSK,,MPCKSK01,SASKTEL,,,100049,,,,,,,
Structure1_WGS84/144742,0101000000B85EFB4B104F5BC000190EAC6C004940,CLOSR:BSCLS:C529728,BS CLOSURE,IPL,,LACC_APLOWED_F,PIPTSK,,PIPTSK01,SASKTEL,,,100049,,,,,,IHMED1,2016-11-14T08:34:15
Structure1_WGS84/144765,010100000024E1E4AC5F525AC000D9691343514940,CLOSR:BSCLS::7769434,BS CLOSURE,IPL,,LACC_APLOWED_C,BTHNSK,,BTHNSK02,SASKTEL,2014,,100049,,974959,,,,IHMED1,2016-11-22T14:10:55
Structure1_WGS84/144791,010100000064E72898355E5BC00071098D4EF44840,CLOSR:BSCLS:C525253,BS CLOSURE,IPL,,LACC_APLOWED_C,MPCKSK,,MPCKSK01,SASKTEL,,,100049,,,,,,,
Structure1_WGS84/144806,0101000000C46A6354E8545BC09007ABE96EF34840,CLOSR:BSCLS:C519203,BS CLOSURE,IPL,,LACC_APLOWED_C,MPCKSK,,MPCKSK01,SASKTEL,,,100049,,,,,,,
Structure1_WGS84/144884,0101000000108C762145385BC0A89C690E05224940,CLOSR:BSCLS:C525009,BS CLOSURE,IPL,,LACC_APLOWED_C,TPKNSK,,TPKNSK01,SASKTEL,,,100049,,,,,,IHMED1,2016-11-14T08:45:38
Structure1_WGS84/145041,01010000004044BB21C5EF5AC058B63BB04B234940,CLOSR:BSCLS::9654605,BS CLOSURE,IPL,,LACC_ATRENCH_C,SWCRSK,,SWCRSK02,SASKTEL,2017,,100049,,802786,,CHERM2,2017-08-31T11:05:55,THUND1,2025-02-24T06:19:57
Structure1_WGS84/145044,01010000008C9088F69FDC5AC0B84F741B9C324940,LOSR:BSCLS::10047569,BS CLOSURE,IPL,,LACC_APLOWED_C,SWCRSK,,WLDCSK02,SASKTEL,2018,,100049,,804973,,QUANM1,2018-07-16T09:19:33,THUND1,2025-02-24T06:19:54
Structure1_WGS84/145070,01010000005CEDD2CD98215AC0105C68F8A04C4940,CLOSR:BSCLS:C203850,BS CLOSURE,IPL,,LACC_APLOWED_C,REGNSK,,REGNSK04,SASKTEL,,,100049,,,,,,PONNL1,2020-03-16T00:30:32
Structure1_WGS84/145072,0101000000045B7D59A0265BC080342B9472C44840,CLOSR:BSCLS::12670615,BS CLOSURE,IPL,,LACC_APLOWED_C,SHNVSK,,DLRDSK01,SASKTEL,,,100049,,,,BINGA1,2023-03-13T23:30:50,RAVAG1,2023-11-13T22:27:21
Structure1_WGS84/145178,010100000060C5AE8F3C2B5AC038951F0791304940,CLOSR:BSCLS:C177030,BS CLOSURE,IPL,,LACC_APLOWED_C,REGNSK,,REGNSK03,SASKTEL,,,100049,,,,,,PALGS1,2019-08-22T23:53:07
Structure1_WGS84/145190,01010000001896CF8A19C95AC0F87607C29F0F4940,CLOSR:BSCLS:C501674,BS CLOSURE,IPL,,LACC_APLOWED_C,HDVLSK,,HDVLSK01,SASKTEL,,,100049,,,,,,ADELL2,2018-10-10T21:26:57
Structure1_WGS84/145246,0101000000B84F90034F225AC048EA7DB0BA444940,CLOSR:BSCLS:C207312,BS CLOSURE,IPL,,LACC_APLOWED_F,REGNSK,,REGNSK04,SASKTEL,,635M SOUTH OF PROPERTY LINE,100049,,,,,,PALGS1,2019-06-10T22:41:22
Structure1_WGS84/145257,0101000000D8600635AC2A5AC0807FCD83853F4940,CLOSR:BSCLS:C221561,BS CLOSURE,IPL,,LACC_APLOWED_C,REGNSK,,REGNSK04,SASKTEL,,,100049,,,,,,WIESJ3,2021-03-05T08:55:48
Structure1_WGS84/145343,0101000000DCCB24BAAC2F5BC018402AF8FFE24840,CLOSR:BSCLS:C518171,BS CLOSURE,IPL,,LACC_APLOWED_C,ESNDSK,,ESNDSK01,SASKTEL,,,100049,,,,,,VUDUP1,2018-10-08T08:58:21
Structure1_WGS84/145373,01010000004C39CBD1E8F759C0202AD993FB444940,CLOSR:BSCLS:C173823,BS CLOSURE,IPL,,LACC_APLOWED_C,QAPLSK,,QAPLSK01,SASKTEL,,,100049,,,,,,ESLIG1,2023-05-26T12:01:39
Structure1_WGS84/145392,01010000009094D8DB042B5BC0E0FFF7AF05B44840,CLOSR:BSCLS::12671247,BS CLOSURE,IPL,,LACC_APLOWED_C,ESNDSK,,ESNDSK01,SASKTEL,,,100049,,,,BINGA1,2023-03-14T01:06:17,THUND1,2024-03-01T06:08:20
Structure1_WGS84/145416,0101000000B47CE2080B795AC0C04897BA488C4940,CLOSR:BSCLS:C151486,BS CLOSURE,IPL,,LACC_APLOWED_F,CRAKSK,,CRAKSK01,SASKTEL,,,100049,,,,,,KLETR1,2023-06-14T09:08:36
Structure1_WGS84/145417,010100000028222A572F485BC020D260A136FE4840,CLOSR:BSCLS:C524441,BS CLOSURE,IPL,,LACC_APLOWED_C,PIPTSK,,PIPTSK01,SASKTEL,,,100049,,,,,,GANDN1,2018-04-13T04:03:04
Structure1_WGS84/145611,0101000000D064ECA22D195BC0D024CF67939A4840,CLOSR:BSCLS:C500853,BS CLOSURE,IPL,,LACC_ATRENCH_C,CLMXSK,,CLMXSK01,SASKTEL,,,100049,,,,,,HUNTG1,2021-03-23T09:45:23
Structure1_WGS84/145655,0101000000A0A08DBCE98859C098915BAF83274940,CLOSR:BSCLS::12666776,BS CLOSURE,IPL,,LACC_APLOWED_C,WHWDSK,,WHWDSK01,SASKTEL,,,100049,,,,THUND1,2023-03-13T03:50:59,THUND1,2024-02-22T02:01:11
Structure1_WGS84/145749,0101000000C49EBE173F1C5AC0C0A421E552114940,CLOSR:BSCLS::12289499,BS CLOSURE,IPL,,LACC_APLOWED_C,RCTNSK,,RCTNSK01,SASKTEL,2022,,100049,,818403,,ESLIG1,2022-08-18T13:52:58,ESLIG1,2024-08-23T14:04:28
Structure1_WGS84/145911,0101000000402E5A486C9359C0207C2385352B4940,CLOSR:BSCLS:C173268,BS CLOSURE,IPL,,LACC_APLOWED_C,WHWDSK,,WHWDSK01,SASKTEL,,,100049,,,,,,PALGS1,2019-04-30T23:16:10
Structure1_WGS84/145924,0101000000A4A6C730537A5AC0A806A3F7E5744940,CLOSR:BSCLS:C94201,BS CLOSURE,IPL,,LACC_APLOWED_C,CRAKSK,,CRAKSK01,SASKTEL,,,100049,,,,,,THOTV1,2018-09-14T06:41:57
Structure1_WGS84/145950,0101000000BC6E5DA6B0C05AC0503D44A33BF64840,CLOSR:BSCLS:C496675,BS CLOSURE,IPL,,LACC_APLOWED_C,VNGRSK,,VNGRSK01,SASKTEL,,,100049,,,,,,DASAS1,2018-10-03T13:08:33
Structure1_WGS84/145951,010100000068634FAFF2E05AC0F014E9205DF64840,CLOSR:BSCLS:C569142,BS CLOSURE,IPL,,LACC_APLOWED_C,VNGRSK,,VNGRSK01,SASKTEL,,,100049,,,,,,DASAS1,2018-10-08T01:15:50
Structure1_WGS84/145974,0101000000EC9CF1737F6159C050B70464582A4940,CLOSR:BSCLS:C128813,BS CLOSURE,IPL,,LACC_APLOWED_C,WLWYSK,,WLWYSK01,SASKTEL,,,100049,,,,,,YADAG1,2018-09-26T13:00:54
Structure1_WGS84/146021,010100000094F21AEE556B59C0183A83E767114940,CLOSR:BSCLS::12977802,BS CLOSURE,IPL,,LACC_AAERIAL_C,MSMNSK,,MSMNSK01,SASKTEL,2024,,100049,,821407,,KLETR1,2023-09-13T12:18:51,RAVAG1,2024-11-29T03:35:03
Structure1_WGS84/146033,0101000000CC0D8A3C22645BC06812FAA8E5FC4840,CLOSR:BSCLS:C572728,BS CLOSURE,IPL,,LACC_APLOWED_C,MPCKSK,,MPCKSK01,SASKTEL,,,100049,,,,,,PALGS1,2019-03-12T01:48:39
Structure1_WGS84/146093,0101000000A0F8C44980675AC078EB3E65146F4940,CLOSR:BSCLS:C100828,BS CLOSURE,IPL,,LACC_APLOWED_C,BTHNSK,,CHBLSK01,SASKTEL,,,100049,,,,,,CHENR1,2021-12-24T05:59:26
Structure1_WGS84/146205,010100000070F316DABC245AC0D805DA8F673D4940,CLOSR:BSCLS:C208164,BS CLOSURE,IPL,,LACC_APLOWED_C,REGNSK,,REGNSK12,SASKTEL,,,100049,,,,,,CHENR1,2021-11-23T01:19:13
Structure1_WGS84/146221,0101000000B0385ADD43255AC02868D495F23D4940,CLOSR:BSCLS:C195636,BS CLOSURE,IPL,,LACC_APLOWED_C,REGNSK,,REGNSK12,SASKTEL,,,100049,,,,,,CHENR1,2021-11-23T01:18:48
Structure1_WGS84/146232,01010000007841697A59235AC090198EA5D7384940,CLOSR:BSCLS::9783882,BS CLOSURE,IPL,,LACC_ATRENCH_C,REGNSK,,REGNSK45,SASKTEL,2016,,100049,,801112,,WILLJ2,2017-12-19T09:19:23,BALLB1,2019-07-18T00:45:16
Structure1_WGS84/146239,0101000000CC92254554525AC0E0CDFF8A405E4940,CLOSR:BSCLS:C147128,BS CLOSURE,IPL,,LACC_APLOWED_C,BTHNSK,,BTHNSK02,SASKTEL,,,100049,,,,,,PALGS1,2019-06-04T00:41:16
Structure1_WGS84/146240,0101000000E4185159FB245AC068FC8133F73C4940,CLOSR:BSCLS::7080250,BS CLOSURE,IPL,,LACC_ATRENCH_C,REGNSK,,REGNSK12,SASKTEL,2013,,100049,,968916,,,,SAKAM1,2024-12-05T05:29:53
Structure1_WGS84/146258,01010000009095A6DBAE345BC0E07C0C8BCE494940,CLOSR:BSCLS:C518502,BS CLOSURE,ABD,,LACC_APLOWED_C,ABBYSK,,ABBYSK03,SASKTEL,,,100049,,,,,,CHENR1,2021-11-29T08:18:49
Structure1_WGS84/146321,01010000000CB951187F405AC0780B9332343D4940,CLOSR:BSCLS:C123902,BS CLOSURE,IPL,,LACC_APLOWED_C,PENSSK,,PENSSK01,SASKTEL,,,100049,,,,,,GORRS2,2019-11-28T06:01:49
Structure1_WGS84/146750,0101000000F0F960CD8CB959C0B0D8062B24514940,CLOSR:BSCLS:C129296,BS CLOSURE,IPL,,LACC_APLOWED_C,GRNFSK,,GRNFSK01,SASKTEL,,,100049,,,,,,PONNL1,2019-12-29T23:17:31
Structure1_WGS84/146806,010100000090C481467FBF59C0F031150B51414940,CLOSR:BSCLS:C132679,BS CLOSURE,IPL,,LACC_APLOWED_C,GRNFSK,,GRNFSK01,SASKTEL,,,100049,,,,,,PONNL1,2019-12-26T20:48:47
Structure1_WGS84/146910,0101000000707556C4969F59C0B8876606C02F4940,CLOSR:BSCLS:C118931,BS CLOSURE,IPL,,LACC_APLOWED_F,BRVWSK,,BRVWSK01,SASKTEL,,,100049,,,,,,MEYEB2,2019-10-21T14:20:17
Structure1_WGS84/146974,0101000000149C29C3643B5BC0D056A53468874840,CLOSR:BSCLS:C522100,BS CLOSURE,IPL,,LACC_APLOWED_C,FRNTSK,,CLYDSK01,SASKTEL,,,100049,,,,,,CHENR1,2022-01-04T08:38:22
Structure1_WGS84/147053,0101000000C400C3D1790C5AC0A89E183B5C884940,CLOSR:BSCLS::7315709,BS CLOSURE,IPL,,LACC_APLOWED_C,CUPRSK,,CUPRSK02,SASKTEL,2014,,100049,,971824,,,,CHENR1,2021-12-27T09:16:22
Structure1_WGS84/147058,0101000000EC0EC6DB2C315AC058C1D391875B4940,CLOSR:BSCLS:C86898,BS CLOSURE,IPL,,LACC_ATRENCH_C,LMSDSK,,CRVNSK04,SASKTEL,,,100049,,,,,,CHENR1,2021-12-27T05:54:42
Structure1_WGS84/147124,0101000000F0B67142E3255AC0B052E340B0394940,CLOSR:BSCLS::8002094,BS CLOSURE,IPL,,LACC_ATRENCH_C,REGNSK,,REGNSK01,SASKTEL,2014,,100049,,976393,,,,LUBIT1,2020-06-11T11:46:05
Structure1_WGS84/147200,0101000000FC23707758235AC0C015377863394940,CLOSR:BSCLS:C180935,BS CLOSURE,IPL,,LACC_ATRENCH_C,REGNSK,,REGNSK46,SASKTEL,,,100049,,,,,,CHENR1,2022-03-26T02:06:56
Structure1_WGS84/147232,0101000000A0E4510142285AC0882DCAFAFA054940,CLOSR:BSCLS:C81247,BS CLOSURE,ABD,,LACC_APLOWED_C,MLSTSK,,MLSTSK01,SASKTEL,,,100049,,,,,,KAURP3,2022-11-22T00:53:49
Structure1_WGS84/147242,010100000000C1954CCB265BC0607E671B02CF4840,CLOSR:BSCLS::8306091,BS CLOSURE,IPL,,LACC_APLOWED_C,SHNVSK,,DLRDSK01,SASKTEL,2014,,100049,,,,,,CHENR1,2021-12-28T09:11:27
Structure1_WGS84/147275,0101000000F03E2BBCCD345AC0F0F1239A1A344940,CLOSR:BSCLS:C206430,BS CLOSURE,IPL,,LACC_APLOWED_C,REGNSK,,GDCLSK03,SASKTEL,,,100049,,,,,,CHENR1,2022-02-02T06:17:52
Structure1_WGS84/147279,0101000000188E6AB5E0DC5AC050422525F2324940,CLOSR:BSCLS:C531673,BS CLOSURE,IPL,,LACC_APLOWED_C,SWCRSK,,WLDCSK02,SASKTEL,,,100049,,,,,,CHENR1,2022-01-27T05:35:47
Structure1_WGS84/147287,0101000000BC22BB7C72465BC0A86286DA77CA4840,CLOSR:BSCLS:C528538,BS CLOSURE,IPL,,LACC_APLOWED_C,ESNDSK,,RVNSSK01,SASKTEL,,,100049,,,,,,CHENR1,2022-02-01T01:34:16
Structure1_WGS84/147331,01010000007045CBAFD6B059C0407D24C2D22C4940,CLOSR:BSCLS:C170972,BS CLOSURE,IPL,,LACC_APLOWED_C,GRNFSK,,OKSHSK01,SASKTEL,,,100049,,,,,,CHENR1,2022-03-16T08:09:01
Structure1_WGS84/147366,010100000074CCC09B4A095AC018C064B5C9234940,CLOSR:BSCLS:C182382,BS CLOSURE,IPL,,LACC_APLOWED_C,REGNSK,,LJRDSK01,SASKTEL,,,100049,,,,,,CHENR1,2022-03-11T06:16:19
Structure1_WGS84/147390,0101000000DC8A5A20B5C95AC0A09F5CFF204D4940,CLOSR:BSCLS:C512124,BS CLOSURE,IPL,,LACC_APLOWED_C,HRBRSK,,GLTWSK01,SASKTEL,,,100049,,,,,,CHENR1,2022-02-03T07:03:21
Structure1_WGS84/147394,0101000000C066E8EEE6235AC02837D8A842634940,CLOSR:BSCLS:C202650,BS CLOSURE,IPL,,LACC_APLOWED_C,REGNSK,,KNNLSK01,SASKTEL,,,100049,,,,,,CHENR1,2022-03-10T03:03:51
Structure1_WGS84/147396,0101000000ACC68E9D627B5AC010E8EED56F954940,CLOSR:BSCLS:C97939,BS CLOSURE,IPL,,LACC_APLOWED_C,DVSNSK,,GRVNSK01,SASKTEL,,,100049,,,,,,CHENR1,2022-02-04T05:38:49
Structure1_WGS84/147404,01010000007CA7DD70DEE059C09813EF98EB144940,CLOSR:BSCLS:C146565,BS CLOSURE,IPL,,LACC_APLOWED_C,MTMRSK,,KENDSK01,SASKTEL,,,100049,,,,,,CHENR1,2022-03-09T08:52:18
Structure1_WGS84/147421,01010000000C16BD6F36275AC0C806237AC25B4940,CLOSR:BSCLS:C214164,BS CLOSURE,IPL,,LACC_APLOWED_F,REGNSK,,KNNLSK01,SASKTEL,,45M CL,100049,,,,,,CHENR1,2022-03-10T03:03:48
Structure1_WGS84/147545,01010000001CCA1A6C1F6C5BC0809E4E9801FC4840,CLOSR:BSCLS:C525095,BS CLOSURE,IPL,,LACC_APLOWED_C,MPCKSK,,HTTNSK01,SASKTEL,,,100049,,,,,,CHENR1,2022-03-03T06:11:48
Structure1_WGS84/147697,01010000002C6EBF566B1A5AC020EC7FB3263D4940,CLOSR:BSCLS::7385114,BS CLOSURE,IPL,,LACC_ATRENCH_F,,,PLBTSK01,SASKTEL,2013,,100049,,0,,,,CHENR1,2022-03-18T04:02:46
Structure1_WGS84/147729,01010000008452509110225AC0007F5C486B3A4940,CLOSR:BSCLS:C153895,BS CLOSURE,IPL,,LACC_ATRENCH_C,REGNSK,,REGNSK46,SASKTEL,,,100049,,,,,,CHENR1,2022-03-26T02:07:00
Structure1_WGS84/147736,0101000000B4B87AD9AC225AC0A8E4AB708D3A4940,CLOSR:BSCLS:C156936,BS CLOSURE,IPL,,LACC_APLOWED_C,REGNSK,,REGNSK46,SASKTEL,,,100049,,,,,,CHENR1,2022-03-26T02:05:12
Structure1_WGS84/147751,010100000098CBFE5A8DAB59C0C8D7EA54744B4940,CLOSR:BSCLS:C170444,BS CLOSURE,IPL,,LACC_APLOWED_C,BRVWSK,,MARLSK01,SASKTEL,2012,,100049,,961744,,,,CHENR1,2022-03-14T03:12:03
Structure1_WGS84/147856,0101000000440D04D399F859C04804FEEBBA694940,CLOSR:BSCLS:C137184,BS CLOSURE,IPL,,LACC_APLOWED_C,FTQPSK,,SBIRSK01,SASKTEL,,,100049,,,,,,CHENR1,2022-03-30T07:10:40
Structure1_WGS84/147925,01010000009858DD73AB225AC028592AE98D3A4940,CLOSR:BSCLS:C156934,BS CLOSURE,IPL,,LACC_APLOWED_C,REGNSK,,REGNSK46,SASKTEL,,,100049,,,,,,CHENR1,2022-03-26T02:05:07
Structure1_WGS84/147955,01010000002CAF05B83E235AC03060207A653A4940,CLOSR:BSCLS:C155328,BS CLOSURE,IPL,,LACC_APLOWED_C,REGNSK,,REGNSK46,SASKTEL,,,100049,,,,,,CHENR1,2022-03-26T02:07:01
Structure1_WGS84/148010,01010000003CE5FB5609A559C030DCAF2BFB3F4940,CLOSR:BSCLS::12672211,BS CLOSURE,IPL,,LACC_APLOWED_C,BRVWSK,,KIRVSK01,SASKTEL,,,100049,,,,BINGA1,2023-03-14T04:08:22,THUND1,2023-03-15T04:08:23
Structure1_WGS84/148060,0101000000EC530E9354215AC038DE17166A354940,CLOSR:BSCLS:C188815,BS CLOSURE,ABD,,LACC_APLOWED_C,REGNSK,,REGNSK45,SASKTEL,,,100049,,,,,,CHENR1,2022-04-08T07:36:12
Structure1_WGS84/148119,0101000000B4EC1870F9475AC088DCA97901764940,CLOSR:BSCLS:C76735,BS CLOSURE,IPL,,LACC_APLOWED_C,STBGSK,,SBBHSK01,SASKTEL,2000,,100049,,,,,,CHENR1,2022-03-30T06:59:40
Structure1_WGS84/148130,0101000000284107DC81025BC0A0B5B21C5F814940,CLOSR:BSCLS:C557382,BS CLOSURE,IPL,,LACC_APLOWED_C,KYLESK,,TBRSSK01,SASKTEL,,,100049,,,,,,CHENR1,2022-04-19T03:07:11
Structure1_WGS84/148142,0101000000C050089683405BC010CA3C0BA5074940,CLOSR:BSCLS::7372333,BS CLOSURE,IPL,,LACC_APLOWED_F,TPKNSK,,TPKNSK01,SASKTEL,2013,,100049,,0,,,,CHENR1,2022-04-19T03:37:27
Structure1_WGS84/148174,0101000000586A1A9A46775BC008736303741D4940,CLOSR:BSCLS:C535186,BS CLOSURE,IPL,,LACC_APLOWED_C,RCHMSK,,RCHMSK02,SASKTEL,,,100049,,,,,,CHENR1,2022-04-08T03:25:55
Structure1_WGS84/148433,010100000080C11CDAF3E959C0F8FDCDBE84404940,CLOSR:BSCLS::12677971,BS CLOSURE,IPL,,LACC_APLOWED_C,INHDSK,,INHDSK01,SASKTEL,2018,,100049,,802945,,PITTM1,2023-03-14T20:22:13,THUND1,2023-03-15T20:19:02
Structure1_WGS84/148687,0101000000F85F584532275AC030A426DB2F364940,CLOSR:BSCLS:C385947,BS CLOSURE,IPL,,LACC_APLOWED_C,REGNSK,,REGNSK03,SASKTEL,2009,,100049,,941265,,,,LUBIT1,2022-07-15T10:32:48
Structure1_WGS84/148855,01010000007499316A56275AC010BD9641C9344940,CLOSR:BSCLS:C213684,BS CLOSURE,IPL,,LACC_ATRENCH_C,REGNSK,,REGNSK03,SASKTEL,,,100049,,,,,,MCKED4,2022-11-07T14:15:33
Structure1_WGS84/149113,010100000030373FFBDA3F5AC0B0982CE986A24940,CLOSR:BSCLS:C151442,BS CLOSURE,IPL,,LACC_APLOWED_C,GOVNSK,,GOVNSK01,SASKTEL,,,100049,,,,,,IHMED1,2016-11-23T09:31:00
Structure1_WGS84/149120,0101000000EC62E3BFF5E959C0F0544AE650444940,CLOSR:BSCLS:C114469,BS CLOSURE,ABD,,LACC_APLOWED_C,INHDSK,,INHDSK01,SASKTEL,,,100049,,,,,,IHMED1,2016-11-24T13:36:05
Structure1_WGS84/149217,01010000003C2761FFE54A5BC0E80DE8D38A6E4940,CLOSR:BSCLS:C570282,BS CLOSURE,IPL,,LACC_APLOWED_C,SCPTSK,,SCPTSK01,SASKTEL,,,100049,,,,,,,
Structure1_WGS84/149252,010100000010257F0238ED5AC0686445E4A6364940,CLOSR:BSCLS:C528859,BS CLOSURE,IPL,,LACC_APLOWED_C,SWCRSK,,SWCRSK02,SASKTEL,,,100049,,,,,,,
Structure1_WGS84/149256,01010000006C5A65B046275AC0784B511F62454940,CLOSR:BSCLS::8866141,BS CLOSURE,ABD,,LACC_APLOWED_C,REGNSK,,REGNSK04,SASKTEL,2015,,100049,,,,,,,
Structure1_WGS84/149273,0101000000ACBFBF1DD5425AC0F8F82531F4714940,CLOSR:BSCLS:C98931,BS CLOSURE,IPL,,LACC_APLOWED_C,STBGSK,,STBGSK01,SASKTEL,,,100049,,,,,,IHMED1,2016-11-23T14:07:27
Structure1_WGS84/149280,0101000000ECC851B3B93A5AC018883DD815654940,CLOSR:BSCLS:C155967,BS CLOSURE,IPL,,LACC_ATRENCH_C,RGBHSK,,RGBHSK01,SASKTEL,2011,,100049,,958560,,,,IHMED1,2016-11-22T13:48:47
Structure1_WGS84/149284,010100000010995E07531F5BC0A8399A0C4F534940,CLOSR:BSCLS:C571732,BS CLOSURE,IPL,,LACC_APLOWED_F,CABRSK,,CABRSK01,SASKTEL,,,100049,,,,,,,
Structure1_WGS84/149299,0101000000FC5F89C88F9059C040C7576D842B4940,CLOSR:BSCLS:C141106,BS CLOSURE,IPL,,LACC_APLOWED_C,WHWDSK,,WHWDSK01,SASKTEL,,,100049,,,,,,IHMED1,2016-11-18T09:32:06
Structure1_WGS84/149310,010100000058C9A8E1249359C05862665832064940,CLOSR:BSCLS:C112134,BS CLOSURE,IPL,,LACC_APLOWED_C,KNDYSK,,KNDYSK01,SASKTEL,,NO AP IN MARTENS,100049,,,,,,IHMED1,2016-11-17T14:58:32
Structure1_WGS84/149378,01010000008C19481A33085BC0301EDF2A44634940,CLOSR:BSCLS:C361382,BS CLOSURE,IPL,,LACC_APLOWED_C,KYLESK,,KYLESK01,SASKTEL,,,100049,,,,,,,
Structure1_WGS84/149437,01010000007C6B9E58E4EC5AC0E0597A8814244940,CLOSR:BSCLS:C539675,BS CLOSURE,IPL,,LACC_APLOWED_C,SWCRSK,,SWCRSK02,SASKTEL,,,100049,,,,,,,
Structure1_WGS84/149451,01010000001C7B6F6CD3115AC0381AAEE580AE4940,CLOSR:BSCLS:C103915,BS CLOSURE,IPL,,LACC_APLOWED_C,PNCHSK,,PNCHSK01,SASKTEL,,,100049,,,,,,IHMED1,2016-11-23T11:31:05
Structure1_WGS84/149564,0101000000E41454BC806C59C0B8FC80A7934F4940,CLOSR:BSCLS:C81714,BS CLOSURE,IPL,,LACC_APLOWED_C,SYHLSK,,SYHLSK02,SASKTEL,,,100049,,,,,,IHMED1,2016-11-17T12:48:32
Structure1_WGS84/149595,01010000004409E36FA7265AC09001DF5B7B344940,CLOSR:BSCLS:C210062,BS CLOSURE,IPL,,LACC_APLOWED_C,REGNSK,,REGNSK03,SASKTEL,,,100049,,,,,,,
Structure1_WGS84/149611,0101000000E498596F672B5AC0E83E29951B3E4940,CLOSR:BSCLS:C224312,BS CLOSURE,IPL,,LACC_APLOWED_C,REGNSK,,REGNSK04,SASKTEL,,,100049,,,,,,,
Structure1_WGS84/149619,01010000002C98226D81275AC0D8B7DCCB833C4940,CLOSR:BSCLS:C215085,BS CLOSURE,IPL,,LACC_ATRENCH_C,REGNSK,,REGNSK04,SASKTEL,,,100049,,,,,,,
Structure1_WGS84/149623,010100000060514E0A6C285AC0A03ACFA5263F4940,CLOSR:BSCLS:C205650,BS CLOSURE,IPL,,LACC_APLOWED_C,REGNSK,,REGNSK04,SASKTEL,,,100049,,,,,,,
Structure1_WGS84/149624,010100000064A51BF17C2A5AC010A9C7F5303C4940,CLOSR:BSCLS:C210419,BS CLOSURE,IPL,,LACC_ATRENCH_C,REGNSK,,REGNSK04,SASKTEL,,,100049,,,,,,,
Structure1_WGS84/149627,0101000000B4F547D6E92A5AC0F8A58F77893B4940,CLOSR:BSCLS:C200533,BS CLOSURE,IPL,,LACC_ATRENCH_C,REGNSK,,REGNSK04,SASKTEL,,,100049,,,,,,,
Structure1_WGS84/149651,0101000000A436031F4D295AC0785FAFCC753F4940,CLOSR:BSCLS:C226615,BS CLOSURE,IPL,,LACC_ATRENCH_C,REGNSK,,REGNSK04,SASKTEL,,,100049,,,,,,,
Structure1_WGS84/149727,0101000000F01B1035922A5AC028189742113C4940,CLOSR:BSCLS:C212308,BS CLOSURE,IPL,,LACC_ATRENCH_C,REGNSK,,REGNSK04,SASKTEL,,,100049,,,,,,,
Structure1_WGS84/149753,0101000000C8EB47DE871A5BC0B82B20F932CE4840,CLOSR:BSCLS:C527603,BS CLOSURE,IPL,,LACC_APLOWED_C,SHNVSK,,SHNVSK01,SASKTEL,,,100049,,,,,,IHMED1,2016-11-14T11:21:27
Structure1_WGS84/149857,0101000000A8919ACCD10A5AC068B1EAFF5E454940,CLOSR:BSCLS:C101876,BS CLOSURE,IPL,,LACC_APLOWED_C,BLGNSK,,BLGNSK01,SASKTEL,,,100049,,,,,,IHMED1,2016-11-24T08:52:06
Structure1_WGS84/149871,010100000068C571BF07135AC00808AA3C3D3C4940,CLOSR:BSCLS:C102028,BS CLOSURE,ABD,,LACC_APLOWED_C,BLGNSK,,BLGNSK01,SASKTEL,,,100049,,,,,,IHMED1,2016-11-24T08:52:25
Structure1_WGS84/149872,010100000090EC6FDB277959C06848034F8C3F4940,CLOSR:BSCLS:C152607,BS CLOSURE,IPL,,LACC_APLOWED_C,TNTLSK,,TNTLSK01,SASKTEL,,,100049,,,,,,IHMED1,2016-11-17T13:30:24
Structure1_WGS84/149890,0101000000B004D02A7EDD5AC0F0BEED202EF84840,CLOSR:BSCLS:C498879,BS CLOSURE,IPL,,LACC_APLOWED_C,VNGRSK,,VNGRSK01,SASKTEL,,,100049,,,,,,,
Structure1_WGS84/149964,010100000008E319C757AC59C06885053ED9F74840,CLOSR:BSCLS:C148266,BS CLOSURE,IPL,,LACC_APLOWED_C,KPNGSK,,KPNGSK01,SASKTEL,,,100049,,,,,,IHMED1,2016-11-18T11:19:23
Structure1_WGS84/149968,01010000002CF3B518506B59C0C0F737D54B144940,CLOSR:BSCLS:C146211,BS CLOSURE,IPL,,LACC_APLOWED_C,MSMNSK,,MSMNSK01,SASKTEL,,,100049,,,,,,IHMED1,2016-11-17T09:23:14
Structure1_WGS84/150020,0101000000243D043CE66859C0F0A0066493114940,CLOSR:BSCLS:C148588,BS CLOSURE,IPL,,LACC_APLOWED_C,MSMNSK,,MSMNSK01,SASKTEL,,,100049,,,,,,IHMED1,2016-11-17T09:22:08
Structure1_WGS84/150025,0101000000E84B7381E41F5AC0B0C329C4BA784940,CLOSR:BSCLS:C118170,BS CLOSURE,IPL,,LACC_APLOWED_C,STHYSK,,STHYSK01,SASKTEL,,,100049,,,,,,IHMED1,2016-11-23T15:07:32
Structure1_WGS84/150102,010100000014ABC18C6D9359C068E286E77E2A4940,CLOSR:BSCLS:C170713,BS CLOSURE,IPL,,LACC_APLOWED_C,WHWDSK,,WHWDSK01,SASKTEL,,,100049,,,,,,IHMED1,2016-11-18T09:32:00
Structure1_WGS84/150115,010100000010125CF1BC225BC080E97A3016064940,CLOSR:BSCLS:C521069,BS CLOSURE,IPL,,LACC_APLOWED_C,GLLKSK,,GLLKSK01,SASKTEL,,,100049,,,,,,IHMED1,2016-11-14T09:01:36
Structure1_WGS84/150195,0101000000ECB9FD068E2C5AC030F2536B4D3D4940,CLOSR:BSCLS:C200243,BS CLOSURE,IPL,,LACC_ATRENCH_C,REGNSK,,REGNSK04,SASKTEL,,,100049,,,,,,,
Structure1_WGS84/150281,0101000000407AA1B877DF5AC0E0C1DE7D3BDD4840,CLOSR:BSCLS:C512109,BS CLOSURE,IPL,,LACC_APLOWED_C,PNTXSK,,PNTXSK01,SASKTEL,,,100049,,,,,,IHMED1,2016-11-14T10:41:31
Structure1_WGS84/150306,0101000000CC4CB78C7E435AC01077FE521E024940,CLOSR:BSCLS:C73264,BS CLOSURE,IPL,,LACC_APLOWED_C,AVNLSK,,AVNLSK01,SASKTEL,,,100049,,,,,,IHMED1,2016-11-22T09:51:39
Structure1_WGS84/150326,010100000054933DC846F35AC0F8FBC9DB3B234940,CLOSR:BSCLS:C537436,BS CLOSURE,IPL,,LACC_APLOWED_C,SWCRSK,,SWCRSK02,SASKTEL,,,100049,S 21 300 CENTRAL AVE,,,,,,
Structure1_WGS84/150382,0101000000CC56AA80C5295AC0A0F495DFE0374940,CLOSR:BSCLS:C215698,BS CLOSURE,IPL,,LACC_ATRENCH_C,REGNSK,,REGNSK58,SASKTEL,,,100049,,,,,,RAVAG1,2025-04-16T01:00:34
Structure1_WGS84/150411,0101000000E8D3F708FFF05AC0D04ED7C4961F4940,CLOSR:BSCLS::8841450,BS CLOSURE,IPL,,LACC_ATRENCH_C,SWCRSK,,SWCRSK02,SASKTEL,2016,,100049,,983278,,,,THUND1,2025-02-24T06:19:57
Structure1_WGS84/150474,01010000002478471CCB3E5AC0F0ADB1E6E88F4940,CLOSR:BSCLS:C116467,BS CLOSURE,ABD,,LACC_APLOWED_F,STBGSK,,STBGSK01,SASKTEL,,,100049,,,,,,BALLB1,2019-04-12T01:29:30
Structure1_WGS84/150504,01010000000C20A4F09E2A5AC018D3F91BAD3B4940,CLOSR:BSCLS:C198179,BS CLOSURE,IPL,,LACC_APLOWED_C,REGNSK,,REGNSK04,SASKTEL,,,100049,,,,,,GORRS2,2019-01-24T11:25:51
Structure1_WGS84/150621,0101000000106CF163CB2C5AC0F8A578DB132E4940,CLOSR:BSCLS::9624523,BS CLOSURE,IPL,,LACC_APLOWED_C,REGNSK,,REGNSK03,SASKTEL,2017,,100049,,801983,,WILLJ2,2017-08-15T16:02:42,WILLJ2,2017-08-15T16:16:12
Structure1_WGS84/150720,0101000000F444C5A2E35C5AC000C623F3F3954940,CLOSR:BSCLS::9535264,BS CLOSURE,IPL,,LACC_APLOWED_C,LBRTSK,,LBRTSK02,SASKTEL,2017,,100049,,802161,,LUBIT1,2017-05-30T16:08:58,ESLIG1,2018-04-27T15:19:10
Structure1_WGS84/150776,0101000000744ED70653735BC0F847752D66544940,CLOSR:BSCLS:C527087,BS CLOSURE,ABD,,LACC_APLOWED_C,BRSTSK,,BRSTSK02,SASKTEL,,,100049,,,,,,BUTTS1,2018-03-30T22:19:11
Structure1_WGS84/150811,0101000000B0170F9128335AC0A0BA82723D404940,CLOSR:BSCLS::9049229,BS CLOSURE,IPL,,LACC_APLOWED_C,REGNSK,,REGNSK04,SASKTEL,2016,,100049,,800037,,,,QIUE1,2018-06-04T16:29:33
Structure1_WGS84/150827,0101000000F8A90D289D1F5AC06005C9EC80364940,CLOSR:BSCLS::8807534,BS CLOSURE,IPL,,LACC_APLOWED_C,REGNSK,,REGNSK46,SASKTEL,2015,,100049,,982932,,,,THUND1,2024-01-24T23:51:46
Structure1_WGS84/150954,010100000078E6C1EA431E5AC0A83FE3AB655F4940,CLOSR:BSCLS::12216204,BS CLOSURE,IPL,,LACC_APLOWED_C,REGNSK,,PPIRSK01,SASKTEL,2022,,100049,,818060,,ESLIG1,2022-07-14T09:24:13,ESLIG1,2024-08-23T12:16:13
Structure1_WGS84/150959,0101000000E4C3BD76CCE759C0E094A783E7314940,CLOSR:BSCLS::9051388,BS CLOSURE,IPL,,LACC_APLOWED_C,INHDSK,,INHDSK01,SASKTEL,2016,,100049,,984476,,,,KAURR2,2017-01-17T09:55:59
Structure1_WGS84/150965,0101000000B05A232C514D5AC038765D20CA834940,CLOSR:BSCLS::11461342,BS CLOSURE,IPL,,LACC_ATRENCH_C,STBGSK,,SBBHSK01,SASKTEL,2021,,100049,,813607,,KLETR1,2021-05-20T09:56:48,MADUC1,2021-12-10T15:16:09
Structure1_WGS84/151275,010100000034F7A98DFEB759C0706ABA4DA1364940,CLOSR:BSCLS:C140657,BS CLOSURE,IPL,,LACC_APLOWED_C,GRNFSK,,GRNFSK01,SASKTEL,,,100049,,,,,,PALGS1,2019-04-30T01:42:47
Structure1_WGS84/151285,0101000000F8F97F6D8EDB5AC098C45B7F7CD14840,CLOSR:BSCLS:C502645,BS CLOSURE,IPL,,LACC_APLOWED_C,PNTXSK,,PNTXSK01,SASKTEL,,,100049,,,,,,GORRS2,2019-04-10T09:51:32
Structure1_WGS84/151289,0101000000142715922EF15AC0309138BC84244940,CLOSR:BSCLS:C542306,BS CLOSURE,IPL,,LACC_APLOWED_C,SWCRSK,,SWCRSK02,SASKTEL,,,100049,,,,,,HUNTG1,2024-01-16T08:21:11
Structure1_WGS84/151290,0101000000749C75A2D1205BC080914ECC16AF4840,CLOSR:BSCLS::11406618,BS CLOSURE,IPL,,LACC_APLOWED_C,FRNTSK,,FRNTSK01,SASKTEL,2020,,100049,,808869,,KAURP3,2021-04-07T17:58:51,KAURP3,2021-04-07T18:37:27
Structure1_WGS84/151321,010100000050D777D139E65AC038E6F1F819F94840,CLOSR:BSCLS:C506601,BS CLOSURE,IPL,,LACC_APLOWED_C,NEVLSK,,NEVLSK01,SASKTEL,,,100049,,,,,,MACHS1,2018-10-08T23:14:21
Structure1_WGS84/151409,0101000000ECC0FB086E5A5AC0C028A9CFB26A4940,CLOSR:BSCLS:C145034,BS CLOSURE,IPL,,LACC_APLOWED_F,HLDFSK,,HLDFSK01,SASKTEL,,,100049,,,,,,PALGS1,2019-09-13T00:35:32
Structure1_WGS84/151432,0101000000C4906E14B1285AC0B0F44C2FB1984940,CLOSR:BSCLS:C163295,BS CLOSURE,ABD,,LACC_APLOWED_C,RYMRSK,,RYMRSK01,SASKTEL,2012,,100049,,962952,,,,GORRS2,2021-06-08T12:13:02
Structure1_WGS84/151437,010100000034F3111CAA4C5AC0C81C13B5B64C4940,CLOSR:BSCLS:C97737,BS CLOSURE,IPL,,LACC_APLOWED_C,BTHNSK,,BTHNSK02,SASKTEL,,,100049,,,,,,PONNL1,2020-10-19T02:24:38
Structure1_WGS84/151500,0101000000BC20639ADB215BC0280C4267BCE04840,CLOSR:BSCLS::9813147,BS CLOSURE,IPL,,LACC_APLOWED_C,SHNVSK,,SHNVSK04,SASKTEL,2018,,100049,,803751,,CHERM2,2018-01-23T11:25:51,PALGS1,2019-08-22T03:24:20
Structure1_WGS84/151509,0101000000D0C68879D3D35AC03008FC19921C4940,CLOSR:BSCLS:C512652,BS CLOSURE,IPL,,LACC_APLOWED_C,NDPTSK,,HLNQSK01,SASKTEL,,,100049,,,,,,CHENR1,2021-10-25T08:36:53
Structure1_WGS84/151517,0101000000943E507BE5FF59C0B0F45B5A5E504940,CLOSR:BSCLS:C132163,BS CLOSURE,IPL,,LACC_APLOWED_C,QAPLSK,,EDGLSK04,SASKTEL,,,100049,,,,,,CHENR1,2021-11-23T08:20:41
Structure1_WGS84/151595,0101000000A4DB35C8D4055AC0E804D7C3B4094940,CLOSR:BSCLS:C74266,BS CLOSURE,ABD,,LACC_APLOWED_F,SDLYSK,,SDLYSK02,SASKTEL,,,100049,,,,,,PALGS1,2019-04-04T23:45:46
Structure1_WGS84/151602,0101000000AC3D3C161ED259C0A04B63E18F364940,CLOSR:BSCLS:C142245,BS CLOSURE,IPL,,LACC_APLOWED_F,WLSLSK,,WLSLSK01,SASKTEL,,,100049,,,,,,PALGS1,2019-04-12T03:29:22
Structure1_WGS84/151667,01010000000C257647488C5AC088F0BF9AE5B44940,CLOSR:BSCLS:C95334,BS CLOSURE,IPL,,LACC_APLOWED_F,DVSNSK,,BLWOSK02,SASKTEL,,,100049,,,,,,CHENR1,2021-12-07T03:20:19
Structure1_WGS84/151817,0101000000502FDEE0026D5AC02846A363908D4940,CLOSR:BSCLS:C90242,BS CLOSURE,IPL,,LACC_APLOWED_C,CRAKSK,,CRAKSK01,SASKTEL,,,100049,,,,,,GOPIA1,2019-12-02T08:55:18
Structure1_WGS84/152020,0101000000D0F8FF1DE35C5AC0D860CAF5F3954940,CLOSR:BSCLS::9535262,BS CLOSURE,IPL,,LACC_APLOWED_C,LBRTSK,,LBRTSK02,SASKTEL,2017,,100049,,802161,,LUBIT1,2017-05-30T16:01:45,CHENR1,2019-11-29T11:51:32
Structure1_WGS84/152028,01010000002C2F0714E6DA5AC0403D9E7F03BF4840,CLOSR:BSCLS:C515121,BS CLOSURE,IPL,,LACC_APLOWED_C,PNTXSK,,BFHRSK01,SASKTEL,,,100049,,,,,,CHENR1,2021-12-03T03:02:08
Structure1_WGS84/152112,01010000004C30D8178D3F5BC078A1687480BE4840,CLOSR:BSCLS::11545485,BS CLOSURE,IPL,,LACC_APLOWED_C,ESNDSK,,RVNSSK01,SASKTEL,2022,,100049,,814158,,KAURP3,2021-07-15T03:44:32,KAURP3,2022-11-21T23:37:57
Structure1_WGS84/152150,010100000004E3100CE86859C0F0161214A5214940,CLOSR:BSCLS::8272171,BS CLOSURE,IPL,,LACC_APLOWED_C,MSMNSK,,MSMNSK01,SASKTEL,2014,,100049,,976160,,,,OUGAB1,2019-12-19T23:36:06
Structure1_WGS84/152166,01010000004003EECF3E035AC048D169010D1E4940,CLOSR:BSCLS:C70155,BS CLOSURE,IPL,,LACC_APLOWED_C,SDLYSK,,SDLYSK02,SASKTEL,,,100049,,,,,,PONNL1,2019-12-23T04:50:22
Structure1_WGS84/152168,010100000004654C872F285AC040AD8B10DB324940,CLOSR:BSCLS:C207071,BS CLOSURE,IPL,,LACC_ATRENCH_C,REGNSK,,REGNSK03,SASKTEL,,,100049,,,,,,GORRS2,2019-10-01T08:57:51
Structure1_WGS84/152193,0101000000D816E4B5F26859C0B83FDFCF96214940,CLOSR:BSCLS::8395373,BS CLOSURE,IPL,,LACC_APLOWED_C,MSMNSK,,MSMNSK01,SASKTEL,2014,,100049,,976160,,,,OUGAB1,2019-12-19T23:35:10
Structure1_WGS84/152212,0101000000B42F96A53A295AC0B0D627581AAA4940,CLOSR:BSCLS:C100906,BS CLOSURE,IPL,,LACC_APLOWED_C,SMNSSK,,SMNSSK01,SASKTEL,,,100049,,,,,,BALLB1,2019-11-28T23:31:04
Structure1_WGS84/152236,01010000003880648BDB9159C000CD19F1A7204940,CLOSR:BSCLS:C136315,BS CLOSURE,IPL,,LACC_APLOWED_C,WHWDSK,,WHWDSK01,SASKTEL,,,100049,,,,,,PALGS1,2019-11-21T00:00:27
Structure1_WGS84/152244,0101000000244E7FDAAEE159C090E00E8DD47C4940,CLOSR:BSCLS:C120628,BS CLOSURE,IPL,,LACC_APLOWED_C,BLCRSK,,BLCRSK03,SASKTEL,,,100049,,,,,,CHENR1,2021-12-06T22:06:27
Structure1_WGS84/152255,01010000004CC63393A8D959C038F37B6D46654940,CLOSR:BSCLS:C121231,BS CLOSURE,IPL,,LACC_APLOWED_C,ABRNSK,,ABRNSK01,SASKTEL,,,100049,,,,,,AYYAN1,2019-12-05T04:17:29
Structure1_WGS84/152391,010100000064605973A45C5AC0A09403EF44544940,CLOSR:BSCLS:C161337,BS CLOSURE,IPL,,LACC_APLOWED_C,BTHNSK,,BTHNSK02,SASKTEL,2012,,100049,,962626,,,,PALGS1,2019-12-12T22:51:43
Structure1_WGS84/152440,0101000000784FB0C2D76959C0B8DFA7058A314940,CLOSR:BSCLS:C154726,BS CLOSURE,IPL,,LACC_APLOWED_C,RCVLSK,,RCVLSK01,SASKTEL,,,100049,,,,,,GOPIA1,2019-12-31T04:23:41
Structure1_WGS84/152441,010100000010D60DAEB56759C0B82C56DC91314940,CLOSR:BSCLS:C169154,BS CLOSURE,IPL,,LACC_APLOWED_C,RCVLSK,,RCVLSK01,SASKTEL,,,100049,,,,,,GOPIA1,2019-12-30T08:20:42
Structure1_WGS84/152486,0101000000801C1F231CEA59C0484BB923257A4940,CLOSR:BSCLS:C142855,BS CLOSURE,IPL,,LACC_APLOWED_C,LPTNSK,,LPTNSK01,SASKTEL,,,100049,,,,,,PONNL1,2020-05-22T08:15:39
Structure1_WGS84/152500,01010000000C609417CE365AC0304939C015724940,CLOSR:BSCLS:C153617,BS CLOSURE,ABD,,LACC_APLOWED_F,STBGSK,,BULYSK04,SASKTEL,,,100049,,,,,,CHENR1,2021-12-17T06:03:52
Structure1_WGS84/152529,0101000000B4710878D9265AC088100AF6113E4940,CLOSR:BSCLS:C203336,BS CLOSURE,IPL,,LACC_ATRENCH_C,REGNSK,,REGNSK04,SASKTEL,,,100049,,,,,,KAURS3,2022-03-18T14:10:36
Structure1_WGS84/152538,01010000003836D0B6392C5AC078ED5BE5FD464940,CLOSR:BSCLS::8996052,BS CLOSURE,IPL,,LACC_APLOWED_C,REGNSK,,CONDSK03,SASKTEL,2016,,100049,,984790,,,,CHENR1,2021-12-25T07:45:32
Structure1_WGS84/152545,0101000000C830A530BA2A5AC0D0019C8D7E274940,CLOSR:BSCLS:C195458,BS CLOSURE,IPL,,LACC_APLOWED_C,REGNSK,,ESTLSK01,SASKTEL,,,100049,,,,,,CHENR1,2022-01-20T08:45:24
Structure1_WGS84/152604,0101000000104141CE00FA5AC048E8228331244940,CLOSR:BSCLS::9261658,BS CLOSURE,IPL,,LACC_APLOWED_C,SWCRSK,,SWCRSK22,SASKTEL,2016,,100049,,,,,,CHENR1,2022-01-27T04:18:53
Structure1_WGS84/152673,0101000000449118B1CD345AC0A8EF284761344940,CLOSR:BSCLS:C206418,BS CLOSURE,IPL,,LACC_APLOWED_C,REGNSK,,GDCLSK03,SASKTEL,,,100049,,,,,,CHENR1,2022-02-02T06:17:48
Structure1_WGS84/152691,0101000000D824AC7E46045BC0A05FCA49332E4940,CLOSR:BSCLS:C546486,BS CLOSURE,IPL,,LACC_APLOWED_C,SWCRSK,,SCCSSK02,SASKTEL,,,100049,,,,,,CHENR1,2022-01-27T03:01:50
Structure1_WGS84/152744,010100000010EE8B07D8A959C0B047B0F7F6484940,CLOSR:BSCLS:C115495,BS CLOSURE,IPL,,LACC_APLOWED_C,BRVWSK,,MARLSK01,SASKTEL,,,100049,,,,,,CHENR1,2022-03-14T03:12:04
Structure1_WGS84/152829,01010000005409286AEF155AC058EF328E143A4940,CLOSR:BSCLS:C184110,BS CLOSURE,IPL,,LACC_ATRENCH_C,REGNSK,,WHCYSK01,SASKTEL,,,100049,,,,,,CHENR1,2022-04-27T06:55:51
Structure1_WGS84/152859,0101000000C8F269A61F1A5AC0302B072C19394940,CLOSR:BSCLS:C170250,BS CLOSURE,IPL,,LACC_ATRENCH_C,REGNSK,,WHCYSK01,SASKTEL,,,100049,,,,,,CHENR1,2022-04-27T06:54:24
Structure1_WGS84/152860,0101000000442F38BD6A185AC02855722074364940,CLOSR:BSCLS:C171290,BS CLOSURE,ABD,,LACC_APLOWED_C,REGNSK,,WHCYSK01,SASKTEL,,NO AP IN MARTENS,100049,,,,,,CHENR1,2022-04-27T06:55:47
Structure1_WGS84/152900,01010000001C93467E7D275AC0C8856501CD5E4940,CLOSR:BSCLS:C215045,BS CLOSURE,IPL,,LACC_APLOWED_C,REGNSK,,KNNLSK01,SASKTEL,,,100049,,,,,,CHENR1,2022-03-10T03:03:49
Structure1_WGS84/152926,0101000000505F29DA3BE659C0603B35BD22554940,CLOSR:BSCLS:C136351,BS CLOSURE,IPL,,LACC_APLOWED_C,FTQPSK,,KWBHSK01,SASKTEL,,,100049,,,,,,CHENR1,2022-02-10T09:35:40
Structure1_WGS84/153068,0101000000AC648AE3671F5BC0F0D2B4FB3DCB4840,CLOSR:BSCLS:C509623,BS CLOSURE,IPL,,LACC_APLOWED_C,SHNVSK,,SHNVSK03,SASKTEL,,,100049,,,,,,CHENR1,2022-04-01T03:20:51
Structure1_WGS84/153104,0101000000CC4B4647121C5AC028991356583A4940,CLOSR:BSCLS:C211594,BS CLOSURE,IPL,,LACC_APLOWED_C,REGNSK,,PLBTSK01,SASKTEL,,,100049,,,,,,CHENR1,2022-03-18T04:03:56
Structure1_WGS84/153182,0101000000DCC98971BCA959C0B8EA50A681484940,CLOSR:BSCLS::7151200,BS CLOSURE,IPL,,LACC_APLOWED_F,BRVWSK,,MARLSK01,SASKTEL,2013,,100049,,0,,,,CHENR1,2022-03-14T03:12:06
Structure1_WGS84/153245,01010000002C046C19061E5AC0E8746D9D2F324940,CLOSR:BSCLS:C186936,BS CLOSURE,IPL,,LACC_APLOWED_C,REGNSK,,REGNSK45,SASKTEL,,,100049,,,,,,CHENR1,2022-04-08T07:37:14
Structure1_WGS84/153270,0101000000F0BDF63436205AC040EA61C8A7374940,CLOSR:BSCLS:C203016,BS CLOSURE,ABD,,LACC_APLOWED_C,REGNSK,,REGNSK46,SASKTEL,,,100049,,,,,,CHENR1,2022-03-26T02:07:08
Structure1_WGS84/153373,010100000088DCCC1BF9255AC0182549C6A0344940,CLOSR:BSCLS:C184365,BS CLOSURE,IPL,,LACC_ATRENCH_C,REGNSK,,REGNSK71,SASKTEL,,,100049,,,,,,CHENR1,2022-03-26T02:24:27
Structure1_WGS84/153381,0101000000C80D05BAB6205AC0C8A3919288394940,CLOSR:BSCLS:C160862,BS CLOSURE,ABD,,LACC_ATRENCH_C,REGNSK,,REGNSK46,SASKTEL,,,100049,,,,,,CHENR1,2022-03-26T02:05:08
Structure1_WGS84/153534,0101000000BC4440AE82025BC058D854FCF0844940,CLOSR:BSCLS:C361489,BS CLOSURE,IPL,,LACC_APLOWED_F,KYLESK,,TBRSSK01,SASKTEL,,,100049,,,,,,CHENR1,2022-04-19T03:07:12
Structure1_WGS84/153619,01010000003CC011DFF44C5AC090BF7F239C3E4940,CLOSR:BSCLS:C125127,BS CLOSURE,IPL,,LACC_APLOWED_C,PENSSK,,STBHSK02,SASKTEL,,,100049,,,,,,CHENR1,2022-04-14T22:55:07
Structure1_WGS84/153679,010100000078CCFB90BB1B5AC088235284282E4940,CLOSR:BSCLS:C188132,BS CLOSURE,IPL,,LACC_APLOWED_C,REGNSK,,REGNSK45,SASKTEL,,,100049,,,,,,CHENR1,2022-04-08T07:37:08
Structure1_WGS84/154450,010100000040C8B3AA696A59C09043C239DB114940,CLOSR:BSCLS:C168095,BS CLOSURE,IPL,,LACC_ATRENCH_C,MSMNSK,,MSMNSK01,SASKTEL,2011,,100049,,959104,,,,IHMED1,2016-11-17T09:22:17
Structure1_WGS84/154451,010100000040B5FD35BD195BC0087222F73DD34840,CLOSR:BSCLS::7386426,BS CLOSURE,IPL,,LACC_ATRENCH_C,SHNVSK,,SHNVSK01,SASKTEL,2013,,100049,,0,,,,IHMED1,2016-11-14T11:21:17
Structure1_WGS84/154452,0101000000D46ECDB3D8265AC078F13975FA3B4940,CLOSR:BSCLS:C208195,BS CLOSURE,IPL,,LACC_ATRENCH_C,REGNSK,,REGNSK01,SASKTEL,,,100049,,,,,,,
Structure1_WGS84/154467,0101000000DC0B69E0A9505BC0206E4F49C3754940,CLOSR:BSCLS:C512041,BS CLOSURE,IPL,,LACC_APLOWED_C,SCPTSK,,SCPTSK01,SASKTEL,,,100049,,,,,,,
Structure1_WGS84/154510,010100000088AB3FCC02BF59C0A02DA85B750C4940,CLOSR:BSCLS:C153582,BS CLOSURE,IPL,,LACC_APLOWED_C,WNDTSK,,WNDTSK01,SASKTEL,,,100049,,,,,,IHMED1,2016-11-18T12:01:42
Structure1_WGS84/154545,01010000001CCBF2DD9C235BC008FB9C46109A4840,CLOSR:BSCLS:C524443,BS CLOSURE,IPL,,LACC_APLOWED_C,FRNTSK,,FRNTSK01,SASKTEL,,,100049,,,,,,IHMED1,2016-11-14T13:56:31
Structure1_WGS84/154588,010100000034BA55A04E6859C09887702C25104940,CLOSR:BSCLS:C147163,BS CLOSURE,ABD,,LACC_APLOWED_C,MSMNSK,,MSMNSK01,SASKTEL,,,100049,,,,,,IHMED1,2016-11-17T09:22:33
Structure1_WGS84/154618,01010000008460B730F41F5AC0280CB506EC774940,CLOSR:BSCLS:C129087,BS CLOSURE,IPL,,LACC_ATRENCH_C,STHYSK,,STHYSK01,SASKTEL,,,100049,,,,,,IHMED1,2016-11-23T15:07:27
Structure1_WGS84/154718,010100000034C665145F3A5BC0B8923E9646064940,CLOSR:BSCLS:C527467,BS CLOSURE,IPL,,LACC_APLOWED_F,TPKNSK,,TPKNSK01,SASKTEL,,,100049,,,,,,IHMED1,2016-11-14T08:45:39
Structure1_WGS84/154727,010100000064552BE304A959C0308E6321430D4940,CLOSR:BSCLS:C127108,BS CLOSURE,IPL,,LACC_APLOWED_F,KPNGSK,,KPNGSK01,SASKTEL,,,100049,,,,,,IHMED1,2016-11-18T11:19:13
Structure1_WGS84/154760,010100000070B7FB875A4A5AC038BFFEE4A2934940,CLOSR:BSCLS:C101897,BS CLOSURE,IPL,,LACC_APLOWED_C,STBGSK,,STBGSK01,SASKTEL,,,100049,,,,,,IHMED1,2016-11-23T14:07:31
Structure1_WGS84/154796,01010000005C6462F019115AC0D0F8044419204940,CLOSR:BSCLS:C194824,BS CLOSURE,ABD,,LACC_APLOWED_C,REGNSK,,REGNSK01,SASKTEL,,50MPL,100049,,,,,,,
Structure1_WGS84/154866,0101000000D485759CC8265AC0F86249A2DF3A4940,CLOSR:BSCLS:C202188,BS CLOSURE,IPL,,LACC_APLOWED_C,REGNSK,,REGNSK01,SASKTEL,,,100049,,,,,,,
Structure1_WGS84/154875,010100000080602584662A5AC000EDA8B318404940,CLOSR:BSCLS:C224588,BS CLOSURE,IPL,,LACC_ATRENCH_C,REGNSK,,REGNSK04,SASKTEL,,,100049,,,,,,,
Structure1_WGS84/154940,0101000000F08A75E407295AC038CA7C053E3B4940,CLOSR:BSCLS:C202162,BS CLOSURE,IPL,,LACC_ATRENCH_C,REGNSK,,REGNSK01,SASKTEL,,,100049,,,,,,,
Structure1_WGS84/154948,0101000000E4F549B6E62E5AC0A8E77A9BB13A4940,CLOSR:BSCLS:C192855,BS CLOSURE,IPL,,LACC_APLOWED_C,REGNSK,,REGNSK01,SASKTEL,,,100049,,,,,,,
Structure1_WGS84/154960,01010000004836A0A3EA285AC03870811D623E4940,CLOSR:BSCLS:C226493,BS CLOSURE,IPL,,LACC_APLOWED_C,REGNSK,,REGNSK04,SASKTEL,,,100049,,,,,,,
Structure1_WGS84/154961,0101000000F4FAC27A8F285AC070B23CCB103D4940,CLOSR:BSCLS:C226856,BS CLOSURE,IPL,,LACC_APLOWED_C,REGNSK,,REGNSK04,SASKTEL,,,100049,,,,,,,
Structure1_WGS84/154966,0101000000A04FF5752A2B5AC0A01E6D4C6A3E4940,CLOSR:BSCLS:C216091,BS CLOSURE,IPL,,LACC_APLOWED_C,REGNSK,,REGNSK04,SASKTEL,,,100049,,,,,,,
Structure1_WGS84/154967,0101000000FC73ADCA592A5AC04825051BF93C4940,CLOSR:BSCLS:C216163,BS CLOSURE,IPL,,LACC_APLOWED_C,REGNSK,,REGNSK04,SASKTEL,,,100049,,,,,,,
Structure1_WGS84/154968,0101000000B86986964D2A5AC0D0154981E63D4940,CLOSR:BSCLS:C233293,BS CLOSURE,IPL,,LACC_ATRENCH_C,REGNSK,,REGNSK04,SASKTEL,,,100049,,,,,,,
Structure1_WGS84/154969,01010000006C0EBECDCE295AC0F0097D76213E4940,CLOSR:BSCLS:C238281,BS CLOSURE,IPL,,LACC_APLOWED_C,REGNSK,,REGNSK04,SASKTEL,,,100049,,,,,,,
Structure1_WGS84/154970,0101000000E0D355E79C275AC0984CE877DF4C4940,CLOSR:BSCLS:C318322,BS CLOSURE,IPL,,LACC_APLOWED_C,REGNSK,,REGNSK04,SASKTEL,,,100049,,,,,,,
Structure1_WGS84/154975,01010000002C4E440B652B5AC0A084775E8F3C4940,CLOSR:BSCLS:C208303,BS CLOSURE,IPL,,LACC_ATRENCH_C,REGNSK,,REGNSK04,SASKTEL,,,100049,,,,,,,
Structure1_WGS84/155128,01010000006CB5A25BBC285AC0683FEF86A7424940,CLOSR:BSCLS:C193876,BS CLOSURE,IPL,,LACC_APLOWED_C,REGNSK,,REGNSK04,SASKTEL,,,100049,,,,,,,
Structure1_WGS84/155228,01010000007402DB6DA9115AC010B0EDBF9E3D4940,CLOSR:BSCLS::8905172,BS CLOSURE,IPL,,LACC_APLOWED_F,BLGNSK,,BLGNSK01,SASKTEL,2016,,100049,R3400 0C,983989,,,,WILLJ2,2016-12-07T15:05:38
Structure1_WGS84/155232,0101000000C4FDF3A6358159C09017DB09CEF34840,CLOSR:BSCLS:C143244,BS CLOSURE,ABD,,LACC_APLOWED_C,WAWTSK,,WAWTSK01,SASKTEL,,NO AP IN MARTENS,100049,,,,,,IHMED1,2016-11-17T08:53:14
Structure1_WGS84/155341,0101000000300C710F56C559C03814272C2E344940,CLOSR:BSCLS:C141541,BS CLOSURE,IPL,,LACC_APLOWED_C,GRNFSK,,GRNFSK01,SASKTEL,,,100049,,,,,,IHMED1,2016-11-18T13:03:03
Structure1_WGS84/155476,0101000000D09DD90E032C5AC000C3490C953D4940,CLOSR:BSCLS:C210606,BS CLOSURE,IPL,,LACC_ATRENCH_C,REGNSK,,REGNSK04,SASKTEL,,,100049,,,,,,,
Structure1_WGS84/155482,010100000098A539B94C2C5AC0A067BE80A73D4940,CLOSR:BSCLS:C197259,BS CLOSURE,IPL,,LACC_APLOWED_C,REGNSK,,REGNSK04,SASKTEL,,,100049,,,,,,,
Structure1_WGS84/155560,0101000000B8D9B48C535C5AC0E014DD87F7914940,CLOSR:BSCLS:C81226,BS CLOSURE,IPL,,LACC_APLOWED_C,LBRTSK,,LBRTSK02,SASKTEL,,,100049,,,,,,IHMED1,2016-11-22T15:58:40
Structure1_WGS84/155609,0101000000B8E800C8F6395AC090371439222E4940,LOSR:BSCLS::10522763,BS CLOSURE,IPL,,LACC_APLOWED_C,PENSSK,,PENSSK01,SASKTEL,2019,,100049,,807233,,KAURP3,2019-07-03T11:54:05,KAURP3,2020-12-29T10:07:04
Structure1_WGS84/155704,010100000010483615B1095BC07095D0C575E44840,CLOSR:BSCLS::13238705,BS CLOSURE,IPL,,LACC_ATRENCH_C,SHNVSK,,ADMRSK02,SASKTEL,2024,,100049,,825114,,HUNTG1,2024-08-13T11:49:43,BINGA1,2025-02-04T22:28:39
Structure1_WGS84/155705,01010000004CE110C3511F5BC0B85D7AFEABC64840,CLOSR:BSCLS::9792219,BS CLOSURE,IPL,,LACC_APLOWED_C,SHNVSK,,SHNVSK03,SASKTEL,2018,,100049,,803659,,CHERM2,2018-01-03T14:26:45,WILLJ2,2019-01-21T09:12:14
Structure1_WGS84/155736,01010000003041DCEE083B5AC02869D63D252E4940,CLOSR:BSCLS::13043090,BS CLOSURE,IPL,,LACC_ATRENCH_C,PENSSK,,PENSSK01,SASKTEL,2023,,100049,,822615,,MALLM1,2023-10-24T14:42:00,HUNTG1,2025-03-05T16:03:01
Structure1_WGS84/155766,010100000004426E630C2C5AC070BED8E84D374940,CLOSR:BSCLS::12670937,BS CLOSURE,IPL,,LACC_APLOWED_C,REGNSK,,REGNSK01,SASKTEL,,,100049,R412,,,BINGA1,2023-03-14T00:53:50,YADAG1,2025-03-03T06:54:50
Structure1_WGS84/155889,0101000000D06B58F83F6659C0F038ACE01F0A4940,CLOSR:BSCLS::13236417,BS CLOSURE,IPL,,LACC_ATRENCH_C,MSMNSK,,MSMNSK01,SASKTEL,2024,,100049,,824251,,WIESJ3,2024-08-08T10:55:28,BINGA1,2025-03-16T20:57:22
Structure1_WGS84/155980,0101000000AC87A822323A5BC068913D7AF7BE4840,CLOSR:BSCLS:C526005,BS CLOSURE,ABD,,LACC_APLOWED_C,ESNDSK,,ESNDSK01,SASKTEL,,,100049,,,,,,VUDUP1,2019-02-21T12:04:15
Structure1_WGS84/156016,0101000000BC12CCC1A1B159C0D00E708F45F34840,LOSR:BSCLS::10827437,BS CLOSURE,IPL,,LACC_ATRENCH_C,WNDTSK,,CRNGSK01,SASKTEL,2020,,100049,,808910,,HOLTA1,2020-03-25T12:00:00,HOLTA1,2021-05-14T11:04:25
Structure1_WGS84/156031,010100000094E8DB6B09EA59C0F0CB86C087434940,CLOSR:BSCLS:C121707,BS CLOSURE,IPL,,LACC_APLOWED_C,INHDSK,,INHDSK01,SASKTEL,,,100049,,,,,,BALLB1,2019-05-16T10:43:47
Structure1_WGS84/156113,0101000000E8BC6F7714D45AC0606C0697D2DB4840,CLOSR:BSCLS:C569029,BS CLOSURE,IPL,,LACC_APLOWED_C,ANRDSK,,ANRDSK01,SASKTEL,,,100049,,,,,,KATRR1,2018-04-03T05:38:56
Structure1_WGS84/156156,01010000006456569D0C105BC04898E52F90454940,CLOSR:BSCLS:C570523,BS CLOSURE,IPL,,LACC_APLOWED_F,PNNTSK,,PNNTSK01,SASKTEL,,,100049,,,,,,BUTTS1,2018-04-06T03:47:56
Structure1_WGS84/156196,0101000000C097F10539205AC0B0BF52EE62454940,CLOSR:BSCLS:C208939,BS CLOSURE,IPL,,LACC_APLOWED_C,REGNSK,,REGNSK04,SASKTEL,,,100049,,,,,,PONNL1,2020-03-17T05:04:39
Structure1_WGS84/156247,0101000000287A61E4453F5AC0C80196F7D99E4940,CLOSR:BSCLS:C150453,BS CLOSURE,IPL,,LACC_APLOWED_C,GOVNSK,,GOVNSK01,SASKTEL,,,100049,,,,,,KATRR1,2018-09-14T08:25:15
Structure1_WGS84/156274,010100000080C2DAF7AC275AC000F2622425344940,CLOSR:BSCLS:C305426,BS CLOSURE,IPL,,LACC_ATRENCH_C,REGNSK,,REGNSK03,SASKTEL,,,100049,,,,,,MALLM1,2022-05-27T09:10:42
Structure1_WGS84/156380,01010000000874A17D023C5BC0C8E17364BBFE4840,CLOSR:BSCLS:C524679,BS CLOSURE,IPL,,LACC_APLOWED_C,PIPTSK,,PIPTSK01,SASKTEL,,,100049,R302 P12B,,,,,CHENR1,2018-10-10T13:01:51
Structure1_WGS84/156445,0101000000C468D47EB60E5AC058A7231D71234940,CLOSR:BSCLS:C197813,BS CLOSURE,ABD,,LACC_APLOWED_C,REGNSK,,REGNSK01,SASKTEL,,,100049,,,,,,THUND1,2021-06-28T06:01:33
Structure1_WGS84/156446,010100000054F6E14960405BC0A0AEBDD54E644940,CLOSR:BSCLS::9963725,BS CLOSURE,IPL,,LACC_APLOWED_C,ABBYSK,,PTRVSK01,SASKTEL,2017,,100049,,801941,,KAURP3,2018-05-22T15:46:55,MADDS1,2018-10-15T01:30:16
Structure1_WGS84/156546,01010000006CD1E85FE96259C06081EEB9363A4940,CLOSR:BSCLS:C122241,BS CLOSURE,ABD,,LACC_APLOWED_C,RCVLSK,,RCVLSK01,SASKTEL,,,100049,,,,,,THOTV1,2018-09-24T12:46:05
Structure1_WGS84/156569,0101000000A049F2F4FBF159C06800565140634940,CLOSR:BSCLS:C133692,BS CLOSURE,IPL,,LACC_ATRENCH_C,FTQPSK,,FTQPSK01,SASKTEL,,,100049,,,,,,PITTM1,2024-07-18T22:44:54
Structure1_WGS84/156598,0101000000E417CDE66B405AC048B287C3C0AD4940,CLOSR:BSCLS:C150280,BS CLOSURE,ABD,,LACC_APLOWED_F,GOVNSK,,GOVNSK01,SASKTEL,,,100049,,,,,,BALLB1,2019-04-08T21:57:42
Structure1_WGS84/156637,01010000006C0145859A275AC0D0BD31B8B12E4940,CLOSR:BSCLS:C194420,BS CLOSURE,ABD,,LACC_APLOWED_F,REGNSK,,REGNSK03,SASKTEL,,30M WEST OF PL,100049,,,,,,PALGS1,2019-08-23T04:29:15
Structure1_WGS84/156675,01010000002445AD2E1C0C5BC0D0746C2DE1074940,CLOSR:BSCLS:C507711,BS CLOSURE,IPL,,LACC_APLOWED_C,WEBBSK,,WEBBSK02,SASKTEL,,,100049,,,,,,THUND1,2024-10-16T07:27:00
Structure1_WGS84/156761,0101000000AC38512254C95AC0A8C9573262F34840,CLOSR:BSCLS::12341962,BS CLOSURE,IPL,,LACC_ATRENCH_C,VNGRSK,,VNGRSK01,SASKTEL,2023,,100049,,818471,,HUNTG1,2022-09-19T10:51:01,POTIT1,2023-09-25T04:37:37
Structure1_WGS84/156826,010100000024FF5B15DD345AC0B835077ABB544940,CLOSR:BSCLS:C85843,BS CLOSURE,IPL,,LACC_APLOWED_C,LMSDSK,,LMSDSK01,SASKTEL,,,100049,,,,,,PONNL1,2019-11-26T01:17:43
Structure1_WGS84/156865,01010000005C11757FB20A5AC03836309602144940,CLOSR:BSCLS:C141946,BS CLOSURE,ABD,,LACC_APLOWED_C,SDLYSK,,SDLYSK02,SASKTEL,,,100049,,,,,,PALGS1,2019-04-05T00:51:37
Structure1_WGS84/156868,010100000034FF8C2BDEDC59C0000D53EECD404940,CLOSR:BSCLS:C126842,BS CLOSURE,IPL,,LACC_APLOWED_F,SNTLSK,,SNTLSK01,SASKTEL,,,100049,,,,,,PALGS1,2019-04-08T20:46:11
Structure1_WGS84/156886,0101000000BCFB623DB5265AC02812FE129F3B4940,CLOSR:BSCLS:C195102,BS CLOSURE,IPL,,LACC_APLOWED_C,REGNSK,,REGNSK01,SASKTEL,,,100049,,,,,,CHENR1,2019-08-27T07:06:20
Structure1_WGS84/157166,0101000000801F38DB1A3F5AC010EABE10F0634940,CLOSR:BSCLS:C80630,BS CLOSURE,IPL,,LACC_APLOWED_C,RGBHSK,,RGBHSK01,SASKTEL,,,100049,,,,,,KATRR1,2019-11-29T00:26:52
Structure1_WGS84/157194,0101000000F81C7B9D64225AC0B89BE3C011B44940,CLOSR:BSCLS:C95994,BS CLOSURE,IPL,,LACC_ATRENCH_C,RYMRSK,,RYMRSK01,SASKTEL,,,100049,,,,,,KATRR1,2019-12-09T12:39:26
Structure1_WGS84/157255,01010000000461673D6E7F5AC0108F9C70A2A24940,CLOSR:BSCLS:C105514,BS CLOSURE,ABD,,LACC_APLOWED_C,DVSNSK,,DVSNSK03,SASKTEL,,,100049,,,,,,CHENR1,2019-11-30T03:30:04
Structure1_WGS84/157270,010100000074C03D1B2EBB59C0187CD6ACE82F4940,CLOSR:BSCLS::9884380,BS CLOSURE,IPL,,LACC_APLOWED_C,GRNFSK,,GRNFSK01,SASKTEL,2018,,100049,,,,ESLIG1,2018-03-29T16:07:35,PONNL1,2019-12-31T01:17:54
Structure1_WGS84/157273,010100000040005C08B32C5AC0E845E77B142E4940,CLOSR:BSCLS::9624524,BS CLOSURE,IPL,,LACC_APLOWED_C,REGNSK,,REGNSK03,SASKTEL,2017,,100049,,801983,,WILLJ2,2017-08-15T16:04:09,THUND1,2019-09-16T00:07:43
Structure1_WGS84/157282,0101000000F461FAB4E3F459C09807F90BC3414940,CLOSR:BSCLS:C140700,BS CLOSURE,IPL,,LACC_APLOWED_C,QAPLSK,,QAPLSK01,SASKTEL,,,100049,,,,,,YERRS2,2019-12-04T23:32:27
Structure1_WGS84/157293,010100000050A3D48133255BC088690CCBC3CE4840,LOSR:BSCLS::10654924,BS CLOSURE,IPL,,LACC_ATRENCH_C,SHNVSK,,DLRDSK01,SASKTEL,2020,,100049,,807490,,HUNTG1,2019-09-17T08:58:07,WILLJ2,2020-04-06T11:55:42
Structure1_WGS84/157294,010100000014A27D8B32255BC0580A1E9FC3CE4840,LOSR:BSCLS::10654922,BS CLOSURE,IPL,,LACC_ATRENCH_C,SHNVSK,,DLRDSK01,SASKTEL,2020,,100049,,807490,,HUNTG1,2019-09-17T08:55:17,WILLJ2,2020-04-06T11:55:43
Structure1_WGS84/157477,0101000000FC7A9CA18CD559C098516E4023664940,CLOSR:BSCLS:C120263,BS CLOSURE,IPL,,LACC_APLOWED_C,ABRNSK,,ABRNSK01,SASKTEL,,,100049,,,,,,AYYAN1,2019-12-05T20:51:13
Structure1_WGS84/157551,0101000000806E83683A9859C0008491C9EF2D4940,CLOSR:BSCLS:C170937,BS CLOSURE,IPL,,LACC_APLOWED_F,WHWDSK,,WHWDSK01,SASKTEL,,,100049,,,,,,MEYEB2,2019-10-21T15:27:15
Structure1_WGS84/157600,010100000040C33A0C88D759C0F8653BDC173E4940,CLOSR:BSCLS:C126288,BS CLOSURE,IPL,,LACC_APLOWED_C,SNTLSK,,SNTLSK01,SASKTEL,,,100049,,,,,,GOPIA1,2019-12-23T07:05:22
Structure1_WGS84/157634,01010000008839083A1A235AC090AB0D92E1224940,CLOSR:BSCLS:C200936,BS CLOSURE,IPL,,LACC_APLOWED_F,REGNSK,,ESTLSK01,SASKTEL,,,100049,,,,,,CHENR1,2022-01-20T08:45:24
Structure1_WGS84/157653,0101000000E42DD8BF0B225AC0D85A5B8F3A154940,CLOSR:BSCLS::8272815,BS CLOSURE,IPL,,LACC_APLOWED_C,REGNSK,,ESTLSK01,SASKTEL,2014,,100049,,977173,,,,CHENR1,2022-01-20T08:45:23
Structure1_WGS84/157768,01010000008C18452899115AC0A0CC08076C884940,CLOSR:BSCLS:C101658,BS CLOSURE,ABD,,LACC_APLOWED_C,CUPRSK,,CUPRSK02,SASKTEL,,,100049,,,,,,CHENR1,2021-12-27T09:16:21
Structure1_WGS84/157784,0101000000284F2A5E285D5BC04878F48C6BD84840,CLOSR:BSCLS:C516611,BS CLOSURE,IPL,,LACC_APLOWED_C,MPCKSK,,CYHLSK03,SASKTEL,,,100049,,,,,,CHENR1,2021-12-27T09:48:25
Structure1_WGS84/157786,0101000000D44BBE9F7B345AC0B8B9ECD51C5D4940,CLOSR:BSCLS:C126098,BS CLOSURE,ABD,,LACC_APLOWED_F,LMSDSK,,CRVNSK04,SASKTEL,,,100049,,,,,,CHENR1,2021-12-27T05:54:51
Structure1_WGS84/157921,0101000000B4E4DFD1E0DC5AC050FCDE34AA344940,CLOSR:BSCLS:C531683,BS CLOSURE,IPL,,LACC_APLOWED_C,SWCRSK,,WLDCSK02,SASKTEL,,,100049,,,,,,CHENR1,2022-01-27T05:35:46
Structure1_WGS84/157945,0101000000D0474DACCD345AC0800778D2C2344940,CLOSR:BSCLS:C206397,BS CLOSURE,IPL,,LACC_APLOWED_C,REGNSK,,GDCLSK03,SASKTEL,,,100049,,,,,,CHENR1,2022-02-02T06:17:46
Structure1_WGS84/158002,0101000000C4EC2A79BC375AC06002502F323A4940,CLOSR:BSCLS:C216673,BS CLOSURE,IPL,,LACC_APLOWED_C,REGNSK,,GDCLSK03,SASKTEL,,,100049,,,,,,CHENR1,2022-02-02T06:17:43
Structure1_WGS84/158030,010100000064F763E14B7C5BC0E0C113700B694940,CLOSR:BSCLS:C507675,BS CLOSURE,ABD,,LACC_APLOWED_C,LEDRSK,,MNHMSK01,SASKTEL,,,100049,,,,,,CHENR1,2022-02-22T03:48:43
Structure1_WGS84/158042,01010000000CFFA17A3A3A5AC0782FEC0D974E4940,CLOSR:BSCLS:C80867,BS CLOSURE,IPL,,LACC_APLOWED_F,LMSDSK,,LMSDSK03,SASKTEL,,,100049,,,,,,CHENR1,2022-03-11T04:00:26
Structure1_WGS84/158111,010100000024468C5A5E175AC008C8D7D844394940,CLOSR:BSCLS:C165646,BS CLOSURE,ABD,,LACC_APLOWED_C,REGNSK,,WHCYSK01,SASKTEL,,,100049,,,,,,CHENR1,2022-04-27T06:57:48
Structure1_WGS84/158148,0101000000E4A17C6259E759C0A874FFB180204940,CLOSR:BSCLS:C156350,BS CLOSURE,IPL,,LACC_APLOWED_C,MTMRSK,,KENDSK01,SASKTEL,,,100049,,,,,,CHENR1,2022-03-09T08:52:16
Structure1_WGS84/158158,010100000088C37D0A1E8659C0A0BDE54A7AFE4840,CLOSR:BSCLS::9072171,BS CLOSURE,IPL,,LACC_APLOWED_C,,,KELSSK01,SASKTEL,2013,,100049,,,,,,CHENR1,2022-03-09T08:48:16
Structure1_WGS84/158283,0101000000589C5994F7775BC09872FFAA860B4940,CLOSR:BSCLS:C572611,BS CLOSURE,IPL,,LACC_APLOWED_C,MPCKSK,,HTTNSK01,SASKTEL,,,100049,,,,,,CHENR1,2022-03-03T06:11:46
Structure1_WGS84/158362,01010000008C97DDAF5C0E5AC0B8B7986278BD4940,CLOSR:BSCLS:C153657,BS CLOSURE,IPL,,LACC_APLOWED_C,PNCHSK,,PMIRSK01,SASKTEL,,,100049,,,,,,CHENR1,2022-03-18T04:28:09
Structure1_WGS84/158382,010100000040CE7F38DD1B5AC0D0D19166F0404940,CLOSR:BSCLS:C199698,BS CLOSURE,IPL,,LACC_APLOWED_C,REGNSK,,PLBTSK01,SASKTEL,,,100049,,,,,,CHENR1,2022-03-18T04:02:34
Structure1_WGS84/158385,0101000000ACA3EE261F1D5AC0180228CF475F4940,CLOSR:BSCLS::6854250,BS CLOSURE,IPL,,LACC_APLOWED_C,REGNSK,,PPIRSK01,SASKTEL,,,100049,,,,,,CHENR1,2022-03-18T04:48:17
Structure1_WGS84/158483,01010000006098CADDD2A959C0007ED31C22484940,CLOSR:BSCLS:C116600,BS CLOSURE,IPL,,LACC_APLOWED_C,BRVWSK,,MARLSK01,SASKTEL,,,100049,,,,,,CHENR1,2022-03-14T03:12:01
Structure1_WGS84/158520,01010000000452349F6B1A5AC0287769A7CC2E4940,CLOSR:BSCLS:C187844,BS CLOSURE,ABD,,LACC_APLOWED_C,REGNSK,,REGNSK45,SASKTEL,,,100049,,,,,,CHENR1,2022-04-08T07:38:16
Structure1_WGS84/158769,01010000005CED863F73375AC0B8B138BACF644940,CLOSR:BSCLS::9075070,BS CLOSURE,IPL,,LACC_APLOWED_C,LMSDSK,,SABHSK01,SASKTEL,2016,,100049,,,,,,CHENR1,2022-03-30T03:59:38
Structure1_WGS84/158929,0101000000BC4C5BF660495AC09056EC047B344940,CLOSR:BSCLS:C121822,BS CLOSURE,IPL,,LACC_APLOWED_C,PENSSK,,STBHSK02,SASKTEL,,,100049,,,,,,CHENR1,2022-04-14T22:55:10
Structure1_WGS84/158984,0101000000BC66DA7A9DFC59C048C55DFC6E594940,CLOSR:BSCLS:C174341,BS CLOSURE,IPL,,LACC_APLOWED_F,QAPLSK,,EDGLSK04,SASKTEL,,,100049,,,,,,DUNLM1,2023-04-18T11:56:54
Structure1_WGS84/159169,0101000000A88844E81A3F5AC0E03D3EF63A654940,CLOSR:BSCLS:C86424,BS CLOSURE,IPL,,LACC_ATRENCH_C,RGBHSK,,RGBHSK01,SASKTEL,,,100049,F 410 CENTRE ST,,,,,FLANR2,2022-10-11T11:25:14
Structure1_WGS84/159763,0101000000F0CC87441A175BC0900656F9D14F4940,CLOSR:BSCLS:C518871,BS CLOSURE,IPL,,LACC_APLOWED_C,CABRSK,,CABRSK01,SASKTEL,,,100049,,,,,,,
Structure1_WGS84/159764,0101000000006A25055A6C59C0C87C0F1D56134940,CLOSR:BSCLS:C147538,BS CLOSURE,IPL,,LACC_APLOWED_C,MSMNSK,,MSMNSK01,SASKTEL,,,100049,,,,,,IHMED1,2016-11-17T09:22:24
Structure1_WGS84/159773,01010000003CEC824AA7DC59C080C0DEF2C85A4940,CLOSR:BSCLS:C118564,BS CLOSURE,IPL,,LACC_APLOWED_C,ABRNSK,,ABRNSK01,SASKTEL,,,100049,,,,,,IHMED1,2016-11-24T14:41:17
Structure1_WGS84/159800,0101000000BC7684618D535BC0F842F21CF13D4940,CLOSR:BSCLS:C531231,BS CLOSURE,IPL,,LACC_APLOWED_C,FXVYSK,,FXVYSK01,SASKTEL,,,100049,,,,,,,
Structure1_WGS84/159813,01010000007CFAC06F120D5BC0C084B47A92434940,CLOSR:BSCLS:C570395,BS CLOSURE,IPL,,LACC_APLOWED_C,PNNTSK,,PNNTSK01,SASKTEL,,,100049,,,,,,,
Structure1_WGS84/159833,010100000030FA50F0F47D59C0F8EC2A582E224940,CLOSR:BSCLS:C113363,BS CLOSURE,ABD,,LACC_APLOWED_C,WPLLSK,,WPLLSK01,SASKTEL,,,100049,,,,,,IHMED1,2016-11-17T14:38:01
Structure1_WGS84/159864,0101000000343596D104715AC07815D2B420804940,CLOSR:BSCLS:C104649,BS CLOSURE,IPL,,LACC_APLOWED_C,CRAKSK,,CRAKSK01,SASKTEL,,,100049,,,,,,IHMED1,2016-11-22T14:37:27
Structure1_WGS84/159881,0101000000084A2A83456B59C0D019014A000B4940,CLOSR:BSCLS:C147065,BS CLOSURE,IPL,,LACC_APLOWED_C,MSMNSK,,MSMNSK01,SASKTEL,,,100049,,,,,,IHMED1,2016-11-17T09:22:51
Structure1_WGS84/159902,010100000020C2315E02DA5AC02884E3A684294940,CLOSR:BSCLS:C514602,BS CLOSURE,IPL,,LACC_APLOWED_C,HRBRSK,,HRBRSK01,SASKTEL,,,100049,,,,,,,
Structure1_WGS84/160003,010100000088BDBCA5011B5BC0A0B380012BD64840,CLOSR:BSCLS:C527514,BS CLOSURE,IPL,,LACC_APLOWED_F,SHNVSK,,SHNVSK01,SASKTEL,,,100049,,,,,,IHMED1,2016-11-14T11:21:59
Structure1_WGS84/160053,0101000000C855DA7FF0275AC02889CBE2DF334940,CLOSR:BSCLS:C192820,BS CLOSURE,IPL,,LACC_APLOWED_C,REGNSK,,REGNSK03,SASKTEL,,,100049,,,,,,,
Structure1_WGS84/160175,010100000018CC38A30C255AC0B09FA8204A3A4940,CLOSR:BSCLS:C173520,BS CLOSURE,IPL,,LACC_ATRENCH_C,REGNSK,,REGNSK01,SASKTEL,,,100049,,,,,,,
Structure1_WGS84/160212,010100000078FC710A51265AC038ED536F3C3B4940,CLOSR:BSCLS:C204248,BS CLOSURE,IPL,,LACC_ATRENCH_C,REGNSK,,REGNSK01,SASKTEL,,,100049,,,,,,,
Structure1_WGS84/160216,0101000000A0A6A9DA38EF5AC0F8E7E8ACA7364940,CLOSR:BSCLS:C528179,BS CLOSURE,IPL,,LACC_APLOWED_C,SWCRSK,,SWCRSK02,SASKTEL,,,100049,,,,,,,
Structure1_WGS84/160221,0101000000502B117DBE285AC038F35E6173334940,CLOSR:BSCLS:C184774,BS CLOSURE,IPL,,LACC_APLOWED_C,REGNSK,,REGNSK03,SASKTEL,,,100049,,,,,,,
Structure1_WGS84/160226,0101000000A89FBF4F630B5AC020C5DFE7D93F4940,CLOSR:BSCLS:C111489,BS CLOSURE,IPL,,LACC_APLOWED_C,BLGNSK,,BLGNSK01,SASKTEL,,,100049,,,,,,IHMED1,2016-11-24T08:52:10
Structure1_WGS84/160264,010100000044030E27E4275AC020E804E148344940,CLOSR:BSCLS:C195098,BS CLOSURE,ABD,,LACC_APLOWED_C,REGNSK,,REGNSK03,SASKTEL,,,100049,,,,,,,
Structure1_WGS84/160293,010100000058A645CE592A5AC068B40CE0093D4940,CLOSR:BSCLS:C216322,BS CLOSURE,IPL,,LACC_APLOWED_C,REGNSK,,REGNSK04,SASKTEL,,,100049,,,,,,,
Structure1_WGS84/160294,0101000000CC707A4C21295AC0181ABA0C913D4940,CLOSR:BSCLS:C228080,BS CLOSURE,IPL,,LACC_ATRENCH_C,REGNSK,,REGNSK04,SASKTEL,,,100049,,,,,,,
Structure1_WGS84/160300,0101000000642B34B2D9265AC06010075F113E4940,CLOSR:BSCLS:C203310,BS CLOSURE,IPL,,LACC_ATRENCH_C,REGNSK,,REGNSK04,SASKTEL,,,100049,,,,,,,
Structure1_WGS84/160431,0101000000D413B6CF85285AC0E89EA3321E354940,CLOSR:BSCLS:C323769,BS CLOSURE,IPL,,LACC_APLOWED_C,REGNSK,,REGNSK03,SASKTEL,2012,,100049,,963139,,,,,
Structure1_WGS84/160481,0101000000A4DB0C4963025BC078BBCFA5C3694940,CLOSR:BSCLS:C360464,BS CLOSURE,IPL,,LACC_APLOWED_C,KYLESK,,KYLESK01,SASKTEL,,,100049,,,,,,,
Structure1_WGS84/160704,0101000000BC7A587F96205AC07844D1E5C8004940,CLOSR:BSCLS:C88551,BS CLOSURE,IPL,,LACC_APLOWED_C,MLSTSK,,MLSTSK01,SASKTEL,,,100049,,,,,,IHMED1,2016-11-22T09:28:07
Structure1_WGS84/160731,0101000000645BD3AA20145AC0F0A6680DE7144940,CLOSR:BSCLS:C76396,BS CLOSURE,IPL,,LACC_APLOWED_C,RCTNSK,,RCTNSK01,SASKTEL,,,100049,,,,,,IHMED1,2016-11-22T09:11:12
Structure1_WGS84/160745,01010000002400A994B1A759C090CC99438BF14840,CLOSR:BSCLS:C152011,BS CLOSURE,IPL,,LACC_APLOWED_C,KPNGSK,,KPNGSK01,SASKTEL,,,100049,,,,,,IHMED1,2016-11-18T11:19:23
Structure1_WGS84/160762,0101000000C0180BEFC4F05AC0F89E13ADA2274940,CLOSR:BSCLS:C539256,BS CLOSURE,IPL,,LACC_APLOWED_C,SWCRSK,,SWCRSK02,SASKTEL,,,100049,,,,,,,
Structure1_WGS84/160821,0101000000F0E8B03CD4575BC070D39AB16BF34840,CLOSR:BSCLS:C519015,BS CLOSURE,IPL,,LACC_APLOWED_C,MPCKSK,,MPCKSK01,SASKTEL,,,100049,,,,,,,
Structure1_WGS84/160887,010100000088C485B5F1E259C0E8F0EB22ED484940,CLOSR:BSCLS:C124789,BS CLOSURE,IPL,,LACC_APLOWED_C,INHDSK,,INHDSK01,SASKTEL,,,100049,,,,,,IHMED1,2016-11-24T13:36:07
Structure1_WGS84/160889,0101000000B803A70485275BC0688E1396A0444940,CLOSR:BSCLS:C505387,BS CLOSURE,IPL,,LACC_APLOWED_C,CABRSK,,CABRSK01,SASKTEL,,,100049,R410 P14,,,,,,
Structure1_WGS84/160895,010100000060B9CB9C532E5AC098D376CAA5B34940,CLOSR:BSCLS:C92039,BS CLOSURE,IPL,,LACC_ATRENCH_C,SMNSSK,,SMNSSK01,SASKTEL,,,100049,,,,,,IHMED1,2016-11-23T09:52:55
Structure1_WGS84/160905,0101000000BC8A3155354C5BC09806AA8B83014940,CLOSR:BSCLS:C529718,BS CLOSURE,IPL,,LACC_APLOWED_F,PIPTSK,,PIPTSK01,SASKTEL,,,100049,,,,,,IHMED1,2016-11-14T08:34:15
Structure1_WGS84/160974,0101000000986DB068E1F45AC050B605E1D0244940,CLOSR:BSCLS:C536979,BS CLOSURE,IPL,,LACC_APLOWED_C,SWCRSK,,SWCRSK02,SASKTEL,,,100049,,,,,,,
Structure1_WGS84/161011,01010000009808D11044245AC0688F359518424940,LOSR:BSCLS::10710604,BS CLOSURE,IPL,,LACC_APLOWED_C,REGNSK,,REGNSK04,SASKTEL,2020,,100049,,807694,,HOLTA1,2019-11-13T15:26:55,RAVAG1,2023-11-10T01:20:03
Structure1_WGS84/161096,0101000000B0FF1B2AAF2C5AC0202D2486BB324940,CLOSR:BSCLS::9077938,BS CLOSURE,IPL,,LACC_APLOWED_C,REGNSK,,REGNSK03,SASKTEL,2016,,100049,,800273,,,,VUDUP1,2019-01-22T07:33:38
Structure1_WGS84/161163,0101000000A880614ABB6959C00094C95AD7134940,CLOSR:BSCLS:C167950,BS CLOSURE,ABD,,LACC_APLOWED_C,MSMNSK,,MSMNSK01,SASKTEL,,,100049,,,,,,VIXAJ1,2023-07-05T14:40:13
Structure1_WGS84/161195,0101000000D8AED007ABF25AC038D4F331C9214940,CLOSR:BSCLS::11624844,BS CLOSURE,IPL,,LACC_ATRENCH_C,SWCRSK,,SWCRSK02,SASKTEL,2021,,100049,,,,HUNTG1,2021-09-02T15:19:39,BINGA1,2025-02-20T02:58:49
Structure1_WGS84/161265,010100000024B2D707AE2B5BC028DE62C704B44840,CLOSR:BSCLS::9827724,BS CLOSURE,IPL,,LACC_APLOWED_C,ESNDSK,,ESNDSK01,SASKTEL,2017,,100049,,802735,,WILLJ2,2018-02-07T11:47:25,WILLJ2,2018-02-07T13:02:27
Structure1_WGS84/161267,010100000064BF0511BD215BC090EC812B600B4940,CLOSR:BSCLS:C570680,BS CLOSURE,IPL,,LACC_APLOWED_F,GLLKSK,,GLLKSK01,SASKTEL,,,100049,,,,,,FATHF1,2018-04-10T22:28:12
Structure1_WGS84/161288,01010000005C10990BDF3B5BC0E0D248F02B064940,CLOSR:BSCLS:C527147,BS CLOSURE,IPL,,LACC_APLOWED_C,TPKNSK,,TPKNSK01,SASKTEL,,,100049,,,,,,GANDN1,2018-04-17T03:40:00
Structure1_WGS84/161429,010100000064FCFB8C2B3C5AC058EFEA6E81544940,CLOSR:BSCLS::12937482,BS CLOSURE,IPL,,LACC_APLOWED_C,LMSDSK,,LMSDSK01,SASKTEL,,,100049,,,,MACAM1,2023-08-22T14:15:19,MACAM1,2023-08-22T14:50:39
Structure1_WGS84/161530,0101000000D4906E3AB8705BC0A8AF2BF6EF3D4940,CLOSR:BSCLS:C533413,BS CLOSURE,IPL,,LACC_APLOWED_C,RCHMSK,,RCHMSK01,SASKTEL,,,100049,,,,,,KATRR1,2018-05-22T08:16:09
Structure1_WGS84/161531,0101000000D0C5D4CD0D6F5BC0E88E09C1C2324940,CLOSR:BSCLS:C539088,BS CLOSURE,IPL,,LACC_APLOWED_C,RCHMSK,,RCHMSK01,SASKTEL,,,100049,,,,,,KATRR1,2018-05-22T07:30:18
Structure1_WGS84/161582,010100000034566FC817025AC0386782836B924940,CLOSR:BSCLS::9426459,BS CLOSURE,IPL,,LACC_APLOWED_C,DYSRSK,,DYSRSK01,SASKTEL,2017,,100049,,801718,,LUBIT1,2017-03-23T16:20:48,ESLIG1,2018-06-12T13:56:40
Structure1_WGS84/161585,0101000000A400DB6BA82A5AC0A0D0DA23CA2E4940,CLOSR:BSCLS:C193017,BS CLOSURE,IPL,,LACC_APLOWED_F,REGNSK,,REGNSK03,SASKTEL,,,100049,,,,,,WIESJ3,2024-01-05T10:49:22
Structure1_WGS84/161631,0101000000DC6082FCC71B5AC0E07558A9AC314940,CLOSR:BSCLS:C188053,BS CLOSURE,IPL,,LACC_APLOWED_C,REGNSK,,REGNSK45,SASKTEL,,,100049,,,,,,KAURP3,2024-07-20T01:42:08
Structure1_WGS84/161680,0101000000B46E43BF68435AC0F86DB1DD282F4940,CLOSR:BSCLS::12907722,BS CLOSURE,IPL,,LACC_APLOWED_C,PENSSK,,PENSSK01,SASKTEL,2022,,100049,,,,KAURP3,2023-08-04T13:27:11,CASED1,2024-03-06T13:14:21
Structure1_WGS84/161690,0101000000607018F53E9659C060C3CEDF47024940,CLOSR:BSCLS:C115589,BS CLOSURE,ABD,,LACC_APLOWED_C,KNDYSK,,KNDYSK01,SASKTEL,,,100049,,,,,,THOTV1,2018-09-17T21:04:22
Structure1_WGS84/161708,0101000000D47F42E243735BC0C841743B4D544940,CLOSR:BSCLS:C527089,BS CLOSURE,IPL,,LACC_APLOWED_C,BRSTSK,,BRSTSK02,SASKTEL,,,100049,,,,,,MADDS1,2018-10-01T01:27:33
Structure1_WGS84/161717,0101000000642C2A7AF13D5BC0787469B76EB04840,CLOSR:BSCLS::8702893,BS CLOSURE,IPL,,LACC_APLOWED_C,ESNDSK,,ESNDSK01,SASKTEL,2015,,100049,,974782,,,,VUDUP1,2019-02-21T07:22:22
Structure1_WGS84/161750,010100000020C6577AEEBB5AC03852C027EAFA4840,CLOSR:BSCLS::7481130,BS CLOSURE,IPL,,LACC_APLOWED_C,HDVLSK,,HDVLSK01,SASKTEL,2014,,100049,,972325,,,,ADELL2,2018-10-10T03:39:40
Structure1_WGS84/161771,010100000030482EF056305AC06800C43776374940,CLOSR:BSCLS:C193367,BS CLOSURE,IPL,,LACC_APLOWED_C,REGNSK,,REGNSK01,SASKTEL,,,100049,,,,,,PALGS1,2019-07-04T04:24:57
Structure1_WGS84/161905,0101000000C0CED01C527059C0B0B79718B1484940,CLOSR:BSCLS:C151962,BS CLOSURE,IPL,,LACC_APLOWED_F,TNTLSK,,TNTLSK01,SASKTEL,,1A-01,100049,,,,,,PALGS1,2019-04-29T00:47:45
Structure1_WGS84/161941,0101000000CC6894F6B2255AC040463EF1142F4940,CLOSR:BSCLS:C190993,BS CLOSURE,IPL,,LACC_APLOWED_C,REGNSK,,REGNSK03,SASKTEL,,,100049,,,,,,ADELL2,2018-09-26T03:28:38
Structure1_WGS84/161945,0101000000D475128B04CC5AC0C8BBE86D64F34840,CLOSR:BSCLS:C496494,BS CLOSURE,IPL,,LACC_APLOWED_C,VNGRSK,,VNGRSK01,SASKTEL,,,100049,,,,,,DASAS1,2018-10-07T22:14:56
Structure1_WGS84/162025,0101000000B07719DA2D5E5BC0903AA80119EC4840,CLOSR:BSCLS:C517377,BS CLOSURE,IPL,,LACC_APLOWED_C,MPCKSK,,MPCKSK01,SASKTEL,,,100049,,,,,,PALGS1 ,2018-10-21T21:24:34
Structure1_WGS84/162034,01010000006877AAA437645BC070DFE8D21BFB4840,CLOSR:BSCLS:C572709,BS CLOSURE,IPL,,LACC_APLOWED_C,MPCKSK,,MPCKSK01,SASKTEL,,,100049,,,,,,KATRR1,2019-03-25T06:03:11
Structure1_WGS84/162036,0101000000D48671D45D2C5BC00080F3E7BD0A4940,CLOSR:BSCLS:C532191,BS CLOSURE,IPL,,LACC_APLOWED_F,TPKNSK,,TPKNSK01,SASKTEL,,,100049,,,,,,AYYAN1,2019-06-20T08:26:45
Structure1_WGS84/162055,01010000007CA71F8D90DD59C0C06F0495B05C4940,CLOSR:BSCLS:C163769,BS CLOSURE,IPL,,LACC_APLOWED_F,ABRNSK,,ABRNSK01,SASKTEL,,,100049,,,,,,BALLB1,2019-04-18T20:58:57
Structure1_WGS84/162067,0101000000CC9828C642275AC078DE34BA59384940,CLOSR:BSCLS::6978418,BS CLOSURE,ABD,,LACC_ATRENCH_C,REGNSK,,REGNSK01,SASKTEL,,,100049,,0,,,,PALGS1,2019-06-19T22:19:39
Structure1_WGS84/162116,0101000000046DBE866A0A5AC098C5981CC0114940,CLOSR:BSCLS:C74174,BS CLOSURE,ABD,,LACC_APLOWED_C,SDLYSK,,SDLYSK02,SASKTEL,,,100049,,,,,,PONNL1,2020-10-21T04:02:39
Structure1_WGS84/162125,01010000005CE40A9439F15AC0B832108749294940,CLOSR:BSCLS:C549517,BS CLOSURE,IPL,,LACC_APLOWED_C,SWCRSK,,SWCRSK02,SASKTEL,,,100049,,,,,,KATRR1,2019-07-01T23:45:39
Structure1_WGS84/162213,01010000005441F01E3E255AC008F55860F33D4940,CLOSR:BSCLS:C195751,BS CLOSURE,IPL,,LACC_ATRENCH_C,REGNSK,,REGNSK12,SASKTEL,,,100049,,,,,,CHENR1,2021-11-23T01:18:36
Structure1_WGS84/162306,01010000008885591C99625AC0D04DA097306A4940,CLOSR:BSCLS:C100819,BS CLOSURE,IPL,,LACC_APLOWED_C,BTHNSK,,CHBLSK01,SASKTEL,,,100049,,,,,,CHENR1,2021-12-24T05:59:27
Structure1_WGS84/162485,01010000008429137CA8A359C0F840A2ABE22E4940,CLOSR:BSCLS:C112765,BS CLOSURE,IPL,,LACC_APLOWED_C,BRVWSK,,BRVWSK01,SASKTEL,,,100049,,,,,,PALGS1,2019-12-25T23:27:30
Structure1_WGS84/162527,0101000000A844E015EF9759C010D21BA74E0F4940,CLOSR:BSCLS:C167397,BS CLOSURE,IPL,,LACC_APLOWED_C,KNDYSK,,KNDYSK01,SASKTEL,,,100049,,,,,,GORRS2,2019-11-22T10:45:33
Structure1_WGS84/162571,01010000007842146B8F9059C048499B5974334940,CLOSR:BSCLS:C123799,BS CLOSURE,IPL,,LACC_APLOWED_C,WHWDSK,,WHWDSK01,SASKTEL,,,100049,,,,,,PALGS1,2019-11-24T21:44:26
Structure1_WGS84/162596,010100000054786752228659C06847144179144940,CLOSR:BSCLS:C170370,BS CLOSURE,IPL,,LACC_APLOWED_C,WPLLSK,,WPLLSK01,SASKTEL,,,100049,,,,,,PALGS1,2019-12-23T03:17:48
Structure1_WGS84/162605,0101000000E4B7617476395AC03081D4F35C974940,CLOSR:BSCLS:C95531,BS CLOSURE,IPL,,LACC_APLOWED_C,STBGSK,,STBGSK01,SASKTEL,,,100049,,,,,,PONNL1,2019-12-16T00:41:36
Structure1_WGS84/162611,01010000007C21E4BC5FBE59C0E0BC84ECF7144940,CLOSR:BSCLS:C156541,BS CLOSURE,IPL,,LACC_APLOWED_C,WNDTSK,,WNDTSK01,SASKTEL,,,100049,,,,,,PALGS1,2019-12-05T22:09:04
Structure1_WGS84/162755,01010000004067D75F24275AC07814267A83384940,CLOSR:BSCLS:C170484,BS CLOSURE,IPL,,LACC_ATRENCH_C,REGNSK,,REGNSK01,SASKTEL,,,100049,,,,,,BOHLC2,2017-03-23T12:11:51
Structure1_WGS84/162761,01010000003864B4A2AEA459C09040AE3A96094940,CLOSR:BSCLS::6376475,BS CLOSURE,IPL,,LACC_APLOWED_C,KPNGSK,,KPNGSK01,SASKTEL,2012,,100049,,963798,,,,BALLB1,2019-11-25T03:10:48
Structure1_WGS84/162809,0101000000248747C9087759C000DDA112AB0D4940,CLOSR:BSCLS::9171394,BS CLOSURE,IPL,,LACC_APLOWED_C,MSMNSK,,MSMNSK01,SASKTEL,2016,,100049,,982445,,,,OUGAB1,2019-12-19T03:20:22
Structure1_WGS84/162810,01010000008068252E79375AC0B063AE6F14544940,CLOSR:BSCLS:C78088,BS CLOSURE,IPL,,LACC_ATRENCH_C,LMSDSK,,LMSDSK01,SASKTEL,,,100049,,,,,,PONNL1,2019-11-29T00:16:19
Structure1_WGS84/162815,01010000004CE03B09637459C0E025F18C521C4940,CLOSR:BSCLS:C150209,BS CLOSURE,IPL,,LACC_APLOWED_C,MSMNSK,,MSMNSK01,SASKTEL,,,100049,,,,,,OUGAB1,2019-12-31T05:17:18
Structure1_WGS84/162829,0101000000FC174766C7445AC040C34A5B95EB4840,CLOSR:BSCLS:C156583,BS CLOSURE,IPL,,LACC_APLOWED_C,AVNLSK,,AVNLSK01,SASKTEL,,,100049,,,,,,BALLB1,2019-12-17T23:24:57
Structure1_WGS84/163008,0101000000548ABF1B02205AC0A841E84592504940,CLOSR:BSCLS:C195512,BS CLOSURE,IPL,,LACC_APLOWED_F,REGNSK,,REGNSK04,SASKTEL,,,100049,,,,,,PONNL1,2020-03-12T03:39:37
Structure1_WGS84/163023,0101000000C8FEA69B376259C0A8329B53CBDF4840,CLOSR:BSCLS::8761783,BS CLOSURE,IPL,,LACC_APLOWED_C,MYFDSK,,MYFDSK01,SASKTEL,2015,,100049,,,,,,BALLB1,2019-12-13T01:42:13
Structure1_WGS84/163113,0101000000108F0BA19F555AC0D840E40E8A954940,CLOSR:BSCLS:C81581,BS CLOSURE,IPL,,LACC_APLOWED_C,LBRTSK,,LBRTSK02,SASKTEL,,,100049,,,,,,KATRR1,2020-07-13T02:23:48
Structure1_WGS84/163116,010100000070721AFDE36859C0502383028D314940,CLOSR:BSCLS:C167766,BS CLOSURE,IPL,,LACC_APLOWED_C,RCVLSK,,RCVLSK01,SASKTEL,,,100049,,,,,,GOPIA1,2019-12-31T04:25:44
Structure1_WGS84/163190,0101000000C444EA404D315AC058EE8653775B4940,CLOSR:BSCLS:C86920,BS CLOSURE,ABD,,LACC_APLOWED_C,LMSDSK,,CRVNSK04,SASKTEL,,,100049,,,,,,CHENR1,2021-12-27T05:54:46
Structure1_WGS84/163226,01010000005C0EB636FF265AC0A81F336E2F3E4940,CLOSR:BSCLS:C205044,BS CLOSURE,IPL,,LACC_ATRENCH_C,REGNSK,,REGNSK04,SASKTEL,,,100049,,,,,,WIESJ3,2020-02-26T14:15:34
Structure1_WGS84/163234,0101000000D07D17EE70465BC078AFF89235CC4840,CLOSR:BSCLS:C528546,BS CLOSURE,IPL,,LACC_APLOWED_C,ESNDSK,,RVNSSK01,SASKTEL,,,100049,,,,,,CHENR1,2022-02-01T01:34:13
Structure1_WGS84/163254,010100000078D5A97696205AC0887C4D32D9FF4840,LOSR:BSCLS::10742314,BS CLOSURE,IPL,,LACC_ATRENCH_C,MLSTSK,,MLSTSK01,SASKTEL,2019,,100049,,,,MCKED4,2019-12-17T08:37:58,PONNL1,2020-11-18T03:46:32
Structure1_WGS84/163270,01010000000CAC87880B225AC0A00FE1F55F3A4940,CLOSR:BSCLS:C153879,BS CLOSURE,IPL,,LACC_ATRENCH_C,REGNSK,,REGNSK46,SASKTEL,,,100049,,,,,,CHENR1,2022-03-26T02:06:55
Structure1_WGS84/163287,01010000006851CF1DA5235AC0F0D5997890394940,CLOSR:BSCLS:C166103,BS CLOSURE,IPL,,LACC_APLOWED_C,REGNSK,,REGNSK46,SASKTEL,,,100049,,,,,,CHENR1,2022-03-26T02:05:15
Structure1_WGS84/163296,0101000000008670C2E0DC5AC0584CE1B8C1334940,CLOSR:BSCLS:C570258,BS CLOSURE,IPL,,LACC_APLOWED_C,SWCRSK,,WLDCSK02,SASKTEL,,,100049,,,,,,CHENR1,2022-01-27T05:35:49
Structure1_WGS84/163301,0101000000308886FA7A055BC0604574ACAB1A4940,CLOSR:BSCLS:C538590,BS CLOSURE,ABD,,LACC_APLOWED_F,SWCRSK,,SWCRSK22,SASKTEL,,,100049,,,,,,CHENR1,2022-01-27T04:18:57
Structure1_WGS84/163321,010100000040897D9FFD215AC0206D75D6BA164940,CLOSR:BSCLS:C214569,BS CLOSURE,IPL,,LACC_APLOWED_C,REGNSK,,ESTLSK01,SASKTEL,,,100049,,,,,,CHENR1,2022-01-20T08:45:19
Structure1_WGS84/163464,010100000018CAB6F79CB75AC0D03C743FBC4E4940,CLOSR:BSCLS:C499571,BS CLOSURE,IPL,,LACC_APLOWED_C,MORSSK,,GLKRSK01,SASKTEL,,,100049,,,,,,CHENR1,2022-02-03T03:16:59
Structure1_WGS84/163493,0101000000AC24B812B3295BC030221F9B34F74840,CLOSR:BSCLS:C517927,BS CLOSURE,ABD,,LACC_APLOWED_C,GLLKSK,,GLLKSK04,SASKTEL,,,100049,,,,,,CHENR1,2022-02-03T05:02:16
Structure1_WGS84/163524,0101000000B0C38BCA15295AC0C8D2061B2F654940,CLOSR:BSCLS:C212676,BS CLOSURE,IPL,,LACC_APLOWED_C,REGNSK,,KNNLSK01,SASKTEL,,,100049,,,,,,CHENR1,2022-03-10T03:03:52
Structure1_WGS84/163556,0101000000B4E24D44C0175AC050845F4D52384940,CLOSR:BSCLS:C166048,BS CLOSURE,IPL,,LACC_ATRENCH_C,REGNSK,,WHCYSK01,SASKTEL,,,100049,,,,,,CHENR1,2022-04-27T06:54:33
Structure1_WGS84/163558,010100000070C4A352E1195AC038FC9E6058394940,CLOSR:BSCLS:C169809,BS CLOSURE,IPL,,LACC_APLOWED_F,REGNSK,,WHCYSK01,SASKTEL,,,100049,R3400 PC-03,,,,,CHENR1,2022-04-27T06:54:32
Structure1_WGS84/163559,01010000003C570C6BAB185AC080026CD06F3A4940,CLOSR:BSCLS:C170822,BS CLOSURE,IPL,,LACC_APLOWED_C,REGNSK,,WHCYSK01,SASKTEL,,,100049,,,,,,CHENR1,2022-04-27T06:55:46
Structure1_WGS84/163583,0101000000B8DAE2FEA9075AC040C5847A751C4940,CLOSR:BSCLS:C167617,BS CLOSURE,IPL,,LACC_APLOWED_F,REGNSK,,LJRDSK01,SASKTEL,,,100049,,,,,,CHENR1,2022-03-11T06:16:16
Structure1_WGS84/163590,01010000006C728A5101255AC070DC633512674940,CLOSR:BSCLS:C203266,BS CLOSURE,IPL,,LACC_APLOWED_C,REGNSK,,KNNLSK01,SASKTEL,,,100049,,,,,,CHENR1,2022-03-10T03:03:48
Structure1_WGS84/163628,010100000088F9D8AEE71C5AC0D0609C2A65544940,CLOSR:BSCLS:C234791,BS CLOSURE,IPL,,LACC_APLOWED_C,REGNSK,,ZHNRSK02,SASKTEL,,,100049,,,,,,CHENR1,2022-05-02T06:58:26
Structure1_WGS84/163629,0101000000081DCC0ACB195AC0A04C5F19E5504940,CLOSR:BSCLS:C240473,BS CLOSURE,IPL,,LACC_APLOWED_C,REGNSK,,ZHNRSK02,SASKTEL,,,100049,,,,,,CHENR1,2022-05-02T06:58:24
Structure1_WGS84/163631,0101000000E09B75DFB4275AC0C02FC527ED5A4940,CLOSR:BSCLS:C215346,BS CLOSURE,IPL,,LACC_APLOWED_C,REGNSK,,KNNLSK01,SASKTEL,,,100049,,,,,,CHENR1,2022-03-10T03:03:49
Structure1_WGS84/163690,01010000005C05CBED0BF45AC088357F604F0F4940,CLOSR:BSCLS:C534462,BS CLOSURE,IPL,,LACC_APLOWED_C,SWCRSK,,WYMRSK02,SASKTEL,,,100049,,,,,,CHENR1,2022-05-02T05:42:03
Structure1_WGS84/163784,0101000000648D02C3001B5BC08813B7C805EC4840,CLOSR:BSCLS:C526898,BS CLOSURE,IPL,,LACC_APLOWED_F,SHNVSK,,SHNVSK04,SASKTEL,,,100049,,,,,,CHENR1,2022-04-01T08:54:51
Structure1_WGS84/163823,01010000005897B575590B5AC008D30A22FEC34940,CLOSR:BSCLS:C153019,BS CLOSURE,IPL,,LACC_APLOWED_C,PNCHSK,,PMIRSK01,SASKTEL,,,100049,,,,,,CHENR1,2022-03-18T04:28:16
Structure1_WGS84/163841,0101000000D8A46A07381C5AC0E8F4F2319B5F4940,CLOSR:BSCLS:C211492,BS CLOSURE,ABD,,LACC_APLOWED_C,REGNSK,,PPIRSK01,SASKTEL,,,100049,,,,,,CHENR1,2022-03-18T04:48:15
Structure1_WGS84/163883,0101000000404FEC69B31A5AC0084F69E3D9BC4940,CLOSR:BSCLS:C154970,BS CLOSURE,IPL,,LACC_APLOWED_C,PNCHSK,,PMIRSK01,SASKTEL,,,100049,,,,,,CHENR1,2022-03-18T04:28:14
Structure1_WGS84/163925,010100000090710373715A5AC0F0268B7757644940,CLOSR:BSCLS:C95702,BS CLOSURE,IPL,,LACC_APLOWED_F,BTHNSK,,CHBLSK01,SASKTEL,,,100049,,,,,,PONNL1,2022-03-03T03:02:01
Structure1_WGS84/164005,0101000000E01112F20C235AC028F0C3B810374940,CLOSR:BSCLS:C213943,BS CLOSURE,ABD,,LACC_ATRENCH_C,REGNSK,,REGNSK45,SASKTEL,,,100049,,,,,,CHENR1,2022-04-08T07:33:21
Structure1_WGS84/164120,0101000000E0C095009D1F5AC060DB576281364940,CLOSR:BSCLS::8807533,BS CLOSURE,IPL,,LACC_APLOWED_C,REGNSK,,REGNSK46,SASKTEL,2015,,100049,,982932,,,,CHENR1,2022-03-26T02:07:11
Structure1_WGS84/164131,0101000000ACE35814DF235AC0C0276AC4E7394940,CLOSR:BSCLS:C159187,BS CLOSURE,ABD,,LACC_ATRENCH_C,REGNSK,,REGNSK46,SASKTEL,,,100049,,,,,,CHENR1,2022-03-26T02:06:59
Structure1_WGS84/164159,0101000000D46E93084F735AC0D838C00B9C874940,LOSR:BSCLS::10315725,BS CLOSURE,IPL,,LACC_APLOWED_C,CRAKSK,,CRAKSK01,SASKTEL,2018,,100049,,804419,,WILLJ2,2019-01-29T14:25:44,CHENR1,2022-06-09T03:28:49
Structure1_WGS84/164202,0101000000D813DBDF04A559C0B0549CDFFA3F4940,CLOSR:BSCLS::12672205,BS CLOSURE,IPL,,LACC_APLOWED_C,BRVWSK,,KIRVSK01,SASKTEL,,,100049,,,,BINGA1,2023-03-14T03:59:05,THUND1,2023-03-15T04:08:23
Structure1_WGS84/164228,01010000007857F1D138145AC078F2CBC82F4B4940,CLOSR:BSCLS::12669333,BS CLOSURE,IPL,,LACC_ATRENCH_C,BLGNSK,,BLGNSK01,SASKTEL,,,100049,,,,BINGA1,2023-03-13T20:18:55,THUND1,2023-03-15T04:08:21
Structure1_WGS84/164298,0101000000C0824F013DE85AC050D97B213FFB4840,CLOSR:BSCLS:C512437,BS CLOSURE,IPL,,LACC_APLOWED_F,NEVLSK,,NEVLSK01,SASKTEL,,,100049,,,,,,KATAS1,2022-08-03T23:45:33
Structure1_WGS84/164371,01010000005433028F47C25AC0C0A30FC8AB344940,CLOSR:BSCLS:C512534,BS CLOSURE,IPL,,LACC_APLOWED_F,MORSSK,,MORSSK01,SASKTEL,,,100049,,,,,,DUNLM1,2022-10-06T08:39:02
Structure1_WGS84/164406,0101000000D86BA218BE4A5AC0207C78CE0A494940,CLOSR:BSCLS::9377808,BS CLOSURE,IPL,,LACC_APLOWED_C,PENSSK,,STBHSK02,SASKTEL,2016,,100049,,800869,,WILLJ2,2017-02-01T12:19:07,CHENR1,2022-04-14T22:55:07
Structure1_WGS84/165325,0101000000B835D7D3E8F45AC0604FE3676E244940,CLOSR:BSCLS:C547905,BS CLOSURE,ABD,,LACC_APLOWED_C,SWCRSK,,SWCRSK02,SASKTEL,,,100049,,,,,,,
Structure1_WGS84/165411,0101000000D84DE4DA745A5BC0B0968EE887A94840,CLOSR:BSCLS:C572220,BS CLOSURE,IPL,,LACC_APLOWED_C,CNSLSK,,CNSLSK03,SASKTEL,,,100049,R1303 P1L,,,,,IHMED1,2016-11-14T14:20:45
Structure1_WGS84/165415,0101000000F4A27D798F585AC0584CE6717B504940,CLOSR:BSCLS::6464170,BS CLOSURE,IPL,,LACC_APLOWED_C,BTHNSK,,BTHNSK02,SASKTEL,2013,,100049,,962626,,,,IHMED1,2016-11-22T14:16:50
Structure1_WGS84/165457,01010000007C8B0F32F79659C048FE74313D024940,CLOSR:BSCLS:C114151,BS CLOSURE,IPL,,LACC_APLOWED_F,KNDYSK,,KNDYSK01,SASKTEL,,,100049,R2102 P1G02,,,,,IHMED1,2016-11-17T14:58:30
Structure1_WGS84/165487,0101000000380003BD27BC59C010C3400AF0154940,CLOSR:BSCLS:C156298,BS CLOSURE,ABD,,LACC_APLOWED_C,WNDTSK,,WNDTSK01,SASKTEL,,,100049,,,,,,IHMED1,2016-11-18T12:01:43
Structure1_WGS84/165493,0101000000F0DAB9F16D7F5AC0809F0D6D3EA24940,CLOSR:BSCLS:C105503,BS CLOSURE,ABD,,LACC_APLOWED_C,DVSNSK,,DVSNSK03,SASKTEL,,,100049,,,,,,IHMED1,2016-11-22T15:33:25
Structure1_WGS84/165502,01010000001896BBA672465AC0C0A8A97456A64940,CLOSR:BSCLS:C102382,BS CLOSURE,IPL,,LACC_APLOWED_C,GOVNSK,,GOVNSK01,SASKTEL,,,100049,,,,,,IHMED1,2016-11-23T09:31:18
Structure1_WGS84/165506,01010000002465827CF10D5AC0382C307899794940,CLOSR:BSCLS:C87271,BS CLOSURE,IPL,,LACC_APLOWED_C,CUPRSK,,CUPRSK01,SASKTEL,,,100049,,,,,,IHMED1,2016-11-23T15:28:26
Structure1_WGS84/165534,01010000005045AC56AA015BC07029476BC66A4940,CLOSR:BSCLS:C348620,BS CLOSURE,IPL,,LACC_APLOWED_C,KYLESK,,KYLESK01,SASKTEL,,,100049,,,,,,,
Structure1_WGS84/165563,0101000000309E31614EEE5AC0483D4DCBA7364940,CLOSR:BSCLS:C528841,BS CLOSURE,IPL,,LACC_APLOWED_C,SWCRSK,,SWCRSK02,SASKTEL,,,100049,,,,,,,
Structure1_WGS84/165601,0101000000F4A367CEC8CD59C0489515BB24674940,CLOSR:BSCLS:C166496,BS CLOSURE,IPL,,LACC_APLOWED_F,LMBGSK,,LMBGSK01,SASKTEL,,,100049,,,,,,IHMED1,2016-11-24T14:56:59
Structure1_WGS84/165639,01010000001C383453E40B5AC0A88E38AB982A4940,CLOSR:BSCLS:C185412,BS CLOSURE,IPL,,LACC_APLOWED_C,REGNSK,,REGNSK01,SASKTEL,,,100049,,,,,,,
Structure1_WGS84/165768,010100000074E8EE4C5E305AC088A6D87D393A4940,CLOSR:BSCLS:C213873,BS CLOSURE,IPL,,LACC_APLOWED_C,REGNSK,,REGNSK01,SASKTEL,,,100049,,,,,,,
Structure1_WGS84/165775,01010000004C874B174D295AC080A3A896213E4940,CLOSR:BSCLS:C222893,BS CLOSURE,IPL,,LACC_APLOWED_C,REGNSK,,REGNSK04,SASKTEL,,,100049,,,,,,,
Structure1_WGS84/165945,0101000000F0F3C8E7E1385BC070B4FD4740704940,CLOSR:BSCLS:C504740,BS CLOSURE,IPL,,LACC_APLOWED_C,ABBYSK,,ABBYSK01,SASKTEL,,,100049,,,,,,,
Structure1_WGS84/166011,010100000058CE0072DD285AC0E033680EA7424940,CLOSR:BSCLS:C193802,BS CLOSURE,IPL,,LACC_APLOWED_C,REGNSK,,REGNSK04,SASKTEL,,,100049,,,,,,,
Structure1_WGS84/166054,0101000000508A9A0B030B5BC0B0D2DDE212D04840,CLOSR:BSCLS:C517337,BS CLOSURE,IPL,,LACC_APLOWED_C,SHNVSK,,SHNVSK01,SASKTEL,,,100049,,,,,,IHMED1,2016-11-14T11:21:00
Structure1_WGS84/166058,01010000004C4BEDF1549559C030B802514A024940,CLOSR:BSCLS::6377754,BS CLOSURE,IPL,,LACC_APLOWED_C,KNDYSK,,KNDYSK01,SASKTEL,,,100049,,,,,,IHMED1,2016-11-17T14:58:31
Structure1_WGS84/166089,0101000000A03AAB72F23D5AC0C0335D9941654940,CLOSR:BSCLS:C90728,BS CLOSURE,IPL,,LACC_APLOWED_C,RGBHSK,,RGBHSK01,SASKTEL,,,100049,,,,,,IHMED1,2016-11-22T13:48:27
Structure1_WGS84/166091,0101000000DC16AD559B295BC0A8C8CF5020064940,CLOSR:BSCLS:C521507,BS CLOSURE,IPL,,LACC_APLOWED_C,GLLKSK,,GLLKSK01,SASKTEL,,,100049,,,,,,IHMED1,2016-11-14T09:01:37
Structure1_WGS84/166118,0101000000008AE92617145BC0A858073D24114940,CLOSR:BSCLS:C523333,BS CLOSURE,IPL,,LACC_APLOWED_F,GLLKSK,,GLLKSK01,SASKTEL,,,100049,,,,,,IHMED1,2016-11-14T09:01:47
Structure1_WGS84/166163,0101000000143911EBB76F59C040B267D957184940,CLOSR:BSCLS:C169550,BS CLOSURE,IPL,,LACC_APLOWED_C,MSMNSK,,MSMNSK01,SASKTEL,,,100049,,,,,,IHMED1,2016-11-17T09:23:04
Structure1_WGS84/166330,01010000007071E7D1B32B5AC0A8E52A2A233C4940,CLOSR:BSCLS:C195139,BS CLOSURE,IPL,,LACC_ATRENCH_C,REGNSK,,REGNSK04,SASKTEL,,,100049,,,,,,,
Structure1_WGS84/166403,0101000000E4A6A2B8501D5BC050D5E71E5D4F4940,CLOSR:BSCLS:C503031,BS CLOSURE,IPL,,LACC_ATRENCH_C,CABRSK,,CABRSK01,SASKTEL,,,100049,,,,,,,
Structure1_WGS84/166426,01010000002C0C9A8E27F659C0B800500C63804940,CLOSR:BSCLS:C152179,BS CLOSURE,ABD,,LACC_APLOWED_C,LPTNSK,,LPTNSK01,SASKTEL,,,100049,,,,,,IHMED1,2016-11-24T13:07:23
Structure1_WGS84/166568,010100000030D18077DBF359C008986C1B4A614940,CLOSR:BSCLS::9620043,BS CLOSURE,IPL,,LACC_ATRENCH_C,FTQPSK,,FTQPSK01,SASKTEL,2007,,100049,,,,MEYEB2,2017-08-08T17:10:58,MEYEB2,2017-08-09T15:39:03
Structure1_WGS84/166667,010100000020A119038C245AC048A07A3E5F454940,CLOSR:BSCLS:C212330,BS CLOSURE,IPL,,LACC_APLOWED_C,REGNSK,,REGNSK04,SASKTEL,,,100049,,,,,,PONNL1,2020-03-18T01:59:09
Structure1_WGS84/166682,0101000000B443952A492E5AC058F0830F7F304940,LOSR:BSCLS::10720875,BS CLOSURE,IPL,,LACC_APLOWED_F,REGNSK,,REGNSK03,SASKTEL,2020,"-104.7232,  50.3789",100049,"-104.7232,  50.3789",808077,,MEYEB2,2019-11-25T15:34:37,MEYEB2,2021-03-04T10:42:50
Structure1_WGS84/166689,0101000000987BD1E9DC235BC0C0DE6944069A4840,CLOSR:BSCLS:C524454,BS CLOSURE,IPL,,LACC_APLOWED_C,FRNTSK,,FRNTSK01,SASKTEL,,,100049,,,,,,SALID1,2025-02-24T22:03:10
Structure1_WGS84/166830,010100000020F79DF498785BC0F0A94F1E88254940,CLOSR:BSCLS::11961804,BS CLOSURE,IPL,,LACC_ATRENCH_C,RCHMSK,,RCHMSK02,SASKTEL,2021,,100049,,814649,,HUNTG1,2022-03-10T14:38:00,RAVAG1,2023-11-02T23:00:24
Structure1_WGS84/166847,0101000000388329446C2E5AC080CA5B8FB1324940,CLOSR:BSCLS::9767911,BS CLOSURE,IPL,,LACC_ATRENCH_C,REGNSK,,REGNSK03,SASKTEL,2018,,100049,,803406,,BOHLC2,2017-12-01T14:30:46,RAVAG1,2023-11-02T20:18:22
Structure1_WGS84/166861,0101000000787DB874845F59C0986C620C220A4940,CLOSR:BSCLS:C150246,BS CLOSURE,IPL,,LACC_APLOWED_F,MSMNSK,,MSMNSK01,SASKTEL,,,100049,,,,,,PALGS1,2019-06-18T20:59:19
Structure1_WGS84/166892,010100000014B960D6EF295AC01809B47B3F3A4940,CLOSR:BSCLS:C260582,BS CLOSURE,IPL,,LACC_ATRENCH_C,REGNSK,,REGNSK04,SASKTEL,,NO AP IN MARTENS,100049,,,,,,ROOKP2,2023-11-14T10:34:28
Structure1_WGS84/166942,0101000000C8A9D253BA075BC0E0E0AED88B1C4940,CLOSR:BSCLS:C517997,BS CLOSURE,IPL,,LACC_APLOWED_F,WEBBSK,,WEBBSK02,SASKTEL,,44M CL,100049,,,,,,CHENR1,2019-05-04T04:13:46
Structure1_WGS84/167028,01010000002C1C781D409E59C0506349F3A6094940,CLOSR:BSCLS:C145193,BS CLOSURE,IPL,,LACC_APLOWED_C,KPNGSK,,KPNGSK01,SASKTEL,,,100049,,,,,,SATYK1,2021-11-19T07:42:35
Structure1_WGS84/167030,0101000000A4076316AA085BC080E44A688B414940,CLOSR:BSCLS:C570391,BS CLOSURE,IPL,,LACC_APLOWED_C,PNNTSK,,PNNTSK01,SASKTEL,,,100049,,,,,,GANDN1,2018-04-18T04:51:42
Structure1_WGS84/167031,0101000000F87E5B9107135BC0F0B0EC63F4474940,CLOSR:BSCLS:C570527,BS CLOSURE,IPL,,LACC_APLOWED_F,PNNTSK,,PNNTSK01,SASKTEL,,,100049,,,,,,BUTTS1,2018-04-05T22:57:52
Structure1_WGS84/167056,0101000000701A67A831D35AC0502E361578F44840,CLOSR:BSCLS:C503457,BS CLOSURE,IPL,,LACC_APLOWED_C,VNGRSK,,VNGRSK01,SASKTEL,,,100049,,,,,,GANDN1,2018-04-17T01:22:47
Structure1_WGS84/167096,0101000000884F882011E15AC0C849918496924840,LOSR:BSCLS::10036092,BS CLOSURE,IPL,,LACC_APLOWED_C,VLMRSK,,VLMRSK01,SASKTEL,2017,MWO # 13-17-101,100049,,,,WILLJ2,2018-07-05T11:30:38,WILLJ2,2018-07-05T11:46:57
Structure1_WGS84/167132,0101000000C8BEAC02D5505AC0D00B4D65135E4940,CLOSR:BSCLS:C147166,BS CLOSURE,ABD,,LACC_APLOWED_C,BTHNSK,,BTHNSK02,SASKTEL,,,100049,,,,,,YADAG1,2018-09-11T08:29:43
Structure1_WGS84/167150,01010000002C7BA73C19265AC0087D11233A3E4940,CLOSR:BSCLS::11389642,BS CLOSURE,IPL,,LACC_ATRENCH_C,REGNSK,,REGNSK12,SASKTEL,2021,,100049,,812742,,HOLTA1,2021-03-29T15:18:15,BINGA1,2024-02-27T01:58:44
Structure1_WGS84/167272,0101000000C85AAAD5EE2E5AC008D64DA3353B4940,CLOSR:BSCLS::9042090,BS CLOSURE,IPL,,LACC_APLOWED_C,REGNSK,,REGNSK01,SASKTEL,,,100049,,,,,,DASAS1,2020-04-06T02:59:43
Structure1_WGS84/167287,010100000098947DB5F5215BC02847F6E565F14840,CLOSR:BSCLS::9065471,BS CLOSURE,IPL,,LACC_APLOWED_C,GLLKSK,,GLLKSK04,SASKTEL,2016,,100049,,800397,,,,LUBIT1,2025-01-06T14:10:31
Structure1_WGS84/167308,0101000000A801E25F58715BC010937490816A4940,CLOSR:BSCLS:C508560,BS CLOSURE,IPL,,LACC_APLOWED_C,LEDRSK,,LEDRSK01,SASKTEL,,,100049,,,,,,GORRS2,2018-10-15T22:46:03
Structure1_WGS84/167324,01010000009C9811B897365AC09041CB8054444940,CLOSR:BSCLS:C215673,BS CLOSURE,IPL,,LACC_APLOWED_C,REGNSK,,REGNSK04,SASKTEL,,,100049,,,,,,ADELL2,2018-10-23T04:24:46
Structure1_WGS84/167483,0101000000D091D8C57F2A5AC018F67214EA304940,CLOSR:BSCLS:C306110,BS CLOSURE,ABD,,LACC_APLOWED_C,REGNSK,,REGNSK03,SASKTEL,,,100049,,,,,,PALGS1,2019-08-23T02:13:31
Structure1_WGS84/167492,01010000002C1FD7F3A6275AC0B8C13E11B62E4940,CLOSR:BSCLS::8997633,BS CLOSURE,IPL,,LACC_APLOWED_F,REGNSK,,REGNSK03,SASKTEL,2016,50M WEST OF PROPERTY LINE,100049,,984239,,,,PALGS1,2019-08-23T04:22:20
Structure1_WGS84/167635,01010000001024D00FAC675BC0B87DB930C1184940,LOSR:BSCLS::10758635,BS CLOSURE,IPL,,LACC_APLOWED_C,MPCKSK,,GLPRSK02,SASKTEL,2020,,100049,,807689,,WILLJ2,2020-01-13T10:09:29,HUNTG1,2021-10-12T16:07:54
Structure1_WGS84/167799,01010000009050740959055BC098EC4B1550D94840,CLOSR:BSCLS:C517107,BS CLOSURE,IPL,,LACC_APLOWED_C,SHNVSK,,ADMRSK03,SASKTEL,,,100049,,,,,,CHENR1,2021-11-29T08:45:51
Structure1_WGS84/167884,01010000002C3AB7DB9EF35AC0306AA4D032244940,CLOSR:BSCLS:C538217,BS CLOSURE,IPL,,LACC_ATRENCH_C,SWCRSK,,SWCRSK02,SASKTEL,,,100049,,,,,,BALLB1,2019-10-04T00:00:44
Structure1_WGS84/167905,01010000000CEDFED9D81A5AC090CBBFD0023E4940,CLOSR:BSCLS::7432794,BS CLOSURE,IPL,,LACC_ATRENCH_C,REGNSK,,PLBTSK01,SASKTEL,2013,,100049,,958886,,,,SAKAM1,2022-12-06T07:54:34
Structure1_WGS84/167948,0101000000A05A1E4D50185AC0A08343E9B7774940,CLOSR:BSCLS:C161173,BS CLOSURE,IPL,,LACC_APLOWED_C,STHYSK,,STHYSK01,SASKTEL,,,100049,,,,,,PONNL1,2019-12-18T01:49:34
Structure1_WGS84/168080,0101000000D4E68A48903D5AC0A030C113F4254940,CLOSR:BSCLS:C76136,BS CLOSURE,IPL,,LACC_APLOWED_C,ROULSK,,ROULSK01,SASKTEL,,,100049,,,,,,GOPIA1,2020-01-02T08:12:20
Structure1_WGS84/168119,010100000068A6DB0FE13F5AC000CD559D5C024940,CLOSR:BSCLS:C142223,BS CLOSURE,IPL,,LACC_APLOWED_C,AVNLSK,,AVNLSK01,SASKTEL,,,100049,,,,,,BALLB1,2019-12-19T00:43:45
Structure1_WGS84/168132,0101000000F879E33C6DF259C068AA8B41CB234940,CLOSR:BSCLS::7083391,BS CLOSURE,IPL,,LACC_APLOWED_C,ODSSSK,,ODSSSK01,SASKTEL,2013,,100049,,969557,,,,MACHS1,2019-12-11T04:06:11
Structure1_WGS84/168137,01010000007032C2F29F7A59C0F07DB8EB723B4940,CLOSR:BSCLS:C150652,BS CLOSURE,IPL,,LACC_APLOWED_C,TNTLSK,,TNTLSK01,SASKTEL,,,100049,,,,,,PONNL1,2020-07-16T22:25:30
Structure1_WGS84/168338,010100000004A6CB49E58759C0C8D1F7487A1D4940,CLOSR:BSCLS:C122977,BS CLOSURE,IPL,,LACC_APLOWED_C,WPLLSK,,WPLLSK01,SASKTEL,,,100049,,,,,,PALGS1,2019-12-23T22:26:57
Structure1_WGS84/168350,0101000000B0E2CD7A0EDA59C070C936B223664940,CLOSR:BSCLS::9901322,BS CLOSURE,IPL,,LACC_APLOWED_C,ABRNSK,,ABRNSK01,SASKTEL,2018,,100049,,804256,,KAURP3,2018-04-10T09:32:29,AYYAN1,2019-12-06T03:45:30
Structure1_WGS84/168432,010100000064749BCBC8DC59C0A090348A75364940,CLOSR:BSCLS:C167192,BS CLOSURE,IPL,,LACC_APLOWED_C,SNTLSK,,SNTLSK01,SASKTEL,,,100049,,,,,,GOPIA1,2019-12-23T12:04:08
Structure1_WGS84/168436,0101000000B0242C69E62E5AC068CD8BBD1E3C4940,LOSR:BSCLS::10769162,BS CLOSURE,IPL,,LACC_APLOWED_C,REGNSK,,REGNSK01,SASKTEL,2020,,100049,,,,DUNLM1,2020-01-23T07:57:49,DUNLM1,2020-01-23T08:29:46
Structure1_WGS84/168458,010100000028C9B12A1F3C5AC0B800BBA7A63C4940,CLOSR:BSCLS:C161031,BS CLOSURE,IPL,,LACC_APLOWED_C,PENSSK,,PENSSK01,SASKTEL,,,100049,,,,,,GORRS2,2019-12-11T08:22:15
Structure1_WGS84/168519,010100000080D48B7934275AC0B0652DD031384940,CLOSR:BSCLS::6978415,BS CLOSURE,ABD,,LACC_ATRENCH_C,REGNSK,,REGNSK01,SASKTEL,,,100049,,0,,,,KLETR1,2020-10-13T12:26:34
Structure1_WGS84/168538,01010000008896C58F14ED5AC04881F3B985364940,CLOSR:BSCLS:C528863,BS CLOSURE,IPL,,LACC_APLOWED_C,SWCRSK,,SWCRSK02,SASKTEL,,,100049,,,,,,MACHS1,2020-02-20T03:49:33
Structure1_WGS84/168553,0101000000908DFA300AEC59C020DD6A6B7E524940,CLOSR:BSCLS:C124816,BS CLOSURE,IPL,,LACC_APLOWED_C,INHDSK,,INHDSK01,SASKTEL,,,100049,,,,,,GORRS2,2020-01-03T12:41:05
Structure1_WGS84/168559,010100000058D0A4E2790C5AC0D81E0A9484884940,CLOSR:BSCLS::7315711,BS CLOSURE,IPL,,LACC_APLOWED_C,CUPRSK,,CUPRSK02,SASKTEL,2014,,100049,,971824,,,,CHENR1,2021-12-27T09:16:22
Structure1_WGS84/168579,0101000000EC7F9C0ABAB959C0006EA18EBBFA4840,CLOSR:BSCLS:C159988,BS CLOSURE,IPL,,LACC_APLOWED_C,WNDTSK,,CRNGSK01,SASKTEL,,,100049,,,,,,CHENR1,2021-12-27T03:32:52
Structure1_WGS84/168630,0101000000647EDA4D55305AC058A2A5C5354C4940,CLOSR:BSCLS:C212942,BS CLOSURE,IPL,,LACC_APLOWED_F,REGNSK,,CONDSK03,SASKTEL,,20m cl,100049,,,,,,CHENR1,2021-12-25T07:45:35
Structure1_WGS84/168670,0101000000A870A17E59EC5AC0F0D7D0DFA1274940,CLOSR:BSCLS:C539466,BS CLOSURE,IPL,,LACC_APLOWED_C,SWCRSK,,WLDCSK02,SASKTEL,,,100049,,,,,,CHENR1,2022-01-27T05:35:46
Structure1_WGS84/168680,01010000000C9A4ECC89F85AC02097478A8A294940,CLOSR:BSCLS:C558372,BS CLOSURE,IPL,,LACC_APLOWED_F,SWCRSK,,SWCRSK22,SASKTEL,,,100049,,,,,,CHENR1,2022-01-27T04:18:57
Structure1_WGS84/168693,01010000000C1FED8CAAFD5AC0C0114CBE64244940,CLOSR:BSCLS:C540706,BS CLOSURE,IPL,,LACC_APLOWED_C,SWCRSK,,SWCRSK22,SASKTEL,,,100049,,,,,,CHENR1,2022-01-27T04:18:58
Structure1_WGS84/168763,0101000000C8BE03BA71465BC0A8196C0652CB4840,CLOSR:BSCLS:C528542,BS CLOSURE,IPL,,LACC_APLOWED_C,ESNDSK,,RVNSSK01,SASKTEL,,,100049,,,,,,CHENR1,2022-02-01T01:34:13
Structure1_WGS84/168858,0101000000A4BF24B6571F5BC09847E07762024940,CLOSR:BSCLS:C526284,BS CLOSURE,IPL,,LACC_APLOWED_F,GLLKSK,,GLLKSK04,SASKTEL,,,100049,,,,,,CHENR1,2022-02-03T05:02:20
Structure1_WGS84/168959,0101000000C028D6E35D175AC0684D424244394940,CLOSR:BSCLS:C165629,BS CLOSURE,ABD,,LACC_APLOWED_C,REGNSK,,WHCYSK01,SASKTEL,,,100049,,,,,,CHENR1,2022-04-27T06:57:00
Structure1_WGS84/168991,0101000000FC6C7CD7D47C59C0A8FC004B7EFC4840,CLOSR:BSCLS:C150674,BS CLOSURE,IPL,,LACC_APLOWED_C,WAWTSK,,KELSSK01,SASKTEL,,,100049,,,,,,CHENR1,2022-03-09T08:48:16
Structure1_WGS84/169000,0101000000488E39A478E459C060279E1BE9144940,CLOSR:BSCLS::8973292,BS CLOSURE,IPL,,LACC_APLOWED_C,MTMRSK,,KENDSK01,SASKTEL,2016,,100049,,984585,,,,CHENR1,2022-03-09T08:52:23
Structure1_WGS84/169015,0101000000B0BE564991FB5AC000611462C0004940,CLOSR:BSCLS:C503404,BS CLOSURE,IPL,,LACC_APLOWED_C,NEVLSK,,LCPLSK02,SASKTEL,,,100049,,,,,,CHENR1,2022-02-11T05:03:24
Structure1_WGS84/169208,0101000000A4F37E2F871A5AC07842322E263E4940,CLOSR:BSCLS::7793117,BS CLOSURE,IPL,,LACC_ATRENCH_C,REGNSK,,PLBTSK01,SASKTEL,2014,,100049,,974016,,,,CHENR1,2022-03-18T04:03:55
Structure1_WGS84/169209,0101000000681FCACE5D1A5AC088A2F00E6D3C4940,CLOSR:BSCLS:C194487,BS CLOSURE,IPL,,LACC_APLOWED_C,REGNSK,,PLBTSK01,SASKTEL,,,100049,,,,,,CHENR1,2022-03-18T04:02:36
Structure1_WGS84/169362,0101000000E072E0C8C81E5AC020832841FA2C4940,CLOSR:BSCLS:C203642,BS CLOSURE,IPL,,LACC_APLOWED_C,REGNSK,,REGNSK45,SASKTEL,,,100049,,,,,,CHENR1,2022-04-08T07:38:20
Structure1_WGS84/169381,0101000000C46C15396E365AC060BAE906726E4940,CLOSR:BSCLS:C130300,BS CLOSURE,IPL,,LACC_APLOWED_C,LMSDSK,,SABHSK01,SASKTEL,,,100049,,,,,,CHENR1,2022-03-30T03:59:45
Structure1_WGS84/169543,0101000000A4C9298D9A025AC078FC0391776D4940,CLOSR:BSCLS::12670610,BS CLOSURE,IPL,,LACC_APLOWED_C,DYSRSK,,DYSRSK01,SASKTEL,,,100049,,,,BINGA1,2023-03-13T23:11:47,THUND1,2023-03-15T04:08:21
Structure1_WGS84/169544,0101000000AC95245DA0265BC0E08C672B4AC44840,CLOSR:BSCLS::12670617,BS CLOSURE,IPL,,LACC_APLOWED_C,SHNVSK,,DLRDSK01,SASKTEL,,,100049,,,,BINGA1,2023-03-13T23:36:27,THUND1,2023-03-15T04:08:22
Structure1_WGS84/169545,0101000000F8F481DF04A559C0A8DA580AFA3F4940,CLOSR:BSCLS::12672206,BS CLOSURE,IPL,,LACC_APLOWED_C,BRVWSK,,KIRVSK01,SASKTEL,,,100049,,,,BINGA1,2023-03-14T04:00:29,THUND1,2023-03-15T04:08:23
Structure1_WGS84/169636,0101000000E444FD265B225AC068F4F49570364940,CLOSR:BSCLS:C223756,BS CLOSURE,IPL,,LACC_APLOWED_C,REGNSK,,REGNSK45,SASKTEL,,,100049,,,,,,CHENR1,2022-04-08T07:33:19
Structure1_WGS84/169661,010100000088E4FD48C9265AC0E065DDB12B394940,CLOSR:BSCLS::7220682,BS CLOSURE,IPL,,SPST_ACONDUIT,,,REGNSK01,SASKTEL,2013,,100049,,0,,,,CHENR1,2022-04-08T07:11:15
Structure1_WGS84/169794,0101000000144A650BFAF659C008FED354A95A4940,CLOSR:BSCLS:C143730,BS CLOSURE,IPL,,LACC_APLOWED_C,FTQPSK,,FTQPSK01,SASKTEL,,,100049,,,,,,DUNLM1,2023-04-18T12:25:48
Structure1_WGS84/169806,01010000001C9BF372E9225AC018D5200E8A374940,CLOSR:BSCLS:C212989,BS CLOSURE,IPL,,LACC_APLOWED_C,REGNSK,,REGNSK45,SASKTEL,,,100049,,,,,,CHENR1,2022-04-08T07:37:06
Structure1_WGS84/169849,0101000000905C2C7CA5225AC0F0ED563636384940,CLOSR:BSCLS:C163609,BS CLOSURE,IPL,,LACC_ATRENCH_C,REGNSK,,REGNSK45,SASKTEL,,,100049,,,,,,CHENR1,2022-04-08T07:41:21
Structure1_WGS84/169964,0101000000D80EDD519BC959C098C13EC5E7054940,LOSR:BSCLS::10668387,BS CLOSURE,IPL,,LACC_APLOWED_C,GLNVSK,,GLNVSK01,SASKTEL,2020,,100049,,807811,,HOLTA1,2019-09-25T16:10:23,CHENR1,2022-06-16T06:31:26
