id,name,in_structure,out_structure
ug_route/159677,OSP:CHOLE::13781188,st_struct_vault/2483,mywcom_route_junction/20993
ug_route/159678,OSP:CHOLE::14268404,st_struct_vault/2482,mywcom_route_junction/21312
ug_route/159679,OSP:BUSP:C648397,mywcom_route_junction/21037,st_struct_pedestal/70319
ug_route/159680,OSP:FBSP::13713525,pole/42132,mywcom_route_junction/21006
ug_route/159681,OSP:FBSP::12389060,st_struct_pedestal/67547,mywcom_route_junction/21239
ug_route/159682,OSP:FBSP::12051791,mywcom_route_junction/21734,mywcom_route_junction/21984
ug_route/159683,OSP:BUSP::9498766,mywcom_route_junction/21507,st_struct_pedestal/69158
ug_route/159684,OSP:BUSP::9440504,mywcom_route_junction/21275,st_struct_pedestal/70721
ug_route/159685,OSP:CHOLE::10695867,st_struct_vault/2422,mywcom_route_junction/20957
ug_route/159686,OSP:BUSP::9499399,mywcom_route_junction/21664,st_struct_pedestal/69849
ug_route/159687,OSP:BUSP::9525948,mywcom_route_junction/21270,cabinet/2432
ug_route/159688,OSP:FBSP:C708420,st_struct_buried_splice_location/2702,st_struct_pedestal/68169
ug_route/159689,OSP:BUSP::9450741,mywcom_route_junction/21409,st_struct_pedestal/69522
ug_route/159690,OSP:BUSP::9451386,mywcom_route_junction/21162,st_struct_pedestal/68839
ug_route/159691,OSP:BUSP::9451799,mywcom_route_junction/21731,st_struct_pedestal/69969
ug_route/159692,OSP:BUSP::9451810,mywcom_route_junction/21651,st_struct_pedestal/68992
ug_route/159693,OSP:BUSP::9451802,mywcom_route_junction/21791,st_struct_pedestal/68271
ug_route/159694,OSP:BUSP::9450431,mywcom_route_junction/21281,st_struct_pedestal/68618
ug_route/159695,OSP:BUSP::9451383,mywcom_route_junction/21101,st_struct_pedestal/68270
ug_route/159696,OSP:BUSP::9452062,mywcom_route_junction/21316,st_struct_pedestal/69441
ug_route/159697,OSP:BUSP::9452056,mywcom_route_junction/21893,st_struct_pedestal/67324
ug_route/159698,OSP:BUSP::9451390,mywcom_route_junction/21883,st_struct_pedestal/70578
ug_route/159699,OSP:BUSP::9452065,mywcom_route_junction/21544,st_struct_pedestal/67560
ug_route/159700,OSP:BUSP::9450458,mywcom_route_junction/21942,st_struct_pedestal/69567
ug_route/159701,OSP:BUSP::9450747,mywcom_route_junction/21448,st_struct_pedestal/70799
ug_route/159702,OSP:BUSP::9451075,mywcom_route_junction/21230,st_struct_pedestal/70305
ug_route/159703,OSP:BUSP::9450463,mywcom_route_junction/21789,st_struct_pedestal/70630
ug_route/159704,OSP:BUSP::9450746,mywcom_route_junction/21200,st_struct_pedestal/70434
ug_route/159705,OSP:BUSP::9451805,mywcom_route_junction/21175,st_struct_pedestal/68016
ug_route/159706,OSP:BUSP::9452059,mywcom_route_junction/21445,st_struct_pedestal/70319
ug_route/159707,OSP:BUSP::9450464,mywcom_route_junction/21824,st_struct_pedestal/68528
ug_route/159708,OSP:BUSP::9275655,mywcom_route_junction/20976,st_struct_pedestal/69908
ug_route/159709,OSP:BUSP::9450744,mywcom_route_junction/21200,mywcom_route_junction/21448
ug_route/159710,OSP:BUSP::13020514,st_struct_pedestal/70086,mywcom_route_junction/20909
ug_route/159711,OSP:BUSP::9469353,mywcom_route_junction/20925,st_struct_pedestal/67680
ug_route/159712,OSP:FBSP::12051789,st_struct_pedestal/70687,mywcom_route_junction/21734
ug_route/159713,OSP:BUSP::9455558,mywcom_route_junction/21515,st_struct_pedestal/67296
ug_route/159714,OSP:BUSP::10069940,st_struct_pedestal/67576,st_struct_pedestal/67949
ug_route/159715,OSP:FBSP::12051790,mywcom_route_junction/21734,st_struct_pedestal/68849
ug_route/159716,OSP:CHOLE::12078037,st_struct_vault/2486,mywcom_route_junction/21610
ug_route/159717,OSP:CHOLE::13781189,st_struct_vault/2467,mywcom_route_junction/21308
ug_route/159718,OSP:BUSP::9450427,mywcom_route_junction/21080,st_struct_pedestal/70665
ug_route/159719,OSP:BUSP:C645706,mywcom_route_junction/21053,st_struct_pedestal/68444
ug_route/159720,OSP:CHOLE::16958664,st_struct_vault/2475,mywcom_route_junction/21244
ug_route/159721,OSP:CHOLE::16958671,st_struct_vault/2475,mywcom_route_junction/21611
ug_route/159722,OSP:CHOLE::12440284,st_struct_vault/2440,mywcom_route_junction/20937
ug_route/159723,OSP:BUSP::9530109,cabinet/2478,st_struct_pedestal/69707
ug_route/159724,OSP:BUSP:C658279,st_struct_pedestal/69590,pole/40808
ug_route/159725,OSP:FBSP:C652873,mywcom_route_junction/21805,building/49644
ug_route/159726,OSP:FBSP::13684420,st_struct_pedestal/68321,building/50756
ug_route/159727,OSP:FBSP:C663376,mywcom_route_junction/21370,st_struct_pedestal/68190
ug_route/159728,OSP:CHOLE::13917047,mywcom_route_junction/20971,st_struct_vault/2434
ug_route/159729,OSP:FBSP::12079013,st_struct_pedestal/68802,st_struct_pedestal/69882
ug_route/159730,OSP:BUSP::9503223,st_struct_pedestal/67101,mywcom_route_junction/20989
ug_route/159731,OSP:CHOLE::16960915,st_struct_vault/2467,mywcom_route_junction/21698
ug_route/159732,OSP:CHOLE::16958663,st_struct_vault/2475,mywcom_route_junction/20982
ug_route/159733,OSP:CHOLE::13917048,mywcom_route_junction/20971,st_struct_vault/2434
ug_route/159734,OSP:CHOLE::12440287,st_struct_vault/2479,mywcom_route_junction/21429
ug_route/159735,OSP:BUSP::9500035,st_struct_pedestal/69423,mywcom_route_junction/21808
ug_route/159736,OSP:CHOLE::12440281,st_struct_vault/2444,mywcom_route_junction/21484
ug_route/159737,OSP:BUSP::9500348,st_struct_pedestal/67675,mywcom_route_junction/21313
ug_route/159738,OSP:BUSP::9501954,mywcom_route_junction/21028,st_struct_pedestal/67453
ug_route/159739,OSP:BUSP::9503220,mywcom_route_junction/21054,st_struct_pedestal/70800
ug_route/159740,OSP:CHOLE::16943302,st_struct_vault/2479,mywcom_route_junction/21523
ug_route/159741,OSP:BUSP::9499073,st_struct_pedestal/67844,mywcom_route_junction/20908
ug_route/159742,OSP:FBSP:C706992,mywcom_route_junction/21292,building/50211
ug_route/159743,OSP:FBSP:C706990,mywcom_route_junction/21881,building/48915
ug_route/159744,OSP:BUSP::9500021,mywcom_route_junction/21464,st_struct_pedestal/68351
ug_route/159745,OSP:FBSP:C706966,mywcom_route_junction/21617,building/49209
ug_route/159746,OSP:FBSP:C706989,mywcom_route_junction/21169,building/48998
ug_route/159747,OSP:BUSP::9501987,st_struct_pedestal/70385,mywcom_route_junction/21767
ug_route/159748,OSP:BUSP::9501951,st_struct_pedestal/69671,mywcom_route_junction/20986
ug_route/159749,OSP:BUSP::9501957,mywcom_route_junction/21821,st_struct_pedestal/67990
ug_route/159750,OSP:BUSP::9500024,mywcom_route_junction/21434,st_struct_pedestal/67492
ug_route/159751,OSP:BUSP:C648401,mywcom_route_junction/21179,mywcom_route_junction/21037
ug_route/159752,OSP:FBSP:C706962,mywcom_route_junction/21750,building/50200
ug_route/159753,OSP:BUSP::9498769,st_struct_pedestal/67270,mywcom_route_junction/21137
ug_route/159754,OSP:FBSP::16786568,mywcom_route_junction/21968,building/50833
ug_route/159755,OSP:BUSP::9499390,st_struct_pedestal/70590,mywcom_route_junction/21266
ug_route/159756,OSP:BUSP::9500340,mywcom_route_junction/21353,st_struct_pedestal/70012
ug_route/159757,OSP:BUSP::9501950,mywcom_route_junction/21590,st_struct_pedestal/69893
ug_route/159758,OSP:BUSP::9502276,st_struct_pedestal/68820,mywcom_route_junction/20903
ug_route/159759,OSP:BUSP::9500027,mywcom_route_junction/21427,st_struct_pedestal/70374
ug_route/159760,OSP:BUSP::9501969,mywcom_route_junction/21623,st_struct_pedestal/70326
ug_route/159761,OSP:BUSP::9500351,mywcom_route_junction/21477,st_struct_pedestal/70632
ug_route/159762,OSP:BUSP::9498761,st_struct_pedestal/67963,mywcom_route_junction/21133
ug_route/159763,OSP:BUSP::8435652,mywcom_route_junction/21993,mywcom_route_junction/21486
ug_route/159764,OSP:CHOLE::12440959,st_struct_vault/2480,mywcom_route_junction/21529
ug_route/159765,OSP:CHOLE::11065236,st_struct_vault/2467,mywcom_route_junction/21944
ug_route/159766,OSP:BUSP::9500354,mywcom_route_junction/21065,st_struct_pedestal/68038
ug_route/159767,OSP:BUSP::8345412,st_struct_pedestal/69898,mywcom_route_junction/21549
ug_route/159768,OSP:BUSP::13712580,mywcom_route_junction/20993,st_struct_vault/2482
ug_route/159769,OSP:BUSP::9501946,mywcom_route_junction/21838,st_struct_pedestal/69494
ug_route/159770,OSP:BUSP::13675147,st_struct_pedestal/68392,mywcom_route_junction/21855
ug_route/159771,OSP:BUSP::8447502,mywcom_route_junction/21358,building/49754
ug_route/159772,OSP:CHOLE::12449261,st_struct_vault/2434,mywcom_route_junction/22022
ug_route/159773,OSP:BUSP::8189722,pole/42838,st_struct_pedestal/67983
ug_route/159774,OSP:FBSP::12051909,st_struct_pedestal/70626,st_struct_pedestal/70439
ug_route/159775,OSP:BUSP::16795217,mywcom_route_junction/21730,mywcom_route_junction/21137
ug_route/159776,OSP:FBSP::13672926,mywcom_route_junction/22019,mywcom_route_junction/21629
ug_route/159777,OSP:BUSP:C667329,st_struct_pedestal/68466,st_struct_pedestal/70580
ug_route/159778,OSP:BUSP:C689275,st_struct_pedestal/67375,mywcom_route_junction/22006
ug_route/159779,OSP:BUSP::9499411,mywcom_route_junction/21795,st_struct_pedestal/67581
ug_route/159780,OSP:BUSP::11087285,cabinet/2469,tower/483
ug_route/159781,OSP:BUSP::16769860,mywcom_route_junction/21988,st_struct_pedestal/69884
ug_route/159782,OSP:BUSP::8950852,st_struct_pedestal/68309,mywcom_route_junction/21827
ug_route/159783,OSP:BUSP::9499402,st_struct_pedestal/69721,mywcom_route_junction/21248
ug_route/159784,OSP:BUSP::9499408,mywcom_route_junction/21822,st_struct_pedestal/69469
ug_route/159785,OSP:BUSP::9534904,st_struct_pedestal/67463,st_struct_pedestal/68729
ug_route/159786,OSP:BUSP::9498756,st_struct_pedestal/67353,cabinet/2459
ug_route/159787,OSP:FBSP::14275499,st_struct_pedestal/70312,building/49567
ug_route/159788,OSP:BUSP::9279173,st_struct_pedestal/67732,st_struct_pedestal/69650
ug_route/159789,OSP:FBSP::8587983,mywcom_route_junction/21652,building/51262
ug_route/159790,OSP:BUSP::16060404,st_struct_pedestal/70284,pole/41273
ug_route/159791,OSP:CHOLE::13917049,mywcom_route_junction/21938,st_struct_vault/2434
ug_route/159792,OSP:BUSP::9430937,st_struct_pedestal/67422,st_struct_pedestal/70287
ug_route/159793,OSP:BUSP:C644521,pole/41457,cabinet/2462
ug_route/159794,OSP:FORSP:C645972,mywcom_route_junction/21683,pole/41639
ug_route/159795,OSP:BUSP::9502279,mywcom_route_junction/21235,st_struct_pedestal/70832
ug_route/159796,OSP:FBSP:C711665,mywcom_route_junction/21575,building/50599
ug_route/159797,OSP:BUSP::9499405,mywcom_route_junction/21945,st_struct_pedestal/69045
ug_route/159798,OSP:FBSP:C654064,building/50229,building/50316
ug_route/159799,OSP:FBSP::16783383,st_struct_pedestal/68674,st_struct_pedestal/69155
ug_route/159800,OSP:FBSP::16785176,st_struct_pedestal/69733,st_struct_pedestal/70697
ug_route/159801,OSP:FBSP::16784335,st_struct_pedestal/68714,st_struct_pedestal/69227
ug_route/159802,OSP:CHOLE::16953227,st_struct_vault/2462,mywcom_route_junction/21364
ug_route/159803,OSP:BUSP:C711745,mywcom_route_junction/21927,st_struct_pedestal/70661
ug_route/159804,OSP:BUSP:C711680,st_struct_pedestal/70661,mywcom_route_junction/21927
ug_route/159805,OSP:BUSP::9206867,mywcom_route_junction/21129,st_struct_pedestal/67204
ug_route/159806,OSP:FBSP::10639880,mywcom_route_junction/21576,st_struct_pedestal/70474
ug_route/159807,OSP:BUSP::15996432,st_struct_pedestal/67409,st_struct_pedestal/69251
ug_route/159808,OSP:FBSP::10638770,mywcom_route_junction/21565,st_struct_pedestal/67203
ug_route/159809,OSP:FBSP:C711668,mywcom_route_junction/21727,building/49095
ug_route/159810,OSP:BUSP::10682804,cabinet/2480,cabinet/2422
ug_route/159811,OSP:BUSP:C641709,pole/40846,st_struct_pedestal/68324
ug_route/159812,OSP:BUSP::13453701,st_struct_pedestal/68123,st_struct_pedestal/68553
ug_route/159813,OSP:BUSP::9452052,pole/42838,st_struct_pedestal/67983
ug_route/159814,OSP:FORSP::13702967,mywcom_route_junction/21099,mywcom_route_junction/21397
ug_route/159815,OSP:FBSP::8415504,mywcom_route_junction/21304,st_struct_pedestal/67164
ug_route/159816,OSP:FBSP::10638817,mywcom_route_junction/21693,st_struct_pedestal/67316
ug_route/159817,OSP:BUSP:C647413,st_struct_pedestal/68444,st_struct_pedestal/69014
ug_route/159818,OSP:BUSP::9505786,st_struct_pedestal/69705,mywcom_route_junction/21539
ug_route/159819,OSP:FBSP::8950870,cabinet/2467,mywcom_route_junction/21332
ug_route/159820,OSP:BUSP::10271223,st_struct_pedestal/68055,mywcom_route_junction/21281
ug_route/159821,OSP:BUSP::9441157,st_struct_pedestal/68190,mywcom_route_junction/20905
ug_route/159822,OSP:FBSP::8587982,mywcom_route_junction/21652,building/50739
ug_route/159823,OSP:BUSP::8906397,pole/41457,cabinet/2462
ug_route/159824,OSP:FBSP::13705205,st_struct_pedestal/70716,st_struct_vault/2433
ug_route/159825,OSP:BUSP::9460122,st_struct_pedestal/69099,st_struct_pedestal/70789
ug_route/159826,OSP:BUSP::9421302,pole/40846,st_struct_pedestal/68324
ug_route/159827,OSP:FBSP:C639518,st_struct_pedestal/69404,st_struct_pedestal/67126
ug_route/159828,OSP:BUSP::9523381,mywcom_route_junction/21270,st_struct_pedestal/68466
ug_route/159829,OSP:BUSP:C645965,mywcom_route_junction/21665,st_struct_pedestal/70354
ug_route/159830,OSP:BUSP::9525949,st_struct_pedestal/68466,st_struct_pedestal/70580
ug_route/159831,OSP:FORSP::16961863,st_struct_vault/2486,mywcom_route_junction/21182
ug_route/159832,OSP:FBSP:C710761,mywcom_route_junction/21277,building/49821
ug_route/159833,OSP:FBSP::10638807,mywcom_route_junction/21634,st_struct_pedestal/69629
ug_route/159834,OSP:BUSP:C651782,st_struct_pedestal/70683,mywcom_route_junction/20933
ug_route/159835,OSP:BUSP::8369744,st_struct_pedestal/67271,mywcom_route_junction/21425
ug_route/159836,OSP:FBSP::11793478,st_struct_pedestal/67588,building/50938
ug_route/159837,OSP:FBSP::15352916,pole/40888,st_struct_pedestal/68103
ug_route/159838,OSP:BUSP::16057527,mywcom_route_junction/21049,building/50027
ug_route/159839,OSP:BUSP::11474151,mywcom_route_junction/21904,st_struct_pedestal/69296
ug_route/159840,OSP:BUSP::10757301,mywcom_route_junction/21288,building/49279
ug_route/159841,OSP:FBSP::12053051,mywcom_route_junction/20912,mywcom_route_junction/21204
ug_route/159842,OSP:FBSP::12051825,st_struct_pedestal/68906,mywcom_route_junction/21298
ug_route/159843,OSP:BUSP::9492031,cabinet/2489,pole/42384
ug_route/159844,OSP:BUSP::9502282,st_struct_pedestal/68879,mywcom_route_junction/21388
ug_route/159845,OSP:BUSP::17083508,st_struct_pedestal/69831,st_struct_pedestal/70339
ug_route/159846,OSP:BUSP::16040250,mywcom_route_junction/21902,st_struct_pedestal/68484
ug_route/159847,OSP:FBSP::12052126,mywcom_route_junction/21600,mywcom_route_junction/21692
ug_route/159848,OSP:BUSP::9430941,st_struct_pedestal/67422,st_struct_pedestal/70287
ug_route/159849,OSP:FBSP::13885369,mywcom_route_junction/21315,mywcom_route_junction/21151
ug_route/159850,OSP:BUSP::9430925,mywcom_route_junction/21971,st_struct_pedestal/67987
ug_route/159851,OSP:BUSP::9502291,st_struct_pedestal/70815,mywcom_route_junction/21666
ug_route/159852,OSP:FBSP::13402183,st_struct_pedestal/69757,st_struct_pedestal/69762
ug_route/159853,OSP:BUSP::8447492,st_struct_pedestal/68482,pole/41758
ug_route/159854,OSP:FBSP::16785175,cabinet/2495,st_struct_pedestal/69559
ug_route/159855,OSP:FBSP::7629277,pole/42610,st_struct_pedestal/67200
ug_route/159856,OSP:BUSP::9502288,st_struct_pedestal/67272,mywcom_route_junction/21667
ug_route/159857,OSP:BUSP::8366860,mywcom_route_junction/21444,mywcom_route_junction/21214
ug_route/159858,OSP:BUSP:C644354,mywcom_route_junction/21582,st_struct_pedestal/69075
ug_route/159859,OSP:FBSP::10675445,st_struct_pedestal/68970,st_struct_pedestal/68872
ug_route/159860,OSP:BUSP:C671220,st_struct_pedestal/70307,st_struct_pedestal/68202
ug_route/159861,OSP:BUSP::11512510,st_struct_pedestal/70627,pole/40610
ug_route/159862,OSP:BUSP::16040253,mywcom_route_junction/21989,st_struct_pedestal/69600
ug_route/159863,OSP:BUSP::8399185,cabinet/2439,st_struct_pedestal/69972
ug_route/159864,OSP:BUSP::8402101,pole/41446,cabinet/2425
ug_route/159865,OSP:BUSP::8447507,mywcom_route_junction/21966,building/49856
ug_route/159866,OSP:FBSP::8415506,mywcom_route_junction/22007,st_struct_pedestal/67440
ug_route/159867,OSP:BUSP::9502285,st_struct_pedestal/70605,mywcom_route_junction/21176
ug_route/159868,OSP:BUSP::16040248,mywcom_route_junction/21297,st_struct_pedestal/70361
ug_route/159869,OSP:BUSP::9504190,st_struct_pedestal/69014,st_struct_pedestal/68444
ug_route/159870,OSP:BUSP:C639813,st_struct_pedestal/69114,st_struct_pedestal/69846
ug_route/159871,OSP:FBSP::12069031,mywcom_route_junction/21937,mywcom_route_junction/21450
ug_route/159872,OSP:BUSP::16783623,mywcom_route_junction/20952,mywcom_route_junction/21496
ug_route/159873,OSP:BUSP:C667692,st_struct_pedestal/68032,pole/40801
ug_route/159874,OSP:BUSP:C706006,pole/40507,mywcom_route_junction/21495
ug_route/159875,OSP:FBSP::8415812,mywcom_route_junction/21796,st_struct_pedestal/69354
ug_route/159876,OSP:BUSP::8394708,pole/40669,cabinet/2514
ug_route/159877,OSP:FBSP::8415502,st_struct_pedestal/68476,mywcom_route_junction/21762
ug_route/159878,OSP:FBSP::8415814,mywcom_route_junction/21059,st_struct_pedestal/70221
ug_route/159879,OSP:BUSP::12034972,mywcom_route_junction/21560,mywcom_route_junction/21366
ug_route/159880,OSP:FBSP:C667226,mywcom_route_junction/21949,st_struct_pedestal/68613
ug_route/159881,OSP:BUSP::8484308,st_struct_pedestal/67347,cabinet/2453
ug_route/159882,OSP:BUSP::8394710,pole/40767,cabinet/2444
ug_route/159883,OSP:BUSP::16023605,pole/40697,st_struct_pedestal/70162
ug_route/159884,OSP:BUSP:C706380,st_struct_pedestal/69075,st_struct_pedestal/70359
ug_route/159885,OSP:BUSP:C711513,pole/40697,st_struct_pedestal/70162
ug_route/159886,OSP:BUSP:C705114,st_struct_pedestal/67965,st_struct_pedestal/68080
ug_route/159887,OSP:BUSP::8439827,st_struct_pedestal/68410,pole/42520
ug_route/159888,OSP:BUSP::9016146,st_struct_pedestal/68826,mywcom_route_junction/21078
ug_route/159889,OSP:BUSP::16040564,mywcom_route_junction/21783,st_struct_pedestal/70620
ug_route/159890,OSP:BUSP::16040246,mywcom_route_junction/21923,st_struct_pedestal/70510
ug_route/159891,OSP:BUSP::9455557,mywcom_route_junction/21515,st_struct_pedestal/69550
ug_route/159892,OSP:BUSP::12035116,mywcom_route_junction/21096,st_struct_buried_splice_location/2709
ug_route/159893,OSP:BUSP::16776387,mywcom_route_junction/21198,st_struct_pedestal/68605
ug_route/159894,OSP:FBSP:C706991,mywcom_route_junction/21740,mywcom_route_junction/21292
ug_route/159895,OSP:BUSP::9354740,st_struct_pedestal/68896,st_struct_pedestal/70108
ug_route/159896,OSP:BUSP::10916660,cabinet/2524,st_struct_pedestal/70661
ug_route/159897,OSP:FBSP:C642393,st_struct_pedestal/67444,st_struct_pedestal/68105
ug_route/159898,OSP:BUSP::9531705,cabinet/2495,st_struct_pedestal/69559
ug_route/159899,OSP:BUSP:C711657,st_struct_pedestal/68572,pole/41821
ug_route/159900,OSP:BUSP::13020515,mywcom_route_junction/20909,mywcom_route_junction/21461
ug_route/159901,OSP:FBSP::11670596,st_struct_pedestal/68024,building/49428
ug_route/159902,OSP:BUSP::13020612,st_struct_pedestal/68649,mywcom_route_junction/20909
ug_route/159903,OSP:FORSP::16955881,st_struct_vault/2465,mywcom_route_junction/21005
ug_route/159904,OSP:BUSP::9509330,mywcom_route_junction/21976,mywcom_route_junction/20951
ug_route/159905,OSP:BUSP::8399186,st_struct_pedestal/69972,st_struct_pedestal/69381
ug_route/159906,OSP:BUSP::8396955,pole/41727,cabinet/2502
ug_route/159907,OSP:BUSP::10672821,mywcom_route_junction/21320,st_struct_pedestal/67901
ug_route/159908,OSP:FBSP::16900916,st_struct_pedestal/70769,building/50263
ug_route/159909,OSP:BUSP::12343333,pole/42794,st_struct_pedestal/69013
ug_route/159910,OSP:BUSP::9490783,st_struct_pedestal/69404,mywcom_route_junction/21540
ug_route/159911,OSP:BUSP::8394709,pole/41005,cabinet/2451
ug_route/159912,OSP:FBSP:C643019,mywcom_route_junction/21755,st_struct_pedestal/67987
ug_route/159913,OSP:BUSP::9505141,st_struct_pedestal/69077,st_struct_pedestal/69404
ug_route/159914,OSP:CHOLE::16954184,st_struct_vault/2455,mywcom_route_junction/21586
ug_route/159915,OSP:FBSP:C711685,mywcom_route_junction/21451,mywcom_route_junction/21663
ug_route/159916,OSP:BUSP::16057235,st_struct_pedestal/67358,building/50117
ug_route/159917,OSP:BUSP::8402102,pole/41106,cabinet/2523
ug_route/159918,OSP:BUSP::8402100,pole/42644,cabinet/2473
ug_route/159919,OSP:FBSP:C667745,st_struct_pedestal/69659,building/48884
ug_route/159920,OSP:BUSP::8396950,pole/40921,cabinet/2416
ug_route/159921,OSP:FBSP::12188405,st_struct_pedestal/70069,building/48859
ug_route/159922,OSP:BUSP::16040278,mywcom_route_junction/21024,mywcom_route_junction/21759
ug_route/159923,OSP:BUSP::8396949,pole/42360,cabinet/2446
ug_route/159924,OSP:FBSP::13098318,st_struct_pedestal/68403,mywcom_route_junction/21239
ug_route/159925,OSP:FBSP::12052124,mywcom_route_junction/21692,st_struct_pedestal/69344
ug_route/159926,OSP:FORSP:D8183763,st_struct_vault/2486,mywcom_route_junction/21449
ug_route/159927,OSP:BUSP::9441159,mywcom_route_junction/20905,st_struct_pedestal/67774
ug_route/159928,OSP:BUSP:C644714,st_struct_pedestal/67618,pole/42578
ug_route/159929,OSP:BUSP:C649885,st_struct_pedestal/69788,st_struct_pedestal/69042
ug_route/159930,OSP:BUSP::8415495,st_struct_pedestal/67694,cabinet/2487
ug_route/159931,OSP:BUSP::16040258,mywcom_route_junction/21947,building/50079
ug_route/159932,OSP:BUSP::11474147,mywcom_route_junction/21109,st_struct_pedestal/69228
ug_route/159933,OSP:BUSP::12034970,mywcom_route_junction/21560,mywcom_route_junction/21747
ug_route/159934,OSP:BUSP::9490781,mywcom_route_junction/21267,st_struct_pedestal/69846
ug_route/159935,OSP:CHOLE::16954186,st_struct_vault/2455,mywcom_route_junction/21586
ug_route/159936,OSP:BUSP:C657711,mywcom_route_junction/21710,st_struct_pedestal/70726
ug_route/159937,OSP:BUSP:C654088,mywcom_route_junction/21327,st_struct_buried_splice_location/2615
ug_route/159938,OSP:FBSP::12069029,st_struct_pedestal/69482,mywcom_route_junction/21937
ug_route/159939,OSP:BUSP:C646151,mywcom_route_junction/21567,st_struct_pedestal/70082
ug_route/159940,OSP:BUSP:C660141,st_struct_pedestal/69972,st_struct_pedestal/69381
ug_route/159941,OSP:BUSP:C707095,cabinet/2493,mywcom_route_junction/21845
ug_route/159942,OSP:FBSP::10638583,st_struct_pedestal/68059,building/51278
ug_route/159943,OSP:BUSP::8906055,st_struct_pedestal/67062,mywcom_route_junction/21253
ug_route/159944,OSP:FBSP::12053037,mywcom_route_junction/21764,building/49657
ug_route/159945,OSP:BUSP:C707667,pole/41873,mywcom_route_junction/21282
ug_route/159946,OSP:BUSP:C651828,st_struct_pedestal/67105,st_struct_pedestal/67265
ug_route/159947,OSP:BUSP:C649753,pole/41497,st_struct_pedestal/70123
ug_route/159948,OSP:BUSP::9504192,st_struct_pedestal/69075,st_struct_pedestal/70359
ug_route/159949,OSP:BUSP::7625137,st_struct_pedestal/70824,pole/42063
ug_route/159950,OSP:BUSP::8437283,cabinet/2505,pole/42070
ug_route/159951,OSP:BUSP::15073846,pole/42375,st_struct_pedestal/68959
ug_route/159952,OSP:FBSP:C705573,mywcom_route_junction/21920,building/48916
ug_route/159953,OSP:FBSP:C639799,st_struct_pedestal/67257,mywcom_route_junction/21291
ug_route/159954,OSP:FBSP::12440288,mywcom_route_junction/21429,st_struct_pedestal/68145
ug_route/159955,OSP:BUSP::16776404,st_struct_pedestal/69678,mywcom_route_junction/21398
ug_route/159956,OSP:BUSP:C656500,st_struct_pedestal/67204,pole/42634
ug_route/159957,OSP:FBSP::14203125,st_struct_pedestal/70608,st_struct_pedestal/70550
ug_route/159958,OSP:BUSP::10445302,mywcom_route_junction/21180,st_struct_pedestal/69973
ug_route/159959,OSP:BUSP:C711661,mywcom_route_junction/21839,st_struct_pedestal/70465
ug_route/159960,OSP:BUSP::11472522,st_struct_pedestal/69738,mywcom_route_junction/21780
ug_route/159961,OSP:FBSP::10878260,st_struct_pedestal/69018,st_struct_pedestal/68363
ug_route/159962,OSP:BUSP::8365261,mywcom_route_junction/21031,st_struct_pedestal/69746
ug_route/159963,OSP:BUSP::11512508,st_struct_pedestal/70627,st_struct_pedestal/67114
ug_route/159964,OSP:BUSP:C639763,st_struct_pedestal/68113,st_struct_pedestal/68863
ug_route/159965,OSP:FBSP::9332028,st_struct_pedestal/68538,st_struct_pedestal/67200
ug_route/159966,OSP:BUSP::11418740,st_struct_pedestal/69968,cabinet/2448
ug_route/159967,OSP:BUSP::9502947,mywcom_route_junction/21081,st_struct_pedestal/68613
ug_route/159968,OSP:FBSP::10638766,mywcom_route_junction/21766,mywcom_route_junction/21498
ug_route/159969,OSP:BUSP::16769918,st_struct_pedestal/69496,st_struct_pedestal/67087
ug_route/159970,OSP:BUSP::8447504,mywcom_route_junction/21141,building/50053
ug_route/159971,OSP:BUSP::8447505,mywcom_route_junction/21141,building/50831
ug_route/159972,OSP:BUSP::16771816,st_struct_pedestal/70002,building/50440
ug_route/159973,OSP:FBSP::12053031,mywcom_route_junction/21518,st_struct_pedestal/70691
ug_route/159974,OSP:BUSP:C706892,st_struct_pedestal/68224,pole/40607
ug_route/159975,OSP:FBSP:C639758,st_struct_pedestal/69263,st_struct_pedestal/69677
ug_route/159976,OSP:FBSP::12053041,st_struct_pedestal/70691,building/49636
ug_route/159977,OSP:BUSP::8447493,st_struct_pedestal/68482,pole/41758
ug_route/159978,OSP:BUSP:C707429,cabinet/2429,pole/42337
ug_route/159979,OSP:FBSP:C706963,mywcom_route_junction/21750,mywcom_route_junction/21916
ug_route/159980,OSP:BUSP::8416783,cabinet/2450,st_struct_pedestal/68078
ug_route/159981,OSP:BUSP::8402103,pole/41921,cabinet/2428
ug_route/159982,OSP:BUSP::16795218,st_struct_pedestal/67353,mywcom_route_junction/20952
ug_route/159983,OSP:BUSP::8449415,cabinet/2471,pole/42417
ug_route/159984,OSP:BUSP::10720525,mywcom_route_junction/21387,st_struct_pedestal/70683
ug_route/159985,OSP:BUSP:C663623,st_struct_buried_splice_location/2660,st_struct_pedestal/67918
ug_route/159986,OSP:BUSP::11191220,cabinet/2466,cabinet/2468
ug_route/159987,OSP:FBSP::12051914,st_struct_pedestal/69276,mywcom_route_junction/21607
ug_route/159988,OSP:BUSP::10720528,mywcom_route_junction/21387,mywcom_route_junction/21197
ug_route/159989,OSP:FBSP:C654061,building/50229,building/49501
ug_route/159990,OSP:BUSP::10682805,cabinet/2422,st_struct_pedestal/69954
ug_route/159991,OSP:BUSP::9271540,mywcom_route_junction/20907,st_struct_pedestal/68397
ug_route/159992,OSP:BUSP:C667726,st_struct_pedestal/69293,pole/42803
ug_route/159993,OSP:BUSP::8366858,cabinet/2448,st_struct_pedestal/68760
ug_route/159994,OSP:BUSP:C663631,st_struct_pedestal/67918,st_struct_buried_splice_location/2646
ug_route/159995,OSP:BUSP::8500294,mywcom_route_junction/21150,st_struct_pedestal/69764
ug_route/159996,OSP:BUSP:C649067,mywcom_route_junction/21560,mywcom_route_junction/21897
ug_route/159997,OSP:FBSP::12051992,mywcom_route_junction/21402,building/50834
ug_route/159998,OSP:FBSP::12051918,mywcom_route_junction/21202,building/48799
ug_route/159999,OSP:FBSP:C654010,building/49320,building/48825
ug_route/160000,OSP:FBSP::12051994,mywcom_route_junction/21800,building/50522
ug_route/160001,OSP:BUSP::8634715,st_struct_pedestal/68956,mywcom_route_junction/21223
ug_route/160002,OSP:FBSP::12051993,mywcom_route_junction/21127,building/50366
ug_route/160003,OSP:FBSP::12052094,building/51020,mywcom_route_junction/21309
ug_route/160004,OSP:BUSP::11470583,cabinet/2450,st_struct_pedestal/68078
ug_route/160005,OSP:BUSP::9496189,st_struct_pedestal/67679,mywcom_route_junction/21615
ug_route/160006,OSP:BUSP:C655453,st_struct_pedestal/67275,building/49006
ug_route/160007,OSP:FBSP::12052115,mywcom_route_junction/21311,mywcom_route_junction/21992
ug_route/160008,OSP:BUSP::8449414,pole/41381,cabinet/2471
ug_route/160009,OSP:BUSP:C658224,st_struct_pedestal/70440,building/49414
ug_route/160010,OSP:FBSP::12052095,building/48988,mywcom_route_junction/21591
ug_route/160011,OSP:FBSP:C653036,st_struct_pedestal/68121,building/51131
ug_route/160012,OSP:BUSP::9158231,mywcom_route_junction/21878,st_struct_pedestal/68799
ug_route/160013,OSP:CHOLE::16947464,st_struct_vault/2472,mywcom_route_junction/21991
ug_route/160014,OSP:BUSP::8447821,mywcom_route_junction/21523,st_struct_pedestal/68660
ug_route/160015,OSP:FBSP::10633144,mywcom_route_junction/21008,st_struct_pedestal/70220
ug_route/160016,OSP:BUSP::7641428,cabinet/2511,cabinet/2423
ug_route/160017,OSP:BUSP::10668361,pole/41752,st_struct_pedestal/70562
ug_route/160018,OSP:CHOLE::16947467,st_struct_vault/2473,mywcom_route_junction/21946
ug_route/160019,OSP:CHOLE::16947466,st_struct_vault/2473,mywcom_route_junction/21344
ug_route/160020,OSP:FBSP::7949255,pole/40527,st_struct_pedestal/67677
ug_route/160021,OSP:BUSP:C657376,st_struct_pedestal/70252,pole/42555
ug_route/160022,OSP:BUSP::9158228,mywcom_route_junction/21707,st_struct_pedestal/70763
ug_route/160023,OSP:FORSP::13673535,mywcom_route_junction/21209,mywcom_route_junction/21865
ug_route/160024,OSP:BUSP::16013394,st_struct_pedestal/69126,mywcom_route_junction/21329
ug_route/160025,OSP:BUSP::9450423,mywcom_route_junction/21640,st_struct_pedestal/70802
ug_route/160026,OSP:BUSP::8603031,st_struct_pedestal/69894,mywcom_route_junction/21657
ug_route/160027,OSP:CHOLE::16947465,st_struct_vault/2472,mywcom_route_junction/21851
ug_route/160028,OSP:BUSP::10781621,mywcom_route_junction/22001,st_struct_pedestal/67670
ug_route/160029,OSP:FORSP::13702964,mywcom_route_junction/21203,pole/42708
ug_route/160030,OSP:FBSP:C707874,mywcom_route_junction/21805,building/50214
ug_route/160031,OSP:FBSP::12052048,mywcom_route_junction/21093,st_struct_pedestal/70086
ug_route/160032,OSP:BUSP::7638580,pole/41306,cabinet/2431
ug_route/160033,OSP:BUSP::11470921,mywcom_route_junction/21058,st_struct_pedestal/68281
ug_route/160034,OSP:BUSP::11470924,mywcom_route_junction/21943,st_struct_pedestal/67563
ug_route/160035,OSP:FBSP:C705562,mywcom_route_junction/21543,building/50405
ug_route/160036,OSP:FBSP:C654057,building/51036,building/50317
ug_route/160037,OSP:FBSP:C705502,mywcom_route_junction/21184,building/49776
ug_route/160038,OSP:FBSP:C648252,st_struct_pedestal/67439,building/51006
ug_route/160039,OSP:BUSP:C710221,pole/42167,st_struct_pedestal/70525
ug_route/160040,OSP:BUSP::11470919,mywcom_route_junction/21509,st_struct_pedestal/67975
ug_route/160041,OSP:BUSP::9433491,mywcom_route_junction/21864,st_struct_pedestal/70437
ug_route/160042,OSP:BUSP::8447506,mywcom_route_junction/21966,building/49970
ug_route/160043,OSP:BUSP::9440503,mywcom_route_junction/21275,mywcom_route_junction/21435
ug_route/160044,OSP:FBSP::12052113,mywcom_route_junction/21992,st_struct_pedestal/69708
ug_route/160045,OSP:BUSP:C708423,st_struct_pedestal/68723,cabinet/2441
ug_route/160046,OSP:BUSP:C671239,st_struct_pedestal/67708,mywcom_route_junction/21701
ug_route/160047,OSP:BUSP:C662689,st_struct_pedestal/70025,pole/41806
ug_route/160048,OSP:BUSP:C659740,st_struct_pedestal/70795,building/50826
ug_route/160049,OSP:BUSP::14704260,mywcom_route_junction/21875,st_struct_pedestal/68787
ug_route/160050,OSP:BUSP::16040286,mywcom_route_junction/21989,building/51110
ug_route/160051,OSP:FBSP::12052107,building/51287,mywcom_route_junction/21066
ug_route/160052,OSP:BUSP::16769453,mywcom_route_junction/21771,st_struct_pedestal/68046
ug_route/160053,OSP:FBSP::12051991,mywcom_route_junction/21870,building/49918
ug_route/160054,OSP:BUSP::9270607,mywcom_route_junction/21000,st_struct_pedestal/67450
ug_route/160055,OSP:FBSP::12052047,st_struct_pedestal/70079,mywcom_route_junction/21093
ug_route/160056,OSP:BUSP::15978505,pole/42568,mywcom_route_junction/21775
ug_route/160057,OSP:FBSP::13707784,mywcom_route_junction/21155,building/51296
ug_route/160058,OSP:FBSP:C705555,mywcom_route_junction/21618,building/50473
ug_route/160059,OSP:FORSP::13702965,mywcom_route_junction/21099,st_struct_pedestal/70563
ug_route/160060,OSP:BUSP:C651838,st_struct_pedestal/70683,st_struct_pedestal/68114
ug_route/160061,OSP:BUSP::9270603,mywcom_route_junction/21748,st_struct_pedestal/69529
ug_route/160062,OSP:BUSP::16020740,cabinet/2479,cabinet/2469
ug_route/160063,OSP:FBSP:C669985,st_struct_pedestal/68307,building/49124
ug_route/160064,OSP:FBSP::12053049,mywcom_route_junction/21204,mywcom_route_junction/22027
ug_route/160065,OSP:BUSP:C662489,st_struct_pedestal/69986,pole/42303
ug_route/160066,OSP:BUSP::15686651,st_struct_pedestal/67923,building/48971
ug_route/160067,OSP:FBSP::12053068,st_struct_pedestal/67660,mywcom_route_junction/21677
ug_route/160068,OSP:BUSP:C658241,st_struct_pedestal/69451,building/50068
ug_route/160069,OSP:FBSP::12053057,building/50373,mywcom_route_junction/20938
ug_route/160070,OSP:FBSP::12449262,mywcom_route_junction/22022,st_struct_pedestal/68541
ug_route/160071,OSP:FBSP::12051990,mywcom_route_junction/21870,st_struct_pedestal/67321
ug_route/160072,OSP:FBSP::13702973,st_struct_pedestal/70716,mywcom_route_junction/21046
ug_route/160073,OSP:BUSP:C656602,st_struct_pedestal/68347,st_struct_buried_splice_location/2684
ug_route/160074,OSP:BUSP::9504187,st_struct_pedestal/67090,mywcom_route_junction/21081
ug_route/160075,OSP:BUSP::8433762,st_struct_pedestal/68219,pole/41689
ug_route/160076,OSP:BUSP::9450461,mywcom_route_junction/21789,mywcom_route_junction/21824
ug_route/160077,OSP:FBSP::12053055,st_struct_pedestal/68025,mywcom_route_junction/21625
ug_route/160078,OSP:FBSP:C705575,mywcom_route_junction/21025,building/48916
ug_route/160079,OSP:BUSP:C645806,st_struct_pedestal/67271,st_struct_pedestal/67134
ug_route/160080,OSP:CHOLE::16951316,st_struct_vault/2424,mywcom_route_junction/21818
ug_route/160081,OSP:FORSP:C649177,mywcom_route_junction/21397,cabinet/2484
ug_route/160082,OSP:BUSP::8574880,pole/42556,cabinet/2470
ug_route/160083,OSP:FBSP::13704246,st_struct_pedestal/68392,mywcom_route_junction/21705
ug_route/160084,OSP:BUSP::11333396,st_struct_pedestal/69293,pole/42803
ug_route/160085,OSP:FBSP::12053525,mywcom_route_junction/21128,st_struct_pedestal/69079
ug_route/160086,OSP:BUSP:C669117,pole/42143,st_struct_pedestal/68458
ug_route/160087,OSP:BUSP:C653885,pole/41521,st_struct_pedestal/69141
ug_route/160088,OSP:BUSP:C649926,st_struct_pedestal/67223,st_struct_pedestal/68494
ug_route/160089,OSP:FORSP:C646273,mywcom_route_junction/21356,cabinet/2441
ug_route/160090,OSP:FORSP::13702968,mywcom_route_junction/21397,mywcom_route_junction/21203
ug_route/160091,OSP:FBSP::10638318,mywcom_route_junction/20962,mywcom_route_junction/21593
ug_route/160092,OSP:BUSP::16040254,mywcom_route_junction/21297,building/49136
ug_route/160093,OSP:FBSP::8490695,st_struct_pedestal/68068,building/51103
ug_route/160094,OSP:FBSP::13705207,st_struct_pedestal/70547,mywcom_route_junction/21011
ug_route/160095,OSP:FBSP::13402184,st_struct_pedestal/69757,st_struct_pedestal/69989
ug_route/160096,OSP:FBSP::13402189,mywcom_route_junction/21712,mywcom_route_junction/21866
ug_route/160097,OSP:BUSP::8416782,cabinet/2450,cabinet/2436
ug_route/160098,OSP:BUSP::10725965,mywcom_route_junction/20902,building/50306
ug_route/160099,OSP:FBSP::12069030,st_struct_pedestal/68853,mywcom_route_junction/21937
ug_route/160100,OSP:BUSP:C653825,cabinet/2485,pole/41095
ug_route/160101,OSP:BUSP:C668470,st_struct_pedestal/70723,st_struct_buried_splice_location/2707
ug_route/160102,OSP:FBSP::12053001,st_struct_pedestal/69079,mywcom_route_junction/21023
ug_route/160103,OSP:BUSP::11869990,mywcom_route_junction/21131,mywcom_route_junction/21527
ug_route/160104,OSP:FBSP::13053287,st_struct_pedestal/67420,mywcom_route_junction/21685
ug_route/160105,OSP:FBSP::12051916,mywcom_route_junction/21607,building/51347
ug_route/160106,OSP:FBSP::13704257,st_struct_pedestal/70547,st_struct_pedestal/69457
ug_route/160107,OSP:BUSP::16015000,pole/42085,mywcom_route_junction/21934
ug_route/160108,OSP:BUSP::8930052,cabinet/2485,pole/41095
ug_route/160109,OSP:BUSP::9532344,st_struct_pedestal/67271,st_struct_pedestal/67134
ug_route/160110,OSP:BUSP::15118964,cabinet/2426,pole/41592
ug_route/160111,OSP:FBSP:C669148,mywcom_route_junction/21672,building/48723
ug_route/160112,OSP:BUSP::10690443,mywcom_route_junction/21493,building/49114
ug_route/160113,OSP:FBSP:C643386,mywcom_route_junction/21452,st_struct_pedestal/69250
ug_route/160114,OSP:BUSP::16057524,st_struct_pedestal/67358,building/51473
ug_route/160115,OSP:FORSP::16943976,st_struct_vault/2440,st_struct_pedestal/68752
ug_route/160116,OSP:BUSP:C650774,pole/41797,st_struct_pedestal/69294
ug_route/160117,OSP:BUSP::16945141,pole/42136,mywcom_route_junction/21998
ug_route/160118,OSP:BUSP::8369745,mywcom_route_junction/21425,st_struct_pedestal/68232
ug_route/160119,OSP:BUSP::8435353,cabinet/2427,st_struct_pedestal/69113
ug_route/160120,OSP:BUSP:C653024,mywcom_route_junction/20963,st_struct_pedestal/68121
ug_route/160121,OSP:BUSP:C649677,mywcom_route_junction/21177,pole/42563
ug_route/160122,OSP:BUSP::11534264,mywcom_route_junction/21566,st_struct_pedestal/70662
ug_route/160123,OSP:FBSP::12053050,st_struct_pedestal/70239,mywcom_route_junction/20912
ug_route/160124,OSP:FBSP:C648203,st_struct_pedestal/70096,building/50890
ug_route/160125,OSP:BUSP::16788476,st_struct_pedestal/67147,mywcom_route_junction/21563
ug_route/160126,OSP:FBSP::12053359,st_struct_pedestal/69954,st_struct_pedestal/69617
ug_route/160127,OSP:BUSP::16040268,mywcom_route_junction/21783,building/51436
ug_route/160128,OSP:FORSP::16956654,st_struct_vault/2417,mywcom_route_junction/21645
ug_route/160129,OSP:BUSP:C661028,st_struct_buried_splice_location/2720,st_struct_pedestal/68580
ug_route/160130,OSP:FBSP::12051922,mywcom_route_junction/21127,mywcom_route_junction/21800
ug_route/160131,OSP:FBSP:C706948,mywcom_route_junction/21644,mywcom_route_junction/21742
ug_route/160132,OSP:BUSP::10232856,mywcom_route_junction/20953,st_struct_pedestal/68091
ug_route/160133,OSP:FBSP::12051848,building/49262,mywcom_route_junction/21333
ug_route/160134,OSP:BUSP::8592138,cabinet/2519,cabinet/2430
ug_route/160135,OSP:FBSP::12052127,mywcom_route_junction/21600,building/49250
ug_route/160136,OSP:BUSP:C651155,cabinet/2510,st_struct_pedestal/68896
ug_route/160137,OSP:FBSP:C705505,mywcom_route_junction/21100,building/49776
ug_route/160138,OSP:FBSP:C663632,st_struct_pedestal/69382,building/49123
ug_route/160139,OSP:BUSP::8436628,cabinet/2474,pole/41726
ug_route/160140,OSP:BUSP:C709252,mywcom_route_junction/21797,pole/42828
ug_route/160141,OSP:BUSP::8500297,st_struct_pedestal/69897,st_struct_pedestal/67860
ug_route/160142,OSP:BUSP::15118992,mywcom_route_junction/21697,mywcom_route_junction/20916
ug_route/160143,OSP:FBSP::12051614,mywcom_route_junction/21151,mywcom_route_junction/21696
ug_route/160144,OSP:BUSP::10690442,mywcom_route_junction/21493,building/50160
ug_route/160145,OSP:BUSP::8500964,st_struct_pedestal/67054,cabinet/2525
ug_route/160146,OSP:BUSP::8435667,st_struct_pedestal/69363,pole/41253
ug_route/160147,OSP:BUSP::9430920,mywcom_route_junction/21115,st_struct_pedestal/70125
ug_route/160148,OSP:BUSP::17062326,pole/42308,cabinet/2519
ug_route/160149,OSP:BUSP::8574881,cabinet/2470,cabinet/2483
ug_route/160150,OSP:BUSP::8603030,st_struct_pedestal/69894,building/50793
ug_route/160151,OSP:BUSP::8440460,pole/42170,cabinet/2445
ug_route/160152,OSP:BUSP::12035117,mywcom_route_junction/21096,st_struct_buried_splice_location/2700
ug_route/160153,OSP:FBSP:C705510,st_struct_pedestal/67216,st_struct_pedestal/68595
ug_route/160154,OSP:BUSP::12070646,st_struct_pedestal/70370,st_struct_pedestal/70831
ug_route/160155,OSP:CHOLE::16951317,st_struct_vault/2424,mywcom_route_junction/21818
ug_route/160156,OSP:FBSP::12052981,st_struct_pedestal/70060,building/49534
ug_route/160157,OSP:FBSP:C705571,building/50753,building/48916
ug_route/160158,OSP:BUSP:C658517,st_struct_pedestal/69154,mywcom_route_junction/21036
ug_route/160159,OSP:FORSP::11424853,mywcom_route_junction/21449,mywcom_route_junction/21461
ug_route/160160,OSP:FBSP:C657809,cabinet/2504,building/48992
ug_route/160161,OSP:BUSP::9447564,st_struct_pedestal/67978,mywcom_route_junction/21012
ug_route/160162,OSP:BUSP::8437277,mywcom_route_junction/21047,building/51445
ug_route/160163,OSP:FBSP:C705531,mywcom_route_junction/21876,building/51036
ug_route/160164,OSP:FBSP:C643006,st_struct_pedestal/70125,mywcom_route_junction/21172
ug_route/160165,OSP:BUSP:C668065,st_struct_pedestal/70157,building/49043
ug_route/160166,OSP:FBSP:C710765,mywcom_route_junction/21277,building/50767
ug_route/160167,OSP:FBSP::12051920,mywcom_route_junction/21800,st_struct_pedestal/70626
ug_route/160168,OSP:BUSP::16040273,mywcom_route_junction/21139,mywcom_route_junction/21923
ug_route/160169,OSP:BUSP::11804368,st_struct_pedestal/68659,building/49143
ug_route/160170,OSP:CHOLE::16951321,st_struct_vault/2424,mywcom_route_junction/21935
ug_route/160171,OSP:BUSP::7637956,cabinet/2466,cabinet/2520
ug_route/160172,OSP:FBSP:C648234,st_struct_pedestal/69779,building/49670
ug_route/160173,OSP:BUSP:C659214,st_struct_pedestal/70145,building/49274
ug_route/160174,OSP:FBSP::12051917,mywcom_route_junction/21793,building/50307
ug_route/160175,OSP:FBSP::10638819,mywcom_route_junction/21693,building/50060
ug_route/160176,OSP:BUSP::9433485,mywcom_route_junction/20940,st_struct_pedestal/70380
ug_route/160177,OSP:BUSP:C669018,st_struct_pedestal/67069,building/49660
ug_route/160178,OSP:BUSP:C646977,st_struct_buried_splice_location/2732,building/50135
ug_route/160179,OSP:FBSP::13146756,st_struct_pedestal/70113,mywcom_route_junction/21265
ug_route/160180,OSP:BUSP:C656382,mywcom_route_junction/21844,building/48725
ug_route/160181,OSP:BUSP:C654199,pole/41799,st_struct_pedestal/68611
ug_route/160182,OSP:BUSP::9465832,st_struct_pedestal/68202,st_struct_pedestal/70421
ug_route/160183,OSP:BUSP:C644772,pole/40772,st_struct_pedestal/69907
ug_route/160184,OSP:FBSP::8587979,pole/42510,st_struct_pedestal/68417
ug_route/160185,OSP:FBSP:C708418,st_struct_pedestal/67978,mywcom_route_junction/21424
ug_route/160186,OSP:BUSP::8447812,mywcom_route_junction/21741,building/50550
ug_route/160187,OSP:FBSP::10638664,mywcom_route_junction/21565,building/49810
ug_route/160188,OSP:BUSP::8923660,pole/42556,cabinet/2470
ug_route/160189,OSP:FBSP:C655832,st_struct_pedestal/69966,building/51214
ug_route/160190,OSP:FBSP:C652800,pole/40736,building/50488
ug_route/160191,OSP:BUSP::8394711,cabinet/2418,pole/42624
ug_route/160192,OSP:FBSP:C653976,mywcom_route_junction/21679,building/49607
ug_route/160193,OSP:BUSP::8435361,cabinet/2458,cabinet/2427
ug_route/160194,OSP:BUSP::10875108,st_struct_pedestal/68045,cabinet/2419
ug_route/160195,OSP:FBSP:C643072,st_struct_pedestal/70380,mywcom_route_junction/21499
ug_route/160196,OSP:FBSP::12051923,st_struct_pedestal/67321,mywcom_route_junction/21402
ug_route/160197,OSP:FBSP:C659945,st_struct_pedestal/69638,building/48920
ug_route/160198,OSP:FBSP::12440282,mywcom_route_junction/21484,st_struct_pedestal/70719
ug_route/160199,OSP:BUSP:C644038,st_struct_buried_splice_location/2657,st_struct_pedestal/70790
ug_route/160200,OSP:BUSP::8365587,cabinet/2490,st_struct_pedestal/69678
ug_route/160201,OSP:FORSP::16954836,st_struct_vault/2481,mywcom_route_junction/21076
ug_route/160202,OSP:FBSP::12447309,st_struct_vault/2487,st_struct_vault/2426
ug_route/160203,OSP:FBSP::12053035,mywcom_route_junction/21419,mywcom_route_junction/21764
ug_route/160204,OSP:FBSP:C705572,building/50753,building/48916
ug_route/160205,OSP:BUSP::16017210,st_struct_pedestal/67404,mywcom_route_junction/20914
ug_route/160206,OSP:FBSP::12053072,mywcom_route_junction/21641,st_struct_pedestal/67660
ug_route/160207,OSP:BUSP::15976886,st_struct_pedestal/68390,mywcom_route_junction/21084
ug_route/160208,OSP:FBSP::12051792,mywcom_route_junction/21984,pole/42248
ug_route/160209,OSP:BUSP::9426108,pole/41568,st_struct_pedestal/67618
ug_route/160210,OSP:FBSP::10638321,mywcom_route_junction/21021,building/50499
ug_route/160211,OSP:BUSP:C648610,pole/42599,st_struct_pedestal/67836
ug_route/160212,OSP:FBSP:C705535,mywcom_route_junction/21718,building/49901
ug_route/160213,OSP:FBSP:C656401,mywcom_route_junction/21072,building/50892
ug_route/160214,OSP:BUSP::9303906,cabinet/2510,st_struct_pedestal/68981
ug_route/160215,OSP:FORSP::16954181,st_struct_vault/2435,mywcom_route_junction/20969
ug_route/160216,OSP:BUSP::8383513,mywcom_route_junction/21138,cabinet/2499
ug_route/160217,OSP:FBSP:C648286,mywcom_route_junction/21502,building/49716
ug_route/160218,OSP:BUSP::7627976,st_struct_pedestal/67655,building/49988
ug_route/160219,OSP:BUSP::15976890,st_struct_pedestal/69584,mywcom_route_junction/21941
ug_route/160220,OSP:BUSP::7641430,cabinet/2423,st_struct_pedestal/70622
ug_route/160221,OSP:FBSP::10638594,mywcom_route_junction/21739,building/50265
ug_route/160222,OSP:FBSP:C656455,mywcom_route_junction/20956,building/49278
ug_route/160223,OSP:BUSP::13020613,mywcom_route_junction/21342,st_struct_pedestal/67901
ug_route/160224,OSP:FBSP:C710766,mywcom_route_junction/21277,building/48942
ug_route/160225,OSP:FBSP::16106194,mywcom_route_junction/21629,st_struct_pedestal/69019
ug_route/160226,OSP:FBSP::12053032,building/50879,mywcom_route_junction/21419
ug_route/160227,OSP:BUSP:C707886,st_struct_buried_splice_location/2751,building/49359
ug_route/160228,OSP:BUSP::16040287,mywcom_route_junction/21902,building/50227
ug_route/160229,OSP:FBSP:C680744,st_struct_pedestal/69144,building/51088
ug_route/160230,OSP:BUSP::8576463,mywcom_route_junction/21090,cabinet/2503
ug_route/160231,OSP:CHOLE::16951320,st_struct_vault/2424,mywcom_route_junction/21964
ug_route/160232,OSP:BUSP:C669711,st_struct_pedestal/67421,mywcom_route_junction/20927
ug_route/160233,OSP:BUSP::10725971,mywcom_route_junction/21430,building/50300
ug_route/160234,OSP:BUSP::11505910,st_struct_pedestal/67613,mywcom_route_junction/21249
ug_route/160235,OSP:FBSP::11037956,st_struct_pedestal/70285,st_struct_pedestal/70468
ug_route/160236,OSP:BUSP::16694683,mywcom_route_junction/20965,mywcom_route_junction/21057
ug_route/160237,OSP:FORSP::16961862,st_struct_vault/2486,pole/40740
ug_route/160238,OSP:BUSP:C654447,pole/41639,st_struct_pedestal/69301
ug_route/160239,OSP:BUSP::11474153,st_struct_pedestal/69987,st_struct_vault/2461
ug_route/160240,OSP:BUSP::9379062,mywcom_route_junction/21516,st_struct_pedestal/69771
ug_route/160241,OSP:FBSP:C651242,mywcom_route_junction/21604,st_struct_pedestal/68674
ug_route/160242,OSP:BUSP::11435046,st_struct_pedestal/68346,building/50621
ug_route/160243,OSP:BUSP::8592140,cabinet/2475,cabinet/2510
ug_route/160244,OSP:BUSP::9509320,mywcom_route_junction/20951,cabinet/2499
ug_route/160245,OSP:BUSP::8587972,st_struct_pedestal/70661,mywcom_route_junction/21003
ug_route/160246,OSP:BUSP:C667157,mywcom_route_junction/22026,st_struct_pedestal/68795
ug_route/160247,OSP:BUSP:C659042,mywcom_route_junction/21038,st_struct_pedestal/68651
ug_route/160248,OSP:BUSP:C642241,st_struct_pedestal/68370,building/51134
ug_route/160249,OSP:FBSP::12052103,st_struct_pedestal/68880,mywcom_route_junction/22010
ug_route/160250,OSP:BUSP::11087286,tower/483,cabinet/2479
ug_route/160251,OSP:BUSP::8434384,mywcom_route_junction/21874,cabinet/2427
ug_route/160252,OSP:BUSP:C660073,st_struct_pedestal/67956,building/51215
ug_route/160253,OSP:FBSP::13098190,st_struct_pedestal/70288,st_struct_pedestal/67088
ug_route/160254,OSP:FBSP:C705591,mywcom_route_junction/21373,building/49499
ug_route/160255,OSP:FBSP::12053053,mywcom_route_junction/21183,st_struct_pedestal/70239
ug_route/160256,OSP:FBSP::12053040,building/49929,mywcom_route_junction/21456
ug_route/160257,OSP:FBSP:C704914,mywcom_route_junction/21919,st_struct_pedestal/69421
ug_route/160258,OSP:BUSP:C660129,st_struct_pedestal/69196,building/49090
ug_route/160259,OSP:FBSP::13684726,mywcom_route_junction/21972,cabinet/2461
ug_route/160260,OSP:BUSP::15070008,st_struct_pedestal/70478,cabinet/2522
ug_route/160261,OSP:FBSP:C656462,mywcom_route_junction/21158,building/49593
ug_route/160262,OSP:FBSP:C643639,st_struct_pedestal/68811,building/50805
ug_route/160263,OSP:BUSP::16735350,mywcom_route_junction/20926,mywcom_route_junction/21871
ug_route/160264,OSP:BUSP::10689808,st_struct_pedestal/67262,building/50257
ug_route/160265,OSP:FBSP::12051912,mywcom_route_junction/21202,mywcom_route_junction/21793
ug_route/160266,OSP:BUSP::16040267,mywcom_route_junction/21783,building/48954
ug_route/160267,OSP:BUSP::8396948,cabinet/2497,pole/40556
ug_route/160268,OSP:BUSP::8500965,cabinet/2525,cabinet/2454
ug_route/160269,OSP:BUSP::8951497,mywcom_route_junction/21827,mywcom_route_junction/21352
ug_route/160270,OSP:FBSP::10638319,mywcom_route_junction/21593,st_struct_pedestal/68654
ug_route/160271,OSP:BUSP::10638759,mywcom_route_junction/21103,st_struct_pedestal/70170
ug_route/160272,OSP:BUSP::12070647,mywcom_route_junction/21001,st_struct_pedestal/67817
ug_route/160273,OSP:FBSP:C651866,st_struct_pedestal/69756,building/51137
ug_route/160274,OSP:BUSP::9522422,st_struct_pedestal/68674,mywcom_route_junction/21858
ug_route/160275,OSP:FBSP:C644491,mywcom_route_junction/20923,st_struct_pedestal/68684
ug_route/160276,OSP:FBSP:C648268,st_struct_pedestal/68439,building/50511
ug_route/160277,OSP:BUSP::11087284,cabinet/2479,cabinet/2469
ug_route/160278,OSP:FORSP::16938821,st_struct_vault/2422,st_struct_vault/2480
ug_route/160279,OSP:BUSP::16761898,mywcom_route_junction/21514,st_struct_pedestal/68651
ug_route/160280,OSP:FBSP:C654097,mywcom_route_junction/21071,building/51402
ug_route/160281,OSP:BUSP::16057529,st_struct_pedestal/67229,building/49265
ug_route/160282,OSP:BUSP:C662396,st_struct_pedestal/68246,st_struct_buried_splice_location/2696
ug_route/160283,OSP:FBSP::13702977,mywcom_route_junction/22008,building/49281
ug_route/160284,OSP:BUSP:C707701,st_struct_pedestal/68283,pole/40762
ug_route/160285,OSP:FBSP::11797191,st_struct_pedestal/70286,building/51210
ug_route/160286,OSP:BUSP::10227747,mywcom_route_junction/21164,st_struct_pedestal/68091
ug_route/160287,OSP:FORSP:C645733,st_struct_vault/2482,building/48962
ug_route/160288,OSP:BUSP::10689806,st_struct_pedestal/69756,building/51137
ug_route/160289,OSP:FBSP:C668782,st_struct_pedestal/68346,building/50621
ug_route/160290,OSP:BUSP:C670085,mywcom_route_junction/21285,st_struct_pedestal/68162
ug_route/160291,OSP:BUSP:C653379,st_struct_pedestal/68487,st_struct_buried_splice_location/2685
ug_route/160292,OSP:FORSP::16956644,st_struct_vault/2483,building/48962
ug_route/160293,OSP:FBSP:C654020,mywcom_route_junction/21369,building/50279
ug_route/160294,OSP:FBSP:C660531,pole/41995,building/50472
ug_route/160295,OSP:BUSP::8500003,st_struct_pedestal/69621,mywcom_route_junction/21234
ug_route/160296,OSP:BUSP::10638419,mywcom_route_junction/21533,st_struct_pedestal/70170
ug_route/160297,OSP:BUSP::8499996,cabinet/2521,cabinet/2481
ug_route/160298,OSP:BUSP:C647616,mywcom_route_junction/21064,mywcom_route_junction/21717
ug_route/160299,OSP:FBSP:C646119,mywcom_route_junction/21319,st_struct_pedestal/70604
ug_route/160300,OSP:BUSP::9450425,mywcom_route_junction/21640,mywcom_route_junction/21080
ug_route/160301,OSP:BUSP::11474152,st_struct_pedestal/67861,st_struct_vault/2460
ug_route/160302,OSP:BUSP::8591175,cabinet/2491,cabinet/2438
ug_route/160303,OSP:FBSP:C648264,st_struct_pedestal/67610,building/49758
ug_route/160304,OSP:BUSP:C669004,st_struct_pedestal/69917,pole/41319
ug_route/160305,OSP:FBSP:C651651,mywcom_route_junction/21105,st_struct_pedestal/68398
ug_route/160306,OSP:BUSP::10850100,pole/41995,building/50472
ug_route/160307,OSP:FBSP::10637987,mywcom_route_junction/21556,mywcom_route_junction/20962
ug_route/160308,OSP:FBSP::12053002,mywcom_route_junction/21023,mywcom_route_junction/21229
ug_route/160309,OSP:BUSP::9465616,mywcom_route_junction/21273,st_struct_pedestal/69154
ug_route/160310,OSP:FBSP::7630881,mywcom_route_junction/21573,st_struct_pedestal/70821
ug_route/160311,OSP:BUSP:C667425,cabinet/2477,st_struct_pedestal/67365
ug_route/160312,OSP:BUSP::16776313,mywcom_route_junction/22023,mywcom_route_junction/21198
ug_route/160313,OSP:BUSP::9552544,mywcom_route_junction/22020,st_struct_pedestal/69421
ug_route/160314,OSP:BUSP::17062025,mywcom_route_junction/21170,mywcom_route_junction/21895
ug_route/160315,OSP:FBSP:C705509,mywcom_route_junction/21363,building/50973
ug_route/160316,OSP:BUSP:C665777,mywcom_route_junction/21173,st_struct_pedestal/70591
ug_route/160317,OSP:FBSP::13704259,st_struct_pedestal/70547,st_struct_pedestal/70716
ug_route/160318,OSP:BUSP::8588358,pole/42717,cabinet/2417
ug_route/160319,OSP:FBSP:C667311,st_struct_pedestal/67404,building/49775
ug_route/160320,OSP:CHOLE::16951318,st_struct_vault/2424,mywcom_route_junction/21671
ug_route/160321,OSP:BUSP::12078038,mywcom_route_junction/21610,st_struct_pedestal/70086
ug_route/160322,OSP:FORSP:D8153717,mywcom_route_junction/21683,st_struct_pedestal/69301
ug_route/160323,OSP:BUSP::8435661,pole/41310,cabinet/2437
ug_route/160324,OSP:BUSP::15970484,building/50192,building/49426
ug_route/160325,OSP:BUSP:C653380,st_struct_pedestal/68487,st_struct_buried_splice_location/2685
ug_route/160326,OSP:BUSP::7914708,st_struct_pedestal/67848,st_struct_pedestal/67446
ug_route/160327,OSP:BUSP::9510581,st_struct_pedestal/70580,mywcom_route_junction/21355
ug_route/160328,OSP:BUSP:C668363,pole/42436,st_struct_pedestal/68773
ug_route/160329,OSP:BUSP::9526915,st_struct_pedestal/68398,mywcom_route_junction/21423
ug_route/160330,OSP:FBSP:C705557,mywcom_route_junction/21543,building/50473
ug_route/160331,OSP:FORSP:C646123,mywcom_route_junction/20900,st_struct_pedestal/70728
ug_route/160332,OSP:BUSP:C650889,mywcom_route_junction/21729,st_struct_pedestal/68187
ug_route/160333,OSP:BUSP::17102404,pole/41592,building/49032
ug_route/160334,OSP:FBSP::12053009,mywcom_route_junction/21251,mywcom_route_junction/21860
ug_route/160335,OSP:BUSP::8591173,pole/41371,cabinet/2496
ug_route/160336,OSP:FBSP::12052049,mywcom_route_junction/21093,building/48861
ug_route/160337,OSP:FBSP:C706914,st_struct_pedestal/67261,building/49855
ug_route/160338,OSP:BUSP::8348938,st_struct_pedestal/70683,mywcom_route_junction/21227
ug_route/160339,OSP:FBSP::10644060,mywcom_route_junction/21889,st_struct_pedestal/68059
ug_route/160340,OSP:BUSP::15982967,pole/42806,building/49750
ug_route/160341,OSP:FBSP::12052989,mywcom_route_junction/21307,st_struct_pedestal/68802
ug_route/160342,OSP:FBSP:C639221,st_struct_pedestal/68536,pole/42684
ug_route/160343,OSP:FBSP:C705570,mywcom_route_junction/21804,building/50753
ug_route/160344,OSP:BUSP::11330110,st_struct_pedestal/68452,st_struct_vault/2442
ug_route/160345,OSP:BUSP::8591184,cabinet/2522,st_struct_pedestal/70478
ug_route/160346,OSP:FBSP::10186436,st_struct_pedestal/67154,building/51344
ug_route/160347,OSP:BUSP::8447814,mywcom_route_junction/21741,mywcom_route_junction/21966
ug_route/160348,OSP:BUSP::8437615,cabinet/2494,pole/40942
ug_route/160349,OSP:FBSP::13059950,st_struct_pedestal/68653,mywcom_route_junction/21352
ug_route/160350,OSP:BUSP::15978510,pole/42684,st_struct_pedestal/68536
ug_route/160351,OSP:BUSP::8437604,cabinet/2505,cabinet/2501
ug_route/160352,OSP:BUSP::8448156,cabinet/2485,cabinet/2472
ug_route/160353,OSP:BUSP:C660873,st_struct_pedestal/70699,building/50895
ug_route/160354,OSP:FBSP:C705530,mywcom_route_junction/21462,building/50229
ug_route/160355,OSP:FBSP:C705594,mywcom_route_junction/21189,building/51313
ug_route/160356,OSP:BUSP::16694678,mywcom_route_junction/21863,mywcom_route_junction/20978
ug_route/160357,OSP:BUSP::10246916,mywcom_route_junction/20973,st_struct_pedestal/70422
ug_route/160358,OSP:BUSP::16040280,mywcom_route_junction/21759,mywcom_route_junction/21297
ug_route/160359,OSP:BUSP::8500966,cabinet/2454,cabinet/2442
ug_route/160360,OSP:BUSP::8590227,pole/42240,cabinet/2517
ug_route/160361,OSP:BUSP::11479225,st_struct_buried_splice_location/2658,st_struct_pedestal/70672
ug_route/160362,OSP:FBSP::12051849,mywcom_route_junction/22010,mywcom_route_junction/21333
ug_route/160363,OSP:FBSP::12052090,building/51437,mywcom_route_junction/21311
ug_route/160364,OSP:BUSP:C665161,mywcom_route_junction/21501,st_struct_pedestal/67969
ug_route/160365,OSP:FBSP::12051618,building/49121,mywcom_route_junction/21156
ug_route/160366,OSP:BUSP::15769205,st_struct_pedestal/70102,st_struct_buried_splice_location/2705
ug_route/160367,OSP:FBSP::13885365,mywcom_route_junction/21272,st_struct_pedestal/70581
ug_route/160368,OSP:BUSP::8402718,cabinet/2482,cabinet/2452
ug_route/160369,OSP:FORSP::16954183,mywcom_route_junction/20900,st_struct_vault/2455
ug_route/160370,OSP:FORSP::16956650,st_struct_vault/2491,cabinet/2474
ug_route/160371,OSP:FBSP::12053000,building/49838,mywcom_route_junction/21023
ug_route/160372,OSP:FBSP:C668761,mywcom_route_junction/21336,building/51130
ug_route/160373,OSP:BUSP::11474150,mywcom_route_junction/21904,st_struct_vault/2488
ug_route/160374,OSP:BUSP::9531720,st_struct_pedestal/67899,st_struct_pedestal/68607
ug_route/160375,OSP:BUSP::11330108,st_struct_pedestal/70327,st_struct_vault/2476
ug_route/160376,OSP:FBSP:C661755,mywcom_route_junction/21082,building/50030
ug_route/160377,OSP:BUSP:C669683,st_struct_pedestal/69894,mywcom_route_junction/21619
ug_route/160378,OSP:BUSP:C667636,mywcom_route_junction/21846,st_struct_pedestal/70027
ug_route/160379,OSP:FORSP::13702966,st_struct_vault/2482,mywcom_route_junction/21099
ug_route/160380,OSP:BUSP::8434379,mywcom_route_junction/21993,cabinet/2427
ug_route/160381,OSP:FBSP:C648198,st_struct_pedestal/68481,building/49498
ug_route/160382,OSP:FORSP:C710106,mywcom_route_junction/21887,pole/41411
ug_route/160383,OSP:FBSP::14570486,st_struct_pedestal/68916,building/49108
ug_route/160384,OSP:BUSP::15998692,pole/40578,mywcom_route_junction/21632
ug_route/160385,OSP:BUSP:C649707,st_struct_pedestal/68300,building/49106
ug_route/160386,OSP:BUSP:C656559,st_struct_pedestal/69234,building/49624
ug_route/160387,OSP:BUSP::8575500,pole/41358,cabinet/2460
ug_route/160388,OSP:BUSP:C656702,st_struct_buried_splice_location/2649,building/49398
ug_route/160389,OSP:BUSP::8575492,st_struct_pedestal/67814,pole/40873
ug_route/160390,OSP:FBSP:C668755,mywcom_route_junction/21107,mywcom_route_junction/20893
ug_route/160391,OSP:FBSP:C651553,mywcom_route_junction/21898,st_struct_pedestal/68607
ug_route/160392,OSP:BUSP::10727544,mywcom_route_junction/21167,building/48752
ug_route/160393,OSP:FBSP::10345592,st_struct_pedestal/68805,building/50683
ug_route/160394,OSP:FORSP:C646080,mywcom_route_junction/21243,cabinet/2424
ug_route/160395,OSP:BUSP:C707936,mywcom_route_junction/21660,st_struct_pedestal/70790
ug_route/160396,OSP:BUSP::10721806,pole/41380,building/50501
ug_route/160397,OSP:FBSP:C645405,st_struct_pedestal/70243,building/49552
ug_route/160398,OSP:BUSP::10756990,st_struct_pedestal/70764,building/49138
ug_route/160399,OSP:BUSP:C665180,mywcom_route_junction/21746,st_struct_pedestal/70631
ug_route/160400,OSP:BUSP::10763712,pole/42804,building/48898
ug_route/160401,OSP:CHOLE::16950661,st_struct_vault/2447,mywcom_route_junction/21148
ug_route/160402,OSP:FBSP::10644061,mywcom_route_junction/21889,building/49975
ug_route/160403,OSP:FBSP::12053062,mywcom_route_junction/21450,mywcom_route_junction/20938
ug_route/160404,OSP:BUSP::15562823,mywcom_route_junction/21953,st_struct_pedestal/67129
ug_route/160405,OSP:BUSP::16300740,st_struct_pedestal/70284,building/51116
ug_route/160406,OSP:BUSP::15608261,st_struct_pedestal/67768,st_struct_pedestal/70793
ug_route/160407,OSP:FBSP:C668757,mywcom_route_junction/21537,mywcom_route_junction/21708
ug_route/160408,OSP:BUSP::10756991,st_struct_pedestal/70764,building/50056
ug_route/160409,OSP:FBSP::7630313,st_struct_buried_splice_location/2641,pole/40527
ug_route/160410,OSP:BUSP:C710616,st_struct_pedestal/70727,st_struct_pedestal/70290
ug_route/160411,OSP:BUSP:C656857,st_struct_pedestal/68907,building/49411
ug_route/160412,OSP:BUSP::8589585,cabinet/2498,st_struct_pedestal/68283
ug_route/160413,OSP:BUSP::8439813,pole/41460,cabinet/2435
ug_route/160414,OSP:BUSP::10673780,st_struct_pedestal/67968,building/49460
ug_route/160415,OSP:FBSP::12053028,mywcom_route_junction/21154,st_struct_pedestal/68279
ug_route/160416,OSP:FBSP:C655828,st_struct_pedestal/69405,building/48821
ug_route/160417,OSP:BUSP::9451393,st_struct_pedestal/69411,mywcom_route_junction/20898
ug_route/160418,OSP:BUSP:C667471,mywcom_route_junction/21745,mywcom_route_junction/21946
ug_route/160419,OSP:BUSP::11474146,mywcom_route_junction/21109,st_struct_vault/2429
ug_route/160420,OSP:BUSP:C708052,building/48830,building/50634
ug_route/160421,OSP:BUSP::8574875,pole/41112,cabinet/2433
ug_route/160422,OSP:FORSP:C646044,mywcom_route_junction/21302,pole/42624
ug_route/160423,OSP:BUSP:C659723,mywcom_route_junction/20979,mywcom_route_junction/22029
ug_route/160424,OSP:BUSP::11500020,pole/41636,building/51113
ug_route/160425,OSP:BUSP::8369735,cabinet/2415,st_struct_pedestal/70009
ug_route/160426,OSP:BUSP:C657894,pole/41358,cabinet/2460
ug_route/160427,OSP:BUSP::8575832,cabinet/2456,st_struct_pedestal/70437
ug_route/160428,OSP:FBSP::12052109,mywcom_route_junction/21066,st_struct_pedestal/68880
ug_route/160429,OSP:BUSP::10673781,st_struct_pedestal/67968,building/49460
ug_route/160430,OSP:BUSP::10690741,st_struct_pedestal/67531,building/49987
ug_route/160431,OSP:FBSP:C644362,mywcom_route_junction/21910,st_struct_pedestal/70828
ug_route/160432,OSP:FBSP::10644059,mywcom_route_junction/21739,mywcom_route_junction/21889
ug_route/160433,OSP:BUSP:C661190,st_struct_pedestal/70506,mywcom_route_junction/21404
ug_route/160434,OSP:FBSP:C662677,st_struct_pedestal/67414,building/49969
ug_route/160435,OSP:BUSP:C659726,mywcom_route_junction/21279,mywcom_route_junction/21055
ug_route/160436,OSP:BUSP::8402719,pole/40509,cabinet/2452
ug_route/160437,OSP:FBSP::13885376,mywcom_route_junction/21315,building/49277
ug_route/160438,OSP:BUSP::8575501,cabinet/2460,cabinet/2516
ug_route/160439,OSP:FBSP::12053524,mywcom_route_junction/21860,mywcom_route_junction/21128
ug_route/160440,OSP:BUSP::8591506,cabinet/2443,cabinet/2507
ug_route/160441,OSP:FORSP::16944900,mywcom_route_junction/21356,st_struct_vault/2444
ug_route/160442,OSP:BUSP::16057531,st_struct_pedestal/67229,building/50184
ug_route/160443,OSP:BUSP:C667639,mywcom_route_junction/21410,st_struct_pedestal/67726
ug_route/160444,OSP:FBSP::12440960,st_struct_pedestal/69074,mywcom_route_junction/21529
ug_route/160445,OSP:FBSP::11797197,mywcom_route_junction/21906,st_struct_pedestal/69458
ug_route/160446,OSP:BUSP::11470581,cabinet/2463,cabinet/2450
ug_route/160447,OSP:BUSP:C667429,st_struct_pedestal/67406,st_struct_pedestal/70814
ug_route/160448,OSP:FBSP::13692421,st_struct_pedestal/70086,st_struct_vault/2458
ug_route/160449,OSP:FBSP::12053066,mywcom_route_junction/21856,st_struct_pedestal/68853
ug_route/160450,OSP:FBSP:C650006,st_struct_pedestal/69207,building/48873
ug_route/160451,OSP:FBSP::12053070,building/50427,mywcom_route_junction/21641
ug_route/160452,OSP:BUSP:C668740,st_struct_pedestal/67865,mywcom_route_junction/21719
ug_route/160453,OSP:BUSP::15562826,st_struct_pedestal/67129,mywcom_route_junction/21952
ug_route/160454,OSP:FBSP:C705972,mywcom_route_junction/21716,building/51225
ug_route/160455,OSP:BUSP::10690438,st_struct_pedestal/70017,building/48785
ug_route/160456,OSP:FBSP::13704247,mywcom_route_junction/21048,mywcom_route_junction/21457
ug_route/160457,OSP:BUSP::12035119,mywcom_route_junction/21096,st_struct_buried_splice_location/2730
ug_route/160458,OSP:BUSP::11474142,st_struct_pedestal/70075,st_struct_vault/2470
ug_route/160459,OSP:FBSP:C651079,st_struct_pedestal/67169,mywcom_route_junction/21466
ug_route/160460,OSP:FBSP:C646460,st_struct_pedestal/70767,building/51021
ug_route/160461,OSP:BUSP::15118989,pole/41689,mywcom_route_junction/20916
ug_route/160462,OSP:FORSP::16943973,st_struct_vault/2464,cabinet/2485
ug_route/160463,OSP:BUSP:C706836,pole/42824,st_struct_pedestal/69908
ug_route/160464,OSP:FBSP::10638763,mywcom_route_junction/21593,mywcom_route_junction/21181
ug_route/160465,OSP:BUSP:C649887,st_struct_pedestal/68763,building/50266
ug_route/160466,OSP:BUSP::8434385,mywcom_route_junction/21874,mywcom_route_junction/21255
ug_route/160467,OSP:BUSP::11331070,st_struct_pedestal/68483,st_struct_vault/2469
ug_route/160468,OSP:BUSP:C653678,pole/41978,pole/41506
ug_route/160469,OSP:FBSP::12053011,st_struct_pedestal/70691,mywcom_route_junction/21154
ug_route/160470,OSP:FBSP::10566023,pole/41923,building/48906
ug_route/160471,OSP:FBSP::7625133,mywcom_route_junction/21181,building/50173
ug_route/160472,OSP:BUSP::9493775,mywcom_route_junction/21428,st_struct_pedestal/70828
ug_route/160473,OSP:BUSP:C643627,st_struct_pedestal/70110,mywcom_route_junction/21124
ug_route/160474,OSP:FORSP:C646616,st_struct_pedestal/70169,pole/40879
ug_route/160475,OSP:BUSP:C667667,st_struct_pedestal/69833,st_struct_pedestal/67263
ug_route/160476,OSP:FBSP::13885364,mywcom_route_junction/21151,mywcom_route_junction/21272
ug_route/160477,OSP:BUSP::8500292,mywcom_route_junction/21234,mywcom_route_junction/21150
ug_route/160478,OSP:BUSP::10727551,st_struct_pedestal/70815,building/50006
ug_route/160479,OSP:FBSP:C709560,st_struct_pedestal/70243,building/49925
ug_route/160480,OSP:FBSP::7949257,mywcom_route_junction/21163,mywcom_route_junction/21181
ug_route/160481,OSP:BUSP::9491430,st_struct_pedestal/67406,st_struct_pedestal/70814
ug_route/160482,OSP:FORSP:C646000,mywcom_route_junction/21085,pole/42319
ug_route/160483,OSP:BUSP::10267062,st_struct_pedestal/67528,mywcom_route_junction/21864
ug_route/160484,OSP:BUSP::8591501,cabinet/2424,cabinet/2488
ug_route/160485,OSP:BUSP:C671342,mywcom_route_junction/22003,building/48774
ug_route/160486,OSP:FBSP::12051850,mywcom_route_junction/21333,st_struct_pedestal/70079
ug_route/160487,OSP:BUSP::11331071,st_struct_pedestal/68699,st_struct_vault/2428
ug_route/160488,OSP:FBSP:C658092,st_struct_pedestal/68169,building/50452
ug_route/160489,OSP:FORSP:C646240,mywcom_route_junction/21076,st_struct_pedestal/68896
ug_route/160490,OSP:BUSP:C662153,mywcom_route_junction/21541,mywcom_route_junction/21091
ug_route/160491,OSP:BUSP::10991866,st_struct_pedestal/70243,building/49925
ug_route/160492,OSP:FBSP::12051989,mywcom_route_junction/21607,mywcom_route_junction/21870
ug_route/160493,OSP:BUSP::16040257,mywcom_route_junction/21947,mywcom_route_junction/21783
ug_route/160494,OSP:FBSP::10638767,mywcom_route_junction/21498,building/48909
ug_route/160495,OSP:FBSP::10916760,st_struct_pedestal/69374,building/50923
ug_route/160496,OSP:FBSP:C706972,mywcom_route_junction/21143,mywcom_route_junction/21881
ug_route/160497,OSP:BUSP::9465159,cabinet/2440,cabinet/2454
ug_route/160498,OSP:FBSP::12053059,mywcom_route_junction/20938,st_struct_pedestal/68025
ug_route/160499,OSP:BUSP::10690441,st_struct_pedestal/69355,mywcom_route_junction/21493
ug_route/160500,OSP:BUSP::9528188,mywcom_route_junction/22009,st_struct_pedestal/67169
ug_route/160501,OSP:BUSP::15118971,mywcom_route_junction/21836,st_struct_pedestal/68782
ug_route/160502,OSP:BUSP::10758263,st_struct_pedestal/69766,building/50580
ug_route/160503,OSP:FBSP:C708161,pole/42282,st_struct_pedestal/70806
ug_route/160504,OSP:BUSP::10881924,st_struct_pedestal/68169,building/50452
ug_route/160505,OSP:BUSP:C659992,st_struct_pedestal/70217,st_struct_buried_splice_location/2655
ug_route/160506,OSP:BUSP::10689804,pole/42618,mywcom_route_junction/21574
ug_route/160507,OSP:BUSP::10763710,pole/40581,building/50259
ug_route/160508,OSP:FBSP::12053003,building/49588,mywcom_route_junction/21229
ug_route/160509,OSP:BUSP::8572612,cabinet/2512,pole/40901
ug_route/160510,OSP:FORSP::16947463,mywcom_route_junction/21367,st_struct_vault/2473
ug_route/160511,OSP:BUSP::10756987,st_struct_pedestal/69766,building/48753
ug_route/160512,OSP:BUSP:C657802,st_struct_pedestal/69851,cabinet/2504
ug_route/160513,OSP:FBSP::10638765,st_struct_pedestal/68396,mywcom_route_junction/21766
ug_route/160514,OSP:FBSP::10566020,pole/42287,building/48862
ug_route/160515,OSP:FBSP:C705132,mywcom_route_junction/21506,building/49497
ug_route/160516,OSP:BUSP::13011508,pole/40620,building/49194
ug_route/160517,OSP:BUSP::8433755,mywcom_route_junction/21697,st_struct_pedestal/68219
ug_route/160518,OSP:BUSP::8383509,pole/40879,st_struct_pedestal/70169
ug_route/160519,OSP:BUSP::8347345,cabinet/2511,st_struct_pedestal/70622
ug_route/160520,OSP:BUSP::15073847,st_struct_pedestal/68959,mywcom_route_junction/21839
ug_route/160521,OSP:FBSP:C705479,st_struct_pedestal/70556,st_struct_pedestal/70177
ug_route/160522,OSP:BUSP::8433103,cabinet/2434,cabinet/2457
ug_route/160523,OSP:FBSP::12053069,mywcom_route_junction/21677,mywcom_route_junction/21856
ug_route/160524,OSP:BUSP:C667730,st_struct_pedestal/69481,pole/41882
ug_route/160525,OSP:FBSP::13702970,st_struct_vault/2423,st_struct_vault/2482
ug_route/160526,OSP:BUSP:C660642,mywcom_route_junction/20932,st_struct_buried_splice_location/2714
ug_route/160527,OSP:FBSP::11067147,st_struct_pedestal/70804,building/49470
ug_route/160528,OSP:BUSP::13014351,st_struct_pedestal/68091,mywcom_route_junction/21330
ug_route/160529,OSP:BUSP::8382853,building/51340,building/50065
ug_route/160530,OSP:BUSP::10799226,st_struct_pedestal/67457,building/51023
ug_route/160531,OSP:BUSP::11474135,mywcom_route_junction/21221,st_struct_pedestal/70117
ug_route/160532,OSP:BUSP::11330109,st_struct_pedestal/68154,st_struct_vault/2436
ug_route/160533,OSP:BUSP:C636641,st_struct_pedestal/67678,pole/40486
ug_route/160534,OSP:BUSP:C710754,st_struct_pedestal/67407,st_struct_pedestal/70453
ug_route/160535,OSP:FBSP:C656402,mywcom_route_junction/21500,building/50118
ug_route/160536,OSP:BUSP::10689782,cabinet/2504,st_struct_pedestal/69851
ug_route/160537,OSP:FBSP:C668819,st_struct_pedestal/69126,building/50202
ug_route/160538,OSP:BUSP::10763702,pole/42605,building/48945
ug_route/160539,OSP:BUSP::14262648,mywcom_route_junction/21829,mywcom_route_junction/21324
ug_route/160540,OSP:BUSP::7723334,pole/40901,cabinet/2512
ug_route/160541,OSP:BUSP::11474141,st_struct_vault/2466,st_struct_vault/2489
ug_route/160542,OSP:BUSP:C707096,mywcom_route_junction/21845,st_struct_buried_splice_location/2607
ug_route/160543,OSP:BUSP::13894998,st_struct_pedestal/68298,pole/41484
ug_route/160544,OSP:FBSP::14399301,mywcom_route_junction/20983,building/50750
ug_route/160545,OSP:FBSP::12052116,st_struct_pedestal/70581,mywcom_route_junction/21156
ug_route/160546,OSP:BUSP::16795524,pole/40663,building/49216
ug_route/160547,OSP:BUSP:C705957,st_struct_pedestal/69008,building/49085
ug_route/160548,OSP:BUSP:C708188,st_struct_buried_splice_location/2666,st_struct_pedestal/70302
ug_route/160549,OSP:BUSP:C654999,mywcom_route_junction/21120,mywcom_route_junction/21063
ug_route/160550,OSP:BUSP::11060980,st_struct_pedestal/69400,mywcom_route_junction/21126
ug_route/160551,OSP:BUSP::15977534,pole/42354,building/50629
ug_route/160552,OSP:BUSP::10764372,pole/42133,building/49671
ug_route/160553,OSP:BUSP:C658009,st_struct_pedestal/69252,building/50907
ug_route/160554,OSP:BUSP::15995447,pole/41804,mywcom_route_junction/20918
ug_route/160555,OSP:BUSP::8439825,cabinet/2464,cabinet/2462
ug_route/160556,OSP:FBSP::13051384,mywcom_route_junction/21265,building/49690
ug_route/160557,OSP:FBSP::13885368,st_struct_pedestal/69344,mywcom_route_junction/21315
ug_route/160558,OSP:FBSP::8885254,st_struct_pedestal/70188,building/50549
ug_route/160559,OSP:BUSP::10763700,pole/40681,building/50114
ug_route/160560,OSP:FBSP::15345844,pole/42304,building/49602
ug_route/160561,OSP:FBSP::8587340,st_struct_pedestal/69473,building/50803
ug_route/160562,OSP:BUSP:C711940,mywcom_route_junction/21118,mywcom_route_junction/21915
ug_route/160563,OSP:FBSP::10566021,pole/40519,building/48860
ug_route/160564,OSP:CHOLE::16950660,st_struct_vault/2447,mywcom_route_junction/21798
ug_route/160565,OSP:FBSP::12053008,st_struct_pedestal/68279,mywcom_route_junction/21251
ug_route/160566,OSP:FBSP::10566022,pole/40746,building/48864
ug_route/160567,OSP:BUSP::9433480,st_struct_pedestal/70260,mywcom_route_junction/21695
ug_route/160568,OSP:FBSP::8501577,st_struct_pedestal/70600,building/49676
ug_route/160569,OSP:FBSP::12053073,st_struct_pedestal/68802,building/49594
ug_route/160570,OSP:FBSP::12053038,st_struct_pedestal/68019,mywcom_route_junction/21456
ug_route/160571,OSP:BUSP:C657851,st_struct_pedestal/70447,building/49524
ug_route/160572,OSP:BUSP::9311256,building/49194,pole/40620
ug_route/160573,OSP:FBSP:C710176,building/49133,building/50711
ug_route/160574,OSP:BUSP::8575838,mywcom_route_junction/21346,st_struct_pedestal/68347
ug_route/160575,OSP:BUSP::8634712,st_struct_pedestal/67056,st_struct_pedestal/68956
ug_route/160576,OSP:FBSP::11892164,st_struct_pedestal/68277,building/50661
ug_route/160577,OSP:FBSP::9504533,mywcom_route_junction/21990,mywcom_route_junction/21911
ug_route/160578,OSP:FBSP::10345591,st_struct_pedestal/68805,building/48809
ug_route/160579,OSP:BUSP:C667604,mywcom_route_junction/21882,st_struct_pedestal/68982
ug_route/160580,OSP:BUSP:C667310,pole/41956,st_struct_pedestal/67404
ug_route/160581,OSP:FBSP:C639511,mywcom_route_junction/20961,st_struct_pedestal/68728
ug_route/160582,OSP:FBSP:C666360,st_struct_pedestal/67724,building/51212
ug_route/160583,OSP:BUSP::10799220,st_struct_pedestal/68282,building/48783
ug_route/160584,OSP:BUSP::10799222,st_struct_pedestal/70251,building/51195
ug_route/160585,OSP:FBSP:C643152,st_struct_pedestal/70260,mywcom_route_junction/21240
ug_route/160586,OSP:FBSP:C711663,st_struct_pedestal/70465,mywcom_route_junction/21575
ug_route/160587,OSP:FBSP:C667623,pole/42085,building/50858
ug_route/160588,OSP:BUSP:C708027,st_struct_pedestal/67346,st_struct_pedestal/68813
ug_route/160589,OSP:FBSP::13678334,st_struct_pedestal/67468,mywcom_route_junction/21890
ug_route/160590,OSP:BUSP::8490694,st_struct_pedestal/70420,building/50151
ug_route/160591,OSP:BUSP:C668365,st_struct_pedestal/68773,pole/40842
ug_route/160592,OSP:BUSP::10930740,st_struct_pedestal/67316,building/49469
ug_route/160593,OSP:FORSP::16955877,st_struct_vault/2445,cabinet/2513
ug_route/160594,OSP:BUSP::10929556,st_struct_pedestal/67203,building/50055
ug_route/160595,OSP:FBSP::8449412,mywcom_route_junction/21106,building/49272
ug_route/160596,OSP:FBSP:C661779,mywcom_route_junction/21686,building/51052
ug_route/160597,OSP:BUSP::10799228,st_struct_pedestal/67693,building/50054
ug_route/160598,OSP:BUSP::10679220,pole/41316,building/50546
ug_route/160599,OSP:FBSP:C653383,st_struct_buried_splice_location/2685,building/49692
ug_route/160600,OSP:BUSP::10709940,st_struct_pedestal/70802,building/50162
ug_route/160601,OSP:FORSP:C646088,mywcom_route_junction/21834,pole/40962
ug_route/160602,OSP:BUSP:C648438,st_struct_pedestal/69132,mywcom_route_junction/21794
ug_route/160603,OSP:BUSP::10664849,mywcom_route_junction/21721,pole/41530
ug_route/160604,OSP:BUSP::10693316,st_struct_pedestal/69851,cabinet/2504
ug_route/160605,OSP:BUSP:C657083,building/51225,building/49158
ug_route/160606,OSP:BUSP::16040272,mywcom_route_junction/21783,mywcom_route_junction/21139
ug_route/160607,OSP:FBSP::12052999,mywcom_route_junction/21229,st_struct_pedestal/69954
ug_route/160608,OSP:BUSP:C657717,st_struct_pedestal/70726,pole/42795
ug_route/160609,OSP:BUSP::9531707,st_struct_pedestal/70009,mywcom_route_junction/21594
ug_route/160610,OSP:BUSP::15969235,st_struct_pedestal/67153,building/50192
ug_route/160611,OSP:BUSP:C670088,st_struct_pedestal/68162,mywcom_route_junction/21580
ug_route/160612,OSP:FORSP::16953225,mywcom_route_junction/21834,st_struct_vault/2462
ug_route/160613,OSP:FBSP:C661091,st_struct_pedestal/69703,building/50119
ug_route/160614,OSP:FBSP::12053363,building/50656,mywcom_route_junction/21128
ug_route/160615,OSP:BUSP::10638815,st_struct_pedestal/70170,building/49303
ug_route/160616,OSP:BUSP:C667927,st_struct_buried_splice_location/2681,mywcom_route_junction/21485
ug_route/160617,OSP:FBSP:C650073,st_struct_pedestal/69207,building/50496
ug_route/160618,OSP:FBSP:C653375,st_struct_pedestal/68487,building/49692
ug_route/160619,OSP:BUSP::8448780,pole/41370,st_struct_pedestal/70191
ug_route/160620,OSP:FBSP:C652643,pole/41937,building/50351
ug_route/160621,OSP:BUSP::8435363,st_struct_pedestal/69113,mywcom_route_junction/21486
ug_route/160622,OSP:FBSP::8574878,mywcom_route_junction/21715,mywcom_route_junction/21819
ug_route/160623,OSP:FBSP::16865866,st_struct_pedestal/68965,building/50559
ug_route/160624,OSP:FBSP::13678332,st_struct_pedestal/67468,mywcom_route_junction/21357
ug_route/160625,OSP:FBSP::13885366,mywcom_route_junction/21272,building/51139
ug_route/160626,OSP:FBSP:C652626,pole/41221,building/48798
ug_route/160627,OSP:FBSP:C652879,building/49068,building/49125
ug_route/160628,OSP:BUSP::10771398,st_struct_pedestal/69209,building/51429
ug_route/160629,OSP:FBSP:C639772,st_struct_pedestal/69752,st_struct_pedestal/69745
ug_route/160630,OSP:FBSP:C657084,building/51225,building/49158
ug_route/160631,OSP:FBSP::13678336,st_struct_pedestal/68298,st_struct_pedestal/67468
ug_route/160632,OSP:BUSP::9465160,cabinet/2454,st_struct_pedestal/67054
ug_route/160633,OSP:BUSP::15969221,st_struct_pedestal/70167,building/51100
ug_route/160634,OSP:BUSP::14449845,st_struct_pedestal/69011,building/49193
ug_route/160635,OSP:BUSP::15970488,st_struct_pedestal/70465,building/50599
ug_route/160636,OSP:BUSP::10272182,st_struct_pedestal/67335,st_struct_pedestal/68319
ug_route/160637,OSP:FBSP::12052117,mywcom_route_junction/21156,mywcom_route_junction/21311
ug_route/160638,OSP:FBSP:C705537,mywcom_route_junction/21718,mywcom_route_junction/21206
ug_route/160639,OSP:BUSP::9550279,mywcom_route_junction/21045,st_struct_pedestal/70103
ug_route/160640,OSP:FBSP:C706978,mywcom_route_junction/21143,mywcom_route_junction/21169
ug_route/160641,OSP:FBSP::8587981,st_struct_pedestal/68417,mywcom_route_junction/21652
ug_route/160642,OSP:BUSP::11958018,building/50107,st_struct_pedestal/69232
ug_route/160643,OSP:BUSP::10851703,pole/41221,building/48798
ug_route/160644,OSP:BUSP::9493774,mywcom_route_junction/21428,st_struct_pedestal/69163
ug_route/160645,OSP:BUSP:C708393,pole/42152,mywcom_route_junction/21815
ug_route/160646,OSP:BUSP::10645034,st_struct_pedestal/69207,building/50496
ug_route/160647,OSP:FBSP:C711649,mywcom_route_junction/21231,st_struct_pedestal/68112
ug_route/160648,OSP:FBSP:C661781,st_struct_pedestal/67037,building/51053
ug_route/160649,OSP:BUSP::10799224,st_struct_pedestal/70251,building/50462
ug_route/160650,OSP:BUSP::9531061,mywcom_route_junction/21423,st_struct_pedestal/68342
ug_route/160651,OSP:FBSP:C651647,mywcom_route_junction/21105,st_struct_pedestal/68342
ug_route/160652,OSP:BUSP::9552543,st_struct_pedestal/68727,mywcom_route_junction/22020
ug_route/160653,OSP:BUSP:C667266,st_struct_pedestal/68620,st_struct_pedestal/70549
ug_route/160654,OSP:BUSP:C667595,st_struct_pedestal/67829,st_struct_pedestal/67864
ug_route/160655,OSP:BUSP::11329781,st_struct_pedestal/67705,st_struct_pedestal/67792
ug_route/160656,OSP:FORSP::16943303,st_struct_vault/2451,mywcom_route_junction/22031
ug_route/160657,OSP:FBSP::17062027,st_struct_pedestal/68284,cabinet/2486
ug_route/160658,OSP:BUSP::8575504,cabinet/2486,st_struct_pedestal/68284
ug_route/160659,OSP:FBSP::12053063,building/48874,st_struct_pedestal/68853
ug_route/160660,OSP:FBSP:C644366,mywcom_route_junction/21910,st_struct_pedestal/69163
ug_route/160661,OSP:FBSP::8489747,pole/41961,building/49500
ug_route/160662,OSP:BUSP::10682472,pole/41380,building/50222
ug_route/160663,OSP:BUSP:C710165,st_struct_buried_splice_location/2690,st_struct_pedestal/70621
ug_route/160664,OSP:FBSP::12053056,mywcom_route_junction/21625,mywcom_route_junction/21183
ug_route/160665,OSP:BUSP:C658756,building/50250,mywcom_route_junction/21908
ug_route/160666,OSP:FBSP:C704915,mywcom_route_junction/21919,st_struct_pedestal/68727
ug_route/160667,OSP:BUSP::10669623,building/49347,pole/40805
ug_route/160668,OSP:BUSP:C641154,st_struct_pedestal/68446,building/50670
ug_route/160669,OSP:FBSP:C647615,st_struct_pedestal/70170,building/49303
ug_route/160670,OSP:BUSP::15350970,st_struct_pedestal/69828,mywcom_route_junction/21524
ug_route/160671,OSP:FBSP:C661774,mywcom_route_junction/21828,building/49219
ug_route/160672,OSP:BUSP:C652044,st_struct_pedestal/69212,building/50812
ug_route/160673,OSP:FBSP:C711675,mywcom_route_junction/21785,building/51425
ug_route/160674,OSP:BUSP:C667165,st_struct_pedestal/68795,st_struct_pedestal/70121
ug_route/160675,OSP:FBSP:C667728,st_struct_pedestal/69293,building/49270
ug_route/160676,OSP:BUSP::8712154,mywcom_route_junction/21530,mywcom_route_junction/21817
ug_route/160677,OSP:FBSP::12052119,building/49061,mywcom_route_junction/21151
ug_route/160678,OSP:FBSP:C651798,mywcom_route_junction/21647,mywcom_route_junction/20897
ug_route/160679,OSP:FBSP:C639535,st_struct_pedestal/70190,building/49369
ug_route/160680,OSP:BUSP::9532354,st_struct_pedestal/67953,mywcom_route_junction/21732
ug_route/160681,OSP:BUSP::16532405,mywcom_route_junction/22016,mywcom_route_junction/21217
ug_route/160682,OSP:BUSP::8436978,pole/42708,building/51258
ug_route/160683,OSP:BUSP:C705520,st_struct_pedestal/69534,st_struct_pedestal/68987
ug_route/160684,OSP:FBSP:C659064,mywcom_route_junction/22021,mywcom_route_junction/21950
ug_route/160685,OSP:BUSP:C660190,st_struct_pedestal/70546,building/51424
ug_route/160686,OSP:BUSP::10763706,pole/41647,building/49431
ug_route/160687,OSP:FBSP::10943540,building/50433,st_struct_pedestal/70478
ug_route/160688,OSP:FBSP:C647561,st_struct_pedestal/70606,building/50222
ug_route/160689,OSP:BUSP::10718276,pole/40582,building/51342
ug_route/160690,OSP:FBSP::17062028,cabinet/2486,mywcom_route_junction/21247
ug_route/160691,OSP:BUSP::10684676,pole/41201,building/50156
ug_route/160692,OSP:BUSP:C663159,cabinet/2427,st_struct_buried_splice_location/2638
ug_route/160693,OSP:BUSP:C711817,st_struct_pedestal/68022,st_struct_pedestal/69825
ug_route/160694,OSP:BUSP::8348941,st_struct_pedestal/67336,st_struct_pedestal/68146
ug_route/160695,OSP:BUSP:C641685,pole/41018,st_struct_buried_splice_location/2669
ug_route/160696,OSP:FBSP::7635364,pole/41542,building/50315
ug_route/160697,OSP:FBSP::10550045,mywcom_route_junction/21117,st_struct_pedestal/68403
ug_route/160698,OSP:FBSP:C651580,mywcom_route_junction/21372,st_struct_pedestal/67953
ug_route/160699,OSP:BUSP::8713443,mywcom_route_junction/21280,st_struct_pedestal/69325
ug_route/160700,OSP:BUSP:C665152,mywcom_route_junction/21258,st_struct_pedestal/69145
ug_route/160701,OSP:BUSP::8382859,mywcom_route_junction/21016,mywcom_route_junction/21918
ug_route/160702,OSP:FBSP::8491013,st_struct_pedestal/69071,building/50775
ug_route/160703,OSP:FBSP:C640948,pole/40641,building/50497
ug_route/160704,OSP:BUSP:C665137,mywcom_route_junction/21033,st_struct_pedestal/68575
ug_route/160705,OSP:BUSP:C665098,mywcom_route_junction/21547,st_struct_pedestal/68213
ug_route/160706,OSP:BUSP::13712244,st_struct_pedestal/69251,mywcom_route_junction/21006
ug_route/160707,OSP:FORSP::14956740,st_struct_vault/2479,mywcom_route_junction/21193
ug_route/160708,OSP:BUSP::10445300,mywcom_route_junction/20904,mywcom_route_junction/20922
ug_route/160709,OSP:BUSP:C649206,pole/40931,st_struct_pedestal/68645
ug_route/160710,OSP:BUSP:C667606,st_struct_pedestal/67932,st_struct_pedestal/70071
ug_route/160711,OSP:FBSP:C645884,st_struct_pedestal/70522,building/49395
ug_route/160712,OSP:FBSP:C645740,st_struct_pedestal/70009,mywcom_route_junction/21738
ug_route/160713,OSP:FBSP::11797189,st_struct_pedestal/67948,mywcom_route_junction/21967
ug_route/160714,OSP:BUSP::9275654,mywcom_route_junction/20976,pole/42824
ug_route/160715,OSP:BUSP::8336140,st_struct_pedestal/67145,st_struct_pedestal/69660
ug_route/160716,OSP:FBSP::12053060,building/50525,mywcom_route_junction/21450
ug_route/160717,OSP:FBSP:C643163,st_struct_pedestal/67462,mywcom_route_junction/21627
ug_route/160718,OSP:BUSP::8607817,mywcom_route_junction/21245,mywcom_route_junction/21995
ug_route/160719,OSP:BUSP::11330111,st_struct_pedestal/69260,mywcom_route_junction/22004
ug_route/160720,OSP:BUSP::9447575,st_struct_pedestal/67691,st_struct_pedestal/69352
ug_route/160721,OSP:FORSP::16953223,st_struct_vault/2420,mywcom_route_junction/21243
ug_route/160722,OSP:BUSP::10693318,pole/40641,building/50497
ug_route/160723,OSP:FBSP:C648221,st_struct_pedestal/68401,building/50442
ug_route/160724,OSP:BUSP:C643945,st_struct_pedestal/67233,mywcom_route_junction/21362
ug_route/160725,OSP:BUSP::16532408,st_struct_buried_splice_location/2695,st_struct_pedestal/68583
ug_route/160726,OSP:FBSP:C651815,st_struct_pedestal/70099,mywcom_route_junction/21276
ug_route/160727,OSP:BUSP::8403338,mywcom_route_junction/20988,pole/40507
ug_route/160728,OSP:FORSP:C646237,mywcom_route_junction/21076,pole/41774
ug_route/160729,OSP:BUSP:C654086,st_struct_pedestal/69719,mywcom_route_junction/21327
ug_route/160730,OSP:BUSP::11470916,st_struct_pedestal/68078,mywcom_route_junction/21675
ug_route/160731,OSP:FBSP:C706965,mywcom_route_junction/21617,mywcom_route_junction/21939
ug_route/160732,OSP:BUSP::10693663,st_struct_pedestal/70522,building/49395
ug_route/160733,OSP:BUSP::17032932,mywcom_route_junction/21709,mywcom_route_junction/21168
ug_route/160734,OSP:BUSP::11330105,st_struct_pedestal/70327,st_struct_pedestal/68154
ug_route/160735,OSP:BUSP::11331392,st_struct_pedestal/69481,pole/41882
ug_route/160736,OSP:FBSP:C642392,mywcom_route_junction/20961,st_struct_pedestal/67444
ug_route/160737,OSP:BUSP:C644185,st_struct_pedestal/67577,st_struct_pedestal/70232
ug_route/160738,OSP:BUSP::16040276,mywcom_route_junction/21923,building/50800
ug_route/160739,OSP:BUSP::10852342,pole/40553,building/49651
ug_route/160740,OSP:BUSP:C650848,st_struct_pedestal/70335,st_struct_buried_splice_location/2625
ug_route/160741,OSP:BUSP::10689781,st_struct_pedestal/69355,st_struct_pedestal/67036
ug_route/160742,OSP:BUSP::8603982,st_struct_pedestal/67943,pole/41759
ug_route/160743,OSP:BUSP::10756984,st_struct_pedestal/69514,building/50922
ug_route/160744,OSP:FBSP:C667976,st_struct_pedestal/67822,building/50320
ug_route/160745,OSP:BUSP::9465505,st_struct_pedestal/68340,mywcom_route_junction/21273
ug_route/160746,OSP:BUSP::16694688,mywcom_route_junction/20934,mywcom_route_junction/21655
ug_route/160747,OSP:FBSP:C644502,mywcom_route_junction/21894,st_struct_pedestal/67602
ug_route/160748,OSP:BUSP::9496187,st_struct_pedestal/67679,st_struct_pedestal/68711
ug_route/160749,OSP:BUSP::8437270,pole/42534,building/49262
ug_route/160750,OSP:FBSP:C711686,mywcom_route_junction/21663,building/50192
ug_route/160751,OSP:BUSP::10693320,pole/42512,building/49637
ug_route/160752,OSP:FBSP:C644355,st_struct_pedestal/70359,st_struct_pedestal/67488
ug_route/160753,OSP:BUSP::11474132,st_struct_pedestal/68194,mywcom_route_junction/21875
ug_route/160754,OSP:FBSP:C658108,st_struct_pedestal/67583,mywcom_route_junction/21415
ug_route/160755,OSP:BUSP::10690440,st_struct_pedestal/69355,st_struct_pedestal/67036
ug_route/160756,OSP:BUSP::8381892,st_struct_pedestal/70164,st_struct_pedestal/70629
ug_route/160757,OSP:FBSP::12051826,mywcom_route_junction/21298,mywcom_route_junction/21600
ug_route/160758,OSP:BUSP::16057530,st_struct_pedestal/67229,building/50443
ug_route/160759,OSP:BUSP::8348942,st_struct_pedestal/68146,st_struct_pedestal/70216
ug_route/160760,OSP:FBSP:C705660,st_struct_pedestal/68595,mywcom_route_junction/21832
ug_route/160761,OSP:BUSP:C658753,mywcom_route_junction/21908,pole/42498
ug_route/160762,OSP:FBSP::10638769,mywcom_route_junction/21498,mywcom_route_junction/21565
ug_route/160763,OSP:FBSP::13678330,st_struct_pedestal/67468,building/49154
ug_route/160764,OSP:BUSP::11470323,st_struct_pedestal/68066,mywcom_route_junction/21318
ug_route/160765,OSP:BUSP:C667602,st_struct_pedestal/69038,st_struct_pedestal/67170
ug_route/160766,OSP:FBSP::10644055,st_struct_pedestal/70474,building/50437
ug_route/160767,OSP:BUSP::10636660,pole/40919,building/49097
ug_route/160768,OSP:BUSP::10756993,st_struct_pedestal/68960,building/49809
ug_route/160769,OSP:BUSP::8436970,st_struct_pedestal/70682,building/51142
ug_route/160770,OSP:BUSP:C671341,mywcom_route_junction/21104,mywcom_route_junction/21394
ug_route/160771,OSP:BUSP:C639506,st_struct_pedestal/70423,st_struct_pedestal/69101
ug_route/160772,OSP:BUSP::16771819,st_struct_pedestal/68651,mywcom_route_junction/22021
ug_route/160773,OSP:FBSP:C662329,st_struct_pedestal/67471,building/51365
ug_route/160774,OSP:FBSP:C652531,pole/42594,building/50314
ug_route/160775,OSP:BUSP:C652654,st_struct_pedestal/69095,st_struct_pedestal/69158
ug_route/160776,OSP:FBSP:C706968,mywcom_route_junction/21916,mywcom_route_junction/21030
ug_route/160777,OSP:FBSP:C650355,st_struct_pedestal/67766,building/49595
ug_route/160778,OSP:FBSP::12052118,st_struct_pedestal/70581,building/51348
ug_route/160779,OSP:BUSP::9379060,pole/41542,mywcom_route_junction/21516
ug_route/160780,OSP:FBSP:C651636,st_struct_pedestal/67057,st_struct_pedestal/70127
ug_route/160781,OSP:FBSP:C643167,st_struct_pedestal/67945,mywcom_route_junction/21802
ug_route/160782,OSP:FBSP:C704353,mywcom_route_junction/21432,st_struct_pedestal/67378
ug_route/160783,OSP:BUSP::14906821,st_struct_pedestal/70682,building/51142
ug_route/160784,OSP:BUSP:C644188,st_struct_pedestal/67577,st_struct_pedestal/70232
ug_route/160785,OSP:FBSP:C650368,st_struct_pedestal/67587,building/49922
ug_route/160786,OSP:BUSP::10271227,pole/41167,st_struct_pedestal/68509
ug_route/160787,OSP:BUSP:C671344,mywcom_route_junction/21811,mywcom_route_junction/21300
ug_route/160788,OSP:FBSP:C650440,st_struct_pedestal/69581,building/50574
ug_route/160789,OSP:BUSP:C648421,st_struct_pedestal/68271,mywcom_route_junction/21931
ug_route/160790,OSP:BUSP:C651422,st_struct_pedestal/68925,st_struct_pedestal/68823
ug_route/160791,OSP:BUSP::8382546,pole/40945,building/49889
ug_route/160792,OSP:BUSP::9493771,st_struct_pedestal/70359,st_struct_pedestal/67488
ug_route/160793,OSP:BUSP:C659742,st_struct_pedestal/70739,building/50375
ug_route/160794,OSP:FBSP:C669123,st_struct_pedestal/68087,building/48790
ug_route/160795,OSP:BUSP::9691716,st_struct_pedestal/69220,mywcom_route_junction/21823
ug_route/160796,OSP:FBSP::12052122,building/49722,mywcom_route_junction/21692
ug_route/160797,OSP:BUSP::10661625,st_struct_pedestal/69952,building/48949
ug_route/160798,OSP:BUSP::9532663,st_struct_pedestal/67602,mywcom_route_junction/21835
ug_route/160799,OSP:FBSP::8575835,mywcom_route_junction/21627,mywcom_route_junction/21602
ug_route/160800,OSP:FBSP:C644294,st_struct_pedestal/69562,st_struct_pedestal/69878
ug_route/160801,OSP:BUSP::8384136,mywcom_route_junction/21706,building/50806
ug_route/160802,OSP:BUSP:C661745,building/48837,building/50518
ug_route/160803,OSP:BUSP::8586061,st_struct_pedestal/68216,mywcom_route_junction/21426
ug_route/160804,OSP:BUSP::10711552,st_struct_pedestal/67594,building/50494
ug_route/160805,OSP:BUSP:C661776,mywcom_route_junction/21828,st_struct_pedestal/69406
ug_route/160806,OSP:BUSP::8712457,mywcom_route_junction/21306,mywcom_route_junction/21325
ug_route/160807,OSP:BUSP::10273176,st_struct_pedestal/68319,st_struct_pedestal/69170
ug_route/160808,OSP:FBSP::8346081,st_struct_pedestal/69911,st_struct_pedestal/67234
ug_route/160809,OSP:BUSP::15966973,st_struct_pedestal/67471,building/51365
ug_route/160810,OSP:BUSP:C661780,mywcom_route_junction/21686,st_struct_pedestal/67037
ug_route/160811,OSP:BUSP:C667910,st_struct_pedestal/69946,mywcom_route_junction/21637
ug_route/160812,OSP:FBSP:C651864,st_struct_pedestal/68759,building/48724
ug_route/160813,OSP:FBSP:C652974,pole/42268,building/51315
ug_route/160814,OSP:FBSP:C704350,mywcom_route_junction/21073,st_struct_pedestal/70743
ug_route/160815,OSP:BUSP::8400465,pole/42806,st_struct_pedestal/68487
ug_route/160816,OSP:BUSP:C711829,mywcom_route_junction/21475,mywcom_route_junction/21592
ug_route/160817,OSP:BUSP::9453953,st_struct_pedestal/69200,st_struct_pedestal/67945
ug_route/160818,OSP:BUSP::9531065,st_struct_pedestal/70127,st_struct_pedestal/67057
ug_route/160819,OSP:BUSP:C656848,mywcom_route_junction/21140,mywcom_route_junction/21983
ug_route/160820,OSP:FBSP:C706057,st_struct_pedestal/68565,building/50859
ug_route/160821,OSP:FBSP::10638320,mywcom_route_junction/21593,mywcom_route_junction/21021
ug_route/160822,OSP:BUSP::9489462,mywcom_route_junction/21614,st_struct_pedestal/68623
ug_route/160823,OSP:BUSP:C656343,st_struct_pedestal/67942,st_struct_pedestal/70731
ug_route/160824,OSP:FBSP:C646142,st_struct_pedestal/68038,st_struct_pedestal/69259
ug_route/160825,OSP:BUSP::9506437,st_struct_pedestal/70423,st_struct_pedestal/69101
ug_route/160826,OSP:FBSP::14203130,st_struct_pedestal/67294,st_struct_pedestal/67530
ug_route/160827,OSP:BUSP:C658010,st_struct_pedestal/69252,building/48846
ug_route/160828,OSP:FBSP:C646170,st_struct_pedestal/69423,st_struct_pedestal/67549
ug_route/160829,OSP:FBSP:C652759,pole/40553,building/50552
ug_route/160830,OSP:BUSP::15350325,st_struct_pedestal/68087,building/48790
ug_route/160831,OSP:BUSP::17101126,st_struct_pedestal/69015,mywcom_route_junction/21013
ug_route/160832,OSP:FBSP:C643387,st_struct_pedestal/70623,st_struct_pedestal/69250
ug_route/160833,OSP:BUSP::16735356,mywcom_route_junction/21035,mywcom_route_junction/21220
ug_route/160834,OSP:BUSP:C643761,building/49183,st_struct_pedestal/68241
ug_route/160835,OSP:BUSP::10689805,st_struct_pedestal/68759,building/48724
ug_route/160836,OSP:FBSP::8489732,mywcom_route_junction/21207,building/51172
ug_route/160837,OSP:FBSP:C644275,mywcom_route_junction/21135,st_struct_pedestal/68623
ug_route/160838,OSP:FBSP::8576457,st_struct_pedestal/69403,building/49365
ug_route/160839,OSP:FBSP::8489736,st_struct_pedestal/67604,mywcom_route_junction/21383
ug_route/160840,OSP:BUSP::8436977,cabinet/2484,building/51258
ug_route/160841,OSP:BUSP:D8186372,mywcom_route_junction/21218,st_struct_pedestal/70832
ug_route/160842,OSP:FBSP::10638592,mywcom_route_junction/21021,mywcom_route_junction/21739
ug_route/160843,OSP:FBSP::12051913,mywcom_route_junction/21793,st_struct_pedestal/69276
ug_route/160844,OSP:BUSP:C665995,st_struct_pedestal/67798,mywcom_route_junction/21403
ug_route/160845,OSP:BUSP:C662095,mywcom_route_junction/21178,mywcom_route_junction/20964
ug_route/160846,OSP:BUSP::16040252,mywcom_route_junction/21902,mywcom_route_junction/21989
ug_route/160847,OSP:FBSP::8346079,st_struct_pedestal/68413,st_struct_pedestal/67246
ug_route/160848,OSP:FBSP::8415816,mywcom_route_junction/21691,st_struct_pedestal/68237
ug_route/160849,OSP:BUSP::16769864,st_struct_pedestal/68925,mywcom_route_junction/21985
ug_route/160850,OSP:BUSP:C652833,st_struct_pedestal/67522,building/50045
ug_route/160851,OSP:BUSP::16040279,mywcom_route_junction/21923,mywcom_route_junction/21759
ug_route/160852,OSP:FBSP:C705519,st_struct_pedestal/69510,st_struct_pedestal/69534
ug_route/160853,OSP:FBSP:C711674,mywcom_route_junction/21451,st_struct_pedestal/67153
ug_route/160854,OSP:BUSP::16788477,mywcom_route_junction/21563,mywcom_route_junction/21353
ug_route/160855,OSP:BUSP::10388363,st_struct_pedestal/69630,st_struct_pedestal/69974
ug_route/160856,OSP:BUSP::9440502,st_struct_pedestal/69422,mywcom_route_junction/21275
ug_route/160857,OSP:BUSP::8383518,mywcom_route_junction/21305,mywcom_route_junction/21922
ug_route/160858,OSP:FBSP:C643080,st_struct_pedestal/68326,st_struct_pedestal/67866
ug_route/160859,OSP:FBSP:C644281,mywcom_route_junction/21135,st_struct_pedestal/67868
ug_route/160860,OSP:FBSP::12051793,st_struct_pedestal/70687,st_struct_pedestal/70092
ug_route/160861,OSP:BUSP::11474140,st_struct_pedestal/70075,st_struct_vault/2466
ug_route/160862,OSP:FBSP::8588361,st_struct_pedestal/67217,st_struct_pedestal/69962
ug_route/160863,OSP:BUSP::10757302,mywcom_route_junction/21288,building/50502
ug_route/160864,OSP:BUSP::9489154,st_struct_pedestal/69878,st_struct_pedestal/69562
ug_route/160865,OSP:BUSP:C642492,st_struct_pedestal/68713,st_struct_pedestal/67312
ug_route/160866,OSP:BUSP::9421310,pole/42460,pole/41337
ug_route/160867,OSP:FBSP::9776500,st_struct_pedestal/68144,building/51470
ug_route/160868,OSP:BUSP:C708386,st_struct_pedestal/70254,mywcom_route_junction/21736
ug_route/160869,OSP:BUSP:C651766,cabinet/2465,mywcom_route_junction/21340
ug_route/160870,OSP:BUSP::8712152,mywcom_route_junction/21510,mywcom_route_junction/21406
ug_route/160871,OSP:FBSP::8950866,st_struct_pedestal/67136,st_struct_pedestal/69607
ug_route/160872,OSP:FBSP:C707471,pole/40491,mywcom_route_junction/21474
ug_route/160873,OSP:FBSP::8950857,st_struct_pedestal/68571,st_struct_pedestal/69587
ug_route/160874,OSP:BUSP::8576464,mywcom_route_junction/21090,pole/42292
ug_route/160875,OSP:FBSP:C644503,mywcom_route_junction/21894,st_struct_pedestal/68231
ug_route/160876,OSP:BUSP::10865522,pole/42594,building/49742
ug_route/160877,OSP:BUSP:C658167,mywcom_route_junction/21036,st_struct_pedestal/68340
ug_route/160878,OSP:FBSP::10638582,mywcom_route_junction/21079,building/49110
ug_route/160879,OSP:BUSP::9453940,st_struct_pedestal/67774,st_struct_pedestal/70064
ug_route/160880,OSP:BUSP:C665089,mywcom_route_junction/21405,st_struct_pedestal/69855
ug_route/160881,OSP:BUSP::8364614,st_struct_pedestal/67901,building/50339
ug_route/160882,OSP:FBSP:C646118,st_struct_pedestal/70012,mywcom_route_junction/21319
ug_route/160883,OSP:BUSP::16057234,st_struct_pedestal/70807,st_struct_pedestal/67358
ug_route/160884,OSP:BUSP::8447501,st_struct_pedestal/69142,mywcom_route_junction/21358
ug_route/160885,OSP:FBSP::10638768,mywcom_route_junction/21766,building/51085
ug_route/160886,OSP:FBSP::8346073,st_struct_pedestal/68343,st_struct_pedestal/69479
ug_route/160887,OSP:BUSP::15472567,pole/40491,mywcom_route_junction/21474
ug_route/160888,OSP:FBSP:C639815,st_struct_pedestal/69114,st_struct_pedestal/68230
ug_route/160889,OSP:BUSP::17032072,st_struct_pedestal/67604,mywcom_route_junction/20950
ug_route/160890,OSP:FBSP::12051988,mywcom_route_junction/21402,mywcom_route_junction/21127
ug_route/160891,OSP:BUSP::15350659,building/50339,st_struct_pedestal/67901
ug_route/160892,OSP:FBSP:C671217,st_struct_pedestal/68018,building/49062
ug_route/160893,OSP:BUSP:C653689,st_struct_pedestal/67895,building/49933
ug_route/160894,OSP:FBSP:C656107,st_struct_pedestal/67314,st_struct_pedestal/69164
ug_route/160895,OSP:BUSP::9529783,st_struct_pedestal/67416,mywcom_route_junction/21020
ug_route/160896,OSP:FORSP:D8153716,mywcom_route_junction/21662,mywcom_route_junction/21683
ug_route/160897,OSP:FBSP::8346077,st_struct_pedestal/70384,st_struct_pedestal/67487
ug_route/160898,OSP:BUSP:C668824,st_struct_pedestal/69947,st_struct_pedestal/69656
ug_route/160899,OSP:BUSP::8447503,mywcom_route_junction/21358,mywcom_route_junction/21141
ug_route/160900,OSP:BUSP::8591176,cabinet/2491,pole/41625
ug_route/160901,OSP:BUSP::15969234,st_struct_pedestal/67153,building/51425
ug_route/160902,OSP:FBSP:C667703,pole/42828,building/49270
ug_route/160903,OSP:FBSP::8331984,st_struct_pedestal/70018,mywcom_route_junction/21981
ug_route/160904,OSP:FORSP::16943972,st_struct_vault/2446,mywcom_route_junction/21662
ug_route/160905,OSP:FBSP::13095323,pole/41343,building/50829
ug_route/160906,OSP:BUSP::16783620,mywcom_route_junction/21065,st_struct_pedestal/69259
ug_route/160907,OSP:BUSP::9691717,mywcom_route_junction/21823,st_struct_pedestal/69422
ug_route/160908,OSP:BUSP::9490780,st_struct_pedestal/68230,mywcom_route_junction/21267
ug_route/160909,OSP:BUSP::16788472,st_struct_pedestal/67549,mywcom_route_junction/21808
ug_route/160910,OSP:BUSP:C657357,st_struct_pedestal/69670,st_struct_pedestal/69396
ug_route/160911,OSP:FBSP::8415813,mywcom_route_junction/21796,mywcom_route_junction/21059
ug_route/160912,OSP:BUSP::16059126,pole/41798,mywcom_route_junction/21521
ug_route/160913,OSP:FBSP::8348293,mywcom_route_junction/21157,st_struct_pedestal/68546
ug_route/160914,OSP:FBSP::10638581,st_struct_pedestal/68059,mywcom_route_junction/21079
ug_route/160915,OSP:BUSP::11331072,st_struct_pedestal/68757,st_struct_vault/2430
ug_route/160916,OSP:BUSP:C665789,mywcom_route_junction/21899,st_struct_pedestal/68420
ug_route/160917,OSP:FBSP:C639528,st_struct_pedestal/70190,st_struct_pedestal/68760
ug_route/160918,OSP:FBSP:C668750,mywcom_route_junction/21633,mywcom_route_junction/21062
ug_route/160919,OSP:BUSP::10764342,st_struct_pedestal/69078,building/51089
ug_route/160920,OSP:BUSP::8366867,mywcom_route_junction/21763,mywcom_route_junction/20894
ug_route/160921,OSP:BUSP::9489461,st_struct_pedestal/67868,mywcom_route_junction/21614
ug_route/160922,OSP:FBSP:C711684,mywcom_route_junction/21785,mywcom_route_junction/21451
ug_route/160923,OSP:BUSP:C651037,mywcom_route_junction/21186,st_struct_pedestal/67416
ug_route/160924,OSP:BUSP::17032899,mywcom_route_junction/21378,mywcom_route_junction/21752
ug_route/160925,OSP:FBSP:C662288,st_struct_pedestal/69980,building/50872
ug_route/160926,OSP:FBSP:C711739,st_struct_pedestal/68797,mywcom_route_junction/21685
ug_route/160927,OSP:BUSP:C659990,st_struct_pedestal/70156,building/50425
ug_route/160928,OSP:BUSP:C640958,st_struct_pedestal/68938,building/50141
ug_route/160929,OSP:BUSP::9509318,mywcom_route_junction/21598,st_struct_pedestal/70254
ug_route/160930,OSP:BUSP::9148315,st_struct_pedestal/69396,st_struct_pedestal/69670
ug_route/160931,OSP:BUSP:C667724,mywcom_route_junction/21797,st_struct_pedestal/69293
ug_route/160932,OSP:FBSP:C662341,st_struct_pedestal/68782,building/49610
ug_route/160933,OSP:BUSP:C648455,pole/40730,st_struct_pedestal/69031
ug_route/160934,OSP:FBSP::12052983,st_struct_pedestal/70060,building/50850
ug_route/160935,OSP:FORSP::16954837,st_struct_vault/2481,cabinet/2510
ug_route/160936,OSP:FBSP:C651093,st_struct_pedestal/69300,st_struct_pedestal/67980
ug_route/160937,OSP:BUSP::9157574,st_struct_pedestal/69670,pole/42089
ug_route/160938,OSP:BUSP::10267110,st_struct_pedestal/69164,st_struct_pedestal/67314
ug_route/160939,OSP:BUSP::9532665,mywcom_route_junction/21835,st_struct_pedestal/68231
ug_route/160940,OSP:FBSP:C653411,st_struct_pedestal/70059,building/50610
ug_route/160941,OSP:FBSP:C667917,st_struct_pedestal/67215,building/49221
ug_route/160942,OSP:FBSP::11557350,st_struct_pedestal/68798,building/48759
ug_route/160943,OSP:BUSP::8383519,mywcom_route_junction/21639,mywcom_route_junction/21287
ug_route/160944,OSP:BUSP::8330692,st_struct_pedestal/68547,st_struct_pedestal/68225
ug_route/160945,OSP:BUSP::15976892,st_struct_pedestal/69584,building/50611
ug_route/160946,OSP:FBSP:C705494,st_struct_pedestal/67980,st_struct_pedestal/70022
ug_route/160947,OSP:FBSP:C644409,mywcom_route_junction/21185,st_struct_pedestal/68711
ug_route/160948,OSP:FBSP:C651677,st_struct_pedestal/68732,st_struct_pedestal/69367
ug_route/160949,OSP:FBSP::12053054,building/51377,mywcom_route_junction/21625
ug_route/160950,OSP:FBSP::7630310,pole/42467,st_struct_buried_splice_location/2641
ug_route/160951,OSP:FBSP:C639526,st_struct_pedestal/70235,st_struct_pedestal/70190
ug_route/160952,OSP:BUSP::17059973,st_struct_pedestal/68544,mywcom_route_junction/21303
ug_route/160953,OSP:FBSP:C704332,pole/40820,mywcom_route_junction/22015
ug_route/160954,OSP:FBSP:C704349,pole/40799,mywcom_route_junction/21073
ug_route/160955,OSP:FBSP:C704352,pole/40995,mywcom_route_junction/21432
ug_route/160956,OSP:FBSP:C670021,st_struct_pedestal/68754,building/49827
ug_route/160957,OSP:FBSP::13042378,pole/40881,pole/42307
ug_route/160958,OSP:FBSP::8433105,st_struct_pedestal/70058,building/49820
ug_route/160959,OSP:FBSP::12053036,mywcom_route_junction/21764,st_struct_pedestal/68019
ug_route/160960,OSP:FBSP:C667441,st_struct_pedestal/68153,st_struct_pedestal/69668
ug_route/160961,OSP:FBSP:C651550,mywcom_route_junction/21898,st_struct_pedestal/70450
ug_route/160962,OSP:BUSP::15126649,pole/41121,st_struct_pedestal/69508
ug_route/160963,OSP:BUSP:C655100,pole/41691,st_struct_pedestal/70112
ug_route/160964,OSP:FBSP:C644360,st_struct_pedestal/67797,mywcom_route_junction/21910
ug_route/160965,OSP:FORSP::13673534,mywcom_route_junction/21865,cabinet/2461
ug_route/160966,OSP:BUSP::10854581,st_struct_pedestal/70173,building/51312
ug_route/160967,OSP:FBSP:C708419,mywcom_route_junction/21424,st_struct_buried_splice_location/2702
ug_route/160968,OSP:FBSP::12052111,mywcom_route_junction/21591,mywcom_route_junction/21066
ug_route/160969,OSP:FBSP:C668634,mywcom_route_junction/21872,building/49046
ug_route/160970,OSP:BUSP:C657365,pole/41946,pole/42633
ug_route/160971,OSP:BUSP::11330107,st_struct_pedestal/68452,mywcom_route_junction/22004
ug_route/160972,OSP:FBSP:C705800,pole/40673,building/51176
ug_route/160973,OSP:BUSP::10781620,building/51457,mywcom_route_junction/22001
ug_route/160974,OSP:FBSP:C651169,pole/40586,building/49588
ug_route/160975,OSP:BUSP::10348340,st_struct_buried_splice_location/2616,st_struct_pedestal/69400
ug_route/160976,OSP:FBSP::12053045,building/51167,mywcom_route_junction/21183
ug_route/160977,OSP:FBSP:C710342,st_struct_pedestal/67718,st_struct_pedestal/69725
ug_route/160978,OSP:FBSP:C651973,pole/40536,building/51190
ug_route/160979,OSP:FBSP:C658204,st_struct_pedestal/70074,st_struct_pedestal/68188
ug_route/160980,OSP:BUSP:C707704,st_struct_pedestal/69816,st_struct_pedestal/69944
ug_route/160981,OSP:FBSP:C643187,st_struct_pedestal/70126,st_struct_pedestal/70376
ug_route/160982,OSP:FBSP::7635433,pole/40579,building/50850
ug_route/160983,OSP:FBSP::13702979,mywcom_route_junction/21786,building/49461
ug_route/160984,OSP:BUSP::9528184,st_struct_pedestal/69300,st_struct_pedestal/67980
ug_route/160985,OSP:FBSP::8572614,mywcom_route_junction/21007,st_struct_pedestal/70036
ug_route/160986,OSP:FBSP:C704910,st_struct_pedestal/68729,st_struct_pedestal/68178
ug_route/160987,OSP:BUSP:C711936,mywcom_route_junction/21421,mywcom_route_junction/21236
ug_route/160988,OSP:FBSP:C651488,st_struct_pedestal/68607,st_struct_pedestal/68561
ug_route/160989,OSP:BUSP::16988106,pole/40673,building/51176
ug_route/160990,OSP:FBSP::13692420,mywcom_route_junction/20937,st_struct_pedestal/69950
ug_route/160991,OSP:BUSP::11329785,st_struct_pedestal/68890,st_struct_pedestal/70571
ug_route/160992,OSP:FBSP::8434372,mywcom_route_junction/21050,building/50866
ug_route/160993,OSP:FBSP::8950861,st_struct_pedestal/67898,st_struct_pedestal/67900
ug_route/160994,OSP:FBSP:C654034,mywcom_route_junction/21206,building/49396
ug_route/160995,OSP:FBSP:C655983,st_struct_pedestal/67966,st_struct_pedestal/67799
ug_route/160996,OSP:BUSP::8345413,mywcom_route_junction/21549,st_struct_pedestal/69523
ug_route/160997,OSP:FBSP:C708079,pole/41268,building/51338
ug_route/160998,OSP:FBSP:C651251,st_struct_pedestal/70670,st_struct_pedestal/67813
ug_route/160999,OSP:FORSP:C645945,mywcom_route_junction/21209,pole/41427
ug_route/161000,OSP:BUSP:C670082,mywcom_route_junction/21770,st_struct_pedestal/70730
ug_route/161001,OSP:FBSP:C668822,st_struct_pedestal/69947,building/48826
ug_route/161002,OSP:FBSP:C662381,st_struct_pedestal/70058,building/50869
ug_route/161003,OSP:BUSP::15118991,st_struct_pedestal/69980,mywcom_route_junction/21697
ug_route/161004,OSP:FBSP:C662350,st_struct_pedestal/69584,building/50611
ug_route/161005,OSP:FBSP:C667463,st_struct_pedestal/69881,st_struct_pedestal/70198
ug_route/161006,OSP:BUSP::9528825,st_struct_pedestal/68153,st_struct_pedestal/69668
ug_route/161007,OSP:FBSP:C651516,mywcom_route_junction/21738,st_struct_pedestal/69960
ug_route/161008,OSP:BUSP::8448775,cabinet/2493,pole/42514
ug_route/161009,OSP:BUSP::11380149,pole/41564,building/50346
ug_route/161010,OSP:BUSP::8402715,st_struct_pedestal/69842,mywcom_route_junction/21233
ug_route/161011,OSP:FBSP:C644389,st_struct_pedestal/68913,building/50397
ug_route/161012,OSP:BUSP:C661630,st_struct_pedestal/69214,building/49780
ug_route/161013,OSP:FBSP:C644276,st_struct_pedestal/67345,mywcom_route_junction/21135
ug_route/161014,OSP:FBSP:C663635,st_struct_pedestal/69202,building/50677
ug_route/161015,OSP:BUSP:C661635,st_struct_pedestal/69041,building/49107
ug_route/161016,OSP:BUSP::10668996,st_struct_pedestal/67308,building/51083
ug_route/161017,OSP:BUSP::16048244,st_struct_pedestal/67129,building/50556
ug_route/161018,OSP:BUSP:D8186373,mywcom_route_junction/21276,st_struct_pedestal/70832
ug_route/161019,OSP:FBSP:C664516,st_struct_pedestal/70173,building/51312
ug_route/161020,OSP:BUSP::8434387,mywcom_route_junction/21874,mywcom_route_junction/21698
ug_route/161021,OSP:FBSP::12052091,building/49767,mywcom_route_junction/21992
ug_route/161022,OSP:BUSP::16040903,st_struct_pedestal/70003,building/49714
ug_route/161023,OSP:FBSP:C710194,pole/42458,st_struct_pedestal/67925
ug_route/161024,OSP:FBSP:C710368,mywcom_route_junction/21077,st_struct_pedestal/68023
ug_route/161025,OSP:FBSP:C643131,st_struct_pedestal/69900,mywcom_route_junction/21505
ug_route/161026,OSP:BUSP:C661103,st_struct_pedestal/70505,st_struct_pedestal/69634
ug_route/161027,OSP:BUSP::9433476,st_struct_pedestal/70126,st_struct_pedestal/70376
ug_route/161028,OSP:BUSP:C706096,st_struct_pedestal/69774,cabinet/2424
ug_route/161029,OSP:BUSP:C653484,st_struct_pedestal/70798,building/50381
ug_route/161030,OSP:BUSP::9465141,st_struct_pedestal/68188,st_struct_pedestal/70074
ug_route/161031,OSP:BUSP:C655467,mywcom_route_junction/21581,pole/42282
ug_route/161032,OSP:BUSP:C671010,mywcom_route_junction/21940,st_struct_pedestal/70661
ug_route/161033,OSP:BUSP::9531722,st_struct_pedestal/68607,st_struct_pedestal/68561
ug_route/161034,OSP:FBSP:C667925,st_struct_pedestal/67215,building/49221
ug_route/161035,OSP:FBSP:C651672,st_struct_pedestal/69560,st_struct_pedestal/68357
ug_route/161036,OSP:FBSP::13712582,mywcom_route_junction/21938,st_struct_vault/2477
ug_route/161037,OSP:BUSP::9531721,st_struct_pedestal/67899,st_struct_pedestal/70450
ug_route/161038,OSP:BUSP::16769451,st_struct_pedestal/69951,mywcom_route_junction/21310
ug_route/161039,OSP:BUSP::13514486,st_struct_pedestal/67206,st_struct_pedestal/70284
ug_route/161040,OSP:BUSP::9513475,st_struct_pedestal/69367,st_struct_pedestal/68732
ug_route/161041,OSP:FBSP:C667924,st_struct_pedestal/67215,building/49221
ug_route/161042,OSP:FBSP:C663374,st_struct_pedestal/70064,mywcom_route_junction/21370
ug_route/161043,OSP:BUSP::10669636,st_struct_pedestal/67717,building/51170
ug_route/161044,OSP:BUSP::9522425,st_struct_pedestal/70670,st_struct_pedestal/67813
ug_route/161045,OSP:BUSP:C656293,building/49565,st_struct_pedestal/69679
ug_route/161046,OSP:BUSP:C661036,st_struct_pedestal/68609,building/49195
ug_route/161047,OSP:FBSP::10345589,st_struct_pedestal/68827,st_struct_pedestal/67253
ug_route/161048,OSP:BUSP::15966965,pole/41151,building/49942
ug_route/161049,OSP:BUSP::14929852,st_struct_pedestal/70003,building/49714
ug_route/161050,OSP:BUSP::16783617,st_struct_pedestal/69884,mywcom_route_junction/20989
ug_route/161051,OSP:BUSP::9514111,st_struct_pedestal/68729,st_struct_pedestal/68178
ug_route/161052,OSP:BUSP::10756985,st_struct_pedestal/69514,building/50500
ug_route/161053,OSP:BUSP:C669971,st_struct_pedestal/70712,mywcom_route_junction/21070
ug_route/161054,OSP:BUSP::10618100,pole/41512,building/48948
ug_route/161055,OSP:FBSP:C667433,mywcom_route_junction/21305,st_struct_pedestal/69753
ug_route/161056,OSP:FORSP::16953228,st_struct_vault/2419,st_struct_pedestal/70456
ug_route/161057,OSP:BUSP:C658126,mywcom_route_junction/21296,mywcom_route_junction/21412
ug_route/161058,OSP:BUSP::8345417,st_struct_pedestal/69726,mywcom_route_junction/20949
ug_route/161059,OSP:BUSP::10638760,mywcom_route_junction/21103,building/49765
ug_route/161060,OSP:BUSP::8446859,st_struct_pedestal/69777,mywcom_route_junction/21774
ug_route/161061,OSP:FBSP::12053010,building/49533,mywcom_route_junction/21154
ug_route/161062,OSP:BUSP::9493773,st_struct_pedestal/67797,mywcom_route_junction/21428
ug_route/161063,OSP:BUSP::8383520,mywcom_route_junction/20928,mywcom_route_junction/22026
ug_route/161064,OSP:BUSP:C662116,mywcom_route_junction/20994,mywcom_route_junction/21438
ug_route/161065,OSP:FORSP::16956647,st_struct_vault/2418,pole/41735
ug_route/161066,OSP:FBSP:C711666,mywcom_route_junction/21575,mywcom_route_junction/21727
ug_route/161067,OSP:BUSP::9530107,st_struct_pedestal/69707,st_struct_pedestal/68903
ug_route/161068,OSP:BUSP:C668331,mywcom_route_junction/21174,mywcom_route_junction/21453
ug_route/161069,OSP:FBSP:C648347,pole/41107,building/48877
ug_route/161070,OSP:BUSP:C665166,mywcom_route_junction/21219,st_struct_buried_splice_location/2616
ug_route/161071,OSP:BUSP:C656372,mywcom_route_junction/21543,mywcom_route_junction/21158
ug_route/161072,OSP:BUSP::11470929,mywcom_route_junction/21221,st_struct_pedestal/70611
ug_route/161073,OSP:BUSP::9490815,st_struct_pedestal/70198,st_struct_pedestal/69881
ug_route/161074,OSP:FBSP::8586052,mywcom_route_junction/21810,mywcom_route_junction/21044
ug_route/161075,OSP:BUSP::7723335,pole/42522,mywcom_route_junction/21689
ug_route/161076,OSP:BUSP:C659076,mywcom_route_junction/21414,mywcom_route_junction/21056
ug_route/161077,OSP:BUSP::9497140,pole/42458,st_struct_pedestal/67925
ug_route/161078,OSP:FBSP::10594101,pole/40661,st_struct_pedestal/70490
ug_route/161079,OSP:FBSP::10638422,mywcom_route_junction/21533,building/49765
ug_route/161080,OSP:BUSP::8589288,st_struct_pedestal/69088,st_struct_pedestal/67045
ug_route/161081,OSP:FBSP:C651209,pole/40586,building/49588
ug_route/161082,OSP:BUSP:C667200,cabinet/2477,mywcom_route_junction/20931
ug_route/161083,OSP:BUSP::9513464,mywcom_route_junction/21985,st_struct_pedestal/70300
ug_route/161084,OSP:BUSP::7642388,cabinet/2515,cabinet/2447
ug_route/161085,OSP:BUSP::8330403,st_struct_pedestal/70356,st_struct_pedestal/68656
ug_route/161086,OSP:BUSP:C651379,st_struct_pedestal/68823,st_struct_pedestal/70300
ug_route/161087,OSP:FBSP:C711517,st_struct_pedestal/69202,building/50677
ug_route/161088,OSP:BUSP::16023607,pole/41116,building/50523
ug_route/161089,OSP:BUSP::9465839,st_struct_pedestal/70421,st_struct_pedestal/67715
ug_route/161090,OSP:BUSP::8374252,st_struct_pedestal/68666,building/51305
ug_route/161091,OSP:BUSP::16012099,pole/42311,mywcom_route_junction/21735
ug_route/161092,OSP:BUSP::16754884,st_struct_buried_splice_location/2733,st_struct_pedestal/68855
ug_route/161093,OSP:FBSP:C668742,mywcom_route_junction/21719,building/49940
ug_route/161094,OSP:BUSP::9432822,st_struct_pedestal/67866,st_struct_pedestal/68326
ug_route/161095,OSP:FBSP::11652661,cabinet/2467,st_struct_pedestal/68072
ug_route/161096,OSP:FBSP::12053044,building/51257,mywcom_route_junction/21204
ug_route/161097,OSP:FBSP:C667467,st_struct_pedestal/70517,st_struct_pedestal/69829
ug_route/161098,OSP:BUSP:C643690,mywcom_route_junction/21343,st_struct_pedestal/68071
ug_route/161099,OSP:FBSP:C652605,st_struct_pedestal/69469,st_struct_pedestal/67581
ug_route/161100,OSP:BUSP::8447813,st_struct_pedestal/69288,mywcom_route_junction/21741
ug_route/161101,OSP:BUSP::16788469,mywcom_route_junction/21822,mywcom_route_junction/21795
ug_route/161102,OSP:FBSP::10633145,mywcom_route_junction/21008,st_struct_pedestal/70823
ug_route/161103,OSP:FBSP:C655991,st_struct_pedestal/70504,st_struct_pedestal/69964
ug_route/161104,OSP:FBSP:C650813,st_struct_pedestal/67670,building/51314
ug_route/161105,OSP:FBSP::8330084,st_struct_pedestal/70382,mywcom_route_junction/21631
ug_route/161106,OSP:BUSP::10669638,st_struct_pedestal/69714,building/50158
ug_route/161107,OSP:FBSP:C643175,mywcom_route_junction/21452,st_struct_pedestal/69422
ug_route/161108,OSP:FBSP:C705593,mywcom_route_junction/21071,mywcom_route_junction/21189
ug_route/161109,OSP:BUSP::9270611,pole/40808,pole/41481
ug_route/161110,OSP:BUSP:C647805,pole/41373,st_struct_pedestal/68758
ug_route/161111,OSP:BUSP::9447566,mywcom_route_junction/21012,st_struct_pedestal/68169
ug_route/161112,OSP:FBSP:C705109,mywcom_route_junction/21044,st_struct_pedestal/67603
ug_route/161113,OSP:BUSP:C660397,mywcom_route_junction/21361,mywcom_route_junction/21548
ug_route/161114,OSP:BUSP:C658129,mywcom_route_junction/21699,mywcom_route_junction/20942
ug_route/161115,OSP:FBSP::13098313,st_struct_pedestal/70325,st_struct_pedestal/67138
ug_route/161116,OSP:BUSP::9489463,mywcom_route_junction/21614,st_struct_pedestal/67345
ug_route/161117,OSP:FBSP:C643183,st_struct_pedestal/70612,st_struct_pedestal/70778
ug_route/161118,OSP:FBSP:C651351,mywcom_route_junction/21585,mywcom_route_junction/21711
ug_route/161119,OSP:BUSP::10684678,pole/41580,building/50690
ug_route/161120,OSP:FBSP:C670096,mywcom_route_junction/21285,building/50122
ug_route/161121,OSP:FBSP::13679958,st_struct_pedestal/68298,st_struct_pedestal/68321
ug_route/161122,OSP:BUSP::11329791,st_struct_pedestal/70169,st_struct_pedestal/67705
ug_route/161123,OSP:BUSP::9514102,st_struct_pedestal/68357,st_struct_pedestal/69560
ug_route/161124,OSP:BUSP::7977430,mywcom_route_junction/21830,building/50707
ug_route/161125,OSP:BUSP::9432825,mywcom_route_junction/21635,st_struct_pedestal/69219
ug_route/161126,OSP:FBSP::13403169,st_struct_pedestal/69762,building/50295
ug_route/161127,OSP:BUSP:C656289,st_struct_pedestal/70709,building/50100
ug_route/161128,OSP:BUSP:C668164,st_struct_pedestal/68806,building/50526
ug_route/161129,OSP:FBSP:C651175,st_struct_pedestal/69504,st_struct_pedestal/70556
ug_route/161130,OSP:BUSP::10867316,st_struct_pedestal/67853,building/49639
ug_route/161131,OSP:FBSP:C707834,pole/42149,mywcom_route_junction/20895
ug_route/161132,OSP:FBSP::11686581,st_struct_pedestal/68784,building/49811
ug_route/161133,OSP:BUSP::10690144,st_struct_pedestal/68759,mywcom_route_junction/21574
ug_route/161134,OSP:FBSP:C655989,st_struct_pedestal/69090,st_struct_pedestal/70504
ug_route/161135,OSP:FBSP:C705536,mywcom_route_junction/21369,mywcom_route_junction/21718
ug_route/161136,OSP:BUSP:C670092,mywcom_route_junction/21620,st_struct_pedestal/70730
ug_route/161137,OSP:FBSP:C651575,st_struct_pedestal/67834,mywcom_route_junction/21372
ug_route/161138,OSP:BUSP:C708414,st_struct_pedestal/69009,st_struct_pedestal/70118
ug_route/161139,OSP:BUSP::11500022,pole/41636,building/49671
ug_route/161140,OSP:BUSP:C663655,st_struct_pedestal/69046,building/50507
ug_route/161141,OSP:FBSP::12052110,st_struct_pedestal/69708,mywcom_route_junction/21591
ug_route/161142,OSP:BUSP::15970489,building/50599,building/49095
ug_route/161143,OSP:BUSP::8336134,st_struct_pedestal/70827,st_struct_pedestal/68115
ug_route/161144,OSP:FBSP::9505474,mywcom_route_junction/21401,st_struct_pedestal/67245
ug_route/161145,OSP:BUSP::9442740,pole/41373,st_struct_pedestal/68758
ug_route/161146,OSP:FBSP:C643127,mywcom_route_junction/21505,st_struct_pedestal/69219
ug_route/161147,OSP:BUSP:C653939,st_struct_pedestal/69719,st_struct_buried_splice_location/2615
ug_route/161148,OSP:BUSP::10763704,pole/41647,building/49389
ug_route/161149,OSP:BUSP::15975298,pole/41194,building/48964
ug_route/161150,OSP:BUSP::9490812,st_struct_pedestal/69829,st_struct_pedestal/70517
ug_route/161151,OSP:FBSP::12544262,st_struct_pedestal/68095,st_struct_pedestal/68770
ug_route/161152,OSP:FBSP::9508053,st_struct_pedestal/69499,st_struct_pedestal/67968
ug_route/161153,OSP:BUSP::10952823,st_struct_pedestal/69207,building/49178
ug_route/161154,OSP:FBSP:C648475,pole/40814,building/49608
ug_route/161155,OSP:BUSP:C660507,st_struct_pedestal/68825,st_struct_pedestal/67552
ug_route/161156,OSP:BUSP::16685372,mywcom_route_junction/20990,mywcom_route_junction/21069
ug_route/161157,OSP:FBSP::11512502,st_struct_pedestal/70627,building/50123
ug_route/161158,OSP:BUSP:C653797,pole/42234,st_struct_pedestal/70818
ug_route/161159,OSP:FBSP::8572944,st_struct_pedestal/70245,st_struct_pedestal/68920
ug_route/161160,OSP:FBSP:C710759,st_struct_pedestal/69828,building/50664
ug_route/161161,OSP:FBSP::8572623,st_struct_pedestal/68587,st_struct_pedestal/68490
ug_route/161162,OSP:BUSP:C654950,pole/41417,st_struct_pedestal/69030
ug_route/161163,OSP:BUSP::16773146,pole/41935,pole/40700
ug_route/161164,OSP:FBSP::17092437,st_struct_pedestal/70001,st_struct_pedestal/68429
ug_route/161165,OSP:BUSP:C649555,cabinet/2493,pole/42514
ug_route/161166,OSP:BUSP::13721850,st_struct_pedestal/69895,st_struct_pedestal/67534
ug_route/161167,OSP:FBSP::12053004,building/50217,mywcom_route_junction/21860
ug_route/161168,OSP:BUSP:C711707,st_struct_pedestal/67784,st_struct_pedestal/69117
ug_route/161169,OSP:BUSP::16059124,pole/42353,mywcom_route_junction/21932
ug_route/161170,OSP:FBSP::10638585,mywcom_route_junction/21634,building/50061
ug_route/161171,OSP:FBSP:C644515,st_struct_pedestal/70297,st_struct_pedestal/67118
ug_route/161172,OSP:FORSP:C704836,mywcom_route_junction/21367,st_struct_pedestal/70169
ug_route/161173,OSP:BUSP:C666261,st_struct_pedestal/67624,st_struct_pedestal/68566
ug_route/161174,OSP:BUSP:C665971,st_struct_pedestal/68764,building/49186
ug_route/161175,OSP:FBSP:C656486,st_struct_pedestal/68347,mywcom_route_junction/21958
ug_route/161176,OSP:BUSP::9526909,st_struct_pedestal/70556,st_struct_pedestal/69504
ug_route/161177,OSP:BUSP::9432833,st_struct_pedestal/70612,st_struct_pedestal/70778
ug_route/161178,OSP:FBSP:C705447,st_struct_buried_splice_location/2684,mywcom_route_junction/21345
ug_route/161179,OSP:FBSP:C639818,st_struct_pedestal/68230,st_struct_pedestal/68226
ug_route/161180,OSP:FBSP:C667422,st_struct_pedestal/69729,st_struct_pedestal/69209
ug_route/161181,OSP:FBSP::8950873,mywcom_route_junction/21332,st_struct_pedestal/70662
ug_route/161182,OSP:BUSP::9490779,st_struct_pedestal/68226,st_struct_pedestal/68230
ug_route/161183,OSP:BUSP::15839628,pole/41924,st_struct_pedestal/67534
ug_route/161184,OSP:BUSP::9454918,st_struct_pedestal/68284,st_struct_pedestal/69949
ug_route/161185,OSP:BUSP:C669118,st_struct_pedestal/68458,st_struct_pedestal/68277
ug_route/161186,OSP:BUSP::8728137,mywcom_route_junction/21888,mywcom_route_junction/22002
ug_route/161187,OSP:BUSP:C668460,st_struct_pedestal/69626,st_struct_pedestal/68717
ug_route/161188,OSP:BUSP::9532668,mywcom_route_junction/21835,st_struct_pedestal/67330
ug_route/161189,OSP:BUSP::17060804,st_struct_pedestal/68158,pole/42136
ug_route/161190,OSP:BUSP::8713431,mywcom_route_junction/21538,mywcom_route_junction/21704
ug_route/161191,OSP:BUSP:C648032,st_struct_buried_splice_location/2719,st_struct_buried_splice_location/2622
ug_route/161192,OSP:FBSP::13678682,st_struct_pedestal/68321,mywcom_route_junction/21473
ug_route/161193,OSP:FBSP:C651597,mywcom_route_junction/21372,st_struct_pedestal/70735
ug_route/161194,OSP:BUSP:C711701,pole/40922,pole/41445
ug_route/161195,OSP:FBSP::8588368,st_struct_pedestal/68617,st_struct_pedestal/69899
ug_route/161196,OSP:FBSP:C708214,pole/42436,mywcom_route_junction/21440
ug_route/161197,OSP:BUSP:C646949,st_struct_pedestal/67633,st_struct_pedestal/70321
ug_route/161198,OSP:FBSP:C705532,st_struct_pedestal/68559,st_struct_pedestal/70574
ug_route/161199,OSP:BUSP:C648102,st_struct_buried_splice_location/2654,st_struct_buried_splice_location/2739
ug_route/161200,OSP:BUSP::16532406,st_struct_buried_splice_location/2637,st_struct_buried_splice_location/2695
ug_route/161201,OSP:BUSP:C664341,st_struct_pedestal/67918,st_struct_pedestal/67274
ug_route/161202,OSP:BUSP:C654002,mywcom_route_junction/21679,mywcom_route_junction/21543
ug_route/161203,OSP:FBSP:C708391,st_struct_pedestal/69627,st_struct_pedestal/69298
ug_route/161204,OSP:BUSP::11652665,st_struct_pedestal/69876,st_struct_pedestal/70028
ug_route/161205,OSP:FBSP::9454959,st_struct_pedestal/70063,st_struct_pedestal/69218
ug_route/161206,OSP:FBSP::16040905,mywcom_route_junction/21155,mywcom_route_junction/21786
ug_route/161207,OSP:BUSP:C665970,st_struct_pedestal/68764,building/49170
ug_route/161208,OSP:FBSP:C656106,mywcom_route_junction/21819,st_struct_pedestal/67314
ug_route/161209,OSP:BUSP::9466860,st_struct_pedestal/68587,st_struct_pedestal/68490
ug_route/161210,OSP:FBSP:C643165,mywcom_route_junction/21602,st_struct_pedestal/67945
ug_route/161211,OSP:FBSP:C707163,st_struct_pedestal/68390,building/49713
ug_route/161212,OSP:FBSP::11732987,st_struct_pedestal/67224,st_struct_pedestal/69605
ug_route/161213,OSP:BUSP::10900044,st_struct_pedestal/68458,st_struct_pedestal/68277
ug_route/161214,OSP:BUSP:C649888,st_struct_pedestal/68763,building/51161
ug_route/161215,OSP:BUSP::9508055,st_struct_pedestal/69499,st_struct_pedestal/67968
ug_route/161216,OSP:BUSP::9531719,st_struct_pedestal/68578,st_struct_pedestal/67899
ug_route/161217,OSP:FBSP::12544263,st_struct_pedestal/68770,st_struct_pedestal/69712
ug_route/161218,OSP:FBSP::8950860,st_struct_pedestal/68163,st_struct_pedestal/68600
ug_route/161219,OSP:BUSP:C655482,st_struct_pedestal/67879,mywcom_route_junction/21816
ug_route/161220,OSP:BUSP::9532667,st_struct_pedestal/70297,st_struct_pedestal/67118
ug_route/161221,OSP:FBSP:C705596,building/51313,building/50972
ug_route/161222,OSP:FBSP:C644501,st_struct_pedestal/67330,mywcom_route_junction/21894
ug_route/161223,OSP:BUSP::9532660,mywcom_route_junction/21732,st_struct_pedestal/67834
ug_route/161224,OSP:FBSP:C667458,st_struct_pedestal/67052,st_struct_pedestal/69844
ug_route/161225,OSP:BUSP::10690147,mywcom_route_junction/21574,st_struct_pedestal/69756
ug_route/161226,OSP:BUSP::8382233,st_struct_pedestal/70588,building/50124
ug_route/161227,OSP:BUSP:C649896,st_struct_pedestal/67489,st_struct_pedestal/69898
ug_route/161228,OSP:BUSP:C644245,st_struct_pedestal/69425,mywcom_route_junction/21539
ug_route/161229,OSP:BUSP:C646948,st_struct_pedestal/68125,st_struct_pedestal/68551
ug_route/161230,OSP:FBSP:C643064,st_struct_pedestal/68697,st_struct_pedestal/67676
ug_route/161231,OSP:BUSP:C645967,st_struct_pedestal/70354,st_struct_pedestal/68069
ug_route/161232,OSP:BUSP::9531703,mywcom_route_junction/21350,st_struct_pedestal/67370
ug_route/161233,OSP:BUSP:C653684,building/50000,building/51090
ug_route/161234,OSP:BUSP::10860020,pole/40814,building/49608
ug_route/161235,OSP:FBSP:C656104,st_struct_pedestal/67146,mywcom_route_junction/21715
ug_route/161236,OSP:BUSP:C643626,st_struct_pedestal/68257,mywcom_route_junction/20967
ug_route/161237,OSP:BUSP:C660166,st_struct_pedestal/68948,building/50916
ug_route/161238,OSP:FORSP:C646028,mywcom_route_junction/21861,pole/42839
ug_route/161239,OSP:BUSP::9531709,mywcom_route_junction/21594,st_struct_pedestal/69960
ug_route/161240,OSP:FBSP::8336459,st_struct_pedestal/69024,st_struct_pedestal/68203
ug_route/161241,OSP:FBSP:C657981,st_struct_pedestal/67853,building/49639
ug_route/161242,OSP:FBSP::12053029,mywcom_route_junction/21518,building/50983
ug_route/161243,OSP:FBSP:C651549,st_struct_pedestal/68578,mywcom_route_junction/21898
ug_route/161244,OSP:FBSP:C651867,st_struct_pedestal/69756,building/51033
ug_route/161245,OSP:FBSP:C710377,mywcom_route_junction/21787,st_struct_pedestal/70228
ug_route/161246,OSP:BUSP::9520200,st_struct_pedestal/68559,st_struct_pedestal/70574
ug_route/161247,OSP:FBSP::11431261,st_struct_pedestal/67047,st_struct_pedestal/68286
ug_route/161248,OSP:BUSP:C668464,st_struct_pedestal/69626,st_struct_pedestal/68717
ug_route/161249,OSP:FBSP:C704330,mywcom_route_junction/22015,st_struct_pedestal/67994
ug_route/161250,OSP:FBSP::10952825,st_struct_pedestal/69207,building/49178
ug_route/161251,OSP:FBSP::17092436,st_struct_pedestal/67586,st_struct_pedestal/70001
ug_route/161252,OSP:BUSP::10273185,mywcom_route_junction/20898,st_struct_pedestal/67973
ug_route/161253,OSP:BUSP::10727543,st_struct_pedestal/70521,mywcom_route_junction/21167
ug_route/161254,OSP:BUSP:C644344,pole/41936,st_struct_buried_splice_location/2703
ug_route/161255,OSP:FBSP::13402194,st_struct_pedestal/68077,building/51223
ug_route/161256,OSP:BUSP::9493754,st_struct_pedestal/69729,st_struct_pedestal/69209
ug_route/161257,OSP:FBSP::12234805,st_struct_pedestal/67496,building/51045
ug_route/161258,OSP:FBSP:C646017,st_struct_pedestal/67990,st_struct_pedestal/70469
ug_route/161259,OSP:BUSP:C643669,mywcom_route_junction/20915,mywcom_route_junction/21261
ug_route/161260,OSP:FBSP:C706622,mywcom_route_junction/21567,st_struct_pedestal/68351
ug_route/161261,OSP:BUSP::9509324,mywcom_route_junction/21598,st_struct_pedestal/69901
ug_route/161262,OSP:FBSP:C642395,st_struct_pedestal/70362,st_struct_pedestal/69303
ug_route/161263,OSP:BUSP::16038344,st_struct_pedestal/67955,building/50775
ug_route/161264,OSP:FBSP:C705143,mywcom_route_junction/21497,st_struct_pedestal/70623
ug_route/161265,OSP:BUSP::9271544,mywcom_route_junction/20901,st_struct_pedestal/70637
ug_route/161266,OSP:BUSP:C662440,pole/42725,st_struct_pedestal/69986
ug_route/161267,OSP:BUSP::9492997,st_struct_pedestal/69298,st_struct_pedestal/69627
ug_route/161268,OSP:BUSP::10712228,st_struct_pedestal/68111,building/49571
ug_route/161269,OSP:BUSP::8383512,cabinet/2477,mywcom_route_junction/21138
ug_route/161270,OSP:BUSP::9531708,mywcom_route_junction/21594,st_struct_pedestal/67542
ug_route/161271,OSP:BUSP::15970490,building/49095,building/50464
ug_route/161272,OSP:FBSP::13672621,mywcom_route_junction/21212,building/50829
ug_route/161273,OSP:FBSP::13098319,mywcom_route_junction/21239,st_struct_pedestal/70226
ug_route/161274,OSP:BUSP::9532355,st_struct_pedestal/70735,mywcom_route_junction/21732
ug_route/161275,OSP:BUSP::10267113,st_struct_pedestal/70063,st_struct_pedestal/69218
ug_route/161276,OSP:FBSP::9498100,mywcom_route_junction/21348,mywcom_route_junction/21973
ug_route/161277,OSP:BUSP::15981377,building/49769,building/50884
ug_route/161278,OSP:BUSP::9474742,st_struct_pedestal/69831,mywcom_route_junction/21514
ug_route/161279,OSP:BUSP::9433488,st_struct_pedestal/67676,st_struct_pedestal/68697
ug_route/161280,OSP:BUSP::16795165,st_struct_pedestal/68035,mywcom_route_junction/21623
ug_route/161281,OSP:BUSP:C670539,st_struct_pedestal/67451,building/49054
ug_route/161282,OSP:FBSP:C643168,mywcom_route_junction/21802,st_struct_pedestal/69162
ug_route/161283,OSP:FBSP::11797196,mywcom_route_junction/21967,mywcom_route_junction/21906
ug_route/161284,OSP:BUSP:C670231,st_struct_pedestal/68825,st_struct_pedestal/67552
ug_route/161285,OSP:FBSP:C651252,st_struct_pedestal/67813,st_struct_pedestal/67216
ug_route/161286,OSP:BUSP:C669973,mywcom_route_junction/21070,st_struct_pedestal/69290
ug_route/161287,OSP:FORSP:C648138,mywcom_route_junction/21753,pole/42468
ug_route/161288,OSP:FBSP:C704913,st_struct_pedestal/69557,mywcom_route_junction/21919
ug_route/161289,OSP:BUSP:C660547,st_struct_pedestal/67552,st_struct_pedestal/67585
ug_route/161290,OSP:BUSP:C666260,st_struct_pedestal/67624,st_struct_pedestal/68566
ug_route/161291,OSP:FBSP:C711667,mywcom_route_junction/21727,building/50464
ug_route/161292,OSP:BUSP::9490817,st_struct_pedestal/69844,st_struct_pedestal/67052
ug_route/161293,OSP:FBSP::16098817,st_struct_pedestal/68784,building/48865
ug_route/161294,OSP:BUSP::8433092,mywcom_route_junction/21244,st_struct_vault/2427
ug_route/161295,OSP:FBSP::8437272,pole/42722,building/50662
ug_route/161296,OSP:FBSP:C639510,st_struct_pedestal/70128,mywcom_route_junction/20961
ug_route/161297,OSP:FBSP::13679960,st_struct_pedestal/68298,building/51277
ug_route/161298,OSP:BUSP::9490769,st_struct_pedestal/69303,st_struct_pedestal/70362
ug_route/161299,OSP:BUSP::12127606,st_struct_pedestal/69001,mywcom_route_junction/21650
ug_route/161300,OSP:BUSP::10758266,st_struct_pedestal/67328,building/49249
ug_route/161301,OSP:FBSP:C653437,st_struct_pedestal/69665,st_struct_pedestal/67594
ug_route/161302,OSP:FBSP:C653629,pole/42367,building/48889
ug_route/161303,OSP:FBSP:C639749,st_struct_pedestal/70259,st_struct_pedestal/67369
ug_route/161304,OSP:BUSP::9453954,st_struct_pedestal/69162,st_struct_pedestal/69200
ug_route/161305,OSP:FBSP::12052106,mywcom_route_junction/22010,building/49119
ug_route/161306,OSP:FBSP::7629281,building/51173,mywcom_route_junction/21009
ug_route/161307,OSP:FORSP::16958666,st_struct_vault/2456,pole/41888
ug_route/161308,OSP:BUSP:C671142,st_struct_buried_splice_location/2648,st_struct_pedestal/69084
ug_route/161309,OSP:BUSP::9558581,st_struct_pedestal/68421,st_struct_pedestal/70481
ug_route/161310,OSP:BUSP:C710385,st_struct_pedestal/69000,st_struct_pedestal/68718
ug_route/161311,OSP:FBSP:C651859,st_struct_pedestal/70238,building/51022
ug_route/161312,OSP:FBSP::10637986,mywcom_route_junction/21556,building/50583
ug_route/161313,OSP:BUSP::8588363,st_struct_pedestal/68979,st_struct_pedestal/67544
ug_route/161314,OSP:BUSP:C666256,st_struct_pedestal/67624,st_struct_pedestal/68566
ug_route/161315,OSP:FBSP::14203128,st_struct_pedestal/70016,st_struct_pedestal/68963
ug_route/161316,OSP:BUSP::12789372,st_struct_pedestal/68278,st_struct_pedestal/70241
ug_route/161317,OSP:FBSP:C651026,pole/42008,building/50983
ug_route/161318,OSP:FBSP:C652970,pole/42026,building/50632
ug_route/161319,OSP:BUSP::8575841,mywcom_route_junction/21346,mywcom_route_junction/20974
ug_route/161320,OSP:BUSP:C651304,mywcom_route_junction/21016,st_struct_pedestal/68221
ug_route/161321,OSP:BUSP:C705958,st_struct_pedestal/69008,building/49056
ug_route/161322,OSP:BUSP::11085972,st_struct_pedestal/67404,st_struct_pedestal/70783
ug_route/161323,OSP:BUSP::9522426,st_struct_pedestal/67813,st_struct_pedestal/67216
ug_route/161324,OSP:BUSP:C650811,st_struct_pedestal/70728,mywcom_route_junction/21190
ug_route/161325,OSP:FBSP:C655475,st_struct_pedestal/70493,st_struct_pedestal/68467
ug_route/161326,OSP:FBSP::8331985,mywcom_route_junction/21981,st_struct_pedestal/67145
ug_route/161327,OSP:BUSP::9412356,pole/41542,st_struct_pedestal/69771
ug_route/161328,OSP:FBSP:C651628,st_struct_pedestal/67243,st_struct_pedestal/67222
ug_route/161329,OSP:BUSP::10267061,mywcom_route_junction/21635,st_struct_pedestal/69900
ug_route/161330,OSP:BUSP:C651387,st_struct_pedestal/68823,st_struct_pedestal/69637
ug_route/161331,OSP:BUSP::10763714,pole/42804,building/51113
ug_route/161332,OSP:BUSP::10668661,st_struct_pedestal/70512,building/49847
ug_route/161333,OSP:BUSP::8586054,st_struct_pedestal/67585,st_struct_pedestal/67552
ug_route/161334,OSP:FBSP:C639781,st_struct_pedestal/69304,st_struct_pedestal/70090
ug_route/161335,OSP:FBSP:C643155,mywcom_route_junction/21240,st_struct_pedestal/67362
ug_route/161336,OSP:FBSP::10129461,st_struct_pedestal/67935,st_struct_pedestal/67657
ug_route/161337,OSP:BUSP:C670538,st_struct_pedestal/67451,building/49282
ug_route/161338,OSP:BUSP:C668465,st_struct_pedestal/69626,st_struct_pedestal/68717
ug_route/161339,OSP:BUSP:C651795,mywcom_route_junction/20930,st_struct_pedestal/69494
ug_route/161340,OSP:FBSP::8346082,st_struct_pedestal/67234,st_struct_pedestal/70363
ug_route/161341,OSP:BUSP:C656336,st_struct_buried_splice_location/2617,st_struct_pedestal/69892
ug_route/161342,OSP:BUSP::9531385,st_struct_pedestal/67594,st_struct_pedestal/69665
ug_route/161343,OSP:FBSP::7629588,building/49843,mywcom_route_junction/21573
ug_route/161344,OSP:FBSP::7724292,pole/41124,building/50444
ug_route/161345,OSP:BUSP:C645792,st_struct_pedestal/69926,building/48766
ug_route/161346,OSP:FBSP::16106192,st_struct_pedestal/70003,mywcom_route_junction/21212
ug_route/161347,OSP:BUSP::15126645,pole/42431,st_struct_pedestal/70465
ug_route/161348,OSP:BUSP::16789188,st_struct_pedestal/70469,mywcom_route_junction/21821
ug_route/161349,OSP:FBSP::8947039,st_struct_pedestal/70823,st_struct_pedestal/68160
ug_route/161350,OSP:BUSP::13598966,mywcom_route_junction/21317,mywcom_route_junction/21116
ug_route/161351,OSP:BUSP::8383511,cabinet/2499,cabinet/2477
ug_route/161352,OSP:FBSP::8348298,st_struct_pedestal/69955,st_struct_pedestal/69795
ug_route/161353,OSP:BUSP::10669620,building/50740,pole/41465
ug_route/161354,OSP:BUSP::16040249,mywcom_route_junction/21297,mywcom_route_junction/21902
ug_route/161355,OSP:FBSP::8348292,st_struct_pedestal/70426,mywcom_route_junction/21157
ug_route/161356,OSP:FBSP:C645974,st_struct_pedestal/68069,st_struct_pedestal/69754
ug_route/161357,OSP:BUSP:C708183,st_struct_buried_splice_location/2687,st_struct_pedestal/67857
ug_route/161358,OSP:BUSP::16788475,mywcom_route_junction/21464,mywcom_route_junction/20977
ug_route/161359,OSP:FBSP::8446862,mywcom_route_junction/21774,mywcom_route_junction/21726
ug_route/161360,OSP:BUSP::10690449,st_struct_pedestal/70238,building/51022
ug_route/161361,OSP:BUSP::8436971,st_struct_pedestal/70682,building/50021
ug_route/161362,OSP:BUSP:C645492,mywcom_route_junction/20984,st_struct_pedestal/68445
ug_route/161363,OSP:BUSP::9514106,st_struct_pedestal/69557,mywcom_route_junction/22020
ug_route/161364,OSP:BUSP::9531068,st_struct_pedestal/67222,st_struct_pedestal/67243
ug_route/161365,OSP:BUSP::10725964,st_struct_pedestal/67870,mywcom_route_junction/20902
ug_route/161366,OSP:BUSP:C641575,st_struct_pedestal/67190,building/49338
ug_route/161367,OSP:FBSP::15968591,mywcom_route_junction/21125,building/51322
ug_route/161368,OSP:FBSP::8331125,st_struct_pedestal/67988,st_struct_pedestal/69797
ug_route/161369,OSP:BUSP::8088787,pole/42163,building/48990
ug_route/161370,OSP:FBSP::13042379,pole/42307,building/50216
ug_route/161371,OSP:BUSP::9447565,st_struct_pedestal/69550,mywcom_route_junction/21012
ug_route/161372,OSP:BUSP::8603978,pole/42498,building/50250
ug_route/161373,OSP:FBSP:C704899,st_struct_buried_splice_location/2673,st_struct_pedestal/69771
ug_route/161374,OSP:BUSP::16764611,st_struct_pedestal/69292,st_struct_pedestal/69782
ug_route/161375,OSP:BUSP:C653022,mywcom_route_junction/20963,st_struct_pedestal/69655
ug_route/161376,OSP:FBSP:C662368,st_struct_pedestal/70076,building/49672
ug_route/161377,OSP:FBSP:C667126,st_struct_pedestal/68120,st_struct_pedestal/69665
ug_route/161378,OSP:BUSP:C655496,st_struct_pedestal/68942,st_struct_pedestal/67384
ug_route/161379,OSP:FBSP:C643169,mywcom_route_junction/21802,st_struct_pedestal/68195
ug_route/161380,OSP:FBSP::8573011,mywcom_route_junction/21123,building/49892
ug_route/161381,OSP:BUSP::9531381,st_struct_pedestal/69754,st_struct_pedestal/68069
ug_route/161382,OSP:BUSP:C659674,st_struct_pedestal/67758,building/49519
ug_route/161383,OSP:FBSP:C708029,st_struct_pedestal/70264,building/49356
ug_route/161384,OSP:FBSP:C667457,st_struct_pedestal/68980,st_struct_pedestal/67052
ug_route/161385,OSP:FBSP:C706964,mywcom_route_junction/21916,mywcom_route_junction/21617
ug_route/161386,OSP:BUSP::9514136,st_struct_pedestal/69637,mywcom_route_junction/21985
ug_route/161387,OSP:BUSP:C664424,st_struct_pedestal/67694,st_struct_pedestal/70343
ug_route/161388,OSP:BUSP:C667241,mywcom_route_junction/20950,st_struct_pedestal/69091
ug_route/161389,OSP:BUSP:C659031,mywcom_route_junction/21038,st_struct_pedestal/69831
ug_route/161390,OSP:BUSP:C708425,st_struct_pedestal/70307,st_struct_pedestal/67715
ug_route/161391,OSP:BUSP::9506440,st_struct_pedestal/68539,st_struct_pedestal/67902
ug_route/161392,OSP:BUSP:C683074,building/50218,building/48720
ug_route/161393,OSP:FBSP:C656103,st_struct_pedestal/69092,st_struct_pedestal/67146
ug_route/161394,OSP:BUSP:C663043,pole/40539,st_struct_pedestal/68816
ug_route/161395,OSP:BUSP::10691392,pole/42775,building/48858
ug_route/161396,OSP:BUSP:C643640,mywcom_route_junction/20967,st_struct_pedestal/69193
ug_route/161397,OSP:BUSP::9433481,mywcom_route_junction/21695,st_struct_pedestal/67362
ug_route/161398,OSP:BUSP::9536509,st_struct_pedestal/70363,st_struct_pedestal/67234
ug_route/161399,OSP:FBSP::9454958,st_struct_pedestal/69164,st_struct_pedestal/70063
ug_route/161400,OSP:BUSP::16059139,st_struct_pedestal/70225,building/51397
ug_route/161401,OSP:FBSP::10638584,st_struct_pedestal/68059,mywcom_route_junction/21634
ug_route/161402,OSP:BUSP:C668845,st_struct_pedestal/69584,st_struct_pedestal/68390
ug_route/161403,OSP:BUSP::8500002,mywcom_route_junction/21234,building/48999
ug_route/161404,OSP:BUSP::9432829,mywcom_route_junction/21435,st_struct_pedestal/70623
ug_route/161405,OSP:FBSP:C708421,mywcom_route_junction/21424,st_struct_pedestal/69550
ug_route/161406,OSP:FBSP:C651858,st_struct_pedestal/67835,building/51034
ug_route/161407,OSP:BUSP:C643667,st_struct_pedestal/68860,st_struct_pedestal/69866
ug_route/161408,OSP:BUSP::13514491,st_struct_pedestal/69118,mywcom_route_junction/20992
ug_route/161409,OSP:BUSP::7627974,pole/41287,st_struct_pedestal/67655
ug_route/161410,OSP:FBSP:C651856,st_struct_pedestal/67835,building/50888
ug_route/161411,OSP:FBSP:C710201,building/50558,building/48818
ug_route/161412,OSP:FBSP::12400624,mywcom_route_junction/21670,building/50598
ug_route/161413,OSP:FBSP:C645750,st_struct_pedestal/69559,st_struct_pedestal/70009
ug_route/161414,OSP:BUSP:C639209,st_struct_pedestal/69642,building/50355
ug_route/161415,OSP:FBSP:C644520,mywcom_route_junction/21738,st_struct_pedestal/67542
ug_route/161416,OSP:FBSP::12052105,mywcom_route_junction/22010,building/49974
ug_route/161417,OSP:FBSP:C651048,st_struct_pedestal/67416,st_struct_pedestal/70369
ug_route/161418,OSP:FBSP:C651362,st_struct_pedestal/70367,st_struct_pedestal/70561
ug_route/161419,OSP:BUSP::10267070,st_struct_pedestal/68195,st_struct_pedestal/69200
ug_route/161420,OSP:FBSP:C653787,pole/40987,building/49944
ug_route/161421,OSP:FBSP::8490062,st_struct_pedestal/69370,st_struct_pedestal/69524
ug_route/161422,OSP:BUSP::8586399,st_struct_pedestal/69493,st_struct_pedestal/68474
ug_route/161423,OSP:BUSP::9531386,st_struct_pedestal/69665,st_struct_pedestal/68120
ug_route/161424,OSP:BUSP::9534595,mywcom_route_junction/22009,st_struct_pedestal/69350
ug_route/161425,OSP:FBSP:C668834,st_struct_pedestal/69584,building/50519
ug_route/161426,OSP:BUSP::9501943,mywcom_route_junction/21838,mywcom_route_junction/21088
ug_route/161427,OSP:BUSP::9269897,mywcom_route_junction/21385,st_struct_pedestal/68445
ug_route/161428,OSP:FBSP:C710167,st_struct_pedestal/67708,building/49496
ug_route/161429,OSP:FBSP::11067143,st_struct_pedestal/70708,st_struct_pedestal/68785
ug_route/161430,OSP:BUSP:C655782,st_struct_pedestal/69194,st_struct_pedestal/70533
ug_route/161431,OSP:BUSP:C647894,st_struct_pedestal/67350,building/51324
ug_route/161432,OSP:BUSP:C644170,st_struct_pedestal/68524,st_struct_pedestal/67627
ug_route/161433,OSP:FBSP:C667133,st_struct_pedestal/67556,st_struct_pedestal/68120
ug_route/161434,OSP:BUSP::9454960,st_struct_pedestal/69164,st_struct_pedestal/70063
ug_route/161435,OSP:BUSP::9454291,st_struct_pedestal/67146,st_struct_pedestal/69092
ug_route/161436,OSP:FBSP:C651969,pole/40763,building/49159
ug_route/161437,OSP:FBSP::12053043,building/49248,mywcom_route_junction/20912
ug_route/161438,OSP:BUSP::10773941,pole/42705,building/51205
ug_route/161439,OSP:FBSP:C710312,mywcom_route_junction/21276,st_struct_pedestal/68879
ug_route/161440,OSP:FBSP:C639757,st_struct_pedestal/70008,st_struct_pedestal/69263
ug_route/161441,OSP:FBSP:C651080,mywcom_route_junction/21466,st_struct_pedestal/69350
ug_route/161442,OSP:BUSP::10883386,pole/41613,building/51469
ug_route/161443,OSP:FBSP:C662086,st_struct_pedestal/67566,building/51426
ug_route/161444,OSP:BUSP::10677990,st_struct_pedestal/67708,building/49496
ug_route/161445,OSP:BUSP::9531706,st_struct_pedestal/69559,st_struct_pedestal/70009
ug_route/161446,OSP:BUSP::9528194,st_struct_pedestal/70369,st_struct_pedestal/67416
ug_route/161447,OSP:BUSP::9490818,st_struct_pedestal/67052,st_struct_pedestal/68980
ug_route/161448,OSP:BUSP::8435662,cabinet/2437,cabinet/2480
ug_route/161449,OSP:FBSP::8572945,st_struct_pedestal/67228,st_struct_pedestal/70569
ug_route/161450,OSP:BUSP::9475700,st_struct_pedestal/69621,st_struct_pedestal/69764
ug_route/161451,OSP:BUSP::8347665,st_struct_pedestal/70023,st_struct_pedestal/68414
ug_route/161452,OSP:FBSP::8572939,st_struct_pedestal/70515,st_struct_pedestal/67228
ug_route/161453,OSP:BUSP:C660180,st_struct_pedestal/68646,st_struct_pedestal/68591
ug_route/161454,OSP:FBSP:C645791,st_struct_pedestal/67271,st_struct_pedestal/70786
ug_route/161455,OSP:FBSP::8345735,st_struct_pedestal/69021,st_struct_pedestal/69790
ug_route/161456,OSP:BUSP:C708060,st_struct_pedestal/69311,building/49557
ug_route/161457,OSP:FBSP:C710357,st_struct_pedestal/67815,st_struct_pedestal/70794
ug_route/161458,OSP:BUSP:C642005,st_struct_pedestal/70068,building/49823
ug_route/161459,OSP:BUSP::8421921,mywcom_route_junction/21223,st_struct_pedestal/67302
ug_route/161460,OSP:BUSP:C658754,pole/40733,mywcom_route_junction/21908
ug_route/161461,OSP:BUSP::9531382,st_struct_pedestal/68069,st_struct_pedestal/69589
ug_route/161462,OSP:BUSP:C644098,st_struct_pedestal/68860,st_struct_pedestal/69866
ug_route/161463,OSP:FBSP:C704331,mywcom_route_junction/22015,st_struct_pedestal/70351
ug_route/161464,OSP:FBSP:C651396,st_struct_pedestal/70379,st_struct_pedestal/68768
ug_route/161465,OSP:FBSP:C651854,st_struct_pedestal/67036,building/51311
ug_route/161466,OSP:BUSP::11331390,pole/42828,st_struct_pedestal/69293
ug_route/161467,OSP:FBSP:C651961,pole/41512,building/51261
ug_route/161468,OSP:BUSP::15975295,st_struct_pedestal/69946,building/49554
ug_route/161469,OSP:BUSP::9531387,st_struct_pedestal/68120,st_struct_pedestal/67556
ug_route/161470,OSP:BUSP::12032245,st_struct_pedestal/69830,st_struct_pedestal/68218
ug_route/161471,OSP:BUSP::10690447,st_struct_pedestal/67835,building/51034
ug_route/161472,OSP:BUSP:C645490,st_struct_pedestal/67573,mywcom_route_junction/20984
ug_route/161473,OSP:BUSP::10364021,st_struct_pedestal/69493,st_struct_pedestal/68474
ug_route/161474,OSP:FBSP::8572947,st_struct_pedestal/69549,st_struct_pedestal/69369
ug_route/161475,OSP:BUSP::9528832,mywcom_route_junction/21901,st_struct_pedestal/69753
ug_route/161476,OSP:BUSP::9520211,st_struct_pedestal/70367,st_struct_pedestal/70561
ug_route/161477,OSP:BUSP::10690446,st_struct_pedestal/67835,building/50888
ug_route/161478,OSP:BUSP::10852340,pole/41828,building/51128
ug_route/161479,OSP:BUSP::9509317,st_struct_pedestal/69627,mywcom_route_junction/21598
ug_route/161480,OSP:FORSP:C710104,st_struct_vault/2487,mywcom_route_junction/21887
ug_route/161481,OSP:BUSP::9509331,mywcom_route_junction/20951,st_struct_pedestal/67616
ug_route/161482,OSP:FBSP:C663573,st_struct_pedestal/70347,st_struct_pedestal/70370
ug_route/161483,OSP:BUSP::15562169,st_struct_pedestal/70495,mywcom_route_junction/21262
ug_route/161484,OSP:FBSP::8348297,st_struct_pedestal/68414,st_struct_pedestal/69955
ug_route/161485,OSP:BUSP:C653382,pole/42806,st_struct_buried_splice_location/2685
ug_route/161486,OSP:BUSP:C644304,st_struct_pedestal/70211,st_struct_pedestal/70203
ug_route/161487,OSP:FBSP:C651393,st_struct_pedestal/70523,st_struct_pedestal/70344
ug_route/161488,OSP:FBSP:C650068,pole/42693,building/51270
ug_route/161489,OSP:FBSP:C644781,pole/41847,building/49720
ug_route/161490,OSP:BUSP::9532343,st_struct_pedestal/70786,st_struct_pedestal/67271
ug_route/161491,OSP:FBSP:C643154,mywcom_route_junction/21240,st_struct_pedestal/70378
ug_route/161492,OSP:BUSP:C655529,st_struct_pedestal/68942,st_struct_pedestal/67384
ug_route/161493,OSP:BUSP:C665810,st_struct_pedestal/70389,st_struct_buried_splice_location/2680
ug_route/161494,OSP:BUSP:C667472,mywcom_route_junction/21745,st_struct_pedestal/70169
ug_route/161495,OSP:FBSP:C667455,st_struct_pedestal/68612,st_struct_pedestal/68980
ug_route/161496,OSP:BUSP::11417620,st_struct_pedestal/69819,st_struct_pedestal/68783
ug_route/161497,OSP:FBSP:C644165,building/48917,building/51298
ug_route/161498,OSP:BUSP:C652775,st_struct_pedestal/68745,building/49466
ug_route/161499,OSP:FBSP::8365278,st_struct_pedestal/67331,st_struct_pedestal/69116
ug_route/161500,OSP:FBSP::10445301,building/51001,mywcom_route_junction/21180
ug_route/161501,OSP:BUSP:C667838,mywcom_route_junction/21921,mywcom_route_junction/21467
ug_route/161502,OSP:FBSP:C710370,mywcom_route_junction/21077,st_struct_pedestal/70424
ug_route/161503,OSP:BUSP::9505789,st_struct_pedestal/69705,st_struct_pedestal/69425
ug_route/161504,OSP:BUSP:C671338,st_struct_pedestal/68817,mywcom_route_junction/21782
ug_route/161505,OSP:FBSP:C643485,st_struct_pedestal/69332,st_struct_pedestal/69120
ug_route/161506,OSP:FBSP:C710172,st_struct_pedestal/67978,mywcom_route_junction/21260
ug_route/161507,OSP:BUSP:C649307,st_struct_pedestal/70315,building/49697
ug_route/161508,OSP:FBSP:C651852,st_struct_pedestal/67036,building/49114
ug_route/161509,OSP:FBSP:C706973,mywcom_route_junction/21881,mywcom_route_junction/21482
ug_route/161510,OSP:BUSP::11474143,st_struct_pedestal/68297,mywcom_route_junction/21109
ug_route/161511,OSP:BUSP::8400458,pole/42432,pole/40910
ug_route/161512,OSP:BUSP::9514115,st_struct_pedestal/68768,st_struct_pedestal/70379
ug_route/161513,OSP:BUSP::8403332,st_struct_pedestal/70489,st_struct_pedestal/68901
ug_route/161514,OSP:BUSP::10690444,st_struct_pedestal/67036,building/51311
ug_route/161515,OSP:FBSP::7629591,building/50581,mywcom_route_junction/21833
ug_route/161516,OSP:FBSP::8572941,st_struct_pedestal/67592,st_struct_pedestal/70026
ug_route/161517,OSP:FBSP:C671135,st_struct_buried_splice_location/2648,building/49052
ug_route/161518,OSP:BUSP:C668736,st_struct_pedestal/67865,pole/42553
ug_route/161519,OSP:FBSP:C662193,st_struct_pedestal/69816,mywcom_route_junction/21034
ug_route/161520,OSP:BUSP::9432824,st_struct_pedestal/70484,mywcom_route_junction/21635
ug_route/161521,OSP:BUSP:C662222,st_struct_pedestal/67672,st_struct_pedestal/70218
ug_route/161522,OSP:FBSP:C663369,st_struct_pedestal/68119,st_struct_pedestal/69724
ug_route/161523,OSP:FBSP:C710341,mywcom_route_junction/21157,st_struct_pedestal/67718
ug_route/161524,OSP:FBSP::12449255,mywcom_route_junction/21611,st_struct_pedestal/67526
ug_route/161525,OSP:FBSP::12052985,st_struct_pedestal/68802,building/49092
ug_route/161526,OSP:FBSP::10644057,st_struct_pedestal/67316,building/49597
ug_route/161527,OSP:FBSP:C667468,st_struct_pedestal/69665,building/49042
ug_route/161528,OSP:FBSP::8346075,st_struct_pedestal/68624,st_struct_pedestal/68448
ug_route/161529,OSP:FBSP:C641373,st_struct_pedestal/69232,building/50107
ug_route/161530,OSP:BUSP:C650846,st_struct_pedestal/69411,st_struct_pedestal/70335
ug_route/161531,OSP:BUSP::9490819,st_struct_pedestal/68980,st_struct_pedestal/68612
ug_route/161532,OSP:BUSP::9514133,st_struct_pedestal/70344,st_struct_pedestal/70523
ug_route/161533,OSP:FBSP:C643126,mywcom_route_junction/21505,st_struct_pedestal/70484
ug_route/161534,OSP:BUSP::16896324,st_struct_pedestal/70076,building/49672
ug_route/161535,OSP:FBSP:C641345,mywcom_route_junction/21733,building/48996
ug_route/161536,OSP:FBSP::11549332,pole/42158,building/49540
ug_route/161537,OSP:BUSP:C656391,mywcom_route_junction/21500,mywcom_route_junction/21363
ug_route/161538,OSP:FBSP:C667969,st_struct_pedestal/69628,building/48972
ug_route/161539,OSP:BUSP::11804358,st_struct_pedestal/67699,building/50691
ug_route/161540,OSP:BUSP::10682468,pole/41512,building/51261
ug_route/161541,OSP:FBSP:C639775,st_struct_pedestal/68478,st_struct_pedestal/69909
ug_route/161542,OSP:FBSP::15256267,building/50555,st_struct_pedestal/70304
ug_route/161543,OSP:BUSP:C671144,st_struct_buried_splice_location/2648,st_struct_pedestal/69084
ug_route/161544,OSP:FBSP:C661758,mywcom_route_junction/21597,building/48914
ug_route/161545,OSP:BUSP:C660584,st_struct_pedestal/70230,building/51066
ug_route/161546,OSP:BUSP::9433482,st_struct_pedestal/70378,mywcom_route_junction/21695
ug_route/161547,OSP:FBSP:C639761,st_struct_pedestal/69677,st_struct_pedestal/68113
ug_route/161548,OSP:FBSP::13402181,st_struct_pedestal/69762,mywcom_route_junction/20935
ug_route/161549,OSP:BUSP::9453946,st_struct_pedestal/69724,st_struct_pedestal/68119
ug_route/161550,OSP:FBSP::13402193,st_struct_pedestal/68077,mywcom_route_junction/20924
ug_route/161551,OSP:FBSP:C650372,st_struct_pedestal/70486,building/49373
ug_route/161552,OSP:FBSP:C667934,st_struct_pedestal/67822,building/51366
ug_route/161553,OSP:FBSP::13053288,mywcom_route_junction/21685,st_struct_pedestal/68784
ug_route/161554,OSP:BUSP::9430916,st_struct_pedestal/69332,st_struct_pedestal/69120
ug_route/161555,OSP:FBSP::13098253,st_struct_pedestal/70226,st_struct_pedestal/69827
ug_route/161556,OSP:BUSP::15974979,st_struct_pedestal/69628,building/48972
ug_route/161557,OSP:FBSP:C644394,st_struct_pedestal/67968,st_struct_pedestal/68913
ug_route/161558,OSP:BUSP::8403025,st_struct_pedestal/69148,mywcom_route_junction/21872
ug_route/161559,OSP:FBSP:C646014,st_struct_pedestal/69671,st_struct_pedestal/67453
ug_route/161560,OSP:FBSP:C658667,pole/41948,building/49777
ug_route/161561,OSP:FBSP:C639744,st_struct_pedestal/67372,st_struct_pedestal/68924
ug_route/161562,OSP:FBSP::8588367,st_struct_pedestal/70120,st_struct_pedestal/68617
ug_route/161563,OSP:BUSP:C708091,st_struct_buried_splice_location/2606,st_struct_pedestal/69109
ug_route/161564,OSP:BUSP::9269895,st_struct_pedestal/67573,mywcom_route_junction/21385
ug_route/161565,OSP:BUSP::16789190,mywcom_route_junction/21028,mywcom_route_junction/20986
ug_route/161566,OSP:FBSP:C661174,st_struct_pedestal/70506,building/49308
ug_route/161567,OSP:BUSP:C649786,cabinet/2443,st_struct_pedestal/67395
ug_route/161568,OSP:BUSP::10661627,st_struct_pedestal/70775,building/50705
ug_route/161569,OSP:BUSP::15975288,st_struct_pedestal/67822,building/51366
ug_route/161570,OSP:FORSP::16960914,st_struct_vault/2467,cabinet/2427
ug_route/161571,OSP:BUSP:C658133,st_struct_pedestal/67523,st_struct_pedestal/70775
ug_route/161572,OSP:BUSP:C708387,mywcom_route_junction/21736,st_struct_pedestal/69627
ug_route/161573,OSP:FBSP::8330091,st_struct_pedestal/68824,st_struct_pedestal/69910
ug_route/161574,OSP:FBSP::8330693,st_struct_pedestal/68656,st_struct_pedestal/69463
ug_route/161575,OSP:BUSP:C710153,st_struct_buried_splice_location/2653,st_struct_pedestal/69174
ug_route/161576,OSP:BUSP:C660868,st_struct_pedestal/70262,building/50796
ug_route/161577,OSP:BUSP:C660975,st_struct_buried_splice_location/2693,st_struct_pedestal/68775
ug_route/161578,OSP:BUSP:C707157,st_struct_buried_splice_location/2694,building/49051
ug_route/161579,OSP:FBSP::13098254,st_struct_pedestal/69827,st_struct_pedestal/69243
ug_route/161580,OSP:BUSP:C652786,st_struct_pedestal/69678,st_struct_pedestal/67849
ug_route/161581,OSP:BUSP::8448774,cabinet/2493,cabinet/2455
ug_route/161582,OSP:FBSP:C671345,mywcom_route_junction/21601,building/50584
ug_route/161583,OSP:BUSP::10721808,st_struct_pedestal/68981,building/50854
ug_route/161584,OSP:FBSP:C655985,st_struct_pedestal/67799,st_struct_pedestal/69090
ug_route/161585,OSP:BUSP::10682470,pole/41380,building/49142
ug_route/161586,OSP:BUSP:C645404,st_struct_pedestal/69205,st_struct_pedestal/70243
ug_route/161587,OSP:BUSP:C668024,pole/41740,st_struct_pedestal/67404
ug_route/161588,OSP:BUSP:D8186357,st_struct_pedestal/69547,pole/41443
ug_route/161589,OSP:BUSP::14932085,st_struct_pedestal/68457,st_struct_pedestal/70113
ug_route/161590,OSP:FBSP::13679966,st_struct_pedestal/68298,building/49457
ug_route/161591,OSP:FBSP:C651153,st_struct_pedestal/67703,st_struct_pedestal/68873
ug_route/161592,OSP:FBSP:C656108,st_struct_pedestal/69164,st_struct_pedestal/69553
ug_route/161593,OSP:BUSP:C648269,pole/42563,cabinet/2493
ug_route/161594,OSP:BUSP::16079684,st_struct_pedestal/68457,st_struct_pedestal/70113
ug_route/161595,OSP:FBSP:C648218,st_struct_pedestal/68401,building/49045
ug_route/161596,OSP:FORSP::16954182,st_struct_vault/2455,st_struct_vault/2432
ug_route/161597,OSP:BUSP:C656392,mywcom_route_junction/21363,mywcom_route_junction/21844
ug_route/161598,OSP:BUSP:C654948,pole/41417,st_struct_pedestal/69030
ug_route/161599,OSP:FBSP:C651063,st_struct_pedestal/70787,st_struct_pedestal/67733
ug_route/161600,OSP:BUSP::9340672,st_struct_pedestal/69393,building/49064
ug_route/161601,OSP:FBSP:C661063,st_struct_pedestal/68294,building/50434
ug_route/161602,OSP:FBSP::7629594,building/48996,mywcom_route_junction/21912
ug_route/161603,OSP:FORSP::16951940,st_struct_vault/2457,mywcom_route_junction/21209
ug_route/161604,OSP:FBSP:C660476,st_struct_pedestal/69018,building/50401
ug_route/161605,OSP:FBSP:C651527,st_struct_pedestal/70032,st_struct_pedestal/70373
ug_route/161606,OSP:BUSP::10661624,st_struct_pedestal/69952,building/49675
ug_route/161607,OSP:BUSP:C641598,st_struct_pedestal/67279,building/51024
ug_route/161608,OSP:BUSP::8574869,mywcom_route_junction/21513,building/49774
ug_route/161609,OSP:FBSP:C708145,pole/41361,st_struct_pedestal/67966
ug_route/161610,OSP:FBSP:C651356,st_struct_pedestal/70516,st_struct_pedestal/68786
ug_route/161611,OSP:BUSP:C651005,mywcom_route_junction/21186,st_struct_pedestal/69733
ug_route/161612,OSP:BUSP:C656445,mywcom_route_junction/21804,mywcom_route_junction/21072
ug_route/161613,OSP:BUSP:C652003,st_struct_pedestal/69254,building/49083
ug_route/161614,OSP:FBSP::11431260,st_struct_pedestal/70116,st_struct_pedestal/67047
ug_route/161615,OSP:FBSP::8603980,pole/41948,building/49777
ug_route/161616,OSP:BUSP:C661787,st_struct_pedestal/69406,mywcom_route_junction/21092
ug_route/161617,OSP:BUSP::9526913,st_struct_pedestal/68873,st_struct_pedestal/67703
ug_route/161618,OSP:FBSP::12053071,mywcom_route_junction/21307,mywcom_route_junction/21641
ug_route/161619,OSP:FBSP:C667431,st_struct_pedestal/70814,mywcom_route_junction/21922
ug_route/161620,OSP:FBSP:C650391,st_struct_pedestal/68967,building/49768
ug_route/161621,OSP:BUSP::8345418,mywcom_route_junction/20949,st_struct_pedestal/68464
ug_route/161622,OSP:FBSP:C645975,st_struct_pedestal/69754,st_struct_pedestal/69612
ug_route/161623,OSP:FBSP::8588365,st_struct_pedestal/67049,st_struct_pedestal/67863
ug_route/161624,OSP:FBSP:C650350,st_struct_pedestal/70479,building/49126
ug_route/161625,OSP:FBSP::12053042,building/51201,mywcom_route_junction/22027
ug_route/161626,OSP:FBSP:C644490,mywcom_route_junction/20923,st_struct_pedestal/69676
ug_route/161627,OSP:FBSP:C705556,building/49607,mywcom_route_junction/21618
ug_route/161628,OSP:BUSP::10711864,st_struct_pedestal/68556,building/50438
ug_route/161629,OSP:BUSP:C648395,st_struct_pedestal/69774,st_struct_pedestal/67731
ug_route/161630,OSP:BUSP:C651141,st_struct_pedestal/68670,building/49172
ug_route/161631,OSP:FBSP:C651593,st_struct_pedestal/67843,st_struct_pedestal/70105
ug_route/161632,OSP:BUSP:C658094,st_struct_pedestal/68517,building/49173
ug_route/161633,OSP:BUSP::8586389,pole/42557,building/49269
ug_route/161634,OSP:FBSP:C706442,pole/40814,building/49679
ug_route/161635,OSP:BUSP::9454288,st_struct_pedestal/69553,st_struct_pedestal/69164
ug_route/161636,OSP:FBSP:C663571,st_struct_pedestal/67163,st_struct_pedestal/70347
ug_route/161637,OSP:BUSP::16601295,pole/40814,building/49679
ug_route/161638,OSP:BUSP::9528190,st_struct_pedestal/67733,st_struct_pedestal/70787
ug_route/161639,OSP:BUSP::16040255,mywcom_route_junction/21297,building/49355
ug_route/161640,OSP:FBSP:C663560,st_struct_pedestal/70343,st_struct_pedestal/69776
ug_route/161641,OSP:FBSP:C663569,st_struct_pedestal/69775,st_struct_pedestal/67163
ug_route/161642,OSP:FBSP:C663563,st_struct_pedestal/69776,st_struct_pedestal/68878
ug_route/161643,OSP:FBSP:C663564,st_struct_pedestal/68878,st_struct_pedestal/69649
ug_route/161644,OSP:FBSP:C663567,st_struct_pedestal/69649,st_struct_pedestal/69775
ug_route/161645,OSP:BUSP::9531712,st_struct_pedestal/70032,st_struct_pedestal/70373
ug_route/161646,OSP:FBSP::14785213,st_struct_pedestal/67700,st_struct_pedestal/68359
ug_route/161647,OSP:FBSP::7629280,st_struct_pedestal/69204,st_struct_pedestal/69232
ug_route/161648,OSP:BUSP::15968587,st_struct_pedestal/68847,mywcom_route_junction/21386
ug_route/161649,OSP:FBSP::12052128,mywcom_route_junction/21298,building/49756
ug_route/161650,OSP:FBSP:C663371,st_struct_pedestal/69724,st_struct_pedestal/69040
ug_route/161651,OSP:FBSP::12053067,building/50403,mywcom_route_junction/21677
ug_route/161652,OSP:BUSP::9520210,st_struct_pedestal/70516,st_struct_pedestal/68786
ug_route/161653,OSP:FBSP:C644248,st_struct_pedestal/70674,st_struct_pedestal/69477
ug_route/161654,OSP:BUSP:C651334,st_struct_pedestal/68409,st_struct_pedestal/67654
ug_route/161655,OSP:BUSP:C649042,st_struct_pedestal/69225,building/50326
ug_route/161656,OSP:FBSP::13402195,st_struct_pedestal/68077,mywcom_route_junction/21768
ug_route/161657,OSP:BUSP:C648445,st_struct_pedestal/67398,pole/40880
ug_route/161658,OSP:BUSP::9479548,st_struct_pedestal/70694,st_struct_pedestal/68208
ug_route/161659,OSP:FBSP::13095329,st_struct_pedestal/67782,building/50524
ug_route/161660,OSP:BUSP:C667537,st_struct_pedestal/69544,pole/40891
ug_route/161661,OSP:BUSP:C649271,st_struct_pedestal/69048,building/50461
ug_route/161662,OSP:BUSP:C655779,st_struct_pedestal/69194,st_struct_pedestal/70533
ug_route/161663,OSP:BUSP::11804366,st_struct_pedestal/67298,building/49432
ug_route/161664,OSP:FBSP:C667427,st_struct_pedestal/67365,st_struct_pedestal/68492
ug_route/161665,OSP:BUSP:C651051,st_struct_pedestal/67559,building/51461
ug_route/161666,OSP:BUSP::9531380,st_struct_pedestal/69612,st_struct_pedestal/69754
ug_route/161667,OSP:FBSP:C646168,st_struct_pedestal/70374,st_struct_pedestal/69423
ug_route/161668,OSP:FBSP:C705599,building/50474,building/50703
ug_route/161669,OSP:BUSP:C641138,st_struct_pedestal/68446,building/51079
ug_route/161670,OSP:BUSP::10661626,st_struct_pedestal/70775,building/50215
ug_route/161671,OSP:FBSP::8588668,pole/41854,pole/41501
ug_route/161672,OSP:FBSP:C663414,st_struct_pedestal/67811,st_struct_pedestal/70457
ug_route/161673,OSP:BUSP::16788473,mywcom_route_junction/21808,mywcom_route_junction/21427
ug_route/161674,OSP:FORSP::16956653,st_struct_vault/2417,pole/40935
ug_route/161675,OSP:BUSP:C667213,mywcom_route_junction/20931,st_struct_pedestal/67616
ug_route/161676,OSP:BUSP::16013381,pole/42798,building/48889
ug_route/161677,OSP:BUSP:C648276,pole/42563,cabinet/2493
ug_route/161678,OSP:BUSP::9532350,st_struct_pedestal/70105,st_struct_pedestal/67843
ug_route/161679,OSP:BUSP::16057851,mywcom_route_junction/20985,st_struct_pedestal/70527
ug_route/161680,OSP:BUSP::8382532,st_struct_pedestal/70573,st_struct_pedestal/67701
ug_route/161681,OSP:FBSP::8573905,st_struct_pedestal/70014,st_struct_pedestal/69297
ug_route/161682,OSP:BUSP::11331067,st_struct_pedestal/68757,st_struct_pedestal/68699
ug_route/161683,OSP:FBSP::11652662,st_struct_pedestal/68072,st_struct_pedestal/68323
ug_route/161684,OSP:BUSP:C662338,st_struct_pedestal/67855,st_struct_pedestal/68782
ug_route/161685,OSP:BUSP:C651817,st_struct_pedestal/70683,st_struct_pedestal/68582
ug_route/161686,OSP:BUSP:C661966,st_struct_pedestal/69858,building/50383
ug_route/161687,OSP:BUSP::16048245,pole/42801,building/50958
ug_route/161688,OSP:FBSP:C656457,mywcom_route_junction/21920,building/49278
ug_route/161689,OSP:BUSP::15987451,pole/41424,building/51338
ug_route/161690,OSP:BUSP::10922760,st_struct_pedestal/68275,mywcom_route_junction/21119
ug_route/161691,OSP:BUSP::9453944,st_struct_pedestal/69040,st_struct_pedestal/69724
ug_route/161692,OSP:FBSP::10637985,st_struct_pedestal/70029,mywcom_route_junction/21556
ug_route/161693,OSP:FBSP:C643158,st_struct_pedestal/69379,st_struct_pedestal/68608
ug_route/161694,OSP:BUSP:C707413,st_struct_buried_splice_location/2740,mywcom_route_junction/20981
ug_route/161695,OSP:BUSP:C667619,st_struct_pedestal/67343,st_struct_pedestal/68995
ug_route/161696,OSP:BUSP::9520202,st_struct_pedestal/68409,st_struct_pedestal/67654
ug_route/161697,OSP:BUSP:C639504,st_struct_pedestal/68579,st_struct_pedestal/70423
ug_route/161698,OSP:BUSP:C642397,pole/40659,mywcom_route_junction/21144
ug_route/161699,OSP:FBSP:C651666,st_struct_pedestal/67903,st_struct_pedestal/69492
ug_route/161700,OSP:BUSP::9451427,pole/40880,st_struct_pedestal/67398
ug_route/161701,OSP:BUSP:C707156,st_struct_pedestal/69618,st_struct_buried_splice_location/2694
ug_route/161702,OSP:BUSP::11474133,st_struct_pedestal/68787,st_struct_vault/2474
ug_route/161703,OSP:FBSP:C704903,st_struct_buried_splice_location/2673,building/49633
ug_route/161704,OSP:FBSP:C639752,st_struct_pedestal/67369,st_struct_pedestal/70008
ug_route/161705,OSP:BUSP::9484087,st_struct_pedestal/69477,st_struct_pedestal/70674
ug_route/161706,OSP:BUSP::11417598,st_struct_pedestal/68601,st_struct_pedestal/67086
ug_route/161707,OSP:BUSP::10720529,mywcom_route_junction/21197,st_struct_pedestal/70250
ug_route/161708,OSP:FBSP:C651639,st_struct_pedestal/70127,building/50784
ug_route/161709,OSP:BUSP:C648435,st_struct_pedestal/69567,st_struct_pedestal/70630
ug_route/161710,OSP:BUSP::9491433,st_struct_pedestal/68492,st_struct_pedestal/67365
ug_route/161711,OSP:BUSP::9450459,mywcom_route_junction/21942,mywcom_route_junction/21789
ug_route/161712,OSP:BUSP::9454280,st_struct_pedestal/70457,st_struct_pedestal/67811
ug_route/161713,OSP:BUSP::11417592,st_struct_pedestal/68748,st_struct_pedestal/68803
ug_route/161714,OSP:FBSP:C651591,st_struct_pedestal/68496,st_struct_pedestal/67843
ug_route/161715,OSP:FBSP::13679964,st_struct_pedestal/68298,building/49642
ug_route/161716,OSP:BUSP::10618102,pole/41733,building/50786
ug_route/161717,OSP:FBSP::8588364,st_struct_pedestal/67544,st_struct_pedestal/67049
ug_route/161718,OSP:FBSP::13098310,st_struct_pedestal/67658,st_struct_pedestal/67092
ug_route/161719,OSP:FBSP:C639748,st_struct_pedestal/68473,st_struct_pedestal/70259
ug_route/161720,OSP:BUSP:C657297,st_struct_pedestal/67862,pole/41625
ug_route/161721,OSP:FBSP::8415507,mywcom_route_junction/22007,mywcom_route_junction/21796
ug_route/161722,OSP:FBSP:C642384,st_struct_pedestal/70565,st_struct_pedestal/70507
ug_route/161723,OSP:FBSP:C656036,st_struct_pedestal/67479,st_struct_pedestal/68453
ug_route/161724,OSP:BUSP::11331068,st_struct_pedestal/68699,st_struct_pedestal/68483
ug_route/161725,OSP:FBSP::10638317,mywcom_route_junction/20962,building/50342
ug_route/161726,OSP:FBSP::11431253,st_struct_pedestal/69295,st_struct_pedestal/70308
ug_route/161727,OSP:FBSP:C705544,st_struct_pedestal/68786,st_struct_pedestal/70367
ug_route/161728,OSP:BUSP:C660923,st_struct_pedestal/69915,building/50982
ug_route/161729,OSP:BUSP::11417603,st_struct_pedestal/68663,st_struct_pedestal/69819
ug_route/161730,OSP:BUSP::8402716,mywcom_route_junction/21233,st_struct_pedestal/68859
ug_route/161731,OSP:FBSP::13098312,st_struct_pedestal/67447,st_struct_pedestal/70325
ug_route/161732,OSP:BUSP:C708104,st_struct_buried_splice_location/2599,building/49236
ug_route/161733,OSP:BUSP::9454921,st_struct_pedestal/69379,st_struct_pedestal/68608
ug_route/161734,OSP:FBSP::13098257,st_struct_pedestal/69339,st_struct_pedestal/70310
ug_route/161735,OSP:FBSP::13098259,st_struct_pedestal/67474,st_struct_pedestal/69356
ug_route/161736,OSP:FBSP::8330096,st_struct_pedestal/67984,st_struct_pedestal/68229
ug_route/161737,OSP:FBSP:C667436,st_struct_pedestal/69227,st_struct_pedestal/67617
ug_route/161738,OSP:BUSP::9532351,st_struct_pedestal/67843,st_struct_pedestal/68496
ug_route/161739,OSP:FBSP:C644380,st_struct_pedestal/67968,building/50623
ug_route/161740,OSP:BUSP::9490789,st_struct_pedestal/70423,st_struct_pedestal/68579
ug_route/161741,OSP:BUSP:C707831,st_struct_pedestal/69508,pole/42531
ug_route/161742,OSP:FBSP::13677702,st_struct_pedestal/69757,st_struct_pedestal/67468
ug_route/161743,OSP:FBSP:C643067,st_struct_pedestal/67676,st_struct_pedestal/70766
ug_route/161744,OSP:FBSP::13098308,st_struct_pedestal/69356,st_struct_pedestal/69302
ug_route/161745,OSP:FBSP:C678639,st_struct_pedestal/69215,building/49732
ug_route/161746,OSP:BUSP:C667268,st_struct_pedestal/69368,building/49899
ug_route/161747,OSP:FBSP:C654114,pole/42465,building/48808
ug_route/161748,OSP:FBSP::16829717,building/51376,st_struct_pedestal/70003
ug_route/161749,OSP:BUSP::9514104,st_struct_pedestal/69492,st_struct_pedestal/67903
ug_route/161750,OSP:FBSP::13098258,st_struct_pedestal/70310,st_struct_pedestal/67474
ug_route/161751,OSP:FBSP:C653920,pole/42353,building/49850
ug_route/161752,OSP:BUSP::9430938,st_struct_pedestal/70287,mywcom_route_junction/21669
ug_route/161753,OSP:BUSP:C650278,st_struct_pedestal/69411,st_struct_pedestal/69151
ug_route/161754,OSP:BUSP:C646075,st_struct_pedestal/69051,building/49950
ug_route/161755,OSP:BUSP::9490749,st_struct_pedestal/70565,st_struct_pedestal/70507
ug_route/161756,OSP:FBSP::13098311,st_struct_pedestal/67092,st_struct_pedestal/67447
ug_route/161757,OSP:BUSP::14932086,pole/42729,building/49185
ug_route/161758,OSP:FORSP:C647920,mywcom_route_junction/21777,st_struct_pedestal/69363
ug_route/161759,OSP:BUSP::8437605,cabinet/2505,pole/41829
ug_route/161760,OSP:FBSP:C656384,mywcom_route_junction/21844,building/49502
ug_route/161761,OSP:FBSP::12052045,st_struct_pedestal/70626,st_struct_pedestal/68906
ug_route/161762,OSP:BUSP::8415499,mywcom_route_junction/21187,st_struct_pedestal/69278
ug_route/161763,OSP:BUSP::9518905,st_struct_pedestal/70367,st_struct_pedestal/68786
ug_route/161764,OSP:BUSP:C660967,st_struct_pedestal/68057,building/50977
ug_route/161765,OSP:FBSP:C667464,st_struct_pedestal/70198,st_struct_pedestal/69837
ug_route/161766,OSP:FBSP:C704354,mywcom_route_junction/21432,st_struct_pedestal/67137
ug_route/161767,OSP:BUSP::9452066,st_struct_pedestal/70154,cabinet/2424
ug_route/161768,OSP:BUSP::10675428,st_struct_pedestal/67968,building/50623
ug_route/161769,OSP:BUSP:D8183765,mywcom_route_junction/21177,mywcom_route_junction/21845
ug_route/161770,OSP:FBSP:C651860,st_struct_pedestal/70238,building/50371
ug_route/161771,OSP:FBSP::8440153,st_struct_pedestal/70346,st_struct_pedestal/67564
ug_route/161772,OSP:BUSP::15118988,mywcom_route_junction/20916,mywcom_route_junction/21050
ug_route/161773,OSP:BUSP::15980417,pole/40905,building/50551
ug_route/161774,OSP:BUSP::9528823,st_struct_pedestal/69227,st_struct_pedestal/67617
ug_route/161775,OSP:FBSP::13098309,st_struct_pedestal/69302,st_struct_pedestal/67658
ug_route/161776,OSP:BUSP::8415497,mywcom_route_junction/21737,st_struct_pedestal/70189
ug_route/161777,OSP:FBSP:C651395,st_struct_pedestal/70344,st_struct_pedestal/70379
ug_route/161778,OSP:FBSP:C651493,st_struct_pedestal/68561,st_struct_pedestal/67326
ug_route/161779,OSP:BUSP::16057525,st_struct_pedestal/67358,mywcom_route_junction/21049
ug_route/161780,OSP:BUSP::8330402,st_struct_pedestal/68547,st_struct_pedestal/70356
ug_route/161781,OSP:FBSP::12053007,building/48976,mywcom_route_junction/21251
ug_route/161782,OSP:BUSP::16694729,mywcom_route_junction/21220,mywcom_route_junction/21803
ug_route/161783,OSP:BUSP::8336453,st_struct_pedestal/69660,st_struct_pedestal/68462
ug_route/161784,OSP:FBSP::16106193,mywcom_route_junction/21212,mywcom_route_junction/21629
ug_route/161785,OSP:BUSP::10273140,st_struct_pedestal/67395,cabinet/2507
ug_route/161786,OSP:FBSP:C651331,st_struct_pedestal/70574,st_struct_pedestal/68409
ug_route/161787,OSP:FBSP:C706981,mywcom_route_junction/21292,mywcom_route_junction/21106
ug_route/161788,OSP:FBSP:C707411,pole/41176,building/49447
ug_route/161789,OSP:BUSP::15350964,st_struct_pedestal/67221,building/50871
ug_route/161790,OSP:BUSP:C711780,st_struct_pedestal/68771,st_struct_pedestal/67433
ug_route/161791,OSP:FBSP:C663578,mywcom_route_junction/21508,mywcom_route_junction/21001
ug_route/161792,OSP:FBSP:C651408,pole/42248,building/49643
ug_route/161793,OSP:FBSP:C671108,st_struct_pedestal/69473,building/51087
ug_route/161794,OSP:FBSP:C646300,mywcom_route_junction/20944,building/50180
ug_route/161795,OSP:BUSP::9271173,pole/41873,pole/41277
ug_route/161796,OSP:BUSP::8382231,st_struct_pedestal/70588,building/50945
ug_route/161797,OSP:FBSP::13098256,st_struct_pedestal/68430,st_struct_pedestal/69339
ug_route/161798,OSP:FBSP::8347658,st_struct_pedestal/70251,st_struct_pedestal/68282
ug_route/161799,OSP:BUSP::9433487,st_struct_pedestal/70766,st_struct_pedestal/67676
ug_route/161800,OSP:FBSP:C652842,pole/41804,building/49155
ug_route/161801,OSP:FBSP:C662189,st_struct_pedestal/69816,building/51184
ug_route/161802,OSP:BUSP:C650902,st_struct_pedestal/68187,pole/41982
ug_route/161803,OSP:BUSP::9490814,st_struct_pedestal/69837,st_struct_pedestal/70198
ug_route/161804,OSP:BUSP::9490787,st_struct_pedestal/68419,st_struct_pedestal/69303
ug_route/161805,OSP:FBSP:C640002,pole/41139,building/50886
ug_route/161806,OSP:BUSP::14116404,pole/41113,building/50299
ug_route/161807,OSP:BUSP:C706393,mywcom_route_junction/21053,st_struct_pedestal/68724
ug_route/161808,OSP:BUSP::9502905,st_struct_pedestal/69678,st_struct_pedestal/67849
ug_route/161809,OSP:BUSP::15987457,pole/40736,building/48816
ug_route/161810,OSP:BUSP::13514492,mywcom_route_junction/20992,building/50302
ug_route/161811,OSP:BUSP::10763383,st_struct_pedestal/67096,st_struct_pedestal/70002
ug_route/161812,OSP:FBSP::8947040,st_struct_pedestal/69397,st_struct_pedestal/68148
ug_route/161813,OSP:BUSP::13918012,st_struct_pedestal/68538,building/50857
ug_route/161814,OSP:BUSP:C660876,st_struct_pedestal/70699,building/49322
ug_route/161815,OSP:FBSP:C653506,pole/40514,building/49833
ug_route/161816,OSP:BUSP::9529784,mywcom_route_junction/21020,st_struct_pedestal/70697
ug_route/161817,OSP:BUSP::10271222,mywcom_route_junction/21080,st_struct_pedestal/68055
ug_route/161818,OSP:FBSP:C704351,mywcom_route_junction/21073,st_struct_pedestal/67872
ug_route/161819,OSP:FORSP:C646212,mywcom_route_junction/20969,st_struct_pedestal/67347
ug_route/161820,OSP:BUSP:C648536,st_struct_pedestal/67944,building/49197
ug_route/161821,OSP:FBSP::13729556,st_struct_pedestal/68085,st_struct_pedestal/69407
ug_route/161822,OSP:BUSP::9531723,st_struct_pedestal/68561,st_struct_pedestal/67326
ug_route/161823,OSP:FBSP:C668328,st_struct_pedestal/70283,building/49905
ug_route/161824,OSP:BUSP:C650292,st_struct_pedestal/69411,st_struct_pedestal/69151
ug_route/161825,OSP:BUSP::9520201,st_struct_pedestal/70574,st_struct_pedestal/68409
ug_route/161826,OSP:FBSP::12052980,st_struct_pedestal/69585,st_struct_pedestal/70060
ug_route/161827,OSP:BUSP:C648387,st_struct_pedestal/69441,st_struct_pedestal/68902
ug_route/161828,OSP:FBSP::13098252,st_struct_pedestal/69338,mywcom_route_junction/21117
ug_route/161829,OSP:FBSP:C666435,pole/42655,building/50679
ug_route/161830,OSP:FBSP:C642383,st_struct_pedestal/67055,st_struct_pedestal/70565
ug_route/161831,OSP:FBSP:C654071,mywcom_route_junction/21876,building/51404
ug_route/161832,OSP:BUSP::10690450,st_struct_pedestal/70238,building/50371
ug_route/161833,OSP:BUSP::9460123,st_struct_pedestal/70789,mywcom_route_junction/21115
ug_route/161834,OSP:FBSP::8950882,st_struct_pedestal/68160,st_struct_pedestal/69397
ug_route/161835,OSP:FBSP:C668345,st_struct_pedestal/69946,building/49681
ug_route/161836,OSP:FBSP:C651066,st_struct_pedestal/70787,st_struct_pedestal/68616
ug_route/161837,OSP:FBSP::16057227,st_struct_pedestal/67132,st_struct_pedestal/69780
ug_route/161838,OSP:FBSP:C705538,mywcom_route_junction/21206,mywcom_route_junction/21462
ug_route/161839,OSP:FBSP:C711671,st_struct_pedestal/70465,mywcom_route_junction/21785
ug_route/161840,OSP:BUSP::10433177,st_struct_pedestal/67221,building/50871
ug_route/161841,OSP:BUSP:C667614,st_struct_pedestal/68037,st_struct_pedestal/67343
ug_route/161842,OSP:FBSP:C653992,mywcom_route_junction/21618,building/49593
ug_route/161843,OSP:FBSP:C651272,st_struct_pedestal/69155,st_struct_pedestal/69401
ug_route/161844,OSP:FBSP:C639668,st_struct_pedestal/70377,st_struct_pedestal/68883
ug_route/161845,OSP:FBSP::8415824,st_struct_pedestal/69995,st_struct_pedestal/69169
ug_route/161846,OSP:BUSP::16017204,st_struct_pedestal/70191,building/51019
ug_route/161847,OSP:BUSP::13616263,st_struct_pedestal/69473,building/51087
ug_route/161848,OSP:BUSP:C650375,st_struct_pedestal/70486,st_struct_pedestal/67709
ug_route/161849,OSP:BUSP:C654676,st_struct_pedestal/68525,building/48892
ug_route/161850,OSP:BUSP:C656444,mywcom_route_junction/20956,mywcom_route_junction/21804
ug_route/161851,OSP:BUSP:C669960,st_struct_pedestal/70460,building/51273
ug_route/161852,OSP:FBSP:C704335,pole/41047,st_struct_pedestal/69565
ug_route/161853,OSP:FBSP:C657873,st_struct_pedestal/67955,building/50776
ug_route/161854,OSP:BUSP:C654342,st_struct_pedestal/70746,st_struct_pedestal/70809
ug_route/161855,OSP:BUSP::9514132,st_struct_pedestal/70379,st_struct_pedestal/70344
ug_route/161856,OSP:BUSP:C648295,mywcom_route_junction/21502,st_struct_pedestal/67555
ug_route/161857,OSP:BUSP::10677988,st_struct_pedestal/70154,building/51101
ug_route/161858,OSP:BUSP::15978503,pole/40577,building/48765
ug_route/161859,OSP:FBSP::8950863,st_struct_pedestal/70582,st_struct_pedestal/70553
ug_route/161860,OSP:BUSP:C711641,pole/41445,st_struct_pedestal/68572
ug_route/161861,OSP:FBSP:C646047,st_struct_pedestal/70604,st_struct_pedestal/70590
ug_route/161862,OSP:BUSP::10666436,st_struct_pedestal/68760,building/49369
ug_route/161863,OSP:FBSP::16945140,mywcom_route_junction/21998,building/50789
ug_route/161864,OSP:FBSP::8947041,st_struct_pedestal/68148,st_struct_pedestal/67297
ug_route/161865,OSP:FBSP::12051786,mywcom_route_junction/21984,building/49643
ug_route/161866,OSP:BUSP::10689783,st_struct_pedestal/69851,st_struct_pedestal/70017
ug_route/161867,OSP:FBSP:C657810,cabinet/2504,building/48985
ug_route/161868,OSP:BUSP:C663644,st_struct_pedestal/69046,building/49696
ug_route/161869,OSP:FBSP::8586391,pole/40891,building/49388
ug_route/161870,OSP:BUSP::9489807,st_struct_pedestal/70377,st_struct_pedestal/68883
ug_route/161871,OSP:FBSP:C663576,mywcom_route_junction/21812,mywcom_route_junction/21508
ug_route/161872,OSP:FBSP:C658122,st_struct_pedestal/67150,st_struct_pedestal/70703
ug_route/161873,OSP:FBSP:C651436,st_struct_pedestal/67272,st_struct_pedestal/70815
ug_route/161874,OSP:BUSP:C643622,st_struct_pedestal/68257,st_struct_pedestal/69519
ug_route/161875,OSP:FBSP:C656084,pole/40582,building/50762
ug_route/161876,OSP:BUSP::9528191,st_struct_pedestal/70787,st_struct_pedestal/68616
ug_route/161877,OSP:BUSP::9532340,mywcom_route_junction/21350,st_struct_pedestal/68097
ug_route/161878,OSP:BUSP::10352846,st_struct_pedestal/70793,st_struct_pedestal/67221
ug_route/161879,OSP:BUSP:C657371,pole/42219,st_struct_pedestal/70708
ug_route/161880,OSP:FBSP::8448152,pole/41503,st_struct_pedestal/70066
ug_route/161881,OSP:FBSP::11381316,pole/41880,building/50163
ug_route/161882,OSP:FBSP::8947042,st_struct_pedestal/67297,st_struct_pedestal/68653
ug_route/161883,OSP:FBSP:C648338,st_struct_pedestal/70191,building/51019
ug_route/161884,OSP:BUSP:C665779,mywcom_route_junction/21173,st_struct_pedestal/68155
ug_route/161885,OSP:BUSP:C650487,st_struct_pedestal/68012,building/50909
ug_route/161886,OSP:FBSP::8588366,pole/42194,st_struct_pedestal/70120
ug_route/161887,OSP:BUSP::15354173,pole/40891,building/49388
ug_route/161888,OSP:FBSP:C639746,st_struct_pedestal/68924,st_struct_pedestal/68473
ug_route/161889,OSP:FBSP:C680742,st_struct_pedestal/68098,building/50971
ug_route/161890,OSP:BUSP::8403333,st_struct_pedestal/68901,mywcom_route_junction/21531
ug_route/161891,OSP:FBSP:C643009,st_struct_pedestal/69099,mywcom_route_junction/21172
ug_route/161892,OSP:BUSP:C667665,pole/41755,st_struct_pedestal/69833
ug_route/161893,OSP:FBSP::12053039,mywcom_route_junction/21456,mywcom_route_junction/21518
ug_route/161894,OSP:BUSP:C651796,mywcom_route_junction/20930,st_struct_pedestal/67844
ug_route/161895,OSP:FBSP:C639777,st_struct_pedestal/69909,st_struct_pedestal/69478
ug_route/161896,OSP:FBSP::9508052,mywcom_route_junction/21582,st_struct_pedestal/69499
ug_route/161897,OSP:FBSP::8588360,pole/40904,st_struct_pedestal/67217
ug_route/161898,OSP:FBSP:C656191,st_struct_pedestal/70492,st_struct_pedestal/68100
ug_route/161899,OSP:BUSP::10689784,pole/40510,st_struct_pedestal/67531
ug_route/161900,OSP:BUSP::9490748,st_struct_pedestal/67055,st_struct_pedestal/70565
ug_route/161901,OSP:BUSP::9311873,pole/41139,building/50886
ug_route/161902,OSP:FBSP:C653412,st_struct_pedestal/70059,building/49731
ug_route/161903,OSP:FBSP::16098814,st_struct_pedestal/68457,st_struct_pedestal/70113
ug_route/161904,OSP:BUSP::16764613,st_struct_pedestal/68475,st_struct_pedestal/68815
ug_route/161905,OSP:FBSP::14203126,st_struct_pedestal/70550,st_struct_pedestal/69345
ug_route/161906,OSP:BUSP::9497146,st_struct_pedestal/68724,st_struct_pedestal/68444
ug_route/161907,OSP:BUSP:C651781,st_struct_pedestal/70250,mywcom_route_junction/20933
ug_route/161908,OSP:FBSP:C706961,mywcom_route_junction/21725,mywcom_route_junction/21750
ug_route/161909,OSP:FBSP:C670275,st_struct_pedestal/70467,building/51255
ug_route/161910,OSP:FBSP:C652839,pole/41804,building/50231
ug_route/161911,OSP:FBSP:C656439,mywcom_route_junction/21184,building/50118
ug_route/161912,OSP:BUSP:C654214,st_struct_pedestal/67141,st_struct_buried_splice_location/2676
ug_route/161913,OSP:FBSP:C646141,st_struct_pedestal/70632,st_struct_pedestal/68038
ug_route/161914,OSP:BUSP::16783621,mywcom_route_junction/21477,mywcom_route_junction/21065
ug_route/161915,OSP:BUSP::10725956,st_struct_pedestal/70683,st_struct_pedestal/68582
ug_route/161916,OSP:BUSP::17115223,st_struct_pedestal/70613,pole/41192
ug_route/161917,OSP:FBSP::16787863,st_struct_pedestal/68973,st_struct_pedestal/70727
ug_route/161918,OSP:FBSP:C639524,st_struct_pedestal/67619,st_struct_pedestal/69601
ug_route/161919,OSP:BUSP::9455542,st_struct_pedestal/67150,st_struct_pedestal/70703
ug_route/161920,OSP:BUSP::15968583,st_struct_pedestal/69596,mywcom_route_junction/21017
ug_route/161921,OSP:FBSP:C667260,st_struct_pedestal/68474,building/49182
ug_route/161922,OSP:FBSP:C667218,st_struct_pedestal/67616,st_struct_pedestal/69613
ug_route/161923,OSP:FBSP:C643034,st_struct_pedestal/68431,st_struct_pedestal/67307
ug_route/161924,OSP:BUSP::12032247,st_struct_pedestal/67166,st_struct_pedestal/67954
ug_route/161925,OSP:FBSP::7698052,st_struct_pedestal/69862,building/50745
ug_route/161926,OSP:FBSP:C654974,st_struct_pedestal/69641,building/50958
ug_route/161927,OSP:FORSP::16961861,st_struct_vault/2486,cabinet/2500
ug_route/161928,OSP:BUSP::10733943,pole/42683,building/50220
ug_route/161929,OSP:BUSP::9509322,mywcom_route_junction/21976,st_struct_pedestal/67365
ug_route/161930,OSP:FBSP::11431252,st_struct_pedestal/67209,st_struct_pedestal/69295
ug_route/161931,OSP:FBSP:C640436,st_struct_pedestal/70185,mywcom_route_junction/21211
ug_route/161932,OSP:FBSP:C661767,st_struct_pedestal/68610,building/49310
ug_route/161933,OSP:FBSP:C642415,st_struct_pedestal/70423,st_struct_pedestal/68930
ug_route/161934,OSP:BUSP:C655339,st_struct_pedestal/68515,building/48983
ug_route/161935,OSP:BUSP::12178796,st_struct_pedestal/70417,building/49971
ug_route/161936,OSP:BUSP::10756983,st_struct_pedestal/68960,mywcom_route_junction/21288
ug_route/161937,OSP:FBSP:C651415,st_struct_pedestal/68903,st_struct_pedestal/68801
ug_route/161938,OSP:BUSP::11322756,st_struct_pedestal/67677,mywcom_route_junction/21446
ug_route/161939,OSP:BUSP::13954868,st_struct_pedestal/68598,st_struct_pedestal/67445
ug_route/161940,OSP:FBSP::11431257,st_struct_pedestal/67920,st_struct_pedestal/70116
ug_route/161941,OSP:BUSP::16057526,st_struct_pedestal/67358,building/49377
ug_route/161942,OSP:BUSP::8336454,st_struct_pedestal/68462,st_struct_pedestal/67562
ug_route/161943,OSP:BUSP::16036086,st_struct_pedestal/69202,st_struct_pedestal/69382
ug_route/161944,OSP:FBSP::7634316,st_struct_pedestal/69232,building/50107
ug_route/161945,OSP:BUSP:C667608,st_struct_pedestal/67266,st_struct_pedestal/69358
ug_route/161946,OSP:BUSP:C648390,st_struct_pedestal/67731,st_struct_pedestal/67560
ug_route/161947,OSP:FORSP::16940436,mywcom_route_junction/21885,st_struct_vault/2438
ug_route/161948,OSP:FBSP:C656100,st_struct_pedestal/68348,st_struct_pedestal/69669
ug_route/161949,OSP:BUSP::11470320,st_struct_pedestal/69869,st_struct_vault/2425
ug_route/161950,OSP:FBSP::8336461,st_struct_pedestal/68769,st_struct_pedestal/70372
ug_route/161951,OSP:BUSP::10974919,st_struct_pedestal/68111,building/50385
ug_route/161952,OSP:FBSP::8433100,mywcom_route_junction/21769,building/50051
ug_route/161953,OSP:BUSP::10690437,st_struct_pedestal/69851,st_struct_pedestal/70017
ug_route/161954,OSP:FBSP:C670975,pole/42306,building/49726
ug_route/161955,OSP:FBSP::8330086,mywcom_route_junction/21631,st_struct_pedestal/68122
ug_route/161956,OSP:BUSP:C659969,st_struct_buried_splice_location/2655,st_struct_pedestal/69486
ug_route/161957,OSP:FBSP:C667136,st_struct_pedestal/68614,st_struct_pedestal/67556
ug_route/161958,OSP:FBSP:C654051,mywcom_route_junction/21462,building/51401
ug_route/161959,OSP:BUSP:C650486,st_struct_pedestal/68012,building/49654
ug_route/161960,OSP:FORSP::16954188,st_struct_vault/2448,st_struct_vault/2435
ug_route/161961,OSP:FBSP:C648332,st_struct_pedestal/67133,building/49541
ug_route/161962,OSP:BUSP::9490811,st_struct_pedestal/69613,st_struct_pedestal/67616
ug_route/161963,OSP:BUSP:C649783,st_struct_pedestal/67395,st_struct_pedestal/67328
ug_route/161964,OSP:BUSP:C652979,st_struct_pedestal/68859,pole/41350
ug_route/161965,OSP:BUSP::9430924,st_struct_pedestal/67307,st_struct_pedestal/68431
ug_route/161966,OSP:BUSP::9447576,st_struct_pedestal/69352,st_struct_pedestal/68983
ug_route/161967,OSP:FBSP::8346074,st_struct_pedestal/69479,st_struct_pedestal/68624
ug_route/161968,OSP:FBSP:C651671,st_struct_pedestal/69492,st_struct_pedestal/69560
ug_route/161969,OSP:BUSP::9490743,st_struct_pedestal/67619,st_struct_pedestal/69601
ug_route/161970,OSP:FBSP:C645918,st_struct_pedestal/70786,building/49348
ug_route/161971,OSP:FBSP:C705528,building/50336,building/49314
ug_route/161972,OSP:BUSP:C642353,st_struct_pedestal/68514,building/51282
ug_route/161973,OSP:FBSP:C711672,mywcom_route_junction/21663,building/49426
ug_route/161974,OSP:BUSP::12612771,mywcom_route_junction/21026,mywcom_route_junction/21624
ug_route/161975,OSP:BUSP:C663634,st_struct_pedestal/69382,st_struct_pedestal/69202
ug_route/161976,OSP:BUSP::8591503,mywcom_route_junction/21364,mywcom_route_junction/21431
ug_route/161977,OSP:FBSP:C666081,st_struct_pedestal/70443,st_struct_pedestal/69564
ug_route/161978,OSP:FBSP:C706970,mywcom_route_junction/21030,mywcom_route_junction/21740
ug_route/161979,OSP:BUSP:C666110,st_struct_pedestal/67244,st_struct_pedestal/70595
ug_route/161980,OSP:BUSP::15352265,pole/42306,building/49726
ug_route/161981,OSP:BUSP:C667669,st_struct_pedestal/67263,st_struct_pedestal/70733
ug_route/161982,OSP:FBSP:C662340,st_struct_pedestal/68782,building/50688
ug_route/161983,OSP:BUSP::10394137,st_struct_pedestal/67328,st_struct_pedestal/67395
ug_route/161984,OSP:BUSP::16788479,mywcom_route_junction/20908,mywcom_route_junction/21088
ug_route/161985,OSP:BUSP::13453066,mywcom_route_junction/21121,mywcom_route_junction/21241
ug_route/161986,OSP:BUSP:C666968,st_struct_pedestal/68123,st_struct_pedestal/67820
ug_route/161987,OSP:BUSP:C667450,st_struct_pedestal/67406,st_struct_pedestal/68921
ug_route/161988,OSP:FBSP::8382535,st_struct_pedestal/68491,st_struct_pedestal/70122
ug_route/161989,OSP:FBSP:C656098,st_struct_pedestal/67609,st_struct_pedestal/68348
ug_route/161990,OSP:BUSP::9490431,st_struct_pedestal/68930,st_struct_pedestal/70423
ug_route/161991,OSP:BUSP:C656351,st_struct_pedestal/67523,st_struct_pedestal/70775
ug_route/161992,OSP:BUSP::9531738,st_struct_pedestal/69676,mywcom_route_junction/21771
ug_route/161993,OSP:BUSP::11417627,mywcom_route_junction/21232,st_struct_pedestal/70660
ug_route/161994,OSP:BUSP:C641204,st_struct_pedestal/67960,building/49455
ug_route/161995,OSP:BUSP::9531388,st_struct_pedestal/67556,st_struct_pedestal/68614
ug_route/161996,OSP:BUSP::9513462,st_struct_pedestal/68903,st_struct_pedestal/68801
ug_route/161997,OSP:BUSP::7634313,st_struct_pedestal/69204,building/50770
ug_route/161998,OSP:BUSP:C667677,st_struct_pedestal/70733,st_struct_pedestal/68108
ug_route/161999,OSP:BUSP::11408198,st_struct_pedestal/68297,st_struct_pedestal/67800
ug_route/162000,OSP:BUSP::16788474,mywcom_route_junction/21427,mywcom_route_junction/21434
ug_route/162001,OSP:BUSP::10725966,mywcom_route_junction/20902,building/49196
ug_route/162002,OSP:BUSP::10272543,st_struct_pedestal/70702,mywcom_route_junction/21883
ug_route/162003,OSP:FBSP::8336455,st_struct_pedestal/67562,st_struct_pedestal/70261
ug_route/162004,OSP:FBSP:C646167,st_struct_pedestal/67492,st_struct_pedestal/70374
ug_route/162005,OSP:FBSP:C639802,st_struct_pedestal/70603,st_struct_pedestal/68416
ug_route/162006,OSP:BUSP::16789191,mywcom_route_junction/20986,mywcom_route_junction/21590
ug_route/162007,OSP:BUSP::15980413,st_struct_pedestal/70432,mywcom_route_junction/21422
ug_route/162008,OSP:BUSP::10693665,st_struct_pedestal/70786,building/49348
ug_route/162009,OSP:BUSP::8370719,st_struct_pedestal/70580,st_struct_pedestal/69286
ug_route/162010,OSP:BUSP:C667607,mywcom_route_junction/21882,st_struct_pedestal/67266
ug_route/162011,OSP:FBSP:C644249,st_struct_pedestal/68711,st_struct_pedestal/70674
ug_route/162012,OSP:FBSP::11067144,st_struct_pedestal/68785,st_struct_pedestal/70804
ug_route/162013,OSP:BUSP::11417591,st_struct_pedestal/68783,st_struct_pedestal/68748
ug_route/162014,OSP:BUSP::11470589,st_struct_pedestal/68297,st_struct_pedestal/67800
ug_route/162015,OSP:FBSP:C646011,st_struct_pedestal/69893,st_struct_pedestal/69671
ug_route/162016,OSP:BUSP:C670024,st_struct_pedestal/70839,building/50725
ug_route/162017,OSP:BUSP:C657085,pole/40856,st_struct_pedestal/70779
ug_route/162018,OSP:BUSP::15118985,st_struct_pedestal/69980,st_struct_pedestal/68219
ug_route/162019,OSP:BUSP:C658091,st_struct_pedestal/68517,building/50569
ug_route/162020,OSP:FBSP:C639514,st_struct_pedestal/67989,st_struct_pedestal/70816
ug_route/162021,OSP:BUSP::9508054,st_struct_pedestal/69075,st_struct_pedestal/69499
ug_route/162022,OSP:BUSP::9522433,st_struct_pedestal/69401,st_struct_pedestal/68674
ug_route/162023,OSP:BUSP:C667609,st_struct_pedestal/69358,st_struct_pedestal/69552
ug_route/162024,OSP:FORSP::17063316,st_struct_vault/2487,cabinet/2505
ug_route/162025,OSP:FBSP::13729558,st_struct_pedestal/69407,st_struct_pedestal/67043
ug_route/162026,OSP:BUSP::7625135,pole/40706,st_struct_pedestal/70824
ug_route/162027,OSP:FBSP:C660519,st_struct_pedestal/67206,building/49734
ug_route/162028,OSP:BUSP::9491429,st_struct_pedestal/68921,st_struct_pedestal/67406
ug_route/162029,OSP:BUSP::9514103,st_struct_pedestal/69560,st_struct_pedestal/69492
ug_route/162030,OSP:BUSP:C648418,st_struct_pedestal/69969,st_struct_pedestal/68271
ug_route/162031,OSP:BUSP::9451800,mywcom_route_junction/21731,mywcom_route_junction/21791
ug_route/162032,OSP:FBSP:C644269,st_struct_pedestal/68724,st_struct_pedestal/70572
ug_route/162033,OSP:BUSP::10706438,pole/41369,building/50180
ug_route/162034,OSP:FBSP:C651085,st_struct_pedestal/67050,st_struct_pedestal/67926
ug_route/162035,OSP:BUSP::7913437,st_struct_pedestal/67848,building/49423
ug_route/162036,OSP:BUSP::9528831,st_struct_pedestal/69130,mywcom_route_junction/21901
ug_route/162037,OSP:FBSP:C667251,st_struct_pedestal/67538,building/49434
ug_route/162038,OSP:FBSP:C667234,st_struct_pedestal/67486,st_struct_pedestal/67171
ug_route/162039,OSP:FBSP::12053064,building/50343,mywcom_route_junction/21856
ug_route/162040,OSP:FBSP:C654068,mywcom_route_junction/21876,building/51401
ug_route/162041,OSP:FBSP:C639783,st_struct_pedestal/70090,st_struct_pedestal/68116
ug_route/162042,OSP:FBSP:C639798,st_struct_pedestal/69474,st_struct_pedestal/67257
ug_route/162043,OSP:FBSP:C656250,mywcom_route_junction/21189,building/49222
ug_route/162044,OSP:BUSP::8603032,st_struct_pedestal/69894,mywcom_route_junction/21714
ug_route/162045,OSP:BUSP:C639353,st_struct_pedestal/70580,st_struct_pedestal/69286
ug_route/162046,OSP:BUSP::16040256,mywcom_route_junction/21216,mywcom_route_junction/21947
ug_route/162047,OSP:FBSP::8950865,st_struct_pedestal/70100,st_struct_pedestal/67136
ug_route/162048,OSP:FBSP:C705482,st_struct_pedestal/70697,st_struct_pedestal/67169
ug_route/162049,OSP:FBSP::8490067,st_struct_pedestal/70508,st_struct_pedestal/69614
ug_route/162050,OSP:BUSP::10756989,st_struct_pedestal/69766,building/50271
ug_route/162051,OSP:FBSP:C644357,st_struct_pedestal/67488,st_struct_pedestal/67797
ug_route/162052,OSP:BUSP:C667648,st_struct_pedestal/69850,st_struct_pedestal/68857
ug_route/162053,OSP:FBSP::8347659,st_struct_pedestal/68282,st_struct_pedestal/68044
ug_route/162054,OSP:BUSP::12032246,st_struct_pedestal/68218,st_struct_pedestal/67166
ug_route/162055,OSP:FBSP::11652664,st_struct_pedestal/70256,st_struct_pedestal/69876
ug_route/162056,OSP:BUSP::9484088,st_struct_pedestal/70674,st_struct_pedestal/68711
ug_route/162057,OSP:FBSP:C666077,st_struct_pedestal/70130,st_struct_pedestal/70443
ug_route/162058,OSP:FBSP:C666048,st_struct_pedestal/68627,st_struct_pedestal/69472
ug_route/162059,OSP:FBSP:C666097,st_struct_pedestal/69728,st_struct_pedestal/70611
ug_route/162060,OSP:FBSP:C651398,st_struct_pedestal/68768,st_struct_pedestal/68228
ug_route/162061,OSP:BUSP:C653398,st_struct_pedestal/67529,pole/42100
ug_route/162062,OSP:BUSP::7949586,st_struct_pedestal/67455,st_struct_pedestal/69334
ug_route/162063,OSP:FBSP:C644257,st_struct_pedestal/67551,st_struct_pedestal/68498
ug_route/162064,OSP:BUSP::9530750,st_struct_pedestal/67050,st_struct_pedestal/67926
ug_route/162065,OSP:BUSP::11497814,st_struct_pedestal/67082,st_struct_pedestal/69616
ug_route/162066,OSP:FBSP::8573899,mywcom_route_junction/21067,mywcom_route_junction/21420
ug_route/162067,OSP:BUSP::9490435,st_struct_pedestal/67989,st_struct_pedestal/70816
ug_route/162068,OSP:FBSP:C643073,mywcom_route_junction/21499,st_struct_pedestal/69672
ug_route/162069,OSP:FBSP::13403168,st_struct_pedestal/69762,building/50748
ug_route/162070,OSP:BUSP::16040274,mywcom_route_junction/21139,building/51363
ug_route/162071,OSP:BUSP:C658196,st_struct_pedestal/68471,building/49227
ug_route/162072,OSP:BUSP:C640760,st_struct_pedestal/67644,building/50197
ug_route/162073,OSP:BUSP::11472180,st_struct_pedestal/69100,st_struct_pedestal/68065
ug_route/162074,OSP:BUSP:C651338,st_struct_pedestal/67654,st_struct_pedestal/69551
ug_route/162075,OSP:BUSP:C642361,st_struct_pedestal/67997,building/49839
ug_route/162076,OSP:BUSP::8489742,st_struct_pedestal/69072,mywcom_route_junction/21815
ug_route/162077,OSP:BUSP:C660031,st_struct_pedestal/69906,st_struct_pedestal/69755
ug_route/162078,OSP:BUSP::9493749,st_struct_pedestal/68724,st_struct_pedestal/70572
ug_route/162079,OSP:BUSP::9493630,st_struct_pedestal/67171,st_struct_pedestal/67486
ug_route/162080,OSP:BUSP::15126682,st_struct_pedestal/67529,pole/42100
ug_route/162081,OSP:FBSP::13684422,st_struct_pedestal/68321,building/51182
ug_route/162082,OSP:BUSP:C651841,st_struct_pedestal/70017,st_struct_pedestal/69355
ug_route/162083,OSP:FBSP:C711771,st_struct_pedestal/70062,st_struct_pedestal/69131
ug_route/162084,OSP:BUSP::10877348,st_struct_pedestal/67206,building/49912
ug_route/162085,OSP:FBSP::8576460,st_struct_pedestal/69679,st_struct_pedestal/70527
ug_route/162086,OSP:FBSP:C651521,st_struct_pedestal/69960,st_struct_pedestal/70033
ug_route/162087,OSP:FBSP::8490065,st_struct_pedestal/70013,st_struct_pedestal/70020
ug_route/162088,OSP:FBSP:C644262,st_struct_pedestal/69014,st_struct_pedestal/68922
ug_route/162089,OSP:BUSP::9534609,st_struct_pedestal/67169,st_struct_pedestal/70697
ug_route/162090,OSP:BUSP::12319290,pole/41033,building/50264
ug_route/162091,OSP:BUSP::10273180,st_struct_pedestal/69170,st_struct_pedestal/70192
ug_route/162092,OSP:BUSP::8365260,st_struct_pedestal/69678,mywcom_route_junction/21031
ug_route/162093,OSP:FBSP:C643078,st_struct_pedestal/69880,st_struct_pedestal/68227
ug_route/162094,OSP:FBSP:C651250,st_struct_pedestal/67111,st_struct_pedestal/70670
ug_route/162095,OSP:BUSP:C655314,st_struct_pedestal/68688,st_struct_buried_splice_location/2603
ug_route/162096,OSP:BUSP:C667637,mywcom_route_junction/21846,mywcom_route_junction/21410
ug_route/162097,OSP:BUSP:C653432,st_struct_pedestal/68110,mywcom_route_junction/21665
ug_route/162098,OSP:FBSP::8572619,st_struct_pedestal/70036,st_struct_pedestal/68505
ug_route/162099,OSP:BUSP:C667635,pole/41341,mywcom_route_junction/21846
ug_route/162100,OSP:BUSP:C656342,st_struct_pedestal/69952,st_struct_pedestal/67942
ug_route/162101,OSP:FBSP:C651631,st_struct_pedestal/67222,st_struct_pedestal/68977
ug_route/162102,OSP:BUSP::10764340,pole/42347,st_struct_pedestal/69078
ug_route/162103,OSP:BUSP:C645813,st_struct_pedestal/67979,st_struct_pedestal/67134
ug_route/162104,OSP:FBSP:C656272,building/50703,building/50974
ug_route/162105,OSP:BUSP::10690439,st_struct_pedestal/70017,st_struct_pedestal/69355
ug_route/162106,OSP:BUSP:C705959,st_struct_pedestal/69008,building/49706
ug_route/162107,OSP:FBSP:C667410,st_struct_pedestal/68111,st_struct_pedestal/67717
ug_route/162108,OSP:BUSP:C706061,mywcom_route_junction/21082,mywcom_route_junction/21597
ug_route/162109,OSP:FBSP::8421917,st_struct_pedestal/69784,st_struct_pedestal/69541
ug_route/162110,OSP:BUSP::8402711,mywcom_route_junction/21839,st_struct_pedestal/69508
ug_route/162111,OSP:FBSP::8421916,st_struct_pedestal/70579,st_struct_pedestal/69784
ug_route/162112,OSP:FBSP::8421915,st_struct_pedestal/69152,st_struct_pedestal/70579
ug_route/162113,OSP:FBSP::16829716,st_struct_pedestal/69541,st_struct_pedestal/67056
ug_route/162114,OSP:BUSP:C669988,st_struct_pedestal/68307,mywcom_route_junction/21368
ug_route/162115,OSP:FBSP:C651341,mywcom_route_junction/21933,mywcom_route_junction/21015
ug_route/162116,OSP:BUSP:C650268,st_struct_pedestal/67223,st_struct_pedestal/70578
ug_route/162117,OSP:FBSP:C711716,st_struct_pedestal/69825,st_struct_pedestal/70062
ug_route/162118,OSP:FBSP:C667220,st_struct_pedestal/69613,st_struct_pedestal/69787
ug_route/162119,OSP:BUSP:C681316,st_struct_pedestal/68669,st_struct_buried_splice_location/2722
ug_route/162120,OSP:BUSP:C649218,st_struct_pedestal/68645,st_struct_pedestal/68992
ug_route/162121,OSP:BUSP:C656993,st_struct_pedestal/67749,building/50015
ug_route/162122,OSP:BUSP:C648423,st_struct_pedestal/68016,st_struct_pedestal/68556
ug_route/162123,OSP:BUSP::8382852,pole/42618,building/51340
ug_route/162124,OSP:FBSP::15416263,st_struct_pedestal/67557,st_struct_pedestal/69781
ug_route/162125,OSP:BUSP::9506442,st_struct_pedestal/67902,st_struct_pedestal/70377
ug_route/162126,OSP:FBSP:C651862,st_struct_pedestal/68759,building/50121
ug_route/162127,OSP:BUSP::16783624,mywcom_route_junction/21266,st_struct_pedestal/67147
ug_route/162128,OSP:BUSP::9520203,st_struct_pedestal/69551,st_struct_pedestal/67654
ug_route/162129,OSP:BUSP::7915332,st_struct_pedestal/67446,building/49423
ug_route/162130,OSP:FBSP:C660350,st_struct_pedestal/69888,building/50441
ug_route/162131,OSP:BUSP::7622223,st_struct_pedestal/69070,building/51168
ug_route/162132,OSP:FBSP:C651634,st_struct_pedestal/68977,st_struct_pedestal/67057
ug_route/162133,OSP:BUSP::9493772,st_struct_pedestal/67488,st_struct_pedestal/67797
ug_route/162134,OSP:BUSP::10273181,st_struct_pedestal/70192,mywcom_route_junction/21519
ug_route/162135,OSP:BUSP::9451804,mywcom_route_junction/21175,st_struct_pedestal/68556
ug_route/162136,OSP:BUSP::9493764,st_struct_pedestal/67551,st_struct_pedestal/68498
ug_route/162137,OSP:FBSP::8950862,st_struct_pedestal/67900,st_struct_pedestal/70582
ug_route/162138,OSP:BUSP:C662251,st_struct_pedestal/69443,building/50072
ug_route/162139,OSP:BUSP::9514114,st_struct_pedestal/68228,st_struct_pedestal/68768
ug_route/162140,OSP:BUSP::9531710,st_struct_pedestal/69960,st_struct_pedestal/70033
ug_route/162141,OSP:BUSP:C661761,mywcom_route_junction/21597,st_struct_pedestal/67337
ug_route/162142,OSP:FBSP::8573002,st_struct_pedestal/68606,st_struct_pedestal/70444
ug_route/162143,OSP:BUSP:C658713,pole/40733,mywcom_route_junction/21788
ug_route/162144,OSP:FBSP:C667418,st_struct_pedestal/67717,st_struct_pedestal/69714
ug_route/162145,OSP:BUSP::12613051,mywcom_route_junction/21978,mywcom_route_junction/21468
ug_route/162146,OSP:BUSP::9451809,mywcom_route_junction/21651,st_struct_pedestal/68645
ug_route/162147,OSP:BUSP::9506443,st_struct_pedestal/70377,st_struct_pedestal/67902
ug_route/162148,OSP:BUSP::10653350,pole/40610,building/49284
ug_route/162149,OSP:FBSP::12449258,mywcom_route_junction/21308,st_struct_pedestal/70433
ug_route/162150,OSP:FBSP::10345590,st_struct_pedestal/67253,st_struct_pedestal/68805
ug_route/162151,OSP:FBSP::13044484,st_struct_pedestal/70801,st_struct_pedestal/69208
ug_route/162152,OSP:BUSP::9522424,st_struct_pedestal/67111,st_struct_pedestal/70670
ug_route/162153,OSP:BUSP::9466782,st_struct_pedestal/70036,st_struct_pedestal/68505
ug_route/162154,OSP:FBSP::13042572,st_struct_pedestal/70100,st_struct_pedestal/70553
ug_route/162155,OSP:BUSP::12139130,st_struct_pedestal/67529,pole/42100
ug_route/162156,OSP:BUSP:C668128,st_struct_pedestal/67569,building/50448
ug_route/162157,OSP:BUSP::10880523,st_struct_pedestal/69888,building/50441
ug_route/162158,OSP:BUSP::9451408,st_struct_pedestal/69132,mywcom_route_junction/21622
ug_route/162159,OSP:BUSP::9532345,st_struct_pedestal/67134,st_struct_pedestal/67979
ug_route/162160,OSP:FBSP::10878261,st_struct_pedestal/68363,building/50896
ug_route/162161,OSP:BUSP:C654202,st_struct_pedestal/68611,mywcom_route_junction/21165
ug_route/162162,OSP:FBSP:C711772,st_struct_pedestal/69131,st_struct_pedestal/70663
ug_route/162163,OSP:BUSP:C666239,st_struct_pedestal/68076,st_struct_pedestal/69143
ug_route/162164,OSP:BUSP::9493761,st_struct_pedestal/69014,st_struct_pedestal/68922
ug_route/162165,OSP:FBSP::15979779,st_struct_pedestal/68317,mywcom_route_junction/20945
ug_route/162166,OSP:FBSP:C711734,st_struct_pedestal/68797,building/50254
ug_route/162167,OSP:BUSP::15562827,mywcom_route_junction/21952,building/50226
ug_route/162168,OSP:BUSP:C648428,st_struct_pedestal/68556,st_struct_pedestal/68016
ug_route/162169,OSP:BUSP::10638418,pole/41177,mywcom_route_junction/21533
ug_route/162170,OSP:BUSP::10267065,st_struct_pedestal/69672,mywcom_route_junction/20940
ug_route/162171,OSP:BUSP:C650289,st_struct_pedestal/67223,st_struct_pedestal/70578
ug_route/162172,OSP:BUSP:C660472,st_struct_pedestal/70637,st_struct_pedestal/69018
ug_route/162173,OSP:BUSP::9531067,st_struct_pedestal/68977,st_struct_pedestal/67222
ug_route/162174,OSP:FBSP::16784337,st_struct_pedestal/67692,st_struct_pedestal/67708
ug_route/162175,OSP:FBSP:C666086,st_struct_pedestal/69564,st_struct_pedestal/70740
ug_route/162176,OSP:FBSP::11596996,st_struct_pedestal/68681,building/50451
ug_route/162177,OSP:BUSP::7618708,st_struct_pedestal/70551,building/49386
ug_route/162178,OSP:FBSP::8586401,st_struct_pedestal/68474,building/49182
ug_route/162179,OSP:BUSP::9490810,st_struct_pedestal/69787,st_struct_pedestal/69613
ug_route/162180,OSP:BUSP:C647455,st_struct_pedestal/67309,building/50911
ug_route/162181,OSP:BUSP::8440462,mywcom_route_junction/21237,pole/42464
ug_route/162182,OSP:BUSP::11470593,st_struct_pedestal/68076,st_struct_pedestal/69143
ug_route/162183,OSP:FBSP:C644633,mywcom_route_junction/21669,building/50856
ug_route/162184,OSP:FBSP::13059943,st_struct_pedestal/69430,building/49721
ug_route/162185,OSP:BUSP::9531066,st_struct_pedestal/67057,st_struct_pedestal/68977
ug_route/162186,OSP:FBSP:C650424,st_struct_pedestal/68949,building/51420
ug_route/162187,OSP:FBSP:C658124,st_struct_pedestal/70703,st_struct_pedestal/68615
ug_route/162188,OSP:FBSP:C641955,pole/41337,building/51307
ug_route/162189,OSP:FBSP:C651645,st_struct_pedestal/70306,mywcom_route_junction/21105
ug_route/162190,OSP:FBSP:C645002,pole/41678,building/49397
ug_route/162191,OSP:BUSP::9558580,st_struct_pedestal/70300,st_struct_pedestal/68421
ug_route/162192,OSP:BUSP::9493751,st_struct_pedestal/68111,st_struct_pedestal/67717
ug_route/162193,OSP:FBSP::11732989,st_struct_pedestal/67525,st_struct_pedestal/68753
ug_route/162194,OSP:BUSP::8574868,mywcom_route_junction/22021,mywcom_route_junction/21513
ug_route/162195,OSP:FBSP:C663419,st_struct_pedestal/69496,st_struct_pedestal/67986
ug_route/162196,OSP:BUSP::7913438,st_struct_pedestal/67848,building/49423
ug_route/162197,OSP:BUSP:C660176,st_struct_pedestal/68641,building/49966
ug_route/162198,OSP:BUSP::8415501,st_struct_pedestal/68566,mywcom_route_junction/21762
ug_route/162199,OSP:FBSP:C639513,st_struct_pedestal/68728,st_struct_pedestal/67989
ug_route/162200,OSP:BUSP::11417599,st_struct_pedestal/67086,st_struct_pedestal/67403
ug_route/162201,OSP:FBSP::8424133,st_struct_pedestal/69104,st_struct_pedestal/67543
ug_route/162202,OSP:BUSP::8369747,cabinet/2509,cabinet/2476
ug_route/162203,OSP:FBSP:C667465,st_struct_pedestal/69837,st_struct_pedestal/70517
ug_route/162204,OSP:FBSP:C710619,st_struct_pedestal/70727,st_struct_pedestal/68058
ug_route/162205,OSP:FBSP:C706580,st_struct_pedestal/70768,building/50168
ug_route/162206,OSP:FBSP:C639780,st_struct_pedestal/67095,st_struct_pedestal/69304
ug_route/162207,OSP:BUSP::12127605,pole/41398,st_struct_pedestal/69001
ug_route/162208,OSP:FBSP:C667417,st_struct_pedestal/70572,st_struct_pedestal/68111
ug_route/162209,OSP:BUSP::16783622,mywcom_route_junction/21313,mywcom_route_junction/21477
ug_route/162210,OSP:BUSP:C649308,st_struct_pedestal/70315,building/51152
ug_route/162211,OSP:FBSP:C646131,st_struct_pedestal/67675,st_struct_pedestal/70632
ug_route/162212,OSP:BUSP:C667600,st_struct_pedestal/67051,st_struct_pedestal/69038
ug_route/162213,OSP:BUSP::9493752,st_struct_pedestal/67717,st_struct_pedestal/69714
ug_route/162214,OSP:BUSP::10857476,st_struct_pedestal/70588,building/50256
ug_route/162215,OSP:BUSP::10851701,pole/41977,building/49885
ug_route/162216,OSP:BUSP::9454282,st_struct_pedestal/67087,st_struct_pedestal/70457
ug_route/162217,OSP:FBSP:C643453,pole/41798,building/50891
ug_route/162218,OSP:FBSP::8365279,st_struct_pedestal/69116,st_struct_pedestal/69794
ug_route/162219,OSP:FBSP:C705549,building/49314,building/51026
ug_route/162220,OSP:BUSP:C649232,st_struct_pedestal/68992,st_struct_pedestal/70135
ug_route/162221,OSP:FBSP::15598992,pole/41437,st_struct_pedestal/67042
ug_route/162222,OSP:BUSP::9465610,st_struct_pedestal/67692,st_struct_pedestal/67708
ug_route/162223,OSP:FBSP::8573003,st_struct_pedestal/70444,st_struct_pedestal/67167
ug_route/162224,OSP:FBSP:C644237,st_struct_pedestal/67107,st_struct_pedestal/70737
ug_route/162225,OSP:BUSP::9451808,st_struct_pedestal/70135,mywcom_route_junction/21651
ug_route/162226,OSP:FBSP:C660399,mywcom_route_junction/21361,building/48899
ug_route/162227,OSP:BUSP::10638758,pole/41177,mywcom_route_junction/21103
ug_route/162228,OSP:BUSP::11472517,mywcom_route_junction/21318,st_struct_pedestal/69663
ug_route/162229,OSP:FBSP::8440151,st_struct_pedestal/67422,st_struct_pedestal/69105
ug_route/162230,OSP:FBSP:C642468,st_struct_pedestal/68457,building/51405
ug_route/162231,OSP:BUSP::9454281,st_struct_pedestal/67986,st_struct_pedestal/69496
ug_route/162232,OSP:FBSP:C651052,st_struct_pedestal/70369,st_struct_pedestal/67268
ug_route/162233,OSP:FBSP:C656505,pole/42634,building/50379
ug_route/162234,OSP:BUSP:C651220,st_struct_pedestal/68265,building/49727
ug_route/162235,OSP:BUSP:C648388,st_struct_pedestal/67560,st_struct_pedestal/69441
ug_route/162236,OSP:BUSP::9452063,mywcom_route_junction/21316,mywcom_route_junction/21544
ug_route/162237,OSP:BUSP::9531383,st_struct_pedestal/69589,st_struct_pedestal/68110
ug_route/162238,OSP:BUSP:C656865,st_struct_pedestal/68907,building/49921
ug_route/162239,OSP:BUSP:C666127,st_struct_pedestal/67742,st_struct_pedestal/68789
ug_route/162240,OSP:FBSP::8573000,st_struct_pedestal/68576,st_struct_pedestal/67981
ug_route/162241,OSP:FBSP:C643182,st_struct_pedestal/70244,st_struct_pedestal/70612
ug_route/162242,OSP:BUSP::9442423,st_struct_pedestal/67267,st_struct_pedestal/69372
ug_route/162243,OSP:FBSP:C667289,st_struct_pedestal/69493,building/49263
ug_route/162244,OSP:FBSP:C648273,st_struct_pedestal/67735,st_struct_pedestal/69788
ug_route/162245,OSP:FBSP::13729560,st_struct_pedestal/67043,st_struct_pedestal/67706
ug_route/162246,OSP:FBSP::11408196,st_struct_pedestal/69138,st_struct_pedestal/69953
ug_route/162247,OSP:BUSP::9455544,st_struct_pedestal/70703,st_struct_pedestal/68615
ug_route/162248,OSP:BUSP:C639089,st_struct_pedestal/68036,building/51352
ug_route/162249,OSP:BUSP:C653785,mywcom_route_junction/21642,st_struct_pedestal/69020
ug_route/162250,OSP:BUSP::11331075,st_struct_pedestal/69497,st_struct_pedestal/68757
ug_route/162251,OSP:FBSP::8490381,st_struct_pedestal/69203,building/49427
ug_route/162252,OSP:BUSP:C667605,st_struct_pedestal/68982,st_struct_pedestal/67932
ug_route/162253,OSP:BUSP:C648201,mywcom_route_junction/21572,st_struct_pedestal/70096
ug_route/162254,OSP:BUSP::11330106,st_struct_pedestal/68154,st_struct_pedestal/68452
ug_route/162255,OSP:BUSP:C666969,st_struct_pedestal/68123,st_struct_pedestal/67820
ug_route/162256,OSP:FBSP:C642394,st_struct_pedestal/68105,st_struct_pedestal/70362
ug_route/162257,OSP:BUSP:C661613,st_struct_pedestal/68672,building/48980
ug_route/162258,OSP:BUSP:C656290,building/49565,mywcom_route_junction/21503
ug_route/162259,OSP:BUSP:C661696,st_struct_pedestal/69832,building/50514
ug_route/162260,OSP:BUSP:C656052,cabinet/2492,mywcom_route_junction/20995
ug_route/162261,OSP:FBSP:C644487,st_struct_pedestal/67542,st_struct_pedestal/67869
ug_route/162262,OSP:FBSP:C658516,st_struct_pedestal/68340,st_struct_pedestal/70513
ug_route/162263,OSP:FBSP:C668342,st_struct_pedestal/68534,building/48964
ug_route/162264,OSP:BUSP::9490434,st_struct_pedestal/68728,st_struct_pedestal/67989
ug_route/162265,OSP:FBSP:C658490,st_struct_pedestal/67853,st_struct_pedestal/68306
ug_route/162266,OSP:FBSP:C710382,st_struct_pedestal/67198,st_struct_pedestal/69000
ug_route/162267,OSP:BUSP::9531063,mywcom_route_junction/21423,st_struct_pedestal/70306
ug_route/162268,OSP:BUSP::9490813,st_struct_pedestal/70517,st_struct_pedestal/69837
ug_route/162269,OSP:BUSP::9528193,st_struct_pedestal/67268,st_struct_pedestal/70369
ug_route/162270,OSP:BUSP:C657087,st_struct_pedestal/70779,st_struct_pedestal/70303
ug_route/162271,OSP:FBSP::8572620,st_struct_pedestal/68505,st_struct_pedestal/69886
ug_route/162272,OSP:BUSP::9484089,st_struct_pedestal/67107,st_struct_pedestal/70737
ug_route/162273,OSP:FBSP:C644260,st_struct_pedestal/68922,st_struct_pedestal/69737
ug_route/162274,OSP:FBSP:C643077,st_struct_pedestal/68227,st_struct_pedestal/70437
ug_route/162275,OSP:BUSP::9497144,pole/41341,st_struct_pedestal/70164
ug_route/162276,OSP:BUSP:C643725,st_struct_pedestal/69805,st_struct_pedestal/67909
ug_route/162277,OSP:BUSP::15995457,st_struct_pedestal/69594,building/49584
ug_route/162278,OSP:BUSP::9505140,st_struct_pedestal/70816,st_struct_pedestal/69077
ug_route/162279,OSP:BUSP:C643720,st_struct_pedestal/70677,st_struct_pedestal/69805
ug_route/162280,OSP:FBSP:C657966,st_struct_pedestal/68189,st_struct_pedestal/67728
ug_route/162281,OSP:BUSP::9493750,st_struct_pedestal/70572,st_struct_pedestal/68111
ug_route/162282,OSP:BUSP::13250820,mywcom_route_junction/21191,mywcom_route_junction/21579
ug_route/162283,OSP:BUSP:C667921,st_struct_pedestal/68535,st_struct_buried_splice_location/2681
ug_route/162284,OSP:FBSP::8440456,mywcom_route_junction/21689,building/49473
ug_route/162285,OSP:FBSP::8490063,st_struct_pedestal/69524,st_struct_pedestal/69036
ug_route/162286,OSP:FORSP::16956648,st_struct_vault/2418,pole/40987
ug_route/162287,OSP:FBSP:C663575,st_struct_pedestal/70370,mywcom_route_junction/21812
ug_route/162288,OSP:BUSP:C639737,st_struct_pedestal/68628,building/49475
ug_route/162289,OSP:FBSP::7630880,st_struct_pedestal/68538,mywcom_route_junction/21573
ug_route/162290,OSP:BUSP::10852344,pole/42145,building/49374
ug_route/162291,OSP:BUSP::9432820,st_struct_pedestal/68227,st_struct_pedestal/69880
ug_route/162292,OSP:BUSP:C653626,st_struct_pedestal/67158,building/49586
ug_route/162293,OSP:FBSP:C651532,st_struct_pedestal/70373,st_struct_pedestal/69420
ug_route/162294,OSP:BUSP:C655514,st_struct_pedestal/68838,st_struct_pedestal/70234
ug_route/162295,OSP:BUSP:C660145,st_struct_pedestal/68948,building/49631
ug_route/162296,OSP:FBSP:C654000,st_struct_pedestal/67267,st_struct_pedestal/69372
ug_route/162297,OSP:FBSP::11652663,st_struct_pedestal/68323,st_struct_pedestal/70256
ug_route/162298,OSP:BUSP::16770504,mywcom_route_junction/21288,st_struct_pedestal/70764
ug_route/162299,OSP:BUSP:C683569,st_struct_buried_splice_location/2624,st_struct_pedestal/67996
ug_route/162300,OSP:BUSP:C667729,st_struct_pedestal/69293,st_struct_pedestal/69481
ug_route/162301,OSP:FBSP:C639602,cabinet/2448,st_struct_pedestal/68539
ug_route/162302,OSP:BUSP:C664427,st_struct_pedestal/67694,st_struct_pedestal/67366
ug_route/162303,OSP:FBSP:C656088,st_struct_pedestal/69037,st_struct_pedestal/68712
ug_route/162304,OSP:FBSP:C644292,st_struct_pedestal/70333,st_struct_pedestal/69562
ug_route/162305,OSP:BUSP::10675430,pole/40875,building/49273
ug_route/162306,OSP:FBSP::8415818,st_struct_pedestal/68577,st_struct_pedestal/67252
ug_route/162307,OSP:BUSP::13020241,st_struct_pedestal/67298,st_struct_pedestal/68659
ug_route/162308,OSP:BUSP::9432832,st_struct_pedestal/70244,st_struct_pedestal/70612
ug_route/162309,OSP:BUSP::9531729,st_struct_pedestal/67542,st_struct_pedestal/67869
ug_route/162310,OSP:FBSP:C643156,st_struct_pedestal/70785,st_struct_pedestal/67867
ug_route/162311,OSP:BUSP::8589583,cabinet/2498,building/49245
ug_route/162312,OSP:FBSP::8950856,st_struct_pedestal/69739,st_struct_pedestal/68571
ug_route/162313,OSP:FBSP:C657816,cabinet/2504,building/50622
ug_route/162314,OSP:BUSP::11870007,mywcom_route_junction/21837,mywcom_route_junction/21199
ug_route/162315,OSP:BUSP::9465504,st_struct_pedestal/70513,st_struct_pedestal/68340
ug_route/162316,OSP:FBSP:C640437,mywcom_route_junction/21211,building/49570
ug_route/162317,OSP:BUSP::9513467,st_struct_pedestal/67735,st_struct_pedestal/69788
ug_route/162318,OSP:BUSP::9466786,st_struct_pedestal/68505,st_struct_pedestal/69886
ug_route/162319,OSP:BUSP::9454924,st_struct_pedestal/67867,st_struct_pedestal/67462
ug_route/162320,OSP:BUSP:C667774,pole/41341,st_struct_pedestal/70164
ug_route/162321,OSP:BUSP:C646466,st_struct_pedestal/70822,st_struct_pedestal/69359
ug_route/162322,OSP:BUSP::16057528,mywcom_route_junction/21049,st_struct_pedestal/67229
ug_route/162323,OSP:BUSP:C666047,st_struct_pedestal/67480,st_struct_pedestal/68627
ug_route/162324,OSP:FBSP:C644421,st_struct_pedestal/69974,st_struct_pedestal/68994
ug_route/162325,OSP:BUSP::15977532,pole/41986,building/50996
ug_route/162326,OSP:BUSP::9455567,st_struct_pedestal/68306,st_struct_pedestal/67853
ug_route/162327,OSP:FBSP:C656253,building/50474,building/49222
ug_route/162328,OSP:BUSP:C664763,st_struct_pedestal/69759,building/49325
ug_route/162329,OSP:FBSP:C705563,building/50405,building/49320
ug_route/162330,OSP:FBSP:C644232,st_struct_pedestal/67621,st_struct_pedestal/67415
ug_route/162331,OSP:BUSP::8436969,st_struct_pedestal/67970,st_struct_pedestal/70682
ug_route/162332,OSP:BUSP::9466750,mywcom_route_junction/21310,st_struct_pedestal/70732
ug_route/162333,OSP:FBSP::13098245,st_struct_pedestal/70552,st_struct_pedestal/68543
ug_route/162334,OSP:BUSP:C640293,st_struct_pedestal/70461,building/49329
ug_route/162335,OSP:BUSP:C667597,st_struct_pedestal/67864,st_struct_pedestal/70628
ug_route/162336,OSP:BUSP::8382533,st_struct_pedestal/70573,st_struct_pedestal/68318
ug_route/162337,OSP:BUSP::9447262,st_struct_pedestal/67728,st_struct_pedestal/68189
ug_route/162338,OSP:FBSP::8950855,st_struct_pedestal/67202,st_struct_pedestal/69739
ug_route/162339,OSP:BUSP::9532035,st_struct_pedestal/70373,st_struct_pedestal/69420
ug_route/162340,OSP:FBSP:C705649,st_struct_pedestal/70731,mywcom_route_junction/21489
ug_route/162341,OSP:FBSP:C651391,st_struct_pedestal/67269,st_struct_pedestal/70523
ug_route/162342,OSP:BUSP::11804360,st_struct_pedestal/67699,building/51294
ug_route/162343,OSP:BUSP::11587700,pole/42360,st_struct_pedestal/69013
ug_route/162344,OSP:BUSP::13020228,st_struct_pedestal/70802,building/49349
ug_route/162345,OSP:FBSP:C639801,mywcom_route_junction/21291,st_struct_pedestal/70603
ug_route/162346,OSP:BUSP::15824260,pole/41235,pole/40506
ug_route/162347,OSP:BUSP::9466754,st_struct_pedestal/69217,st_struct_pedestal/69951
ug_route/162348,OSP:BUSP::9493762,st_struct_pedestal/68922,st_struct_pedestal/69737
ug_route/162349,OSP:BUSP::9158232,mywcom_route_junction/21878,pole/41557
ug_route/162350,OSP:FBSP::8573001,st_struct_pedestal/67981,st_struct_pedestal/68606
ug_route/162351,OSP:FBSP:C648562,pole/40673,building/50948
ug_route/162352,OSP:FBSP::10638771,mywcom_route_junction/21565,mywcom_route_junction/21693
ug_route/162353,OSP:BUSP::8421923,st_struct_pedestal/67151,st_struct_pedestal/69104
ug_route/162354,OSP:FBSP:C667682,st_struct_pedestal/67612,building/51191
ug_route/162355,OSP:FBSP::8346078,st_struct_pedestal/67487,st_struct_pedestal/68413
ug_route/162356,OSP:FBSP:C656260,building/50474,building/51402
ug_route/162357,OSP:BUSP:C638799,st_struct_pedestal/70489,building/51029
ug_route/162358,OSP:FBSP::13098255,st_struct_pedestal/69243,st_struct_pedestal/68430
ug_route/162359,OSP:BUSP:C647614,pole/41177,mywcom_route_junction/21546
ug_route/162360,OSP:BUSP::10267069,st_struct_pedestal/70785,st_struct_pedestal/67867
ug_route/162361,OSP:FBSP::8415503,mywcom_route_junction/21762,mywcom_route_junction/21304
ug_route/162362,OSP:FBSP::8415505,mywcom_route_junction/21304,mywcom_route_junction/22007
ug_route/162363,OSP:BUSP:C669580,st_struct_pedestal/67256,pole/42258
ug_route/162364,OSP:BUSP::10756992,st_struct_pedestal/68960,building/49026
ug_route/162365,OSP:BUSP:C667770,mywcom_route_junction/21877,mywcom_route_junction/21595
ug_route/162366,OSP:FBSP::8415819,st_struct_pedestal/67252,st_struct_pedestal/69890
ug_route/162367,OSP:FBSP:C651624,st_struct_pedestal/69612,st_struct_pedestal/67243
ug_route/162368,OSP:FBSP:C643161,st_struct_pedestal/67867,st_struct_pedestal/67462
ug_route/162369,OSP:BUSP::11331391,st_struct_pedestal/69293,st_struct_pedestal/69481
ug_route/162370,OSP:FBSP:C666328,pole/42037,building/51099
ug_route/162371,OSP:BUSP:C646262,st_struct_pedestal/70533,building/48935
ug_route/162372,OSP:BUSP::9489155,st_struct_pedestal/69562,st_struct_pedestal/70333
ug_route/162373,OSP:BUSP::11870008,mywcom_route_junction/21199,pole/42640
ug_route/162374,OSP:BUSP::9505782,st_struct_pedestal/67415,st_struct_pedestal/67621
ug_route/162375,OSP:BUSP::11329782,st_struct_pedestal/67792,st_struct_pedestal/68890
ug_route/162376,OSP:BUSP::16016253,pole/42347,st_struct_pedestal/67555
ug_route/162377,OSP:BUSP:C658715,pole/40733,mywcom_route_junction/21274
ug_route/162378,OSP:BUSP::9489143,st_struct_pedestal/69974,st_struct_pedestal/68994
ug_route/162379,OSP:FBSP::8950858,st_struct_pedestal/69587,st_struct_pedestal/69337
ug_route/162380,OSP:FBSP::12052043,st_struct_pedestal/70626,building/50662
ug_route/162381,OSP:BUSP:C667590,pole/40879,st_struct_pedestal/67829
ug_route/162382,OSP:FBSP:C651826,st_struct_pedestal/67870,st_struct_pedestal/67105
ug_route/162383,OSP:BUSP:C650858,st_struct_pedestal/70502,st_struct_pedestal/69555
ug_route/162384,OSP:FBSP::10128826,st_struct_pedestal/68034,st_struct_pedestal/70667
ug_route/162385,OSP:FBSP::12574664,pole/40992,building/50849
ug_route/162386,OSP:BUSP:C669581,st_struct_pedestal/67256,pole/42258
ug_route/162387,OSP:FBSP:C643137,mywcom_route_junction/21497,st_struct_pedestal/69900
ug_route/162388,OSP:FBSP:C650363,st_struct_pedestal/67079,building/50596
ug_route/162389,OSP:FBSP:C642385,st_struct_pedestal/70507,st_struct_pedestal/67273
ug_route/162390,OSP:FBSP::8415817,st_struct_pedestal/68237,st_struct_pedestal/68577
ug_route/162391,OSP:FBSP::8346080,st_struct_pedestal/67246,st_struct_pedestal/69911
ug_route/162392,OSP:FBSP:C656285,building/49565,building/50560
ug_route/162393,OSP:BUSP::10914426,st_struct_pedestal/67151,st_struct_pedestal/70686
ug_route/162394,OSP:FBSP:C709974,st_struct_pedestal/68923,building/49102
ug_route/162395,OSP:FBSP::8331986,mywcom_route_junction/21981,st_struct_pedestal/70833
ug_route/162396,OSP:FBSP:C643082,st_struct_pedestal/70484,st_struct_pedestal/68326
ug_route/162397,OSP:FBSP::8415820,st_struct_pedestal/69890,st_struct_pedestal/69278
ug_route/162398,OSP:BUSP:C710338,cabinet/2499,mywcom_route_junction/20928
ug_route/162399,OSP:BUSP:C653728,st_struct_pedestal/68137,building/50819
ug_route/162400,OSP:FBSP:C663404,st_struct_pedestal/69162,st_struct_pedestal/70383
ug_route/162401,OSP:BUSP:C655516,st_struct_pedestal/70601,st_struct_pedestal/69931
ug_route/162402,OSP:FBSP:C651350,st_struct_pedestal/69648,st_struct_pedestal/69156
ug_route/162403,OSP:BUSP::9531069,st_struct_pedestal/67243,st_struct_pedestal/69612
ug_route/162404,OSP:FBSP:C644235,st_struct_pedestal/70599,st_struct_pedestal/67107
ug_route/162405,OSP:FBSP:C656313,building/50703,building/51121
ug_route/162406,OSP:BUSP::11438004,st_struct_pedestal/70370,st_struct_pedestal/67209
ug_route/162407,OSP:FBSP:C656102,st_struct_pedestal/68655,st_struct_pedestal/69092
ug_route/162408,OSP:BUSP::9514134,st_struct_pedestal/70523,st_struct_pedestal/67269
ug_route/162409,OSP:FBSP:C644291,st_struct_pedestal/67868,st_struct_pedestal/70333
ug_route/162410,OSP:BUSP:C669950,st_struct_pedestal/69195,building/48925
ug_route/162411,OSP:FBSP:C653928,pole/40708,building/51449
ug_route/162412,OSP:BUSP::8366857,st_struct_pedestal/70134,cabinet/2448
ug_route/162413,OSP:BUSP::12055940,st_struct_pedestal/67366,st_struct_pedestal/67694
ug_route/162414,OSP:FBSP:C663393,st_struct_pedestal/69636,st_struct_pedestal/69157
ug_route/162415,OSP:BUSP::15608260,st_struct_pedestal/69073,st_struct_pedestal/67768
ug_route/162416,OSP:FBSP::8336460,st_struct_pedestal/68203,st_struct_pedestal/68769
ug_route/162417,OSP:BUSP::9206866,mywcom_route_junction/21129,mywcom_route_junction/21721
ug_route/162418,OSP:FBSP:C663388,st_struct_pedestal/67603,st_struct_pedestal/69791
ug_route/162419,OSP:BUSP:C708427,st_struct_pedestal/70339,st_struct_pedestal/69957
ug_route/162420,OSP:BUSP::8484309,cabinet/2453,pole/40521
ug_route/162421,OSP:FBSP::11408197,st_struct_pedestal/69953,st_struct_pedestal/67723
ug_route/162422,OSP:FBSP:C669144,mywcom_route_junction/21672,building/50120
ug_route/162423,OSP:BUSP:C656465,st_struct_pedestal/68093,building/51181
ug_route/162424,OSP:FBSP::8950859,st_struct_pedestal/69337,st_struct_pedestal/68163
ug_route/162425,OSP:FBSP::13092298,pole/42037,building/51099
ug_route/162426,OSP:BUSP::9356980,st_struct_pedestal/68557,building/50031
ug_route/162427,OSP:FBSP:C651850,st_struct_pedestal/69756,st_struct_pedestal/67262
ug_route/162428,OSP:BUSP::11085977,st_struct_pedestal/70618,cabinet/2479
ug_route/162429,OSP:FBSP:C643184,st_struct_pedestal/70778,st_struct_pedestal/69248
ug_route/162430,OSP:FBSP:C646164,st_struct_pedestal/68351,st_struct_pedestal/67492
ug_route/162431,OSP:FBSP:C643079,st_struct_pedestal/67866,st_struct_pedestal/69880
ug_route/162432,OSP:BUSP::9499394,mywcom_route_junction/21434,mywcom_route_junction/21464
ug_route/162433,OSP:FBSP:C643148,st_struct_pedestal/69422,st_struct_pedestal/69220
ug_route/162434,OSP:FBSP::8572999,st_struct_pedestal/67483,st_struct_pedestal/68576
ug_route/162435,OSP:FBSP:C642986,st_struct_pedestal/70125,st_struct_pedestal/69264
ug_route/162436,OSP:FBSP::13402182,st_struct_pedestal/69762,building/49218
ug_route/162437,OSP:FBSP:C663390,st_struct_pedestal/69791,st_struct_pedestal/69636
ug_route/162438,OSP:FBSP::8573904,st_struct_pedestal/69154,st_struct_pedestal/70014
ug_route/162439,OSP:BUSP:C646978,st_struct_buried_splice_location/2732,building/49477
ug_route/162440,OSP:FBSP::8490064,st_struct_pedestal/69036,st_struct_pedestal/70013
ug_route/162441,OSP:BUSP:C661773,st_struct_pedestal/67606,mywcom_route_junction/21828
ug_route/162442,OSP:FBSP:C709168,st_struct_pedestal/70121,st_struct_pedestal/67364
ug_route/162443,OSP:BUSP::15824264,pole/40506,building/50630
ug_route/162444,OSP:FBSP:C639516,st_struct_pedestal/70816,st_struct_pedestal/69404
ug_route/162445,OSP:BUSP:C666070,st_struct_pedestal/70294,st_struct_pedestal/67992
ug_route/162446,OSP:FBSP:C705539,st_struct_pedestal/69551,st_struct_pedestal/69648
ug_route/162447,OSP:BUSP::9523380,st_struct_pedestal/68579,mywcom_route_junction/21270
ug_route/162448,OSP:BUSP:C638861,st_struct_pedestal/67191,building/49011
ug_route/162449,OSP:FBSP:C663412,st_struct_pedestal/70383,st_struct_pedestal/67811
ug_route/162450,OSP:FBSP::12051910,st_struct_pedestal/70092,mywcom_route_junction/21202
ug_route/162451,OSP:FBSP:C644424,st_struct_pedestal/68994,st_struct_pedestal/69419
ug_route/162452,OSP:FBSP::8331126,st_struct_pedestal/69797,st_struct_pedestal/67586
ug_route/162453,OSP:BUSP::9524679,mywcom_route_junction/21858,st_struct_pedestal/70007
ug_route/162454,OSP:FBSP::8415825,st_struct_pedestal/69169,st_struct_pedestal/70189
ug_route/162455,OSP:BUSP::10267072,st_struct_pedestal/70383,st_struct_pedestal/69162
ug_route/162456,OSP:BUSP::9520206,st_struct_pedestal/69648,st_struct_pedestal/69156
ug_route/162457,OSP:BUSP::10689807,st_struct_pedestal/69756,st_struct_pedestal/67262
ug_route/162458,OSP:BUSP::11472190,st_struct_pedestal/69378,st_struct_pedestal/69416
ug_route/162459,OSP:FBSP:C667446,st_struct_pedestal/68986,st_struct_pedestal/68714
ug_route/162460,OSP:FBSP:C651241,st_struct_pedestal/70007,mywcom_route_junction/21604
ug_route/162461,OSP:BUSP::9514112,st_struct_pedestal/67463,st_struct_pedestal/70734
ug_route/162462,OSP:FBSP:C644233,st_struct_pedestal/67415,st_struct_pedestal/70599
ug_route/162463,OSP:BUSP::9490784,mywcom_route_junction/21540,st_struct_pedestal/68501
ug_route/162464,OSP:BUSP:C644229,st_struct_pedestal/69705,st_struct_pedestal/68756
ug_route/162465,OSP:BUSP:C646442,st_struct_pedestal/67285,building/50734
ug_route/162466,OSP:BUSP:C660115,st_struct_pedestal/69121,building/48978
ug_route/162467,OSP:FBSP:C705529,building/49314,building/51036
ug_route/162468,OSP:FBSP:C651585,st_struct_pedestal/67550,st_struct_pedestal/68496
ug_route/162469,OSP:FBSP:C663416,st_struct_pedestal/70457,st_struct_pedestal/69496
ug_route/162470,OSP:BUSP::9454916,st_struct_pedestal/69092,st_struct_pedestal/68655
ug_route/162471,OSP:BUSP::9505780,st_struct_pedestal/67107,st_struct_pedestal/70599
ug_route/162472,OSP:FBSP::14494981,st_struct_pedestal/69826,building/51275
ug_route/162473,OSP:FBSP:C663675,st_struct_pedestal/68117,building/49816
ug_route/162474,OSP:FBSP:C644509,st_struct_pedestal/68231,st_struct_pedestal/70297
ug_route/162475,OSP:BUSP::9460129,st_struct_pedestal/70125,st_struct_pedestal/69264
ug_route/162476,OSP:BUSP::9430927,st_struct_pedestal/70437,st_struct_pedestal/68227
ug_route/162477,OSP:FBSP:C658202,st_struct_pedestal/68893,st_struct_pedestal/69217
ug_route/162478,OSP:BUSP::9520205,st_struct_pedestal/69551,st_struct_pedestal/69648
ug_route/162479,OSP:FBSP:C662352,st_struct_pedestal/69584,building/50152
ug_route/162480,OSP:BUSP::9433143,st_struct_pedestal/69157,st_struct_pedestal/69636
ug_route/162481,OSP:BUSP::16795213,mywcom_route_junction/20952,mywcom_route_junction/21730
ug_route/162482,OSP:FBSP:C663362,st_struct_pedestal/70035,st_struct_pedestal/69480
ug_route/162483,OSP:BUSP::9433145,st_struct_pedestal/69791,st_struct_pedestal/67603
ug_route/162484,OSP:FBSP:C645765,st_struct_pedestal/67370,cabinet/2495
ug_route/162485,OSP:BUSP:C681723,st_struct_pedestal/68418,building/49358
ug_route/162486,OSP:FBSP:C658203,st_struct_pedestal/69217,st_struct_pedestal/70074
ug_route/162487,OSP:BUSP::9532348,st_struct_pedestal/67364,st_struct_pedestal/70121
ug_route/162488,OSP:BUSP::9454279,st_struct_pedestal/67811,st_struct_pedestal/70383
ug_route/162489,OSP:FBSP:C639519,st_struct_pedestal/67126,st_struct_pedestal/68501
ug_route/162490,OSP:BUSP::9489460,st_struct_pedestal/70333,st_struct_pedestal/67868
ug_route/162491,OSP:FBSP:C649893,st_struct_pedestal/69625,st_struct_pedestal/67489
ug_route/162492,OSP:BUSP::9432834,st_struct_pedestal/70778,st_struct_pedestal/69248
ug_route/162493,OSP:BUSP::9490750,st_struct_pedestal/70507,st_struct_pedestal/67273
ug_route/162494,OSP:BUSP::8716612,mywcom_route_junction/21681,mywcom_route_junction/21999
ug_route/162495,OSP:BUSP::9433144,st_struct_pedestal/69636,st_struct_pedestal/69791
ug_route/162496,OSP:BUSP::11474148,mywcom_route_junction/21780,mywcom_route_junction/21904
ug_route/162497,OSP:FBSP:C644427,st_struct_pedestal/69419,st_struct_pedestal/68978
ug_route/162498,OSP:BUSP::16057847,st_struct_pedestal/69963,st_struct_pedestal/69525
ug_route/162499,OSP:FBSP:C658119,st_struct_pedestal/67046,st_struct_pedestal/67150
ug_route/162500,OSP:FBSP::13098186,st_struct_pedestal/69085,st_struct_pedestal/69588
ug_route/162501,OSP:FORSP::16944901,st_struct_vault/2444,cabinet/2489
ug_route/162502,OSP:FBSP:C651476,st_struct_pedestal/69675,st_struct_pedestal/68353
ug_route/162503,OSP:FBSP::14785212,st_struct_pedestal/68347,st_struct_pedestal/67700
ug_route/162504,OSP:BUSP::16057850,st_struct_pedestal/68359,mywcom_route_junction/20985
ug_route/162505,OSP:BUSP::9489144,st_struct_pedestal/68994,st_struct_pedestal/69419
ug_route/162506,OSP:FBSP:C662207,st_struct_pedestal/67672,building/49924
ug_route/162507,OSP:BUSP:C666303,pole/41443,pole/40818
ug_route/162508,OSP:BUSP::9532352,st_struct_pedestal/68496,st_struct_pedestal/67550
ug_route/162509,OSP:BUSP::10727545,mywcom_route_junction/21167,building/48878
ug_route/162510,OSP:BUSP::15987446,building/51338,building/51381
ug_route/162511,OSP:FBSP:C651583,st_struct_pedestal/67953,st_struct_pedestal/67550
ug_route/162512,OSP:BUSP::9532666,st_struct_pedestal/68231,st_struct_pedestal/70297
ug_route/162513,OSP:FBSP:C644466,st_struct_pedestal/67541,st_struct_pedestal/68927
ug_route/162514,OSP:FBSP:C651275,st_struct_pedestal/69401,st_struct_pedestal/69510
ug_route/162515,OSP:FBSP:C657975,st_struct_pedestal/68306,st_struct_pedestal/70336
ug_route/162516,OSP:BUSP:C657864,st_struct_pedestal/67955,st_struct_pedestal/69071
ug_route/162517,OSP:FBSP:C644454,st_struct_pedestal/69676,st_struct_pedestal/68788
ug_route/162518,OSP:FBSP::14321588,pole/42494,st_struct_pedestal/69149
ug_route/162519,OSP:BUSP::10878262,st_struct_pedestal/67720,st_struct_pedestal/68363
ug_route/162520,OSP:FBSP:C668398,building/51188,building/49465
ug_route/162521,OSP:BUSP:C650812,mywcom_route_junction/21190,st_struct_pedestal/67670
ug_route/162522,OSP:FBSP:C711683,st_struct_pedestal/70465,building/48856
ug_route/162523,OSP:BUSP::9531704,cabinet/2495,st_struct_pedestal/67370
ug_route/162524,OSP:FBSP::10675446,st_struct_pedestal/68872,st_struct_pedestal/69556
ug_route/162525,OSP:FBSP:C651354,st_struct_pedestal/69156,st_struct_pedestal/70516
ug_route/162526,OSP:BUSP::9505781,st_struct_pedestal/70599,st_struct_pedestal/67415
ug_route/162527,OSP:BUSP::12764810,pole/40918,building/49972
ug_route/162528,OSP:BUSP:C657372,mywcom_route_junction/21638,st_struct_pedestal/69670
ug_route/162529,OSP:BUSP::9505788,st_struct_pedestal/68756,st_struct_pedestal/69705
ug_route/162530,OSP:FBSP:C658114,st_struct_pedestal/70357,st_struct_pedestal/67046
ug_route/162531,OSP:BUSP::9466753,st_struct_pedestal/70074,st_struct_pedestal/69217
ug_route/162532,OSP:BUSP::9447260,st_struct_pedestal/70035,st_struct_pedestal/69480
ug_route/162533,OSP:FBSP:C644469,st_struct_pedestal/67490,st_struct_pedestal/67541
ug_route/162534,OSP:BUSP:C646520,st_struct_pedestal/70822,st_struct_pedestal/69359
ug_route/162535,OSP:BUSP::15970491,st_struct_pedestal/70465,building/48856
ug_route/162536,OSP:BUSP::10282432,st_struct_pedestal/67831,st_struct_pedestal/67062
ug_route/162537,OSP:BUSP::10854580,pole/41201,st_struct_pedestal/70173
ug_route/162538,OSP:BUSP::10679222,pole/41190,building/49751
ug_route/162539,OSP:FBSP:C704893,st_struct_pedestal/67268,st_struct_pedestal/70787
ug_route/162540,OSP:BUSP::9489145,st_struct_pedestal/69419,st_struct_pedestal/68978
ug_route/162541,OSP:FBSP::8331982,st_struct_pedestal/68546,st_struct_pedestal/68327
ug_route/162542,OSP:FBSP:C647904,pole/40610,mywcom_route_junction/21392
ug_route/162543,OSP:BUSP::10668043,st_struct_pedestal/69917,building/50924
ug_route/162544,OSP:BUSP::10727540,mywcom_route_junction/21430,building/51082
ug_route/162545,OSP:BUSP:C650559,mywcom_route_junction/21605,mywcom_route_junction/21488
ug_route/162546,OSP:BUSP::9513469,st_struct_pedestal/69625,st_struct_pedestal/67489
ug_route/162547,OSP:BUSP:C667755,pole/40801,pole/41510
ug_route/162548,OSP:FBSP::15598993,st_struct_pedestal/67042,building/48997
ug_route/162549,OSP:BUSP::11417624,st_struct_pedestal/70455,mywcom_route_junction/21232
ug_route/162550,OSP:BUSP:C654583,st_struct_pedestal/68062,building/50483
ug_route/162551,OSP:FBSP:C642407,st_struct_pedestal/68466,st_struct_pedestal/68579
ug_route/162552,OSP:BUSP::9490770,st_struct_pedestal/70362,st_struct_pedestal/67444
ug_route/162553,OSP:BUSP::9504185,st_struct_pedestal/68613,st_struct_pedestal/70503
ug_route/162554,OSP:BUSP::15977525,pole/42141,building/51426
ug_route/162555,OSP:BUSP::9532353,st_struct_pedestal/67550,st_struct_pedestal/67953
ug_route/162556,OSP:BUSP::9531734,st_struct_pedestal/67541,st_struct_pedestal/68927
ug_route/162557,OSP:BUSP::9522434,st_struct_pedestal/69401,st_struct_pedestal/69510
ug_route/162558,OSP:FBSP:C640639,mywcom_route_junction/21211,pole/42775
ug_route/162559,OSP:FBSP:C704906,pole/40548,building/50829
ug_route/162560,OSP:BUSP::10267114,st_struct_pedestal/67046,st_struct_pedestal/67150
ug_route/162561,OSP:BUSP::9531739,st_struct_pedestal/69676,st_struct_pedestal/68788
ug_route/162562,OSP:BUSP:C650855,st_struct_pedestal/68350,st_struct_pedestal/70502
ug_route/162563,OSP:BUSP::10274150,st_struct_pedestal/67795,st_struct_pedestal/69371
ug_route/162564,OSP:BUSP::9531726,st_struct_pedestal/68872,st_struct_pedestal/69556
ug_route/162565,OSP:FBSP:C711773,st_struct_pedestal/70663,st_struct_pedestal/67773
ug_route/162566,OSP:BUSP::11417622,st_struct_pedestal/67783,st_struct_pedestal/69623
ug_route/162567,OSP:BUSP::9520207,st_struct_pedestal/69156,st_struct_pedestal/70516
ug_route/162568,OSP:BUSP:C650884,st_struct_pedestal/69031,mywcom_route_junction/21729
ug_route/162569,OSP:BUSP::8588674,mywcom_route_junction/21770,mywcom_route_junction/21108
ug_route/162570,OSP:BUSP::9447577,st_struct_pedestal/68983,st_struct_pedestal/67199
ug_route/162571,OSP:BUSP:C650244,st_struct_pedestal/70762,building/50825
ug_route/162572,OSP:BUSP:C652651,st_struct_pedestal/67139,st_struct_pedestal/69849
ug_route/162573,OSP:BUSP::9528192,st_struct_pedestal/70787,st_struct_pedestal/67268
ug_route/162574,OSP:BUSP:C651332,st_struct_pedestal/68707,building/49936
ug_route/162575,OSP:FBSP:C650385,st_struct_pedestal/67572,building/49192
ug_route/162576,OSP:BUSP::17062026,mywcom_route_junction/21895,st_struct_pedestal/70298
ug_route/162577,OSP:BUSP::16795170,mywcom_route_junction/21176,mywcom_route_junction/21667
ug_route/162578,OSP:BUSP::14956728,st_struct_pedestal/69371,st_struct_pedestal/67795
ug_route/162579,OSP:BUSP::9447560,st_struct_pedestal/70336,st_struct_pedestal/68306
ug_route/162580,OSP:FORSP::16956646,st_struct_vault/2441,st_struct_vault/2418
ug_route/162581,OSP:BUSP:C683081,st_struct_pedestal/70446,building/49208
ug_route/162582,OSP:BUSP::9531733,st_struct_pedestal/67490,st_struct_pedestal/67541
ug_route/162583,OSP:BUSP::10273186,st_struct_pedestal/67973,st_struct_pedestal/69883
ug_route/162584,OSP:BUSP::10273149,mywcom_route_junction/20898,st_struct_pedestal/68322
ug_route/162585,OSP:FBSP:C657967,st_struct_pedestal/70480,st_struct_pedestal/68189
ug_route/162586,OSP:BUSP:C654205,mywcom_route_junction/21349,mywcom_route_junction/21773
ug_route/162587,OSP:FBSP::10914428,st_struct_pedestal/67948,building/50428
ug_route/162588,OSP:FBSP:C667230,st_struct_pedestal/67259,st_struct_pedestal/67486
ug_route/162589,OSP:FBSP::8572942,st_struct_pedestal/70026,st_struct_pedestal/70366
ug_route/162590,OSP:FBSP::8572615,mywcom_route_junction/21007,st_struct_pedestal/67483
ug_route/162591,OSP:FBSP::10128828,st_struct_pedestal/70667,st_struct_pedestal/67565
ug_route/162592,OSP:BUSP:C652000,st_struct_pedestal/69165,building/49214
ug_route/162593,OSP:FBSP:C704912,st_struct_pedestal/70031,st_struct_pedestal/69557
ug_route/162594,OSP:BUSP::8588675,mywcom_route_junction/21620,mywcom_route_junction/21188
ug_route/162595,OSP:FBSP:C651402,st_struct_pedestal/70734,st_struct_pedestal/68729
ug_route/162596,OSP:BUSP::16789189,mywcom_route_junction/21821,mywcom_route_junction/21028
ug_route/162597,OSP:FBSP:C646015,st_struct_pedestal/67453,st_struct_pedestal/67990
ug_route/162598,OSP:FBSP:C658200,st_struct_pedestal/67219,st_struct_pedestal/70732
ug_route/162599,OSP:FBSP:C651434,st_struct_pedestal/70605,st_struct_pedestal/67272
ug_route/162600,OSP:FBSP:C704911,st_struct_pedestal/68729,st_struct_pedestal/70031
ug_route/162601,OSP:BUSP:C667959,st_struct_pedestal/68535,st_struct_buried_splice_location/2711
ug_route/162602,OSP:BUSP::15995451,mywcom_route_junction/21132,building/50733
ug_route/162603,OSP:BUSP:C660946,st_struct_pedestal/67173,building/50390
ug_route/162604,OSP:FBSP::7625124,st_struct_pedestal/68288,building/49569
ug_route/162605,OSP:BUSP::11890473,st_struct_pedestal/70451,mywcom_route_junction/21853
ug_route/162606,OSP:BUSP::9279174,st_struct_pedestal/69650,pole/41622
ug_route/162607,OSP:BUSP::10727549,st_struct_pedestal/70776,building/49120
ug_route/162608,OSP:BUSP:C680741,st_struct_pedestal/67425,st_struct_pedestal/68098
ug_route/162609,OSP:FBSP::10128824,st_struct_pedestal/67770,st_struct_pedestal/68034
ug_route/162610,OSP:BUSP::9432831,mywcom_route_junction/21435,st_struct_pedestal/70244
ug_route/162611,OSP:BUSP::9454963,st_struct_pedestal/70357,st_struct_pedestal/67046
ug_route/162612,OSP:FBSP:C651676,st_struct_pedestal/68357,st_struct_pedestal/68732
ug_route/162613,OSP:FBSP:C642382,st_struct_pedestal/68226,st_struct_pedestal/67055
ug_route/162614,OSP:FBSP::13098249,st_struct_pedestal/70452,st_struct_pedestal/69082
ug_route/162615,OSP:FBSP:C708951,st_struct_pedestal/68501,st_struct_pedestal/67619
ug_route/162616,OSP:FBSP::13098181,st_struct_pedestal/67769,st_struct_pedestal/67091
ug_route/162617,OSP:BUSP::8711812,mywcom_route_junction/21603,mywcom_route_junction/21052
ug_route/162618,OSP:FBSP:C651477,st_struct_pedestal/68353,st_struct_pedestal/69160
ug_route/162619,OSP:BUSP:C641751,st_struct_pedestal/68075,building/48736
ug_route/162620,OSP:BUSP::8592136,pole/42529,pole/40580
ug_route/162621,OSP:BUSP:C653179,st_struct_pedestal/68412,building/50572
ug_route/162622,OSP:FBSP::8500969,st_struct_pedestal/69761,st_struct_pedestal/67496
ug_route/162623,OSP:BUSP:C648354,st_struct_pedestal/67983,st_struct_pedestal/69593
ug_route/162624,OSP:FBSP:C668408,st_struct_pedestal/69842,building/49216
ug_route/162625,OSP:BUSP:C643670,st_struct_pedestal/68693,st_struct_pedestal/67454
ug_route/162626,OSP:BUSP::10881492,pole/41139,building/50886
ug_route/162627,OSP:BUSP:C706164,st_struct_pedestal/67648,st_struct_pedestal/67398
ug_route/162628,OSP:FBSP:C658199,st_struct_pedestal/69957,st_struct_pedestal/67219
ug_route/162629,OSP:BUSP::9531728,st_struct_pedestal/69160,st_struct_pedestal/68353
ug_route/162630,OSP:BUSP:C644036,st_struct_pedestal/69446,st_struct_buried_splice_location/2657
ug_route/162631,OSP:BUSP::10720820,st_struct_pedestal/67583,building/51102
ug_route/162632,OSP:FBSP::10128830,st_struct_pedestal/67565,st_struct_pedestal/69512
ug_route/162633,OSP:BUSP::9522427,st_struct_pedestal/67216,st_struct_pedestal/68595
ug_route/162634,OSP:FBSP::17060916,pole/42323,building/49641
ug_route/162635,OSP:BUSP:C641516,st_struct_pedestal/67392,st_struct_pedestal/67646
ug_route/162636,OSP:BUSP::9466746,st_struct_pedestal/70732,st_struct_pedestal/67219
ug_route/162637,OSP:FBSP::8397592,st_struct_pedestal/67401,building/48940
ug_route/162638,OSP:FBSP:C653435,st_struct_pedestal/67594,st_struct_pedestal/68110
ug_route/162639,OSP:BUSP:C643995,st_struct_pedestal/69814,st_struct_pedestal/69879
ug_route/162640,OSP:BUSP:C644010,st_struct_pedestal/70222,st_struct_pedestal/69386
ug_route/162641,OSP:BUSP::9447264,st_struct_pedestal/68189,st_struct_pedestal/70480
ug_route/162642,OSP:FBSP:C651471,st_struct_pedestal/70777,st_struct_pedestal/67937
ug_route/162643,OSP:BUSP:C639814,st_struct_pedestal/69846,st_struct_pedestal/68419
ug_route/162644,OSP:BUSP:C657363,st_struct_pedestal/70763,pole/41946
ug_route/162645,OSP:BUSP::9528829,st_struct_pedestal/69227,st_struct_pedestal/68986
ug_route/162646,OSP:BUSP:C647761,st_struct_pedestal/69039,st_struct_pedestal/67357
ug_route/162647,OSP:FBSP:C639742,st_struct_pedestal/68456,st_struct_pedestal/67372
ug_route/162648,OSP:BUSP::9514109,st_struct_pedestal/69557,st_struct_pedestal/70031
ug_route/162649,OSP:BUSP::11470927,mywcom_route_junction/21943,mywcom_route_junction/21221
ug_route/162650,OSP:FBSP::13098248,st_struct_pedestal/68700,st_struct_pedestal/70452
ug_route/162651,OSP:BUSP::9451444,st_struct_pedestal/67398,st_struct_pedestal/67648
ug_route/162652,OSP:BUSP::9432821,st_struct_pedestal/69880,st_struct_pedestal/67866
ug_route/162653,OSP:FBSP:C663368,st_struct_pedestal/69213,st_struct_pedestal/68119
ug_route/162654,OSP:BUSP::9493631,st_struct_pedestal/67486,st_struct_pedestal/67259
ug_route/162655,OSP:BUSP::9432823,st_struct_pedestal/68326,st_struct_pedestal/70484
ug_route/162656,OSP:BUSP::9466482,st_struct_pedestal/69957,st_struct_pedestal/69831
ug_route/162657,OSP:FBSP::13098115,st_struct_pedestal/69082,st_struct_pedestal/67201
ug_route/162658,OSP:BUSP:C680738,st_struct_pedestal/69144,st_struct_pedestal/67425
ug_route/162659,OSP:FBSP:C651438,st_struct_pedestal/70815,st_struct_pedestal/70776
ug_route/162660,OSP:FBSP:C651601,st_struct_pedestal/70735,st_struct_pedestal/70736
ug_route/162661,OSP:FBSP::8061906,st_struct_pedestal/67897,building/49188
ug_route/162662,OSP:BUSP::9514110,st_struct_pedestal/70031,st_struct_pedestal/68729
ug_route/162663,OSP:FBSP:C705600,building/50703,building/49565
ug_route/162664,OSP:BUSP:C667070,st_struct_pedestal/67604,pole/41091
ug_route/162665,OSP:BUSP:C656375,mywcom_route_junction/21158,mywcom_route_junction/20956
ug_route/162666,OSP:FBSP:C709975,st_struct_pedestal/68923,building/49261
ug_route/162667,OSP:BUSP::16788468,mywcom_route_junction/21248,mywcom_route_junction/21730
ug_route/162668,OSP:FBSP:C651118,st_struct_pedestal/67670,building/51011
ug_route/162669,OSP:BUSP::9490747,st_struct_pedestal/68226,st_struct_pedestal/67055
ug_route/162670,OSP:FBSP:C644428,st_struct_pedestal/68978,st_struct_pedestal/67623
ug_route/162671,OSP:BUSP::8189718,st_struct_pedestal/67983,pole/41952
ug_route/162672,OSP:FBSP::13098247,st_struct_pedestal/68404,st_struct_pedestal/68700
ug_route/162673,OSP:BUSP::9411416,pole/41297,pole/40620
ug_route/162674,OSP:BUSP::9514101,st_struct_pedestal/68732,st_struct_pedestal/68357
ug_route/162675,OSP:FBSP:C667420,st_struct_pedestal/69714,st_struct_pedestal/69729
ug_route/162676,OSP:FBSP::13098180,st_struct_pedestal/67201,st_struct_pedestal/67769
ug_route/162677,OSP:BUSP::9496190,mywcom_route_junction/21615,st_struct_pedestal/68623
ug_route/162678,OSP:BUSP::9466742,st_struct_pedestal/67219,st_struct_pedestal/69957
ug_route/162679,OSP:BUSP::9490742,st_struct_pedestal/68501,st_struct_pedestal/67619
ug_route/162680,OSP:FBSP:C654493,pole/42444,mywcom_route_junction/21286
ug_route/162681,OSP:FBSP::13041925,st_struct_pedestal/69208,st_struct_pedestal/70199
ug_route/162682,OSP:FBSP::12052988,st_struct_pedestal/70060,mywcom_route_junction/21307
ug_route/162683,OSP:BUSP:C652639,mywcom_route_junction/21974,mywcom_route_junction/21478
ug_route/162684,OSP:FBSP:C646008,st_struct_pedestal/69494,st_struct_pedestal/69893
ug_route/162685,OSP:BUSP::9531744,st_struct_pedestal/70777,st_struct_pedestal/67937
ug_route/162686,OSP:FBSP:C651462,st_struct_pedestal/68882,st_struct_pedestal/70371
ug_route/162687,OSP:BUSP:C652645,st_struct_pedestal/67270,st_struct_pedestal/67139
ug_route/162688,OSP:BUSP::16013391,pole/42130,building/48815
ug_route/162689,OSP:FBSP:C711726,st_struct_pedestal/68458,building/49035
ug_route/162690,OSP:FBSP::8415823,st_struct_pedestal/70771,st_struct_pedestal/69995
ug_route/162691,OSP:BUSP:C645825,st_struct_pedestal/67180,st_struct_pedestal/69934
ug_route/162692,OSP:FBSP:C651978,pole/40525,mywcom_route_junction/21751
ug_route/162693,OSP:BUSP::9269896,mywcom_route_junction/21385,st_struct_pedestal/69464
ug_route/162694,OSP:BUSP::10267075,st_struct_pedestal/68119,st_struct_pedestal/69213
ug_route/162695,OSP:BUSP::8589575,st_struct_pedestal/68827,building/50267
ug_route/162696,OSP:FBSP:C639769,st_struct_pedestal/67355,st_struct_pedestal/67931
ug_route/162697,OSP:BUSP:C646094,st_struct_pedestal/67963,st_struct_pedestal/68220
ug_route/162698,OSP:BUSP::9490786,st_struct_pedestal/69846,st_struct_pedestal/68419
ug_route/162699,OSP:FBSP:C643157,st_struct_pedestal/68608,st_struct_pedestal/70785
ug_route/162700,OSP:BUSP:C639057,st_struct_pedestal/70323,building/50482
ug_route/162701,OSP:BUSP::16789192,mywcom_route_junction/21590,mywcom_route_junction/21838
ug_route/162702,OSP:BUSP::13371530,st_struct_pedestal/70712,building/50260
ug_route/162703,OSP:BUSP:C653387,st_struct_pedestal/67134,st_struct_pedestal/69734
ug_route/162704,OSP:BUSP::10668663,st_struct_pedestal/67308,building/50843
ug_route/162705,OSP:BUSP:C644100,st_struct_pedestal/68693,st_struct_pedestal/67454
ug_route/162706,OSP:FBSP::13403158,st_struct_pedestal/69019,mywcom_route_junction/21751
ug_route/162707,OSP:BUSP::8382544,pole/40801,pole/41510
ug_route/162708,OSP:FBSP:C652861,building/49068,mywcom_route_junction/21805
ug_route/162709,OSP:FBSP::8572943,st_struct_pedestal/70366,st_struct_pedestal/70245
ug_route/162710,OSP:BUSP:C663455,st_struct_pedestal/70279,st_struct_pedestal/68975
ug_route/162711,OSP:BUSP::9532661,st_struct_pedestal/70735,st_struct_pedestal/70736
ug_route/162712,OSP:FBSP::11454596,st_struct_pedestal/69948,building/50165
ug_route/162713,OSP:FBSP::11431254,st_struct_pedestal/69661,st_struct_pedestal/69266
ug_route/162714,OSP:FBSP:C651473,st_struct_pedestal/67937,st_struct_pedestal/69675
ug_route/162715,OSP:FBSP:C644410,st_struct_pedestal/68623,mywcom_route_junction/21185
ug_route/162716,OSP:FBSP:C657969,st_struct_pedestal/68818,st_struct_pedestal/67615
ug_route/162717,OSP:FBSP:C667225,st_struct_pedestal/70503,mywcom_route_junction/21949
ug_route/162718,OSP:BUSP::10756986,st_struct_pedestal/69766,building/50432
ug_route/162719,OSP:BUSP::9531384,st_struct_pedestal/68110,st_struct_pedestal/67594
ug_route/162720,OSP:BUSP:C706165,st_struct_pedestal/67648,st_struct_pedestal/67398
ug_route/162721,OSP:FBSP::13098185,st_struct_pedestal/67934,st_struct_pedestal/69085
ug_route/162722,OSP:FBSP:C663395,st_struct_pedestal/69157,st_struct_pedestal/69424
ug_route/162723,OSP:FBSP::13098188,st_struct_pedestal/68762,st_struct_pedestal/70666
ug_route/162724,OSP:BUSP:C667598,st_struct_pedestal/70628,st_struct_pedestal/67051
ug_route/162725,OSP:BUSP::11853992,pole/42468,building/51263
ug_route/162726,OSP:BUSP::10878274,mywcom_route_junction/21694,st_struct_pedestal/68827
ug_route/162727,OSP:BUSP::9451811,pole/42838,st_struct_pedestal/69593
ug_route/162728,OSP:BUSP::9490745,st_struct_pedestal/70235,st_struct_pedestal/68760
ug_route/162729,OSP:FBSP::10914429,st_struct_pedestal/67948,building/50392
ug_route/162730,OSP:FBSP:C644452,st_struct_pedestal/68788,st_struct_pedestal/67161
ug_route/162731,OSP:FBSP::13044282,st_struct_pedestal/69429,building/50290
ug_route/162732,OSP:BUSP::9489146,st_struct_pedestal/68978,st_struct_pedestal/67623
ug_route/162733,OSP:BUSP::9531742,st_struct_pedestal/68882,st_struct_pedestal/70371
ug_route/162734,OSP:BUSP:C669952,st_struct_pedestal/69438,building/51180
ug_route/162735,OSP:FBSP::8440154,st_struct_pedestal/67564,st_struct_pedestal/69340
ug_route/162736,OSP:BUSP:C649889,st_struct_pedestal/69042,st_struct_pedestal/69625
ug_route/162737,OSP:FBSP:C654970,st_struct_pedestal/69641,building/49778
ug_route/162738,OSP:FBSP:C642956,st_struct_pedestal/70317,st_struct_pedestal/67308
ug_route/162739,OSP:BUSP::9490433,st_struct_pedestal/69097,st_struct_pedestal/68728
ug_route/162740,OSP:BUSP::8572937,st_struct_pedestal/67373,st_struct_pedestal/68415
ug_route/162741,OSP:BUSP:C656655,st_struct_buried_splice_location/2735,st_struct_pedestal/69247
ug_route/162742,OSP:BUSP:C641774,st_struct_pedestal/68519,building/49563
ug_route/162743,OSP:FBSP::13098113,st_struct_pedestal/68543,st_struct_pedestal/69336
ug_route/162744,OSP:BUSP::9531727,st_struct_pedestal/69556,st_struct_pedestal/69160
ug_route/162745,OSP:FBSP::9978740,st_struct_pedestal/69596,building/51435
ug_route/162746,OSP:FBSP:C663359,st_struct_pedestal/67737,st_struct_pedestal/68461
ug_route/162747,OSP:BUSP::8618694,st_struct_pedestal/68219,building/50866
ug_route/162748,OSP:FBSP::8424134,st_struct_pedestal/67543,st_struct_pedestal/69224
ug_route/162749,OSP:FBSP::13721859,st_struct_pedestal/67534,st_struct_pedestal/68085
ug_route/162750,OSP:FBSP:C657968,st_struct_pedestal/67615,st_struct_pedestal/70480
ug_route/162751,OSP:BUSP::9531740,st_struct_pedestal/68788,st_struct_pedestal/67161
ug_route/162752,OSP:BUSP::9549300,st_struct_pedestal/67134,st_struct_pedestal/69734
ug_route/162753,OSP:BUSP:C680780,st_struct_pedestal/70083,st_struct_pedestal/69418
ug_route/162754,OSP:BUSP::9493753,st_struct_pedestal/69714,st_struct_pedestal/69729
ug_route/162755,OSP:FBSP:C663372,st_struct_pedestal/69040,st_struct_pedestal/70064
ug_route/162756,OSP:BUSP:C651981,st_struct_pedestal/68513,building/51016
ug_route/162757,OSP:FBSP::8424135,st_struct_pedestal/69224,st_struct_pedestal/70509
ug_route/162758,OSP:FBSP:C663356,st_struct_pedestal/70520,st_struct_pedestal/70555
ug_route/162759,OSP:FBSP:C643177,mywcom_route_junction/21452,st_struct_pedestal/70244
ug_route/162760,OSP:FBSP:C663357,st_struct_pedestal/70555,st_struct_pedestal/67737
ug_route/162761,OSP:BUSP::13819451,building/49320,building/50113
ug_route/162762,OSP:BUSP::9531745,st_struct_pedestal/67937,st_struct_pedestal/69675
ug_route/162763,OSP:FBSP:C651479,st_struct_pedestal/69160,st_struct_pedestal/69556
ug_route/162764,OSP:BUSP::13598967,mywcom_route_junction/21116,st_struct_pedestal/69029
ug_route/162765,OSP:BUSP::8592141,cabinet/2510,pole/41330
ug_route/162766,OSP:FBSP:C663361,st_struct_pedestal/68461,st_struct_pedestal/70035
ug_route/162767,OSP:FBSP:C651497,st_struct_pedestal/67493,st_struct_pedestal/68970
ug_route/162768,OSP:BUSP::9433141,st_struct_pedestal/70458,mywcom_route_junction/21864
ug_route/162769,OSP:BUSP:C645491,mywcom_route_junction/20984,st_struct_pedestal/69464
ug_route/162770,OSP:BUSP:C668021,st_struct_pedestal/68846,mywcom_route_junction/21337
ug_route/162771,OSP:FBSP:C654497,pole/42444,mywcom_route_junction/21286
ug_route/162772,OSP:FBSP:C654032,st_struct_pedestal/70124,building/49446
ug_route/162773,OSP:BUSP:C661020,mywcom_route_junction/21359,mywcom_route_junction/21494
ug_route/162774,OSP:FBSP:C651822,st_struct_pedestal/70521,st_struct_pedestal/69364
ug_route/162775,OSP:FBSP:C706375,st_struct_pedestal/69477,st_struct_pedestal/69425
ug_route/162776,OSP:BUSP::9447556,st_struct_pedestal/67615,st_struct_pedestal/68818
ug_route/162777,OSP:FBSP:C705107,st_struct_pedestal/68190,mywcom_route_junction/21810
ug_route/162778,OSP:BUSP:C660587,st_struct_pedestal/70230,building/49360
ug_route/162779,OSP:BUSP::14457207,st_struct_pedestal/68962,st_struct_pedestal/70292
ug_route/162780,OSP:FBSP:C652665,st_struct_pedestal/67270,st_struct_pedestal/69721
ug_route/162781,OSP:BUSP::11472194,st_struct_pedestal/69296,st_struct_pedestal/67861
ug_route/162782,OSP:FBSP::13679962,st_struct_pedestal/68298,building/51265
ug_route/162783,OSP:BUSP::9440508,st_struct_pedestal/70317,st_struct_pedestal/67308
ug_route/162784,OSP:BUSP:C660131,st_struct_pedestal/69196,building/49712
ug_route/162785,OSP:BUSP:C662297,st_struct_pedestal/69980,mywcom_route_junction/21334
ug_route/162786,OSP:BUSP::9433142,st_struct_pedestal/69424,st_struct_pedestal/69157
ug_route/162787,OSP:FBSP:C670590,pole/42238,building/51086
ug_route/162788,OSP:BUSP:C659767,pole/42211,st_struct_pedestal/69146
ug_route/162789,OSP:FBSP:C662163,st_struct_pedestal/70432,building/49342
ug_route/162790,OSP:FBSP:C656459,mywcom_route_junction/21920,building/50892
ug_route/162791,OSP:FBSP:C668852,cabinet/2441,building/49286
ug_route/162792,OSP:BUSP::9453943,st_struct_pedestal/70064,st_struct_pedestal/69040
ug_route/162793,OSP:BUSP:C662522,building/50897,building/49938
ug_route/162794,OSP:BUSP:C660347,st_struct_pedestal/68827,mywcom_route_junction/21548
ug_route/162795,OSP:FORSP:C710108,mywcom_route_junction/21887,pole/40618
ug_route/162796,OSP:BUSP:C667149,mywcom_route_junction/22026,mywcom_route_junction/21287
ug_route/162797,OSP:FBSP::13098250,st_struct_pedestal/68269,st_struct_pedestal/69965
ug_route/162798,OSP:BUSP:C657139,mywcom_route_junction/21710,st_struct_pedestal/67827
ug_route/162799,OSP:BUSP::9454922,st_struct_pedestal/68608,st_struct_pedestal/70785
ug_route/162800,OSP:BUSP:C643717,mywcom_route_junction/21343,st_struct_pedestal/70677
ug_route/162801,OSP:BUSP::9447256,st_struct_pedestal/67737,st_struct_pedestal/68461
ug_route/162802,OSP:BUSP:C669712,mywcom_route_junction/20927,st_struct_pedestal/69242
ug_route/162803,OSP:FBSP:C671236,st_struct_pedestal/67715,st_struct_pedestal/68109
ug_route/162804,OSP:BUSP:C671234,st_struct_pedestal/67715,st_struct_pedestal/68109
ug_route/162805,OSP:BUSP:C708333,mywcom_route_junction/21104,mywcom_route_junction/21338
ug_route/162806,OSP:BUSP::15352269,pole/42238,building/51086
ug_route/162807,OSP:FBSP::8400460,pole/42499,building/51248
ug_route/162808,OSP:BUSP::9447255,st_struct_pedestal/70555,st_struct_pedestal/67737
ug_route/162809,OSP:BUSP:C649000,st_struct_pedestal/69465,building/50928
ug_route/162810,OSP:BUSP::9447252,st_struct_pedestal/70520,st_struct_pedestal/70555
ug_route/162811,OSP:BUSP:C662372,st_struct_pedestal/70432,pole/41830
ug_route/162812,OSP:FBSP:C651399,st_struct_pedestal/68228,st_struct_pedestal/70734
ug_route/162813,OSP:BUSP::9447267,st_struct_pedestal/70480,st_struct_pedestal/67615
ug_route/162814,OSP:FBSP::8331987,st_struct_pedestal/70833,st_struct_pedestal/67850
ug_route/162815,OSP:BUSP:C643948,mywcom_route_junction/21068,st_struct_pedestal/67778
ug_route/162816,OSP:BUSP::8381905,st_struct_pedestal/69877,st_struct_pedestal/70164
ug_route/162817,OSP:FBSP::7625130,pole/40599,building/50837
ug_route/162818,OSP:BUSP::9447258,st_struct_pedestal/68461,st_struct_pedestal/70035
ug_route/162819,OSP:BUSP:C660147,st_struct_pedestal/67858,st_struct_pedestal/67725
ug_route/162820,OSP:BUSP:C656080,cabinet/2492,st_struct_pedestal/69138
ug_route/162821,OSP:FBSP:C651306,st_struct_pedestal/68221,st_struct_pedestal/68559
ug_route/162822,OSP:BUSP:C645799,st_struct_pedestal/69926,building/50861
ug_route/162823,OSP:FBSP:C651535,st_struct_pedestal/69420,st_struct_pedestal/68463
ug_route/162824,OSP:BUSP::9484086,st_struct_pedestal/69425,st_struct_pedestal/69477
ug_route/162825,OSP:FBSP:C643062,st_struct_pedestal/70458,st_struct_pedestal/68697
ug_route/162826,OSP:BUSP::7948323,st_struct_pedestal/69270,st_struct_pedestal/68010
ug_route/162827,OSP:BUSP::15118967,st_struct_pedestal/70432,pole/41830
ug_route/162828,OSP:FBSP::8537414,st_struct_pedestal/68394,building/49351
ug_route/162829,OSP:BUSP::9442424,st_struct_pedestal/69372,st_struct_pedestal/70030
ug_route/162830,OSP:BUSP::9465843,st_struct_pedestal/67715,st_struct_pedestal/68109
ug_route/162831,OSP:BUSP:C654959,pole/41116,st_struct_buried_splice_location/2713
ug_route/162832,OSP:BUSP::11417594,st_struct_pedestal/69993,st_struct_pedestal/68648
ug_route/162833,OSP:BUSP::16795171,mywcom_route_junction/21666,st_struct_pedestal/70776
ug_route/162834,OSP:BUSP:C650998,st_struct_pedestal/70354,mywcom_route_junction/20894
ug_route/162835,OSP:BUSP:C659075,mywcom_route_junction/21056,mywcom_route_junction/21497
ug_route/162836,OSP:BUSP:C641867,st_struct_pedestal/67642,building/49339
ug_route/162837,OSP:BUSP::16348100,st_struct_pedestal/70671,building/50709
ug_route/162838,OSP:FBSP:C667205,st_struct_pedestal/70254,st_struct_pedestal/69901
ug_route/162839,OSP:FBSP:C656933,st_struct_pedestal/70819,building/50376
ug_route/162840,OSP:FBSP:C668688,st_struct_pedestal/69945,building/50616
ug_route/162841,OSP:FBSP::13098251,st_struct_pedestal/69965,st_struct_pedestal/69338
ug_route/162842,OSP:FBSP::9638580,mywcom_route_junction/21778,st_struct_pedestal/69027
ug_route/162843,OSP:FBSP:C710374,st_struct_pedestal/68400,mywcom_route_junction/21787
ug_route/162844,OSP:BUSP::9520199,st_struct_pedestal/68221,st_struct_pedestal/68559
ug_route/162845,OSP:FBSP:C657973,st_struct_pedestal/70336,st_struct_pedestal/68818
ug_route/162846,OSP:BUSP:C652586,st_struct_pedestal/69417,st_struct_pedestal/68220
ug_route/162847,OSP:BUSP::8489738,st_struct_pedestal/67604,mywcom_route_junction/21032
ug_route/162848,OSP:FBSP:C662486,pole/41493,building/48750
ug_route/162849,OSP:BUSP::9531714,st_struct_pedestal/69420,st_struct_pedestal/68463
ug_route/162850,OSP:FBSP:C655562,st_struct_pedestal/67117,st_struct_pedestal/69123
ug_route/162851,OSP:FBSP:C668496,st_struct_pedestal/69596,building/50603
ug_route/162852,OSP:FBSP:C654009,st_struct_pedestal/69372,st_struct_pedestal/70030
ug_route/162853,OSP:FBSP:C662273,st_struct_pedestal/70065,building/50551
ug_route/162854,OSP:FBSP::13684727,st_struct_pedestal/68392,st_struct_pedestal/68077
ug_route/162855,OSP:FBSP::8572621,st_struct_pedestal/69886,st_struct_pedestal/70081
ug_route/162856,OSP:BUSP::9433489,st_struct_pedestal/68697,st_struct_pedestal/70458
ug_route/162857,OSP:BUSP::9447579,st_struct_pedestal/67199,st_struct_pedestal/68964
ug_route/162858,OSP:BUSP:C643941,st_struct_pedestal/68635,st_struct_pedestal/68524
ug_route/162859,OSP:FBSP:C641843,pole/42006,building/51205
ug_route/162860,OSP:BUSP::9514113,st_struct_pedestal/70734,st_struct_pedestal/68228
ug_route/162861,OSP:BUSP::15966976,st_struct_pedestal/69945,building/50616
ug_route/162862,OSP:FBSP:C643069,st_struct_pedestal/70766,mywcom_route_junction/21499
ug_route/162863,OSP:FBSP:C639770,st_struct_pedestal/67931,st_struct_pedestal/69752
ug_route/162864,OSP:BUSP::11434877,st_struct_pedestal/67839,st_struct_pedestal/68663
ug_route/162865,OSP:BUSP:C643927,st_struct_pedestal/68635,st_struct_pedestal/68524
ug_route/162866,OSP:BUSP::15978165,pole/41493,building/48750
ug_route/162867,OSP:FBSP:C650441,building/50574,building/50764
ug_route/162868,OSP:BUSP:C656888,st_struct_pedestal/70607,building/50731
ug_route/162869,OSP:FBSP:C651467,st_struct_pedestal/70371,st_struct_pedestal/70777
ug_route/162870,OSP:BUSP:C656941,mywcom_route_junction/21956,st_struct_pedestal/70819
ug_route/162871,OSP:FBSP:C663364,st_struct_pedestal/69480,st_struct_pedestal/67728
ug_route/162872,OSP:BUSP::10850104,pole/42562,building/50052
ug_route/162873,OSP:BUSP::9451380,mywcom_route_junction/21230,mywcom_route_junction/21101
ug_route/162874,OSP:BUSP:C650823,st_struct_pedestal/68270,st_struct_pedestal/70305
ug_route/162875,OSP:BUSP::11085102,st_struct_pedestal/67434,st_struct_pedestal/67404
ug_route/162876,OSP:FBSP::13704255,st_struct_vault/2457,st_struct_pedestal/70547
ug_route/162877,OSP:BUSP::10725958,st_struct_pedestal/70521,st_struct_pedestal/69364
ug_route/162878,OSP:BUSP:C707428,cabinet/2429,pole/41056
ug_route/162879,OSP:BUSP::9501966,mywcom_route_junction/21667,mywcom_route_junction/21666
ug_route/162880,OSP:FBSP:C708392,st_struct_pedestal/69298,st_struct_pedestal/67916
ug_route/162881,OSP:FBSP:C655476,st_struct_pedestal/68467,st_struct_pedestal/69380
ug_route/162882,OSP:BUSP:C707687,pole/42538,st_struct_pedestal/67424
ug_route/162883,OSP:BUSP:C668956,st_struct_pedestal/69386,st_struct_pedestal/68939
ug_route/162884,OSP:BUSP:C640138,st_struct_pedestal/70754,building/49725
ug_route/162885,OSP:FBSP::8346076,st_struct_pedestal/68448,st_struct_pedestal/70384
ug_route/162886,OSP:BUSP::9466854,st_struct_pedestal/69886,st_struct_pedestal/70081
ug_route/162887,OSP:BUSP::7622224,st_struct_pedestal/70775,st_struct_pedestal/70807
ug_route/162888,OSP:FBSP:C662404,st_struct_pedestal/70058,building/50808
ug_route/162889,OSP:BUSP::10768203,st_struct_pedestal/70485,building/49973
ug_route/162890,OSP:BUSP::9447558,st_struct_pedestal/68818,st_struct_pedestal/70336
ug_route/162891,OSP:FBSP:C656101,st_struct_pedestal/68284,st_struct_pedestal/68655
ug_route/162892,OSP:FBSP::15608264,st_struct_pedestal/67768,building/48793
ug_route/162893,OSP:FBSP:C660994,st_struct_pedestal/68827,building/51362
ug_route/162894,OSP:BUSP:C653974,st_struct_buried_splice_location/2615,mywcom_route_junction/21679
ug_route/162895,OSP:BUSP::10668998,st_struct_pedestal/70317,building/49027
ug_route/162896,OSP:BUSP::16795169,mywcom_route_junction/21388,mywcom_route_junction/21176
ug_route/162897,OSP:FBSP::11652679,st_struct_pedestal/68600,st_struct_pedestal/69125
ug_route/162898,OSP:BUSP::9451409,mywcom_route_junction/21622,st_struct_pedestal/69514
ug_route/162899,OSP:FBSP:C651418,st_struct_pedestal/68801,st_struct_pedestal/68925
ug_route/162900,OSP:BUSP::9479543,st_struct_pedestal/69458,st_struct_pedestal/70694
ug_route/162901,OSP:BUSP:C651330,st_struct_pedestal/68707,building/50736
ug_route/162902,OSP:BUSP:C661754,st_struct_pedestal/67606,mywcom_route_junction/21082
ug_route/162903,OSP:BUSP::9531743,st_struct_pedestal/70371,st_struct_pedestal/70777
ug_route/162904,OSP:FBSP:C654066,pole/42311,building/49093
ug_route/162905,OSP:FBSP:C662091,st_struct_pedestal/67566,building/50996
ug_route/162906,OSP:BUSP::9492996,st_struct_pedestal/67916,st_struct_pedestal/69298
ug_route/162907,OSP:FBSP:C670098,mywcom_route_junction/21580,building/49156
ug_route/162908,OSP:FBSP:C651432,st_struct_pedestal/68879,st_struct_pedestal/70605
ug_route/162909,OSP:FBSP:C645777,st_struct_pedestal/70786,st_struct_pedestal/68097
ug_route/162910,OSP:BUSP::9433486,mywcom_route_junction/20940,st_struct_pedestal/70766
ug_route/162911,OSP:FBSP::13044491,st_struct_pedestal/67422,st_struct_pedestal/70801
ug_route/162912,OSP:BUSP::8331139,st_struct_pedestal/69150,st_struct_pedestal/68472
ug_route/162913,OSP:FBSP::8331983,st_struct_pedestal/68327,st_struct_pedestal/70018
ug_route/162914,OSP:FBSP::8330099,st_struct_pedestal/69161,st_struct_pedestal/69646
ug_route/162915,OSP:FBSP::8347667,st_struct_pedestal/68414,st_struct_pedestal/70426
ug_route/162916,OSP:BUSP::9455556,st_struct_pedestal/67977,mywcom_route_junction/21515
ug_route/162917,OSP:BUSP::15408884,st_struct_pedestal/68485,building/51405
ug_route/162918,OSP:BUSP:C667656,st_struct_pedestal/69563,st_struct_pedestal/69505
ug_route/162919,OSP:FBSP:C643016,st_struct_pedestal/68028,st_struct_pedestal/69099
ug_route/162920,OSP:BUSP:C642491,st_struct_pedestal/70134,st_struct_pedestal/68713
ug_route/162921,OSP:BUSP:C651047,st_struct_pedestal/67559,building/48880
ug_route/162922,OSP:FBSP::8950854,mywcom_route_junction/21827,st_struct_pedestal/67202
ug_route/162923,OSP:FBSP:C644258,st_struct_pedestal/69737,st_struct_pedestal/67551
ug_route/162924,OSP:BUSP:C649043,st_struct_pedestal/67383,building/50506
ug_route/162925,OSP:BUSP::14932084,st_struct_pedestal/68485,st_struct_pedestal/68457
ug_route/162926,OSP:FBSP::8950867,st_struct_pedestal/69607,mywcom_route_junction/21555
ug_route/162927,OSP:FBSP::13098187,st_struct_pedestal/69588,st_struct_pedestal/68762
ug_route/162928,OSP:BUSP:C654545,cabinet/2509,st_struct_pedestal/70580
ug_route/162929,OSP:BUSP:C655583,st_struct_pedestal/69608,building/50325
ug_route/162930,OSP:FBSP:C651162,st_struct_pedestal/69872,st_struct_pedestal/69854
ug_route/162931,OSP:BUSP:C667603,st_struct_pedestal/67051,mywcom_route_junction/21882
ug_route/162932,OSP:BUSP::8500970,cabinet/2442,st_struct_pedestal/69821
ug_route/162933,OSP:BUSP:C705265,pole/41190,st_struct_pedestal/68621
ug_route/162934,OSP:BUSP::9532342,st_struct_pedestal/68097,st_struct_pedestal/70786
ug_route/162935,OSP:BUSP:C655580,building/50325,st_struct_pedestal/69608
ug_route/162936,OSP:FBSP:C657812,cabinet/2504,building/49604
ug_route/162937,OSP:FBSP:C651824,st_struct_pedestal/69364,st_struct_pedestal/67870
ug_route/162938,OSP:FBSP:C669014,mywcom_route_junction/21495,mywcom_route_junction/21393
ug_route/162939,OSP:BUSP::12613056,mywcom_route_junction/21975,mywcom_route_junction/21228
ug_route/162940,OSP:FBSP:C651774,st_struct_pedestal/70099,st_struct_pedestal/70250
ug_route/162941,OSP:BUSP:C647903,st_struct_pedestal/67750,building/51039
ug_route/162942,OSP:BUSP:C648433,st_struct_pedestal/70802,st_struct_pedestal/68618
ug_route/162943,OSP:BUSP:C660142,st_struct_pedestal/67516,st_struct_pedestal/68948
ug_route/162944,OSP:BUSP:C647314,st_struct_pedestal/70657,building/48966
ug_route/162945,OSP:BUSP::16032244,st_struct_pedestal/68485,st_struct_pedestal/68457
ug_route/162946,OSP:BUSP:C669719,mywcom_route_junction/20927,st_struct_pedestal/68285
ug_route/162947,OSP:BUSP::10720822,st_struct_pedestal/67978,building/48950
ug_route/162948,OSP:FBSP:C651820,st_struct_pedestal/68582,st_struct_pedestal/70521
ug_route/162949,OSP:FBSP:C667452,st_struct_pedestal/68921,st_struct_pedestal/68612
ug_route/162950,OSP:FBSP:C639779,st_struct_pedestal/69478,st_struct_pedestal/67095
ug_route/162951,OSP:FBSP:C705472,st_struct_pedestal/69854,st_struct_pedestal/69504
ug_route/162952,OSP:BUSP:C707412,st_struct_pedestal/68899,st_struct_buried_splice_location/2740
ug_route/162953,OSP:BUSP:C643668,st_struct_pedestal/69866,st_struct_pedestal/68693
ug_route/162954,OSP:FBSP:C705010,st_struct_pedestal/68879,st_struct_pedestal/70605
ug_route/162955,OSP:FBSP:C667315,building/49101,building/50538
ug_route/162956,OSP:BUSP::8348939,mywcom_route_junction/21227,st_struct_pedestal/68451
ug_route/162957,OSP:BUSP::9513463,st_struct_pedestal/68801,st_struct_pedestal/68925
ug_route/162958,OSP:BUSP::9531725,st_struct_pedestal/67493,st_struct_pedestal/68872
ug_route/162959,OSP:BUSP:C656344,st_struct_pedestal/70731,st_struct_pedestal/67523
ug_route/162960,OSP:FBSP::13098189,st_struct_pedestal/70666,st_struct_pedestal/70288
ug_route/162961,OSP:FBSP::16866196,st_struct_pedestal/67258,building/49104
ug_route/162962,OSP:BUSP::16760041,pole/40732,building/48905
ug_route/162963,OSP:FBSP::8365257,st_struct_pedestal/67734,st_struct_pedestal/69646
ug_route/162964,OSP:FBSP:C705652,st_struct_pedestal/67523,mywcom_route_junction/21489
ug_route/162965,OSP:FBSP:C662177,st_struct_pedestal/69944,building/49851
ug_route/162966,OSP:BUSP::10267109,st_struct_pedestal/68655,st_struct_pedestal/68284
ug_route/162967,OSP:FBSP::8365259,st_struct_pedestal/68358,st_struct_pedestal/69743
ug_route/162968,OSP:BUSP:C667664,st_struct_pedestal/69563,st_struct_pedestal/69505
ug_route/162969,OSP:BUSP::9430921,st_struct_pedestal/69099,st_struct_pedestal/68028
ug_route/162970,OSP:BUSP:C667428,st_struct_pedestal/68492,st_struct_pedestal/67406
ug_route/162971,OSP:BUSP::9526911,st_struct_pedestal/69854,st_struct_pedestal/69872
ug_route/162972,OSP:FBSP::8572938,st_struct_pedestal/68415,st_struct_pedestal/70515
ug_route/162973,OSP:BUSP:C669963,st_struct_pedestal/70848,building/50727
ug_route/162974,OSP:BUSP:C662278,st_struct_pedestal/68658,building/51007
ug_route/162975,OSP:BUSP::9441158,mywcom_route_junction/20905,st_struct_pedestal/69306
ug_route/162976,OSP:FBSP:C649988,pole/42571,mywcom_route_junction/20991
ug_route/162977,OSP:BUSP::10271228,st_struct_pedestal/68509,cabinet/2420
ug_route/162978,OSP:FBSP:C666455,st_struct_pedestal/69493,building/51119
ug_route/162979,OSP:FBSP::14570484,pole/42747,st_struct_pedestal/68916
ug_route/162980,OSP:BUSP::11470588,mywcom_route_junction/21675,st_struct_pedestal/68297
ug_route/162981,OSP:BUSP::9490782,mywcom_route_junction/21267,mywcom_route_junction/21540
ug_route/162982,OSP:FBSP:C663625,st_struct_pedestal/68121,building/50534
ug_route/162983,OSP:BUSP::10137989,st_struct_pedestal/69823,st_struct_pedestal/68395
ug_route/162984,OSP:BUSP::9493763,st_struct_pedestal/69737,st_struct_pedestal/67551
ug_route/162985,OSP:BUSP:C655498,st_struct_pedestal/67384,st_struct_pedestal/70234
ug_route/162986,OSP:BUSP::9526910,st_struct_pedestal/69504,st_struct_pedestal/69854
ug_route/162987,OSP:FBSP::10128835,st_struct_pedestal/67299,st_struct_pedestal/67935
ug_route/162988,OSP:BUSP::8603340,st_struct_pedestal/69608,building/50325
ug_route/162989,OSP:BUSP:D8185989,building/50492,building/49433
ug_route/162990,OSP:BUSP:C667470,st_struct_pedestal/69901,mywcom_route_junction/21745
ug_route/162991,OSP:FBSP:C663350,mywcom_route_junction/21370,st_struct_pedestal/69306
ug_route/162992,OSP:BUSP:C668985,st_struct_pedestal/67255,st_struct_pedestal/67907
ug_route/162993,OSP:FBSP:C709577,st_struct_pedestal/69699,building/51423
ug_route/162994,OSP:BUSP::8365253,st_struct_pedestal/68274,st_struct_pedestal/67734
ug_route/162995,OSP:BUSP::7949252,st_struct_pedestal/68010,building/49735
ug_route/162996,OSP:BUSP::9491428,st_struct_pedestal/68612,st_struct_pedestal/68921
ug_route/162997,OSP:BUSP:C648471,st_struct_pedestal/70257,st_struct_pedestal/70714
ug_route/162998,OSP:FBSP::14321589,st_struct_pedestal/69149,st_struct_pedestal/70608
ug_route/162999,OSP:BUSP::9504183,st_struct_pedestal/67406,st_struct_pedestal/68492
ug_route/163000,OSP:BUSP:C647557,pole/42833,st_struct_pedestal/70606
ug_route/163001,OSP:FBSP:C680731,st_struct_pedestal/69773,building/49031
ug_route/163002,OSP:BUSP:C706927,st_struct_pedestal/69121,building/51320
ug_route/163003,OSP:FBSP::13098191,st_struct_pedestal/67088,st_struct_pedestal/68652
ug_route/163004,OSP:BUSP:C659994,st_struct_pedestal/70156,building/50193
ug_route/163005,OSP:FORSP::16954187,st_struct_vault/2432,st_struct_vault/2448
ug_route/163006,OSP:BUSP:C660395,st_struct_buried_splice_location/2697,st_struct_pedestal/68278
ug_route/163007,OSP:FBSP:C643058,st_struct_pedestal/70437,st_struct_pedestal/70458
ug_route/163008,OSP:BUSP:C646021,st_struct_pedestal/70469,st_struct_pedestal/67342
ug_route/163009,OSP:BUSP:C644099,st_struct_pedestal/69866,st_struct_pedestal/68693
ug_route/163010,OSP:BUSP::8384132,building/50591,building/48910
ug_route/163011,OSP:BUSP::8589293,st_struct_pedestal/68919,mywcom_route_junction/21965
ug_route/163012,OSP:BUSP:C650825,st_struct_pedestal/70305,st_struct_pedestal/69940
ug_route/163013,OSP:BUSP:C643336,pole/42203,st_struct_pedestal/70454
ug_route/163014,OSP:BUSP::9513468,st_struct_pedestal/69788,st_struct_pedestal/69625
ug_route/163015,OSP:BUSP:C680739,st_struct_pedestal/67425,st_struct_pedestal/67356
ug_route/163016,OSP:FBSP:C705602,building/50972,building/50318
ug_route/163017,OSP:BUSP:C648184,pole/42347,mywcom_route_junction/21572
ug_route/163018,OSP:BUSP::16795166,mywcom_route_junction/21623,mywcom_route_junction/20903
ug_route/163019,OSP:BUSP::9270602,mywcom_route_junction/21748,st_struct_pedestal/70714
ug_route/163020,OSP:BUSP:C648535,st_struct_pedestal/67944,building/50706
ug_route/163021,OSP:FBSP::8365275,st_struct_pedestal/69746,st_struct_pedestal/67368
ug_route/163022,OSP:BUSP:C649274,st_struct_pedestal/69048,building/50644
ug_route/163023,OSP:FBSP:C645829,st_struct_pedestal/70522,st_struct_pedestal/67979
ug_route/163024,OSP:FBSP::8587345,st_struct_pedestal/68288,building/49605
ug_route/163025,OSP:BUSP:C660117,st_struct_pedestal/69121,building/48919
ug_route/163026,OSP:FBSP:C651811,st_struct_pedestal/68820,st_struct_pedestal/70326
ug_route/163027,OSP:FBSP::8336132,st_struct_pedestal/67850,st_struct_pedestal/70487
ug_route/163028,OSP:FBSP:C651643,st_struct_pedestal/70127,st_struct_pedestal/70306
ug_route/163029,OSP:BUSP::8330695,st_struct_pedestal/67478,st_struct_pedestal/69743
ug_route/163030,OSP:FBSP::8464132,st_struct_pedestal/69493,building/51119
ug_route/163031,OSP:FBSP:C680736,st_struct_pedestal/69144,building/48903
ug_route/163032,OSP:BUSP::9451073,st_struct_pedestal/69940,mywcom_route_junction/21230
ug_route/163033,OSP:BUSP:C659960,st_struct_pedestal/69765,mywcom_route_junction/21758
ug_route/163034,OSP:BUSP::16020418,st_struct_pedestal/67597,building/49542
ug_route/163035,OSP:FBSP::13098182,st_struct_pedestal/67091,st_struct_pedestal/69622
ug_route/163036,OSP:BUSP::10329460,st_struct_pedestal/67441,st_struct_pedestal/68852
ug_route/163037,OSP:BUSP:C655531,st_struct_pedestal/67384,st_struct_pedestal/70234
ug_route/163038,OSP:BUSP:C671266,st_struct_pedestal/70253,mywcom_route_junction/21152
ug_route/163039,OSP:FBSP:C651849,st_struct_pedestal/68759,st_struct_pedestal/69756
ug_route/163040,OSP:FBSP::8330399,st_struct_pedestal/67245,st_struct_pedestal/68495
ug_route/163041,OSP:BUSP::8576462,cabinet/2513,mywcom_route_junction/21090
ug_route/163042,OSP:FBSP:C658112,st_struct_pedestal/69218,st_struct_pedestal/70357
ug_route/163043,OSP:FBSP::12053047,mywcom_route_junction/22027,mywcom_route_junction/21419
ug_route/163044,OSP:FBSP:C651159,st_struct_pedestal/68873,st_struct_pedestal/69872
ug_route/163045,OSP:FBSP::8448154,pole/42673,building/48863
ug_route/163046,OSP:FBSP:C666354,st_struct_pedestal/67724,building/50512
ug_route/163047,OSP:BUSP::8433099,st_struct_pedestal/69382,mywcom_route_junction/21769
ug_route/163048,OSP:BUSP:C666145,st_struct_pedestal/68626,st_struct_pedestal/68050
ug_route/163049,OSP:BUSP:C666144,st_struct_pedestal/67060,st_struct_pedestal/68626
ug_route/163050,OSP:FBSP::8336133,st_struct_pedestal/70487,st_struct_pedestal/70827
ug_route/163051,OSP:FBSP::11652680,st_struct_pedestal/69125,st_struct_pedestal/68095
ug_route/163052,OSP:BUSP::11431256,st_struct_pedestal/69266,st_struct_pedestal/67920
ug_route/163053,OSP:BUSP:C704918,building/50330,building/50795
ug_route/163054,OSP:BUSP:C689255,st_struct_pedestal/69631,building/50702
ug_route/163055,OSP:BUSP:C647034,st_struct_pedestal/68551,building/50242
ug_route/163056,OSP:BUSP::10661350,st_struct_pedestal/69002,st_struct_pedestal/69952
ug_route/163057,OSP:BUSP::9465143,st_struct_pedestal/69904,mywcom_route_junction/21310
ug_route/163058,OSP:BUSP::9532346,st_struct_pedestal/67979,st_struct_pedestal/70522
ug_route/163059,OSP:BUSP:C651115,st_struct_pedestal/69327,building/50531
ug_route/163060,OSP:FBSP::8331130,st_struct_pedestal/68500,st_struct_pedestal/69010
ug_route/163061,OSP:BUSP::9531064,st_struct_pedestal/70306,st_struct_pedestal/70127
ug_route/163062,OSP:FBSP:C639812,st_struct_pedestal/67126,st_struct_pedestal/69114
ug_route/163063,OSP:FBSP:C668837,st_struct_pedestal/68390,building/51408
ug_route/163064,OSP:BUSP:C644034,st_struct_pedestal/69446,st_struct_pedestal/70790
ug_route/163065,OSP:BUSP::10352839,st_struct_pedestal/68681,st_struct_pedestal/69073
ug_route/163066,OSP:BUSP::15995452,mywcom_route_junction/21132,building/49050
ug_route/163067,OSP:FBSP:C648334,st_struct_pedestal/67555,st_struct_pedestal/68017
ug_route/163068,OSP:FBSP::8587980,st_struct_pedestal/68417,building/50057
ug_route/163069,OSP:BUSP::10725959,st_struct_pedestal/69364,st_struct_pedestal/67870
ug_route/163070,OSP:FBSP:C708422,st_struct_pedestal/69550,st_struct_pedestal/67977
ug_route/163071,OSP:BUSP::9526912,st_struct_pedestal/69872,st_struct_pedestal/68873
ug_route/163072,OSP:BUSP::8348936,cabinet/2465,mywcom_route_junction/21218
ug_route/163073,OSP:FBSP:C644238,st_struct_pedestal/70737,st_struct_pedestal/67991
ug_route/163074,OSP:BUSP:C661074,st_struct_pedestal/67803,building/50198
ug_route/163075,OSP:BUSP:C654354,st_struct_pedestal/69062,st_struct_pedestal/68630
ug_route/163076,OSP:BUSP::15247294,mywcom_route_junction/21479,mywcom_route_junction/21929
ug_route/163077,OSP:BUSP::9454962,st_struct_pedestal/69218,st_struct_pedestal/70357
ug_route/163078,OSP:BUSP:C666139,st_struct_pedestal/67742,st_struct_pedestal/67060
ug_route/163079,OSP:FBSP::8345419,st_struct_pedestal/68464,st_struct_pedestal/67605
ug_route/163080,OSP:FBSP:C644480,st_struct_pedestal/69867,st_struct_pedestal/68033
ug_route/163081,OSP:BUSP:C659961,st_struct_pedestal/69765,mywcom_route_junction/21758
ug_route/163082,OSP:FBSP:C668842,cabinet/2441,building/51444
ug_route/163083,OSP:BUSP::8632788,st_struct_pedestal/68287,pole/42267
ug_route/163084,OSP:BUSP::13458840,pole/42072,mywcom_route_junction/21955
ug_route/163085,OSP:FBSP:C656090,st_struct_pedestal/68712,st_struct_pedestal/68086
ug_route/163086,OSP:BUSP:C650557,st_struct_buried_splice_location/2743,pole/41160
ug_route/163087,OSP:FBSP::14956727,mywcom_route_junction/21543,building/50336
ug_route/163088,OSP:BUSP::16057848,st_struct_pedestal/67132,building/50113
ug_route/163089,OSP:FBSP::10128833,st_struct_pedestal/68747,st_struct_pedestal/67299
ug_route/163090,OSP:FBSP::8573902,st_struct_pedestal/68202,st_struct_pedestal/69495
ug_route/163091,OSP:FBSP::8587984,st_struct_pedestal/68417,building/49826
ug_route/163092,OSP:BUSP::10725957,st_struct_pedestal/68582,st_struct_pedestal/70521
ug_route/163093,OSP:BUSP::9484090,st_struct_pedestal/70737,st_struct_pedestal/67991
ug_route/163094,OSP:BUSP::8490387,st_struct_pedestal/70322,st_struct_pedestal/70420
ug_route/163095,OSP:BUSP::10352838,st_struct_pedestal/69106,st_struct_pedestal/68681
ug_route/163096,OSP:BUSP:C640168,st_struct_buried_splice_location/2634,building/50369
ug_route/163097,OSP:FBSP:C667657,st_struct_pedestal/68857,building/48813
ug_route/163098,OSP:BUSP:C655209,mywcom_route_junction/22013,mywcom_route_junction/22017
ug_route/163099,OSP:BUSP:C643855,st_struct_pedestal/69134,st_struct_pedestal/67793
ug_route/163100,OSP:FBSP::8588672,st_struct_pedestal/68277,building/50655
ug_route/163101,OSP:BUSP:C657766,st_struct_pedestal/69007,building/50906
ug_route/163102,OSP:BUSP:C653627,st_struct_pedestal/67158,building/48742
ug_route/163103,OSP:FORSP::16956645,st_struct_vault/2483,st_struct_vault/2441
ug_route/163104,OSP:BUSP::9531731,st_struct_pedestal/69867,st_struct_pedestal/68033
ug_route/163105,OSP:BUSP:C667738,st_struct_pedestal/69481,mywcom_route_junction/21781
ug_route/163106,OSP:BUSP::10650823,pole/42054,building/49385
ug_route/163107,OSP:BUSP:C652067,st_struct_pedestal/69848,building/49132
ug_route/163108,OSP:BUSP:C643863,st_struct_pedestal/69134,st_struct_pedestal/67998
ug_route/163109,OSP:BUSP:C641523,st_struct_pedestal/67646,building/50040
ug_route/163110,OSP:FBSP:C650396,st_struct_pedestal/67227,building/49964
ug_route/163111,OSP:BUSP:C670822,st_struct_pedestal/67157,building/51310
ug_route/163112,OSP:BUSP:C704870,st_struct_pedestal/68751,st_struct_pedestal/67484
ug_route/163113,OSP:FBSP::8381893,st_struct_pedestal/70629,st_struct_pedestal/70368
ug_route/163114,OSP:FBSP::13095123,st_struct_pedestal/68087,st_struct_pedestal/68749
ug_route/163115,OSP:BUSP:C649996,pole/42571,st_struct_pedestal/69207
ug_route/163116,OSP:BUSP:C662282,building/51007,building/49763
ug_route/163117,OSP:FBSP:C642983,st_struct_pedestal/67308,st_struct_pedestal/70512
ug_route/163118,OSP:BUSP:C704869,pole/41435,st_struct_pedestal/68751
ug_route/163119,OSP:FBSP::8345414,st_struct_pedestal/69523,st_struct_pedestal/69010
ug_route/163120,OSP:FBSP:C651494,st_struct_pedestal/67326,st_struct_pedestal/67493
ug_route/163121,OSP:FBSP::8365258,st_struct_pedestal/69674,st_struct_pedestal/68358
ug_route/163122,OSP:FBSP:C667386,pole/41261,building/49645
ug_route/163123,OSP:BUSP:C669942,building/51230,building/50779
ug_route/163124,OSP:BUSP::10645032,pole/42571,st_struct_pedestal/69207
ug_route/163125,OSP:BUSP:C654368,st_struct_pedestal/69517,st_struct_pedestal/68549
ug_route/163126,OSP:FBSP:C667303,st_struct_pedestal/67417,building/51353
ug_route/163127,OSP:FBSP:C661790,mywcom_route_junction/21092,building/50887
ug_route/163128,OSP:FBSP:C705112,st_struct_pedestal/68356,st_struct_pedestal/67965
ug_route/163129,OSP:FBSP:C651524,st_struct_pedestal/70033,st_struct_pedestal/70032
ug_route/163130,OSP:FBSP:C656087,st_struct_pedestal/67723,st_struct_pedestal/69037
ug_route/163131,OSP:BUSP:C643793,st_struct_pedestal/69134,st_struct_pedestal/67793
ug_route/163132,OSP:BUSP::11417629,st_struct_pedestal/69820,st_struct_pedestal/68957
ug_route/163133,OSP:BUSP::16016254,st_struct_pedestal/67555,st_struct_pedestal/67133
ug_route/163134,OSP:FBSP::8330400,st_struct_pedestal/68495,st_struct_pedestal/68225
ug_route/163135,OSP:BUSP:C648306,st_struct_pedestal/67555,st_struct_pedestal/67133
ug_route/163136,OSP:BUSP::9206854,st_struct_pedestal/68751,st_struct_pedestal/67484
ug_route/163137,OSP:BUSP::9440509,st_struct_pedestal/67308,st_struct_pedestal/70512
ug_route/163138,OSP:FBSP:C651390,st_struct_pedestal/69637,st_struct_pedestal/67269
ug_route/163139,OSP:BUSP:C682635,mywcom_route_junction/21321,st_struct_pedestal/70255
ug_route/163140,OSP:FBSP:C651083,mywcom_route_junction/21466,st_struct_pedestal/67050
ug_route/163141,OSP:BUSP::16015009,building/51353,st_struct_pedestal/67417
ug_route/163142,OSP:FBSP:C639525,st_struct_pedestal/69601,st_struct_pedestal/70235
ug_route/163143,OSP:FBSP:C639670,st_struct_pedestal/68883,st_struct_pedestal/68313
ug_route/163144,OSP:FBSP:C705487,st_struct_pedestal/67926,st_struct_pedestal/69300
ug_route/163145,OSP:BUSP::8365255,st_struct_pedestal/68198,st_struct_pedestal/69674
ug_route/163146,OSP:BUSP:C654355,st_struct_pedestal/68630,st_struct_pedestal/69527
ug_route/163147,OSP:BUSP::9206852,pole/41435,st_struct_pedestal/68751
ug_route/163148,OSP:BUSP:C666065,st_struct_pedestal/69462,st_struct_pedestal/67359
ug_route/163149,OSP:FBSP::8436640,building/49917,cabinet/2474
ug_route/163150,OSP:BUSP::11434875,st_struct_pedestal/67839,st_struct_pedestal/67783
ug_route/163151,OSP:BUSP:C648272,st_struct_pedestal/70481,st_struct_pedestal/67735
ug_route/163152,OSP:FBSP:C642420,st_struct_pedestal/69558,st_struct_pedestal/69140
ug_route/163153,OSP:FBSP:C643186,st_struct_pedestal/69248,st_struct_pedestal/70126
ug_route/163154,OSP:BUSP::16795168,mywcom_route_junction/21235,mywcom_route_junction/21388
ug_route/163155,OSP:BUSP:C704738,building/50728,building/50951
ug_route/163156,OSP:BUSP::9310596,building/49733,st_struct_pedestal/68132
ug_route/163157,OSP:BUSP::9531724,st_struct_pedestal/67326,st_struct_pedestal/67493
ug_route/163158,OSP:FBSP::7630318,pole/41762,building/49756
ug_route/163159,OSP:FBSP::10128822,st_struct_pedestal/67898,st_struct_pedestal/67770
ug_route/163160,OSP:FBSP:C705471,st_struct_pedestal/68398,st_struct_pedestal/67703
ug_route/163161,OSP:FBSP:C667388,st_struct_pedestal/68620,st_struct_pedestal/68320
ug_route/163162,OSP:BUSP:C647897,st_struct_pedestal/67750,building/49953
ug_route/163163,OSP:FBSP:C644867,pole/41015,building/49394
ug_route/163164,OSP:FBSP::8330090,st_struct_pedestal/68725,st_struct_pedestal/68824
ug_route/163165,OSP:BUSP::9503234,st_struct_pedestal/68274,st_struct_pedestal/67734
ug_route/163166,OSP:FBSP:C667389,st_struct_pedestal/68320,st_struct_pedestal/68493
ug_route/163167,OSP:BUSP::9458825,st_struct_pedestal/68356,st_struct_pedestal/67965
ug_route/163168,OSP:FBSP::13098192,st_struct_pedestal/68652,st_struct_pedestal/69335
ug_route/163169,OSP:BUSP::12613065,mywcom_route_junction/21208,st_struct_pedestal/68690
ug_route/163170,OSP:FBSP::13045693,pole/40624,st_struct_pedestal/67295
ug_route/163171,OSP:FBSP:C643151,st_struct_pedestal/69220,st_struct_pedestal/70260
ug_route/163172,OSP:BUSP:C650787,st_struct_pedestal/68438,st_struct_pedestal/69883
ug_route/163173,OSP:BUSP::16788478,mywcom_route_junction/21353,mywcom_route_junction/20908
ug_route/163174,OSP:BUSP::15976895,st_struct_pedestal/67293,building/50368
ug_route/163175,OSP:FBSP:C646040,st_struct_pedestal/67844,st_struct_pedestal/70012
ug_route/163176,OSP:FBSP:C651547,st_struct_pedestal/68463,st_struct_pedestal/68578
ug_route/163177,OSP:BUSP::9528183,st_struct_pedestal/67926,st_struct_pedestal/69300
ug_route/163178,OSP:FORSP::16947462,st_struct_vault/2473,building/49606
ug_route/163179,OSP:FBSP::8382534,st_struct_pedestal/67701,st_struct_pedestal/68491
ug_route/163180,OSP:FBSP:C667264,st_struct_pedestal/69840,st_struct_pedestal/68620
ug_route/163181,OSP:BUSP::9206862,mywcom_route_junction/21721,st_struct_pedestal/70807
ug_route/163182,OSP:BUSP::9433478,st_struct_pedestal/69220,st_struct_pedestal/70260
ug_route/163183,OSP:BUSP:C669954,st_struct_pedestal/69863,building/50637
ug_route/163184,OSP:BUSP::9531711,st_struct_pedestal/70033,st_struct_pedestal/70032
ug_route/163185,OSP:BUSP:C667423,mywcom_route_junction/21142,mywcom_route_junction/21470
ug_route/163186,OSP:BUSP::9526914,st_struct_pedestal/67703,st_struct_pedestal/68398
ug_route/163187,OSP:BUSP::11470920,mywcom_route_junction/21509,mywcom_route_junction/21058
ug_route/163188,OSP:BUSP::12400621,st_struct_pedestal/69106,st_struct_pedestal/68681
ug_route/163189,OSP:BUSP:C654490,st_struct_pedestal/68182,building/50243
ug_route/163190,OSP:BUSP::15974969,st_struct_pedestal/69508,building/49059
ug_route/163191,OSP:BUSP::16090518,mywcom_route_junction/21622,st_struct_pedestal/69766
ug_route/163192,OSP:BUSP:C648444,st_struct_pedestal/67398,st_struct_pedestal/69153
ug_route/163193,OSP:FBSP:C639672,st_struct_pedestal/68313,st_struct_pedestal/70722
ug_route/163194,OSP:BUSP::9530749,mywcom_route_junction/22009,st_struct_pedestal/67050
ug_route/163195,OSP:BUSP::9489808,st_struct_pedestal/68883,st_struct_pedestal/68313
ug_route/163196,OSP:FBSP:C709571,pole/42099,mywcom_route_junction/20944
ug_route/163197,OSP:BUSP::9514135,st_struct_pedestal/67269,st_struct_pedestal/69637
ug_route/163198,OSP:BUSP:C644031,st_struct_pedestal/69446,st_struct_pedestal/70790
ug_route/163199,OSP:BUSP::9513466,st_struct_pedestal/70481,st_struct_pedestal/67735
ug_route/163200,OSP:BUSP::9490428,st_struct_pedestal/69140,st_struct_pedestal/69558
ug_route/163201,OSP:FBSP::11431266,st_struct_pedestal/67595,st_struct_pedestal/68204
ug_route/163202,OSP:FBSP::8330094,st_struct_pedestal/70180,st_struct_pedestal/69161
ug_route/163203,OSP:FBSP:C662262,st_struct_pedestal/69980,building/50033
ug_route/163204,OSP:BUSP:C708071,mywcom_route_junction/21194,pole/41048
ug_route/163205,OSP:FBSP:C639676,st_struct_pedestal/67845,st_struct_pedestal/67681
ug_route/163206,OSP:BUSP::9490792,st_struct_pedestal/68320,st_struct_pedestal/68620
ug_route/163207,OSP:BUSP::9531715,st_struct_pedestal/68463,st_struct_pedestal/68578
ug_route/163208,OSP:BUSP::9490791,st_struct_pedestal/68493,st_struct_pedestal/68320
ug_route/163209,OSP:FBSP:C644298,st_struct_pedestal/67852,st_struct_pedestal/68586
ug_route/163210,OSP:BUSP::9490744,st_struct_pedestal/69601,st_struct_pedestal/70235
ug_route/163211,OSP:BUSP:C711779,st_struct_pedestal/67773,st_struct_pedestal/68771
ug_route/163212,OSP:FBSP:C667445,st_struct_pedestal/69130,st_struct_pedestal/68986
ug_route/163213,OSP:BUSP:C705967,st_struct_buried_splice_location/2670,building/50847
ug_route/163214,OSP:BUSP::9490805,st_struct_pedestal/68620,st_struct_pedestal/69840
ug_route/163215,OSP:FBSP:C705739,st_struct_pedestal/68812,building/50929
ug_route/163216,OSP:FBSP::11978479,st_struct_pedestal/69591,building/51194
ug_route/163217,OSP:FBSP::8424136,st_struct_pedestal/70509,st_struct_pedestal/67044
ug_route/163218,OSP:FBSP::14203131,st_struct_pedestal/67530,st_struct_pedestal/70425
ug_route/163219,OSP:FBSP::8330098,st_struct_pedestal/67461,st_struct_pedestal/67605
ug_route/163220,OSP:FBSP::14203127,st_struct_pedestal/69345,st_struct_pedestal/70016
ug_route/163221,OSP:FBSP::8330694,st_struct_pedestal/69463,st_struct_pedestal/67478
ug_route/163222,OSP:BUSP::16730569,building/49046,st_struct_pedestal/69148
ug_route/163223,OSP:BUSP::12789370,st_struct_pedestal/70241,building/51290
ug_route/163224,OSP:FBSP:C642405,st_struct_pedestal/67994,st_struct_pedestal/67063
ug_route/163225,OSP:BUSP:C661815,st_struct_pedestal/68027,building/50807
ug_route/163226,OSP:FBSP:C651626,st_struct_pedestal/67925,st_struct_pedestal/69667
ug_route/163227,OSP:BUSP:C654345,st_struct_pedestal/70746,st_struct_pedestal/67879
ug_route/163228,OSP:FBSP::8330089,st_struct_pedestal/70382,st_struct_pedestal/68725
ug_route/163229,OSP:BUSP:C708051,building/51030,building/48830
ug_route/163230,OSP:BUSP:C661835,st_struct_pedestal/69509,building/49044
ug_route/163231,OSP:BUSP:C644214,st_struct_pedestal/69720,st_struct_pedestal/70222
ug_route/163232,OSP:BUSP:C654346,st_struct_pedestal/70746,st_struct_pedestal/67879
ug_route/163233,OSP:FBSP:C668647,st_struct_pedestal/69148,building/49046
ug_route/163234,OSP:BUSP::16019457,st_struct_pedestal/69633,building/49062
ug_route/163235,OSP:BUSP::9432835,st_struct_pedestal/69248,st_struct_pedestal/70126
ug_route/163236,OSP:BUSP::15969229,st_struct_pedestal/68846,building/48904
ug_route/163237,OSP:BUSP::15073844,st_struct_pedestal/68859,pole/42375
ug_route/163238,OSP:FORSP::16953222,mywcom_route_junction/21728,st_struct_vault/2420
ug_route/163239,OSP:BUSP::9528830,st_struct_pedestal/69130,st_struct_pedestal/68986
ug_route/163240,OSP:BUSP::11470923,mywcom_route_junction/21058,mywcom_route_junction/21943
ug_route/163241,OSP:BUSP::9489809,st_struct_pedestal/68313,st_struct_pedestal/70722
ug_route/163242,OSP:BUSP::9497141,st_struct_pedestal/67925,st_struct_pedestal/69667
ug_route/163243,OSP:FBSP:C668820,st_struct_pedestal/69947,building/49562
ug_route/163244,OSP:BUSP:C648469,st_struct_pedestal/67300,st_struct_pedestal/68619
ug_route/163245,OSP:BUSP::9489152,st_struct_pedestal/68586,st_struct_pedestal/67852
ug_route/163246,OSP:FBSP::8345736,st_struct_pedestal/69790,st_struct_pedestal/70738
ug_route/163247,OSP:FBSP::17062148,st_struct_pedestal/68965,building/50754
ug_route/163248,OSP:BUSP::9490420,st_struct_pedestal/67845,st_struct_pedestal/67681
ug_route/163249,OSP:BUSP:C646052,st_struct_pedestal/67540,building/49080
ug_route/163250,OSP:FBSP:C639673,st_struct_pedestal/70722,st_struct_pedestal/67571
ug_route/163251,OSP:BUSP:C643612,st_struct_pedestal/69836,st_struct_pedestal/67254
ug_route/163252,OSP:FBSP:C667461,st_struct_pedestal/69844,st_struct_pedestal/69881
ug_route/163253,OSP:FBSP:C710212,st_struct_pedestal/68440,building/49956
ug_route/163254,OSP:FBSP::8330095,st_struct_pedestal/68122,st_struct_pedestal/67988
ug_route/163255,OSP:BUSP:C681716,st_struct_pedestal/69914,building/49113
ug_route/163256,OSP:BUSP:C705116,st_struct_pedestal/68080,st_struct_pedestal/67740
ug_route/163257,OSP:BUSP:C660448,pole/41995,pole/42389
ug_route/163258,OSP:FBSP:C667222,st_struct_pedestal/69787,st_struct_pedestal/70503
ug_route/163259,OSP:FBSP:C669674,st_struct_pedestal/67130,st_struct_pedestal/69050
ug_route/163260,OSP:FBSP:C710394,st_struct_pedestal/70587,st_struct_pedestal/67665
ug_route/163261,OSP:FBSP::8572951,st_struct_pedestal/70564,st_struct_pedestal/69087
ug_route/163262,OSP:BUSP:C641752,st_struct_pedestal/69924,building/51158
ug_route/163263,OSP:BUSP::10720520,st_struct_pedestal/68680,st_struct_pedestal/68146
ug_route/163264,OSP:BUSP:C654502,st_struct_pedestal/69437,building/51303
ug_route/163265,OSP:FBSP:C650387,st_struct_pedestal/69093,building/49710
ug_route/163266,OSP:BUSP::16788471,mywcom_route_junction/21945,st_struct_pedestal/69744
ug_route/163267,OSP:BUSP::8499990,cabinet/2521,mywcom_route_junction/21170
ug_route/163268,OSP:BUSP::9510582,mywcom_route_junction/21355,st_struct_pedestal/68493
ug_route/163269,OSP:FBSP:C668014,st_struct_pedestal/68846,building/48904
ug_route/163270,OSP:BUSP::9270605,st_struct_pedestal/67300,mywcom_route_junction/21000
ug_route/163271,OSP:FBSP:C648039,pole/42054,building/49103
ug_route/163272,OSP:FBSP:C652617,st_struct_pedestal/69045,st_struct_pedestal/69744
ug_route/163273,OSP:FBSP:C652889,pole/42707,building/49315
ug_route/163274,OSP:FBSP::8440152,st_struct_pedestal/69105,st_struct_pedestal/70346
ug_route/163275,OSP:FBSP:C659951,st_struct_pedestal/70094,mywcom_route_junction/21395
ug_route/163276,OSP:BUSP:C643630,mywcom_route_junction/20967,st_struct_pedestal/68584
ug_route/163277,OSP:BUSP::8499991,cabinet/2481,mywcom_route_junction/21895
ug_route/163278,OSP:FORSP::16952597,mywcom_route_junction/21861,st_struct_vault/2454
ug_route/163279,OSP:BUSP::16016248,st_struct_pedestal/67612,building/49903
ug_route/163280,OSP:FBSP::13098194,st_struct_pedestal/67775,st_struct_pedestal/67524
ug_route/163281,OSP:BUSP::10721804,st_struct_pedestal/68981,building/49880
ug_route/163282,OSP:BUSP::9263501,pole/42389,pole/41995
ug_route/163283,OSP:BUSP::10955060,st_struct_pedestal/67300,building/50785
ug_route/163284,OSP:FBSP::8345739,st_struct_pedestal/70334,st_struct_pedestal/68354
ug_route/163285,OSP:BUSP:C658683,pole/42560,st_struct_pedestal/69475
ug_route/163286,OSP:FBSP:C666039,st_struct_pedestal/68443,building/49986
ug_route/163287,OSP:BUSP::16015606,st_struct_pedestal/69126,building/49562
ug_route/163288,OSP:BUSP::9490816,st_struct_pedestal/69881,st_struct_pedestal/69844
ug_route/163289,OSP:FBSP:C707883,pole/41805,building/49674
ug_route/163290,OSP:BUSP::10671861,st_struct_pedestal/67968,building/51360
ug_route/163291,OSP:BUSP:C656076,cabinet/2492,pole/41361
ug_route/163292,OSP:BUSP::9490809,st_struct_pedestal/70503,st_struct_pedestal/69787
ug_route/163293,OSP:FBSP:C708055,st_struct_pedestal/70114,building/48911
ug_route/163294,OSP:BUSP::8366859,cabinet/2448,mywcom_route_junction/21444
ug_route/163295,OSP:BUSP:C708358,st_struct_pedestal/70653,building/50335
ug_route/163296,OSP:BUSP::9489810,st_struct_pedestal/70722,st_struct_pedestal/67571
ug_route/163297,OSP:BUSP::11472189,st_struct_pedestal/67727,st_struct_pedestal/69378
ug_route/163298,OSP:FBSP::14288297,st_struct_pedestal/69043,st_struct_pedestal/67084
ug_route/163299,OSP:FBSP::8399181,mywcom_route_junction/21621,building/50920
ug_route/163300,OSP:BUSP::11472192,st_struct_pedestal/69228,st_struct_pedestal/70075
ug_route/163301,OSP:BUSP:C657914,st_struct_pedestal/67143,building/49300
ug_route/163302,OSP:BUSP::8592132,st_struct_pedestal/70456,st_struct_pedestal/70123
ug_route/163303,OSP:FBSP::8433094,st_struct_pedestal/70173,building/49462
ug_route/163304,OSP:FBSP:C639675,st_struct_pedestal/67571,st_struct_pedestal/67845
ug_route/163305,OSP:BUSP::12995452,pole/42768,building/49836
ug_route/163306,OSP:BUSP:C659738,st_struct_pedestal/70795,building/48867
ug_route/163307,OSP:BUSP:C645885,st_struct_pedestal/69055,building/49796
ug_route/163308,OSP:FBSP:C657989,st_struct_pedestal/67977,st_struct_pedestal/67853
ug_route/163309,OSP:FBSP:C668473,st_struct_buried_splice_location/2707,building/50001
ug_route/163310,OSP:BUSP::11587703,st_struct_pedestal/70627,st_struct_pedestal/67197
ug_route/163311,OSP:BUSP:C639776,st_struct_pedestal/68003,building/49407
ug_route/163312,OSP:FBSP:C706064,st_struct_pedestal/67606,building/51272
ug_route/163313,OSP:FBSP:C663353,st_struct_pedestal/69306,st_struct_pedestal/70520
ug_route/163314,OSP:FBSP:C647565,pole/42833,building/49142
ug_route/163315,OSP:FBSP:C642421,st_struct_pedestal/69140,st_struct_pedestal/70296
ug_route/163316,OSP:FBSP:C710356,st_struct_pedestal/67562,st_struct_pedestal/67815
ug_route/163317,OSP:FBSP::11733959,st_struct_pedestal/69605,st_struct_pedestal/67525
ug_route/163318,OSP:BUSP:C669727,st_struct_pedestal/67421,st_struct_pedestal/69242
ug_route/163319,OSP:BUSP:C662544,st_struct_pedestal/69540,building/50695
ug_route/163320,OSP:BUSP:C640289,st_struct_pedestal/70461,building/49787
ug_route/163321,OSP:BUSP::9450462,mywcom_route_junction/21824,st_struct_pedestal/69132
ug_route/163322,OSP:FBSP::13098183,st_struct_pedestal/69622,st_struct_pedestal/69081
ug_route/163323,OSP:BUSP:C650558,pole/41160,st_struct_buried_splice_location/2632
ug_route/163324,OSP:BUSP::16693369,st_struct_pedestal/70249,building/50458
ug_route/163325,OSP:FBSP::8330093,st_struct_pedestal/68910,st_struct_pedestal/70180
ug_route/163326,OSP:BUSP:C645324,st_struct_pedestal/68969,building/48989
ug_route/163327,OSP:FBSP:C644231,st_struct_pedestal/68756,st_struct_pedestal/67621
ug_route/163328,OSP:BUSP::11417628,st_struct_pedestal/70660,st_struct_pedestal/69820
ug_route/163329,OSP:FBSP::8572950,st_struct_pedestal/70119,st_struct_pedestal/70564
ug_route/163330,OSP:BUSP:C654096,mywcom_route_junction/21373,mywcom_route_junction/21071
ug_route/163331,OSP:FBSP::11797188,mywcom_route_junction/21967,st_struct_pedestal/70286
ug_route/163332,OSP:FBSP:C710760,st_struct_pedestal/70453,mywcom_route_junction/21277
ug_route/163333,OSP:FBSP:C639795,st_struct_pedestal/67312,st_struct_pedestal/69474
ug_route/163334,OSP:FBSP::8365276,st_struct_pedestal/67368,st_struct_pedestal/69427
ug_route/163335,OSP:BUSP:D8186964,building/50218,mywcom_route_junction/21019
ug_route/163336,OSP:FBSP:C655109,pole/41766,building/49771
ug_route/163337,OSP:FBSP::8421913,st_struct_pedestal/70184,st_struct_pedestal/68073
ug_route/163338,OSP:FBSP:C639819,st_struct_pedestal/68226,st_struct_pedestal/67622
ug_route/163339,OSP:FBSP:C705543,building/49320,mywcom_route_junction/21369
ug_route/163340,OSP:BUSP:C639058,st_struct_pedestal/70323,building/49167
ug_route/163341,OSP:BUSP::9441162,st_struct_pedestal/70520,st_struct_pedestal/69306
ug_route/163342,OSP:BUSP::9489811,st_struct_pedestal/67571,st_struct_pedestal/67845
ug_route/163343,OSP:BUSP:C666352,mywcom_route_junction/21426,st_struct_pedestal/67724
ug_route/163344,OSP:BUSP:C648246,st_struct_pedestal/69779,st_struct_pedestal/67439
ug_route/163345,OSP:BUSP:C654366,st_struct_pedestal/70091,st_struct_pedestal/69693
ug_route/163346,OSP:BUSP::9455566,st_struct_pedestal/67977,st_struct_pedestal/67853
ug_route/163347,OSP:BUSP:C639088,st_struct_pedestal/68036,building/51384
ug_route/163348,OSP:FBSP:C644476,st_struct_pedestal/68033,st_struct_pedestal/67490
ug_route/163349,OSP:FBSP:C662728,pole/41690,building/49424
ug_route/163350,OSP:BUSP::9484084,st_struct_pedestal/67621,st_struct_pedestal/68756
ug_route/163351,OSP:BUSP:C653420,mywcom_route_junction/20929,mywcom_route_junction/21900
ug_route/163352,OSP:BUSP:C660808,st_struct_pedestal/68168,building/50014
ug_route/163353,OSP:BUSP::9490427,st_struct_pedestal/70296,st_struct_pedestal/69140
ug_route/163354,OSP:BUSP:C666056,st_struct_pedestal/67359,st_struct_pedestal/67218
ug_route/163355,OSP:BUSP:C650932,st_struct_pedestal/68006,building/50650
ug_route/163356,OSP:BUSP:C654216,st_struct_buried_splice_location/2676,st_struct_pedestal/68395
ug_route/163357,OSP:BUSP::9450748,mywcom_route_junction/21448,st_struct_pedestal/69455
ug_route/163358,OSP:BUSP::9504186,st_struct_pedestal/69840,st_struct_pedestal/67090
ug_route/163359,OSP:BUSP:C655504,st_struct_pedestal/69931,st_struct_pedestal/69245
ug_route/163360,OSP:FBSP:C656433,building/50336,mywcom_route_junction/21025
ug_route/163361,OSP:FBSP:C642416,st_struct_pedestal/68930,st_struct_pedestal/69426
ug_route/163362,OSP:FORSP::16955888,st_struct_vault/2465,pole/42114
ug_route/163363,OSP:BUSP::9148934,pole/41557,st_struct_pedestal/70708
ug_route/163364,OSP:FBSP::11067149,pole/42567,st_struct_pedestal/70804
ug_route/163365,OSP:BUSP::9270606,mywcom_route_junction/21000,mywcom_route_junction/21748
ug_route/163366,OSP:FBSP::8400462,building/50125,building/48827
ug_route/163367,OSP:FBSP:C710393,st_struct_pedestal/70765,st_struct_pedestal/70587
ug_route/163368,OSP:BUSP:C668980,st_struct_pedestal/69191,st_struct_pedestal/69984
ug_route/163369,OSP:BUSP:C660128,st_struct_pedestal/67569,st_struct_pedestal/69196
ug_route/163370,OSP:BUSP::9490746,st_struct_pedestal/67622,st_struct_pedestal/68226
ug_route/163371,OSP:BUSP:C667829,mywcom_route_junction/21807,mywcom_route_junction/22018
ug_route/163372,OSP:BUSP:C657852,st_struct_pedestal/70447,building/49084
ug_route/163373,OSP:BUSP:C657837,st_struct_pedestal/68794,st_struct_pedestal/69526
ug_route/163374,OSP:FBSP:C654560,pole/42809,building/50309
ug_route/163375,OSP:BUSP:C706873,st_struct_buried_splice_location/2726,st_struct_pedestal/69640
ug_route/163376,OSP:BUSP::8588362,st_struct_pedestal/69962,st_struct_pedestal/68979
ug_route/163377,OSP:BUSP::9452060,mywcom_route_junction/21445,mywcom_route_junction/21316
ug_route/163378,OSP:BUSP:C648385,st_struct_pedestal/69441,st_struct_pedestal/70319
ug_route/163379,OSP:FBSP::8499672,st_struct_pedestal/69633,building/49635
ug_route/163380,OSP:BUSP::9158230,pole/42633,mywcom_route_junction/21878
ug_route/163381,OSP:BUSP:C655534,st_struct_pedestal/69931,st_struct_pedestal/69245
ug_route/163382,OSP:BUSP::9531732,st_struct_pedestal/68033,st_struct_pedestal/67490
ug_route/163383,OSP:FBSP::8330097,st_struct_pedestal/68229,st_struct_pedestal/67461
ug_route/163384,OSP:FBSP:C647812,st_struct_pedestal/69543,st_struct_pedestal/68480
ug_route/163385,OSP:BUSP::9447574,st_struct_pedestal/70291,st_struct_pedestal/67691
ug_route/163386,OSP:BUSP:C648470,st_struct_pedestal/68619,st_struct_pedestal/70257
ug_route/163387,OSP:BUSP:C654365,st_struct_pedestal/68138,st_struct_pedestal/70091
ug_route/163388,OSP:BUSP:C646788,st_struct_pedestal/68837,st_struct_buried_splice_location/2723
ug_route/163389,OSP:BUSP::10273152,st_struct_pedestal/68322,st_struct_pedestal/67335
ug_route/163390,OSP:FBSP:C651847,st_struct_pedestal/67835,st_struct_pedestal/70238
ug_route/163391,OSP:BUSP:C642183,st_struct_pedestal/67904,building/49382
ug_route/163392,OSP:FBSP:C648047,pole/42054,mywcom_route_junction/21806
ug_route/163393,OSP:BUSP:C658678,pole/42560,st_struct_pedestal/69475
ug_route/163394,OSP:BUSP:C640716,st_struct_pedestal/70142,building/49862
ug_route/163395,OSP:BUSP::9490430,st_struct_pedestal/69426,st_struct_pedestal/68930
ug_route/163396,OSP:FBSP::8490066,st_struct_pedestal/70020,st_struct_pedestal/70508
ug_route/163397,OSP:FBSP:C667385,pole/41261,building/49645
ug_route/163398,OSP:BUSP::10653302,mywcom_route_junction/21572,st_struct_pedestal/68481
ug_route/163399,OSP:FBSP::8572946,st_struct_pedestal/70569,st_struct_pedestal/69549
ug_route/163400,OSP:FBSP:C642945,st_struct_pedestal/70011,st_struct_pedestal/68356
ug_route/163401,OSP:BUSP:C662349,st_struct_pedestal/70076,st_struct_pedestal/69584
ug_route/163402,OSP:BUSP::15118970,mywcom_route_junction/21836,st_struct_pedestal/67293
ug_route/163403,OSP:FBSP::13098184,st_struct_pedestal/69081,st_struct_pedestal/67934
ug_route/163404,OSP:BUSP:C708428,mywcom_route_junction/21410,st_struct_pedestal/69850
ug_route/163405,OSP:BUSP::9442742,st_struct_pedestal/69543,st_struct_pedestal/68480
ug_route/163406,OSP:BUSP:C648405,mywcom_route_junction/21037,st_struct_pedestal/67597
ug_route/163407,OSP:BUSP::9501994,st_struct_pedestal/69726,st_struct_pedestal/68464
ug_route/163408,OSP:FBSP::12363446,mywcom_route_junction/21968,building/49747
ug_route/163409,OSP:BUSP:C670537,st_struct_pedestal/67437,st_struct_pedestal/67451
ug_route/163410,OSP:BUSP:C653729,building/50819,building/50000
ug_route/163411,OSP:BUSP:C642919,st_struct_pedestal/69604,st_struct_pedestal/70011
ug_route/163412,OSP:BUSP::9458826,st_struct_pedestal/67965,st_struct_pedestal/67740
ug_route/163413,OSP:FBSP:C661763,st_struct_pedestal/67337,building/51454
ug_route/163414,OSP:FBSP::14203129,st_struct_pedestal/68963,st_struct_pedestal/67294
ug_route/163415,OSP:FBSP:C643484,mywcom_route_junction/21172,st_struct_pedestal/69332
ug_route/163416,OSP:BUSP::10690740,st_struct_pedestal/67262,st_struct_pedestal/67531
ug_route/163417,OSP:BUSP::15118973,st_struct_pedestal/69584,st_struct_pedestal/70076
ug_route/163418,OSP:FBSP:C710391,st_struct_pedestal/70424,st_struct_pedestal/68276
ug_route/163419,OSP:BUSP:C649123,mywcom_route_junction/21179,st_struct_pedestal/67597
ug_route/163420,OSP:FBSP:C711650,mywcom_route_junction/21231,st_struct_pedestal/67313
ug_route/163421,OSP:BUSP::9452064,mywcom_route_junction/21544,st_struct_pedestal/70154
ug_route/163422,OSP:BUSP::10690448,st_struct_pedestal/67835,st_struct_pedestal/70238
ug_route/163423,OSP:BUSP:C658240,st_struct_pedestal/69451,building/49476
ug_route/163424,OSP:BUSP::9452363,st_struct_pedestal/70319,st_struct_pedestal/67597
ug_route/163425,OSP:BUSP:C654805,st_struct_pedestal/70829,building/51192
ug_route/163426,OSP:FORSP::16953221,mywcom_route_junction/21302,st_struct_vault/2459
ug_route/163427,OSP:BUSP:C650821,st_struct_pedestal/67670,st_struct_pedestal/68839
ug_route/163428,OSP:BUSP:C656157,st_struct_pedestal/68468,cabinet/2492
ug_route/163429,OSP:BUSP::9458824,st_struct_pedestal/70011,st_struct_pedestal/68356
ug_route/163430,OSP:FBSP:C646285,pole/41369,building/50169
ug_route/163431,OSP:BUSP:C639210,st_struct_pedestal/69642,building/50723
ug_route/163432,OSP:BUSP::9451385,mywcom_route_junction/21162,st_struct_pedestal/67670
ug_route/163433,OSP:BUSP::11330112,mywcom_route_junction/22004,st_struct_pedestal/69497
ug_route/163434,OSP:BUSP::11388660,pole/41369,building/50169
ug_route/163435,OSP:BUSP:C659858,pole/40539,st_struct_pedestal/67156
ug_route/163436,OSP:FBSP:C652852,pole/42149,building/50733
ug_route/163437,OSP:BUSP:C668542,st_struct_pedestal/70131,building/51230
ug_route/163438,OSP:FBSP::9017732,st_struct_pedestal/69106,building/50505
ug_route/163439,OSP:BUSP::9275653,pole/41316,mywcom_route_junction/20976
ug_route/163440,OSP:BUSP:C707727,st_struct_pedestal/67566,st_struct_pedestal/70283
ug_route/163441,OSP:FORSP::16938820,st_struct_vault/2480,mywcom_route_junction/21861
ug_route/163442,OSP:BUSP:C639738,st_struct_pedestal/68628,building/48924
ug_route/163443,OSP:BUSP:C667963,st_struct_buried_splice_location/2711,st_struct_pedestal/67822
ug_route/163444,OSP:BUSP:C641102,st_struct_pedestal/67910,building/49683
ug_route/163445,OSP:BUSP::15350654,st_struct_pedestal/69106,building/50505
ug_route/163446,OSP:BUSP:C670370,st_struct_pedestal/70408,building/51151
ug_route/163447,OSP:FBSP:C651808,st_struct_pedestal/70832,st_struct_pedestal/68820
ug_route/163448,OSP:BUSP::9458823,st_struct_pedestal/69604,st_struct_pedestal/70011
ug_route/163449,OSP:BUSP::10720530,mywcom_route_junction/21197,st_struct_pedestal/68451
ug_route/163450,OSP:FBSP:C649922,pole/42571,mywcom_route_junction/21517
ug_route/163451,OSP:BUSP:C646265,st_struct_pedestal/70533,building/49891
ug_route/163452,OSP:BUSP::10768196,st_struct_pedestal/70002,building/50658
ug_route/163453,OSP:BUSP:C711696,st_struct_pedestal/69076,st_struct_pedestal/69270
ug_route/163454,OSP:BUSP::10267067,st_struct_pedestal/69332,mywcom_route_junction/21115
ug_route/163455,OSP:FBSP:C661785,st_struct_pedestal/67037,building/50557
ug_route/163456,OSP:BUSP::16795167,mywcom_route_junction/20903,mywcom_route_junction/21235
ug_route/163457,OSP:BUSP:C650464,mywcom_route_junction/21492,building/49589
ug_route/163458,OSP:FBSP::8345737,st_struct_pedestal/70738,st_struct_pedestal/67736
ug_route/163459,OSP:FBSP::16057223,st_struct_pedestal/69525,st_struct_pedestal/67132
ug_route/163460,OSP:BUSP:C645367,pole/42721,st_struct_pedestal/69205
ug_route/163461,OSP:BUSP::11474134,mywcom_route_junction/21875,mywcom_route_junction/21509
ug_route/163462,OSP:BUSP:C650365,st_struct_pedestal/67079,st_struct_pedestal/67587
ug_route/163463,OSP:BUSP:C643730,st_struct_pedestal/67909,st_struct_pedestal/67513
ug_route/163464,OSP:BUSP:C658256,pole/41316,st_struct_pedestal/69908
ug_route/163465,OSP:FBSP:C652618,st_struct_pedestal/69045,st_struct_pedestal/69469
ug_route/163466,OSP:BUSP:C646976,st_struct_pedestal/70321,st_struct_buried_splice_location/2732
ug_route/163467,OSP:BUSP:C708285,st_struct_pedestal/68533,st_struct_pedestal/67220
ug_route/163468,OSP:FBSP:C667064,pole/42272,building/49939
ug_route/163469,OSP:BUSP:C654344,st_struct_pedestal/69686,st_struct_pedestal/70601
ug_route/163470,OSP:FBSP:C710392,st_struct_pedestal/68276,st_struct_pedestal/70765
ug_route/163471,OSP:BUSP:C669934,st_struct_pedestal/68716,st_struct_pedestal/67240
ug_route/163472,OSP:FBSP::13037372,pole/41644,building/49487
ug_route/163473,OSP:BUSP::8384135,st_struct_pedestal/68752,mywcom_route_junction/21706
ug_route/163474,OSP:FBSP:C655474,st_struct_pedestal/70806,st_struct_pedestal/70493
ug_route/163475,OSP:BUSP::15996097,st_struct_pedestal/69122,building/51255
ug_route/163476,OSP:BUSP:C656400,mywcom_route_junction/21072,mywcom_route_junction/21500
ug_route/163477,OSP:BUSP:C666068,st_struct_pedestal/70294,st_struct_pedestal/69462
ug_route/163478,OSP:FBSP:C647806,st_struct_pedestal/68758,st_struct_pedestal/69543
ug_route/163479,OSP:BUSP:C662218,st_struct_pedestal/70207,mywcom_route_junction/21831
ug_route/163480,OSP:FBSP:C645773,st_struct_pedestal/68097,st_struct_pedestal/67370
ug_route/163481,OSP:FBSP:C650448,st_struct_pedestal/69268,building/50423
ug_route/163482,OSP:FBSP::10274148,st_struct_pedestal/69371,building/51000
ug_route/163483,OSP:BUSP::9430922,st_struct_pedestal/68028,mywcom_route_junction/21971
ug_route/163484,OSP:BUSP:C660877,st_struct_pedestal/67408,building/49055
ug_route/163485,OSP:BUSP:C650430,st_struct_pedestal/67079,st_struct_pedestal/67587
ug_route/163486,OSP:BUSP:C654343,st_struct_pedestal/70809,st_struct_pedestal/69686
ug_route/163487,OSP:BUSP:C667923,st_struct_buried_splice_location/2681,st_struct_pedestal/67822
ug_route/163488,OSP:FBSP:C652708,st_struct_pedestal/70825,building/50940
ug_route/163489,OSP:BUSP::10724021,pole/41678,building/48947
ug_route/163490,OSP:BUSP::13806004,st_struct_pedestal/69761,building/48807
ug_route/163491,OSP:BUSP:C650412,st_struct_pedestal/68152,building/50823
ug_route/163492,OSP:FBSP::10638663,mywcom_route_junction/21693,mywcom_route_junction/21576
ug_route/163493,OSP:BUSP::9442741,st_struct_pedestal/68758,st_struct_pedestal/69543
ug_route/163494,OSP:BUSP:C667379,st_struct_pedestal/70580,st_struct_pedestal/67417
ug_route/163495,OSP:BUSP:C654367,st_struct_pedestal/69693,st_struct_pedestal/69517
ug_route/163496,OSP:FBSP:C651382,st_struct_pedestal/70300,st_struct_pedestal/70481
ug_route/163497,OSP:FBSP:C667244,pole/40731,building/50532
ug_route/163498,OSP:BUSP:C647262,st_struct_pedestal/69941,building/48986
ug_route/163499,OSP:FBSP:C650421,st_struct_pedestal/68949,building/48977
ug_route/163500,OSP:FBSP:C643074,st_struct_pedestal/69672,st_struct_pedestal/68305
ug_route/163501,OSP:FBSP:C670831,st_struct_pedestal/69761,building/48807
ug_route/163502,OSP:BUSP::10663863,pole/41530,st_struct_pedestal/70562
ug_route/163503,OSP:BUSP::11417623,st_struct_pedestal/69623,st_struct_pedestal/69599
ug_route/163504,OSP:BUSP:C643733,st_struct_pedestal/67513,st_struct_pedestal/69996
ug_route/163505,OSP:FBSP::11512500,pole/42794,st_struct_pedestal/70627
ug_route/163506,OSP:BUSP:C664783,st_struct_pedestal/69235,st_struct_pedestal/68329
ug_route/163507,OSP:BUSP:C659830,st_struct_pedestal/70495,building/49630
ug_route/163508,OSP:FBSP:C667239,st_struct_pedestal/68613,st_struct_pedestal/69840
ug_route/163509,OSP:BUSP:C704678,building/51443,building/50751
ug_route/163510,OSP:BUSP:C658253,pole/41316,st_struct_pedestal/69908
ug_route/163511,OSP:BUSP:C642362,st_struct_pedestal/67997,building/50332
ug_route/163512,OSP:BUSP::10764020,st_struct_pedestal/69078,building/50689
ug_route/163513,OSP:FBSP::8381894,st_struct_pedestal/70368,st_struct_pedestal/69786
ug_route/163514,OSP:FBSP:C643017,mywcom_route_junction/21755,st_struct_pedestal/68028
ug_route/163515,OSP:BUSP:C661689,st_struct_pedestal/68345,building/48727
ug_route/163516,OSP:BUSP::16057846,st_struct_pedestal/68465,st_struct_pedestal/69963
ug_route/163517,OSP:BUSP:C661080,st_struct_pedestal/69083,st_struct_pedestal/69639
ug_route/163518,OSP:FBSP::15497524,st_struct_pedestal/69511,building/51224
ug_route/163519,OSP:FBSP::8382241,st_struct_pedestal/69391,st_struct_pedestal/69357
ug_route/163520,OSP:FBSP:C704909,st_struct_pedestal/68178,st_struct_pedestal/70363
ug_route/163521,OSP:FBSP:C671089,st_struct_pedestal/70477,building/50957
ug_route/163522,OSP:FBSP:C705501,mywcom_route_junction/21604,st_struct_pedestal/67111
ug_route/163523,OSP:FBSP:C642495,st_struct_pedestal/67972,building/49448
ug_route/163524,OSP:BUSP:C654436,st_struct_pedestal/69192,building/49998
ug_route/163525,OSP:BUSP:C639060,st_struct_pedestal/70323,building/51008
ug_route/163526,OSP:FBSP:C667991,st_struct_pedestal/68560,building/51188
ug_route/163527,OSP:FBSP:C657870,st_struct_pedestal/67955,building/51256
ug_route/163528,OSP:FBSP:C662433,st_struct_buried_splice_location/2724,building/50368
ug_route/163529,OSP:BUSP:C648437,st_struct_pedestal/70630,st_struct_pedestal/69132
ug_route/163530,OSP:FBSP:C658201,st_struct_pedestal/70732,st_struct_pedestal/68893
ug_route/163531,OSP:BUSP:C660970,st_struct_pedestal/70301,building/51185
ug_route/163532,OSP:BUSP:C657843,cabinet/2513,pole/40974
ug_route/163533,OSP:BUSP:C667741,st_struct_pedestal/69481,st_struct_pedestal/69659
ug_route/163534,OSP:BUSP::8433097,pole/41498,pole/42681
ug_route/163535,OSP:BUSP:C659815,st_struct_pedestal/69249,building/49629
ug_route/163536,OSP:FBSP:C643027,mywcom_route_junction/21755,st_struct_pedestal/68431
ug_route/163537,OSP:BUSP::9433483,st_struct_pedestal/68305,st_struct_pedestal/69672
ug_route/163538,OSP:BUSP:C650937,st_struct_pedestal/68006,building/49965
ug_route/163539,OSP:FBSP::8381897,st_struct_pedestal/69299,st_struct_pedestal/69666
ug_route/163540,OSP:FBSP::8603337,st_struct_pedestal/67258,building/51196
ug_route/163541,OSP:BUSP:C652024,st_struct_pedestal/70748,building/49417
ug_route/163542,OSP:BUSP::10695868,mywcom_route_junction/20957,cabinet/2480
ug_route/163543,OSP:BUSP:C653118,st_struct_pedestal/70136,building/51477
ug_route/163544,OSP:BUSP::17059972,pole/41436,st_struct_pedestal/68544
ug_route/163545,OSP:BUSP:C645172,st_struct_pedestal/68133,st_struct_pedestal/69445
ug_route/163546,OSP:BUSP:C661017,mywcom_route_junction/21290,mywcom_route_junction/21293
ug_route/163547,OSP:BUSP::9522423,mywcom_route_junction/21858,st_struct_pedestal/67111
ug_route/163548,OSP:FORSP:C704832,mywcom_route_junction/21085,st_struct_vault/2480
ug_route/163549,OSP:FBSP::8402712,pole/42531,building/49354
ug_route/163550,OSP:BUSP:C653038,st_struct_pedestal/68121,mywcom_route_junction/21609
ug_route/163551,OSP:BUSP::8490693,st_struct_pedestal/70420,st_struct_pedestal/68068
ug_route/163552,OSP:FORSP::16958661,st_struct_vault/2475,mywcom_route_junction/21447
ug_route/163553,OSP:FBSP:C655823,st_struct_pedestal/69405,building/50019
ug_route/163554,OSP:BUSP:C705962,st_struct_pedestal/69807,building/50747
ug_route/163555,OSP:BUSP::9536505,st_struct_pedestal/68178,st_struct_pedestal/70363
ug_route/163556,OSP:FBSP:C708032,st_struct_pedestal/69242,building/49728
ug_route/163557,OSP:BUSP::11417593,st_struct_pedestal/68803,st_struct_pedestal/69993
ug_route/163558,OSP:BUSP:C668975,st_struct_pedestal/67601,st_struct_pedestal/68171
ug_route/163559,OSP:BUSP:C648613,mywcom_route_junction/21166,mywcom_route_junction/21880
ug_route/163560,OSP:FBSP::8336456,st_struct_pedestal/70261,st_struct_pedestal/68112
ug_route/163561,OSP:BUSP::10710026,st_struct_pedestal/68445,building/50161
ug_route/163562,OSP:FBSP:C710381,st_struct_pedestal/70228,st_struct_pedestal/67198
ug_route/163563,OSP:FBSP::8336457,mywcom_route_junction/21231,st_struct_pedestal/67361
ug_route/163564,OSP:FBSP::11078004,pole/40892,building/50196
ug_route/163565,OSP:FBSP:C662175,st_struct_pedestal/69944,building/51054
ug_route/163566,OSP:BUSP::8346083,st_struct_pedestal/67234,st_struct_pedestal/70622
ug_route/163567,OSP:FBSP:C666254,pole/42702,building/50225
ug_route/163568,OSP:BUSP:C644126,st_struct_pedestal/67304,building/50131
ug_route/163569,OSP:FBSP:C667262,st_struct_pedestal/68613,st_struct_pedestal/69840
ug_route/163570,OSP:FBSP:C648548,st_struct_pedestal/69001,building/49506
ug_route/163571,OSP:BUSP::9158229,mywcom_route_junction/21707,pole/42633
ug_route/163572,OSP:BUSP::11408199,st_struct_pedestal/67800,st_struct_pedestal/69738
ug_route/163573,OSP:BUSP:C662435,st_struct_pedestal/69312,st_struct_pedestal/67071
ug_route/163574,OSP:BUSP:C646063,st_struct_pedestal/69576,building/49937
ug_route/163575,OSP:BUSP:C648280,cabinet/2493,mywcom_route_junction/21502
ug_route/163576,OSP:BUSP::9430923,st_struct_pedestal/68431,mywcom_route_junction/21971
ug_route/163577,OSP:FBSP::8365277,st_struct_pedestal/69427,st_struct_pedestal/67331
ug_route/163578,OSP:BUSP:C682211,st_struct_pedestal/69318,building/49699
ug_route/163579,OSP:FBSP::13094763,mywcom_route_junction/21320,building/49144
ug_route/163580,OSP:FORSP::16953220,st_struct_vault/2459,mywcom_route_junction/21728
ug_route/163581,OSP:BUSP:C663664,st_struct_pedestal/69956,building/49861
ug_route/163582,OSP:BUSP::11470590,st_struct_pedestal/67800,st_struct_pedestal/69738
ug_route/163583,OSP:BUSP:C650822,st_struct_pedestal/68839,st_struct_pedestal/68270
ug_route/163584,OSP:BUSP::9451384,mywcom_route_junction/21101,mywcom_route_junction/21162
ug_route/163585,OSP:BUSP:C642021,st_struct_pedestal/69799,building/48804
ug_route/163586,OSP:BUSP::8440452,st_struct_pedestal/70021,mywcom_route_junction/21569
ug_route/163587,OSP:FORSP::16952596,st_struct_vault/2454,mywcom_route_junction/21302
ug_route/163588,OSP:FBSP:C639567,st_struct_pedestal/67681,building/49545
ug_route/163589,OSP:BUSP:C667271,building/49899,building/49260
ug_route/163590,OSP:BUSP::16788470,mywcom_route_junction/21945,mywcom_route_junction/21822
ug_route/163591,OSP:BUSP:C657367,pole/42633,st_struct_pedestal/68799
ug_route/163592,OSP:BUSP::15472573,st_struct_pedestal/69334,mywcom_route_junction/21784
ug_route/163593,OSP:BUSP:C660922,st_struct_pedestal/69915,building/48829
ug_route/163594,OSP:BUSP:C661670,st_struct_pedestal/67611,building/49745
ug_route/163595,OSP:BUSP:C659722,pole/42096,mywcom_route_junction/21703
ug_route/163596,OSP:BUSP::16016256,st_struct_pedestal/67133,building/48784
ug_route/163597,OSP:BUSP::9536510,st_struct_pedestal/67234,st_struct_pedestal/70622
ug_route/163598,OSP:FORSP::16958660,mywcom_route_junction/21777,st_struct_vault/2475
ug_route/163599,OSP:BUSP::10617783,st_struct_pedestal/69012,building/50352
ug_route/163600,OSP:BUSP::11434932,st_struct_pedestal/69818,st_struct_pedestal/68406
ug_route/163601,OSP:BUSP:C658285,pole/42669,st_struct_pedestal/67732
ug_route/163602,OSP:FBSP::8345738,st_struct_pedestal/67736,st_struct_pedestal/70334
ug_route/163603,OSP:BUSP:C708287,st_struct_pedestal/68533,st_struct_pedestal/67220
ug_route/163604,OSP:BUSP:C656368,st_struct_pedestal/67214,st_struct_pedestal/70085
ug_route/163605,OSP:FBSP::8330085,mywcom_route_junction/21631,st_struct_pedestal/67984
ug_route/163606,OSP:BUSP::7625138,pole/40747,st_struct_pedestal/67912
ug_route/163607,OSP:FORSP::16958670,st_struct_vault/2450,mywcom_route_junction/21753
ug_route/163608,OSP:BUSP:C655939,mywcom_route_junction/20995,mywcom_route_junction/21581
ug_route/163609,OSP:FBSP::15416268,st_struct_pedestal/67113,st_struct_pedestal/69291
ug_route/163610,OSP:BUSP::8590223,st_struct_pedestal/70353,st_struct_pedestal/70358
ug_route/163611,OSP:BUSP:C662335,st_struct_pedestal/67471,st_struct_pedestal/67293
ug_route/163612,OSP:BUSP::11869988,st_struct_pedestal/68861,mywcom_route_junction/21131
ug_route/163613,OSP:BUSP::9522435,st_struct_pedestal/69510,st_struct_pedestal/69534
ug_route/163614,OSP:BUSP::11417597,st_struct_pedestal/68648,st_struct_pedestal/68601
ug_route/163615,OSP:BUSP::14929853,st_struct_pedestal/69757,building/49749
ug_route/163616,OSP:BUSP::11472182,st_struct_pedestal/70115,st_struct_pedestal/69100
ug_route/163617,OSP:FBSP::8591504,mywcom_route_junction/21431,building/49689
ug_route/163618,OSP:BUSP::7670574,st_struct_pedestal/68391,building/50087
ug_route/163619,OSP:FBSP:C648319,st_struct_pedestal/67133,building/48784
ug_route/163620,OSP:FBSP::13098244,st_struct_pedestal/68563,st_struct_pedestal/70552
ug_route/163621,OSP:BUSP::15118969,st_struct_pedestal/67471,st_struct_pedestal/67293
ug_route/163622,OSP:BUSP:C645803,st_struct_pedestal/69926,building/51047
ug_route/163623,OSP:BUSP::10768200,st_struct_pedestal/70485,building/51433
ug_route/163624,OSP:BUSP::12613061,mywcom_route_junction/21213,mywcom_route_junction/21854
ug_route/163625,OSP:FBSP::15416267,st_struct_pedestal/69647,st_struct_pedestal/67113
ug_route/163626,OSP:BUSP:C645308,st_struct_pedestal/67874,building/50587
ug_route/163627,OSP:BUSP:C645705,st_struct_pedestal/68165,building/49957
ug_route/163628,OSP:BUSP:C666100,st_struct_pedestal/69728,st_struct_pedestal/67218
ug_route/163629,OSP:BUSP::16783625,mywcom_route_junction/20977,mywcom_route_junction/21266
ug_route/163630,OSP:BUSP:C640955,st_struct_pedestal/68938,building/50944
ug_route/163631,OSP:FBSP::8415822,st_struct_pedestal/69022,st_struct_pedestal/70771
ug_route/163632,OSP:FBSP:C710202,building/50558,st_struct_pedestal/70505
ug_route/163633,OSP:BUSP::9269892,pole/41389,st_struct_pedestal/68705
ug_route/163634,OSP:BUSP:C662551,st_struct_pedestal/69312,st_struct_pedestal/67071
ug_route/163635,OSP:BUSP::8589577,st_struct_pedestal/68212,st_struct_pedestal/68827
ug_route/163636,OSP:BUSP:C666032,mywcom_route_junction/21403,st_struct_pedestal/68234
ug_route/163637,OSP:BUSP::9499070,mywcom_route_junction/21088,st_struct_pedestal/68680
ug_route/163638,OSP:BUSP:C641560,st_struct_pedestal/69920,building/49077
ug_route/163639,OSP:BUSP:C709170,mywcom_route_junction/21639,st_struct_pedestal/68614
ug_route/163640,OSP:FBSP:C707870,st_struct_pedestal/68971,building/49677
ug_route/163641,OSP:BUSP::9263492,st_struct_pedestal/68397,st_struct_pedestal/70609
ug_route/163642,OSP:FBSP::11512505,st_struct_pedestal/67114,building/51279
ug_route/163643,OSP:BUSP:C662317,st_struct_pedestal/67188,st_struct_pedestal/67716
ug_route/163644,OSP:BUSP:C653566,st_struct_pedestal/68375,building/51369
ug_route/163645,OSP:BUSP:C644127,st_struct_pedestal/67304,building/50004
ug_route/163646,OSP:BUSP:C651147,st_struct_pedestal/70108,pole/41866
ug_route/163647,OSP:BUSP::8499676,st_struct_vault/2452,st_struct_pedestal/67112
ug_route/163648,OSP:BUSP:C651108,st_struct_pedestal/69349,building/50046
ug_route/163649,OSP:BUSP::10918960,pole/42238,st_struct_pedestal/69498
ug_route/163650,OSP:BUSP::8490061,st_struct_pedestal/69547,st_struct_pedestal/69370
ug_route/163651,OSP:FBSP:C651845,st_struct_pedestal/67036,st_struct_pedestal/67835
ug_route/163652,OSP:FBSP::9410750,mywcom_route_junction/21968,pole/41880
ug_route/163653,OSP:BUSP:C644125,st_struct_pedestal/67304,building/51032
ug_route/163654,OSP:FBSP:C647974,pole/42061,building/50889
ug_route/163655,OSP:FBSP:C661093,st_struct_pedestal/69703,building/50628
ug_route/163656,OSP:FBSP:C710624,st_struct_pedestal/68750,st_struct_pedestal/68156
ug_route/163657,OSP:FBSP:C648426,st_struct_pedestal/68556,building/49689
ug_route/163658,OSP:FBSP::8370723,st_struct_pedestal/68485,building/49976
ug_route/163659,OSP:BUSP::10725970,st_struct_pedestal/69364,mywcom_route_junction/21430
ug_route/163660,OSP:BUSP::10069946,mywcom_route_junction/20925,st_struct_vault/2468
ug_route/163661,OSP:BUSP:C643603,st_struct_pedestal/68885,building/49004
ug_route/163662,OSP:BUSP:C650956,st_struct_pedestal/67100,building/49875
ug_route/163663,OSP:BUSP::8331972,st_struct_pedestal/68472,st_struct_pedestal/68605
ug_route/163664,OSP:BUSP:C639433,st_struct_pedestal/70353,mywcom_route_junction/21914
ug_route/163665,OSP:BUSP:C659724,mywcom_route_junction/21886,mywcom_route_junction/21114
ug_route/163666,OSP:BUSP:C660113,mywcom_route_junction/21779,mywcom_route_junction/21226
ug_route/163667,OSP:BUSP::16057845,st_struct_pedestal/67204,st_struct_pedestal/68465
ug_route/163668,OSP:FORSP::16956651,st_struct_vault/2491,cabinet/2429
ug_route/163669,OSP:FBSP:C663367,st_struct_pedestal/68195,st_struct_pedestal/69213
ug_route/163670,OSP:BUSP:C661766,st_struct_pedestal/69183,building/50129
ug_route/163671,OSP:BUSP::10271231,st_struct_pedestal/68509,mywcom_route_junction/21731
ug_route/163672,OSP:FBSP:C710622,st_struct_pedestal/68058,st_struct_pedestal/68750
ug_route/163673,OSP:BUSP:C660045,st_struct_pedestal/70418,mywcom_route_junction/21680
ug_route/163674,OSP:FBSP::15601850,st_struct_pedestal/69291,pole/42057
ug_route/163675,OSP:FBSP:C706623,st_struct_pedestal/70590,mywcom_route_junction/21567
ug_route/163676,OSP:BUSP:C657375,st_struct_pedestal/68506,st_struct_pedestal/70252
ug_route/163677,OSP:FBSP:C645495,st_struct_pedestal/68445,building/50631
ug_route/163678,OSP:BUSP:C667400,st_struct_pedestal/68493,st_struct_pedestal/70580
ug_route/163679,OSP:BUSP:C655384,st_struct_pedestal/68127,building/49384
ug_route/163680,OSP:BUSP::9506444,st_struct_pedestal/67902,st_struct_pedestal/69968
ug_route/163681,OSP:BUSP::16015005,st_struct_pedestal/70549,building/49024
ug_route/163682,OSP:FBSP:C648442,st_struct_pedestal/69514,st_struct_pedestal/69766
ug_route/163683,OSP:BUSP:C651173,st_struct_pedestal/70108,pole/41866
ug_route/163684,OSP:BUSP:C661654,st_struct_pedestal/69041,st_struct_pedestal/67611
ug_route/163685,OSP:BUSP::15981376,pole/41916,building/49769
ug_route/163686,OSP:BUSP:C645936,st_struct_pedestal/69651,building/51179
ug_route/163687,OSP:BUSP::9454925,st_struct_pedestal/67462,st_struct_pedestal/67945
ug_route/163688,OSP:BUSP:C643676,st_struct_pedestal/67454,st_struct_pedestal/69929
ug_route/163689,OSP:BUSP::10271229,st_struct_pedestal/68509,st_struct_pedestal/69969
ug_route/163690,OSP:BUSP::9453950,st_struct_pedestal/69213,st_struct_pedestal/68195
ug_route/163691,OSP:BUSP::11626932,st_struct_pedestal/67848,mywcom_route_junction/21670
ug_route/163692,OSP:BUSP:C636895,mywcom_route_junction/21400,mywcom_route_junction/21408
ug_route/163693,OSP:FBSP:C644462,st_struct_pedestal/68927,st_struct_pedestal/68684
ug_route/163694,OSP:FBSP:C648612,st_struct_pedestal/67836,building/50094
ug_route/163695,OSP:BUSP:C666356,st_struct_pedestal/68078,st_struct_pedestal/68297
ug_route/163696,OSP:BUSP:C657980,st_struct_pedestal/67680,mywcom_route_junction/20917
ug_route/163697,OSP:FBSP:C648461,pole/42283,building/49764
ug_route/163698,OSP:BUSP::10690445,st_struct_pedestal/67036,st_struct_pedestal/67835
ug_route/163699,OSP:FBSP:C667272,st_struct_pedestal/70549,building/49024
ug_route/163700,OSP:BUSP:C670466,st_struct_pedestal/69388,st_struct_pedestal/68315
ug_route/163701,OSP:BUSP:C670303,st_struct_pedestal/68503,building/51092
ug_route/163702,OSP:BUSP::8433752,pole/40578,st_struct_pedestal/68317
ug_route/163703,OSP:BUSP::11322758,mywcom_route_junction/21446,building/49316
ug_route/163704,OSP:BUSP::9506438,st_struct_pedestal/69101,st_struct_pedestal/69097
ug_route/163705,OSP:FBSP:C651615,st_struct_pedestal/67602,st_struct_pedestal/67834
ug_route/163706,OSP:BUSP:C659254,st_struct_pedestal/68516,building/51387
ug_route/163707,OSP:BUSP:C669017,st_struct_pedestal/67069,building/51327
ug_route/163708,OSP:FBSP::10137492,building/49717,st_struct_pedestal/67141
ug_route/163709,OSP:FBSP:C652674,pole/42467,building/49316
ug_route/163710,OSP:BUSP:C671226,st_struct_pedestal/67251,mywcom_route_junction/21811
ug_route/163711,OSP:BUSP:C660108,st_struct_pedestal/70215,building/50697
ug_route/163712,OSP:FBSP::8421914,st_struct_pedestal/68073,st_struct_pedestal/69152
ug_route/163713,OSP:BUSP::17060791,st_struct_pedestal/69373,st_struct_pedestal/69841
ug_route/163714,OSP:FBSP:C662681,st_struct_pedestal/67414,building/50127
ug_route/163715,OSP:BUSP:C660464,st_struct_pedestal/69033,st_struct_pedestal/67832
ug_route/163716,OSP:FBSP:C666359,st_struct_pedestal/67724,mywcom_route_junction/21668
ug_route/163717,OSP:BUSP:C665587,st_struct_pedestal/67545,building/49632
ug_route/163718,OSP:BUSP::10920850,st_struct_pedestal/69012,building/51197
ug_route/163719,OSP:BUSP:C652355,pole/41908,pole/42469
ug_route/163720,OSP:FBSP::9776502,mywcom_route_junction/21029,st_struct_pedestal/69948
ug_route/163721,OSP:FBSP::7723340,st_struct_pedestal/68155,building/50261
ug_route/163722,OSP:BUSP:C668977,st_struct_pedestal/68171,st_struct_pedestal/69191
ug_route/163723,OSP:BUSP::9532662,st_struct_pedestal/67834,st_struct_pedestal/67602
ug_route/163724,OSP:BUSP::9269898,st_struct_pedestal/68445,st_struct_pedestal/68904
ug_route/163725,OSP:BUSP:C643980,st_struct_pedestal/67507,st_struct_pedestal/67877
ug_route/163726,OSP:FBSP:C655594,st_struct_pedestal/67745,mywcom_route_junction/21264
ug_route/163727,OSP:BUSP:C704677,building/51443,building/49010
ug_route/163728,OSP:BUSP:C660542,st_struct_pedestal/68455,building/48822
ug_route/163729,OSP:BUSP:C645499,st_struct_pedestal/68445,st_struct_pedestal/68904
ug_route/163730,OSP:BUSP:C647370,st_struct_pedestal/68668,building/50010
ug_route/163731,OSP:BUSP:C642151,st_struct_pedestal/67120,building/50641
ug_route/163732,OSP:FBSP:C643159,mywcom_route_junction/21247,st_struct_pedestal/69379
ug_route/163733,OSP:FBSP:C667443,st_struct_pedestal/69753,st_struct_pedestal/69130
ug_route/163734,OSP:BUSP:C648080,st_struct_pedestal/69861,building/50275
ug_route/163735,OSP:BUSP::9466780,st_struct_pedestal/67483,st_struct_pedestal/70036
ug_route/163736,OSP:FBSP::13098193,st_struct_pedestal/69335,st_struct_pedestal/67775
ug_route/163737,OSP:BUSP:C705960,st_struct_pedestal/69807,building/49578
ug_route/163738,OSP:BUSP::11587704,st_struct_pedestal/67197,st_struct_pedestal/67699
ug_route/163739,OSP:BUSP:C657370,st_struct_pedestal/68799,pole/42219
ug_route/163740,OSP:BUSP:C653294,st_struct_pedestal/67189,building/48843
ug_route/163741,OSP:FBSP::14198324,st_struct_pedestal/70631,building/51308
ug_route/163742,OSP:BUSP::10272537,st_struct_pedestal/70702,mywcom_route_junction/21409
ug_route/163743,OSP:FBSP::8347652,st_struct_pedestal/67693,st_struct_pedestal/67457
ug_route/163744,OSP:BUSP::9451404,st_struct_pedestal/70456,st_struct_pedestal/69940
ug_route/163745,OSP:FORSP:C645552,mywcom_route_junction/21885,cabinet/2462
ug_route/163746,OSP:BUSP::9466866,st_struct_pedestal/68490,st_struct_pedestal/67373
ug_route/163747,OSP:BUSP:C648262,st_struct_pedestal/67439,st_struct_pedestal/67610
ug_route/163748,OSP:BUSP:C645469,pole/41389,st_struct_pedestal/68705
ug_route/163749,OSP:BUSP:C708354,st_struct_pedestal/70153,building/51350
ug_route/163750,OSP:FBSP:C670017,st_struct_pedestal/69005,building/49807
ug_route/163751,OSP:BUSP::11804356,st_struct_pedestal/67197,building/50889
ug_route/163752,OSP:FBSP:C639508,st_struct_pedestal/69101,st_struct_pedestal/70128
ug_route/163753,OSP:BUSP::9263506,mywcom_route_junction/21408,mywcom_route_junction/21400
ug_route/163754,OSP:BUSP::11470318,st_struct_pedestal/67861,st_struct_pedestal/69987
ug_route/163755,OSP:BUSP::9552501,st_struct_pedestal/67457,st_struct_pedestal/67693
ug_route/163756,OSP:BUSP::8382856,pole/40510,building/51028
ug_route/163757,OSP:BUSP::8572624,st_struct_pedestal/68490,st_struct_pedestal/67373
ug_route/163758,OSP:BUSP:C643018,st_struct_pedestal/69918,st_struct_pedestal/67208
ug_route/163759,OSP:FORSP:C646045,mywcom_route_junction/22031,st_struct_pedestal/67618
ug_route/163760,OSP:FBSP::10855878,pole/41799,st_struct_pedestal/67224
ug_route/163761,OSP:BUSP:C667713,pole/40801,mywcom_route_junction/21797
ug_route/163762,OSP:BUSP:C654439,st_struct_pedestal/69192,building/50067
ug_route/163763,OSP:BUSP:C655215,st_struct_pedestal/67780,building/49967
ug_route/163764,OSP:BUSP:C650829,st_struct_pedestal/67223,st_struct_pedestal/69522
ug_route/163765,OSP:BUSP:C651770,cabinet/2465,st_struct_pedestal/70099
ug_route/163766,OSP:FBSP:C644256,st_struct_pedestal/68498,st_struct_pedestal/67345
ug_route/163767,OSP:BUSP:C650780,st_struct_pedestal/70442,st_struct_pedestal/68438
ug_route/163768,OSP:BUSP:C654693,mywcom_route_junction/21849,mywcom_route_junction/21550
ug_route/163769,OSP:FBSP:C639222,st_struct_pedestal/68536,building/51450
ug_route/163770,OSP:BUSP:C651417,st_struct_pedestal/67108,building/50991
ug_route/163771,OSP:BUSP:C670089,st_struct_pedestal/69088,mywcom_route_junction/21188
ug_route/163772,OSP:BUSP::9505787,mywcom_route_junction/21539,mywcom_route_junction/21214
ug_route/163773,OSP:BUSP::11329786,st_struct_pedestal/70571,st_struct_pedestal/69260
ug_route/163774,OSP:BUSP:C659727,mywcom_route_junction/21536,mywcom_route_junction/21097
ug_route/163775,OSP:BUSP:C652520,st_struct_pedestal/70082,mywcom_route_junction/21259
ug_route/163776,OSP:FBSP:C657814,cabinet/2504,building/49943
ug_route/163777,OSP:BUSP:C641479,st_struct_pedestal/70330,building/49366
ug_route/163778,OSP:BUSP:C660493,st_struct_pedestal/70387,st_struct_pedestal/68825
ug_route/163779,OSP:BUSP:C646481,st_struct_pedestal/68643,building/50422
ug_route/163780,OSP:FBSP::8586067,pole/42264,building/50164
ug_route/163781,OSP:FBSP::7634309,st_struct_pedestal/70821,building/50857
ug_route/163782,OSP:BUSP:C707776,st_struct_buried_splice_location/2697,mywcom_route_junction/22028
ug_route/163783,OSP:BUSP:C662491,st_struct_pedestal/69312,mywcom_route_junction/21147
ug_route/163784,OSP:FBSP:C667212,st_struct_pedestal/69977,building/51349
ug_route/163785,OSP:FBSP::8490705,st_struct_pedestal/70214,building/48961
ug_route/163786,OSP:BUSP::17055320,mywcom_route_junction/21050,st_struct_pedestal/70065
ug_route/163787,OSP:FBSP::14956733,st_struct_pedestal/67672,building/49738
ug_route/163788,OSP:BUSP::16016251,st_struct_pedestal/70627,building/51279
ug_route/163789,OSP:BUSP::9493765,st_struct_pedestal/68498,st_struct_pedestal/67345
ug_route/163790,OSP:FBSP:C666326,pole/42037,building/51018
ug_route/163791,OSP:BUSP:C660865,st_struct_pedestal/67408,st_struct_pedestal/70262
ug_route/163792,OSP:BUSP:C681321,st_struct_pedestal/69532,building/49415
ug_route/163793,OSP:BUSP:C661672,st_struct_pedestal/68502,building/50062
ug_route/163794,OSP:BUSP:C641950,st_struct_pedestal/69516,building/50039
ug_route/163795,OSP:BUSP::11470319,st_struct_pedestal/69663,st_struct_pedestal/69869
ug_route/163796,OSP:BUSP:C650788,st_struct_pedestal/70442,st_struct_pedestal/68438
ug_route/163797,OSP:BUSP::10733946,pole/42283,building/49287
ug_route/163798,OSP:FBSP::7629597,st_struct_pedestal/69232,pole/41337
ug_route/163799,OSP:BUSP:C648440,mywcom_route_junction/21794,st_struct_pedestal/69514
ug_route/163800,OSP:FORSP::16955889,st_struct_vault/2465,cabinet/2470
ug_route/163801,OSP:BUSP::16685368,mywcom_route_junction/21760,st_struct_pedestal/70701
ug_route/163802,OSP:BUSP::15812740,st_struct_pedestal/70214,building/48961
ug_route/163803,OSP:BUSP::9454290,st_struct_pedestal/67314,st_struct_pedestal/67146
ug_route/163804,OSP:BUSP:C641993,st_struct_pedestal/70068,building/50081
ug_route/163805,OSP:BUSP:C650849,st_struct_buried_splice_location/2625,st_struct_pedestal/68350
ug_route/163806,OSP:BUSP::11587705,st_struct_pedestal/67699,st_struct_pedestal/67298
ug_route/163807,OSP:FBSP::12188404,st_struct_pedestal/70662,st_struct_pedestal/70069
ug_route/163808,OSP:BUSP:C648212,st_struct_pedestal/68481,st_struct_pedestal/68401
ug_route/163809,OSP:BUSP:C647272,st_struct_pedestal/70087,building/48850
ug_route/163810,OSP:BUSP:C670076,st_struct_pedestal/69088,mywcom_route_junction/21108
ug_route/163811,OSP:FBSP:C669023,st_struct_pedestal/67376,building/49770
ug_route/163812,OSP:BUSP::8447496,pole/41758,st_struct_pedestal/69288
ug_route/163813,OSP:BUSP:C645786,st_struct_pedestal/70150,st_struct_pedestal/69926
ug_route/163814,OSP:BUSP:C655203,st_struct_pedestal/69811,building/50902
ug_route/163815,OSP:BUSP::8587974,mywcom_route_junction/21003,st_struct_pedestal/67148
ug_route/163816,OSP:FBSP::15416265,st_struct_pedestal/69781,st_struct_pedestal/69647
ug_route/163817,OSP:FBSP::10128832,st_struct_pedestal/69512,st_struct_pedestal/68747
ug_route/163818,OSP:FBSP::7640456,st_struct_pedestal/69765,building/49033
ug_route/163819,OSP:BUSP::9531741,st_struct_pedestal/67161,st_struct_pedestal/68882
ug_route/163820,OSP:FBSP::10184517,st_struct_pedestal/67154,st_struct_pedestal/67782
ug_route/163821,OSP:BUSP:C647271,st_struct_pedestal/69817,building/49680
ug_route/163822,OSP:FBSP::8591492,st_struct_pedestal/69405,st_struct_pedestal/69966
ug_route/163823,OSP:BUSP:C670409,st_struct_pedestal/70745,building/50613
ug_route/163824,OSP:BUSP:C668818,cabinet/2441,st_struct_pedestal/69126
ug_route/163825,OSP:BUSP::9513473,st_struct_pedestal/69421,st_struct_pedestal/69367
ug_route/163826,OSP:BUSP::10841460,st_struct_pedestal/70185,building/49390
ug_route/163827,OSP:BUSP:C641427,st_struct_pedestal/67074,building/50005
ug_route/163828,OSP:FBSP:C710615,mywcom_route_junction/21401,st_struct_pedestal/68973
ug_route/163829,OSP:BUSP::9432830,st_struct_pedestal/70623,st_struct_pedestal/69900
ug_route/163830,OSP:BUSP::10663864,st_struct_pedestal/70562,building/51268
ug_route/163831,OSP:FBSP::10633143,mywcom_route_junction/21555,mywcom_route_junction/21008
ug_route/163832,OSP:BUSP:C659080,st_struct_pedestal/70407,building/51478
ug_route/163833,OSP:BUSP:C708023,st_struct_pedestal/69093,mywcom_route_junction/21909
ug_route/163834,OSP:BUSP::8331129,st_struct_pedestal/68429,st_struct_pedestal/68500
ug_route/163835,OSP:BUSP:C659784,st_struct_pedestal/67943,st_struct_pedestal/68266
ug_route/163836,OSP:BUSP::10920822,pole/42030,st_struct_pedestal/68275
ug_route/163837,OSP:BUSP:C643832,st_struct_pedestal/69272,building/49872
ug_route/163838,OSP:BUSP::9386745,pole/42415,pole/41795
ug_route/163839,OSP:BUSP:C656955,st_struct_pedestal/70010,mywcom_route_junction/21956
ug_route/163840,OSP:BUSP::11597672,pole/40503,mywcom_route_junction/21892
ug_route/163841,OSP:BUSP::11417600,st_struct_pedestal/67403,st_struct_pedestal/69818
ug_route/163842,OSP:BUSP:C639183,st_struct_pedestal/70596,building/50481
ug_route/163843,OSP:BUSP::16020405,st_struct_pedestal/70707,building/49879
ug_route/163844,OSP:BUSP::9157576,st_struct_pedestal/68506,pole/42555
ug_route/163845,OSP:BUSP:C668401,st_struct_pedestal/68846,st_struct_pedestal/70167
ug_route/163846,OSP:BUSP:C644213,st_struct_pedestal/70650,st_struct_pedestal/69720
ug_route/163847,OSP:BUSP:C662499,st_struct_pedestal/69312,mywcom_route_junction/21147
ug_route/163848,OSP:BUSP:C656134,st_struct_pedestal/69690,building/49491
ug_route/163849,OSP:BUSP::8574870,mywcom_route_junction/21513,building/51455
ug_route/163850,OSP:BUSP::11431265,st_struct_pedestal/70308,st_struct_pedestal/67595
ug_route/163851,OSP:BUSP:C651002,mywcom_route_junction/21763,mywcom_route_junction/21186
ug_route/163852,OSP:BUSP:C669003,st_struct_pedestal/67601,st_struct_pedestal/68440
ug_route/163853,OSP:BUSP::15968588,mywcom_route_junction/21386,building/51341
ug_route/163854,OSP:BUSP:C659787,st_struct_pedestal/67943,st_struct_pedestal/68266
ug_route/163855,OSP:FBSP::8950872,mywcom_route_junction/21332,mywcom_route_junction/21555
ug_route/163856,OSP:FBSP:C656315,building/51121,building/50974
ug_route/163857,OSP:BUSP:C649717,st_struct_pedestal/67400,building/50959
ug_route/163858,OSP:BUSP:C662344,st_struct_pedestal/67855,st_struct_pedestal/70076
ug_route/163859,OSP:BUSP::15126658,st_struct_pedestal/70167,st_struct_pedestal/68846
ug_route/163860,OSP:BUSP:C654796,st_struct_pedestal/69928,building/50989
ug_route/163861,OSP:BUSP:C657822,st_struct_pedestal/67790,st_struct_pedestal/67182
ug_route/163862,OSP:BUSP:C641202,st_struct_pedestal/67960,building/49789
ug_route/163863,OSP:BUSP:C668962,st_struct_pedestal/70222,st_struct_pedestal/67601
ug_route/163864,OSP:BUSP:C708065,st_struct_pedestal/69311,building/49048
ug_route/163865,OSP:BUSP:C667067,pole/42637,st_struct_pedestal/67604
ug_route/163866,OSP:BUSP:C657847,st_struct_pedestal/69526,building/49840
ug_route/163867,OSP:BUSP:C669685,st_struct_pedestal/70264,st_struct_pedestal/68682
ug_route/163868,OSP:BUSP::8587339,st_struct_pedestal/69664,st_struct_pedestal/69473
ug_route/163869,OSP:BUSP::8382240,st_struct_pedestal/70164,st_struct_pedestal/69391
ug_route/163870,OSP:BUSP::11472519,mywcom_route_junction/21780,st_struct_pedestal/68066
ug_route/163871,OSP:FBSP:C658209,st_struct_pedestal/68893,st_struct_pedestal/69904
ug_route/163872,OSP:BUSP:C644027,st_struct_pedestal/68435,st_struct_pedestal/68440
ug_route/163873,OSP:BUSP:C661975,st_struct_pedestal/69789,building/49319
ug_route/163874,OSP:BUSP:C668403,st_struct_pedestal/68846,st_struct_pedestal/70167
ug_route/163875,OSP:BUSP::16013393,cabinet/2441,st_struct_pedestal/69126
ug_route/163876,OSP:BUSP::15995450,pole/41804,mywcom_route_junction/21132
ug_route/163877,OSP:BUSP::8589291,mywcom_route_junction/21896,st_struct_pedestal/68919
ug_route/163878,OSP:BUSP:C660990,st_struct_pedestal/68047,st_struct_pedestal/70301
ug_route/163879,OSP:BUSP:C638809,st_struct_pedestal/69432,building/48836
ug_route/163880,OSP:BUSP:C639162,st_struct_pedestal/70273,building/50073
ug_route/163881,OSP:BUSP:C646134,st_struct_pedestal/70043,building/50993
ug_route/163882,OSP:BUSP:C646907,st_struct_pedestal/67685,building/50946
ug_route/163883,OSP:FBSP:C671224,st_struct_pedestal/70707,building/49879
ug_route/163884,OSP:BUSP:C665513,st_struct_pedestal/68079,building/50387
ug_route/163885,OSP:FBSP:C656436,mywcom_route_junction/21100,building/49502
ug_route/163886,OSP:FBSP::8397597,st_struct_pedestal/67327,building/51010
ug_route/163887,OSP:FBSP:C647730,st_struct_pedestal/67161,st_struct_pedestal/68882
ug_route/163888,OSP:BUSP::8643652,st_struct_pedestal/69073,building/50877
ug_route/163889,OSP:BUSP:C669697,st_struct_pedestal/70264,st_struct_pedestal/68682
ug_route/163890,OSP:BUSP:C708034,mywcom_route_junction/21051,mywcom_route_junction/21714
ug_route/163891,OSP:BUSP::9493632,st_struct_pedestal/67259,mywcom_route_junction/21081
ug_route/163892,OSP:FBSP:C659882,building/50078,building/50937
ug_route/163893,OSP:BUSP::8381904,st_struct_pedestal/67469,st_struct_pedestal/69877
ug_route/163894,OSP:BUSP::12613046,mywcom_route_junction/21928,mywcom_route_junction/21480
ug_route/163895,OSP:BUSP::15998700,st_struct_pedestal/69594,building/50628
ug_route/163896,OSP:FORSP:C648018,mywcom_route_junction/21447,cabinet/2457
ug_route/163897,OSP:BUSP:C659788,st_struct_pedestal/67943,st_struct_pedestal/68266
ug_route/163898,OSP:BUSP::8440157,st_struct_pedestal/69080,pole/40773
ug_route/163899,OSP:BUSP:C710747,st_struct_pedestal/69033,st_struct_pedestal/68299
ug_route/163900,OSP:BUSP:C662198,st_struct_pedestal/68361,building/49591
ug_route/163901,OSP:BUSP:C660964,st_struct_pedestal/68047,st_struct_pedestal/70301
ug_route/163902,OSP:BUSP:C654352,st_struct_pedestal/67349,st_struct_pedestal/70430
ug_route/163903,OSP:BUSP::10271225,pole/41952,st_struct_pedestal/68509
ug_route/163904,OSP:FBSP:C642418,st_struct_pedestal/69426,st_struct_pedestal/69558
ug_route/163905,OSP:BUSP:C661825,st_struct_pedestal/69509,building/49858
ug_route/163906,OSP:FBSP:C710211,st_struct_pedestal/69343,building/49895
ug_route/163907,OSP:BUSP:C643952,st_struct_pedestal/67778,st_struct_pedestal/67233
ug_route/163908,OSP:FBSP:C705041,pole/41921,mywcom_route_junction/21979
ug_route/163909,OSP:FBSP:C644485,st_struct_pedestal/67869,st_struct_pedestal/69867
ug_route/163910,OSP:FBSP:C705545,building/48825,building/49314
ug_route/163911,OSP:BUSP::9271177,pole/42009,mywcom_route_junction/20907
ug_route/163912,OSP:BUSP:C640315,st_struct_pedestal/67211,building/49171
ug_route/163913,OSP:FBSP::8446853,pole/42599,building/50094
ug_route/163914,OSP:FBSP:C657818,cabinet/2504,building/49983
ug_route/163915,OSP:BUSP::16057852,mywcom_route_junction/20985,st_struct_pedestal/70360
ug_route/163916,OSP:BUSP:C670494,st_struct_pedestal/68373,building/48737
ug_route/163917,OSP:BUSP::9499383,mywcom_route_junction/21496,mywcom_route_junction/20977
ug_route/163918,OSP:BUSP::15980411,pole/40578,building/49738
ug_route/163919,OSP:FBSP::8490707,st_struct_pedestal/67680,building/50963
ug_route/163920,OSP:BUSP:C663661,building/50507,building/49906
ug_route/163921,OSP:FBSP:C708383,mywcom_route_junction/21949,st_struct_pedestal/67259
ug_route/163922,OSP:BUSP::9490429,st_struct_pedestal/69558,st_struct_pedestal/69426
ug_route/163923,OSP:BUSP:C643977,st_struct_pedestal/67936,st_struct_pedestal/67507
ug_route/163924,OSP:BUSP:C666041,st_struct_pedestal/68931,st_struct_pedestal/68443
ug_route/163925,OSP:FBSP::16831957,st_struct_pedestal/67313,st_struct_pedestal/68400
ug_route/163926,OSP:FORSP:C645545,mywcom_route_junction/21885,st_struct_pedestal/68324
ug_route/163927,OSP:FBSP::8576454,mywcom_route_junction/22025,building/51467
ug_route/163928,OSP:BUSP:C657930,st_struct_buried_splice_location/2633,building/51062
ug_route/163929,OSP:BUSP:C642147,st_struct_pedestal/67120,building/50568
ug_route/163930,OSP:BUSP::8370712,st_struct_pedestal/68868,st_struct_pedestal/70181
ug_route/163931,OSP:BUSP::8347657,st_struct_pedestal/70622,st_struct_pedestal/70251
ug_route/163932,OSP:BUSP::9293313,pole/41978,st_struct_pedestal/68349
ug_route/163933,OSP:BUSP:C659790,st_struct_pedestal/67943,st_struct_pedestal/68266
ug_route/163934,OSP:BUSP::10768202,st_struct_pedestal/69078,st_struct_pedestal/70485
ug_route/163935,OSP:FBSP:C639773,st_struct_pedestal/69745,st_struct_pedestal/68478
ug_route/163936,OSP:BUSP::9536500,st_struct_pedestal/67869,st_struct_pedestal/69867
ug_route/163937,OSP:BUSP:C706392,cabinet/2509,mywcom_route_junction/21053
ug_route/163938,OSP:BUSP:C662253,building/50072,building/50638
ug_route/163939,OSP:BUSP:C660072,st_struct_pedestal/67956,building/51094
ug_route/163940,OSP:BUSP:C638865,st_struct_pedestal/67191,building/49865
ug_route/163941,OSP:FBSP:C656288,building/50560,mywcom_route_junction/21503
ug_route/163942,OSP:BUSP::9450422,cabinet/2420,mywcom_route_junction/21640
ug_route/163943,OSP:FBSP:C650418,st_struct_pedestal/67709,building/51073
ug_route/163944,OSP:BUSP:C711762,st_struct_pedestal/69137,building/48853
ug_route/163945,OSP:BUSP:C682000,building/49113,building/50020
ug_route/163946,OSP:BUSP:C643697,st_struct_pedestal/68840,building/51207
ug_route/163947,OSP:BUSP:C666108,st_struct_pedestal/68194,st_struct_pedestal/67244
ug_route/163948,OSP:FBSP:C667281,st_struct_pedestal/70549,building/48726
ug_route/163949,OSP:BUSP::10763382,st_struct_pedestal/69078,st_struct_pedestal/67096
ug_route/163950,OSP:FBSP::16057222,st_struct_pedestal/70360,st_struct_pedestal/70557
ug_route/163951,OSP:BUSP::9552502,st_struct_pedestal/67693,st_struct_pedestal/70622
ug_route/163952,OSP:BUSP:C648434,st_struct_pedestal/68618,st_struct_pedestal/69567
ug_route/163953,OSP:BUSP::9450456,mywcom_route_junction/21281,mywcom_route_junction/21942
ug_route/163954,OSP:BUSP:C710114,building/50328,building/49647
ug_route/163955,OSP:BUSP:C652653,st_struct_pedestal/69849,st_struct_pedestal/69095
ug_route/163956,OSP:BUSP:C667294,st_struct_pedestal/70181,st_struct_pedestal/68868
ug_route/163957,OSP:FBSP:C671237,st_struct_pedestal/68109,st_struct_pedestal/67692
ug_route/163958,OSP:BUSP:C641669,st_struct_pedestal/68211,building/50987
ug_route/163959,OSP:BUSP::8382232,st_struct_pedestal/70588,building/49370
ug_route/163960,OSP:FBSP:C651232,st_struct_pedestal/68714,st_struct_pedestal/70007
ug_route/163961,OSP:BUSP::9450751,st_struct_pedestal/70456,pole/42687
ug_route/163962,OSP:BUSP:C650782,st_struct_pedestal/68983,st_struct_pedestal/70442
ug_route/163963,OSP:BUSP:C707914,st_struct_pedestal/67280,building/49439
ug_route/163964,OSP:BUSP:C656295,st_struct_pedestal/70709,building/51198
ug_route/163965,OSP:BUSP:C656029,st_struct_pedestal/68243,building/50334
ug_route/163966,OSP:BUSP:C666236,st_struct_pedestal/69738,st_struct_pedestal/68066
ug_route/163967,OSP:FBSP:C662225,st_struct_pedestal/70218,building/50676
ug_route/163968,OSP:FBSP:C666447,pole/40714,building/50277
ug_route/163969,OSP:BUSP::11434937,st_struct_pedestal/68406,st_struct_pedestal/69749
ug_route/163970,OSP:BUSP:C668492,st_struct_pedestal/70723,st_struct_pedestal/69596
ug_route/163971,OSP:BUSP:C662337,st_struct_pedestal/67293,st_struct_pedestal/67855
ug_route/163972,OSP:FBSP:C652783,st_struct_pedestal/67779,building/50345
ug_route/163973,OSP:BUSP:C639495,st_struct_pedestal/70276,building/49268
ug_route/163974,OSP:BUSP::8365262,mywcom_route_junction/21031,st_struct_pedestal/68605
ug_route/163975,OSP:BUSP::9465609,st_struct_pedestal/68109,st_struct_pedestal/67692
ug_route/163976,OSP:FBSP:C657823,cabinet/2504,building/50875
ug_route/163977,OSP:FBSP::8381896,st_struct_pedestal/67168,st_struct_pedestal/69299
ug_route/163978,OSP:BUSP:C659037,st_struct_pedestal/68174,st_struct_pedestal/68941
ug_route/163979,OSP:BUSP::16017213,st_struct_pedestal/68537,building/51046
ug_route/163980,OSP:BUSP:C639188,st_struct_pedestal/68972,building/50717
ug_route/163981,OSP:BUSP:C705431,st_struct_pedestal/68679,building/50353
ug_route/163982,OSP:BUSP:C662142,st_struct_pedestal/69816,st_struct_pedestal/69944
ug_route/163983,OSP:FBSP::13095319,st_struct_pedestal/68797,st_struct_pedestal/68087
ug_route/163984,OSP:FBSP:C656438,mywcom_route_junction/21184,building/48725
ug_route/163985,OSP:FBSP:C667680,st_struct_pedestal/68108,building/49903
ug_route/163986,OSP:FBSP:C668860,st_struct_pedestal/68752,mywcom_route_junction/20999
ug_route/163987,OSP:BUSP:C665774,mywcom_route_junction/21746,mywcom_route_junction/21173
ug_route/163988,OSP:BUSP::9157579,pole/42644,st_struct_pedestal/68634
ug_route/163989,OSP:BUSP:C666102,st_struct_pedestal/68194,st_struct_pedestal/70294
ug_route/163990,OSP:FBSP:C711676,pole/42531,building/49343
ug_route/163991,OSP:FBSP:C648443,st_struct_pedestal/69766,st_struct_pedestal/68960
ug_route/163992,OSP:BUSP:C650940,st_struct_pedestal/68006,building/49140
ug_route/163993,OSP:FBSP::8448785,mywcom_route_junction/21210,mywcom_route_junction/21725
ug_route/163994,OSP:BUSP:C640919,st_struct_pedestal/67505,building/49934
ug_route/163995,OSP:BUSP::16764608,st_struct_pedestal/68304,st_struct_pedestal/69782
ug_route/163996,OSP:BUSP:C642490,st_struct_pedestal/70134,mywcom_route_junction/20948
ug_route/163997,OSP:FBSP:C658127,st_struct_pedestal/69553,st_struct_pedestal/67583
ug_route/163998,OSP:BUSP::9450742,mywcom_route_junction/21409,mywcom_route_junction/21200
ug_route/163999,OSP:BUSP:C670823,st_struct_pedestal/67157,building/51030
ug_route/164000,OSP:BUSP:C650840,st_struct_pedestal/70799,st_struct_pedestal/70511
ug_route/164001,OSP:BUSP:C650775,st_struct_pedestal/69883,st_struct_pedestal/70478
ug_route/164002,OSP:BUSP:C644150,st_struct_pedestal/69518,building/49490
ug_route/164003,OSP:BUSP::17032285,mywcom_route_junction/21043,st_struct_pedestal/69486
ug_route/164004,OSP:FBSP:C639219,st_struct_pedestal/68536,building/49149
ug_route/164005,OSP:BUSP:C666078,st_struct_pedestal/69017,building/51057
ug_route/164006,OSP:FBSP:C668745,mywcom_route_junction/21719,mywcom_route_junction/21578
ug_route/164007,OSP:BUSP:C710758,st_struct_pedestal/68299,st_struct_pedestal/69828
ug_route/164008,OSP:FBSP::9506114,building/50835,st_struct_pedestal/70059
ug_route/164009,OSP:BUSP:C653019,st_struct_pedestal/68117,mywcom_route_junction/21873
ug_route/164010,OSP:FBSP:C650549,pole/42604,building/50965
ug_route/164011,OSP:BUSP:C654338,st_struct_pedestal/69210,st_struct_pedestal/68838
ug_route/164012,OSP:FBSP:C667624,pole/42085,building/50112
ug_route/164013,OSP:FORSP::16955876,st_struct_vault/2445,pole/41693
ug_route/164014,OSP:FBSP:C646426,pole/42379,building/48819
ug_route/164015,OSP:FBSP::13146757,mywcom_route_junction/21265,building/50692
ug_route/164016,OSP:BUSP::14931764,mywcom_route_junction/21339,mywcom_route_junction/21201
ug_route/164017,OSP:BUSP:C659277,st_struct_pedestal/69440,st_struct_pedestal/69722
ug_route/164018,OSP:BUSP:C649778,st_struct_pedestal/67328,st_struct_pedestal/70456
ug_route/164019,OSP:BUSP:C668821,st_struct_pedestal/69947,st_struct_pedestal/69126
ug_route/164020,OSP:BUSP::9455554,st_struct_pedestal/69553,st_struct_pedestal/67583
ug_route/164021,OSP:FBSP::16810262,pole/42426,st_struct_pedestal/70769
ug_route/164022,OSP:FBSP:C639207,pole/40530,building/50262
ug_route/164023,OSP:BUSP:C708309,building/50102,building/49736
ug_route/164024,OSP:BUSP:C650837,st_struct_pedestal/69522,st_struct_pedestal/70799
ug_route/164025,OSP:BUSP::9524680,st_struct_pedestal/70007,st_struct_pedestal/69227
ug_route/164026,OSP:BUSP::8345741,st_struct_pedestal/70334,mywcom_route_junction/21690
ug_route/164027,OSP:BUSP:C648422,mywcom_route_junction/21931,st_struct_pedestal/68016
ug_route/164028,OSP:BUSP:C666104,st_struct_pedestal/68194,st_struct_pedestal/70294
ug_route/164029,OSP:BUSP::8384134,st_struct_pedestal/68752,building/50806
ug_route/164030,OSP:BUSP::16973429,pole/40530,building/50262
ug_route/164031,OSP:BUSP:C705130,mywcom_route_junction/21506,pole/41869
ug_route/164032,OSP:FBSP:C642476,st_struct_pedestal/70788,building/49040
ug_route/164033,OSP:BUSP::9290695,mywcom_route_junction/21384,mywcom_route_junction/20920
ug_route/164034,OSP:BUSP:C656496,st_struct_pedestal/68347,st_struct_pedestal/67204
ug_route/164035,OSP:BUSP:C656667,st_struct_pedestal/70535,building/49014
ug_route/164036,OSP:FBSP::8336458,st_struct_pedestal/67361,st_struct_pedestal/69024
ug_route/164037,OSP:BUSP:C641819,st_struct_pedestal/67435,st_struct_pedestal/68450
ug_route/164038,OSP:BUSP:C668817,st_struct_pedestal/68346,st_struct_pedestal/68723
ug_route/164039,OSP:BUSP:C658636,st_struct_pedestal/67993,building/48763
ug_route/164040,OSP:BUSP::8589286,st_struct_pedestal/69088,mywcom_route_junction/21562
ug_route/164041,OSP:BUSP:C659817,st_struct_pedestal/68504,building/50190
ug_route/164042,OSP:BUSP:C658020,st_struct_pedestal/70500,building/51061
ug_route/164043,OSP:BUSP:C668066,building/49043,building/50252
ug_route/164044,OSP:BUSP:C662179,st_struct_pedestal/69175,st_struct_pedestal/67322
ug_route/164045,OSP:BUSP:C668541,st_struct_pedestal/70131,building/49615
ug_route/164046,OSP:FBSP::13297208,building/50228,st_struct_pedestal/67218
ug_route/164047,OSP:BUSP:C670278,st_struct_pedestal/68741,mywcom_route_junction/21459
ug_route/164048,OSP:FBSP:C662695,st_struct_pedestal/68816,building/50624
ug_route/164049,OSP:FBSP::10639877,mywcom_route_junction/21576,mywcom_route_junction/21365
ug_route/164050,OSP:BUSP::11099444,pole/41542,building/49633
ug_route/164051,OSP:BUSP:C659825,st_struct_pedestal/68504,building/48770
ug_route/164052,OSP:BUSP::16795215,mywcom_route_junction/21507,mywcom_route_junction/21133
ug_route/164053,OSP:BUSP:C663459,st_struct_pedestal/69699,st_struct_pedestal/67922
ug_route/164054,OSP:BUSP::15351311,pole/40795,building/50704
ug_route/164055,OSP:BUSP:C707768,st_struct_pedestal/67149,st_struct_pedestal/68455
ug_route/164056,OSP:BUSP:C648267,st_struct_pedestal/67610,st_struct_pedestal/68439
ug_route/164057,OSP:BUSP:C659734,st_struct_pedestal/70739,st_struct_pedestal/70795
ug_route/164058,OSP:BUSP::8591496,mywcom_route_junction/21195,st_struct_pedestal/70478
ug_route/164059,OSP:BUSP::9206865,st_struct_pedestal/68347,mywcom_route_junction/21129
ug_route/164060,OSP:FBSP::9598591,mywcom_route_junction/21643,mywcom_route_junction/21778
ug_route/164061,OSP:BUSP::14118645,st_struct_pedestal/70788,building/49040
ug_route/164062,OSP:BUSP::16017205,building/48941,st_struct_pedestal/70191
ug_route/164063,OSP:BUSP::8448158,pole/41095,pole/42413
ug_route/164064,OSP:BUSP:C662214,st_struct_pedestal/69175,st_struct_pedestal/67322
ug_route/164065,OSP:BUSP::10661348,st_struct_pedestal/70807,st_struct_pedestal/69002
ug_route/164066,OSP:BUSP:C648769,st_struct_pedestal/70414,building/50913
ug_route/164067,OSP:BUSP:C664828,building/51371,building/49656
ug_route/164068,OSP:BUSP:C710200,st_struct_pedestal/67214,building/51136
ug_route/164069,OSP:BUSP:C654360,st_struct_pedestal/67352,st_struct_pedestal/70047
ug_route/164070,OSP:BUSP:C662328,st_struct_pedestal/70432,st_struct_pedestal/67471
ug_route/164071,OSP:BUSP:C647236,st_struct_pedestal/67435,st_struct_pedestal/68450
ug_route/164072,OSP:BUSP:C668007,st_struct_pedestal/68560,st_struct_pedestal/68846
ug_route/164073,OSP:BUSP::13354580,st_struct_pedestal/68816,building/50624
ug_route/164074,OSP:BUSP::8397603,st_struct_pedestal/70217,st_struct_pedestal/68026
ug_route/164075,OSP:BUSP:C670274,st_struct_pedestal/68741,st_struct_pedestal/70467
ug_route/164076,OSP:FBSP:C648339,st_struct_pedestal/70191,building/48941
ug_route/164077,OSP:BUSP::15118968,st_struct_pedestal/70432,st_struct_pedestal/67471
ug_route/164078,OSP:BUSP:C710753,st_struct_pedestal/68542,st_struct_pedestal/67407
ug_route/164079,OSP:BUSP:C669721,st_struct_pedestal/68285,st_struct_pedestal/68891
ug_route/164080,OSP:BUSP:C648468,pole/41866,st_struct_pedestal/67300
ug_route/164081,OSP:FBSP:C650550,pole/41215,building/49180
ug_route/164082,OSP:BUSP:C653485,st_struct_pedestal/70798,building/49037
ug_route/164083,OSP:BUSP:C669972,mywcom_route_junction/21070,st_struct_pedestal/67215
ug_route/164084,OSP:BUSP::15126657,st_struct_pedestal/68846,st_struct_pedestal/68560
ug_route/164085,OSP:BUSP:C658306,st_struct_pedestal/67747,st_struct_pedestal/67419
ug_route/164086,OSP:BUSP:C681575,st_struct_pedestal/70337,building/50380
ug_route/164087,OSP:BUSP::15968580,st_struct_pedestal/69596,building/50001
ug_route/164088,OSP:BUSP:C654672,st_struct_pedestal/68835,building/50543
ug_route/164089,OSP:BUSP::9270598,pole/41866,st_struct_pedestal/67300
ug_route/164090,OSP:BUSP:C646449,pole/41688,st_struct_pedestal/70767
ug_route/164091,OSP:BUSP:C668025,st_struct_pedestal/68560,st_struct_pedestal/68846
ug_route/164092,OSP:BUSP::8399172,st_struct_pedestal/70217,st_struct_pedestal/68026
ug_route/164093,OSP:BUSP::15968592,mywcom_route_junction/21386,st_struct_pedestal/67661
ug_route/164094,OSP:BUSP::8500000,cabinet/2521,st_struct_pedestal/69764
ug_route/164095,OSP:BUSP::15126647,st_struct_pedestal/67153,st_struct_pedestal/70465
ug_route/164096,OSP:BUSP:C649759,st_struct_pedestal/67823,building/50533
ug_route/164097,OSP:BUSP:C640121,st_struct_pedestal/69434,building/51328
ug_route/164098,OSP:BUSP:C641441,st_struct_pedestal/68432,building/50687
ug_route/164099,OSP:BUSP::15997693,st_struct_pedestal/68294,building/51222
ug_route/164100,OSP:FORSP:C646248,mywcom_route_junction/21076,cabinet/2519
ug_route/164101,OSP:BUSP::8500968,st_struct_pedestal/68558,st_struct_pedestal/69761
ug_route/164102,OSP:BUSP::8603033,mywcom_route_junction/21714,st_struct_pedestal/70726
ug_route/164103,OSP:BUSP:C641280,st_struct_pedestal/68425,building/51153
ug_route/164104,OSP:BUSP::15824269,st_struct_pedestal/67466,st_struct_pedestal/68555
ug_route/164105,OSP:BUSP:C646973,st_struct_pedestal/70321,building/49484
ug_route/164106,OSP:BUSP::10689785,st_struct_pedestal/67531,st_struct_pedestal/69851
ug_route/164107,OSP:BUSP:C649705,st_struct_pedestal/68300,building/50455
ug_route/164108,OSP:BUSP::8590221,building/51080,st_struct_pedestal/70353
ug_route/164109,OSP:BUSP::15979777,pole/40684,building/50278
ug_route/164110,OSP:BUSP::8336135,st_struct_pedestal/68115,mywcom_route_junction/20921
ug_route/164111,OSP:BUSP:C706887,st_struct_buried_splice_location/2629,building/50436
ug_route/164112,OSP:BUSP::8586396,st_struct_pedestal/68625,st_struct_pedestal/69902
ug_route/164113,OSP:BUSP:C708149,st_struct_pedestal/67491,building/50321
ug_route/164114,OSP:FBSP::13098195,st_struct_pedestal/67524,st_struct_pedestal/68563
ug_route/164115,OSP:BUSP:C641969,building/49081,building/51070
ug_route/164116,OSP:BUSP:C667611,st_struct_pedestal/69552,st_struct_pedestal/68037
ug_route/164117,OSP:BUSP:C639160,st_struct_pedestal/70273,building/51105
ug_route/164118,OSP:BUSP:C661191,mywcom_route_junction/21404,st_struct_pedestal/67337
ug_route/164119,OSP:FBSP:C650425,st_struct_pedestal/68949,building/48937
ug_route/164120,OSP:FBSP:C668405,st_struct_pedestal/70167,building/49205
ug_route/164121,OSP:BUSP:C668337,st_struct_pedestal/70283,st_struct_pedestal/68534
ug_route/164122,OSP:BUSP:C662325,st_struct_pedestal/70065,mywcom_route_junction/20996
ug_route/164123,OSP:FBSP::10916759,st_struct_pedestal/70686,st_struct_pedestal/69374
ug_route/164124,OSP:FBSP::8403023,mywcom_route_junction/21371,building/51346
ug_route/164125,OSP:BUSP::11804362,st_struct_pedestal/67699,building/51430
ug_route/164126,OSP:BUSP:C653142,st_struct_pedestal/68379,building/51412
ug_route/164127,OSP:BUSP:C651126,building/50680,building/49240
ug_route/164128,OSP:FBSP:C711485,mywcom_route_junction/21892,pole/40572
ug_route/164129,OSP:FBSP::13098114,st_struct_pedestal/69336,st_struct_pedestal/68269
ug_route/164130,OSP:BUSP:C707625,st_struct_pedestal/68283,st_struct_pedestal/69615
ug_route/164131,OSP:BUSP:C689227,st_struct_pedestal/68185,st_struct_pedestal/67947
ug_route/164132,OSP:BUSP::8440454,pole/41688,st_struct_pedestal/70767
ug_route/164133,OSP:FBSP:C646223,st_struct_pedestal/70385,st_struct_pedestal/70800
ug_route/164134,OSP:BUSP::11487236,st_struct_pedestal/68065,st_struct_pedestal/69416
ug_route/164135,OSP:BUSP::9531736,st_struct_pedestal/68046,st_struct_pedestal/68927
ug_route/164136,OSP:BUSP:C659925,st_struct_pedestal/67713,st_struct_pedestal/69859
ug_route/164137,OSP:BUSP:C658824,st_struct_pedestal/69635,building/51228
ug_route/164138,OSP:FBSP:C645857,st_struct_pedestal/67364,st_struct_pedestal/70522
ug_route/164139,OSP:FBSP:C639213,pole/40530,building/49910
ug_route/164140,OSP:BUSP:C644274,st_struct_pedestal/68176,st_struct_pedestal/69619
ug_route/164141,OSP:FBSP::8572949,st_struct_pedestal/67854,st_struct_pedestal/70119
ug_route/164142,OSP:BUSP::16783618,mywcom_route_junction/21054,mywcom_route_junction/21767
ug_route/164143,OSP:BUSP::15824266,st_struct_pedestal/70214,st_struct_pedestal/67466
ug_route/164144,OSP:BUSP:C682646,st_struct_pedestal/68567,st_struct_pedestal/68174
ug_route/164145,OSP:BUSP:C665619,st_struct_pedestal/67545,building/51077
ug_route/164146,OSP:BUSP:C643090,st_struct_pedestal/67208,pole/40983
ug_route/164147,OSP:BUSP:C681433,st_struct_pedestal/68581,building/49223
ug_route/164148,OSP:BUSP::9532347,st_struct_pedestal/67364,st_struct_pedestal/70522
ug_route/164149,OSP:BUSP:C705421,cabinet/2513,pole/41693
ug_route/164150,OSP:FBSP:C669142,building/50254,mywcom_route_junction/21672
ug_route/164151,OSP:BUSP:C642019,st_struct_pedestal/68885,building/49357
ug_route/164152,OSP:BUSP::14931765,mywcom_route_junction/21339,mywcom_route_junction/21201
ug_route/164153,OSP:BUSP:C705199,st_struct_pedestal/69107,st_struct_buried_splice_location/2640
ug_route/164154,OSP:FBSP:C670536,pole/42305,building/48761
ug_route/164155,OSP:BUSP:C653116,st_struct_pedestal/70136,building/50237
ug_route/164156,OSP:BUSP::10511236,st_struct_pedestal/67301,st_struct_pedestal/68850
ug_route/164157,OSP:BUSP:C656389,st_struct_pedestal/67212,mywcom_route_junction/21674
ug_route/164158,OSP:BUSP::10137956,st_struct_pedestal/67522,building/51084
ug_route/164159,OSP:BUSP::11435044,cabinet/2441,st_struct_pedestal/68346
ug_route/164160,OSP:BUSP:C643616,st_struct_pedestal/67254,st_struct_pedestal/68449
ug_route/164161,OSP:BUSP:C705362,st_struct_buried_splice_location/2703,mywcom_route_junction/21799
ug_route/164162,OSP:BUSP::11705796,st_struct_pedestal/67940,building/50365
ug_route/164163,OSP:FBSP::7630876,st_struct_pedestal/69204,st_struct_pedestal/70821
ug_route/164164,OSP:FBSP::15608266,st_struct_pedestal/67221,building/51400
ug_route/164165,OSP:BUSP:C642178,st_struct_pedestal/67904,building/50564
ug_route/164166,OSP:BUSP:C648086,st_struct_pedestal/67662,building/49753
ug_route/164167,OSP:BUSP::8437276,pole/42623,mywcom_route_junction/21047
ug_route/164168,OSP:BUSP::15969225,st_struct_pedestal/70167,building/49205
ug_route/164169,OSP:BUSP:C658965,st_struct_pedestal/69412,building/48970
ug_route/164170,OSP:BUSP:C681329,st_struct_pedestal/67178,st_struct_buried_splice_location/2664
ug_route/164171,OSP:BUSP:C663447,st_struct_pedestal/69065,st_struct_pedestal/69578
ug_route/164172,OSP:BUSP:C652699,pole/42221,mywcom_route_junction/21136
ug_route/164173,OSP:FBSP:C661051,st_struct_pedestal/68917,building/51227
ug_route/164174,OSP:FBSP::8448150,st_struct_pedestal/70030,st_struct_pedestal/70224
ug_route/164175,OSP:FBSP:C711782,st_struct_pedestal/67433,st_struct_pedestal/68073
ug_route/164176,OSP:BUSP:C708229,st_struct_pedestal/68328,building/49993
ug_route/164177,OSP:BUSP:C644384,st_struct_pedestal/68176,st_struct_pedestal/69619
ug_route/164178,OSP:FBSP:C710206,st_struct_pedestal/69634,building/49309
ug_route/164179,OSP:BUSP:C654645,st_struct_pedestal/67438,building/48739
ug_route/164180,OSP:FBSP::13095385,mywcom_route_junction/21249,building/50127
ug_route/164181,OSP:BUSP:C668720,st_struct_pedestal/69459,building/49537
ug_route/164182,OSP:BUSP:C640318,st_struct_pedestal/67211,building/49013
ug_route/164183,OSP:FBSP:C651290,st_struct_pedestal/69534,building/50804
ug_route/164184,OSP:FBSP:C667439,st_struct_pedestal/67617,st_struct_pedestal/68153
ug_route/164185,OSP:FBSP:C650354,st_struct_pedestal/67766,building/51383
ug_route/164186,OSP:BUSP:C659808,st_struct_pedestal/68266,building/50654
ug_route/164187,OSP:BUSP::15352272,building/48761,pole/42305
ug_route/164188,OSP:BUSP:C648368,st_struct_pedestal/67456,building/50665
ug_route/164189,OSP:FBSP:C707209,pole/41124,building/49977
ug_route/164190,OSP:FBSP:C660340,st_struct_pedestal/68827,building/48822
ug_route/164191,OSP:BUSP:C650269,st_struct_pedestal/70578,st_struct_pedestal/69411
ug_route/164192,OSP:FBSP:C668989,st_struct_pedestal/69191,building/49232
ug_route/164193,OSP:BUSP:C656464,st_struct_pedestal/68093,building/49543
ug_route/164194,OSP:BUSP::9451389,mywcom_route_junction/21883,st_struct_pedestal/69411
ug_route/164195,OSP:FBSP::11534263,st_struct_pedestal/68024,mywcom_route_junction/21566
ug_route/164196,OSP:BUSP:C669689,st_struct_pedestal/69894,st_struct_pedestal/70264
ug_route/164197,OSP:BUSP:C663473,st_struct_pedestal/69065,st_struct_pedestal/69578
ug_route/164198,OSP:BUSP::16090487,st_struct_pedestal/68335,mywcom_route_junction/21029
ug_route/164199,OSP:BUSP::9528824,st_struct_pedestal/67617,st_struct_pedestal/68153
ug_route/164200,OSP:FBSP:C661069,st_struct_pedestal/70103,building/50465
ug_route/164201,OSP:BUSP:C638844,st_struct_pedestal/67913,building/49648
ug_route/164202,OSP:FBSP:C657480,st_struct_pedestal/68562,building/48781
ug_route/164203,OSP:BUSP:C668687,st_struct_pedestal/68560,st_struct_pedestal/69945
ug_route/164204,OSP:BUSP::9466858,st_struct_pedestal/70081,st_struct_pedestal/68587
ug_route/164205,OSP:FBSP::16813861,pole/42427,building/51186
ug_route/164206,OSP:BUSP:C656212,st_struct_pedestal/68468,cabinet/2492
ug_route/164207,OSP:FORSP:C646056,mywcom_route_junction/21728,pole/40832
ug_route/164208,OSP:BUSP:C641573,st_struct_pedestal/67187,building/49231
ug_route/164209,OSP:FBSP:C658101,st_struct_pedestal/67583,st_struct_pedestal/67978
ug_route/164210,OSP:BUSP::9447573,st_struct_pedestal/69506,st_struct_pedestal/70291
ug_route/164211,OSP:BUSP:C654486,st_struct_pedestal/69802,st_struct_pedestal/68182
ug_route/164212,OSP:FBSP::8572622,st_struct_pedestal/70081,st_struct_pedestal/68587
ug_route/164213,OSP:BUSP::9454920,st_struct_pedestal/69949,st_struct_pedestal/69379
ug_route/164214,OSP:BUSP::15126656,st_struct_pedestal/69945,st_struct_pedestal/68560
ug_route/164215,OSP:BUSP::14262646,mywcom_route_junction/21324,building/49307
ug_route/164216,OSP:BUSP:C648073,st_struct_pedestal/69697,building/50212
ug_route/164217,OSP:BUSP:C650290,st_struct_pedestal/70578,st_struct_pedestal/69411
ug_route/164218,OSP:BUSP::10881524,st_struct_pedestal/68827,building/48822
ug_route/164219,OSP:FBSP:C639739,st_struct_pedestal/67312,st_struct_pedestal/68456
ug_route/164220,OSP:BUSP:C653143,st_struct_pedestal/68379,building/50096
ug_route/164221,OSP:BUSP:C670354,st_struct_pedestal/70784,mywcom_route_junction/21962
ug_route/164222,OSP:BUSP::10260356,building/48754,st_struct_pedestal/69234
ug_route/164223,OSP:BUSP:C670355,st_struct_pedestal/70784,building/49403
ug_route/164224,OSP:BUSP::9455555,st_struct_pedestal/67583,st_struct_pedestal/67978
ug_route/164225,OSP:BUSP:C668693,st_struct_pedestal/68560,st_struct_pedestal/69945
ug_route/164226,OSP:FBSP::9776508,st_struct_pedestal/69948,st_struct_pedestal/68144
ug_route/164227,OSP:BUSP:C660150,st_struct_pedestal/70416,building/49362
ug_route/164228,OSP:BUSP:C682081,st_struct_pedestal/68180,building/49685
ug_route/164229,OSP:FBSP::13098315,pole/41345,st_struct_pedestal/69206
ug_route/164230,OSP:FBSP:C646230,st_struct_pedestal/67849,st_struct_pedestal/68767
ug_route/164231,OSP:BUSP:C653784,pole/42442,mywcom_route_junction/21642
ug_route/164232,OSP:BUSP:C660396,st_struct_pedestal/68278,mywcom_route_junction/21361
ug_route/164233,OSP:BUSP:C650238,st_struct_pedestal/70762,building/50424
ug_route/164234,OSP:BUSP::8336779,cabinet/2511,mywcom_route_junction/21564
ug_route/164235,OSP:BUSP:C644175,st_struct_pedestal/67627,st_struct_pedestal/69815
ug_route/164236,OSP:BUSP:C642886,st_struct_pedestal/69264,st_struct_pedestal/70586
ug_route/164237,OSP:FBSP:C660336,st_struct_pedestal/68827,building/48822
ug_route/164238,OSP:BUSP:C633987,pole/41345,st_struct_pedestal/69206
ug_route/164239,OSP:BUSP::9307423,st_struct_pedestal/67157,building/49099
ug_route/164240,OSP:BUSP::8501574,st_struct_pedestal/68133,mywcom_route_junction/21660
ug_route/164241,OSP:BUSP:C650253,st_struct_pedestal/68804,building/50146
ug_route/164242,OSP:BUSP:C667078,st_struct_pedestal/67604,mywcom_route_junction/21207
ug_route/164243,OSP:BUSP:C652386,st_struct_pedestal/69727,st_struct_pedestal/68812
ug_route/164244,OSP:BUSP:C650573,mywcom_route_junction/21439,mywcom_route_junction/21295
ug_route/164245,OSP:BUSP:C665617,st_struct_pedestal/67545,building/49341
ug_route/164246,OSP:BUSP::9460130,st_struct_pedestal/69264,st_struct_pedestal/70586
ug_route/164247,OSP:BUSP:C643689,st_struct_pedestal/69929,mywcom_route_junction/21343
ug_route/164248,OSP:BUSP:C652001,st_struct_pedestal/69254,building/50992
ug_route/164249,OSP:BUSP:C655591,st_struct_pedestal/69527,st_struct_pedestal/70396
ug_route/164250,OSP:BUSP:C666992,st_struct_pedestal/69102,st_struct_pedestal/69274
ug_route/164251,OSP:FORSP:C687294,mywcom_route_junction/21243,mywcom_route_junction/21834
ug_route/164252,OSP:BUSP:C633956,pole/41345,st_struct_pedestal/69206
ug_route/164253,OSP:BUSP::10756982,st_struct_pedestal/69766,st_struct_pedestal/68960
ug_route/164254,OSP:BUSP::12035115,st_struct_pedestal/67939,mywcom_route_junction/21096
ug_route/164255,OSP:BUSP:C670502,st_struct_pedestal/67746,building/50636
ug_route/164256,OSP:BUSP:C658463,st_struct_pedestal/68733,building/49544
ug_route/164257,OSP:BUSP::8436643,pole/42490,building/51175
ug_route/164258,OSP:FBSP::7622854,st_struct_pedestal/69071,building/50155
ug_route/164259,OSP:FBSP:C646227,st_struct_pedestal/68767,st_struct_pedestal/70385
ug_route/164260,OSP:BUSP:C647459,st_struct_pedestal/67210,building/49267
ug_route/164261,OSP:BUSP:C671268,mywcom_route_junction/21545,mywcom_route_junction/21152
ug_route/164262,OSP:BUSP:C641846,st_struct_pedestal/68523,building/50177
ug_route/164263,OSP:BUSP::15995455,pole/40803,building/49306
ug_route/164264,OSP:BUSP::16735380,mywcom_route_junction/21986,mywcom_route_junction/21283
ug_route/164265,OSP:BUSP:C669684,mywcom_route_junction/21619,st_struct_pedestal/70264
ug_route/164266,OSP:BUSP:C650572,mywcom_route_junction/21439,mywcom_route_junction/21295
ug_route/164267,OSP:FBSP:C646121,mywcom_route_junction/21319,st_struct_pedestal/67675
ug_route/164268,OSP:BUSP:C639778,st_struct_pedestal/68003,building/49436
ug_route/164269,OSP:BUSP::8382864,st_struct_pedestal/67434,building/49804
ug_route/164270,OSP:FBSP::15076740,st_struct_pedestal/70292,building/51221
ug_route/164271,OSP:BUSP:C654219,st_struct_pedestal/68753,st_struct_pedestal/67485
ug_route/164272,OSP:BUSP::9263495,st_struct_pedestal/67152,st_struct_pedestal/67380
ug_route/164273,OSP:BUSP:C647303,st_struct_pedestal/67399,building/49210
ug_route/164274,OSP:BUSP::8347347,cabinet/2511,st_struct_pedestal/67693
ug_route/164275,OSP:BUSP:C663160,st_struct_buried_splice_location/2638,st_struct_pedestal/69333
ug_route/164276,OSP:FBSP:C710107,st_struct_pedestal/67305,building/49254
ug_route/164277,OSP:FBSP:C706974,mywcom_route_junction/21030,mywcom_route_junction/21482
ug_route/164278,OSP:FBSP:C709973,st_struct_pedestal/68894,building/49560
ug_route/164279,OSP:BUSP::8369734,mywcom_route_junction/22011,cabinet/2415
ug_route/164280,OSP:FBSP:C655773,st_struct_pedestal/68104,building/50249
ug_route/164281,OSP:BUSP:C681565,st_struct_pedestal/68929,building/49566
ug_route/164282,OSP:BUSP:C648077,st_struct_pedestal/69861,building/49481
ug_route/164283,OSP:BUSP:C711717,st_struct_pedestal/70470,st_struct_pedestal/70172
ug_route/164284,OSP:FBSP:C667973,st_struct_pedestal/69628,building/50493
ug_route/164285,OSP:BUSP:C648952,st_struct_pedestal/69470,building/50927
ug_route/164286,OSP:BUSP:C651381,st_struct_pedestal/70208,building/50091
ug_route/164287,OSP:BUSP:C651388,st_struct_pedestal/70208,building/50956
ug_route/164288,OSP:BUSP:C662280,st_struct_pedestal/70218,st_struct_pedestal/70065
ug_route/164289,OSP:FBSP:C667259,st_struct_pedestal/67434,building/49804
ug_route/164290,OSP:BUSP:C654965,st_struct_buried_splice_location/2713,st_struct_pedestal/69641
ug_route/164291,OSP:BUSP::7941254,st_struct_pedestal/69459,building/49537
ug_route/164292,OSP:BUSP:C670365,st_struct_pedestal/70813,building/49946
ug_route/164293,OSP:BUSP::11417625,mywcom_route_junction/21232,st_struct_pedestal/67839
ug_route/164294,OSP:BUSP:C667192,mywcom_route_junction/21736,mywcom_route_junction/21344
ug_route/164295,OSP:BUSP:C660871,st_struct_pedestal/67408,st_struct_pedestal/70699
ug_route/164296,OSP:BUSP::9500344,mywcom_route_junction/21563,mywcom_route_junction/21313
ug_route/164297,OSP:FBSP::13065353,st_struct_pedestal/69942,building/48812
ug_route/164298,OSP:BUSP:C639365,st_struct_pedestal/69286,st_struct_pedestal/70788
ug_route/164299,OSP:BUSP:C655154,st_struct_pedestal/67068,building/50905
ug_route/164300,OSP:BUSP::8348940,mywcom_route_junction/21227,st_struct_pedestal/67336
ug_route/164301,OSP:FBSP::13684725,st_struct_pedestal/68077,st_struct_pedestal/69019
ug_route/164302,OSP:BUSP::7622217,st_struct_pedestal/68008,st_struct_pedestal/69856
ug_route/164303,OSP:BUSP::10759244,pole/41199,st_struct_pedestal/70185
ug_route/164304,OSP:BUSP:C666055,st_struct_pedestal/70098,building/51464
ug_route/164305,OSP:FBSP:C652727,pole/42500,building/51356
ug_route/164306,OSP:BUSP:C649730,st_struct_pedestal/70643,building/50024
ug_route/164307,OSP:BUSP::8590219,st_struct_pedestal/68292,building/51080
ug_route/164308,OSP:FBSP::13095318,pole/42143,st_struct_pedestal/68797
ug_route/164309,OSP:BUSP:C650386,st_struct_pedestal/67572,st_struct_pedestal/69093
ug_route/164310,OSP:BUSP::15978170,pole/42500,building/51356
ug_route/164311,OSP:BUSP:C654212,st_struct_pedestal/68753,st_struct_pedestal/67141
ug_route/164312,OSP:BUSP::15350337,st_struct_pedestal/67795,building/49568
ug_route/164313,OSP:BUSP::16783619,mywcom_route_junction/21767,st_struct_pedestal/68767
ug_route/164314,OSP:BUSP:C671213,st_struct_pedestal/69633,st_struct_pedestal/68018
ug_route/164315,OSP:BUSP:C668426,st_struct_pedestal/68798,st_struct_pedestal/69626
ug_route/164316,OSP:BUSP:C648071,st_struct_pedestal/69861,building/49148
ug_route/164317,OSP:BUSP::9379061,mywcom_route_junction/21516,pole/41997
ug_route/164318,OSP:FBSP::11559861,building/48993,mywcom_route_junction/21342
ug_route/164319,OSP:BUSP::16795214,mywcom_route_junction/21137,mywcom_route_junction/21664
ug_route/164320,OSP:BUSP::11470322,mywcom_route_junction/21318,st_struct_pedestal/68076
ug_route/164321,OSP:BUSP:C704922,mywcom_route_junction/21690,st_struct_pedestal/70023
ug_route/164322,OSP:BUSP::16059128,st_struct_pedestal/67141,st_struct_pedestal/68753
ug_route/164323,OSP:BUSP:C668459,st_struct_pedestal/68798,st_struct_pedestal/69626
ug_route/164324,OSP:FBSP:C659900,st_struct_pedestal/70364,building/48918
ug_route/164325,OSP:BUSP:C650433,st_struct_pedestal/67572,st_struct_pedestal/69093
ug_route/164326,OSP:FBSP:C710395,st_struct_pedestal/67665,mywcom_route_junction/21401
ug_route/164327,OSP:BUSP:C689254,st_struct_pedestal/69631,building/49137
ug_route/164328,OSP:BUSP:C657377,st_struct_pedestal/68224,mywcom_route_junction/21638
ug_route/164329,OSP:BUSP:C665583,st_struct_pedestal/70545,building/49105
ug_route/164330,OSP:FBSP::9171413,st_struct_pedestal/69906,building/51004
ug_route/164331,OSP:BUSP:C652779,st_struct_pedestal/68745,building/48959
ug_route/164332,OSP:BUSP::15118972,mywcom_route_junction/21836,st_struct_pedestal/70076
ug_route/164333,OSP:BUSP::14494982,st_struct_pedestal/67239,st_struct_buried_splice_location/2682
ug_route/164334,OSP:BUSP:C655201,st_struct_pedestal/69811,building/49547
ug_route/164335,OSP:BUSP:C642090,st_struct_pedestal/70005,st_struct_pedestal/70636
ug_route/164336,OSP:FBSP::8603333,st_struct_pedestal/69023,building/49254
ug_route/164337,OSP:BUSP:C664514,cabinet/2457,st_struct_pedestal/70173
ug_route/164338,OSP:BUSP:C646951,st_struct_pedestal/70275,building/49152
ug_route/164339,OSP:BUSP:C643088,st_struct_buried_splice_location/2674,st_struct_pedestal/68858
ug_route/164340,OSP:FBSP:C669805,st_struct_pedestal/70618,building/48824
ug_route/164341,OSP:BUSP:C661816,st_struct_pedestal/68027,building/49047
ug_route/164342,OSP:BUSP:C648546,st_struct_pedestal/68346,st_struct_pedestal/69001
ug_route/164343,OSP:BUSP::8440463,mywcom_route_junction/21237,cabinet/2445
ug_route/164344,OSP:BUSP:C644218,st_struct_pedestal/69720,st_struct_pedestal/68435
ug_route/164345,OSP:BUSP:C660149,st_struct_pedestal/70416,building/48939
ug_route/164346,OSP:BUSP:C667986,st_struct_pedestal/69628,st_struct_pedestal/68560
ug_route/164347,OSP:BUSP:C659814,st_struct_pedestal/68266,building/51114
ug_route/164348,OSP:FBSP:C659878,building/49189,building/51226
ug_route/164349,OSP:BUSP::8416784,st_struct_pedestal/68078,st_struct_pedestal/68194
ug_route/164350,OSP:BUSP:C642079,st_struct_pedestal/67472,building/51239
ug_route/164351,OSP:BUSP::15126655,st_struct_pedestal/68560,st_struct_pedestal/69628
ug_route/164352,OSP:BUSP:C668781,st_struct_pedestal/67865,st_struct_pedestal/68346
ug_route/164353,OSP:FBSP:C651848,st_struct_pedestal/70238,st_struct_pedestal/68759
ug_route/164354,OSP:FBSP::14227766,st_struct_pedestal/69591,building/51453
ug_route/164355,OSP:BUSP:C652035,st_struct_pedestal/67155,building/49256
ug_route/164356,OSP:BUSP::15987444,pole/40813,building/49020
ug_route/164357,OSP:BUSP::13225894,st_struct_pedestal/70618,building/48824
ug_route/164358,OSP:FBSP:C654209,st_struct_pedestal/68611,building/49157
ug_route/164359,OSP:FBSP::13678678,st_struct_pedestal/69757,mywcom_route_junction/21216
ug_route/164360,OSP:BUSP:C654339,st_struct_pedestal/70047,st_struct_pedestal/69210
ug_route/164361,OSP:BUSP::9440507,st_struct_pedestal/70586,st_struct_pedestal/70317
ug_route/164362,OSP:BUSP::9782260,st_struct_pedestal/70598,st_struct_pedestal/67883
ug_route/164363,OSP:BUSP:C642016,st_struct_pedestal/67825,st_struct_pedestal/69044
ug_route/164364,OSP:BUSP:C667996,st_struct_pedestal/69628,st_struct_pedestal/68560
ug_route/164365,OSP:BUSP:C642955,st_struct_pedestal/70586,st_struct_pedestal/70317
ug_route/164366,OSP:BUSP:C648366,st_struct_pedestal/67456,building/50653
ug_route/164367,OSP:BUSP:C654678,st_struct_pedestal/68525,building/49829
ug_route/164368,OSP:BUSP::12080605,st_struct_pedestal/70568,building/49808
ug_route/164369,OSP:BUSP:C653932,pole/41693,st_struct_pedestal/69772
ug_route/164370,OSP:BUSP::13458841,mywcom_route_junction/21955,mywcom_route_junction/21417
ug_route/164371,OSP:BUSP:C652039,st_struct_pedestal/69212,building/49168
ug_route/164372,OSP:FBSP:C648380,st_struct_pedestal/67324,building/48886
ug_route/164373,OSP:BUSP:C707626,st_struct_pedestal/69615,st_struct_pedestal/70637
ug_route/164374,OSP:FBSP:C706976,mywcom_route_junction/21482,mywcom_route_junction/21246
ug_route/164375,OSP:BUSP:C649200,cabinet/2424,pole/40931
ug_route/164376,OSP:FBSP:C657018,st_struct_pedestal/70077,building/50244
ug_route/164377,OSP:BUSP:C668130,st_struct_pedestal/69992,building/50367
ug_route/164378,OSP:BUSP::8573010,st_struct_pedestal/67373,mywcom_route_junction/21123
ug_route/164379,OSP:BUSP::12922123,mywcom_route_junction/21399,mywcom_route_junction/20941
ug_route/164380,OSP:BUSP:C671147,st_struct_buried_splice_location/2648,st_struct_pedestal/69144
ug_route/164381,OSP:FBSP::14906484,st_struct_pedestal/67982,building/50885
ug_route/164382,OSP:BUSP::8433107,st_struct_pedestal/70058,st_struct_pedestal/70432
ug_route/164383,OSP:BUSP:C669724,st_struct_pedestal/68891,st_struct_pedestal/70266
ug_route/164384,OSP:FBSP:C659974,st_struct_pedestal/70355,building/49442
ug_route/164385,OSP:BUSP:C708286,st_struct_pedestal/70780,st_struct_pedestal/68533
ug_route/164386,OSP:BUSP:C661055,st_struct_pedestal/70710,building/49181
ug_route/164387,OSP:BUSP:C669687,st_struct_pedestal/68682,st_struct_pedestal/67875
ug_route/164388,OSP:BUSP::12032248,st_struct_pedestal/67954,st_struct_pedestal/67612
ug_route/164389,OSP:FBSP:C657022,st_struct_pedestal/70077,building/50179
ug_route/164390,OSP:BUSP:C662293,st_struct_pedestal/70772,building/49517
ug_route/164391,OSP:BUSP::15118982,st_struct_pedestal/70058,st_struct_pedestal/70432
ug_route/164392,OSP:FBSP:C652614,pole/40813,building/49020
ug_route/164393,OSP:BUSP:C642280,st_struct_pedestal/70005,st_struct_pedestal/70636
ug_route/164394,OSP:BUSP::10877332,st_struct_pedestal/68599,building/49179
ug_route/164395,OSP:BUSP::16694676,st_struct_pedestal/69249,mywcom_route_junction/21863
ug_route/164396,OSP:FBSP:C655511,st_struct_pedestal/69245,building/51241
ug_route/164397,OSP:BUSP::9451806,st_struct_pedestal/68556,st_struct_pedestal/70135
ug_route/164398,OSP:BUSP:C643166,st_struct_pedestal/68370,building/50943
ug_route/164399,OSP:BUSP::10137990,st_struct_pedestal/68395,st_struct_pedestal/67141
ug_route/164400,OSP:BUSP:C642864,st_struct_pedestal/67687,building/50899
ug_route/164401,OSP:FBSP:C704926,mywcom_route_junction/21642,building/50076
ug_route/164402,OSP:BUSP::10864820,st_struct_pedestal/67324,building/48886
ug_route/164403,OSP:BUSP:C669698,st_struct_pedestal/68682,st_struct_pedestal/67875
ug_route/164404,OSP:FBSP:C639053,pole/42726,building/49805
ug_route/164405,OSP:BUSP::15978176,pole/42500,building/51013
ug_route/164406,OSP:FBSP::8415821,mywcom_route_junction/21691,st_struct_pedestal/69022
ug_route/164407,OSP:BUSP:C655315,st_struct_buried_splice_location/2603,building/50821
ug_route/164408,OSP:FBSP:C662322,st_struct_pedestal/70065,building/50894
ug_route/164409,OSP:BUSP::15968593,st_struct_pedestal/67661,mywcom_route_junction/21125
ug_route/164410,OSP:BUSP::15997691,st_struct_pedestal/68102,st_struct_pedestal/68294
ug_route/164411,OSP:BUSP::9157587,st_struct_pedestal/69396,mywcom_route_junction/21707
ug_route/164412,OSP:BUSP:C708280,st_struct_pedestal/70780,st_struct_pedestal/68533
ug_route/164413,OSP:BUSP:C661038,st_struct_pedestal/68294,st_struct_pedestal/68102
ug_route/164414,OSP:BUSP::15979766,pole/42726,building/49805
ug_route/164415,OSP:BUSP::11479860,st_struct_pedestal/70115,st_struct_pedestal/70729
ug_route/164416,OSP:FBSP:C708160,st_struct_pedestal/70085,building/50476
ug_route/164417,OSP:BUSP:C667651,cabinet/2466,st_struct_pedestal/69563
ug_route/164418,OSP:BUSP::16764600,st_struct_pedestal/69967,st_struct_pedestal/69216
ug_route/164419,OSP:FBSP::10414580,pole/40537,building/50007
ug_route/164420,OSP:FBSP:C708141,pole/40926,st_struct_pedestal/67479
ug_route/164421,OSP:BUSP::9528833,mywcom_route_junction/21901,st_struct_pedestal/69350
ug_route/164422,OSP:BUSP:C641205,st_struct_pedestal/67334,building/50064
ug_route/164423,OSP:FBSP:C636909,st_struct_pedestal/67380,st_struct_pedestal/67152
ug_route/164424,OSP:FBSP:C709972,st_struct_pedestal/67377,building/49609
ug_route/164425,OSP:BUSP:C650922,st_struct_pedestal/67078,building/50541
ug_route/164426,OSP:BUSP:C654489,st_struct_pedestal/68182,building/51107
ug_route/164427,OSP:FBSP:C670589,pole/40802,mywcom_route_junction/20939
ug_route/164428,OSP:BUSP:C644423,st_struct_pedestal/67109,building/49867
ug_route/164429,OSP:BUSP:C659810,st_struct_pedestal/68266,building/50914
ug_route/164430,OSP:FBSP:C705004,st_struct_pedestal/70605,st_struct_pedestal/70815
ug_route/164431,OSP:BUSP:C663641,st_struct_pedestal/69956,st_struct_pedestal/69046
ug_route/164432,OSP:BUSP:C641614,st_struct_pedestal/70049,st_struct_pedestal/68211
ug_route/164433,OSP:BUSP:C656354,st_struct_pedestal/70536,building/49784
ug_route/164434,OSP:FBSP:C649427,pole/41692,building/50873
ug_route/164435,OSP:FBSP:C668549,st_struct_pedestal/68847,building/49041
ug_route/164436,OSP:BUSP::15352267,pole/40802,mywcom_route_junction/20939
ug_route/164437,OSP:BUSP::9452054,pole/42838,mywcom_route_junction/21893
ug_route/164438,OSP:FORSP::16951941,st_struct_vault/2457,mywcom_route_junction/21203
ug_route/164439,OSP:BUSP::14948108,st_struct_pedestal/69005,building/49807
ug_route/164440,OSP:FBSP::7697448,st_struct_pedestal/67496,st_struct_pedestal/69862
ug_route/164441,OSP:BUSP:C643918,st_struct_pedestal/67233,st_struct_pedestal/68635
ug_route/164442,OSP:FBSP:C650359,st_struct_pedestal/67079,building/49529
ug_route/164443,OSP:BUSP:C667662,cabinet/2466,st_struct_pedestal/69563
ug_route/164444,OSP:BUSP:C659692,st_struct_pedestal/70558,building/50619
ug_route/164445,OSP:BUSP:C646062,st_struct_pedestal/70678,building/50420
ug_route/164446,OSP:BUSP:C643938,st_struct_pedestal/67233,st_struct_pedestal/68635
ug_route/164447,OSP:BUSP:C646475,st_struct_pedestal/67357,pole/41971
ug_route/164448,OSP:BUSP:C682272,st_struct_pedestal/70141,building/48871
ug_route/164449,OSP:FBSP:C662448,pole/42303,building/49691
ug_route/164450,OSP:FBSP:C650379,st_struct_pedestal/70486,building/51422
ug_route/164451,OSP:BUSP:C640147,st_struct_pedestal/70754,building/50484
ug_route/164452,OSP:FBSP:C652571,building/48827,building/49779
ug_route/164453,OSP:FORSP:C646039,mywcom_route_junction/22031,st_struct_pedestal/69907
ug_route/164454,OSP:BUSP:C658586,st_struct_pedestal/69009,mywcom_route_junction/21060
ug_route/164455,OSP:BUSP::16057232,st_struct_pedestal/70775,building/51193
ug_route/164456,OSP:BUSP::8370720,st_struct_pedestal/69286,st_struct_pedestal/70788
ug_route/164457,OSP:BUSP:C668651,st_struct_pedestal/68159,building/50029
ug_route/164458,OSP:BUSP::9638900,st_struct_pedestal/68973,st_struct_pedestal/67245
ug_route/164459,OSP:BUSP:C647869,st_struct_pedestal/68262,building/50308
ug_route/164460,OSP:BUSP::9498758,mywcom_route_junction/21664,mywcom_route_junction/21507
ug_route/164461,OSP:BUSP:C651140,st_struct_pedestal/68670,building/50881
ug_route/164462,OSP:BUSP:C648379,st_struct_pedestal/67324,st_struct_pedestal/67983
ug_route/164463,OSP:FBSP:C670066,st_struct_buried_splice_location/2639,building/49246
ug_route/164464,OSP:FBSP:C706971,mywcom_route_junction/21740,mywcom_route_junction/21143
ug_route/164465,OSP:FBSP:C706945,st_struct_pedestal/68395,mywcom_route_junction/21644
ug_route/164466,OSP:BUSP::8499678,st_struct_pedestal/69653,st_struct_pedestal/68813
ug_route/164467,OSP:BUSP::13514488,st_struct_pedestal/70284,st_struct_pedestal/69118
ug_route/164468,OSP:FORSP::16960900,mywcom_route_junction/21753,st_struct_vault/2467
ug_route/164469,OSP:FBSP:C650366,st_struct_pedestal/67587,building/48955
ug_route/164470,OSP:FBSP:C655521,st_struct_pedestal/69608,building/51413
ug_route/164471,OSP:BUSP:C645928,st_struct_pedestal/70756,building/48888
ug_route/164472,OSP:BUSP:C667142,st_struct_pedestal/69091,mywcom_route_junction/21636
ug_route/164473,OSP:BUSP::9499396,mywcom_route_junction/21795,mywcom_route_junction/21248
ug_route/164474,OSP:BUSP::16795216,mywcom_route_junction/21133,st_struct_pedestal/69417
ug_route/164475,OSP:FBSP:C670279,st_struct_pedestal/68741,building/49857
ug_route/164476,OSP:BUSP::9509327,st_struct_pedestal/69901,pole/40879
ug_route/164477,OSP:BUSP:C656903,st_struct_pedestal/70647,building/49483
ug_route/164478,OSP:FBSP:C660027,st_struct_pedestal/70345,building/51109
ug_route/164479,OSP:BUSP:C660974,st_struct_pedestal/68057,st_struct_buried_splice_location/2693
ug_route/164480,OSP:BUSP::12785892,st_struct_pedestal/70498,building/49275
ug_route/164481,OSP:BUSP:C667915,st_struct_pedestal/69946,st_struct_pedestal/68535
ug_route/164482,OSP:BUSP::12029116,st_struct_buried_splice_location/2706,st_struct_pedestal/67939
ug_route/164483,OSP:BUSP:C664757,st_struct_pedestal/69759,building/49030
ug_route/164484,OSP:BUSP:C656350,st_struct_pedestal/70536,building/49784
ug_route/164485,OSP:BUSP::9466473,st_struct_pedestal/68651,mywcom_route_junction/21273
ug_route/164486,OSP:BUSP:C668982,st_struct_pedestal/69984,st_struct_pedestal/67255
ug_route/164487,OSP:BUSP::10422284,st_struct_pedestal/68548,st_struct_pedestal/69471
ug_route/164488,OSP:FBSP::16057226,st_struct_pedestal/68465,st_struct_pedestal/68856
ug_route/164489,OSP:BUSP::13318024,st_struct_pedestal/68961,mywcom_route_junction/22033
ug_route/164490,OSP:BUSP:C656901,st_struct_pedestal/69624,building/49280
ug_route/164491,OSP:BUSP:C641411,st_struct_pedestal/70148,st_struct_pedestal/68250
ug_route/164492,OSP:BUSP::17048068,st_struct_pedestal/70580,building/51199
ug_route/164493,OSP:BUSP:C708430,st_struct_pedestal/68651,mywcom_route_junction/21036
ug_route/164494,OSP:BUSP:C636619,pole/41958,st_struct_pedestal/67678
ug_route/164495,OSP:BUSP::9532349,st_struct_pedestal/70121,cabinet/2499
ug_route/164496,OSP:FBSP:C657828,cabinet/2504,building/50109
ug_route/164497,OSP:BUSP::14152567,st_struct_pedestal/69620,st_struct_pedestal/70558
ug_route/164498,OSP:BUSP:C657103,st_struct_pedestal/69767,building/49228
ug_route/164499,OSP:BUSP::7637285,st_struct_buried_splice_location/2721,building/50976
ug_route/164500,OSP:BUSP::15126653,mywcom_route_junction/22000,st_struct_pedestal/69946
ug_route/164501,OSP:BUSP::9433146,st_struct_pedestal/67603,st_struct_pedestal/68190
ug_route/164502,OSP:BUSP:C647361,st_struct_buried_splice_location/2663,building/50618
ug_route/164503,OSP:BUSP::8440156,mywcom_route_junction/21669,st_struct_pedestal/69080
ug_route/164504,OSP:FBSP:C661803,st_struct_pedestal/67464,building/49468
ug_route/164505,OSP:BUSP:C657378,cabinet/2491,st_struct_pedestal/68224
ug_route/164506,OSP:BUSP:C657547,st_struct_pedestal/70270,building/50189
ug_route/164507,OSP:BUSP:C648337,st_struct_pedestal/68017,st_struct_pedestal/70191
ug_route/164508,OSP:BUSP:C666008,st_struct_buried_splice_location/2698,mywcom_route_junction/21772
ug_route/164509,OSP:BUSP:C646092,st_struct_pedestal/69095,st_struct_pedestal/67963
ug_route/164510,OSP:BUSP:C643991,st_struct_pedestal/70650,st_struct_pedestal/69814
ug_route/164511,OSP:BUSP:C661959,st_struct_pedestal/67470,st_struct_pedestal/69789
ug_route/164512,OSP:BUSP:C655484,mywcom_route_junction/21816,st_struct_pedestal/67305
ug_route/164513,OSP:BUSP:C682209,st_struct_buried_splice_location/2650,building/49012
ug_route/164514,OSP:BUSP:C705364,st_struct_pedestal/68752,st_struct_pedestal/68596
ug_route/164515,OSP:FBSP:C659959,st_struct_pedestal/69765,building/51302
ug_route/164516,OSP:BUSP::9310597,st_struct_pedestal/70171,st_struct_pedestal/68132
ug_route/164517,OSP:BUSP:C645427,st_struct_pedestal/70790,st_struct_pedestal/68133
ug_route/164518,OSP:BUSP:C666011,st_struct_buried_splice_location/2698,mywcom_route_junction/21772
ug_route/164519,OSP:BUSP:C668353,st_struct_pedestal/69946,st_struct_pedestal/68535
ug_route/164520,OSP:BUSP:C642543,mywcom_route_junction/21444,st_struct_pedestal/70134
ug_route/164521,OSP:BUSP::8370709,cabinet/2509,st_struct_pedestal/67417
ug_route/164522,OSP:BUSP:C657388,cabinet/2491,st_struct_pedestal/68224
ug_route/164523,OSP:BUSP::13721848,pole/42450,st_struct_pedestal/69895
ug_route/164524,OSP:BUSP::12922120,mywcom_route_junction/21269,mywcom_route_junction/21612
ug_route/164525,OSP:BUSP:C647707,mywcom_route_junction/21888,st_struct_pedestal/67250
ug_route/164526,OSP:BUSP::8415498,mywcom_route_junction/21737,mywcom_route_junction/21187
ug_route/164527,OSP:BUSP:C668163,st_struct_pedestal/68806,building/49454
ug_route/164528,OSP:BUSP:C689229,st_struct_pedestal/70129,st_struct_pedestal/70375
ug_route/164529,OSP:FBSP::7949256,st_struct_pedestal/67677,building/49311
ug_route/164530,OSP:BUSP:C665947,st_struct_pedestal/68945,st_struct_buried_splice_location/2678
ug_route/164531,OSP:FBSP:C652761,pole/42242,building/50394
ug_route/164532,OSP:BUSP:C654359,st_struct_pedestal/69180,st_struct_pedestal/67352
ug_route/164533,OSP:FBSP::8061905,st_struct_pedestal/67584,st_struct_pedestal/67897
ug_route/164534,OSP:BUSP::11085094,st_struct_pedestal/69072,st_struct_pedestal/68537
ug_route/164535,OSP:BUSP:C681727,st_struct_pedestal/68418,building/50386
ug_route/164536,OSP:BUSP::15978184,st_struct_pedestal/67445,building/49504
ug_route/164537,OSP:FBSP:C650394,st_struct_pedestal/67413,building/48769
ug_route/164538,OSP:BUSP::15839624,st_struct_pedestal/69895,building/49347
ug_route/164539,OSP:BUSP:C643829,st_struct_pedestal/69272,building/49760
ug_route/164540,OSP:BUSP:C680730,st_struct_pedestal/69084,st_struct_pedestal/69773
ug_route/164541,OSP:FBSP:C655592,st_struct_pedestal/70396,building/49418
ug_route/164542,OSP:BUSP::15118974,st_struct_pedestal/68390,st_struct_pedestal/69584
ug_route/164543,OSP:BUSP::12922128,st_struct_pedestal/67772,building/49227
ug_route/164544,OSP:BUSP:C641945,st_struct_pedestal/67392,building/50769
ug_route/164545,OSP:FBSP:C659949,st_struct_pedestal/70094,mywcom_route_junction/21526
ug_route/164546,OSP:BUSP::13596741,st_struct_pedestal/69029,building/51109
ug_route/164547,OSP:FBSP::13095513,st_struct_pedestal/67901,st_struct_pedestal/67247
ug_route/164548,OSP:BUSP::17054341,st_struct_pedestal/68292,mywcom_route_junction/21014
ug_route/164549,OSP:BUSP:C657757,st_struct_pedestal/67532,st_struct_pedestal/70175
ug_route/164550,OSP:BUSP::9451803,mywcom_route_junction/21791,mywcom_route_junction/21175
ug_route/164551,OSP:BUSP:C639187,st_struct_pedestal/68972,building/49791
ug_route/164552,OSP:BUSP::16694686,mywcom_route_junction/21057,mywcom_route_junction/20934
ug_route/164553,OSP:BUSP:C639406,st_struct_pedestal/70788,st_struct_pedestal/68485
ug_route/164554,OSP:BUSP:C648229,st_struct_pedestal/68401,st_struct_pedestal/69779
ug_route/164555,OSP:FBSP:C667975,st_struct_pedestal/67822,building/50493
ug_route/164556,OSP:BUSP::8370721,st_struct_pedestal/70788,st_struct_pedestal/68485
ug_route/164557,OSP:FBSP:C707739,st_struct_pedestal/67566,building/50508
ug_route/164558,OSP:BUSP:C670282,st_struct_pedestal/68741,mywcom_route_junction/21776
ug_route/164559,OSP:BUSP:C654674,st_struct_pedestal/69453,st_struct_pedestal/68525
ug_route/164560,OSP:BUSP:C653831,st_struct_pedestal/69531,building/48963
ug_route/164561,OSP:BUSP::17060790,st_struct_pedestal/68754,st_struct_pedestal/69373
ug_route/164562,OSP:BUSP:C668418,st_struct_pedestal/70167,st_struct_pedestal/68798
ug_route/164563,OSP:BUSP:C655559,st_struct_pedestal/67258,st_struct_pedestal/67117
ug_route/164564,OSP:BUSP:C639767,st_struct_pedestal/68863,st_struct_pedestal/67355
ug_route/164565,OSP:BUSP::10364020,mywcom_route_junction/21149,st_struct_pedestal/69493
ug_route/164566,OSP:BUSP::15126659,st_struct_pedestal/68798,st_struct_pedestal/70167
ug_route/164567,OSP:BUSP::15996727,st_struct_pedestal/67409,st_struct_pedestal/68295
ug_route/164568,OSP:BUSP:C661076,st_struct_pedestal/67803,building/49340
ug_route/164569,OSP:BUSP::8586395,st_struct_pedestal/69902,st_struct_pedestal/68474
ug_route/164570,OSP:BUSP:C654353,st_struct_pedestal/70430,st_struct_pedestal/69062
ug_route/164571,OSP:FBSP:C662267,st_struct_pedestal/69980,building/51474
ug_route/164572,OSP:BUSP::9509319,st_struct_pedestal/70254,mywcom_route_junction/21976
ug_route/164573,OSP:BUSP:C661671,st_struct_pedestal/68502,building/50713
ug_route/164574,OSP:BUSP:C657373,mywcom_route_junction/21638,st_struct_pedestal/68506
ug_route/164575,OSP:BUSP:C655469,pole/42282,mywcom_route_junction/21809
ug_route/164576,OSP:BUSP:C668429,st_struct_pedestal/70167,st_struct_pedestal/68798
ug_route/164577,OSP:FBSP:C667249,st_struct_pedestal/68625,st_struct_pedestal/67538
ug_route/164578,OSP:BUSP:C648811,st_struct_pedestal/68139,building/51251
ug_route/164579,OSP:BUSP:C655626,st_struct_pedestal/67757,building/50548
ug_route/164580,OSP:FBSP:C659876,st_struct_pedestal/68045,building/49189
ug_route/164581,OSP:BUSP::14262647,st_struct_pedestal/69147,mywcom_route_junction/21829
ug_route/164582,OSP:BUSP::8370722,st_struct_pedestal/68485,st_struct_pedestal/70788
ug_route/164583,OSP:BUSP:C671044,st_struct_pedestal/68376,building/51217
ug_route/164584,OSP:BUSP::10763708,pole/40681,building/51260
ug_route/164585,OSP:BUSP:C682161,st_struct_pedestal/67786,building/51417
ug_route/164586,OSP:FBSP::14956726,st_struct_pedestal/69719,mywcom_route_junction/21543
ug_route/164587,OSP:BUSP::8501576,st_struct_pedestal/70790,st_struct_pedestal/68133
ug_route/164588,OSP:FBSP:C656094,st_struct_pedestal/69138,st_struct_pedestal/67609
ug_route/164589,OSP:BUSP:C654357,st_struct_pedestal/70430,st_struct_pedestal/69062
ug_route/164590,OSP:BUSP:C657361,st_struct_pedestal/69396,st_struct_pedestal/70763
ug_route/164591,OSP:BUSP:C654091,mywcom_route_junction/21327,mywcom_route_junction/21373
ug_route/164592,OSP:BUSP:C708357,st_struct_pedestal/70653,building/49762
ug_route/164593,OSP:BUSP:C652495,st_struct_pedestal/68985,st_struct_pedestal/70404
ug_route/164594,OSP:BUSP::15975291,st_struct_pedestal/67822,building/50493
ug_route/164595,OSP:BUSP::15987455,pole/42242,building/50394
ug_route/164596,OSP:BUSP:C646147,st_struct_pedestal/67824,building/49576
ug_route/164597,OSP:FBSP:C653994,st_struct_pedestal/70124,st_struct_pedestal/67267
ug_route/164598,OSP:BUSP:C670540,st_struct_pedestal/67437,building/49623
ug_route/164599,OSP:BUSP:C652677,st_struct_pedestal/67338,building/50865
ug_route/164600,OSP:BUSP::16693375,st_struct_pedestal/70780,mywcom_route_junction/21257
ug_route/164601,OSP:BUSP:C650411,st_struct_pedestal/68152,building/50490
ug_route/164602,OSP:BUSP:C653835,st_struct_pedestal/69531,st_struct_pedestal/69053
ug_route/164603,OSP:BUSP:C671227,mywcom_route_junction/21811,st_struct_pedestal/69621
ug_route/164604,OSP:BUSP:C648345,st_struct_pedestal/68529,building/51284
ug_route/164605,OSP:BUSP:C648400,mywcom_route_junction/21179,st_struct_pedestal/67324
ug_route/164606,OSP:BUSP:C707860,st_struct_pedestal/68773,st_struct_pedestal/70825
ug_route/164607,OSP:BUSP:C667204,st_struct_pedestal/70254,mywcom_route_junction/20931
ug_route/164608,OSP:BUSP::13304901,mywcom_route_junction/21857,mywcom_route_junction/21869
ug_route/164609,OSP:FBSP:C669474,st_struct_pedestal/70464,building/51067
ug_route/164610,OSP:FBSP:C667878,st_struct_pedestal/68534,building/49613
ug_route/164611,OSP:BUSP:C705239,st_struct_pedestal/68460,st_struct_buried_splice_location/2742
ug_route/164612,OSP:BUSP::16685370,building/50218,mywcom_route_junction/20990
ug_route/164613,OSP:BUSP:C668544,building/50633,building/50979
ug_route/164614,OSP:BUSP::9526264,mywcom_route_junction/21398,mywcom_route_junction/22023
ug_route/164615,OSP:BUSP::8435659,pole/42839,st_struct_pedestal/68428
ug_route/164616,OSP:FBSP:C667683,st_struct_pedestal/67612,building/48813
ug_route/164617,OSP:BUSP::8440461,pole/42170,mywcom_route_junction/21237
ug_route/164618,OSP:BUSP:C666051,st_struct_pedestal/67218,st_struct_pedestal/67480
ug_route/164619,OSP:BUSP::9501964,st_struct_pedestal/68680,st_struct_pedestal/68035
ug_route/164620,OSP:BUSP:C653144,st_struct_pedestal/68379,building/51069
ug_route/164621,OSP:FBSP:C662652,st_struct_pedestal/69972,building/50609
ug_route/164622,OSP:BUSP::9293621,st_struct_pedestal/68349,st_struct_pedestal/67970
ug_route/164623,OSP:BUSP::9442422,st_struct_pedestal/70124,st_struct_pedestal/67267
ug_route/164624,OSP:BUSP:C641147,st_struct_pedestal/68446,building/49509
ug_route/164625,OSP:BUSP:C641860,st_struct_pedestal/67642,building/49730
ug_route/164626,OSP:BUSP::9479547,st_struct_pedestal/68208,st_struct_pedestal/68558
ug_route/164627,OSP:BUSP:C647304,st_struct_pedestal/67399,building/50016
ug_route/164628,OSP:BUSP::15998698,pole/40527,building/49311
ug_route/164629,OSP:BUSP:C682178,st_struct_pedestal/68898,building/50247
ug_route/164630,OSP:FBSP:C708146,st_struct_pedestal/69964,pole/42336
ug_route/164631,OSP:BUSP::15126652,st_struct_pedestal/67822,mywcom_route_junction/22000
ug_route/164632,OSP:BUSP:C666094,st_struct_pedestal/67480,st_struct_pedestal/67218
ug_route/164633,OSP:BUSP:C681694,st_struct_pedestal/67946,building/50898
ug_route/164634,OSP:BUSP:C669635,st_struct_pedestal/68293,building/50814
ug_route/164635,OSP:FBSP:C706909,st_struct_pedestal/68847,building/51341
ug_route/164636,OSP:BUSP:C651221,st_struct_pedestal/70718,building/50919
ug_route/164637,OSP:BUSP:C682074,st_struct_pedestal/68180,building/51229
ug_route/164638,OSP:BUSP:C664353,st_struct_pedestal/67366,st_struct_pedestal/67821
ug_route/164639,OSP:BUSP:C652771,st_struct_pedestal/68778,building/49238
ug_route/164640,OSP:BUSP:C655205,st_struct_pedestal/68828,building/48841
ug_route/164641,OSP:BUSP::9452057,mywcom_route_junction/21893,mywcom_route_junction/21445
ug_route/164642,OSP:BUSP:C670063,st_struct_pedestal/69616,st_struct_buried_splice_location/2639
ug_route/164643,OSP:BUSP::8586060,st_struct_pedestal/67135,building/49773
ug_route/164644,OSP:BUSP:C638848,st_struct_pedestal/67913,building/51218
ug_route/164645,OSP:BUSP:C642343,st_struct_pedestal/69176,building/50011
ug_route/164646,OSP:FBSP::8490702,st_struct_pedestal/67576,building/51459
ug_route/164647,OSP:BUSP:C654358,st_struct_pedestal/68942,st_struct_pedestal/69180
ug_route/164648,OSP:BUSP::9263504,st_struct_pedestal/67380,mywcom_route_junction/21408
ug_route/164649,OSP:FBSP:C710160,pole/41503,st_struct_pedestal/70124
ug_route/164650,OSP:BUSP::14152569,st_struct_pedestal/69620,st_struct_pedestal/70558
ug_route/164651,OSP:BUSP:C650692,st_struct_pedestal/69151,st_struct_pedestal/68438
ug_route/164652,OSP:BUSP:C662422,building/50388,building/50209
ug_route/164653,OSP:BUSP::8590224,st_struct_pedestal/70358,pole/42389
ug_route/164654,OSP:BUSP:C671261,st_struct_pedestal/69764,st_struct_pedestal/68817
ug_route/164655,OSP:BUSP:C660915,st_struct_pedestal/69366,building/48900
ug_route/164656,OSP:FBSP:C667238,st_struct_pedestal/69902,building/51466
ug_route/164657,OSP:FBSP::8448148,pole/42735,building/50947
ug_route/164658,OSP:BUSP:C707633,st_struct_pedestal/69018,st_struct_pedestal/68278
ug_route/164659,OSP:FBSP:C710043,st_struct_pedestal/68395,mywcom_route_junction/21742
ug_route/164660,OSP:BUSP::9157577,st_struct_pedestal/68489,st_struct_pedestal/68308
ug_route/164661,OSP:FBSP::10881220,st_struct_pedestal/68045,building/49189
ug_route/164662,OSP:BUSP::11085099,st_struct_pedestal/70451,st_struct_pedestal/67434
ug_route/164663,OSP:BUSP:C666987,st_struct_pedestal/69545,st_struct_pedestal/69102
ug_route/164664,OSP:BUSP::15997696,st_struct_pedestal/68917,mywcom_route_junction/21825
ug_route/164665,OSP:FBSP::9553792,building/49150,st_struct_pedestal/68102
ug_route/164666,OSP:BUSP:C650463,mywcom_route_junction/21862,building/51003
ug_route/164667,OSP:BUSP:C659991,st_struct_pedestal/70156,building/50099
ug_route/164668,OSP:BUSP::12055942,st_struct_pedestal/67366,st_struct_pedestal/67821
ug_route/164669,OSP:BUSP:C671270,st_struct_pedestal/69764,st_struct_pedestal/68817
ug_route/164670,OSP:FBSP::17115224,st_struct_pedestal/70613,building/50400
ug_route/164671,OSP:BUSP::8448772,pole/41461,mywcom_route_junction/21400
ug_route/164672,OSP:BUSP::8435653,mywcom_route_junction/21486,st_struct_pedestal/69333
ug_route/164673,OSP:BUSP:C660155,st_struct_pedestal/69972,st_struct_pedestal/67719
ug_route/164674,OSP:FBSP::12139132,pole/42760,building/49313
ug_route/164675,OSP:FBSP::8381895,st_struct_pedestal/69786,st_struct_pedestal/67168
ug_route/164676,OSP:BUSP:C643882,st_struct_pedestal/67998,st_struct_pedestal/68971
ug_route/164677,OSP:BUSP:C651301,st_struct_pedestal/68987,mywcom_route_junction/21918
ug_route/164678,OSP:BUSP:C710617,st_struct_pedestal/70290,st_struct_pedestal/69896
ug_route/164679,OSP:FBSP:C667236,st_struct_pedestal/69091,building/51046
ug_route/164680,OSP:BUSP:C646059,st_struct_pedestal/70678,building/49868
ug_route/164681,OSP:FBSP:C650548,pole/41134,building/49445
ug_route/164682,OSP:BUSP:C705908,st_struct_pedestal/69146,st_struct_pedestal/69249
ug_route/164683,OSP:BUSP::15769204,st_struct_pedestal/67827,st_struct_pedestal/70102
ug_route/164684,OSP:BUSP:C655313,st_struct_pedestal/68688,building/51096
ug_route/164685,OSP:BUSP:C667985,st_struct_pedestal/67822,mywcom_route_junction/21980
ug_route/164686,OSP:BUSP:C660348,mywcom_route_junction/21548,st_struct_pedestal/69888
ug_route/164687,OSP:BUSP:C650533,st_struct_pedestal/69068,building/51388
ug_route/164688,OSP:FORSP:C645614,mywcom_route_junction/21193,pole/41604
ug_route/164689,OSP:BUSP::15997684,st_struct_pedestal/70668,building/50553
ug_route/164690,OSP:BUSP::16785895,st_struct_pedestal/68335,st_struct_pedestal/70774
ug_route/164691,OSP:BUSP:C663454,st_struct_pedestal/70597,st_struct_pedestal/70279
ug_route/164692,OSP:BUSP:C657963,st_struct_pedestal/67807,building/51240
ug_route/164693,OSP:BUSP:C660054,st_struct_pedestal/70345,st_struct_pedestal/70217
ug_route/164694,OSP:BUSP:C710757,st_struct_pedestal/70566,st_struct_pedestal/69828
ug_route/164695,OSP:BUSP:C650357,st_struct_pedestal/67766,st_struct_pedestal/67079
ug_route/164696,OSP:BUSP:C657458,st_struct_pedestal/69643,building/48741
ug_route/164697,OSP:FBSP:C705470,st_struct_pedestal/70562,mywcom_route_junction/22025
ug_route/164698,OSP:BUSP:C643098,st_struct_pedestal/68858,st_struct_buried_splice_location/2728
ug_route/164699,OSP:BUSP:C639824,st_struct_pedestal/69433,building/49786
ug_route/164700,OSP:BUSP::15256263,st_struct_pedestal/67251,st_struct_pedestal/70304
ug_route/164701,OSP:BUSP:C653286,st_struct_pedestal/67075,building/50719
ug_route/164702,OSP:BUSP:C650392,st_struct_pedestal/68967,st_struct_pedestal/67413
ug_route/164703,OSP:BUSP:C651904,mywcom_route_junction/21218,st_struct_pedestal/69792
ug_route/164704,OSP:BUSP:C645749,st_struct_pedestal/68766,building/50043
ug_route/164705,OSP:FBSP::9598590,st_struct_pedestal/68666,mywcom_route_junction/21643
ug_route/164706,OSP:BUSP:C645734,st_struct_pedestal/70352,building/51149
ug_route/164707,OSP:BUSP::9459130,st_struct_pedestal/67987,st_struct_pedestal/67528
ug_route/164708,OSP:BUSP:C681963,st_struct_pedestal/68056,building/50605
ug_route/164709,OSP:BUSP:C642029,st_struct_pedestal/68236,building/51043
ug_route/164710,OSP:BUSP::10880521,mywcom_route_junction/21694,st_struct_pedestal/69888
ug_route/164711,OSP:BUSP::8575502,pole/41358,mywcom_route_junction/21790
ug_route/164712,OSP:BUSP::17060788,st_struct_pedestal/67301,st_struct_pedestal/70172
ug_route/164713,OSP:BUSP:C646444,st_struct_pedestal/67285,building/50686
ug_route/164714,OSP:BUSP::8415500,mywcom_route_junction/21187,st_struct_pedestal/68566
ug_route/164715,OSP:BUSP:C650428,st_struct_pedestal/67766,st_struct_pedestal/67079
ug_route/164716,OSP:FBSP:C655139,mywcom_route_junction/20982,building/49505
ug_route/164717,OSP:BUSP::8061898,st_struct_pedestal/70095,st_struct_pedestal/67584
ug_route/164718,OSP:BUSP:C663475,st_struct_pedestal/70597,st_struct_pedestal/70279
ug_route/164719,OSP:BUSP::10042424,st_struct_pedestal/68852,st_struct_pedestal/68458
ug_route/164720,OSP:BUSP:C662535,st_struct_pedestal/69540,building/49930
ug_route/164721,OSP:BUSP:C660589,st_struct_pedestal/70230,building/49335
ug_route/164722,OSP:FBSP:C650659,pole/41412,st_struct_pedestal/69973
ug_route/164723,OSP:BUSP:C650772,pole/42839,st_struct_pedestal/68428
ug_route/164724,OSP:BUSP:C662182,st_struct_pedestal/67322,st_struct_pedestal/70207
ug_route/164725,OSP:BUSP:C650435,st_struct_pedestal/68967,st_struct_pedestal/67413
ug_route/164726,OSP:BUSP::8500293,mywcom_route_junction/21150,st_struct_pedestal/68817
ug_route/164727,OSP:BUSP:C681332,st_struct_buried_splice_location/2619,building/49748
ug_route/164728,OSP:BUSP:C669968,st_struct_pedestal/70712,st_struct_pedestal/67215
ug_route/164729,OSP:BUSP::13237364,mywcom_route_junction/21624,st_struct_pedestal/68222
ug_route/164730,OSP:BUSP:C665624,st_struct_pedestal/69211,building/50953
ug_route/164731,OSP:FBSP:C668343,st_struct_pedestal/68534,building/49387
ug_route/164732,OSP:BUSP:C649095,st_struct_pedestal/68061,building/50934
ug_route/164733,OSP:BUSP:C710337,st_struct_pedestal/70254,cabinet/2499
ug_route/164734,OSP:BUSP:C711765,st_struct_pedestal/69318,st_struct_pedestal/69706
ug_route/164735,OSP:BUSP:C656467,st_struct_pedestal/69098,building/50988
ug_route/164736,OSP:BUSP:C662215,st_struct_pedestal/67322,st_struct_pedestal/70207
ug_route/164737,OSP:BUSP::8587332,pole/41746,mywcom_route_junction/21149
ug_route/164738,OSP:BUSP:C710756,st_struct_pedestal/68299,st_struct_pedestal/70566
ug_route/164739,OSP:BUSP:C646550,st_struct_pedestal/70056,building/49017
ug_route/164740,OSP:BUSP:C705053,st_struct_pedestal/67653,building/50966
ug_route/164741,OSP:BUSP:C659828,st_struct_pedestal/70495,building/51074
ug_route/164742,OSP:BUSP:C650810,mywcom_route_junction/21190,st_struct_pedestal/68983
ug_route/164743,OSP:BUSP:C705910,st_struct_pedestal/69146,st_struct_pedestal/69249
ug_route/164744,OSP:FBSP:C670812,st_struct_pedestal/67860,building/48823
ug_route/164745,OSP:BUSP::9451406,pole/42327,pole/41302
ug_route/164746,OSP:BUSP::8490383,st_struct_pedestal/69203,st_struct_pedestal/70322
ug_route/164747,OSP:FBSP:C647699,st_struct_pedestal/70585,building/51360
ug_route/164748,OSP:BUSP:C655542,st_struct_pedestal/67258,st_struct_pedestal/68138
ug_route/164749,OSP:BUSP::7611826,st_struct_pedestal/69195,st_struct_pedestal/70838
ug_route/164750,OSP:FBSP::11682164,st_struct_pedestal/67860,building/48823
ug_route/164751,OSP:BUSP:C656184,st_struct_pedestal/67351,st_struct_pedestal/70542
ug_route/164752,OSP:BUSP:C669948,st_struct_pedestal/70712,st_struct_pedestal/67215
ug_route/164753,OSP:BUSP::15996743,st_struct_pedestal/68280,building/50609
ug_route/164754,OSP:BUSP:C648079,st_struct_pedestal/69861,building/49737
ug_route/164755,OSP:BUSP:C666113,st_struct_pedestal/67244,st_struct_pedestal/67742
ug_route/164756,OSP:BUSP:C647169,st_struct_pedestal/70649,building/50414
ug_route/164757,OSP:BUSP:C647273,st_struct_pedestal/70087,building/49845
ug_route/164758,OSP:FBSP:C661065,st_struct_pedestal/68102,building/49150
ug_route/164759,OSP:BUSP:C660588,mywcom_route_junction/21122,mywcom_route_junction/21256
ug_route/164760,OSP:BUSP::8591183,cabinet/2522,pole/42511
ug_route/164761,OSP:BUSP:C650439,st_struct_pedestal/70479,st_struct_pedestal/69581
ug_route/164762,OSP:BUSP:C663452,st_struct_pedestal/69578,st_struct_pedestal/70597
ug_route/164763,OSP:BUSP:C711731,st_struct_pedestal/69511,st_struct_buried_splice_location/2721
ug_route/164764,OSP:BUSP:C640319,st_struct_pedestal/67211,building/49521
ug_route/164765,OSP:BUSP:C640923,st_struct_pedestal/67810,building/51333
ug_route/164766,OSP:BUSP:C639449,st_struct_pedestal/68245,st_struct_pedestal/69317
ug_route/164767,OSP:BUSP::10925003,st_struct_buried_splice_location/2745,st_struct_buried_splice_location/2688
ug_route/164768,OSP:BUSP:C665614,st_struct_pedestal/70438,building/49532
ug_route/164769,OSP:BUSP::8575493,pole/40873,pole/41024
ug_route/164770,OSP:FBSP:C657015,st_struct_pedestal/70077,building/48969
ug_route/164771,OSP:BUSP::8345416,mywcom_route_junction/21549,st_struct_pedestal/69726
ug_route/164772,OSP:FBSP::15239937,st_struct_pedestal/67982,building/50468
ug_route/164773,OSP:BUSP:C661693,st_struct_pedestal/69832,building/50799
ug_route/164774,OSP:BUSP:C706911,st_struct_pedestal/68411,mywcom_route_junction/21729
ug_route/164775,OSP:BUSP::15974973,st_struct_pedestal/69508,building/49343
ug_route/164776,OSP:BUSP::8369736,mywcom_route_junction/22011,st_struct_pedestal/68232
ug_route/164777,OSP:BUSP::8382230,st_struct_pedestal/68599,st_struct_pedestal/70588
ug_route/164778,OSP:BUSP::8575494,pole/41024,pole/40827
ug_route/164779,OSP:BUSP:C642055,st_struct_pedestal/70391,st_struct_pedestal/69365
ug_route/164780,OSP:BUSP:C640125,st_struct_pedestal/69434,building/50384
ug_route/164781,OSP:FBSP:C706979,mywcom_route_junction/21169,mywcom_route_junction/21354
ug_route/164782,OSP:BUSP:C646072,st_struct_pedestal/69051,building/50841
ug_route/164783,OSP:BUSP:C663474,st_struct_pedestal/69578,st_struct_pedestal/70597
ug_route/164784,OSP:BUSP::15126644,cabinet/2427,st_struct_pedestal/69333
ug_route/164785,OSP:BUSP:C652698,st_struct_pedestal/69983,building/51234
ug_route/164786,OSP:BUSP::8491016,st_struct_pedestal/67467,st_struct_pedestal/68217
ug_route/164787,OSP:BUSP::8331138,st_struct_pedestal/69896,st_struct_pedestal/69150
ug_route/164788,OSP:BUSP::15996429,st_struct_pedestal/67613,building/49969
ug_route/164789,OSP:BUSP:C643619,st_struct_pedestal/68449,st_struct_pedestal/68257
ug_route/164790,OSP:BUSP:C705363,pole/41936,mywcom_route_junction/21799
ug_route/164791,OSP:BUSP::13237366,st_struct_pedestal/68690,mywcom_route_junction/21191
ug_route/164792,OSP:FBSP:C661799,st_struct_pedestal/67464,building/50224
ug_route/164793,OSP:FBSP:C706858,st_struct_pedestal/69294,mywcom_route_junction/21299
ug_route/164794,OSP:BUSP:C659626,st_struct_pedestal/69732,building/49904
ug_route/164795,OSP:BUSP::8439819,pole/42078,building/48756
ug_route/164796,OSP:BUSP:C689276,mywcom_route_junction/22006,st_struct_pedestal/69536
ug_route/164797,OSP:BUSP:C650438,st_struct_pedestal/70479,st_struct_pedestal/69581
ug_route/164798,OSP:BUSP:C648431,st_struct_pedestal/70802,st_struct_pedestal/67223
ug_route/164799,OSP:FBSP:C661800,st_struct_pedestal/67464,building/48872
ug_route/164800,OSP:FBSP:C652553,pole/40813,building/50125
ug_route/164801,OSP:BUSP:C666238,st_struct_pedestal/68066,st_struct_pedestal/68076
ug_route/164802,OSP:BUSP:C656891,st_struct_pedestal/67482,building/51135
ug_route/164803,OSP:BUSP:C657081,st_struct_pedestal/69274,st_struct_pedestal/70428
ug_route/164804,OSP:BUSP:C666173,mywcom_route_junction/20987,building/49546
ug_route/164805,OSP:FBSP:C653408,pole/42441,st_struct_pedestal/70059
ug_route/164806,OSP:BUSP:C670501,st_struct_pedestal/67746,building/51044
ug_route/164807,OSP:BUSP:C657889,st_struct_pedestal/70242,building/49863
ug_route/164808,OSP:BUSP:C655539,st_struct_pedestal/67258,st_struct_pedestal/68138
ug_route/164809,OSP:BUSP:C654661,st_struct_pedestal/69320,st_struct_pedestal/68835
ug_route/164810,OSP:BUSP:C706054,st_struct_pedestal/68610,st_struct_pedestal/68565
ug_route/164811,OSP:BUSP:C708347,st_struct_pedestal/70760,building/50614
ug_route/164812,OSP:FBSP:C669476,st_struct_pedestal/70464,building/48895
ug_route/164813,OSP:BUSP:C650369,st_struct_pedestal/70659,building/49021
ug_route/164814,OSP:FBSP:C651722,pole/41071,building/51299
ug_route/164815,OSP:FBSP::8399179,pole/42509,building/51178
ug_route/164816,OSP:FBSP::8489740,st_struct_pedestal/67215,building/50671
ug_route/164817,OSP:BUSP:C660805,st_struct_pedestal/67689,st_struct_buried_splice_location/2727
ug_route/164818,OSP:BUSP:C650267,st_struct_pedestal/70802,st_struct_pedestal/67223
ug_route/164819,OSP:BUSP:C656965,st_struct_pedestal/70042,st_struct_pedestal/69323
ug_route/164820,OSP:FBSP::13713526,mywcom_route_junction/21006,building/51120
ug_route/164821,OSP:FBSP:C661110,st_struct_pedestal/69634,building/50672
ug_route/164822,OSP:BUSP::17055321,st_struct_pedestal/70065,st_struct_pedestal/67672
ug_route/164823,OSP:BUSP:C660165,st_struct_pedestal/70416,st_struct_pedestal/67516
ug_route/164824,OSP:BUSP::9442421,pole/41503,st_struct_pedestal/70124
ug_route/164825,OSP:BUSP:C660680,st_struct_pedestal/67553,building/50527
ug_route/164826,OSP:BUSP:C666043,mywcom_route_junction/21558,mywcom_route_junction/22012
ug_route/164827,OSP:BUSP:C668468,st_struct_pedestal/70167,st_struct_pedestal/70723
ug_route/164828,OSP:BUSP:C670593,st_struct_pedestal/69894,mywcom_route_junction/21710
ug_route/164829,OSP:FBSP::8575498,pole/41921,building/49538
ug_route/164830,OSP:FBSP:C710203,st_struct_pedestal/67552,building/50558
ug_route/164831,OSP:FBSP:C650401,st_struct_pedestal/67227,building/49668
ug_route/164832,OSP:BUSP::11491494,st_struct_pedestal/70165,building/50830
ug_route/164833,OSP:BUSP:C651011,st_struct_pedestal/67078,building/51476
ug_route/164834,OSP:BUSP::8587338,st_struct_pedestal/68475,st_struct_pedestal/69664
ug_route/164835,OSP:BUSP:C652537,st_struct_pedestal/68513,building/51438
ug_route/164836,OSP:BUSP::10272532,st_struct_pedestal/70802,st_struct_pedestal/70702
ug_route/164837,OSP:FBSP:C652663,st_struct_pedestal/68859,building/51203
ug_route/164838,OSP:FBSP:C710159,pole/41503,st_struct_pedestal/70124
ug_route/164839,OSP:BUSP:C656968,st_struct_pedestal/70042,st_struct_pedestal/69323
ug_route/164840,OSP:BUSP::11469312,st_struct_pedestal/67694,mywcom_route_junction/21737
ug_route/164841,OSP:BUSP:C647462,st_struct_pedestal/68142,building/50274
ug_route/164842,OSP:FBSP:C643076,pole/42581,building/50768
ug_route/164843,OSP:FBSP:C710375,mywcom_route_junction/21787,mywcom_route_junction/21077
ug_route/164844,OSP:BUSP::8366853,st_struct_pedestal/70820,st_struct_pedestal/69045
ug_route/164845,OSP:FBSP:C710204,st_struct_pedestal/67552,building/50558
ug_route/164846,OSP:FBSP::15430324,pole/40584,building/50296
ug_route/164847,OSP:BUSP:C661176,building/50672,st_struct_pedestal/70506
ug_route/164848,OSP:BUSP:C655221,st_struct_pedestal/67780,building/49968
ug_route/164849,OSP:BUSP::12066181,st_struct_pedestal/68286,st_struct_pedestal/70831
ug_route/164850,OSP:FBSP:C659879,st_struct_pedestal/67713,building/50078
ug_route/164851,OSP:BUSP::10352850,st_struct_pedestal/67221,st_struct_pedestal/70566
ug_route/164852,OSP:BUSP:C659631,st_struct_buried_splice_location/2675,building/49997
ug_route/164853,OSP:FBSP::9016147,mywcom_route_junction/21078,building/51465
ug_route/164854,OSP:BUSP:C647168,st_struct_pedestal/70649,building/50205
ug_route/164855,OSP:BUSP:C650904,st_struct_pedestal/69031,st_struct_pedestal/69032
ug_route/164856,OSP:FBSP:C711720,mywcom_route_junction/21347,building/51322
ug_route/164857,OSP:BUSP:C649722,st_struct_pedestal/67400,building/51447
ug_route/164858,OSP:BUSP::7977217,st_struct_pedestal/68165,mywcom_route_junction/21830
ug_route/164859,OSP:BUSP:C660968,st_struct_pedestal/70301,building/50980
ug_route/164860,OSP:BUSP:C662675,st_struct_pedestal/67613,st_struct_pedestal/67414
ug_route/164861,OSP:BUSP:C707131,st_struct_pedestal/69030,st_struct_pedestal/69382
ug_route/164862,OSP:BUSP::8500967,cabinet/2442,st_struct_pedestal/68558
ug_route/164863,OSP:BUSP::17032891,mywcom_route_junction/21282,pole/42538
ug_route/164864,OSP:BUSP:C647035,st_struct_pedestal/68551,building/51129
ug_route/164865,OSP:BUSP:C706905,st_struct_pedestal/69153,st_struct_pedestal/70478
ug_route/164866,OSP:BUSP::8347664,st_struct_pedestal/70622,st_struct_pedestal/70023
ug_route/164867,OSP:BUSP:C650382,st_struct_pedestal/70486,st_struct_pedestal/67572
ug_route/164868,OSP:BUSP::9271545,mywcom_route_junction/20901,st_struct_pedestal/67206
ug_route/164869,OSP:BUSP::15996427,st_struct_pedestal/70025,building/48810
ug_route/164870,OSP:FBSP:C708031,st_struct_pedestal/69242,building/50904
ug_route/164871,OSP:BUSP:C662299,st_struct_pedestal/67311,building/49162
ug_route/164872,OSP:BUSP::8365252,st_struct_pedestal/69726,st_struct_pedestal/68274
ug_route/164873,OSP:BUSP:C644420,st_struct_pedestal/67109,building/51325
ug_route/164874,OSP:BUSP:C668330,st_struct_buried_splice_location/2667,building/49815
ug_route/164875,OSP:BUSP:C654667,st_struct_pedestal/69320,st_struct_pedestal/68835
ug_route/164876,OSP:BUSP:C707130,st_struct_pedestal/69030,st_struct_pedestal/69382
ug_route/164877,OSP:BUSP:C642894,st_struct_pedestal/70586,st_struct_pedestal/69604
ug_route/164878,OSP:BUSP::9530108,st_struct_pedestal/68035,cabinet/2478
ug_route/164879,OSP:BUSP::11870005,pole/41854,mywcom_route_junction/21837
ug_route/164880,OSP:BUSP:C657728,st_struct_pedestal/68937,st_struct_pedestal/69742
ug_route/164881,OSP:BUSP:C650432,st_struct_pedestal/70486,st_struct_pedestal/67572
ug_route/164882,OSP:BUSP:C661722,st_struct_pedestal/67419,building/50025
ug_route/164883,OSP:BUSP:C708353,st_struct_pedestal/70153,building/49801
ug_route/164884,OSP:BUSP:C663435,st_struct_pedestal/69731,st_struct_pedestal/69398
ug_route/164885,OSP:BUSP::15007307,st_struct_pedestal/68336,mywcom_route_junction/21848
ug_route/164886,OSP:BUSP::8370711,st_struct_pedestal/70549,st_struct_pedestal/68868
ug_route/164887,OSP:BUSP::8421922,mywcom_route_junction/21223,st_struct_pedestal/67151
ug_route/164888,OSP:FBSP::8572940,st_struct_pedestal/67228,st_struct_pedestal/67592
ug_route/164889,OSP:BUSP::16016245,st_struct_pedestal/70113,building/49217
ug_route/164890,OSP:BUSP:C657079,st_struct_pedestal/70309,mywcom_route_junction/21716
ug_route/164891,OSP:BUSP::9458822,st_struct_pedestal/70586,st_struct_pedestal/69604
ug_route/164892,OSP:BUSP:C649264,st_struct_pedestal/67884,st_struct_pedestal/67249
ug_route/164893,OSP:BUSP::8382243,st_struct_pedestal/69357,st_struct_pedestal/70573
ug_route/164894,OSP:BUSP::10632823,st_struct_pedestal/67898,st_struct_pedestal/68309
ug_route/164895,OSP:BUSP:C655211,st_struct_pedestal/68950,building/50071
ug_route/164896,OSP:BUSP:C641743,st_struct_pedestal/68433,st_struct_pedestal/69924
ug_route/164897,OSP:BUSP::8403027,pole/42428,st_struct_pedestal/70489
ug_route/164898,OSP:BUSP::12774007,st_struct_pedestal/67482,mywcom_route_junction/21341
ug_route/164899,OSP:BUSP:C663466,st_struct_pedestal/69731,st_struct_pedestal/69398
ug_route/164900,OSP:BUSP:C645930,st_struct_pedestal/70756,building/50729
ug_route/164901,OSP:FBSP::10184516,st_struct_pedestal/68999,st_struct_pedestal/67154
ug_route/164902,OSP:BUSP:C661778,st_struct_pedestal/69406,mywcom_route_junction/21686
ug_route/164903,OSP:FBSP:C634049,st_struct_pedestal/67580,building/50470
ug_route/164904,OSP:BUSP:C646050,st_struct_pedestal/69695,st_struct_pedestal/67540
ug_route/164905,OSP:BUSP::8416785,st_struct_pedestal/68078,st_struct_pedestal/68123
ug_route/164906,OSP:BUSP:C642074,st_struct_pedestal/69365,building/48775
ug_route/164907,OSP:BUSP:C668551,st_struct_pedestal/68717,st_struct_pedestal/67873
ug_route/164908,OSP:BUSP:C662700,pole/41806,building/48810
ug_route/164909,OSP:BUSP::8586055,st_struct_pedestal/69546,building/50558
ug_route/164910,OSP:BUSP:C660512,st_struct_pedestal/67552,st_struct_pedestal/67964
ug_route/164911,OSP:FBSP::11766308,st_struct_pedestal/68580,building/49894
ug_route/164912,OSP:BUSP:C657735,st_struct_pedestal/68937,st_struct_pedestal/69742
ug_route/164913,OSP:BUSP:C671252,st_struct_pedestal/69621,st_struct_pedestal/68719
ug_route/164914,OSP:FBSP::13672925,mywcom_route_junction/22019,mywcom_route_junction/21786
ug_route/164915,OSP:BUSP:C645293,st_struct_pedestal/67874,building/50868
ug_route/164916,OSP:BUSP:C662431,st_struct_pedestal/67855,st_struct_buried_splice_location/2724
ug_route/164917,OSP:BUSP:C709798,st_struct_pedestal/69088,mywcom_route_junction/21801
ug_route/164918,OSP:BUSP::8365254,st_struct_pedestal/68274,st_struct_pedestal/68198
ug_route/164919,OSP:BUSP:C650532,st_struct_pedestal/69068,building/51249
ug_route/164920,OSP:BUSP:C650353,st_struct_pedestal/68949,st_struct_pedestal/67766
ug_route/164921,OSP:BUSP:C661132,st_struct_pedestal/69539,building/49812
ug_route/164922,OSP:BUSP:C655150,st_struct_pedestal/67068,building/48735
ug_route/164923,OSP:BUSP::9531702,st_struct_pedestal/69589,mywcom_route_junction/21350
ug_route/164924,OSP:BUSP:C708362,st_struct_pedestal/68339,building/51177
ug_route/164925,OSP:BUSP:C670474,st_struct_pedestal/70046,building/49444
ug_route/164926,OSP:BUSP:C667292,st_struct_pedestal/70549,st_struct_pedestal/68868
ug_route/164927,OSP:BUSP:C660800,building/49200,building/50183
ug_route/164928,OSP:BUSP:C660355,st_struct_pedestal/68455,st_struct_pedestal/68966
ug_route/164929,OSP:BUSP::8369733,st_struct_pedestal/69589,mywcom_route_junction/22011
ug_route/164930,OSP:BUSP::10388368,st_struct_pedestal/69851,pole/40510
ug_route/164931,OSP:BUSP:C650407,st_struct_pedestal/68949,st_struct_pedestal/67766
ug_route/164932,OSP:BUSP:C645180,pole/42790,pole/41434
ug_route/164933,OSP:BUSP::8189721,pole/42304,pole/42838
ug_route/164934,OSP:BUSP:C642001,st_struct_pedestal/70038,building/50319
ug_route/164935,OSP:BUSP:C660309,st_struct_pedestal/67424,st_struct_pedestal/68283
ug_route/164936,OSP:BUSP::10922761,mywcom_route_junction/21119,building/48718
ug_route/164937,OSP:BUSP:C659972,st_struct_pedestal/69486,st_struct_pedestal/70355
ug_route/164938,OSP:BUSP::10925001,st_struct_buried_splice_location/2745,st_struct_buried_splice_location/2688
ug_route/164939,OSP:FBSP::11793476,st_struct_pedestal/67588,st_struct_pedestal/68024
ug_route/164940,OSP:FBSP::10914427,st_struct_pedestal/70686,st_struct_pedestal/67948
ug_route/164941,OSP:BUSP::9501983,mywcom_route_junction/20989,mywcom_route_junction/21054
ug_route/164942,OSP:BUSP:C663434,st_struct_pedestal/68588,st_struct_pedestal/69731
ug_route/164943,OSP:BUSP:C661024,st_struct_pedestal/69640,st_struct_pedestal/69115
ug_route/164944,OSP:BUSP:C649752,st_struct_pedestal/67506,building/50413
ug_route/164945,OSP:BUSP:C663437,st_struct_pedestal/69398,st_struct_pedestal/68746
ug_route/164946,OSP:BUSP:C653671,pole/42734,pole/41978
ug_route/164947,OSP:BUSP::12922125,mywcom_route_junction/21083,st_struct_pedestal/70770
ug_route/164948,OSP:BUSP:C710018,pole/42072,mywcom_route_junction/21371
ug_route/164949,OSP:BUSP:C708349,st_struct_pedestal/70656,building/51127
ug_route/164950,OSP:BUSP:C648369,st_struct_pedestal/69834,building/51441
ug_route/164951,OSP:BUSP:C706860,pole/42832,mywcom_route_junction/21469
ug_route/164952,OSP:FBSP:C649737,cabinet/2493,building/50285
ug_route/164953,OSP:FBSP:C669110,pole/42640,building/51309
ug_route/164954,OSP:BUSP:C663465,st_struct_pedestal/68588,st_struct_pedestal/69731
ug_route/164955,OSP:BUSP:C638862,st_struct_pedestal/67191,building/48890
ug_route/164956,OSP:BUSP:C706394,mywcom_route_junction/21053,st_struct_pedestal/69075
ug_route/164957,OSP:BUSP:C663469,st_struct_pedestal/69398,st_struct_pedestal/68746
ug_route/164958,OSP:BUSP:C641953,st_struct_pedestal/69516,building/49292
ug_route/164959,OSP:FBSP:C643046,st_struct_pedestal/70437,st_struct_pedestal/67987
ug_route/164960,OSP:BUSP:C656176,cabinet/2492,st_struct_pedestal/70492
ug_route/164961,OSP:FORSP::16956655,st_struct_vault/2417,mywcom_route_junction/21777
ug_route/164962,OSP:BUSP:C646087,st_struct_pedestal/67139,st_struct_pedestal/69095
ug_route/164963,OSP:BUSP:C669140,st_struct_pedestal/69891,mywcom_route_junction/21159
ug_route/164964,OSP:BUSP:C663433,st_struct_pedestal/68877,st_struct_pedestal/68588
ug_route/164965,OSP:BUSP:C709814,st_struct_pedestal/69088,mywcom_route_junction/21654
ug_route/164966,OSP:BUSP::9504191,st_struct_pedestal/68444,st_struct_pedestal/69075
ug_route/164967,OSP:BUSP:C665723,st_struct_pedestal/68337,building/49176
ug_route/164968,OSP:BUSP:C681721,st_struct_pedestal/68418,building/49979
ug_route/164969,OSP:BUSP:C702679,st_struct_pedestal/68071,st_struct_pedestal/67130
ug_route/164970,OSP:FBSP:C657013,st_struct_pedestal/70077,building/50840
ug_route/164971,OSP:BUSP::8764292,st_struct_pedestal/69508,building/50852
ug_route/164972,OSP:FBSP:C652996,st_struct_pedestal/67465,building/48967
ug_route/164973,OSP:FBSP:C661057,st_struct_pedestal/68917,building/50809
ug_route/164974,OSP:BUSP:C668467,st_struct_pedestal/69307,building/50936
ug_route/164975,OSP:BUSP:C639454,st_struct_pedestal/68245,st_struct_pedestal/69317
ug_route/164976,OSP:BUSP::10271226,st_struct_pedestal/67983,st_struct_pedestal/68509
ug_route/164977,OSP:BUSP:C663464,st_struct_pedestal/68877,st_struct_pedestal/68588
ug_route/164978,OSP:BUSP:C656303,st_struct_pedestal/68468,st_struct_pedestal/70570
ug_route/164979,OSP:BUSP:C655585,st_struct_pedestal/69527,st_struct_pedestal/68549
ug_route/164980,OSP:BUSP::11486953,st_struct_pedestal/67895,mywcom_route_junction/21907
ug_route/164981,OSP:BUSP:C637458,st_struct_pedestal/69347,building/49871
ug_route/164982,OSP:FBSP:C656435,mywcom_route_junction/21025,mywcom_route_junction/21100
ug_route/164983,OSP:BUSP:C711514,st_struct_pedestal/70162,st_struct_pedestal/69202
ug_route/164984,OSP:FORSP::16961860,mywcom_route_junction/21865,st_struct_vault/2486
ug_route/164985,OSP:BUSP:C662692,st_struct_pedestal/68816,st_struct_pedestal/70025
ug_route/164986,OSP:BUSP:C662136,st_struct_pedestal/69944,st_struct_pedestal/67566
ug_route/164987,OSP:BUSP::9510583,mywcom_route_junction/21355,st_struct_pedestal/68444
ug_route/164988,OSP:BUSP::14925364,st_struct_pedestal/70010,st_struct_pedestal/70819
ug_route/164989,OSP:BUSP:C659047,st_struct_pedestal/68254,building/49230
ug_route/164990,OSP:FBSP::8448784,mywcom_route_junction/21299,mywcom_route_junction/21210
ug_route/164991,OSP:BUSP::14296244,st_struct_pedestal/69966,st_struct_pedestal/70312
ug_route/164992,OSP:BUSP:C649040,st_struct_pedestal/67383,st_struct_pedestal/69225
ug_route/164993,OSP:BUSP:C661054,st_struct_pedestal/70710,building/49129
ug_route/164994,OSP:BUSP:C665950,st_struct_pedestal/67634,building/48731
ug_route/164995,OSP:BUSP:C640287,st_struct_pedestal/70194,st_struct_pedestal/70461
ug_route/164996,OSP:BUSP:C665510,st_struct_pedestal/69598,building/50590
ug_route/164997,OSP:BUSP::13453074,mywcom_route_junction/21535,mywcom_route_junction/21628
ug_route/164998,OSP:BUSP::8440458,pole/42790,pole/41434
ug_route/164999,OSP:BUSP:C650960,st_struct_pedestal/67100,building/49919
ug_route/165000,OSP:BUSP:C662204,st_struct_pedestal/68361,building/50233
ug_route/165001,OSP:BUSP::7622219,st_struct_pedestal/69856,building/50431
ug_route/165002,OSP:BUSP:C647232,st_struct_pedestal/69941,building/51421
ug_route/165003,OSP:BUSP:C638801,pole/40560,st_struct_pedestal/68901
ug_route/165004,OSP:BUSP:C654586,st_struct_pedestal/68062,building/50136
ug_route/165005,OSP:BUSP:C655537,st_struct_pedestal/69245,st_struct_pedestal/67258
ug_route/165006,OSP:BUSP:C671090,st_struct_pedestal/70477,st_struct_pedestal/69681
ug_route/165007,OSP:BUSP:C655103,st_struct_pedestal/70112,mywcom_route_junction/22014
ug_route/165008,OSP:BUSP:C671211,st_struct_pedestal/69154,st_struct_pedestal/70307
ug_route/165009,OSP:FORSP:D8183780,mywcom_route_junction/21449,mywcom_route_junction/21085
ug_route/165010,OSP:FBSP:C669112,st_struct_pedestal/68087,mywcom_route_junction/21481
ug_route/165011,OSP:BUSP:C657983,mywcom_route_junction/20917,st_struct_pedestal/69633
ug_route/165012,OSP:FBSP:C667382,st_struct_pedestal/67417,building/51199
ug_route/165013,OSP:BUSP:C659085,mywcom_route_junction/21321,st_struct_pedestal/70811
ug_route/165014,OSP:FBSP:C670053,st_struct_pedestal/69999,building/49835
ug_route/165015,OSP:BUSP::9157575,pole/42089,st_struct_pedestal/68506
ug_route/165016,OSP:BUSP:C662199,st_struct_pedestal/67672,st_struct_pedestal/69816
ug_route/165017,OSP:BUSP:C708385,pole/42152,mywcom_route_junction/21161
ug_route/165018,OSP:BUSP::14457210,st_struct_pedestal/70292,st_struct_pedestal/67248
ug_route/165019,OSP:BUSP:C660173,st_struct_pedestal/68641,building/51456
ug_route/165020,OSP:FORSP::16956649,st_struct_vault/2418,st_struct_vault/2491
ug_route/165021,OSP:FBSP:C662726,pole/42836,mywcom_route_junction/21951
ug_route/165022,OSP:BUSP:C643633,st_struct_pedestal/70110,st_struct_pedestal/68811
ug_route/165023,OSP:BUSP:C656261,st_struct_pedestal/70782,st_struct_pedestal/68468
ug_route/165024,OSP:BUSP:C655552,st_struct_pedestal/69245,st_struct_pedestal/67258
ug_route/165025,OSP:BUSP:C644541,pole/41457,pole/42520
ug_route/165026,OSP:BUSP::7723337,mywcom_route_junction/21757,mywcom_route_junction/21465
ug_route/165027,OSP:FBSP::15968590,st_struct_pedestal/67301,mywcom_route_junction/21125
ug_route/165028,OSP:BUSP::11504008,st_struct_pedestal/68816,st_struct_pedestal/70025
ug_route/165029,OSP:BUSP:C652007,st_struct_pedestal/69310,building/49724
ug_route/165030,OSP:FBSP:C636903,mywcom_route_junction/21408,st_struct_pedestal/67380
ug_route/165031,OSP:BUSP:C642379,pole/41032,pole/40576
ug_route/165032,OSP:BUSP::9465617,st_struct_pedestal/69154,st_struct_pedestal/70421
ug_route/165033,OSP:BUSP::8437617,pole/41126,pole/40669
ug_route/165034,OSP:FORSP::16960901,st_struct_vault/2467,st_struct_pedestal/69980
ug_route/165035,OSP:BUSP::16693374,mywcom_route_junction/21803,st_struct_pedestal/70780
ug_route/165036,OSP:BUSP::12785895,st_struct_pedestal/70209,st_struct_pedestal/70498
ug_route/165037,OSP:FBSP:C656025,pole/41128,building/49220
ug_route/165038,OSP:BUSP:C658581,st_struct_pedestal/69009,st_struct_pedestal/69409
ug_route/165039,OSP:BUSP::14956731,st_struct_pedestal/67672,st_struct_pedestal/69816
ug_route/165040,OSP:FBSP::8572948,st_struct_pedestal/69369,st_struct_pedestal/67854
ug_route/165041,OSP:BUSP:C651807,st_struct_pedestal/67124,building/48748
ug_route/165042,OSP:BUSP::10271230,st_struct_pedestal/68509,st_struct_pedestal/70802
ug_route/165043,OSP:BUSP:C667243,mywcom_route_junction/20950,pole/40731
ug_route/165044,OSP:BUSP::13713877,pole/41128,building/49220
ug_route/165045,OSP:FBSP:C670056,st_struct_pedestal/69841,building/48994
ug_route/165046,OSP:BUSP:C662211,st_struct_pedestal/69684,st_struct_pedestal/70441
ug_route/165047,OSP:BUSP:C663099,pole/42432,st_struct_pedestal/69083
ug_route/165048,OSP:BUSP:C661633,st_struct_pedestal/69041,building/51407
ug_route/165049,OSP:FBSP::13094976,st_struct_pedestal/67247,st_struct_pedestal/68147
ug_route/165050,OSP:FORSP::16956652,st_struct_vault/2491,st_struct_vault/2417
ug_route/165051,OSP:BUSP:C681427,st_struct_pedestal/69308,building/50221
ug_route/165052,OSP:BUSP:C658583,st_struct_pedestal/69009,st_struct_pedestal/69409
ug_route/165053,OSP:FBSP:C654208,st_struct_pedestal/68753,building/50350
ug_route/165054,OSP:BUSP:C653292,st_struct_pedestal/67748,st_struct_pedestal/67189
ug_route/165055,OSP:FBSP::8499682,st_struct_pedestal/70298,building/49363
ug_route/165056,OSP:BUSP::10271232,st_struct_pedestal/68509,st_struct_pedestal/70802
ug_route/165057,OSP:BUSP:C656291,st_struct_pedestal/70782,st_struct_pedestal/68468
ug_route/165058,OSP:BUSP:C652565,st_struct_pedestal/67549,st_struct_pedestal/70820
ug_route/165059,OSP:BUSP::16059132,st_struct_pedestal/68753,building/50350
ug_route/165060,OSP:BUSP::10069947,st_struct_vault/2468,st_struct_pedestal/69633
ug_route/165061,OSP:BUSP:C707665,st_struct_pedestal/69590,mywcom_route_junction/21282
ug_route/165062,OSP:BUSP:C705103,st_struct_pedestal/70410,building/51253
ug_route/165063,OSP:BUSP:C668677,st_struct_pedestal/69147,building/51055
ug_route/165064,OSP:BUSP:C649701,st_struct_pedestal/68300,building/49628
ug_route/165065,OSP:BUSP::8400464,pole/42167,st_struct_pedestal/68487
ug_route/165066,OSP:FBSP:C659922,st_struct_pedestal/67607,building/49927
ug_route/165067,OSP:FBSP:C661333,st_struct_pedestal/70237,building/50402
ug_route/165068,OSP:BUSP:C648533,st_struct_pedestal/68324,pole/41284
ug_route/165069,OSP:BUSP:C707906,st_struct_pedestal/70149,building/49408
ug_route/165070,OSP:BUSP::8437274,pole/41421,pole/42623
ug_route/165071,OSP:BUSP:C643916,st_struct_pedestal/67233,st_struct_pedestal/69134
ug_route/165072,OSP:BUSP:C652850,pole/40803,pole/42149
ug_route/165073,OSP:BUSP:C646137,st_struct_pedestal/70043,building/50453
ug_route/165074,OSP:BUSP:C639427,st_struct_pedestal/70580,st_struct_pedestal/70788
ug_route/165075,OSP:BUSP:C660978,st_struct_pedestal/68057,st_struct_pedestal/68775
ug_route/165076,OSP:BUSP::16681874,st_struct_pedestal/68716,building/50111
ug_route/165077,OSP:BUSP:C643985,st_struct_pedestal/67936,st_struct_pedestal/70650
ug_route/165078,OSP:FBSP::13095316,pole/41799,building/50460
ug_route/165079,OSP:BUSP:C661617,st_struct_pedestal/67491,st_struct_pedestal/68915
ug_route/165080,OSP:BUSP:C643964,st_struct_pedestal/67233,st_struct_pedestal/67936
ug_route/165081,OSP:BUSP:C659636,st_struct_pedestal/67721,building/49582
ug_route/165082,OSP:BUSP:C669158,pole/42143,mywcom_route_junction/21562
ug_route/165083,OSP:BUSP::10415607,st_struct_pedestal/70782,st_struct_pedestal/68468
ug_route/165084,OSP:BUSP:C661068,st_struct_pedestal/70710,st_struct_pedestal/67803
ug_route/165085,OSP:BUSP:C657819,st_struct_pedestal/68689,building/50361
ug_route/165086,OSP:BUSP:C643826,st_struct_pedestal/67233,st_struct_pedestal/69134
ug_route/165087,OSP:BUSP:C669699,mywcom_route_junction/21619,st_struct_pedestal/67421
ug_route/165088,OSP:BUSP:C651702,st_struct_pedestal/69573,building/49848
ug_route/165089,OSP:FBSP:C704957,st_struct_buried_splice_location/2684,mywcom_route_junction/21676
ug_route/165090,OSP:BUSP::15995445,pole/42692,building/51203
ug_route/165091,OSP:BUSP:C643825,st_struct_pedestal/69272,building/48803
ug_route/165092,OSP:FBSP::16865865,st_struct_pedestal/68965,pole/41003
ug_route/165093,OSP:BUSP::8587344,st_struct_pedestal/68288,st_struct_pedestal/70661
ug_route/165094,OSP:BUSP:C668516,st_struct_pedestal/68717,st_struct_pedestal/69148
ug_route/165095,OSP:BUSP::9466872,st_struct_pedestal/67373,st_struct_pedestal/69823
ug_route/165096,OSP:FBSP:C710030,mywcom_route_junction/21416,building/49506
ug_route/165097,OSP:FBSP:C656137,pole/41869,mywcom_route_junction/21506
ug_route/165098,OSP:BUSP:C654477,st_struct_pedestal/70187,st_struct_pedestal/69802
ug_route/165099,OSP:BUSP:C660490,st_struct_pedestal/67374,st_struct_pedestal/70387
ug_route/165100,OSP:BUSP:C659659,st_struct_pedestal/67629,building/48837
ug_route/165101,OSP:BUSP:C708250,st_struct_pedestal/68179,building/49837
ug_route/165102,OSP:BUSP::8061896,st_struct_pedestal/69706,st_struct_pedestal/70095
ug_route/165103,OSP:BUSP:C656642,st_struct_pedestal/67093,building/51206
ug_route/165104,OSP:BUSP:C648060,st_struct_pedestal/69467,building/49163
ug_route/165105,OSP:BUSP:C653579,st_struct_pedestal/68434,building/50701
ug_route/165106,OSP:BUSP:C651998,st_struct_pedestal/69165,building/51271
ug_route/165107,OSP:BUSP:C682187,st_struct_pedestal/70537,building/51297
ug_route/165108,OSP:FBSP:C666365,pole/40833,building/51216
ug_route/165109,OSP:BUSP:C651664,cabinet/2465,st_struct_pedestal/67903
ug_route/165110,OSP:BUSP:C667950,st_struct_pedestal/67822,st_struct_pedestal/69628
ug_route/165111,OSP:BUSP:C656916,st_struct_pedestal/70781,st_struct_pedestal/69683
ug_route/165112,OSP:BUSP:C659657,st_struct_pedestal/67629,building/48837
ug_route/165113,OSP:BUSP:C642304,st_struct_pedestal/67921,building/50084
ug_route/165114,OSP:BUSP:C708350,st_struct_pedestal/70656,building/48744
ug_route/165115,OSP:BUSP::8402708,mywcom_route_junction/21194,mywcom_route_junction/21303
ug_route/165116,OSP:BUSP::15126654,st_struct_pedestal/69628,st_struct_pedestal/67822
ug_route/165117,OSP:BUSP:C646906,st_struct_pedestal/67685,building/49404
ug_route/165118,OSP:BUSP::8384137,mywcom_route_junction/21706,building/49450
ug_route/165119,OSP:BUSP::8499677,st_struct_pedestal/67112,st_struct_pedestal/69653
ug_route/165120,OSP:BUSP:C668679,st_struct_pedestal/69147,building/48913
ug_route/165121,OSP:BUSP:C639457,st_struct_pedestal/68245,st_struct_pedestal/69572
ug_route/165122,OSP:BUSP::8397588,st_struct_pedestal/67176,st_struct_pedestal/68946
ug_route/165123,OSP:BUSP:C667967,st_struct_pedestal/67822,st_struct_pedestal/69628
ug_route/165124,OSP:BUSP:C641611,st_struct_pedestal/67279,building/51122
ug_route/165125,OSP:BUSP:C647167,st_struct_pedestal/70649,building/50378
ug_route/165126,OSP:BUSP::11413654,pole/42379,building/50741
ug_route/165127,OSP:BUSP:C650809,st_struct_pedestal/70442,st_struct_pedestal/67648
ug_route/165128,OSP:BUSP:C654856,st_struct_pedestal/70201,building/50640
ug_route/165129,OSP:BUSP:C658025,st_struct_buried_splice_location/2737,st_struct_pedestal/69184
ug_route/165130,OSP:BUSP::11555062,cabinet/2524,st_struct_pedestal/68288
ug_route/165131,OSP:BUSP::8446855,st_struct_pedestal/67836,st_struct_pedestal/68482
ug_route/165132,OSP:BUSP::10406615,building/50430,building/48946
ug_route/165133,OSP:BUSP::16685410,st_struct_pedestal/70701,building/48722
ug_route/165134,OSP:BUSP:C644026,st_struct_pedestal/68241,st_struct_pedestal/67778
ug_route/165135,OSP:BUSP:C654953,pole/41116,pole/42816
ug_route/165136,OSP:BUSP::11085098,st_struct_pedestal/68537,st_struct_pedestal/70451
ug_route/165137,OSP:FBSP::8572613,pole/40901,mywcom_route_junction/21007
ug_route/165138,OSP:BUSP::8448782,pole/42495,mywcom_route_junction/21455
ug_route/165139,OSP:BUSP:C682017,st_struct_pedestal/69342,building/50310
ug_route/165140,OSP:BUSP:C655391,st_struct_pedestal/70704,building/48901
ug_route/165141,OSP:FBSP::9282390,st_struct_pedestal/70635,building/50737
ug_route/165142,OSP:FORSP::16943301,st_struct_vault/2479,st_struct_vault/2451
ug_route/165143,OSP:BUSP:C650808,st_struct_pedestal/70442,st_struct_pedestal/67648
ug_route/165144,OSP:BUSP:C647283,st_struct_pedestal/68450,building/48776
ug_route/165145,OSP:BUSP:C641467,st_struct_pedestal/67514,building/50037
ug_route/165146,OSP:BUSP:C706886,st_struct_pedestal/69184,st_struct_buried_splice_location/2629
ug_route/165147,OSP:BUSP:C645926,st_struct_pedestal/70756,building/50530
ug_route/165148,OSP:BUSP:C651106,st_struct_pedestal/69349,building/49327
ug_route/165149,OSP:BUSP:C658287,st_struct_pedestal/68029,st_struct_pedestal/69056
ug_route/165150,OSP:BUSP:C642341,st_struct_pedestal/69176,building/48733
ug_route/165151,OSP:BUSP:C643674,st_struct_buried_splice_location/2630,building/51378
ug_route/165152,OSP:BUSP:C655627,st_struct_pedestal/67757,building/50645
ug_route/165153,OSP:BUSP:C642100,pole/41808,pole/41673
ug_route/165154,OSP:BUSP:C658836,st_struct_pedestal/67995,building/49326
ug_route/165155,OSP:BUSP::16829718,building/49133,st_struct_pedestal/70003
ug_route/165156,OSP:BUSP::8397589,st_struct_pedestal/68946,st_struct_pedestal/67176
ug_route/165157,OSP:BUSP:C661664,st_struct_pedestal/67611,st_struct_pedestal/70671
ug_route/165158,OSP:BUSP:C668520,st_struct_pedestal/68717,st_struct_pedestal/69148
ug_route/165159,OSP:BUSP::9548349,pole/42432,st_struct_pedestal/69594
ug_route/165160,OSP:BUSP:C655210,st_struct_pedestal/68950,building/48749
ug_route/165161,OSP:BUSP:C640976,st_struct_pedestal/67278,building/49332
ug_route/165162,OSP:FBSP:C661811,st_struct_pedestal/67606,building/51140
ug_route/165163,OSP:BUSP:C662656,st_struct_pedestal/67719,st_struct_pedestal/69251
ug_route/165164,OSP:BUSP:C641319,st_struct_pedestal/67379,building/49561
ug_route/165165,OSP:BUSP:C666075,st_struct_pedestal/67480,st_struct_pedestal/70130
ug_route/165166,OSP:BUSP:C651720,st_struct_pedestal/70561,pole/40590
ug_route/165167,OSP:BUSP:C648810,st_struct_pedestal/68139,building/49243
ug_route/165168,OSP:BUSP:C640715,st_struct_pedestal/70142,building/50586
ug_route/165169,OSP:FBSP::9846581,st_struct_pedestal/68030,building/50372
ug_route/165170,OSP:BUSP:C647280,st_struct_pedestal/68450,building/49659
ug_route/165171,OSP:BUSP:C652796,st_struct_pedestal/67427,building/49412
ug_route/165172,OSP:BUSP:C660965,st_struct_pedestal/70301,building/51390
ug_route/165173,OSP:BUSP:C645789,st_struct_pedestal/68435,st_struct_pedestal/67180
ug_route/165174,OSP:BUSP:C706063,st_struct_pedestal/70049,st_struct_pedestal/69691
ug_route/165175,OSP:FBSP::12348118,st_struct_pedestal/69764,st_struct_pedestal/67593
ug_route/165176,OSP:BUSP:C651727,st_struct_pedestal/70410,building/50272
ug_route/165177,OSP:BUSP:C660686,st_struct_pedestal/67553,st_struct_pedestal/68106
ug_route/165178,OSP:BUSP::8433751,st_struct_pedestal/70432,pole/40578
ug_route/165179,OSP:BUSP::8586059,pole/42010,st_struct_pedestal/67135
ug_route/165180,OSP:BUSP:C665613,st_struct_pedestal/70438,building/50684
ug_route/165181,OSP:BUSP::8575507,cabinet/2516,mywcom_route_junction/21414
ug_route/165182,OSP:BUSP:C666970,st_struct_pedestal/67820,st_struct_pedestal/68194
ug_route/165183,OSP:BUSP:C654570,st_struct_pedestal/67238,building/49913
ug_route/165184,OSP:FBSP:C670093,mywcom_route_junction/21580,building/50075
ug_route/165185,OSP:BUSP::9401461,pole/41201,pole/41498
ug_route/165186,OSP:BUSP:C665511,st_struct_pedestal/69598,building/50517
ug_route/165187,OSP:BUSP:C671346,st_struct_pedestal/69764,mywcom_route_junction/21601
ug_route/165188,OSP:BUSP:C657475,st_struct_pedestal/69982,building/50778
ug_route/165189,OSP:BUSP:C653487,st_struct_pedestal/68508,building/51293
ug_route/165190,OSP:BUSP:C641769,st_struct_pedestal/68519,building/49665
ug_route/165191,OSP:BUSP:C659761,st_struct_pedestal/69026,st_struct_pedestal/67423
ug_route/165192,OSP:FBSP::8673461,st_struct_pedestal/67908,building/50848
ug_route/165193,OSP:BUSP:C655359,st_struct_pedestal/68127,building/49923
ug_route/165194,OSP:FBSP:C709987,st_struct_pedestal/68781,building/50391
ug_route/165195,OSP:BUSP:C647358,st_struct_buried_splice_location/2663,building/48800
ug_route/165196,OSP:FBSP:C707525,building/50932,mywcom_route_junction/20917
ug_route/165197,OSP:BUSP::8591499,st_struct_pedestal/67597,st_struct_pedestal/68016
ug_route/165198,OSP:BUSP:C651006,st_struct_pedestal/67396,building/50009
ug_route/165199,OSP:BUSP::15118966,pole/40578,st_struct_pedestal/70432
ug_route/165200,OSP:BUSP:C650374,st_struct_buried_splice_location/2604,building/50203
ug_route/165201,OSP:BUSP:C669957,st_struct_pedestal/70460,st_struct_pedestal/69863
ug_route/165202,OSP:BUSP:C655147,st_struct_pedestal/67160,building/49550
ug_route/165203,OSP:BUSP:C660189,st_struct_pedestal/67579,st_struct_pedestal/70546
ug_route/165204,OSP:BUSP:C661089,st_struct_pedestal/69083,st_struct_pedestal/69703
ug_route/165205,OSP:BUSP:C668716,st_struct_pedestal/70701,building/49537
ug_route/165206,OSP:BUSP:C661969,st_struct_pedestal/69858,building/50714
ug_route/165207,OSP:BUSP:C653936,st_struct_pedestal/69772,st_struct_pedestal/69719
ug_route/165208,OSP:BUSP:C653489,st_struct_pedestal/68344,building/50627
ug_route/165209,OSP:BUSP:C655597,mywcom_route_junction/21418,st_struct_pedestal/68138
ug_route/165210,OSP:BUSP:C660453,st_struct_pedestal/67608,mywcom_route_junction/21094
ug_route/165211,OSP:BUSP:C659845,st_struct_pedestal/69847,building/51354
ug_route/165212,OSP:FBSP::8490053,mywcom_route_junction/21474,building/49546
ug_route/165213,OSP:BUSP::9269893,st_struct_pedestal/68705,st_struct_pedestal/67573
ug_route/165214,OSP:BUSP:C656334,st_struct_pedestal/70085,st_struct_buried_splice_location/2617
ug_route/165215,OSP:BUSP:C657100,st_struct_pedestal/69767,building/49516
ug_route/165216,OSP:BUSP:C648532,st_struct_pedestal/68008,building/50145
ug_route/165217,OSP:BUSP:C656493,st_struct_pedestal/67381,building/50594
ug_route/165218,OSP:BUSP:C657821,st_struct_pedestal/67790,building/50818
ug_route/165219,OSP:FBSP:C662683,st_struct_pedestal/67414,building/50370
ug_route/165220,OSP:BUSP:C656341,st_struct_pedestal/67814,st_struct_pedestal/69952
ug_route/165221,OSP:BUSP:C643516,st_struct_pedestal/68694,building/49896
ug_route/165222,OSP:BUSP:C645477,st_struct_pedestal/68705,st_struct_pedestal/67573
ug_route/165223,OSP:BUSP::10137957,building/51002,st_struct_pedestal/68329
ug_route/165224,OSP:BUSP:C653681,st_struct_pedestal/68137,building/48866
ug_route/165225,OSP:BUSP:C670401,st_struct_pedestal/68172,building/49673
ug_route/165226,OSP:BUSP:C655972,mywcom_route_junction/20995,mywcom_route_junction/21583
ug_route/165227,OSP:BUSP:C641595,st_struct_pedestal/69860,building/50456
ug_route/165228,OSP:BUSP:C658778,st_struct_pedestal/67818,building/50032
ug_route/165229,OSP:BUSP:C662479,st_struct_pedestal/67260,st_struct_buried_splice_location/2598
ug_route/165230,OSP:BUSP::8490059,pole/40893,st_struct_pedestal/69547
ug_route/165231,OSP:BUSP:C681690,st_struct_buried_splice_location/2736,building/50297
ug_route/165232,OSP:BUSP:C649702,st_struct_buried_splice_location/2607,st_struct_pedestal/69632
ug_route/165233,OSP:BUSP:C641976,st_struct_pedestal/69692,building/50990
ug_route/165234,OSP:BUSP:C661974,st_struct_pedestal/69395,building/50612
ug_route/165235,OSP:BUSP:C658804,st_struct_pedestal/69428,building/49147
ug_route/165236,OSP:BUSP:C655596,mywcom_route_junction/21418,st_struct_pedestal/68138
ug_route/165237,OSP:BUSP::8403012,st_struct_pedestal/70825,st_struct_pedestal/68773
ug_route/165238,OSP:BUSP:C706055,st_struct_pedestal/70049,st_struct_pedestal/69691
ug_route/165239,OSP:BUSP:C661686,st_struct_pedestal/69832,st_struct_pedestal/68345
ug_route/165240,OSP:BUSP:C642876,st_struct_pedestal/70512,st_struct_pedestal/70680
ug_route/165241,OSP:BUSP:C707125,building/49241,building/50204
ug_route/165242,OSP:BUSP:C655503,st_struct_pedestal/70234,st_struct_pedestal/69931
ug_route/165243,OSP:BUSP:C649711,st_struct_buried_splice_location/2607,st_struct_pedestal/69632
ug_route/165244,OSP:FBSP::14456564,st_struct_pedestal/67089,st_struct_pedestal/69011
ug_route/165245,OSP:BUSP::8590217,st_struct_pedestal/68292,st_struct_pedestal/68715
ug_route/165246,OSP:BUSP:C655533,st_struct_pedestal/70234,st_struct_pedestal/69931
ug_route/165247,OSP:BUSP:C657140,mywcom_route_junction/21956,building/50376
ug_route/165248,OSP:BUSP::16019459,st_struct_pedestal/69633,building/50766
ug_route/165249,OSP:BUSP:C657808,st_struct_pedestal/69658,st_struct_pedestal/70214
ug_route/165250,OSP:BUSP:C656229,pole/41537,st_struct_pedestal/69403
ug_route/165251,OSP:BUSP:C669814,st_struct_pedestal/70618,st_struct_pedestal/70725
ug_route/165252,OSP:BUSP:C655355,st_struct_pedestal/68090,building/49128
ug_route/165253,OSP:FBSP:C662657,st_struct_pedestal/69251,building/51370
ug_route/165254,OSP:BUSP:C654341,st_struct_pedestal/70047,st_struct_pedestal/70746
ug_route/165255,OSP:FBSP::8885253,st_struct_pedestal/67831,st_struct_pedestal/70188
ug_route/165256,OSP:BUSP:C662377,st_struct_buried_splice_location/2696,building/50774
ug_route/165257,OSP:BUSP::9461348,st_struct_pedestal/70253,st_struct_pedestal/70263
ug_route/165258,OSP:BUSP::8439826,cabinet/2462,st_struct_pedestal/68410
ug_route/165259,OSP:BUSP::8439822,pole/42460,pole/40878
ug_route/165260,OSP:BUSP::8603034,mywcom_route_junction/21051,st_struct_pedestal/70143
ug_route/165261,OSP:BUSP:C646458,st_struct_pedestal/67650,st_struct_buried_splice_location/2661
ug_route/165262,OSP:BUSP:C657391,st_struct_pedestal/67862,mywcom_route_junction/20980
ug_route/165263,OSP:BUSP:C708397,mywcom_route_junction/21552,mywcom_route_junction/20936
ug_route/165264,OSP:FBSP:C653414,pole/40843,building/50908
ug_route/165265,OSP:BUSP::15225252,st_struct_pedestal/68962,st_struct_pedestal/68988
ug_route/165266,OSP:BUSP:C650991,st_struct_pedestal/67396,building/51165
ug_route/165267,OSP:BUSP:C711711,st_struct_pedestal/67056,st_struct_pedestal/68022
ug_route/165268,OSP:BUSP::9386743,pole/41116,pole/41113
ug_route/165269,OSP:FBSP::8330092,st_struct_pedestal/69910,st_struct_pedestal/68910
ug_route/165270,OSP:BUSP::10765302,st_struct_pedestal/70002,building/51169
ug_route/165271,OSP:BUSP::9653621,pole/40893,st_struct_pedestal/69822
ug_route/165272,OSP:BUSP::8399819,st_struct_pedestal/70364,st_struct_pedestal/69244
ug_route/165273,OSP:FBSP:C705131,pole/41869,building/49497
ug_route/165274,OSP:BUSP::12785896,st_struct_pedestal/70209,building/51145
ug_route/165275,OSP:BUSP:C682186,st_struct_pedestal/70537,building/49058
ug_route/165276,OSP:FBSP::8345740,st_struct_pedestal/68354,st_struct_pedestal/68343
ug_route/165277,OSP:BUSP:C655485,mywcom_route_junction/21816,st_struct_pedestal/69062
ug_route/165278,OSP:BUSP:C653564,st_struct_pedestal/68375,building/49743
ug_route/165279,OSP:BUSP::8437278,mywcom_route_junction/21047,building/48917
ug_route/165280,OSP:BUSP:C653679,st_struct_pedestal/70178,building/49583
ug_route/165281,OSP:BUSP:C653475,st_struct_pedestal/70088,building/50408
ug_route/165282,OSP:BUSP:C664825,st_struct_pedestal/68437,building/51371
ug_route/165283,OSP:BUSP:C648036,st_struct_buried_splice_location/2622,st_struct_pedestal/67287
ug_route/165284,OSP:FBSP:C708406,building/50585,building/50277
ug_route/165285,OSP:BUSP:C649092,st_struct_pedestal/68061,building/49372
ug_route/165286,OSP:BUSP::10388362,mywcom_route_junction/21615,st_struct_pedestal/69630
ug_route/165287,OSP:BUSP:C669726,st_struct_pedestal/69894,st_struct_pedestal/67421
ug_route/165288,OSP:BUSP:C660168,st_struct_pedestal/69992,building/49489
ug_route/165289,OSP:BUSP:C647460,st_struct_pedestal/67309,building/50144
ug_route/165290,OSP:BUSP:C689256,st_struct_pedestal/69631,building/51475
ug_route/165291,OSP:BUSP::8370710,st_struct_pedestal/67417,st_struct_pedestal/70549
ug_route/165292,OSP:BUSP::7625128,pole/41957,pole/42508
ug_route/165293,OSP:BUSP:C648104,st_struct_buried_splice_location/2739,st_struct_pedestal/67287
ug_route/165294,OSP:BUSP:C681661,st_struct_pedestal/70215,st_struct_pedestal/69168
ug_route/165295,OSP:BUSP:C668718,st_struct_pedestal/70701,building/49537
ug_route/165296,OSP:BUSP:C706062,st_struct_pedestal/68380,building/49169
ug_route/165297,OSP:BUSP::14661684,st_struct_pedestal/69294,building/49640
ug_route/165298,OSP:BUSP:C646136,st_struct_pedestal/70043,building/49290
ug_route/165299,OSP:BUSP:C655357,st_struct_pedestal/68127,building/49451
ug_route/165300,OSP:BUSP::15997686,st_struct_pedestal/67838,mywcom_route_junction/21621
ug_route/165301,OSP:BUSP:C650410,st_struct_pedestal/68389,st_struct_pedestal/68152
ug_route/165302,OSP:BUSP::8434375,st_struct_pedestal/69980,mywcom_route_junction/21993
ug_route/165303,OSP:BUSP::8448778,st_struct_pedestal/69632,mywcom_route_junction/21161
ug_route/165304,OSP:BUSP:C659527,st_struct_pedestal/68042,building/51098
ug_route/165305,OSP:BUSP::9529785,st_struct_pedestal/69589,mywcom_route_junction/21020
ug_route/165306,OSP:BUSP::14561525,st_struct_pedestal/68673,st_struct_pedestal/68722
ug_route/165307,OSP:BUSP:C634120,st_struct_pedestal/69206,mywcom_route_junction/21374
ug_route/165308,OSP:BUSP::8573898,st_struct_pedestal/70263,st_struct_pedestal/68557
ug_route/165309,OSP:BUSP::8448160,mywcom_route_junction/21436,st_struct_pedestal/69206
ug_route/165310,OSP:BUSP:C650969,st_struct_pedestal/67396,building/50149
ug_route/165311,OSP:FBSP::13684428,mywcom_route_junction/21155,st_struct_pedestal/69757
ug_route/165312,OSP:BUSP:C652701,st_struct_pedestal/69983,building/50573
ug_route/165313,OSP:BUSP:C660914,st_struct_pedestal/68926,building/49135
ug_route/165314,OSP:BUSP:C650370,st_struct_pedestal/67587,st_struct_pedestal/70486
ug_route/165315,OSP:BUSP:C665085,st_struct_pedestal/68240,mywcom_route_junction/21405
ug_route/165316,OSP:BUSP:C644453,st_struct_pedestal/68384,building/51460
ug_route/165317,OSP:BUSP:C651394,st_struct_pedestal/68084,building/51410
ug_route/165318,OSP:BUSP:C642165,st_struct_buried_splice_location/2747,st_struct_pedestal/69309
ug_route/165319,OSP:FBSP::13098246,st_struct_pedestal/67138,st_struct_pedestal/68404
ug_route/165320,OSP:BUSP::14258810,building/51141,building/49781
ug_route/165321,OSP:BUSP:C662519,st_struct_pedestal/69459,building/50897
ug_route/165322,OSP:BUSP:C655350,st_struct_pedestal/68090,building/51440
ug_route/165323,OSP:BUSP:C650431,st_struct_pedestal/67587,st_struct_pedestal/70486
ug_route/165324,OSP:BUSP:C656661,st_struct_pedestal/67930,st_struct_buried_splice_location/2623
ug_route/165325,OSP:BUSP:C654351,st_struct_pedestal/67349,st_struct_pedestal/67276
ug_route/165326,OSP:BUSP::12785898,st_struct_pedestal/70637,st_struct_pedestal/68278
ug_route/165327,OSP:BUSP::16685373,mywcom_route_junction/21069,mywcom_route_junction/21760
ug_route/165328,OSP:BUSP:C643611,st_struct_pedestal/68860,st_struct_pedestal/69836
ug_route/165329,OSP:BUSP::8370713,st_struct_pedestal/70181,mywcom_route_junction/21991
ug_route/165330,OSP:FORSP::16962500,st_struct_vault/2434,st_struct_vault/2484
ug_route/165331,OSP:BUSP:C681662,st_struct_pedestal/70215,st_struct_pedestal/69168
ug_route/165332,OSP:BUSP:C639765,st_struct_pedestal/67394,building/51266
ug_route/165333,OSP:BUSP:C711699,st_struct_pedestal/67402,st_struct_pedestal/67784
ug_route/165334,OSP:FBSP::8346070,st_struct_pedestal/68343,st_struct_pedestal/70481
ug_route/165335,OSP:FBSP:C670072,pole/41288,building/49199
ug_route/165336,OSP:BUSP:C648372,st_struct_pedestal/68386,building/49528
ug_route/165337,OSP:BUSP:C645888,st_struct_pedestal/67250,st_struct_pedestal/70324
ug_route/165338,OSP:BUSP:C656511,st_struct_pedestal/67179,building/49087
ug_route/165339,OSP:BUSP:C646552,st_struct_pedestal/70056,building/51159
ug_route/165340,OSP:BUSP:C660105,st_struct_pedestal/70215,building/50978
ug_route/165341,OSP:BUSP:C671340,mywcom_route_junction/21782,mywcom_route_junction/21104
ug_route/165342,OSP:BUSP:C650561,st_struct_buried_splice_location/2632,st_struct_pedestal/69395
ug_route/165343,OSP:BUSP:C708209,mywcom_route_junction/22006,st_struct_pedestal/67497
ug_route/165344,OSP:BUSP:C641433,st_struct_pedestal/67382,st_struct_pedestal/68382
ug_route/165345,OSP:BUSP::15996729,st_struct_pedestal/68295,st_struct_pedestal/68280
ug_route/165346,OSP:BUSP:C651810,st_struct_pedestal/67286,building/49298
ug_route/165347,OSP:BUSP:C659732,st_struct_pedestal/70633,st_struct_pedestal/70739
ug_route/165348,OSP:BUSP:C661327,building/50558,st_struct_pedestal/70237
ug_route/165349,OSP:BUSP::8490060,st_struct_pedestal/69547,st_struct_pedestal/70010
ug_route/165350,OSP:BUSP:C710150,mywcom_route_junction/21851,st_struct_pedestal/70181
ug_route/165351,OSP:FBSP::8575842,mywcom_route_junction/20974,building/48758
ug_route/165352,OSP:BUSP:C665514,st_struct_pedestal/68079,building/49422
ug_route/165353,OSP:BUSP:C656304,st_struct_pedestal/70570,st_struct_pedestal/67214
ug_route/165354,OSP:BUSP::8083332,st_struct_pedestal/70488,st_struct_pedestal/68391
ug_route/165355,OSP:BUSP:C645314,st_struct_pedestal/67874,building/51323
ug_route/165356,OSP:BUSP:C663460,st_struct_pedestal/69699,st_struct_pedestal/70583
ug_route/165357,OSP:BUSP:C657093,st_struct_pedestal/70019,st_struct_pedestal/69716
ug_route/165358,OSP:BUSP:C661733,st_struct_pedestal/68094,building/50593
ug_route/165359,OSP:BUSP:C659745,st_struct_pedestal/70633,st_struct_pedestal/68504
ug_route/165360,OSP:BUSP::8589579,st_struct_pedestal/68212,st_struct_pedestal/69223
ug_route/165361,OSP:BUSP:C708251,st_struct_pedestal/68179,building/49067
ug_route/165362,OSP:BUSP:C642244,st_struct_pedestal/69309,st_struct_buried_splice_location/2699
ug_route/165363,OSP:BUSP::10876660,mywcom_route_junction/20971,st_struct_vault/2449
ug_route/165364,OSP:BUSP:C657471,st_struct_pedestal/69982,building/50718
ug_route/165365,OSP:BUSP:C671225,st_struct_pedestal/70707,st_struct_pedestal/67251
ug_route/165366,OSP:BUSP:C648566,st_struct_pedestal/68675,building/49112
ug_route/165367,OSP:BUSP:C642300,st_struct_pedestal/67921,building/50781
ug_route/165368,OSP:BUSP::9469358,st_struct_pedestal/70707,st_struct_pedestal/67251
ug_route/165369,OSP:BUSP:C647284,st_struct_pedestal/67250,st_struct_pedestal/70324
ug_route/165370,OSP:BUSP:C708282,st_struct_pedestal/70780,st_struct_pedestal/67220
ug_route/165371,OSP:BUSP:C646148,st_struct_pedestal/67824,building/50758
ug_route/165372,OSP:BUSP:C658680,st_struct_pedestal/69475,st_struct_pedestal/67080
ug_route/165373,OSP:BUSP:C648528,st_struct_pedestal/68976,building/50667
ug_route/165374,OSP:FBSP:C662733,st_struct_pedestal/69640,mywcom_route_junction/21621
ug_route/165375,OSP:BUSP::8575837,st_struct_pedestal/70004,mywcom_route_junction/21346
ug_route/165376,OSP:BUSP::8499674,st_struct_pedestal/67251,st_struct_pedestal/70707
ug_route/165377,OSP:BUSP:C705971,mywcom_route_junction/21716,st_struct_buried_splice_location/2648
ug_route/165378,OSP:BUSP::8591507,cabinet/2443,st_struct_pedestal/70456
ug_route/165379,OSP:BUSP:C653388,st_struct_pedestal/67748,st_struct_pedestal/67189
ug_route/165380,OSP:FBSP:C634023,st_struct_pedestal/67580,building/48786
ug_route/165381,OSP:BUSP:C657830,st_struct_pedestal/68794,building/51462
ug_route/165382,OSP:BUSP:C659778,st_struct_pedestal/70633,st_struct_pedestal/68504
ug_route/165383,OSP:FBSP:C650436,st_struct_pedestal/69093,building/50348
ug_route/165384,OSP:BUSP:C662412,st_struct_buried_splice_location/2696,st_struct_pedestal/67071
ug_route/165385,OSP:FBSP:C644496,mywcom_route_junction/20923,st_struct_pedestal/67330
ug_route/165386,OSP:BUSP:C647475,st_struct_buried_splice_location/2651,st_struct_buried_splice_location/2608
ug_route/165387,OSP:BUSP:C653418,pole/42806,pole/42167
ug_route/165388,OSP:BUSP::8365256,st_struct_pedestal/68198,st_struct_pedestal/69678
ug_route/165389,OSP:BUSP:C662277,st_struct_pedestal/70772,st_struct_pedestal/68658
ug_route/165390,OSP:BUSP::9550280,mywcom_route_junction/21045,st_struct_pedestal/68102
ug_route/165391,OSP:BUSP:C689236,st_struct_pedestal/69536,st_struct_pedestal/69857
ug_route/165392,OSP:FBSP::8448162,st_struct_pedestal/67580,building/48786
ug_route/165393,OSP:BUSP:C639180,st_struct_pedestal/70596,building/50870
ug_route/165394,OSP:BUSP:C708394,mywcom_route_junction/21895,mywcom_route_junction/21559
ug_route/165395,OSP:FBSP::11479226,st_struct_pedestal/70672,building/50194
ug_route/165396,OSP:BUSP:C645807,st_struct_pedestal/67754,building/49007
ug_route/165397,OSP:BUSP:C662161,st_struct_pedestal/67672,st_struct_pedestal/70432
ug_route/165398,OSP:BUSP:C659720,mywcom_route_junction/21242,mywcom_route_junction/21963
ug_route/165399,OSP:BUSP:C708059,st_struct_pedestal/70645,building/49293
ug_route/165400,OSP:BUSP:C648996,st_struct_pedestal/69439,building/49266
ug_route/165401,OSP:BUSP:C662547,st_struct_buried_splice_location/2696,st_struct_pedestal/67071
ug_route/165402,OSP:BUSP::8586058,pole/42010,st_struct_pedestal/70083
ug_route/165403,OSP:FBSP:C670012,st_struct_pedestal/69005,building/50154
ug_route/165404,OSP:BUSP:C653680,st_struct_pedestal/70178,st_struct_pedestal/68137
ug_route/165405,OSP:BUSP::8345415,mywcom_route_junction/21549,st_struct_pedestal/69021
ug_route/165406,OSP:BUSP:C646053,st_struct_pedestal/67540,building/51274
ug_route/165407,OSP:BUSP:C657455,st_struct_pedestal/69643,building/48732
ug_route/165408,OSP:BUSP:C642356,st_struct_pedestal/68514,building/49522
ug_route/165409,OSP:BUSP:C658687,st_struct_pedestal/69475,st_struct_pedestal/67080
ug_route/165410,OSP:BUSP:C670505,st_struct_pedestal/67746,building/49785
ug_route/165411,OSP:BUSP:C670399,st_struct_pedestal/67077,building/49793
ug_route/165412,OSP:BUSP::8403013,pole/40842,st_struct_pedestal/70825
ug_route/165413,OSP:BUSP:C669135,pole/40698,st_struct_pedestal/69891
ug_route/165414,OSP:BUSP::16692436,pole/42211,st_struct_pedestal/69249
ug_route/165415,OSP:BUSP:C651392,st_struct_pedestal/68084,building/50409
ug_route/165416,OSP:BUSP::15996086,st_struct_pedestal/69005,building/50154
ug_route/165417,OSP:BUSP:C649716,st_struct_pedestal/67397,st_struct_pedestal/67400
ug_route/165418,OSP:BUSP::8447825,pole/40921,pole/41816
ug_route/165419,OSP:BUSP:C650388,st_struct_pedestal/69093,st_struct_pedestal/68967
ug_route/165420,OSP:BUSP:C648809,st_struct_pedestal/68139,building/50280
ug_route/165421,OSP:BUSP::15824268,st_struct_pedestal/68722,st_struct_pedestal/67466
ug_route/165422,OSP:BUSP:C665150,mywcom_route_junction/21033,mywcom_route_junction/21258
ug_route/165423,OSP:BUSP::8403014,st_struct_pedestal/68773,st_struct_pedestal/68535
ug_route/165424,OSP:BUSP::15126683,pole/42100,st_struct_pedestal/70059
ug_route/165425,OSP:BUSP::9444454,st_struct_pedestal/68999,st_struct_pedestal/70662
ug_route/165426,OSP:BUSP:C641445,st_struct_pedestal/68382,building/49757
ug_route/165427,OSP:BUSP::10456565,st_struct_pedestal/68030,st_struct_pedestal/69106
ug_route/165428,OSP:FBSP::8499669,st_struct_pedestal/67346,building/49759
ug_route/165429,OSP:BUSP:C648589,st_struct_pedestal/67666,building/49740
ug_route/165430,OSP:BUSP:C650434,st_struct_pedestal/69093,st_struct_pedestal/68967
ug_route/165431,OSP:BUSP::8447499,st_struct_pedestal/68482,st_struct_pedestal/69142
ug_route/165432,OSP:BUSP:C659525,mywcom_route_junction/21820,mywcom_route_junction/21749
ug_route/165433,OSP:BUSP:C654484,st_struct_pedestal/69802,building/49797
ug_route/165434,OSP:BUSP:C639681,st_struct_pedestal/68427,building/50070
ug_route/165435,OSP:FBSP::8415815,mywcom_route_junction/21059,mywcom_route_junction/21691
ug_route/165436,OSP:BUSP::15996422,st_struct_pedestal/69616,mywcom_route_junction/21022
ug_route/165437,OSP:BUSP::15006009,mywcom_route_junction/20975,mywcom_route_junction/21271
ug_route/165438,OSP:BUSP:C656620,st_struct_pedestal/69912,building/50477
ug_route/165439,OSP:BUSP:C707871,mywcom_route_junction/21554,mywcom_route_junction/21389
ug_route/165440,OSP:BUSP:C641234,st_struct_pedestal/69054,st_struct_buried_splice_location/2712
ug_route/165441,OSP:BUSP::15769206,st_struct_pedestal/70726,st_struct_pedestal/70102
ug_route/165442,OSP:BUSP:C710750,st_struct_pedestal/68299,st_struct_pedestal/68542
ug_route/165443,OSP:BUSP:C645741,st_struct_pedestal/70352,building/50139
ug_route/165444,OSP:BUSP::8439812,pole/40669,cabinet/2435
ug_route/165445,OSP:BUSP:C661615,st_struct_pedestal/68672,building/50324
ug_route/165446,OSP:BUSP:C655382,st_struct_pedestal/68247,building/50954
ug_route/165447,OSP:BUSP:C647257,st_struct_pedestal/69941,building/49646
ug_route/165448,OSP:BUSP:C668377,st_struct_pedestal/68535,st_struct_pedestal/68773
ug_route/165449,OSP:BUSP:C656523,mywcom_route_junction/21252,st_struct_pedestal/68347
ug_route/165450,OSP:BUSP:C660575,st_struct_pedestal/70559,building/50933
ug_route/165451,OSP:BUSP:C660623,st_struct_pedestal/67771,st_struct_pedestal/70700
ug_route/165452,OSP:BUSP::8403018,st_struct_pedestal/69842,st_struct_pedestal/70167
ug_route/165453,OSP:BUSP:C660174,st_struct_pedestal/68641,building/48883
ug_route/165454,OSP:BUSP:C666037,st_struct_pedestal/68871,st_struct_pedestal/67174
ug_route/165455,OSP:BUSP::15978486,pole/42047,building/50940
ug_route/165456,OSP:BUSP:C646946,st_struct_pedestal/67633,st_struct_pedestal/68125
ug_route/165457,OSP:BUSP:C652015,st_struct_pedestal/70268,building/49666
ug_route/165458,OSP:BUSP:C658805,st_struct_pedestal/69428,building/51406
ug_route/165459,OSP:BUSP::9157578,st_struct_pedestal/68308,pole/40728
ug_route/165460,OSP:BUSP:C647282,st_struct_pedestal/68450,st_struct_pedestal/68142
ug_route/165461,OSP:BUSP::15006019,st_struct_pedestal/68545,st_struct_pedestal/68336
ug_route/165462,OSP:BUSP:C660320,st_struct_pedestal/68283,st_struct_pedestal/69343
ug_route/165463,OSP:BUSP:C659531,mywcom_route_junction/21630,mywcom_route_junction/21487
ug_route/165464,OSP:BUSP:C668676,st_struct_pedestal/69147,building/49259
ug_route/165465,OSP:FBSP:C652867,pole/40968,building/49982
ug_route/165466,OSP:BUSP::15996093,st_struct_pedestal/67401,st_struct_pedestal/69122
ug_route/165467,OSP:BUSP:C648799,st_struct_pedestal/68687,building/50678
ug_route/165468,OSP:BUSP:C640313,st_struct_pedestal/68512,st_struct_pedestal/67211
ug_route/165469,OSP:BUSP:C648062,st_struct_pedestal/69467,building/51471
ug_route/165470,OSP:BUSP::10275412,st_struct_pedestal/68984,building/50458
ug_route/165471,OSP:BUSP:C641738,st_struct_pedestal/69047,building/50101
ug_route/165472,OSP:BUSP:C655207,st_struct_pedestal/68828,building/51065
ug_route/165473,OSP:BUSP::10768198,st_struct_pedestal/69078,building/50449
ug_route/165474,OSP:FBSP::8382858,st_struct_pedestal/69155,st_struct_pedestal/68221
ug_route/165475,OSP:BUSP:C644182,st_struct_pedestal/69815,st_struct_pedestal/67577
ug_route/165476,OSP:BUSP::11479223,st_struct_pedestal/69789,st_struct_buried_splice_location/2658
ug_route/165477,OSP:BUSP:C640756,st_struct_pedestal/67644,building/49620
ug_route/165478,OSP:BUSP:C660154,st_struct_pedestal/69640,st_struct_pedestal/67858
ug_route/165479,OSP:BUSP::8399817,st_struct_pedestal/67713,st_struct_pedestal/67607
ug_route/165480,OSP:BUSP:C665627,st_struct_pedestal/69211,building/50925
ug_route/165481,OSP:FORSP::16958669,st_struct_vault/2450,pole/41619
ug_route/165482,OSP:BUSP:C649758,st_struct_pedestal/67823,building/50419
ug_route/165483,OSP:BUSP::10720524,st_struct_pedestal/68680,mywcom_route_junction/21387
ug_route/165484,OSP:BUSP:C641442,st_struct_pedestal/67048,building/51448
ug_route/165485,OSP:FBSP:C667253,mywcom_route_junction/21383,building/49271
ug_route/165486,OSP:BUSP:C659781,st_struct_pedestal/68504,st_struct_pedestal/69249
ug_route/165487,OSP:FBSP::11678871,st_struct_pedestal/67082,building/49835
ug_route/165488,OSP:BUSP:C657474,st_struct_pedestal/67261,st_struct_pedestal/68562
ug_route/165489,OSP:BUSP:C659768,st_struct_pedestal/69146,st_struct_pedestal/68266
ug_route/165490,OSP:BUSP:C640324,st_struct_pedestal/68512,st_struct_pedestal/67211
ug_route/165491,OSP:BUSP:C670023,st_struct_buried_splice_location/2725,building/51108
ug_route/165492,OSP:BUSP::8383514,mywcom_route_junction/21138,building/49606
ug_route/165493,OSP:BUSP::16079944,mywcom_route_junction/21944,st_struct_pedestal/68219
ug_route/165494,OSP:BUSP::17032933,st_struct_pedestal/70247,st_struct_pedestal/70445
ug_route/165495,OSP:BUSP:C651414,cabinet/2465,st_struct_pedestal/68903
ug_route/165496,OSP:BUSP::13598964,st_struct_pedestal/70209,mywcom_route_junction/21317
ug_route/165497,OSP:BUSP:C656338,st_struct_pedestal/67814,st_struct_pedestal/69952
ug_route/165498,OSP:BUSP:C659803,st_struct_pedestal/69146,st_struct_pedestal/68266
ug_route/165499,OSP:BUSP::12029114,mywcom_route_junction/21268,mywcom_route_junction/21560
ug_route/165500,OSP:BUSP:C656570,st_struct_pedestal/68548,building/50485
ug_route/165501,OSP:BUSP::9519888,st_struct_pedestal/68221,st_struct_pedestal/68674
ug_route/165502,OSP:BUSP:C657841,pole/41112,mywcom_route_junction/21038
ug_route/165503,OSP:BUSP:C661112,st_struct_buried_splice_location/2635,st_struct_pedestal/68532
ug_route/165504,OSP:BUSP::8382229,st_struct_pedestal/67469,st_struct_pedestal/68599
ug_route/165505,OSP:BUSP::8399818,st_struct_pedestal/67607,st_struct_pedestal/70364
ug_route/165506,OSP:BUSP:C650367,st_struct_pedestal/70659,building/49818
ug_route/165507,OSP:BUSP:C658779,st_struct_pedestal/67818,building/49364
ug_route/165508,OSP:BUSP:C646984,st_struct_pedestal/67633,st_struct_pedestal/68125
ug_route/165509,OSP:BUSP:C659763,st_struct_pedestal/68504,st_struct_pedestal/69249
ug_route/165510,OSP:FBSP:C659873,st_struct_pedestal/68479,building/51145
ug_route/165511,OSP:BUSP:C670271,st_struct_pedestal/67924,st_struct_pedestal/68741
ug_route/165512,OSP:BUSP:C666340,st_struct_pedestal/70083,st_struct_pedestal/68216
ug_route/165513,OSP:BUSP::8446857,st_struct_pedestal/68482,st_struct_pedestal/70248
ug_route/165514,OSP:FBSP:C644417,mywcom_route_junction/21185,st_struct_pedestal/69974
ug_route/165515,OSP:BUSP:C647265,st_struct_pedestal/69941,building/48849
ug_route/165516,OSP:BUSP:C660961,st_struct_pedestal/67671,building/49693
ug_route/165517,OSP:BUSP:C654503,st_struct_pedestal/69437,building/51133
ug_route/165518,OSP:BUSP:C655593,st_struct_pedestal/70396,st_struct_pedestal/67745
ug_route/165519,OSP:BUSP:C659806,st_struct_pedestal/69146,st_struct_pedestal/68266
ug_route/165520,OSP:BUSP::11085974,st_struct_pedestal/70783,st_struct_pedestal/70618
ug_route/165521,OSP:BUSP::9466472,pole/41112,mywcom_route_junction/21514
ug_route/165522,OSP:FORSP::16947460,st_struct_vault/2471,st_struct_vault/2472
ug_route/165523,OSP:BUSP:C708119,st_struct_pedestal/69135,st_struct_pedestal/69312
ug_route/165524,OSP:BUSP:C650347,st_struct_pedestal/69577,building/51364
ug_route/165525,OSP:BUSP:C652985,pole/42221,st_struct_pedestal/67465
ug_route/165526,OSP:FBSP:C660401,st_struct_buried_splice_location/2697,building/49746
ug_route/165527,OSP:BUSP:C644247,st_struct_pedestal/69925,building/51071
ug_route/165528,OSP:FBSP:C658535,st_struct_buried_splice_location/2682,building/51275
ug_route/165529,OSP:BUSP:C653171,st_struct_pedestal/67338,building/49413
ug_route/165530,OSP:BUSP:C658816,st_struct_pedestal/68622,building/49611
ug_route/165531,OSP:BUSP:C647218,st_struct_pedestal/68450,st_struct_pedestal/68142
ug_route/165532,OSP:BUSP::14561524,st_struct_pedestal/67248,st_struct_pedestal/68673
ug_route/165533,OSP:BUSP:C665786,mywcom_route_junction/21173,mywcom_route_junction/21899
ug_route/165534,OSP:FBSP::14573684,st_struct_pedestal/68916,pole/41155
ug_route/165535,OSP:BUSP:C647164,st_struct_pedestal/67428,st_struct_pedestal/70747
ug_route/165536,OSP:FBSP:C653544,pole/40843,building/49088
ug_route/165537,OSP:BUSP:C705973,st_struct_pedestal/69258,building/51187
ug_route/165538,OSP:FBSP::11682166,st_struct_pedestal/67138,building/48786
ug_route/165539,OSP:BUSP::15996733,st_struct_pedestal/70668,st_struct_pedestal/67838
ug_route/165540,OSP:BUSP:C659284,st_struct_pedestal/67876,st_struct_pedestal/67914
ug_route/165541,OSP:BUSP::12405684,st_struct_pedestal/69706,st_struct_pedestal/68604
ug_route/165542,OSP:BUSP:C654547,st_struct_pedestal/68989,st_struct_pedestal/69602
ug_route/165543,OSP:BUSP:C670404,st_struct_pedestal/69360,building/49289
ug_route/165544,OSP:BUSP:C705966,st_struct_pedestal/69365,st_struct_buried_splice_location/2670
ug_route/165545,OSP:BUSP:C659822,st_struct_pedestal/70795,st_struct_pedestal/68504
ug_route/165546,OSP:BUSP:C657533,st_struct_pedestal/67862,st_struct_pedestal/70478
ug_route/165547,OSP:BUSP:C707862,st_struct_pedestal/68971,mywcom_route_junction/21113
ug_route/165548,OSP:FBSP::8435657,st_struct_pedestal/69333,mywcom_route_junction/21553
ug_route/165549,OSP:BUSP:C660114,st_struct_pedestal/69121,mywcom_route_junction/21018
ug_route/165550,OSP:BUSP::8364613,st_struct_pedestal/67901,st_struct_pedestal/68968
ug_route/165551,OSP:FBSP::15352917,st_struct_pedestal/68103,building/49842
ug_route/165552,OSP:BUSP:C660118,st_struct_pedestal/68081,building/49846
ug_route/165553,OSP:BUSP:C656561,st_struct_pedestal/69234,building/48840
ug_route/165554,OSP:BUSP::16017215,st_struct_pedestal/68537,building/49271
ug_route/165555,OSP:BUSP::15982973,pole/40843,building/49088
ug_route/165556,OSP:FBSP:C661279,mywcom_route_junction/21404,building/50471
ug_route/165557,OSP:FBSP:C709980,st_struct_buried_splice_location/2680,building/49854
ug_route/165558,OSP:BUSP::9532671,st_struct_pedestal/67330,mywcom_route_junction/21771
ug_route/165559,OSP:BUSP:C658790,st_struct_pedestal/67061,building/50236
ug_route/165560,OSP:BUSP:C658181,st_struct_pedestal/70348,building/49276
ug_route/165561,OSP:BUSP:C639822,st_struct_pedestal/69476,building/51050
ug_route/165562,OSP:FBSP:C654276,building/49892,mywcom_route_junction/21742
ug_route/165563,OSP:BUSP:C667179,st_struct_pedestal/70083,st_struct_pedestal/68216
ug_route/165564,OSP:BUSP:C641324,st_struct_pedestal/67379,building/51208
ug_route/165565,OSP:BUSP::9450750,st_struct_pedestal/69455,st_struct_pedestal/69940
ug_route/165566,OSP:BUSP:C647270,st_struct_pedestal/69817,building/50358
ug_route/165567,OSP:FBSP:C654278,mywcom_route_junction/21644,building/49892
ug_route/165568,OSP:BUSP:C656762,st_struct_pedestal/69183,building/49510
ug_route/165569,OSP:BUSP:C655171,st_struct_pedestal/68647,building/49752
ug_route/165570,OSP:BUSP:C647449,st_struct_pedestal/67210,building/50446
ug_route/165571,OSP:BUSP:C659217,st_struct_pedestal/70145,building/50092
ug_route/165572,OSP:BUSP:C649733,st_struct_pedestal/69834,building/49650
ug_route/165573,OSP:BUSP:C665096,mywcom_route_junction/21405,mywcom_route_junction/21547
ug_route/165574,OSP:FBSP:C634118,mywcom_route_junction/21436,building/48814
ug_route/165575,OSP:BUSP:C655383,st_struct_pedestal/68127,building/49949
ug_route/165576,OSP:BUSP:C681745,st_struct_pedestal/68360,building/50181
ug_route/165577,OSP:FBSP:C652853,pole/41804,building/51289
ug_route/165578,OSP:BUSP:C656737,st_struct_pedestal/68832,st_struct_pedestal/67629
ug_route/165579,OSP:BUSP:C656892,st_struct_pedestal/70607,building/49661
ug_route/165580,OSP:BUSP:C671197,st_struct_pedestal/70263,st_struct_buried_splice_location/2618
ug_route/165581,OSP:BUSP:C645852,st_struct_pedestal/67589,building/50757
ug_route/165582,OSP:BUSP::7622216,st_struct_pedestal/70438,building/50174
ug_route/165583,OSP:BUSP:C655492,st_struct_pedestal/69608,st_struct_pedestal/68104
ug_route/165584,OSP:BUSP:C661040,st_struct_pedestal/68102,st_struct_pedestal/70103
ug_route/165585,OSP:BUSP:C648553,st_struct_pedestal/68702,building/49682
ug_route/165586,OSP:BUSP::15126673,pole/40842,mywcom_route_junction/22000
ug_route/165587,OSP:BUSP:C659295,st_struct_pedestal/67914,st_struct_pedestal/67876
ug_route/165588,OSP:BUSP::10069941,st_struct_pedestal/67949,mywcom_route_junction/20925
ug_route/165589,OSP:BUSP:C645843,st_struct_pedestal/69934,st_struct_pedestal/70272
ug_route/165590,OSP:BUSP::13026234,st_struct_pedestal/67405,building/51123
ug_route/165591,OSP:BUSP:C670061,st_struct_pedestal/69999,st_struct_pedestal/69616
ug_route/165592,OSP:BUSP:C639682,st_struct_pedestal/68427,building/50836
ug_route/165593,OSP:BUSP:C648588,st_struct_pedestal/67666,building/48938
ug_route/165594,OSP:BUSP:C657531,st_struct_pedestal/70478,st_struct_pedestal/67862
ug_route/165595,OSP:BUSP:C655523,st_struct_pedestal/69608,st_struct_pedestal/68104
ug_route/165596,OSP:FBSP::13060342,st_struct_pedestal/69458,st_struct_pedestal/69430
ug_route/165597,OSP:BUSP:C656849,mywcom_route_junction/21196,mywcom_route_junction/21744
ug_route/165598,OSP:BUSP:C650870,st_struct_pedestal/67100,st_struct_pedestal/67396
ug_route/165599,OSP:BUSP:C661731,st_struct_pedestal/67393,building/48805
ug_route/165600,OSP:BUSP:C642101,st_struct_pedestal/70690,building/51392
ug_route/165601,OSP:BUSP:C644124,st_struct_buried_splice_location/2671,st_struct_pedestal/67304
ug_route/165602,OSP:BUSP:C661192,st_struct_pedestal/70494,building/50577
ug_route/165603,OSP:BUSP:C641653,st_struct_pedestal/69609,st_struct_pedestal/67388
ug_route/165604,OSP:BUSP:C657850,st_struct_pedestal/69526,st_struct_pedestal/70447
ug_route/165605,OSP:BUSP:C707785,st_struct_pedestal/67674,st_struct_pedestal/67238
ug_route/165606,OSP:BUSP::16730568,mywcom_route_junction/21417,st_struct_pedestal/69148
ug_route/165607,OSP:BUSP:C640908,st_struct_pedestal/67805,building/51385
ug_route/165608,OSP:BUSP::9469359,st_struct_pedestal/67251,st_struct_pedestal/69621
ug_route/165609,OSP:BUSP:C650348,st_struct_pedestal/69577,building/51269
ug_route/165610,OSP:BUSP:C655270,st_struct_pedestal/70114,st_struct_pedestal/69768
ug_route/165611,OSP:BUSP::8533586,st_struct_pedestal/67928,st_struct_pedestal/69824
ug_route/165612,OSP:BUSP:C671247,st_struct_pedestal/67251,st_struct_pedestal/69621
ug_route/165613,OSP:BUSP::8726878,st_struct_pedestal/67184,building/49684
ug_route/165614,OSP:BUSP:C661034,st_struct_pedestal/68917,st_struct_pedestal/68294
ug_route/165615,OSP:BUSP:C681320,st_struct_pedestal/69532,building/49931
ug_route/165616,OSP:BUSP:C660807,st_struct_pedestal/68031,st_struct_pedestal/68168
ug_route/165617,OSP:BUSP:C660516,st_struct_pedestal/69615,st_struct_pedestal/67206
ug_route/165618,OSP:BUSP:C708338,st_struct_pedestal/67553,building/51285
ug_route/165619,OSP:BUSP:C654635,st_struct_pedestal/70419,building/49513
ug_route/165620,OSP:BUSP:C655463,mywcom_route_junction/21581,mywcom_route_junction/21626
ug_route/165621,OSP:BUSP:C642013,st_struct_pedestal/69799,building/48921
ug_route/165622,OSP:BUSP:C665957,st_struct_pedestal/67076,building/49076
ug_route/165623,OSP:BUSP:C648255,st_struct_pedestal/68951,building/49019
ug_route/165624,OSP:BUSP:C682027,st_struct_pedestal/70015,building/51037
ug_route/165625,OSP:BUSP:C667674,st_struct_pedestal/68988,st_struct_pedestal/69203
ug_route/165626,OSP:BUSP::15996090,st_struct_pedestal/69373,building/48994
ug_route/165627,OSP:BUSP:C663438,st_struct_pedestal/68746,st_struct_pedestal/69698
ug_route/165628,OSP:BUSP:C711692,st_struct_pedestal/67376,st_struct_pedestal/69076
ug_route/165629,OSP:BUSP:C650928,st_struct_pedestal/67100,st_struct_pedestal/67396
ug_route/165630,OSP:BUSP:C655478,st_struct_pedestal/67639,mywcom_route_junction/21814
ug_route/165631,OSP:BUSP:C659656,st_struct_pedestal/68832,st_struct_pedestal/67629
ug_route/165632,OSP:BUSP::8533587,st_struct_pedestal/69824,st_struct_pedestal/68394
ug_route/165633,OSP:BUSP:C689228,st_struct_pedestal/67947,st_struct_pedestal/70129
ug_route/165634,OSP:BUSP:C643673,st_struct_pedestal/67472,st_struct_buried_splice_location/2630
ug_route/165635,OSP:BUSP:C663470,st_struct_pedestal/68746,st_struct_pedestal/69698
ug_route/165636,OSP:BUSP:C708112,st_struct_pedestal/70207,st_struct_pedestal/67188
ug_route/165637,OSP:BUSP:C647173,st_struct_pedestal/67428,building/49453
ug_route/165638,OSP:BUSP:C660969,st_struct_pedestal/70301,building/50479
ug_route/165639,OSP:BUSP:C662241,st_struct_pedestal/70207,st_struct_pedestal/67188
ug_route/165640,OSP:BUSP:C651797,mywcom_route_junction/20933,mywcom_route_junction/20930
ug_route/165641,OSP:BUSP:C655170,st_struct_pedestal/68647,building/50050
ug_route/165642,OSP:FBSP:C710755,st_struct_pedestal/68542,building/50582
ug_route/165643,OSP:BUSP:C660977,st_struct_pedestal/68047,building/51389
ug_route/165644,OSP:BUSP:C665724,st_struct_pedestal/69330,building/51355
ug_route/165645,OSP:BUSP:C707416,st_struct_pedestal/67804,building/50374
ug_route/165646,OSP:BUSP:C661795,mywcom_route_junction/21092,st_struct_pedestal/67464
ug_route/165647,OSP:BUSP::8491015,st_struct_pedestal/67467,st_struct_pedestal/67955
ug_route/165648,OSP:BUSP:C646953,st_struct_pedestal/70316,st_struct_pedestal/68677
ug_route/165649,OSP:BUSP:C654791,st_struct_pedestal/69928,building/50900
ug_route/165650,OSP:FBSP:C668554,st_struct_pedestal/67873,building/49399
ug_route/165651,OSP:BUSP:C646438,st_struct_pedestal/67816,st_struct_pedestal/67285
ug_route/165652,OSP:BUSP:C648991,st_struct_buried_splice_location/2718,st_struct_buried_splice_location/2609
ug_route/165653,OSP:BUSP:C661970,st_struct_pedestal/69858,building/49352
ug_route/165654,OSP:BUSP:C658303,st_struct_pedestal/67747,building/51335
ug_route/165655,OSP:BUSP:C669480,st_struct_pedestal/67911,st_struct_pedestal/69959
ug_route/165656,OSP:BUSP:C654350,st_struct_pedestal/70047,st_struct_pedestal/67349
ug_route/165657,OSP:BUSP::11479221,st_struct_pedestal/70672,st_struct_pedestal/69858
ug_route/165658,OSP:BUSP:C657463,st_struct_pedestal/69982,building/50347
ug_route/165659,OSP:BUSP::8446858,st_struct_pedestal/70248,st_struct_pedestal/69777
ug_route/165660,OSP:BUSP::14457218,st_struct_pedestal/70200,st_struct_pedestal/67089
ug_route/165661,OSP:BUSP:C668524,st_struct_pedestal/69148,st_struct_pedestal/68847
ug_route/165662,OSP:BUSP::15126674,st_struct_pedestal/68847,st_struct_pedestal/69148
ug_route/165663,OSP:FBSP::15416261,st_struct_pedestal/68335,st_struct_pedestal/67557
ug_route/165664,OSP:BUSP:C659695,st_struct_pedestal/70651,building/50931
ug_route/165665,OSP:BUSP:C681691,st_struct_pedestal/67946,building/51321
ug_route/165666,OSP:BUSP:C668527,st_struct_pedestal/69148,st_struct_pedestal/68847
ug_route/165667,OSP:BUSP:C647423,st_struct_pedestal/70365,building/50838
ug_route/165668,OSP:BUSP:C645189,st_struct_pedestal/70212,building/51041
ug_route/165669,OSP:BUSP:C661101,st_struct_buried_splice_location/2600,st_struct_pedestal/68532
ug_route/165670,OSP:BUSP:C660932,st_struct_pedestal/68099,building/50388
ug_route/165671,OSP:BUSP:C667685,st_struct_pedestal/67612,building/49844
ug_route/165672,OSP:BUSP:C669154,st_struct_pedestal/67127,building/49323
ug_route/165673,OSP:BUSP:C643602,st_struct_pedestal/68860,st_struct_pedestal/69446
ug_route/165674,OSP:BUSP:C651204,st_struct_pedestal/69801,building/51337
ug_route/165675,OSP:BUSP:C641882,st_struct_pedestal/67517,building/50699
ug_route/165676,OSP:BUSP:C653770,mywcom_route_junction/21996,mywcom_route_junction/20998
ug_route/165677,OSP:BUSP:C642102,st_struct_pedestal/70690,building/50693
ug_route/165678,OSP:BUSP:C645186,st_struct_pedestal/70212,building/48958
ug_route/165679,OSP:BUSP:C643853,st_struct_pedestal/67233,st_struct_pedestal/67793
ug_route/165680,OSP:BUSP:C668528,st_struct_pedestal/69148,st_struct_pedestal/68847
ug_route/165681,OSP:BUSP:C656051,st_struct_pedestal/68974,building/49978
ug_route/165682,OSP:BUSP:C671203,st_struct_pedestal/68402,st_struct_pedestal/68454
ug_route/165683,OSP:BUSP:C657065,pole/42257,st_struct_pedestal/70309
ug_route/165684,OSP:BUSP:C689230,st_struct_pedestal/70375,st_struct_pedestal/68870
ug_route/165685,OSP:FBSP::8576456,pole/41537,st_struct_pedestal/69403
ug_route/165686,OSP:BUSP:C708228,st_struct_pedestal/67174,st_struct_pedestal/70034
ug_route/165687,OSP:BUSP:C658456,st_struct_pedestal/68733,building/49206
ug_route/165688,OSP:BUSP:C641199,st_struct_pedestal/67960,building/48984
ug_route/165689,OSP:FBSP:C661047,st_struct_pedestal/68917,building/50108
ug_route/165690,OSP:BUSP:C649849,cabinet/2443,st_struct_pedestal/69039
ug_route/165691,OSP:BUSP:C643644,st_struct_pedestal/68860,st_struct_pedestal/69446
ug_route/165692,OSP:BUSP:C671210,st_struct_pedestal/68402,st_struct_pedestal/68454
ug_route/165693,OSP:BUSP:C705155,st_struct_pedestal/68831,st_struct_buried_splice_location/2708
ug_route/165694,OSP:BUSP:C655224,st_struct_pedestal/67780,building/51367
ug_route/165695,OSP:FORSP:C645998,st_struct_vault/2486,st_struct_vault/2422
ug_route/165696,OSP:BUSP:C641793,st_struct_pedestal/68365,building/50529
ug_route/165697,OSP:BUSP:C639055,st_struct_pedestal/67765,building/50082
ug_route/165698,OSP:BUSP:C681961,st_struct_pedestal/68056,building/49985
ug_route/165699,OSP:BUSP::16785896,st_struct_pedestal/70774,st_struct_pedestal/67054
ug_route/165700,OSP:FBSP:C644297,st_struct_pedestal/69878,st_struct_pedestal/67852
ug_route/165701,OSP:BUSP:D8183349,st_struct_pedestal/69148,st_struct_pedestal/68847
ug_route/165702,OSP:BUSP:C662247,st_struct_pedestal/69443,building/49406
ug_route/165703,OSP:BUSP:C661632,st_struct_pedestal/69214,st_struct_pedestal/69041
ug_route/165704,OSP:BUSP::14457205,cabinet/2466,st_struct_pedestal/68962
ug_route/165705,OSP:BUSP:C708147,st_struct_pedestal/67553,st_struct_pedestal/67491
ug_route/165706,OSP:BUSP:C708148,st_struct_pedestal/67553,st_struct_pedestal/67491
ug_route/165707,OSP:BUSP:C654801,st_struct_pedestal/68900,st_struct_pedestal/70829
ug_route/165708,OSP:BUSP:C659641,st_struct_pedestal/69190,st_struct_pedestal/67500
ug_route/165709,OSP:BUSP:C641299,st_struct_pedestal/70005,st_struct_pedestal/70711
ug_route/165710,OSP:FBSP:C660004,st_struct_pedestal/67301,building/50098
ug_route/165711,OSP:FBSP:C660046,st_struct_pedestal/70418,mywcom_route_junction/21476
ug_route/165712,OSP:BUSP::9008800,st_struct_pedestal/70231,st_struct_pedestal/69429
ug_route/165713,OSP:BUSP:C650930,st_struct_pedestal/70410,building/49708
ug_route/165714,OSP:BUSP:C658301,st_struct_pedestal/69056,st_struct_pedestal/67747
ug_route/165715,OSP:BUSP:C655466,st_struct_pedestal/68520,building/49257
ug_route/165716,OSP:BUSP:C708336,st_struct_pedestal/70760,st_struct_pedestal/70656
ug_route/165717,OSP:BUSP::15996424,st_struct_pedestal/67232,building/49424
ug_route/165718,OSP:BUSP:C663471,st_struct_pedestal/69698,st_struct_pedestal/69065
ug_route/165719,OSP:BUSP:C665771,mywcom_route_junction/21501,mywcom_route_junction/21219
ug_route/165720,OSP:BUSP:C708359,st_struct_pedestal/70653,building/49419
ug_route/165721,OSP:BUSP:C641673,pole/42372,mywcom_route_junction/20896
ug_route/165722,OSP:BUSP:C671202,st_struct_pedestal/68402,st_struct_pedestal/68334
ug_route/165723,OSP:FORSP::16949396,mywcom_route_junction/21367,st_struct_vault/2485
ug_route/165724,OSP:FBSP:C707129,st_struct_pedestal/69655,mywcom_route_junction/21504
ug_route/165725,OSP:BUSP:C649884,st_struct_pedestal/67102,st_struct_pedestal/68763
ug_route/165726,OSP:BUSP:C658585,st_struct_pedestal/69009,mywcom_route_junction/20997
ug_route/165727,OSP:BUSP:C656434,st_struct_pedestal/70040,building/49794
ug_route/165728,OSP:BUSP::9339704,st_struct_pedestal/67176,st_struct_pedestal/69393
ug_route/165729,OSP:BUSP:C671091,st_struct_pedestal/69839,st_struct_pedestal/69388
ug_route/165730,OSP:BUSP::11497812,st_struct_pedestal/68569,st_struct_pedestal/67082
ug_route/165731,OSP:BUSP:C641547,st_struct_pedestal/67646,building/50281
ug_route/165732,OSP:FBSP::8586393,pole/40643,building/49101
ug_route/165733,OSP:BUSP::8587975,st_struct_pedestal/67148,pole/42309
ug_route/165734,OSP:BUSP:C668960,st_struct_pedestal/68070,st_struct_buried_splice_location/2686
ug_route/165735,OSP:BUSP::9489153,st_struct_pedestal/67852,st_struct_pedestal/69878
ug_route/165736,OSP:BUSP:C646178,st_struct_pedestal/69994,building/49813
ug_route/165737,OSP:FORSP::16958665,st_struct_vault/2456,mywcom_route_junction/21447
ug_route/165738,OSP:BUSP:C711834,st_struct_pedestal/68569,mywcom_route_junction/21390
ug_route/165739,OSP:BUSP:C643490,st_struct_pedestal/69921,building/51202
ug_route/165740,OSP:BUSP:C704986,pole/41949,st_struct_pedestal/69500
ug_route/165741,OSP:BUSP:C704985,pole/41949,st_struct_pedestal/69500
ug_route/165742,OSP:FBSP::13098317,st_struct_pedestal/69206,cabinet/2518
ug_route/165743,OSP:BUSP::10650772,st_struct_pedestal/67376,building/49345
ug_route/165744,OSP:BUSP::15351315,pole/40627,building/50170
ug_route/165745,OSP:BUSP:C681428,st_struct_pedestal/69308,building/50566
ug_route/165746,OSP:BUSP::9523700,st_struct_pedestal/68462,st_struct_pedestal/68718
ug_route/165747,OSP:BUSP:C651230,st_struct_pedestal/70718,building/50675
ug_route/165748,OSP:BUSP:C645679,st_struct_pedestal/69448,building/49932
ug_route/165749,OSP:BUSP:C671364,cabinet/2481,st_struct_pedestal/67346
ug_route/165750,OSP:BUSP:C711832,st_struct_pedestal/67327,st_struct_pedestal/69709
ug_route/165751,OSP:BUSP::8336777,st_struct_pedestal/67128,building/48763
ug_route/165752,OSP:BUSP:C652964,st_struct_pedestal/69723,building/50674
ug_route/165753,OSP:BUSP:C645587,pole/41966,pole/42088
ug_route/165754,OSP:BUSP:C659201,st_struct_pedestal/69874,building/48934
ug_route/165755,OSP:BUSP:C659643,st_struct_pedestal/69190,st_struct_pedestal/67500
ug_route/165756,OSP:BUSP:C670498,st_struct_pedestal/69086,building/51244
ug_route/165757,OSP:BUSP::15562822,mywcom_route_junction/21262,mywcom_route_junction/21953
ug_route/165758,OSP:BUSP:C660481,st_struct_pedestal/70676,building/51414
ug_route/165759,OSP:BUSP::15355780,pole/41313,building/49806
ug_route/165760,OSP:BUSP:C660913,st_struct_pedestal/69915,st_struct_pedestal/69366
ug_route/165761,OSP:BUSP:C708198,st_struct_pedestal/69699,building/50995
ug_route/165762,OSP:BUSP:C660811,st_struct_pedestal/67663,building/50235
ug_route/165763,OSP:BUSP:C706816,st_struct_pedestal/68896,st_struct_pedestal/69590
ug_route/165764,OSP:BUSP::8490056,st_struct_pedestal/68393,st_struct_pedestal/70322
ug_route/165765,OSP:BUSP:C639206,st_struct_pedestal/67284,st_struct_pedestal/69642
ug_route/165766,OSP:BUSP:C666200,st_struct_pedestal/68050,st_struct_pedestal/67624
ug_route/165767,OSP:BUSP:C646434,st_struct_pedestal/68264,building/48789
ug_route/165768,OSP:BUSP:C658085,st_struct_pedestal/68548,building/49464
ug_route/165769,OSP:BUSP:C651696,st_struct_pedestal/68253,st_struct_pedestal/69573
ug_route/165770,OSP:BUSP:C641585,st_struct_pedestal/68570,building/49621
ug_route/165771,OSP:BUSP:C657467,st_struct_pedestal/69982,building/49291
ug_route/165772,OSP:BUSP:C665792,mywcom_route_junction/21899,st_struct_pedestal/67798
ug_route/165773,OSP:BUSP:C650946,st_struct_pedestal/70410,building/50681
ug_route/165774,OSP:BUSP:C648351,st_struct_pedestal/69454,st_struct_pedestal/68386
ug_route/165775,OSP:BUSP::14956729,st_struct_pedestal/67795,st_struct_pedestal/68030
ug_route/165776,OSP:BUSP:C649018,st_struct_pedestal/69044,building/50035
ug_route/165777,OSP:FBSP:C653416,st_struct_pedestal/67134,building/50168
ug_route/165778,OSP:BUSP::15126660,st_struct_pedestal/69596,st_struct_pedestal/70167
ug_route/165779,OSP:BUSP:C653009,st_struct_pedestal/68377,building/51064
ug_route/165780,OSP:BUSP:C649806,mywcom_route_junction/21177,st_struct_pedestal/69632
ug_route/165781,OSP:BUSP:C705161,pole/41181,pole/40988
ug_route/165782,OSP:BUSP::10668360,st_struct_buried_splice_location/2684,pole/41752
ug_route/165783,OSP:BUSP::9320565,st_struct_pedestal/69408,building/50998
ug_route/165784,OSP:BUSP:C659291,st_struct_pedestal/67914,building/49405
ug_route/165785,OSP:BUSP:C708348,st_struct_pedestal/70760,st_struct_pedestal/70656
ug_route/165786,OSP:BUSP:C647892,st_struct_pedestal/67750,st_struct_pedestal/67350
ug_route/165787,OSP:BUSP:C639467,st_struct_pedestal/67885,building/50724
ug_route/165788,OSP:BUSP:C639159,st_struct_pedestal/70273,building/49233
ug_route/165789,OSP:BUSP:C653603,st_struct_pedestal/70693,building/50282
ug_route/165790,OSP:BUSP:C658282,st_struct_pedestal/69618,building/49337
ug_route/165791,OSP:BUSP:C656513,st_struct_pedestal/67179,building/49520
ug_route/165792,OSP:BUSP:C662272,st_struct_pedestal/67311,st_struct_pedestal/70772
ug_route/165793,OSP:BUSP:C646184,st_struct_pedestal/69994,building/50547
ug_route/165794,OSP:BUSP:C657095,st_struct_pedestal/67875,st_struct_pedestal/70042
ug_route/165795,OSP:BUSP::15041214,st_struct_pedestal/67404,st_struct_pedestal/70618
ug_route/165796,OSP:BUSP:C658286,st_struct_pedestal/69618,building/50038
ug_route/165797,OSP:FBSP::10875112,st_struct_pedestal/67713,building/50620
ug_route/165798,OSP:FBSP:C643598,pole/41235,building/49503
ug_route/165799,OSP:FBSP:C667306,pole/42154,building/49101
ug_route/165800,OSP:BUSP:C706908,st_struct_pedestal/68847,st_struct_buried_splice_location/2704
ug_route/165801,OSP:BUSP:C671026,st_struct_pedestal/69839,st_struct_pedestal/70681
ug_route/165802,OSP:BUSP:C657805,st_struct_pedestal/67875,st_struct_pedestal/70042
ug_route/165803,OSP:BUSP:C655369,st_struct_pedestal/70598,st_struct_pedestal/68564
ug_route/165804,OSP:FBSP:C689216,st_struct_pedestal/69256,st_struct_pedestal/68235
ug_route/165805,OSP:BUSP::14415399,st_struct_pedestal/68917,building/50108
ug_route/165806,OSP:BUSP:C652798,st_struct_pedestal/67427,building/49005
ug_route/165807,OSP:BUSP:C656992,st_struct_pedestal/67476,building/49402
ug_route/165808,OSP:BUSP:C641389,st_struct_pedestal/70388,building/51231
ug_route/165809,OSP:BUSP::8575840,st_struct_pedestal/68347,building/48758
ug_route/165810,OSP:BUSP:C654528,st_struct_pedestal/69057,building/49283
ug_route/165811,OSP:BUSP:C649667,st_struct_pedestal/69454,st_struct_pedestal/68386
ug_route/165812,OSP:BUSP::10406614,st_struct_pedestal/70348,building/50430
ug_route/165813,OSP:BUSP:C651235,st_struct_pedestal/67640,building/51411
ug_route/165814,OSP:BUSP:C653426,st_struct_pedestal/70825,mywcom_route_junction/21460
ug_route/165815,OSP:BUSP:C651794,st_struct_pedestal/68905,building/50815
ug_route/165816,OSP:FBSP::13065277,st_struct_pedestal/70289,building/48870
ug_route/165817,OSP:BUSP:C655353,st_struct_pedestal/68090,building/50855
ug_route/165818,OSP:BUSP:C658217,st_struct_pedestal/70440,building/50042
ug_route/165819,OSP:BUSP::8590213,mywcom_route_junction/21160,st_struct_buried_splice_location/2720
ug_route/165820,OSP:BUSP:C653581,st_struct_pedestal/68434,building/51300
ug_route/165821,OSP:BUSP:C651218,st_struct_pedestal/68265,building/48795
ug_route/165822,OSP:BUSP:C708390,st_struct_pedestal/69530,mywcom_route_junction/21443
ug_route/165823,OSP:BUSP:C666033,st_struct_pedestal/69591,st_struct_pedestal/68933
ug_route/165824,OSP:BUSP:C643620,pole/41235,st_struct_pedestal/70110
ug_route/165825,OSP:BUSP::13237365,st_struct_pedestal/68222,mywcom_route_junction/21928
ug_route/165826,OSP:BUSP::17062325,st_struct_pedestal/69343,mywcom_route_junction/21160
ug_route/165827,OSP:BUSP::8500304,st_struct_pedestal/67054,st_struct_pedestal/69215
ug_route/165828,OSP:BUSP:C657088,st_struct_pedestal/70428,st_struct_pedestal/70019
ug_route/165829,OSP:BUSP:C642003,st_struct_pedestal/70068,building/48738
ug_route/165830,OSP:FBSP::16602221,pole/42403,st_struct_pedestal/69292
ug_route/165831,OSP:BUSP:C648070,st_struct_pedestal/67194,st_struct_pedestal/69861
ug_route/165832,OSP:BUSP:C652365,mywcom_route_junction/21102,mywcom_route_junction/21671
ug_route/165833,OSP:BUSP:C654059,st_struct_pedestal/69361,building/48842
ug_route/165834,OSP:BUSP:C657141,st_struct_pedestal/70428,st_struct_pedestal/70019
ug_route/165835,OSP:BUSP:C682180,st_struct_pedestal/68459,building/50961
ug_route/165836,OSP:BUSP::9157572,pole/40700,st_struct_pedestal/67729
ug_route/165837,OSP:BUSP:C655195,st_struct_pedestal/70759,building/50360
ug_route/165838,OSP:BUSP::8489743,mywcom_route_junction/21815,st_struct_pedestal/70712
ug_route/165839,OSP:FBSP:C708056,st_struct_pedestal/70212,building/51247
ug_route/165840,OSP:BUSP:C653424,st_struct_pedestal/70825,st_struct_buried_splice_location/2685
ug_route/165841,OSP:BUSP:C663630,st_struct_pedestal/69382,st_struct_pedestal/68117
ug_route/165842,OSP:BUSP:C655212,st_struct_pedestal/68244,building/49416
ug_route/165843,OSP:BUSP:C654857,st_struct_pedestal/70201,building/50178
ug_route/165844,OSP:BUSP:C650258,st_struct_pedestal/68804,building/49898
ug_route/165845,OSP:BUSP:C658807,st_struct_pedestal/69428,building/51468
ug_route/165846,OSP:FBSP:C659846,st_struct_pedestal/69638,building/49318
ug_route/165847,OSP:BUSP:C659625,st_struct_pedestal/67067,building/49958
ug_route/165848,OSP:BUSP:C654706,st_struct_pedestal/69112,building/50942
ug_route/165849,OSP:FORSP::16943978,mywcom_route_junction/22031,st_struct_vault/2440
ug_route/165850,OSP:BUSP:C650352,st_struct_pedestal/70479,st_struct_pedestal/68949
ug_route/165851,OSP:BUSP:C664357,st_struct_pedestal/67821,st_struct_pedestal/67432
ug_route/165852,OSP:BUSP:C651114,st_struct_pedestal/70349,st_struct_pedestal/69327
ug_route/165853,OSP:FBSP::10916762,st_struct_pedestal/69374,pole/41677
ug_route/165854,OSP:BUSP:C650405,st_struct_pedestal/70479,st_struct_pedestal/68949
ug_route/165855,OSP:BUSP:C655495,st_struct_pedestal/68104,st_struct_pedestal/68942
ug_route/165856,OSP:BUSP:C708272,st_struct_pedestal/70132,mywcom_route_junction/20955
ug_route/165857,OSP:BUSP:C665711,st_struct_pedestal/69329,building/49992
ug_route/165858,OSP:BUSP:C668598,st_struct_pedestal/69626,st_struct_pedestal/68814
ug_route/165859,OSP:BUSP:C650862,st_struct_pedestal/68494,mywcom_route_junction/21195
ug_route/165860,OSP:BUSP:C641817,st_struct_pedestal/69570,building/49819
ug_route/165861,OSP:BUSP:C648250,st_struct_pedestal/69579,building/49802
ug_route/165862,OSP:BUSP::12055943,st_struct_pedestal/67821,st_struct_pedestal/67432
ug_route/165863,OSP:BUSP:C655525,st_struct_pedestal/68104,st_struct_pedestal/68942
ug_route/165864,OSP:BUSP:C650423,st_struct_pedestal/69582,building/49198
ug_route/165865,OSP:BUSP:C641468,st_struct_pedestal/68258,st_struct_pedestal/67099
ug_route/165866,OSP:FBSP:C668332,st_struct_pedestal/68534,building/49806
ug_route/165867,OSP:BUSP:C641980,st_struct_pedestal/68258,st_struct_pedestal/67099
ug_route/165868,OSP:BUSP::8591187,st_struct_pedestal/70478,st_struct_pedestal/69405
ug_route/165869,OSP:BUSP:C670048,st_struct_pedestal/69841,st_struct_pedestal/69999
ug_route/165870,OSP:BUSP:C656497,st_struct_pedestal/70040,building/49873
ug_route/165871,OSP:FBSP:C644023,st_struct_pedestal/67484,building/50788
ug_route/165872,OSP:BUSP:C660904,st_struct_pedestal/69390,building/50273
ug_route/165873,OSP:BUSP:C665815,st_struct_pedestal/68894,st_struct_pedestal/68923
ug_route/165874,OSP:BUSP:C670506,st_struct_pedestal/67746,building/50138
ug_route/165875,OSP:FBSP::13098316,cabinet/2518,st_struct_pedestal/67138
ug_route/165876,OSP:BUSP::8490692,st_struct_pedestal/70322,st_struct_pedestal/68217
ug_route/165877,OSP:BUSP:C654704,st_struct_pedestal/67688,st_struct_pedestal/69112
ug_route/165878,OSP:BUSP::10876665,st_struct_vault/2478,st_struct_vault/2487
ug_route/165879,OSP:BUSP:C649310,st_struct_pedestal/68629,building/50844
ug_route/165880,OSP:BUSP::8603336,st_struct_pedestal/69023,st_struct_pedestal/67258
ug_route/165881,OSP:BUSP:C649680,st_struct_pedestal/67659,st_struct_pedestal/67184
ug_route/165882,OSP:BUSP:C657855,st_struct_pedestal/69007,st_struct_pedestal/67182
ug_route/165883,OSP:BUSP:C656471,st_struct_pedestal/69098,building/50639
ug_route/165884,OSP:BUSP::16764602,st_struct_pedestal/69216,st_struct_pedestal/68304
ug_route/165885,OSP:BUSP:C666442,pole/41746,st_struct_pedestal/69493
ug_route/165886,OSP:BUSP::8608791,st_struct_pedestal/70393,building/49079
ug_route/165887,OSP:BUSP:C665809,st_struct_pedestal/68234,st_struct_pedestal/70389
ug_route/165888,OSP:BUSP:C662512,st_struct_pedestal/68603,mywcom_route_junction/20906
ug_route/165889,OSP:BUSP:C654290,st_struct_pedestal/67141,st_struct_pedestal/69868
ug_route/165890,OSP:BUSP:C641376,st_struct_pedestal/70213,building/49224
ug_route/165891,OSP:BUSP:C653672,st_struct_pedestal/67522,building/48897
ug_route/165892,OSP:BUSP:C648568,st_struct_pedestal/68675,building/48851
ug_route/165893,OSP:BUSP:C708277,st_struct_pedestal/67608,st_struct_pedestal/69033
ug_route/165894,OSP:BUSP:C644702,st_struct_pedestal/70560,building/49458
ug_route/165895,OSP:BUSP::8587334,st_struct_pedestal/69493,pole/41746
ug_route/165896,OSP:BUSP::8726876,st_struct_pedestal/68936,st_struct_pedestal/67755
ug_route/165897,OSP:BUSP:C645822,st_struct_pedestal/67502,building/50359
ug_route/165898,OSP:BUSP:C661980,st_struct_pedestal/70097,building/49669
ug_route/165899,OSP:BUSP:C648969,st_struct_pedestal/68040,building/50389
ug_route/165900,OSP:BUSP::8604312,st_struct_pedestal/67140,st_struct_buried_splice_location/2737
ug_route/165901,OSP:BUSP:C683142,st_struct_pedestal/68895,building/50289
ug_route/165902,OSP:BUSP:C660520,st_struct_pedestal/67608,st_struct_pedestal/69033
ug_route/165903,OSP:BUSP:C641617,st_struct_pedestal/69609,st_struct_pedestal/67388
ug_route/165904,OSP:BUSP:C653093,st_struct_pedestal/67189,st_struct_pedestal/67231
ug_route/165905,OSP:BUSP:C708327,st_struct_pedestal/67552,building/48922
ug_route/165906,OSP:BUSP:C661610,st_struct_pedestal/68502,st_struct_pedestal/68672
ug_route/165907,OSP:BUSP:C669478,st_struct_pedestal/68441,st_struct_pedestal/67911
ug_route/165908,OSP:BUSP:C667860,st_struct_pedestal/69012,building/49600
ug_route/165909,OSP:BUSP:C708352,st_struct_pedestal/70656,building/50489
ug_route/165910,OSP:BUSP:C641748,st_struct_pedestal/69924,building/51329
ug_route/165911,OSP:FORSP::16943974,mywcom_route_junction/21662,st_struct_vault/2464
ug_route/165912,OSP:BUSP:C708116,st_struct_pedestal/68672,st_struct_pedestal/68027
ug_route/165913,OSP:BUSP::8500298,st_struct_pedestal/69897,st_struct_pedestal/67344
ug_route/165914,OSP:BUSP::10878275,st_struct_pedestal/68363,mywcom_route_junction/21694
ug_route/165915,OSP:BUSP::15996725,st_struct_pedestal/69025,st_struct_pedestal/67409
ug_route/165916,OSP:BUSP:C670814,st_struct_pedestal/67860,st_struct_pedestal/67344
ug_route/165917,OSP:BUSP:C657003,st_struct_pedestal/67958,building/49580
ug_route/165918,OSP:BUSP:C639179,st_struct_pedestal/68184,st_struct_pedestal/70596
ug_route/165919,OSP:BUSP:C639455,st_struct_pedestal/68245,st_struct_pedestal/69572
ug_route/165920,OSP:BUSP:C639312,st_struct_pedestal/68518,building/49870
ug_route/165921,OSP:BUSP:C665576,st_struct_pedestal/68140,building/50253
ug_route/165922,OSP:BUSP:C653951,st_struct_pedestal/69719,building/50474
ug_route/165923,OSP:FBSP:C633996,st_struct_pedestal/69206,building/48820
ug_route/165924,OSP:BUSP::14925366,st_struct_pedestal/70819,building/50026
ug_route/165925,OSP:BUSP:C666057,st_struct_pedestal/70098,building/50811
ug_route/165926,OSP:BUSP:C646950,st_struct_pedestal/68551,st_struct_pedestal/70275
ug_route/165927,OSP:BUSP:C641968,st_struct_pedestal/69261,st_struct_pedestal/69692
ug_route/165928,OSP:BUSP:C707885,st_struct_pedestal/67890,st_struct_buried_splice_location/2751
ug_route/165929,OSP:BUSP:C655344,st_struct_pedestal/68515,building/49165
ug_route/165930,OSP:FBSP::15124410,pole/42309,building/49853
ug_route/165931,OSP:BUSP:C647316,st_struct_pedestal/70657,building/50575
ug_route/165932,OSP:BUSP:C648800,st_struct_pedestal/68687,building/50509
ug_route/165933,OSP:BUSP:C637461,st_struct_pedestal/69347,building/51472
ug_route/165934,OSP:BUSP:C643691,st_struct_pedestal/70401,building/49082
ug_route/165935,OSP:BUSP:C660412,st_struct_pedestal/69343,mywcom_route_junction/21160
ug_route/165936,OSP:BUSP::8660949,st_struct_pedestal/67683,building/51117
ug_route/165937,OSP:BUSP:C646061,st_struct_pedestal/70678,building/50074
ug_route/165938,OSP:BUSP::8573895,st_struct_pedestal/67039,st_struct_pedestal/69009
ug_route/165939,OSP:BUSP:C641435,st_struct_pedestal/68382,st_struct_pedestal/68432
ug_route/165940,OSP:BUSP:C653094,st_struct_pedestal/67189,st_struct_pedestal/67231
ug_route/165941,OSP:FBSP:C662666,st_struct_pedestal/69251,building/50404
ug_route/165942,OSP:FBSP:C652611,st_struct_pedestal/69417,st_struct_pedestal/69744
ug_route/165943,OSP:BUSP:C660698,st_struct_pedestal/68106,building/51351
ug_route/165944,OSP:BUSP:C662487,st_struct_pedestal/69312,st_struct_pedestal/69175
ug_route/165945,OSP:FBSP:C656909,st_struct_pedestal/70819,building/50026
ug_route/165946,OSP:BUSP:C645723,st_struct_pedestal/70400,building/48965
ug_route/165947,OSP:BUSP::8399813,st_struct_pedestal/70209,st_struct_pedestal/69765
ug_route/165948,OSP:BUSP:C660645,st_struct_buried_splice_location/2714,building/49202
ug_route/165949,OSP:BUSP:C645848,st_struct_pedestal/67589,building/51059
ug_route/165950,OSP:BUSP:C659871,st_struct_pedestal/69765,st_struct_pedestal/68479
ug_route/165951,OSP:BUSP:C665625,st_struct_pedestal/69211,building/49367
ug_route/165952,OSP:BUSP:C656949,st_struct_pedestal/69838,building/51318
ug_route/165953,OSP:BUSP:C660921,st_struct_pedestal/68355,building/48762
ug_route/165954,OSP:FBSP::12774004,st_struct_pedestal/67367,building/51316
ug_route/165955,OSP:BUSP:C639724,st_struct_pedestal/68777,building/51304
ug_route/165956,OSP:BUSP::13843141,st_struct_pedestal/67420,building/50208
ug_route/165957,OSP:BUSP::8490701,st_struct_pedestal/70322,st_struct_pedestal/67576
ug_route/165958,OSP:BUSP:C708402,mywcom_route_junction/21339,mywcom_route_junction/21656
ug_route/165959,OSP:BUSP:C659800,mywcom_route_junction/21924,mywcom_route_junction/21314
ug_route/165960,OSP:BUSP:C641369,st_struct_pedestal/69958,st_struct_pedestal/67929
ug_route/165961,OSP:BUSP::8348307,st_struct_pedestal/69792,st_struct_pedestal/70529
ug_route/165962,OSP:BUSP:C711721,st_struct_pedestal/68666,mywcom_route_junction/21351
ug_route/165963,OSP:BUSP:C683383,st_struct_pedestal/69229,st_struct_pedestal/69459
ug_route/165964,OSP:FBSP:C705102,st_struct_pedestal/69219,mywcom_route_junction/21247
ug_route/165965,OSP:BUSP:C642045,st_struct_pedestal/67339,building/50410
ug_route/165966,OSP:BUSP:C644051,st_struct_pedestal/68133,st_struct_pedestal/70212
ug_route/165967,OSP:BUSP:C656268,st_struct_pedestal/68135,building/49361
ug_route/165968,OSP:BUSP:C656319,st_struct_pedestal/67599,building/51146
ug_route/165969,OSP:BUSP:C641623,st_struct_pedestal/70049,st_struct_pedestal/69609
ug_route/165970,OSP:BUSP:C664365,st_struct_pedestal/67432,st_struct_pedestal/68064
ug_route/165971,OSP:BUSP:C667907,st_struct_pedestal/68534,st_struct_pedestal/69946
ug_route/165972,OSP:BUSP:C653023,st_struct_pedestal/68117,mywcom_route_junction/20963
ug_route/165973,OSP:BUSP:C651064,st_struct_pedestal/70349,st_struct_pedestal/67078
ug_route/165974,OSP:BUSP:C682628,st_struct_pedestal/70255,st_struct_pedestal/69483
ug_route/165975,OSP:BUSP:C648550,st_struct_pedestal/69001,pole/42058
ug_route/165976,OSP:BUSP:C689221,st_struct_pedestal/68870,st_struct_pedestal/69591
ug_route/165977,OSP:BUSP::8500979,st_struct_pedestal/70212,st_struct_pedestal/68133
ug_route/165978,OSP:BUSP::12055944,st_struct_pedestal/67432,st_struct_pedestal/68064
ug_route/165979,OSP:BUSP:C666696,st_struct_pedestal/67892,building/49371
ug_route/165980,OSP:BUSP:C665515,st_struct_pedestal/68009,building/49141
ug_route/165981,OSP:BUSP:C682271,st_struct_pedestal/70171,st_struct_pedestal/70141
ug_route/165982,OSP:BUSP:C681429,st_struct_pedestal/69308,building/51058
ug_route/165983,OSP:BUSP:C657431,st_struct_pedestal/70269,building/50421
ug_route/165984,OSP:BUSP:C650241,st_struct_pedestal/70762,building/51164
ug_route/165985,OSP:BUSP:C705970,st_struct_pedestal/70309,st_struct_buried_splice_location/2648
ug_route/165986,OSP:BUSP:C651729,st_struct_pedestal/68253,st_struct_pedestal/69573
ug_route/165987,OSP:BUSP:C641971,st_struct_pedestal/69692,building/51301
ug_route/165988,OSP:FORSP::16962502,st_struct_vault/2431,st_struct_vault/2487
ug_route/165989,OSP:FBSP:C689217,st_struct_pedestal/67497,st_struct_pedestal/69256
ug_route/165990,OSP:BUSP:C656611,st_struct_pedestal/69892,st_struct_pedestal/69912
ug_route/165991,OSP:BUSP:C708337,st_struct_pedestal/70656,st_struct_pedestal/70153
ug_route/165992,OSP:BUSP:C641637,st_struct_pedestal/70049,st_struct_pedestal/69609
ug_route/165993,OSP:BUSP:C655780,st_struct_pedestal/69608,building/50851
ug_route/165994,OSP:BUSP:C640927,st_struct_pedestal/70403,building/48797
ug_route/165995,OSP:BUSP:C655234,st_struct_pedestal/68052,building/50150
ug_route/165996,OSP:BUSP:C658297,st_struct_pedestal/70409,building/49201
ug_route/165997,OSP:BUSP:C659798,st_struct_pedestal/68266,st_struct_pedestal/70495
ug_route/165998,OSP:BUSP:C650860,st_struct_pedestal/70349,st_struct_pedestal/67078
ug_route/165999,OSP:BUSP:C656322,st_struct_pedestal/67599,building/48844
ug_route/166000,OSP:BUSP:C660478,st_struct_pedestal/67832,st_struct_pedestal/67374
ug_route/166001,OSP:BUSP:C655389,st_struct_pedestal/70598,mywcom_route_junction/21171
ug_route/166002,OSP:BUSP:C659835,st_struct_pedestal/68266,st_struct_pedestal/70495
ug_route/166003,OSP:FBSP::11900075,st_struct_pedestal/68604,building/50013
ug_route/166004,OSP:BUSP:C669486,st_struct_pedestal/69959,st_struct_pedestal/70464
ug_route/166005,OSP:BUSP:C682630,st_struct_pedestal/70255,st_struct_pedestal/69483
ug_route/166006,OSP:BUSP::15996435,st_struct_pedestal/67613,st_struct_pedestal/69025
ug_route/166007,OSP:BUSP::10209492,building/49184,st_struct_pedestal/70446
ug_route/166008,OSP:BUSP:C657915,st_struct_pedestal/67917,building/50880
ug_route/166009,OSP:BUSP:C651062,st_struct_pedestal/70349,st_struct_pedestal/67078
ug_route/166010,OSP:FBSP:C706864,st_struct_pedestal/67719,building/51409
ug_route/166011,OSP:BUSP:C645710,st_struct_pedestal/68165,building/50188
ug_route/166012,OSP:BUSP:C659837,st_struct_pedestal/68266,st_struct_pedestal/70495
ug_route/166013,OSP:BUSP::11596756,st_struct_pedestal/68968,st_struct_pedestal/69106
ug_route/166014,OSP:BUSP:C643740,st_struct_pedestal/67793,st_struct_pedestal/68860
ug_route/166015,OSP:FBSP::14399300,pole/41071,mywcom_route_junction/20983
ug_route/166016,OSP:FBSP:C666434,pole/42030,building/48718
ug_route/166017,OSP:BUSP:C654442,st_struct_pedestal/69192,building/49686
ug_route/166018,OSP:BUSP:C646022,st_struct_pedestal/69326,building/49115
ug_route/166019,OSP:BUSP:C652018,st_struct_pedestal/69310,building/50036
ug_route/166020,OSP:BUSP:C660909,st_struct_pedestal/70133,building/48995
ug_route/166021,OSP:BUSP:C656984,st_struct_pedestal/67476,building/49619
ug_route/166022,OSP:BUSP:C705425,st_struct_pedestal/69750,st_struct_pedestal/69399
ug_route/166023,OSP:BUSP:C648582,st_struct_pedestal/70281,building/50116
ug_route/166024,OSP:BUSP:C656917,st_struct_pedestal/69683,building/48792
ug_route/166025,OSP:BUSP:C661021,st_struct_pedestal/69937,building/50491
ug_route/166026,OSP:BUSP:C641388,st_struct_pedestal/69958,building/50140
ug_route/166027,OSP:BUSP:C660899,st_struct_pedestal/68296,st_struct_pedestal/69682
ug_route/166028,OSP:BUSP:C655381,st_struct_pedestal/68247,building/49226
ug_route/166029,OSP:BUSP:C660906,st_struct_pedestal/68296,st_struct_pedestal/69682
ug_route/166030,OSP:BUSP:C642025,st_struct_pedestal/68885,building/50412
ug_route/166031,OSP:BUSP:C643748,st_struct_pedestal/67793,st_struct_pedestal/68860
ug_route/166032,OSP:BUSP:C648965,st_struct_pedestal/68040,building/48991
ug_route/166033,OSP:BUSP:C650251,st_struct_pedestal/68804,building/49564
ug_route/166034,OSP:BUSP:C645833,st_struct_pedestal/67502,building/50728
ug_route/166035,OSP:BUSP::11853994,st_struct_pedestal/69616,st_struct_pedestal/67232
ug_route/166036,OSP:BUSP:C670415,st_struct_pedestal/68926,building/50562
ug_route/166037,OSP:FBSP:C650377,st_struct_pedestal/67709,building/50023
ug_route/166038,OSP:BUSP::8589580,st_struct_pedestal/69223,cabinet/2498
ug_route/166039,OSP:BUSP::10260357,mywcom_route_junction/21571,mywcom_route_junction/21930
ug_route/166040,OSP:BUSP:C645700,st_struct_pedestal/68165,building/49379
ug_route/166041,OSP:BUSP:C658356,st_struct_pedestal/67941,building/51246
ug_route/166042,OSP:BUSP:C656628,st_struct_pedestal/69912,building/50232
ug_route/166043,OSP:BUSP:C708351,st_struct_pedestal/70656,st_struct_pedestal/70153
ug_route/166044,OSP:BUSP:C682631,st_struct_pedestal/70255,st_struct_pedestal/69483
ug_route/166045,OSP:BUSP:C660908,st_struct_pedestal/68296,st_struct_pedestal/69682
ug_route/166046,OSP:FORSP::16949398,st_struct_vault/2453,st_struct_vault/2447
ug_route/166047,OSP:BUSP:C650349,st_struct_pedestal/67227,st_struct_pedestal/70479
ug_route/166048,OSP:BUSP:C651750,st_struct_pedestal/67999,st_struct_pedestal/69680
ug_route/166049,OSP:BUSP:C643750,st_struct_pedestal/67793,st_struct_pedestal/68860
ug_route/166050,OSP:BUSP:C648598,st_struct_pedestal/70761,building/48848
ug_route/166051,OSP:BUSP:C650403,st_struct_pedestal/67227,st_struct_pedestal/70479
ug_route/166052,OSP:BUSP:C683076,building/50218,st_struct_pedestal/67059
ug_route/166053,OSP:BUSP:C671271,st_struct_pedestal/68817,mywcom_route_junction/21338
ug_route/166054,OSP:BUSP::9523704,st_struct_pedestal/68421,st_struct_pedestal/69237
ug_route/166055,OSP:BUSP:C660605,st_struct_pedestal/67585,st_struct_pedestal/67165
ug_route/166056,OSP:BUSP:C646430,st_struct_pedestal/68264,building/49383
ug_route/166057,OSP:BUSP:C670020,st_struct_pedestal/69005,st_struct_pedestal/68754
ug_route/166058,OSP:BUSP:C651045,st_struct_pedestal/67073,st_struct_pedestal/67559
ug_route/166059,OSP:BUSP:C641200,st_struct_pedestal/68888,building/51040
ug_route/166060,OSP:BUSP:C659986,st_struct_pedestal/67806,st_struct_pedestal/67906
ug_route/166061,OSP:FBSP::9504538,st_struct_pedestal/69027,building/51379
ug_route/166062,OSP:BUSP:C650878,st_struct_pedestal/70410,st_struct_pedestal/68006
ug_route/166063,OSP:BUSP:C641949,st_struct_pedestal/68129,st_struct_pedestal/69516
ug_route/166064,OSP:BUSP:C683071,st_struct_pedestal/69230,st_struct_pedestal/67059
ug_route/166065,OSP:BUSP:C671269,st_struct_pedestal/68817,mywcom_route_junction/21338
ug_route/166066,OSP:BUSP:C706395,mywcom_route_junction/21582,st_struct_pedestal/70585
ug_route/166067,OSP:FBSP:C706760,st_struct_buried_splice_location/2705,building/50935
ug_route/166068,OSP:BUSP:C670068,st_struct_pedestal/69616,pole/41288
ug_route/166069,OSP:BUSP:C651053,st_struct_pedestal/67073,st_struct_pedestal/67559
ug_route/166070,OSP:BUSP:C643768,building/49183,st_struct_pedestal/70600
ug_route/166071,OSP:BUSP:C658625,st_struct_pedestal/69939,building/50828
ug_route/166072,OSP:BUSP:C670064,mywcom_route_junction/21584,mywcom_route_junction/21102
ug_route/166073,OSP:BUSP:C654913,st_struct_pedestal/69932,building/49822
ug_route/166074,OSP:BUSP:C648998,st_struct_pedestal/69439,building/50985
ug_route/166075,OSP:BUSP::16694681,mywcom_route_junction/20978,mywcom_route_junction/20965
ug_route/166076,OSP:BUSP:C645821,st_struct_pedestal/70150,building/49127
ug_route/166077,OSP:BUSP:C683072,st_struct_pedestal/67059,st_struct_pedestal/68205
ug_route/166078,OSP:BUSP:C660907,st_struct_pedestal/70133,building/50201
ug_route/166079,OSP:BUSP:C663614,st_struct_pedestal/67624,st_struct_pedestal/67791
ug_route/166080,OSP:BUSP:C671207,st_struct_pedestal/70340,st_struct_pedestal/70782
ug_route/166081,OSP:BUSP:C642290,st_struct_pedestal/69835,building/48896
ug_route/166082,OSP:BUSP::10395425,st_struct_pedestal/70340,st_struct_pedestal/70782
ug_route/166083,OSP:BUSP:C646476,st_struct_pedestal/70847,building/51072
ug_route/166084,OSP:BUSP::9271543,mywcom_route_junction/20907,mywcom_route_junction/20901
ug_route/166085,OSP:BUSP:C683078,st_struct_pedestal/67059,building/50218
ug_route/166086,OSP:BUSP:C681328,st_struct_pedestal/67178,building/51056
ug_route/166087,OSP:BUSP:C659046,st_struct_pedestal/68254,st_struct_pedestal/67504
ug_route/166088,OSP:BUSP::15686647,st_struct_pedestal/70299,st_struct_pedestal/68325
ug_route/166089,OSP:BUSP:C659673,st_struct_pedestal/68042,st_struct_pedestal/67758
ug_route/166090,OSP:BUSP:C653348,st_struct_pedestal/70815,st_struct_pedestal/67870
ug_route/166091,OSP:BUSP:C668463,st_struct_pedestal/70236,building/49849
ug_route/166092,OSP:BUSP:C656432,st_struct_pedestal/70040,building/51334
ug_route/166093,OSP:BUSP:C655168,st_struct_pedestal/68388,st_struct_pedestal/68647
ug_route/166094,OSP:BUSP:C655405,st_struct_pedestal/67759,building/50288
ug_route/166095,OSP:BUSP::8500299,st_struct_pedestal/67344,st_struct_pedestal/70477
ug_route/166096,OSP:BUSP:C682633,st_struct_pedestal/70255,st_struct_pedestal/69483
ug_route/166097,OSP:BUSP:C671221,st_struct_pedestal/69633,st_struct_pedestal/70707
ug_route/166098,OSP:BUSP:C657470,st_struct_pedestal/69982,building/48876
ug_route/166099,OSP:BUSP::9581300,st_struct_pedestal/68164,st_struct_pedestal/69234
ug_route/166100,OSP:BUSP::9469357,st_struct_pedestal/69633,st_struct_pedestal/70707
ug_route/166101,OSP:BUSP:C660662,mywcom_route_junction/21441,mywcom_route_junction/21570
ug_route/166102,OSP:BUSP::17060789,st_struct_pedestal/70172,st_struct_pedestal/67743
ug_route/166103,OSP:BUSP:C645718,st_struct_pedestal/70400,mywcom_route_junction/21673
ug_route/166104,OSP:BUSP:C708317,st_struct_pedestal/67585,building/49590
ug_route/166105,OSP:BUSP::7611825,st_struct_pedestal/70848,st_struct_pedestal/70460
ug_route/166106,OSP:BUSP:C669953,st_struct_pedestal/69863,st_struct_pedestal/69438
ug_route/166107,OSP:BUSP::9444452,mywcom_route_junction/21164,st_struct_pedestal/68999
ug_route/166108,OSP:BUSP:C659937,st_struct_pedestal/69638,st_struct_pedestal/69765
ug_route/166109,OSP:BUSP:C656569,st_struct_pedestal/68548,building/50955
ug_route/166110,OSP:BUSP::10511238,st_struct_pedestal/68850,st_struct_pedestal/69603
ug_route/166111,OSP:BUSP:C659697,st_struct_pedestal/70651,building/51118
ug_route/166112,OSP:BUSP::8399814,st_struct_pedestal/69765,st_struct_pedestal/69638
ug_route/166113,OSP:BUSP:C654551,st_struct_pedestal/69602,building/50008
ug_route/166114,OSP:BUSP:C655165,st_struct_pedestal/67068,st_struct_pedestal/67509
ug_route/166115,OSP:BUSP:C664373,st_struct_pedestal/68364,st_struct_pedestal/68166
ug_route/166116,OSP:BUSP:C669984,st_struct_pedestal/69034,st_struct_pedestal/68307
ug_route/166117,OSP:BUSP:C637463,st_struct_pedestal/69347,building/50960
ug_route/166118,OSP:FBSP::11797194,mywcom_route_junction/21906,pole/42007
ug_route/166119,OSP:BUSP:C660981,st_struct_pedestal/68047,building/50810
ug_route/166120,OSP:BUSP:C642858,st_struct_pedestal/70491,st_struct_pedestal/67933
ug_route/166121,OSP:BUSP:C668825,st_struct_pedestal/69656,mywcom_route_junction/21756
ug_route/166122,OSP:BUSP:C659571,st_struct_pedestal/67498,building/50794
ug_route/166123,OSP:BUSP:C656429,st_struct_pedestal/67094,building/50648
ug_route/166124,OSP:BUSP:C642246,st_struct_buried_splice_location/2699,building/51451
ug_route/166125,OSP:BUSP::17062024,st_struct_buried_splice_location/2646,st_struct_pedestal/68159
ug_route/166126,OSP:BUSP:C641880,st_struct_pedestal/67517,building/49963
ug_route/166127,OSP:BUSP:C711833,st_struct_pedestal/69709,st_struct_pedestal/68569
ug_route/166128,OSP:BUSP::9550278,st_struct_pedestal/69594,mywcom_route_junction/21045
ug_route/166129,OSP:BUSP:C641923,st_struct_pedestal/67748,building/49336
ug_route/166130,OSP:BUSP:C639821,st_struct_pedestal/69476,building/49798
ug_route/166131,OSP:FORSP::16953224,st_struct_vault/2462,st_struct_vault/2419
ug_route/166132,OSP:BUSP:C661608,st_struct_pedestal/67491,st_struct_pedestal/68502
ug_route/166133,OSP:BUSP:C681576,st_struct_pedestal/70337,building/49493
ug_route/166134,OSP:BUSP:C646534,st_struct_pedestal/70822,building/49242
ug_route/166135,OSP:BUSP:C641716,st_struct_pedestal/69282,building/50542
ug_route/166136,OSP:BUSP:C660172,st_struct_pedestal/68641,building/50827
ug_route/166137,OSP:FBSP:C660026,st_struct_pedestal/70345,building/49036
ug_route/166138,OSP:BUSP:C645195,st_struct_pedestal/70790,building/49984
ug_route/166139,OSP:BUSP:C658527,st_struct_pedestal/69409,building/48730
ug_route/166140,OSP:FORSP::16947461,st_struct_vault/2472,st_struct_vault/2473
ug_route/166141,OSP:BUSP:C648827,st_struct_pedestal/67098,building/50293
ug_route/166142,OSP:BUSP::7912801,st_struct_pedestal/67848,building/48834
ug_route/166143,OSP:BUSP:C665512,st_struct_pedestal/69598,st_struct_pedestal/68079
ug_route/166144,OSP:BUSP:C660080,st_struct_pedestal/67193,building/48974
ug_route/166145,OSP:BUSP:C646480,st_struct_pedestal/70847,building/50939
ug_route/166146,OSP:BUSP:C641998,st_struct_pedestal/70068,building/50792
ug_route/166147,OSP:BUSP:C707997,st_struct_pedestal/67659,st_struct_pedestal/68936
ug_route/166148,OSP:BUSP:C649823,st_struct_pedestal/67659,st_struct_pedestal/68936
ug_route/166149,OSP:BUSP:C659211,st_struct_pedestal/69874,st_struct_pedestal/70145
ug_route/166150,OSP:BUSP:C655219,st_struct_pedestal/68244,building/49440
ug_route/166151,OSP:BUSP:C642036,st_struct_pedestal/67339,building/49860
ug_route/166152,OSP:BUSP:C663637,st_struct_pedestal/67274,building/50357
ug_route/166153,OSP:BUSP:C652501,st_struct_pedestal/70404,mywcom_route_junction/21380
ug_route/166154,OSP:BUSP::8499998,cabinet/2521,st_struct_pedestal/69392
ug_route/166155,OSP:BUSP::11417588,st_struct_pedestal/70134,st_struct_pedestal/70455
ug_route/166156,OSP:BUSP:C651132,st_struct_pedestal/67108,building/49832
ug_route/166157,OSP:BUSP:C683082,st_struct_pedestal/70446,building/48907
ug_route/166158,OSP:BUSP:C708113,mywcom_route_junction/20932,st_struct_pedestal/68172
ug_route/166159,OSP:BUSP:C641281,st_struct_pedestal/67339,st_struct_pedestal/68236
ug_route/166160,OSP:BUSP:C650999,st_struct_pedestal/67396,building/51339
ug_route/166161,OSP:BUSP::14415396,st_struct_pedestal/68102,st_struct_pedestal/68917
ug_route/166162,OSP:FBSP:C650644,pole/41172,building/50970
ug_route/166163,OSP:FBSP:C661801,st_struct_pedestal/67464,building/48787
ug_route/166164,OSP:BUSP:C643083,st_struct_buried_splice_location/2631,st_struct_buried_splice_location/2602
ug_route/166165,OSP:BUSP::15712249,mywcom_route_junction/21859,mywcom_route_junction/20972
ug_route/166166,OSP:BUSP:C707939,st_struct_pedestal/67808,st_struct_pedestal/70392
ug_route/166167,OSP:BUSP:C639158,st_struct_pedestal/68260,st_struct_pedestal/70273
ug_route/166168,OSP:BUSP:C655406,st_struct_pedestal/67759,building/49410
ug_route/166169,OSP:BUSP:C707930,st_struct_pedestal/67318,st_struct_pedestal/70436
ug_route/166170,OSP:BUSP:C660580,st_struct_pedestal/70559,building/50284
ug_route/166171,OSP:BUSP::7912800,st_struct_pedestal/67848,building/48845
ug_route/166172,OSP:BUSP:C658819,st_struct_pedestal/68622,building/50783
ug_route/166173,OSP:BUSP:C669040,st_struct_pedestal/68332,building/48928
ug_route/166174,OSP:BUSP:C654710,st_struct_pedestal/69112,building/50066
ug_route/166175,OSP:BUSP:C657911,st_struct_pedestal/67917,st_struct_pedestal/67143
ug_route/166176,OSP:BUSP::8364627,st_struct_pedestal/69821,mywcom_route_junction/21164
ug_route/166177,OSP:BUSP:C648370,st_struct_pedestal/69834,building/48987
ug_route/166178,OSP:BUSP:C643461,st_struct_pedestal/68258,st_struct_pedestal/70051
ug_route/166179,OSP:FORSP::16949401,st_struct_vault/2439,st_struct_vault/2424
ug_route/166180,OSP:BUSP:C647474,st_struct_pedestal/70365,st_struct_buried_splice_location/2651
ug_route/166181,OSP:BUSP::11491492,st_struct_pedestal/68275,st_struct_pedestal/70165
ug_route/166182,OSP:BUSP:C659630,st_struct_pedestal/68947,st_struct_buried_splice_location/2675
ug_route/166183,OSP:BUSP:C658210,st_struct_pedestal/68471,st_struct_pedestal/68899
ug_route/166184,OSP:BUSP:C643470,st_struct_pedestal/68258,st_struct_pedestal/70051
ug_route/166185,OSP:BUSP:C642866,st_struct_pedestal/67687,building/50166
ug_route/166186,OSP:BUSP:C668329,st_struct_pedestal/70625,st_struct_buried_splice_location/2667
ug_route/166187,OSP:FORSP::16958667,st_struct_vault/2450,st_struct_vault/2456
ug_route/166188,OSP:FORSP::16958668,st_struct_vault/2450,st_struct_vault/2456
ug_route/166189,OSP:FORSP::16958662,st_struct_vault/2475,st_struct_vault/2456
ug_route/166190,OSP:BUSP::9008799,st_struct_pedestal/68158,st_struct_pedestal/70231
ug_route/166191,OSP:BUSP:C708339,st_struct_pedestal/70153,st_struct_pedestal/70653
ug_route/166192,OSP:BUSP:C658922,st_struct_pedestal/67893,building/50790
ug_route/166193,OSP:FBSP:C708279,st_struct_pedestal/69999,building/49877
ug_route/166194,OSP:BUSP:C645853,st_struct_pedestal/69934,st_struct_pedestal/67940
ug_route/166195,OSP:BUSP:C661027,st_struct_pedestal/69115,st_struct_pedestal/68917
ug_route/166196,OSP:BUSP:C658780,st_struct_pedestal/67818,building/48869
ug_route/166197,OSP:BUSP::13954871,st_struct_pedestal/67445,st_struct_pedestal/69906
ug_route/166198,OSP:BUSP:C645924,st_struct_pedestal/69934,st_struct_pedestal/68441
ug_route/166199,OSP:BUSP::8388292,st_struct_pedestal/68324,pole/41479
ug_route/166200,OSP:BUSP:C653140,st_struct_pedestal/67072,building/49002
ug_route/166201,OSP:BUSP::15996730,st_struct_pedestal/68280,st_struct_pedestal/70668
ug_route/166202,OSP:BUSP::9502903,mywcom_route_junction/21398,mywcom_route_junction/21988
ug_route/166203,OSP:BUSP::15978186,st_struct_pedestal/68598,building/50737
ug_route/166204,OSP:BUSP:C660902,st_struct_pedestal/69390,building/50760
ug_route/166205,OSP:BUSP:C706872,st_struct_pedestal/67804,st_struct_pedestal/68899
ug_route/166206,OSP:FBSP:C657025,st_struct_pedestal/70077,building/49652
ug_route/166207,OSP:BUSP:C646216,st_struct_pedestal/70800,st_struct_pedestal/70820
ug_route/166208,OSP:BUSP:C661127,st_struct_pedestal/68532,st_struct_buried_splice_location/2644
ug_route/166209,OSP:BUSP:C641778,st_struct_pedestal/70050,building/49952
ug_route/166210,OSP:BUSP:C657007,st_struct_pedestal/70107,st_struct_pedestal/68049
ug_route/166211,OSP:BUSP:C652830,mywcom_route_junction/21557,mywcom_route_junction/21254
ug_route/166212,OSP:BUSP:C670724,st_struct_pedestal/68183,st_struct_pedestal/67744
ug_route/166213,OSP:BUSP:C659678,mywcom_route_junction/20972,mywcom_route_junction/21859
ug_route/166214,OSP:BUSP:C647300,st_struct_pedestal/67399,building/51250
ug_route/166215,OSP:BUSP::11472525,st_struct_pedestal/67694,st_struct_pedestal/70831
ug_route/166216,OSP:BUSP:C650400,st_struct_pedestal/70159,building/50276
ug_route/166217,OSP:BUSP:C670606,st_struct_pedestal/69894,st_struct_pedestal/67320
ug_route/166218,OSP:BUSP:C704824,st_struct_pedestal/67889,building/49252
ug_route/166219,OSP:BUSP:C665824,st_struct_buried_splice_location/2680,st_struct_pedestal/68781
ug_route/166220,OSP:FBSP::13098314,st_struct_pedestal/70288,mywcom_route_junction/21117
ug_route/166221,OSP:BUSP:C655202,st_struct_pedestal/68442,building/49981
ug_route/166222,OSP:BUSP:C641461,st_struct_pedestal/67514,building/49702
ug_route/166223,OSP:BUSP:C667632,pole/41341,mywcom_route_junction/21700
ug_route/166224,OSP:BUSP:C670598,st_struct_pedestal/69894,st_struct_pedestal/67320
ug_route/166225,OSP:BUSP:C649300,st_struct_pedestal/68629,st_struct_pedestal/70315
ug_route/166226,OSP:BUSP:C661062,st_struct_pedestal/67165,st_struct_pedestal/67553
ug_route/166227,OSP:BUSP:C647200,st_struct_pedestal/68657,st_struct_pedestal/69778
ug_route/166228,OSP:BUSP::12613049,mywcom_route_junction/21480,mywcom_route_junction/21978
ug_route/166229,OSP:BUSP:C645925,st_struct_pedestal/70640,st_struct_pedestal/70756
ug_route/166230,OSP:BUSP:C708355,st_struct_pedestal/70653,building/49649
ug_route/166231,OSP:BUSP:C668466,st_struct_pedestal/70236,st_struct_pedestal/69307
ug_route/166232,OSP:BUSP:C639317,st_struct_pedestal/68124,building/49662
ug_route/166233,OSP:BUSP:C655378,st_struct_pedestal/70448,building/49658
ug_route/166234,OSP:BUSP:C647238,st_struct_pedestal/68142,st_struct_pedestal/69941
ug_route/166235,OSP:BUSP:C647465,st_struct_pedestal/68142,building/49962
ug_route/166236,OSP:BUSP:C651143,st_struct_pedestal/67286,st_struct_pedestal/69502
ug_route/166237,OSP:BUSP:C708356,st_struct_pedestal/70153,st_struct_pedestal/70653
ug_route/166238,OSP:FORSP::16943977,st_struct_vault/2440,mywcom_route_junction/21356
ug_route/166239,OSP:BUSP:C652792,st_struct_pedestal/70463,st_struct_pedestal/67125
ug_route/166240,OSP:BUSP::9148311,st_struct_pedestal/68489,st_struct_pedestal/69396
ug_route/166241,OSP:BUSP:C681689,st_struct_buried_splice_location/2736,building/50270
ug_route/166242,OSP:BUSP::8500296,st_struct_pedestal/70774,st_struct_pedestal/69897
ug_route/166243,OSP:BUSP:C708361,st_struct_pedestal/68339,building/48746
ug_route/166244,OSP:BUSP::16735355,mywcom_route_junction/21871,mywcom_route_junction/21035
ug_route/166245,OSP:BUSP::8608792,st_struct_pedestal/70393,building/50950
ug_route/166246,OSP:BUSP:C650376,st_struct_pedestal/67686,st_struct_pedestal/68011
ug_route/166247,OSP:BUSP:C651906,mywcom_route_junction/21798,st_struct_pedestal/68864
ug_route/166248,OSP:BUSP:C641503,st_struct_pedestal/68637,building/51154
ug_route/166249,OSP:BUSP:C650865,st_struct_pedestal/67078,st_struct_pedestal/67100
ug_route/166250,OSP:FBSP:C657764,st_struct_buried_splice_location/2705,building/50294
ug_route/166251,OSP:BUSP::17101127,mywcom_route_junction/21013,building/51264
ug_route/166252,OSP:BUSP:C689226,st_struct_pedestal/68235,st_struct_pedestal/68185
ug_route/166253,OSP:BUSP:C708360,st_struct_pedestal/68339,building/50454
ug_route/166254,OSP:BUSP:C657820,st_struct_pedestal/68689,st_struct_pedestal/67790
ug_route/166255,OSP:BUSP:C650426,st_struct_pedestal/67686,st_struct_pedestal/68011
ug_route/166256,OSP:BUSP::8364612,st_struct_pedestal/68288,st_struct_pedestal/68968
ug_route/166257,OSP:BUSP:C645762,st_struct_pedestal/68176,st_struct_pedestal/68638
ug_route/166258,OSP:BUSP:C647230,st_struct_pedestal/68142,st_struct_pedestal/69941
ug_route/166259,OSP:BUSP:C665584,st_struct_pedestal/70545,mywcom_route_junction/21433
ug_route/166260,OSP:BUSP:C682040,st_struct_pedestal/67582,building/51143
ug_route/166261,OSP:BUSP:C657910,st_struct_pedestal/69239,st_struct_pedestal/68259
ug_route/166262,OSP:BUSP:C644351,st_struct_buried_splice_location/2746,st_struct_pedestal/67830
ug_route/166263,OSP:BUSP:C641344,st_struct_pedestal/69128,building/51264
ug_route/166264,OSP:BUSP:C670212,st_struct_pedestal/67554,st_struct_pedestal/70019
ug_route/166265,OSP:BUSP::14457213,st_struct_pedestal/68555,st_struct_pedestal/70200
ug_route/166266,OSP:BUSP:C649494,st_struct_pedestal/68629,st_struct_pedestal/69465
ug_route/166267,OSP:BUSP:C707479,st_struct_pedestal/67554,st_struct_pedestal/70019
ug_route/166268,OSP:BUSP:C655630,st_struct_pedestal/67757,building/51204
ug_route/166269,OSP:BUSP:C642156,st_struct_pedestal/67967,st_struct_buried_splice_location/2631
ug_route/166270,OSP:BUSP::8499988,st_struct_pedestal/70298,st_struct_pedestal/68335
ug_route/166271,OSP:BUSP:C650924,st_struct_pedestal/67078,st_struct_pedestal/67100
ug_route/166272,OSP:BUSP:C625480,mywcom_route_junction/22036,mywcom_route_junction/21002
ug_route/166273,OSP:BUSP:C657001,st_struct_pedestal/68997,building/49153
ug_route/166274,OSP:BUSP:C659563,st_struct_pedestal/68704,building/50240
ug_route/166275,OSP:BUSP:C655778,st_struct_pedestal/69608,st_struct_pedestal/69194
ug_route/166276,OSP:BUSP:C649750,st_struct_pedestal/69865,st_struct_pedestal/67506
ug_route/166277,OSP:BUSP:C641493,st_struct_pedestal/70183,st_struct_pedestal/67392
ug_route/166278,OSP:BUSP:C644558,st_struct_buried_splice_location/2746,st_struct_pedestal/67830
ug_route/166279,OSP:BUSP:C641601,st_struct_pedestal/68200,building/51374
ug_route/166280,OSP:BUSP:C663457,st_struct_pedestal/68975,st_struct_pedestal/69699
ug_route/166281,OSP:BUSP:C657688,st_struct_pedestal/69592,st_struct_pedestal/68215
ug_route/166282,OSP:BUSP:C641935,st_struct_pedestal/70183,st_struct_pedestal/67392
ug_route/166283,OSP:BUSP:C711848,st_struct_pedestal/69222,st_struct_pedestal/67446
ug_route/166284,OSP:BUSP:C658957,st_struct_pedestal/70796,st_struct_pedestal/68530
ug_route/166285,OSP:BUSP::15686644,st_struct_vault/2468,st_struct_pedestal/70299
ug_route/166286,OSP:BUSP:C706694,st_struct_pedestal/70466,building/51156
ug_route/166287,OSP:BUSP:C655781,st_struct_pedestal/69608,st_struct_pedestal/69194
ug_route/166288,OSP:BUSP::10875115,st_struct_pedestal/67713,st_struct_pedestal/68598
ug_route/166289,OSP:BUSP:C657846,st_struct_pedestal/69323,st_struct_pedestal/69241
ug_route/166290,OSP:BUSP:C661048,st_struct_pedestal/69394,st_struct_pedestal/70338
ug_route/166291,OSP:BUSP:C642302,st_struct_buried_splice_location/2710,st_struct_pedestal/68101
ug_route/166292,OSP:BUSP:C651809,st_struct_pedestal/67590,mywcom_route_junction/21087
ug_route/166293,OSP:BUSP:C654363,st_struct_pedestal/67305,st_struct_pedestal/68138
ug_route/166294,OSP:BUSP::8397594,st_struct_pedestal/67401,mywcom_route_junction/21852
ug_route/166295,OSP:BUSP::12139127,st_struct_pedestal/68487,st_struct_pedestal/67529
ug_route/166296,OSP:BUSP:C682181,st_struct_pedestal/68459,building/49258
ug_route/166297,OSP:BUSP::8397595,mywcom_route_junction/21852,st_struct_pedestal/67327
ug_route/166298,OSP:BUSP:C644138,st_struct_pedestal/69925,st_struct_pedestal/70753
ug_route/166299,OSP:BUSP:C655407,st_struct_pedestal/67759,building/50017
ug_route/166300,OSP:BUSP:C666054,st_struct_pedestal/70449,st_struct_pedestal/70098
ug_route/166301,OSP:FORSP::16955880,st_struct_vault/2490,st_struct_vault/2465
ug_route/166302,OSP:BUSP::11555060,cabinet/2524,pole/42309
ug_route/166303,OSP:BUSP:C639587,st_struct_pedestal/69491,building/49330
ug_route/166304,OSP:BUSP::10246629,st_struct_pedestal/67441,mywcom_route_junction/20973
ug_route/166305,OSP:FORSP::16953229,st_struct_vault/2419,mywcom_route_junction/20900
ug_route/166306,OSP:BUSP:C642292,st_struct_pedestal/69835,building/50903
ug_route/166307,OSP:BUSP:C658761,st_struct_pedestal/69305,building/49559
ug_route/166308,OSP:BUSP:C659261,st_struct_pedestal/70642,st_struct_pedestal/68516
ug_route/166309,OSP:BUSP:C709084,st_struct_pedestal/67099,building/49081
ug_route/166310,OSP:BUSP:C653395,st_struct_pedestal/68487,st_struct_pedestal/67529
ug_route/166311,OSP:BUSP:C659564,st_struct_pedestal/68256,building/50986
ug_route/166312,OSP:BUSP::13001700,st_struct_pedestal/70418,building/49504
ug_route/166313,OSP:BUSP:C657842,st_struct_pedestal/69323,st_struct_pedestal/69241
ug_route/166314,OSP:BUSP:C642115,st_struct_pedestal/67041,building/50765
ug_route/166315,OSP:BUSP:C639469,st_struct_pedestal/67885,st_struct_pedestal/67628
ug_route/166316,OSP:BUSP:C655588,st_struct_pedestal/68549,st_struct_pedestal/67205
ug_route/166317,OSP:BUSP::8490055,st_struct_pedestal/69889,st_struct_pedestal/68393
ug_route/166318,OSP:BUSP:C661049,st_struct_pedestal/69394,st_struct_pedestal/70338
ug_route/166319,OSP:BUSP::7637284,st_struct_pedestal/70488,st_struct_buried_splice_location/2721
ug_route/166320,OSP:BUSP:C662687,st_struct_pedestal/70025,st_struct_pedestal/67613
ug_route/166321,OSP:BUSP:C710199,st_struct_pedestal/68468,st_struct_pedestal/67214
ug_route/166322,OSP:FORSP:C646018,st_struct_vault/2480,st_struct_vault/2434
ug_route/166323,OSP:BUSP::9782262,st_struct_pedestal/67883,building/50967
ug_route/166324,OSP:BUSP:C660829,st_struct_pedestal/68314,building/48975
ug_route/166325,OSP:BUSP::15126676,pole/41048,pole/41436
ug_route/166326,OSP:BUSP:C658468,st_struct_pedestal/69770,building/50210
ug_route/166327,OSP:BUSP:C663626,st_struct_pedestal/69956,st_struct_buried_splice_location/2660
ug_route/166328,OSP:BUSP:C660546,st_struct_pedestal/69813,st_struct_pedestal/70000
ug_route/166329,OSP:BUSP:C709078,st_struct_pedestal/68945,mywcom_route_junction/21112
ug_route/166330,OSP:BUSP::11504010,st_struct_pedestal/70025,st_struct_pedestal/67613
ug_route/166331,OSP:BUSP:C705950,pole/40798,st_struct_pedestal/68884
ug_route/166332,OSP:BUSP:C639470,st_struct_pedestal/67885,st_struct_pedestal/67628
ug_route/166333,OSP:BUSP:C654527,st_struct_pedestal/69513,building/50415
ug_route/166334,OSP:BUSP:C682135,st_struct_pedestal/70399,building/50772
ug_route/166335,OSP:BUSP:C647333,st_struct_pedestal/70657,building/50115
ug_route/166336,OSP:BUSP:C644557,st_struct_pedestal/70203,st_struct_buried_splice_location/2746
ug_route/166337,OSP:BUSP:C660025,st_struct_pedestal/69875,st_struct_pedestal/70345
ug_route/166338,OSP:BUSP:C655451,st_struct_pedestal/68573,building/49928
ug_route/166339,OSP:FBSP:C660033,st_struct_pedestal/69755,building/50620
ug_route/166340,OSP:BUSP:C650328,st_struct_pedestal/68407,building/51288
ug_route/166341,OSP:BUSP:C682185,st_struct_pedestal/70537,building/50331
ug_route/166342,OSP:BUSP::8437279,building/48917,pole/42248
ug_route/166343,OSP:BUSP:C648247,st_struct_pedestal/69579,building/48768
ug_route/166344,OSP:BUSP:C706882,mywcom_route_junction/21850,mywcom_route_junction/21577
ug_route/166345,OSP:BUSP:C660809,st_struct_pedestal/68168,st_struct_pedestal/67663
ug_route/166346,OSP:BUSP:C682184,st_struct_pedestal/70537,building/50646
ug_route/166347,OSP:BUSP:C641922,st_struct_pedestal/68450,building/50589
ug_route/166348,OSP:BUSP:C661765,st_struct_pedestal/67337,st_struct_pedestal/68610
ug_route/166349,OSP:BUSP:C646957,st_struct_pedestal/70316,building/48802
ug_route/166350,OSP:BUSP:C670508,st_struct_pedestal/67306,st_struct_pedestal/69171
ug_route/166351,OSP:BUSP::16601559,st_struct_pedestal/68815,st_struct_pedestal/69967
ug_route/166352,OSP:BUSP:C641420,st_struct_pedestal/67074,building/49381
ug_route/166353,OSP:BUSP:C670518,st_struct_pedestal/68669,st_struct_pedestal/67442
ug_route/166354,OSP:BUSP::15769533,st_struct_pedestal/70102,building/50294
ug_route/166355,OSP:BUSP:C647426,st_struct_pedestal/70365,building/50726
ug_route/166356,OSP:BUSP:C665722,st_struct_pedestal/68337,building/51252
ug_route/166357,OSP:BUSP:C638840,st_struct_pedestal/70705,st_struct_pedestal/67913
ug_route/166358,OSP:BUSP:C647239,st_struct_pedestal/69941,st_struct_pedestal/70087
ug_route/166359,OSP:BUSP:C660666,st_struct_pedestal/70551,building/49038
ug_route/166360,OSP:BUSP:C651970,st_struct_pedestal/67698,building/49575
ug_route/166361,OSP:BUSP:C705746,st_struct_pedestal/69727,st_struct_pedestal/69034
ug_route/166362,OSP:BUSP:C656899,st_struct_pedestal/70647,st_struct_pedestal/69624
ug_route/166363,OSP:BUSP:C670408,st_struct_pedestal/70745,building/51125
ug_route/166364,OSP:BUSP:C656363,st_struct_pedestal/67891,st_struct_pedestal/70619
ug_route/166365,OSP:BUSP::17062023,st_struct_pedestal/69956,st_struct_buried_splice_location/2646
ug_route/166366,OSP:BUSP::8490385,st_struct_pedestal/70322,st_struct_pedestal/68988
ug_route/166367,OSP:BUSP:C646428,st_struct_pedestal/67518,st_struct_pedestal/68264
ug_route/166368,OSP:BUSP:C657537,st_struct_pedestal/70394,building/49145
ug_route/166369,OSP:BUSP:C660638,st_struct_pedestal/69012,building/50561
ug_route/166370,OSP:BUSP:C664823,st_struct_pedestal/69235,st_struct_pedestal/68437
ug_route/166371,OSP:BUSP:C651030,st_struct_pedestal/69226,building/50601
ug_route/166372,OSP:BUSP:C641775,st_struct_pedestal/70050,building/50044
ug_route/166373,OSP:BUSP:C642288,st_struct_pedestal/67643,st_struct_pedestal/69835
ug_route/166374,OSP:BUSP::9653622,st_struct_pedestal/69822,st_struct_pedestal/68393
ug_route/166375,OSP:BUSP:C658239,st_struct_pedestal/69063,st_struct_pedestal/69451
ug_route/166376,OSP:BUSP:C648253,st_struct_pedestal/69579,building/49018
ug_route/166377,OSP:FORSP::16962501,st_struct_vault/2484,st_struct_vault/2431
ug_route/166378,OSP:FBSP:C650450,st_struct_pedestal/69268,building/50994
ug_route/166379,OSP:BUSP:C689253,st_struct_pedestal/70118,st_struct_pedestal/69631
ug_route/166380,OSP:BUSP:C670078,st_struct_pedestal/68307,mywcom_route_junction/21285
ug_route/166381,OSP:BUSP:C709928,st_struct_pedestal/68142,building/50207
ug_route/166382,OSP:BUSP:C656345,st_struct_pedestal/67891,st_struct_pedestal/70619
ug_route/166383,OSP:BUSP:C669019,st_struct_pedestal/69917,st_struct_pedestal/67376
ug_route/166384,OSP:BUSP::10246630,mywcom_route_junction/20973,cabinet/2524
ug_route/166385,OSP:BUSP:C647241,st_struct_pedestal/69941,st_struct_pedestal/70087
ug_route/166386,OSP:BUSP::10924997,st_struct_buried_splice_location/2688,st_struct_pedestal/70399
ug_route/166387,OSP:BUSP:C644139,st_struct_pedestal/70753,building/50901
ug_route/166388,OSP:BUSP:C652817,st_struct_pedestal/68594,building/48956
ug_route/166389,OSP:BUSP:C646537,st_struct_pedestal/67650,building/50735
ug_route/166390,OSP:BUSP:C639462,st_struct_pedestal/68875,building/51332
ug_route/166391,OSP:BUSP::10962117,st_struct_pedestal/70164,st_struct_pedestal/68599
ug_route/166392,OSP:FORSP::16943300,st_struct_vault/2479,st_struct_vault/2446
ug_route/166393,OSP:BUSP:C660903,st_struct_pedestal/69682,building/50565
ug_route/166394,OSP:BUSP:C657451,st_struct_pedestal/68000,building/50773
ug_route/166395,OSP:BUSP:C657462,pole/41781,st_struct_pedestal/67261
ug_route/166396,OSP:BUSP:C660044,mywcom_route_junction/21596,mywcom_route_junction/21743
ug_route/166397,OSP:BUSP:C661924,st_struct_pedestal/70097,st_struct_pedestal/67470
ug_route/166398,OSP:BUSP:C681695,st_struct_pedestal/67946,st_struct_pedestal/68056
ug_route/166399,OSP:BUSP:C659297,st_struct_pedestal/67876,building/49333
ug_route/166400,OSP:BUSP:C653830,pole/41095,pole/41521
ug_route/166401,OSP:BUSP:C681744,st_struct_pedestal/70015,st_struct_pedestal/68360
ug_route/166402,OSP:BUSP:C648529,st_struct_pedestal/69701,st_struct_pedestal/68008
ug_route/166403,OSP:BUSP::11771924,st_struct_pedestal/68816,building/51403
ug_route/166404,OSP:BUSP:C661234,mywcom_route_junction/21999,st_struct_pedestal/69280
ug_route/166405,OSP:BUSP::16572724,st_struct_pedestal/70365,building/48764
ug_route/166406,OSP:BUSP:C642042,st_struct_pedestal/67339,building/50984
ug_route/166407,OSP:BUSP:C711700,st_struct_pedestal/67784,st_struct_pedestal/68391
ug_route/166408,OSP:BUSP:C711708,st_struct_pedestal/69117,st_struct_pedestal/69511
ug_route/166409,OSP:BUSP:C642352,st_struct_pedestal/69267,st_struct_pedestal/68514
ug_route/166410,OSP:BUSP:C651128,st_struct_pedestal/70410,st_struct_pedestal/67124
ug_route/166411,OSP:BUSP:C681958,st_struct_pedestal/67946,st_struct_pedestal/68056
ug_route/166412,OSP:BUSP:C641529,st_struct_pedestal/67802,st_struct_pedestal/67387
ug_route/166413,OSP:BUSP:C656854,st_struct_pedestal/70140,st_struct_pedestal/68907
ug_route/166414,OSP:BUSP:C689237,st_struct_pedestal/69857,st_struct_pedestal/67982
ug_route/166415,OSP:BUSP:C642358,st_struct_pedestal/69267,st_struct_pedestal/68514
ug_route/166416,OSP:BUSP:C658959,st_struct_pedestal/68530,building/49876
ug_route/166417,OSP:BUSP:C661669,st_struct_pedestal/70671,st_struct_pedestal/69832
ug_route/166418,OSP:BUSP:C670682,st_struct_pedestal/68183,st_struct_pedestal/67674
ug_route/166419,OSP:BUSP:C660196,st_struct_pedestal/69394,st_struct_pedestal/68141
ug_route/166420,OSP:BUSP:C704804,st_struct_pedestal/67711,st_struct_pedestal/70482
ug_route/166421,OSP:BUSP::8589587,cabinet/2498,pole/42389
ug_route/166422,OSP:BUSP:C670686,st_struct_pedestal/68183,st_struct_pedestal/67674
ug_route/166423,OSP:FBSP:C660028,st_struct_pedestal/69875,building/49275
ug_route/166424,OSP:BUSP:C657947,st_struct_pedestal/70182,st_struct_pedestal/67917
ug_route/166425,OSP:BUSP:C660600,st_struct_pedestal/69343,st_struct_pedestal/67149
ug_route/166426,OSP:BUSP:C661023,st_struct_pedestal/69394,st_struct_pedestal/68141
ug_route/166427,OSP:BUSP:C669049,st_struct_pedestal/68332,building/50571
ug_route/166428,OSP:BUSP:C657952,st_struct_pedestal/70182,st_struct_pedestal/67917
ug_route/166429,OSP:BUSP::14152566,mywcom_route_junction/21859,mywcom_route_junction/21840
ug_route/166430,OSP:BUSP:C659570,st_struct_pedestal/67498,building/48926
ug_route/166431,OSP:BUSP:C666353,st_struct_pedestal/67624,mywcom_route_junction/21134
ug_route/166432,OSP:BUSP:C665671,st_struct_pedestal/69702,st_struct_pedestal/70576
ug_route/166433,OSP:BUSP:C651539,st_struct_pedestal/68196,building/49948
ug_route/166434,OSP:FBSP:C709578,st_struct_pedestal/67922,building/50251
ug_route/166435,OSP:BUSP:C657724,st_struct_pedestal/70726,st_struct_pedestal/70077
ug_route/166436,OSP:BUSP:C660635,st_struct_pedestal/68683,building/49000
ug_route/166437,OSP:BUSP:C661728,st_struct_pedestal/68094,st_struct_pedestal/67393
ug_route/166438,OSP:BUSP:C639313,st_struct_pedestal/68518,building/50354
ug_route/166439,OSP:BUSP::12613059,mywcom_route_junction/21228,mywcom_route_junction/21213
ug_route/166440,OSP:BUSP::15006005,st_struct_pedestal/68545,st_struct_pedestal/69988
ug_route/166441,OSP:BUSP:C657749,st_struct_pedestal/67532,st_struct_pedestal/69490
ug_route/166442,OSP:BUSP:C655320,st_struct_pedestal/67637,building/49700
ug_route/166443,OSP:BUSP::14152568,mywcom_route_junction/21859,mywcom_route_junction/21561
ug_route/166444,OSP:BUSP:C682202,mywcom_route_junction/21884,mywcom_route_junction/20954
ug_route/166445,OSP:COND::10876663,st_struct_vault/2449,st_struct_vault/2478
ug_route/166446,OSP:BUSP:C659094,st_struct_pedestal/67504,mywcom_route_junction/21110
ug_route/166447,OSP:BUSP:C658546,st_struct_pedestal/68810,building/50089
ug_route/166448,OSP:BUSP:C659996,st_struct_pedestal/68007,building/50049
ug_route/166449,OSP:BUSP:C666995,st_struct_pedestal/69135,st_struct_pedestal/69063
ug_route/166450,OSP:BUSP:C670022,st_struct_pedestal/69129,st_struct_buried_splice_location/2725
ug_route/166451,OSP:BUSP:C666044,st_struct_pedestal/67480,st_struct_pedestal/68931
ug_route/166452,OSP:BUSP::13460453,st_struct_pedestal/67527,building/49719
ug_route/166453,OSP:BUSP:C667586,pole/42154,st_struct_pedestal/69544
ug_route/166454,OSP:BUSP:C650257,st_struct_pedestal/68804,building/51162
ug_route/166455,OSP:BUSP:C670820,st_struct_pedestal/67344,st_struct_pedestal/67157
ug_route/166456,OSP:BUSP:C650343,st_struct_pedestal/69577,st_struct_pedestal/67291
ug_route/166457,OSP:BUSP:C656905,st_struct_pedestal/69624,building/51357
ug_route/166458,OSP:BUSP:C660664,st_struct_pedestal/70551,building/51319
ug_route/166459,OSP:BUSP:C666985,st_struct_pedestal/70109,st_struct_pedestal/69545
ug_route/166460,OSP:BUSP:C671148,st_struct_pedestal/68897,building/50746
ug_route/166461,OSP:BUSP:C664816,st_struct_pedestal/69235,st_struct_pedestal/69759
ug_route/166462,OSP:BUSP:C658207,st_struct_pedestal/68424,st_struct_pedestal/68899
ug_route/166463,OSP:BUSP:C660116,st_struct_pedestal/69201,st_struct_pedestal/68081
ug_route/166464,OSP:BUSP:C655121,st_struct_pedestal/69680,st_struct_pedestal/68809
ug_route/166465,OSP:BUSP:C660632,st_struct_pedestal/69012,st_struct_pedestal/68683
ug_route/166466,OSP:BUSP:C651385,st_struct_pedestal/70208,building/48831
ug_route/166467,OSP:FORSP::16944902,st_struct_vault/2444,st_struct_vault/2471
ug_route/166468,OSP:BUSP:C667015,st_struct_pedestal/68899,mywcom_route_junction/22024
ug_route/166469,OSP:BUSP::8399177,st_struct_pedestal/67301,st_struct_pedestal/69603
ug_route/166470,OSP:BUSP:C704886,pole/41235,st_struct_pedestal/69917
ug_route/166471,OSP:BUSP:C663476,st_struct_pedestal/70279,st_struct_pedestal/69699
ug_route/166472,OSP:FBSP:C709983,st_struct_buried_splice_location/2680,building/49215
ug_route/166473,OSP:BUSP:C651185,mywcom_route_junction/21375,mywcom_route_junction/21659
ug_route/166474,OSP:BUSP:C657432,st_struct_pedestal/70269,building/50544
ug_route/166475,OSP:BUSP::15006018,st_struct_pedestal/69988,st_struct_pedestal/68164
ug_route/166476,OSP:BUSP:C660074,st_struct_pedestal/68026,st_struct_pedestal/70215
ug_route/166477,OSP:BUSP:C705956,st_struct_pedestal/69807,st_struct_pedestal/69008
ug_route/166478,OSP:BUSP:C656740,st_struct_pedestal/67629,building/50839
ug_route/166479,OSP:BUSP:C660084,st_struct_pedestal/68026,st_struct_pedestal/70215
ug_route/166480,OSP:BUSP:C653794,st_struct_pedestal/68593,st_struct_pedestal/70812
ug_route/166481,OSP:BUSP:C643409,st_struct_pedestal/67382,building/50588
ug_route/166482,OSP:BUSP:C652008,st_struct_pedestal/67503,st_struct_pedestal/67340
ug_route/166483,OSP:BUSP:C639077,st_struct_pedestal/68036,st_struct_pedestal/67952
ug_route/166484,OSP:BUSP:C665770,mywcom_route_junction/21547,mywcom_route_junction/21501
ug_route/166485,OSP:BUSP:C658445,st_struct_pedestal/68150,st_struct_pedestal/68296
ug_route/166486,OSP:BUSP:C652770,st_struct_pedestal/69610,st_struct_pedestal/68745
ug_route/166487,OSP:BUSP:C641377,st_struct_pedestal/67929,building/49166
ug_route/166488,OSP:BUSP:C667265,st_struct_pedestal/67408,st_struct_pedestal/69368
ug_route/166489,OSP:BUSP::16684084,st_struct_pedestal/68233,st_struct_pedestal/68716
ug_route/166490,OSP:BUSP:C654844,mywcom_route_junction/21360,mywcom_route_junction/21684
ug_route/166491,OSP:BUSP::12070648,st_struct_pedestal/67817,st_struct_pedestal/68364
ug_route/166492,OSP:BUSP::8575503,mywcom_route_junction/21790,cabinet/2486
ug_route/166493,OSP:FBSP:C650447,st_struct_pedestal/69268,building/51452
ug_route/166494,OSP:BUSP:C642099,st_struct_pedestal/69975,st_struct_pedestal/70690
ug_route/166495,OSP:BUSP:C664392,st_struct_pedestal/68566,st_struct_pedestal/67694
ug_route/166496,OSP:BUSP:C667672,cabinet/2466,st_struct_pedestal/68988
ug_route/166497,OSP:BUSP:C656026,st_struct_pedestal/68640,st_struct_pedestal/68243
ug_route/166498,OSP:BUSP:C659559,st_struct_pedestal/67841,st_struct_pedestal/68704
ug_route/166499,OSP:FBSP:C670269,st_struct_pedestal/67788,building/49109
ug_route/166500,OSP:BUSP:C659514,st_struct_pedestal/68029,building/49234
ug_route/166501,OSP:BUSP:C642286,st_struct_pedestal/69975,st_struct_pedestal/70690
ug_route/166502,OSP:BUSP:C659834,st_struct_pedestal/69638,st_struct_pedestal/69765
ug_route/166503,OSP:BUSP:C648348,st_struct_pedestal/68529,st_struct_pedestal/67397
ug_route/166504,OSP:BUSP:C660878,st_struct_pedestal/67408,building/49694
ug_route/166505,OSP:BUSP:C658961,st_struct_pedestal/68530,building/51358
ug_route/166506,OSP:BUSP:C663667,st_struct_pedestal/69991,st_struct_pedestal/70147
ug_route/166507,OSP:BUSP:C706910,st_struct_pedestal/68847,st_struct_pedestal/67301
ug_route/166508,OSP:BUSP:C639216,st_struct_pedestal/69449,building/50327
ug_route/166509,OSP:BUSP:C645838,st_struct_pedestal/70150,st_struct_pedestal/67589
ug_route/166510,OSP:BUSP:C642136,st_struct_pedestal/68101,st_struct_buried_splice_location/2692
ug_route/166511,OSP:BUSP::9498785,mywcom_route_junction/21496,mywcom_route_junction/21988
ug_route/166512,OSP:BUSP::8369743,cabinet/2499,mywcom_route_junction/21425
ug_route/166513,OSP:BUSP:C671093,st_struct_pedestal/70661,st_struct_pedestal/68475
ug_route/166514,OSP:BUSP:C682035,st_struct_buried_splice_location/2677,building/50716
ug_route/166515,OSP:BUSP:C665721,st_struct_pedestal/69330,st_struct_pedestal/68337
ug_route/166516,OSP:BUSP:C653474,st_struct_pedestal/70742,st_struct_pedestal/70088
ug_route/166517,OSP:BUSP::13616262,cabinet/2524,st_struct_pedestal/68475
ug_route/166518,OSP:BUSP:C708273,mywcom_route_junction/20955,building/50085
ug_route/166519,OSP:BUSP:C659927,st_struct_pedestal/67713,st_struct_pedestal/68045
ug_route/166520,OSP:BUSP:C651318,st_struct_pedestal/68568,building/50492
ug_route/166521,OSP:BUSP::8424132,st_struct_pedestal/67151,st_struct_pedestal/69821
ug_route/166522,OSP:BUSP:C660023,st_struct_pedestal/68214,st_struct_pedestal/69875
ug_route/166523,OSP:BUSP::8399816,st_struct_pedestal/68045,st_struct_pedestal/67713
ug_route/166524,OSP:BUSP:C654723,st_struct_pedestal/70644,building/49556
ug_route/166525,OSP:BUSP:C641584,st_struct_pedestal/70139,building/49841
ug_route/166526,OSP:BUSP:C705140,st_struct_pedestal/69602,st_struct_pedestal/67438
ug_route/166527,OSP:BUSP:C642494,st_struct_pedestal/68713,st_struct_pedestal/67972
ug_route/166528,OSP:BUSP:C640282,st_struct_pedestal/70144,building/51235
ug_route/166529,OSP:FBSP::8950871,st_struct_pedestal/68706,mywcom_route_junction/21332
ug_route/166530,OSP:BUSP:C668237,st_struct_pedestal/69330,st_struct_pedestal/68337
ug_route/166531,OSP:BUSP:C683362,st_struct_pedestal/67059,st_struct_pedestal/69229
ug_route/166532,OSP:BUSP:C656584,st_struct_buried_splice_location/2731,st_struct_pedestal/68051
ug_route/166533,OSP:BUSP:C711841,st_struct_pedestal/69373,st_struct_pedestal/69005
ug_route/166534,OSP:BUSP:C657931,st_struct_pedestal/68794,st_struct_pedestal/68689
ug_route/166535,OSP:BUSP:C640310,st_struct_pedestal/68372,st_struct_pedestal/68512
ug_route/166536,OSP:BUSP:C642338,st_struct_pedestal/70341,st_struct_pedestal/69176
ug_route/166537,OSP:BUSP::7622218,st_struct_pedestal/69856,building/49029
ug_route/166538,OSP:BUSP:C649654,st_struct_pedestal/68529,st_struct_pedestal/67397
ug_route/166539,OSP:BUSP:C662200,st_struct_pedestal/67188,st_struct_pedestal/69684
ug_route/166540,OSP:BUSP::8440467,cabinet/2445,st_struct_pedestal/67347
ug_route/166541,OSP:BUSP::8906056,mywcom_route_junction/21253,st_struct_pedestal/68716
ug_route/166542,OSP:BUSP:C668875,st_struct_pedestal/68752,pole/41819
ug_route/166543,OSP:BUSP:C650638,st_struct_pedestal/70411,building/49255
ug_route/166544,OSP:BUSP:C657887,st_struct_pedestal/70242,st_struct_pedestal/68990
ug_route/166545,OSP:FORSP::16949400,st_struct_vault/2447,st_struct_vault/2439
ug_route/166546,OSP:BUSP:C657884,st_struct_pedestal/70242,st_struct_pedestal/68990
ug_route/166547,OSP:BUSP:C665160,st_struct_pedestal/69145,st_struct_pedestal/67377
ug_route/166548,OSP:BUSP:C704830,st_struct_pedestal/68372,st_struct_pedestal/68512
ug_route/166549,OSP:BUSP::8397596,st_struct_pedestal/67327,st_struct_pedestal/70209
ug_route/166550,OSP:FORSP::16938501,st_struct_vault/2480,st_struct_vault/2437
ug_route/166551,OSP:BUSP:C652020,st_struct_pedestal/69310,building/48923
ug_route/166552,OSP:FBSP:C708024,st_struct_pedestal/69959,building/49824
ug_route/166553,OSP:BUSP:C661616,st_struct_pedestal/68993,building/50411
ug_route/166554,OSP:BUSP:C646667,st_struct_pedestal/68426,building/50330
ug_route/166555,OSP:BUSP:C670338,st_struct_pedestal/67176,st_struct_pedestal/70784
ug_route/166556,OSP:BUSP:C656127,st_struct_pedestal/70328,building/51245
ug_route/166557,OSP:BUSP:C646830,mywcom_route_junction/21089,mywcom_route_junction/21608
ug_route/166558,OSP:BUSP:C650237,st_struct_pedestal/68804,st_struct_pedestal/70762
ug_route/166559,OSP:BUSP::10227743,mywcom_route_junction/21330,st_struct_pedestal/67656
ug_route/166560,OSP:FBSP:C709579,st_struct_pedestal/70583,building/49711
ug_route/166561,OSP:BUSP:C707557,st_struct_pedestal/67338,st_struct_pedestal/70652
ug_route/166562,OSP:BUSP:C682207,st_struct_pedestal/69318,st_struct_buried_splice_location/2650
ug_route/166563,OSP:BUSP:C653139,st_struct_pedestal/67072,building/49729
ug_route/166564,OSP:FORSP::16954838,mywcom_route_junction/20969,st_struct_vault/2481
ug_route/166565,OSP:BUSP:C670350,st_struct_pedestal/67176,st_struct_pedestal/70784
ug_route/166566,OSP:BUSP:C668523,st_struct_pedestal/68192,building/49859
ug_route/166567,OSP:BUSP::8573894,st_struct_pedestal/70263,st_struct_pedestal/67039
ug_route/166568,OSP:BUSP:C711738,st_struct_pedestal/67656,st_struct_pedestal/68666
ug_route/166569,OSP:BUSP:C650247,st_struct_pedestal/68804,st_struct_pedestal/70762
ug_route/166570,OSP:BUSP:C639084,st_struct_pedestal/68036,building/51416
ug_route/166571,OSP:BUSP:C656936,st_struct_pedestal/70781,st_struct_pedestal/67819
ug_route/166572,OSP:BUSP:C708150,st_struct_pedestal/67214,st_struct_pedestal/69681
ug_route/166573,OSP:BUSP:C657913,st_struct_pedestal/67143,building/50732
ug_route/166574,OSP:BUSP:C648828,st_struct_pedestal/67098,building/49089
ug_route/166575,OSP:BUSP:C646827,mywcom_route_junction/21089,mywcom_route_junction/21608
ug_route/166576,OSP:BUSP:C641571,st_struct_pedestal/67748,st_struct_pedestal/67190
ug_route/166577,OSP:BUSP:C642258,st_struct_pedestal/67443,building/49622
ug_route/166578,OSP:BUSP::7622222,st_struct_pedestal/70486,st_struct_pedestal/69070
ug_route/166579,OSP:BUSP:C639065,st_struct_pedestal/67952,building/49989
ug_route/166580,OSP:BUSP:C640133,st_struct_pedestal/69809,st_struct_pedestal/70754
ug_route/166581,OSP:BUSP::12882484,mywcom_route_junction/21857,mywcom_route_junction/21269
ug_route/166582,OSP:BUSP:C706890,st_struct_pedestal/69640,mywcom_route_junction/21948
ug_route/166583,OSP:BUSP:C669951,st_struct_pedestal/69438,st_struct_pedestal/69195
ug_route/166584,OSP:BUSP:C670405,st_struct_pedestal/68172,building/49001
ug_route/166585,OSP:BUSP:C641919,st_struct_pedestal/67748,st_struct_pedestal/67190
ug_route/166586,OSP:BUSP:C658211,st_struct_pedestal/68899,building/50340
ug_route/166587,OSP:BUSP:C670352,st_struct_pedestal/67176,st_struct_pedestal/70784
ug_route/166588,OSP:BUSP::13250821,mywcom_route_junction/21579,st_struct_pedestal/67367
ug_route/166589,OSP:BUSP:C641746,st_struct_pedestal/68075,st_struct_pedestal/68206
ug_route/166590,OSP:BUSP:C670503,st_struct_pedestal/67746,building/50780
ug_route/166591,OSP:BUSP:C708096,st_struct_pedestal/67045,st_struct_pedestal/67608
ug_route/166592,OSP:BUSP:C660121,st_struct_pedestal/68081,st_struct_pedestal/70780
ug_route/166593,OSP:BUSP::14929851,mywcom_route_junction/21263,mywcom_route_junction/21215
ug_route/166594,OSP:BUSP:C659760,st_struct_buried_splice_location/2704,st_struct_pedestal/69026
ug_route/166595,OSP:BUSP::7941252,st_struct_pedestal/69505,st_struct_pedestal/67097
ug_route/166596,OSP:BUSP:C669866,st_struct_pedestal/70725,st_struct_pedestal/68812
ug_route/166597,OSP:BUSP:C670509,st_struct_pedestal/67746,building/50780
ug_route/166598,OSP:BUSP:C689239,st_struct_pedestal/67982,st_struct_pedestal/70034
ug_route/166599,OSP:BUSP:C670664,st_struct_pedestal/69242,st_struct_pedestal/68183
ug_route/166600,OSP:BUSP:C657434,st_struct_pedestal/70269,st_struct_pedestal/68074
ug_route/166601,OSP:BUSP:C666975,st_struct_pedestal/67804,st_struct_pedestal/67277
ug_route/166602,OSP:BUSP:C665695,st_struct_pedestal/68843,building/50426
ug_route/166603,OSP:BUSP:C641711,st_struct_pedestal/68075,st_struct_pedestal/68206
ug_route/166604,OSP:BUSP:C646057,st_struct_pedestal/69108,st_struct_pedestal/69576
ug_route/166605,OSP:FBSP:C669043,st_struct_pedestal/68441,building/48902
ug_route/166606,OSP:BUSP:C639792,st_struct_pedestal/67418,building/50816
ug_route/166607,OSP:BUSP:C708302,st_struct_pedestal/67533,st_struct_pedestal/70633
ug_route/166608,OSP:BUSP:C648240,st_struct_pedestal/69579,building/49174
ug_route/166609,OSP:BUSP:C708303,st_struct_pedestal/67533,st_struct_pedestal/70633
ug_route/166610,OSP:BUSP:C660823,st_struct_pedestal/70813,st_struct_pedestal/68830
ug_route/166611,OSP:BUSP::8348932,st_struct_pedestal/69792,st_struct_pedestal/70584
ug_route/166612,OSP:BUSP:C661628,st_struct_pedestal/68915,st_struct_pedestal/69214
ug_route/166613,OSP:BUSP:C708304,st_struct_pedestal/67533,st_struct_pedestal/70633
ug_route/166614,OSP:BUSP:C660062,st_struct_pedestal/67193,building/50393
ug_route/166615,OSP:BUSP::8402717,mywcom_route_junction/21233,cabinet/2482
ug_route/166616,OSP:BUSP:C645094,st_struct_pedestal/68241,st_struct_pedestal/69446
ug_route/166617,OSP:BUSP:C657435,st_struct_pedestal/70269,st_struct_pedestal/68074
ug_route/166618,OSP:BUSP:C683158,st_struct_pedestal/70701,building/50218
ug_route/166619,OSP:BUSP:C653471,st_struct_pedestal/67177,st_struct_pedestal/70742
ug_route/166620,OSP:BUSP:C646064,st_struct_pedestal/69108,st_struct_pedestal/69576
ug_route/166621,OSP:BUSP:C656871,st_struct_pedestal/70140,building/48778
ug_route/166622,OSP:FORSP::16949397,st_struct_vault/2485,st_struct_vault/2453
ug_route/166623,OSP:BUSP::9738424,st_struct_pedestal/67475,st_struct_pedestal/68852
ug_route/166624,OSP:BUSP:C657748,st_struct_pedestal/68937,st_struct_pedestal/67532
ug_route/166625,OSP:BUSP:C682041,st_struct_pedestal/67582,building/48728
ug_route/166626,OSP:BUSP:C671132,st_struct_pedestal/68897,st_struct_pedestal/70255
ug_route/166627,OSP:FORSP::16938500,st_struct_vault/2437,mywcom_route_junction/21885
ug_route/166628,OSP:BUSP:C657575,st_struct_pedestal/70540,building/48933
ug_route/166629,OSP:BUSP:C657747,st_struct_pedestal/68937,st_struct_pedestal/67532
ug_route/166630,OSP:BUSP:C639784,st_struct_pedestal/68003,building/50362
ug_route/166631,OSP:BUSP:C671209,st_struct_pedestal/68454,st_struct_pedestal/70340
ug_route/166632,OSP:BUSP:C653493,st_struct_pedestal/67177,st_struct_pedestal/70742
ug_route/166633,OSP:BUSP:C682050,st_struct_pedestal/67971,building/49072
ug_route/166634,OSP:BUSP:C660182,st_struct_pedestal/68591,building/50147
ug_route/166635,OSP:BUSP:C649110,st_struct_pedestal/68061,building/50187
ug_route/166636,OSP:BUSP:C650174,st_struct_pedestal/69236,st_struct_pedestal/68368
ug_route/166637,OSP:BUSP:C709105,st_struct_pedestal/68405,st_struct_pedestal/70407
ug_route/166638,OSP:BUSP:C669577,st_struct_pedestal/68293,st_struct_pedestal/67256
ug_route/166639,OSP:BUSP:C707893,st_struct_pedestal/68742,building/49626
ug_route/166640,OSP:BUSP:C654660,st_struct_pedestal/69377,building/49253
ug_route/166641,OSP:BUSP:C656347,st_struct_buried_splice_location/2620,st_struct_buried_splice_location/2715
ug_route/166642,OSP:BUSP::8711820,st_struct_pedestal/67664,st_struct_pedestal/69758
ug_route/166643,OSP:BUSP:C651134,st_struct_pedestal/67108,st_struct_buried_splice_location/2643
ug_route/166644,OSP:BUSP:C661812,st_struct_pedestal/68027,st_struct_pedestal/69509
ug_route/166645,OSP:BUSP:C669025,st_struct_pedestal/70717,building/49574
ug_route/166646,OSP:BUSP:C656381,st_struct_buried_splice_location/2620,st_struct_buried_splice_location/2715
ug_route/166647,OSP:BUSP::8711821,st_struct_pedestal/67664,st_struct_pedestal/69758
ug_route/166648,OSP:BUSP:C652648,st_struct_pedestal/70648,building/51336
ug_route/166649,OSP:BUSP:C655134,st_struct_pedestal/69507,building/49488
ug_route/166650,OSP:BUSP:C660158,st_struct_buried_splice_location/2726,st_struct_pedestal/69381
ug_route/166651,OSP:BUSP:C664369,st_struct_pedestal/68166,st_struct_pedestal/68064
ug_route/166652,OSP:BUSP:C648932,st_struct_pedestal/68263,building/51160
ug_route/166653,OSP:BUSP::12612770,mywcom_route_junction/21479,mywcom_route_junction/21026
ug_route/166654,OSP:BUSP::8591495,mywcom_route_junction/21586,mywcom_route_junction/21195
ug_route/166655,OSP:BUSP:C652789,st_struct_pedestal/70791,building/50106
ug_route/166656,OSP:BUSP:C641569,st_struct_pedestal/67961,building/49039
ug_route/166657,OSP:BUSP:C669940,cabinet/2466,pole/42152
ug_route/166658,OSP:FBSP:C669055,st_struct_pedestal/68441,building/48902
ug_route/166659,OSP:BUSP:C646956,st_struct_pedestal/68677,building/49023
ug_route/166660,OSP:BUSP:C654431,st_struct_pedestal/70072,st_struct_pedestal/69192
ug_route/166661,OSP:BUSP:C671204,st_struct_pedestal/68334,st_struct_pedestal/70340
ug_route/166662,OSP:BUSP:C711681,mywcom_route_junction/21927,st_struct_pedestal/69371
ug_route/166663,OSP:BUSP:C656050,st_struct_pedestal/67103,st_struct_pedestal/68974
ug_route/166664,OSP:BUSP:C650380,st_struct_pedestal/68954,st_struct_pedestal/70688
ug_route/166665,OSP:BUSP:C653687,st_struct_pedestal/67895,building/49078
ug_route/166666,OSP:BUSP:C671045,st_struct_pedestal/69442,building/49187
ug_route/166667,OSP:FBSP:C705176,building/48726,mywcom_route_junction/21463
ug_route/166668,OSP:BUSP:C655190,st_struct_pedestal/70212,st_struct_pedestal/70114
ug_route/166669,OSP:BUSP:C663443,st_struct_pedestal/69698,st_struct_pedestal/69065
ug_route/166670,OSP:BUSP:C638807,st_struct_pedestal/68301,st_struct_pedestal/68191
ug_route/166671,OSP:BUSP:C658533,st_struct_pedestal/69409,mywcom_route_junction/21339
ug_route/166672,OSP:BUSP:C650485,st_struct_pedestal/68012,building/50649
ug_route/166673,OSP:BUSP:C655625,st_struct_pedestal/67711,st_struct_pedestal/67757
ug_route/166674,OSP:BUSP:C647711,st_struct_pedestal/67589,st_struct_pedestal/67250
ug_route/166675,OSP:BUSP:C655327,st_struct_pedestal/67280,st_struct_pedestal/69313
ug_route/166676,OSP:BUSP::9523703,st_struct_pedestal/69237,st_struct_pedestal/68718
ug_route/166677,OSP:BUSP:C659966,st_struct_pedestal/70217,st_struct_pedestal/68479
ug_route/166678,OSP:BUSP:C710190,st_struct_pedestal/69764,st_struct_pedestal/70318
ug_route/166679,OSP:BUSP:C652793,st_struct_pedestal/70791,st_struct_pedestal/67427
ug_route/166680,OSP:BUSP:C708120,st_struct_pedestal/69509,st_struct_pedestal/69043
ug_route/166681,OSP:BUSP::11470930,st_struct_pedestal/68078,st_struct_pedestal/70115
ug_route/166682,OSP:BUSP:C657112,st_struct_pedestal/70019,st_struct_pedestal/68402
ug_route/166683,OSP:BUSP:C650636,st_struct_pedestal/70411,building/50110
ug_route/166684,OSP:BUSP:C707034,pole/41692,st_struct_pedestal/69889
ug_route/166685,OSP:FBSP::12937530,building/48788,building/49920
ug_route/166686,OSP:BUSP:C705238,st_struct_pedestal/68460,st_struct_pedestal/67910
ug_route/166687,OSP:BUSP:C657124,st_struct_pedestal/70019,st_struct_pedestal/68402
ug_route/166688,OSP:BUSP:C647203,st_struct_pedestal/68450,building/50777
ug_route/166689,OSP:BUSP:C655387,st_struct_pedestal/67280,st_struct_pedestal/69313
ug_route/166690,OSP:BUSP:C652960,st_struct_pedestal/69376,st_struct_pedestal/69723
ug_route/166691,OSP:BUSP:C640966,st_struct_pedestal/69575,building/49705
ug_route/166692,OSP:BUSP:C657685,st_struct_pedestal/70077,st_struct_pedestal/70638
ug_route/166693,OSP:BUSP:C665814,st_struct_pedestal/67377,st_struct_pedestal/68894
ug_route/166694,OSP:BUSP:C644112,st_struct_pedestal/69089,mywcom_route_junction/21528
ug_route/166695,OSP:BUSP:C641407,st_struct_buried_splice_location/2626,st_struct_pedestal/69016
ug_route/166696,OSP:BUSP:C640238,st_struct_pedestal/69566,building/49698
ug_route/166697,OSP:BUSP:C657132,st_struct_pedestal/70019,st_struct_pedestal/68402
ug_route/166698,OSP:FBSP:C708057,st_struct_pedestal/70114,building/50445
ug_route/166699,OSP:BUSP:C658005,st_struct_pedestal/68001,building/50450
ug_route/166700,OSP:BUSP:C711847,st_struct_pedestal/67928,st_struct_pedestal/69222
ug_route/166701,OSP:BUSP::15996737,st_struct_pedestal/67838,st_struct_pedestal/68917
ug_route/166702,OSP:BUSP:C645689,st_struct_pedestal/70400,st_struct_pedestal/68165
ug_route/166703,OSP:FBSP:C660522,st_struct_pedestal/67206,building/50185
ug_route/166704,OSP:BUSP:C638860,st_struct_pedestal/70530,st_struct_pedestal/67191
ug_route/166705,OSP:BUSP:C670703,st_struct_pedestal/67320,st_struct_pedestal/67674
ug_route/166706,OSP:BUSP:C669072,st_struct_pedestal/68440,st_struct_pedestal/68126
ug_route/166707,OSP:BUSP:C709059,st_struct_pedestal/69994,st_struct_pedestal/70179
ug_route/166708,OSP:BUSP:C669078,st_struct_pedestal/68440,st_struct_pedestal/68126
ug_route/166709,OSP:BUSP:C669070,st_struct_pedestal/67077,st_struct_pedestal/69360
ug_route/166710,OSP:BUSP:C644122,st_struct_pedestal/68048,st_struct_buried_splice_location/2671
ug_route/166711,OSP:BUSP:C681570,st_struct_pedestal/68929,building/50230
ug_route/166712,OSP:BUSP::13026233,st_struct_pedestal/67405,st_struct_pedestal/68851
ug_route/166713,OSP:BUSP:C659057,st_struct_pedestal/67504,building/49063
ug_route/166714,OSP:BUSP::8603338,st_struct_pedestal/67258,st_struct_pedestal/67384
ug_route/166715,OSP:BUSP:C646610,mywcom_route_junction/21687,st_struct_pedestal/70142
ug_route/166716,OSP:BUSP:C645716,st_struct_pedestal/70400,st_struct_pedestal/68165
ug_route/166717,OSP:BUSP:C670507,st_struct_pedestal/67306,building/49478
ug_route/166718,OSP:BUSP:C648964,pole/41198,st_struct_pedestal/68040
ug_route/166719,OSP:BUSP:C658087,st_struct_pedestal/68548,building/50328
ug_route/166720,OSP:BUSP:C670402,st_struct_pedestal/67077,st_struct_pedestal/69360
ug_route/166721,OSP:BUSP:C670662,st_struct_pedestal/67320,st_struct_pedestal/68183
ug_route/166722,OSP:BUSP:C653822,st_struct_pedestal/70810,building/51042
ug_route/166723,OSP:BUSP:C641510,st_struct_pedestal/69736,building/50248
ug_route/166724,OSP:BUSP::9737781,st_struct_pedestal/68580,st_struct_pedestal/67475
ug_route/166725,OSP:BUSP:C650875,st_struct_pedestal/70410,st_struct_pedestal/67396
ug_route/166726,OSP:BUSP:C654665,st_struct_pedestal/68835,st_struct_pedestal/67482
ug_route/166727,OSP:BUSP:C665949,st_struct_buried_splice_location/2647,st_struct_pedestal/67634
ug_route/166728,OSP:BUSP:C689252,st_struct_pedestal/70118,building/50322
ug_route/166729,OSP:BUSP:C665615,st_struct_pedestal/67545,building/50083
ug_route/166730,OSP:BUSP:C670403,st_struct_pedestal/69360,st_struct_pedestal/67077
ug_route/166731,OSP:BUSP:C660164,st_struct_pedestal/69992,st_struct_pedestal/70416
ug_route/166732,OSP:BUSP:C654669,st_struct_pedestal/68835,st_struct_pedestal/67482
ug_route/166733,OSP:BUSP:C648793,st_struct_pedestal/69328,building/51368
ug_route/166734,OSP:BUSP:C652011,st_struct_pedestal/67340,st_struct_pedestal/70268
ug_route/166735,OSP:BUSP:C650929,st_struct_pedestal/67396,st_struct_pedestal/70410
ug_route/166736,OSP:BUSP:C658213,st_struct_pedestal/68899,st_struct_buried_splice_location/2729
ug_route/166737,OSP:BUSP:C646955,st_struct_pedestal/68677,building/51479
ug_route/166738,OSP:BUSP:C660050,st_struct_pedestal/67713,st_struct_pedestal/70635
ug_route/166739,OSP:BUSP:C641994,st_struct_pedestal/67354,building/49687
ug_route/166740,OSP:BUSP:C647275,st_struct_pedestal/68142,building/51280
ug_route/166741,OSP:BUSP::12034973,st_struct_buried_splice_location/2700,building/49548
ug_route/166742,OSP:BUSP:C654785,st_struct_pedestal/67590,st_struct_pedestal/68836
ug_route/166743,OSP:BUSP:C639444,st_struct_pedestal/69182,building/49302
ug_route/166744,OSP:BUSP:C656349,st_struct_buried_splice_location/2715,st_struct_pedestal/70393
ug_route/166745,OSP:BUSP:C659513,st_struct_pedestal/68993,building/49888
ug_route/166746,OSP:BUSP:C660019,st_struct_pedestal/67743,st_struct_pedestal/70418
ug_route/166747,OSP:BUSP:C665772,mywcom_route_junction/21219,mywcom_route_junction/21033
ug_route/166748,OSP:BUSP:C646954,st_struct_pedestal/68677,building/49471
ug_route/166749,OSP:BUSP:C641768,st_struct_pedestal/67070,st_struct_pedestal/68519
ug_route/166750,OSP:BUSP:C668550,st_struct_pedestal/68192,building/49695
ug_route/166751,OSP:BUSP:C641419,st_struct_pedestal/68255,building/51238
ug_route/166752,OSP:BUSP:C657922,st_struct_pedestal/70182,st_struct_pedestal/68378
ug_route/166753,OSP:BUSP:C705513,st_struct_pedestal/67891,st_struct_pedestal/67704
ug_route/166754,OSP:BUSP:C651137,st_struct_buried_splice_location/2643,st_struct_pedestal/68670
ug_route/166755,OSP:BUSP:C653624,st_struct_pedestal/70104,st_struct_buried_splice_location/2656
ug_route/166756,OSP:BUSP:C654820,st_struct_pedestal/69520,st_struct_pedestal/67283
ug_route/166757,OSP:BUSP:C652004,st_struct_pedestal/69769,building/50283
ug_route/166758,OSP:BUSP:C706653,st_struct_pedestal/68946,st_struct_pedestal/67848
ug_route/166759,OSP:BUSP:D8183764,st_struct_pedestal/68914,mywcom_route_junction/21177
ug_route/166760,OSP:BUSP:C639725,st_struct_pedestal/68777,building/49955
ug_route/166761,OSP:BUSP:C660569,st_struct_pedestal/67585,building/51141
ug_route/166762,OSP:BUSP:C642108,st_struct_pedestal/67951,building/49438
ug_route/166763,OSP:BUSP:C641278,st_struct_pedestal/70391,st_struct_pedestal/67339
ug_route/166764,OSP:BUSP:C660815,st_struct_pedestal/67663,st_struct_pedestal/68867
ug_route/166765,OSP:BUSP:C657962,st_struct_pedestal/68470,st_struct_pedestal/67807
ug_route/166766,OSP:BUSP:C659562,st_struct_pedestal/68029,st_struct_pedestal/67419
ug_route/166767,OSP:BUSP:C660898,st_struct_pedestal/69390,building/49317
ug_route/166768,OSP:BUSP::13304902,mywcom_route_junction/21869,st_struct_pedestal/69981
ug_route/166769,OSP:BUSP:C651690,st_struct_pedestal/68253,building/50822
ug_route/166770,OSP:BUSP:C647450,st_struct_pedestal/68142,st_struct_pedestal/67309
ug_route/166771,OSP:BUSP:C649698,st_struct_pedestal/68387,st_struct_pedestal/68300
ug_route/166772,OSP:BUSP:C660556,mywcom_route_junction/21027,mywcom_route_junction/21761
ug_route/166773,OSP:BUSP::9290693,st_struct_pedestal/67771,mywcom_route_junction/21384
ug_route/166774,OSP:FORSP::14710324,st_struct_vault/2438,mywcom_route_junction/21193
ug_route/166775,OSP:BUSP::8366856,st_struct_pedestal/67353,cabinet/2448
ug_route/166776,OSP:BUSP::7912802,st_struct_pedestal/67848,building/51281
ug_route/166777,OSP:BUSP:C708215,st_struct_pedestal/70634,building/50952
ug_route/166778,OSP:BUSP:C670541,st_struct_pedestal/67437,mywcom_route_junction/20958
ug_route/166779,OSP:BUSP:C642095,st_struct_pedestal/69975,building/50882
ug_route/166780,OSP:BUSP:C671121,st_struct_pedestal/67762,st_struct_pedestal/68796
ug_route/166781,OSP:BUSP:C656622,st_struct_pedestal/68051,building/51147
ug_route/166782,OSP:BUSP:C665179,mywcom_route_junction/21258,mywcom_route_junction/21746
ug_route/166783,OSP:BUSP:C681675,st_struct_pedestal/67494,building/49074
ug_route/166784,OSP:BUSP:C704916,pole/41112,st_struct_pedestal/70253
ug_route/166785,OSP:BUSP::8489745,st_struct_pedestal/69072,cabinet/2466
ug_route/166786,OSP:BUSP:C645287,st_struct_pedestal/70070,st_struct_pedestal/67874
ug_route/166787,OSP:BUSP:C660959,st_struct_pedestal/68775,st_struct_pedestal/69654
ug_route/166788,OSP:BUSP:C653048,st_struct_pedestal/68067,building/49334
ug_route/166789,OSP:BUSP:C633960,st_struct_pedestal/69206,st_struct_pedestal/67580
ug_route/166790,OSP:BUSP::8603339,st_struct_pedestal/67384,st_struct_pedestal/69608
ug_route/166791,OSP:BUSP:C643473,st_struct_pedestal/70219,st_struct_pedestal/69569
ug_route/166792,OSP:BUSP:C705987,pole/41515,st_struct_pedestal/70109
ug_route/166793,OSP:BUSP:C669987,st_struct_buried_splice_location/2646,building/49935
ug_route/166794,OSP:BUSP:C651986,st_struct_pedestal/68550,st_struct_pedestal/68526
ug_route/166795,OSP:BUSP::16059134,pole/42257,st_struct_pedestal/70225
ug_route/166796,OSP:BUSP:C661201,st_struct_pedestal/70415,building/49531
ug_route/166797,OSP:BUSP:C643510,st_struct_pedestal/70219,st_struct_pedestal/69569
ug_route/166798,OSP:BUSP:C659989,st_struct_pedestal/68007,st_struct_pedestal/70156
ug_route/166799,OSP:BUSP:C642105,st_struct_pedestal/67951,building/50241
ug_route/166800,OSP:BUSP:C643495,st_struct_pedestal/70219,building/50171
ug_route/166801,OSP:BUSP:C708379,st_struct_pedestal/70340,st_struct_pedestal/69592
ug_route/166802,OSP:BUSP::8447823,st_struct_pedestal/68914,st_struct_pedestal/68752
ug_route/166803,OSP:BUSP:C657985,st_struct_pedestal/70709,st_struct_pedestal/70039
ug_route/166804,OSP:BUSP:C704808,st_struct_pedestal/69685,building/51458
ug_route/166805,OSP:BUSP:C660560,st_struct_pedestal/68998,building/49926
ug_route/166806,OSP:BUSP:C656337,st_struct_pedestal/70709,st_struct_pedestal/70039
ug_route/166807,OSP:BUSP:C647611,pole/41352,st_struct_pedestal/70137
ug_route/166808,OSP:BUSP:C653136,st_struct_pedestal/69262,st_struct_pedestal/69885
ug_route/166809,OSP:BUSP:C642103,pole/41673,st_struct_pedestal/67951
ug_route/166810,OSP:BUSP:C652002,st_struct_pedestal/69769,building/50086
ug_route/166811,OSP:BUSP::7941256,st_struct_pedestal/69706,st_struct_pedestal/70289
ug_route/166812,OSP:BUSP:C633983,st_struct_pedestal/69206,st_struct_pedestal/67580
ug_route/166813,OSP:BUSP:C638808,st_struct_pedestal/67537,st_struct_pedestal/69432
ug_route/166814,OSP:BUSP:C653001,st_struct_pedestal/69262,st_struct_pedestal/69885
ug_route/166815,OSP:BUSP:C645102,building/49183,mywcom_route_junction/21660
ug_route/166816,OSP:BUSP:C655206,st_struct_pedestal/70227,building/49288
ug_route/166817,OSP:BUSP:C660126,st_struct_pedestal/67569,st_struct_pedestal/69992
ug_route/166818,OSP:BUSP:C659516,st_struct_pedestal/69806,building/49592
ug_route/166819,OSP:BUSP:C646960,st_struct_pedestal/70316,building/49146
ug_route/166820,OSP:BUSP:C660636,st_struct_pedestal/67585,mywcom_route_junction/20932
ug_route/166821,OSP:BUSP:C641365,mywcom_route_junction/21608,st_struct_buried_splice_location/2626
ug_route/166822,OSP:BUSP:C709822,st_struct_pedestal/69325,mywcom_route_junction/21458
ug_route/166823,OSP:BUSP:C705986,pole/41515,st_struct_pedestal/67040
ug_route/166824,OSP:BUSP:C660136,st_struct_pedestal/67569,st_struct_pedestal/69992
ug_route/166825,OSP:BUSP:C708207,st_struct_pedestal/68717,mywcom_route_junction/21702
ug_route/166826,OSP:BUSP:C708173,st_struct_pedestal/70730,st_struct_pedestal/69231
ug_route/166827,OSP:BUSP:C651033,st_struct_pedestal/68131,building/48767
ug_route/166828,OSP:BUSP:C708220,st_struct_pedestal/69631,st_struct_pedestal/67812
ug_route/166829,OSP:BUSP:C670301,st_struct_pedestal/67176,building/50817
ug_route/166830,OSP:BUSP:C659850,st_struct_pedestal/67156,st_struct_pedestal/69765
ug_route/166831,OSP:BUSP:C708156,st_struct_pedestal/68096,st_struct_pedestal/67856
ug_route/166832,OSP:BUSP::9782261,st_struct_pedestal/67883,building/49441
ug_route/166833,OSP:BUSP:C705912,st_struct_pedestal/69146,st_struct_pedestal/70633
ug_route/166834,OSP:BUSP:C683139,st_struct_pedestal/67144,building/49782
ug_route/166835,OSP:BUSP:C660091,st_struct_pedestal/68844,building/50669
ug_route/166836,OSP:BUSP:C656878,st_struct_pedestal/68252,building/50721
ug_route/166837,OSP:BUSP:C658826,st_struct_pedestal/67995,building/51183
ug_route/166838,OSP:BUSP:C659541,st_struct_pedestal/68042,st_struct_pedestal/68256
ug_route/166839,OSP:BUSP:C652804,st_struct_pedestal/67125,st_struct_pedestal/69688
ug_route/166840,OSP:BUSP:C708342,st_struct_pedestal/70653,st_struct_pedestal/68339
ug_route/166841,OSP:BUSP:C681323,st_struct_pedestal/70568,st_struct_pedestal/67178
ug_route/166842,OSP:BUSP:C659809,st_struct_pedestal/67713,st_struct_pedestal/68045
ug_route/166843,OSP:BUSP:C647427,st_struct_pedestal/70365,building/51267
ug_route/166844,OSP:BUSP:C646856,st_struct_pedestal/69128,building/50949
ug_route/166845,OSP:BUSP::8574873,st_struct_pedestal/70263,pole/41103
ug_route/166846,OSP:BUSP:C659035,st_struct_pedestal/68174,st_struct_pedestal/70811
ug_route/166847,OSP:BUSP:C656195,st_struct_pedestal/68251,building/48771
ug_route/166848,OSP:BUSP:C662670,st_struct_pedestal/69251,st_struct_pedestal/67613
ug_route/166849,OSP:BUSP:C665951,st_struct_pedestal/67634,building/50463
ug_route/166850,OSP:BUSP::8399183,st_struct_pedestal/69640,cabinet/2439
ug_route/166851,OSP:BUSP:C656565,st_struct_pedestal/68164,st_struct_pedestal/68548
ug_route/166852,OSP:BUSP:C656571,st_struct_pedestal/68164,st_struct_pedestal/68548
ug_route/166853,OSP:BUSP:C689234,st_struct_pedestal/68507,st_struct_pedestal/67375
ug_route/166854,OSP:BUSP:C705985,pole/41515,st_struct_pedestal/69889
ug_route/166855,OSP:BUSP:C654654,st_struct_pedestal/69377,building/48932
ug_route/166856,OSP:BUSP:C708334,st_struct_pedestal/67585,building/50312
ug_route/166857,OSP:BUSP:C660887,st_struct_pedestal/69390,st_struct_pedestal/70133
ug_route/166858,OSP:BUSP:C653097,st_struct_pedestal/70531,building/49572
ug_route/166859,OSP:BUSP:C656574,st_struct_pedestal/68164,st_struct_pedestal/68548
ug_route/166860,OSP:BUSP:C681965,st_struct_pedestal/68056,building/49285
ug_route/166861,OSP:BUSP:C708177,st_struct_pedestal/69231,st_struct_pedestal/69544
ug_route/166862,OSP:BUSP:C643066,st_struct_buried_splice_location/2691,st_struct_pedestal/67967
ug_route/166863,OSP:BUSP:C681325,st_struct_pedestal/70568,st_struct_pedestal/67178
ug_route/166864,OSP:BUSP:C671006,st_struct_buried_splice_location/2652,building/49299
ug_route/166865,OSP:BUSP:C657098,st_struct_pedestal/70398,st_struct_pedestal/69767
ug_route/166866,OSP:BUSP:C660573,st_struct_pedestal/67585,building/50312
ug_route/166867,OSP:BUSP:C656950,st_struct_pedestal/69838,building/49886
ug_route/166868,OSP:BUSP:C639054,st_struct_pedestal/69186,st_struct_pedestal/67765
ug_route/166869,OSP:BUSP:C651507,st_struct_pedestal/70462,st_struct_buried_splice_location/2738
ug_route/166870,OSP:BUSP:C647419,st_struct_pedestal/70137,building/50090
ug_route/166871,OSP:BUSP::14701689,st_struct_pedestal/69246,st_struct_pedestal/67429
ug_route/166872,OSP:BUSP:C670578,st_struct_pedestal/67097,st_struct_pedestal/68341
ug_route/166873,OSP:BUSP:C657992,st_struct_pedestal/67429,st_struct_pedestal/69246
ug_route/166874,OSP:BUSP:C658815,st_struct_pedestal/69428,st_struct_pedestal/68622
ug_route/166875,OSP:BUSP:C652910,st_struct_pedestal/68935,building/49361
ug_route/166876,OSP:BUSP:C656210,st_struct_pedestal/68908,building/48897
ug_route/166877,OSP:BUSP::12034971,st_struct_buried_splice_location/2709,building/50867
ug_route/166878,OSP:BUSP:C666036,st_struct_pedestal/68933,st_struct_pedestal/68871
ug_route/166879,OSP:BUSP:C639061,st_struct_pedestal/69186,st_struct_pedestal/67765
ug_route/166880,OSP:BUSP::8399820,st_struct_pedestal/69244,st_struct_pedestal/70470
ug_route/166881,OSP:BUSP:C670417,st_struct_pedestal/68362,building/50457
ug_route/166882,OSP:BUSP:C645329,st_struct_pedestal/68969,st_struct_pedestal/68932
ug_route/166883,OSP:BUSP:C705028,pole/41301,st_struct_pedestal/70263
ug_route/166884,OSP:BUSP:C658905,st_struct_pedestal/69428,st_struct_pedestal/68622
ug_route/166885,OSP:BUSP:C660171,st_struct_pedestal/69992,st_struct_pedestal/68641
ug_route/166886,OSP:BUSP:C645728,st_struct_pedestal/70400,st_struct_pedestal/70352
ug_route/166887,OSP:BUSP:C641486,st_struct_pedestal/69089,st_struct_pedestal/70773
ug_route/166888,OSP:BUSP:C668129,st_struct_pedestal/69992,st_struct_pedestal/68641
ug_route/166889,OSP:BUSP::8575831,mywcom_route_junction/21790,cabinet/2456
ug_route/166890,OSP:BUSP:C681614,st_struct_pedestal/70488,building/49945
ug_route/166891,OSP:BUSP:C670416,st_struct_pedestal/69360,st_struct_pedestal/70745
ug_route/166892,OSP:BUSP:C641527,st_struct_pedestal/69089,st_struct_pedestal/70773
ug_route/166893,OSP:BUSP:C659987,st_struct_pedestal/67906,building/49244
ug_route/166894,OSP:BUSP:C670406,st_struct_pedestal/69360,st_struct_pedestal/70745
ug_route/166895,OSP:BUSP:C641332,st_struct_pedestal/68238,st_struct_pedestal/69258
ug_route/166896,OSP:BUSP:C660798,st_struct_pedestal/67689,building/49200
ug_route/166897,OSP:BUSP:C640917,st_struct_pedestal/67505,building/51443
ug_route/166898,OSP:BUSP:C641541,st_struct_pedestal/68331,building/49701
ug_route/166899,OSP:BUSP:C658166,st_struct_pedestal/67804,st_struct_pedestal/68424
ug_route/166900,OSP:BUSP:C656226,st_struct_pedestal/67125,building/49515
ug_route/166901,OSP:BUSP:C659524,st_struct_pedestal/68042,building/50986
ug_route/166902,OSP:BUSP:C639820,st_struct_pedestal/68381,st_struct_pedestal/69476
ug_route/166903,OSP:BUSP:C658777,st_struct_pedestal/69730,st_struct_pedestal/67818
ug_route/166904,OSP:BUSP:C649212,st_struct_pedestal/67884,building/50504
ug_route/166905,OSP:BUSP:C653107,st_struct_pedestal/69466,building/50926
ug_route/166906,OSP:BUSP:C651612,st_struct_buried_splice_location/2672,st_struct_buried_splice_location/2689
ug_route/166907,OSP:BUSP:C650643,st_struct_pedestal/69279,building/50093
ug_route/166908,OSP:BUSP::12882805,mywcom_route_junction/21612,mywcom_route_junction/21399
ug_route/166909,OSP:BUSP:C682034,st_struct_pedestal/70015,st_struct_buried_splice_location/2677
ug_route/166910,OSP:BUSP:C649755,st_struct_pedestal/69930,st_struct_pedestal/67823
ug_route/166911,OSP:BUSP:C644349,st_struct_pedestal/70203,st_struct_buried_splice_location/2746
ug_route/166912,OSP:BUSP:C666216,cabinet/2450,st_struct_pedestal/67624
ug_route/166913,OSP:BUSP:C651569,st_struct_pedestal/70462,st_struct_buried_splice_location/2672
ug_route/166914,OSP:BUSP::8673460,pole/42836,st_struct_pedestal/67908
ug_route/166915,OSP:BUSP:C668689,st_struct_pedestal/69129,building/50344
ug_route/166916,OSP:BUSP:C661657,st_struct_pedestal/68029,building/50606
ug_route/166917,OSP:BUSP:C671418,st_struct_pedestal/69716,mywcom_route_junction/21782
ug_route/166918,OSP:FORSP::16955878,mywcom_route_junction/21887,st_struct_vault/2445
ug_route/166919,OSP:BUSP:C669153,st_struct_pedestal/70093,st_struct_pedestal/67127
ug_route/166920,OSP:BUSP:C711694,st_struct_pedestal/70337,st_struct_pedestal/67402
ug_route/166921,OSP:BUSP:C681641,st_struct_pedestal/69168,building/49715
ug_route/166922,OSP:FORSP::16955879,st_struct_vault/2445,st_struct_vault/2490
ug_route/166923,OSP:BUSP:C644684,st_struct_pedestal/69843,st_struct_pedestal/69718
ug_route/166924,OSP:BUSP:C669071,st_struct_pedestal/69360,building/49518
ug_route/166925,OSP:BUSP::8416781,st_struct_pedestal/67624,cabinet/2450
ug_route/166926,OSP:BUSP:C669169,st_struct_pedestal/70093,st_struct_pedestal/67127
ug_route/166927,OSP:BUSP:C660020,st_struct_pedestal/70418,st_struct_pedestal/69906
ug_route/166928,OSP:BUSP:C647325,st_struct_pedestal/70657,building/51439
ug_route/166929,OSP:BUSP:C659040,st_struct_pedestal/68941,st_struct_pedestal/68254
ug_route/166930,OSP:BUSP:C644709,st_struct_pedestal/69843,st_struct_pedestal/69718
ug_route/166931,OSP:BUSP:C640182,st_struct_pedestal/70055,building/49577
ug_route/166932,OSP:BUSP:C661129,st_struct_pedestal/69539,building/49421
ug_route/166933,OSP:BUSP:C639305,st_struct_pedestal/69435,st_struct_pedestal/67131
ug_route/166934,OSP:BUSP:C650429,st_struct_pedestal/68954,building/49527
ug_route/166935,OSP:BUSP:C669162,st_struct_pedestal/70093,st_struct_pedestal/67127
ug_route/166936,OSP:BUSP::17062324,pole/42009,st_struct_pedestal/69343
ug_route/166937,OSP:BUSP:C659133,st_struct_pedestal/69319,st_struct_pedestal/68776
ug_route/166938,OSP:BUSP::9008797,st_struct_pedestal/70171,st_struct_pedestal/68158
ug_route/166939,OSP:BUSP:C639203,st_struct_pedestal/68184,st_struct_pedestal/67284
ug_route/166940,OSP:BUSP:C658294,st_struct_pedestal/68833,st_struct_pedestal/70409
ug_route/166941,OSP:BUSP:C708331,st_struct_pedestal/68005,st_struct_pedestal/70760
ug_route/166942,OSP:BUSP:C659276,st_struct_pedestal/70067,st_struct_pedestal/69440
ug_route/166943,OSP:BUSP:C670046,st_struct_buried_splice_location/2659,st_struct_pedestal/69129
ug_route/166944,OSP:BUSP:C705426,st_struct_pedestal/69399,st_struct_pedestal/69279
ug_route/166945,OSP:BUSP:C709605,st_struct_pedestal/68005,st_struct_pedestal/70760
ug_route/166946,OSP:BUSP:C637464,st_struct_pedestal/69347,building/50097
ug_route/166947,OSP:BUSP:C639212,st_struct_pedestal/68184,st_struct_pedestal/67284
ug_route/166948,OSP:BUSP:C651512,st_struct_buried_splice_location/2738,st_struct_buried_splice_location/2662
ug_route/166949,OSP:BUSP:C668526,st_struct_pedestal/69535,building/50406
ug_route/166950,OSP:BUSP:C657579,st_struct_pedestal/69450,st_struct_pedestal/70749
ug_route/166951,OSP:BUSP:C655079,st_struct_pedestal/68985,st_struct_pedestal/68905
ug_route/166952,OSP:BUSP:C648534,st_struct_pedestal/68008,st_struct_pedestal/67944
ug_route/166953,OSP:BUSP:C660962,st_struct_pedestal/68734,st_struct_pedestal/68047
ug_route/166954,OSP:BUSP:C659707,st_struct_pedestal/69450,st_struct_pedestal/70749
ug_route/166955,OSP:BUSP:C639167,st_struct_pedestal/68740,building/50845
ug_route/166956,OSP:BUSP:C647306,st_struct_pedestal/67399,st_struct_pedestal/70657
ug_route/166957,OSP:BUSP:C683143,st_struct_pedestal/68895,building/50126
ug_route/166958,OSP:BUSP::9651715,building/50660,st_struct_pedestal/70311
ug_route/166959,OSP:BUSP:C653105,st_struct_pedestal/67785,st_struct_pedestal/69466
ug_route/166960,OSP:BUSP:C659288,st_struct_pedestal/67914,building/48957
ug_route/166961,OSP:BUSP:C711843,st_struct_pedestal/69005,st_struct_pedestal/67928
ug_route/166962,OSP:BUSP:C655083,st_struct_pedestal/68809,st_struct_pedestal/68985
ug_route/166963,OSP:BUSP::7622214,st_struct_pedestal/68848,st_struct_pedestal/68408
ug_route/166964,OSP:BUSP:C670407,st_struct_pedestal/68172,st_struct_pedestal/70097
ug_route/166965,OSP:BUSP:C665531,st_struct_pedestal/67122,building/50771
ug_route/166966,OSP:BUSP:C647321,st_struct_pedestal/67399,st_struct_pedestal/70657
ug_route/166967,OSP:BUSP:C705606,st_struct_pedestal/67826,building/49492
ug_route/166968,OSP:BUSP:C660976,st_struct_pedestal/68734,st_struct_pedestal/68047
ug_route/166969,OSP:BUSP:C669797,st_struct_pedestal/67778,st_struct_pedestal/68440
ug_route/166970,OSP:BUSP:C640115,st_struct_pedestal/70602,st_struct_pedestal/69434
ug_route/166971,OSP:BUSP:C662437,cabinet/2427,pole/42725
ug_route/166972,OSP:BUSP:C669058,st_struct_pedestal/67077,building/49164
ug_route/166973,OSP:BUSP:C641491,st_struct_pedestal/67837,building/49723
ug_route/166974,OSP:BUSP:C642868,st_struct_pedestal/67687,building/49655
ug_route/166975,OSP:BUSP:C641590,st_struct_pedestal/70041,st_struct_pedestal/70233
ug_route/166976,OSP:BUSP::17062030,st_struct_pedestal/67778,st_struct_pedestal/68440
ug_route/166977,OSP:BUSP:C647368,st_struct_pedestal/68668,building/50910
ug_route/166978,OSP:BUSP::8715974,st_struct_pedestal/67789,st_struct_pedestal/69066
ug_route/166979,OSP:BUSP:C670973,st_struct_pedestal/68341,st_struct_pedestal/70390
ug_route/166980,OSP:BUSP::12029113,st_struct_pedestal/68366,st_struct_buried_splice_location/2706
ug_route/166981,OSP:BUSP:C670245,st_struct_pedestal/67924,st_struct_pedestal/67788
ug_route/166982,OSP:BUSP:C660797,st_struct_pedestal/68157,st_struct_pedestal/67689
ug_route/166983,OSP:BUSP:C641842,st_struct_pedestal/70041,st_struct_pedestal/70233
ug_route/166984,OSP:FBSP::8499668,st_struct_pedestal/67346,st_struct_pedestal/67923
ug_route/166985,OSP:BUSP:C657933,st_struct_pedestal/68378,mywcom_route_junction/21376
ug_route/166986,OSP:BUSP:C670496,st_struct_pedestal/68373,st_struct_pedestal/69086
ug_route/166987,OSP:BUSP::8715975,st_struct_pedestal/67789,st_struct_pedestal/69066
ug_route/166988,OSP:BUSP::7611827,st_struct_pedestal/70838,st_struct_pedestal/67633
ug_route/166989,OSP:BUSP:C651094,st_struct_pedestal/69349,st_struct_pedestal/67548
ug_route/166990,OSP:BUSP:C643040,st_struct_pedestal/67208,building/51166
ug_route/166991,OSP:BUSP:C658048,st_struct_pedestal/67716,building/48930
ug_route/166992,OSP:BUSP:C647172,st_struct_pedestal/70649,building/49437
ug_route/166993,OSP:BUSP:C647165,st_struct_pedestal/70747,st_struct_pedestal/70649
ug_route/166994,OSP:BUSP:C659222,st_struct_pedestal/69874,building/50567
ug_route/166995,OSP:BUSP:C641490,st_struct_pedestal/68834,st_struct_pedestal/67632
ug_route/166996,OSP:BUSP:C705122,st_struct_pedestal/67684,st_struct_pedestal/68249
ug_route/166997,OSP:BUSP::17054340,st_struct_pedestal/68580,st_struct_pedestal/68292
ug_route/166998,OSP:BUSP:C644447,st_struct_pedestal/69843,st_struct_pedestal/67159
ug_route/166999,OSP:BUSP:C705296,st_struct_pedestal/70838,st_struct_pedestal/67633
ug_route/167000,OSP:BUSP::7912799,st_struct_pedestal/67848,building/49627
ug_route/167001,OSP:BUSP:C708384,mywcom_route_junction/21161,cabinet/2466
ug_route/167002,OSP:BUSP:C705121,st_struct_pedestal/67684,st_struct_pedestal/68249
ug_route/167003,OSP:BUSP:C669936,cabinet/2466,mywcom_route_junction/21161
ug_route/167004,OSP:BUSP:C682601,st_struct_pedestal/67762,st_struct_pedestal/70610
ug_route/167005,OSP:BUSP:C644464,st_struct_pedestal/69843,st_struct_pedestal/67159
ug_route/167006,OSP:BUSP:C707902,st_struct_pedestal/69362,building/50333
ug_route/167007,OSP:BUSP:C648357,st_struct_pedestal/68387,st_struct_pedestal/70472
ug_route/167008,OSP:BUSP:C708026,st_struct_pedestal/68177,st_struct_pedestal/67346
ug_route/167009,OSP:BUSP:C682143,st_struct_pedestal/67762,st_struct_pedestal/70610
ug_route/167010,OSP:BUSP:C656653,st_struct_pedestal/68832,st_struct_pedestal/67930
ug_route/167011,OSP:BUSP:C669029,st_struct_pedestal/70717,building/49866
ug_route/167012,OSP:BUSP:C649683,st_struct_pedestal/68387,st_struct_pedestal/70472
ug_route/167013,OSP:BUSP:C660362,st_struct_pedestal/67045,st_struct_pedestal/68966
ug_route/167014,OSP:BUSP:C642015,st_struct_pedestal/69521,st_struct_pedestal/68885
ug_route/167015,OSP:BUSP:C706812,mywcom_route_junction/21437,mywcom_route_junction/21335
ug_route/167016,OSP:BUSP:C707904,st_struct_pedestal/69362,st_struct_pedestal/69185
ug_route/167017,OSP:BUSP:C653132,st_struct_pedestal/67764,st_struct_pedestal/68251
ug_route/167018,OSP:BUSP:C656760,st_struct_pedestal/67629,st_struct_pedestal/69183
ug_route/167019,OSP:BUSP:C708262,st_struct_pedestal/70780,building/50576
ug_route/167020,OSP:BUSP:C656658,st_struct_pedestal/68832,st_struct_pedestal/67930
ug_route/167021,OSP:BUSP:C670463,st_struct_pedestal/69388,building/49523
ug_route/167022,OSP:BUSP:C642030,st_struct_pedestal/69521,st_struct_pedestal/68885
ug_route/167023,OSP:BUSP:C662509,st_struct_pedestal/69312,st_struct_pedestal/68603
ug_route/167024,OSP:BUSP:C658752,st_struct_pedestal/69548,st_struct_pedestal/68328
ug_route/167025,OSP:BUSP:C642111,st_struct_pedestal/67410,st_struct_pedestal/69916
ug_route/167026,OSP:BUSP:C671024,st_struct_pedestal/69839,building/50245
ug_route/167027,OSP:BUSP:C647294,st_struct_pedestal/68450,building/49391
ug_route/167028,OSP:BUSP::11869991,mywcom_route_junction/21527,building/49959
ug_route/167029,OSP:BUSP:C669028,st_struct_pedestal/70717,building/49866
ug_route/167030,OSP:BUSP:C653844,st_struct_pedestal/67641,st_struct_pedestal/67511
ug_route/167031,OSP:BUSP:C656779,st_struct_pedestal/67629,st_struct_pedestal/69183
ug_route/167032,OSP:BUSP:C642291,st_struct_pedestal/67410,st_struct_pedestal/69916
ug_route/167033,OSP:BUSP:C658769,st_struct_pedestal/69548,st_struct_pedestal/68328
ug_route/167034,OSP:BUSP:C671039,st_struct_pedestal/69442,st_struct_pedestal/67888
ug_route/167035,OSP:BUSP:C656660,st_struct_pedestal/68832,st_struct_pedestal/67930
ug_route/167036,OSP:BUSP:C656623,st_struct_pedestal/68051,building/50607
ug_route/167037,OSP:BUSP:C655197,st_struct_pedestal/68828,st_struct_pedestal/69811
ug_route/167038,OSP:BUSP:C653814,st_struct_pedestal/67641,st_struct_pedestal/67511
ug_route/167039,OSP:BUSP:C643696,st_struct_pedestal/70401,st_struct_pedestal/68840
ug_route/167040,OSP:BUSP:C655321,st_struct_pedestal/67712,st_struct_pedestal/68127
ug_route/167041,OSP:BUSP:C707486,st_struct_pedestal/69203,st_struct_pedestal/67680
ug_route/167042,OSP:BUSP:C656881,st_struct_pedestal/68252,building/50480
ug_route/167043,OSP:BUSP:C655354,st_struct_pedestal/67712,st_struct_pedestal/68127
ug_route/167044,OSP:BUSP:C659517,st_struct_pedestal/68029,st_struct_pedestal/70539
ug_route/167045,OSP:BUSP:C659501,st_struct_pedestal/68029,st_struct_pedestal/70539
ug_route/167046,OSP:BUSP:C646069,st_struct_pedestal/69108,st_struct_pedestal/67104
ug_route/167047,OSP:BUSP::13453064,st_struct_pedestal/68650,mywcom_route_junction/21121
ug_route/167048,OSP:BUSP:C651116,st_struct_pedestal/69694,building/49581
ug_route/167049,OSP:BUSP:C655153,st_struct_pedestal/67780,st_struct_pedestal/70594
ug_route/167050,OSP:BUSP:C660069,st_struct_pedestal/67193,building/50915
ug_route/167051,OSP:BUSP:C660665,st_struct_pedestal/67585,st_struct_pedestal/67553
ug_route/167052,OSP:BUSP:C643718,st_struct_pedestal/70401,st_struct_pedestal/68840
ug_route/167053,OSP:BUSP:C660574,st_struct_pedestal/70720,st_struct_pedestal/70559
ug_route/167054,OSP:BUSP:C655232,st_struct_pedestal/67780,st_struct_pedestal/70594
ug_route/167055,OSP:BUSP:C651959,st_struct_pedestal/69997,st_struct_pedestal/68743
ug_route/167056,OSP:BUSP:C665508,st_struct_pedestal/68952,st_struct_pedestal/68009
ug_route/167057,OSP:BUSP:C654658,st_struct_pedestal/69320,st_struct_pedestal/67482
ug_route/167058,OSP:BUSP:C707478,st_struct_pedestal/67040,st_struct_pedestal/67554
ug_route/167059,OSP:BUSP:C670227,st_struct_pedestal/69033,st_struct_pedestal/68825
ug_route/167060,OSP:BUSP:C648555,st_struct_pedestal/68702,st_struct_pedestal/67780
ug_route/167061,OSP:BUSP:C643113,st_struct_pedestal/69309,st_struct_buried_splice_location/2611
ug_route/167062,OSP:BUSP:C657017,st_struct_pedestal/68149,building/49073
ug_route/167063,OSP:BUSP:C710198,mywcom_route_junction/21896,st_struct_pedestal/69033
ug_route/167064,OSP:BUSP:C665518,st_struct_pedestal/68952,st_struct_pedestal/68009
ug_route/167065,OSP:BUSP:C660655,st_struct_pedestal/67585,st_struct_pedestal/67553
ug_route/167066,OSP:BUSP:C648118,st_struct_pedestal/68710,building/49920
ug_route/167067,OSP:BUSP:C652059,st_struct_pedestal/69997,st_struct_pedestal/68743
ug_route/167068,OSP:BUSP:C648558,st_struct_pedestal/68702,st_struct_pedestal/67780
ug_route/167069,OSP:BUSP:C640181,st_struct_pedestal/70055,building/49744
ug_route/167070,OSP:BUSP:C648122,st_struct_pedestal/68710,building/49920
ug_route/167071,OSP:BUSP:C642114,st_struct_pedestal/69916,st_struct_pedestal/67041
ug_route/167072,OSP:BUSP:C642295,st_struct_pedestal/69916,st_struct_pedestal/67041
ug_route/167073,OSP:BUSP::10422285,st_struct_pedestal/69471,st_struct_pedestal/69942
ug_route/167074,OSP:BUSP:C645343,st_struct_pedestal/70567,st_struct_pedestal/68239
ug_route/167075,OSP:BUSP:C665612,st_struct_pedestal/67545,st_struct_pedestal/70438
ug_route/167076,OSP:BUSP:C705747,mywcom_route_junction/21964,cabinet/2466
ug_route/167077,OSP:BUSP::8382866,mywcom_route_junction/21935,cabinet/2466
ug_route/167078,OSP:BUSP:C652717,st_struct_pedestal/69983,mywcom_route_junction/21040
ug_route/167079,OSP:BUSP:C655607,st_struct_pedestal/67711,st_struct_pedestal/69852
ug_route/167080,OSP:BUSP:C641448,st_struct_pedestal/67382,building/49990
ug_route/167081,OSP:BUSP:C655608,st_struct_pedestal/67711,st_struct_pedestal/69852
ug_route/167082,OSP:BUSP:C656618,st_struct_pedestal/68832,building/51068
ug_route/167083,OSP:BUSP:C644387,st_struct_pedestal/67558,building/49212
ug_route/167084,OSP:BUSP:C660720,st_struct_pedestal/68664,mywcom_route_junction/21454
ug_route/167085,OSP:BUSP:C659081,st_struct_pedestal/70407,building/49235
ug_route/167086,OSP:BUSP:C660068,st_struct_pedestal/67193,building/50337
ug_route/167087,OSP:BUSP:C656772,st_struct_pedestal/69389,st_struct_pedestal/67763
ug_route/167088,OSP:BUSP:C642033,st_struct_pedestal/67825,building/49225
ug_route/167089,OSP:BUSP:C641356,st_struct_pedestal/68739,st_struct_pedestal/69958
ug_route/167090,OSP:BUSP:C671049,st_struct_pedestal/67887,building/49526
ug_route/167091,OSP:BUSP:C660103,st_struct_pedestal/69383,st_struct_pedestal/69970
ug_route/167092,OSP:BUSP:C642094,st_struct_pedestal/70636,st_struct_pedestal/69975
ug_route/167093,OSP:BUSP:C647866,st_struct_pedestal/68632,st_struct_pedestal/68262
ug_route/167094,OSP:BUSP:C641434,st_struct_pedestal/68739,st_struct_pedestal/69958
ug_route/167095,OSP:BUSP:C650404,st_struct_pedestal/67121,st_struct_pedestal/69582
ug_route/167096,OSP:BUSP:C641939,st_struct_pedestal/67828,building/49667
ug_route/167097,OSP:BUSP:C642283,st_struct_pedestal/70636,st_struct_pedestal/69975
ug_route/167098,OSP:BUSP:C660104,st_struct_pedestal/69383,st_struct_pedestal/69970
ug_route/167099,OSP:BUSP:C650453,st_struct_pedestal/68486,st_struct_pedestal/67227
ug_route/167100,OSP:BUSP:C652644,st_struct_pedestal/69136,st_struct_pedestal/70648
ug_route/167101,OSP:BUSP:C650509,st_struct_pedestal/67121,st_struct_pedestal/69582
ug_route/167102,OSP:BUSP:C650459,st_struct_pedestal/68486,st_struct_pedestal/67227
ug_route/167103,OSP:BUSP:C659801,st_struct_pedestal/67713,mywcom_route_junction/21905
ug_route/167104,OSP:BUSP:C641440,st_struct_pedestal/68739,st_struct_pedestal/69958
ug_route/167105,OSP:BUSP:C660021,st_struct_pedestal/69906,st_struct_pedestal/68214
ug_route/167106,OSP:BUSP:C641291,st_struct_pedestal/68755,building/50439
ug_route/167107,OSP:BUSP:C638836,st_struct_pedestal/70713,st_struct_pedestal/70705
ug_route/167108,OSP:BUSP::15003128,st_struct_pedestal/68164,st_struct_pedestal/68548
ug_route/167109,OSP:BUSP::9157573,st_struct_pedestal/67729,st_struct_pedestal/68489
ug_route/167110,OSP:BUSP:C652840,st_struct_pedestal/68908,st_struct_pedestal/69262
ug_route/167111,OSP:BUSP:C649311,st_struct_pedestal/68629,building/48777
ug_route/167112,OSP:BUSP:C646436,st_struct_pedestal/68264,st_struct_pedestal/67816
ug_route/167113,OSP:BUSP:C655412,st_struct_pedestal/67759,building/48887
ug_route/167114,OSP:BUSP:C707982,st_struct_pedestal/67510,building/49160
ug_route/167115,OSP:BUSP:C652892,st_struct_pedestal/68908,st_struct_pedestal/69262
ug_route/167116,OSP:BUSP:C652891,st_struct_pedestal/68908,st_struct_pedestal/69262
ug_route/167117,OSP:BUSP:C650184,st_struct_pedestal/68366,st_struct_pedestal/69107
ug_route/167118,OSP:BUSP:C656938,st_struct_pedestal/70037,building/50396
ug_route/167119,OSP:BUSP:C656656,st_struct_pedestal/67930,building/49951
ug_route/167120,OSP:BUSP:C650139,st_struct_pedestal/68366,st_struct_pedestal/69107
ug_route/167121,OSP:BUSP:C641140,st_struct_pedestal/68837,st_struct_buried_splice_location/2717
ug_route/167122,OSP:BUSP:C658215,st_struct_buried_splice_location/2729,st_struct_pedestal/70440
ug_route/167123,OSP:BUSP:C644103,st_struct_pedestal/69089,st_struct_pedestal/70826
ug_route/167124,OSP:BUSP:C641557,st_struct_pedestal/70152,building/50635
ug_route/167125,OSP:BUSP:C650395,st_struct_pedestal/67292,st_struct_pedestal/70159
ug_route/167126,OSP:BUSP:C668525,st_struct_pedestal/68192,st_struct_pedestal/69535
ug_route/167127,OSP:BUSP:C682270,st_struct_pedestal/67848,st_struct_pedestal/70171
ug_route/167128,OSP:BUSP:C644110,st_struct_pedestal/69089,st_struct_pedestal/70826
ug_route/167129,OSP:BUSP:C641965,st_struct_pedestal/68129,st_struct_pedestal/69261
ug_route/167130,OSP:BUSP:C663622,st_struct_pedestal/67624,st_struct_pedestal/69956
ug_route/167131,OSP:BUSP:C641381,st_struct_pedestal/70213,st_struct_pedestal/70388
ug_route/167132,OSP:BUSP:C650398,st_struct_pedestal/67292,st_struct_pedestal/70159
ug_route/167133,OSP:BUSP:C644019,st_struct_pedestal/68241,st_struct_pedestal/68435
ug_route/167134,OSP:BUSP:C653113,st_struct_pedestal/68291,st_struct_pedestal/70136
ug_route/167135,OSP:BUSP:C666010,st_struct_pedestal/68155,st_struct_buried_splice_location/2698
ug_route/167136,OSP:BUSP:C654578,st_struct_pedestal/69932,building/50041
ug_route/167137,OSP:BUSP:C705056,st_struct_pedestal/67653,building/48747
ug_route/167138,OSP:BUSP:C643493,st_struct_pedestal/67066,building/50416
ug_route/167139,OSP:BUSP:C660718,st_struct_buried_splice_location/2601,st_struct_pedestal/68664
ug_route/167140,OSP:BUSP:C663624,st_struct_pedestal/67624,st_struct_pedestal/69956
ug_route/167141,OSP:BUSP:C666072,st_struct_pedestal/70449,building/50708
ug_route/167142,OSP:BUSP:C642044,st_struct_pedestal/68129,st_struct_pedestal/69261
ug_route/167143,OSP:BUSP:C669147,st_struct_pedestal/69535,st_struct_pedestal/69139
ug_route/167144,OSP:BUSP::12755352,st_struct_pedestal/70709,building/48832
ug_route/167145,OSP:BUSP:C651773,st_struct_pedestal/67999,building/49678
ug_route/167146,OSP:BUSP:C670217,st_struct_pedestal/69033,st_struct_pedestal/67552
ug_route/167147,OSP:BUSP:C669149,st_struct_pedestal/69535,st_struct_pedestal/69139
ug_route/167148,OSP:BUSP:C681696,st_struct_pedestal/68056,st_struct_pedestal/70797
ug_route/167149,OSP:BUSP:C640172,st_struct_pedestal/70055,building/51331
ug_route/167150,OSP:BUSP:C646448,st_struct_pedestal/67285,st_struct_pedestal/67649
ug_route/167151,OSP:BUSP:C641710,st_struct_pedestal/67185,st_struct_pedestal/69282
ug_route/167152,OSP:BUSP:C641482,st_struct_pedestal/70330,st_struct_pedestal/68834
ug_route/167153,OSP:BUSP:C669155,st_struct_pedestal/69535,st_struct_pedestal/69139
ug_route/167154,OSP:BUSP:C649810,st_struct_pedestal/69865,st_struct_pedestal/68861
ug_route/167155,OSP:BUSP:C708299,st_struct_pedestal/70675,st_struct_pedestal/70698
ug_route/167156,OSP:BUSP:C704756,st_struct_pedestal/67102,st_struct_pedestal/67950
ug_route/167157,OSP:BUSP:C641729,st_struct_pedestal/67185,st_struct_pedestal/69282
ug_route/167158,OSP:BUSP:C648764,st_struct_pedestal/68139,st_struct_pedestal/70414
ug_route/167159,OSP:BUSP:C707888,st_struct_pedestal/69865,st_struct_pedestal/68861
ug_route/167160,OSP:BUSP:C648046,st_struct_pedestal/69990,st_struct_pedestal/69938
ug_route/167161,OSP:BUSP:C709520,st_struct_pedestal/68866,st_struct_pedestal/67713
ug_route/167162,OSP:BUSP::13453075,mywcom_route_junction/21628,st_struct_pedestal/67527
ug_route/167163,OSP:BUSP:C704757,st_struct_pedestal/67102,st_struct_pedestal/67950
ug_route/167164,OSP:BUSP:C650492,st_struct_pedestal/67846,building/49204
ug_route/167165,OSP:BUSP:C683677,mywcom_route_junction/21039,st_struct_pedestal/67625
ug_route/167166,OSP:BUSP::17062021,st_struct_pedestal/69233,st_struct_pedestal/68029
ug_route/167167,OSP:BUSP::8607513,st_struct_pedestal/70592,st_struct_pedestal/68373
ug_route/167168,OSP:BUSP:C711890,st_struct_pedestal/67446,st_struct_pedestal/70171
ug_route/167169,OSP:BUSP:C658543,st_struct_pedestal/68810,building/50382
ug_route/167170,OSP:BUSP:C650443,st_struct_pedestal/70486,st_struct_pedestal/69268
ug_route/167171,OSP:BUSP:C709811,mywcom_route_junction/21965,mywcom_route_junction/21940
ug_route/167172,OSP:BUSP:C671199,st_struct_buried_splice_location/2618,st_struct_pedestal/69289
ug_route/167173,OSP:BUSP:C643492,st_struct_pedestal/69921,st_struct_pedestal/67066
ug_route/167174,OSP:BUSP:C659782,st_struct_pedestal/68866,st_struct_pedestal/67713
ug_route/167175,OSP:BUSP:C707889,st_struct_pedestal/69865,st_struct_pedestal/68861
ug_route/167176,OSP:BUSP:C651028,st_struct_pedestal/68181,st_struct_pedestal/69226
ug_route/167177,OSP:BUSP:C641458,st_struct_pedestal/67317,st_struct_pedestal/67514
ug_route/167178,OSP:BUSP:C651042,st_struct_pedestal/68181,st_struct_pedestal/69226
ug_route/167179,OSP:BUSP:C660061,st_struct_pedestal/70544,st_struct_pedestal/67193
ug_route/167180,OSP:BUSP:C641505,st_struct_pedestal/67317,st_struct_pedestal/67514
ug_route/167181,OSP:BUSP::8399821,st_struct_pedestal/70470,pole/42072
ug_route/167182,OSP:BUSP:C641521,st_struct_pedestal/67317,st_struct_pedestal/67514
ug_route/167183,OSP:BUSP:C645338,st_struct_pedestal/68932,st_struct_pedestal/70567
ug_route/167184,OSP:BUSP:C670239,st_struct_pedestal/70278,st_struct_pedestal/67924
ug_route/167185,OSP:BUSP:C646408,st_struct_pedestal/68642,st_struct_pedestal/70155
ug_route/167186,OSP:BUSP:C647244,st_struct_pedestal/70087,st_struct_pedestal/69817
ug_route/167187,OSP:BUSP:C665817,st_struct_pedestal/68155,st_struct_pedestal/68923
ug_route/167188,OSP:BUSP:C661206,st_struct_pedestal/70415,building/50917
ug_route/167189,OSP:BUSP:C653018,st_struct_pedestal/70706,building/51326
ug_route/167190,OSP:BUSP:C660892,st_struct_pedestal/70133,st_struct_pedestal/68926
ug_route/167191,OSP:BUSP:C660079,st_struct_pedestal/70544,st_struct_pedestal/67193
ug_route/167192,OSP:BUSP:C666076,st_struct_pedestal/70449,st_struct_pedestal/69017
ug_route/167193,OSP:BUSP:C708208,st_struct_pedestal/69944,st_struct_pedestal/69946
ug_route/167194,OSP:BUSP:C653130,st_struct_pedestal/69262,st_struct_pedestal/68251
ug_route/167195,OSP:BUSP:C638804,st_struct_pedestal/67449,st_struct_pedestal/68661
ug_route/167196,OSP:BUSP:C653129,st_struct_pedestal/69262,st_struct_pedestal/67764
ug_route/167197,OSP:BUSP:C650530,st_struct_pedestal/70282,st_struct_pedestal/69068
ug_route/167198,OSP:BUSP:C659933,st_struct_pedestal/68045,st_struct_pedestal/69638
ug_route/167199,OSP:BUSP:C641926,st_struct_pedestal/70673,st_struct_pedestal/67748
ug_route/167200,OSP:BUSP:C641568,st_struct_pedestal/70673,st_struct_pedestal/67748
ug_route/167201,OSP:BUSP:C654896,st_struct_pedestal/69513,building/49914
ug_route/167202,OSP:BUSP::8399815,st_struct_pedestal/69638,st_struct_pedestal/68045
ug_route/167203,OSP:BUSP:C641583,st_struct_pedestal/67794,st_struct_pedestal/69353
ug_route/167204,OSP:BUSP:C660963,st_struct_pedestal/68775,building/51009
ug_route/167205,OSP:BUSP:C638815,st_struct_pedestal/67449,st_struct_pedestal/68661
ug_route/167206,OSP:BUSP:C707489,st_struct_pedestal/68988,st_struct_pedestal/69658
ug_route/167207,OSP:BUSP:C660716,st_struct_pedestal/70625,st_struct_buried_splice_location/2601
ug_route/167208,OSP:BUSP:C651316,st_struct_pedestal/68568,building/49022
ug_route/167209,OSP:BUSP:C708343,st_struct_pedestal/68339,building/51419
ug_route/167210,OSP:BUSP:C660559,st_struct_pedestal/70000,st_struct_pedestal/68998
ug_route/167211,OSP:BUSP:C666049,st_struct_pedestal/68931,st_struct_pedestal/68194
ug_route/167212,OSP:BUSP:C647252,st_struct_pedestal/70087,st_struct_pedestal/69817
ug_route/167213,OSP:BUSP:C658821,st_struct_pedestal/68622,st_struct_pedestal/69635
ug_route/167214,OSP:BUSP:C650880,st_struct_pedestal/70412,st_struct_pedestal/70349
ug_route/167215,OSP:BUSP:C646499,st_struct_pedestal/68642,st_struct_pedestal/70155
ug_route/167216,OSP:BUSP:C650853,st_struct_pedestal/70412,st_struct_pedestal/70349
ug_route/167217,OSP:FBSP:C707532,building/50932,st_struct_pedestal/67923
ug_route/167218,OSP:BUSP:C642009,st_struct_pedestal/67825,building/50234
ug_route/167219,OSP:BUSP:C681434,st_struct_pedestal/69308,st_struct_pedestal/67962
ug_route/167220,OSP:BUSP:C651480,st_struct_pedestal/69283,building/50103
ug_route/167221,OSP:BUSP:C659995,st_struct_pedestal/68007,building/48968
ug_route/167222,OSP:BUSP:C641343,st_struct_pedestal/69852,st_struct_pedestal/68739
ug_route/167223,OSP:BUSP:C658451,st_struct_pedestal/69770,st_struct_pedestal/68733
ug_route/167224,OSP:BUSP:C641816,st_struct_pedestal/69735,st_struct_pedestal/67282
ug_route/167225,OSP:BUSP:C705115,st_struct_pedestal/67249,st_struct_pedestal/69048
ug_route/167226,OSP:BUSP:C654823,st_struct_pedestal/67283,building/51148
ug_route/167227,OSP:BUSP:C655604,st_struct_pedestal/68138,mywcom_route_junction/21606
ug_route/167228,OSP:BUSP::8366861,mywcom_route_junction/21214,cabinet/2509
ug_route/167229,OSP:BUSP:C706059,st_struct_pedestal/69691,st_struct_pedestal/68380
ug_route/167230,OSP:BUSP:C641354,st_struct_pedestal/69852,st_struct_pedestal/68739
ug_route/167231,OSP:BUSP:C706056,st_struct_pedestal/69691,st_struct_pedestal/68380
ug_route/167232,OSP:BUSP:C650917,st_struct_pedestal/70412,st_struct_pedestal/70349
ug_route/167233,OSP:BUSP:C658455,st_struct_pedestal/69770,st_struct_pedestal/68733
ug_route/167234,OSP:BUSP:C641592,st_struct_pedestal/70139,st_struct_pedestal/67279
ug_route/167235,OSP:BUSP:C669015,st_struct_pedestal/69537,st_struct_pedestal/67069
ug_route/167236,OSP:BUSP:C648790,st_struct_pedestal/68469,building/50048
ug_route/167237,OSP:BUSP:C652690,st_struct_pedestal/70049,st_struct_pedestal/69003
ug_route/167238,OSP:BUSP:C660943,st_struct_pedestal/69798,st_struct_pedestal/67173
ug_route/167239,OSP:BUSP:C641597,st_struct_pedestal/70139,st_struct_pedestal/67279
ug_route/167240,OSP:BUSP:C652711,st_struct_pedestal/70049,st_struct_pedestal/69003
ug_route/167241,OSP:BUSP:C648069,st_struct_pedestal/68701,st_struct_pedestal/67194
ug_route/167242,OSP:BUSP:C671263,st_struct_pedestal/70263,st_struct_pedestal/69009
ug_route/167243,OSP:BUSP:C683152,st_struct_buried_splice_location/2612,st_struct_pedestal/70701
ug_route/167244,OSP:BUSP:C656853,st_struct_pedestal/67629,st_struct_pedestal/70140
ug_route/167245,OSP:BUSP:C707798,st_struct_pedestal/70532,building/49161
ug_route/167246,OSP:BUSP:C648199,st_struct_pedestal/68701,st_struct_pedestal/67194
ug_route/167247,OSP:BUSP:C642209,st_struct_pedestal/67443,building/49704
ug_route/167248,OSP:BUSP:C660984,st_struct_pedestal/69798,st_struct_pedestal/67173
ug_route/167249,OSP:BUSP:C669208,st_struct_pedestal/69535,st_struct_pedestal/68597
ug_route/167250,OSP:BUSP:C661771,st_struct_pedestal/67629,st_struct_pedestal/70140
ug_route/167251,OSP:BUSP:C669141,st_struct_pedestal/69535,st_struct_pedestal/68597
ug_route/167252,OSP:BUSP:C644295,st_struct_pedestal/67558,st_struct_pedestal/70499
ug_route/167253,OSP:BUSP::9290696,mywcom_route_junction/20920,st_struct_pedestal/70625
ug_route/167254,OSP:BUSP:C643070,st_struct_buried_splice_location/2692,st_struct_buried_splice_location/2683
ug_route/167255,OSP:BUSP:C639768,st_struct_pedestal/67394,st_struct_pedestal/70534
ug_route/167256,OSP:BUSP:C706525,pole/40539,st_struct_pedestal/67437
ug_route/167257,OSP:BUSP:C644390,st_struct_pedestal/67558,st_struct_pedestal/70499
ug_route/167258,OSP:BUSP:C669143,st_struct_pedestal/69535,st_struct_pedestal/68597
ug_route/167259,OSP:BUSP:C639771,st_struct_pedestal/67394,st_struct_pedestal/70534
ug_route/167260,OSP:BUSP:C643688,st_struct_pedestal/69804,st_struct_pedestal/70401
ug_route/167261,OSP:BUSP:C647713,st_struct_pedestal/70150,mywcom_route_junction/22002
ug_route/167262,OSP:BUSP:C660947,st_struct_pedestal/67260,building/51442
ug_route/167263,OSP:BUSP:C681709,st_struct_pedestal/69914,building/50981
ug_route/167264,OSP:BUSP::10925000,st_struct_pedestal/70610,st_struct_buried_splice_location/2745
ug_route/167265,OSP:BUSP:C705978,st_struct_pedestal/69258,st_struct_pedestal/69271
ug_route/167266,OSP:BUSP:C660901,st_struct_pedestal/69682,building/49947
ug_route/167267,OSP:BUSP::10925002,st_struct_pedestal/70610,st_struct_buried_splice_location/2745
ug_route/167268,OSP:BUSP:C646781,st_struct_buried_splice_location/2717,st_struct_pedestal/69054
ug_route/167269,OSP:BUSP:C650179,st_struct_pedestal/68366,st_struct_pedestal/69236
ug_route/167270,OSP:BUSP:C669138,st_struct_pedestal/69535,st_struct_pedestal/69351
ug_route/167271,OSP:BUSP:C665941,st_struct_pedestal/68945,building/49207
ug_route/167272,OSP:BUSP:C646172,st_struct_pedestal/69804,st_struct_pedestal/70401
ug_route/167273,OSP:BUSP:C656887,st_struct_pedestal/68633,st_struct_pedestal/70607
ug_route/167274,OSP:BUSP:C648525,st_struct_pedestal/70057,st_struct_pedestal/69701
ug_route/167275,OSP:BUSP:C654692,st_struct_pedestal/69377,building/49482
ug_route/167276,OSP:BUSP:C643099,st_struct_buried_splice_location/2728,st_struct_buried_splice_location/2747
ug_route/167277,OSP:BUSP:C643010,st_struct_pedestal/67208,pole/41007
ug_route/167278,OSP:BUSP:C641684,st_struct_pedestal/68261,building/51060
ug_route/167279,OSP:BUSP:C660980,st_struct_pedestal/69528,st_struct_pedestal/68312
ug_route/167280,OSP:BUSP:C708117,st_struct_pedestal/68603,building/49790
ug_route/167281,OSP:BUSP:C648577,st_struct_pedestal/68675,st_struct_pedestal/67535
ug_route/167282,OSP:BUSP:C665530,st_struct_pedestal/69066,st_struct_pedestal/67122
ug_route/167283,OSP:BUSP:C645558,st_struct_pedestal/68133,st_struct_pedestal/70114
ug_route/167284,OSP:BUSP:C647217,st_struct_pedestal/69187,st_struct_pedestal/67537
ug_route/167285,OSP:BUSP:C669066,st_struct_pedestal/70830,building/51242
ug_route/167286,OSP:BUSP:C646058,st_struct_pedestal/69576,st_struct_pedestal/70678
ug_route/167287,OSP:BUSP:C656893,st_struct_pedestal/68633,st_struct_pedestal/70607
ug_route/167288,OSP:BUSP:C653035,st_struct_pedestal/70277,building/48740
ug_route/167289,OSP:BUSP:C641960,st_struct_pedestal/70183,building/50105
ug_route/167290,OSP:BUSP:C665579,st_struct_pedestal/69066,st_struct_pedestal/67122
ug_route/167291,OSP:BUSP:C648579,st_struct_pedestal/68675,st_struct_pedestal/67535
ug_route/167292,OSP:BUSP:C644697,st_struct_pedestal/70052,st_struct_pedestal/70560
ug_route/167293,OSP:BUSP:C659515,st_struct_pedestal/68029,st_struct_pedestal/69806
ug_route/167294,OSP:BUSP:C647632,mywcom_route_junction/20947,st_struct_pedestal/67210
ug_route/167295,OSP:BUSP:C641735,st_struct_pedestal/69282,st_struct_pedestal/69047
ug_route/167296,OSP:BUSP:C647221,st_struct_pedestal/69187,st_struct_pedestal/67537
ug_route/167297,OSP:BUSP:C641722,st_struct_pedestal/69282,st_struct_pedestal/69047
ug_route/167298,OSP:BUSP:C642113,st_struct_pedestal/69916,building/50077
ug_route/167299,OSP:BUSP:C654423,st_struct_pedestal/70593,st_struct_pedestal/69812
ug_route/167300,OSP:BUSP:C656717,st_struct_pedestal/67710,building/49378
ug_route/167301,OSP:BUSP:C642028,st_struct_pedestal/67825,building/49075
ug_route/167302,OSP:BUSP:C646066,st_struct_pedestal/69576,st_struct_pedestal/70678
ug_route/167303,OSP:BUSP:C656317,st_struct_pedestal/70039,st_struct_pedestal/67599
ug_route/167304,OSP:BUSP:C642230,st_struct_pedestal/67120,st_struct_pedestal/69322
ug_route/167305,OSP:BUSP:C661338,st_struct_pedestal/68966,mywcom_route_junction/21294
ug_route/167306,OSP:BUSP:C644713,st_struct_pedestal/70052,st_struct_pedestal/70560
ug_route/167307,OSP:BUSP:C654445,st_struct_pedestal/70593,st_struct_pedestal/69812
ug_route/167308,OSP:BUSP:C641464,st_struct_pedestal/67048,st_struct_pedestal/68258
ug_route/167309,OSP:BUSP:C640897,st_struct_pedestal/70080,st_struct_pedestal/70403
ug_route/167310,OSP:BUSP:C708295,st_struct_pedestal/70280,st_struct_pedestal/68842
ug_route/167311,OSP:BUSP:C669543,st_struct_pedestal/68293,st_struct_pedestal/69470
ug_route/167312,OSP:BUSP:C643483,st_struct_pedestal/68694,st_struct_pedestal/68552
ug_route/167313,OSP:BUSP:C704993,st_struct_pedestal/67120,st_struct_pedestal/69322
ug_route/167314,OSP:BUSP:C640167,st_struct_pedestal/68585,st_struct_buried_splice_location/2634
ug_route/167315,OSP:BUSP:C669544,st_struct_pedestal/68293,st_struct_pedestal/69470
ug_route/167316,OSP:BUSP:C641284,st_struct_pedestal/68236,st_struct_pedestal/69799
ug_route/167317,OSP:BUSP:C670234,st_struct_pedestal/68946,st_struct_pedestal/70278
ug_route/167318,OSP:BUSP:C654446,st_struct_pedestal/70593,st_struct_pedestal/69812
ug_route/167319,OSP:BUSP:C641736,st_struct_pedestal/68199,st_struct_pedestal/68909
ug_route/167320,OSP:BUSP:C671005,st_struct_pedestal/68826,st_struct_buried_splice_location/2652
ug_route/167321,OSP:BUSP:C656669,st_struct_pedestal/67710,building/50447
ug_route/167322,OSP:BUSP:C654816,st_struct_pedestal/69933,building/50608
ug_route/167323,OSP:BUSP:C641851,st_struct_pedestal/68199,st_struct_pedestal/68909
ug_route/167324,OSP:BUSP:C641864,st_struct_pedestal/67950,st_struct_pedestal/67517
ug_route/167325,OSP:BUSP:C657436,st_struct_pedestal/68074,st_struct_pedestal/68736
ug_route/167326,OSP:BUSP:C683118,st_struct_pedestal/70329,st_struct_buried_splice_location/2733
ug_route/167327,OSP:BUSP:C661088,st_struct_pedestal/67325,building/49530
ug_route/167328,OSP:BUSP:C705057,st_struct_pedestal/67653,building/50148
ug_route/167329,OSP:BUSP:C681746,st_struct_pedestal/68360,building/51286
ug_route/167330,OSP:BUSP:C641861,st_struct_pedestal/67950,st_struct_pedestal/67517
ug_route/167331,OSP:BUSP:C649175,st_struct_pedestal/70501,st_struct_pedestal/70089
ug_route/167332,OSP:BUSP:C657439,st_struct_pedestal/68074,st_struct_pedestal/68736
ug_route/167333,OSP:BUSP::7622215,st_struct_pedestal/68408,building/49741
ug_route/167334,OSP:BUSP:C656665,st_struct_pedestal/70676,st_struct_pedestal/70535
ug_route/167335,OSP:BUSP:C657574,st_struct_pedestal/67426,st_struct_pedestal/70540
ug_route/167336,OSP:BUSP::7611823,st_struct_pedestal/67428,st_struct_pedestal/70848
ug_route/167337,OSP:BUSP:C656641,st_struct_pedestal/67093,building/51237
ug_route/167338,OSP:BUSP:C660772,st_struct_pedestal/70037,building/49507
ug_route/167339,OSP:BUSP:C639021,st_struct_pedestal/67591,st_struct_pedestal/69449
ug_route/167340,OSP:BUSP:C656296,st_struct_pedestal/67891,building/50047
ug_route/167341,OSP:BUSP:C648365,st_struct_pedestal/67397,st_struct_pedestal/67456
ug_route/167342,OSP:BUSP:C639460,st_struct_pedestal/67781,st_struct_pedestal/68875
ug_route/167343,OSP:BUSP:C656876,st_struct_pedestal/68252,building/51291
ug_route/167344,OSP:BUSP:C656668,st_struct_pedestal/70676,st_struct_pedestal/67710
ug_route/167345,OSP:BUSP:C657569,st_struct_pedestal/70270,st_struct_pedestal/69450
ug_route/167346,OSP:BUSP:C657552,st_struct_pedestal/70270,st_struct_pedestal/69450
ug_route/167347,OSP:BUSP::8365273,cabinet/2490,st_struct_pedestal/67353
ug_route/167348,OSP:BUSP:C639465,st_struct_pedestal/67781,st_struct_pedestal/68875
ug_route/167349,OSP:BUSP:C659691,st_struct_pedestal/70558,st_struct_pedestal/70651
ug_route/167350,OSP:BUSP:C668474,st_struct_pedestal/68819,st_struct_pedestal/68240
ug_route/167351,OSP:BUSP:C657571,st_struct_pedestal/70270,st_struct_pedestal/69450
ug_route/167352,OSP:BUSP:C645282,st_struct_pedestal/70070,st_struct_pedestal/68446
ug_route/167353,OSP:BUSP:C655175,st_struct_pedestal/68207,st_struct_pedestal/68828
ug_route/167354,OSP:BUSP:C639038,st_struct_pedestal/67591,st_struct_pedestal/69449
ug_route/167355,OSP:BUSP::8683348,st_struct_pedestal/70212,building/48952
ug_route/167356,OSP:BUSP:C662531,st_struct_pedestal/68246,st_struct_pedestal/69540
ug_route/167357,OSP:BUSP:C642298,st_struct_pedestal/67959,st_struct_pedestal/67921
ug_route/167358,OSP:BUSP:C651117,st_struct_pedestal/69694,building/50487
ug_route/167359,OSP:BUSP:C655179,st_struct_pedestal/68207,st_struct_pedestal/68828
ug_route/167360,OSP:BUSP:C666084,st_struct_pedestal/67812,building/50128
ug_route/167361,OSP:BUSP:C642331,st_struct_pedestal/67959,st_struct_pedestal/67921
ug_route/167362,OSP:BUSP:C662527,st_struct_pedestal/68246,st_struct_pedestal/69540
ug_route/167363,OSP:BUSP:C659699,st_struct_pedestal/70558,st_struct_pedestal/70651
ug_route/167364,OSP:BUSP:C671047,st_struct_pedestal/67888,st_struct_pedestal/67887
ug_route/167365,OSP:BUSP:C645993,st_struct_pedestal/70332,building/50088
ug_route/167366,OSP:BUSP:C706018,st_struct_pedestal/68200,st_struct_pedestal/70049
ug_route/167367,OSP:BUSP:C660106,st_struct_pedestal/69970,st_struct_pedestal/67195
ug_route/167368,OSP:BUSP:C706594,st_struct_buried_splice_location/2726,st_struct_pedestal/69308
ug_route/167369,OSP:BUSP:C706031,st_struct_pedestal/68200,st_struct_pedestal/70049
ug_route/167370,OSP:BUSP::17101124,st_struct_pedestal/70696,st_struct_pedestal/69015
ug_route/167371,OSP:BUSP:C664881,st_struct_pedestal/70700,building/50563
ug_route/167372,OSP:BUSP:C660107,st_struct_pedestal/69970,st_struct_pedestal/67195
ug_route/167373,OSP:BUSP:C706036,st_struct_pedestal/68200,st_struct_pedestal/70049
ug_route/167374,OSP:BUSP:C660000,st_struct_pedestal/67192,st_struct_pedestal/67892
ug_route/167375,OSP:BUSP:C660550,st_struct_pedestal/70000,building/49907
ug_route/167376,OSP:BUSP:C652956,st_struct_pedestal/69324,st_struct_pedestal/70277
ug_route/167377,OSP:BUSP:C654594,st_struct_pedestal/68062,st_struct_pedestal/69285
ug_route/167378,OSP:BUSP:C682179,st_struct_pedestal/68898,st_struct_pedestal/68459
ug_route/167379,OSP:BUSP:C656442,st_struct_pedestal/67333,st_struct_pedestal/67094
ug_route/167380,OSP:BUSP:C657454,st_struct_pedestal/68000,st_struct_pedestal/69643
ug_route/167381,OSP:BUSP:C652969,st_struct_pedestal/69324,st_struct_pedestal/70277
ug_route/167382,OSP:BUSP:C650531,st_struct_pedestal/69068,building/50668
ug_route/167383,OSP:BUSP:C653828,st_struct_pedestal/70810,st_struct_pedestal/69531
ug_route/167384,OSP:BUSP:C648995,st_struct_buried_splice_location/2609,st_struct_pedestal/69439
ug_route/167385,OSP:BUSP:C646468,st_struct_pedestal/69359,st_struct_pedestal/69064
ug_route/167386,OSP:BUSP:C709253,pole/42828,st_struct_pedestal/69727
ug_route/167387,OSP:BUSP:C653623,st_struct_pedestal/70104,building/49703
ug_route/167388,OSP:BUSP:C656046,st_struct_pedestal/68243,st_struct_pedestal/67103
ug_route/167389,OSP:BUSP:C643947,st_struct_pedestal/67448,building/49452
ug_route/167390,OSP:BUSP::12034975,st_struct_buried_splice_location/2730,st_struct_pedestal/69110
ug_route/167391,OSP:BUSP:C657991,st_struct_pedestal/67140,st_struct_pedestal/67429
ug_route/167392,OSP:BUSP:C656427,st_struct_pedestal/67333,st_struct_pedestal/67094
ug_route/167393,OSP:BUSP:C666953,st_struct_pedestal/67917,st_struct_pedestal/67804
ug_route/167394,OSP:BUSP:C656708,st_struct_pedestal/67710,building/49511
ug_route/167395,OSP:BUSP:C656206,st_struct_pedestal/68908,st_struct_pedestal/67522
ug_route/167396,OSP:BUSP:C646526,st_struct_pedestal/69359,st_struct_pedestal/69064
ug_route/167397,OSP:BUSP:C670382,st_struct_pedestal/69554,building/50213
ug_route/167398,OSP:BUSP:C658151,st_struct_pedestal/67917,st_struct_pedestal/67804
ug_route/167399,OSP:BUSP:C653690,st_struct_pedestal/67895,building/51415
ug_route/167400,OSP:BUSP:C659889,st_struct_pedestal/67575,building/51126
ug_route/167401,OSP:BUSP:C653158,st_struct_pedestal/69688,st_struct_pedestal/70462
ug_route/167402,OSP:BUSP:C639163,st_struct_pedestal/68260,st_struct_pedestal/68740
ug_route/167403,OSP:BUSP:C660070,st_struct_pedestal/67193,st_struct_pedestal/67956
ug_route/167404,OSP:BUSP:C655146,st_struct_pedestal/69520,st_struct_pedestal/67160
ug_route/167405,OSP:BUSP:C647253,st_struct_pedestal/69941,building/50824
ug_route/167406,OSP:BUSP:C640874,mywcom_route_junction/21192,mywcom_route_junction/21587
ug_route/167407,OSP:BUSP:C639171,st_struct_pedestal/68260,st_struct_pedestal/68740
ug_route/167408,OSP:BUSP:C651352,st_struct_pedestal/69283,st_struct_pedestal/70528
ug_route/167409,OSP:BUSP:C658419,st_struct_pedestal/69230,st_struct_pedestal/68503
ug_route/167410,OSP:BUSP:C650344,st_struct_pedestal/69577,st_struct_pedestal/67291
ug_route/167411,OSP:BUSP:C645746,st_struct_pedestal/70352,st_struct_pedestal/68766
ug_route/167412,OSP:BUSP:C653160,st_struct_pedestal/69688,st_struct_pedestal/70462
ug_route/167413,OSP:BUSP:C641350,st_struct_pedestal/69128,building/49003
ug_route/167414,OSP:BUSP:C656521,st_struct_pedestal/70040,building/51106
ug_route/167415,OSP:BUSP:C666062,st_struct_pedestal/70098,building/48796
ug_route/167416,OSP:BUSP:C670725,st_struct_pedestal/67320,st_struct_pedestal/67744
ug_route/167417,OSP:BUSP:C641582,st_struct_pedestal/68631,st_struct_pedestal/68570
ug_route/167418,OSP:BUSP:C639148,st_struct_pedestal/68639,st_struct_pedestal/69810
ug_route/167419,OSP:BUSP:C628255,st_struct_pedestal/70840,building/49792
ug_route/167420,OSP:BUSP:C682008,st_struct_pedestal/69603,building/49549
ug_route/167421,OSP:BUSP:C641889,st_struct_pedestal/69860,st_struct_pedestal/68200
ug_route/167422,OSP:BUSP:C705997,st_struct_pedestal/68631,st_struct_pedestal/68570
ug_route/167423,OSP:BUSP:C639151,st_struct_pedestal/68639,st_struct_pedestal/69810
ug_route/167424,OSP:BUSP:C653476,st_struct_pedestal/70088,building/51276
ug_route/167425,OSP:BUSP:C665509,st_struct_pedestal/68009,st_struct_pedestal/69598
ug_route/167426,OSP:BUSP:C668051,st_struct_pedestal/70157,building/49874
ug_route/167427,OSP:BUSP:C658549,st_struct_pedestal/68990,building/50763
ug_route/167428,OSP:BUSP:C641599,st_struct_pedestal/69860,st_struct_pedestal/68200
ug_route/167429,OSP:BUSP:C705607,st_struct_pedestal/67826,st_struct_pedestal/68041
ug_route/167430,OSP:BUSP:C670364,st_struct_pedestal/70784,st_struct_pedestal/69853
ug_route/167431,OSP:BUSP:C642313,st_struct_pedestal/67921,st_struct_pedestal/70341
ug_route/167432,OSP:BUSP:C653563,st_struct_pedestal/68889,st_struct_pedestal/68375
ug_route/167433,OSP:BUSP:C646669,st_struct_pedestal/68426,building/50941
ug_route/167434,OSP:BUSP:C660982,st_struct_pedestal/68312,building/49211
ug_route/167435,OSP:BUSP:C642334,st_struct_pedestal/67921,st_struct_pedestal/70341
ug_route/167436,OSP:BUSP:C642239,st_struct_pedestal/67443,st_struct_pedestal/68370
ug_route/167437,OSP:BUSP:C648084,st_struct_pedestal/69697,st_struct_pedestal/67750
ug_route/167438,OSP:BUSP:C707577,st_struct_pedestal/69235,st_struct_pedestal/67771
ug_route/167439,OSP:BUSP:C665725,st_struct_pedestal/69330,building/49474
ug_route/167440,OSP:BUSP:C645815,st_struct_pedestal/67754,st_struct_pedestal/70271
ug_route/167441,OSP:BUSP:C639704,st_struct_pedestal/67886,st_struct_pedestal/67889
ug_route/167442,OSP:BUSP:C644105,st_struct_pedestal/70826,building/49555
ug_route/167443,OSP:BUSP::8728144,st_struct_pedestal/68861,pole/40937
ug_route/167444,OSP:BUSP:C705608,st_struct_pedestal/67826,st_struct_pedestal/68041
ug_route/167445,OSP:BUSP:C666888,st_struct_pedestal/70415,building/51076
ug_route/167446,OSP:BUSP:C648972,st_struct_pedestal/69470,building/49996
ug_route/167447,OSP:BUSP:C659274,st_struct_pedestal/70642,st_struct_pedestal/68311
ug_route/167448,OSP:BUSP:C662245,st_struct_pedestal/69684,st_struct_pedestal/69443
ug_route/167449,OSP:BUSP:C705048,st_struct_pedestal/69331,st_struct_pedestal/67653
ug_route/167450,OSP:BUSP:C651127,st_struct_pedestal/70431,st_struct_pedestal/69315
ug_route/167451,OSP:BUSP:C665618,st_struct_pedestal/67545,building/49091
ug_route/167452,OSP:BUSP:C660122,st_struct_pedestal/69201,st_struct_pedestal/70780
ug_route/167453,OSP:BUSP:C705052,st_struct_pedestal/69331,st_struct_pedestal/67653
ug_route/167454,OSP:BUSP:C660125,st_struct_pedestal/70780,st_struct_pedestal/67569
ug_route/167455,OSP:BUSP:C654838,st_struct_pedestal/70542,building/49237
ug_route/167456,OSP:BUSP:C666053,st_struct_pedestal/67812,st_struct_pedestal/70449
ug_route/167457,OSP:BUSP:C665806,st_struct_pedestal/69540,st_struct_pedestal/70196
ug_route/167458,OSP:BUSP:C671031,st_struct_pedestal/67436,st_struct_pedestal/67412
ug_route/167459,OSP:BUSP:C651192,st_struct_pedestal/70431,st_struct_pedestal/69315
ug_route/167460,OSP:BUSP:C681274,st_struct_pedestal/70758,st_struct_pedestal/69751
ug_route/167461,OSP:BUSP:C659998,st_struct_pedestal/68007,st_struct_pedestal/67192
ug_route/167462,OSP:BUSP:C660134,st_struct_pedestal/70780,st_struct_pedestal/67569
ug_route/167463,OSP:BUSP:C681343,st_struct_pedestal/70568,mywcom_route_junction/21960
ug_route/167464,OSP:BUSP:C640401,st_struct_pedestal/67626,building/51386
ug_route/167465,OSP:BUSP:C671103,st_struct_pedestal/69485,st_struct_pedestal/68078
ug_route/167466,OSP:BUSP:C641383,st_struct_pedestal/67929,building/50349
ug_route/167467,OSP:BUSP:C681318,st_struct_pedestal/70568,st_struct_pedestal/69532
ug_route/167468,OSP:BUSP:C656898,st_struct_pedestal/68633,st_struct_pedestal/70647
ug_route/167469,OSP:BUSP:C659624,st_struct_pedestal/70176,st_struct_pedestal/67067
ug_route/167470,OSP:BUSP:C658205,st_struct_pedestal/68424,st_struct_pedestal/70348
ug_route/167471,OSP:BUSP:C655177,st_struct_pedestal/68052,st_struct_pedestal/70227
ug_route/167472,OSP:BUSP:C658019,st_struct_pedestal/67761,st_struct_pedestal/70500
ug_route/167473,OSP:BUSP:C654618,st_struct_pedestal/69320,st_struct_pedestal/69808
ug_route/167474,OSP:BUSP:C650639,st_struct_pedestal/70411,building/50143
ug_route/167475,OSP:BUSP:C656764,st_struct_pedestal/69183,building/51063
ug_route/167476,OSP:BUSP:C645256,st_struct_pedestal/68384,st_struct_pedestal/67539
ug_route/167477,OSP:BUSP:C657687,st_struct_pedestal/70638,st_struct_pedestal/68640
ug_route/167478,OSP:BUSP:C656405,st_struct_pedestal/69172,st_struct_pedestal/69098
ug_route/167479,OSP:BUSP:C640911,st_struct_pedestal/67805,st_struct_pedestal/67810
ug_route/167480,OSP:BUSP:C708127,st_struct_pedestal/70085,st_struct_buried_splice_location/2649
ug_route/167481,OSP:BUSP:C653012,st_struct_pedestal/68377,st_struct_pedestal/70706
ug_route/167482,OSP:BUSP:C656948,st_struct_pedestal/68633,st_struct_pedestal/70647
ug_route/167483,OSP:BUSP:C656998,st_struct_pedestal/67386,building/49443
ug_route/167484,OSP:BUSP:C648824,st_struct_pedestal/67142,building/50377
ug_route/167485,OSP:BUSP:C645265,st_struct_pedestal/68384,st_struct_pedestal/67539
ug_route/167486,OSP:BUSP:C641750,st_struct_pedestal/69047,st_struct_pedestal/70406
ug_route/167487,OSP:BUSP:C707787,st_struct_pedestal/67674,st_struct_pedestal/69057
ug_route/167488,OSP:BUSP:C661014,st_struct_pedestal/69937,st_struct_pedestal/70174
ug_route/167489,OSP:BUSP:C655319,st_struct_pedestal/70149,st_struct_pedestal/67712
ug_route/167490,OSP:BUSP:C655360,st_struct_pedestal/68887,st_struct_pedestal/69873
ug_route/167491,OSP:BUSP:C656132,st_struct_pedestal/70328,st_struct_pedestal/69690
ug_route/167492,OSP:BUSP:C668142,st_struct_pedestal/67220,st_struct_pedestal/67533
ug_route/167493,OSP:BUSP:C659235,st_struct_pedestal/68092,st_struct_pedestal/69935
ug_route/167494,OSP:BUSP:C707786,st_struct_pedestal/67674,st_struct_pedestal/69057
ug_route/167495,OSP:BUSP:C641757,st_struct_pedestal/69047,st_struct_pedestal/70406
ug_route/167496,OSP:BUSP:C640165,st_struct_pedestal/68585,building/48806
ug_route/167497,OSP:BUSP:C655352,st_struct_pedestal/70149,st_struct_pedestal/67712
ug_route/167498,OSP:BUSP:C669949,st_struct_pedestal/68716,building/48828
ug_route/167499,OSP:BUSP:C670380,st_struct_pedestal/70784,st_struct_pedestal/69853
ug_route/167500,OSP:BUSP::13453072,mywcom_route_junction/21241,mywcom_route_junction/21535
ug_route/167501,OSP:BUSP:C642273,st_struct_pedestal/69571,st_struct_pedestal/67643
ug_route/167502,OSP:BUSP:C668152,st_struct_pedestal/67220,st_struct_pedestal/67533
ug_route/167503,OSP:BUSP:C640906,st_struct_pedestal/70403,st_struct_pedestal/67805
ug_route/167504,OSP:BUSP:C654621,st_struct_pedestal/68053,building/49960
ug_route/167505,OSP:BUSP:C637429,st_struct_pedestal/70757,st_struct_pedestal/67647
ug_route/167506,OSP:BUSP:C653157,st_struct_pedestal/70048,st_struct_pedestal/69688
ug_route/167507,OSP:BUSP::8336781,cabinet/2511,st_struct_pedestal/69792
ug_route/167508,OSP:BUSP:C665503,st_struct_pedestal/68780,building/51292
ug_route/167509,OSP:BUSP:C642285,st_struct_pedestal/69571,st_struct_pedestal/67643
ug_route/167510,OSP:BUSP:C668521,st_struct_pedestal/69277,st_struct_pedestal/68192
ug_route/167511,OSP:BUSP::15007308,mywcom_route_junction/21848,st_struct_pedestal/69620
ug_route/167512,OSP:BUSP:C708175,st_struct_pedestal/69166,st_struct_pedestal/68123
ug_route/167513,OSP:BUSP:C651029,st_struct_pedestal/69226,building/50647
ug_route/167514,OSP:BUSP:C683080,st_struct_pedestal/70446,building/48719
ug_route/167515,OSP:BUSP:C708249,st_struct_pedestal/67127,st_struct_pedestal/68179
ug_route/167516,OSP:BUSP:C653175,st_struct_pedestal/70463,st_struct_pedestal/69688
ug_route/167517,OSP:BUSP:C668154,st_struct_pedestal/67220,st_struct_pedestal/67533
ug_route/167518,OSP:BUSP:C662513,st_struct_pedestal/69312,st_struct_pedestal/69135
ug_route/167519,OSP:BUSP:C653176,st_struct_pedestal/70463,st_struct_pedestal/69688
ug_route/167520,OSP:BUSP:C658538,st_struct_pedestal/69409,st_struct_pedestal/67239
ug_route/167521,OSP:BUSP:C650642,st_struct_pedestal/68268,building/50860
ug_route/167522,OSP:BUSP:C660682,st_struct_pedestal/70551,st_struct_pedestal/67976
ug_route/167523,OSP:BUSP:C665582,st_struct_pedestal/69978,st_struct_pedestal/70545
ug_route/167524,OSP:BUSP:C644416,st_struct_pedestal/69843,st_struct_pedestal/67109
ug_route/167525,OSP:BUSP:C653389,st_struct_pedestal/70529,mywcom_route_junction/21841
ug_route/167526,OSP:BUSP:C658506,st_struct_pedestal/68205,st_struct_pedestal/70386
ug_route/167527,OSP:BUSP:C655336,st_struct_pedestal/68520,st_struct_pedestal/67880
ug_route/167528,OSP:BUSP:C668984,st_struct_pedestal/70717,st_struct_pedestal/70054
ug_route/167529,OSP:BUSP:C658012,st_struct_pedestal/69252,building/49653
ug_route/167530,OSP:BUSP:C669012,st_struct_pedestal/70717,st_struct_pedestal/70054
ug_route/167531,OSP:BUSP:C641285,st_struct_pedestal/68425,building/50626
ug_route/167532,OSP:BUSP:C669068,st_struct_pedestal/70830,building/48835
ug_route/167533,OSP:BUSP:C656365,st_struct_pedestal/70619,st_struct_pedestal/70536
ug_route/167534,OSP:BUSP:C653845,st_struct_pedestal/67511,st_struct_pedestal/70397
ug_route/167535,OSP:BUSP:C655365,st_struct_pedestal/68127,st_struct_pedestal/67280
ug_route/167536,OSP:BUSP:C639175,st_struct_pedestal/68740,st_struct_pedestal/68184
ug_route/167537,OSP:BUSP:C640952,st_struct_pedestal/67833,st_struct_pedestal/68938
ug_route/167538,OSP:BUSP:C656348,st_struct_pedestal/70619,st_struct_pedestal/70536
ug_route/167539,OSP:BUSP:C640914,st_struct_pedestal/67810,st_struct_pedestal/67505
ug_route/167540,OSP:BUSP:C655605,st_struct_pedestal/68138,st_struct_pedestal/67711
ug_route/167541,OSP:BUSP:C653816,st_struct_pedestal/67511,st_struct_pedestal/70397
ug_route/167542,OSP:BUSP:C651197,st_struct_pedestal/69694,st_struct_pedestal/69801
ug_route/167543,OSP:BUSP::8061899,st_struct_pedestal/67584,st_struct_pedestal/69137
ug_route/167544,OSP:BUSP:C681331,st_struct_buried_splice_location/2664,st_struct_buried_splice_location/2619
ug_route/167545,OSP:BUSP:C655376,st_struct_pedestal/68127,st_struct_pedestal/67280
ug_route/167546,OSP:BUSP:C645270,st_struct_pedestal/67539,building/50853
ug_route/167547,OSP:BUSP:C658920,st_struct_pedestal/69351,st_struct_pedestal/67893
ug_route/167548,OSP:BUSP:C653686,st_struct_pedestal/70178,building/50486
ug_route/167549,OSP:BUSP:C639199,st_struct_pedestal/68740,st_struct_pedestal/68184
ug_route/167550,OSP:BUSP:C655615,st_struct_pedestal/68138,st_struct_pedestal/67711
ug_route/167551,OSP:BUSP:C652697,st_struct_pedestal/68242,st_struct_pedestal/69983
ug_route/167552,OSP:BUSP:C645937,st_struct_pedestal/69187,building/49479
ug_route/167553,OSP:BUSP:C668156,st_struct_pedestal/67220,st_struct_pedestal/67533
ug_route/167554,OSP:BUSP:C656678,st_struct_pedestal/70223,st_struct_pedestal/69387
ug_route/167555,OSP:BUSP:C705587,st_struct_pedestal/67600,st_struct_pedestal/70791
ug_route/167556,OSP:BUSP:C653015,st_struct_pedestal/70706,building/50782
ug_route/167557,OSP:BUSP:C658017,st_struct_pedestal/68001,st_struct_pedestal/69252
ug_route/167558,OSP:BUSP:C642317,st_struct_pedestal/70341,st_struct_pedestal/69696
ug_route/167559,OSP:BUSP:C651130,st_struct_pedestal/68083,st_struct_pedestal/67108
ug_route/167560,OSP:BUSP:C642335,st_struct_pedestal/70341,st_struct_pedestal/69696
ug_route/167561,OSP:BUSP:C641349,st_struct_pedestal/69271,st_struct_pedestal/67354
ug_route/167562,OSP:BUSP:C671986,st_struct_pedestal/68454,st_struct_pedestal/68468
ug_route/167563,OSP:BUSP:C652715,st_struct_pedestal/68242,st_struct_pedestal/69983
ug_route/167564,OSP:BUSP:C651196,st_struct_pedestal/68083,st_struct_pedestal/67108
ug_route/167565,OSP:BUSP:C648920,st_struct_pedestal/67399,st_struct_pedestal/68668
ug_route/167566,OSP:BUSP:C647363,st_struct_pedestal/67399,st_struct_pedestal/68668
ug_route/167567,OSP:BUSP:C640226,st_struct_pedestal/67501,st_struct_pedestal/69566
ug_route/167568,OSP:BUSP:C657020,st_struct_pedestal/68149,st_struct_pedestal/70247
ug_route/167569,OSP:BUSP:C660882,st_struct_pedestal/68355,st_struct_pedestal/69390
ug_route/167570,OSP:BUSP:C668292,st_struct_pedestal/68874,building/50918
ug_route/167571,OSP:BUSP:C670287,st_struct_pedestal/69554,st_struct_pedestal/67176
ug_route/167572,OSP:BUSP:C650096,st_struct_pedestal/70643,st_struct_pedestal/70695
ug_route/167573,OSP:BUSP:C670479,st_struct_pedestal/70046,st_struct_pedestal/70592
ug_route/167574,OSP:BUSP:C639707,st_struct_pedestal/67889,st_struct_pedestal/68381
ug_route/167575,OSP:BUSP:C639306,st_struct_pedestal/67131,st_struct_pedestal/68518
ug_route/167576,OSP:BUSP:C641439,st_struct_pedestal/68255,st_struct_pedestal/67391
ug_route/167577,OSP:BUSP:C662321,st_struct_pedestal/67188,st_struct_pedestal/70158
ug_route/167578,OSP:BUSP:C658827,st_struct_pedestal/67995,building/51233
ug_route/167579,OSP:BUSP:C652061,st_struct_pedestal/68743,st_struct_pedestal/69136
ug_route/167580,OSP:BUSP:C646513,st_struct_pedestal/68602,st_struct_pedestal/67518
ug_route/167581,OSP:BUSP:C657945,st_struct_pedestal/70293,st_struct_pedestal/70182
ug_route/167582,OSP:BUSP:C647685,st_struct_pedestal/68637,st_struct_pedestal/67837
ug_route/167583,OSP:BUSP:C646422,st_struct_pedestal/68602,st_struct_pedestal/67518
ug_route/167584,OSP:BUSP:C648756,st_struct_pedestal/69939,st_struct_pedestal/68043
ug_route/167585,OSP:BUSP:C647323,st_struct_pedestal/70657,st_struct_pedestal/67894
ug_route/167586,OSP:BUSP:C665664,st_struct_pedestal/68844,st_struct_pedestal/67081
ug_route/167587,OSP:BUSP:C653192,st_struct_pedestal/68985,st_struct_pedestal/68765
ug_route/167588,OSP:BUSP:C659049,st_struct_pedestal/67504,building/49795
ug_route/167589,OSP:BUSP:C648802,st_struct_pedestal/69939,st_struct_pedestal/68043
ug_route/167590,OSP:BUSP:C682177,st_struct_pedestal/68898,building/50239
ug_route/167591,OSP:BUSP:C665642,st_struct_pedestal/68844,st_struct_pedestal/67081
ug_route/167592,OSP:BUSP:C649013,st_struct_pedestal/68602,st_struct_pedestal/67518
ug_route/167593,OSP:BUSP:C660179,st_struct_pedestal/68646,st_struct_pedestal/68005
ug_route/167594,OSP:BUSP:C661075,mywcom_route_junction/21534,mywcom_route_junction/21411
ug_route/167595,OSP:BUSP:C646609,st_struct_pedestal/70496,st_struct_pedestal/70142
ug_route/167596,OSP:BUSP:C653078,st_struct_pedestal/70320,building/50791
ug_route/167597,OSP:BUSP:C665666,st_struct_pedestal/68844,st_struct_pedestal/67081
ug_route/167598,OSP:BUSP:C653666,st_struct_pedestal/68130,st_struct_pedestal/70178
ug_route/167599,OSP:BUSP:C682287,st_struct_pedestal/67682,st_struct_pedestal/68826
ug_route/167600,OSP:BUSP:C659622,st_struct_pedestal/70196,st_struct_pedestal/69732
ug_route/167601,OSP:BUSP:C653480,st_struct_pedestal/70088,st_struct_pedestal/68508
ug_route/167602,OSP:BUSP:C657715,st_struct_pedestal/67182,st_struct_pedestal/68937
ug_route/167603,OSP:BUSP:C653667,st_struct_pedestal/68130,st_struct_pedestal/70178
ug_route/167604,OSP:BUSP:C660184,st_struct_pedestal/68646,st_struct_pedestal/68005
ug_route/167605,OSP:BUSP:C661077,st_struct_pedestal/69640,st_struct_pedestal/69639
ug_route/167606,OSP:BUSP:C642069,st_struct_pedestal/68199,st_struct_pedestal/69385
ug_route/167607,OSP:BUSP:C668469,st_struct_pedestal/68819,building/48979
ug_route/167608,OSP:BUSP::12613064,mywcom_route_junction/21854,mywcom_route_junction/21208
ug_route/167609,OSP:BUSP:C645920,st_struct_pedestal/68685,st_struct_pedestal/70640
ug_route/167610,OSP:BUSP:C650484,st_struct_pedestal/69198,st_struct_pedestal/68012
ug_route/167611,OSP:BUSP:C657902,st_struct_pedestal/70293,st_struct_pedestal/70182
ug_route/167612,OSP:BUSP:C651962,st_struct_pedestal/68743,st_struct_pedestal/67473
ug_route/167613,OSP:BUSP:C649718,st_struct_pedestal/70643,st_struct_pedestal/68248
ug_route/167614,OSP:BUSP:C657733,st_struct_pedestal/67182,st_struct_pedestal/68937
ug_route/167615,OSP:BUSP:C645956,st_struct_pedestal/68685,st_struct_pedestal/70640
ug_route/167616,OSP:BUSP:C650489,st_struct_pedestal/69198,st_struct_pedestal/68012
ug_route/167617,OSP:BUSP:C654774,st_struct_pedestal/68831,building/50069
ug_route/167618,OSP:BUSP:C639441,st_struct_pedestal/67284,st_struct_pedestal/69182
ug_route/167619,OSP:BUSP:C657941,st_struct_pedestal/70293,st_struct_pedestal/70182
ug_route/167620,OSP:BUSP:C643928,st_struct_pedestal/67635,building/50238
ug_route/167621,OSP:BUSP:C639445,st_struct_pedestal/67284,st_struct_pedestal/69182
ug_route/167622,OSP:BUSP::10613629,st_struct_pedestal/69981,st_struct_pedestal/68422
ug_route/167623,OSP:BUSP:C654575,st_struct_pedestal/70593,st_struct_pedestal/69932
ug_route/167624,OSP:BUSP:C658936,st_struct_pedestal/67575,st_struct_pedestal/68774
ug_route/167625,OSP:BUSP:C640328,st_struct_pedestal/68512,st_struct_pedestal/68426
ug_route/167626,OSP:BUSP:C648551,st_struct_pedestal/68976,st_struct_pedestal/68702
ug_route/167627,OSP:BUSP:C643087,st_struct_buried_splice_location/2602,st_struct_buried_splice_location/2674
ug_route/167628,OSP:BUSP:C648556,st_struct_pedestal/68976,st_struct_pedestal/68702
ug_route/167629,OSP:BUSP:C648820,st_struct_pedestal/69939,building/50752
ug_route/167630,OSP:BUSP:C646677,st_struct_pedestal/68512,st_struct_pedestal/68426
ug_route/167631,OSP:BUSP:C641310,st_struct_pedestal/68592,st_struct_pedestal/68238
ug_route/167632,OSP:BUSP:C640280,st_struct_pedestal/69314,st_struct_pedestal/70144
ug_route/167633,OSP:BUSP:C660193,st_struct_pedestal/67579,st_struct_pedestal/67669
ug_route/167634,OSP:BUSP:C645849,st_struct_pedestal/68423,st_struct_pedestal/68002
ug_route/167635,OSP:BUSP:C645776,st_struct_pedestal/68638,st_struct_pedestal/68876
ug_route/167636,OSP:BUSP:C646187,st_struct_pedestal/69994,st_struct_pedestal/70533
ug_route/167637,OSP:BUSP:C660194,st_struct_pedestal/67579,st_struct_pedestal/67669
ug_route/167638,OSP:BUSP:C640285,st_struct_pedestal/69314,st_struct_pedestal/70144
ug_route/167639,OSP:BUSP:C658578,st_struct_pedestal/69751,st_struct_pedestal/67385
ug_route/167640,OSP:BUSP:C706883,pole/40700,cabinet/2491
ug_route/167641,OSP:BUSP:C643699,st_struct_pedestal/68840,st_struct_pedestal/69316
ug_route/167642,OSP:BUSP:C656220,st_struct_pedestal/68779,building/49053
ug_route/167643,OSP:BUSP:C646220,st_struct_pedestal/69994,st_struct_pedestal/70533
ug_route/167644,OSP:BUSP:C683141,st_struct_buried_splice_location/2733,st_struct_pedestal/68895
ug_route/167645,OSP:BUSP:C681607,st_struct_pedestal/70337,st_struct_pedestal/70488
ug_route/167646,OSP:BUSP::8348933,st_struct_pedestal/70584,mywcom_route_junction/21148
ug_route/167647,OSP:BUSP:C668162,st_struct_pedestal/67220,st_struct_pedestal/68806
ug_route/167648,OSP:BUSP:C643071,st_struct_buried_splice_location/2683,st_struct_buried_splice_location/2691
ug_route/167649,OSP:BUSP:C659779,st_struct_buried_splice_location/2704,st_struct_pedestal/68866
ug_route/167650,OSP:BUSP:C643722,st_struct_pedestal/68840,st_struct_pedestal/69316
ug_route/167651,OSP:BUSP:C666763,st_struct_buried_splice_location/2628,st_struct_pedestal/68646
ug_route/167652,OSP:BUSP:C641581,st_struct_pedestal/67190,st_struct_pedestal/68631
ug_route/167653,OSP:BUSP:C658236,st_struct_pedestal/69063,st_struct_pedestal/68082
ug_route/167654,OSP:BUSP:C708158,st_struct_pedestal/69402,mywcom_route_junction/21584
ug_route/167655,OSP:BUSP:C654889,mywcom_route_junction/21146,mywcom_route_junction/21041
ug_route/167656,OSP:BUSP:C640235,st_struct_pedestal/67501,st_struct_pedestal/69566
ug_route/167657,OSP:BUSP:C705996,st_struct_pedestal/67190,st_struct_pedestal/68631
ug_route/167658,OSP:BUSP:C656777,st_struct_pedestal/67809,st_struct_pedestal/67318
ug_route/167659,OSP:BUSP:C660572,st_struct_pedestal/68998,st_struct_pedestal/70720
ug_route/167660,OSP:BUSP:C661183,st_struct_pedestal/69280,st_struct_pedestal/70415
ug_route/167661,OSP:BUSP:C645979,st_struct_pedestal/70640,st_struct_pedestal/70405
ug_route/167662,OSP:BUSP:C654707,st_struct_pedestal/69112,st_struct_pedestal/68590
ug_route/167663,OSP:BUSP:C661197,st_struct_pedestal/69280,st_struct_pedestal/70415
ug_route/167664,OSP:BUSP:C710191,st_struct_pedestal/70318,st_struct_pedestal/67344
ug_route/167665,OSP:BUSP:C653669,st_struct_pedestal/70178,st_struct_pedestal/67895
ug_route/167666,OSP:BUSP:C645683,st_struct_pedestal/69448,st_struct_pedestal/70400
ug_route/167667,OSP:BUSP::7683755,mywcom_route_junction/21245,st_struct_pedestal/68819
ug_route/167668,OSP:BUSP:C668238,st_struct_pedestal/68844,st_struct_pedestal/69067
ug_route/167669,OSP:BUSP:C668031,st_struct_pedestal/68844,st_struct_pedestal/69067
ug_route/167670,OSP:BUSP:C640160,st_struct_pedestal/69936,st_struct_pedestal/68585
ug_route/167671,OSP:BUSP:C660109,st_struct_pedestal/67195,st_struct_pedestal/68984
ug_route/167672,OSP:BUSP:C653021,st_struct_pedestal/67512,building/48879
ug_route/167673,OSP:BUSP::16694731,mywcom_route_junction/21257,mywcom_route_junction/21986
ug_route/167674,OSP:BUSP:C660111,st_struct_pedestal/67195,st_struct_pedestal/68984
ug_route/167675,OSP:BUSP:C641452,st_struct_pedestal/70148,st_struct_pedestal/67317
ug_route/167676,OSP:BUSP:C654595,st_struct_pedestal/69285,st_struct_pedestal/70645
ug_route/167677,OSP:BUSP::16735348,mywcom_route_junction/21655,mywcom_route_junction/20926
ug_route/167678,OSP:BUSP:C647331,st_struct_pedestal/67894,building/49213
ug_route/167679,OSP:BUSP:C641517,st_struct_pedestal/70148,st_struct_pedestal/67317
ug_route/167680,OSP:BUSP:C653674,st_struct_pedestal/70178,st_struct_pedestal/67895
ug_route/167681,OSP:BUSP:C641499,st_struct_pedestal/70148,st_struct_pedestal/67317
ug_route/167682,OSP:BUSP:C646952,st_struct_pedestal/70275,st_struct_pedestal/70316
ug_route/167683,OSP:BUSP:C656615,mywcom_route_junction/21542,mywcom_route_junction/21554
ug_route/167684,OSP:BUSP:C655783,st_struct_pedestal/69608,st_struct_pedestal/70179
ug_route/167685,OSP:BUSP:C651403,st_struct_pedestal/70528,building/51115
ug_route/167686,OSP:BUSP:C637442,st_struct_pedestal/69685,st_struct_pedestal/67751
ug_route/167687,OSP:BUSP:C655404,st_struct_pedestal/70429,building/51243
ug_route/167688,OSP:BUSP:C641372,st_struct_pedestal/67177,st_struct_pedestal/70213
ug_route/167689,OSP:BUSP:C707947,st_struct_pedestal/67115,st_struct_pedestal/67184
ug_route/167690,OSP:BUSP:C652778,st_struct_pedestal/68778,st_struct_pedestal/70463
ug_route/167691,OSP:BUSP:C640332,st_struct_pedestal/68426,st_struct_pedestal/69652
ug_route/167692,OSP:BUSP:C658437,st_struct_pedestal/67363,st_struct_pedestal/68150
ug_route/167693,OSP:BUSP:C651145,st_struct_pedestal/69502,st_struct_pedestal/68385
ug_route/167694,OSP:BUSP:C647293,st_struct_pedestal/68450,st_struct_pedestal/67399
ug_route/167695,OSP:BUSP:C641890,st_struct_pedestal/68450,st_struct_pedestal/67399
ug_route/167696,OSP:BUSP:C652818,st_struct_pedestal/68594,st_struct_pedestal/68908
ug_route/167697,OSP:BUSP:C642109,st_struct_pedestal/70690,st_struct_pedestal/67410
ug_route/167698,OSP:BUSP:C649891,st_struct_pedestal/67102,building/50223
ug_route/167699,OSP:BUSP:C708155,st_struct_buried_splice_location/2680,st_struct_pedestal/68735
ug_route/167700,OSP:BUSP:C651096,st_struct_pedestal/68338,building/49558
ug_route/167701,OSP:BUSP:C652894,st_struct_pedestal/68594,st_struct_pedestal/68908
ug_route/167702,OSP:BUSP:C652897,st_struct_pedestal/68594,st_struct_pedestal/68908
ug_route/167703,OSP:BUSP:C642289,st_struct_pedestal/70690,st_struct_pedestal/67410
ug_route/167704,OSP:BUSP:C648956,st_struct_pedestal/69470,pole/41810
ug_route/167705,OSP:BUSP:C638803,st_struct_pedestal/67537,st_struct_pedestal/67449
ug_route/167706,OSP:BUSP:C657005,st_struct_pedestal/68997,st_struct_pedestal/70107
ug_route/167707,OSP:BUSP:C648971,st_struct_pedestal/69470,pole/41810
ug_route/167708,OSP:BUSP:C648821,st_struct_pedestal/69939,st_struct_pedestal/69384
ug_route/167709,OSP:BUSP:C648822,st_struct_pedestal/69939,st_struct_pedestal/69384
ug_route/167710,OSP:BUSP::11828724,mywcom_route_junction/21589,mywcom_route_junction/21391
ug_route/167711,OSP:BUSP:C705812,st_struct_pedestal/68752,mywcom_route_junction/21177
ug_route/167712,OSP:BUSP:C640607,st_struct_pedestal/70142,st_struct_pedestal/70044
ug_route/167713,OSP:BUSP:C641294,st_struct_pedestal/69799,st_struct_pedestal/70005
ug_route/167714,OSP:BUSP::7613892,st_struct_pedestal/70845,st_struct_pedestal/67510
ug_route/167715,OSP:BUSP:C640613,st_struct_pedestal/70142,st_struct_pedestal/70044
ug_route/167716,OSP:BUSP:C651617,st_struct_buried_splice_location/2689,st_struct_pedestal/69694
ug_route/167717,OSP:BUSP:C655174,st_struct_pedestal/68388,building/50964
ug_route/167718,OSP:BUSP:C665720,st_struct_pedestal/69329,st_struct_pedestal/69330
ug_route/167719,OSP:BUSP:C651533,st_struct_buried_splice_location/2662,st_struct_pedestal/69694
ug_route/167720,OSP:BUSP:C641473,st_struct_pedestal/67514,st_struct_pedestal/69089
ug_route/167721,OSP:BUSP:C670519,st_struct_pedestal/67442,st_struct_pedestal/67887
ug_route/167722,OSP:BUSP:C641508,st_struct_pedestal/67514,st_struct_pedestal/69089
ug_route/167723,OSP:BUSP:C641522,st_struct_pedestal/67514,st_struct_pedestal/69089
ug_route/167724,OSP:BUSP:C660930,st_struct_pedestal/67241,st_struct_pedestal/68099
ug_route/167725,OSP:BUSP:C642175,st_struct_pedestal/70624,st_struct_pedestal/67904
ug_route/167726,OSP:BUSP:C644336,st_struct_pedestal/67830,st_struct_pedestal/68943
ug_route/167727,OSP:BUSP:C658937,st_struct_pedestal/68774,st_struct_pedestal/69530
ug_route/167728,OSP:BUSP:C660935,st_struct_pedestal/67241,st_struct_pedestal/68099
ug_route/167729,OSP:BUSP:C639447,st_struct_pedestal/69182,st_struct_pedestal/68245
ug_route/167730,OSP:BUSP:C642236,st_struct_pedestal/70624,st_struct_pedestal/67904
ug_route/167731,OSP:BUSP:C661128,st_struct_buried_splice_location/2644,st_struct_pedestal/69539
ug_route/167732,OSP:BUSP:C666762,st_struct_pedestal/69383,st_struct_buried_splice_location/2628
ug_route/167733,OSP:BUSP:C639453,st_struct_pedestal/69182,st_struct_pedestal/68245
ug_route/167734,OSP:BUSP:C645908,st_struct_pedestal/70324,st_struct_pedestal/68685
ug_route/167735,OSP:BUSP::11486956,mywcom_route_junction/21907,building/50058
ug_route/167736,OSP:BUSP:C708110,st_struct_pedestal/67157,st_struct_buried_splice_location/2659
ug_route/167737,OSP:BUSP:C651991,st_struct_pedestal/68526,st_struct_pedestal/70616
ug_route/167738,OSP:BUSP:C645953,st_struct_pedestal/70324,st_struct_pedestal/68685
ug_route/167739,OSP:BUSP:C641403,st_struct_pedestal/67508,st_struct_buried_splice_location/2626
ug_route/167740,OSP:BUSP:C646758,st_struct_buried_splice_location/2640,st_struct_pedestal/68460
ug_route/167741,OSP:BUSP:C641823,st_struct_pedestal/67282,building/51283
ug_route/167742,OSP:BUSP::8336780,mywcom_route_junction/21564,st_struct_pedestal/67128
ug_route/167743,OSP:BUSP:C682188,st_struct_pedestal/68898,st_struct_pedestal/70537
ug_route/167744,OSP:BUSP:C639137,st_struct_pedestal/67952,st_struct_pedestal/68639
ug_route/167745,OSP:BUSP:C642008,st_struct_pedestal/67825,building/50478
ug_route/167746,OSP:BUSP:C656940,st_struct_pedestal/67819,building/51317
ug_route/167747,OSP:BUSP:C682182,st_struct_pedestal/68898,st_struct_pedestal/70537
ug_route/167748,OSP:BUSP:C651997,st_struct_pedestal/69769,st_struct_pedestal/69165
ug_route/167749,OSP:BUSP:C639142,st_struct_pedestal/67952,st_struct_pedestal/68639
ug_route/167750,OSP:BUSP:C641496,st_struct_pedestal/68637,building/50142
ug_route/167751,OSP:BUSP:C668243,st_struct_pedestal/67083,st_struct_pedestal/68877
ug_route/167752,OSP:BUSP:C659655,mywcom_route_junction/21086,st_struct_pedestal/68947
ug_route/167753,OSP:BUSP:C668242,st_struct_pedestal/67083,st_struct_pedestal/68877
ug_route/167754,OSP:BUSP:C656995,st_struct_pedestal/67749,st_struct_pedestal/67386
ug_route/167755,OSP:BUSP:C658776,st_struct_pedestal/69305,st_struct_pedestal/69730
ug_route/167756,OSP:BUSP:C641602,st_struct_pedestal/69353,st_struct_pedestal/67499
ug_route/167757,OSP:BUSP:C660169,st_struct_pedestal/69992,st_struct_pedestal/68089
ug_route/167758,OSP:BUSP:C649721,st_struct_pedestal/68248,building/48833
ug_route/167759,OSP:BUSP:C640474,st_struct_pedestal/69284,st_struct_pedestal/68709
ug_route/167760,OSP:BUSP:C705835,st_struct_pedestal/68126,st_struct_pedestal/68293
ug_route/167761,OSP:BUSP:C640963,st_struct_pedestal/67833,st_struct_pedestal/69922
ug_route/167762,OSP:BUSP:C653481,st_struct_pedestal/68508,st_struct_pedestal/70798
ug_route/167763,OSP:BUSP:C657877,st_struct_pedestal/70229,st_struct_pedestal/69239
ug_route/167764,OSP:BUSP:C637420,st_struct_pedestal/69059,st_struct_pedestal/70395
ug_route/167765,OSP:BUSP:C640532,st_struct_pedestal/69284,st_struct_pedestal/68709
ug_route/167766,OSP:BUSP:C708157,st_struct_pedestal/68126,st_struct_pedestal/68293
ug_route/167767,OSP:BUSP:C710210,st_struct_pedestal/68126,st_struct_pedestal/68293
ug_route/167768,OSP:BUSP:C682170,st_struct_pedestal/70399,building/48847
ug_route/167769,OSP:BUSP:C665496,st_struct_pedestal/70415,st_struct_pedestal/68780
ug_route/167770,OSP:BUSP:C648111,st_struct_pedestal/67287,st_struct_pedestal/68710
ug_route/167771,OSP:BUSP:C660185,st_struct_pedestal/68005,building/50102
ug_route/167772,OSP:BUSP:C665499,st_struct_pedestal/70415,st_struct_pedestal/68780
ug_route/167773,OSP:BUSP:C648349,st_struct_pedestal/67397,st_struct_pedestal/69834
ug_route/167774,OSP:BUSP:C651022,st_struct_pedestal/68131,st_struct_pedestal/67073
ug_route/167775,OSP:BUSP:C651034,st_struct_pedestal/68131,st_struct_pedestal/67073
ug_route/167776,OSP:BUSP:C656873,st_struct_pedestal/70140,st_struct_pedestal/68252
ug_route/167777,OSP:BUSP:C706894,st_struct_pedestal/69765,st_struct_pedestal/67788
ug_route/167778,OSP:BUSP:C708140,st_struct_pedestal/69832,building/51132
ug_route/167779,OSP:BUSP:C649660,st_struct_pedestal/67397,st_struct_pedestal/69834
ug_route/167780,OSP:BUSP:C658773,st_struct_pedestal/67053,building/50715
ug_route/167781,OSP:BUSP:C661090,st_struct_pedestal/67892,st_struct_pedestal/67325
ug_route/167782,OSP:BUSP:C661086,st_struct_pedestal/67892,st_struct_pedestal/67325
ug_route/167783,OSP:BUSP:C660630,st_struct_pedestal/70700,st_struct_pedestal/69012
ug_route/167784,OSP:BUSP:C648063,st_struct_pedestal/68951,st_struct_pedestal/68792
ug_route/167785,OSP:BUSP:C651312,st_struct_buried_splice_location/2695,st_struct_pedestal/69197
ug_route/167786,OSP:BUSP:C657429,st_struct_pedestal/67696,building/49376
ug_route/167787,OSP:BUSP:C665693,st_struct_pedestal/68088,st_struct_pedestal/68843
ug_route/167788,OSP:BUSP:C665706,st_struct_pedestal/68088,st_struct_pedestal/68843
ug_route/167789,OSP:BUSP:C655178,st_struct_pedestal/70227,st_struct_pedestal/68442
ug_route/167790,OSP:BUSP:C669754,st_struct_pedestal/69544,st_struct_pedestal/70236
ug_route/167791,OSP:BUSP:C665708,st_struct_pedestal/68088,st_struct_pedestal/68843
ug_route/167792,OSP:BUSP:C669751,st_struct_pedestal/69544,st_struct_pedestal/70236
ug_route/167793,OSP:BUSP:C657928,st_struct_pedestal/70182,st_struct_buried_splice_location/2633
ug_route/167794,OSP:BUSP:C659629,st_struct_pedestal/68947,building/49239
ug_route/167795,OSP:BUSP:C655390,st_struct_pedestal/70448,st_struct_pedestal/70704
ug_route/167796,OSP:BUSP:C708412,st_struct_pedestal/69009,st_struct_pedestal/68507
ug_route/167797,OSP:BUSP:C643898,st_struct_pedestal/69864,st_struct_pedestal/67448
ug_route/167798,OSP:BUSP:C640945,st_struct_pedestal/70265,st_struct_pedestal/67833
ug_route/167799,OSP:BUSP:C660510,st_struct_pedestal/70651,st_struct_pedestal/69813
ug_route/167800,OSP:BUSP:C646473,st_struct_pedestal/68643,st_struct_pedestal/70847
ug_route/167801,OSP:BUSP:C655446,st_struct_pedestal/68662,st_struct_pedestal/67275
ug_route/167802,OSP:BUSP:C653020,st_struct_pedestal/67512,building/49783
ug_route/167803,OSP:BUSP:C646533,st_struct_pedestal/68643,st_struct_pedestal/70847
ug_route/167804,OSP:BUSP:C648564,st_struct_pedestal/69515,st_struct_pedestal/68675
ug_route/167805,OSP:BUSP:C641260,st_struct_pedestal/68734,st_struct_pedestal/70491
ug_route/167806,OSP:BUSP:C665713,st_struct_pedestal/69329,building/49380
ug_route/167807,OSP:BUSP:C665873,st_struct_pedestal/69501,st_struct_pedestal/69255
ug_route/167808,OSP:BUSP:C660534,st_struct_pedestal/70651,st_struct_pedestal/69813
ug_route/167809,OSP:BUSP:C682504,st_struct_pedestal/70255,st_struct_pedestal/68898
ug_route/167810,OSP:BUSP:C708083,st_struct_pedestal/69595,mywcom_route_junction/21510
ug_route/167811,OSP:BUSP:C648572,st_struct_pedestal/69515,st_struct_pedestal/68675
ug_route/167812,OSP:BUSP:C682176,st_struct_pedestal/70255,st_struct_pedestal/68898
ug_route/167813,OSP:BUSP:C657114,st_struct_pedestal/67639,st_struct_pedestal/68520
ug_route/167814,OSP:BUSP:C660540,st_struct_pedestal/70651,st_struct_pedestal/69813
ug_route/167815,OSP:BUSP:C656775,st_struct_pedestal/67763,st_struct_pedestal/67809
ug_route/167816,OSP:BUSP:C639017,st_struct_pedestal/67110,st_struct_pedestal/67591
ug_route/167817,OSP:BUSP:C651355,st_struct_pedestal/70528,st_struct_pedestal/68196
ug_route/167818,OSP:BUSP:C642245,st_struct_pedestal/67443,building/50813
ug_route/167819,OSP:BUSP:C639067,st_struct_pedestal/67110,st_struct_pedestal/67591
ug_route/167820,OSP:BUSP:C654784,st_struct_pedestal/68742,st_struct_pedestal/69928
ug_route/167821,OSP:BUSP:C658008,st_struct_pedestal/68001,st_struct_pedestal/69252
ug_route/167822,OSP:BUSP:C660842,st_struct_pedestal/69489,st_struct_pedestal/69991
ug_route/167823,OSP:BUSP:C654787,st_struct_pedestal/68742,st_struct_pedestal/69928
ug_route/167824,OSP:BUSP::7683701,st_struct_pedestal/70236,mywcom_route_junction/21995
ug_route/167825,OSP:BUSP:C656431,st_struct_pedestal/70744,st_struct_pedestal/70040
ug_route/167826,OSP:BUSP:C647421,st_struct_pedestal/70137,st_struct_pedestal/70365
ug_route/167827,OSP:BUSP:C670504,st_struct_pedestal/69086,st_struct_pedestal/67306
ug_route/167828,OSP:BUSP:C648256,st_struct_pedestal/69938,building/49803
ug_route/167829,OSP:BUSP:C642211,st_struct_pedestal/67443,building/49512
ug_route/167830,OSP:BUSP:C642874,st_struct_pedestal/67933,building/49617
ug_route/167831,OSP:BUSP:C656507,st_struct_pedestal/70744,st_struct_pedestal/70040
ug_route/167832,OSP:BUSP:C660660,st_struct_pedestal/70700,st_struct_pedestal/69012
ug_route/167833,OSP:BUSP:C665623,st_struct_pedestal/67789,st_struct_pedestal/69211
ug_route/167834,OSP:BUSP:C670648,st_struct_pedestal/67744,st_struct_pedestal/70436
ug_route/167835,OSP:BUSP:C642118,st_struct_pedestal/67041,st_struct_pedestal/69287
ug_route/167836,OSP:BUSP:C641093,st_struct_pedestal/69107,st_struct_pedestal/68460
ug_route/167837,OSP:BUSP:C667009,st_struct_pedestal/68082,mywcom_route_junction/21688
ug_route/167838,OSP:BUSP:C649309,st_struct_pedestal/68808,building/49295
ug_route/167839,OSP:BUSP:C641303,st_struct_pedestal/70711,st_struct_pedestal/68592
ug_route/167840,OSP:BUSP:C711902,st_struct_pedestal/70792,st_struct_pedestal/70285
ug_route/167841,OSP:BUSP:C647695,st_struct_pedestal/68657,building/49825
ug_route/167842,OSP:BUSP:C660100,st_struct_pedestal/67193,st_struct_pedestal/69383
ug_route/167843,OSP:BUSP:C637447,st_struct_pedestal/67751,building/50303
ug_route/167844,OSP:BUSP:C644147,st_struct_pedestal/70753,st_struct_pedestal/69518
ug_route/167845,OSP:BUSP:C660102,st_struct_pedestal/67193,st_struct_pedestal/69383
ug_route/167846,OSP:BUSP:C654917,st_struct_pedestal/69688,st_struct_pedestal/68935
ug_route/167847,OSP:BUSP:C654923,st_struct_pedestal/69688,st_struct_pedestal/68935
ug_route/167848,OSP:BUSP:C653488,st_struct_pedestal/68508,st_struct_pedestal/68344
ug_route/167849,OSP:BUSP:C671084,st_struct_pedestal/70681,building/48760
ug_route/167850,OSP:BUSP:C641754,st_struct_pedestal/68433,st_struct_pedestal/70073
ug_route/167851,OSP:BUSP:C656958,st_struct_pedestal/70037,st_struct_pedestal/69998
ug_route/167852,OSP:BUSP:C651967,st_struct_pedestal/67323,st_struct_pedestal/67698
ug_route/167853,OSP:BUSP:C654925,st_struct_pedestal/69688,st_struct_pedestal/68935
ug_route/167854,OSP:BUSP:C660979,st_struct_pedestal/68047,building/49980
ug_route/167855,OSP:BUSP:C641900,st_struct_pedestal/68433,st_struct_pedestal/70073
ug_route/167856,OSP:BUSP:C640980,st_struct_pedestal/67278,st_struct_pedestal/70193
ug_route/167857,OSP:BUSP:C666973,st_struct_pedestal/68123,building/50710
ug_route/167858,OSP:BUSP::12613054,mywcom_route_junction/21468,mywcom_route_junction/21975
ug_route/167859,OSP:BUSP:C654927,st_struct_pedestal/69688,st_struct_pedestal/68935
ug_route/167860,OSP:BUSP:C659831,st_struct_pedestal/70495,st_struct_pedestal/69847
ug_route/167861,OSP:BUSP:C660024,st_struct_pedestal/70495,st_struct_pedestal/69847
ug_route/167862,OSP:BUSP:C653789,st_struct_pedestal/68249,st_struct_pedestal/69006
ug_route/167863,OSP:BUSP:C659838,st_struct_pedestal/70495,st_struct_pedestal/69847
ug_route/167864,OSP:BUSP:C658089,st_struct_pedestal/68548,st_struct_pedestal/68517
ug_route/167865,OSP:BUSP:C650131,st_struct_pedestal/68366,st_struct_pedestal/68368
ug_route/167866,OSP:BUSP:C660036,st_struct_pedestal/70495,st_struct_pedestal/69847
ug_route/167867,OSP:BUSP:C682014,st_struct_pedestal/69603,st_struct_pedestal/69342
ug_route/167868,OSP:BUSP:C668517,st_struct_pedestal/68735,st_struct_pedestal/69277
ug_route/167869,OSP:BUSP:C647771,st_struct_pedestal/69800,st_struct_pedestal/69927
ug_route/167870,OSP:BUSP:C647329,st_struct_pedestal/70657,building/48868
ug_route/167871,OSP:BUSP:C641739,st_struct_pedestal/68909,st_struct_pedestal/68433
ug_route/167872,OSP:BUSP:C652064,st_struct_pedestal/69136,st_struct_pedestal/69848
ug_route/167873,OSP:BUSP:C653806,st_struct_pedestal/68249,st_struct_pedestal/69006
ug_route/167874,OSP:BUSP:C646463,st_struct_buried_splice_location/2661,st_struct_pedestal/70822
ug_route/167875,OSP:BUSP:C641877,st_struct_pedestal/68909,st_struct_pedestal/68433
ug_route/167876,OSP:BUSP:C670977,st_struct_pedestal/69402,st_struct_pedestal/68177
ug_route/167877,OSP:BUSP:C658759,st_struct_pedestal/67053,st_struct_pedestal/69305
ug_route/167878,OSP:BUSP:C668664,st_struct_pedestal/68159,building/51398
ug_route/167879,OSP:BUSP:C659627,st_struct_pedestal/69732,st_struct_pedestal/68947
ug_route/167880,OSP:BUSP:C640397,st_struct_pedestal/69936,st_struct_pedestal/67626
ug_route/167881,OSP:BUSP:C659853,st_struct_pedestal/69847,st_struct_pedestal/68844
ug_route/167882,OSP:BUSP:C704984,st_struct_pedestal/67776,st_struct_pedestal/67265
ug_route/167883,OSP:BUSP:C658775,st_struct_pedestal/67053,st_struct_pedestal/69305
ug_route/167884,OSP:BUSP:C648599,st_struct_pedestal/67666,building/49368
ug_route/167885,OSP:BUSP:C706775,st_struct_pedestal/70042,st_struct_pedestal/68779
ug_route/167886,OSP:BUSP:C641197,st_struct_pedestal/68239,st_struct_pedestal/68888
ug_route/167887,OSP:BUSP:C658238,st_struct_pedestal/69063,building/51157
ug_route/167888,OSP:BUSP:C659855,st_struct_pedestal/69847,st_struct_pedestal/68844
ug_route/167889,OSP:BUSP:C642253,st_struct_pedestal/67443,building/48773
ug_route/167890,OSP:BUSP:C707538,st_struct_pedestal/68289,st_struct_pedestal/67363
ug_route/167891,OSP:BUSP:C642110,st_struct_pedestal/67410,building/50199
ug_route/167892,OSP:BUSP:C683112,st_struct_pedestal/67144,st_struct_pedestal/70329
ug_route/167893,OSP:BUSP:C657994,st_struct_pedestal/69246,building/49525
ug_route/167894,OSP:BUSP::16532404,st_struct_pedestal/68486,st_struct_buried_splice_location/2637
ug_route/167895,OSP:BUSP:C639307,st_struct_pedestal/68518,building/49331
ug_route/167896,OSP:BUSP:C660950,st_struct_pedestal/69528,st_struct_pedestal/68057
ug_route/167897,OSP:BUSP:C648066,st_struct_pedestal/67755,building/49954
ug_route/167898,OSP:BUSP::15712251,mywcom_route_junction/20972,st_struct_pedestal/67976
ug_route/167899,OSP:BUSP:C652706,st_struct_pedestal/69983,st_struct_pedestal/67826
ug_route/167900,OSP:BUSP:C660973,st_struct_pedestal/69528,st_struct_pedestal/68057
ug_route/167901,OSP:BUSP:C659843,st_struct_pedestal/69847,st_struct_pedestal/68844
ug_route/167902,OSP:BUSP:C641194,st_struct_pedestal/68128,st_struct_pedestal/70398
ug_route/167903,OSP:BUSP:C659847,st_struct_pedestal/69847,st_struct_pedestal/68844
ug_route/167904,OSP:BUSP:C646472,st_struct_pedestal/67519,st_struct_pedestal/68643
ug_route/167905,OSP:BUSP:C652719,st_struct_pedestal/69983,st_struct_pedestal/67826
ug_route/167906,OSP:BUSP:C642881,st_struct_pedestal/69167,building/49508
ug_route/167907,OSP:BUSP:C646530,st_struct_pedestal/67519,st_struct_pedestal/68643
ug_route/167908,OSP:BUSP:C682200,st_struct_pedestal/68405,st_struct_pedestal/69318
ug_route/167909,OSP:BUSP:C681747,st_struct_pedestal/69603,st_struct_pedestal/70015
ug_route/167910,OSP:BUSP:C642882,st_struct_pedestal/69167,building/49618
ug_route/167911,OSP:BUSP::10282431,st_struct_pedestal/68609,st_struct_pedestal/67831
ug_route/167912,OSP:BUSP:C681478,st_struct_pedestal/68102,building/49614
ug_route/167913,OSP:BUSP:C655323,st_struct_pedestal/67099,st_struct_pedestal/68688
ug_route/167914,OSP:BUSP:C643114,st_struct_buried_splice_location/2611,st_struct_pedestal/67596
ug_route/167915,OSP:BUSP:C641849,st_struct_pedestal/67388,st_struct_pedestal/69570
ug_route/167916,OSP:BUSP::12606688,st_struct_pedestal/69595,mywcom_route_junction/21929
ug_route/167917,OSP:BUSP:C661925,st_struct_pedestal/69395,st_struct_pedestal/70037
ug_route/167918,OSP:BUSP:C661927,st_struct_pedestal/69395,st_struct_pedestal/70037
ug_route/167919,OSP:BUSP:C641845,st_struct_pedestal/67388,st_struct_pedestal/69570
ug_route/167920,OSP:BUSP:C682007,st_struct_pedestal/69603,st_struct_pedestal/70015
ug_route/167921,OSP:BUSP::9693946,st_struct_pedestal/69320,st_struct_pedestal/70419
ug_route/167922,OSP:BUSP:C654433,st_struct_pedestal/69192,building/50604
ug_route/167923,OSP:BUSP:C641677,st_struct_pedestal/67388,st_struct_pedestal/69570
ug_route/167924,OSP:BUSP:C646071,st_struct_pedestal/67881,st_struct_pedestal/69051
ug_route/167925,OSP:BUSP:C641927,st_struct_pedestal/68199,st_struct_pedestal/69717
ug_route/167926,OSP:BUSP:C670998,st_struct_pedestal/68826,building/49814
ug_route/167927,OSP:BUSP:C650455,st_struct_pedestal/68486,mywcom_route_junction/21722
ug_route/167928,OSP:BUSP:C651168,st_struct_pedestal/70750,building/50595
ug_route/167929,OSP:BUSP:C656886,st_struct_pedestal/70140,building/50570
ug_route/167930,OSP:BUSP:C655208,st_struct_pedestal/67780,st_struct_pedestal/68950
ug_route/167931,OSP:BUSP:C639064,st_struct_pedestal/69449,st_struct_pedestal/67952
ug_route/167932,OSP:BUSP:C662206,st_struct_pedestal/68049,building/49456
ug_route/167933,OSP:BUSP:C655312,st_struct_pedestal/67099,st_struct_pedestal/68688
ug_route/167934,OSP:BUSP:C639041,st_struct_pedestal/67591,st_struct_pedestal/69186
ug_route/167935,OSP:BUSP:C640154,st_struct_pedestal/69809,st_struct_pedestal/69936
ug_route/167936,OSP:BUSP:C708049,st_struct_pedestal/68779,st_struct_pedestal/70328
ug_route/167937,OSP:BUSP:C639075,st_struct_pedestal/69449,st_struct_pedestal/67952
ug_route/167938,OSP:BUSP::8606853,st_struct_pedestal/68092,st_struct_pedestal/69874
ug_route/167939,OSP:BUSP:C640345,st_struct_pedestal/67636,building/51391
ug_route/167940,OSP:BUSP:C639050,st_struct_pedestal/67591,st_struct_pedestal/69186
ug_route/167941,OSP:BUSP:C639466,st_struct_pedestal/68875,st_struct_pedestal/67885
ug_route/167942,OSP:BUSP:C640979,st_struct_pedestal/69809,st_struct_pedestal/69936
ug_route/167943,OSP:BUSP:C639468,st_struct_pedestal/68875,st_struct_pedestal/67885
ug_route/167944,OSP:BUSP:C653859,st_struct_pedestal/67641,building/51155
ug_route/167945,OSP:BUSP::8606852,st_struct_pedestal/68092,st_struct_pedestal/69874
ug_route/167946,OSP:BUSP:C655377,st_struct_pedestal/68564,st_struct_pedestal/70448
ug_route/167947,OSP:BUSP:C638805,st_struct_pedestal/68661,st_struct_pedestal/68301
ug_route/167948,OSP:BUSP:C653656,st_struct_pedestal/68434,st_struct_pedestal/68807
ug_route/167949,OSP:BUSP:C653178,st_struct_pedestal/67753,st_struct_pedestal/68412
ug_route/167950,OSP:BUSP:C641924,st_struct_pedestal/67638,building/49788
ug_route/167951,OSP:BUSP:C705240,st_struct_buried_splice_location/2742,st_struct_pedestal/68837
ug_route/167952,OSP:BUSP:C650234,st_struct_pedestal/67650,st_struct_pedestal/68804
ug_route/167953,OSP:BUSP:C653652,st_struct_pedestal/68434,st_struct_pedestal/68807
ug_route/167954,OSP:BUSP:C711688,st_struct_pedestal/67128,st_struct_pedestal/68929
ug_route/167955,OSP:BUSP:C660910,st_struct_pedestal/69682,st_struct_pedestal/69915
ug_route/167956,OSP:BUSP::14126046,st_struct_pedestal/68688,st_struct_pedestal/67637
ug_route/167957,OSP:BUSP:C654864,st_struct_pedestal/69057,st_struct_pedestal/67238
ug_route/167958,OSP:BUSP:C641472,st_struct_pedestal/70330,building/49514
ug_route/167959,OSP:BUSP:C654581,st_struct_pedestal/69932,st_struct_pedestal/68062
ug_route/167960,OSP:BUSP:C660920,st_struct_pedestal/69682,st_struct_pedestal/69915
ug_route/167961,OSP:BUSP:C706835,st_struct_pedestal/70390,st_struct_pedestal/67144
ug_route/167962,OSP:BUSP:C665575,st_struct_pedestal/67122,st_struct_pedestal/68140
ug_route/167963,OSP:BUSP:C653810,st_struct_pedestal/68593,st_struct_pedestal/67411
ug_route/167964,OSP:BUSP:C654559,st_struct_pedestal/69057,st_struct_pedestal/67238
ug_route/167965,OSP:BUSP:C651996,st_struct_pedestal/70616,st_struct_pedestal/67503
ug_route/167966,OSP:BUSP:C653138,st_struct_pedestal/70053,st_struct_pedestal/67072
ug_route/167967,OSP:BUSP:C665580,st_struct_pedestal/67122,st_struct_pedestal/68140
ug_route/167968,OSP:BUSP:C708126,st_struct_pedestal/67214,st_struct_pedestal/69166
ug_route/167969,OSP:BUSP:C653839,st_struct_pedestal/68593,st_struct_pedestal/67411
ug_route/167970,OSP:BUSP:C657990,st_struct_pedestal/69484,st_struct_pedestal/67140
ug_route/167971,OSP:BUSP:C656596,st_struct_pedestal/68548,st_struct_pedestal/68051
ug_route/167972,OSP:BUSP:C639823,st_struct_pedestal/68381,st_struct_pedestal/69433
ug_route/167973,OSP:BUSP:C649201,st_struct_pedestal/68629,st_struct_pedestal/67884
ug_route/167974,OSP:BUSP::14126042,st_struct_pedestal/68688,st_struct_pedestal/67637
ug_route/167975,OSP:BUSP:C650124,st_struct_pedestal/68368,st_struct_pedestal/70643
ug_route/167976,OSP:BUSP:C640559,st_struct_pedestal/68709,st_struct_pedestal/69060
ug_route/167977,OSP:BUSP:C650114,st_struct_pedestal/68368,st_struct_pedestal/70643
ug_route/167978,OSP:BUSP:C649257,st_struct_pedestal/68629,st_struct_pedestal/67884
ug_route/167979,OSP:BUSP:C657987,mywcom_route_junction/21723,st_struct_pedestal/67140
ug_route/167980,OSP:BUSP:C656597,st_struct_pedestal/68548,st_struct_pedestal/68051
ug_route/167981,OSP:BUSP:C640578,st_struct_pedestal/68709,st_struct_pedestal/69060
ug_route/167982,OSP:BUSP:C654798,st_struct_pedestal/68831,st_struct_pedestal/68900
ug_route/167983,OSP:BUSP:C651146,st_struct_pedestal/67108,st_struct_pedestal/67477
ug_route/167984,OSP:BUSP:C651483,st_struct_pedestal/69283,building/48953
ug_route/167985,OSP:BUSP:C670989,st_struct_pedestal/68826,building/49301
ug_route/167986,OSP:BUSP:C645752,st_struct_pedestal/68766,st_struct_pedestal/68176
ug_route/167987,OSP:BUSP:C653278,st_struct_pedestal/67882,st_struct_pedestal/67075
ug_route/167988,OSP:BUSP:C653818,st_struct_pedestal/70397,st_struct_pedestal/69447
ug_route/167989,OSP:BUSP:C648748,st_struct_pedestal/67290,st_struct_pedestal/69939
ug_route/167990,OSP:BUSP:C653846,st_struct_pedestal/70397,st_struct_pedestal/69447
ug_route/167991,OSP:BUSP:C653865,st_struct_pedestal/67641,building/51155
ug_route/167992,OSP:BUSP:C648755,st_struct_pedestal/67290,st_struct_pedestal/69939
ug_route/167993,OSP:BUSP:C658423,st_struct_pedestal/68503,st_struct_pedestal/67668
ug_route/167994,OSP:BUSP:C648259,st_struct_pedestal/70413,building/49472
ug_route/167995,OSP:BUSP:C651364,st_struct_pedestal/68196,st_struct_pedestal/69887
ug_route/167996,OSP:BUSP:C642097,st_struct_pedestal/68196,st_struct_pedestal/68657
ug_route/167997,OSP:BUSP:C709097,st_struct_pedestal/69573,st_struct_pedestal/69507
ug_route/167998,OSP:BUSP:C650021,st_struct_pedestal/67115,st_struct_pedestal/67659
ug_route/167999,OSP:BUSP:C682286,st_struct_pedestal/67848,st_struct_pedestal/67682
ug_route/168000,OSP:BUSP:C659543,st_struct_pedestal/68256,st_struct_pedestal/69049
ug_route/168001,OSP:BUSP:C641921,st_struct_pedestal/70233,st_struct_pedestal/67638
ug_route/168002,OSP:BUSP:C681698,st_struct_pedestal/70797,st_struct_pedestal/70741
ug_route/168003,OSP:BUSP:C708278,st_struct_pedestal/67856,st_struct_pedestal/69269
ug_route/168004,OSP:BUSP:C651023,st_struct_pedestal/67073,st_struct_pedestal/69687
ug_route/168005,OSP:BUSP:C651397,st_struct_pedestal/68196,st_struct_pedestal/69887
ug_route/168006,OSP:BUSP:C655111,st_struct_pedestal/67999,st_struct_pedestal/68985
ug_route/168007,OSP:BUSP:C651036,st_struct_pedestal/67073,st_struct_pedestal/69687
ug_route/168008,OSP:BUSP:C665703,st_struct_pedestal/68843,st_struct_pedestal/70412
ug_route/168009,OSP:BUSP:C667027,st_struct_pedestal/67470,st_struct_pedestal/67162
ug_route/168010,OSP:BUSP:C665707,st_struct_pedestal/68843,st_struct_pedestal/70412
ug_route/168011,OSP:BUSP:C706949,st_struct_pedestal/67689,st_struct_buried_splice_location/2743
ug_route/168012,OSP:BUSP:C707955,st_struct_pedestal/67115,st_struct_pedestal/67659
ug_route/168013,OSP:BUSP:C660539,st_struct_pedestal/67608,mywcom_route_junction/21917
ug_route/168014,OSP:BUSP:C660813,st_struct_pedestal/68355,st_struct_pedestal/67264
ug_route/168015,OSP:BUSP:C660544,st_struct_pedestal/67608,mywcom_route_junction/21917
ug_route/168016,OSP:BUSP:C665709,st_struct_pedestal/68843,st_struct_pedestal/70412
ug_route/168017,OSP:BUSP:C641414,st_struct_pedestal/69016,st_struct_pedestal/68255
ug_route/168018,OSP:BUSP:C681743,st_struct_pedestal/69603,st_struct_pedestal/70015
ug_route/168019,OSP:BUSP:C658507,st_struct_pedestal/70386,st_struct_pedestal/67741
ug_route/168020,OSP:BUSP:C641430,st_struct_pedestal/69016,st_struct_pedestal/68255
ug_route/168021,OSP:BUSP:C648220,st_struct_pedestal/68951,st_struct_pedestal/67288
ug_route/168022,OSP:BUSP:C670987,st_struct_pedestal/68826,building/50268
ug_route/168023,OSP:BUSP:C648232,st_struct_pedestal/68951,st_struct_pedestal/67288
ug_route/168024,OSP:BUSP:C637421,st_struct_pedestal/70395,st_struct_pedestal/69028
ug_route/168025,OSP:BUSP:C637450,st_struct_pedestal/67647,st_struct_pedestal/69985
ug_route/168026,OSP:BUSP:C645804,st_struct_pedestal/68876,st_struct_pedestal/67754
ug_route/168027,OSP:BUSP:C639185,st_struct_pedestal/68184,st_struct_pedestal/68972
ug_route/168028,OSP:BUSP:C671095,st_struct_pedestal/69681,st_struct_pedestal/69485
ug_route/168029,OSP:BUSP:C651344,st_struct_pedestal/69542,st_struct_pedestal/69283
ug_route/168030,OSP:BUSP:C649163,st_struct_pedestal/70313,st_struct_pedestal/70501
ug_route/168031,OSP:BUSP:C668548,st_struct_pedestal/68192,st_struct_pedestal/70131
ug_route/168032,OSP:BUSP:C665952,mywcom_route_junction/21661,mywcom_route_junction/21075
ug_route/168033,OSP:BUSP:C646454,st_struct_pedestal/67649,st_struct_pedestal/67650
ug_route/168034,OSP:BUSP:C651999,st_struct_pedestal/67503,st_struct_pedestal/69254
ug_route/168035,OSP:BUSP:C661004,st_struct_pedestal/68141,st_struct_pedestal/69937
ug_route/168036,OSP:BUSP:C641683,st_struct_pedestal/69570,st_struct_pedestal/67070
ug_route/168037,OSP:BUSP:C660948,st_struct_pedestal/67173,st_struct_pedestal/69528
ug_route/168038,OSP:BUSP:C654809,st_struct_pedestal/68900,st_struct_pedestal/69933
ug_route/168039,OSP:BUSP:C655426,st_struct_buried_splice_location/2659,building/51399
ug_route/168040,OSP:BUSP:C641813,st_struct_pedestal/69570,st_struct_pedestal/67070
ug_route/168041,OSP:BUSP:C662196,st_struct_pedestal/68049,st_struct_pedestal/68361
ug_route/168042,OSP:BUSP:C660012,st_struct_pedestal/67892,st_struct_pedestal/67520
ug_route/168043,OSP:BUSP:C660972,st_struct_pedestal/67173,st_struct_pedestal/69528
ug_route/168044,OSP:BUSP:C647148,st_struct_pedestal/67181,building/50130
ug_route/168045,OSP:BUSP:C660056,st_struct_pedestal/67892,st_struct_pedestal/67520
ug_route/168046,OSP:BUSP:C650232,st_struct_pedestal/68841,st_struct_pedestal/68804
ug_route/168047,OSP:BUSP::15007300,st_struct_pedestal/68336,st_struct_pedestal/68042
ug_route/168048,OSP:BUSP:C641358,st_struct_pedestal/67354,st_struct_pedestal/67177
ug_route/168049,OSP:BUSP::12178794,st_struct_pedestal/70417,st_struct_pedestal/70332
ug_route/168050,OSP:BUSP:C660110,st_struct_pedestal/70215,st_struct_pedestal/69121
ug_route/168051,OSP:BUSP:C650259,st_struct_pedestal/68841,st_struct_pedestal/68804
ug_route/168052,OSP:BUSP:C650544,st_struct_pedestal/67236,building/49057
ug_route/168053,OSP:BUSP:C653792,st_struct_pedestal/69006,st_struct_pedestal/68593
ug_route/168054,OSP:BUSP:C642213,st_struct_pedestal/67443,st_struct_pedestal/68094
ug_route/168055,OSP:BUSP:C659079,st_struct_pedestal/68941,st_struct_pedestal/70407
ug_route/168056,OSP:BUSP:C647926,st_struct_pedestal/67755,st_struct_pedestal/69240
ug_route/168057,OSP:BUSP:C653808,st_struct_pedestal/69006,st_struct_pedestal/68593
ug_route/168058,OSP:BUSP:C708082,mywcom_route_junction/21817,st_struct_pedestal/69595
ug_route/168059,OSP:BUSP:C659349,st_struct_pedestal/68941,st_struct_pedestal/70407
ug_route/168060,OSP:BUSP:C641408,st_struct_pedestal/68800,st_struct_pedestal/69736
ug_route/168061,OSP:BUSP:C639297,st_struct_pedestal/69810,st_struct_pedestal/69644
ug_route/168062,OSP:BUSP::8660948,st_struct_pedestal/67085,st_struct_pedestal/67683
ug_route/168063,OSP:BUSP:C644136,st_struct_pedestal/68744,st_struct_pedestal/69925
ug_route/168064,OSP:BUSP:C659675,st_struct_pedestal/67758,building/50176
ug_route/168065,OSP:BUSP:C642035,st_struct_pedestal/67825,building/50407
ug_route/168066,OSP:BUSP:C641576,st_struct_pedestal/67961,building/50969
ug_route/168067,OSP:BUSP:C707573,st_struct_pedestal/69971,st_struct_pedestal/68794
ug_route/168068,OSP:BUSP:C651119,st_struct_pedestal/69694,st_struct_pedestal/69444
ug_route/168069,OSP:BUSP:C654817,st_struct_pedestal/69933,st_struct_pedestal/69520
ug_route/168070,OSP:BUSP:C647481,st_struct_buried_splice_location/2608,mywcom_route_junction/21145
ug_route/168071,OSP:BUSP:C660816,st_struct_pedestal/68355,st_struct_pedestal/68118
ug_route/168072,OSP:BUSP:C670500,st_struct_pedestal/67437,st_struct_pedestal/67746
ug_route/168073,OSP:BUSP:C654778,st_struct_pedestal/70575,st_struct_pedestal/68742
ug_route/168074,OSP:BUSP:C651121,st_struct_pedestal/69444,st_struct_pedestal/67840
ug_route/168075,OSP:BUSP:C650633,st_struct_pedestal/68268,st_struct_pedestal/69597
ug_route/168076,OSP:BUSP:C656385,st_struct_pedestal/70039,st_struct_pedestal/67212
ug_route/168077,OSP:BUSP:C654742,st_struct_pedestal/67890,st_struct_pedestal/70146
ug_route/168078,OSP:BUSP:C641613,st_struct_pedestal/67279,building/49409
ug_route/168079,OSP:BUSP:C682003,st_struct_pedestal/69603,mywcom_route_junction/21328
ug_route/168080,OSP:BUSP:C656359,st_struct_pedestal/70536,st_struct_pedestal/68310
ug_route/168081,OSP:BUSP:C658486,st_struct_pedestal/68477,st_struct_pedestal/68734
ug_route/168082,OSP:BUSP:C651739,st_struct_pedestal/69573,st_struct_pedestal/67999
ug_route/168083,OSP:BUSP:C707269,st_struct_pedestal/67807,st_struct_pedestal/69312
ug_route/168084,OSP:BUSP:C654617,st_struct_pedestal/69453,st_struct_pedestal/69320
ug_route/168085,OSP:BUSP:C654775,st_struct_pedestal/67890,st_struct_pedestal/70146
ug_route/168086,OSP:BUSP:C656707,st_struct_pedestal/68862,st_struct_pedestal/69389
ug_route/168087,OSP:BUSP:C656994,st_struct_pedestal/70514,st_struct_pedestal/68997
ug_route/168088,OSP:BUSP:C656367,st_struct_pedestal/70536,st_struct_pedestal/68310
ug_route/168089,OSP:BUSP:C651772,st_struct_pedestal/69573,st_struct_pedestal/67999
ug_route/168090,OSP:BUSP:C654695,st_struct_pedestal/69453,st_struct_pedestal/69320
ug_route/168091,OSP:BUSP:C641392,st_struct_pedestal/69958,st_struct_pedestal/68367
ug_route/168092,OSP:BUSP:C706921,st_struct_buried_splice_location/2655,st_struct_pedestal/68741
ug_route/168093,OSP:BUSP:C659881,st_struct_pedestal/70540,st_struct_pedestal/68662
ug_route/168094,OSP:BUSP:C641446,st_struct_pedestal/69958,st_struct_pedestal/68367
ug_route/168095,OSP:BUSP:C670495,st_struct_pedestal/67437,st_struct_pedestal/67746
ug_route/168096,OSP:BUSP:C651366,st_struct_pedestal/69887,st_struct_pedestal/68084
ug_route/168097,OSP:BUSP:C668043,st_struct_pedestal/67083,building/51163
ug_route/168098,OSP:BUSP:C657960,st_struct_pedestal/67917,st_struct_pedestal/68470
ug_route/168099,OSP:BUSP:C641203,st_struct_pedestal/68888,st_struct_pedestal/67334
ug_route/168100,OSP:BUSP:C641603,st_struct_pedestal/70752,st_struct_pedestal/68199
ug_route/168101,OSP:BUSP:C660188,st_struct_pedestal/68791,st_struct_pedestal/67579
ug_route/168102,OSP:BUSP:C654697,st_struct_pedestal/69453,st_struct_pedestal/69320
ug_route/168103,OSP:BUSP:C641447,st_struct_pedestal/69958,st_struct_pedestal/68367
ug_route/168104,OSP:BUSP:C649038,st_struct_pedestal/70402,st_struct_pedestal/67383
ug_route/168105,OSP:BUSP:C670513,st_struct_pedestal/69171,st_struct_pedestal/68669
ug_route/168106,OSP:BUSP:C651400,st_struct_pedestal/69887,st_struct_pedestal/68084
ug_route/168107,OSP:BUSP:C660192,st_struct_pedestal/68791,st_struct_pedestal/67579
ug_route/168108,OSP:BUSP:C660191,st_struct_pedestal/67892,st_struct_pedestal/68791
ug_route/168109,OSP:BUSP:C660186,st_struct_pedestal/67892,st_struct_pedestal/68791
ug_route/168110,OSP:BUSP:C708017,st_struct_pedestal/68936,st_struct_pedestal/67515
ug_route/168111,OSP:BUSP:C641850,st_struct_pedestal/70752,st_struct_pedestal/68199
ug_route/168112,OSP:BUSP:C646507,st_struct_pedestal/70475,st_struct_pedestal/68529
ug_route/168113,OSP:BUSP:C670497,st_struct_pedestal/67437,st_struct_pedestal/67746
ug_route/168114,OSP:BUSP:C646414,st_struct_pedestal/70475,st_struct_pedestal/68529
ug_route/168115,OSP:BUSP:C646517,st_struct_pedestal/67650,st_struct_pedestal/70822
ug_route/168116,OSP:BUSP:C682169,st_struct_pedestal/70408,st_struct_pedestal/70399
ug_route/168117,OSP:BUSP:C665999,st_struct_pedestal/68945,st_struct_pedestal/67076
ug_route/168118,OSP:BUSP:C665948,st_struct_buried_splice_location/2678,st_struct_buried_splice_location/2647
ug_route/168119,OSP:BUSP:C656914,st_struct_pedestal/70037,st_struct_pedestal/70781
ug_route/168120,OSP:BUSP:C654954,st_struct_pedestal/70532,st_struct_pedestal/68778
ug_route/168121,OSP:BUSP::7912788,st_struct_pedestal/69005,st_struct_pedestal/67848
ug_route/168122,OSP:BUSP:C641113,st_struct_pedestal/68460,st_struct_pedestal/68837
ug_route/168123,OSP:BUSP:C642098,st_struct_pedestal/68737,pole/41808
ug_route/168124,OSP:BUSP:C683149,st_struct_pedestal/70817,st_struct_buried_splice_location/2636
ug_route/168125,OSP:BUSP:C660554,st_struct_pedestal/67045,st_struct_pedestal/69546
ug_route/168126,OSP:BUSP:C657440,st_struct_pedestal/68736,st_struct_pedestal/70394
ug_route/168127,OSP:BUSP:C651068,st_struct_pedestal/67078,st_struct_pedestal/67722
ug_route/168128,OSP:BUSP:C668543,st_struct_pedestal/70131,building/50633
ug_route/168129,OSP:BUSP:C656478,st_struct_pedestal/69098,st_struct_pedestal/67381
ug_route/168130,OSP:BUSP:C656625,st_struct_pedestal/69098,st_struct_pedestal/67381
ug_route/168131,OSP:BUSP:C657443,st_struct_pedestal/68736,st_struct_pedestal/70394
ug_route/168132,OSP:BUSP:C642348,st_struct_pedestal/67643,st_struct_pedestal/69710
ug_route/168133,OSP:BUSP:C654612,st_struct_pedestal/69758,st_struct_pedestal/69453
ug_route/168134,OSP:BUSP:C656939,st_struct_pedestal/67819,building/51232
ug_route/168135,OSP:BUSP:C681574,st_struct_pedestal/68929,st_struct_pedestal/70337
ug_route/168136,OSP:BUSP:C651067,st_struct_pedestal/67078,st_struct_pedestal/67722
ug_route/168137,OSP:BUSP:C654689,st_struct_pedestal/69758,st_struct_pedestal/69453
ug_route/168138,OSP:BUSP:C650541,st_struct_pedestal/70210,st_struct_pedestal/67236
ug_route/168139,OSP:BUSP:C708380,st_struct_pedestal/68393,st_struct_pedestal/69392
ug_route/168140,OSP:BUSP:C641511,st_struct_pedestal/68367,st_struct_pedestal/70148
ug_route/168141,OSP:BUSP:C658001,st_struct_pedestal/70543,st_struct_pedestal/68001
ug_route/168142,OSP:BUSP:C641402,st_struct_pedestal/68367,st_struct_pedestal/70148
ug_route/168143,OSP:BUSP:C646132,st_struct_pedestal/67104,st_struct_pedestal/70043
ug_route/168144,OSP:BUSP:C643912,st_struct_pedestal/67448,st_struct_pedestal/68371
ug_route/168145,OSP:BUSP:C641513,st_struct_pedestal/68367,st_struct_pedestal/70148
ug_route/168146,OSP:BUSP:C644293,st_struct_pedestal/70589,st_struct_pedestal/67558
ug_route/168147,OSP:BUSP:C671116,st_struct_pedestal/67065,st_struct_pedestal/67762
ug_route/168148,OSP:BUSP:C655329,st_struct_pedestal/69313,st_struct_pedestal/67684
ug_route/168149,OSP:BUSP:C644386,st_struct_pedestal/70589,st_struct_pedestal/67558
ug_route/168150,OSP:BUSP:C645844,st_struct_pedestal/67502,st_struct_pedestal/68423
ug_route/168151,OSP:BUSP:C655388,st_struct_pedestal/69313,st_struct_pedestal/67684
ug_route/168152,OSP:BUSP:C707940,st_struct_pedestal/70392,st_struct_pedestal/70805
ug_route/168153,OSP:BUSP:C671033,st_struct_pedestal/67412,st_struct_pedestal/70466
ug_route/168154,OSP:BUSP:C653574,st_struct_pedestal/70104,st_struct_pedestal/68434
ug_route/168155,OSP:BUSP::10924999,st_struct_buried_splice_location/2688,st_struct_pedestal/68060
ug_route/168156,OSP:BUSP:C711691,st_struct_pedestal/68929,st_struct_pedestal/70337
ug_route/168157,OSP:BUSP:C649195,st_struct_pedestal/67390,st_struct_pedestal/68629
ug_route/168158,OSP:BUSP:C642041,st_struct_pedestal/67828,st_struct_pedestal/68129
ug_route/168159,OSP:BUSP:C648072,st_struct_pedestal/67755,st_struct_pedestal/69697
ug_route/168160,OSP:BUSP:C641563,st_struct_pedestal/70152,st_struct_pedestal/67961
ug_route/168161,OSP:BUSP:C641947,st_struct_pedestal/67828,st_struct_pedestal/68129
ug_route/168162,OSP:BUSP:C649255,st_struct_pedestal/67390,st_struct_pedestal/68629
ug_route/168163,OSP:BUSP:C648081,st_struct_pedestal/67755,st_struct_pedestal/69697
ug_route/168164,OSP:BUSP:C655240,st_struct_pedestal/67840,st_struct_pedestal/70431
ug_route/168165,OSP:BUSP:C651401,st_struct_pedestal/68084,st_struct_pedestal/70208
ug_route/168166,OSP:BUSP:C651371,st_struct_pedestal/68084,st_struct_pedestal/70208
ug_route/168167,OSP:BUSP::8657428,st_struct_pedestal/67282,st_struct_pedestal/67667
ug_route/168168,OSP:BUSP:C665884,st_struct_pedestal/69255,building/51097
ug_route/168169,OSP:BUSP:C655243,st_struct_pedestal/67840,st_struct_pedestal/70431
ug_route/168170,OSP:BUSP:C656161,st_struct_pedestal/68251,st_struct_pedestal/68290
ug_route/168171,OSP:BUSP:C658281,st_struct_pedestal/68833,st_struct_pedestal/69618
ug_route/168172,OSP:BUSP:C652753,st_struct_pedestal/68041,st_struct_pedestal/67183
ug_route/168173,OSP:BUSP:C662208,st_struct_pedestal/68049,building/49591
ug_route/168174,OSP:BUSP:C647777,st_struct_pedestal/69927,building/50602
ug_route/168175,OSP:BUSP:C656689,st_struct_pedestal/69387,st_struct_pedestal/68679
ug_route/168176,OSP:BUSP:C657518,st_struct_pedestal/68511,st_struct_pedestal/69982
ug_route/168177,OSP:BUSP:C667918,mywcom_route_junction/21977,mywcom_route_junction/21987
ug_route/168178,OSP:BUSP:C668190,st_struct_pedestal/67083,st_struct_pedestal/70157
ug_route/168179,OSP:BUSP:C652808,st_struct_pedestal/69640,pole/42432
ug_route/168180,OSP:BUSP:C652534,st_struct_pedestal/70404,st_struct_pedestal/67753
ug_route/168181,OSP:BUSP:C708298,st_struct_pedestal/70280,st_struct_pedestal/70675
ug_route/168182,OSP:BUSP:C668188,st_struct_pedestal/67083,st_struct_pedestal/70157
ug_route/168183,OSP:BUSP:C681664,st_struct_pedestal/69168,st_struct_pedestal/67494
ug_route/168184,OSP:BUSP:C646548,st_struct_pedestal/68841,st_struct_pedestal/70056
ug_route/168185,OSP:BUSP:C681317,st_struct_buried_splice_location/2722,st_struct_pedestal/70568
ug_route/168186,OSP:BUSP:C644270,st_struct_pedestal/70482,st_struct_pedestal/68176
ug_route/168187,OSP:BUSP:C662264,st_struct_pedestal/69684,st_struct_pedestal/67311
ug_route/168188,OSP:BUSP::7622212,st_struct_pedestal/69226,st_struct_pedestal/70715
ug_route/168189,OSP:BUSP:C653427,st_struct_buried_splice_location/2668,st_struct_pedestal/68866
ug_route/168190,OSP:BUSP:C681668,st_struct_pedestal/69168,st_struct_pedestal/67494
ug_route/168191,OSP:BUSP:C652959,st_struct_pedestal/70277,st_struct_pedestal/69376
ug_route/168192,OSP:BUSP:C646789,st_struct_buried_splice_location/2723,st_struct_pedestal/69054
ug_route/168193,OSP:BUSP:C671061,st_struct_pedestal/67887,st_struct_pedestal/68070
ug_route/168194,OSP:BUSP:C655349,st_struct_pedestal/68090,st_struct_pedestal/68887
ug_route/168195,OSP:BUSP:C653027,st_struct_pedestal/70277,st_struct_pedestal/69376
ug_route/168196,OSP:BUSP:C648350,st_struct_pedestal/69834,st_struct_pedestal/69454
ug_route/168197,OSP:BUSP:C655330,st_struct_pedestal/68090,st_struct_pedestal/68887
ug_route/168198,OSP:BUSP:C645676,st_struct_pedestal/70179,st_struct_pedestal/69448
ug_route/168199,OSP:BUSP:C708413,st_struct_pedestal/69009,mywcom_route_junction/21284
ug_route/168200,OSP:BUSP:C668439,st_struct_pedestal/68819,building/50520
ug_route/168201,OSP:BUSP:C682219,st_struct_pedestal/68567,mywcom_route_junction/20910
ug_route/168202,OSP:BUSP:C649662,st_struct_pedestal/69834,st_struct_pedestal/69454
ug_route/168203,OSP:BUSP:C708252,st_struct_pedestal/67127,building/50012
ug_route/168204,OSP:BUSP:C647348,st_struct_pedestal/69817,st_struct_buried_splice_location/2663
ug_route/168205,OSP:BUSP:C640286,st_struct_pedestal/70144,st_struct_pedestal/70194
ug_route/168206,OSP:BUSP:C655334,st_struct_pedestal/70808,st_struct_pedestal/67639
ug_route/168207,OSP:BUSP:C658027,st_struct_pedestal/69184,building/49241
ug_route/168208,OSP:BUSP:C640296,st_struct_pedestal/70144,st_struct_pedestal/70194
ug_route/168209,OSP:BUSP:C707430,st_struct_pedestal/68946,st_struct_pedestal/68721
ug_route/168210,OSP:BUSP:C641404,st_struct_pedestal/67495,st_struct_pedestal/67048
ug_route/168211,OSP:BUSP:C650632,st_struct_pedestal/70186,st_struct_pedestal/68268
ug_route/168212,OSP:BUSP:C646821,st_struct_buried_splice_location/2712,st_struct_pedestal/67508
ug_route/168213,OSP:BUSP:C710449,st_struct_pedestal/70445,st_struct_pedestal/67038
ug_route/168214,OSP:BUSP:C644450,st_struct_pedestal/67159,st_struct_pedestal/68384
ug_route/168215,OSP:BUSP:C661189,st_struct_pedestal/70415,st_struct_pedestal/70494
ug_route/168216,OSP:BUSP:C644467,st_struct_pedestal/67159,st_struct_pedestal/68384
ug_route/168217,OSP:BUSP:C648791,st_struct_pedestal/68469,st_struct_pedestal/69328
ug_route/168218,OSP:BUSP:C660933,st_struct_pedestal/69682,st_struct_pedestal/67241
ug_route/168219,OSP:BUSP:C660927,st_struct_pedestal/69682,st_struct_pedestal/67241
ug_route/168220,OSP:BUSP:C648808,st_struct_pedestal/68469,st_struct_pedestal/69328
ug_route/168221,OSP:BUSP:C659164,st_struct_pedestal/68776,st_struct_pedestal/70554
ug_route/168222,OSP:BUSP:C648830,st_struct_pedestal/69384,st_struct_pedestal/67142
ug_route/168223,OSP:BUSP:C658967,st_struct_pedestal/69412,building/48852
ug_route/168224,OSP:BUSP:C648823,st_struct_pedestal/69384,st_struct_pedestal/67142
ug_route/168225,OSP:BUSP:C682214,st_struct_pedestal/70407,st_struct_pedestal/69318
ug_route/168226,OSP:BUSP:C645935,st_struct_pedestal/70640,st_struct_pedestal/69187
ug_route/168227,OSP:BUSP:C648059,st_struct_pedestal/69938,st_struct_pedestal/68951
ug_route/168228,OSP:BUSP:C681684,st_struct_pedestal/70106,st_struct_pedestal/67946
ug_route/168229,OSP:BUSP:C660960,st_struct_pedestal/69654,st_struct_pedestal/67671
ug_route/168230,OSP:BUSP:C681688,st_struct_pedestal/67946,st_struct_buried_splice_location/2736
ug_route/168231,OSP:BUSP:C651101,st_struct_pedestal/69979,building/51200
ug_route/168232,OSP:BUSP:C681955,st_struct_pedestal/70106,st_struct_pedestal/67946
ug_route/168233,OSP:BUSP:C645959,st_struct_pedestal/70640,st_struct_pedestal/69187
ug_route/168234,OSP:BUSP:C669051,st_struct_pedestal/70054,st_struct_pedestal/68332
ug_route/168235,OSP:BUSP:C651984,st_struct_pedestal/67698,st_struct_pedestal/68550
ug_route/168236,OSP:BUSP::12882809,mywcom_route_junction/20941,mywcom_route_junction/21083
ug_route/168237,OSP:BUSP:C681942,st_struct_pedestal/69168,building/48729
ug_route/168238,OSP:BUSP:C669034,st_struct_pedestal/70054,st_struct_pedestal/68332
ug_route/168239,OSP:BUSP:C659566,st_struct_pedestal/69440,st_struct_pedestal/68738
ug_route/168240,OSP:BUSP:C648798,st_struct_pedestal/69328,st_struct_pedestal/68687
ug_route/168241,OSP:BUSP:C642818,st_struct_pedestal/68734,building/49400
ug_route/168242,OSP:BUSP:C705953,st_struct_pedestal/69569,st_struct_pedestal/69807
ug_route/168243,OSP:BUSP::16735385,mywcom_route_junction/21283,st_struct_pedestal/70249
ug_route/168244,OSP:BUSP:C650373,st_struct_pedestal/70659,st_struct_buried_splice_location/2604
ug_route/168245,OSP:BUSP:C671038,st_struct_pedestal/68376,st_struct_pedestal/69442
ug_route/168246,OSP:BUSP:C640413,st_struct_pedestal/69574,building/49579
ug_route/168247,OSP:BUSP:C651216,st_struct_pedestal/70718,st_struct_pedestal/68265
ug_route/168248,OSP:BUSP:C670276,mywcom_route_junction/21379,st_struct_buried_splice_location/2666
ug_route/168249,OSP:BUSP:C644692,st_struct_pedestal/69718,st_struct_pedestal/70052
ug_route/168250,OSP:BUSP:C655331,st_struct_pedestal/67684,st_struct_pedestal/70692
ug_route/168251,OSP:BUSP::15007302,st_struct_pedestal/68545,st_struct_pedestal/68042
ug_route/168252,OSP:BUSP:C670369,st_struct_pedestal/69853,st_struct_pedestal/70408
ug_route/168253,OSP:BUSP:C644711,st_struct_pedestal/69718,st_struct_pedestal/70052
ug_route/168254,OSP:BUSP:C653109,st_struct_pedestal/69466,st_struct_pedestal/68291
ug_route/168255,OSP:BUSP:C641839,st_struct_pedestal/67282,st_struct_pedestal/68523
ug_route/168256,OSP:BUSP:C645057,st_struct_pedestal/70560,st_struct_pedestal/69870
ug_route/168257,OSP:BUSP:C650626,st_struct_pedestal/67236,st_struct_pedestal/70186
ug_route/168258,OSP:BUSP:C645063,st_struct_pedestal/70560,st_struct_pedestal/69870
ug_route/168259,OSP:BUSP:C707475,st_struct_pedestal/67176,st_struct_pedestal/67065
ug_route/168260,OSP:BUSP:C649678,st_struct_pedestal/67123,building/50615
ug_route/168261,OSP:BUSP:C659988,st_struct_pedestal/67806,st_struct_pedestal/68007
ug_route/168262,OSP:BUSP:C707474,st_struct_pedestal/67176,st_struct_pedestal/67065
ug_route/168263,OSP:BUSP:C683079,st_struct_pedestal/69229,st_struct_pedestal/70446
ug_route/168264,OSP:BUSP:C683085,st_struct_pedestal/69229,st_struct_pedestal/70446
ug_route/168265,OSP:BUSP:C670473,st_struct_pedestal/68136,st_struct_pedestal/70046
ug_route/168266,OSP:BUSP:C669063,st_struct_pedestal/68332,st_struct_pedestal/70830
ug_route/168267,OSP:BUSP:C641398,st_struct_pedestal/70388,st_struct_pedestal/67495
ug_route/168268,OSP:BUSP:C658243,st_struct_pedestal/68082,st_struct_pedestal/67941
ug_route/168269,OSP:BUSP:C650331,st_struct_pedestal/70780,st_struct_pedestal/68407
ug_route/168270,OSP:BUSP:C650327,st_struct_pedestal/70780,st_struct_pedestal/68407
ug_route/168271,OSP:BUSP:C648205,st_struct_pedestal/68792,building/50651
ug_route/168272,OSP:BUSP:C658348,st_struct_pedestal/68082,st_struct_pedestal/67941
ug_route/168273,OSP:BUSP:C658342,st_struct_pedestal/68082,st_struct_pedestal/67941
ug_route/168274,OSP:BUSP:C653625,st_struct_buried_splice_location/2656,st_struct_pedestal/67158
ug_route/168275,OSP:BUSP:C652070,st_struct_pedestal/69848,building/48875
ug_route/168276,OSP:BUSP:C650043,st_struct_pedestal/68248,st_struct_pedestal/67181
ug_route/168277,OSP:BUSP:C650330,st_struct_pedestal/70780,st_struct_pedestal/68407
ug_route/168278,OSP:BUSP:C641459,st_struct_pedestal/69348,st_struct_pedestal/70330
ug_route/168279,OSP:BUSP:C655235,st_struct_pedestal/68244,st_struct_pedestal/67640
ug_route/168280,OSP:BUSP:C642301,st_struct_pedestal/69287,st_struct_buried_splice_location/2710
ug_route/168281,OSP:BUSP:C646411,st_struct_pedestal/70155,st_struct_pedestal/68841
ug_route/168282,OSP:BUSP:C646502,st_struct_pedestal/70155,st_struct_pedestal/68841
ug_route/168283,OSP:BUSP:C648570,st_struct_pedestal/69701,st_struct_pedestal/69515
ug_route/168284,OSP:BUSP:C648563,st_struct_pedestal/69701,st_struct_pedestal/69515
ug_route/168285,OSP:BUSP:C650408,st_struct_pedestal/69582,st_struct_pedestal/70197
ug_route/168286,OSP:BUSP:C648353,st_struct_pedestal/69580,st_struct_pedestal/67123
ug_route/168287,OSP:BUSP:C658924,st_struct_pedestal/67893,st_struct_pedestal/67575
ug_route/168288,OSP:BUSP:C641865,st_struct_pedestal/67517,st_struct_pedestal/67435
ug_route/168289,OSP:BUSP:C655176,st_struct_pedestal/68388,st_struct_pedestal/68052
ug_route/168290,OSP:BUSP:C641593,st_struct_pedestal/68570,st_struct_pedestal/69860
ug_route/168291,OSP:BUSP:C649676,st_struct_pedestal/69580,st_struct_pedestal/67123
ug_route/168292,OSP:BUSP:C656944,st_struct_pedestal/67819,building/50034
ug_route/168293,OSP:BUSP:C641876,st_struct_pedestal/67517,st_struct_pedestal/67435
ug_route/168294,OSP:BUSP:C669053,st_struct_pedestal/68332,st_struct_pedestal/67077
ug_route/168295,OSP:BUSP:C641906,st_struct_pedestal/68570,st_struct_pedestal/69860
ug_route/168296,OSP:BUSP:C641308,st_struct_pedestal/69181,building/49961
ug_route/168297,OSP:BUSP:C665523,st_struct_pedestal/68953,st_struct_pedestal/67789
ug_route/168298,OSP:BUSP:C669060,st_struct_pedestal/67077,st_struct_pedestal/68332
ug_route/168299,OSP:BUSP:C659786,st_struct_pedestal/67713,st_struct_pedestal/69765
ug_route/168300,OSP:BUSP:C644396,st_struct_pedestal/68678,st_struct_pedestal/69843
ug_route/168301,OSP:BUSP:C656403,st_struct_pedestal/67212,st_struct_pedestal/70744
ug_route/168302,OSP:BUSP:C644413,st_struct_pedestal/68678,st_struct_pedestal/69843
ug_route/168303,OSP:BUSP:C646450,st_struct_pedestal/67649,building/49122
ug_route/168304,OSP:BUSP:C648186,st_struct_pedestal/69938,st_struct_pedestal/68951
ug_route/168305,OSP:BUSP:C660101,st_struct_pedestal/69383,building/49353
ug_route/168306,OSP:BUSP:C643487,st_struct_pedestal/68552,st_struct_pedestal/69921
ug_route/168307,OSP:BUSP:C682044,st_struct_pedestal/67053,building/49321
ug_route/168308,OSP:BUSP:C705838,st_struct_pedestal/68440,st_struct_pedestal/68293
ug_route/168309,OSP:BUSP:C639152,st_struct_pedestal/69810,st_struct_pedestal/68260
ug_route/168310,OSP:BUSP:C651974,st_struct_pedestal/67323,st_struct_pedestal/68513
ug_route/168311,OSP:BUSP:C671066,st_struct_pedestal/69111,building/48927
ug_route/168312,OSP:BUSP:C660817,st_struct_pedestal/68118,st_struct_pedestal/70813
ug_route/168313,OSP:BUSP:C639156,st_struct_pedestal/69810,st_struct_pedestal/68260
ug_route/168314,OSP:BUSP:C655351,st_struct_pedestal/69362,st_struct_pedestal/70149
ug_route/168315,OSP:BUSP:C671057,st_struct_pedestal/67887,building/51025
ug_route/168316,OSP:BUSP:C655316,st_struct_pedestal/69362,st_struct_pedestal/70149
ug_route/168317,OSP:BUSP:C658751,st_struct_pedestal/70634,st_struct_pedestal/69548
ug_route/168318,OSP:BUSP:C655148,st_struct_pedestal/67160,st_struct_pedestal/68333
ug_route/168319,OSP:BUSP:C647163,st_struct_pedestal/67428,st_struct_pedestal/67760
ug_route/168320,OSP:BUSP:C658768,st_struct_pedestal/70634,st_struct_pedestal/69548
ug_route/168321,OSP:BUSP:C650524,st_struct_pedestal/69582,st_struct_pedestal/69281
ug_route/168322,OSP:BUSP:C646176,st_struct_pedestal/70471,st_struct_pedestal/69994
ug_route/168323,OSP:BUSP:C641661,st_struct_pedestal/68211,mywcom_route_junction/21511
ug_route/168324,OSP:BUSP:C651092,st_struct_pedestal/68991,st_struct_pedestal/69349
ug_route/168325,OSP:BUSP:C709963,mywcom_route_junction/21752,st_struct_pedestal/68135
ug_route/168326,OSP:BUSP:C641263,st_struct_pedestal/70491,st_struct_pedestal/70391
ug_route/168327,OSP:BUSP::17062031,st_struct_pedestal/68440,st_struct_pedestal/67777
ug_route/168328,OSP:BUSP:C642297,st_struct_pedestal/67643,st_struct_pedestal/67959
ug_route/168329,OSP:BUSP:C646218,st_struct_pedestal/70471,st_struct_pedestal/69994
ug_route/168330,OSP:BUSP:C660723,st_struct_pedestal/68664,building/50291
ug_route/168331,OSP:BUSP:C709002,st_struct_pedestal/67964,st_struct_pedestal/68362
ug_route/168332,OSP:BUSP:C642326,st_struct_pedestal/67643,st_struct_pedestal/67959
ug_route/168333,OSP:BUSP:C709978,st_struct_pedestal/68330,mywcom_route_junction/21538
ug_route/168334,OSP:BUSP:C645896,st_struct_pedestal/70324,building/49999
ug_route/168335,OSP:BUSP:C705063,st_struct_pedestal/69197,st_struct_pedestal/68568
ug_route/168336,OSP:BUSP:C648819,st_struct_pedestal/69939,building/49116
ug_route/168337,OSP:BUSP:C666978,st_struct_pedestal/67277,st_struct_pedestal/69135
ug_route/168338,OSP:BUSP:C638825,st_struct_pedestal/68661,st_struct_pedestal/70530
ug_route/168339,OSP:BUSP:C641578,st_struct_pedestal/67632,st_struct_pedestal/67794
ug_route/168340,OSP:BUSP:C650627,st_struct_pedestal/67236,st_struct_pedestal/70186
ug_route/168341,OSP:BUSP:C681314,st_struct_pedestal/69442,st_struct_pedestal/70568
ug_route/168342,OSP:BUSP:C640648,st_struct_pedestal/70497,st_struct_pedestal/69173
ug_route/168343,OSP:BUSP:C670605,st_struct_pedestal/68886,st_struct_pedestal/67320
ug_route/168344,OSP:BUSP:C656890,st_struct_pedestal/68574,st_struct_pedestal/68252
ug_route/168345,OSP:BUSP:C659266,st_struct_pedestal/69935,st_struct_pedestal/70642
ug_route/168346,OSP:BUSP:C639302,st_struct_pedestal/69644,st_struct_pedestal/69435
ug_route/168347,OSP:BUSP:C651227,st_struct_pedestal/67752,st_struct_pedestal/68244
ug_route/168348,OSP:BUSP:C653869,st_struct_pedestal/70397,building/48881
ug_route/168349,OSP:BUSP:C682158,st_struct_pedestal/68060,st_struct_pedestal/67786
ug_route/168350,OSP:BUSP:C709982,mywcom_route_junction/21704,mywcom_route_junction/21709
ug_route/168351,OSP:BUSP:C644154,st_struct_pedestal/69518,building/48838
ug_route/168352,OSP:BUSP:C645059,st_struct_pedestal/69870,st_struct_pedestal/67303
ug_route/168353,OSP:BUSP:C658000,st_struct_pedestal/69246,st_struct_pedestal/70543
ug_route/168354,OSP:BUSP:C658262,st_struct_pedestal/70617,st_struct_pedestal/68833
ug_route/168355,OSP:BUSP:C682199,st_struct_pedestal/68405,st_struct_pedestal/68567
ug_route/168356,OSP:BUSP:C645064,st_struct_pedestal/69870,st_struct_pedestal/67303
ug_route/168357,OSP:BUSP:C661066,st_struct_pedestal/70661,st_struct_pedestal/68580
ug_route/168358,OSP:BUSP:C658265,st_struct_pedestal/70617,st_struct_pedestal/68833
ug_route/168359,OSP:BUSP:C668697,st_struct_pedestal/69129,building/51144
ug_route/168360,OSP:BUSP:C651139,st_struct_pedestal/67124,st_struct_pedestal/67286
ug_route/168361,OSP:BUSP:C682217,st_struct_pedestal/68405,st_struct_pedestal/68567
ug_route/168362,OSP:BUSP:C668625,st_struct_pedestal/68192,st_struct_pedestal/70131
ug_route/168363,OSP:BUSP:C644299,st_struct_pedestal/70499,st_struct_pedestal/70211
ug_route/168364,OSP:BUSP:C656301,st_struct_pedestal/67419,st_struct_pedestal/70709
ug_route/168365,OSP:BUSP:C649815,st_struct_pedestal/67546,st_struct_pedestal/69930
ug_route/168366,OSP:BUSP:C656286,st_struct_pedestal/67419,st_struct_pedestal/70709
ug_route/168367,OSP:BUSP:C643122,st_struct_pedestal/68800,building/50720
ug_route/168368,OSP:BUSP:C648538,st_struct_pedestal/69701,st_struct_pedestal/70473
ug_route/168369,OSP:BUSP:C665516,st_struct_pedestal/68009,st_struct_pedestal/68953
ug_route/168370,OSP:BUSP:C670467,st_struct_pedestal/68315,st_struct_pedestal/68136
ug_route/168371,OSP:BUSP:C658484,st_struct_pedestal/68296,st_struct_pedestal/68477
ug_route/168372,OSP:BUSP:C707917,st_struct_pedestal/67546,st_struct_pedestal/69930
ug_route/168373,OSP:BUSP:C644392,st_struct_pedestal/70499,st_struct_pedestal/70211
ug_route/168374,OSP:BUSP:C665519,st_struct_pedestal/68009,st_struct_pedestal/68953
ug_route/168375,OSP:BUSP:C640245,st_struct_pedestal/69566,st_struct_pedestal/69314
ug_route/168376,OSP:BUSP:C655141,st_struct_pedestal/69568,st_struct_pedestal/68067
ug_route/168377,OSP:BUSP:C648526,st_struct_pedestal/69701,st_struct_pedestal/70473
ug_route/168378,OSP:BUSP:C656977,st_struct_pedestal/70054,st_struct_pedestal/70195
ug_route/168379,OSP:BUSP:C640252,st_struct_pedestal/69566,st_struct_pedestal/69314
ug_route/168380,OSP:BUSP:C665997,st_struct_pedestal/68940,building/49467
ug_route/168381,OSP:BUSP:C656895,st_struct_buried_splice_location/2727,st_struct_pedestal/68574
ug_route/168382,OSP:BUSP:C657543,st_struct_pedestal/67696,st_struct_pedestal/70270
ug_route/168383,OSP:BUSP:C653151,st_struct_pedestal/68985,st_struct_pedestal/67878
ug_route/168384,OSP:BUSP:C641627,st_struct_pedestal/67279,building/50503
ug_route/168385,OSP:BUSP:C659799,st_struct_pedestal/67696,st_struct_pedestal/70270
ug_route/168386,OSP:BUSP:C640930,st_struct_pedestal/70403,st_struct_pedestal/70265
ug_route/168387,OSP:FBSP:D8185668,mywcom_route_junction/21994,building/49445
ug_route/168388,OSP:BUSP:C641065,st_struct_pedestal/70403,st_struct_pedestal/70265
ug_route/168389,OSP:BUSP:C705609,st_struct_pedestal/68041,st_struct_pedestal/69324
ug_route/168390,OSP:BUSP:C659813,st_struct_pedestal/67696,st_struct_pedestal/70270
ug_route/168391,OSP:BUSP:C642142,st_struct_pedestal/69189,st_struct_pedestal/67120
ug_route/168392,OSP:BUSP:C705125,st_struct_pedestal/69446,st_struct_pedestal/70150
ug_route/168393,OSP:BUSP:C653162,st_struct_pedestal/68985,st_struct_pedestal/67753
ug_route/168394,OSP:BUSP:C651084,st_struct_pedestal/69226,st_struct_pedestal/67225
ug_route/168395,OSP:BUSP:C641164,st_struct_pedestal/69054,st_struct_pedestal/67508
ug_route/168396,OSP:BUSP:C642223,st_struct_pedestal/69189,st_struct_pedestal/67120
ug_route/168397,OSP:BUSP:C659632,st_struct_pedestal/67067,st_struct_pedestal/67721
ug_route/168398,OSP:BUSP:C641990,st_struct_pedestal/69261,st_struct_pedestal/70068
ug_route/168399,OSP:BUSP::8725277,st_struct_pedestal/68041,st_struct_pedestal/69324
ug_route/168400,OSP:BUSP:C651260,st_struct_pedestal/69226,st_struct_pedestal/67225
ug_route/168401,OSP:BUSP:C705126,st_struct_pedestal/69446,st_struct_pedestal/70150
ug_route/168402,OSP:BUSP:C642046,st_struct_pedestal/69261,st_struct_pedestal/70068
ug_route/168403,OSP:BUSP:C705117,st_struct_pedestal/67884,st_struct_pedestal/68029
ug_route/168404,OSP:BUSP:C647829,st_struct_pedestal/70705,st_struct_pedestal/69800
ug_route/168405,OSP:BUSP:C705127,st_struct_pedestal/69446,st_struct_pedestal/70150
ug_route/168406,OSP:BUSP:C705119,st_struct_pedestal/67884,st_struct_pedestal/68029
ug_route/168407,OSP:BUSP::17062022,st_struct_pedestal/68029,st_struct_pedestal/70313
ug_route/168408,OSP:BUSP:C653164,st_struct_pedestal/68985,st_struct_pedestal/67753
ug_route/168409,OSP:BUSP:C641596,st_struct_pedestal/70233,st_struct_pedestal/67389
ug_route/168410,OSP:BUSP:C659634,st_struct_pedestal/67067,st_struct_pedestal/67721
ug_route/168411,OSP:BUSP:C656408,mywcom_route_junction/21381,st_struct_pedestal/70744
ug_route/168412,OSP:BUSP:C655362,st_struct_pedestal/69873,st_struct_pedestal/70598
ug_route/168413,OSP:BUSP:C649686,st_struct_pedestal/70472,st_struct_pedestal/67102
ug_route/168414,OSP:BUSP:C648360,st_struct_pedestal/70472,st_struct_pedestal/67102
ug_route/168415,OSP:BUSP:C641844,st_struct_pedestal/70233,st_struct_pedestal/67389
ug_route/168416,OSP:BUSP:C654701,st_struct_pedestal/69758,st_struct_pedestal/67688
ug_route/168417,OSP:BUSP:C647149,st_struct_pedestal/67181,building/48931
ug_route/168418,OSP:BUSP:C642859,st_struct_pedestal/67933,st_struct_pedestal/69167
ug_route/168419,OSP:BUSP:C662493,st_struct_buried_splice_location/2598,building/49401
ug_route/168420,OSP:BUSP:C641475,st_struct_pedestal/67382,st_struct_pedestal/68637
ug_route/168421,OSP:BUSP:C656662,st_struct_buried_splice_location/2623,st_struct_pedestal/70676
ug_route/168422,OSP:BUSP:C642208,st_struct_pedestal/68383,st_struct_pedestal/67443
ug_route/168423,OSP:BUSP:C659635,st_struct_pedestal/67067,st_struct_pedestal/67721
ug_route/168424,OSP:BUSP:C654498,st_struct_pedestal/70593,st_struct_pedestal/69437
ug_route/168425,OSP:BUSP:C642238,st_struct_pedestal/68383,st_struct_pedestal/67443
ug_route/168426,OSP:BUSP:C671065,st_struct_pedestal/67673,st_struct_pedestal/69111
ug_route/168427,OSP:BUSP:C652900,st_struct_pedestal/68594,st_struct_pedestal/69262
ug_route/168428,OSP:BUSP:C653841,st_struct_pedestal/67411,st_struct_pedestal/67641
ug_route/168429,OSP:BUSP:C640464,st_struct_pedestal/69127,building/50643
ug_route/168430,OSP:FBSP::14494980,mywcom_route_junction/21152,st_struct_pedestal/69826
ug_route/168431,OSP:BUSP:C652766,st_struct_pedestal/67600,st_struct_pedestal/69610
ug_route/168432,OSP:BUSP:C671054,st_struct_pedestal/67887,mywcom_route_junction/21331
ug_route/168433,OSP:BUSP:C653812,st_struct_pedestal/67411,st_struct_pedestal/67641
ug_route/168434,OSP:BUSP:C641422,st_struct_pedestal/69736,st_struct_pedestal/67802
ug_route/168435,OSP:BUSP:C655470,st_struct_pedestal/68520,building/48734
ug_route/168436,OSP:BUSP:C705224,st_struct_pedestal/69107,st_struct_pedestal/67910
ug_route/168437,OSP:BUSP:C671126,st_struct_pedestal/68796,st_struct_pedestal/68897
ug_route/168438,OSP:BUSP:C654568,st_struct_pedestal/67238,st_struct_pedestal/70593
ug_route/168439,OSP:BUSP:C650500,st_struct_pedestal/67291,st_struct_pedestal/67686
ug_route/168440,OSP:BUSP:C650362,st_struct_pedestal/67291,st_struct_pedestal/67686
ug_route/168441,OSP:BUSP:C707461,st_struct_pedestal/70182,st_struct_pedestal/68210
ug_route/168442,OSP:BUSP:C669587,st_struct_pedestal/68293,st_struct_pedestal/67390
ug_route/168443,OSP:BUSP:C654564,st_struct_pedestal/67238,st_struct_pedestal/70593
ug_route/168444,OSP:BUSP:C649083,st_struct_pedestal/69110,st_struct_pedestal/70402
ug_route/168445,OSP:BUSP:C640078,st_struct_pedestal/69689,building/50528
ug_route/168446,OSP:BUSP:C706624,st_struct_pedestal/69035,st_struct_pedestal/68929
ug_route/168447,OSP:BUSP:C638835,st_struct_pedestal/70138,st_struct_pedestal/70713
ug_route/168448,OSP:BUSP:C639488,st_struct_pedestal/69179,building/51236
ug_route/168449,OSP:BUSP:C644025,st_struct_pedestal/68527,st_struct_pedestal/69997
ug_route/168450,OSP:BUSP:C638818,st_struct_pedestal/68661,st_struct_pedestal/68191
ug_route/168451,OSP:BUSP:C644030,st_struct_pedestal/68527,st_struct_pedestal/69997
ug_route/168452,OSP:BUSP:C654569,st_struct_pedestal/67238,st_struct_pedestal/70593
ug_route/168453,OSP:BUSP:C649663,st_struct_pedestal/69930,st_struct_pedestal/67115
ug_route/168454,OSP:BUSP:C659623,st_struct_pedestal/69732,st_struct_pedestal/70176
ug_route/168455,OSP:BUSP:C706626,st_struct_pedestal/69035,st_struct_pedestal/68929
ug_route/168456,OSP:BUSP:C657770,st_struct_pedestal/69007,st_struct_pedestal/70242
ug_route/168457,OSP:BUSP:C669574,st_struct_pedestal/68293,st_struct_pedestal/67390
ug_route/168458,OSP:BUSP:C707931,st_struct_pedestal/69930,st_struct_pedestal/67115
ug_route/168459,OSP:BUSP:C654808,st_struct_pedestal/67590,st_struct_pedestal/68131
ug_route/168460,OSP:BUSP:C709079,mywcom_route_junction/21112,st_struct_pedestal/67634
ug_route/168461,OSP:BUSP:C650402,st_struct_pedestal/70159,st_struct_pedestal/67121
ug_route/168462,OSP:BUSP:C654810,st_struct_pedestal/67590,st_struct_pedestal/68131
ug_route/168463,OSP:BUSP:C704846,st_struct_pedestal/68739,mywcom_route_junction/21646
ug_route/168464,OSP:BUSP:C709816,st_struct_pedestal/68941,st_struct_pedestal/69319
ug_route/168465,OSP:BUSP:C650508,st_struct_pedestal/70159,st_struct_pedestal/67121
ug_route/168466,OSP:BUSP:C658774,st_struct_pedestal/67053,building/49324
ug_route/168467,OSP:BUSP:C646903,st_struct_pedestal/69181,st_struct_pedestal/67685
ug_route/168468,OSP:BUSP:C683159,st_struct_buried_splice_location/2733,st_struct_pedestal/69229
ug_route/168469,OSP:BUSP:C710033,st_struct_pedestal/69436,st_struct_pedestal/70229
ug_route/168470,OSP:BUSP:C660939,st_struct_pedestal/67241,st_struct_pedestal/70111
ug_route/168471,OSP:BUSP:C639723,st_struct_pedestal/69177,st_struct_pedestal/68777
ug_route/168472,OSP:BUSP:C641648,st_struct_pedestal/67279,st_struct_pedestal/70538
ug_route/168473,OSP:BUSP:C641331,st_struct_pedestal/69181,building/49585
ug_route/168474,OSP:BUSP:C641664,st_struct_pedestal/67279,st_struct_pedestal/70538
ug_route/168475,OSP:BUSP:C660942,st_struct_pedestal/67241,st_struct_pedestal/70111
ug_route/168476,OSP:BUSP:C639782,st_struct_pedestal/70534,st_struct_pedestal/68003
ug_route/168477,OSP:BUSP:C650356,st_struct_pedestal/67291,st_struct_pedestal/67686
ug_route/168478,OSP:BUSP:C639774,st_struct_pedestal/70534,st_struct_pedestal/68003
ug_route/168479,OSP:BUSP:C649761,st_struct_pedestal/67115,building/49991
ug_route/168480,OSP:BUSP:C641772,st_struct_pedestal/68365,st_struct_pedestal/70050
ug_route/168481,OSP:BUSP:C705044,st_struct_pedestal/69695,st_struct_pedestal/69108
ug_route/168482,OSP:BUSP:C641704,st_struct_pedestal/67070,st_struct_pedestal/68075
ug_route/168483,OSP:BUSP:C659522,st_struct_pedestal/68993,st_struct_pedestal/68042
ug_route/168484,OSP:BUSP:C641798,st_struct_pedestal/68365,st_struct_pedestal/70050
ug_route/168485,OSP:BUSP:C659523,st_struct_pedestal/68993,st_struct_pedestal/68042
ug_route/168486,OSP:BUSP:C646162,st_struct_pedestal/69695,st_struct_pedestal/69108
ug_route/168487,OSP:BUSP:C641762,st_struct_pedestal/67070,st_struct_pedestal/68075
ug_route/168488,OSP:BUSP:C654705,st_struct_pedestal/68765,st_struct_pedestal/67590
ug_route/168489,OSP:BUSP:C660806,st_struct_pedestal/67264,st_struct_pedestal/67175
ug_route/168490,OSP:BUSP:C653602,st_struct_pedestal/68434,st_struct_pedestal/70693
ug_route/168491,OSP:BUSP:C659174,st_struct_pedestal/70554,st_struct_pedestal/68092
ug_route/168492,OSP:BUSP:C648263,st_struct_pedestal/70413,building/49897
ug_route/168493,OSP:BUSP:C704923,st_struct_pedestal/69187,st_struct_pedestal/67449
ug_route/168494,OSP:BUSP:C658072,st_struct_pedestal/70006,st_struct_pedestal/70242
ug_route/168495,OSP:BUSP:C648091,st_struct_pedestal/67518,st_struct_pedestal/69119
ug_route/168496,OSP:BUSP:C707638,st_struct_pedestal/69255,st_struct_pedestal/70006
ug_route/168497,OSP:BUSP:C650419,st_struct_pedestal/69198,st_struct_pedestal/67289
ug_route/168498,OSP:BUSP:C651098,st_struct_pedestal/70314,building/49908
ug_route/168499,OSP:BUSP:C656339,st_struct_pedestal/70039,st_struct_buried_splice_location/2620
ug_route/168500,OSP:BUSP:C648013,st_struct_pedestal/67518,st_struct_pedestal/69119
ug_route/168501,OSP:BUSP:C705147,st_struct_pedestal/68301,building/50104
ug_route/168502,OSP:BUSP:C707128,st_struct_pedestal/68001,st_struct_pedestal/67761
ug_route/168503,OSP:BUSP:C646522,st_struct_pedestal/69359,building/48745
ug_route/168504,OSP:BUSP:C656612,st_struct_pedestal/68051,st_struct_pedestal/68832
ug_route/168505,OSP:BUSP:C656608,st_struct_pedestal/68051,st_struct_pedestal/68832
ug_route/168506,OSP:BUSP:C704776,st_struct_pedestal/68206,st_struct_pedestal/70471
ug_route/168507,OSP:BUSP:C643821,st_struct_pedestal/70151,st_struct_pedestal/69272
ug_route/168508,OSP:BUSP:C704775,st_struct_pedestal/68206,st_struct_pedestal/70471
ug_route/168509,OSP:BUSP:C650547,st_struct_pedestal/67236,st_struct_pedestal/69279
ug_route/168510,OSP:BUSP:C707942,st_struct_pedestal/70805,st_struct_pedestal/70639
ug_route/168511,OSP:BUSP:C670413,st_struct_pedestal/70745,building/51124
ug_route/168512,OSP:BUSP:C706867,st_struct_pedestal/69540,st_struct_pedestal/69732
ug_route/168513,OSP:BUSP:C643851,st_struct_pedestal/70151,st_struct_pedestal/69272
ug_route/168514,OSP:BUSP:C641193,st_struct_pedestal/67303,st_struct_pedestal/68128
ug_route/168515,OSP:BUSP:C657430,st_struct_pedestal/67696,st_struct_pedestal/70269
ug_route/168516,OSP:BUSP:C657433,st_struct_pedestal/67696,st_struct_pedestal/70269
ug_route/168517,OSP:BUSP:C655274,st_struct_pedestal/70431,building/50680
ug_route/168518,OSP:BUSP:C641556,st_struct_buried_splice_location/2665,st_struct_pedestal/69920
ug_route/168519,OSP:BUSP:C656912,st_struct_pedestal/70037,st_struct_pedestal/67819
ug_route/168520,OSP:BUSP:C649706,st_struct_pedestal/68302,st_struct_pedestal/70643
ug_route/168521,OSP:FBSP:C708058,st_struct_pedestal/69768,building/50417
ug_route/168522,OSP:BUSP:C650389,st_struct_pedestal/70688,st_struct_pedestal/67329
ug_route/168523,OSP:BUSP:C644133,st_struct_pedestal/67186,st_struct_pedestal/68048
ug_route/168524,OSP:BUSP:C641580,st_struct_pedestal/69864,st_struct_pedestal/70139
ug_route/168525,OSP:BUSP:C641567,st_struct_pedestal/69864,st_struct_pedestal/70139
ug_route/168526,OSP:BUSP:C650390,st_struct_pedestal/70688,st_struct_pedestal/67329
ug_route/168527,OSP:BUSP:C704879,st_struct_pedestal/67186,st_struct_pedestal/68048
ug_route/168528,OSP:BUSP:C655447,st_struct_pedestal/67275,st_struct_pedestal/69533
ug_route/168529,OSP:BUSP:C639756,st_struct_pedestal/69919,st_struct_pedestal/67394
ug_route/168530,OSP:BUSP:C681313,st_struct_pedestal/70813,st_struct_pedestal/67178
ug_route/168531,OSP:BUSP:C640738,st_struct_pedestal/69060,building/49739
ug_route/168532,OSP:BUSP:C649007,st_struct_pedestal/69465,st_struct_buried_splice_location/2718
ug_route/168533,OSP:BUSP:C653664,st_struct_pedestal/69871,st_struct_pedestal/68130
ug_route/168534,OSP:BUSP:C639764,st_struct_pedestal/69919,st_struct_pedestal/67394
ug_route/168535,OSP:BUSP:C653660,st_struct_pedestal/69871,st_struct_pedestal/68130
ug_route/168536,OSP:BUSP:C653098,st_struct_pedestal/70531,mywcom_route_junction/20911
ug_route/168537,OSP:BUSP:C654526,st_struct_pedestal/69057,building/50846
ug_route/168538,OSP:BUSP::8711822,st_struct_pedestal/67664,st_struct_pedestal/69453
ug_route/168539,OSP:BUSP:C665533,st_struct_pedestal/68953,st_struct_pedestal/67789
ug_route/168540,OSP:BUSP:C654668,st_struct_pedestal/69377,building/51150
ug_route/168541,OSP:BUSP:C656139,st_struct_pedestal/68316,st_struct_pedestal/67631
ug_route/168542,OSP:BUSP:C650529,st_struct_pedestal/69456,st_struct_pedestal/70282
ug_route/168543,OSP:BUSP:C665535,st_struct_pedestal/68953,st_struct_pedestal/67789
ug_route/168544,OSP:BUSP:C641537,st_struct_pedestal/67387,st_struct_pedestal/68331
ug_route/168545,OSP:BUSP:C643463,st_struct_pedestal/67387,st_struct_pedestal/68331
ug_route/168546,OSP:BUSP:C651964,st_struct_pedestal/67473,st_struct_pedestal/67323
ug_route/168547,OSP:BUSP:C671022,st_struct_pedestal/68826,st_struct_pedestal/69839
ug_route/168548,OSP:BUSP:C671025,st_struct_pedestal/68826,st_struct_pedestal/69839
ug_route/168549,OSP:BUSP:C645862,st_struct_pedestal/68002,st_struct_pedestal/69760
ug_route/168550,OSP:BUSP:C656990,st_struct_pedestal/67958,st_struct_pedestal/67749
ug_route/168551,OSP:BUSP:C640195,st_struct_pedestal/67501,st_struct_pedestal/67281
ug_route/168552,OSP:BUSP:C641764,st_struct_pedestal/70073,st_struct_pedestal/69804
ug_route/168553,OSP:BUSP:C660195,st_struct_pedestal/67669,st_struct_pedestal/69394
ug_route/168554,OSP:BUSP:C645071,st_struct_pedestal/70560,building/49060
ug_route/168555,OSP:BUSP:C661022,st_struct_pedestal/67669,st_struct_pedestal/69394
ug_route/168556,OSP:BUSP:C648596,st_struct_pedestal/69199,st_struct_pedestal/70761
ug_route/168557,OSP:BUSP:C657016,st_struct_pedestal/69657,st_struct_pedestal/68149
ug_route/168558,OSP:BUSP:C655162,st_struct_pedestal/70594,st_struct_pedestal/68388
ug_route/168559,OSP:BUSP:C655233,st_struct_pedestal/70594,st_struct_pedestal/68388
ug_route/168560,OSP:BUSP:C654619,st_struct_pedestal/69808,st_struct_pedestal/69740
ug_route/168561,OSP:BUSP:C659279,st_struct_pedestal/69440,st_struct_pedestal/68703
ug_route/168562,OSP:BUSP:C655450,st_struct_pedestal/69533,st_struct_pedestal/68573
ug_route/168563,OSP:BUSP:C643926,st_struct_pedestal/68371,st_struct_pedestal/67635
ug_route/168564,OSP:BUSP:C708144,st_struct_pedestal/69892,st_struct_pedestal/68123
ug_route/168565,OSP:BUSP:C655385,st_struct_pedestal/68247,building/50759
ug_route/168566,OSP:BUSP:C658951,st_struct_pedestal/69530,st_struct_pedestal/70796
ug_route/168567,OSP:BUSP:C670376,st_struct_pedestal/69853,building/50597
ug_route/168568,OSP:BUSP:C649928,st_struct_pedestal/68861,st_struct_pedestal/67546
ug_route/168569,OSP:BUSP:C671140,st_struct_pedestal/67065,st_struct_pedestal/68796
ug_route/168570,OSP:BUSP:C650393,st_struct_pedestal/70688,st_struct_pedestal/67292
ug_route/168571,OSP:BUSP:C650397,st_struct_pedestal/70688,st_struct_pedestal/67292
ug_route/168572,OSP:BUSP:C656961,st_struct_pedestal/69998,st_struct_pedestal/68589
ug_route/168573,OSP:BUSP:C707908,st_struct_pedestal/68861,st_struct_pedestal/67546
ug_route/168574,OSP:BUSP:C647201,st_struct_pedestal/69778,st_struct_pedestal/67825
ug_route/168575,OSP:BUSP:C641338,st_struct_pedestal/70669,building/48936
ug_route/168576,OSP:BUSP::11900070,st_struct_pedestal/70171,st_struct_pedestal/69706
ug_route/168577,OSP:BUSP:C711894,st_struct_pedestal/70171,st_struct_pedestal/70792
ug_route/168578,OSP:BUSP:C711828,st_struct_pedestal/68531,mywcom_route_junction/21475
ug_route/168579,OSP:BUSP:C708301,st_struct_pedestal/69741,st_struct_pedestal/67220
ug_route/168580,OSP:BUSP:C643514,st_struct_pedestal/69569,st_struct_pedestal/68694
ug_route/168581,OSP:BUSP:C647202,st_struct_pedestal/69778,st_struct_pedestal/67825
ug_route/168582,OSP:BUSP:C650340,st_struct_pedestal/70658,st_struct_pedestal/69577
ug_route/168583,OSP:BUSP:C650338,st_struct_pedestal/70658,st_struct_pedestal/69577
ug_route/168584,OSP:BUSP:C643481,st_struct_pedestal/69569,st_struct_pedestal/68694
ug_route/168585,OSP:BUSP:C648169,st_struct_pedestal/69990,st_struct_pedestal/69938
ug_route/168586,OSP:BUSP:C706923,st_struct_pedestal/68026,st_struct_pedestal/69554
ug_route/168587,OSP:BUSP:C639727,st_struct_pedestal/69177,st_struct_pedestal/69919
ug_route/168588,OSP:BUSP:C639745,st_struct_pedestal/69177,st_struct_pedestal/69919
ug_route/168589,OSP:BUSP:C657353,st_struct_pedestal/67236,st_struct_pedestal/70186
ug_route/168590,OSP:BUSP:C704726,st_struct_pedestal/68054,st_struct_pedestal/68676
ug_route/168591,OSP:BUSP:C637443,st_struct_pedestal/67751,building/50172
ug_route/168592,OSP:BUSP:C648224,st_struct_pedestal/67288,st_struct_pedestal/69579
ug_route/168593,OSP:BUSP:C671029,st_struct_pedestal/70681,st_struct_pedestal/67436
ug_route/168594,OSP:BUSP:C643472,st_struct_pedestal/70051,st_struct_pedestal/70219
ug_route/168595,OSP:BUSP:C648235,st_struct_pedestal/67288,st_struct_pedestal/69579
ug_route/168596,OSP:BUSP:C643494,st_struct_pedestal/70051,st_struct_pedestal/70219
ug_route/168597,OSP:BUSP:C656428,mywcom_route_junction/21111,st_struct_pedestal/70744
ug_route/168598,OSP:BUSP:C681974,st_struct_pedestal/68056,st_struct_pedestal/70741
ug_route/168599,OSP:BUSP:C654048,st_struct_pedestal/69447,st_struct_pedestal/70331
ug_route/168600,OSP:BUSP:C668035,st_struct_pedestal/69067,st_struct_pedestal/67083
ug_route/168601,OSP:BUSP:C668239,st_struct_pedestal/69067,st_struct_pedestal/67083
ug_route/168602,OSP:BUSP:C653819,st_struct_pedestal/69447,st_struct_pedestal/70810
ug_route/168603,OSP:BUSP:C653847,st_struct_pedestal/69447,st_struct_pedestal/70810
ug_route/168604,OSP:BUSP:C658030,st_struct_pedestal/69246,mywcom_route_junction/21042
ug_route/168605,OSP:BUSP:C652017,st_struct_pedestal/69310,st_struct_pedestal/69769
ug_route/168606,OSP:BUSP:C651995,st_struct_pedestal/69310,st_struct_pedestal/69769
ug_route/168607,OSP:BUSP:C637427,st_struct_pedestal/67697,st_struct_pedestal/70757
ug_route/168608,OSP:BUSP:C642174,st_struct_pedestal/67596,st_struct_pedestal/70624
ug_route/168609,OSP:BUSP:C659282,st_struct_pedestal/68703,st_struct_pedestal/67876
ug_route/168610,OSP:BUSP:C668981,st_struct_pedestal/69537,st_struct_pedestal/70717
ug_route/168611,OSP:BUSP:C651129,st_struct_pedestal/69315,st_struct_pedestal/68083
ug_route/168612,OSP:BUSP:C656487,st_struct_pedestal/70187,st_struct_pedestal/67645
ug_route/168613,OSP:BUSP:C669011,st_struct_pedestal/69537,st_struct_pedestal/70717
ug_route/168614,OSP:BUSP:C656135,st_struct_pedestal/69690,st_struct_pedestal/69253
ug_route/168615,OSP:BUSP:C651194,st_struct_pedestal/69315,st_struct_pedestal/68083
ug_route/168616,OSP:BUSP:C643532,st_struct_pedestal/68694,st_struct_pedestal/69803
ug_route/168617,OSP:BUSP::10613941,st_struct_pedestal/70664,st_struct_pedestal/67310
ug_route/168618,OSP:BUSP:C656494,st_struct_pedestal/70187,st_struct_pedestal/68151
ug_route/168619,OSP:BUSP:C656491,st_struct_pedestal/70187,st_struct_pedestal/67645
ug_route/168620,OSP:BUSP:C640519,st_struct_pedestal/69284,building/49229
ug_route/168621,OSP:BUSP:C650422,st_struct_pedestal/67289,st_struct_pedestal/67767
ug_route/168622,OSP:BUSP:C655380,st_struct_pedestal/68564,st_struct_pedestal/68247
ug_route/168623,OSP:BUSP:C642884,st_struct_pedestal/69167,building/49900
ug_route/168624,OSP:BUSP:C658795,st_struct_pedestal/70634,st_struct_pedestal/68175
ug_route/168625,OSP:BUSP:C641908,st_struct_pedestal/70073,st_struct_pedestal/69804
ug_route/168626,OSP:BUSP:C639740,st_struct_pedestal/69919,st_struct_pedestal/68628
ug_route/168627,OSP:BUSP:C642350,st_struct_pedestal/69710,st_struct_pedestal/69267
ug_route/168628,OSP:BUSP:C639735,st_struct_pedestal/69919,st_struct_pedestal/68628
ug_route/168629,OSP:BUSP:C640939,st_struct_pedestal/70265,building/50134
ug_route/168630,OSP:BUSP:C661122,st_struct_pedestal/69280,building/51295
ug_route/168631,OSP:BUSP:C639483,st_struct_pedestal/70342,st_struct_pedestal/69179
ug_route/168632,OSP:BUSP:C653653,st_struct_pedestal/68807,st_struct_pedestal/69871
ug_route/168633,OSP:BUSP:C668829,st_struct_buried_splice_location/2610,st_struct_buried_splice_location/2613
ug_route/168634,OSP:BUSP:C656169,st_struct_pedestal/67891,st_struct_pedestal/69501
ug_route/168635,OSP:BUSP:C639491,st_struct_pedestal/69179,st_struct_pedestal/70276
ug_route/168636,OSP:BUSP:D8186356,st_struct_buried_splice_location/2613,st_struct_buried_splice_location/2610
ug_route/168637,OSP:BUSP:C653077,st_struct_pedestal/70053,st_struct_pedestal/70320
ug_route/168638,OSP:BUSP:C658449,st_struct_pedestal/68296,st_struct_pedestal/69770
ug_route/168639,OSP:BUSP:C656370,st_struct_pedestal/68310,st_struct_pedestal/67333
ug_route/168640,OSP:BUSP:C655328,st_struct_pedestal/67637,st_struct_pedestal/68090
ug_route/168641,OSP:BUSP:C658480,st_struct_pedestal/68296,st_struct_pedestal/69770
ug_route/168642,OSP:BUSP:C704626,st_struct_pedestal/68676,st_struct_pedestal/69918
ug_route/168643,OSP:BUSP:C656373,st_struct_pedestal/68310,st_struct_pedestal/67333
ug_route/168644,OSP:BUSP:C655347,st_struct_pedestal/67637,st_struct_pedestal/68090
ug_route/168645,OSP:BUSP:C641932,st_struct_pedestal/67392,st_struct_pedestal/70673
ug_route/168646,OSP:BUSP:C642124,st_struct_pedestal/69500,st_struct_pedestal/69189
ug_route/168647,OSP:BUSP:C648019,st_struct_pedestal/69119,st_struct_pedestal/67521
ug_route/168648,OSP:BUSP:C642217,st_struct_pedestal/69500,st_struct_pedestal/69189
ug_route/168649,OSP:BUSP:C648092,st_struct_pedestal/69119,st_struct_pedestal/67521
ug_route/168650,OSP:BUSP:C646470,st_struct_pedestal/69064,st_struct_pedestal/67519
ug_route/168651,OSP:BUSP:C658809,st_struct_pedestal/70634,mywcom_route_junction/21720
ug_route/168652,OSP:BUSP:C652815,st_struct_pedestal/68935,st_struct_pedestal/68594
ug_route/168653,OSP:BUSP::10613628,st_struct_pedestal/70285,st_struct_pedestal/69981
ug_route/168654,OSP:BUSP:C646528,st_struct_pedestal/69064,st_struct_pedestal/67519
ug_route/168655,OSP:BUSP:C660183,st_struct_pedestal/69383,st_struct_pedestal/68646
ug_route/168656,OSP:BUSP:C654854,st_struct_pedestal/69928,st_struct_pedestal/70201
ug_route/168657,OSP:BUSP:C652903,st_struct_pedestal/68935,st_struct_pedestal/68594
ug_route/168658,OSP:BUSP:C655199,st_struct_pedestal/70759,building/49177
ug_route/168659,OSP:BUSP::12882815,st_struct_pedestal/70770,st_struct_pedestal/67772
ug_route/168660,OSP:BUSP:C637485,st_struct_pedestal/67647,building/50730
ug_route/168661,OSP:BUSP:C641504,st_struct_pedestal/67392,st_struct_pedestal/70673
ug_route/168662,OSP:BUSP:C642235,st_struct_pedestal/70240,st_struct_pedestal/68521
ug_route/168663,OSP:BUSP:C641853,st_struct_pedestal/68523,building/48779
ug_route/168664,OSP:BUSP:C658825,st_struct_pedestal/69635,st_struct_pedestal/67995
ug_route/168665,OSP:BUSP:C653657,st_struct_pedestal/68807,st_struct_pedestal/69871
ug_route/168666,OSP:BUSP:C652905,st_struct_pedestal/68935,st_struct_pedestal/68594
ug_route/168667,OSP:BUSP:C658302,st_struct_pedestal/68833,building/49890
ug_route/168668,OSP:BUSP:C652906,st_struct_pedestal/68935,st_struct_pedestal/68594
ug_route/168669,OSP:BUSP:C658964,st_struct_pedestal/68530,st_struct_pedestal/69412
ug_route/168670,OSP:BUSP:C642173,st_struct_pedestal/70240,st_struct_pedestal/68521
ug_route/168671,OSP:BUSP:C640083,st_struct_pedestal/69689,st_struct_pedestal/69452
ug_route/168672,OSP:BUSP:C648586,st_struct_pedestal/70281,st_struct_pedestal/67666
ug_route/168673,OSP:BUSP:C655402,st_struct_pedestal/70429,st_struct_pedestal/67759
ug_route/168674,OSP:BUSP:C641856,st_struct_pedestal/68523,st_struct_pedestal/67642
ug_route/168675,OSP:BUSP:C654827,st_struct_pedestal/67283,st_struct_pedestal/67351
ug_route/168676,OSP:BUSP:C655024,st_struct_pedestal/68944,st_struct_pedestal/70532
ug_route/168677,OSP:BUSP:C640087,st_struct_pedestal/69689,st_struct_pedestal/69452
ug_route/168678,OSP:BUSP:C657152,st_struct_pedestal/70281,st_struct_pedestal/67666
ug_route/168679,OSP:BUSP:C654630,st_struct_pedestal/70419,building/51382
ug_route/168680,OSP:BUSP:C641416,st_struct_pedestal/68250,st_struct_pedestal/67074
ug_route/168681,OSP:BUSP:C658986,st_struct_pedestal/68530,st_struct_pedestal/69412
ug_route/168682,OSP:BUSP:C652758,st_struct_pedestal/67567,st_struct_pedestal/70648
ug_route/168683,OSP:BUSP:C671041,st_struct_pedestal/67888,building/49887
ug_route/168684,OSP:BUSP:C705051,st_struct_pedestal/67102,st_struct_pedestal/69331
ug_route/168685,OSP:BUSP:C705047,st_struct_pedestal/67102,st_struct_pedestal/69331
ug_route/168686,OSP:BUSP:C651104,mywcom_route_junction/21326,mywcom_route_junction/21926
ug_route/168687,OSP:BUSP:C647396,st_struct_pedestal/67578,st_struct_pedestal/67630
ug_route/168688,OSP:BUSP:C656482,st_struct_pedestal/67645,st_struct_pedestal/67890
ug_route/168689,OSP:BUSP:C656484,st_struct_pedestal/68151,st_struct_pedestal/70575
ug_route/168690,OSP:BUSP:C645904,st_struct_pedestal/69055,st_struct_pedestal/70751
ug_route/168691,OSP:BUSP:C707878,st_struct_pedestal/67645,st_struct_pedestal/67890
ug_route/168692,OSP:BUSP:C658724,st_struct_pedestal/70526,building/50250
ug_route/168693,OSP:BUSP:C641788,st_struct_pedestal/70406,st_struct_pedestal/68686
ug_route/168694,OSP:BUSP:C668006,mywcom_route_junction/21754,mywcom_route_junction/21153
ug_route/168695,OSP:BUSP:C641760,st_struct_pedestal/70406,st_struct_pedestal/68686
ug_route/168696,OSP:BUSP:C653007,st_struct_pedestal/67512,st_struct_pedestal/68377
ug_route/168697,OSP:BUSP:C647947,st_struct_pedestal/69240,st_struct_pedestal/69178
ug_route/168698,OSP:BUSP:C649022,st_struct_pedestal/69044,building/49915
ug_route/168699,OSP:BUSP:C653153,st_struct_pedestal/69923,st_struct_pedestal/68934
ug_route/168700,OSP:BUSP:C652635,st_struct_pedestal/69568,st_struct_pedestal/67338
ug_route/168701,OSP:BUSP:C644364,st_struct_pedestal/68943,st_struct_pedestal/68678
ug_route/168702,OSP:BUSP:C653169,st_struct_pedestal/69568,st_struct_pedestal/67338
ug_route/168703,OSP:BUSP:C661053,st_struct_pedestal/70338,st_struct_pedestal/70710
ug_route/168704,OSP:BUSP:C661067,st_struct_pedestal/70338,st_struct_pedestal/70710
ug_route/168705,OSP:BUSP:C661025,st_struct_pedestal/68141,st_struct_pedestal/70174
ug_route/168706,OSP:BUSP:C681437,st_struct_pedestal/67746,st_struct_pedestal/67962
ug_route/168707,OSP:BUSP:C651097,st_struct_pedestal/67548,st_struct_pedestal/70314
ug_route/168708,OSP:BUSP:C646364,st_struct_pedestal/67722,st_struct_pedestal/70654
ug_route/168709,OSP:BUSP:C652692,st_struct_pedestal/69003,st_struct_pedestal/67600
ug_route/168710,OSP:BUSP:C655151,building/48981,st_struct_pedestal/69444
ug_route/168711,OSP:BUSP:C641970,st_struct_pedestal/67825,st_struct_pedestal/70038
ug_route/168712,OSP:BUSP:C640410,st_struct_pedestal/67626,st_struct_pedestal/69574
ug_route/168713,OSP:BUSP:C652712,st_struct_pedestal/69003,st_struct_pedestal/67600
ug_route/168714,OSP:BUSP:C655183,st_struct_pedestal/68442,st_struct_pedestal/70759
ug_route/168715,OSP:BUSP:C646493,st_struct_pedestal/67722,st_struct_pedestal/70654
ug_route/168716,OSP:BUSP:C641588,st_struct_pedestal/68800,st_struct_pedestal/70041
ug_route/168717,OSP:BUSP:C650329,st_struct_pedestal/68407,st_struct_pedestal/70658
ug_route/168718,OSP:BUSP:C683150,st_struct_buried_splice_location/2636,st_struct_buried_splice_location/2612
ug_route/168719,OSP:BUSP:C641995,st_struct_pedestal/67825,st_struct_pedestal/70038
ug_route/168720,OSP:BUSP:C650333,st_struct_pedestal/68407,st_struct_pedestal/70658
ug_route/168721,OSP:BUSP:C645322,st_struct_pedestal/70070,st_struct_pedestal/68969
ug_route/168722,OSP:BUSP:C646048,st_struct_pedestal/69316,st_struct_pedestal/69695
ug_route/168723,OSP:BUSP:C650332,st_struct_pedestal/68407,st_struct_pedestal/70658
ug_route/168724,OSP:BUSP:C706652,st_struct_pedestal/68946,st_struct_pedestal/68826
ug_route/168725,OSP:BUSP:C640633,st_struct_pedestal/70044,st_struct_pedestal/70497
ug_route/168726,OSP:BUSP:C639459,st_struct_pedestal/68869,st_struct_pedestal/67781
ug_route/168727,OSP:BUSP:C641799,st_struct_pedestal/68800,st_struct_pedestal/70041
ug_route/168728,OSP:BUSP:C651027,st_struct_pedestal/69687,st_struct_pedestal/68181
ug_route/168729,OSP:BUSP:C646159,st_struct_pedestal/69316,st_struct_pedestal/69695
ug_route/168730,OSP:BUSP:C639464,st_struct_pedestal/68869,st_struct_pedestal/67781
ug_route/168731,OSP:BUSP:C651038,st_struct_pedestal/69687,st_struct_pedestal/68181
ug_route/168732,OSP:BUSP:C639701,st_struct_pedestal/68427,st_struct_pedestal/67886
ug_route/168733,OSP:BUSP:C648758,st_struct_pedestal/67213,st_struct_pedestal/68139
ug_route/168734,OSP:BUSP::7622213,st_struct_pedestal/70715,st_struct_pedestal/68848
ug_route/168735,OSP:BUSP:C648804,st_struct_pedestal/67213,st_struct_pedestal/68139
ug_route/168736,OSP:BUSP:C710216,st_struct_pedestal/68233,st_struct_buried_splice_location/2720
ug_route/168737,OSP:BUSP:C646070,st_struct_pedestal/67104,st_struct_pedestal/67881
ug_route/168738,OSP:BUSP:C640454,st_struct_pedestal/69127,st_struct_pedestal/69284
ug_route/168739,OSP:BUSP:C654720,st_struct_pedestal/69377,st_struct_pedestal/70644
ug_route/168740,OSP:BUSP:C645933,st_struct_pedestal/70541,st_struct_pedestal/69651
ug_route/168741,OSP:BUSP:C661097,st_struct_pedestal/67325,st_struct_buried_splice_location/2600
ug_route/168742,OSP:BUSP:C653075,st_struct_pedestal/69885,st_struct_pedestal/70053
ug_route/168743,OSP:BUSP::7611824,st_struct_pedestal/67428,st_struct_pedestal/70838
ug_route/168744,OSP:BUSP:C660583,st_struct_pedestal/70000,st_struct_pedestal/70230
ug_route/168745,OSP:BUSP:C653135,st_struct_pedestal/69885,st_struct_pedestal/70053
ug_route/168746,OSP:BUSP:C659275,st_struct_pedestal/68311,st_struct_pedestal/70067
ug_route/168747,OSP:BUSP:C661107,st_struct_pedestal/67325,st_struct_buried_splice_location/2635
ug_route/168748,OSP:BUSP:C640461,st_struct_pedestal/69127,st_struct_pedestal/69284
ug_route/168749,OSP:BUSP:C661224,st_struct_pedestal/68532,mywcom_route_junction/21681
ug_route/168750,OSP:BUSP:C647716,st_struct_pedestal/70150,st_struct_pedestal/68685
ug_route/168751,OSP:BUSP:C657940,st_struct_pedestal/69483,st_struct_pedestal/70293
ug_route/168752,OSP:BUSP:C658866,st_struct_pedestal/67818,st_struct_pedestal/68665
ug_route/168753,OSP:BUSP:C652021,st_struct_pedestal/70268,st_struct_pedestal/68374
ug_route/168754,OSP:BUSP:C641259,st_struct_pedestal/69128,st_struct_pedestal/70669
ug_route/168755,OSP:BUSP:C652019,st_struct_pedestal/70268,st_struct_pedestal/68374
ug_route/168756,OSP:BUSP:C639475,st_struct_pedestal/67628,st_struct_pedestal/67847
ug_route/168757,OSP:BUSP:C651620,st_struct_pedestal/70462,st_struct_pedestal/69694
ug_route/168758,OSP:BUSP:C644114,st_struct_pedestal/70826,st_struct_pedestal/67186
ug_route/168759,OSP:BUSP:C641559,st_struct_pedestal/67842,st_struct_pedestal/69864
ug_route/168760,OSP:BUSP:C657942,st_struct_pedestal/69483,st_struct_pedestal/70293
ug_route/168761,OSP:BUSP:C654530,st_struct_pedestal/69513,st_struct_pedestal/68989
ug_route/168762,OSP:BUSP:C659511,st_struct_pedestal/70539,st_struct_pedestal/68993
ug_route/168763,OSP:BUSP:C648355,st_struct_pedestal/67123,st_struct_pedestal/68387
ug_route/168764,OSP:BUSP:C644117,st_struct_pedestal/70826,st_struct_pedestal/67186
ug_route/168765,OSP:BUSP:C641273,st_struct_pedestal/69128,st_struct_pedestal/70669
ug_route/168766,OSP:BUSP:C665581,st_struct_pedestal/68140,st_struct_pedestal/69978
ug_route/168767,OSP:BUSP:C659518,st_struct_pedestal/70539,st_struct_pedestal/68993
ug_route/168768,OSP:BUSP:C708176,st_struct_pedestal/67214,st_struct_pedestal/68123
ug_route/168769,OSP:BUSP:C649681,st_struct_pedestal/67123,st_struct_pedestal/68387
ug_route/168770,OSP:BUSP:C708041,st_struct_pedestal/67744,st_struct_pedestal/69513
ug_route/168771,OSP:BUSP:C671146,st_struct_pedestal/68796,st_struct_pedestal/70255
ug_route/168772,OSP:BUSP:C665585,st_struct_pedestal/68140,st_struct_pedestal/69978
ug_route/168773,OSP:BUSP:C648065,st_struct_pedestal/68267,st_struct_pedestal/68701
ug_route/168774,OSP:BUSP:C705427,st_struct_pedestal/70790,st_struct_pedestal/69865
ug_route/168775,OSP:BUSP:C648197,st_struct_pedestal/68267,st_struct_pedestal/68701
ug_route/168776,OSP:BUSP:C705428,st_struct_pedestal/70790,st_struct_pedestal/69865
ug_route/168777,OSP:BUSP:C705429,st_struct_pedestal/70790,st_struct_pedestal/69865
ug_route/168778,OSP:BUSP:C709098,st_struct_pedestal/69253,st_struct_pedestal/68316
ug_route/168779,OSP:BUSP:C659755,st_struct_pedestal/68829,st_struct_pedestal/69052
ug_route/168780,OSP:BUSP:C660112,st_struct_pedestal/68984,st_struct_pedestal/69201
ug_route/168781,OSP:BUSP:C663206,st_struct_pedestal/68246,st_struct_pedestal/68210
ug_route/168782,OSP:BUSP:C705424,st_struct_pedestal/70790,st_struct_pedestal/69865
ug_route/168783,OSP:BUSP:C653002,st_struct_pedestal/69611,st_struct_pedestal/67512
ug_route/168784,OSP:BUSP:C652999,st_struct_pedestal/69376,st_struct_pedestal/69611
ug_route/168785,OSP:BUSP:C646383,st_struct_pedestal/70654,st_struct_pedestal/68263
ug_route/168786,OSP:BUSP:C708211,st_struct_pedestal/68874,st_struct_pedestal/68486
ug_route/168787,OSP:BUSP:C708210,st_struct_pedestal/68874,st_struct_pedestal/68486
ug_route/168788,OSP:BUSP:C646495,st_struct_pedestal/70654,st_struct_pedestal/68263
ug_route/168789,OSP:BUSP:C648038,st_struct_pedestal/67287,st_struct_pedestal/67651
ug_route/168790,OSP:BUSP:C650498,st_struct_pedestal/67846,st_struct_pedestal/69750
ug_route/168791,OSP:BUSP:C642087,st_struct_pedestal/69804,st_struct_pedestal/70641
ug_route/168792,OSP:BUSP:C657449,st_struct_pedestal/68829,st_struct_pedestal/69052
ug_route/168793,OSP:BUSP:C668200,st_struct_pedestal/67081,st_struct_pedestal/70576
ug_route/168794,OSP:BUSP:C659638,st_struct_pedestal/67721,st_struct_pedestal/69190
ug_route/168795,OSP:BUSP:C665667,st_struct_pedestal/67081,st_struct_pedestal/69702
ug_route/168796,OSP:BUSP:C706625,st_struct_pedestal/69035,st_struct_pedestal/67993
ug_route/168797,OSP:BUSP:C645375,st_struct_pedestal/67539,st_struct_pedestal/70080
ug_route/168798,OSP:BUSP:C660937,st_struct_pedestal/69230,st_struct_pedestal/69798
ug_route/168799,OSP:BUSP:C653277,st_struct_pedestal/68291,st_struct_pedestal/67882
ug_route/168800,OSP:BUSP:C650409,st_struct_pedestal/70197,st_struct_pedestal/68389
ug_route/168801,OSP:BUSP:C660989,st_struct_pedestal/69230,st_struct_pedestal/69798
ug_route/168802,OSP:BUSP:C660177,st_struct_pedestal/68984,st_struct_pedestal/69201
ug_route/168803,OSP:BUSP:C637456,st_struct_pedestal/69985,st_struct_pedestal/69347
ug_route/168804,OSP:BUSP:C660002,st_struct_pedestal/67892,building/49420
ug_route/168805,OSP:BUSP:C659642,st_struct_pedestal/67721,st_struct_pedestal/69190
ug_route/168806,OSP:BUSP:C710215,st_struct_pedestal/68233,st_struct_buried_splice_location/2613
ug_route/168807,OSP:BUSP:C652037,st_struct_pedestal/67155,st_struct_pedestal/69212
ug_route/168808,OSP:BUSP::7683748,st_struct_pedestal/70236,st_struct_pedestal/68819
ug_route/168809,OSP:BUSP:C647651,st_struct_pedestal/70405,st_struct_pedestal/69326
ug_route/168810,OSP:BUSP:C654640,st_struct_pedestal/68989,st_struct_pedestal/69377
ug_route/168811,OSP:BUSP:C653553,st_struct_pedestal/69803,st_struct_pedestal/68522
ug_route/168812,OSP:BUSP:C640754,st_struct_pedestal/69060,st_struct_pedestal/67644
ug_route/168813,OSP:BUSP::7611821,st_struct_pedestal/70843,st_struct_pedestal/70402
ug_route/168814,OSP:BUSP:C653150,st_struct_pedestal/68290,st_struct_pedestal/68193
ug_route/168815,OSP:BUSP:C640342,st_struct_pedestal/69652,st_struct_pedestal/67636
ug_route/168816,OSP:BUSP:C644130,st_struct_pedestal/70803,st_struct_pedestal/68744
ug_route/168817,OSP:BUSP:C643469,st_struct_pedestal/68331,st_struct_pedestal/70152
ug_route/168818,OSP:BUSP:C669807,st_struct_pedestal/68819,mywcom_route_junction/21403
ug_route/168819,OSP:BUSP:C656489,st_struct_pedestal/67381,mywcom_route_junction/21525
ug_route/168820,OSP:BUSP:C643835,st_struct_pedestal/69272,building/51418
ug_route/168821,OSP:BUSP:C650378,st_struct_pedestal/68011,st_struct_pedestal/68954
ug_route/168822,OSP:BUSP:C643847,st_struct_pedestal/70050,st_struct_pedestal/70151
ug_route/168823,OSP:BUSP:C643814,st_struct_pedestal/70050,st_struct_pedestal/70151
ug_route/168824,OSP:BUSP:C641480,st_struct_pedestal/67099,st_struct_pedestal/70183
ug_route/168825,OSP:BUSP:C641954,st_struct_pedestal/67099,st_struct_pedestal/70183
ug_route/168826,OSP:BUSP:C650427,st_struct_pedestal/68011,st_struct_pedestal/68954
ug_route/168827,OSP:BUSP:C659544,st_struct_pedestal/69049,st_struct_pedestal/69233
ug_route/168828,OSP:BUSP:C658750,st_struct_pedestal/70724,st_struct_pedestal/70634
ug_route/168829,OSP:BUSP:C637426,st_struct_pedestal/69685,st_struct_pedestal/67697
ug_route/168830,OSP:BUSP:C644021,st_struct_pedestal/69431,st_struct_pedestal/68527
ug_route/168831,OSP:BUSP:C646421,st_struct_pedestal/68529,st_struct_pedestal/68602
ug_route/168832,OSP:BUSP:C640965,st_struct_pedestal/69922,st_struct_pedestal/69575
ug_route/168833,OSP:BUSP:C657014,st_struct_pedestal/68049,st_struct_pedestal/69657
ug_route/168834,OSP:BUSP:C656524,st_struct_pedestal/69178,st_struct_pedestal/67756
ug_route/168835,OSP:BUSP:C646510,st_struct_pedestal/68529,st_struct_pedestal/68602
ug_route/168836,OSP:BUSP:C648747,st_struct_pedestal/67329,st_struct_pedestal/67290
ug_route/168837,OSP:BUSP:C658766,st_struct_pedestal/70724,st_struct_pedestal/70634
ug_route/168838,OSP:BUSP:C708212,st_struct_pedestal/70724,st_struct_pedestal/70634
ug_route/168839,OSP:BUSP:C648753,st_struct_pedestal/67329,st_struct_pedestal/67290
ug_route/168840,OSP:BUSP:C656140,st_struct_pedestal/67631,st_struct_pedestal/67695
ug_route/168841,OSP:BUSP:C654425,st_struct_pedestal/69812,st_struct_pedestal/70072
ug_route/168842,OSP:BUSP:C640970,st_struct_pedestal/69575,st_struct_pedestal/67278
ug_route/168843,OSP:BUSP:C653567,st_struct_pedestal/68889,st_struct_pedestal/70104
ug_route/168844,OSP:BUSP:C654448,st_struct_pedestal/69812,st_struct_pedestal/70072
ug_route/168845,OSP:BUSP:C654602,st_struct_pedestal/70187,st_struct_pedestal/67664
ug_route/168846,OSP:BUSP:C648142,st_struct_pedestal/70413,st_struct_pedestal/68808
ug_route/168847,OSP:BUSP:C654683,st_struct_pedestal/70187,st_struct_pedestal/67664
ug_route/168848,OSP:BUSP:C654451,st_struct_pedestal/69812,st_struct_pedestal/70072
ug_route/168849,OSP:BUSP:C660796,st_struct_pedestal/68031,st_struct_pedestal/68157
ug_route/168850,OSP:BUSP:C641555,st_struct_pedestal/70773,st_struct_pedestal/67842
ug_route/168851,OSP:BUSP:C657899,st_struct_pedestal/69483,st_struct_pedestal/70293
ug_route/168852,OSP:BUSP:C660828,st_struct_pedestal/67162,st_struct_pedestal/68314
ug_route/168853,OSP:BUSP:C654686,st_struct_pedestal/70187,st_struct_pedestal/67664
ug_route/168854,OSP:BUSP:C665710,st_struct_pedestal/68088,st_struct_pedestal/69329
ug_route/168855,OSP:BUSP:C648041,st_struct_pedestal/67651,st_struct_pedestal/70413
ug_route/168856,OSP:BUSP:C650534,st_struct_pedestal/69068,st_struct_pedestal/68013
ug_route/168857,OSP:BUSP:C644024,st_struct_pedestal/69431,st_struct_pedestal/68527
ug_route/168858,OSP:BUSP:C651224,st_struct_pedestal/68636,st_struct_pedestal/67752
ug_route/168859,OSP:BUSP:C656485,st_struct_pedestal/67381,building/50298
ug_route/168860,OSP:BUSP:C665712,st_struct_pedestal/68088,st_struct_pedestal/69329
ug_route/168861,OSP:BUSP:C708137,st_struct_pedestal/68362,st_struct_pedestal/68031
ug_route/168862,OSP:BUSP::12178793,st_struct_pedestal/69326,st_struct_pedestal/70417
ug_route/168863,OSP:BUSP:C642860,st_struct_pedestal/69167,st_struct_pedestal/67871
ug_route/168864,OSP:BUSP:C651343,st_struct_pedestal/67038,st_struct_pedestal/69542
ug_route/168865,OSP:BUSP:C640193,st_struct_pedestal/70055,st_struct_pedestal/67501
ug_route/168866,OSP:BUSP:C705156,st_struct_buried_splice_location/2708,building/50722
ug_route/168867,OSP:BUSP:C648527,st_struct_pedestal/70473,st_struct_pedestal/68976
ug_route/168868,OSP:BUSP:C660075,st_struct_pedestal/67520,st_struct_pedestal/70544
ug_route/168869,OSP:BUSP:C659572,st_struct_pedestal/68738,st_struct_pedestal/67315
ug_route/168870,OSP:BUSP:C660077,st_struct_pedestal/70544,st_struct_pedestal/67520
ug_route/168871,OSP:BUSP:C648539,st_struct_pedestal/70473,st_struct_pedestal/68976
ug_route/168872,OSP:BUSP:C639003,st_struct_pedestal/68191,st_struct_pedestal/67110
ug_route/168873,OSP:BUSP:C707561,st_struct_pedestal/67876,st_struct_pedestal/70242
ug_route/168874,OSP:BUSP:C656148,st_struct_pedestal/67695,st_struct_pedestal/67891
ug_route/168875,OSP:BUSP:C643211,st_struct_pedestal/70240,st_struct_pedestal/69571
ug_route/168876,OSP:BUSP:C658245,st_struct_pedestal/67941,st_struct_pedestal/70617
ug_route/168877,OSP:BUSP:C648064,st_struct_pedestal/68792,st_struct_pedestal/68267
ug_route/168878,OSP:BUSP:C639006,st_struct_pedestal/68191,st_struct_pedestal/67110
ug_route/168879,OSP:BUSP:C639585,st_struct_pedestal/67628,st_struct_pedestal/69491
ug_route/168880,OSP:BUSP:C643208,st_struct_pedestal/70240,st_struct_pedestal/69571
ug_route/168881,OSP:BUSP::8657430,st_struct_pedestal/67667,st_struct_pedestal/69375
ug_route/168882,OSP:BUSP:C658307,st_struct_pedestal/67941,st_struct_pedestal/70617
ug_route/168883,OSP:BUSP:C648195,st_struct_pedestal/68792,st_struct_pedestal/68267
ug_route/168884,OSP:BUSP:C642092,st_struct_pedestal/70641,st_struct_pedestal/68737
ug_route/168885,OSP:BUSP:C658758,st_struct_pedestal/68328,st_struct_pedestal/67053
ug_route/168886,OSP:BUSP:C648757,st_struct_pedestal/68043,st_struct_pedestal/67213
ug_route/168887,OSP:BUSP:C658772,st_struct_pedestal/68328,st_struct_pedestal/67053
ug_route/168888,OSP:BUSP:C665966,st_struct_pedestal/67076,st_struct_pedestal/68764
ug_route/168889,OSP:BUSP:C641429,st_struct_pedestal/67802,st_struct_pedestal/67382
ug_route/168890,OSP:BUSP:C641277,st_struct_pedestal/68755,st_struct_pedestal/68425
ug_route/168891,OSP:BUSP:C648803,st_struct_pedestal/68043,st_struct_pedestal/67213
ug_route/168892,OSP:BUSP:C649696,st_struct_pedestal/67515,st_struct_pedestal/68302
ug_route/168893,OSP:BUSP:C651213,st_struct_pedestal/70718,mywcom_route_junction/21278
ug_route/168894,OSP:BUSP:C641283,st_struct_pedestal/68755,st_struct_pedestal/68425
ug_route/168895,OSP:BUSP:C637439,st_struct_pedestal/69317,st_struct_pedestal/70755
ug_route/168896,OSP:BUSP:C650417,st_struct_pedestal/69275,st_struct_pedestal/69198
ug_route/168897,OSP:BUSP:C650527,st_struct_pedestal/68761,st_struct_pedestal/69456
ug_route/168898,OSP:BUSP:C710118,st_struct_pedestal/70393,building/51463
ug_route/168899,OSP:BUSP:C650491,st_struct_pedestal/67767,st_struct_pedestal/67846
ug_route/168900,OSP:BUSP::8607520,st_struct_buried_splice_location/2686,st_struct_pedestal/69537
ug_route/168901,OSP:BUSP:C659710,st_struct_pedestal/68134,st_struct_pedestal/67696
ug_route/168902,OSP:BUSP:C655395,st_struct_pedestal/70704,st_struct_pedestal/70429
ug_route/168903,OSP:BUSP:C657426,st_struct_pedestal/68134,st_struct_pedestal/67696
ug_route/168904,OSP:BUSP:C650414,st_struct_pedestal/70615,st_struct_pedestal/70655
ug_route/168905,OSP:BUSP:C650535,st_struct_pedestal/68013,st_struct_pedestal/70210
ug_route/168906,OSP:BUSP:C654803,st_struct_pedestal/68836,st_struct_pedestal/68945
ug_route/168907,OSP:BUSP:C665679,st_struct_pedestal/70576,st_struct_pedestal/68088
ug_route/168908,OSP:BUSP:C647684,st_struct_pedestal/68657,building/49825
ug_route/168909,OSP:BUSP:C665681,st_struct_pedestal/70576,st_struct_pedestal/68088
ug_route/168910,OSP:BUSP:C645879,st_struct_pedestal/69760,st_struct_pedestal/69055
ug_route/168911,OSP:BUSP:C658812,mywcom_route_junction/20960,mywcom_route_junction/21568
ug_route/168912,OSP:BUSP:C665682,st_struct_pedestal/70576,st_struct_pedestal/68088
ug_route/168913,OSP:BUSP:C658823,st_struct_pedestal/69635,building/48894
ug_route/168914,OSP:BUSP:C655416,st_struct_pedestal/70704,building/49834
ug_route/168915,OSP:BUSP:C651089,st_struct_pedestal/67225,st_struct_pedestal/68991
ug_route/168916,OSP:BUSP:C639056,st_struct_pedestal/67765,st_struct_pedestal/70323
ug_route/168917,OSP:BUSP:C637425,st_struct_pedestal/70755,st_struct_pedestal/69685
ug_route/168918,OSP:BUSP::8657432,st_struct_pedestal/69375,st_struct_pedestal/67085
ug_route/168919,OSP:BUSP::13453063,st_struct_pedestal/68553,st_struct_pedestal/68650
ug_route/168920,OSP:BUSP:C708154,st_struct_pedestal/68123,st_struct_pedestal/69235
ug_route/168921,OSP:BUSP:C648044,st_struct_pedestal/70413,st_struct_pedestal/69990
ug_route/168922,OSP:BUSP:C637440,st_struct_pedestal/70755,st_struct_pedestal/69685
ug_route/168923,OSP:BUSP:C648160,st_struct_pedestal/70413,st_struct_pedestal/69990
ug_route/168924,OSP:BUSP:C656986,st_struct_pedestal/70195,st_struct_pedestal/67958
ug_route/168925,OSP:BUSP:C639588,st_struct_pedestal/69491,building/50329
ug_route/168926,OSP:BUSP::8501586,st_struct_pedestal/70089,st_struct_pedestal/67777
ug_route/168927,OSP:BUSP:C665937,st_struct_pedestal/68940,st_struct_pedestal/69971
ug_route/168928,OSP:BUSP:C659569,st_struct_pedestal/67315,st_struct_pedestal/67498
ug_route/168929,OSP:BUSP:C645277,st_struct_pedestal/67539,st_struct_pedestal/70070
ug_route/168930,OSP:BUSP:C658802,st_struct_pedestal/68175,st_struct_pedestal/69428
ug_route/168931,OSP:BUSP:C640297,st_struct_pedestal/70194,st_struct_pedestal/68372
ug_route/168932,OSP:BUSP:C669945,st_struct_pedestal/68233,st_struct_buried_splice_location/2720
ug_route/168933,OSP:BUSP:C640128,st_struct_pedestal/70602,st_struct_pedestal/69809
ug_route/168934,OSP:BUSP:C642320,st_struct_pedestal/69696,st_struct_pedestal/68800
ug_route/168935,OSP:BUSP:C642162,st_struct_pedestal/69322,st_struct_pedestal/70240
ug_route/168936,OSP:BUSP:C648523,st_struct_pedestal/68089,st_struct_pedestal/70057
ug_route/168937,OSP:BUSP:C640132,st_struct_pedestal/70602,st_struct_pedestal/69809
ug_route/168938,OSP:BUSP:C642232,st_struct_pedestal/69322,st_struct_pedestal/70240
ug_route/168939,OSP:BUSP:C642337,st_struct_pedestal/69696,st_struct_pedestal/68800
ug_route/168940,OSP:BUSP:C661018,st_struct_pedestal/70174,st_struct_pedestal/68874
ug_route/168941,OSP:BUSP:C640076,st_struct_pedestal/68381,st_struct_pedestal/69689
ug_route/168942,OSP:BUSP:C641304,st_struct_pedestal/68755,st_struct_pedestal/69181
ug_route/168943,OSP:BUSP:C641938,st_struct_pedestal/69804,st_struct_pedestal/67828
ug_route/168944,OSP:BUSP:C668288,st_struct_pedestal/70174,st_struct_pedestal/68874
ug_route/168945,OSP:BUSP:C640080,st_struct_pedestal/68381,st_struct_pedestal/69689
ug_route/168946,OSP:BUSP:C644005,st_struct_pedestal/70773,st_struct_pedestal/69431
ug_route/168947,OSP:BUSP:C644000,st_struct_pedestal/70773,st_struct_pedestal/69431
ug_route/168948,OSP:BUSP:C637424,st_struct_pedestal/69317,st_struct_pedestal/70755
ug_route/168949,OSP:BUSP:C642038,st_struct_pedestal/69804,st_struct_pedestal/67828
ug_route/168950,OSP:BUSP:C652716,st_struct_pedestal/67753,st_struct_pedestal/69568
ug_route/168951,OSP:BUSP:C641330,st_struct_pedestal/68755,st_struct_pedestal/69181
ug_route/168952,OSP:BUSP:C652536,st_struct_pedestal/67753,st_struct_pedestal/69568
ug_route/168953,OSP:BUSP:C653152,st_struct_pedestal/67878,st_struct_pedestal/69923
ug_route/168954,OSP:BUSP:C704789,st_struct_pedestal/70038,st_struct_pedestal/69310
ug_route/168955,OSP:BUSP:C665656,st_struct_pedestal/67081,st_struct_pedestal/70576
ug_route/168956,OSP:BUSP:C704790,st_struct_pedestal/70038,st_struct_pedestal/69310
ug_route/168957,OSP:BUSP:C682231,st_struct_pedestal/68721,st_struct_pedestal/68405
ug_route/168958,OSP:BUSP:C653167,st_struct_pedestal/67753,st_struct_pedestal/69568
ug_route/168959,OSP:BUSP:C640170,st_struct_pedestal/68585,st_struct_pedestal/70055
ug_route/168960,OSP:BUSP:C704809,st_struct_pedestal/67391,st_struct_pedestal/69348
ug_route/168961,OSP:BUSP:C659754,st_struct_pedestal/70394,st_struct_pedestal/68829
ug_route/168962,OSP:BUSP:C669150,st_struct_pedestal/69139,st_struct_pedestal/70311
ug_route/168963,OSP:BUSP:C657447,st_struct_pedestal/70394,st_struct_pedestal/68829
ug_route/168964,OSP:BUSP:C641553,st_struct_pedestal/67632,st_struct_buried_splice_location/2665
ug_route/168965,OSP:BUSP:C708247,st_struct_pedestal/69139,st_struct_pedestal/70311
ug_route/168966,OSP:BUSP:C637410,st_struct_pedestal/68209,st_struct_pedestal/69059
ug_route/168967,OSP:BUSP:C682236,st_struct_pedestal/68721,st_struct_pedestal/68405
ug_route/168968,OSP:BUSP:C665502,st_struct_pedestal/68780,st_struct_pedestal/68952
ug_route/168969,OSP:BUSP:C669166,st_struct_pedestal/69139,st_struct_pedestal/70311
ug_route/168970,OSP:BUSP:C707047,st_struct_pedestal/67716,mywcom_route_junction/21723
ug_route/168971,OSP:BUSP:C648594,st_struct_pedestal/69961,st_struct_pedestal/69199
ug_route/168972,OSP:BUSP:C665504,st_struct_pedestal/68780,st_struct_pedestal/68952
ug_route/168973,OSP:BUSP:C707049,st_struct_pedestal/67716,st_struct_pedestal/69484
ug_route/168974,OSP:BUSP:C681435,st_struct_pedestal/67962,st_struct_pedestal/68581
ug_route/168975,OSP:BUSP:C706618,st_struct_pedestal/68866,st_struct_pedestal/69035
ug_route/168976,OSP:BUSP:C710178,st_struct_pedestal/69645,st_struct_pedestal/68096
ug_route/168977,OSP:BUSP:C640596,st_struct_pedestal/69060,mywcom_route_junction/21192
ug_route/168978,OSP:BUSP:C669152,st_struct_pedestal/70311,st_struct_pedestal/70093
ug_route/168979,OSP:BUSP:C639458,st_struct_pedestal/69572,st_struct_pedestal/68869
ug_route/168980,OSP:BUSP:C639463,st_struct_pedestal/69572,st_struct_pedestal/68869
ug_route/168981,OSP:BUSP:C645916,st_struct_pedestal/70751,st_struct_pedestal/67574
ug_route/168982,OSP:BUSP:C669159,st_struct_pedestal/70311,st_struct_pedestal/70093
ug_route/168983,OSP:BUSP:C639680,st_struct_pedestal/69572,st_struct_pedestal/68427
ug_route/168984,OSP:BUSP:C642203,st_struct_pedestal/68521,st_struct_pedestal/68383
ug_route/168985,OSP:BUSP:C665726,mywcom_route_junction/21713,mywcom_route_junction/21867
ug_route/168986,OSP:BUSP:C638831,st_struct_pedestal/70530,st_struct_pedestal/70138
ug_route/168987,OSP:BUSP:C669173,st_struct_pedestal/70311,st_struct_pedestal/70093
ug_route/168988,OSP:BUSP:C642237,st_struct_pedestal/68521,st_struct_pedestal/68383
ug_route/168989,OSP:BUSP:C639721,st_struct_pedestal/69058,st_struct_pedestal/69177
ug_route/168990,OSP:BUSP:C648027,st_struct_pedestal/67521,st_struct_buried_splice_location/2719
ug_route/168991,OSP:BUSP:C648095,st_struct_pedestal/67521,st_struct_buried_splice_location/2654
ug_route/168992,OSP:BUSP:C641694,st_struct_pedestal/68261,st_struct_pedestal/67185
ug_route/168993,OSP:BUSP:C639726,st_struct_pedestal/69058,st_struct_pedestal/69177
ug_route/168994,OSP:BUSP:C654957,st_struct_pedestal/68004,st_struct_pedestal/70048
ug_route/168995,OSP:BUSP:C641727,st_struct_pedestal/68261,st_struct_pedestal/67185
ug_route/168996,OSP:BUSP:C646389,st_struct_pedestal/68263,st_struct_pedestal/68642
ug_route/168997,OSP:BUSP:C653177,st_struct_pedestal/68934,st_struct_pedestal/68636
ug_route/168998,OSP:BUSP:C646497,st_struct_pedestal/68263,st_struct_pedestal/68642
ug_route/168999,OSP:BUSP:C707051,st_struct_pedestal/70158,st_struct_pedestal/69484
ug_route/169000,OSP:BUSP:C681671,st_struct_pedestal/67494,st_struct_pedestal/70106
ug_route/169001,OSP:BUSP:C654960,st_struct_pedestal/70532,st_struct_pedestal/70463
ug_route/169002,OSP:BUSP:C639698,st_struct_pedestal/69572,st_struct_pedestal/68427
ug_route/169003,OSP:BUSP::12769397,st_struct_pedestal/67971,st_struct_pedestal/68180
ug_route/169004,OSP:BUSP:C654963,st_struct_pedestal/70532,st_struct_pedestal/70463
ug_route/169005,OSP:BUSP:C681673,st_struct_pedestal/67494,st_struct_pedestal/70106
ug_route/169006,OSP:BUSP:C656947,st_struct_pedestal/67819,st_struct_pedestal/69838
ug_route/169007,OSP:BUSP:C658749,st_struct_pedestal/68597,st_struct_pedestal/70724
ug_route/169008,OSP:BUSP:C658767,st_struct_pedestal/68597,st_struct_pedestal/70724
ug_route/169009,OSP:BUSP:C658762,st_struct_pedestal/68597,st_struct_pedestal/70724
ug_route/169010,OSP:BUSP:C669806,st_struct_pedestal/68819,st_struct_buried_splice_location/2698
ug_route/169011,OSP:BUSP:C647211,st_struct_pedestal/68685,st_struct_pedestal/69187
ug_route/169012,OSP:BUSP:C640100,st_struct_pedestal/69452,st_struct_pedestal/70602
ug_route/169013,OSP:BUSP:C641254,st_struct_pedestal/67508,st_struct_pedestal/69128
ug_route/169014,OSP:BUSP:C639318,st_struct_pedestal/68124,building/50685
ug_route/169015,OSP:BUSP:C641268,st_struct_pedestal/67508,st_struct_pedestal/69128
ug_route/169016,OSP:BUSP:C706619,st_struct_pedestal/68866,st_struct_pedestal/69035
ug_route/169017,OSP:BUSP:C640107,st_struct_pedestal/69452,st_struct_pedestal/70602
ug_route/169018,OSP:BUSP:C641672,st_struct_pedestal/70538,st_struct_pedestal/68261
ug_route/169019,OSP:BUSP:C655037,st_struct_pedestal/67338,st_struct_pedestal/70532
ug_route/169020,OSP:BUSP:C655040,st_struct_pedestal/68934,st_struct_pedestal/68004
ug_route/169021,OSP:BUSP:C641270,st_struct_pedestal/67508,st_struct_pedestal/69128
ug_route/169022,OSP:BUSP:C648581,st_struct_pedestal/67535,st_struct_pedestal/70281
ug_route/169023,OSP:BUSP:C661237,mywcom_route_junction/20970,mywcom_route_junction/21225
ug_route/169024,OSP:BUSP:C639476,st_struct_pedestal/67847,st_struct_pedestal/70342
ug_route/169025,OSP:BUSP:C645818,st_struct_pedestal/70271,st_struct_pedestal/67502
ug_route/169026,OSP:BUSP:C641681,st_struct_pedestal/70538,st_struct_pedestal/68261
ug_route/169027,OSP:BUSP:C655044,st_struct_pedestal/67338,st_struct_pedestal/70532
ug_route/169028,OSP:BUSP:C650416,st_struct_pedestal/70655,st_struct_pedestal/69275
ug_route/169029,OSP:BUSP::7611813,st_struct_pedestal/70835,st_struct_pedestal/67636
ug_route/169030,OSP:BUSP:C656537,st_struct_pedestal/70187,st_struct_pedestal/70072
ug_route/169031,OSP:BUSP:C666837,mywcom_route_junction/20970,mywcom_route_junction/21225
ug_route/169032,OSP:BUSP:C641207,st_struct_pedestal/67334,st_struct_pedestal/68054
ug_route/169033,OSP:BUSP:C656532,st_struct_pedestal/70187,st_struct_pedestal/70072
ug_route/169034,OSP:BUSP:C656534,st_struct_pedestal/70187,st_struct_pedestal/70072
ug_route/169035,OSP:BUSP:C707943,st_struct_pedestal/70639,st_struct_pedestal/67510
ug_route/169036,OSP:BUSP:C648585,st_struct_pedestal/67535,st_struct_pedestal/70281
ug_route/169037,OSP:BUSP:C653099,st_struct_pedestal/70531,st_struct_pedestal/67785
ug_route/169038,OSP:BUSP:C656964,st_struct_pedestal/68589,st_struct_pedestal/70514
ug_route/169039,OSP:BUSP:C653095,st_struct_pedestal/67231,st_struct_pedestal/70531
ug_route/169040,OSP:BUSP:C641811,st_struct_pedestal/70050,st_struct_pedestal/69735
ug_route/169041,OSP:BUSP:C651322,st_struct_pedestal/68568,building/51104
ug_route/169042,OSP:BUSP:C653096,st_struct_pedestal/67231,st_struct_pedestal/70531
ug_route/169043,OSP:BUSP:C706060,st_struct_pedestal/68380,building/49864
ug_route/169044,OSP:BUSP:C708169,st_struct_pedestal/67892,building/49420
ug_route/169045,OSP:BUSP:C650526,st_struct_pedestal/69281,st_struct_pedestal/68761
ug_route/169046,OSP:BUSP:C671062,st_struct_pedestal/68376,st_struct_pedestal/67673
ug_route/169047,OSP:BUSP:C657514,st_struct_pedestal/69052,st_struct_pedestal/68511
ug_route/169048,OSP:BUSP:C654855,mywcom_route_junction/21074,st_struct_pedestal/67351
ug_route/169049,OSP:BUSP:C653141,st_struct_pedestal/68193,st_struct_pedestal/68379
ug_route/169050,OSP:BUSP:C641600,st_struct_pedestal/67389,st_struct_pedestal/70752
ug_route/169051,OSP:BUSP:C658579,st_struct_pedestal/67385,st_struct_pedestal/69061
ug_route/169052,OSP:BUSP:C641847,st_struct_pedestal/67389,st_struct_pedestal/70752
ug_route/169053,OSP:BUSP:C650413,st_struct_pedestal/68389,st_struct_pedestal/70615
ug_route/169054,OSP:BUSP:C658432,st_struct_pedestal/67668,st_struct_pedestal/68289
ug_route/169055,OSP:BUSP:C641262,st_struct_pedestal/70669,st_struct_pedestal/68755
ug_route/169056,OSP:BUSP:C656404,st_struct_pedestal/67333,st_struct_pedestal/69172
ug_route/169057,OSP:BUSP:C651988,st_struct_pedestal/68526,building/48839
ug_route/169058,OSP:BUSP:C659984,st_struct_pedestal/67806,st_struct_pedestal/69530
ug_route/169059,OSP:BUSP:C640423,st_struct_pedestal/69574,st_struct_pedestal/69127
ug_route/169060,OSP:BUSP:C640869,mywcom_route_junction/21471,mywcom_route_junction/21512
ug_route/169061,OSP:BUSP:C641276,st_struct_pedestal/70669,st_struct_pedestal/68755
ug_route/169062,OSP:BUSP:C653558,st_struct_pedestal/68522,st_struct_pedestal/68889
ug_route/169063,OSP:BUSP:C654655,st_struct_pedestal/70146,st_struct_pedestal/68253
ug_route/169064,OSP:BUSP:C637404,st_struct_pedestal/67499,st_struct_pedestal/68209
ug_route/169065,OSP:BUSP:C646503,st_struct_pedestal/68841,st_struct_pedestal/70475
ug_route/169066,OSP:BUSP:C646413,st_struct_pedestal/68841,st_struct_pedestal/70475
ug_route/169067,OSP:BUSP:C655166,st_struct_pedestal/67509,st_struct_pedestal/68207
ug_route/169068,OSP:BUSP:C639316,st_struct_pedestal/68518,st_struct_pedestal/68124
ug_route/169069,OSP:BUSP:C639319,st_struct_pedestal/68518,st_struct_pedestal/68124
ug_route/169070,OSP:BUSP:C654659,st_struct_pedestal/70146,st_struct_pedestal/68253
ug_route/169071,OSP:BUSP:C656859,st_struct_pedestal/69387,st_struct_pedestal/68633
ug_route/169072,OSP:BUSP:C655149,st_struct_pedestal/68333,st_struct_pedestal/67068
ug_route/169073,OSP:BUSP::9195683,st_struct_pedestal/70205,building/50323
ug_route/169074,OSP:BUSP:C655332,st_struct_pedestal/70692,st_struct_pedestal/70808
ug_route/169075,OSP:BUSP::7611814,st_struct_pedestal/70834,st_struct_pedestal/67281
ug_route/169076,OSP:BUSP:C668991,st_struct_pedestal/68070,st_struct_pedestal/69537
ug_route/169077,OSP:BUSP:C657572,st_struct_pedestal/67426,st_struct_pedestal/69450
ug_route/169078,OSP:BUSP:C654620,st_struct_pedestal/69740,st_struct_pedestal/68053
ug_route/169079,OSP:BUSP::8607511,st_struct_pedestal/70466,st_struct_pedestal/68376
ug_route/169080,OSP:BUSP:C639310,st_struct_pedestal/69435,building/49599
ug_route/169081,OSP:BUSP:C656466,st_struct_pedestal/69098,st_struct_pedestal/68093
ug_route/169082,OSP:BUSP:C656458,st_struct_pedestal/69098,st_struct_pedestal/68093
ug_route/169083,OSP:BUSP:C641766,st_struct_pedestal/68686,st_struct_pedestal/68365
ug_route/169084,OSP:BUSP:C663673,st_struct_pedestal/69468,st_struct_pedestal/70147
ug_route/169085,OSP:BUSP:C658509,st_struct_pedestal/67741,st_struct_pedestal/67175
ug_route/169086,OSP:BUSP:C641789,st_struct_pedestal/68686,st_struct_pedestal/68365
ug_route/169087,OSP:BUSP:C648352,st_struct_pedestal/68386,st_struct_pedestal/69580
ug_route/169088,OSP:BUSP:C659708,st_struct_pedestal/67500,st_struct_pedestal/68134
ug_route/169089,OSP:BUSP:C657420,st_struct_pedestal/67500,st_struct_pedestal/68134
ug_route/169090,OSP:BUSP:C659980,mywcom_route_junction/21903,mywcom_route_junction/21301
ug_route/169091,OSP:BUSP:C708235,st_struct_pedestal/68665,st_struct_pedestal/67061
ug_route/169092,OSP:BUSP:C656693,st_struct_pedestal/68679,st_struct_pedestal/70045
ug_route/169093,OSP:BUSP:C647188,st_struct_pedestal/69778,st_struct_pedestal/68450
ug_route/169094,OSP:BUSP:C652695,st_struct_pedestal/67600,st_struct_pedestal/68242
ug_route/169095,OSP:BUSP:C652714,st_struct_pedestal/67600,st_struct_pedestal/68242
ug_route/169096,OSP:BUSP:C649674,st_struct_pedestal/68386,st_struct_pedestal/69580
ug_route/169097,OSP:BUSP:C659660,st_struct_pedestal/69732,st_struct_pedestal/67067
ug_route/169098,OSP:BUSP:C652022,st_struct_pedestal/68374,st_struct_pedestal/70748
ug_route/169099,OSP:BUSP:C656877,st_struct_pedestal/67704,st_struct_pedestal/68633
ug_route/169100,OSP:BUSP:C647860,st_struct_pedestal/70695,st_struct_pedestal/68632
ug_route/169101,OSP:BUSP:C652023,st_struct_pedestal/68374,st_struct_pedestal/70748
ug_route/169102,OSP:BUSP:C651303,mywcom_route_junction/21238,mywcom_route_junction/21954
ug_route/169103,OSP:BUSP:C647630,st_struct_pedestal/70365,st_struct_pedestal/67210
ug_route/169104,OSP:BUSP:C663674,st_struct_pedestal/69468,st_struct_pedestal/70758
ug_route/169105,OSP:BUSP:C647162,st_struct_pedestal/69107,st_struct_pedestal/67760
ug_route/169106,OSP:BUSP:C654891,mywcom_route_junction/21959,mywcom_route_junction/21442
ug_route/169107,OSP:BUSP:C656701,st_struct_pedestal/70045,st_struct_pedestal/68862
ug_route/169108,OSP:BUSP::7611819,st_struct_pedestal/68125,mywcom_route_junction/22037
ug_route/169109,OSP:BUSP:C706058,st_struct_pedestal/68380,building/51375
ug_route/169110,OSP:BUSP:C655250,mywcom_route_junction/21396,mywcom_route_junction/21588
ug_route/169111,OSP:BUSP:C655303,st_struct_pedestal/69241,st_struct_pedestal/69362
ug_route/169112,OSP:BUSP:C652721,st_struct_pedestal/69568,st_struct_pedestal/68944
ug_route/169113,OSP:BUSP:C650640,st_struct_pedestal/69597,st_struct_pedestal/70411
ug_route/169114,OSP:BUSP:C650635,st_struct_pedestal/69597,st_struct_pedestal/70411
ug_route/169115,OSP:BUSP:C655348,st_struct_pedestal/69241,st_struct_pedestal/69362
ug_route/169116,OSP:BUSP::9195680,st_struct_pedestal/70205,st_struct_pedestal/67796
ug_route/169117,OSP:BUSP:C644280,st_struct_pedestal/69619,st_struct_pedestal/70589
ug_route/169118,OSP:BUSP:C644385,st_struct_pedestal/69619,st_struct_pedestal/70589
ug_route/169119,OSP:BUSP:C648785,st_struct_pedestal/68139,st_struct_pedestal/68469
ug_route/169120,OSP:BUSP:C656640,st_struct_pedestal/68051,st_struct_pedestal/67093
ug_route/169121,OSP:BUSP:C639709,st_struct_pedestal/68381,st_struct_pedestal/69058
ug_route/169122,OSP:BUSP:C648805,st_struct_pedestal/68139,st_struct_pedestal/68469
ug_route/169123,OSP:BUSP:C656581,building/50137,st_struct_pedestal/69112
ug_route/169124,OSP:BUSP:C707937,st_struct_pedestal/68886,st_struct_pedestal/67808
ug_route/169125,OSP:BUSP:C645927,st_struct_pedestal/67574,st_struct_pedestal/70541
ug_route/169126,OSP:BUSP:C639710,st_struct_pedestal/68381,st_struct_pedestal/69058
ug_route/169127,OSP:BUSP::7913443,pole/41288,st_struct_pedestal/67848
ug_route/169128,OSP:BUSP:C681720,st_struct_pedestal/70741,st_struct_pedestal/68418
ug_route/169129,OSP:BUSP:C681975,st_struct_pedestal/70741,st_struct_pedestal/68418
ug_route/169130,OSP:BUSP:C682166,st_struct_pedestal/70399,st_struct_pedestal/67786
ug_route/169131,OSP:BUSP:C708294,st_struct_pedestal/69133,st_struct_pedestal/68842
ug_route/169132,OSP:BUSP:C707492,mywcom_route_junction/21818,st_struct_pedestal/70817
ug_route/169133,OSP:BUSP:C665933,st_struct_pedestal/68945,st_struct_pedestal/68940
ug_route/169134,OSP:BUSP:C651188,st_struct_pedestal/69694,st_struct_pedestal/67840
ug_route/169135,OSP:BUSP:C651160,st_struct_pedestal/68385,st_struct_pedestal/70718
ug_route/169136,OSP:BUSP:C647890,st_struct_pedestal/70695,st_struct_pedestal/67750
ug_route/169137,OSP:BUSP:C641570,st_struct_pedestal/67632,st_struct_pedestal/67187
ug_route/169138,OSP:BUSP:C657595,st_struct_pedestal/70749,st_struct_pedestal/70540
ug_route/169139,OSP:BUSP:C657596,st_struct_pedestal/70749,st_struct_pedestal/70540
ug_route/169140,OSP:BUSP::17032286,st_struct_pedestal/69486,mywcom_route_junction/21301
ug_route/169141,OSP:BUSP:C654069,st_struct_pedestal/69361,building/51005
ug_route/169142,OSP:BUSP:C654065,st_struct_pedestal/69361,building/51005
ug_route/169143,OSP:BUSP:C656054,st_struct_pedestal/68974,building/50246
ug_route/169144,OSP:BUSP:C650364,st_struct_pedestal/67686,st_struct_pedestal/70659
ug_route/169145,OSP:BUSP:C651100,st_struct_pedestal/70314,st_struct_pedestal/69979
ug_route/169146,OSP:BUSP:C668673,st_struct_pedestal/68159,st_struct_pedestal/69147
ug_route/169147,OSP:BUSP:C660837,st_struct_pedestal/69489,st_struct_pedestal/68830
ug_route/169148,OSP:BUSP:C650371,st_struct_pedestal/67686,st_struct_pedestal/70659
ug_route/169149,OSP:BUSP:C651088,st_struct_pedestal/70349,st_struct_pedestal/68338
ug_route/169150,OSP:BUSP:C658580,st_struct_pedestal/69061,st_struct_pedestal/69436
ug_route/169151,OSP:BUSP:C665621,st_struct_pedestal/69978,st_struct_pedestal/67545
ug_route/169152,OSP:BUSP:C665586,st_struct_pedestal/69978,st_struct_pedestal/67545
ug_route/169153,OSP:BUSP:C656510,st_struct_pedestal/70040,st_struct_pedestal/67179
ug_route/169154,OSP:BUSP:C656897,st_struct_pedestal/68252,building/50399
ug_route/169155,OSP:BUSP:C710064,mywcom_route_junction/21004,mywcom_route_junction/21658
ug_route/169156,OSP:BUSP:C652756,st_struct_pedestal/67183,st_struct_pedestal/67567
ug_route/169157,OSP:BUSP:C659774,st_struct_buried_splice_location/2704,st_struct_pedestal/69638
ug_route/169158,OSP:BUSP:C657450,st_struct_pedestal/69052,st_struct_pedestal/68000
ug_route/169159,OSP:BUSP:C655169,st_struct_pedestal/67068,st_struct_pedestal/68207
ug_route/169160,OSP:BUSP:C657460,st_struct_pedestal/69052,st_struct_pedestal/68000
ug_route/169161,OSP:BUSP:C656629,mywcom_route_junction/21306,st_struct_pedestal/68510
ug_route/169162,OSP:BUSP:C704880,st_struct_pedestal/68048,st_struct_pedestal/70803
ug_route/169163,OSP:BUSP:C641317,st_struct_pedestal/68238,st_struct_pedestal/67379
ug_route/169164,OSP:BUSP:C709969,mywcom_route_junction/21168,mywcom_route_junction/21378
ug_route/169165,OSP:BUSP:C653798,st_struct_pedestal/70812,building/50132
ug_route/169166,OSP:BUSP:C654770,st_struct_pedestal/70644,st_struct_pedestal/68831
ug_route/169167,OSP:BUSP:C650351,st_struct_pedestal/70658,st_struct_pedestal/67291
ug_route/169168,OSP:BUSP:C710047,st_struct_pedestal/68259,st_struct_pedestal/70223
ug_route/169169,OSP:FBSP::12937213,building/49063,st_struct_pedestal/70468
ug_route/169170,OSP:BUSP:C640774,st_struct_pedestal/67644,st_struct_pedestal/70496
ug_route/169171,OSP:BUSP:C668823,st_struct_buried_splice_location/2610,st_struct_buried_splice_location/2690
ug_route/169172,OSP:BUSP:C709808,mywcom_route_junction/21843,st_struct_pedestal/68912
ug_route/169173,OSP:BUSP:C653322,st_struct_pedestal/70531,mywcom_route_junction/20943
ug_route/169174,OSP:BUSP:C659556,st_struct_pedestal/68092,st_struct_pedestal/67841
ug_route/169175,OSP:BUSP:C652030,st_struct_pedestal/68374,building/49707
ug_route/169176,OSP:BUSP:C660861,st_struct_pedestal/69459,st_struct_pedestal/67408
ug_route/169177,OSP:BUSP:C660885,st_struct_pedestal/69459,st_struct_pedestal/67408
ug_route/169178,OSP:BUSP:C651389,st_struct_pedestal/70208,building/50191
ug_route/169179,OSP:BUSP:C660924,st_struct_pedestal/68355,st_struct_pedestal/70813
ug_route/169180,OSP:BUSP::12474359,st_struct_pedestal/70841,st_struct_pedestal/70267
ug_route/169181,OSP:BUSP:C648082,st_struct_pedestal/67194,st_struct_pedestal/67662
ug_route/169182,OSP:BUSP:C644373,st_struct_pedestal/67830,st_struct_pedestal/68678
ug_route/169183,OSP:BUSP:C657438,st_struct_pedestal/68736,building/50820
ug_route/169184,OSP:BUSP:C652802,st_struct_pedestal/70791,building/50395
ug_route/169185,OSP:BUSP:C641564,st_struct_pedestal/69348,st_struct_pedestal/69920
ug_route/169186,OSP:BUSP:C708300,st_struct_pedestal/70698,st_struct_pedestal/69741
ug_route/169187,OSP:BUSP:C642359,st_struct_pedestal/69267,st_struct_pedestal/67997
ug_route/169188,OSP:BUSP:C651165,st_struct_pedestal/67477,st_struct_pedestal/70750
ug_route/169189,OSP:BUSP:C642364,st_struct_pedestal/69267,st_struct_pedestal/67997
ug_route/169190,OSP:BUSP:C681706,st_struct_pedestal/70741,st_struct_pedestal/69914
ug_route/169191,OSP:BUSP:C705448,mywcom_route_junction/21724,mywcom_route_junction/21551
ug_route/169192,OSP:BUSP:C656449,st_struct_pedestal/67094,st_struct_pedestal/69098
ug_route/169193,OSP:BUSP:C707921,st_struct_pedestal/67684,building/51189
ug_route/169194,OSP:BUSP:C708290,st_struct_pedestal/69700,st_struct_pedestal/68644
ug_route/169195,OSP:BUSP:C648604,st_struct_pedestal/68089,building/49016
ug_route/169196,OSP:BUSP:C642372,st_struct_pedestal/69267,building/49830
ug_route/169197,OSP:BUSP:C710163,mywcom_route_junction/21255,mywcom_route_junction/21841
ug_route/169198,OSP:BUSP:C642077,st_struct_pedestal/69385,st_struct_pedestal/67472
ug_route/169199,OSP:BUSP:C669178,st_struct_pedestal/70132,st_struct_pedestal/70093
ug_route/169200,OSP:BUSP:C658021,st_struct_pedestal/69246,st_struct_pedestal/68001
ug_route/169201,OSP:BUSP:C654087,mywcom_route_junction/21813,mywcom_route_junction/21997
ug_route/169202,OSP:BUSP:C648593,st_struct_pedestal/67666,st_struct_pedestal/69961
ug_route/169203,OSP:BUSP:C654055,st_struct_pedestal/70331,st_struct_pedestal/69361
ug_route/169204,OSP:BUSP:C652033,st_struct_pedestal/70748,st_struct_pedestal/67155
ug_route/169205,OSP:BUSP::7611815,st_struct_buried_splice_location/2665,st_struct_pedestal/70846
ug_route/169206,OSP:BUSP:C682082,st_struct_pedestal/68328,st_struct_pedestal/67971
ug_route/169207,OSP:BUSP:C644012,st_struct_pedestal/69089,building/48772
ug_route/169208,OSP:BUSP:C659260,st_struct_pedestal/68516,mywcom_route_junction/21649
ug_route/169209,OSP:BUSP:C668628,st_struct_pedestal/69535,building/49616
ug_route/169210,OSP:BUSP:C648825,st_struct_pedestal/67142,st_struct_pedestal/67098
ug_route/169211,OSP:BUSP:C648829,st_struct_pedestal/67142,st_struct_pedestal/67098
ug_route/169212,OSP:BUSP:C652781,st_struct_pedestal/69610,st_struct_pedestal/70459
ug_route/169213,OSP:BUSP:C653281,st_struct_pedestal/67075,building/50018
ug_route/169214,OSP:BUSP:C648590,st_struct_pedestal/67666,building/50912
ug_route/169215,OSP:BUSP:C705305,st_struct_pedestal/68677,building/51306
ug_route/169216,OSP:BUSP:C644290,st_struct_pedestal/70589,building/49625
ug_route/169217,OSP:BUSP:C653014,st_struct_pedestal/68067,building/49869
ug_route/169218,OSP:BUSP:C705456,mywcom_route_junction/21551,mywcom_route_junction/21879
ug_route/169219,OSP:BUSP:C641286,st_struct_pedestal/68425,building/49459
ug_route/169220,OSP:BUSP:C653026,st_struct_pedestal/70706,building/48929
ug_route/169221,OSP:BUSP:C642012,st_struct_pedestal/70068,st_struct_pedestal/69521
ug_route/169222,OSP:BUSP:C662447,st_struct_pedestal/70111,st_struct_pedestal/67260
ug_route/169223,OSP:BUSP:C637487,st_struct_pedestal/67697,building/49328
ug_route/169224,OSP:BUSP:C661078,st_struct_pedestal/70710,building/51075
ug_route/169225,OSP:BUSP:C660945,st_struct_pedestal/70111,st_struct_pedestal/67260
ug_route/169226,OSP:BUSP:C653103,st_struct_pedestal/67785,building/51373
ug_route/169227,OSP:BUSP:C647975,st_struct_pedestal/67756,st_struct_pedestal/69467
ug_route/169228,OSP:BUSP:C646705,st_struct_pedestal/69284,building/49130
ug_route/169229,OSP:BUSP:C656430,st_struct_pedestal/67094,building/49435
ug_route/169230,OSP:BUSP::10613940,mywcom_route_junction/21915,st_struct_pedestal/70664
ug_route/169231,OSP:BUSP:C653284,st_struct_pedestal/67075,building/51330
ug_route/169232,OSP:BUSP:C646130,st_struct_pedestal/67881,building/49134
ug_route/169233,OSP:BUSP:C648801,st_struct_pedestal/68687,building/49175
ug_route/169234,OSP:BUSP:C704996,building/49295,st_struct_pedestal/67598
ug_route/169235,OSP:BUSP:C643372,st_struct_pedestal/67837,building/50787
ug_route/169236,OSP:BUSP:C649077,st_struct_pedestal/67518,st_struct_pedestal/68061
ug_route/169237,OSP:BUSP:C651329,st_struct_pedestal/68568,st_struct_pedestal/68707
ug_route/169238,OSP:BUSP:C708293,st_struct_pedestal/69700,st_struct_pedestal/69133
ug_route/169239,OSP:BUSP:C641210,st_struct_pedestal/67303,building/50133
ug_route/169240,OSP:BUSP:C651217,mywcom_route_junction/21130,mywcom_route_junction/21936
ug_route/169241,OSP:BUSP:C708281,st_struct_pedestal/69269,st_struct_pedestal/68644
ug_route/169242,OSP:BUSP:C647765,st_struct_pedestal/69800,building/50700
ug_route/169243,OSP:BUSP:C653675,st_struct_pedestal/70178,building/50516
ug_route/169244,OSP:BUSP:C705141,st_struct_pedestal/68779,mywcom_route_junction/21483
ug_route/169245,OSP:BUSP::9195679,st_struct_pedestal/67796,pole/41261
ug_route/169246,OSP:BUSP:C641196,st_struct_pedestal/67303,st_struct_pedestal/67960
ug_route/169247,OSP:BUSP:C656979,st_struct_pedestal/70514,st_struct_pedestal/67476
ug_route/169248,OSP:BUSP:C648358,mywcom_route_junction/21323,mywcom_route_junction/20968
ug_route/169249,OSP:BUSP:C707905,st_struct_pedestal/69185,building/49296
ug_route/169250,OSP:BUSP:C671079,st_struct_pedestal/70681,building/50418
ug_route/169251,OSP:BUSP:C655337,st_struct_pedestal/68887,st_struct_pedestal/68515
ug_route/169252,OSP:BUSP:C655358,st_struct_pedestal/68887,st_struct_pedestal/68515
ug_route/169253,OSP:BUSP:C660818,st_struct_pedestal/68867,mywcom_route_junction/20919
ug_route/169254,OSP:BUSP:C648210,st_struct_pedestal/68792,building/50652
ug_route/169255,OSP:BUSP:C645941,st_struct_pedestal/70640,building/50304
ug_route/169256,OSP:BUSP:C653628,st_struct_pedestal/67158,mywcom_route_junction/21061
ug_route/169257,OSP:BUSP:C657461,st_struct_pedestal/69052,st_struct_pedestal/69982
ug_route/169258,OSP:BUSP:C710020,st_struct_pedestal/68990,st_struct_pedestal/68810
ug_route/169259,OSP:BUSP:C683485,building/50218,st_struct_buried_splice_location/2645
ug_route/169260,OSP:BUSP:C706768,st_struct_pedestal/68946,st_struct_pedestal/69388
ug_route/169261,OSP:BUSP:C655167,st_struct_pedestal/67160,st_struct_pedestal/67068
ug_route/169262,OSP:BUSP:C711937,mywcom_route_junction/21236,st_struct_pedestal/70476
ug_route/169263,OSP:BUSP::7607528,st_struct_buried_splice_location/2754,st_struct_buried_splice_location/2748
ug_route/169264,OSP:BUSP:C682042,st_struct_pedestal/67265,st_struct_pedestal/67582
ug_route/169265,OSP:BUSP:C642861,st_struct_pedestal/67871,st_struct_pedestal/67687
ug_route/169266,OSP:BUSP:C708080,st_struct_pedestal/69321,mywcom_route_junction/21530
ug_route/169267,OSP:BUSP:C653800,st_struct_pedestal/70812,building/49009
ug_route/169268,OSP:BUSP:C707565,st_struct_buried_splice_location/2750,st_struct_buried_splice_location/2605
ug_route/169269,OSP:BUSP:C708276,pole/41288,building/48760
ug_route/169270,OSP:BUSP:C654685,st_struct_pedestal/69377,building/48973
ug_route/169271,OSP:BUSP:C650415,st_struct_pedestal/70655,building/49800
ug_route/169272,OSP:BUSP::8156324,st_struct_pedestal/70567,st_struct_pedestal/69408
ug_route/169273,OSP:BUSP:C654597,st_struct_pedestal/70645,st_struct_pedestal/69311
ug_route/169274,OSP:BUSP:C654712,st_struct_pedestal/69377,building/48973
ug_route/169275,OSP:BUSP:C644168,mywcom_route_junction/21472,st_struct_pedestal/70753
ug_route/169276,OSP:BUSP:C645358,mywcom_route_junction/21682,mywcom_route_junction/21678
ug_route/169277,OSP:BUSP:C705624,st_struct_pedestal/70658,building/49799
ug_route/169278,OSP:BUSP:C656178,st_struct_pedestal/67351,building/49086
ug_route/169279,OSP:BUSP:C670701,st_struct_pedestal/70143,st_struct_pedestal/69321
ug_route/169280,OSP:BUSP::9650743,mywcom_route_junction/21891,mywcom_route_junction/21095
ug_route/169281,OSP:BUSP:C709659,st_struct_pedestal/69645,st_struct_pedestal/70730
ug_route/169282,OSP:BUSP:C655477,st_struct_buried_splice_location/2748,mywcom_route_junction/21224
ug_route/169283,OSP:BUSP:C706946,mywcom_route_junction/21599,st_struct_pedestal/67837
ug_route/169284,OSP:BUSP:C647407,st_struct_pedestal/67578,st_struct_pedestal/70646
ug_route/169285,OSP:BUSP:C645347,st_struct_pedestal/70567,building/48882
ug_route/169286,OSP:BUSP:C683496,st_struct_buried_splice_location/2750,st_struct_buried_splice_location/2645
ug_route/169287,OSP:BUSP:C668871,st_struct_buried_splice_location/2653,st_struct_buried_splice_location/2687
ug_route/169288,OSP:BUSP:C704692,st_struct_pedestal/70044,mywcom_route_junction/20966
ug_route/169289,OSP:BUSP:C710065,mywcom_route_junction/21658,mywcom_route_junction/21377
ug_route/169290,OSP:BUSP:C707432,st_struct_pedestal/69638,st_struct_pedestal/68721
ug_route/169291,OSP:BUSP:C646146,st_struct_pedestal/70678,st_struct_pedestal/67824
ug_route/169292,OSP:BUSP:C708411,pole/41112,mywcom_route_junction/21039
ug_route/169293,OSP:BUSP:C658925,st_struct_pedestal/67575,mywcom_route_junction/20955
ug_route/169294,OSP:BUSP:C683501,st_struct_buried_splice_location/2605,st_struct_buried_splice_location/2701
ug_route/169295,OSP:BUSP:C708105,st_struct_pedestal/70540,st_struct_buried_splice_location/2599
ug_route/169296,OSP:BUSP:C646640,mywcom_route_junction/20899,mywcom_route_junction/20946
ug_route/169297,OSP:BUSP:C705049,st_struct_pedestal/67653,building/50338
ug_route/169298,OSP:BUSP:C708088,st_struct_pedestal/68047,st_struct_pedestal/67687
ug_route/169299,OSP:BUSP:C658278,st_struct_pedestal/67941,mywcom_route_junction/21322
ug_route/169300,OSP:BUSP:C641929,st_struct_pedestal/69717,building/49008
ug_route/169301,OSP:BUSP:C683559,building/50218,st_struct_buried_splice_location/2614
ug_route/169302,OSP:BUSP:C643946,st_struct_pedestal/67635,building/50642
ug_route/169303,OSP:BUSP:C657740,st_struct_buried_splice_location/2621,st_struct_buried_splice_location/2642
ug_route/169304,OSP:BUSP:C639787,st_struct_pedestal/68003,st_struct_pedestal/67418
ug_route/169305,OSP:BUSP:C709828,mywcom_route_junction/21382,st_struct_pedestal/68330
ug_route/169306,OSP:BUSP:C711938,st_struct_pedestal/70476,mywcom_route_junction/21118
ug_route/169307,OSP:BUSP:C709827,mywcom_route_junction/21458,mywcom_route_junction/21382
ug_route/169308,OSP:BUSP:C656517,st_struct_pedestal/68262,st_struct_pedestal/69467
ug_route/169309,OSP:BUSP:C683624,st_struct_pedestal/69402,building/50218
ug_route/169310,OSP:BUSP:C657663,st_struct_pedestal/70274,st_struct_buried_splice_location/2627
ug_route/169311,OSP:BUSP:C708312,st_struct_pedestal/68845,st_struct_pedestal/67957
ug_route/169312,OSP:BUSP:C650650,st_struct_pedestal/69597,building/49066
ug_route/169313,OSP:BUSP:C657666,st_struct_buried_splice_location/2627,st_struct_buried_splice_location/2734
ug_route/169314,OSP:BUSP:C662323,st_struct_pedestal/67188,mywcom_route_junction/21222
ug_route/169315,OSP:BUSP:C708076,st_struct_pedestal/68510,st_struct_pedestal/70143
ug_route/169316,OSP:BUSP:C656159,st_struct_pedestal/68251,st_struct_pedestal/68379
ug_route/169317,OSP:BUSP:C668922,st_struct_buried_splice_location/2666,st_struct_buried_splice_location/2653
ug_route/169318,OSP:BUSP:C705356,st_struct_pedestal/68369,st_struct_pedestal/70435
ug_route/169319,OSP:BUSP::7941253,building/50218,st_struct_pedestal/67097
ug_route/169320,OSP:BUSP:C654887,st_struct_pedestal/67438,mywcom_route_junction/21961
ug_route/169321,OSP:BUSP:C683560,st_struct_buried_splice_location/2624,st_struct_buried_splice_location/2614
ug_route/169322,OSP:BUSP:C656566,st_struct_buried_splice_location/2735,st_struct_buried_splice_location/2606
ug_route/169323,OSP:BUSP:C704898,building/50325,st_struct_buried_splice_location/2679
ug_route/169324,OSP:BUSP:C657305,st_struct_pedestal/69399,st_struct_pedestal/69068
ug_route/169325,OSP:BUSP:C705462,mywcom_route_junction/21879,mywcom_route_junction/21589
ug_route/169326,OSP:BUSP:C651182,st_struct_pedestal/67124,st_struct_pedestal/70718
ug_route/169327,OSP:BUSP:C705840,st_struct_pedestal/69445,mywcom_route_junction/21379
ug_route/169328,OSP:BUSP:C647390,st_struct_pedestal/70267,st_struct_pedestal/67630
ug_route/169329,OSP:BUSP:C710164,building/50218,mywcom_route_junction/21818
ug_route/169330,OSP:BUSP:C668816,st_struct_pedestal/69188,st_struct_buried_splice_location/2690
ug_route/169331,OSP:BUSP::7613894,st_struct_pedestal/70837,mywcom_route_junction/21325
ug_route/169332,OSP:BUSP:C704892,st_struct_pedestal/67630,st_struct_pedestal/70267
ug_route/169333,OSP:BUSP:C711872,mywcom_route_junction/21592,st_struct_pedestal/70844
ug_route/169334,OSP:BUSP:C711920,st_struct_pedestal/67310,st_struct_pedestal/68531
ug_route/169335,OSP:BUSP::7611822,st_struct_buried_splice_location/2735,st_struct_buried_splice_location/2753
ug_route/169336,OSP:BUSP:C683641,building/50218,st_struct_buried_splice_location/2687
ug_route/169337,OSP:BUSP::7616452,st_struct_buried_splice_location/2744,st_struct_buried_splice_location/2755
ug_route/169338,OSP:BUSP:C706167,st_struct_buried_splice_location/2642,st_struct_buried_splice_location/2744
ug_route/169339,OSP:BUSP:C647430,st_struct_pedestal/70646,building/51071
ug_route/169340,OSP:BUSP::7611817,st_struct_pedestal/70836,st_struct_pedestal/68961
ug_route/169341,OSP:BUSP:C711892,st_struct_pedestal/68422,st_struct_pedestal/70577
ug_route/169342,OSP:BUSP:C656695,st_struct_pedestal/69445,st_struct_buried_splice_location/2606
ug_route/169343,OSP:BUSP:C709241,st_struct_buried_splice_location/2701,mywcom_route_junction/21004
ug_route/169344,OSP:BUSP:C708086,mywcom_route_junction/21406,mywcom_route_junction/21280
ug_route/169345,OSP:BUSP:C707580,st_struct_pedestal/67568,st_struct_buried_splice_location/2716
ug_route/169346,OSP:BUSP:C706163,st_struct_pedestal/70274,st_struct_buried_splice_location/2621
ug_route/169347,OSP:BUSP::16838036,st_struct_pedestal/70526,st_struct_pedestal/70842
ug_route/169348,OSP:BUSP:C707584,st_struct_pedestal/67568,st_struct_buried_splice_location/2752
ug_route/169349,OSP:BUSP::8608467,st_struct_pedestal/67458,st_struct_pedestal/69188
ug_route/169350,OSP:BUSP:C648492,st_struct_pedestal/70696,st_struct_pedestal/68369
ug_route/169351,OSP:BUSP:C711934,st_struct_pedestal/67652,mywcom_route_junction/21421
ug_route/169352,OSP:BUSP:C711903,st_struct_pedestal/70577,st_struct_pedestal/67652
ug_route/169353,OSP:BUSP:C650873,st_struct_pedestal/70435,st_struct_pedestal/67458
ug_route/169354,OSP:BUSP::7611818,st_struct_pedestal/70696,st_struct_pedestal/68961
ug_route/169355,OSP:BUSP:C657689,st_struct_pedestal/67578,st_struct_buried_splice_location/2749
ug_route/169356,OSP:BUSP:C708320,st_struct_pedestal/67957,st_struct_pedestal/70526
ug_route/169357,OSP:BUSP:C706139,st_struct_buried_splice_location/2749,st_struct_pedestal/70274
ug_route/169358,OSP:BUSP:C683642,st_struct_pedestal/69188,building/50218
ug_route/169359,OSP:BUSP:C683526,building/50218,st_struct_pedestal/70529
ug_route/169360,OSP:BUSP:C709576,st_struct_buried_splice_location/2624,st_struct_buried_splice_location/2716
ug_route/169361,OSP:BUSP:C683678,st_struct_pedestal/68845,st_struct_pedestal/67625
ug_route/169362,OSP:BUSP:C704896,st_struct_pedestal/67578,st_struct_buried_splice_location/2679
ug_route/169363,OSP:BUSP:C683602,building/50218,st_struct_buried_splice_location/2741
ug_route/169364,OSP:BUSP:C657702,st_struct_buried_splice_location/2734,st_struct_buried_splice_location/2741
ug_route/169365,OSP:BUSP::7616454,mywcom_route_junction/21391,mywcom_route_junction/22034
ug_route/169366,OSP:BUSP:C708943,mywcom_route_junction/22032,building/49183
ug_route/169367,OSP:BUSP:C708190,building/50218,building/49183
ug_route/169368,OSP:BUSP:C710446,mywcom_route_junction/21407,mywcom_route_junction/21724
ug_route/169369,OSP:BUSP::17063959,mywcom_route_junction/21847,mywcom_route_junction/22035
ug_route/169370,OSP:BUSP::17063958,mywcom_route_junction/21616,mywcom_route_junction/21847
ug_route/169371,OSP:FBSP::12951604,building/49063,building/48788
