id,name,in_structure,out_structure
ug_route/211844,OSP:FBSP:C663632,st_struct_pedestal/90649,building/67108
ug_route/212049,OSP:FBSP:C705570,mywcom_route_junction/27363,building/68805
ug_route/212813,OSP:FBSP:C643175,mywcom_route_junction/27174,st_struct_pedestal/92476
ug_route/212814,OSP:FBSP:C705593,mywcom_route_junction/27735,mywcom_route_junction/27417
ug_route/212899,OSP:FBSP:C651597,mywcom_route_junction/28097,st_struct_pedestal/93416
ug_route/213211,OSP:FBSP:C643485,st_struct_pedestal/93680,st_struct_pedestal/94309
ug_route/213212,OSP:FBSP:C710172,st_struct_pedestal/91178,mywcom_route_junction/27519
ug_route/213327,OSP:FBSP:C645975,st_struct_pedestal/91724,st_struct_pedestal/92422
ug_route/213358,OSP:FBSP:C644248,st_struct_pedestal/92190,st_struct_pedestal/92518
ug_route/213498,OSP:FBSP:C671108,st_struct_pedestal/92412,building/68010
ug_route/214173,OSP:FBSP:C651585,st_struct_pedestal/93466,st_struct_pedestal/91758
ug_route/214202,OSP:FBSP:C644427,st_struct_pedestal/92145,st_struct_pedestal/91443
ug_route/214480,OSP:FBSP:C706375,st_struct_pedestal/92518,st_struct_pedestal/92827
ug_route/214733,OSP:FBSP:C651643,st_struct_pedestal/91040,st_struct_pedestal/94278
ug_route/215754,OSP:FBSP:C662695,st_struct_pedestal/90548,building/68755
ug_route/211404,OSP:BUSP::9451390,mywcom_route_junction/28203,st_struct_pedestal/93951
ug_route/211405,OSP:BUSP::9452065,mywcom_route_junction/28229,st_struct_pedestal/94284
ug_route/211406,OSP:BUSP::9450458,mywcom_route_junction/28009,st_struct_pedestal/92945
ug_route/211383,OSP:CHOLE::13781188,st_struct_vault/2753,mywcom_route_junction/27987
ug_route/211384,OSP:CHOLE::14268404,st_struct_vault/2752,mywcom_route_junction/28036
ug_route/211385,OSP:BUSP:C648397,mywcom_route_junction/27198,st_struct_pedestal/93955
ug_route/211386,OSP:FBSP::13713525,pole/52322,mywcom_route_junction/27995
ug_route/211387,OSP:FBSP::12389060,st_struct_pedestal/92756,mywcom_route_junction/28042
ug_route/211388,OSP:FBSP::12051791,mywcom_route_junction/28209,mywcom_route_junction/27355
ug_route/211389,OSP:BUSP::9498766,mywcom_route_junction/27571,st_struct_pedestal/91628
ug_route/211390,OSP:BUSP::9440504,mywcom_route_junction/27928,st_struct_pedestal/94210
ug_route/211391,OSP:CHOLE::10695867,st_struct_vault/2761,mywcom_route_junction/28156
ug_route/211392,OSP:BUSP::9499399,mywcom_route_junction/28128,st_struct_pedestal/93353
ug_route/211393,OSP:BUSP::9525948,mywcom_route_junction/27613,cabinet/2840
ug_route/211394,OSP:FBSP:C708420,st_struct_buried_splice_location/3906,st_struct_pedestal/94177
ug_route/211395,OSP:BUSP::9450741,mywcom_route_junction/27478,st_struct_pedestal/91842
ug_route/211396,OSP:BUSP::9451386,mywcom_route_junction/28107,st_struct_pedestal/92273
ug_route/211397,OSP:BUSP::9451799,mywcom_route_junction/27427,st_struct_pedestal/92994
ug_route/211398,OSP:BUSP::9451810,mywcom_route_junction/28056,st_struct_pedestal/91124
ug_route/211399,OSP:BUSP::9451802,mywcom_route_junction/28175,st_struct_pedestal/92041
ug_route/211400,OSP:BUSP::9450431,mywcom_route_junction/28146,st_struct_pedestal/94113
ug_route/211401,OSP:BUSP::9451383,mywcom_route_junction/27514,st_struct_pedestal/91790
ug_route/211402,OSP:BUSP::9452062,mywcom_route_junction/27173,st_struct_pedestal/91894
ug_route/211403,OSP:BUSP::9452056,mywcom_route_junction/27252,st_struct_pedestal/94183
ug_route/211407,OSP:BUSP::9450747,mywcom_route_junction/27210,st_struct_pedestal/93737
ug_route/211408,OSP:BUSP::9451075,mywcom_route_junction/27533,st_struct_pedestal/93470
ug_route/211409,OSP:BUSP::9450463,mywcom_route_junction/27819,st_struct_pedestal/90672
ug_route/211410,OSP:BUSP::9450746,mywcom_route_junction/27655,st_struct_pedestal/93113
ug_route/211411,OSP:BUSP::9451805,mywcom_route_junction/27184,st_struct_pedestal/90959
ug_route/211412,OSP:BUSP::9452059,mywcom_route_junction/27997,st_struct_pedestal/93955
ug_route/211413,OSP:BUSP::9450464,mywcom_route_junction/27849,st_struct_pedestal/91910
ug_route/211414,OSP:BUSP::9275655,mywcom_route_junction/28103,st_struct_pedestal/93064
ug_route/211415,OSP:BUSP::9450744,mywcom_route_junction/27655,mywcom_route_junction/27210
ug_route/211416,OSP:BUSP::13020514,st_struct_pedestal/94299,mywcom_route_junction/27890
ug_route/211417,OSP:BUSP::9469353,mywcom_route_junction/27153,st_struct_pedestal/90729
ug_route/211418,OSP:FBSP::12051789,st_struct_pedestal/92072,mywcom_route_junction/28209
ug_route/211419,OSP:BUSP::9455558,mywcom_route_junction/27848,st_struct_pedestal/90967
ug_route/211420,OSP:BUSP::10069940,st_struct_pedestal/93496,st_struct_pedestal/90773
ug_route/211421,OSP:FBSP::12051790,mywcom_route_junction/28209,st_struct_pedestal/91211
ug_route/211422,OSP:CHOLE::12078037,st_struct_vault/2722,mywcom_route_junction/27980
ug_route/211423,OSP:CHOLE::13781189,st_struct_vault/2716,mywcom_route_junction/27102
ug_route/211424,OSP:BUSP::9450427,mywcom_route_junction/27459,st_struct_pedestal/92508
ug_route/211425,OSP:BUSP:C645706,mywcom_route_junction/27139,st_struct_pedestal/94302
ug_route/211426,OSP:CHOLE::16958664,st_struct_vault/2763,mywcom_route_junction/27467
ug_route/211427,OSP:CHOLE::16958671,st_struct_vault/2763,mywcom_route_junction/27439
ug_route/211428,OSP:CHOLE::12440284,st_struct_vault/2768,mywcom_route_junction/27426
ug_route/211429,OSP:BUSP::9530109,cabinet/2761,st_struct_pedestal/91545
ug_route/211430,OSP:BUSP:C658279,st_struct_pedestal/93456,pole/52692
ug_route/211431,OSP:FBSP:C652873,mywcom_route_junction/28189,building/66322
ug_route/211432,OSP:FBSP::13684420,st_struct_pedestal/91249,building/68383
ug_route/211433,OSP:FBSP:C663376,mywcom_route_junction/28163,st_struct_pedestal/93858
ug_route/211434,OSP:CHOLE::13917047,mywcom_route_junction/27651,st_struct_vault/2769
ug_route/211435,OSP:FBSP::12079013,st_struct_pedestal/93509,st_struct_pedestal/93761
ug_route/211436,OSP:BUSP::9503223,st_struct_pedestal/91225,mywcom_route_junction/27293
ug_route/211437,OSP:CHOLE::16960915,st_struct_vault/2716,mywcom_route_junction/28136
ug_route/211438,OSP:CHOLE::16958663,st_struct_vault/2763,mywcom_route_junction/27694
ug_route/211439,OSP:CHOLE::13917048,mywcom_route_junction/27651,st_struct_vault/2769
ug_route/211440,OSP:CHOLE::12440287,st_struct_vault/2746,mywcom_route_junction/27976
ug_route/211441,OSP:BUSP::9500035,st_struct_pedestal/92010,mywcom_route_junction/27265
ug_route/211442,OSP:CHOLE::12440281,st_struct_vault/2721,mywcom_route_junction/27395
ug_route/211443,OSP:BUSP::9500348,st_struct_pedestal/94160,mywcom_route_junction/27209
ug_route/211444,OSP:BUSP::9501954,mywcom_route_junction/27870,st_struct_pedestal/93261
ug_route/211445,OSP:BUSP::9503220,mywcom_route_junction/27282,st_struct_pedestal/92778
ug_route/211446,OSP:CHOLE::16943302,st_struct_vault/2746,mywcom_route_junction/27889
ug_route/211447,OSP:BUSP::9499073,st_struct_pedestal/93638,mywcom_route_junction/28211
ug_route/211448,OSP:FBSP:C706992,mywcom_route_junction/27736,building/67113
ug_route/211449,OSP:FBSP:C706990,mywcom_route_junction/27989,building/66798
ug_route/211450,OSP:BUSP::9500021,mywcom_route_junction/27230,st_struct_pedestal/93419
ug_route/211451,OSP:FBSP:C706966,mywcom_route_junction/27159,building/68663
ug_route/211452,OSP:FBSP:C706989,mywcom_route_junction/27862,building/67393
ug_route/211453,OSP:BUSP::9501987,st_struct_pedestal/93306,mywcom_route_junction/27456
ug_route/211454,OSP:BUSP::9501951,st_struct_pedestal/91629,mywcom_route_junction/27327
ug_route/211455,OSP:BUSP::9501957,mywcom_route_junction/27204,st_struct_pedestal/91763
ug_route/211456,OSP:BUSP::9500024,mywcom_route_junction/28117,st_struct_pedestal/90920
ug_route/211457,OSP:BUSP:C648401,mywcom_route_junction/27563,mywcom_route_junction/27198
ug_route/211458,OSP:FBSP:C706962,mywcom_route_junction/27706,building/66769
ug_route/211459,OSP:BUSP::9498769,st_struct_pedestal/91761,mywcom_route_junction/27189
ug_route/211460,OSP:FBSP::16786568,mywcom_route_junction/28034,building/66138
ug_route/211461,OSP:BUSP::9499390,st_struct_pedestal/91246,mywcom_route_junction/27205
ug_route/211462,OSP:BUSP::9500340,mywcom_route_junction/27925,st_struct_pedestal/94206
ug_route/211463,OSP:BUSP::9501950,mywcom_route_junction/27749,st_struct_pedestal/91490
ug_route/211464,OSP:BUSP::9502276,st_struct_pedestal/93783,mywcom_route_junction/27748
ug_route/211465,OSP:BUSP::9500027,mywcom_route_junction/27698,st_struct_pedestal/91503
ug_route/211466,OSP:BUSP::9501969,mywcom_route_junction/28071,st_struct_pedestal/92210
ug_route/211467,OSP:BUSP::9500351,mywcom_route_junction/27847,st_struct_pedestal/94223
ug_route/211468,OSP:BUSP::9498761,st_struct_pedestal/92694,mywcom_route_junction/27700
ug_route/211469,OSP:BUSP::8435652,mywcom_route_junction/27179,mywcom_route_junction/27283
ug_route/211470,OSP:CHOLE::12440959,st_struct_vault/2723,mywcom_route_junction/27799
ug_route/211471,OSP:CHOLE::11065236,st_struct_vault/2716,mywcom_route_junction/28154
ug_route/211472,OSP:BUSP::9500354,mywcom_route_junction/27412,st_struct_pedestal/91688
ug_route/211473,OSP:BUSP::8345412,st_struct_pedestal/90547,mywcom_route_junction/27098
ug_route/211474,OSP:BUSP::13712580,mywcom_route_junction/27987,st_struct_vault/2752
ug_route/211475,OSP:BUSP::9501946,mywcom_route_junction/27602,st_struct_pedestal/91948
ug_route/211476,OSP:BUSP::13675147,st_struct_pedestal/91426,mywcom_route_junction/27583
ug_route/211477,OSP:BUSP::8447502,mywcom_route_junction/27978,building/68390
ug_route/211478,OSP:CHOLE::12449261,st_struct_vault/2769,mywcom_route_junction/27765
ug_route/211479,OSP:BUSP::8189722,pole/53700,st_struct_pedestal/91756
ug_route/211480,OSP:FBSP::12051909,st_struct_pedestal/91282,st_struct_pedestal/91815
ug_route/211481,OSP:BUSP::16795217,mywcom_route_junction/27307,mywcom_route_junction/27189
ug_route/211482,OSP:FBSP::13672926,mywcom_route_junction/27510,mywcom_route_junction/27171
ug_route/211483,OSP:BUSP:C667329,st_struct_pedestal/93383,st_struct_pedestal/93135
ug_route/211484,OSP:BUSP:C689275,st_struct_pedestal/91411,mywcom_route_junction/27526
ug_route/211485,OSP:BUSP::9499411,mywcom_route_junction/27253,st_struct_pedestal/93969
ug_route/211486,OSP:BUSP::11087285,cabinet/2814,tower/614
ug_route/211487,OSP:BUSP::16769860,mywcom_route_junction/27623,st_struct_pedestal/91736
ug_route/211488,OSP:BUSP::8950852,st_struct_pedestal/91573,mywcom_route_junction/27853
ug_route/211489,OSP:BUSP::9499402,st_struct_pedestal/91926,mywcom_route_junction/27472
ug_route/211490,OSP:BUSP::9499408,mywcom_route_junction/27653,st_struct_pedestal/93706
ug_route/211491,OSP:BUSP::9534904,st_struct_pedestal/91270,st_struct_pedestal/92595
ug_route/211492,OSP:BUSP::9498756,st_struct_pedestal/93042,cabinet/2818
ug_route/211493,OSP:FBSP::14275499,st_struct_pedestal/93949,building/67447
ug_route/211494,OSP:BUSP::9279173,st_struct_pedestal/91038,st_struct_pedestal/91989
ug_route/211495,OSP:FBSP::8587983,mywcom_route_junction/27442,building/66828
ug_route/211496,OSP:BUSP::16060404,st_struct_pedestal/92396,pole/53057
ug_route/211497,OSP:CHOLE::13917049,mywcom_route_junction/28043,st_struct_vault/2769
ug_route/211498,OSP:BUSP::9430937,st_struct_pedestal/92648,st_struct_pedestal/92636
ug_route/211499,OSP:BUSP:C644521,pole/53629,cabinet/2769
ug_route/211500,OSP:FORSP:C645972,mywcom_route_junction/27408,pole/53996
ug_route/211501,OSP:BUSP::9502279,mywcom_route_junction/27789,st_struct_pedestal/90786
ug_route/211502,OSP:FBSP:C711665,mywcom_route_junction/27839,building/68296
ug_route/211503,OSP:BUSP::9499405,mywcom_route_junction/27407,st_struct_pedestal/92597
ug_route/211504,OSP:FBSP:C654064,building/67582,building/68766
ug_route/211505,OSP:FBSP::16783383,st_struct_pedestal/93142,st_struct_pedestal/94003
ug_route/211506,OSP:FBSP::16785176,st_struct_pedestal/91453,st_struct_pedestal/92667
ug_route/211507,OSP:FBSP::16784335,st_struct_pedestal/93289,st_struct_pedestal/91227
ug_route/211508,OSP:CHOLE::16953227,st_struct_vault/2757,mywcom_route_junction/27898
ug_route/211509,OSP:BUSP:C711680,st_struct_pedestal/92632,mywcom_route_junction/27787
ug_route/211510,OSP:BUSP:C711745,mywcom_route_junction/27787,st_struct_pedestal/92632
ug_route/211511,OSP:BUSP::9206867,mywcom_route_junction/27364,st_struct_pedestal/94271
ug_route/211512,OSP:FBSP::10639880,mywcom_route_junction/27671,st_struct_pedestal/91366
ug_route/211513,OSP:BUSP::15996432,st_struct_pedestal/93697,st_struct_pedestal/94304
ug_route/211514,OSP:FBSP::10638770,mywcom_route_junction/27802,st_struct_pedestal/93451
ug_route/211515,OSP:FBSP:C711668,mywcom_route_junction/27577,building/66219
ug_route/211516,OSP:BUSP::10682804,cabinet/2809,cabinet/2812
ug_route/211517,OSP:BUSP:C641709,pole/52591,st_struct_pedestal/91839
ug_route/211518,OSP:BUSP::13453701,st_struct_pedestal/92366,st_struct_pedestal/92642
ug_route/211519,OSP:BUSP::9452052,pole/53700,st_struct_pedestal/91756
ug_route/211520,OSP:FORSP::13702967,mywcom_route_junction/28218,mywcom_route_junction/27695
ug_route/211521,OSP:FBSP::8415504,mywcom_route_junction/28068,st_struct_pedestal/90799
ug_route/211522,OSP:FBSP::10638817,mywcom_route_junction/28174,st_struct_pedestal/93130
ug_route/211523,OSP:BUSP:C647413,st_struct_pedestal/94302,st_struct_pedestal/94082
ug_route/211524,OSP:BUSP::9505786,st_struct_pedestal/91546,mywcom_route_junction/27836
ug_route/211525,OSP:FBSP::8950870,cabinet/2857,mywcom_route_junction/27734
ug_route/211526,OSP:BUSP::10271223,st_struct_pedestal/92668,mywcom_route_junction/28146
ug_route/211527,OSP:BUSP::9441157,st_struct_pedestal/93858,mywcom_route_junction/28134
ug_route/211528,OSP:FBSP::8587982,mywcom_route_junction/27442,building/66565
ug_route/211529,OSP:BUSP::8906397,pole/53629,cabinet/2769
ug_route/211530,OSP:FBSP::13705205,st_struct_pedestal/93171,st_struct_vault/2711
ug_route/211531,OSP:BUSP::9460122,st_struct_pedestal/92313,st_struct_pedestal/90739
ug_route/211532,OSP:BUSP::9421302,pole/52591,st_struct_pedestal/91839
ug_route/211533,OSP:FBSP:C639518,st_struct_pedestal/91279,st_struct_pedestal/93480
ug_route/211534,OSP:BUSP::9523381,mywcom_route_junction/27613,st_struct_pedestal/93383
ug_route/211535,OSP:BUSP:C645965,mywcom_route_junction/27318,st_struct_pedestal/92245
ug_route/211536,OSP:BUSP::9525949,st_struct_pedestal/93383,st_struct_pedestal/93135
ug_route/211537,OSP:FORSP::16961863,st_struct_vault/2722,mywcom_route_junction/27560
ug_route/211538,OSP:FBSP:C710761,mywcom_route_junction/27546,building/68026
ug_route/211539,OSP:FBSP::10638807,mywcom_route_junction/27661,st_struct_pedestal/92673
ug_route/211540,OSP:BUSP:C651782,st_struct_pedestal/91691,mywcom_route_junction/27741
ug_route/211541,OSP:BUSP::8369744,st_struct_pedestal/91626,mywcom_route_junction/28183
ug_route/211542,OSP:FBSP::11793478,st_struct_pedestal/92452,building/66426
ug_route/211543,OSP:FBSP::15352916,pole/53666,st_struct_pedestal/91998
ug_route/211544,OSP:BUSP::16057527,mywcom_route_junction/27540,building/66183
ug_route/211545,OSP:BUSP::11474151,mywcom_route_junction/27835,st_struct_pedestal/91495
ug_route/211546,OSP:BUSP::10757301,mywcom_route_junction/28193,building/68826
ug_route/211547,OSP:FBSP::12053051,mywcom_route_junction/27465,mywcom_route_junction/27429
ug_route/211548,OSP:FBSP::12051825,st_struct_pedestal/92243,mywcom_route_junction/27679
ug_route/211549,OSP:BUSP::9492031,cabinet/2773,pole/52636
ug_route/211550,OSP:BUSP::9502282,st_struct_pedestal/94181,mywcom_route_junction/27211
ug_route/211551,OSP:BUSP::17083508,st_struct_pedestal/90848,st_struct_pedestal/91267
ug_route/211552,OSP:BUSP::16040250,mywcom_route_junction/27666,st_struct_pedestal/93182
ug_route/211553,OSP:FBSP::12052126,mywcom_route_junction/27216,mywcom_route_junction/27918
ug_route/211554,OSP:BUSP::9430941,st_struct_pedestal/92648,st_struct_pedestal/92636
ug_route/211555,OSP:FBSP::13885369,mywcom_route_junction/27967,mywcom_route_junction/27311
ug_route/211556,OSP:BUSP::9430925,mywcom_route_junction/27383,st_struct_pedestal/93302
ug_route/211557,OSP:BUSP::9502291,st_struct_pedestal/93624,mywcom_route_junction/27691
ug_route/211558,OSP:FBSP::13402183,st_struct_pedestal/93030,st_struct_pedestal/93167
ug_route/211559,OSP:BUSP::8447492,st_struct_pedestal/92580,pole/52550
ug_route/211560,OSP:FBSP::16785175,cabinet/2806,st_struct_pedestal/92713
ug_route/211561,OSP:FBSP::7629277,pole/53028,st_struct_pedestal/91671
ug_route/211562,OSP:BUSP::9502288,st_struct_pedestal/93787,mywcom_route_junction/28176
ug_route/211563,OSP:BUSP::8366860,mywcom_route_junction/27374,mywcom_route_junction/27864
ug_route/211564,OSP:BUSP:C644354,mywcom_route_junction/27641,st_struct_pedestal/92505
ug_route/211565,OSP:FBSP::10675445,st_struct_pedestal/93114,st_struct_pedestal/91110
ug_route/211566,OSP:BUSP:C671220,st_struct_pedestal/91352,st_struct_pedestal/93989
ug_route/211567,OSP:BUSP::11512510,st_struct_pedestal/91875,pole/52719
ug_route/211568,OSP:BUSP::16040253,mywcom_route_junction/27893,st_struct_pedestal/91924
ug_route/211569,OSP:BUSP::8399185,cabinet/2782,st_struct_pedestal/92068
ug_route/211570,OSP:BUSP::8402101,pole/52555,cabinet/2767
ug_route/211571,OSP:BUSP::8447507,mywcom_route_junction/27914,building/66102
ug_route/211572,OSP:FBSP::8415506,mywcom_route_junction/27817,st_struct_pedestal/90617
ug_route/211573,OSP:BUSP::9502285,st_struct_pedestal/93375,mywcom_route_junction/28192
ug_route/211574,OSP:BUSP::16040248,mywcom_route_junction/27740,st_struct_pedestal/92927
ug_route/211575,OSP:BUSP::9504190,st_struct_pedestal/94082,st_struct_pedestal/94302
ug_route/211576,OSP:BUSP:C639813,st_struct_pedestal/92326,st_struct_pedestal/93844
ug_route/211577,OSP:FBSP::12069031,mywcom_route_junction/27931,mywcom_route_junction/27659
ug_route/211578,OSP:BUSP::16783623,mywcom_route_junction/27856,mywcom_route_junction/28159
ug_route/211579,OSP:BUSP:C667692,st_struct_pedestal/92184,pole/53052
ug_route/211580,OSP:BUSP:C706006,pole/52537,mywcom_route_junction/27868
ug_route/211581,OSP:FBSP::8415812,mywcom_route_junction/28079,st_struct_pedestal/92868
ug_route/211582,OSP:BUSP::8394708,pole/54547,cabinet/2821
ug_route/211583,OSP:FBSP::8415502,st_struct_pedestal/93878,mywcom_route_junction/27135
ug_route/211584,OSP:FBSP::8415814,mywcom_route_junction/28084,st_struct_pedestal/93023
ug_route/211585,OSP:BUSP::12034972,mywcom_route_junction/27502,mywcom_route_junction/28120
ug_route/211586,OSP:FBSP:C667226,mywcom_route_junction/28024,st_struct_pedestal/93407
ug_route/211587,OSP:BUSP::8484308,st_struct_pedestal/93991,cabinet/2760
ug_route/211588,OSP:BUSP::8394710,pole/52505,cabinet/2791
ug_route/211589,OSP:BUSP::16023605,pole/53540,st_struct_pedestal/93571
ug_route/211590,OSP:BUSP:C706380,st_struct_pedestal/92505,st_struct_pedestal/93521
ug_route/211591,OSP:BUSP:C711513,pole/53540,st_struct_pedestal/93571
ug_route/211592,OSP:BUSP:C705114,st_struct_pedestal/90904,st_struct_pedestal/93267
ug_route/211593,OSP:BUSP::8439827,st_struct_pedestal/91439,pole/52800
ug_route/211594,OSP:BUSP::9016146,st_struct_pedestal/92939,mywcom_route_junction/27382
ug_route/211595,OSP:BUSP::16040564,mywcom_route_junction/27712,st_struct_pedestal/91272
ug_route/211596,OSP:BUSP::16040246,mywcom_route_junction/27095,st_struct_pedestal/91171
ug_route/211597,OSP:BUSP::9455557,mywcom_route_junction/27848,st_struct_pedestal/93061
ug_route/211598,OSP:BUSP::12035116,mywcom_route_junction/27805,st_struct_buried_splice_location/3946
ug_route/211599,OSP:BUSP::16776387,mywcom_route_junction/27454,st_struct_pedestal/93174
ug_route/211600,OSP:FBSP:C706991,mywcom_route_junction/27627,mywcom_route_junction/27736
ug_route/211601,OSP:BUSP::9354740,st_struct_pedestal/92906,st_struct_pedestal/93285
ug_route/211602,OSP:BUSP::10916660,cabinet/2774,st_struct_pedestal/92632
ug_route/211603,OSP:FBSP:C642393,st_struct_pedestal/93257,st_struct_pedestal/93054
ug_route/211604,OSP:BUSP::9531705,cabinet/2806,st_struct_pedestal/92713
ug_route/211605,OSP:BUSP:C711657,st_struct_pedestal/90625,pole/53436
ug_route/211606,OSP:BUSP::13020515,mywcom_route_junction/27890,mywcom_route_junction/27899
ug_route/211607,OSP:FBSP::11670596,st_struct_pedestal/91799,building/68358
ug_route/211608,OSP:BUSP::13020612,st_struct_pedestal/91544,mywcom_route_junction/27890
ug_route/211609,OSP:FORSP::16955881,st_struct_vault/2760,mywcom_route_junction/27717
ug_route/211610,OSP:BUSP::9509330,mywcom_route_junction/27387,mywcom_route_junction/27470
ug_route/211611,OSP:BUSP::8399186,st_struct_pedestal/92068,st_struct_pedestal/92898
ug_route/211612,OSP:BUSP::8396955,pole/54366,cabinet/2792
ug_route/211613,OSP:BUSP::10672821,mywcom_route_junction/27358,st_struct_pedestal/91078
ug_route/211614,OSP:FBSP::16900916,st_struct_pedestal/91550,building/68634
ug_route/211615,OSP:BUSP::12343333,pole/53358,st_struct_pedestal/91590
ug_route/211616,OSP:BUSP::9490783,st_struct_pedestal/91279,mywcom_route_junction/27224
ug_route/211617,OSP:BUSP::8394709,pole/53325,cabinet/2811
ug_route/211618,OSP:FBSP:C643019,mywcom_route_junction/27157,st_struct_pedestal/93302
ug_route/211619,OSP:BUSP::9505141,st_struct_pedestal/93692,st_struct_pedestal/91279
ug_route/211620,OSP:CHOLE::16954184,st_struct_vault/2779,mywcom_route_junction/27242
ug_route/211621,OSP:FBSP:C711685,mywcom_route_junction/27826,mywcom_route_junction/27649
ug_route/211622,OSP:BUSP::16057235,st_struct_pedestal/92926,building/66707
ug_route/211623,OSP:BUSP::8402102,pole/53936,cabinet/2831
ug_route/211624,OSP:BUSP::8402100,pole/54022,cabinet/2843
ug_route/211625,OSP:FBSP:C667745,st_struct_pedestal/91872,building/68464
ug_route/211626,OSP:BUSP::8396950,pole/53465,cabinet/2802
ug_route/211627,OSP:FBSP::12188405,st_struct_pedestal/92754,building/68712
ug_route/211628,OSP:BUSP::16040278,mywcom_route_junction/27559,mywcom_route_junction/27953
ug_route/211629,OSP:BUSP::8396949,pole/53205,cabinet/2805
ug_route/211630,OSP:FBSP::13098318,st_struct_pedestal/91089,mywcom_route_junction/28042
ug_route/211631,OSP:FBSP::12052124,mywcom_route_junction/27918,st_struct_pedestal/92752
ug_route/211632,OSP:FORSP:D8183763,st_struct_vault/2722,mywcom_route_junction/27461
ug_route/211633,OSP:BUSP::9441159,mywcom_route_junction/28134,st_struct_pedestal/91080
ug_route/211634,OSP:BUSP:C644714,st_struct_pedestal/91402,pole/53453
ug_route/211635,OSP:BUSP:C649885,st_struct_pedestal/91502,st_struct_pedestal/92258
ug_route/211636,OSP:BUSP::8415495,st_struct_pedestal/92779,cabinet/2754
ug_route/211637,OSP:BUSP::16040258,mywcom_route_junction/28018,building/68461
ug_route/211638,OSP:BUSP::11474147,mywcom_route_junction/27445,st_struct_pedestal/94162
ug_route/211639,OSP:BUSP::12034970,mywcom_route_junction/27502,mywcom_route_junction/27702
ug_route/211640,OSP:BUSP::9490781,mywcom_route_junction/27308,st_struct_pedestal/93844
ug_route/211641,OSP:CHOLE::16954186,st_struct_vault/2779,mywcom_route_junction/27242
ug_route/211642,OSP:BUSP:C657711,mywcom_route_junction/27229,st_struct_pedestal/93779
ug_route/211643,OSP:BUSP:C654088,mywcom_route_junction/28049,st_struct_buried_splice_location/3881
ug_route/211644,OSP:FBSP::12069029,st_struct_pedestal/93717,mywcom_route_junction/27931
ug_route/211645,OSP:BUSP:C646151,mywcom_route_junction/27332,st_struct_pedestal/92672
ug_route/211646,OSP:BUSP:C660141,st_struct_pedestal/92068,st_struct_pedestal/92898
ug_route/211647,OSP:BUSP:C707095,cabinet/2766,mywcom_route_junction/27523
ug_route/211648,OSP:FBSP::10638583,st_struct_pedestal/93006,building/67878
ug_route/211649,OSP:BUSP::8906055,st_struct_pedestal/91636,mywcom_route_junction/28054
ug_route/211650,OSP:FBSP::12053037,mywcom_route_junction/27883,building/68811
ug_route/211651,OSP:BUSP:C707667,pole/53924,mywcom_route_junction/27471
ug_route/211652,OSP:BUSP:C651828,st_struct_pedestal/92411,st_struct_pedestal/91493
ug_route/211653,OSP:BUSP:C649753,pole/53658,st_struct_pedestal/93297
ug_route/211654,OSP:BUSP::9504192,st_struct_pedestal/92505,st_struct_pedestal/93521
ug_route/211655,OSP:BUSP::7625137,st_struct_pedestal/92333,pole/52623
ug_route/211656,OSP:BUSP::8437283,cabinet/2830,pole/52695
ug_route/211657,OSP:BUSP::15073846,pole/54317,st_struct_pedestal/92170
ug_route/211658,OSP:FBSP:C705573,mywcom_route_junction/27711,building/67307
ug_route/211659,OSP:FBSP:C639799,st_struct_pedestal/91857,mywcom_route_junction/27871
ug_route/211660,OSP:FBSP::12440288,mywcom_route_junction/27976,st_struct_pedestal/90841
ug_route/211661,OSP:BUSP::16776404,st_struct_pedestal/92019,mywcom_route_junction/27141
ug_route/211662,OSP:BUSP:C656500,st_struct_pedestal/94271,pole/54231
ug_route/211663,OSP:FBSP::14203125,st_struct_pedestal/94322,st_struct_pedestal/93220
ug_route/211664,OSP:BUSP::10445302,mywcom_route_junction/28019,st_struct_pedestal/90609
ug_route/211665,OSP:BUSP:C711661,mywcom_route_junction/27940,st_struct_pedestal/93364
ug_route/211666,OSP:BUSP::11472522,st_struct_pedestal/92663,mywcom_route_junction/27945
ug_route/211667,OSP:FBSP::10878260,st_struct_pedestal/92901,st_struct_pedestal/90929
ug_route/211668,OSP:BUSP::8365261,mywcom_route_junction/28165,st_struct_pedestal/91582
ug_route/211669,OSP:BUSP::11512508,st_struct_pedestal/91875,st_struct_pedestal/92871
ug_route/211670,OSP:BUSP:C639763,st_struct_pedestal/93189,st_struct_pedestal/91690
ug_route/211671,OSP:FBSP::9332028,st_struct_pedestal/93221,st_struct_pedestal/91671
ug_route/211672,OSP:BUSP::11418740,st_struct_pedestal/93346,cabinet/2848
ug_route/211673,OSP:BUSP::9502947,mywcom_route_junction/28041,st_struct_pedestal/93407
ug_route/211674,OSP:FBSP::10638766,mywcom_route_junction/27998,mywcom_route_junction/28160
ug_route/211675,OSP:BUSP::16769918,st_struct_pedestal/93357,st_struct_pedestal/90966
ug_route/211676,OSP:BUSP::8447504,mywcom_route_junction/28228,building/67423
ug_route/211677,OSP:BUSP::8447505,mywcom_route_junction/28228,building/66745
ug_route/211678,OSP:BUSP::16771816,st_struct_pedestal/90770,building/68105
ug_route/211679,OSP:FBSP::12053031,mywcom_route_junction/28129,st_struct_pedestal/91574
ug_route/211680,OSP:BUSP:C706892,st_struct_pedestal/90550,pole/53089
ug_route/211681,OSP:FBSP:C639758,st_struct_pedestal/91258,st_struct_pedestal/91765
ug_route/211682,OSP:FBSP::12053041,st_struct_pedestal/91574,building/66920
ug_route/211683,OSP:BUSP::8447493,st_struct_pedestal/92580,pole/52550
ug_route/211684,OSP:BUSP:C707429,cabinet/2790,pole/52598
ug_route/211685,OSP:FBSP:C706963,mywcom_route_junction/27706,mywcom_route_junction/27905
ug_route/211686,OSP:BUSP::8416783,cabinet/2776,st_struct_pedestal/90650
ug_route/211687,OSP:BUSP::8402103,pole/54129,cabinet/2860
ug_route/211688,OSP:BUSP::16795218,st_struct_pedestal/93042,mywcom_route_junction/27856
ug_route/211689,OSP:BUSP::8449415,cabinet/2828,pole/52747
ug_route/211690,OSP:BUSP::10720525,mywcom_route_junction/27105,st_struct_pedestal/91691
ug_route/211691,OSP:BUSP:C663623,st_struct_buried_splice_location/3929,st_struct_pedestal/93946
ug_route/211692,OSP:BUSP::11191220,cabinet/2786,cabinet/2844
ug_route/211693,OSP:FBSP::12051914,st_struct_pedestal/91477,mywcom_route_junction/28050
ug_route/211694,OSP:BUSP::10720528,mywcom_route_junction/27105,mywcom_route_junction/27136
ug_route/211695,OSP:FBSP:C654061,building/67582,building/68153
ug_route/211696,OSP:BUSP::10682805,cabinet/2812,st_struct_pedestal/94269
ug_route/211697,OSP:BUSP::9271540,mywcom_route_junction/28080,st_struct_pedestal/93826
ug_route/211698,OSP:BUSP:C667726,st_struct_pedestal/91871,pole/52333
ug_route/211699,OSP:BUSP::8366858,cabinet/2848,st_struct_pedestal/92867
ug_route/211700,OSP:BUSP:C663631,st_struct_pedestal/93946,st_struct_buried_splice_location/3968
ug_route/211701,OSP:BUSP::8500294,mywcom_route_junction/27424,st_struct_pedestal/93873
ug_route/211702,OSP:BUSP:C649067,mywcom_route_junction/27502,mywcom_route_junction/27758
ug_route/211703,OSP:FBSP::12051992,mywcom_route_junction/28216,building/67172
ug_route/211704,OSP:FBSP::12051918,mywcom_route_junction/28073,building/68137
ug_route/211705,OSP:FBSP:C654010,building/66194,building/66887
ug_route/211706,OSP:FBSP::12051994,mywcom_route_junction/27930,building/68039
ug_route/211707,OSP:BUSP::8634715,st_struct_pedestal/94258,mywcom_route_junction/27993
ug_route/211708,OSP:FBSP::12051993,mywcom_route_junction/27402,building/68466
ug_route/211709,OSP:FBSP::12052094,building/67549,mywcom_route_junction/28130
ug_route/211710,OSP:BUSP::11470583,cabinet/2776,st_struct_pedestal/90650
ug_route/211711,OSP:BUSP::9496189,st_struct_pedestal/91938,mywcom_route_junction/27340
ug_route/211712,OSP:BUSP:C655453,st_struct_pedestal/93317,building/67316
ug_route/211713,OSP:FBSP::12052115,mywcom_route_junction/27206,mywcom_route_junction/27632
ug_route/211714,OSP:BUSP::8449414,pole/53632,cabinet/2828
ug_route/211715,OSP:BUSP:C658224,st_struct_pedestal/91693,building/67226
ug_route/211716,OSP:FBSP::12052095,building/67904,mywcom_route_junction/27381
ug_route/211717,OSP:FBSP:C653036,st_struct_pedestal/91630,building/67731
ug_route/211718,OSP:BUSP::9158231,mywcom_route_junction/27604,st_struct_pedestal/91592
ug_route/211719,OSP:CHOLE::16947464,st_struct_vault/2728,mywcom_route_junction/27114
ug_route/211720,OSP:BUSP::8447821,mywcom_route_junction/27889,st_struct_pedestal/90973
ug_route/211721,OSP:FBSP::10633144,mywcom_route_junction/27452,st_struct_pedestal/93747
ug_route/211722,OSP:BUSP::7641428,cabinet/2838,cabinet/2813
ug_route/211723,OSP:BUSP::10668361,pole/53945,st_struct_pedestal/94059
ug_route/211724,OSP:CHOLE::16947467,st_struct_vault/2742,mywcom_route_junction/28051
ug_route/211725,OSP:CHOLE::16947466,st_struct_vault/2742,mywcom_route_junction/27377
ug_route/211726,OSP:FBSP::7949255,pole/54483,st_struct_pedestal/91105
ug_route/211727,OSP:BUSP:C657376,st_struct_pedestal/92248,pole/53854
ug_route/211728,OSP:BUSP::9158228,mywcom_route_junction/27635,st_struct_pedestal/93329
ug_route/211729,OSP:FORSP::13673535,mywcom_route_junction/27724,mywcom_route_junction/27621
ug_route/211730,OSP:BUSP::16013394,st_struct_pedestal/90651,mywcom_route_junction/27185
ug_route/211731,OSP:BUSP::9450423,mywcom_route_junction/27552,st_struct_pedestal/91131
ug_route/211732,OSP:BUSP::8603031,st_struct_pedestal/93292,mywcom_route_junction/28168
ug_route/211733,OSP:CHOLE::16947465,st_struct_vault/2728,mywcom_route_junction/28062
ug_route/211734,OSP:BUSP::10781621,mywcom_route_junction/28197,st_struct_pedestal/91101
ug_route/211735,OSP:FORSP::13702964,mywcom_route_junction/27207,pole/52604
ug_route/211736,OSP:FBSP:C707874,mywcom_route_junction/28189,building/68482
ug_route/211737,OSP:FBSP::12052048,mywcom_route_junction/27975,st_struct_pedestal/94299
ug_route/211738,OSP:BUSP::7638580,pole/54043,cabinet/2801
ug_route/211739,OSP:BUSP::11470921,mywcom_route_junction/27362,st_struct_pedestal/93225
ug_route/211740,OSP:BUSP::11470924,mywcom_route_junction/27831,st_struct_pedestal/90734
ug_route/211741,OSP:FBSP:C705562,mywcom_route_junction/27409,building/67146
ug_route/211742,OSP:FBSP:C654057,building/67819,building/66280
ug_route/211743,OSP:FBSP:C705502,mywcom_route_junction/27710,building/66719
ug_route/211744,OSP:FBSP:C648252,st_struct_pedestal/90995,building/67253
ug_route/211745,OSP:BUSP:C710221,pole/53640,st_struct_pedestal/90921
ug_route/211746,OSP:BUSP::11470919,mywcom_route_junction/27243,st_struct_pedestal/93185
ug_route/211747,OSP:BUSP::9433491,mywcom_route_junction/27545,st_struct_pedestal/92979
ug_route/211748,OSP:BUSP::8447506,mywcom_route_junction/27914,building/68789
ug_route/211749,OSP:BUSP::9440503,mywcom_route_junction/27928,mywcom_route_junction/27867
ug_route/211750,OSP:FBSP::12052113,mywcom_route_junction/27632,st_struct_pedestal/94268
ug_route/211751,OSP:BUSP:C708423,st_struct_pedestal/91401,cabinet/2779
ug_route/211752,OSP:BUSP:C671239,st_struct_pedestal/91268,mywcom_route_junction/27664
ug_route/211753,OSP:BUSP:C662689,st_struct_pedestal/93524,pole/54234
ug_route/211754,OSP:BUSP:C659740,st_struct_pedestal/92318,building/68271
ug_route/211755,OSP:BUSP::14704260,mywcom_route_junction/27443,st_struct_pedestal/90868
ug_route/211756,OSP:BUSP::16040286,mywcom_route_junction/27893,building/67188
ug_route/211757,OSP:FBSP::12052107,building/67550,mywcom_route_junction/27903
ug_route/211758,OSP:BUSP::16769453,mywcom_route_junction/27218,st_struct_pedestal/94064
ug_route/211759,OSP:FBSP::12051991,mywcom_route_junction/28085,building/66771
ug_route/211760,OSP:BUSP::9270607,mywcom_route_junction/27569,st_struct_pedestal/93491
ug_route/211761,OSP:FBSP::12052047,st_struct_pedestal/94287,mywcom_route_junction/27975
ug_route/211762,OSP:BUSP::15978505,pole/52553,mywcom_route_junction/27116
ug_route/211763,OSP:FBSP::13707784,mywcom_route_junction/27916,building/68223
ug_route/211764,OSP:FBSP:C705555,mywcom_route_junction/27521,building/66888
ug_route/211765,OSP:FORSP::13702965,mywcom_route_junction/28218,st_struct_pedestal/91560
ug_route/211766,OSP:BUSP:C651838,st_struct_pedestal/91691,st_struct_pedestal/93420
ug_route/211767,OSP:BUSP::9270603,mywcom_route_junction/27832,st_struct_pedestal/90777
ug_route/211768,OSP:BUSP::16020740,cabinet/2834,cabinet/2814
ug_route/211769,OSP:FBSP:C669985,st_struct_pedestal/92532,building/68042
ug_route/211770,OSP:FBSP::12053049,mywcom_route_junction/27429,mywcom_route_junction/28219
ug_route/211771,OSP:BUSP:C662489,st_struct_pedestal/94076,pole/52255
ug_route/211772,OSP:BUSP::15686651,st_struct_pedestal/91822,building/68735
ug_route/211773,OSP:FBSP::12053068,st_struct_pedestal/91675,mywcom_route_junction/27554
ug_route/211774,OSP:BUSP:C658241,st_struct_pedestal/92275,building/67009
ug_route/211775,OSP:FBSP::12053057,building/68739,mywcom_route_junction/27493
ug_route/211776,OSP:FBSP::12449262,mywcom_route_junction/27765,st_struct_pedestal/91792
ug_route/211777,OSP:FBSP::12051990,mywcom_route_junction/28085,st_struct_pedestal/92771
ug_route/211778,OSP:FBSP::13702973,st_struct_pedestal/93171,mywcom_route_junction/27167
ug_route/211779,OSP:BUSP:C656602,st_struct_pedestal/94112,st_struct_buried_splice_location/3977
ug_route/211780,OSP:BUSP::9504187,st_struct_pedestal/93331,mywcom_route_junction/28041
ug_route/211781,OSP:BUSP::8433762,st_struct_pedestal/90801,pole/54041
ug_route/211782,OSP:BUSP::9450461,mywcom_route_junction/27819,mywcom_route_junction/27849
ug_route/211783,OSP:FBSP::12053055,st_struct_pedestal/94043,mywcom_route_junction/28177
ug_route/211784,OSP:FBSP:C705575,mywcom_route_junction/27227,building/67307
ug_route/211785,OSP:BUSP:C645806,st_struct_pedestal/91626,st_struct_pedestal/93022
ug_route/211814,OSP:BUSP::8930052,cabinet/2799,pole/54520
ug_route/211786,OSP:CHOLE::16951316,st_struct_vault/2750,mywcom_route_junction/27492
ug_route/211787,OSP:FORSP:C649177,mywcom_route_junction/27695,cabinet/2757
ug_route/211788,OSP:BUSP::8574880,pole/53206,cabinet/2842
ug_route/211789,OSP:FBSP::13704246,st_struct_pedestal/91426,mywcom_route_junction/27223
ug_route/211790,OSP:BUSP::11333396,st_struct_pedestal/91871,pole/52333
ug_route/211791,OSP:FBSP::12053525,mywcom_route_junction/27800,st_struct_pedestal/92400
ug_route/211792,OSP:BUSP:C669117,pole/52629,st_struct_pedestal/93032
ug_route/211793,OSP:BUSP:C653885,pole/54019,st_struct_pedestal/90797
ug_route/211794,OSP:BUSP:C649926,st_struct_pedestal/91824,st_struct_pedestal/90673
ug_route/211795,OSP:FORSP:C646273,mywcom_route_junction/27142,cabinet/2779
ug_route/211796,OSP:FORSP::13702968,mywcom_route_junction/27695,mywcom_route_junction/27207
ug_route/211797,OSP:FBSP::10638318,mywcom_route_junction/27946,mywcom_route_junction/28075
ug_route/211798,OSP:BUSP::16040254,mywcom_route_junction/27740,building/66168
ug_route/211799,OSP:FBSP::8490695,st_struct_pedestal/92784,building/68648
ug_route/211800,OSP:FBSP::13705207,st_struct_pedestal/92599,mywcom_route_junction/27532
ug_route/211801,OSP:FBSP::13402184,st_struct_pedestal/93030,st_struct_pedestal/92887
ug_route/211802,OSP:FBSP::13402189,mywcom_route_junction/28093,mywcom_route_junction/27929
ug_route/211803,OSP:BUSP::8416782,cabinet/2776,cabinet/2837
ug_route/211804,OSP:BUSP::10725965,mywcom_route_junction/28033,building/68586
ug_route/211805,OSP:FBSP::12069030,st_struct_pedestal/91548,mywcom_route_junction/27931
ug_route/211806,OSP:BUSP:C653825,cabinet/2799,pole/54520
ug_route/211807,OSP:BUSP:C668470,st_struct_pedestal/91611,st_struct_buried_splice_location/3847
ug_route/211808,OSP:FBSP::12053001,st_struct_pedestal/92400,mywcom_route_junction/28087
ug_route/211809,OSP:BUSP::11869990,mywcom_route_junction/28083,mywcom_route_junction/27693
ug_route/211810,OSP:FBSP::13053287,st_struct_pedestal/92526,mywcom_route_junction/27772
ug_route/211811,OSP:FBSP::12051916,mywcom_route_junction/28050,building/68190
ug_route/211812,OSP:FBSP::13704257,st_struct_pedestal/92599,st_struct_pedestal/91427
ug_route/211813,OSP:BUSP::16015000,pole/52997,mywcom_route_junction/27137
ug_route/211815,OSP:BUSP::9532344,st_struct_pedestal/91626,st_struct_pedestal/93022
ug_route/211816,OSP:BUSP::15118964,cabinet/2758,pole/53288
ug_route/211817,OSP:FBSP:C669148,mywcom_route_junction/28110,building/68068
ug_route/211818,OSP:BUSP::10690443,mywcom_route_junction/27292,building/66424
ug_route/211819,OSP:FBSP:C643386,mywcom_route_junction/27174,st_struct_pedestal/93616
ug_route/211820,OSP:BUSP::16057524,st_struct_pedestal/92926,building/66446
ug_route/211821,OSP:FORSP::16943976,st_struct_vault/2768,st_struct_pedestal/92282
ug_route/211822,OSP:BUSP:C650774,pole/54296,st_struct_pedestal/90542
ug_route/211823,OSP:BUSP::16945141,pole/54552,mywcom_route_junction/27121
ug_route/211824,OSP:BUSP::8369745,mywcom_route_junction/28183,st_struct_pedestal/91633
ug_route/211825,OSP:BUSP::8435353,cabinet/2772,st_struct_pedestal/93862
ug_route/211826,OSP:BUSP:C653024,mywcom_route_junction/27235,st_struct_pedestal/91630
ug_route/211827,OSP:BUSP:C649677,mywcom_route_junction/28118,pole/52470
ug_route/211828,OSP:BUSP::11534264,mywcom_route_junction/27595,st_struct_pedestal/92171
ug_route/211829,OSP:FBSP::12053050,st_struct_pedestal/92460,mywcom_route_junction/27465
ug_route/211830,OSP:FBSP:C648203,st_struct_pedestal/91601,building/67396
ug_route/211831,OSP:BUSP::16788476,st_struct_pedestal/93263,mywcom_route_junction/27970
ug_route/211832,OSP:FBSP::12053359,st_struct_pedestal/94269,st_struct_pedestal/92534
ug_route/211833,OSP:BUSP::16040268,mywcom_route_junction/27712,building/68717
ug_route/211834,OSP:FORSP::16956654,st_struct_vault/2729,mywcom_route_junction/27178
ug_route/211835,OSP:BUSP:C661028,st_struct_buried_splice_location/3998,st_struct_pedestal/91956
ug_route/211836,OSP:FBSP::12051922,mywcom_route_junction/27402,mywcom_route_junction/27930
ug_route/211837,OSP:FBSP:C706948,mywcom_route_junction/27598,mywcom_route_junction/27629
ug_route/211838,OSP:BUSP::10232856,mywcom_route_junction/27827,st_struct_pedestal/92693
ug_route/211839,OSP:FBSP::12051848,building/67256,mywcom_route_junction/27948
ug_route/211840,OSP:BUSP::8592138,cabinet/2764,cabinet/2759
ug_route/211841,OSP:FBSP::12052127,mywcom_route_junction/27216,building/68279
ug_route/211842,OSP:BUSP:C651155,cabinet/2849,st_struct_pedestal/92906
ug_route/211843,OSP:FBSP:C705505,mywcom_route_junction/27123,building/66719
ug_route/211845,OSP:BUSP::8436628,cabinet/2851,pole/53505
ug_route/211846,OSP:BUSP:C709252,mywcom_route_junction/27657,pole/52572
ug_route/211847,OSP:BUSP::8500297,st_struct_pedestal/93649,st_struct_pedestal/93057
ug_route/211848,OSP:BUSP::15118992,mywcom_route_junction/27394,mywcom_route_junction/27113
ug_route/211849,OSP:FBSP::12051614,mywcom_route_junction/27311,mywcom_route_junction/27888
ug_route/211850,OSP:BUSP::10690442,mywcom_route_junction/27292,building/66308
ug_route/211851,OSP:BUSP::8500964,st_struct_pedestal/92592,cabinet/2775
ug_route/211852,OSP:BUSP::8435667,st_struct_pedestal/92874,pole/53502
ug_route/211853,OSP:BUSP::9430920,mywcom_route_junction/27882,st_struct_pedestal/91886
ug_route/211854,OSP:BUSP::17062326,pole/52768,cabinet/2764
ug_route/211855,OSP:BUSP::8574881,cabinet/2842,cabinet/2800
ug_route/211856,OSP:BUSP::8603030,st_struct_pedestal/93292,building/67290
ug_route/211857,OSP:BUSP::8440460,pole/53982,cabinet/2763
ug_route/211858,OSP:BUSP::12035117,mywcom_route_junction/27805,st_struct_buried_splice_location/3974
ug_route/211859,OSP:FBSP:C705510,st_struct_pedestal/92982,st_struct_pedestal/91019
ug_route/211860,OSP:BUSP::12070646,st_struct_pedestal/91880,st_struct_pedestal/92118
ug_route/211861,OSP:CHOLE::16951317,st_struct_vault/2750,mywcom_route_junction/27492
ug_route/211862,OSP:FBSP::12052981,st_struct_pedestal/91664,building/67241
ug_route/211863,OSP:FBSP:C705571,building/68805,building/67307
ug_route/211864,OSP:BUSP:C658517,st_struct_pedestal/92820,mywcom_route_junction/27909
ug_route/211865,OSP:FORSP::11424853,mywcom_route_junction/27461,mywcom_route_junction/27899
ug_route/211866,OSP:FBSP:C657809,cabinet/2768,building/66354
ug_route/211867,OSP:BUSP::9447564,st_struct_pedestal/91178,mywcom_route_junction/27101
ug_route/211868,OSP:BUSP::8437277,mywcom_route_junction/27538,building/68290
ug_route/211869,OSP:FBSP:C705531,mywcom_route_junction/27943,building/67819
ug_route/211870,OSP:FBSP:C643006,st_struct_pedestal/91886,mywcom_route_junction/27334
ug_route/211871,OSP:BUSP:C668065,st_struct_pedestal/90949,building/68726
ug_route/211872,OSP:FBSP:C710765,mywcom_route_junction/27546,building/68475
ug_route/211873,OSP:FBSP::12051920,mywcom_route_junction/27930,st_struct_pedestal/91282
ug_route/211874,OSP:BUSP::16040273,mywcom_route_junction/27733,mywcom_route_junction/27095
ug_route/211875,OSP:BUSP::11804368,st_struct_pedestal/91436,building/68403
ug_route/211876,OSP:CHOLE::16951321,st_struct_vault/2750,mywcom_route_junction/27321
ug_route/211877,OSP:BUSP::7637956,cabinet/2786,cabinet/2859
ug_route/211878,OSP:FBSP:C648234,st_struct_pedestal/94000,building/66335
ug_route/211879,OSP:BUSP:C659214,st_struct_pedestal/94020,building/68031
ug_route/211880,OSP:FBSP::12051917,mywcom_route_junction/27458,building/68591
ug_route/211881,OSP:FBSP::10638819,mywcom_route_junction/28174,building/66572
ug_route/211882,OSP:BUSP::9433485,mywcom_route_junction/27428,st_struct_pedestal/92255
ug_route/211883,OSP:BUSP:C669018,st_struct_pedestal/93078,building/67622
ug_route/211884,OSP:BUSP:C646977,st_struct_buried_splice_location/3869,building/67924
ug_route/211885,OSP:FBSP::13146756,st_struct_pedestal/92819,mywcom_route_junction/27425
ug_route/211886,OSP:BUSP:C656382,mywcom_route_junction/27236,building/67394
ug_route/211887,OSP:BUSP:C654199,pole/52321,st_struct_pedestal/92001
ug_route/211888,OSP:BUSP::9465832,st_struct_pedestal/93989,st_struct_pedestal/92176
ug_route/211889,OSP:BUSP:C644772,pole/53904,st_struct_pedestal/93653
ug_route/211890,OSP:FBSP::8587979,pole/53155,st_struct_pedestal/90853
ug_route/211891,OSP:FBSP:C708418,st_struct_pedestal/91178,mywcom_route_junction/28045
ug_route/211892,OSP:BUSP::8447812,mywcom_route_junction/27323,building/68680
ug_route/211893,OSP:FBSP::10638664,mywcom_route_junction/27802,building/66484
ug_route/211894,OSP:BUSP::8923660,pole/53206,cabinet/2842
ug_route/211895,OSP:FBSP:C655832,st_struct_pedestal/92421,building/66178
ug_route/211896,OSP:FBSP:C652800,pole/53429,building/66637
ug_route/211897,OSP:BUSP::8394711,cabinet/2836,pole/53582
ug_route/211898,OSP:FBSP:C653976,mywcom_route_junction/27704,building/66360
ug_route/211899,OSP:BUSP::8435361,cabinet/2762,cabinet/2772
ug_route/211900,OSP:BUSP::10875108,st_struct_pedestal/93714,cabinet/2858
ug_route/211901,OSP:FBSP:C643072,st_struct_pedestal/92255,mywcom_route_junction/27342
ug_route/211902,OSP:FBSP::12051923,st_struct_pedestal/92771,mywcom_route_junction/28216
ug_route/211903,OSP:FBSP:C659945,st_struct_pedestal/90769,building/66191
ug_route/211904,OSP:FBSP::12440282,mywcom_route_junction/27395,st_struct_pedestal/90795
ug_route/211905,OSP:BUSP:C644038,st_struct_buried_splice_location/3888,st_struct_pedestal/93602
ug_route/211906,OSP:BUSP::8365587,cabinet/2854,st_struct_pedestal/92019
ug_route/211907,OSP:FORSP::16954836,st_struct_vault/2745,mywcom_route_junction/27201
ug_route/211908,OSP:FBSP::12447309,st_struct_vault/2755,st_struct_vault/2773
ug_route/211909,OSP:FBSP::12053035,mywcom_route_junction/27959,mywcom_route_junction/27883
ug_route/211910,OSP:FBSP:C705572,building/68805,building/67307
ug_route/211911,OSP:BUSP::16017210,st_struct_pedestal/92854,mywcom_route_junction/27322
ug_route/211912,OSP:FBSP::12053072,mywcom_route_junction/27144,st_struct_pedestal/91675
ug_route/211913,OSP:BUSP::15976886,st_struct_pedestal/93927,mywcom_route_junction/27356
ug_route/211914,OSP:FBSP::12051792,mywcom_route_junction/27355,pole/53081
ug_route/211915,OSP:BUSP::9426108,pole/52821,st_struct_pedestal/91402
ug_route/211916,OSP:FBSP::10638321,mywcom_route_junction/27858,building/67247
ug_route/211917,OSP:BUSP:C648610,pole/52660,st_struct_pedestal/91146
ug_route/211918,OSP:FBSP:C705535,mywcom_route_junction/27092,building/66848
ug_route/211919,OSP:FBSP:C656401,mywcom_route_junction/27518,building/66362
ug_route/211920,OSP:BUSP::9303906,cabinet/2849,st_struct_pedestal/91937
ug_route/211921,OSP:FORSP::16954181,st_struct_vault/2766,mywcom_route_junction/28064
ug_route/211922,OSP:BUSP::8383513,mywcom_route_junction/28195,cabinet/2852
ug_route/211923,OSP:FBSP:C648286,mywcom_route_junction/27368,building/67608
ug_route/211924,OSP:BUSP::7627976,st_struct_pedestal/93694,building/67791
ug_route/211925,OSP:BUSP::15976890,st_struct_pedestal/93327,mywcom_route_junction/27436
ug_route/211926,OSP:BUSP::7641430,cabinet/2813,st_struct_pedestal/93995
ug_route/211927,OSP:FBSP::10638594,mywcom_route_junction/27504,building/68015
ug_route/211928,OSP:FBSP:C656455,mywcom_route_junction/28215,building/67367
ug_route/211929,OSP:BUSP::13020613,mywcom_route_junction/27372,st_struct_pedestal/91078
ug_route/211930,OSP:FBSP:C710766,mywcom_route_junction/27546,building/68354
ug_route/211931,OSP:FBSP::16106194,mywcom_route_junction/27171,st_struct_pedestal/92446
ug_route/212050,OSP:BUSP::11330110,st_struct_pedestal/91846,st_struct_vault/2772
ug_route/211932,OSP:FBSP::12053032,building/67388,mywcom_route_junction/27959
ug_route/211933,OSP:BUSP:C707886,st_struct_buried_splice_location/3901,building/66494
ug_route/211934,OSP:BUSP::16040287,mywcom_route_junction/27666,building/67476
ug_route/211935,OSP:FBSP:C680744,st_struct_pedestal/90537,building/68370
ug_route/211936,OSP:BUSP::8576463,mywcom_route_junction/27287,cabinet/2756
ug_route/211937,OSP:CHOLE::16951320,st_struct_vault/2750,mywcom_route_junction/27378
ug_route/211938,OSP:BUSP:C669711,st_struct_pedestal/93594,mywcom_route_junction/27367
ug_route/211939,OSP:BUSP::10725971,mywcom_route_junction/27701,building/67725
ug_route/211940,OSP:BUSP::11505910,st_struct_pedestal/94105,mywcom_route_junction/27731
ug_route/211941,OSP:FBSP::11037956,st_struct_pedestal/93105,st_struct_pedestal/91960
ug_route/211942,OSP:BUSP::16694683,mywcom_route_junction/28123,mywcom_route_junction/27628
ug_route/211943,OSP:FORSP::16961862,st_struct_vault/2722,pole/53527
ug_route/211944,OSP:BUSP:C654447,pole/53996,st_struct_pedestal/91500
ug_route/211945,OSP:BUSP::11474153,st_struct_pedestal/90874,st_struct_vault/2781
ug_route/211946,OSP:BUSP::9379062,mywcom_route_junction/28207,st_struct_pedestal/91165
ug_route/211947,OSP:FBSP:C651242,mywcom_route_junction/28187,st_struct_pedestal/93142
ug_route/211948,OSP:BUSP::11435046,st_struct_pedestal/90907,building/66605
ug_route/211949,OSP:BUSP::8592140,cabinet/2765,cabinet/2849
ug_route/211950,OSP:BUSP::9509320,mywcom_route_junction/27470,cabinet/2852
ug_route/211951,OSP:BUSP::8587972,st_struct_pedestal/92632,mywcom_route_junction/27746
ug_route/211952,OSP:BUSP:C667157,mywcom_route_junction/27767,st_struct_pedestal/91260
ug_route/211953,OSP:BUSP:C659042,mywcom_route_junction/27680,st_struct_pedestal/91796
ug_route/211954,OSP:BUSP:C642241,st_struct_pedestal/91309,building/68678
ug_route/211955,OSP:FBSP::12052103,st_struct_pedestal/93605,mywcom_route_junction/27822
ug_route/211956,OSP:BUSP::11087286,tower/614,cabinet/2834
ug_route/211957,OSP:BUSP::8434384,mywcom_route_junction/27188,cabinet/2772
ug_route/211958,OSP:BUSP:C660073,st_struct_pedestal/92799,building/67572
ug_route/211959,OSP:FBSP::13098190,st_struct_pedestal/92048,st_struct_pedestal/92635
ug_route/211960,OSP:FBSP:C705591,mywcom_route_junction/27738,building/68688
ug_route/211961,OSP:FBSP::12053053,mywcom_route_junction/27154,st_struct_pedestal/92460
ug_route/211962,OSP:FBSP::12053040,building/68665,mywcom_route_junction/27730
ug_route/211963,OSP:FBSP:C704914,mywcom_route_junction/27194,st_struct_pedestal/93657
ug_route/211964,OSP:BUSP:C660129,st_struct_pedestal/92278,building/66743
ug_route/211965,OSP:FBSP::13684726,mywcom_route_junction/28037,cabinet/2856
ug_route/211966,OSP:BUSP::15070008,st_struct_pedestal/90881,cabinet/2777
ug_route/211967,OSP:FBSP:C656462,mywcom_route_junction/27722,building/67124
ug_route/211968,OSP:FBSP:C643639,st_struct_pedestal/94097,building/66620
ug_route/211969,OSP:BUSP::16735350,mywcom_route_junction/27191,mywcom_route_junction/27220
ug_route/211970,OSP:BUSP::10689808,st_struct_pedestal/93180,building/68185
ug_route/211971,OSP:FBSP::12051912,mywcom_route_junction/28073,mywcom_route_junction/27458
ug_route/211972,OSP:BUSP::16040267,mywcom_route_junction/27712,building/66931
ug_route/211973,OSP:BUSP::8396948,cabinet/2810,pole/53835
ug_route/211974,OSP:BUSP::8500965,cabinet/2775,cabinet/2816
ug_route/211975,OSP:BUSP::8951497,mywcom_route_junction/27853,mywcom_route_junction/27353
ug_route/211976,OSP:FBSP::10638319,mywcom_route_junction/28075,st_struct_pedestal/90582
ug_route/211977,OSP:BUSP::10638759,mywcom_route_junction/27637,st_struct_pedestal/90588
ug_route/211978,OSP:BUSP::12070647,mywcom_route_junction/27913,st_struct_pedestal/93855
ug_route/211979,OSP:FBSP:C651866,st_struct_pedestal/93760,building/67981
ug_route/211980,OSP:BUSP::9522422,st_struct_pedestal/93142,mywcom_route_junction/27385
ug_route/211981,OSP:FBSP:C644491,mywcom_route_junction/27600,st_struct_pedestal/93964
ug_route/211982,OSP:FBSP:C648268,st_struct_pedestal/91457,building/67257
ug_route/211983,OSP:BUSP::11087284,cabinet/2834,cabinet/2814
ug_route/211984,OSP:FORSP::16938821,st_struct_vault/2761,st_struct_vault/2723
ug_route/211985,OSP:BUSP::16761898,mywcom_route_junction/27747,st_struct_pedestal/91796
ug_route/211986,OSP:FBSP:C654097,mywcom_route_junction/27735,building/66188
ug_route/211987,OSP:BUSP::16057529,st_struct_pedestal/90871,building/66328
ug_route/211988,OSP:BUSP:C662396,st_struct_pedestal/93550,st_struct_buried_splice_location/3915
ug_route/211989,OSP:FBSP::13702977,mywcom_route_junction/27449,building/68842
ug_route/212141,OSP:BUSP:C659726,mywcom_route_junction/27857,mywcom_route_junction/27111
ug_route/211990,OSP:BUSP:C707701,st_struct_pedestal/91551,pole/53088
ug_route/211991,OSP:FBSP::11797191,st_struct_pedestal/91329,building/66600
ug_route/211992,OSP:BUSP::10227747,mywcom_route_junction/27794,st_struct_pedestal/92693
ug_route/211993,OSP:FORSP:C645733,st_struct_vault/2752,building/67875
ug_route/211994,OSP:BUSP::10689806,st_struct_pedestal/93760,building/67981
ug_route/211995,OSP:FBSP:C668782,st_struct_pedestal/90907,building/66605
ug_route/211996,OSP:BUSP:C670085,mywcom_route_junction/27120,st_struct_pedestal/92877
ug_route/211997,OSP:BUSP:C653379,st_struct_pedestal/92000,st_struct_buried_splice_location/3985
ug_route/211998,OSP:FORSP::16956644,st_struct_vault/2753,building/67875
ug_route/211999,OSP:FBSP:C654020,mywcom_route_junction/27517,building/68728
ug_route/212000,OSP:FBSP:C660531,pole/54004,building/67986
ug_route/212001,OSP:BUSP::8500003,st_struct_pedestal/90996,mywcom_route_junction/28102
ug_route/212002,OSP:BUSP::10638419,mywcom_route_junction/28010,st_struct_pedestal/90588
ug_route/212003,OSP:BUSP::8499996,cabinet/2752,cabinet/2815
ug_route/212004,OSP:BUSP:C647616,mywcom_route_junction/28017,mywcom_route_junction/27875
ug_route/212005,OSP:FBSP:C646119,mywcom_route_junction/27620,st_struct_pedestal/94083
ug_route/212006,OSP:BUSP::9450425,mywcom_route_junction/27552,mywcom_route_junction/27459
ug_route/212007,OSP:BUSP::11474152,st_struct_pedestal/92707,st_struct_vault/2751
ug_route/212008,OSP:BUSP::8591175,cabinet/2820,cabinet/2847
ug_route/212009,OSP:FBSP:C648264,st_struct_pedestal/92468,building/66868
ug_route/212010,OSP:BUSP:C669004,st_struct_pedestal/93904,pole/53986
ug_route/212011,OSP:FBSP:C651651,mywcom_route_junction/27126,st_struct_pedestal/93577
ug_route/212012,OSP:BUSP::10850100,pole/54004,building/67986
ug_route/212013,OSP:FBSP::10637987,mywcom_route_junction/27536,mywcom_route_junction/27946
ug_route/212014,OSP:FBSP::12053002,mywcom_route_junction/28087,mywcom_route_junction/27251
ug_route/212015,OSP:BUSP::9465616,mywcom_route_junction/27968,st_struct_pedestal/92820
ug_route/212016,OSP:FBSP::7630881,mywcom_route_junction/27900,st_struct_pedestal/94197
ug_route/212017,OSP:BUSP:C667425,cabinet/2833,st_struct_pedestal/93406
ug_route/212018,OSP:BUSP::16776313,mywcom_route_junction/27896,mywcom_route_junction/27454
ug_route/212019,OSP:BUSP::9552544,mywcom_route_junction/28145,st_struct_pedestal/93657
ug_route/212020,OSP:BUSP::17062025,mywcom_route_junction/27803,mywcom_route_junction/27430
ug_route/212021,OSP:FBSP:C705509,mywcom_route_junction/27145,building/67744
ug_route/212022,OSP:BUSP:C665777,mywcom_route_junction/27474,st_struct_pedestal/92541
ug_route/212023,OSP:FBSP::13704259,st_struct_pedestal/92599,st_struct_pedestal/93171
ug_route/212024,OSP:BUSP::8588358,pole/53348,cabinet/2751
ug_route/212025,OSP:FBSP:C667311,st_struct_pedestal/92854,building/67913
ug_route/212026,OSP:CHOLE::16951318,st_struct_vault/2750,mywcom_route_junction/28182
ug_route/212027,OSP:BUSP::12078038,mywcom_route_junction/27980,st_struct_pedestal/94299
ug_route/212028,OSP:FORSP:D8153717,mywcom_route_junction/27408,st_struct_pedestal/91500
ug_route/212029,OSP:BUSP::8435661,pole/53642,cabinet/2819
ug_route/212030,OSP:BUSP::15970484,building/68468,building/68533
ug_route/212031,OSP:BUSP:C653380,st_struct_pedestal/92000,st_struct_buried_splice_location/3985
ug_route/212032,OSP:BUSP::7914708,st_struct_pedestal/92575,st_struct_pedestal/92094
ug_route/212033,OSP:BUSP::9510581,st_struct_pedestal/93135,mywcom_route_junction/27757
ug_route/212034,OSP:BUSP:C668363,pole/53149,st_struct_pedestal/93716
ug_route/212035,OSP:BUSP::9526915,st_struct_pedestal/93577,mywcom_route_junction/28135
ug_route/212036,OSP:FBSP:C705557,mywcom_route_junction/27409,building/66888
ug_route/212037,OSP:FORSP:C646123,mywcom_route_junction/28127,st_struct_pedestal/91616
ug_route/212038,OSP:BUSP:C650889,mywcom_route_junction/28208,st_struct_pedestal/93493
ug_route/212039,OSP:BUSP::17102404,pole/53288,building/67778
ug_route/212040,OSP:FBSP::12053009,mywcom_route_junction/27669,mywcom_route_junction/27824
ug_route/212041,OSP:BUSP::8591173,pole/54028,cabinet/2808
ug_route/212042,OSP:FBSP::12052049,mywcom_route_junction/27975,building/66225
ug_route/212043,OSP:FBSP:C706914,st_struct_pedestal/92697,building/67308
ug_route/212044,OSP:BUSP::8348938,st_struct_pedestal/91691,mywcom_route_junction/27304
ug_route/212045,OSP:FBSP::10644060,mywcom_route_junction/28070,st_struct_pedestal/93006
ug_route/212046,OSP:BUSP::15982967,pole/52926,building/68125
ug_route/212047,OSP:FBSP::12052989,mywcom_route_junction/27380,st_struct_pedestal/93509
ug_route/212048,OSP:FBSP:C639221,st_struct_pedestal/93570,pole/53013
ug_route/212051,OSP:BUSP::8591184,cabinet/2777,st_struct_pedestal/90881
ug_route/212052,OSP:FBSP::10186436,st_struct_pedestal/90648,building/67687
ug_route/212053,OSP:BUSP::8447814,mywcom_route_junction/27323,mywcom_route_junction/27914
ug_route/212054,OSP:BUSP::8437615,cabinet/2822,pole/52597
ug_route/212055,OSP:FBSP::13059950,st_struct_pedestal/90843,mywcom_route_junction/27353
ug_route/212056,OSP:BUSP::15978510,pole/53013,st_struct_pedestal/93570
ug_route/212057,OSP:BUSP::8437604,cabinet/2830,cabinet/2798
ug_route/212058,OSP:BUSP::8448156,cabinet/2799,cabinet/2788
ug_route/212059,OSP:BUSP:C660873,st_struct_pedestal/93011,building/66894
ug_route/212060,OSP:FBSP:C705530,mywcom_route_junction/27228,building/67582
ug_route/212061,OSP:FBSP:C705594,mywcom_route_junction/27417,building/68498
ug_route/212062,OSP:BUSP::16694678,mywcom_route_junction/27927,mywcom_route_junction/27106
ug_route/212063,OSP:BUSP::10246916,mywcom_route_junction/27313,st_struct_pedestal/94142
ug_route/212064,OSP:BUSP::16040280,mywcom_route_junction/27953,mywcom_route_junction/27740
ug_route/212065,OSP:BUSP::8500966,cabinet/2816,cabinet/2839
ug_route/212066,OSP:BUSP::8590227,pole/52338,cabinet/2794
ug_route/212067,OSP:BUSP::11479225,st_struct_buried_splice_location/3912,st_struct_pedestal/90593
ug_route/212068,OSP:FBSP::12051849,mywcom_route_junction/27822,mywcom_route_junction/27948
ug_route/212069,OSP:FBSP::12052090,building/68718,mywcom_route_junction/27206
ug_route/212070,OSP:BUSP:C665161,mywcom_route_junction/27127,st_struct_pedestal/92132
ug_route/212071,OSP:FBSP::12051618,building/67881,mywcom_route_junction/27280
ug_route/212072,OSP:BUSP::15769205,st_struct_pedestal/90652,st_struct_buried_splice_location/3948
ug_route/212073,OSP:FBSP::13885365,mywcom_route_junction/28077,st_struct_pedestal/90612
ug_route/212074,OSP:BUSP::8402718,cabinet/2755,cabinet/2750
ug_route/212075,OSP:FORSP::16954183,mywcom_route_junction/28127,st_struct_vault/2779
ug_route/212076,OSP:FORSP::16956650,st_struct_vault/2720,cabinet/2851
ug_route/212077,OSP:FBSP::12053000,building/68320,mywcom_route_junction/28087
ug_route/212078,OSP:FBSP:C668761,mywcom_route_junction/28121,building/68667
ug_route/212079,OSP:BUSP::11474150,mywcom_route_junction/27835,st_struct_vault/2776
ug_route/212080,OSP:BUSP::9531720,st_struct_pedestal/93107,st_struct_pedestal/93514
ug_route/212081,OSP:BUSP::11330108,st_struct_pedestal/91717,st_struct_vault/2785
ug_route/212082,OSP:FBSP:C661755,mywcom_route_junction/27463,building/67300
ug_route/212083,OSP:BUSP:C669683,st_struct_pedestal/93292,mywcom_route_junction/27270
ug_route/212084,OSP:BUSP:C667636,mywcom_route_junction/27844,st_struct_pedestal/92002
ug_route/212085,OSP:FORSP::13702966,st_struct_vault/2752,mywcom_route_junction/28218
ug_route/212086,OSP:BUSP::8434379,mywcom_route_junction/27179,cabinet/2772
ug_route/212087,OSP:FBSP:C648198,st_struct_pedestal/92467,building/67581
ug_route/212088,OSP:FORSP:C710106,mywcom_route_junction/27784,pole/54445
ug_route/212089,OSP:FBSP::14570486,st_struct_pedestal/90663,building/67868
ug_route/212090,OSP:BUSP::15998692,pole/54539,mywcom_route_junction/27619
ug_route/212091,OSP:BUSP:C649707,st_struct_pedestal/93596,building/68542
ug_route/212092,OSP:BUSP:C656559,st_struct_pedestal/93131,building/66734
ug_route/212093,OSP:BUSP::8575500,pole/53289,cabinet/2793
ug_route/212094,OSP:BUSP:C656702,st_struct_buried_splice_location/3868,building/67583
ug_route/212095,OSP:BUSP::8575492,st_struct_pedestal/92314,pole/54155
ug_route/212096,OSP:FBSP:C668755,mywcom_route_junction/27130,mywcom_route_junction/27566
ug_route/212097,OSP:FBSP:C651553,mywcom_route_junction/28212,st_struct_pedestal/93514
ug_route/212098,OSP:BUSP::10727544,mywcom_route_junction/27933,building/66997
ug_route/212099,OSP:FBSP::10345592,st_struct_pedestal/91854,building/68459
ug_route/212100,OSP:FORSP:C646080,mywcom_route_junction/27215,cabinet/2832
ug_route/212101,OSP:BUSP:C707936,mywcom_route_junction/27271,st_struct_pedestal/93602
ug_route/212102,OSP:BUSP::10721806,pole/54182,building/68016
ug_route/212103,OSP:FBSP:C645405,st_struct_pedestal/92570,building/68293
ug_route/212104,OSP:BUSP::10756990,st_struct_pedestal/92280,building/66351
ug_route/212105,OSP:BUSP:C665180,mywcom_route_junction/27221,st_struct_pedestal/90914
ug_route/212106,OSP:BUSP::10763712,pole/54020,building/68317
ug_route/212107,OSP:CHOLE::16950661,st_struct_vault/2749,mywcom_route_junction/27274
ug_route/212108,OSP:FBSP::10644061,mywcom_route_junction/28070,building/66314
ug_route/212109,OSP:FBSP::12053062,mywcom_route_junction/27659,mywcom_route_junction/27493
ug_route/212110,OSP:BUSP::15562823,mywcom_route_junction/27370,st_struct_pedestal/92084
ug_route/212142,OSP:BUSP::8402719,pole/53281,cabinet/2750
ug_route/212111,OSP:BUSP::16300740,st_struct_pedestal/92396,building/68736
ug_route/212112,OSP:BUSP::15608261,st_struct_pedestal/91542,st_struct_pedestal/90620
ug_route/212113,OSP:FBSP:C668757,mywcom_route_junction/27555,mywcom_route_junction/27337
ug_route/212114,OSP:BUSP::10756991,st_struct_pedestal/92280,building/68360
ug_route/212115,OSP:FBSP::7630313,st_struct_buried_splice_location/3940,pole/54483
ug_route/212116,OSP:BUSP:C710616,st_struct_pedestal/91174,st_struct_pedestal/91797
ug_route/212117,OSP:BUSP:C656857,st_struct_pedestal/91992,building/68780
ug_route/212118,OSP:BUSP::8589585,cabinet/2817,st_struct_pedestal/91551
ug_route/212119,OSP:BUSP::8439813,pole/53537,cabinet/2770
ug_route/212120,OSP:BUSP::10673780,st_struct_pedestal/93645,building/66767
ug_route/212121,OSP:FBSP::12053028,mywcom_route_junction/28072,st_struct_pedestal/92748
ug_route/212122,OSP:FBSP:C655828,st_struct_pedestal/93775,building/68762
ug_route/212123,OSP:BUSP::9451393,st_struct_pedestal/92471,mywcom_route_junction/28202
ug_route/212124,OSP:BUSP:C667471,mywcom_route_junction/27829,mywcom_route_junction/28051
ug_route/212125,OSP:BUSP::11474146,mywcom_route_junction/27445,st_struct_vault/2726
ug_route/212126,OSP:BUSP:C708052,building/66286,building/68504
ug_route/212127,OSP:BUSP::8574875,pole/53592,cabinet/2803
ug_route/212128,OSP:FORSP:C646044,mywcom_route_junction/27276,pole/53582
ug_route/212129,OSP:BUSP:C659723,mywcom_route_junction/27922,mywcom_route_junction/27673
ug_route/212130,OSP:BUSP::11500020,pole/53179,building/67544
ug_route/212131,OSP:BUSP::8369735,cabinet/2797,st_struct_pedestal/92233
ug_route/212132,OSP:BUSP:C657894,pole/53289,cabinet/2793
ug_route/212133,OSP:BUSP::8575832,cabinet/2845,st_struct_pedestal/92979
ug_route/212134,OSP:FBSP::12052109,mywcom_route_junction/27903,st_struct_pedestal/93605
ug_route/212135,OSP:BUSP::10673781,st_struct_pedestal/93645,building/66767
ug_route/212136,OSP:BUSP::10690741,st_struct_pedestal/93696,building/66326
ug_route/212137,OSP:FBSP:C644362,mywcom_route_junction/28053,st_struct_pedestal/91604
ug_route/212138,OSP:FBSP::10644059,mywcom_route_junction/27504,mywcom_route_junction/28070
ug_route/212139,OSP:BUSP:C661190,st_struct_pedestal/90905,mywcom_route_junction/27222
ug_route/212140,OSP:FBSP:C662677,st_struct_pedestal/91807,building/68087
ug_route/212143,OSP:FBSP::13885376,mywcom_route_junction/27967,building/68388
ug_route/212144,OSP:BUSP::8575501,cabinet/2793,cabinet/2841
ug_route/212145,OSP:FBSP::12053524,mywcom_route_junction/27824,mywcom_route_junction/27800
ug_route/212146,OSP:BUSP::8591506,cabinet/2853,cabinet/2850
ug_route/212147,OSP:FORSP::16944900,mywcom_route_junction/27142,st_struct_vault/2721
ug_route/212148,OSP:BUSP::16057531,st_struct_pedestal/90871,building/68455
ug_route/212149,OSP:BUSP:C667639,mywcom_route_junction/27339,st_struct_pedestal/94001
ug_route/212150,OSP:FBSP::12440960,st_struct_pedestal/92634,mywcom_route_junction/27799
ug_route/212151,OSP:FBSP::11797197,mywcom_route_junction/28217,st_struct_pedestal/91082
ug_route/212152,OSP:BUSP::11470581,cabinet/2823,cabinet/2776
ug_route/212153,OSP:BUSP:C667429,st_struct_pedestal/92506,st_struct_pedestal/92899
ug_route/212154,OSP:FBSP::13692421,st_struct_pedestal/94299,st_struct_vault/2758
ug_route/212155,OSP:FBSP::12053066,mywcom_route_junction/27455,st_struct_pedestal/91548
ug_route/212156,OSP:FBSP:C650006,st_struct_pedestal/91915,building/67443
ug_route/212157,OSP:FBSP::12053070,building/68092,mywcom_route_junction/27144
ug_route/212158,OSP:BUSP:C668740,st_struct_pedestal/93411,mywcom_route_junction/27268
ug_route/212159,OSP:BUSP::15562826,st_struct_pedestal/92084,mywcom_route_junction/27739
ug_route/212160,OSP:FBSP:C705972,mywcom_route_junction/27483,building/68334
ug_route/212161,OSP:BUSP::10690438,st_struct_pedestal/90796,building/66681
ug_route/212162,OSP:FBSP::13704247,mywcom_route_junction/27539,mywcom_route_junction/27863
ug_route/212163,OSP:BUSP::12035119,mywcom_route_junction/27805,st_struct_buried_splice_location/3861
ug_route/212164,OSP:BUSP::11474142,st_struct_pedestal/93120,st_struct_vault/2775
ug_route/212165,OSP:FBSP:C651079,st_struct_pedestal/91288,mywcom_route_junction/27190
ug_route/212166,OSP:FBSP:C646460,st_struct_pedestal/92638,building/66508
ug_route/212167,OSP:BUSP::15118989,pole/54041,mywcom_route_junction/27113
ug_route/212168,OSP:FORSP::16943973,st_struct_vault/2724,cabinet/2799
ug_route/212169,OSP:BUSP:C706836,pole/53003,st_struct_pedestal/93064
ug_route/212170,OSP:FBSP::10638763,mywcom_route_junction/28075,mywcom_route_junction/28092
ug_route/212171,OSP:BUSP:C649887,st_struct_pedestal/94153,building/67431
ug_route/212172,OSP:BUSP::8434385,mywcom_route_junction/27188,mywcom_route_junction/27562
ug_route/212173,OSP:BUSP::11331070,st_struct_pedestal/91613,st_struct_vault/2715
ug_route/212174,OSP:BUSP:C653678,pole/54507,pole/54076
ug_route/212175,OSP:FBSP::12053011,st_struct_pedestal/91574,mywcom_route_junction/28072
ug_route/212176,OSP:FBSP::10566023,pole/53105,building/66175
ug_route/212177,OSP:FBSP::7625133,mywcom_route_junction/28092,building/68639
ug_route/212178,OSP:BUSP::9493775,mywcom_route_junction/27325,st_struct_pedestal/91604
ug_route/212179,OSP:BUSP:C643627,st_struct_pedestal/91026,mywcom_route_junction/28181
ug_route/212180,OSP:FORSP:C646616,st_struct_pedestal/93699,pole/53516
ug_route/212181,OSP:BUSP:C667667,st_struct_pedestal/93709,st_struct_pedestal/91283
ug_route/212182,OSP:FBSP::13885364,mywcom_route_junction/27311,mywcom_route_junction/28077
ug_route/212183,OSP:BUSP::8500292,mywcom_route_junction/28102,mywcom_route_junction/27424
ug_route/212184,OSP:BUSP::10727551,st_struct_pedestal/93624,building/67551
ug_route/212185,OSP:FBSP:C709560,st_struct_pedestal/92570,building/67114
ug_route/212186,OSP:FBSP::7949257,mywcom_route_junction/27727,mywcom_route_junction/28092
ug_route/212187,OSP:BUSP::9491430,st_struct_pedestal/92506,st_struct_pedestal/92899
ug_route/212188,OSP:FORSP:C646000,mywcom_route_junction/27140,pole/54257
ug_route/212189,OSP:BUSP::10267062,st_struct_pedestal/94042,mywcom_route_junction/27545
ug_route/212190,OSP:BUSP::8591501,cabinet/2832,cabinet/2785
ug_route/212191,OSP:BUSP:C671342,mywcom_route_junction/27240,building/67094
ug_route/212192,OSP:FBSP::12051850,mywcom_route_junction/27948,st_struct_pedestal/94287
ug_route/212193,OSP:BUSP::11331071,st_struct_pedestal/90888,st_struct_vault/2730
ug_route/212194,OSP:FBSP:C658092,st_struct_pedestal/94177,building/68469
ug_route/212195,OSP:FORSP:C646240,mywcom_route_junction/27201,st_struct_pedestal/92906
ug_route/212196,OSP:BUSP:C662153,mywcom_route_junction/27441,mywcom_route_junction/28111
ug_route/212197,OSP:BUSP::10991866,st_struct_pedestal/92570,building/67114
ug_route/212198,OSP:FBSP::12051989,mywcom_route_junction/28050,mywcom_route_junction/28085
ug_route/212199,OSP:BUSP::16040257,mywcom_route_junction/28018,mywcom_route_junction/27712
ug_route/212200,OSP:FBSP::10638767,mywcom_route_junction/28160,building/68148
ug_route/212201,OSP:FBSP::10916760,st_struct_pedestal/92786,building/67081
ug_route/212202,OSP:FBSP:C706972,mywcom_route_junction/27605,mywcom_route_junction/27989
ug_route/212203,OSP:BUSP::9465159,cabinet/2807,cabinet/2816
ug_route/212204,OSP:FBSP::12053059,mywcom_route_junction/27493,st_struct_pedestal/94043
ug_route/212205,OSP:BUSP::10690441,st_struct_pedestal/92645,mywcom_route_junction/27292
ug_route/212206,OSP:BUSP::9528188,mywcom_route_junction/27104,st_struct_pedestal/91288
ug_route/212207,OSP:BUSP::15118971,mywcom_route_junction/27147,st_struct_pedestal/90742
ug_route/212208,OSP:BUSP::10758263,st_struct_pedestal/90897,building/66397
ug_route/212209,OSP:FBSP:C708161,pole/53116,st_struct_pedestal/90633
ug_route/212210,OSP:BUSP::10881924,st_struct_pedestal/94177,building/68469
ug_route/212211,OSP:BUSP:C659992,st_struct_pedestal/93492,st_struct_buried_splice_location/3892
ug_route/212212,OSP:BUSP::10689804,pole/52755,mywcom_route_junction/27187
ug_route/212213,OSP:BUSP::10763710,pole/53214,building/66648
ug_route/212214,OSP:FBSP::12053003,building/68238,mywcom_route_junction/27251
ug_route/212215,OSP:BUSP::8572612,cabinet/2846,pole/53223
ug_route/212216,OSP:FORSP::16947463,mywcom_route_junction/27479,st_struct_vault/2742
ug_route/212217,OSP:BUSP::10756987,st_struct_pedestal/90897,building/67861
ug_route/212218,OSP:BUSP:C657802,st_struct_pedestal/93730,cabinet/2768
ug_route/212219,OSP:FBSP::10638765,st_struct_pedestal/94144,mywcom_route_junction/27998
ug_route/212220,OSP:FBSP::10566020,pole/54522,building/67770
ug_route/212221,OSP:FBSP:C705132,mywcom_route_junction/27129,building/67478
ug_route/212222,OSP:BUSP::13011508,pole/52808,building/68035
ug_route/212223,OSP:BUSP::8433755,mywcom_route_junction/27394,st_struct_pedestal/90801
ug_route/212224,OSP:BUSP::8383509,pole/53516,st_struct_pedestal/93699
ug_route/212225,OSP:BUSP::8347345,cabinet/2838,st_struct_pedestal/93995
ug_route/212226,OSP:BUSP::15073847,st_struct_pedestal/92170,mywcom_route_junction/27940
ug_route/212227,OSP:FBSP:C705479,st_struct_pedestal/92751,st_struct_pedestal/91806
ug_route/212228,OSP:BUSP::8433103,cabinet/2827,cabinet/2780
ug_route/212229,OSP:FBSP::12053069,mywcom_route_junction/27554,mywcom_route_junction/27455
ug_route/212230,OSP:BUSP:C667730,st_struct_pedestal/91107,pole/54381
ug_route/212231,OSP:FBSP::13702970,st_struct_vault/2774,st_struct_vault/2752
ug_route/212232,OSP:BUSP:C660642,mywcom_route_junction/27297,st_struct_buried_splice_location/3885
ug_route/212233,OSP:FBSP::11067147,st_struct_pedestal/92215,building/66860
ug_route/212234,OSP:BUSP::13014351,st_struct_pedestal/92693,mywcom_route_junction/27670
ug_route/212235,OSP:BUSP::8382853,building/67937,building/67349
ug_route/212236,OSP:BUSP::10799226,st_struct_pedestal/91372,building/67279
ug_route/212237,OSP:BUSP::11474135,mywcom_route_junction/27163,st_struct_pedestal/93056
ug_route/212238,OSP:BUSP::11330109,st_struct_pedestal/90597,st_struct_vault/2762
ug_route/212239,OSP:BUSP:C636641,st_struct_pedestal/92765,pole/52818
ug_route/212240,OSP:BUSP:C710754,st_struct_pedestal/93824,st_struct_pedestal/91818
ug_route/212241,OSP:FBSP:C656402,mywcom_route_junction/27874,building/66527
ug_route/212242,OSP:BUSP::10689782,cabinet/2768,st_struct_pedestal/93730
ug_route/212243,OSP:FBSP:C668819,st_struct_pedestal/90651,building/68478
ug_route/212244,OSP:BUSP::10763702,pole/53832,building/67244
ug_route/212245,OSP:BUSP::14262648,mywcom_route_junction/27433,mywcom_route_junction/27143
ug_route/212246,OSP:BUSP::7723334,pole/53223,cabinet/2846
ug_route/212247,OSP:BUSP::11474141,st_struct_vault/2717,st_struct_vault/2738
ug_route/212248,OSP:BUSP:C707096,mywcom_route_junction/27523,st_struct_buried_splice_location/3976
ug_route/212249,OSP:BUSP::13894998,st_struct_pedestal/93355,pole/53770
ug_route/212250,OSP:FBSP::14399301,mywcom_route_junction/27177,building/67007
ug_route/212251,OSP:FBSP::12052116,st_struct_pedestal/90612,mywcom_route_junction/27280
ug_route/212252,OSP:BUSP::16795524,pole/54158,building/67835
ug_route/212253,OSP:BUSP:C705957,st_struct_pedestal/91254,building/67930
ug_route/212254,OSP:BUSP:C708188,st_struct_buried_splice_location/3966,st_struct_pedestal/90722
ug_route/212255,OSP:BUSP:C654999,mywcom_route_junction/27692,mywcom_route_junction/27336
ug_route/212256,OSP:BUSP::11060980,st_struct_pedestal/93175,mywcom_route_junction/27630
ug_route/212257,OSP:BUSP::15977534,pole/52978,building/66614
ug_route/212258,OSP:BUSP::10764372,pole/53422,building/68559
ug_route/212259,OSP:BUSP:C658009,st_struct_pedestal/91463,building/66125
ug_route/212260,OSP:BUSP::15995447,pole/53943,mywcom_route_junction/27361
ug_route/212261,OSP:BUSP::8439825,cabinet/2789,cabinet/2769
ug_route/212262,OSP:FBSP::13051384,mywcom_route_junction/27425,building/67136
ug_route/212263,OSP:FBSP::13885368,st_struct_pedestal/92752,mywcom_route_junction/27967
ug_route/212264,OSP:FBSP::8885254,st_struct_pedestal/91234,building/66792
ug_route/212265,OSP:BUSP::10763700,pole/52558,building/67129
ug_route/212266,OSP:FBSP::15345844,pole/53525,building/66796
ug_route/212267,OSP:FBSP::8587340,st_struct_pedestal/92412,building/68765
ug_route/212268,OSP:BUSP:C711940,mywcom_route_junction/27384,mywcom_route_junction/27477
ug_route/212269,OSP:FBSP::10566021,pole/52478,building/67516
ug_route/212270,OSP:CHOLE::16950660,st_struct_vault/2749,mywcom_route_junction/28139
ug_route/212271,OSP:FBSP::12053008,st_struct_pedestal/92748,mywcom_route_junction/27669
ug_route/212272,OSP:FBSP::10566022,pole/54165,building/68635
ug_route/212273,OSP:BUSP::9433480,st_struct_pedestal/92359,mywcom_route_junction/27537
ug_route/212274,OSP:FBSP::8501577,st_struct_pedestal/93865,building/68835
ug_route/212275,OSP:FBSP::12053073,st_struct_pedestal/93509,building/68585
ug_route/212276,OSP:FBSP::12053038,st_struct_pedestal/93819,mywcom_route_junction/27730
ug_route/212277,OSP:BUSP:C657851,st_struct_pedestal/93469,building/67852
ug_route/212278,OSP:BUSP::9311256,building/68035,pole/52808
ug_route/212279,OSP:FBSP:C710176,building/68230,building/68499
ug_route/212280,OSP:BUSP::8575838,mywcom_route_junction/27491,st_struct_pedestal/94112
ug_route/212281,OSP:BUSP::8634712,st_struct_pedestal/90676,st_struct_pedestal/94258
ug_route/212282,OSP:FBSP::11892164,st_struct_pedestal/91327,building/68094
ug_route/212283,OSP:FBSP::9504533,mywcom_route_junction/27508,mywcom_route_junction/27985
ug_route/212284,OSP:FBSP::10345591,st_struct_pedestal/91854,building/68242
ug_route/212285,OSP:BUSP:C667604,mywcom_route_junction/27241,st_struct_pedestal/92657
ug_route/212286,OSP:BUSP:C667310,pole/52404,st_struct_pedestal/92854
ug_route/212287,OSP:FBSP:C639511,mywcom_route_junction/27636,st_struct_pedestal/92357
ug_route/212288,OSP:FBSP:C666360,st_struct_pedestal/94095,building/66703
ug_route/212289,OSP:BUSP::10799220,st_struct_pedestal/92180,building/68043
ug_route/212290,OSP:BUSP::10799222,st_struct_pedestal/90545,building/67547
ug_route/212291,OSP:FBSP:C643152,st_struct_pedestal/92359,mywcom_route_junction/28141
ug_route/212292,OSP:FBSP:C711663,st_struct_pedestal/93364,mywcom_route_junction/27839
ug_route/212293,OSP:FBSP:C667623,pole/52997,building/68221
ug_route/212294,OSP:BUSP:C708027,st_struct_pedestal/90780,st_struct_pedestal/91489
ug_route/212295,OSP:FBSP::13678334,st_struct_pedestal/91388,mywcom_route_junction/27495
ug_route/212296,OSP:BUSP::8490694,st_struct_pedestal/91425,building/68530
ug_route/212297,OSP:BUSP:C668365,st_struct_pedestal/93716,pole/54510
ug_route/212298,OSP:BUSP::10930740,st_struct_pedestal/93130,building/67200
ug_route/212299,OSP:FORSP::16955877,st_struct_vault/2731,cabinet/2829
ug_route/212300,OSP:BUSP::10929556,st_struct_pedestal/93451,building/67243
ug_route/212301,OSP:FBSP::8449412,mywcom_route_junction/27640,building/66945
ug_route/212302,OSP:FBSP:C661779,mywcom_route_junction/27776,building/68599
ug_route/212303,OSP:BUSP::10799228,st_struct_pedestal/90741,building/67769
ug_route/212304,OSP:BUSP::10679220,pole/53707,building/67569
ug_route/212305,OSP:FBSP:C653383,st_struct_buried_splice_location/3985,building/68337
ug_route/212306,OSP:BUSP::10709940,st_struct_pedestal/91131,building/66136
ug_route/212307,OSP:FORSP:C646088,mywcom_route_junction/27176,pole/53270
ug_route/212308,OSP:BUSP:C648438,st_struct_pedestal/91016,mywcom_route_junction/27823
ug_route/212309,OSP:BUSP::10664849,mywcom_route_junction/27781,pole/54103
ug_route/212310,OSP:BUSP::10693316,st_struct_pedestal/93730,cabinet/2768
ug_route/212311,OSP:BUSP:C657083,building/68334,building/66364
ug_route/212312,OSP:BUSP::16040272,mywcom_route_junction/27712,mywcom_route_junction/27733
ug_route/212313,OSP:FBSP::12052999,mywcom_route_junction/27251,st_struct_pedestal/94269
ug_route/212314,OSP:BUSP:C657717,st_struct_pedestal/93779,pole/53594
ug_route/212315,OSP:BUSP::9531707,st_struct_pedestal/92233,mywcom_route_junction/27615
ug_route/212316,OSP:BUSP::15969235,st_struct_pedestal/91375,building/68468
ug_route/212317,OSP:BUSP:C670088,st_struct_pedestal/92877,mywcom_route_junction/27516
ug_route/212318,OSP:FORSP::16953225,mywcom_route_junction/27176,st_struct_vault/2757
ug_route/212319,OSP:FBSP:C661091,st_struct_pedestal/94257,building/66612
ug_route/212320,OSP:FBSP::12053363,building/67512,mywcom_route_junction/27800
ug_route/212321,OSP:BUSP::10638815,st_struct_pedestal/90588,building/68673
ug_route/212322,OSP:BUSP:C667927,st_struct_buried_splice_location/3928,mywcom_route_junction/27924
ug_route/212323,OSP:FBSP:C650073,st_struct_pedestal/91915,building/67171
ug_route/212324,OSP:FBSP:C653375,st_struct_pedestal/92000,building/68337
ug_route/212325,OSP:BUSP::8448780,pole/52859,st_struct_pedestal/90613
ug_route/212326,OSP:FBSP:C652643,pole/54451,building/66929
ug_route/212327,OSP:BUSP::8435363,st_struct_pedestal/93862,mywcom_route_junction/27283
ug_route/212328,OSP:FBSP::8574878,mywcom_route_junction/27841,mywcom_route_junction/28172
ug_route/212329,OSP:FBSP::16865866,st_struct_pedestal/92862,building/67580
ug_route/212330,OSP:FBSP::13678332,st_struct_pedestal/91388,mywcom_route_junction/27762
ug_route/212331,OSP:FBSP::13885366,mywcom_route_junction/28077,building/68151
ug_route/212332,OSP:FBSP:C652626,pole/54111,building/68748
ug_route/212333,OSP:FBSP:C652879,building/67576,building/66259
ug_route/212334,OSP:BUSP::10771398,st_struct_pedestal/91430,building/67245
ug_route/212335,OSP:FBSP:C639772,st_struct_pedestal/90762,st_struct_pedestal/93490
ug_route/212336,OSP:FBSP:C657084,building/68334,building/66364
ug_route/212337,OSP:FBSP::13678336,st_struct_pedestal/93355,st_struct_pedestal/91388
ug_route/212338,OSP:BUSP::9465160,cabinet/2816,st_struct_pedestal/92592
ug_route/212339,OSP:BUSP::15969221,st_struct_pedestal/93698,building/67265
ug_route/212340,OSP:BUSP::14449845,st_struct_pedestal/93968,building/66675
ug_route/212341,OSP:BUSP::15970488,st_struct_pedestal/93364,building/68296
ug_route/212342,OSP:BUSP::10272182,st_struct_pedestal/91970,st_struct_pedestal/91136
ug_route/212343,OSP:FBSP::12052117,mywcom_route_junction/27280,mywcom_route_junction/27206
ug_route/212344,OSP:FBSP:C705537,mywcom_route_junction/27092,mywcom_route_junction/27547
ug_route/212345,OSP:BUSP::9550279,mywcom_route_junction/27531,st_struct_pedestal/92125
ug_route/212346,OSP:FBSP:C706978,mywcom_route_junction/27605,mywcom_route_junction/27862
ug_route/212347,OSP:FBSP::8587981,st_struct_pedestal/90853,mywcom_route_junction/27442
ug_route/212348,OSP:BUSP::11958018,building/68847,st_struct_pedestal/92761
ug_route/212349,OSP:BUSP::10851703,pole/54111,building/68748
ug_route/212350,OSP:BUSP::9493774,mywcom_route_junction/27325,st_struct_pedestal/94016
ug_route/212351,OSP:BUSP:C708393,pole/54035,mywcom_route_junction/27166
ug_route/212352,OSP:BUSP::10645034,st_struct_pedestal/91915,building/67171
ug_route/212353,OSP:FBSP:C711649,mywcom_route_junction/27820,st_struct_pedestal/93298
ug_route/212354,OSP:FBSP:C661781,st_struct_pedestal/93881,building/67741
ug_route/212355,OSP:BUSP::10799224,st_struct_pedestal/90545,building/66525
ug_route/212356,OSP:BUSP::9531061,mywcom_route_junction/28135,st_struct_pedestal/92578
ug_route/212357,OSP:FBSP:C651647,mywcom_route_junction/27126,st_struct_pedestal/92578
ug_route/212358,OSP:BUSP::9552543,st_struct_pedestal/93300,mywcom_route_junction/28145
ug_route/212359,OSP:BUSP:C667266,st_struct_pedestal/92251,st_struct_pedestal/91541
ug_route/212360,OSP:BUSP:C667595,st_struct_pedestal/93495,st_struct_pedestal/91179
ug_route/212361,OSP:BUSP::11329781,st_struct_pedestal/91848,st_struct_pedestal/92293
ug_route/212362,OSP:FORSP::16943303,st_struct_vault/2734,mywcom_route_junction/27674
ug_route/212363,OSP:FBSP::17062027,st_struct_pedestal/93589,cabinet/2825
ug_route/212364,OSP:BUSP::8575504,cabinet/2825,st_struct_pedestal/93589
ug_route/212365,OSP:FBSP::12053063,building/68643,st_struct_pedestal/91548
ug_route/212366,OSP:FBSP:C644366,mywcom_route_junction/28053,st_struct_pedestal/94016
ug_route/212367,OSP:FBSP::8489747,pole/54482,building/67840
ug_route/212368,OSP:BUSP::10682472,pole/54182,building/67294
ug_route/212369,OSP:BUSP:C710165,st_struct_buried_splice_location/3879,st_struct_pedestal/92916
ug_route/212370,OSP:FBSP::12053056,mywcom_route_junction/28177,mywcom_route_junction/27154
ug_route/212371,OSP:BUSP:C658756,building/67165,mywcom_route_junction/28116
ug_route/212372,OSP:FBSP:C704915,mywcom_route_junction/27194,st_struct_pedestal/93300
ug_route/212373,OSP:BUSP::10669623,building/67242,pole/53598
ug_route/212374,OSP:BUSP:C641154,st_struct_pedestal/91139,building/66142
ug_route/212375,OSP:FBSP:C647615,st_struct_pedestal/90588,building/68673
ug_route/212376,OSP:BUSP::15350970,st_struct_pedestal/94140,mywcom_route_junction/27851
ug_route/212377,OSP:FBSP:C661774,mywcom_route_junction/27587,building/66358
ug_route/212378,OSP:BUSP:C652044,st_struct_pedestal/92186,building/67999
ug_route/212379,OSP:FBSP:C711675,mywcom_route_junction/28067,building/66824
ug_route/212380,OSP:BUSP:C667165,st_struct_pedestal/91260,st_struct_pedestal/93526
ug_route/212381,OSP:FBSP:C667728,st_struct_pedestal/91871,building/68555
ug_route/212382,OSP:BUSP::8712154,mywcom_route_junction/27795,mywcom_route_junction/27958
ug_route/212383,OSP:FBSP::12052119,building/67560,mywcom_route_junction/27311
ug_route/212384,OSP:FBSP:C651798,mywcom_route_junction/27333,mywcom_route_junction/27952
ug_route/212385,OSP:FBSP:C639535,st_struct_pedestal/92075,building/68554
ug_route/212386,OSP:BUSP::9532354,st_struct_pedestal/91983,mywcom_route_junction/27919
ug_route/212387,OSP:BUSP::16532405,mywcom_route_junction/27796,mywcom_route_junction/28225
ug_route/212388,OSP:BUSP::8436978,pole/52604,building/68534
ug_route/212389,OSP:BUSP:C705520,st_struct_pedestal/91478,st_struct_pedestal/90614
ug_route/212390,OSP:FBSP:C659064,mywcom_route_junction/27118,mywcom_route_junction/27239
ug_route/212391,OSP:BUSP:C660190,st_struct_pedestal/91787,building/66817
ug_route/212392,OSP:BUSP::10763706,pole/54362,building/68011
ug_route/212393,OSP:FBSP::10943540,building/68798,st_struct_pedestal/90881
ug_route/212394,OSP:FBSP:C647561,st_struct_pedestal/93754,building/67294
ug_route/212395,OSP:BUSP::10718276,pole/53944,building/67169
ug_route/212396,OSP:FBSP::17062028,cabinet/2825,mywcom_route_junction/27405
ug_route/212397,OSP:BUSP::10684676,pole/52770,building/66228
ug_route/212398,OSP:BUSP:C663159,cabinet/2772,st_struct_buried_splice_location/3900
ug_route/212399,OSP:BUSP:C711817,st_struct_pedestal/93574,st_struct_pedestal/93932
ug_route/212400,OSP:BUSP::8348941,st_struct_pedestal/92437,st_struct_pedestal/91214
ug_route/212401,OSP:BUSP:C641685,pole/54212,st_struct_buried_splice_location/3916
ug_route/212402,OSP:FBSP::7635364,pole/52874,building/68497
ug_route/212403,OSP:FBSP::10550045,mywcom_route_junction/27351,st_struct_pedestal/91089
ug_route/212404,OSP:FBSP:C651580,mywcom_route_junction/28097,st_struct_pedestal/91983
ug_route/212405,OSP:BUSP::8713443,mywcom_route_junction/27507,st_struct_pedestal/93916
ug_route/212406,OSP:BUSP:C665152,mywcom_route_junction/27638,st_struct_pedestal/93050
ug_route/212407,OSP:BUSP::8382859,mywcom_route_junction/27549,mywcom_route_junction/28198
ug_route/212408,OSP:FBSP::8491013,st_struct_pedestal/90840,building/68052
ug_route/212409,OSP:FBSP:C640948,pole/53652,building/68793
ug_route/212410,OSP:BUSP:C665137,mywcom_route_junction/27737,st_struct_pedestal/92081
ug_route/212411,OSP:BUSP:C665098,mywcom_route_junction/27267,st_struct_pedestal/93043
ug_route/212412,OSP:BUSP::13712244,st_struct_pedestal/94304,mywcom_route_junction/27995
ug_route/212413,OSP:FORSP::14956740,st_struct_vault/2746,mywcom_route_junction/27686
ug_route/212414,OSP:BUSP::10445300,mywcom_route_junction/28131,mywcom_route_junction/28153
ug_route/212415,OSP:BUSP:C649206,pole/52815,st_struct_pedestal/90837
ug_route/212416,OSP:BUSP:C667606,st_struct_pedestal/90738,st_struct_pedestal/93587
ug_route/212417,OSP:FBSP:C645884,st_struct_pedestal/92017,building/68069
ug_route/212418,OSP:FBSP:C645740,st_struct_pedestal/92233,mywcom_route_junction/27108
ug_route/212419,OSP:FBSP::11797189,st_struct_pedestal/94198,mywcom_route_junction/27306
ug_route/212420,OSP:BUSP::9275654,mywcom_route_junction/28103,pole/53003
ug_route/212421,OSP:BUSP::8336140,st_struct_pedestal/94192,st_struct_pedestal/93396
ug_route/212422,OSP:FBSP::12053060,building/68312,mywcom_route_junction/27659
ug_route/212423,OSP:FBSP:C643163,st_struct_pedestal/92805,mywcom_route_junction/27852
ug_route/212424,OSP:BUSP::8607817,mywcom_route_junction/27974,mywcom_route_junction/27513
ug_route/212425,OSP:BUSP::11330111,st_struct_pedestal/93751,mywcom_route_junction/27371
ug_route/212426,OSP:BUSP::9447575,st_struct_pedestal/93007,st_struct_pedestal/93467
ug_route/212427,OSP:FORSP::16953223,st_struct_vault/2778,mywcom_route_junction/27215
ug_route/212428,OSP:BUSP::10693318,pole/53652,building/68793
ug_route/212429,OSP:FBSP:C648221,st_struct_pedestal/93581,building/67264
ug_route/212430,OSP:BUSP:C643945,st_struct_pedestal/91835,mywcom_route_junction/28114
ug_route/212431,OSP:BUSP::16532408,st_struct_buried_splice_location/3911,st_struct_pedestal/94079
ug_route/212432,OSP:FBSP:C651815,st_struct_pedestal/91730,mywcom_route_junction/28082
ug_route/212433,OSP:BUSP::8403338,mywcom_route_junction/27406,pole/52537
ug_route/212434,OSP:FORSP:C646237,mywcom_route_junction/27201,pole/54411
ug_route/212435,OSP:BUSP:C654086,st_struct_pedestal/91093,mywcom_route_junction/28049
ug_route/212436,OSP:BUSP::11470916,st_struct_pedestal/90650,mywcom_route_junction/27403
ug_route/212437,OSP:FBSP:C706965,mywcom_route_junction/27159,mywcom_route_junction/27971
ug_route/212438,OSP:BUSP::10693663,st_struct_pedestal/92017,building/68069
ug_route/212439,OSP:BUSP::17032932,mywcom_route_junction/27770,mywcom_route_junction/27935
ug_route/212440,OSP:BUSP::11330105,st_struct_pedestal/91717,st_struct_pedestal/90597
ug_route/212441,OSP:BUSP::11331392,st_struct_pedestal/91107,pole/54381
ug_route/212442,OSP:FBSP:C642392,mywcom_route_junction/27636,st_struct_pedestal/93257
ug_route/212443,OSP:BUSP:C644185,st_struct_pedestal/90759,st_struct_pedestal/94199
ug_route/212444,OSP:BUSP::16040276,mywcom_route_junction/27095,building/67299
ug_route/212445,OSP:BUSP::10852342,pole/53768,building/68374
ug_route/212446,OSP:BUSP:C650848,st_struct_pedestal/91154,st_struct_buried_splice_location/3913
ug_route/212447,OSP:BUSP::10689781,st_struct_pedestal/92645,st_struct_pedestal/93996
ug_route/212448,OSP:BUSP::8603982,st_struct_pedestal/91371,pole/53148
ug_route/212449,OSP:BUSP::10756984,st_struct_pedestal/94078,building/68711
ug_route/212450,OSP:FBSP:C667976,st_struct_pedestal/92430,building/66889
ug_route/212451,OSP:BUSP::9465505,st_struct_pedestal/92117,mywcom_route_junction/27968
ug_route/212452,OSP:BUSP::16694688,mywcom_route_junction/27418,mywcom_route_junction/27907
ug_route/212453,OSP:FBSP:C644502,mywcom_route_junction/27542,st_struct_pedestal/91021
ug_route/212454,OSP:BUSP::9496187,st_struct_pedestal/91938,st_struct_pedestal/93640
ug_route/212455,OSP:BUSP::8437270,pole/53484,building/67256
ug_route/212456,OSP:FBSP:C711686,mywcom_route_junction/27649,building/68468
ug_route/212457,OSP:BUSP::10693320,pole/53749,building/68186
ug_route/212458,OSP:FBSP:C644355,st_struct_pedestal/93521,st_struct_pedestal/93068
ug_route/212459,OSP:BUSP::11474132,st_struct_pedestal/93749,mywcom_route_junction/27443
ug_route/212460,OSP:FBSP:C658108,st_struct_pedestal/93983,mywcom_route_junction/27777
ug_route/212461,OSP:BUSP::10690440,st_struct_pedestal/92645,st_struct_pedestal/93996
ug_route/212462,OSP:BUSP::8381892,st_struct_pedestal/93930,st_struct_pedestal/91750
ug_route/212463,OSP:FBSP::12051826,mywcom_route_junction/27679,mywcom_route_junction/27216
ug_route/212464,OSP:BUSP::16057530,st_struct_pedestal/90871,building/66588
ug_route/212465,OSP:BUSP::8348942,st_struct_pedestal/91214,st_struct_pedestal/93155
ug_route/212466,OSP:FBSP:C705660,st_struct_pedestal/91019,mywcom_route_junction/27760
ug_route/212467,OSP:BUSP:C658753,mywcom_route_junction/28116,pole/53941
ug_route/212468,OSP:FBSP::10638769,mywcom_route_junction/28160,mywcom_route_junction/27802
ug_route/212469,OSP:FBSP::13678330,st_struct_pedestal/91388,building/68674
ug_route/212470,OSP:BUSP::11470323,st_struct_pedestal/93258,mywcom_route_junction/28143
ug_route/212471,OSP:BUSP:C667602,st_struct_pedestal/93060,st_struct_pedestal/92824
ug_route/212472,OSP:FBSP::10644055,st_struct_pedestal/91366,building/66932
ug_route/212473,OSP:BUSP::10636660,pole/53387,building/66310
ug_route/212474,OSP:BUSP::10756993,st_struct_pedestal/91668,building/67426
ug_route/212475,OSP:BUSP::8436970,st_struct_pedestal/90979,building/66366
ug_route/212476,OSP:BUSP:C671341,mywcom_route_junction/27481,mywcom_route_junction/27969
ug_route/212477,OSP:BUSP:C639506,st_struct_pedestal/93929,st_struct_pedestal/92885
ug_route/212478,OSP:BUSP::16771819,st_struct_pedestal/91796,mywcom_route_junction/27118
ug_route/212479,OSP:FBSP:C662329,st_struct_pedestal/92122,building/67012
ug_route/212480,OSP:FBSP:C652531,pole/53903,building/68687
ug_route/212481,OSP:BUSP:C652654,st_struct_pedestal/91354,st_struct_pedestal/91628
ug_route/212482,OSP:FBSP:C706968,mywcom_route_junction/27905,mywcom_route_junction/27774
ug_route/212483,OSP:FBSP:C650355,st_struct_pedestal/92388,building/66444
ug_route/212484,OSP:FBSP::12052118,st_struct_pedestal/90612,building/68191
ug_route/212485,OSP:BUSP::9379060,pole/52874,mywcom_route_junction/28207
ug_route/212486,OSP:FBSP:C651636,st_struct_pedestal/93902,st_struct_pedestal/91040
ug_route/212487,OSP:FBSP:C643167,st_struct_pedestal/91135,mywcom_route_junction/28047
ug_route/212488,OSP:FBSP:C704353,mywcom_route_junction/27473,st_struct_pedestal/91299
ug_route/212489,OSP:BUSP::14906821,st_struct_pedestal/90979,building/66366
ug_route/212550,OSP:BUSP:C665995,st_struct_pedestal/94285,mywcom_route_junction/27806
ug_route/212490,OSP:BUSP:C644188,st_struct_pedestal/90759,st_struct_pedestal/94199
ug_route/212491,OSP:FBSP:C650368,st_struct_pedestal/93269,building/68050
ug_route/212492,OSP:BUSP::10271227,pole/52964,st_struct_pedestal/91892
ug_route/212493,OSP:BUSP:C671344,mywcom_route_junction/27096,mywcom_route_junction/27990
ug_route/212494,OSP:FBSP:C650440,st_struct_pedestal/90951,building/67856
ug_route/212495,OSP:BUSP:C648421,st_struct_pedestal/92041,mywcom_route_junction/27316
ug_route/212496,OSP:BUSP:C651422,st_struct_pedestal/92715,st_struct_pedestal/93658
ug_route/212497,OSP:BUSP::8382546,pole/53995,building/66231
ug_route/212498,OSP:BUSP::9493771,st_struct_pedestal/93521,st_struct_pedestal/93068
ug_route/212499,OSP:BUSP:C659742,st_struct_pedestal/93423,building/66432
ug_route/212500,OSP:FBSP:C669123,st_struct_pedestal/90894,building/66779
ug_route/212501,OSP:BUSP::9691716,st_struct_pedestal/93116,mywcom_route_junction/27250
ug_route/212502,OSP:FBSP::12052122,building/68801,mywcom_route_junction/27918
ug_route/212503,OSP:BUSP::10661625,st_struct_pedestal/93693,building/66135
ug_route/212504,OSP:BUSP::9532663,st_struct_pedestal/91021,mywcom_route_junction/27289
ug_route/212505,OSP:FBSP::8575835,mywcom_route_junction/27852,mywcom_route_junction/27797
ug_route/212506,OSP:FBSP:C644294,st_struct_pedestal/92933,st_struct_pedestal/93762
ug_route/212507,OSP:BUSP::8384136,mywcom_route_junction/28086,building/68689
ug_route/212508,OSP:BUSP:C661745,building/66901,building/68553
ug_route/212509,OSP:BUSP::8586061,st_struct_pedestal/93884,mywcom_route_junction/27401
ug_route/212510,OSP:BUSP::10711552,st_struct_pedestal/91384,building/67083
ug_route/212511,OSP:BUSP:C661776,mywcom_route_junction/27587,st_struct_pedestal/91612
ug_route/212512,OSP:BUSP::8712457,mywcom_route_junction/27578,mywcom_route_junction/27329
ug_route/212513,OSP:BUSP::10273176,st_struct_pedestal/91136,st_struct_pedestal/91413
ug_route/212514,OSP:FBSP::8346081,st_struct_pedestal/92717,st_struct_pedestal/91005
ug_route/212515,OSP:BUSP::15966973,st_struct_pedestal/92122,building/67012
ug_route/212516,OSP:BUSP:C661780,mywcom_route_junction/27776,st_struct_pedestal/93881
ug_route/212517,OSP:BUSP:C667910,st_struct_pedestal/93328,mywcom_route_junction/27112
ug_route/212518,OSP:FBSP:C651864,st_struct_pedestal/93464,building/67659
ug_route/212519,OSP:FBSP:C652974,pole/52223,building/68156
ug_route/212520,OSP:FBSP:C704350,mywcom_route_junction/27714,st_struct_pedestal/92942
ug_route/212521,OSP:BUSP::8400465,pole/52926,st_struct_pedestal/92000
ug_route/212522,OSP:BUSP:C711829,mywcom_route_junction/27688,mywcom_route_junction/27614
ug_route/212523,OSP:BUSP::9453953,st_struct_pedestal/94138,st_struct_pedestal/91135
ug_route/212524,OSP:BUSP::9531065,st_struct_pedestal/91040,st_struct_pedestal/93902
ug_route/212525,OSP:BUSP:C656848,mywcom_route_junction/28226,mywcom_route_junction/27432
ug_route/212526,OSP:FBSP:C706057,st_struct_pedestal/91452,building/66685
ug_route/212527,OSP:FBSP::10638320,mywcom_route_junction/28075,mywcom_route_junction/27858
ug_route/212528,OSP:BUSP::9489462,mywcom_route_junction/27338,st_struct_pedestal/91041
ug_route/212529,OSP:BUSP:C656343,st_struct_pedestal/91134,st_struct_pedestal/93186
ug_route/212530,OSP:FBSP:C646142,st_struct_pedestal/91688,st_struct_pedestal/93977
ug_route/212531,OSP:BUSP::9506437,st_struct_pedestal/93929,st_struct_pedestal/92885
ug_route/212532,OSP:FBSP::14203130,st_struct_pedestal/91543,st_struct_pedestal/90842
ug_route/212533,OSP:BUSP:C658010,st_struct_pedestal/91463,building/66298
ug_route/212534,OSP:FBSP:C646170,st_struct_pedestal/92010,st_struct_pedestal/90717
ug_route/212535,OSP:FBSP:C652759,pole/53768,building/68593
ug_route/212536,OSP:BUSP::15350325,st_struct_pedestal/90894,building/66779
ug_route/212537,OSP:BUSP::17101126,st_struct_pedestal/91466,mywcom_route_junction/28002
ug_route/212538,OSP:FBSP:C643387,st_struct_pedestal/94096,st_struct_pedestal/93616
ug_route/212539,OSP:BUSP::16735356,mywcom_route_junction/27742,mywcom_route_junction/27419
ug_route/212540,OSP:BUSP:C643761,building/66927,st_struct_pedestal/92370
ug_route/212541,OSP:BUSP::10689805,st_struct_pedestal/93464,building/67659
ug_route/212542,OSP:FBSP::8489732,mywcom_route_junction/27854,building/68714
ug_route/212543,OSP:FBSP:C644275,mywcom_route_junction/27476,st_struct_pedestal/91041
ug_route/212544,OSP:FBSP::8576457,st_struct_pedestal/93997,building/67623
ug_route/212545,OSP:FBSP::8489736,st_struct_pedestal/91385,mywcom_route_junction/27785
ug_route/212546,OSP:BUSP::8436977,cabinet/2757,building/68534
ug_route/212547,OSP:BUSP:D8186372,mywcom_route_junction/28095,st_struct_pedestal/90786
ug_route/212548,OSP:FBSP::10638592,mywcom_route_junction/27858,mywcom_route_junction/27504
ug_route/212549,OSP:FBSP::12051913,mywcom_route_junction/27458,st_struct_pedestal/91477
ug_route/212551,OSP:BUSP:C662095,mywcom_route_junction/28052,mywcom_route_junction/27161
ug_route/212552,OSP:BUSP::16040252,mywcom_route_junction/27666,mywcom_route_junction/27893
ug_route/212553,OSP:FBSP::8346079,st_struct_pedestal/91809,st_struct_pedestal/91147
ug_route/212554,OSP:FBSP::8415816,mywcom_route_junction/27347,st_struct_pedestal/90679
ug_route/212555,OSP:BUSP::16769864,st_struct_pedestal/92715,mywcom_route_junction/27213
ug_route/212556,OSP:BUSP:C652833,st_struct_pedestal/90958,building/67155
ug_route/212557,OSP:BUSP::16040279,mywcom_route_junction/27095,mywcom_route_junction/27953
ug_route/212558,OSP:FBSP:C705519,st_struct_pedestal/92775,st_struct_pedestal/91478
ug_route/212559,OSP:FBSP:C711674,mywcom_route_junction/27826,st_struct_pedestal/91375
ug_route/212560,OSP:BUSP::16788477,mywcom_route_junction/27970,mywcom_route_junction/27925
ug_route/212561,OSP:BUSP::10388363,st_struct_pedestal/90758,st_struct_pedestal/91943
ug_route/212562,OSP:BUSP::9440502,st_struct_pedestal/92476,mywcom_route_junction/27928
ug_route/212563,OSP:BUSP::8383518,mywcom_route_junction/27879,mywcom_route_junction/27607
ug_route/212564,OSP:FBSP:C643080,st_struct_pedestal/91145,st_struct_pedestal/93299
ug_route/212565,OSP:FBSP:C644281,mywcom_route_junction/27476,st_struct_pedestal/94114
ug_route/212566,OSP:FBSP::12051793,st_struct_pedestal/92072,st_struct_pedestal/90766
ug_route/212567,OSP:BUSP::11474140,st_struct_pedestal/93120,st_struct_vault/2717
ug_route/212568,OSP:FBSP::8588361,st_struct_pedestal/92066,st_struct_pedestal/93835
ug_route/212569,OSP:BUSP::10757302,mywcom_route_junction/28193,building/68097
ug_route/212570,OSP:BUSP::9489154,st_struct_pedestal/93762,st_struct_pedestal/92933
ug_route/212571,OSP:BUSP:C642492,st_struct_pedestal/93178,st_struct_pedestal/90715
ug_route/212572,OSP:BUSP::9421310,pole/52732,pole/53129
ug_route/212573,OSP:FBSP::9776500,st_struct_pedestal/94260,building/66694
ug_route/212574,OSP:BUSP:C708386,st_struct_pedestal/93059,mywcom_route_junction/28003
ug_route/212575,OSP:BUSP:C651766,cabinet/2796,mywcom_route_junction/27301
ug_route/212576,OSP:BUSP::8712152,mywcom_route_junction/28204,mywcom_route_junction/27941
ug_route/212577,OSP:FBSP::8950866,st_struct_pedestal/91969,st_struct_pedestal/91563
ug_route/212578,OSP:FBSP:C707471,pole/52901,mywcom_route_junction/27278
ug_route/212579,OSP:FBSP::8950857,st_struct_pedestal/93957,st_struct_pedestal/93332
ug_route/212580,OSP:BUSP::8576464,mywcom_route_junction/27287,pole/54294
ug_route/212581,OSP:FBSP:C644503,mywcom_route_junction/27542,st_struct_pedestal/93540
ug_route/212582,OSP:BUSP::10865522,pole/53903,building/68653
ug_route/212583,OSP:BUSP:C658167,mywcom_route_junction/27909,st_struct_pedestal/92117
ug_route/212584,OSP:FBSP::10638582,mywcom_route_junction/27496,building/67699
ug_route/212585,OSP:BUSP::9453940,st_struct_pedestal/91080,st_struct_pedestal/93454
ug_route/212586,OSP:BUSP:C665089,mywcom_route_junction/27705,st_struct_pedestal/92203
ug_route/212587,OSP:BUSP::8364614,st_struct_pedestal/91078,building/66306
ug_route/212588,OSP:FBSP:C646118,st_struct_pedestal/94206,mywcom_route_junction/27620
ug_route/212589,OSP:BUSP::16057234,st_struct_pedestal/92782,st_struct_pedestal/92926
ug_route/212590,OSP:BUSP::8447501,st_struct_pedestal/91169,mywcom_route_junction/27978
ug_route/212591,OSP:FBSP::10638768,mywcom_route_junction/27998,building/67692
ug_route/212592,OSP:FBSP::8346073,st_struct_pedestal/93286,st_struct_pedestal/94286
ug_route/212593,OSP:BUSP::15472567,pole/52901,mywcom_route_junction/27278
ug_route/212594,OSP:FBSP:C639815,st_struct_pedestal/92326,st_struct_pedestal/92935
ug_route/212595,OSP:BUSP::17032072,st_struct_pedestal/91385,mywcom_route_junction/27855
ug_route/212596,OSP:FBSP::12051988,mywcom_route_junction/28216,mywcom_route_junction/27402
ug_route/212597,OSP:BUSP::15350659,building/66306,st_struct_pedestal/91078
ug_route/212598,OSP:FBSP:C671217,st_struct_pedestal/94040,building/67121
ug_route/212599,OSP:BUSP:C653689,st_struct_pedestal/92499,building/66701
ug_route/212600,OSP:FBSP:C656107,st_struct_pedestal/91097,st_struct_pedestal/93790
ug_route/212601,OSP:BUSP::9529783,st_struct_pedestal/92188,mywcom_route_junction/27217
ug_route/212602,OSP:FORSP:D8153716,mywcom_route_junction/27845,mywcom_route_junction/27408
ug_route/212603,OSP:FBSP::8346077,st_struct_pedestal/93894,st_struct_pedestal/91884
ug_route/212604,OSP:BUSP:C668824,st_struct_pedestal/91912,st_struct_pedestal/92923
ug_route/212605,OSP:BUSP::8447503,mywcom_route_junction/27978,mywcom_route_junction/28228
ug_route/212606,OSP:BUSP::8591176,cabinet/2820,pole/52291
ug_route/212607,OSP:BUSP::15969234,st_struct_pedestal/91375,building/66824
ug_route/212608,OSP:FBSP:C667703,pole/52572,building/68555
ug_route/212609,OSP:FBSP::8331984,st_struct_pedestal/92345,mywcom_route_junction/27320
ug_route/212610,OSP:FORSP::16943972,st_struct_vault/2764,mywcom_route_junction/27845
ug_route/212611,OSP:FBSP::13095323,pole/52324,building/68624
ug_route/212612,OSP:BUSP::16783620,mywcom_route_junction/27412,st_struct_pedestal/93977
ug_route/212613,OSP:BUSP::9691717,mywcom_route_junction/27250,st_struct_pedestal/92476
ug_route/212614,OSP:BUSP::9490780,st_struct_pedestal/92935,mywcom_route_junction/27308
ug_route/212615,OSP:BUSP::16788472,st_struct_pedestal/90717,mywcom_route_junction/27265
ug_route/212616,OSP:BUSP:C657357,st_struct_pedestal/94219,st_struct_pedestal/91737
ug_route/212617,OSP:FBSP::8415813,mywcom_route_junction/28079,mywcom_route_junction/28084
ug_route/212618,OSP:BUSP::16059126,pole/53853,mywcom_route_junction/27885
ug_route/212619,OSP:FBSP::8348293,mywcom_route_junction/27751,st_struct_pedestal/91335
ug_route/212620,OSP:FBSP::10638581,st_struct_pedestal/93006,mywcom_route_junction/27496
ug_route/212621,OSP:BUSP::11331072,st_struct_pedestal/92863,st_struct_vault/2719
ug_route/212622,OSP:BUSP:C665789,mywcom_route_junction/27468,st_struct_pedestal/92416
ug_route/212623,OSP:FBSP:C639528,st_struct_pedestal/92075,st_struct_pedestal/92867
ug_route/212624,OSP:FBSP:C668750,mywcom_route_junction/27259,mywcom_route_junction/28016
ug_route/212625,OSP:BUSP::10764342,st_struct_pedestal/92747,building/68540
ug_route/212626,OSP:BUSP::8366867,mywcom_route_junction/27249,mywcom_route_junction/27195
ug_route/212627,OSP:BUSP::9489461,st_struct_pedestal/94114,mywcom_route_junction/27338
ug_route/212628,OSP:FBSP:C711684,mywcom_route_junction/28067,mywcom_route_junction/27826
ug_route/212629,OSP:BUSP:C651037,mywcom_route_junction/28096,st_struct_pedestal/92188
ug_route/212630,OSP:BUSP::17032899,mywcom_route_junction/28029,mywcom_route_junction/28089
ug_route/212631,OSP:FBSP:C662288,st_struct_pedestal/94295,building/68662
ug_route/212632,OSP:FBSP:C711739,st_struct_pedestal/94318,mywcom_route_junction/27772
ug_route/212633,OSP:BUSP:C659990,st_struct_pedestal/90576,building/68090
ug_route/212634,OSP:BUSP:C640958,st_struct_pedestal/90564,building/66984
ug_route/212635,OSP:BUSP::9509318,mywcom_route_junction/27257,st_struct_pedestal/93059
ug_route/212636,OSP:BUSP::9148315,st_struct_pedestal/91737,st_struct_pedestal/94219
ug_route/212637,OSP:BUSP:C667724,mywcom_route_junction/27657,st_struct_pedestal/91871
ug_route/212638,OSP:FBSP:C662341,st_struct_pedestal/90742,building/67398
ug_route/212639,OSP:BUSP:C648455,pole/53355,st_struct_pedestal/92464
ug_route/212640,OSP:FBSP::12052983,st_struct_pedestal/91664,building/66250
ug_route/212641,OSP:FORSP::16954837,st_struct_vault/2745,cabinet/2849
ug_route/212642,OSP:FBSP:C651093,st_struct_pedestal/93188,st_struct_pedestal/93528
ug_route/212643,OSP:BUSP::9157574,st_struct_pedestal/94219,pole/54491
ug_route/212644,OSP:BUSP::10267110,st_struct_pedestal/93790,st_struct_pedestal/91097
ug_route/212645,OSP:BUSP::9532665,mywcom_route_junction/27289,st_struct_pedestal/93540
ug_route/212646,OSP:FBSP:C653411,st_struct_pedestal/92394,building/66774
ug_route/212647,OSP:FBSP:C667917,st_struct_pedestal/93122,building/67139
ug_route/212648,OSP:FBSP::11557350,st_struct_pedestal/90885,building/68538
ug_route/212649,OSP:BUSP::8383519,mywcom_route_junction/28213,mywcom_route_junction/27122
ug_route/212650,OSP:BUSP::8330692,st_struct_pedestal/94277,st_struct_pedestal/92253
ug_route/212651,OSP:BUSP::15976892,st_struct_pedestal/93327,building/67552
ug_route/212652,OSP:FBSP:C705494,st_struct_pedestal/93528,st_struct_pedestal/92136
ug_route/212653,OSP:FBSP:C644409,mywcom_route_junction/28122,st_struct_pedestal/93640
ug_route/212654,OSP:FBSP:C651677,st_struct_pedestal/93537,st_struct_pedestal/94180
ug_route/212655,OSP:FBSP::12053054,building/67105,mywcom_route_junction/28177
ug_route/212656,OSP:FBSP::7630310,pole/52435,st_struct_buried_splice_location/3940
ug_route/212657,OSP:FBSP:C639526,st_struct_pedestal/92689,st_struct_pedestal/92075
ug_route/212658,OSP:BUSP::17059973,st_struct_pedestal/90586,mywcom_route_junction/27994
ug_route/212659,OSP:FBSP:C704332,pole/54253,mywcom_route_junction/27110
ug_route/212660,OSP:FBSP:C704349,pole/53793,mywcom_route_junction/27714
ug_route/212661,OSP:FBSP:C704352,pole/52420,mywcom_route_junction/27473
ug_route/212662,OSP:FBSP:C670021,st_struct_pedestal/92284,building/68566
ug_route/212663,OSP:FBSP::13042378,pole/53360,pole/52395
ug_route/212664,OSP:FBSP::8433105,st_struct_pedestal/91073,building/67874
ug_route/212665,OSP:FBSP::12053036,mywcom_route_junction/27883,st_struct_pedestal/93819
ug_route/212666,OSP:FBSP:C667441,st_struct_pedestal/91687,st_struct_pedestal/91177
ug_route/212667,OSP:FBSP:C651550,mywcom_route_junction/28212,st_struct_pedestal/93121
ug_route/212668,OSP:BUSP::15126649,pole/53861,st_struct_pedestal/93010
ug_route/212669,OSP:BUSP:C655100,pole/52646,st_struct_pedestal/91027
ug_route/212670,OSP:FBSP:C644360,st_struct_pedestal/92199,mywcom_route_junction/28053
ug_route/212671,OSP:FORSP::13673534,mywcom_route_junction/27621,cabinet/2856
ug_route/212672,OSP:BUSP::10854581,st_struct_pedestal/90971,building/67303
ug_route/212673,OSP:FBSP:C708419,mywcom_route_junction/28045,st_struct_buried_splice_location/3906
ug_route/212674,OSP:FBSP::12052111,mywcom_route_junction/27381,mywcom_route_junction/27903
ug_route/212675,OSP:FBSP:C668634,mywcom_route_junction/27766,building/67799
ug_route/212676,OSP:BUSP:C657365,pole/53591,pole/54536
ug_route/212677,OSP:BUSP::11330107,st_struct_pedestal/91846,mywcom_route_junction/27371
ug_route/212678,OSP:FBSP:C705800,pole/54242,building/66488
ug_route/212679,OSP:BUSP::10781620,building/68660,mywcom_route_junction/28197
ug_route/212680,OSP:FBSP:C651169,pole/52471,building/68238
ug_route/212681,OSP:BUSP::10348340,st_struct_buried_splice_location/3952,st_struct_pedestal/93175
ug_route/212682,OSP:FBSP::12053045,building/66479,mywcom_route_junction/27154
ug_route/212683,OSP:FBSP:C710342,st_struct_pedestal/93036,st_struct_pedestal/94161
ug_route/212684,OSP:FBSP:C651973,pole/52495,building/66503
ug_route/212685,OSP:FBSP:C658204,st_struct_pedestal/91346,st_struct_pedestal/91006
ug_route/212686,OSP:BUSP:C707704,st_struct_pedestal/91655,st_struct_pedestal/91538
ug_route/212687,OSP:FBSP:C643187,st_struct_pedestal/93418,st_struct_pedestal/93534
ug_route/212688,OSP:FBSP::7635433,pole/53213,building/66250
ug_route/212689,OSP:FBSP::13702979,mywcom_route_junction/27202,building/67632
ug_route/212690,OSP:BUSP::9528184,st_struct_pedestal/93188,st_struct_pedestal/93528
ug_route/212691,OSP:FBSP::8572614,mywcom_route_junction/27448,st_struct_pedestal/93307
ug_route/212692,OSP:FBSP:C704910,st_struct_pedestal/92595,st_struct_pedestal/92674
ug_route/212693,OSP:BUSP:C711936,mywcom_route_junction/27687,mywcom_route_junction/28078
ug_route/212694,OSP:FBSP:C651488,st_struct_pedestal/93514,st_struct_pedestal/93134
ug_route/212695,OSP:BUSP::16988106,pole/54242,building/66488
ug_route/212696,OSP:FBSP::13692420,mywcom_route_junction/27426,st_struct_pedestal/93222
ug_route/212697,OSP:BUSP::11329785,st_struct_pedestal/93742,st_struct_pedestal/91810
ug_route/212698,OSP:FBSP::8434372,mywcom_route_junction/27431,building/67282
ug_route/212699,OSP:FBSP::8950861,st_struct_pedestal/93447,st_struct_pedestal/91085
ug_route/212700,OSP:FBSP:C654034,mywcom_route_junction/27547,building/66800
ug_route/212701,OSP:FBSP:C655983,st_struct_pedestal/92815,st_struct_pedestal/91104
ug_route/212702,OSP:BUSP::8345413,mywcom_route_junction/27098,st_struct_pedestal/93376
ug_route/212703,OSP:FBSP:C708079,pole/53428,building/68349
ug_route/212704,OSP:FBSP:C651251,st_struct_pedestal/91216,st_struct_pedestal/93953
ug_route/212705,OSP:FORSP:C645945,mywcom_route_junction/27724,pole/53141
ug_route/212706,OSP:BUSP:C670082,mywcom_route_junction/27660,st_struct_pedestal/92587
ug_route/212707,OSP:FBSP:C668822,st_struct_pedestal/91912,building/67309
ug_route/212708,OSP:FBSP:C662381,st_struct_pedestal/91073,building/67201
ug_route/212709,OSP:BUSP::15118991,st_struct_pedestal/94295,mywcom_route_junction/27394
ug_route/212710,OSP:FBSP:C662350,st_struct_pedestal/93327,building/67552
ug_route/212711,OSP:FBSP:C667463,st_struct_pedestal/92807,st_struct_pedestal/93141
ug_route/212712,OSP:BUSP::9528825,st_struct_pedestal/91687,st_struct_pedestal/91177
ug_route/212713,OSP:FBSP:C651516,mywcom_route_junction/27108,st_struct_pedestal/92409
ug_route/212714,OSP:BUSP::8448775,cabinet/2766,pole/52487
ug_route/212715,OSP:BUSP::11380149,pole/53113,building/67865
ug_route/212716,OSP:BUSP::8402715,st_struct_pedestal/93233,mywcom_route_junction/27498
ug_route/212717,OSP:FBSP:C644389,st_struct_pedestal/92349,building/67390
ug_route/212718,OSP:BUSP:C661630,st_struct_pedestal/91684,building/68155
ug_route/212719,OSP:FBSP:C644276,st_struct_pedestal/93510,mywcom_route_junction/27476
ug_route/212720,OSP:FBSP:C663635,st_struct_pedestal/91209,building/67867
ug_route/212721,OSP:BUSP:C661635,st_struct_pedestal/90807,building/68197
ug_route/212722,OSP:BUSP::10668996,st_struct_pedestal/94154,building/68627
ug_route/212723,OSP:BUSP::16048244,st_struct_pedestal/92084,building/68252
ug_route/212724,OSP:BUSP:D8186373,mywcom_route_junction/28082,st_struct_pedestal/90786
ug_route/212725,OSP:FBSP:C664516,st_struct_pedestal/90971,building/67303
ug_route/212726,OSP:BUSP::8434387,mywcom_route_junction/27188,mywcom_route_junction/28136
ug_route/212727,OSP:FBSP::12052091,building/68067,mywcom_route_junction/27632
ug_route/212728,OSP:BUSP::16040903,st_struct_pedestal/91472,building/68625
ug_route/212729,OSP:FBSP:C710194,pole/52952,st_struct_pedestal/93952
ug_route/212730,OSP:FBSP:C710368,mywcom_route_junction/27203,st_struct_pedestal/94267
ug_route/212731,OSP:FBSP:C643131,st_struct_pedestal/91396,mywcom_route_junction/27906
ug_route/212732,OSP:BUSP:C661103,st_struct_pedestal/93998,st_struct_pedestal/92548
ug_route/212733,OSP:BUSP::9433476,st_struct_pedestal/93418,st_struct_pedestal/93534
ug_route/212734,OSP:BUSP:C706096,st_struct_pedestal/94213,cabinet/2832
ug_route/212735,OSP:BUSP:C653484,st_struct_pedestal/91241,building/66345
ug_route/212736,OSP:BUSP::9465141,st_struct_pedestal/91006,st_struct_pedestal/91346
ug_route/212737,OSP:BUSP:C655467,mywcom_route_junction/27295,pole/53116
ug_route/212738,OSP:BUSP:C671010,mywcom_route_junction/27435,st_struct_pedestal/92632
ug_route/212739,OSP:BUSP::9531722,st_struct_pedestal/93514,st_struct_pedestal/93134
ug_route/212740,OSP:FBSP:C667925,st_struct_pedestal/93122,building/67139
ug_route/212741,OSP:FBSP:C651672,st_struct_pedestal/91405,st_struct_pedestal/92146
ug_route/212742,OSP:FBSP::13712582,mywcom_route_junction/28043,st_struct_vault/2783
ug_route/212743,OSP:BUSP::9531721,st_struct_pedestal/93107,st_struct_pedestal/93121
ug_route/212744,OSP:BUSP::16769451,st_struct_pedestal/91794,mywcom_route_junction/27279
ug_route/212745,OSP:BUSP::13514486,st_struct_pedestal/92178,st_struct_pedestal/92396
ug_route/212746,OSP:BUSP::9513475,st_struct_pedestal/94180,st_struct_pedestal/93537
ug_route/212747,OSP:FBSP:C667924,st_struct_pedestal/93122,building/67139
ug_route/212748,OSP:FBSP:C663374,st_struct_pedestal/93454,mywcom_route_junction/28163
ug_route/212749,OSP:BUSP::10669636,st_struct_pedestal/90896,building/67339
ug_route/212750,OSP:BUSP::9522425,st_struct_pedestal/91216,st_struct_pedestal/93953
ug_route/212751,OSP:BUSP:C656293,building/68557,st_struct_pedestal/92149
ug_route/212752,OSP:BUSP:C661036,st_struct_pedestal/92695,building/67876
ug_route/212753,OSP:FBSP::10345589,st_struct_pedestal/92365,st_struct_pedestal/90789
ug_route/212754,OSP:BUSP::15966965,pole/52875,building/67475
ug_route/212812,OSP:BUSP::10669638,st_struct_pedestal/91920,building/67686
ug_route/212755,OSP:BUSP::14929852,st_struct_pedestal/91472,building/68625
ug_route/212756,OSP:BUSP::16783617,st_struct_pedestal/91736,mywcom_route_junction/27293
ug_route/212757,OSP:BUSP::9514111,st_struct_pedestal/92595,st_struct_pedestal/92674
ug_route/212758,OSP:BUSP::10756985,st_struct_pedestal/94078,building/66407
ug_route/212759,OSP:BUSP:C669971,st_struct_pedestal/91157,mywcom_route_junction/27773
ug_route/212760,OSP:BUSP::10618100,pole/53597,building/67424
ug_route/212761,OSP:FBSP:C667433,mywcom_route_junction/27879,st_struct_pedestal/91978
ug_route/212762,OSP:FORSP::16953228,st_struct_vault/2759,st_struct_pedestal/94283
ug_route/212763,OSP:BUSP:C658126,mywcom_route_junction/27196,mywcom_route_junction/27482
ug_route/212764,OSP:BUSP::8345417,st_struct_pedestal/93836,mywcom_route_junction/27397
ug_route/212765,OSP:BUSP::10638760,mywcom_route_junction/27637,building/67826
ug_route/212766,OSP:BUSP::8446859,st_struct_pedestal/91394,mywcom_route_junction/27180
ug_route/212767,OSP:FBSP::12053010,building/67419,mywcom_route_junction/28072
ug_route/212768,OSP:BUSP::9493773,st_struct_pedestal/92199,mywcom_route_junction/27325
ug_route/212769,OSP:BUSP::8383520,mywcom_route_junction/27091,mywcom_route_junction/27767
ug_route/212770,OSP:BUSP:C662116,mywcom_route_junction/27902,mywcom_route_junction/28026
ug_route/212771,OSP:FORSP::16956647,st_struct_vault/2748,pole/53040
ug_route/212772,OSP:FBSP:C711666,mywcom_route_junction/27839,mywcom_route_junction/27577
ug_route/212773,OSP:BUSP::9530107,st_struct_pedestal/91545,st_struct_pedestal/93273
ug_route/212774,OSP:BUSP:C668331,mywcom_route_junction/27634,mywcom_route_junction/27699
ug_route/212775,OSP:FBSP:C648347,pole/53851,building/67189
ug_route/212776,OSP:BUSP:C665166,mywcom_route_junction/27843,st_struct_buried_splice_location/3952
ug_route/212777,OSP:BUSP:C656372,mywcom_route_junction/27409,mywcom_route_junction/27722
ug_route/212778,OSP:BUSP::11470929,mywcom_route_junction/27163,st_struct_pedestal/91482
ug_route/212779,OSP:BUSP::9490815,st_struct_pedestal/93141,st_struct_pedestal/92807
ug_route/212780,OSP:FBSP::8586052,mywcom_route_junction/27158,mywcom_route_junction/27490
ug_route/212781,OSP:BUSP::7723335,pole/52730,mywcom_route_junction/27245
ug_route/212782,OSP:BUSP:C659076,mywcom_route_junction/27950,mywcom_route_junction/28144
ug_route/212783,OSP:BUSP::9497140,pole/52952,st_struct_pedestal/93952
ug_route/212784,OSP:FBSP::10594101,pole/54156,st_struct_pedestal/93766
ug_route/212785,OSP:FBSP::10638422,mywcom_route_junction/28010,building/67826
ug_route/212786,OSP:BUSP::8589288,st_struct_pedestal/92643,st_struct_pedestal/91492
ug_route/212787,OSP:FBSP:C651209,pole/52471,building/68238
ug_route/212788,OSP:BUSP:C667200,cabinet/2833,mywcom_route_junction/27810
ug_route/212789,OSP:BUSP::9513464,mywcom_route_junction/27213,st_struct_pedestal/91341
ug_route/212790,OSP:BUSP::7642388,cabinet/2781,cabinet/2795
ug_route/212791,OSP:BUSP::8330403,st_struct_pedestal/93519,st_struct_pedestal/93224
ug_route/212792,OSP:BUSP:C651379,st_struct_pedestal/93658,st_struct_pedestal/91341
ug_route/212793,OSP:FBSP:C711517,st_struct_pedestal/91209,building/67867
ug_route/212794,OSP:BUSP::16023607,pole/53051,building/68558
ug_route/212795,OSP:BUSP::9465839,st_struct_pedestal/92176,st_struct_pedestal/92802
ug_route/212796,OSP:BUSP::8374252,st_struct_pedestal/92988,building/66356
ug_route/212797,OSP:BUSP::16012099,pole/54026,mywcom_route_junction/27963
ug_route/212798,OSP:BUSP::16754884,st_struct_buried_splice_location/3886,st_struct_pedestal/92974
ug_route/212799,OSP:FBSP:C668742,mywcom_route_junction/27268,building/66714
ug_route/212800,OSP:BUSP::9432822,st_struct_pedestal/93299,st_struct_pedestal/91145
ug_route/212801,OSP:FBSP::11652661,cabinet/2857,st_struct_pedestal/92331
ug_route/212802,OSP:FBSP::12053044,building/67685,mywcom_route_junction/27429
ug_route/212803,OSP:FBSP:C667467,st_struct_pedestal/92004,st_struct_pedestal/92510
ug_route/212804,OSP:BUSP:C643690,mywcom_route_junction/27273,st_struct_pedestal/93499
ug_route/212805,OSP:FBSP:C652605,st_struct_pedestal/93706,st_struct_pedestal/93969
ug_route/212806,OSP:BUSP::8447813,st_struct_pedestal/93288,mywcom_route_junction/27323
ug_route/212807,OSP:BUSP::16788469,mywcom_route_junction/27653,mywcom_route_junction/27253
ug_route/212808,OSP:FBSP::10633145,mywcom_route_junction/27452,st_struct_pedestal/93869
ug_route/212809,OSP:FBSP:C655991,st_struct_pedestal/93044,st_struct_pedestal/94166
ug_route/212810,OSP:FBSP:C650813,st_struct_pedestal/91101,building/66536
ug_route/212811,OSP:FBSP::8330084,st_struct_pedestal/93421,mywcom_route_junction/27503
ug_route/212815,OSP:BUSP::9270611,pole/52692,pole/54513
ug_route/212816,OSP:BUSP:C647805,pole/53884,st_struct_pedestal/92755
ug_route/212817,OSP:BUSP::9447566,mywcom_route_junction/27101,st_struct_pedestal/94177
ug_route/212818,OSP:FBSP:C705109,mywcom_route_junction/27490,st_struct_pedestal/90793
ug_route/212819,OSP:BUSP:C660397,mywcom_route_junction/27115,mywcom_route_junction/27094
ug_route/212820,OSP:BUSP:C658129,mywcom_route_junction/27285,mywcom_route_junction/28138
ug_route/212821,OSP:FBSP::13098313,st_struct_pedestal/92431,st_struct_pedestal/91138
ug_route/212822,OSP:BUSP::9489463,mywcom_route_junction/27338,st_struct_pedestal/93510
ug_route/212823,OSP:FBSP:C643183,st_struct_pedestal/92459,st_struct_pedestal/93350
ug_route/212824,OSP:FBSP:C651351,mywcom_route_junction/27525,mywcom_route_junction/27124
ug_route/212825,OSP:BUSP::10684678,pole/54078,building/67029
ug_route/212826,OSP:FBSP:C670096,mywcom_route_junction/27120,building/67302
ug_route/212827,OSP:FBSP::13679958,st_struct_pedestal/93355,st_struct_pedestal/91249
ug_route/212828,OSP:BUSP::11329791,st_struct_pedestal/93699,st_struct_pedestal/91848
ug_route/212829,OSP:BUSP::9514102,st_struct_pedestal/92146,st_struct_pedestal/91405
ug_route/212830,OSP:BUSP::7977430,mywcom_route_junction/27284,building/67126
ug_route/212831,OSP:BUSP::9432825,mywcom_route_junction/28108,st_struct_pedestal/94157
ug_route/212832,OSP:FBSP::13403169,st_struct_pedestal/93167,building/66783
ug_route/212833,OSP:BUSP:C656289,st_struct_pedestal/92788,building/68479
ug_route/212834,OSP:BUSP:C668164,st_struct_pedestal/92111,building/66952
ug_route/212835,OSP:FBSP:C651175,st_struct_pedestal/90867,st_struct_pedestal/92751
ug_route/212836,OSP:BUSP::10867316,st_struct_pedestal/91856,building/67344
ug_route/212837,OSP:FBSP:C707834,pole/52349,mywcom_route_junction/27296
ug_route/212838,OSP:FBSP::11686581,st_struct_pedestal/93611,building/67776
ug_route/212839,OSP:BUSP::10690144,st_struct_pedestal/93464,mywcom_route_junction/27187
ug_route/212840,OSP:FBSP:C655989,st_struct_pedestal/93123,st_struct_pedestal/93044
ug_route/212841,OSP:FBSP:C705536,mywcom_route_junction/27517,mywcom_route_junction/27092
ug_route/212842,OSP:BUSP:C670092,mywcom_route_junction/27782,st_struct_pedestal/92587
ug_route/212843,OSP:FBSP:C651575,st_struct_pedestal/93161,mywcom_route_junction/28097
ug_route/212844,OSP:BUSP:C708414,st_struct_pedestal/92894,st_struct_pedestal/94005
ug_route/212845,OSP:BUSP::11500022,pole/53179,building/68559
ug_route/212846,OSP:BUSP:C663655,st_struct_pedestal/91190,building/68283
ug_route/212847,OSP:FBSP::12052110,st_struct_pedestal/94268,mywcom_route_junction/27381
ug_route/212848,OSP:BUSP::15970489,building/68296,building/66219
ug_route/212849,OSP:BUSP::8336134,st_struct_pedestal/93767,st_struct_pedestal/92013
ug_route/212850,OSP:FBSP::9505474,mywcom_route_junction/27973,st_struct_pedestal/91594
ug_route/212851,OSP:BUSP::9442740,pole/53884,st_struct_pedestal/92755
ug_route/212852,OSP:FBSP:C643127,mywcom_route_junction/27906,st_struct_pedestal/94157
ug_route/212853,OSP:BUSP:C653939,st_struct_pedestal/91093,st_struct_buried_splice_location/3881
ug_route/212854,OSP:BUSP::10763704,pole/54362,building/66876
ug_route/212855,OSP:BUSP::15975298,pole/53727,building/68208
ug_route/212856,OSP:BUSP::9490812,st_struct_pedestal/92510,st_struct_pedestal/92004
ug_route/212857,OSP:FBSP::12544262,st_struct_pedestal/92569,st_struct_pedestal/93339
ug_route/212858,OSP:FBSP::9508053,st_struct_pedestal/93144,st_struct_pedestal/93645
ug_route/212859,OSP:BUSP::10952823,st_struct_pedestal/91915,building/68441
ug_route/212860,OSP:FBSP:C648475,pole/54169,building/67219
ug_route/212861,OSP:BUSP:C660507,st_struct_pedestal/93791,st_struct_pedestal/91941
ug_route/212862,OSP:BUSP::16685372,mywcom_route_junction/27601,mywcom_route_junction/27603
ug_route/212863,OSP:FBSP::11512502,st_struct_pedestal/91875,building/68416
ug_route/212864,OSP:BUSP:C653797,pole/52261,st_struct_pedestal/90891
ug_route/212865,OSP:FBSP::8572944,st_struct_pedestal/93768,st_struct_pedestal/91033
ug_route/212866,OSP:FBSP:C710759,st_struct_pedestal/94140,building/66576
ug_route/212867,OSP:FBSP::8572623,st_struct_pedestal/92447,st_struct_pedestal/91498
ug_route/212868,OSP:BUSP:C654950,pole/54069,st_struct_pedestal/91734
ug_route/212869,OSP:BUSP::16773146,pole/53191,pole/54335
ug_route/212870,OSP:FBSP::17092437,st_struct_pedestal/92902,st_struct_pedestal/91703
ug_route/212871,OSP:BUSP:C649555,cabinet/2766,pole/52487
ug_route/212872,OSP:BUSP::13721850,st_struct_pedestal/93052,st_struct_pedestal/92515
ug_route/212873,OSP:FBSP::12053004,building/68661,mywcom_route_junction/27824
ug_route/212874,OSP:BUSP:C711707,st_struct_pedestal/91092,st_struct_pedestal/93377
ug_route/212875,OSP:BUSP::16059124,pole/53198,mywcom_route_junction/27850
ug_route/212876,OSP:FBSP::10638585,mywcom_route_junction/27661,building/68095
ug_route/212877,OSP:FBSP:C644515,st_struct_pedestal/91086,st_struct_pedestal/93138
ug_route/212878,OSP:FORSP:C704836,mywcom_route_junction/27479,st_struct_pedestal/93699
ug_route/212879,OSP:BUSP:C666261,st_struct_pedestal/94017,st_struct_pedestal/91705
ug_route/212880,OSP:BUSP:C665971,st_struct_pedestal/91922,building/68640
ug_route/212881,OSP:FBSP:C656486,st_struct_pedestal/94112,mywcom_route_junction/27302
ug_route/212882,OSP:BUSP::9526909,st_struct_pedestal/92751,st_struct_pedestal/90867
ug_route/212883,OSP:BUSP::9432833,st_struct_pedestal/92459,st_struct_pedestal/93350
ug_route/212884,OSP:FBSP:C705447,st_struct_buried_splice_location/3977,mywcom_route_junction/28065
ug_route/212885,OSP:FBSP:C639818,st_struct_pedestal/92935,st_struct_pedestal/93191
ug_route/212886,OSP:FBSP:C667422,st_struct_pedestal/90990,st_struct_pedestal/91430
ug_route/212887,OSP:FBSP::8950873,mywcom_route_junction/27734,st_struct_pedestal/92171
ug_route/212888,OSP:BUSP::9490779,st_struct_pedestal/93191,st_struct_pedestal/92935
ug_route/212889,OSP:BUSP::15839628,pole/54580,st_struct_pedestal/92515
ug_route/212890,OSP:BUSP::9454918,st_struct_pedestal/93589,st_struct_pedestal/94041
ug_route/212891,OSP:BUSP:C669118,st_struct_pedestal/93032,st_struct_pedestal/91327
ug_route/212892,OSP:BUSP::8728137,mywcom_route_junction/28206,mywcom_route_junction/27294
ug_route/212893,OSP:BUSP:C668460,st_struct_pedestal/91458,st_struct_pedestal/94102
ug_route/212894,OSP:BUSP::9532668,mywcom_route_junction/27289,st_struct_pedestal/90746
ug_route/212895,OSP:BUSP::17060804,st_struct_pedestal/92521,pole/54552
ug_route/212896,OSP:BUSP::8713431,mywcom_route_junction/28155,mywcom_route_junction/27262
ug_route/212897,OSP:BUSP:C648032,st_struct_buried_splice_location/3957,st_struct_buried_splice_location/3997
ug_route/212898,OSP:FBSP::13678682,st_struct_pedestal/91249,mywcom_route_junction/28066
ug_route/212900,OSP:BUSP:C711701,pole/53814,pole/53298
ug_route/212901,OSP:FBSP::8588368,st_struct_pedestal/94218,st_struct_pedestal/94108
ug_route/212902,OSP:FBSP:C708214,pole/53149,mywcom_route_junction/27344
ug_route/212903,OSP:BUSP:C646949,st_struct_pedestal/90935,st_struct_pedestal/91833
ug_route/212904,OSP:FBSP:C705532,st_struct_pedestal/91233,st_struct_pedestal/93474
ug_route/212905,OSP:BUSP:C648102,st_struct_buried_splice_location/3864,st_struct_buried_splice_location/3964
ug_route/212906,OSP:BUSP::16532406,st_struct_buried_splice_location/3875,st_struct_buried_splice_location/3911
ug_route/212907,OSP:BUSP:C664341,st_struct_pedestal/93946,st_struct_pedestal/91510
ug_route/212908,OSP:BUSP:C654002,mywcom_route_junction/27704,mywcom_route_junction/27409
ug_route/212909,OSP:FBSP:C708391,st_struct_pedestal/93255,st_struct_pedestal/91400
ug_route/212910,OSP:BUSP::11652665,st_struct_pedestal/92558,st_struct_pedestal/93529
ug_route/212911,OSP:FBSP::9454959,st_struct_pedestal/90705,st_struct_pedestal/92292
ug_route/212912,OSP:FBSP::16040905,mywcom_route_junction/27916,mywcom_route_junction/27202
ug_route/212913,OSP:BUSP:C665970,st_struct_pedestal/91922,building/68341
ug_route/212914,OSP:FBSP:C656106,mywcom_route_junction/28172,st_struct_pedestal/91097
ug_route/212915,OSP:BUSP::9466860,st_struct_pedestal/92447,st_struct_pedestal/91498
ug_route/212916,OSP:FBSP:C643165,mywcom_route_junction/27797,st_struct_pedestal/91135
ug_route/212917,OSP:FBSP:C707163,st_struct_pedestal/93927,building/66305
ug_route/212918,OSP:FBSP::11732987,st_struct_pedestal/92078,st_struct_pedestal/93343
ug_route/212919,OSP:BUSP::10900044,st_struct_pedestal/93032,st_struct_pedestal/91327
ug_route/212920,OSP:BUSP:C649888,st_struct_pedestal/94153,building/67506
ug_route/212921,OSP:BUSP::9508055,st_struct_pedestal/93144,st_struct_pedestal/93645
ug_route/212922,OSP:BUSP::9531719,st_struct_pedestal/93154,st_struct_pedestal/93107
ug_route/212923,OSP:FBSP::12544263,st_struct_pedestal/93339,st_struct_pedestal/90845
ug_route/212924,OSP:FBSP::8950860,st_struct_pedestal/94168,st_struct_pedestal/92114
ug_route/212925,OSP:BUSP:C655482,st_struct_pedestal/92490,mywcom_route_junction/27611
ug_route/212926,OSP:BUSP::9532667,st_struct_pedestal/91086,st_struct_pedestal/93138
ug_route/212927,OSP:FBSP:C705596,building/68498,building/67304
ug_route/212928,OSP:FBSP:C644501,st_struct_pedestal/90746,mywcom_route_junction/27542
ug_route/212929,OSP:BUSP::9532660,mywcom_route_junction/27919,st_struct_pedestal/93161
ug_route/212930,OSP:FBSP:C667458,st_struct_pedestal/92142,st_struct_pedestal/90600
ug_route/212931,OSP:BUSP::10690147,mywcom_route_junction/27187,st_struct_pedestal/93760
ug_route/212932,OSP:BUSP::8382233,st_struct_pedestal/93487,building/66718
ug_route/212933,OSP:BUSP:C649896,st_struct_pedestal/92932,st_struct_pedestal/90547
ug_route/212934,OSP:BUSP:C644245,st_struct_pedestal/92827,mywcom_route_junction/27836
ug_route/212935,OSP:BUSP:C646948,st_struct_pedestal/93086,st_struct_pedestal/94057
ug_route/212936,OSP:FBSP:C643064,st_struct_pedestal/91596,st_struct_pedestal/90606
ug_route/212937,OSP:BUSP:C645967,st_struct_pedestal/92245,st_struct_pedestal/90754
ug_route/212938,OSP:BUSP::9531703,mywcom_route_junction/27535,st_struct_pedestal/94222
ug_route/212939,OSP:BUSP:C653684,building/66337,building/68365
ug_route/212940,OSP:BUSP::10860020,pole/54169,building/67219
ug_route/212941,OSP:FBSP:C656104,st_struct_pedestal/92103,mywcom_route_junction/27841
ug_route/212942,OSP:BUSP:C643626,st_struct_pedestal/94245,mywcom_route_junction/28028
ug_route/212943,OSP:BUSP:C660166,st_struct_pedestal/91653,building/67936
ug_route/212944,OSP:FORSP:C646028,mywcom_route_junction/27393,pole/53017
ug_route/212945,OSP:BUSP::9531709,mywcom_route_junction/27615,st_struct_pedestal/92409
ug_route/212946,OSP:FBSP::8336459,st_struct_pedestal/92806,st_struct_pedestal/91383
ug_route/212947,OSP:FBSP:C657981,st_struct_pedestal/91856,building/67344
ug_route/212948,OSP:FBSP::12053029,mywcom_route_junction/28129,building/68160
ug_route/212949,OSP:FBSP:C651549,st_struct_pedestal/93154,mywcom_route_junction/28212
ug_route/212950,OSP:FBSP:C651867,st_struct_pedestal/93760,building/66963
ug_route/212951,OSP:FBSP:C710377,mywcom_route_junction/27846,st_struct_pedestal/90772
ug_route/212952,OSP:BUSP::9520200,st_struct_pedestal/91233,st_struct_pedestal/93474
ug_route/212953,OSP:FBSP::11431261,st_struct_pedestal/94216,st_struct_pedestal/93111
ug_route/212954,OSP:BUSP:C668464,st_struct_pedestal/91458,st_struct_pedestal/94102
ug_route/212955,OSP:FBSP:C704330,mywcom_route_junction/27110,st_struct_pedestal/93196
ug_route/212956,OSP:FBSP::10952825,st_struct_pedestal/91915,building/68441
ug_route/212957,OSP:FBSP::17092436,st_struct_pedestal/92449,st_struct_pedestal/92902
ug_route/212958,OSP:BUSP::10273185,mywcom_route_junction/28202,st_struct_pedestal/93646
ug_route/212959,OSP:BUSP::10727543,st_struct_pedestal/92474,mywcom_route_junction/27933
ug_route/212960,OSP:BUSP:C644344,pole/53412,st_struct_buried_splice_location/3894
ug_route/212961,OSP:FBSP::13402194,st_struct_pedestal/93632,building/68331
ug_route/212962,OSP:BUSP::9493754,st_struct_pedestal/90990,st_struct_pedestal/91430
ug_route/212963,OSP:FBSP::12234805,st_struct_pedestal/93310,building/67387
ug_route/212964,OSP:FBSP:C646017,st_struct_pedestal/91763,st_struct_pedestal/91713
ug_route/212965,OSP:BUSP:C643669,mywcom_route_junction/27626,mywcom_route_junction/27298
ug_route/212966,OSP:FBSP:C706622,mywcom_route_junction/27332,st_struct_pedestal/93419
ug_route/212967,OSP:BUSP::9509324,mywcom_route_junction/27257,st_struct_pedestal/93408
ug_route/212968,OSP:FBSP:C642395,st_struct_pedestal/90544,st_struct_pedestal/93415
ug_route/212969,OSP:BUSP::16038344,st_struct_pedestal/91603,building/68052
ug_route/212970,OSP:FBSP:C705143,mywcom_route_junction/28022,st_struct_pedestal/94096
ug_route/212971,OSP:BUSP::9271544,mywcom_route_junction/27529,st_struct_pedestal/93076
ug_route/212972,OSP:BUSP:C662440,pole/54540,st_struct_pedestal/94076
ug_route/212973,OSP:BUSP::9492997,st_struct_pedestal/91400,st_struct_pedestal/93255
ug_route/212974,OSP:BUSP::10712228,st_struct_pedestal/92591,building/67107
ug_route/212975,OSP:BUSP::8383512,cabinet/2833,mywcom_route_junction/28195
ug_route/212976,OSP:BUSP::9531708,mywcom_route_junction/27615,st_struct_pedestal/92055
ug_route/212977,OSP:BUSP::15970490,building/66219,building/66878
ug_route/212978,OSP:FBSP::13672621,mywcom_route_junction/27860,building/68624
ug_route/212979,OSP:FBSP::13098319,mywcom_route_junction/28042,st_struct_pedestal/91259
ug_route/212980,OSP:BUSP::9532355,st_struct_pedestal/93416,mywcom_route_junction/27919
ug_route/212981,OSP:BUSP::10267113,st_struct_pedestal/90705,st_struct_pedestal/92292
ug_route/212982,OSP:FBSP::9498100,mywcom_route_junction/27580,mywcom_route_junction/27960
ug_route/212983,OSP:BUSP::15981377,building/66708,building/68682
ug_route/212984,OSP:BUSP::9474742,st_struct_pedestal/90848,mywcom_route_junction/27747
ug_route/212985,OSP:BUSP::9433488,st_struct_pedestal/90606,st_struct_pedestal/91596
ug_route/212986,OSP:BUSP::16795165,st_struct_pedestal/92414,mywcom_route_junction/28071
ug_route/212987,OSP:BUSP:C670539,st_struct_pedestal/93745,building/66599
ug_route/212988,OSP:FBSP:C643168,mywcom_route_junction/28047,st_struct_pedestal/93304
ug_route/212989,OSP:FBSP::11797196,mywcom_route_junction/27306,mywcom_route_junction/28217
ug_route/212990,OSP:BUSP:C670231,st_struct_pedestal/93791,st_struct_pedestal/91941
ug_route/212991,OSP:FBSP:C651252,st_struct_pedestal/93953,st_struct_pedestal/92982
ug_route/212992,OSP:BUSP:C669973,mywcom_route_junction/27773,st_struct_pedestal/92133
ug_route/212993,OSP:FORSP:C648138,mywcom_route_junction/28222,pole/53767
ug_route/212994,OSP:FBSP:C704913,st_struct_pedestal/92009,mywcom_route_junction/27194
ug_route/212995,OSP:BUSP:C660547,st_struct_pedestal/91941,st_struct_pedestal/93165
ug_route/212996,OSP:BUSP:C666260,st_struct_pedestal/94017,st_struct_pedestal/91705
ug_route/212997,OSP:FBSP:C711667,mywcom_route_junction/27577,building/66878
ug_route/212998,OSP:BUSP::9490817,st_struct_pedestal/90600,st_struct_pedestal/92142
ug_route/212999,OSP:FBSP::16098817,st_struct_pedestal/93611,building/67093
ug_route/213000,OSP:BUSP::8433092,mywcom_route_junction/27467,st_struct_vault/2740
ug_route/213001,OSP:FBSP::8437272,pole/53277,building/68797
ug_route/213002,OSP:FBSP:C639510,st_struct_pedestal/93193,mywcom_route_junction/27636
ug_route/213003,OSP:FBSP::13679960,st_struct_pedestal/93355,building/68036
ug_route/213004,OSP:BUSP::9490769,st_struct_pedestal/93415,st_struct_pedestal/90544
ug_route/213005,OSP:BUSP::12127606,st_struct_pedestal/92888,mywcom_route_junction/27599
ug_route/213006,OSP:BUSP::10758266,st_struct_pedestal/91572,building/67693
ug_route/213007,OSP:FBSP:C653437,st_struct_pedestal/92823,st_struct_pedestal/91384
ug_route/213008,OSP:FBSP:C653629,pole/52328,building/68047
ug_route/213009,OSP:FBSP:C639749,st_struct_pedestal/91883,st_struct_pedestal/92475
ug_route/213010,OSP:BUSP::9453954,st_struct_pedestal/93304,st_struct_pedestal/94138
ug_route/213011,OSP:FBSP::12052106,mywcom_route_junction/27822,building/68470
ug_route/213012,OSP:FBSP::7629281,building/66827,mywcom_route_junction/27453
ug_route/213013,OSP:FORSP::16958666,st_struct_vault/2743,pole/52473
ug_route/213014,OSP:BUSP:C671142,st_struct_buried_splice_location/3970,st_struct_pedestal/94058
ug_route/213015,OSP:BUSP::9558581,st_struct_pedestal/94065,st_struct_pedestal/93979
ug_route/213016,OSP:BUSP:C710385,st_struct_pedestal/92889,st_struct_pedestal/91173
ug_route/213017,OSP:FBSP:C651859,st_struct_pedestal/90790,building/68830
ug_route/213018,OSP:FBSP::10637986,mywcom_route_junction/27536,building/68629
ug_route/213019,OSP:BUSP::8588363,st_struct_pedestal/90724,st_struct_pedestal/90594
ug_route/213020,OSP:BUSP:C666256,st_struct_pedestal/94017,st_struct_pedestal/91705
ug_route/213021,OSP:FBSP::14203128,st_struct_pedestal/91387,st_struct_pedestal/94143
ug_route/213022,OSP:BUSP::12789372,st_struct_pedestal/91667,st_struct_pedestal/93774
ug_route/213023,OSP:FBSP:C651026,pole/53432,building/68160
ug_route/213024,OSP:FBSP:C652970,pole/53478,building/66891
ug_route/213025,OSP:BUSP::8575841,mywcom_route_junction/27491,mywcom_route_junction/28035
ug_route/213026,OSP:BUSP:C651304,mywcom_route_junction/27549,st_struct_pedestal/93404
ug_route/213027,OSP:BUSP:C705958,st_struct_pedestal/91254,building/67120
ug_route/213028,OSP:BUSP::11085972,st_struct_pedestal/92854,st_struct_pedestal/91939
ug_route/213029,OSP:BUSP::9522426,st_struct_pedestal/93953,st_struct_pedestal/92982
ug_route/213030,OSP:BUSP:C650811,st_struct_pedestal/91616,mywcom_route_junction/27269
ug_route/213031,OSP:FBSP:C655475,st_struct_pedestal/92120,st_struct_pedestal/92688
ug_route/213032,OSP:FBSP::8331985,mywcom_route_junction/27320,st_struct_pedestal/94192
ug_route/213033,OSP:BUSP::9412356,pole/52874,st_struct_pedestal/91165
ug_route/213034,OSP:FBSP:C651628,st_struct_pedestal/93748,st_struct_pedestal/93845
ug_route/213035,OSP:BUSP::10267061,mywcom_route_junction/28108,st_struct_pedestal/91396
ug_route/213036,OSP:BUSP:C651387,st_struct_pedestal/93658,st_struct_pedestal/91378
ug_route/213037,OSP:BUSP::10763714,pole/54020,building/67544
ug_route/213038,OSP:BUSP::10668661,st_struct_pedestal/93887,building/67043
ug_route/213039,OSP:BUSP::8586054,st_struct_pedestal/93165,st_struct_pedestal/91941
ug_route/213040,OSP:FBSP:C639781,st_struct_pedestal/94012,st_struct_pedestal/92679
ug_route/213041,OSP:FBSP:C643155,mywcom_route_junction/28141,st_struct_pedestal/92351
ug_route/213042,OSP:FBSP::10129461,st_struct_pedestal/92536,st_struct_pedestal/91428
ug_route/213043,OSP:BUSP:C670538,st_struct_pedestal/93745,building/66348
ug_route/213044,OSP:BUSP:C668465,st_struct_pedestal/91458,st_struct_pedestal/94102
ug_route/213045,OSP:BUSP:C651795,mywcom_route_junction/28164,st_struct_pedestal/91948
ug_route/213046,OSP:FBSP::8346082,st_struct_pedestal/91005,st_struct_pedestal/93294
ug_route/213047,OSP:BUSP:C656336,st_struct_buried_splice_location/3860,st_struct_pedestal/92703
ug_route/213048,OSP:BUSP::9531385,st_struct_pedestal/91384,st_struct_pedestal/92823
ug_route/213049,OSP:FBSP::7629588,building/67470,mywcom_route_junction/27900
ug_route/213050,OSP:FBSP::7724292,pole/52923,building/67630
ug_route/213051,OSP:BUSP:C645792,st_struct_pedestal/93673,building/67347
ug_route/213052,OSP:FBSP::16106192,st_struct_pedestal/91472,mywcom_route_junction/27860
ug_route/213053,OSP:BUSP::15126645,pole/52254,st_struct_pedestal/93364
ug_route/213054,OSP:BUSP::16789188,st_struct_pedestal/91713,mywcom_route_junction/27204
ug_route/213055,OSP:FBSP::8947039,st_struct_pedestal/93869,st_struct_pedestal/92524
ug_route/213056,OSP:BUSP::13598966,mywcom_route_junction/28180,mywcom_route_junction/27786
ug_route/213057,OSP:BUSP::8383511,cabinet/2852,cabinet/2833
ug_route/213058,OSP:FBSP::8348298,st_struct_pedestal/91802,st_struct_pedestal/90677
ug_route/213059,OSP:BUSP::10669620,building/66224,pole/52286
ug_route/213060,OSP:BUSP::16040249,mywcom_route_junction/27740,mywcom_route_junction/27666
ug_route/213061,OSP:FBSP::8348292,st_struct_pedestal/93829,mywcom_route_junction/27751
ug_route/213062,OSP:FBSP:C645974,st_struct_pedestal/90754,st_struct_pedestal/91724
ug_route/213063,OSP:BUSP:C708183,st_struct_buried_splice_location/3880,st_struct_pedestal/90536
ug_route/213064,OSP:BUSP::16788475,mywcom_route_junction/27230,mywcom_route_junction/28133
ug_route/213065,OSP:FBSP::8446862,mywcom_route_junction/27180,mywcom_route_junction/27528
ug_route/213066,OSP:BUSP::10690449,st_struct_pedestal/90790,building/68830
ug_route/213067,OSP:BUSP::8436971,st_struct_pedestal/90979,building/68675
ug_route/213068,OSP:BUSP:C645492,mywcom_route_junction/28150,st_struct_pedestal/93744
ug_route/213069,OSP:BUSP::9514106,st_struct_pedestal/92009,mywcom_route_junction/28145
ug_route/213070,OSP:BUSP::9531068,st_struct_pedestal/93845,st_struct_pedestal/93748
ug_route/213071,OSP:BUSP::10725964,st_struct_pedestal/92716,mywcom_route_junction/28033
ug_route/213072,OSP:BUSP:C641575,st_struct_pedestal/93318,building/67409
ug_route/213073,OSP:FBSP::15968591,mywcom_route_junction/27214,building/67060
ug_route/213074,OSP:FBSP::8331125,st_struct_pedestal/91407,st_struct_pedestal/91887
ug_route/213075,OSP:BUSP::8088787,pole/53323,building/67829
ug_route/213076,OSP:FBSP::13042379,pole/52395,building/66438
ug_route/213077,OSP:BUSP::9447565,st_struct_pedestal/93061,mywcom_route_junction/27101
ug_route/213078,OSP:BUSP::8603978,pole/53941,building/67165
ug_route/213079,OSP:FBSP:C704899,st_struct_buried_splice_location/3979,st_struct_pedestal/91165
ug_route/213080,OSP:BUSP::16764611,st_struct_pedestal/92135,st_struct_pedestal/90540
ug_route/213081,OSP:BUSP:C653022,mywcom_route_junction/27235,st_struct_pedestal/92579
ug_route/213082,OSP:FBSP:C662368,st_struct_pedestal/90976,building/66339
ug_route/213083,OSP:FBSP:C667126,st_struct_pedestal/94224,st_struct_pedestal/92823
ug_route/213084,OSP:BUSP:C655496,st_struct_pedestal/92947,st_struct_pedestal/90944
ug_route/213085,OSP:FBSP:C643169,mywcom_route_junction/28047,st_struct_pedestal/91843
ug_route/213086,OSP:FBSP::8573011,mywcom_route_junction/27755,building/68722
ug_route/213087,OSP:BUSP::9531381,st_struct_pedestal/91724,st_struct_pedestal/90754
ug_route/213088,OSP:BUSP:C659674,st_struct_pedestal/91303,building/68517
ug_route/213089,OSP:FBSP:C708029,st_struct_pedestal/93311,building/66925
ug_route/213090,OSP:FBSP:C667457,st_struct_pedestal/90730,st_struct_pedestal/92142
ug_route/213091,OSP:FBSP:C706964,mywcom_route_junction/27905,mywcom_route_junction/27159
ug_route/213092,OSP:BUSP::9514136,st_struct_pedestal/91378,mywcom_route_junction/27213
ug_route/213093,OSP:BUSP:C664424,st_struct_pedestal/92779,st_struct_pedestal/93166
ug_route/213094,OSP:BUSP:C667241,mywcom_route_junction/27855,st_struct_pedestal/91813
ug_route/213095,OSP:BUSP:C659031,mywcom_route_junction/27680,st_struct_pedestal/90848
ug_route/213096,OSP:BUSP:C708425,st_struct_pedestal/91352,st_struct_pedestal/92802
ug_route/213097,OSP:BUSP::9506440,st_struct_pedestal/92398,st_struct_pedestal/90844
ug_route/213098,OSP:BUSP:C683074,building/68407,building/68330
ug_route/213099,OSP:FBSP:C656103,st_struct_pedestal/90605,st_struct_pedestal/92103
ug_route/213100,OSP:BUSP:C663043,pole/52715,st_struct_pedestal/90548
ug_route/213101,OSP:BUSP::10691392,pole/54356,building/68189
ug_route/213102,OSP:BUSP:C643640,mywcom_route_junction/28028,st_struct_pedestal/92271
ug_route/213103,OSP:BUSP::9433481,mywcom_route_junction/27537,st_struct_pedestal/92351
ug_route/213104,OSP:BUSP::9536509,st_struct_pedestal/93294,st_struct_pedestal/91005
ug_route/213105,OSP:FBSP::9454958,st_struct_pedestal/93790,st_struct_pedestal/90705
ug_route/213106,OSP:BUSP::16059139,st_struct_pedestal/92106,building/67909
ug_route/213107,OSP:FBSP::10638584,st_struct_pedestal/93006,mywcom_route_junction/27661
ug_route/213108,OSP:BUSP:C668845,st_struct_pedestal/93327,st_struct_pedestal/93927
ug_route/213109,OSP:BUSP::8500002,mywcom_route_junction/28102,building/67917
ug_route/213110,OSP:BUSP::9432829,mywcom_route_junction/27867,st_struct_pedestal/94096
ug_route/213111,OSP:FBSP:C708421,mywcom_route_junction/28045,st_struct_pedestal/93061
ug_route/213112,OSP:FBSP:C651858,st_struct_pedestal/93031,building/66693
ug_route/213113,OSP:BUSP:C643667,st_struct_pedestal/92407,st_struct_pedestal/92677
ug_route/213114,OSP:BUSP::13514491,st_struct_pedestal/90760,mywcom_route_junction/27414
ug_route/213115,OSP:BUSP::7627974,pole/52938,st_struct_pedestal/93694
ug_route/213116,OSP:FBSP:C651856,st_struct_pedestal/93031,building/66279
ug_route/213117,OSP:FBSP:C710201,building/67836,building/66717
ug_route/213118,OSP:FBSP::12400624,mywcom_route_junction/27172,building/68033
ug_route/213119,OSP:FBSP:C645750,st_struct_pedestal/92713,st_struct_pedestal/92233
ug_route/213120,OSP:BUSP:C639209,st_struct_pedestal/91151,building/67529
ug_route/213121,OSP:FBSP:C644520,mywcom_route_junction/27108,st_struct_pedestal/92055
ug_route/213122,OSP:FBSP::12052105,mywcom_route_junction/27822,building/66650
ug_route/213123,OSP:FBSP:C651048,st_struct_pedestal/92188,st_struct_pedestal/92005
ug_route/213124,OSP:FBSP:C651362,st_struct_pedestal/91619,st_struct_pedestal/92978
ug_route/213125,OSP:BUSP::10267070,st_struct_pedestal/91843,st_struct_pedestal/94138
ug_route/213126,OSP:FBSP:C653787,pole/53607,building/67988
ug_route/213127,OSP:FBSP::8490062,st_struct_pedestal/91831,st_struct_pedestal/92102
ug_route/213128,OSP:BUSP::8586399,st_struct_pedestal/93727,st_struct_pedestal/93281
ug_route/213129,OSP:BUSP::9531386,st_struct_pedestal/92823,st_struct_pedestal/94224
ug_route/213130,OSP:BUSP::9534595,mywcom_route_junction/27104,st_struct_pedestal/90972
ug_route/213131,OSP:FBSP:C668834,st_struct_pedestal/93327,building/67794
ug_route/213132,OSP:BUSP::9501943,mywcom_route_junction/27602,mywcom_route_junction/27761
ug_route/213133,OSP:BUSP::9269897,mywcom_route_junction/27654,st_struct_pedestal/93744
ug_route/213134,OSP:FBSP:C710167,st_struct_pedestal/91268,building/68152
ug_route/213135,OSP:FBSP::11067143,st_struct_pedestal/91137,st_struct_pedestal/92208
ug_route/213136,OSP:BUSP:C655782,st_struct_pedestal/92844,st_struct_pedestal/94033
ug_route/213137,OSP:BUSP:C647894,st_struct_pedestal/93172,building/68165
ug_route/213138,OSP:BUSP:C644170,st_struct_pedestal/92037,st_struct_pedestal/92484
ug_route/213139,OSP:FBSP:C667133,st_struct_pedestal/91944,st_struct_pedestal/94224
ug_route/213140,OSP:BUSP::9454960,st_struct_pedestal/93790,st_struct_pedestal/90705
ug_route/213141,OSP:BUSP::9454291,st_struct_pedestal/92103,st_struct_pedestal/90605
ug_route/213142,OSP:FBSP:C651969,pole/54571,building/67397
ug_route/213143,OSP:FBSP::12053043,building/66139,mywcom_route_junction/27465
ug_route/213144,OSP:BUSP::10773941,pole/53032,building/68575
ug_route/213145,OSP:FBSP:C710312,mywcom_route_junction/28082,st_struct_pedestal/94181
ug_route/213146,OSP:FBSP:C639757,st_struct_pedestal/91479,st_struct_pedestal/91258
ug_route/213147,OSP:FBSP:C651080,mywcom_route_junction/27190,st_struct_pedestal/90972
ug_route/213148,OSP:BUSP::10883386,pole/53759,building/66266
ug_route/213149,OSP:FBSP:C662086,st_struct_pedestal/93489,building/66126
ug_route/213150,OSP:BUSP::10677990,st_struct_pedestal/91268,building/68152
ug_route/213151,OSP:BUSP::9531706,st_struct_pedestal/92713,st_struct_pedestal/92233
ug_route/213152,OSP:BUSP::9528194,st_struct_pedestal/92005,st_struct_pedestal/92188
ug_route/213153,OSP:BUSP::9490818,st_struct_pedestal/92142,st_struct_pedestal/90730
ug_route/213154,OSP:BUSP::8435662,cabinet/2819,cabinet/2809
ug_route/213155,OSP:FBSP::8572945,st_struct_pedestal/91952,st_struct_pedestal/91559
ug_route/213183,OSP:BUSP::10690446,st_struct_pedestal/93031,building/66279
ug_route/213156,OSP:BUSP::9475700,st_struct_pedestal/90996,st_struct_pedestal/93873
ug_route/213157,OSP:BUSP::8347665,st_struct_pedestal/92585,st_struct_pedestal/90599
ug_route/213158,OSP:FBSP::8572939,st_struct_pedestal/93402,st_struct_pedestal/91952
ug_route/213159,OSP:BUSP:C660180,st_struct_pedestal/92850,st_struct_pedestal/92793
ug_route/213160,OSP:FBSP:C645791,st_struct_pedestal/91626,st_struct_pedestal/93248
ug_route/213161,OSP:FBSP::8345735,st_struct_pedestal/90774,st_struct_pedestal/91044
ug_route/213162,OSP:BUSP:C708060,st_struct_pedestal/91055,building/67186
ug_route/213163,OSP:FBSP:C710357,st_struct_pedestal/93956,st_struct_pedestal/93148
ug_route/213164,OSP:BUSP:C642005,st_struct_pedestal/92866,building/67269
ug_route/213165,OSP:BUSP::8421921,mywcom_route_junction/27993,st_struct_pedestal/93935
ug_route/213166,OSP:BUSP:C658754,pole/54305,mywcom_route_junction/28116
ug_route/213167,OSP:BUSP::9531382,st_struct_pedestal/90754,st_struct_pedestal/91331
ug_route/213168,OSP:BUSP:C644098,st_struct_pedestal/92407,st_struct_pedestal/92677
ug_route/213169,OSP:FBSP:C704331,mywcom_route_junction/27110,st_struct_pedestal/92576
ug_route/213170,OSP:FBSP:C651396,st_struct_pedestal/91408,st_struct_pedestal/91345
ug_route/213171,OSP:FBSP:C651854,st_struct_pedestal/93996,building/67743
ug_route/213172,OSP:BUSP::11331390,pole/52572,st_struct_pedestal/91871
ug_route/213173,OSP:FBSP:C651961,pole/53597,building/68795
ug_route/213174,OSP:BUSP::15975295,st_struct_pedestal/93328,building/68652
ug_route/213175,OSP:BUSP::9531387,st_struct_pedestal/94224,st_struct_pedestal/91944
ug_route/213176,OSP:BUSP::12032245,st_struct_pedestal/90846,st_struct_pedestal/93522
ug_route/213177,OSP:BUSP::10690447,st_struct_pedestal/93031,building/66693
ug_route/213178,OSP:BUSP:C645490,st_struct_pedestal/93014,mywcom_route_junction/28150
ug_route/213179,OSP:BUSP::10364021,st_struct_pedestal/93727,st_struct_pedestal/93281
ug_route/213180,OSP:FBSP::8572947,st_struct_pedestal/93403,st_struct_pedestal/93604
ug_route/213181,OSP:BUSP::9528832,mywcom_route_junction/28152,st_struct_pedestal/91978
ug_route/213182,OSP:BUSP::9520211,st_struct_pedestal/91619,st_struct_pedestal/92978
ug_route/213210,OSP:BUSP:C671338,st_struct_pedestal/93651,mywcom_route_junction/28201
ug_route/213184,OSP:BUSP::10852340,pole/52269,building/67376
ug_route/213185,OSP:BUSP::9509317,st_struct_pedestal/93255,mywcom_route_junction/27257
ug_route/213186,OSP:FORSP:C710104,st_struct_vault/2755,mywcom_route_junction/27784
ug_route/213187,OSP:BUSP::9509331,mywcom_route_junction/27470,st_struct_pedestal/93405
ug_route/213188,OSP:FBSP:C663573,st_struct_pedestal/91022,st_struct_pedestal/91880
ug_route/213189,OSP:BUSP::15562169,st_struct_pedestal/91862,mywcom_route_junction/27299
ug_route/213190,OSP:FBSP::8348297,st_struct_pedestal/90599,st_struct_pedestal/91802
ug_route/213191,OSP:BUSP:C653382,pole/52926,st_struct_buried_splice_location/3985
ug_route/213192,OSP:BUSP:C644304,st_struct_pedestal/92545,st_struct_pedestal/92209
ug_route/213193,OSP:FBSP:C651393,st_struct_pedestal/93069,st_struct_pedestal/91982
ug_route/213194,OSP:FBSP:C650068,pole/53330,building/66492
ug_route/213195,OSP:FBSP:C644781,pole/53314,building/67522
ug_route/213196,OSP:BUSP::9532343,st_struct_pedestal/93248,st_struct_pedestal/91626
ug_route/213197,OSP:FBSP:C643154,mywcom_route_junction/28141,st_struct_pedestal/92011
ug_route/213198,OSP:BUSP:C655529,st_struct_pedestal/92947,st_struct_pedestal/90944
ug_route/213199,OSP:BUSP:C665810,st_struct_pedestal/93661,st_struct_buried_splice_location/3893
ug_route/213200,OSP:BUSP:C667472,mywcom_route_junction/27829,st_struct_pedestal/93699
ug_route/213201,OSP:FBSP:C667455,st_struct_pedestal/93652,st_struct_pedestal/90730
ug_route/213202,OSP:BUSP::11417620,st_struct_pedestal/91324,st_struct_pedestal/93363
ug_route/213203,OSP:FBSP:C644165,building/66281,building/67719
ug_route/213204,OSP:BUSP:C652775,st_struct_pedestal/91321,building/67026
ug_route/213205,OSP:FBSP::8365278,st_struct_pedestal/91245,st_struct_pedestal/90755
ug_route/213206,OSP:FBSP::10445301,building/66573,mywcom_route_junction/28019
ug_route/213207,OSP:BUSP:C667838,mywcom_route_junction/28059,mywcom_route_junction/27232
ug_route/213208,OSP:FBSP:C710370,mywcom_route_junction/27203,st_struct_pedestal/91669
ug_route/213209,OSP:BUSP::9505789,st_struct_pedestal/91546,st_struct_pedestal/92827
ug_route/213213,OSP:BUSP:C649307,st_struct_pedestal/94169,building/67322
ug_route/213214,OSP:FBSP:C651852,st_struct_pedestal/93996,building/66424
ug_route/213215,OSP:FBSP:C706973,mywcom_route_junction/27989,mywcom_route_junction/27920
ug_route/213216,OSP:BUSP::11474143,st_struct_pedestal/92530,mywcom_route_junction/27445
ug_route/213217,OSP:BUSP::8400458,pole/53860,pole/52421
ug_route/213218,OSP:BUSP::9514115,st_struct_pedestal/91345,st_struct_pedestal/91408
ug_route/213219,OSP:BUSP::8403332,st_struct_pedestal/94090,st_struct_pedestal/92803
ug_route/213220,OSP:BUSP::10690444,st_struct_pedestal/93996,building/67743
ug_route/213221,OSP:FBSP::7629591,building/67944,mywcom_route_junction/27798
ug_route/213222,OSP:FBSP::8572941,st_struct_pedestal/93507,st_struct_pedestal/92711
ug_route/213223,OSP:FBSP:C671135,st_struct_buried_splice_location/3970,building/67801
ug_route/213224,OSP:BUSP:C668736,st_struct_pedestal/93411,pole/53581
ug_route/213225,OSP:FBSP:C662193,st_struct_pedestal/91655,mywcom_route_junction/27416
ug_route/213226,OSP:BUSP::9432824,st_struct_pedestal/91377,mywcom_route_junction/28108
ug_route/213227,OSP:BUSP:C662222,st_struct_pedestal/93832,st_struct_pedestal/90756
ug_route/213228,OSP:FBSP:C663369,st_struct_pedestal/90551,st_struct_pedestal/91932
ug_route/213229,OSP:FBSP:C710341,mywcom_route_junction/27751,st_struct_pedestal/93036
ug_route/213230,OSP:FBSP::12449255,mywcom_route_junction/27439,st_struct_pedestal/92857
ug_route/213231,OSP:FBSP::12052985,st_struct_pedestal/93509,building/68439
ug_route/213232,OSP:FBSP::10644057,st_struct_pedestal/93130,building/67570
ug_route/213233,OSP:FBSP:C667468,st_struct_pedestal/92823,building/67627
ug_route/213234,OSP:FBSP::8346075,st_struct_pedestal/92018,st_struct_pedestal/92893
ug_route/213235,OSP:FBSP:C641373,st_struct_pedestal/92761,building/68847
ug_route/213236,OSP:BUSP:C650846,st_struct_pedestal/92471,st_struct_pedestal/91154
ug_route/213237,OSP:BUSP::9490819,st_struct_pedestal/90730,st_struct_pedestal/93652
ug_route/213238,OSP:BUSP::9514133,st_struct_pedestal/91982,st_struct_pedestal/93069
ug_route/213239,OSP:FBSP:C643126,mywcom_route_junction/27906,st_struct_pedestal/91377
ug_route/213240,OSP:BUSP::16896324,st_struct_pedestal/90976,building/66339
ug_route/213241,OSP:FBSP:C641345,mywcom_route_junction/27585,building/67578
ug_route/213242,OSP:FBSP::11549332,pole/53761,building/66404
ug_route/213243,OSP:BUSP:C656391,mywcom_route_junction/27874,mywcom_route_junction/27145
ug_route/213244,OSP:FBSP:C667969,st_struct_pedestal/93972,building/67106
ug_route/213245,OSP:BUSP::11804358,st_struct_pedestal/92542,building/66778
ug_route/213246,OSP:BUSP::10682468,pole/53597,building/68795
ug_route/213247,OSP:FBSP:C639775,st_struct_pedestal/91610,st_struct_pedestal/94116
ug_route/213248,OSP:FBSP::15256267,building/66184,st_struct_pedestal/92869
ug_route/213249,OSP:BUSP:C671144,st_struct_buried_splice_location/3970,st_struct_pedestal/94058
ug_route/213250,OSP:FBSP:C661758,mywcom_route_junction/27500,building/68600
ug_route/213251,OSP:BUSP:C660584,st_struct_pedestal/93756,building/67995
ug_route/213252,OSP:BUSP::9433482,st_struct_pedestal/92011,mywcom_route_junction/27537
ug_route/213253,OSP:FBSP:C639761,st_struct_pedestal/91765,st_struct_pedestal/93189
ug_route/213254,OSP:FBSP::13402181,st_struct_pedestal/93167,mywcom_route_junction/27911
ug_route/213255,OSP:BUSP::9453946,st_struct_pedestal/91932,st_struct_pedestal/90551
ug_route/213256,OSP:FBSP::13402193,st_struct_pedestal/93632,mywcom_route_junction/27866
ug_route/213257,OSP:FBSP:C650372,st_struct_pedestal/91262,building/68467
ug_route/213258,OSP:FBSP:C667934,st_struct_pedestal/92430,building/67873
ug_route/213259,OSP:FBSP::13053288,mywcom_route_junction/27772,st_struct_pedestal/93611
ug_route/213260,OSP:BUSP::9430916,st_struct_pedestal/93680,st_struct_pedestal/94309
ug_route/213261,OSP:FBSP::13098253,st_struct_pedestal/91259,st_struct_pedestal/91547
ug_route/213262,OSP:BUSP::15974979,st_struct_pedestal/93972,building/67106
ug_route/213263,OSP:FBSP:C644394,st_struct_pedestal/93645,st_struct_pedestal/92349
ug_route/213264,OSP:BUSP::8403025,st_struct_pedestal/91491,mywcom_route_junction/27766
ug_route/213265,OSP:FBSP:C646014,st_struct_pedestal/91629,st_struct_pedestal/93261
ug_route/213266,OSP:FBSP:C658667,pole/52462,building/68601
ug_route/213267,OSP:FBSP:C639744,st_struct_pedestal/92356,st_struct_pedestal/93067
ug_route/213268,OSP:FBSP::8588367,st_struct_pedestal/92141,st_struct_pedestal/94218
ug_route/213269,OSP:BUSP:C708091,st_struct_buried_splice_location/3898,st_struct_pedestal/94189
ug_route/213270,OSP:BUSP::9269895,st_struct_pedestal/93014,mywcom_route_junction/27654
ug_route/213271,OSP:BUSP::16789190,mywcom_route_junction/27870,mywcom_route_junction/27327
ug_route/213272,OSP:FBSP:C661174,st_struct_pedestal/90905,building/67838
ug_route/213273,OSP:BUSP:C649786,cabinet/2853,st_struct_pedestal/94037
ug_route/213274,OSP:BUSP::10661627,st_struct_pedestal/91933,building/67471
ug_route/213275,OSP:BUSP::15975288,st_struct_pedestal/92430,building/67873
ug_route/213276,OSP:FORSP::16960914,st_struct_vault/2716,cabinet/2772
ug_route/213277,OSP:BUSP:C658133,st_struct_pedestal/90965,st_struct_pedestal/91933
ug_route/213278,OSP:BUSP:C708387,mywcom_route_junction/28003,st_struct_pedestal/93255
ug_route/213279,OSP:FBSP::8330091,st_struct_pedestal/91295,st_struct_pedestal/92256
ug_route/213280,OSP:FBSP::8330693,st_struct_pedestal/93224,st_struct_pedestal/93455
ug_route/213281,OSP:BUSP:C710153,st_struct_buried_splice_location/3973,st_struct_pedestal/93669
ug_route/213282,OSP:BUSP:C660868,st_struct_pedestal/91889,building/68249
ug_route/213283,OSP:BUSP:C660975,st_struct_buried_splice_location/3934,st_struct_pedestal/90608
ug_route/213284,OSP:BUSP:C707157,st_struct_buried_splice_location/3891,building/68563
ug_route/213285,OSP:FBSP::13098254,st_struct_pedestal/91547,st_struct_pedestal/91709
ug_route/213286,OSP:BUSP:C652786,st_struct_pedestal/92019,st_struct_pedestal/91987
ug_route/213287,OSP:BUSP::8448774,cabinet/2766,cabinet/2771
ug_route/213288,OSP:FBSP:C671345,mywcom_route_junction/28184,building/66406
ug_route/213289,OSP:BUSP::10721808,st_struct_pedestal/91937,building/67711
ug_route/213290,OSP:FBSP:C655985,st_struct_pedestal/91104,st_struct_pedestal/93123
ug_route/213291,OSP:BUSP::10682470,pole/54182,building/66439
ug_route/213292,OSP:BUSP:C645404,st_struct_pedestal/90578,st_struct_pedestal/92570
ug_route/213293,OSP:BUSP:C668024,pole/53720,st_struct_pedestal/92854
ug_route/213294,OSP:BUSP:D8186357,st_struct_pedestal/92709,pole/53372
ug_route/213295,OSP:BUSP::14932085,st_struct_pedestal/93633,st_struct_pedestal/92819
ug_route/213296,OSP:FBSP::13679966,st_struct_pedestal/93355,building/66425
ug_route/213297,OSP:FBSP:C651153,st_struct_pedestal/91369,st_struct_pedestal/92069
ug_route/213298,OSP:FBSP:C656108,st_struct_pedestal/93790,st_struct_pedestal/90910
ug_route/213299,OSP:BUSP:C648269,pole/52470,cabinet/2766
ug_route/213300,OSP:BUSP::16079684,st_struct_pedestal/93633,st_struct_pedestal/92819
ug_route/213301,OSP:FBSP:C648218,st_struct_pedestal/93581,building/66333
ug_route/213302,OSP:FORSP::16954182,st_struct_vault/2779,st_struct_vault/2713
ug_route/213303,OSP:BUSP:C656392,mywcom_route_junction/27145,mywcom_route_junction/27236
ug_route/213304,OSP:BUSP:C654948,pole/54069,st_struct_pedestal/91734
ug_route/213305,OSP:FBSP:C651063,st_struct_pedestal/94178,st_struct_pedestal/93190
ug_route/213306,OSP:BUSP::9340672,st_struct_pedestal/92458,building/67733
ug_route/213307,OSP:FBSP::7629594,building/67578,mywcom_route_junction/27986
ug_route/213308,OSP:FORSP::16951940,st_struct_vault/2756,mywcom_route_junction/27724
ug_route/213309,OSP:FBSP:C660476,st_struct_pedestal/92901,building/66534
ug_route/213310,OSP:FBSP:C651527,st_struct_pedestal/91290,st_struct_pedestal/92254
ug_route/213311,OSP:BUSP::10661624,st_struct_pedestal/93693,building/66513
ug_route/213312,OSP:BUSP:C641598,st_struct_pedestal/93917,building/67110
ug_route/213313,OSP:BUSP::8574869,mywcom_route_junction/27375,building/67987
ug_route/213314,OSP:FBSP:C708145,pole/53950,st_struct_pedestal/92815
ug_route/213315,OSP:FBSP:C651356,st_struct_pedestal/91399,st_struct_pedestal/93615
ug_route/213316,OSP:BUSP:C651005,mywcom_route_junction/28096,st_struct_pedestal/91453
ug_route/213317,OSP:BUSP:C656445,mywcom_route_junction/27363,mywcom_route_junction/27518
ug_route/213318,OSP:BUSP:C652003,st_struct_pedestal/90749,building/68079
ug_route/213319,OSP:FBSP::11431260,st_struct_pedestal/92138,st_struct_pedestal/94216
ug_route/213320,OSP:FBSP::8603980,pole/52462,building/68601
ug_route/213321,OSP:BUSP:C661787,st_struct_pedestal/91612,mywcom_route_junction/27326
ug_route/213322,OSP:BUSP::9526913,st_struct_pedestal/92069,st_struct_pedestal/91369
ug_route/213323,OSP:FBSP::12053071,mywcom_route_junction/27380,mywcom_route_junction/27144
ug_route/213324,OSP:FBSP:C667431,st_struct_pedestal/92899,mywcom_route_junction/27607
ug_route/213325,OSP:FBSP:C650391,st_struct_pedestal/92976,building/68329
ug_route/213326,OSP:BUSP::8345418,mywcom_route_junction/27397,st_struct_pedestal/92456
ug_route/213328,OSP:FBSP::8588365,st_struct_pedestal/91877,st_struct_pedestal/93062
ug_route/213329,OSP:FBSP:C650350,st_struct_pedestal/92099,building/67965
ug_route/213330,OSP:FBSP::12053042,building/66158,mywcom_route_junction/28219
ug_route/213331,OSP:FBSP:C644490,mywcom_route_junction/27600,st_struct_pedestal/92016
ug_route/213332,OSP:FBSP:C705556,building/66360,mywcom_route_junction/27521
ug_route/213333,OSP:BUSP::10711864,st_struct_pedestal/93713,building/68806
ug_route/213334,OSP:BUSP:C648395,st_struct_pedestal/94213,st_struct_pedestal/91622
ug_route/213335,OSP:BUSP:C651141,st_struct_pedestal/92308,building/67496
ug_route/213336,OSP:FBSP:C651593,st_struct_pedestal/91986,st_struct_pedestal/90794
ug_route/213337,OSP:BUSP:C658094,st_struct_pedestal/92374,building/68519
ug_route/213338,OSP:BUSP::8586389,pole/53207,building/68734
ug_route/213339,OSP:FBSP:C706442,pole/54169,building/67040
ug_route/213340,OSP:BUSP::9454288,st_struct_pedestal/90910,st_struct_pedestal/93790
ug_route/213341,OSP:FBSP:C663571,st_struct_pedestal/92129,st_struct_pedestal/91022
ug_route/213342,OSP:BUSP::16601295,pole/54169,building/67040
ug_route/213343,OSP:BUSP::9528190,st_struct_pedestal/93190,st_struct_pedestal/94178
ug_route/213344,OSP:BUSP::16040255,mywcom_route_junction/27740,building/66486
ug_route/213345,OSP:FBSP:C663560,st_struct_pedestal/93166,st_struct_pedestal/93644
ug_route/213346,OSP:FBSP:C663569,st_struct_pedestal/92816,st_struct_pedestal/92129
ug_route/213347,OSP:FBSP:C663563,st_struct_pedestal/93644,st_struct_pedestal/91575
ug_route/213348,OSP:FBSP:C663564,st_struct_pedestal/91575,st_struct_pedestal/91858
ug_route/213349,OSP:FBSP:C663567,st_struct_pedestal/91858,st_struct_pedestal/92816
ug_route/213350,OSP:BUSP::9531712,st_struct_pedestal/91290,st_struct_pedestal/92254
ug_route/213351,OSP:FBSP::14785213,st_struct_pedestal/93978,st_struct_pedestal/91635
ug_route/213352,OSP:FBSP::7629280,st_struct_pedestal/92047,st_struct_pedestal/92761
ug_route/213353,OSP:BUSP::15968587,st_struct_pedestal/91424,mywcom_route_junction/27962
ug_route/213354,OSP:FBSP::12052128,mywcom_route_junction/27679,building/68224
ug_route/213355,OSP:FBSP:C663371,st_struct_pedestal/91932,st_struct_pedestal/91627
ug_route/213356,OSP:FBSP::12053067,building/68767,mywcom_route_junction/27554
ug_route/213357,OSP:BUSP::9520210,st_struct_pedestal/91399,st_struct_pedestal/93615
ug_route/213359,OSP:BUSP:C651334,st_struct_pedestal/91555,st_struct_pedestal/92745
ug_route/213360,OSP:BUSP:C649042,st_struct_pedestal/92197,building/68612
ug_route/213361,OSP:FBSP::13402195,st_struct_pedestal/93632,mywcom_route_junction/27753
ug_route/213362,OSP:BUSP:C648445,st_struct_pedestal/92387,pole/53275
ug_route/213363,OSP:BUSP::9479548,st_struct_pedestal/91946,st_struct_pedestal/91275
ug_route/213364,OSP:FBSP::13095329,st_struct_pedestal/91558,building/68742
ug_route/213365,OSP:BUSP:C667537,st_struct_pedestal/93047,pole/52777
ug_route/213366,OSP:BUSP:C649271,st_struct_pedestal/92161,building/67821
ug_route/213367,OSP:BUSP:C655779,st_struct_pedestal/92844,st_struct_pedestal/94033
ug_route/213368,OSP:BUSP::11804366,st_struct_pedestal/93449,building/66222
ug_route/213369,OSP:FBSP:C667427,st_struct_pedestal/93406,st_struct_pedestal/91749
ug_route/213370,OSP:BUSP:C651051,st_struct_pedestal/90982,building/66436
ug_route/213371,OSP:BUSP::9531380,st_struct_pedestal/92422,st_struct_pedestal/91724
ug_route/213372,OSP:FBSP:C646168,st_struct_pedestal/91503,st_struct_pedestal/92010
ug_route/213373,OSP:FBSP:C705599,building/67218,building/68143
ug_route/213374,OSP:BUSP:C641138,st_struct_pedestal/91139,building/66562
ug_route/213375,OSP:BUSP::10661626,st_struct_pedestal/91933,building/66780
ug_route/213376,OSP:FBSP::8588668,pole/54050,pole/52240
ug_route/213377,OSP:FBSP:C663414,st_struct_pedestal/93360,st_struct_pedestal/93133
ug_route/213378,OSP:BUSP::16788473,mywcom_route_junction/27265,mywcom_route_junction/27698
ug_route/213379,OSP:FORSP::16956653,st_struct_vault/2729,pole/52893
ug_route/213380,OSP:BUSP:C667213,mywcom_route_junction/27810,st_struct_pedestal/93405
ug_route/213381,OSP:BUSP::16013381,pole/54236,building/68047
ug_route/213382,OSP:BUSP:C648276,pole/52470,cabinet/2766
ug_route/213383,OSP:BUSP::9532350,st_struct_pedestal/90794,st_struct_pedestal/91986
ug_route/213384,OSP:BUSP::16057851,mywcom_route_junction/27260,st_struct_pedestal/92150
ug_route/213385,OSP:BUSP::8382532,st_struct_pedestal/92878,st_struct_pedestal/92442
ug_route/213386,OSP:FBSP::8573905,st_struct_pedestal/91020,st_struct_pedestal/93187
ug_route/213387,OSP:BUSP::11331067,st_struct_pedestal/92863,st_struct_pedestal/90888
ug_route/213388,OSP:FBSP::11652662,st_struct_pedestal/92331,st_struct_pedestal/90631
ug_route/213389,OSP:BUSP:C662338,st_struct_pedestal/93283,st_struct_pedestal/90742
ug_route/213390,OSP:BUSP:C651817,st_struct_pedestal/91691,st_struct_pedestal/92325
ug_route/213391,OSP:BUSP:C661966,st_struct_pedestal/93965,building/66782
ug_route/213392,OSP:BUSP::16048245,pole/52849,building/66170
ug_route/213393,OSP:FBSP:C656457,mywcom_route_junction/27711,building/67367
ug_route/213394,OSP:BUSP::15987451,pole/53859,building/68349
ug_route/213395,OSP:BUSP::10922760,st_struct_pedestal/90579,mywcom_route_junction/27887
ug_route/213396,OSP:BUSP::9453944,st_struct_pedestal/91627,st_struct_pedestal/91932
ug_route/213397,OSP:FBSP::10637985,st_struct_pedestal/91754,mywcom_route_junction/27536
ug_route/213398,OSP:FBSP:C643158,st_struct_pedestal/91725,st_struct_pedestal/93170
ug_route/213399,OSP:BUSP:C707413,st_struct_buried_splice_location/3993,mywcom_route_junction/28081
ug_route/213400,OSP:BUSP:C667619,st_struct_pedestal/92112,st_struct_pedestal/90616
ug_route/213401,OSP:BUSP::9520202,st_struct_pedestal/91555,st_struct_pedestal/92745
ug_route/213402,OSP:BUSP:C639504,st_struct_pedestal/93259,st_struct_pedestal/93929
ug_route/213403,OSP:BUSP:C642397,pole/53280,mywcom_route_junction/27420
ug_route/213404,OSP:FBSP:C651666,st_struct_pedestal/90707,st_struct_pedestal/91825
ug_route/213405,OSP:BUSP::9451427,pole/53275,st_struct_pedestal/92387
ug_route/213406,OSP:BUSP:C707156,st_struct_pedestal/93246,st_struct_buried_splice_location/3891
ug_route/213407,OSP:BUSP::11474133,st_struct_pedestal/90868,st_struct_vault/2714
ug_route/213408,OSP:FBSP:C704903,st_struct_buried_splice_location/3979,building/66744
ug_route/213409,OSP:FBSP:C639752,st_struct_pedestal/92475,st_struct_pedestal/91479
ug_route/213410,OSP:BUSP::9484087,st_struct_pedestal/92518,st_struct_pedestal/92190
ug_route/213411,OSP:BUSP::11417598,st_struct_pedestal/92907,st_struct_pedestal/91911
ug_route/213412,OSP:BUSP::10720529,mywcom_route_junction/27136,st_struct_pedestal/92470
ug_route/213413,OSP:FBSP:C651639,st_struct_pedestal/91040,building/67813
ug_route/213414,OSP:BUSP:C648435,st_struct_pedestal/92945,st_struct_pedestal/90672
ug_route/213415,OSP:BUSP::9491433,st_struct_pedestal/91749,st_struct_pedestal/93406
ug_route/213416,OSP:BUSP::9450459,mywcom_route_junction/28009,mywcom_route_junction/27819
ug_route/213417,OSP:BUSP::9454280,st_struct_pedestal/93133,st_struct_pedestal/93360
ug_route/213418,OSP:BUSP::11417592,st_struct_pedestal/93817,st_struct_pedestal/91017
ug_route/213419,OSP:FBSP:C651591,st_struct_pedestal/91758,st_struct_pedestal/91986
ug_route/213420,OSP:FBSP::13679964,st_struct_pedestal/93355,building/67521
ug_route/213421,OSP:BUSP::10618102,pole/53509,building/68750
ug_route/213422,OSP:FBSP::8588364,st_struct_pedestal/90594,st_struct_pedestal/91877
ug_route/213423,OSP:FBSP::13098310,st_struct_pedestal/91800,st_struct_pedestal/91672
ug_route/213424,OSP:FBSP:C639748,st_struct_pedestal/92234,st_struct_pedestal/91883
ug_route/213425,OSP:BUSP:C657297,st_struct_pedestal/94109,pole/52291
ug_route/213426,OSP:FBSP::8415507,mywcom_route_junction/27817,mywcom_route_junction/28079
ug_route/213427,OSP:FBSP:C642384,st_struct_pedestal/91223,st_struct_pedestal/90538
ug_route/213428,OSP:FBSP:C656036,st_struct_pedestal/92925,st_struct_pedestal/92543
ug_route/213429,OSP:BUSP::11331068,st_struct_pedestal/90888,st_struct_pedestal/91613
ug_route/213430,OSP:FBSP::10638317,mywcom_route_junction/27946,building/68537
ug_route/213431,OSP:FBSP::11431253,st_struct_pedestal/91496,st_struct_pedestal/93239
ug_route/213432,OSP:FBSP:C705544,st_struct_pedestal/93615,st_struct_pedestal/91619
ug_route/213433,OSP:BUSP:C660923,st_struct_pedestal/92721,building/66724
ug_route/213434,OSP:BUSP::11417603,st_struct_pedestal/91349,st_struct_pedestal/91324
ug_route/213435,OSP:BUSP::8402716,mywcom_route_junction/27498,st_struct_pedestal/90970
ug_route/213436,OSP:FBSP::13098312,st_struct_pedestal/92777,st_struct_pedestal/92431
ug_route/213437,OSP:BUSP:C708104,st_struct_buried_splice_location/3903,building/68169
ug_route/213438,OSP:BUSP::9454921,st_struct_pedestal/91725,st_struct_pedestal/93170
ug_route/213439,OSP:FBSP::13098257,st_struct_pedestal/93450,st_struct_pedestal/91447
ug_route/213440,OSP:FBSP::13098259,st_struct_pedestal/92919,st_struct_pedestal/94279
ug_route/213441,OSP:FBSP::8330096,st_struct_pedestal/92593,st_struct_pedestal/92143
ug_route/213442,OSP:FBSP:C667436,st_struct_pedestal/91227,st_struct_pedestal/93527
ug_route/213443,OSP:BUSP::9532351,st_struct_pedestal/91986,st_struct_pedestal/91758
ug_route/213444,OSP:FBSP:C644380,st_struct_pedestal/93645,building/66352
ug_route/213445,OSP:BUSP::9490789,st_struct_pedestal/93929,st_struct_pedestal/93259
ug_route/213446,OSP:BUSP:C707831,st_struct_pedestal/93010,pole/52655
ug_route/213447,OSP:FBSP::13677702,st_struct_pedestal/93030,st_struct_pedestal/91388
ug_route/213448,OSP:FBSP:C643067,st_struct_pedestal/90606,st_struct_pedestal/91088
ug_route/213449,OSP:FBSP::13098308,st_struct_pedestal/94279,st_struct_pedestal/92354
ug_route/213450,OSP:FBSP:C678639,st_struct_pedestal/91342,building/66587
ug_route/213451,OSP:BUSP:C667268,st_struct_pedestal/92079,building/66416
ug_route/213452,OSP:FBSP:C654114,pole/53401,building/67469
ug_route/213453,OSP:FBSP::16829717,building/67022,st_struct_pedestal/91472
ug_route/213454,OSP:BUSP::9514104,st_struct_pedestal/91825,st_struct_pedestal/90707
ug_route/213455,OSP:FBSP::13098258,st_struct_pedestal/91447,st_struct_pedestal/92919
ug_route/213456,OSP:FBSP:C653920,pole/53198,building/67568
ug_route/213457,OSP:BUSP::9430938,st_struct_pedestal/92636,mywcom_route_junction/28210
ug_route/213458,OSP:BUSP:C650278,st_struct_pedestal/92471,st_struct_pedestal/90543
ug_route/213459,OSP:BUSP:C646075,st_struct_pedestal/93664,building/68167
ug_route/213460,OSP:BUSP::9490749,st_struct_pedestal/91223,st_struct_pedestal/90538
ug_route/213461,OSP:FBSP::13098311,st_struct_pedestal/91672,st_struct_pedestal/92777
ug_route/213462,OSP:BUSP::14932086,pole/52688,building/66833
ug_route/213463,OSP:FORSP:C647920,mywcom_route_junction/27183,st_struct_pedestal/92874
ug_route/213464,OSP:BUSP::8437605,cabinet/2830,pole/52346
ug_route/213465,OSP:FBSP:C656384,mywcom_route_junction/27236,building/66801
ug_route/213466,OSP:FBSP::12052045,st_struct_pedestal/91282,st_struct_pedestal/92243
ug_route/213467,OSP:BUSP::8415499,mywcom_route_junction/28025,st_struct_pedestal/92119
ug_route/213468,OSP:BUSP::9518905,st_struct_pedestal/91619,st_struct_pedestal/93615
ug_route/213469,OSP:BUSP:C660967,st_struct_pedestal/92665,building/66284
ug_route/213470,OSP:FBSP:C667464,st_struct_pedestal/93141,st_struct_pedestal/91339
ug_route/213471,OSP:FBSP:C704354,mywcom_route_junction/27473,st_struct_pedestal/93017
ug_route/213472,OSP:BUSP::9452066,st_struct_pedestal/92738,cabinet/2832
ug_route/213473,OSP:BUSP::10675428,st_struct_pedestal/93645,building/66352
ug_route/213474,OSP:BUSP:D8183765,mywcom_route_junction/28118,mywcom_route_junction/27523
ug_route/213475,OSP:FBSP:C651860,st_struct_pedestal/90790,building/66854
ug_route/213476,OSP:FBSP::8440153,st_struct_pedestal/90783,st_struct_pedestal/91456
ug_route/213477,OSP:BUSP::15118988,mywcom_route_junction/27113,mywcom_route_junction/27431
ug_route/213478,OSP:BUSP::15980417,pole/52270,building/66531
ug_route/213479,OSP:BUSP::9528823,st_struct_pedestal/91227,st_struct_pedestal/93527
ug_route/213480,OSP:FBSP::13098309,st_struct_pedestal/92354,st_struct_pedestal/91800
ug_route/213481,OSP:BUSP::8415497,mywcom_route_junction/28005,st_struct_pedestal/94173
ug_route/213482,OSP:FBSP:C651395,st_struct_pedestal/91982,st_struct_pedestal/91408
ug_route/213483,OSP:FBSP:C651493,st_struct_pedestal/93134,st_struct_pedestal/93850
ug_route/213484,OSP:BUSP::16057525,st_struct_pedestal/92926,mywcom_route_junction/27540
ug_route/213485,OSP:BUSP::8330402,st_struct_pedestal/94277,st_struct_pedestal/93519
ug_route/213486,OSP:FBSP::12053007,building/67198,mywcom_route_junction/27669
ug_route/213487,OSP:BUSP::16694729,mywcom_route_junction/27419,mywcom_route_junction/27828
ug_route/213488,OSP:BUSP::8336453,st_struct_pedestal/93396,st_struct_pedestal/92455
ug_route/213489,OSP:FBSP::16106193,mywcom_route_junction/27860,mywcom_route_junction/27171
ug_route/213490,OSP:BUSP::10273140,st_struct_pedestal/94037,cabinet/2850
ug_route/213491,OSP:FBSP:C651331,st_struct_pedestal/93474,st_struct_pedestal/91555
ug_route/213492,OSP:FBSP:C706981,mywcom_route_junction/27736,mywcom_route_junction/27640
ug_route/213493,OSP:FBSP:C707411,pole/52312,building/66143
ug_route/213494,OSP:BUSP::15350964,st_struct_pedestal/91699,building/66962
ug_route/213495,OSP:BUSP:C711780,st_struct_pedestal/90601,st_struct_pedestal/93249
ug_route/213496,OSP:FBSP:C663578,mywcom_route_junction/28125,mywcom_route_junction/27913
ug_route/213497,OSP:FBSP:C651408,pole/53081,building/68800
ug_route/213499,OSP:FBSP:C646300,mywcom_route_junction/27926,building/66490
ug_route/213500,OSP:BUSP::9271173,pole/53924,pole/53371
ug_route/213501,OSP:BUSP::8382231,st_struct_pedestal/93487,building/66504
ug_route/213502,OSP:FBSP::13098256,st_struct_pedestal/91566,st_struct_pedestal/93450
ug_route/213503,OSP:FBSP::8347658,st_struct_pedestal/90545,st_struct_pedestal/92180
ug_route/213504,OSP:BUSP::9433487,st_struct_pedestal/91088,st_struct_pedestal/90606
ug_route/213505,OSP:FBSP:C652842,pole/53943,building/68759
ug_route/213506,OSP:FBSP:C662189,st_struct_pedestal/91655,building/66232
ug_route/213507,OSP:BUSP:C650902,st_struct_pedestal/93493,pole/53706
ug_route/213508,OSP:BUSP::9490814,st_struct_pedestal/91339,st_struct_pedestal/93141
ug_route/213509,OSP:BUSP::9490787,st_struct_pedestal/90860,st_struct_pedestal/93415
ug_route/213510,OSP:FBSP:C640002,pole/54179,building/66716
ug_route/213511,OSP:BUSP::14116404,pole/54081,building/68843
ug_route/213512,OSP:BUSP:C706393,mywcom_route_junction/27139,st_struct_pedestal/91403
ug_route/213513,OSP:BUSP::9502905,st_struct_pedestal/92019,st_struct_pedestal/91987
ug_route/213514,OSP:BUSP::15987457,pole/53429,building/66451
ug_route/213515,OSP:BUSP::13514492,mywcom_route_junction/27414,building/67974
ug_route/213516,OSP:BUSP::10763383,st_struct_pedestal/94151,st_struct_pedestal/90770
ug_route/213517,OSP:FBSP::8947040,st_struct_pedestal/92236,st_struct_pedestal/92177
ug_route/213518,OSP:BUSP::13918012,st_struct_pedestal/93221,building/66512
ug_route/213519,OSP:BUSP:C660876,st_struct_pedestal/93011,building/66105
ug_route/213520,OSP:FBSP:C653506,pole/54477,building/67112
ug_route/213521,OSP:BUSP::9529784,mywcom_route_junction/27217,st_struct_pedestal/92667
ug_route/213522,OSP:BUSP::10271222,mywcom_route_junction/27459,st_struct_pedestal/92668
ug_route/213523,OSP:FBSP:C704351,mywcom_route_junction/27714,st_struct_pedestal/92261
ug_route/213524,OSP:FORSP:C646212,mywcom_route_junction/28064,st_struct_pedestal/93991
ug_route/213525,OSP:BUSP:C648536,st_struct_pedestal/93264,building/68737
ug_route/213526,OSP:FBSP::13729556,st_struct_pedestal/93870,st_struct_pedestal/90541
ug_route/213527,OSP:BUSP::9531723,st_struct_pedestal/93134,st_struct_pedestal/93850
ug_route/213528,OSP:FBSP:C668328,st_struct_pedestal/90961,building/66758
ug_route/213529,OSP:BUSP:C650292,st_struct_pedestal/92471,st_struct_pedestal/90543
ug_route/213530,OSP:BUSP::9520201,st_struct_pedestal/93474,st_struct_pedestal/91555
ug_route/213531,OSP:FBSP::12052980,st_struct_pedestal/93445,st_struct_pedestal/91664
ug_route/213532,OSP:BUSP:C648387,st_struct_pedestal/91894,st_struct_pedestal/93636
ug_route/213533,OSP:FBSP::13098252,st_struct_pedestal/94044,mywcom_route_junction/27351
ug_route/213534,OSP:FBSP:C666435,pole/53880,building/67352
ug_route/213535,OSP:FBSP:C642383,st_struct_pedestal/90915,st_struct_pedestal/91223
ug_route/213536,OSP:FBSP:C654071,mywcom_route_junction/27943,building/67660
ug_route/213537,OSP:BUSP::10690450,st_struct_pedestal/90790,building/66854
ug_route/213538,OSP:BUSP::9460123,st_struct_pedestal/90739,mywcom_route_junction/27882
ug_route/213539,OSP:FBSP::8950882,st_struct_pedestal/92524,st_struct_pedestal/92236
ug_route/213540,OSP:FBSP:C668345,st_struct_pedestal/93328,building/67892
ug_route/213541,OSP:FBSP:C651066,st_struct_pedestal/94178,st_struct_pedestal/92589
ug_route/213542,OSP:FBSP::16057227,st_struct_pedestal/93851,st_struct_pedestal/93291
ug_route/213543,OSP:FBSP:C705538,mywcom_route_junction/27547,mywcom_route_junction/27228
ug_route/213544,OSP:FBSP:C711671,st_struct_pedestal/93364,mywcom_route_junction/28067
ug_route/213545,OSP:BUSP::10433177,st_struct_pedestal/91699,building/66962
ug_route/213546,OSP:BUSP:C667614,st_struct_pedestal/94156,st_struct_pedestal/92112
ug_route/213547,OSP:FBSP:C653992,mywcom_route_junction/27521,building/67124
ug_route/213548,OSP:FBSP:C651272,st_struct_pedestal/94003,st_struct_pedestal/94212
ug_route/213549,OSP:FBSP:C639668,st_struct_pedestal/92257,st_struct_pedestal/93013
ug_route/213550,OSP:FBSP::8415824,st_struct_pedestal/92327,st_struct_pedestal/90678
ug_route/213551,OSP:BUSP::16017204,st_struct_pedestal/90613,building/68218
ug_route/213552,OSP:BUSP::13616263,st_struct_pedestal/92412,building/68010
ug_route/213553,OSP:BUSP:C650375,st_struct_pedestal/91262,st_struct_pedestal/91014
ug_route/213554,OSP:BUSP:C654676,st_struct_pedestal/93810,building/66162
ug_route/213555,OSP:BUSP:C656444,mywcom_route_junction/28215,mywcom_route_junction/27363
ug_route/213556,OSP:BUSP:C669960,st_struct_pedestal/93478,building/66846
ug_route/213557,OSP:FBSP:C704335,pole/52259,st_struct_pedestal/91188
ug_route/213558,OSP:FBSP:C657873,st_struct_pedestal/91603,building/68834
ug_route/213559,OSP:BUSP:C654342,st_struct_pedestal/90562,st_struct_pedestal/91845
ug_route/213560,OSP:BUSP::9514132,st_struct_pedestal/91408,st_struct_pedestal/91982
ug_route/213561,OSP:BUSP:C648295,mywcom_route_junction/27368,st_struct_pedestal/93342
ug_route/213562,OSP:BUSP::10677988,st_struct_pedestal/92738,building/67181
ug_route/213563,OSP:BUSP::15978503,pole/52327,building/66926
ug_route/213564,OSP:FBSP::8950863,st_struct_pedestal/93482,st_struct_pedestal/93108
ug_route/213565,OSP:BUSP:C711641,pole/53298,st_struct_pedestal/90625
ug_route/213566,OSP:FBSP:C646047,st_struct_pedestal/94083,st_struct_pedestal/91246
ug_route/213567,OSP:BUSP::10666436,st_struct_pedestal/92867,building/68554
ug_route/213568,OSP:FBSP::16945140,mywcom_route_junction/27121,building/68851
ug_route/213569,OSP:FBSP::8947041,st_struct_pedestal/92177,st_struct_pedestal/91801
ug_route/213570,OSP:FBSP::12051786,mywcom_route_junction/27355,building/68800
ug_route/213571,OSP:BUSP::10689783,st_struct_pedestal/93730,st_struct_pedestal/90796
ug_route/213572,OSP:FBSP:C657810,cabinet/2768,building/67823
ug_route/213573,OSP:BUSP:C663644,st_struct_pedestal/91190,building/66460
ug_route/213574,OSP:FBSP::8586391,pole/52777,building/68671
ug_route/213575,OSP:BUSP::9489807,st_struct_pedestal/92257,st_struct_pedestal/93013
ug_route/213576,OSP:FBSP:C663576,mywcom_route_junction/27681,mywcom_route_junction/28125
ug_route/213577,OSP:FBSP:C658122,st_struct_pedestal/92794,st_struct_pedestal/90747
ug_route/213578,OSP:FBSP:C651436,st_struct_pedestal/93787,st_struct_pedestal/93624
ug_route/213579,OSP:BUSP:C643622,st_struct_pedestal/94245,st_struct_pedestal/91583
ug_route/213580,OSP:FBSP:C656084,pole/53944,building/67543
ug_route/213581,OSP:BUSP::9528191,st_struct_pedestal/94178,st_struct_pedestal/92589
ug_route/213582,OSP:BUSP::9532340,mywcom_route_junction/27535,st_struct_pedestal/93520
ug_route/213583,OSP:BUSP::10352846,st_struct_pedestal/90620,st_struct_pedestal/91699
ug_route/213584,OSP:BUSP:C657371,pole/53729,st_struct_pedestal/91137
ug_route/213585,OSP:FBSP::8448152,pole/54458,st_struct_pedestal/93337
ug_route/213586,OSP:FBSP::11381316,pole/54154,building/67087
ug_route/213587,OSP:FBSP::8947042,st_struct_pedestal/91801,st_struct_pedestal/90843
ug_route/213588,OSP:FBSP:C648338,st_struct_pedestal/90613,building/68218
ug_route/213589,OSP:BUSP:C665779,mywcom_route_junction/27474,st_struct_pedestal/91100
ug_route/213590,OSP:BUSP:C650487,st_struct_pedestal/90955,building/67933
ug_route/213591,OSP:FBSP::8588366,pole/52606,st_struct_pedestal/92141
ug_route/213592,OSP:BUSP::15354173,pole/52777,building/68671
ug_route/213593,OSP:FBSP:C639746,st_struct_pedestal/93067,st_struct_pedestal/92234
ug_route/213594,OSP:FBSP:C680742,st_struct_pedestal/93048,building/67138
ug_route/213595,OSP:BUSP::8403333,st_struct_pedestal/92803,mywcom_route_junction/28006
ug_route/213596,OSP:FBSP:C643009,st_struct_pedestal/92313,mywcom_route_junction/27334
ug_route/213597,OSP:BUSP:C667665,pole/53219,st_struct_pedestal/93709
ug_route/213598,OSP:FBSP::12053039,mywcom_route_junction/27730,mywcom_route_junction/28129
ug_route/213599,OSP:BUSP:C651796,mywcom_route_junction/28164,st_struct_pedestal/93638
ug_route/213600,OSP:FBSP:C639777,st_struct_pedestal/94116,st_struct_pedestal/90731
ug_route/213601,OSP:FBSP::9508052,mywcom_route_junction/27641,st_struct_pedestal/93144
ug_route/213602,OSP:FBSP::8588360,pole/52993,st_struct_pedestal/92066
ug_route/213603,OSP:FBSP:C656191,st_struct_pedestal/92810,st_struct_pedestal/94100
ug_route/213604,OSP:BUSP::10689784,pole/54235,st_struct_pedestal/93696
ug_route/213605,OSP:BUSP::9490748,st_struct_pedestal/90915,st_struct_pedestal/91223
ug_route/213606,OSP:BUSP::9311873,pole/54179,building/66716
ug_route/213607,OSP:FBSP:C653412,st_struct_pedestal/92394,building/67008
ug_route/213608,OSP:FBSP::16098814,st_struct_pedestal/93633,st_struct_pedestal/92819
ug_route/213609,OSP:BUSP::16764613,st_struct_pedestal/93874,st_struct_pedestal/91281
ug_route/213610,OSP:FBSP::14203126,st_struct_pedestal/93220,st_struct_pedestal/92295
ug_route/213611,OSP:BUSP::9497146,st_struct_pedestal/91403,st_struct_pedestal/94302
ug_route/213612,OSP:BUSP:C651781,st_struct_pedestal/92470,mywcom_route_junction/27741
ug_route/213613,OSP:FBSP:C706961,mywcom_route_junction/27646,mywcom_route_junction/27706
ug_route/213614,OSP:FBSP:C670275,st_struct_pedestal/90872,building/67938
ug_route/213615,OSP:FBSP:C652839,pole/53943,building/66370
ug_route/213616,OSP:FBSP:C656439,mywcom_route_junction/27710,building/66527
ug_route/213617,OSP:BUSP:C654214,st_struct_pedestal/93262,st_struct_buried_splice_location/3937
ug_route/213618,OSP:FBSP:C646141,st_struct_pedestal/94223,st_struct_pedestal/91688
ug_route/213619,OSP:BUSP::16783621,mywcom_route_junction/27847,mywcom_route_junction/27412
ug_route/213620,OSP:BUSP::10725956,st_struct_pedestal/91691,st_struct_pedestal/92325
ug_route/213621,OSP:BUSP::17115223,st_struct_pedestal/93871,pole/52460
ug_route/213622,OSP:FBSP::16787863,st_struct_pedestal/93590,st_struct_pedestal/91174
ug_route/213623,OSP:FBSP:C639524,st_struct_pedestal/91042,st_struct_pedestal/93230
ug_route/213624,OSP:BUSP::9455542,st_struct_pedestal/92794,st_struct_pedestal/90747
ug_route/213625,OSP:BUSP::15968583,st_struct_pedestal/92981,mywcom_route_junction/28186
ug_route/213626,OSP:FBSP:C667260,st_struct_pedestal/93281,building/67345
ug_route/213627,OSP:FBSP:C667218,st_struct_pedestal/93405,st_struct_pedestal/92662
ug_route/213628,OSP:FBSP:C643034,st_struct_pedestal/93240,st_struct_pedestal/92291
ug_route/213629,OSP:BUSP::12032247,st_struct_pedestal/92134,st_struct_pedestal/94203
ug_route/213630,OSP:FBSP::7698052,st_struct_pedestal/93027,building/68630
ug_route/213631,OSP:FBSP:C654974,st_struct_pedestal/94087,building/66170
ug_route/213632,OSP:FORSP::16961861,st_struct_vault/2722,cabinet/2824
ug_route/213633,OSP:BUSP::10733943,pole/54502,building/66272
ug_route/213634,OSP:BUSP::9509322,mywcom_route_junction/27387,st_struct_pedestal/93406
ug_route/213635,OSP:FBSP::11431252,st_struct_pedestal/92189,st_struct_pedestal/91496
ug_route/213636,OSP:FBSP:C640436,st_struct_pedestal/90977,mywcom_route_junction/27328
ug_route/213637,OSP:FBSP:C661767,st_struct_pedestal/93179,building/67050
ug_route/213638,OSP:FBSP:C642415,st_struct_pedestal/93929,st_struct_pedestal/91766
ug_route/213639,OSP:BUSP:C655339,st_struct_pedestal/91316,building/68141
ug_route/213640,OSP:BUSP::12178796,st_struct_pedestal/93687,building/67863
ug_route/213641,OSP:BUSP::10756983,st_struct_pedestal/91668,mywcom_route_junction/28193
ug_route/213642,OSP:FBSP:C651415,st_struct_pedestal/93273,st_struct_pedestal/94324
ug_route/213643,OSP:BUSP::11322756,st_struct_pedestal/91105,mywcom_route_junction/27582
ug_route/213644,OSP:BUSP::13954868,st_struct_pedestal/92334,st_struct_pedestal/91130
ug_route/213645,OSP:FBSP::11431257,st_struct_pedestal/93238,st_struct_pedestal/92138
ug_route/213646,OSP:BUSP::16057526,st_struct_pedestal/92926,building/67370
ug_route/213647,OSP:BUSP::8336454,st_struct_pedestal/92455,st_struct_pedestal/93358
ug_route/213648,OSP:BUSP::16036086,st_struct_pedestal/91209,st_struct_pedestal/90649
ug_route/213649,OSP:FBSP::7634316,st_struct_pedestal/92761,building/68847
ug_route/213650,OSP:BUSP:C667608,st_struct_pedestal/92353,st_struct_pedestal/92304
ug_route/213651,OSP:BUSP:C648390,st_struct_pedestal/91622,st_struct_pedestal/94284
ug_route/213652,OSP:FORSP::16940436,mywcom_route_junction/27277,st_struct_vault/2780
ug_route/213653,OSP:FBSP:C656100,st_struct_pedestal/93890,st_struct_pedestal/90912
ug_route/213654,OSP:BUSP::11470320,st_struct_pedestal/91965,st_struct_vault/2767
ug_route/213655,OSP:FBSP::8336461,st_struct_pedestal/92870,st_struct_pedestal/91291
ug_route/213656,OSP:BUSP::10974919,st_struct_pedestal/92591,building/67459
ug_route/213657,OSP:FBSP::8433100,mywcom_route_junction/27544,building/67684
ug_route/213658,OSP:BUSP::10690437,st_struct_pedestal/93730,st_struct_pedestal/90796
ug_route/213659,OSP:FBSP:C670975,pole/54541,building/66493
ug_route/213660,OSP:FBSP::8330086,mywcom_route_junction/27503,st_struct_pedestal/93072
ug_route/213661,OSP:BUSP:C659969,st_struct_buried_splice_location/3892,st_struct_pedestal/92998
ug_route/213662,OSP:FBSP:C667136,st_struct_pedestal/93296,st_struct_pedestal/91944
ug_route/213663,OSP:FBSP:C654051,mywcom_route_junction/27228,building/66361
ug_route/213664,OSP:BUSP:C650486,st_struct_pedestal/90955,building/68549
ug_route/213665,OSP:FORSP::16954188,st_struct_vault/2712,st_struct_vault/2766
ug_route/213666,OSP:FBSP:C648332,st_struct_pedestal/92783,building/67002
ug_route/213667,OSP:BUSP::9490811,st_struct_pedestal/92662,st_struct_pedestal/93405
ug_route/213668,OSP:BUSP:C649783,st_struct_pedestal/94037,st_struct_pedestal/91572
ug_route/213669,OSP:BUSP:C652979,st_struct_pedestal/90970,pole/52920
ug_route/213670,OSP:BUSP::9430924,st_struct_pedestal/92291,st_struct_pedestal/93240
ug_route/213671,OSP:BUSP::9447576,st_struct_pedestal/93467,st_struct_pedestal/92873
ug_route/213672,OSP:FBSP::8346074,st_struct_pedestal/94286,st_struct_pedestal/92018
ug_route/213673,OSP:FBSP:C651671,st_struct_pedestal/91825,st_struct_pedestal/91405
ug_route/213674,OSP:BUSP::9490743,st_struct_pedestal/91042,st_struct_pedestal/93230
ug_route/213675,OSP:FBSP:C645918,st_struct_pedestal/93248,building/66402
ug_route/213676,OSP:FBSP:C705528,building/66914,building/67217
ug_route/213677,OSP:BUSP:C642353,st_struct_pedestal/94241,building/68560
ug_route/213678,OSP:FBSP:C711672,mywcom_route_junction/27649,building/68533
ug_route/213679,OSP:BUSP::12612771,mywcom_route_junction/27984,mywcom_route_junction/27169
ug_route/213680,OSP:BUSP:C663634,st_struct_pedestal/90649,st_struct_pedestal/91209
ug_route/213681,OSP:BUSP::8591503,mywcom_route_junction/27898,mywcom_route_junction/27557
ug_route/213682,OSP:FBSP:C666081,st_struct_pedestal/91438,st_struct_pedestal/93194
ug_route/213683,OSP:FBSP:C706970,mywcom_route_junction/27774,mywcom_route_junction/27627
ug_route/213684,OSP:BUSP:C666110,st_struct_pedestal/91719,st_struct_pedestal/91244
ug_route/213685,OSP:BUSP::15352265,pole/54541,building/66493
ug_route/213686,OSP:BUSP:C667669,st_struct_pedestal/91283,st_struct_pedestal/92473
ug_route/213687,OSP:FBSP:C662340,st_struct_pedestal/90742,building/67278
ug_route/213688,OSP:BUSP::10394137,st_struct_pedestal/91572,st_struct_pedestal/94037
ug_route/213689,OSP:BUSP::16788479,mywcom_route_junction/28211,mywcom_route_junction/27761
ug_route/213690,OSP:BUSP::13453066,mywcom_route_junction/27658,mywcom_route_junction/27756
ug_route/213691,OSP:BUSP:C666968,st_struct_pedestal/92366,st_struct_pedestal/92780
ug_route/213692,OSP:BUSP:C667450,st_struct_pedestal/92506,st_struct_pedestal/91287
ug_route/213693,OSP:FBSP::8382535,st_struct_pedestal/92003,st_struct_pedestal/91878
ug_route/213694,OSP:FBSP:C656098,st_struct_pedestal/92701,st_struct_pedestal/93890
ug_route/213695,OSP:BUSP::9490431,st_struct_pedestal/91766,st_struct_pedestal/93929
ug_route/213696,OSP:BUSP:C656351,st_struct_pedestal/90965,st_struct_pedestal/91933
ug_route/213697,OSP:BUSP::9531738,st_struct_pedestal/92016,mywcom_route_junction/27218
ug_route/213698,OSP:BUSP::11417627,mywcom_route_junction/27752,st_struct_pedestal/91789
ug_route/213699,OSP:BUSP:C641204,st_struct_pedestal/92237,building/67018
ug_route/213700,OSP:BUSP::9531388,st_struct_pedestal/91944,st_struct_pedestal/93296
ug_route/213701,OSP:BUSP::9513462,st_struct_pedestal/93273,st_struct_pedestal/94324
ug_route/213702,OSP:BUSP::7634313,st_struct_pedestal/92047,building/67197
ug_route/213703,OSP:BUSP:C667677,st_struct_pedestal/92473,st_struct_pedestal/92710
ug_route/213704,OSP:BUSP::11408198,st_struct_pedestal/92530,st_struct_pedestal/92525
ug_route/213705,OSP:BUSP::16788474,mywcom_route_junction/27698,mywcom_route_junction/28117
ug_route/213706,OSP:BUSP::10725966,mywcom_route_junction/28033,building/66853
ug_route/213707,OSP:BUSP::10272543,st_struct_pedestal/91708,mywcom_route_junction/28203
ug_route/213708,OSP:FBSP::8336455,st_struct_pedestal/93358,st_struct_pedestal/91764
ug_route/213709,OSP:FBSP:C646167,st_struct_pedestal/90920,st_struct_pedestal/91503
ug_route/213710,OSP:FBSP:C639802,st_struct_pedestal/91974,st_struct_pedestal/91442
ug_route/213711,OSP:BUSP::16789191,mywcom_route_junction/27327,mywcom_route_junction/27749
ug_route/213712,OSP:BUSP::15980413,st_struct_pedestal/92641,mywcom_route_junction/27886
ug_route/213713,OSP:BUSP::10693665,st_struct_pedestal/93248,building/66402
ug_route/213714,OSP:BUSP::8370719,st_struct_pedestal/93135,st_struct_pedestal/91164
ug_route/213715,OSP:BUSP:C667607,mywcom_route_junction/27241,st_struct_pedestal/92353
ug_route/213716,OSP:FBSP:C644249,st_struct_pedestal/93640,st_struct_pedestal/92190
ug_route/213717,OSP:FBSP::11067144,st_struct_pedestal/92208,st_struct_pedestal/92215
ug_route/213718,OSP:BUSP::11417591,st_struct_pedestal/93363,st_struct_pedestal/93817
ug_route/213719,OSP:BUSP::11470589,st_struct_pedestal/92530,st_struct_pedestal/92525
ug_route/213720,OSP:FBSP:C646011,st_struct_pedestal/91490,st_struct_pedestal/91629
ug_route/213721,OSP:BUSP:C670024,st_struct_pedestal/94340,building/67672
ug_route/213722,OSP:BUSP:C657085,pole/54060,st_struct_pedestal/93124
ug_route/213723,OSP:BUSP::15118985,st_struct_pedestal/94295,st_struct_pedestal/90801
ug_route/213724,OSP:BUSP:C658091,st_struct_pedestal/92374,building/67228
ug_route/213725,OSP:FBSP:C639514,st_struct_pedestal/91762,st_struct_pedestal/93863
ug_route/213726,OSP:BUSP::9508054,st_struct_pedestal/92505,st_struct_pedestal/93144
ug_route/213727,OSP:BUSP::9522433,st_struct_pedestal/94212,st_struct_pedestal/93142
ug_route/213728,OSP:BUSP:C667609,st_struct_pedestal/92304,st_struct_pedestal/90671
ug_route/213729,OSP:FORSP::17063316,st_struct_vault/2755,cabinet/2830
ug_route/213730,OSP:FBSP::13729558,st_struct_pedestal/90541,st_struct_pedestal/93181
ug_route/213731,OSP:BUSP::7625135,pole/53976,st_struct_pedestal/92333
ug_route/213732,OSP:FBSP:C660519,st_struct_pedestal/92178,building/67187
ug_route/213733,OSP:BUSP::9491429,st_struct_pedestal/91287,st_struct_pedestal/92506
ug_route/213734,OSP:BUSP::9514103,st_struct_pedestal/91405,st_struct_pedestal/91825
ug_route/213735,OSP:BUSP:C648418,st_struct_pedestal/92994,st_struct_pedestal/92041
ug_route/213736,OSP:BUSP::9451800,mywcom_route_junction/27427,mywcom_route_junction/28175
ug_route/213737,OSP:FBSP:C644269,st_struct_pedestal/91403,st_struct_pedestal/91108
ug_route/213738,OSP:BUSP::10706438,pole/54027,building/66490
ug_route/213739,OSP:FBSP:C651085,st_struct_pedestal/91620,st_struct_pedestal/91117
ug_route/213740,OSP:BUSP::7913437,st_struct_pedestal/92575,building/66215
ug_route/213741,OSP:BUSP::9528831,st_struct_pedestal/93872,mywcom_route_junction/28152
ug_route/213742,OSP:FBSP:C667251,st_struct_pedestal/90598,building/67080
ug_route/213743,OSP:FBSP:C667234,st_struct_pedestal/94111,st_struct_pedestal/91751
ug_route/213744,OSP:FBSP::12053064,building/67864,mywcom_route_junction/27455
ug_route/213745,OSP:FBSP:C654068,mywcom_route_junction/27943,building/66361
ug_route/213746,OSP:FBSP:C639783,st_struct_pedestal/92679,st_struct_pedestal/93899
ug_route/213747,OSP:FBSP:C639798,st_struct_pedestal/92294,st_struct_pedestal/91857
ug_route/213748,OSP:FBSP:C656250,mywcom_route_junction/27417,building/66363
ug_route/213886,OSP:BUSP::8440462,mywcom_route_junction/27138,pole/54344
ug_route/213749,OSP:BUSP::8603032,st_struct_pedestal/93292,mywcom_route_junction/27840
ug_route/213750,OSP:BUSP:C639353,st_struct_pedestal/93135,st_struct_pedestal/91164
ug_route/213751,OSP:BUSP::16040256,mywcom_route_junction/27942,mywcom_route_junction/28018
ug_route/213752,OSP:FBSP::8950865,st_struct_pedestal/91160,st_struct_pedestal/91969
ug_route/213753,OSP:FBSP:C705482,st_struct_pedestal/92667,st_struct_pedestal/91288
ug_route/213754,OSP:FBSP::8490067,st_struct_pedestal/91285,st_struct_pedestal/93001
ug_route/213755,OSP:BUSP::10756989,st_struct_pedestal/90897,building/67869
ug_route/213756,OSP:FBSP:C644357,st_struct_pedestal/93068,st_struct_pedestal/92199
ug_route/213757,OSP:BUSP:C667648,st_struct_pedestal/93137,st_struct_pedestal/93580
ug_route/213758,OSP:FBSP::8347659,st_struct_pedestal/92180,st_struct_pedestal/93718
ug_route/213759,OSP:BUSP::12032246,st_struct_pedestal/93522,st_struct_pedestal/92134
ug_route/213760,OSP:FBSP::11652664,st_struct_pedestal/94007,st_struct_pedestal/92558
ug_route/213761,OSP:BUSP::9484088,st_struct_pedestal/92190,st_struct_pedestal/93640
ug_route/213762,OSP:FBSP:C666077,st_struct_pedestal/92362,st_struct_pedestal/91438
ug_route/213763,OSP:FBSP:C666048,st_struct_pedestal/92938,st_struct_pedestal/91096
ug_route/213764,OSP:FBSP:C666097,st_struct_pedestal/93947,st_struct_pedestal/91482
ug_route/213765,OSP:FBSP:C651398,st_struct_pedestal/91345,st_struct_pedestal/93533
ug_route/213766,OSP:BUSP:C653398,st_struct_pedestal/94264,pole/54333
ug_route/213767,OSP:BUSP::7949586,st_struct_pedestal/92678,st_struct_pedestal/90963
ug_route/213768,OSP:FBSP:C644257,st_struct_pedestal/91700,st_struct_pedestal/93786
ug_route/213769,OSP:BUSP::9530750,st_struct_pedestal/91620,st_struct_pedestal/91117
ug_route/213770,OSP:BUSP::11497814,st_struct_pedestal/91423,st_struct_pedestal/93002
ug_route/213771,OSP:FBSP::8573899,mywcom_route_junction/27341,mywcom_route_junction/28100
ug_route/213772,OSP:BUSP::9490435,st_struct_pedestal/91762,st_struct_pedestal/93863
ug_route/213773,OSP:FBSP:C643073,mywcom_route_junction/27342,st_struct_pedestal/93897
ug_route/213774,OSP:FBSP::13403168,st_struct_pedestal/93167,building/68452
ug_route/213775,OSP:BUSP::16040274,mywcom_route_junction/27733,building/66244
ug_route/213776,OSP:BUSP:C658196,st_struct_pedestal/91486,building/68699
ug_route/213777,OSP:BUSP:C640760,st_struct_pedestal/92039,building/68126
ug_route/213778,OSP:BUSP::11472180,st_struct_pedestal/92202,st_struct_pedestal/93371
ug_route/213779,OSP:BUSP:C651338,st_struct_pedestal/92745,st_struct_pedestal/93781
ug_route/213780,OSP:BUSP:C642361,st_struct_pedestal/90561,building/67977
ug_route/213781,OSP:BUSP::8489742,st_struct_pedestal/93690,mywcom_route_junction/27166
ug_route/213782,OSP:BUSP:C660031,st_struct_pedestal/91036,st_struct_pedestal/92554
ug_route/213783,OSP:BUSP::9493749,st_struct_pedestal/91403,st_struct_pedestal/91108
ug_route/213784,OSP:BUSP::9493630,st_struct_pedestal/91751,st_struct_pedestal/94111
ug_route/213785,OSP:BUSP::15126682,st_struct_pedestal/94264,pole/54333
ug_route/213786,OSP:FBSP::13684422,st_struct_pedestal/91249,building/66659
ug_route/213787,OSP:BUSP:C651841,st_struct_pedestal/90796,st_struct_pedestal/92645
ug_route/213788,OSP:FBSP:C711771,st_struct_pedestal/91328,st_struct_pedestal/93168
ug_route/213789,OSP:BUSP::10877348,st_struct_pedestal/92178,building/66946
ug_route/213790,OSP:FBSP::8576460,st_struct_pedestal/92149,st_struct_pedestal/92150
ug_route/213791,OSP:FBSP:C651521,st_struct_pedestal/92409,st_struct_pedestal/90917
ug_route/213792,OSP:FBSP::8490065,st_struct_pedestal/93765,st_struct_pedestal/93045
ug_route/213793,OSP:FBSP:C644262,st_struct_pedestal/94082,st_struct_pedestal/93892
ug_route/213794,OSP:BUSP::9534609,st_struct_pedestal/91288,st_struct_pedestal/92667
ug_route/213795,OSP:BUSP::12319290,pole/54014,building/66575
ug_route/213796,OSP:BUSP::10273180,st_struct_pedestal/91413,st_struct_pedestal/92999
ug_route/213797,OSP:BUSP::8365260,st_struct_pedestal/92019,mywcom_route_junction/28165
ug_route/213798,OSP:FBSP:C643078,st_struct_pedestal/91481,st_struct_pedestal/92012
ug_route/213799,OSP:FBSP:C651250,st_struct_pedestal/91347,st_struct_pedestal/91216
ug_route/213800,OSP:BUSP:C655314,st_struct_pedestal/93157,st_struct_buried_splice_location/3905
ug_route/213801,OSP:BUSP:C667637,mywcom_route_junction/27844,mywcom_route_junction/27339
ug_route/213802,OSP:BUSP:C653432,st_struct_pedestal/92929,mywcom_route_junction/27318
ug_route/213803,OSP:FBSP::8572619,st_struct_pedestal/93307,st_struct_pedestal/92719
ug_route/213804,OSP:BUSP:C667635,pole/52680,mywcom_route_junction/27844
ug_route/213805,OSP:BUSP:C656342,st_struct_pedestal/93693,st_struct_pedestal/91134
ug_route/213806,OSP:FBSP:C651631,st_struct_pedestal/93845,st_struct_pedestal/92057
ug_route/213807,OSP:BUSP::10764340,pole/54527,st_struct_pedestal/92747
ug_route/213808,OSP:BUSP:C645813,st_struct_pedestal/91398,st_struct_pedestal/93022
ug_route/213809,OSP:FBSP:C656272,building/68143,building/66974
ug_route/213810,OSP:BUSP::10690439,st_struct_pedestal/90796,st_struct_pedestal/92645
ug_route/213811,OSP:BUSP:C705959,st_struct_pedestal/91254,building/67931
ug_route/213812,OSP:FBSP:C667410,st_struct_pedestal/92591,st_struct_pedestal/90896
ug_route/213813,OSP:BUSP:C706061,mywcom_route_junction/27463,mywcom_route_junction/27500
ug_route/213814,OSP:FBSP::8421917,st_struct_pedestal/93648,st_struct_pedestal/92809
ug_route/213815,OSP:BUSP::8402711,mywcom_route_junction/27940,st_struct_pedestal/93010
ug_route/213816,OSP:FBSP::8421916,st_struct_pedestal/93247,st_struct_pedestal/93648
ug_route/213817,OSP:FBSP::8421915,st_struct_pedestal/91615,st_struct_pedestal/93247
ug_route/213818,OSP:FBSP::16829716,st_struct_pedestal/92809,st_struct_pedestal/90676
ug_route/213819,OSP:BUSP:C669988,st_struct_pedestal/92532,mywcom_route_junction/28057
ug_route/213820,OSP:FBSP:C651341,mywcom_route_junction/27499,mywcom_route_junction/27286
ug_route/213821,OSP:BUSP:C650268,st_struct_pedestal/91824,st_struct_pedestal/93951
ug_route/213822,OSP:FBSP:C711716,st_struct_pedestal/93932,st_struct_pedestal/91328
ug_route/213823,OSP:FBSP:C667220,st_struct_pedestal/92662,st_struct_pedestal/93893
ug_route/213824,OSP:BUSP:C681316,st_struct_pedestal/93846,st_struct_buried_splice_location/3990
ug_route/213825,OSP:BUSP:C649218,st_struct_pedestal/90837,st_struct_pedestal/91124
ug_route/213826,OSP:BUSP:C656993,st_struct_pedestal/93551,building/66165
ug_route/213827,OSP:BUSP:C648423,st_struct_pedestal/90959,st_struct_pedestal/93713
ug_route/213828,OSP:BUSP::8382852,pole/52755,building/67937
ug_route/213829,OSP:FBSP::15416263,st_struct_pedestal/93132,st_struct_pedestal/91395
ug_route/213830,OSP:BUSP::9506442,st_struct_pedestal/90844,st_struct_pedestal/92257
ug_route/213831,OSP:FBSP:C651862,st_struct_pedestal/93464,building/68764
ug_route/213832,OSP:BUSP::16783624,mywcom_route_junction/27205,st_struct_pedestal/93263
ug_route/213833,OSP:BUSP::9520203,st_struct_pedestal/93781,st_struct_pedestal/92745
ug_route/213834,OSP:BUSP::7915332,st_struct_pedestal/92094,building/66215
ug_route/213835,OSP:FBSP:C660350,st_struct_pedestal/91868,building/67871
ug_route/213836,OSP:BUSP::7622223,st_struct_pedestal/92500,building/66398
ug_route/213837,OSP:FBSP:C651634,st_struct_pedestal/92057,st_struct_pedestal/93902
ug_route/213838,OSP:BUSP::9493772,st_struct_pedestal/93068,st_struct_pedestal/92199
ug_route/213839,OSP:BUSP::10273181,st_struct_pedestal/92999,mywcom_route_junction/27103
ug_route/213840,OSP:BUSP::9451804,mywcom_route_junction/27184,st_struct_pedestal/93713
ug_route/213841,OSP:BUSP::9493764,st_struct_pedestal/91700,st_struct_pedestal/93786
ug_route/213842,OSP:FBSP::8950862,st_struct_pedestal/91085,st_struct_pedestal/93482
ug_route/213843,OSP:BUSP:C662251,st_struct_pedestal/91058,building/66935
ug_route/213844,OSP:BUSP::9514114,st_struct_pedestal/93533,st_struct_pedestal/91345
ug_route/213845,OSP:BUSP::9531710,st_struct_pedestal/92409,st_struct_pedestal/90917
ug_route/213846,OSP:BUSP:C661761,mywcom_route_junction/27500,st_struct_pedestal/93759
ug_route/213847,OSP:FBSP::8573002,st_struct_pedestal/91271,st_struct_pedestal/91557
ug_route/213848,OSP:BUSP:C658713,pole/54305,mywcom_route_junction/27917
ug_route/213849,OSP:FBSP:C667418,st_struct_pedestal/90896,st_struct_pedestal/91920
ug_route/213850,OSP:BUSP::12613051,mywcom_route_junction/27616,mywcom_route_junction/28021
ug_route/213851,OSP:BUSP::9451809,mywcom_route_junction/28056,st_struct_pedestal/90837
ug_route/213852,OSP:BUSP::9506443,st_struct_pedestal/92257,st_struct_pedestal/90844
ug_route/213853,OSP:BUSP::10653350,pole/52719,building/67204
ug_route/213854,OSP:FBSP::12449258,mywcom_route_junction/27102,st_struct_pedestal/93119
ug_route/213855,OSP:FBSP::10345590,st_struct_pedestal/90789,st_struct_pedestal/91854
ug_route/213856,OSP:FBSP::13044484,st_struct_pedestal/90757,st_struct_pedestal/93575
ug_route/213857,OSP:BUSP::9522424,st_struct_pedestal/91347,st_struct_pedestal/91216
ug_route/213858,OSP:BUSP::9466782,st_struct_pedestal/93307,st_struct_pedestal/92719
ug_route/213859,OSP:FBSP::13042572,st_struct_pedestal/91160,st_struct_pedestal/93108
ug_route/213860,OSP:BUSP::12139130,st_struct_pedestal/94264,pole/54333
ug_route/213861,OSP:BUSP:C668128,st_struct_pedestal/91578,building/66155
ug_route/213862,OSP:BUSP::10880523,st_struct_pedestal/91868,building/67871
ug_route/213863,OSP:BUSP::9451408,st_struct_pedestal/91016,mywcom_route_junction/27818
ug_route/213864,OSP:BUSP::9532345,st_struct_pedestal/93022,st_struct_pedestal/91398
ug_route/213865,OSP:FBSP::10878261,st_struct_pedestal/90929,building/67059
ug_route/213866,OSP:BUSP:C654202,st_struct_pedestal/92001,mywcom_route_junction/27663
ug_route/213867,OSP:FBSP:C711772,st_struct_pedestal/93168,st_struct_pedestal/90704
ug_route/213868,OSP:BUSP:C666239,st_struct_pedestal/93984,st_struct_pedestal/92818
ug_route/213869,OSP:BUSP::9493761,st_struct_pedestal/94082,st_struct_pedestal/93892
ug_route/213870,OSP:FBSP::15979779,st_struct_pedestal/93488,mywcom_route_junction/27543
ug_route/213871,OSP:FBSP:C711734,st_struct_pedestal/94318,building/66645
ug_route/213872,OSP:BUSP::15562827,mywcom_route_junction/27739,building/66616
ug_route/213873,OSP:BUSP:C648428,st_struct_pedestal/93713,st_struct_pedestal/90959
ug_route/213874,OSP:BUSP::10638418,pole/54066,mywcom_route_junction/28010
ug_route/213875,OSP:BUSP::10267065,st_struct_pedestal/93897,mywcom_route_junction/27428
ug_route/213876,OSP:BUSP:C650289,st_struct_pedestal/91824,st_struct_pedestal/93951
ug_route/213877,OSP:BUSP:C660472,st_struct_pedestal/93076,st_struct_pedestal/92901
ug_route/213878,OSP:BUSP::9531067,st_struct_pedestal/92057,st_struct_pedestal/93845
ug_route/213879,OSP:FBSP::16784337,st_struct_pedestal/94184,st_struct_pedestal/91268
ug_route/213880,OSP:FBSP:C666086,st_struct_pedestal/93194,st_struct_pedestal/91046
ug_route/213881,OSP:FBSP::11596996,st_struct_pedestal/92321,building/68046
ug_route/213882,OSP:BUSP::7618708,st_struct_pedestal/91326,building/68584
ug_route/213883,OSP:FBSP::8586401,st_struct_pedestal/93281,building/67345
ug_route/213884,OSP:BUSP::9490810,st_struct_pedestal/93893,st_struct_pedestal/92662
ug_route/213885,OSP:BUSP:C647455,st_struct_pedestal/92650,building/67681
ug_route/213887,OSP:BUSP::11470593,st_struct_pedestal/93984,st_struct_pedestal/92818
ug_route/213888,OSP:FBSP:C644633,mywcom_route_junction/28210,building/67028
ug_route/213889,OSP:FBSP::13059943,st_struct_pedestal/94120,building/67090
ug_route/213890,OSP:BUSP::9531066,st_struct_pedestal/93902,st_struct_pedestal/92057
ug_route/213891,OSP:FBSP:C650424,st_struct_pedestal/93813,building/67411
ug_route/213892,OSP:FBSP:C658124,st_struct_pedestal/90747,st_struct_pedestal/92822
ug_route/213893,OSP:FBSP:C641955,pole/53129,building/67832
ug_route/213894,OSP:FBSP:C651645,st_struct_pedestal/94278,mywcom_route_junction/27126
ug_route/213895,OSP:FBSP:C645002,pole/52413,building/66189
ug_route/213896,OSP:BUSP::9558580,st_struct_pedestal/91341,st_struct_pedestal/94065
ug_route/213897,OSP:BUSP::9493751,st_struct_pedestal/92591,st_struct_pedestal/90896
ug_route/213898,OSP:FBSP::11732989,st_struct_pedestal/94262,st_struct_pedestal/92861
ug_route/213899,OSP:BUSP::8574868,mywcom_route_junction/27118,mywcom_route_junction/27375
ug_route/213900,OSP:FBSP:C663419,st_struct_pedestal/93357,st_struct_pedestal/90674
ug_route/213901,OSP:BUSP::7913438,st_struct_pedestal/92575,building/66215
ug_route/213902,OSP:BUSP:C660176,st_struct_pedestal/93811,building/68177
ug_route/213903,OSP:BUSP::8415501,st_struct_pedestal/91705,mywcom_route_junction/27135
ug_route/213904,OSP:FBSP:C639513,st_struct_pedestal/92357,st_struct_pedestal/91762
ug_route/213905,OSP:BUSP::11417599,st_struct_pedestal/91911,st_struct_pedestal/91539
ug_route/213906,OSP:FBSP::8424133,st_struct_pedestal/93967,st_struct_pedestal/91221
ug_route/213907,OSP:BUSP::8369747,cabinet/2835,cabinet/2855
ug_route/213908,OSP:FBSP:C667465,st_struct_pedestal/91339,st_struct_pedestal/92004
ug_route/213909,OSP:FBSP:C710619,st_struct_pedestal/91174,st_struct_pedestal/92085
ug_route/213910,OSP:FBSP:C706580,st_struct_pedestal/90708,building/67520
ug_route/213911,OSP:FBSP:C639780,st_struct_pedestal/91333,st_struct_pedestal/94012
ug_route/213912,OSP:BUSP::12127605,pole/53554,st_struct_pedestal/92888
ug_route/213913,OSP:FBSP:C667417,st_struct_pedestal/91108,st_struct_pedestal/92591
ug_route/213914,OSP:BUSP::16783622,mywcom_route_junction/27209,mywcom_route_junction/27847
ug_route/213915,OSP:BUSP:C649308,st_struct_pedestal/94169,building/67501
ug_route/213916,OSP:FBSP:C646131,st_struct_pedestal/94160,st_struct_pedestal/94223
ug_route/213917,OSP:BUSP:C667600,st_struct_pedestal/92712,st_struct_pedestal/93060
ug_route/213918,OSP:BUSP::9493752,st_struct_pedestal/90896,st_struct_pedestal/91920
ug_route/213919,OSP:BUSP::10857476,st_struct_pedestal/93487,building/68356
ug_route/213920,OSP:BUSP::10851701,pole/52362,building/68362
ug_route/213921,OSP:BUSP::9454282,st_struct_pedestal/90966,st_struct_pedestal/93133
ug_route/213922,OSP:FBSP:C643453,pole/53853,building/67305
ug_route/213923,OSP:FBSP::8365279,st_struct_pedestal/90755,st_struct_pedestal/92718
ug_route/213924,OSP:FBSP:C705549,building/67217,building/67639
ug_route/213925,OSP:BUSP:C649232,st_struct_pedestal/91124,st_struct_pedestal/91300
ug_route/213926,OSP:FBSP::15598992,pole/54397,st_struct_pedestal/91870
ug_route/213927,OSP:BUSP::9465610,st_struct_pedestal/94184,st_struct_pedestal/91268
ug_route/213928,OSP:FBSP::8573003,st_struct_pedestal/91557,st_struct_pedestal/94107
ug_route/213929,OSP:FBSP:C644237,st_struct_pedestal/91556,st_struct_pedestal/91293
ug_route/213930,OSP:BUSP::9451808,st_struct_pedestal/91300,mywcom_route_junction/28056
ug_route/213931,OSP:FBSP:C660399,mywcom_route_junction/27115,building/67978
ug_route/213932,OSP:BUSP::10638758,pole/54066,mywcom_route_junction/27637
ug_route/213933,OSP:BUSP::11472517,mywcom_route_junction/28143,st_struct_pedestal/92708
ug_route/213934,OSP:FBSP::8440151,st_struct_pedestal/92648,st_struct_pedestal/92676
ug_route/213935,OSP:FBSP:C642468,st_struct_pedestal/93633,building/67916
ug_route/213936,OSP:BUSP::9454281,st_struct_pedestal/90674,st_struct_pedestal/93357
ug_route/213937,OSP:FBSP:C651052,st_struct_pedestal/92005,st_struct_pedestal/93532
ug_route/213938,OSP:FBSP:C656505,pole/54231,building/67281
ug_route/213939,OSP:BUSP:C651220,st_struct_pedestal/91905,building/68638
ug_route/213940,OSP:BUSP:C648388,st_struct_pedestal/94284,st_struct_pedestal/91894
ug_route/213941,OSP:BUSP::9452063,mywcom_route_junction/27173,mywcom_route_junction/28229
ug_route/213942,OSP:BUSP::9531383,st_struct_pedestal/91331,st_struct_pedestal/92929
ug_route/213943,OSP:BUSP:C656865,st_struct_pedestal/91992,building/66338
ug_route/213944,OSP:BUSP:C666127,st_struct_pedestal/90811,st_struct_pedestal/91714
ug_route/213945,OSP:FBSP::8573000,st_struct_pedestal/90876,st_struct_pedestal/91031
ug_route/213946,OSP:FBSP:C643182,st_struct_pedestal/92813,st_struct_pedestal/92459
ug_route/213947,OSP:BUSP::9442423,st_struct_pedestal/91404,st_struct_pedestal/93739
ug_route/213948,OSP:FBSP:C667289,st_struct_pedestal/93727,building/67011
ug_route/213949,OSP:FBSP:C648273,st_struct_pedestal/91759,st_struct_pedestal/91502
ug_route/213950,OSP:FBSP::13729560,st_struct_pedestal/93181,st_struct_pedestal/91470
ug_route/213951,OSP:FBSP::11408196,st_struct_pedestal/92567,st_struct_pedestal/91083
ug_route/213952,OSP:BUSP::9455544,st_struct_pedestal/90747,st_struct_pedestal/92822
ug_route/213953,OSP:BUSP:C639089,st_struct_pedestal/90855,building/67348
ug_route/213954,OSP:BUSP:C653785,mywcom_route_junction/27631,st_struct_pedestal/93266
ug_route/213955,OSP:BUSP::11331075,st_struct_pedestal/93722,st_struct_pedestal/92863
ug_route/213956,OSP:FBSP::8490381,st_struct_pedestal/92397,building/68355
ug_route/213957,OSP:BUSP:C667605,st_struct_pedestal/92657,st_struct_pedestal/90738
ug_route/213958,OSP:BUSP:C648201,mywcom_route_junction/27440,st_struct_pedestal/91601
ug_route/213959,OSP:BUSP::11330106,st_struct_pedestal/90597,st_struct_pedestal/91846
ug_route/213960,OSP:BUSP:C666969,st_struct_pedestal/92366,st_struct_pedestal/92780
ug_route/213961,OSP:FBSP:C642394,st_struct_pedestal/93054,st_struct_pedestal/90544
ug_route/213962,OSP:BUSP:C661613,st_struct_pedestal/93136,building/68051
ug_route/213963,OSP:BUSP:C656290,building/68557,mywcom_route_junction/27567
ug_route/213964,OSP:BUSP:C661696,st_struct_pedestal/92191,building/67442
ug_route/213965,OSP:BUSP:C656052,cabinet/2826,mywcom_route_junction/27949
ug_route/213966,OSP:FBSP:C644487,st_struct_pedestal/92055,st_struct_pedestal/91292
ug_route/213967,OSP:FBSP:C658516,st_struct_pedestal/92117,st_struct_pedestal/92139
ug_route/213968,OSP:FBSP:C668342,st_struct_pedestal/94039,building/68208
ug_route/213969,OSP:BUSP::9490434,st_struct_pedestal/92357,st_struct_pedestal/91762
ug_route/213970,OSP:FBSP:C658490,st_struct_pedestal/91856,st_struct_pedestal/90735
ug_route/213971,OSP:FBSP:C710382,st_struct_pedestal/92175,st_struct_pedestal/92889
ug_route/213972,OSP:BUSP::9531063,mywcom_route_junction/28135,st_struct_pedestal/94278
ug_route/213973,OSP:BUSP::9490813,st_struct_pedestal/92004,st_struct_pedestal/91339
ug_route/213974,OSP:BUSP::9528193,st_struct_pedestal/93532,st_struct_pedestal/92005
ug_route/213975,OSP:BUSP:C657087,st_struct_pedestal/93124,st_struct_pedestal/90716
ug_route/213976,OSP:FBSP::8572620,st_struct_pedestal/92719,st_struct_pedestal/93038
ug_route/213977,OSP:BUSP::9484089,st_struct_pedestal/91556,st_struct_pedestal/91293
ug_route/213978,OSP:FBSP:C644260,st_struct_pedestal/93892,st_struct_pedestal/90993
ug_route/213979,OSP:FBSP:C643077,st_struct_pedestal/92012,st_struct_pedestal/92979
ug_route/213980,OSP:BUSP::9497144,pole/52680,st_struct_pedestal/93930
ug_route/213981,OSP:BUSP:C643725,st_struct_pedestal/92604,st_struct_pedestal/94054
ug_route/213982,OSP:BUSP::15995457,st_struct_pedestal/93704,building/68398
ug_route/213983,OSP:BUSP::9505140,st_struct_pedestal/93863,st_struct_pedestal/93692
ug_route/213984,OSP:BUSP:C643720,st_struct_pedestal/91103,st_struct_pedestal/92604
ug_route/213985,OSP:FBSP:C657966,st_struct_pedestal/93260,st_struct_pedestal/90802
ug_route/213986,OSP:BUSP::9493750,st_struct_pedestal/91108,st_struct_pedestal/92591
ug_route/213987,OSP:BUSP::13250820,mywcom_route_junction/28167,mywcom_route_junction/27672
ug_route/213988,OSP:BUSP:C667921,st_struct_pedestal/90960,st_struct_buried_splice_location/3928
ug_route/213989,OSP:FBSP::8440456,mywcom_route_junction/27245,building/68836
ug_route/213990,OSP:FBSP::8490063,st_struct_pedestal/92102,st_struct_pedestal/93053
ug_route/213991,OSP:FORSP::16956648,st_struct_vault/2748,pole/53607
ug_route/213992,OSP:FBSP:C663575,st_struct_pedestal/91880,mywcom_route_junction/27681
ug_route/213993,OSP:BUSP:C639737,st_struct_pedestal/91418,building/66516
ug_route/213994,OSP:FBSP::7630880,st_struct_pedestal/93221,mywcom_route_junction/27900
ug_route/213995,OSP:BUSP::10852344,pole/53808,building/67636
ug_route/213996,OSP:BUSP::9432820,st_struct_pedestal/92012,st_struct_pedestal/91481
ug_route/213997,OSP:BUSP:C653626,st_struct_pedestal/91866,building/67037
ug_route/213998,OSP:FBSP:C651532,st_struct_pedestal/92254,st_struct_pedestal/92594
ug_route/213999,OSP:BUSP:C655514,st_struct_pedestal/92272,st_struct_pedestal/93504
ug_route/214000,OSP:BUSP:C660145,st_struct_pedestal/91653,building/66214
ug_route/214001,OSP:FBSP:C654000,st_struct_pedestal/91404,st_struct_pedestal/93739
ug_route/214002,OSP:FBSP::11652663,st_struct_pedestal/90631,st_struct_pedestal/94007
ug_route/214003,OSP:BUSP::16770504,mywcom_route_junction/28193,st_struct_pedestal/92280
ug_route/214004,OSP:BUSP:C683569,st_struct_buried_splice_location/3947,st_struct_pedestal/92376
ug_route/214005,OSP:BUSP:C667729,st_struct_pedestal/91871,st_struct_pedestal/91107
ug_route/214006,OSP:FBSP:C639602,cabinet/2848,st_struct_pedestal/92398
ug_route/214007,OSP:BUSP:C664427,st_struct_pedestal/92779,st_struct_pedestal/91755
ug_route/214008,OSP:FBSP:C656088,st_struct_pedestal/93778,st_struct_pedestal/90798
ug_route/214009,OSP:FBSP:C644292,st_struct_pedestal/93158,st_struct_pedestal/92933
ug_route/214010,OSP:BUSP::10675430,pole/52913,building/66855
ug_route/214011,OSP:FBSP::8415818,st_struct_pedestal/92892,st_struct_pedestal/92563
ug_route/214012,OSP:BUSP::13020241,st_struct_pedestal/93449,st_struct_pedestal/91436
ug_route/214013,OSP:BUSP::9432832,st_struct_pedestal/92813,st_struct_pedestal/92459
ug_route/214014,OSP:BUSP::9531729,st_struct_pedestal/92055,st_struct_pedestal/91292
ug_route/214015,OSP:FBSP:C643156,st_struct_pedestal/90733,st_struct_pedestal/91406
ug_route/214016,OSP:BUSP::8589583,cabinet/2817,building/67606
ug_route/214017,OSP:FBSP::8950856,st_struct_pedestal/93252,st_struct_pedestal/93957
ug_route/214018,OSP:FBSP:C657816,cabinet/2768,building/67648
ug_route/214019,OSP:BUSP::11870007,mywcom_route_junction/27475,mywcom_route_junction/27350
ug_route/214020,OSP:BUSP::9465504,st_struct_pedestal/92139,st_struct_pedestal/92117
ug_route/214021,OSP:FBSP:C640437,mywcom_route_junction/27328,building/66947
ug_route/214022,OSP:BUSP::9513467,st_struct_pedestal/91759,st_struct_pedestal/91502
ug_route/214023,OSP:BUSP::9466786,st_struct_pedestal/92719,st_struct_pedestal/93038
ug_route/214024,OSP:BUSP::9454924,st_struct_pedestal/91406,st_struct_pedestal/92805
ug_route/214025,OSP:BUSP:C667774,pole/52680,st_struct_pedestal/93930
ug_route/214026,OSP:BUSP:C646466,st_struct_pedestal/93622,st_struct_pedestal/92993
ug_route/214082,OSP:BUSP:C658715,pole/54305,mywcom_route_junction/27319
ug_route/214027,OSP:BUSP::16057528,mywcom_route_junction/27540,st_struct_pedestal/90871
ug_route/214028,OSP:BUSP:C666047,st_struct_pedestal/93184,st_struct_pedestal/92938
ug_route/214029,OSP:FBSP:C644421,st_struct_pedestal/91943,st_struct_pedestal/93481
ug_route/214030,OSP:BUSP::15977532,pole/52524,building/66473
ug_route/214031,OSP:BUSP::9455567,st_struct_pedestal/90735,st_struct_pedestal/91856
ug_route/214032,OSP:FBSP:C656253,building/67218,building/66363
ug_route/214033,OSP:BUSP:C664763,st_struct_pedestal/92108,building/67402
ug_route/214034,OSP:FBSP:C705563,building/67146,building/66194
ug_route/214035,OSP:FBSP:C644232,st_struct_pedestal/93530,st_struct_pedestal/90714
ug_route/214036,OSP:BUSP::8436969,st_struct_pedestal/93049,st_struct_pedestal/90979
ug_route/214037,OSP:BUSP::9466750,mywcom_route_junction/27279,st_struct_pedestal/90670
ug_route/214038,OSP:FBSP::13098245,st_struct_pedestal/92972,st_struct_pedestal/92281
ug_route/214039,OSP:BUSP:C640293,st_struct_pedestal/93477,building/66118
ug_route/214040,OSP:BUSP:C667597,st_struct_pedestal/91179,st_struct_pedestal/90911
ug_route/214041,OSP:BUSP::8382533,st_struct_pedestal/92878,st_struct_pedestal/93614
ug_route/214042,OSP:BUSP::9447262,st_struct_pedestal/90802,st_struct_pedestal/93260
ug_route/214043,OSP:FBSP::8950855,st_struct_pedestal/90583,st_struct_pedestal/93252
ug_route/214044,OSP:BUSP::9532035,st_struct_pedestal/92254,st_struct_pedestal/92594
ug_route/214045,OSP:FBSP:C705649,st_struct_pedestal/93186,mywcom_route_junction/27357
ug_route/214046,OSP:FBSP:C651391,st_struct_pedestal/93895,st_struct_pedestal/93069
ug_route/214047,OSP:BUSP::11804360,st_struct_pedestal/92542,building/66598
ug_route/214048,OSP:BUSP::11587700,pole/53205,st_struct_pedestal/91590
ug_route/214049,OSP:BUSP::13020228,st_struct_pedestal/91131,building/67774
ug_route/214050,OSP:FBSP:C639801,mywcom_route_junction/27871,st_struct_pedestal/91974
ug_route/214051,OSP:BUSP::15824260,pole/54506,pole/52249
ug_route/214052,OSP:BUSP::9466754,st_struct_pedestal/92192,st_struct_pedestal/91794
ug_route/214053,OSP:BUSP::9493762,st_struct_pedestal/93892,st_struct_pedestal/90993
ug_route/214054,OSP:BUSP::9158232,mywcom_route_junction/27604,pole/54435
ug_route/214055,OSP:FBSP::8573001,st_struct_pedestal/91031,st_struct_pedestal/91271
ug_route/214056,OSP:FBSP:C648562,pole/54242,building/67882
ug_route/214057,OSP:FBSP::10638771,mywcom_route_junction/27802,mywcom_route_junction/28174
ug_route/214058,OSP:BUSP::8421923,st_struct_pedestal/93164,st_struct_pedestal/93967
ug_route/214059,OSP:FBSP:C667682,st_struct_pedestal/92705,building/66151
ug_route/214060,OSP:FBSP::8346078,st_struct_pedestal/91884,st_struct_pedestal/91809
ug_route/214061,OSP:FBSP:C656260,building/67218,building/66188
ug_route/214062,OSP:BUSP:C638799,st_struct_pedestal/94090,building/66690
ug_route/214063,OSP:FBSP::13098255,st_struct_pedestal/91709,st_struct_pedestal/91566
ug_route/214064,OSP:BUSP:C647614,pole/54066,mywcom_route_junction/27484
ug_route/214065,OSP:BUSP::10267069,st_struct_pedestal/90733,st_struct_pedestal/91406
ug_route/214066,OSP:FBSP::8415503,mywcom_route_junction/27135,mywcom_route_junction/28068
ug_route/214067,OSP:FBSP::8415505,mywcom_route_junction/28068,mywcom_route_junction/27817
ug_route/214068,OSP:BUSP:C669580,st_struct_pedestal/93389,pole/53634
ug_route/214069,OSP:BUSP::10756992,st_struct_pedestal/91668,building/68183
ug_route/214070,OSP:BUSP:C667770,mywcom_route_junction/27264,mywcom_route_junction/27170
ug_route/214071,OSP:FBSP::8415819,st_struct_pedestal/92563,st_struct_pedestal/93287
ug_route/214072,OSP:FBSP:C651624,st_struct_pedestal/92422,st_struct_pedestal/93748
ug_route/214073,OSP:FBSP:C643161,st_struct_pedestal/91406,st_struct_pedestal/92805
ug_route/214074,OSP:BUSP::11331391,st_struct_pedestal/91871,st_struct_pedestal/91107
ug_route/214075,OSP:FBSP:C666328,pole/54345,building/68295
ug_route/214076,OSP:BUSP:C646262,st_struct_pedestal/94033,building/67488
ug_route/214077,OSP:BUSP::9489155,st_struct_pedestal/92933,st_struct_pedestal/93158
ug_route/214078,OSP:BUSP::11870008,mywcom_route_junction/27350,pole/54237
ug_route/214079,OSP:BUSP::9505782,st_struct_pedestal/90714,st_struct_pedestal/93530
ug_route/214080,OSP:BUSP::11329782,st_struct_pedestal/92293,st_struct_pedestal/93742
ug_route/214081,OSP:BUSP::16016253,pole/54527,st_struct_pedestal/93342
ug_route/214142,OSP:FBSP:C663390,st_struct_pedestal/93539,st_struct_pedestal/94315
ug_route/214083,OSP:BUSP::9489143,st_struct_pedestal/91943,st_struct_pedestal/93481
ug_route/214084,OSP:FBSP::8950858,st_struct_pedestal/93332,st_struct_pedestal/92860
ug_route/214085,OSP:FBSP::12052043,st_struct_pedestal/91282,building/68797
ug_route/214086,OSP:BUSP:C667590,pole/53516,st_struct_pedestal/93495
ug_route/214087,OSP:FBSP:C651826,st_struct_pedestal/92716,st_struct_pedestal/92411
ug_route/214088,OSP:BUSP:C650858,st_struct_pedestal/91733,st_struct_pedestal/93065
ug_route/214089,OSP:FBSP::10128826,st_struct_pedestal/91228,st_struct_pedestal/93933
ug_route/214090,OSP:FBSP::12574664,pole/54178,building/68214
ug_route/214091,OSP:BUSP:C669581,st_struct_pedestal/93389,pole/53634
ug_route/214092,OSP:FBSP:C643137,mywcom_route_junction/28022,st_struct_pedestal/91396
ug_route/214093,OSP:FBSP:C650363,st_struct_pedestal/90952,building/68114
ug_route/214094,OSP:FBSP:C642385,st_struct_pedestal/90538,st_struct_pedestal/93070
ug_route/214095,OSP:FBSP::8415817,st_struct_pedestal/90679,st_struct_pedestal/92892
ug_route/214096,OSP:FBSP::8346080,st_struct_pedestal/91147,st_struct_pedestal/92717
ug_route/214097,OSP:FBSP:C656285,building/68557,building/67140
ug_route/214098,OSP:BUSP::10914426,st_struct_pedestal/93164,st_struct_pedestal/90980
ug_route/214099,OSP:FBSP:C709974,st_struct_pedestal/90804,building/67777
ug_route/214100,OSP:FBSP::8331986,mywcom_route_junction/27320,st_struct_pedestal/92338
ug_route/214101,OSP:FBSP:C643082,st_struct_pedestal/91377,st_struct_pedestal/91145
ug_route/214102,OSP:FBSP::8415820,st_struct_pedestal/93287,st_struct_pedestal/92119
ug_route/214103,OSP:BUSP:C710338,cabinet/2852,mywcom_route_junction/27091
ug_route/214104,OSP:BUSP:C653728,st_struct_pedestal/93557,building/67849
ug_route/214105,OSP:FBSP:C663404,st_struct_pedestal/93304,st_struct_pedestal/90810
ug_route/214106,OSP:BUSP:C655516,st_struct_pedestal/92330,st_struct_pedestal/93558
ug_route/214107,OSP:FBSP:C651350,st_struct_pedestal/92116,st_struct_pedestal/93888
ug_route/214108,OSP:BUSP::9531069,st_struct_pedestal/93748,st_struct_pedestal/92422
ug_route/214109,OSP:FBSP:C644235,st_struct_pedestal/90880,st_struct_pedestal/91556
ug_route/214110,OSP:FBSP:C656313,building/68143,building/66340
ug_route/214111,OSP:BUSP::11438004,st_struct_pedestal/91880,st_struct_pedestal/92189
ug_route/214112,OSP:FBSP:C656102,st_struct_pedestal/94147,st_struct_pedestal/90605
ug_route/214113,OSP:BUSP::9514134,st_struct_pedestal/93069,st_struct_pedestal/93895
ug_route/214114,OSP:FBSP:C644291,st_struct_pedestal/94114,st_struct_pedestal/93158
ug_route/214115,OSP:BUSP:C669950,st_struct_pedestal/92164,building/66470
ug_route/214116,OSP:FBSP:C653928,pole/53702,building/68213
ug_route/214117,OSP:BUSP::8366857,st_struct_pedestal/92722,cabinet/2848
ug_route/214118,OSP:BUSP::12055940,st_struct_pedestal/91755,st_struct_pedestal/92779
ug_route/214119,OSP:FBSP:C663393,st_struct_pedestal/94315,st_struct_pedestal/91757
ug_route/214120,OSP:BUSP::15608260,st_struct_pedestal/93103,st_struct_pedestal/91542
ug_route/214121,OSP:FBSP::8336460,st_struct_pedestal/91383,st_struct_pedestal/92870
ug_route/214122,OSP:BUSP::9206866,mywcom_route_junction/27364,mywcom_route_junction/27781
ug_route/214123,OSP:FBSP:C663388,st_struct_pedestal/90793,st_struct_pedestal/93539
ug_route/214124,OSP:BUSP:C708427,st_struct_pedestal/91267,st_struct_pedestal/93936
ug_route/214125,OSP:BUSP::8484309,cabinet/2760,pole/54098
ug_route/214126,OSP:FBSP::11408197,st_struct_pedestal/91083,st_struct_pedestal/92568
ug_route/214127,OSP:FBSP:C669144,mywcom_route_junction/28110,building/66277
ug_route/214128,OSP:BUSP:C656465,st_struct_pedestal/90900,building/67524
ug_route/214129,OSP:FBSP::8950859,st_struct_pedestal/92860,st_struct_pedestal/94168
ug_route/214130,OSP:FBSP::13092298,pole/54345,building/68295
ug_route/214131,OSP:BUSP::9356980,st_struct_pedestal/90854,building/66533
ug_route/214132,OSP:FBSP:C651850,st_struct_pedestal/93760,st_struct_pedestal/93180
ug_route/214133,OSP:BUSP::11085977,st_struct_pedestal/93282,cabinet/2834
ug_route/214134,OSP:FBSP:C643184,st_struct_pedestal/93350,st_struct_pedestal/91837
ug_route/214135,OSP:FBSP:C646164,st_struct_pedestal/93419,st_struct_pedestal/90920
ug_route/214136,OSP:FBSP:C643079,st_struct_pedestal/93299,st_struct_pedestal/91481
ug_route/214137,OSP:BUSP::9499394,mywcom_route_junction/28117,mywcom_route_junction/27230
ug_route/214138,OSP:FBSP:C643148,st_struct_pedestal/92476,st_struct_pedestal/93116
ug_route/214139,OSP:FBSP::8572999,st_struct_pedestal/92588,st_struct_pedestal/90876
ug_route/214140,OSP:FBSP:C642986,st_struct_pedestal/91886,st_struct_pedestal/91471
ug_route/214141,OSP:FBSP::13402182,st_struct_pedestal/93167,building/67657
ug_route/214143,OSP:FBSP::8573904,st_struct_pedestal/92820,st_struct_pedestal/91020
ug_route/214144,OSP:BUSP:C646978,st_struct_buried_splice_location/3869,building/68059
ug_route/214145,OSP:FBSP::8490064,st_struct_pedestal/93053,st_struct_pedestal/93765
ug_route/214146,OSP:BUSP:C661773,st_struct_pedestal/93177,mywcom_route_junction/27587
ug_route/214147,OSP:FBSP:C709168,st_struct_pedestal/93526,st_struct_pedestal/94008
ug_route/214148,OSP:BUSP::15824264,pole/52249,building/67910
ug_route/214149,OSP:FBSP:C639516,st_struct_pedestal/93863,st_struct_pedestal/91279
ug_route/214150,OSP:BUSP:C666070,st_struct_pedestal/93334,st_struct_pedestal/91634
ug_route/214151,OSP:FBSP:C705539,st_struct_pedestal/93781,st_struct_pedestal/92116
ug_route/214152,OSP:BUSP::9523380,st_struct_pedestal/93259,mywcom_route_junction/27613
ug_route/214153,OSP:BUSP:C638861,st_struct_pedestal/91783,building/66805
ug_route/214154,OSP:FBSP:C663412,st_struct_pedestal/90810,st_struct_pedestal/93360
ug_route/214155,OSP:FBSP::12051910,st_struct_pedestal/90766,mywcom_route_junction/28073
ug_route/214156,OSP:FBSP:C644424,st_struct_pedestal/93481,st_struct_pedestal/92145
ug_route/214157,OSP:FBSP::8331126,st_struct_pedestal/91887,st_struct_pedestal/92449
ug_route/214158,OSP:BUSP::9524679,mywcom_route_junction/27385,st_struct_pedestal/91265
ug_route/214159,OSP:FBSP::8415825,st_struct_pedestal/90678,st_struct_pedestal/94173
ug_route/214160,OSP:BUSP::10267072,st_struct_pedestal/90810,st_struct_pedestal/93304
ug_route/214161,OSP:BUSP::9520206,st_struct_pedestal/92116,st_struct_pedestal/93888
ug_route/214162,OSP:BUSP::10689807,st_struct_pedestal/93760,st_struct_pedestal/93180
ug_route/214163,OSP:BUSP::11472190,st_struct_pedestal/92444,st_struct_pedestal/93399
ug_route/214164,OSP:FBSP:C667446,st_struct_pedestal/90736,st_struct_pedestal/93289
ug_route/214165,OSP:FBSP:C651241,st_struct_pedestal/91265,mywcom_route_junction/28187
ug_route/214166,OSP:BUSP::9514112,st_struct_pedestal/91270,st_struct_pedestal/91183
ug_route/214167,OSP:FBSP:C644233,st_struct_pedestal/90714,st_struct_pedestal/90880
ug_route/214168,OSP:BUSP::9490784,mywcom_route_junction/27224,st_struct_pedestal/93789
ug_route/214169,OSP:BUSP:C644229,st_struct_pedestal/91546,st_struct_pedestal/94049
ug_route/214170,OSP:BUSP:C646442,st_struct_pedestal/93564,building/66131
ug_route/214171,OSP:BUSP:C660115,st_struct_pedestal/91975,building/66159
ug_route/214172,OSP:FBSP:C705529,building/67217,building/67819
ug_route/214174,OSP:FBSP:C663416,st_struct_pedestal/93133,st_struct_pedestal/93357
ug_route/214175,OSP:BUSP::9454916,st_struct_pedestal/90605,st_struct_pedestal/94147
ug_route/214176,OSP:BUSP::9505780,st_struct_pedestal/91556,st_struct_pedestal/90880
ug_route/214177,OSP:FBSP::14494981,st_struct_pedestal/91079,building/68385
ug_route/214178,OSP:FBSP:C663675,st_struct_pedestal/92714,building/66672
ug_route/214179,OSP:FBSP:C644509,st_struct_pedestal/93540,st_struct_pedestal/91086
ug_route/214180,OSP:BUSP::9460129,st_struct_pedestal/91886,st_struct_pedestal/91471
ug_route/214181,OSP:BUSP::9430927,st_struct_pedestal/92979,st_struct_pedestal/92012
ug_route/214182,OSP:FBSP:C658202,st_struct_pedestal/91469,st_struct_pedestal/92192
ug_route/214183,OSP:BUSP::9520205,st_struct_pedestal/93781,st_struct_pedestal/92116
ug_route/214184,OSP:FBSP:C662352,st_struct_pedestal/93327,building/67330
ug_route/214185,OSP:BUSP::9433143,st_struct_pedestal/91757,st_struct_pedestal/94315
ug_route/214186,OSP:BUSP::16795213,mywcom_route_junction/27856,mywcom_route_junction/27307
ug_route/214187,OSP:FBSP:C663362,st_struct_pedestal/92934,st_struct_pedestal/92420
ug_route/214188,OSP:BUSP::9433145,st_struct_pedestal/93539,st_struct_pedestal/90793
ug_route/214189,OSP:FBSP:C645765,st_struct_pedestal/94222,cabinet/2806
ug_route/214190,OSP:BUSP:C681723,st_struct_pedestal/94170,building/67697
ug_route/214191,OSP:FBSP:C658203,st_struct_pedestal/92192,st_struct_pedestal/91346
ug_route/214192,OSP:BUSP::9532348,st_struct_pedestal/94008,st_struct_pedestal/93526
ug_route/214193,OSP:BUSP::9454279,st_struct_pedestal/93360,st_struct_pedestal/90810
ug_route/214194,OSP:FBSP:C639519,st_struct_pedestal/93480,st_struct_pedestal/93789
ug_route/214195,OSP:BUSP::9489460,st_struct_pedestal/93158,st_struct_pedestal/94114
ug_route/214196,OSP:FBSP:C649893,st_struct_pedestal/93613,st_struct_pedestal/92932
ug_route/214197,OSP:BUSP::9432834,st_struct_pedestal/93350,st_struct_pedestal/91837
ug_route/214198,OSP:BUSP::9490750,st_struct_pedestal/90538,st_struct_pedestal/93070
ug_route/214199,OSP:BUSP::8716612,mywcom_route_junction/27226,mywcom_route_junction/27181
ug_route/214200,OSP:BUSP::9433144,st_struct_pedestal/94315,st_struct_pedestal/93539
ug_route/214201,OSP:BUSP::11474148,mywcom_route_junction/27945,mywcom_route_junction/27835
ug_route/214203,OSP:BUSP::16057847,st_struct_pedestal/92646,st_struct_pedestal/92214
ug_route/214204,OSP:FBSP:C658119,st_struct_pedestal/92137,st_struct_pedestal/92794
ug_route/214205,OSP:FBSP::13098186,st_struct_pedestal/94051,st_struct_pedestal/94045
ug_route/214206,OSP:FORSP::16944901,st_struct_vault/2721,cabinet/2773
ug_route/214207,OSP:FBSP:C651476,st_struct_pedestal/90808,st_struct_pedestal/93785
ug_route/214208,OSP:FBSP::14785212,st_struct_pedestal/94112,st_struct_pedestal/93978
ug_route/214209,OSP:BUSP::16057850,st_struct_pedestal/91635,mywcom_route_junction/27260
ug_route/214210,OSP:BUSP::9489144,st_struct_pedestal/93481,st_struct_pedestal/92145
ug_route/214211,OSP:FBSP:C662207,st_struct_pedestal/93832,building/66161
ug_route/214212,OSP:BUSP:C666303,pole/53372,pole/54102
ug_route/214213,OSP:BUSP::9532352,st_struct_pedestal/91758,st_struct_pedestal/93466
ug_route/214214,OSP:BUSP::10727545,mywcom_route_junction/27933,building/67631
ug_route/214215,OSP:BUSP::15987446,building/68349,building/67031
ug_route/214216,OSP:FBSP:C651583,st_struct_pedestal/91983,st_struct_pedestal/93466
ug_route/214217,OSP:BUSP::9532666,st_struct_pedestal/93540,st_struct_pedestal/91086
ug_route/214218,OSP:FBSP:C644466,st_struct_pedestal/94276,st_struct_pedestal/93900
ug_route/214219,OSP:FBSP:C651275,st_struct_pedestal/94212,st_struct_pedestal/92775
ug_route/214220,OSP:FBSP:C657975,st_struct_pedestal/90735,st_struct_pedestal/93271
ug_route/214221,OSP:BUSP:C657864,st_struct_pedestal/91603,st_struct_pedestal/90840
ug_route/214222,OSP:FBSP:C644454,st_struct_pedestal/92016,st_struct_pedestal/91461
ug_route/214223,OSP:FBSP::14321588,pole/54380,st_struct_pedestal/91999
ug_route/214224,OSP:BUSP::10878262,st_struct_pedestal/91606,st_struct_pedestal/90929
ug_route/214225,OSP:FBSP:C668398,building/67793,building/68474
ug_route/214226,OSP:BUSP:C650812,mywcom_route_junction/27269,st_struct_pedestal/91101
ug_route/214227,OSP:FBSP:C711683,st_struct_pedestal/93364,building/66220
ug_route/214228,OSP:BUSP::9531704,cabinet/2806,st_struct_pedestal/94222
ug_route/214229,OSP:FBSP::10675446,st_struct_pedestal/91110,st_struct_pedestal/93896
ug_route/214230,OSP:FBSP:C651354,st_struct_pedestal/93888,st_struct_pedestal/91399
ug_route/214231,OSP:BUSP::9505781,st_struct_pedestal/90880,st_struct_pedestal/90714
ug_route/214232,OSP:BUSP::12764810,pole/52714,building/66567
ug_route/214233,OSP:BUSP:C657372,mywcom_route_junction/27469,st_struct_pedestal/94219
ug_route/214234,OSP:BUSP::9505788,st_struct_pedestal/94049,st_struct_pedestal/91546
ug_route/214235,OSP:FBSP:C658114,st_struct_pedestal/91869,st_struct_pedestal/92137
ug_route/214236,OSP:BUSP::9466753,st_struct_pedestal/91346,st_struct_pedestal/92192
ug_route/214237,OSP:BUSP::9447260,st_struct_pedestal/92934,st_struct_pedestal/92420
ug_route/214238,OSP:FBSP:C644469,st_struct_pedestal/93654,st_struct_pedestal/94276
ug_route/214239,OSP:BUSP:C646520,st_struct_pedestal/93622,st_struct_pedestal/92993
ug_route/214240,OSP:BUSP::15970491,st_struct_pedestal/93364,building/66220
ug_route/214241,OSP:BUSP::10282432,st_struct_pedestal/91367,st_struct_pedestal/91636
ug_route/214242,OSP:BUSP::10854580,pole/52770,st_struct_pedestal/90971
ug_route/214243,OSP:BUSP::10679222,pole/53353,building/68129
ug_route/214244,OSP:FBSP:C704893,st_struct_pedestal/93532,st_struct_pedestal/94178
ug_route/214245,OSP:BUSP::9489145,st_struct_pedestal/92145,st_struct_pedestal/91443
ug_route/214246,OSP:FBSP::8331982,st_struct_pedestal/91335,st_struct_pedestal/92224
ug_route/214247,OSP:FBSP:C647904,pole/52719,mywcom_route_junction/27723
ug_route/214248,OSP:BUSP::10668043,st_struct_pedestal/93904,building/66569
ug_route/214249,OSP:BUSP::10727540,mywcom_route_junction/27701,building/68013
ug_route/214250,OSP:BUSP:C650559,mywcom_route_junction/27175,mywcom_route_junction/27109
ug_route/214251,OSP:BUSP::9513469,st_struct_pedestal/93613,st_struct_pedestal/92932
ug_route/214252,OSP:BUSP:C667755,pole/53052,pole/52683
ug_route/214253,OSP:FBSP::15598993,st_struct_pedestal/91870,building/66715
ug_route/214254,OSP:BUSP::11417624,st_struct_pedestal/92418,mywcom_route_junction/27752
ug_route/214255,OSP:BUSP:C654583,st_struct_pedestal/91579,building/67994
ug_route/214256,OSP:FBSP:C642407,st_struct_pedestal/93383,st_struct_pedestal/93259
ug_route/214257,OSP:BUSP::9490770,st_struct_pedestal/90544,st_struct_pedestal/93257
ug_route/214258,OSP:BUSP::9504185,st_struct_pedestal/93407,st_struct_pedestal/92808
ug_route/214259,OSP:BUSP::15977525,pole/54171,building/66126
ug_route/214260,OSP:BUSP::9532353,st_struct_pedestal/93466,st_struct_pedestal/91983
ug_route/214261,OSP:BUSP::9531734,st_struct_pedestal/94276,st_struct_pedestal/93900
ug_route/214262,OSP:BUSP::9522434,st_struct_pedestal/94212,st_struct_pedestal/92775
ug_route/214263,OSP:FBSP:C640639,mywcom_route_junction/27328,pole/54356
ug_route/214264,OSP:FBSP:C704906,pole/53907,building/68624
ug_route/214265,OSP:BUSP::10267114,st_struct_pedestal/92137,st_struct_pedestal/92794
ug_route/214266,OSP:BUSP::9531739,st_struct_pedestal/92016,st_struct_pedestal/91461
ug_route/214267,OSP:BUSP:C650855,st_struct_pedestal/93412,st_struct_pedestal/91733
ug_route/214268,OSP:BUSP::10274150,st_struct_pedestal/91812,st_struct_pedestal/91951
ug_route/214269,OSP:BUSP::9531726,st_struct_pedestal/91110,st_struct_pedestal/93896
ug_route/214270,OSP:FBSP:C711773,st_struct_pedestal/90704,st_struct_pedestal/92172
ug_route/214271,OSP:BUSP::11417622,st_struct_pedestal/91434,st_struct_pedestal/93254
ug_route/214272,OSP:BUSP::9520207,st_struct_pedestal/93888,st_struct_pedestal/91399
ug_route/214273,OSP:BUSP:C650884,st_struct_pedestal/92464,mywcom_route_junction/28208
ug_route/214274,OSP:BUSP::8588674,mywcom_route_junction/27660,mywcom_route_junction/27778
ug_route/214275,OSP:BUSP::9447577,st_struct_pedestal/92873,st_struct_pedestal/91670
ug_route/214276,OSP:BUSP:C650244,st_struct_pedestal/91906,building/67507
ug_route/214277,OSP:BUSP:C652651,st_struct_pedestal/93021,st_struct_pedestal/93353
ug_route/214278,OSP:BUSP::9528192,st_struct_pedestal/94178,st_struct_pedestal/93532
ug_route/214279,OSP:BUSP:C651332,st_struct_pedestal/92231,building/68240
ug_route/214280,OSP:FBSP:C650385,st_struct_pedestal/92091,building/68209
ug_route/214281,OSP:BUSP::17062026,mywcom_route_junction/27430,st_struct_pedestal/91336
ug_route/214282,OSP:BUSP::16795170,mywcom_route_junction/28192,mywcom_route_junction/28176
ug_route/214283,OSP:BUSP::14956728,st_struct_pedestal/91951,st_struct_pedestal/91812
ug_route/214284,OSP:BUSP::9447560,st_struct_pedestal/93271,st_struct_pedestal/90735
ug_route/214285,OSP:FORSP::16956646,st_struct_vault/2754,st_struct_vault/2748
ug_route/214286,OSP:BUSP:C683081,st_struct_pedestal/91929,building/66433
ug_route/214287,OSP:BUSP::9531733,st_struct_pedestal/93654,st_struct_pedestal/94276
ug_route/214288,OSP:BUSP::10273186,st_struct_pedestal/93646,st_struct_pedestal/93769
ug_route/214289,OSP:BUSP::10273149,mywcom_route_junction/28202,st_struct_pedestal/93619
ug_route/214290,OSP:FBSP:C657967,st_struct_pedestal/94195,st_struct_pedestal/93260
ug_route/214291,OSP:BUSP:C654205,mywcom_route_junction/27494,mywcom_route_junction/28149
ug_route/214292,OSP:FBSP::10914428,st_struct_pedestal/94198,building/66309
ug_route/214293,OSP:FBSP:C667230,st_struct_pedestal/91735,st_struct_pedestal/94111
ug_route/214294,OSP:FBSP::8572942,st_struct_pedestal/92711,st_struct_pedestal/91176
ug_route/214295,OSP:FBSP::8572615,mywcom_route_junction/27448,st_struct_pedestal/92588
ug_route/214296,OSP:FBSP::10128828,st_struct_pedestal/93933,st_struct_pedestal/92433
ug_route/214297,OSP:BUSP:C652000,st_struct_pedestal/94118,building/67127
ug_route/214298,OSP:FBSP:C704912,st_struct_pedestal/93655,st_struct_pedestal/92009
ug_route/214299,OSP:BUSP::8588675,mywcom_route_junction/27782,mywcom_route_junction/27988
ug_route/214300,OSP:FBSP:C651402,st_struct_pedestal/91183,st_struct_pedestal/92595
ug_route/214301,OSP:BUSP::16789189,mywcom_route_junction/27204,mywcom_route_junction/27870
ug_route/214302,OSP:FBSP:C646015,st_struct_pedestal/93261,st_struct_pedestal/91763
ug_route/214303,OSP:FBSP:C658200,st_struct_pedestal/92067,st_struct_pedestal/90670
ug_route/214304,OSP:FBSP:C651434,st_struct_pedestal/93375,st_struct_pedestal/93787
ug_route/214305,OSP:FBSP:C704911,st_struct_pedestal/92595,st_struct_pedestal/93655
ug_route/214306,OSP:BUSP:C667959,st_struct_pedestal/90960,st_struct_buried_splice_location/3889
ug_route/214307,OSP:BUSP::15995451,mywcom_route_junction/27597,building/66638
ug_route/214308,OSP:BUSP:C660946,st_struct_pedestal/91039,building/67729
ug_route/214309,OSP:FBSP::7625124,st_struct_pedestal/93937,building/67633
ug_route/214310,OSP:BUSP::11890473,st_struct_pedestal/93839,mywcom_route_junction/27915
ug_route/214311,OSP:BUSP::9279174,st_struct_pedestal/91989,pole/52426
ug_route/214312,OSP:BUSP::10727549,st_struct_pedestal/92194,building/68567
ug_route/214313,OSP:BUSP:C680741,st_struct_pedestal/92879,st_struct_pedestal/93048
ug_route/214314,OSP:FBSP::10128824,st_struct_pedestal/91914,st_struct_pedestal/91228
ug_route/214315,OSP:BUSP::9432831,mywcom_route_junction/27867,st_struct_pedestal/92813
ug_route/214316,OSP:BUSP::9454963,st_struct_pedestal/91869,st_struct_pedestal/92137
ug_route/214317,OSP:FBSP:C651676,st_struct_pedestal/92146,st_struct_pedestal/93537
ug_route/214318,OSP:FBSP:C642382,st_struct_pedestal/93191,st_struct_pedestal/90915
ug_route/214319,OSP:FBSP::13098249,st_struct_pedestal/93471,st_struct_pedestal/92509
ug_route/214320,OSP:FBSP:C708951,st_struct_pedestal/93789,st_struct_pedestal/91042
ug_route/214321,OSP:FBSP::13098181,st_struct_pedestal/91212,st_struct_pedestal/93825
ug_route/214322,OSP:BUSP::8711812,mywcom_route_junction/27594,mywcom_route_junction/27462
ug_route/214323,OSP:FBSP:C651477,st_struct_pedestal/93785,st_struct_pedestal/91294
ug_route/214324,OSP:BUSP:C641751,st_struct_pedestal/91591,building/66292
ug_route/214325,OSP:BUSP::8592136,pole/53249,pole/54018
ug_route/214326,OSP:BUSP:C653179,st_struct_pedestal/90858,building/67066
ug_route/214327,OSP:FBSP::8500969,st_struct_pedestal/92562,st_struct_pedestal/93310
ug_route/214328,OSP:BUSP:C648354,st_struct_pedestal/91756,st_struct_pedestal/92404
ug_route/214329,OSP:FBSP:C668408,st_struct_pedestal/93233,building/67835
ug_route/214330,OSP:BUSP:C643670,st_struct_pedestal/93159,st_struct_pedestal/90644
ug_route/214331,OSP:BUSP::10881492,pole/54179,building/66716
ug_route/214332,OSP:BUSP:C706164,st_struct_pedestal/92629,st_struct_pedestal/92387
ug_route/214333,OSP:FBSP:C658199,st_struct_pedestal/93936,st_struct_pedestal/92067
ug_route/214334,OSP:BUSP::9531728,st_struct_pedestal/91294,st_struct_pedestal/93785
ug_route/214335,OSP:BUSP:C644036,st_struct_pedestal/91199,st_struct_buried_splice_location/3888
ug_route/214336,OSP:BUSP::10720820,st_struct_pedestal/93983,building/68810
ug_route/214337,OSP:FBSP::10128830,st_struct_pedestal/92433,st_struct_pedestal/91968
ug_route/214338,OSP:BUSP::9522427,st_struct_pedestal/92982,st_struct_pedestal/91019
ug_route/214339,OSP:FBSP::17060916,pole/52356,building/67346
ug_route/214340,OSP:BUSP:C641516,st_struct_pedestal/93096,st_struct_pedestal/91202
ug_route/214341,OSP:BUSP::9466746,st_struct_pedestal/90670,st_struct_pedestal/92067
ug_route/214342,OSP:FBSP::8397592,st_struct_pedestal/93219,building/67683
ug_route/214343,OSP:FBSP:C653435,st_struct_pedestal/91384,st_struct_pedestal/92929
ug_route/214344,OSP:BUSP:C643995,st_struct_pedestal/93676,st_struct_pedestal/93986
ug_route/214345,OSP:BUSP:C644010,st_struct_pedestal/93621,st_struct_pedestal/92557
ug_route/214346,OSP:BUSP::9447264,st_struct_pedestal/93260,st_struct_pedestal/94195
ug_route/214347,OSP:FBSP:C651471,st_struct_pedestal/90988,st_struct_pedestal/93366
ug_route/214348,OSP:BUSP:C639814,st_struct_pedestal/93844,st_struct_pedestal/90860
ug_route/214349,OSP:BUSP:C657363,st_struct_pedestal/93329,pole/53591
ug_route/214350,OSP:BUSP::9528829,st_struct_pedestal/91227,st_struct_pedestal/90736
ug_route/214351,OSP:BUSP:C647761,st_struct_pedestal/92355,st_struct_pedestal/93517
ug_route/214352,OSP:FBSP:C639742,st_struct_pedestal/91376,st_struct_pedestal/92356
ug_route/214353,OSP:BUSP::9514109,st_struct_pedestal/92009,st_struct_pedestal/93655
ug_route/214354,OSP:BUSP::11470927,mywcom_route_junction/27831,mywcom_route_junction/27163
ug_route/214355,OSP:FBSP::13098248,st_struct_pedestal/93033,st_struct_pedestal/93471
ug_route/214356,OSP:BUSP::9451444,st_struct_pedestal/92387,st_struct_pedestal/92629
ug_route/214357,OSP:BUSP::9432821,st_struct_pedestal/91481,st_struct_pedestal/93299
ug_route/214358,OSP:FBSP:C663368,st_struct_pedestal/93462,st_struct_pedestal/90551
ug_route/214359,OSP:BUSP::9493631,st_struct_pedestal/94111,st_struct_pedestal/91735
ug_route/214360,OSP:BUSP::9432823,st_struct_pedestal/91145,st_struct_pedestal/91377
ug_route/214361,OSP:BUSP::9466482,st_struct_pedestal/93936,st_struct_pedestal/90848
ug_route/214362,OSP:FBSP::13098115,st_struct_pedestal/92509,st_struct_pedestal/91330
ug_route/214363,OSP:BUSP:C680738,st_struct_pedestal/90537,st_struct_pedestal/92879
ug_route/214364,OSP:FBSP:C651438,st_struct_pedestal/93624,st_struct_pedestal/92194
ug_route/214365,OSP:FBSP:C651601,st_struct_pedestal/93416,st_struct_pedestal/93301
ug_route/214366,OSP:FBSP::8061906,st_struct_pedestal/91666,building/68373
ug_route/214367,OSP:BUSP::9514110,st_struct_pedestal/93655,st_struct_pedestal/92595
ug_route/214368,OSP:FBSP:C705600,building/68143,building/68557
ug_route/214369,OSP:BUSP:C667070,st_struct_pedestal/91385,pole/53569
ug_route/214370,OSP:BUSP:C656375,mywcom_route_junction/27722,mywcom_route_junction/28215
ug_route/214371,OSP:FBSP:C709975,st_struct_pedestal/90804,building/68285
ug_route/214372,OSP:BUSP::16788468,mywcom_route_junction/27472,mywcom_route_junction/27307
ug_route/214373,OSP:FBSP:C651118,st_struct_pedestal/91101,building/66847
ug_route/214374,OSP:BUSP::9490747,st_struct_pedestal/93191,st_struct_pedestal/90915
ug_route/214375,OSP:FBSP:C644428,st_struct_pedestal/91443,st_struct_pedestal/91506
ug_route/214376,OSP:BUSP::8189718,st_struct_pedestal/91756,pole/52399
ug_route/214377,OSP:FBSP::13098247,st_struct_pedestal/91218,st_struct_pedestal/93033
ug_route/214378,OSP:BUSP::9411416,pole/52566,pole/52808
ug_route/214379,OSP:BUSP::9514101,st_struct_pedestal/93537,st_struct_pedestal/92146
ug_route/214380,OSP:FBSP:C667420,st_struct_pedestal/91920,st_struct_pedestal/90990
ug_route/214381,OSP:FBSP::13098180,st_struct_pedestal/91330,st_struct_pedestal/91212
ug_route/214382,OSP:BUSP::9496190,mywcom_route_junction/27340,st_struct_pedestal/91041
ug_route/214383,OSP:BUSP::9466742,st_struct_pedestal/92067,st_struct_pedestal/93936
ug_route/214384,OSP:BUSP::9490742,st_struct_pedestal/93789,st_struct_pedestal/91042
ug_route/214385,OSP:FBSP:C654493,pole/54316,mywcom_route_junction/27769
ug_route/214386,OSP:FBSP::13041925,st_struct_pedestal/93575,st_struct_pedestal/93484
ug_route/214387,OSP:FBSP::12052988,st_struct_pedestal/91664,mywcom_route_junction/27380
ug_route/214388,OSP:BUSP:C652639,mywcom_route_junction/27788,mywcom_route_junction/28001
ug_route/214389,OSP:FBSP:C646008,st_struct_pedestal/91948,st_struct_pedestal/91490
ug_route/214390,OSP:BUSP::9531744,st_struct_pedestal/90988,st_struct_pedestal/93366
ug_route/214391,OSP:FBSP:C651462,st_struct_pedestal/94186,st_struct_pedestal/90916
ug_route/214392,OSP:BUSP:C652645,st_struct_pedestal/91761,st_struct_pedestal/93021
ug_route/214393,OSP:BUSP::16013391,pole/52245,building/67474
ug_route/214394,OSP:FBSP:C711726,st_struct_pedestal/93032,building/66837
ug_route/214395,OSP:FBSP::8415823,st_struct_pedestal/91432,st_struct_pedestal/92327
ug_route/214396,OSP:BUSP:C645825,st_struct_pedestal/91524,st_struct_pedestal/92734
ug_route/214397,OSP:FBSP:C651978,pole/52342,mywcom_route_junction/27938
ug_route/214398,OSP:BUSP::9269896,mywcom_route_junction/27654,st_struct_pedestal/91091
ug_route/214399,OSP:BUSP::10267075,st_struct_pedestal/90551,st_struct_pedestal/93462
ug_route/214400,OSP:BUSP::8589575,st_struct_pedestal/92365,building/66654
ug_route/214401,OSP:FBSP:C639769,st_struct_pedestal/94208,st_struct_pedestal/92201
ug_route/214402,OSP:BUSP:C646094,st_struct_pedestal/92694,st_struct_pedestal/93401
ug_route/214403,OSP:BUSP::9490786,st_struct_pedestal/93844,st_struct_pedestal/90860
ug_route/214404,OSP:FBSP:C643157,st_struct_pedestal/93170,st_struct_pedestal/90733
ug_route/214405,OSP:BUSP:C639057,st_struct_pedestal/92089,building/67750
ug_route/214406,OSP:BUSP::16789192,mywcom_route_junction/27749,mywcom_route_junction/27602
ug_route/214407,OSP:BUSP::13371530,st_struct_pedestal/91157,building/67775
ug_route/214408,OSP:BUSP:C653387,st_struct_pedestal/93022,st_struct_pedestal/92666
ug_route/214409,OSP:BUSP::10668663,st_struct_pedestal/94154,building/66498
ug_route/214410,OSP:BUSP:C644100,st_struct_pedestal/93159,st_struct_pedestal/90644
ug_route/214411,OSP:FBSP::13403158,st_struct_pedestal/92446,mywcom_route_junction/27938
ug_route/214412,OSP:BUSP::8382544,pole/53052,pole/52683
ug_route/214413,OSP:FBSP:C652861,building/67576,mywcom_route_junction/28189
ug_route/214414,OSP:FBSP::8572943,st_struct_pedestal/91176,st_struct_pedestal/93768
ug_route/214415,OSP:BUSP:C663455,st_struct_pedestal/93443,st_struct_pedestal/93592
ug_route/214416,OSP:BUSP::9532661,st_struct_pedestal/93416,st_struct_pedestal/93301
ug_route/214417,OSP:FBSP::11454596,st_struct_pedestal/91540,building/66483
ug_route/214418,OSP:FBSP::11431254,st_struct_pedestal/93398,st_struct_pedestal/91257
ug_route/214419,OSP:FBSP:C651473,st_struct_pedestal/93366,st_struct_pedestal/90808
ug_route/214420,OSP:FBSP:C644410,st_struct_pedestal/91041,mywcom_route_junction/28122
ug_route/214421,OSP:FBSP:C657969,st_struct_pedestal/91286,st_struct_pedestal/92821
ug_route/214422,OSP:FBSP:C667225,st_struct_pedestal/92808,mywcom_route_junction/28024
ug_route/214423,OSP:BUSP::10756986,st_struct_pedestal/90897,building/68359
ug_route/214424,OSP:BUSP::9531384,st_struct_pedestal/92929,st_struct_pedestal/91384
ug_route/214425,OSP:BUSP:C706165,st_struct_pedestal/92629,st_struct_pedestal/92387
ug_route/214426,OSP:FBSP::13098185,st_struct_pedestal/91000,st_struct_pedestal/94051
ug_route/214427,OSP:FBSP:C663395,st_struct_pedestal/91757,st_struct_pedestal/93898
ug_route/214428,OSP:FBSP::13098188,st_struct_pedestal/91930,st_struct_pedestal/92503
ug_route/214429,OSP:BUSP:C667598,st_struct_pedestal/90911,st_struct_pedestal/92712
ug_route/214430,OSP:BUSP::11853992,pole/53767,building/68448
ug_route/214431,OSP:BUSP::10878274,mywcom_route_junction/28074,st_struct_pedestal/92365
ug_route/214432,OSP:BUSP::9451811,pole/53700,st_struct_pedestal/92404
ug_route/214433,OSP:BUSP::9490745,st_struct_pedestal/92689,st_struct_pedestal/92867
ug_route/214434,OSP:FBSP::10914429,st_struct_pedestal/94198,building/67652
ug_route/214435,OSP:FBSP:C644452,st_struct_pedestal/91461,st_struct_pedestal/93037
ug_route/214436,OSP:FBSP::13044282,st_struct_pedestal/93903,building/68659
ug_route/214437,OSP:BUSP::9489146,st_struct_pedestal/91443,st_struct_pedestal/91506
ug_route/214438,OSP:BUSP::9531742,st_struct_pedestal/94186,st_struct_pedestal/90916
ug_route/214439,OSP:BUSP:C669952,st_struct_pedestal/91777,building/66410
ug_route/214440,OSP:FBSP::8440154,st_struct_pedestal/91456,st_struct_pedestal/91673
ug_route/214441,OSP:BUSP:C649889,st_struct_pedestal/92258,st_struct_pedestal/93613
ug_route/214442,OSP:FBSP:C654970,st_struct_pedestal/94087,building/66975
ug_route/214443,OSP:FBSP:C642956,st_struct_pedestal/94176,st_struct_pedestal/94154
ug_route/214444,OSP:BUSP::9490433,st_struct_pedestal/94073,st_struct_pedestal/92357
ug_route/214445,OSP:BUSP::8572937,st_struct_pedestal/92361,st_struct_pedestal/92647
ug_route/214446,OSP:BUSP:C656655,st_struct_buried_splice_location/3907,st_struct_pedestal/91836
ug_route/214447,OSP:BUSP:C641774,st_struct_pedestal/92838,building/67450
ug_route/214448,OSP:FBSP::13098113,st_struct_pedestal/92281,st_struct_pedestal/93330
ug_route/214449,OSP:BUSP::9531727,st_struct_pedestal/93896,st_struct_pedestal/91294
ug_route/214450,OSP:FBSP::9978740,st_struct_pedestal/92981,building/66829
ug_route/214451,OSP:FBSP:C663359,st_struct_pedestal/93901,st_struct_pedestal/92912
ug_route/214452,OSP:BUSP::8618694,st_struct_pedestal/90801,building/67282
ug_route/214453,OSP:FBSP::8424134,st_struct_pedestal/91221,st_struct_pedestal/93232
ug_route/214454,OSP:FBSP::13721859,st_struct_pedestal/92515,st_struct_pedestal/93870
ug_route/214455,OSP:FBSP:C657968,st_struct_pedestal/92821,st_struct_pedestal/94195
ug_route/214456,OSP:BUSP::9531740,st_struct_pedestal/91461,st_struct_pedestal/93037
ug_route/214457,OSP:BUSP::9549300,st_struct_pedestal/93022,st_struct_pedestal/92666
ug_route/214458,OSP:BUSP:C680780,st_struct_pedestal/92083,st_struct_pedestal/91747
ug_route/214459,OSP:BUSP::9493753,st_struct_pedestal/91920,st_struct_pedestal/90990
ug_route/214460,OSP:FBSP:C663372,st_struct_pedestal/91627,st_struct_pedestal/93454
ug_route/214461,OSP:BUSP:C651981,st_struct_pedestal/91057,building/66852
ug_route/214462,OSP:FBSP::8424135,st_struct_pedestal/93232,st_struct_pedestal/91284
ug_route/214463,OSP:FBSP:C663356,st_struct_pedestal/94010,st_struct_pedestal/93333
ug_route/214464,OSP:FBSP:C643177,mywcom_route_junction/27174,st_struct_pedestal/92813
ug_route/214465,OSP:FBSP:C663357,st_struct_pedestal/93333,st_struct_pedestal/93901
ug_route/214466,OSP:BUSP::13819451,building/66194,building/67650
ug_route/214467,OSP:BUSP::9531745,st_struct_pedestal/93366,st_struct_pedestal/90808
ug_route/214468,OSP:FBSP:C651479,st_struct_pedestal/91294,st_struct_pedestal/93896
ug_route/214469,OSP:BUSP::13598967,mywcom_route_junction/27786,st_struct_pedestal/90788
ug_route/214470,OSP:BUSP::8592141,cabinet/2849,pole/52903
ug_route/214471,OSP:FBSP:C663361,st_struct_pedestal/92912,st_struct_pedestal/92934
ug_route/214472,OSP:FBSP:C651497,st_struct_pedestal/93073,st_struct_pedestal/93114
ug_route/214473,OSP:BUSP::9433141,st_struct_pedestal/91570,mywcom_route_junction/27545
ug_route/214474,OSP:BUSP:C645491,mywcom_route_junction/28150,st_struct_pedestal/91091
ug_route/214475,OSP:BUSP:C668021,st_struct_pedestal/92046,mywcom_route_junction/27677
ug_route/214476,OSP:FBSP:C654497,pole/54316,mywcom_route_junction/27769
ug_route/214477,OSP:FBSP:C654032,st_struct_pedestal/91881,building/66839
ug_route/214478,OSP:BUSP:C661020,mywcom_route_junction/27219,mywcom_route_junction/27558
ug_route/214479,OSP:FBSP:C651822,st_struct_pedestal/92474,st_struct_pedestal/93723
ug_route/214481,OSP:BUSP::9447556,st_struct_pedestal/92821,st_struct_pedestal/91286
ug_route/214482,OSP:FBSP:C705107,st_struct_pedestal/93858,mywcom_route_junction/27158
ug_route/214483,OSP:BUSP:C660587,st_struct_pedestal/93756,building/68724
ug_route/214484,OSP:BUSP::14457207,st_struct_pedestal/93448,st_struct_pedestal/92637
ug_route/214485,OSP:FBSP:C652665,st_struct_pedestal/91761,st_struct_pedestal/91926
ug_route/214486,OSP:BUSP::11472194,st_struct_pedestal/91495,st_struct_pedestal/92707
ug_route/214487,OSP:FBSP::13679962,st_struct_pedestal/93355,building/67429
ug_route/214488,OSP:BUSP::9440508,st_struct_pedestal/94176,st_struct_pedestal/94154
ug_route/214489,OSP:BUSP:C660131,st_struct_pedestal/92278,building/67511
ug_route/214490,OSP:BUSP:C662297,st_struct_pedestal/94295,mywcom_route_junction/27842
ug_route/214491,OSP:BUSP::9433142,st_struct_pedestal/93898,st_struct_pedestal/91757
ug_route/214492,OSP:FBSP:C670590,pole/53956,building/68790
ug_route/214493,OSP:BUSP:C659767,pole/53938,st_struct_pedestal/93394
ug_route/214494,OSP:FBSP:C662163,st_struct_pedestal/92641,building/67336
ug_route/214495,OSP:FBSP:C656459,mywcom_route_junction/27711,building/66362
ug_route/214496,OSP:FBSP:C668852,cabinet/2779,building/68239
ug_route/214497,OSP:BUSP::9453943,st_struct_pedestal/93454,st_struct_pedestal/91627
ug_route/214498,OSP:BUSP:C662522,building/66285,building/66607
ug_route/214499,OSP:BUSP:C660347,st_struct_pedestal/92365,mywcom_route_junction/27094
ug_route/214500,OSP:FORSP:C710108,mywcom_route_junction/27784,pole/52571
ug_route/214501,OSP:BUSP:C667149,mywcom_route_junction/27767,mywcom_route_junction/27122
ug_route/214502,OSP:FBSP::13098250,st_struct_pedestal/91208,st_struct_pedestal/91446
ug_route/214503,OSP:BUSP:C657139,mywcom_route_junction/27229,st_struct_pedestal/91468
ug_route/214504,OSP:BUSP::9454922,st_struct_pedestal/93170,st_struct_pedestal/90733
ug_route/214505,OSP:BUSP:C643717,mywcom_route_junction/27273,st_struct_pedestal/91103
ug_route/214506,OSP:BUSP::9447256,st_struct_pedestal/93901,st_struct_pedestal/92912
ug_route/214507,OSP:BUSP:C669712,mywcom_route_junction/27367,st_struct_pedestal/94298
ug_route/214508,OSP:FBSP:C671236,st_struct_pedestal/92802,st_struct_pedestal/91753
ug_route/214509,OSP:BUSP:C671234,st_struct_pedestal/92802,st_struct_pedestal/91753
ug_route/214510,OSP:BUSP:C708333,mywcom_route_junction/27481,mywcom_route_junction/27131
ug_route/214511,OSP:BUSP::15352269,pole/53956,building/68790
ug_route/214512,OSP:FBSP::8400460,pole/53942,building/66740
ug_route/214513,OSP:BUSP::9447255,st_struct_pedestal/93333,st_struct_pedestal/93901
ug_route/214514,OSP:BUSP:C649000,st_struct_pedestal/92864,building/67525
ug_route/214515,OSP:BUSP::9447252,st_struct_pedestal/94010,st_struct_pedestal/93333
ug_route/214516,OSP:BUSP:C662372,st_struct_pedestal/92641,pole/52637
ug_route/214517,OSP:FBSP:C651399,st_struct_pedestal/93533,st_struct_pedestal/91183
ug_route/214518,OSP:BUSP::9447267,st_struct_pedestal/94195,st_struct_pedestal/92821
ug_route/214519,OSP:FBSP::8331987,st_struct_pedestal/92338,st_struct_pedestal/93280
ug_route/214520,OSP:BUSP:C643948,mywcom_route_junction/27947,st_struct_pedestal/94149
ug_route/214521,OSP:BUSP::8381905,st_struct_pedestal/91597,st_struct_pedestal/93930
ug_route/214522,OSP:FBSP::7625130,pole/54560,building/67696
ug_route/214523,OSP:BUSP::9447258,st_struct_pedestal/92912,st_struct_pedestal/92934
ug_route/214524,OSP:BUSP:C660147,st_struct_pedestal/91995,st_struct_pedestal/91743
ug_route/214525,OSP:BUSP:C656080,cabinet/2826,st_struct_pedestal/92567
ug_route/214526,OSP:FBSP:C651306,st_struct_pedestal/93404,st_struct_pedestal/91233
ug_route/214527,OSP:BUSP:C645799,st_struct_pedestal/93673,building/68827
ug_route/214528,OSP:FBSP:C651535,st_struct_pedestal/92594,st_struct_pedestal/91158
ug_route/214529,OSP:BUSP::9484086,st_struct_pedestal/92827,st_struct_pedestal/92518
ug_route/214530,OSP:FBSP:C643062,st_struct_pedestal/91570,st_struct_pedestal/91596
ug_route/214531,OSP:BUSP::7948323,st_struct_pedestal/91013,st_struct_pedestal/91656
ug_route/214532,OSP:BUSP::15118967,st_struct_pedestal/92641,pole/52637
ug_route/214533,OSP:FBSP::8537414,st_struct_pedestal/93106,building/68444
ug_route/214534,OSP:BUSP::9442424,st_struct_pedestal/93739,st_struct_pedestal/92590
ug_route/214535,OSP:BUSP::9465843,st_struct_pedestal/92802,st_struct_pedestal/91753
ug_route/214536,OSP:BUSP:C654959,pole/53051,st_struct_buried_splice_location/3852
ug_route/214618,OSP:FBSP::8331983,st_struct_pedestal/92224,st_struct_pedestal/92345
ug_route/214537,OSP:BUSP::11417594,st_struct_pedestal/93024,st_struct_pedestal/92852
ug_route/214538,OSP:BUSP::16795171,mywcom_route_junction/27691,st_struct_pedestal/92194
ug_route/214539,OSP:BUSP:C650998,st_struct_pedestal/92245,mywcom_route_junction/27195
ug_route/214540,OSP:BUSP:C659075,mywcom_route_junction/28144,mywcom_route_junction/28022
ug_route/214541,OSP:BUSP:C641867,st_struct_pedestal/93442,building/66208
ug_route/214542,OSP:BUSP::16348100,st_struct_pedestal/92410,building/68684
ug_route/214543,OSP:FBSP:C667205,st_struct_pedestal/93059,st_struct_pedestal/93408
ug_route/214544,OSP:FBSP:C656933,st_struct_pedestal/93270,building/68569
ug_route/214545,OSP:FBSP:C668688,st_struct_pedestal/91075,building/67891
ug_route/214546,OSP:FBSP::13098251,st_struct_pedestal/91446,st_struct_pedestal/94044
ug_route/214547,OSP:FBSP::9638580,mywcom_route_junction/28115,st_struct_pedestal/94204
ug_route/214548,OSP:FBSP:C710374,st_struct_pedestal/93701,mywcom_route_junction/27846
ug_route/214549,OSP:BUSP::9520199,st_struct_pedestal/93404,st_struct_pedestal/91233
ug_route/214550,OSP:FBSP:C657973,st_struct_pedestal/93271,st_struct_pedestal/91286
ug_route/214551,OSP:BUSP:C652586,st_struct_pedestal/93058,st_struct_pedestal/93401
ug_route/214552,OSP:BUSP::8489738,st_struct_pedestal/91385,mywcom_route_junction/27520
ug_route/214553,OSP:FBSP:C662486,pole/53841,building/67676
ug_route/214554,OSP:BUSP::9531714,st_struct_pedestal/92594,st_struct_pedestal/91158
ug_route/214555,OSP:FBSP:C655562,st_struct_pedestal/91702,st_struct_pedestal/93752
ug_route/214556,OSP:FBSP:C668496,st_struct_pedestal/92981,building/66154
ug_route/214557,OSP:FBSP:C654009,st_struct_pedestal/93739,st_struct_pedestal/92590
ug_route/214558,OSP:FBSP:C662273,st_struct_pedestal/91803,building/66531
ug_route/214559,OSP:FBSP::13684727,st_struct_pedestal/91426,st_struct_pedestal/93632
ug_route/214560,OSP:FBSP::8572621,st_struct_pedestal/93038,st_struct_pedestal/91118
ug_route/214561,OSP:BUSP::9433489,st_struct_pedestal/91596,st_struct_pedestal/91570
ug_route/214562,OSP:BUSP::9447579,st_struct_pedestal/91670,st_struct_pedestal/93223
ug_route/214563,OSP:BUSP:C643941,st_struct_pedestal/94126,st_struct_pedestal/92037
ug_route/214564,OSP:FBSP:C641843,pole/52848,building/68575
ug_route/214565,OSP:BUSP::9514113,st_struct_pedestal/91183,st_struct_pedestal/93533
ug_route/214566,OSP:BUSP::15966976,st_struct_pedestal/91075,building/67891
ug_route/214567,OSP:FBSP:C643069,st_struct_pedestal/91088,mywcom_route_junction/27342
ug_route/214568,OSP:FBSP:C639770,st_struct_pedestal/92201,st_struct_pedestal/90762
ug_route/214569,OSP:BUSP::11434877,st_struct_pedestal/92903,st_struct_pedestal/91349
ug_route/214570,OSP:BUSP:C643927,st_struct_pedestal/94126,st_struct_pedestal/92037
ug_route/214571,OSP:BUSP::15978165,pole/53841,building/67676
ug_route/214572,OSP:FBSP:C650441,building/67856,building/66948
ug_route/214573,OSP:BUSP:C656888,st_struct_pedestal/94196,building/66210
ug_route/214574,OSP:FBSP:C651467,st_struct_pedestal/90916,st_struct_pedestal/90988
ug_route/214575,OSP:BUSP:C656941,mywcom_route_junction/27199,st_struct_pedestal/93270
ug_route/214576,OSP:FBSP:C663364,st_struct_pedestal/92420,st_struct_pedestal/90802
ug_route/214577,OSP:BUSP::10850104,pole/53143,building/67168
ug_route/214578,OSP:BUSP::9451380,mywcom_route_junction/27533,mywcom_route_junction/27514
ug_route/214579,OSP:BUSP:C650823,st_struct_pedestal/91790,st_struct_pedestal/93470
ug_route/214580,OSP:BUSP::11085102,st_struct_pedestal/90740,st_struct_pedestal/92854
ug_route/214581,OSP:FBSP::13704255,st_struct_vault/2756,st_struct_pedestal/92599
ug_route/214582,OSP:BUSP::10725958,st_struct_pedestal/92474,st_struct_pedestal/93723
ug_route/214583,OSP:BUSP:C707428,cabinet/2790,pole/54256
ug_route/214584,OSP:BUSP::9501966,mywcom_route_junction/28176,mywcom_route_junction/27691
ug_route/214585,OSP:FBSP:C708392,st_struct_pedestal/91400,st_struct_pedestal/91689
ug_route/214586,OSP:FBSP:C655476,st_struct_pedestal/92688,st_struct_pedestal/90768
ug_route/214587,OSP:BUSP:C707687,pole/53708,st_struct_pedestal/91237
ug_route/214588,OSP:BUSP:C668956,st_struct_pedestal/92557,st_struct_pedestal/93083
ug_route/214589,OSP:BUSP:C640138,st_struct_pedestal/91063,building/66485
ug_route/214590,OSP:FBSP::8346076,st_struct_pedestal/92893,st_struct_pedestal/93894
ug_route/214591,OSP:BUSP::9466854,st_struct_pedestal/93038,st_struct_pedestal/91118
ug_route/214731,OSP:FBSP:C651811,st_struct_pedestal/93783,st_struct_pedestal/92210
ug_route/214592,OSP:BUSP::7622224,st_struct_pedestal/91933,st_struct_pedestal/92782
ug_route/214593,OSP:FBSP:C662404,st_struct_pedestal/91073,building/66369
ug_route/214594,OSP:BUSP::10768203,st_struct_pedestal/92225,building/67610
ug_route/214595,OSP:BUSP::9447558,st_struct_pedestal/91286,st_struct_pedestal/93271
ug_route/214596,OSP:FBSP:C656101,st_struct_pedestal/93589,st_struct_pedestal/94147
ug_route/214597,OSP:FBSP::15608264,st_struct_pedestal/91542,building/68832
ug_route/214598,OSP:FBSP:C660994,st_struct_pedestal/92365,building/68115
ug_route/214599,OSP:BUSP:C653974,st_struct_buried_splice_location/3881,mywcom_route_junction/27704
ug_route/214600,OSP:BUSP::10668998,st_struct_pedestal/94176,building/66826
ug_route/214601,OSP:BUSP::16795169,mywcom_route_junction/27211,mywcom_route_junction/28192
ug_route/214602,OSP:FBSP::11652679,st_struct_pedestal/92114,st_struct_pedestal/93623
ug_route/214603,OSP:BUSP::9451409,mywcom_route_junction/27818,st_struct_pedestal/94078
ug_route/214604,OSP:FBSP:C651418,st_struct_pedestal/94324,st_struct_pedestal/92715
ug_route/214605,OSP:BUSP::9479543,st_struct_pedestal/91082,st_struct_pedestal/91946
ug_route/214606,OSP:BUSP:C651330,st_struct_pedestal/92231,building/67075
ug_route/214607,OSP:BUSP:C661754,st_struct_pedestal/93177,mywcom_route_junction/27463
ug_route/214608,OSP:BUSP::9531743,st_struct_pedestal/90916,st_struct_pedestal/90988
ug_route/214609,OSP:FBSP:C654066,pole/54026,building/68353
ug_route/214610,OSP:FBSP:C662091,st_struct_pedestal/93489,building/66473
ug_route/214611,OSP:BUSP::9492996,st_struct_pedestal/91689,st_struct_pedestal/91400
ug_route/214612,OSP:FBSP:C670098,mywcom_route_junction/27516,building/66973
ug_route/214613,OSP:FBSP:C651432,st_struct_pedestal/94181,st_struct_pedestal/93375
ug_route/214614,OSP:FBSP:C645777,st_struct_pedestal/93248,st_struct_pedestal/93520
ug_route/214615,OSP:BUSP::9433486,mywcom_route_junction/27428,st_struct_pedestal/91088
ug_route/214616,OSP:FBSP::13044491,st_struct_pedestal/92648,st_struct_pedestal/90757
ug_route/214617,OSP:BUSP::8331139,st_struct_pedestal/93886,st_struct_pedestal/90784
ug_route/214619,OSP:FBSP::8330099,st_struct_pedestal/91624,st_struct_pedestal/91266
ug_route/214620,OSP:FBSP::8347667,st_struct_pedestal/90599,st_struct_pedestal/93829
ug_route/214621,OSP:BUSP::9455556,st_struct_pedestal/91180,mywcom_route_junction/27848
ug_route/214622,OSP:BUSP::15408884,st_struct_pedestal/93183,building/67916
ug_route/214623,OSP:BUSP:C667656,st_struct_pedestal/90923,st_struct_pedestal/93732
ug_route/214624,OSP:FBSP:C643016,st_struct_pedestal/93700,st_struct_pedestal/92313
ug_route/214625,OSP:BUSP:C642491,st_struct_pedestal/92722,st_struct_pedestal/93178
ug_route/214626,OSP:BUSP:C651047,st_struct_pedestal/90982,building/66149
ug_route/214627,OSP:FBSP::8950854,mywcom_route_junction/27853,st_struct_pedestal/90583
ug_route/214628,OSP:FBSP:C644258,st_struct_pedestal/90993,st_struct_pedestal/91700
ug_route/214629,OSP:BUSP:C649043,st_struct_pedestal/90943,building/66843
ug_route/214630,OSP:BUSP::14932084,st_struct_pedestal/93183,st_struct_pedestal/93633
ug_route/214631,OSP:FBSP::8950867,st_struct_pedestal/91563,mywcom_route_junction/27584
ug_route/214632,OSP:FBSP::13098187,st_struct_pedestal/94045,st_struct_pedestal/91930
ug_route/214633,OSP:BUSP:C654545,cabinet/2835,st_struct_pedestal/93135
ug_route/214634,OSP:BUSP:C655583,st_struct_pedestal/90983,building/67923
ug_route/214635,OSP:FBSP:C651162,st_struct_pedestal/92549,st_struct_pedestal/91950
ug_route/214636,OSP:BUSP:C667603,st_struct_pedestal/92712,mywcom_route_junction/27241
ug_route/214637,OSP:BUSP::8500970,cabinet/2839,st_struct_pedestal/91913
ug_route/214638,OSP:BUSP:C705265,pole/53353,st_struct_pedestal/91623
ug_route/214639,OSP:BUSP::9532342,st_struct_pedestal/93520,st_struct_pedestal/93248
ug_route/214640,OSP:BUSP:C655580,building/67923,st_struct_pedestal/90983
ug_route/214641,OSP:FBSP:C657812,cabinet/2768,building/67742
ug_route/214642,OSP:FBSP:C651824,st_struct_pedestal/93723,st_struct_pedestal/92716
ug_route/214643,OSP:FBSP:C669014,mywcom_route_junction/27868,mywcom_route_junction/27589
ug_route/214644,OSP:BUSP::12613056,mywcom_route_junction/27719,mywcom_route_junction/27612
ug_route/214645,OSP:FBSP:C651774,st_struct_pedestal/91730,st_struct_pedestal/92470
ug_route/214646,OSP:BUSP:C647903,st_struct_pedestal/92263,building/67379
ug_route/214647,OSP:BUSP:C648433,st_struct_pedestal/91131,st_struct_pedestal/94113
ug_route/214648,OSP:BUSP:C660142,st_struct_pedestal/90950,st_struct_pedestal/91653
ug_route/214649,OSP:BUSP:C647314,st_struct_pedestal/90954,building/68727
ug_route/214650,OSP:BUSP::16032244,st_struct_pedestal/93183,st_struct_pedestal/93633
ug_route/214651,OSP:BUSP:C669719,mywcom_route_junction/27367,st_struct_pedestal/91686
ug_route/214652,OSP:BUSP::10720822,st_struct_pedestal/91178,building/67515
ug_route/214653,OSP:FBSP:C651820,st_struct_pedestal/92325,st_struct_pedestal/92474
ug_route/214654,OSP:FBSP:C667452,st_struct_pedestal/91287,st_struct_pedestal/93652
ug_route/214655,OSP:FBSP:C639779,st_struct_pedestal/90731,st_struct_pedestal/91333
ug_route/214656,OSP:FBSP:C705472,st_struct_pedestal/91950,st_struct_pedestal/90867
ug_route/214657,OSP:BUSP:C707412,st_struct_pedestal/92560,st_struct_buried_splice_location/3993
ug_route/214658,OSP:BUSP:C643668,st_struct_pedestal/92677,st_struct_pedestal/93159
ug_route/214659,OSP:FBSP:C705010,st_struct_pedestal/94181,st_struct_pedestal/93375
ug_route/214660,OSP:FBSP:C667315,building/67860,building/67726
ug_route/214661,OSP:BUSP::8348939,mywcom_route_junction/27304,st_struct_pedestal/92680
ug_route/214662,OSP:BUSP::9513463,st_struct_pedestal/94324,st_struct_pedestal/92715
ug_route/214663,OSP:BUSP::9531725,st_struct_pedestal/93073,st_struct_pedestal/91110
ug_route/214664,OSP:BUSP:C656344,st_struct_pedestal/93186,st_struct_pedestal/90965
ug_route/214665,OSP:FBSP::13098189,st_struct_pedestal/92503,st_struct_pedestal/92048
ug_route/214666,OSP:FBSP::16866196,st_struct_pedestal/91740,building/68280
ug_route/214667,OSP:BUSP::16760041,pole/52536,building/67732
ug_route/214668,OSP:FBSP::8365257,st_struct_pedestal/90675,st_struct_pedestal/91266
ug_route/214669,OSP:FBSP:C705652,st_struct_pedestal/90965,mywcom_route_junction/27357
ug_route/214670,OSP:FBSP:C662177,st_struct_pedestal/91538,building/66706
ug_route/214671,OSP:BUSP::10267109,st_struct_pedestal/94147,st_struct_pedestal/93589
ug_route/214672,OSP:FBSP::8365259,st_struct_pedestal/93788,st_struct_pedestal/94185
ug_route/214673,OSP:BUSP:C667664,st_struct_pedestal/90923,st_struct_pedestal/93732
ug_route/214732,OSP:FBSP::8336132,st_struct_pedestal/93280,st_struct_pedestal/92113
ug_route/214674,OSP:BUSP::9430921,st_struct_pedestal/92313,st_struct_pedestal/93700
ug_route/214675,OSP:BUSP:C667428,st_struct_pedestal/91749,st_struct_pedestal/92506
ug_route/214676,OSP:BUSP::9526911,st_struct_pedestal/91950,st_struct_pedestal/92549
ug_route/214677,OSP:FBSP::8572938,st_struct_pedestal/92647,st_struct_pedestal/93402
ug_route/214678,OSP:BUSP:C669963,st_struct_pedestal/94332,building/66625
ug_route/214679,OSP:BUSP:C662278,st_struct_pedestal/93939,building/67180
ug_route/214680,OSP:BUSP::9441158,mywcom_route_junction/28134,st_struct_pedestal/92936
ug_route/214681,OSP:FBSP:C649988,pole/52264,mywcom_route_junction/28020
ug_route/214682,OSP:BUSP::10271228,st_struct_pedestal/91892,cabinet/2778
ug_route/214683,OSP:FBSP:C666455,st_struct_pedestal/93727,building/67453
ug_route/214684,OSP:FBSP::14570484,pole/52274,st_struct_pedestal/90663
ug_route/214685,OSP:BUSP::11470588,mywcom_route_junction/27403,st_struct_pedestal/92530
ug_route/214686,OSP:BUSP::9490782,mywcom_route_junction/27308,mywcom_route_junction/27224
ug_route/214687,OSP:FBSP:C663625,st_struct_pedestal/91630,building/68749
ug_route/214688,OSP:BUSP::10137989,st_struct_pedestal/91081,st_struct_pedestal/91798
ug_route/214689,OSP:BUSP::9493763,st_struct_pedestal/90993,st_struct_pedestal/91700
ug_route/214690,OSP:BUSP:C655498,st_struct_pedestal/90944,st_struct_pedestal/93504
ug_route/214691,OSP:BUSP::9526910,st_struct_pedestal/90867,st_struct_pedestal/91950
ug_route/214692,OSP:FBSP::10128835,st_struct_pedestal/91549,st_struct_pedestal/92536
ug_route/214693,OSP:BUSP::8603340,st_struct_pedestal/90983,building/67923
ug_route/214694,OSP:BUSP:D8185989,building/67238,building/67089
ug_route/214695,OSP:BUSP:C667470,st_struct_pedestal/93408,mywcom_route_junction/27829
ug_route/214696,OSP:FBSP:C663350,mywcom_route_junction/28163,st_struct_pedestal/92936
ug_route/214697,OSP:BUSP:C668985,st_struct_pedestal/92692,st_struct_pedestal/92975
ug_route/214698,OSP:FBSP:C709577,st_struct_pedestal/93920,building/66213
ug_route/214699,OSP:BUSP::8365253,st_struct_pedestal/91917,st_struct_pedestal/90675
ug_route/214700,OSP:BUSP::7949252,st_struct_pedestal/91656,building/67621
ug_route/214701,OSP:BUSP::9491428,st_struct_pedestal/93652,st_struct_pedestal/91287
ug_route/214702,OSP:BUSP:C648471,st_struct_pedestal/94220,st_struct_pedestal/92804
ug_route/214703,OSP:FBSP::14321589,st_struct_pedestal/91999,st_struct_pedestal/94322
ug_route/214704,OSP:BUSP::9504183,st_struct_pedestal/92506,st_struct_pedestal/91749
ug_route/214705,OSP:BUSP:C647557,pole/52425,st_struct_pedestal/93754
ug_route/214706,OSP:FBSP:C680731,st_struct_pedestal/93643,building/68096
ug_route/214707,OSP:BUSP:C706927,st_struct_pedestal/91975,building/66897
ug_route/214708,OSP:FBSP::13098191,st_struct_pedestal/92635,st_struct_pedestal/92858
ug_route/214709,OSP:BUSP:C659994,st_struct_pedestal/90576,building/68309
ug_route/214710,OSP:FORSP::16954187,st_struct_vault/2713,st_struct_vault/2712
ug_route/214711,OSP:BUSP:C660395,st_struct_buried_splice_location/3897,st_struct_pedestal/91667
ug_route/214712,OSP:FBSP:C643058,st_struct_pedestal/92979,st_struct_pedestal/91570
ug_route/214713,OSP:BUSP:C646021,st_struct_pedestal/91713,st_struct_pedestal/91018
ug_route/214714,OSP:BUSP:C644099,st_struct_pedestal/92677,st_struct_pedestal/93159
ug_route/214715,OSP:BUSP::8384132,building/67789,building/67130
ug_route/214716,OSP:BUSP::8589293,st_struct_pedestal/92352,mywcom_route_junction/27349
ug_route/214717,OSP:BUSP:C650825,st_struct_pedestal/93470,st_struct_pedestal/91072
ug_route/214718,OSP:BUSP:C643336,pole/52453,st_struct_pedestal/92306
ug_route/214719,OSP:BUSP::9513468,st_struct_pedestal/91502,st_struct_pedestal/93613
ug_route/214720,OSP:BUSP:C680739,st_struct_pedestal/92879,st_struct_pedestal/91277
ug_route/214721,OSP:FBSP:C705602,building/67304,building/66101
ug_route/214722,OSP:BUSP:C648184,pole/54527,mywcom_route_junction/27440
ug_route/214723,OSP:BUSP::16795166,mywcom_route_junction/28071,mywcom_route_junction/27748
ug_route/214724,OSP:BUSP::9270602,mywcom_route_junction/27832,st_struct_pedestal/92804
ug_route/214725,OSP:BUSP:C648535,st_struct_pedestal/93264,building/68486
ug_route/214726,OSP:FBSP::8365275,st_struct_pedestal/91582,st_struct_pedestal/91501
ug_route/214727,OSP:BUSP:C649274,st_struct_pedestal/92161,building/68704
ug_route/214728,OSP:FBSP:C645829,st_struct_pedestal/92017,st_struct_pedestal/91398
ug_route/214729,OSP:FBSP::8587345,st_struct_pedestal/93937,building/68686
ug_route/214730,OSP:BUSP:C660117,st_struct_pedestal/91975,building/68335
ug_route/214734,OSP:BUSP::8330695,st_struct_pedestal/93169,st_struct_pedestal/94185
ug_route/214735,OSP:FBSP::8464132,st_struct_pedestal/93727,building/67453
ug_route/214736,OSP:FBSP:C680736,st_struct_pedestal/90537,building/67566
ug_route/214737,OSP:BUSP::9451073,st_struct_pedestal/91072,mywcom_route_junction/27533
ug_route/214738,OSP:BUSP:C659960,st_struct_pedestal/92461,mywcom_route_junction/27343
ug_route/214739,OSP:BUSP::16020418,st_struct_pedestal/91853,building/68192
ug_route/214740,OSP:FBSP::13098182,st_struct_pedestal/93825,st_struct_pedestal/92774
ug_route/214741,OSP:BUSP::10329460,st_struct_pedestal/93610,st_struct_pedestal/91215
ug_route/214742,OSP:BUSP:C655531,st_struct_pedestal/90944,st_struct_pedestal/93504
ug_route/214743,OSP:BUSP:C671266,st_struct_pedestal/91497,mywcom_route_junction/28101
ug_route/214744,OSP:FBSP:C651849,st_struct_pedestal/93464,st_struct_pedestal/93760
ug_route/214745,OSP:FBSP::8330399,st_struct_pedestal/91594,st_struct_pedestal/91882
ug_route/214746,OSP:BUSP::8576462,cabinet/2829,mywcom_route_junction/27287
ug_route/214747,OSP:FBSP:C658112,st_struct_pedestal/92292,st_struct_pedestal/91869
ug_route/214748,OSP:FBSP::12053047,mywcom_route_junction/28219,mywcom_route_junction/27959
ug_route/214749,OSP:FBSP:C651159,st_struct_pedestal/92069,st_struct_pedestal/92549
ug_route/214750,OSP:FBSP::8448154,pole/54040,building/68277
ug_route/214751,OSP:FBSP:C666354,st_struct_pedestal/94095,building/67617
ug_route/214752,OSP:BUSP::8433099,st_struct_pedestal/90649,mywcom_route_junction/27544
ug_route/214753,OSP:BUSP:C666145,st_struct_pedestal/92829,st_struct_pedestal/93139
ug_route/214754,OSP:BUSP:C666144,st_struct_pedestal/92720,st_struct_pedestal/92829
ug_route/214755,OSP:FBSP::8336133,st_struct_pedestal/92113,st_struct_pedestal/93767
ug_route/214756,OSP:FBSP::11652680,st_struct_pedestal/93623,st_struct_pedestal/92569
ug_route/214757,OSP:BUSP::11431256,st_struct_pedestal/91257,st_struct_pedestal/93238
ug_route/214758,OSP:BUSP:C704918,building/68083,building/68590
ug_route/214759,OSP:BUSP:C689255,st_struct_pedestal/93372,building/68241
ug_route/214760,OSP:BUSP:C647034,st_struct_pedestal/94057,building/66913
ug_route/214761,OSP:BUSP::10661350,st_struct_pedestal/93857,st_struct_pedestal/93693
ug_route/214762,OSP:BUSP::9465143,st_struct_pedestal/91879,mywcom_route_junction/27279
ug_route/214763,OSP:BUSP::9532346,st_struct_pedestal/91398,st_struct_pedestal/92017
ug_route/214764,OSP:BUSP:C651115,st_struct_pedestal/91067,building/66263
ug_route/214765,OSP:FBSP::8331130,st_struct_pedestal/91505,st_struct_pedestal/90630
ug_route/214766,OSP:BUSP::9531064,st_struct_pedestal/94278,st_struct_pedestal/91040
ug_route/214767,OSP:FBSP:C639812,st_struct_pedestal/93480,st_struct_pedestal/92326
ug_route/214768,OSP:FBSP:C668837,st_struct_pedestal/93927,building/68419
ug_route/214769,OSP:BUSP:C644034,st_struct_pedestal/91199,st_struct_pedestal/93602
ug_route/214770,OSP:BUSP::10352839,st_struct_pedestal/92321,st_struct_pedestal/93103
ug_route/214771,OSP:BUSP::15995452,mywcom_route_junction/27597,building/67192
ug_route/214772,OSP:FBSP:C648334,st_struct_pedestal/93342,st_struct_pedestal/92168
ug_route/214773,OSP:FBSP::8587980,st_struct_pedestal/90853,building/66313
ug_route/214774,OSP:BUSP::10725959,st_struct_pedestal/93723,st_struct_pedestal/92716
ug_route/214775,OSP:FBSP:C708422,st_struct_pedestal/93061,st_struct_pedestal/91180
ug_route/214776,OSP:BUSP::9526912,st_struct_pedestal/92549,st_struct_pedestal/92069
ug_route/214777,OSP:BUSP::8348936,cabinet/2796,mywcom_route_junction/28095
ug_route/214778,OSP:FBSP:C644238,st_struct_pedestal/91293,st_struct_pedestal/92477
ug_route/214779,OSP:BUSP:C661074,st_struct_pedestal/93473,building/68310
ug_route/214780,OSP:BUSP:C654354,st_struct_pedestal/92492,st_struct_pedestal/93079
ug_route/214781,OSP:BUSP::15247294,mywcom_route_junction/27208,mywcom_route_junction/27457
ug_route/214782,OSP:BUSP::9454962,st_struct_pedestal/92292,st_struct_pedestal/91869
ug_route/214783,OSP:BUSP:C666139,st_struct_pedestal/90811,st_struct_pedestal/92720
ug_route/214784,OSP:FBSP::8345419,st_struct_pedestal/92456,st_struct_pedestal/90787
ug_route/214785,OSP:FBSP:C644480,st_struct_pedestal/93156,st_struct_pedestal/91435
ug_route/214786,OSP:BUSP:C659961,st_struct_pedestal/92461,mywcom_route_junction/27343
ug_route/214787,OSP:FBSP:C668842,cabinet/2779,building/68020
ug_route/214788,OSP:BUSP::8632788,st_struct_pedestal/90709,pole/54049
ug_route/214789,OSP:BUSP::13458840,pole/53734,mywcom_route_junction/27908
ug_route/214790,OSP:FBSP:C656090,st_struct_pedestal/90798,st_struct_pedestal/92564
ug_route/214791,OSP:BUSP:C650557,st_struct_buried_splice_location/3902,pole/53326
ug_route/214792,OSP:FBSP::14956727,mywcom_route_junction/27409,building/66914
ug_route/214793,OSP:BUSP::16057848,st_struct_pedestal/93851,building/67650
ug_route/214794,OSP:FBSP::10128833,st_struct_pedestal/92279,st_struct_pedestal/91549
ug_route/214795,OSP:FBSP::8573902,st_struct_pedestal/93989,st_struct_pedestal/91828
ug_route/214796,OSP:FBSP::8587984,st_struct_pedestal/90853,building/68656
ug_route/214797,OSP:BUSP::10725957,st_struct_pedestal/92325,st_struct_pedestal/92474
ug_route/214798,OSP:BUSP::9484090,st_struct_pedestal/91293,st_struct_pedestal/92477
ug_route/214799,OSP:BUSP::8490387,st_struct_pedestal/93729,st_struct_pedestal/91425
ug_route/214800,OSP:BUSP::10352838,st_struct_pedestal/93617,st_struct_pedestal/92321
ug_route/214801,OSP:BUSP:C640168,st_struct_buried_splice_location/3878,building/68740
ug_route/214802,OSP:FBSP:C667657,st_struct_pedestal/93580,building/66449
ug_route/214803,OSP:BUSP:C655209,mywcom_route_junction/28104,mywcom_route_junction/28185
ug_route/214804,OSP:BUSP:C643855,st_struct_pedestal/93386,st_struct_pedestal/92991
ug_route/214805,OSP:FBSP::8588672,st_struct_pedestal/91327,building/67859
ug_route/214806,OSP:BUSP:C657766,st_struct_pedestal/91253,building/66381
ug_route/214807,OSP:BUSP:C653627,st_struct_pedestal/91866,building/68265
ug_route/214808,OSP:FORSP::16956645,st_struct_vault/2753,st_struct_vault/2754
ug_route/214809,OSP:BUSP::9531731,st_struct_pedestal/93156,st_struct_pedestal/91435
ug_route/214810,OSP:BUSP:C667738,st_struct_pedestal/91107,mywcom_route_junction/27872
ug_route/214811,OSP:BUSP::10650823,pole/53514,building/67649
ug_route/214812,OSP:BUSP:C652067,st_struct_pedestal/92876,building/68839
ug_route/214813,OSP:BUSP:C643863,st_struct_pedestal/93386,st_struct_pedestal/90820
ug_route/214814,OSP:BUSP:C641523,st_struct_pedestal/91202,building/66627
ug_route/214815,OSP:FBSP:C650396,st_struct_pedestal/92204,building/67932
ug_route/214816,OSP:BUSP:C670822,st_struct_pedestal/92242,building/67216
ug_route/214817,OSP:BUSP:C704870,st_struct_pedestal/93576,st_struct_pedestal/91032
ug_route/214818,OSP:FBSP::8381893,st_struct_pedestal/91750,st_struct_pedestal/92928
ug_route/214819,OSP:FBSP::13095123,st_struct_pedestal/90894,st_struct_pedestal/92859
ug_route/214820,OSP:BUSP:C649996,pole/52264,st_struct_pedestal/91915
ug_route/214821,OSP:BUSP:C662282,building/67180,building/66267
ug_route/214822,OSP:FBSP:C642983,st_struct_pedestal/94154,st_struct_pedestal/93887
ug_route/214823,OSP:BUSP:C704869,pole/53606,st_struct_pedestal/93576
ug_route/214824,OSP:FBSP::8345414,st_struct_pedestal/93376,st_struct_pedestal/90630
ug_route/214825,OSP:FBSP:C651494,st_struct_pedestal/93850,st_struct_pedestal/93073
ug_route/214826,OSP:FBSP::8365258,st_struct_pedestal/94014,st_struct_pedestal/93788
ug_route/214827,OSP:FBSP:C667386,pole/54153,building/67614
ug_route/214828,OSP:BUSP:C669942,building/67746,building/68747
ug_route/214829,OSP:BUSP::10645032,pole/52264,st_struct_pedestal/91915
ug_route/214830,OSP:BUSP:C654368,st_struct_pedestal/94187,st_struct_pedestal/91804
ug_route/214831,OSP:FBSP:C667303,st_struct_pedestal/91561,building/67528
ug_route/214832,OSP:FBSP:C661790,mywcom_route_junction/27326,building/66278
ug_route/214833,OSP:FBSP:C705112,st_struct_pedestal/94013,st_struct_pedestal/90904
ug_route/214834,OSP:FBSP:C651524,st_struct_pedestal/90917,st_struct_pedestal/91290
ug_route/214835,OSP:FBSP:C656087,st_struct_pedestal/92568,st_struct_pedestal/93778
ug_route/214836,OSP:BUSP:C643793,st_struct_pedestal/93386,st_struct_pedestal/92991
ug_route/214837,OSP:BUSP::11417629,st_struct_pedestal/93818,st_struct_pedestal/90703
ug_route/214838,OSP:BUSP::16016254,st_struct_pedestal/93342,st_struct_pedestal/92783
ug_route/214839,OSP:FBSP::8330400,st_struct_pedestal/91882,st_struct_pedestal/92253
ug_route/214840,OSP:BUSP:C648306,st_struct_pedestal/93342,st_struct_pedestal/92783
ug_route/214841,OSP:BUSP::9206854,st_struct_pedestal/93576,st_struct_pedestal/91032
ug_route/214842,OSP:BUSP::9440509,st_struct_pedestal/94154,st_struct_pedestal/93887
ug_route/214843,OSP:FBSP:C651390,st_struct_pedestal/91378,st_struct_pedestal/93895
ug_route/214844,OSP:BUSP:C682635,mywcom_route_junction/28044,st_struct_pedestal/91035
ug_route/214845,OSP:FBSP:C651083,mywcom_route_junction/27190,st_struct_pedestal/91620
ug_route/214846,OSP:BUSP::16015009,building/67528,st_struct_pedestal/91561
ug_route/214847,OSP:FBSP:C639525,st_struct_pedestal/93230,st_struct_pedestal/92689
ug_route/214848,OSP:FBSP:C639670,st_struct_pedestal/93013,st_struct_pedestal/91571
ug_route/214849,OSP:FBSP:C705487,st_struct_pedestal/91117,st_struct_pedestal/93188
ug_route/214850,OSP:BUSP::8365255,st_struct_pedestal/92226,st_struct_pedestal/94014
ug_route/214851,OSP:BUSP:C654355,st_struct_pedestal/93079,st_struct_pedestal/92221
ug_route/214852,OSP:BUSP::9206852,pole/53606,st_struct_pedestal/93576
ug_route/214853,OSP:BUSP:C666065,st_struct_pedestal/92182,st_struct_pedestal/91172
ug_route/214854,OSP:FBSP::8436640,building/66336,cabinet/2851
ug_route/214855,OSP:BUSP::11434875,st_struct_pedestal/92903,st_struct_pedestal/91434
ug_route/214856,OSP:BUSP:C648272,st_struct_pedestal/93979,st_struct_pedestal/91759
ug_route/214857,OSP:FBSP:C642420,st_struct_pedestal/94221,st_struct_pedestal/93516
ug_route/214858,OSP:FBSP:C643186,st_struct_pedestal/91837,st_struct_pedestal/93418
ug_route/214859,OSP:BUSP::16795168,mywcom_route_junction/27789,mywcom_route_junction/27211
ug_route/214860,OSP:BUSP:C704738,building/66729,building/67202
ug_route/214861,OSP:BUSP::9310596,building/67535,st_struct_pedestal/92266
ug_route/214862,OSP:BUSP::9531724,st_struct_pedestal/93850,st_struct_pedestal/93073
ug_route/214863,OSP:FBSP::7630318,pole/53295,building/68224
ug_route/214864,OSP:FBSP::10128822,st_struct_pedestal/93447,st_struct_pedestal/91914
ug_route/214865,OSP:FBSP:C705471,st_struct_pedestal/93577,st_struct_pedestal/91369
ug_route/214866,OSP:FBSP:C667388,st_struct_pedestal/92251,st_struct_pedestal/91365
ug_route/214867,OSP:BUSP:C647897,st_struct_pedestal/92263,building/68700
ug_route/214868,OSP:FBSP:C644867,pole/54210,building/68761
ug_route/214869,OSP:FBSP::8330090,st_struct_pedestal/93417,st_struct_pedestal/91295
ug_route/214972,OSP:BUSP::8499990,cabinet/2752,mywcom_route_junction/27803
ug_route/214870,OSP:BUSP::9503234,st_struct_pedestal/91917,st_struct_pedestal/90675
ug_route/214871,OSP:FBSP:C667389,st_struct_pedestal/91365,st_struct_pedestal/93414
ug_route/214872,OSP:BUSP::9458825,st_struct_pedestal/94013,st_struct_pedestal/90904
ug_route/214873,OSP:FBSP::13098192,st_struct_pedestal/92858,st_struct_pedestal/93573
ug_route/214874,OSP:BUSP::12613065,mywcom_route_junction/27725,st_struct_pedestal/90882
ug_route/214875,OSP:FBSP::13045693,pole/52891,st_struct_pedestal/91791
ug_route/214876,OSP:FBSP:C643151,st_struct_pedestal/93116,st_struct_pedestal/92359
ug_route/214877,OSP:BUSP:C650787,st_struct_pedestal/92426,st_struct_pedestal/93769
ug_route/214878,OSP:BUSP::16788478,mywcom_route_junction/27925,mywcom_route_junction/28211
ug_route/214879,OSP:BUSP::15976895,st_struct_pedestal/93928,building/67546
ug_route/214880,OSP:FBSP:C646040,st_struct_pedestal/93638,st_struct_pedestal/94206
ug_route/214881,OSP:FBSP:C651547,st_struct_pedestal/91158,st_struct_pedestal/93154
ug_route/214882,OSP:BUSP::9528183,st_struct_pedestal/91117,st_struct_pedestal/93188
ug_route/214883,OSP:FORSP::16947462,st_struct_vault/2742,building/66799
ug_route/214884,OSP:FBSP::8382534,st_struct_pedestal/92442,st_struct_pedestal/92003
ug_route/214885,OSP:FBSP:C667264,st_struct_pedestal/91098,st_struct_pedestal/92251
ug_route/214886,OSP:BUSP::9206862,mywcom_route_junction/27781,st_struct_pedestal/92782
ug_route/214887,OSP:BUSP::9433478,st_struct_pedestal/93116,st_struct_pedestal/92359
ug_route/214888,OSP:BUSP:C669954,st_struct_pedestal/91841,building/66469
ug_route/214889,OSP:BUSP::9531711,st_struct_pedestal/90917,st_struct_pedestal/91290
ug_route/214890,OSP:BUSP:C667423,mywcom_route_junction/27193,mywcom_route_junction/27237
ug_route/214891,OSP:BUSP::9526914,st_struct_pedestal/91369,st_struct_pedestal/93577
ug_route/214892,OSP:BUSP::11470920,mywcom_route_junction/27243,mywcom_route_junction/27362
ug_route/214893,OSP:BUSP::12400621,st_struct_pedestal/93617,st_struct_pedestal/92321
ug_route/214894,OSP:BUSP:C654490,st_struct_pedestal/90751,building/67161
ug_route/214895,OSP:BUSP::15974969,st_struct_pedestal/93010,building/68319
ug_route/214896,OSP:BUSP::16090518,mywcom_route_junction/27818,st_struct_pedestal/90897
ug_route/214897,OSP:BUSP:C648444,st_struct_pedestal/92387,st_struct_pedestal/91874
ug_route/214898,OSP:FBSP:C639672,st_struct_pedestal/91571,st_struct_pedestal/92346
ug_route/214899,OSP:BUSP::9530749,mywcom_route_junction/27104,st_struct_pedestal/91620
ug_route/214900,OSP:BUSP::9489808,st_struct_pedestal/93013,st_struct_pedestal/91571
ug_route/214901,OSP:FBSP:C709571,pole/53479,mywcom_route_junction/27926
ug_route/214902,OSP:BUSP::9514135,st_struct_pedestal/93895,st_struct_pedestal/91378
ug_route/214903,OSP:BUSP:C644031,st_struct_pedestal/91199,st_struct_pedestal/93602
ug_route/214904,OSP:BUSP::9513466,st_struct_pedestal/93979,st_struct_pedestal/91759
ug_route/214905,OSP:BUSP::9490428,st_struct_pedestal/93516,st_struct_pedestal/94221
ug_route/214906,OSP:FBSP::11431266,st_struct_pedestal/91855,st_struct_pedestal/92915
ug_route/214907,OSP:FBSP::8330094,st_struct_pedestal/92193,st_struct_pedestal/91624
ug_route/214908,OSP:FBSP:C662262,st_struct_pedestal/94295,building/67056
ug_route/214909,OSP:BUSP:C708071,mywcom_route_junction/27305,pole/52991
ug_route/214910,OSP:FBSP:C639676,st_struct_pedestal/92917,st_struct_pedestal/93840
ug_route/214911,OSP:BUSP::9490792,st_struct_pedestal/91365,st_struct_pedestal/92251
ug_route/214912,OSP:BUSP::9531715,st_struct_pedestal/91158,st_struct_pedestal/93154
ug_route/214913,OSP:BUSP::9490791,st_struct_pedestal/93414,st_struct_pedestal/91365
ug_route/214914,OSP:FBSP:C644298,st_struct_pedestal/91485,st_struct_pedestal/94316
ug_route/214915,OSP:BUSP::9490744,st_struct_pedestal/93230,st_struct_pedestal/92689
ug_route/214916,OSP:BUSP:C711779,st_struct_pedestal/92172,st_struct_pedestal/90601
ug_route/214917,OSP:FBSP:C667445,st_struct_pedestal/93872,st_struct_pedestal/90736
ug_route/214918,OSP:BUSP:C705967,st_struct_buried_splice_location/3995,building/66590
ug_route/214919,OSP:BUSP::9490805,st_struct_pedestal/92251,st_struct_pedestal/91098
ug_route/214920,OSP:FBSP:C705739,st_struct_pedestal/91167,building/68019
ug_route/214921,OSP:FBSP::11978479,st_struct_pedestal/92181,building/66249
ug_route/214922,OSP:FBSP::8424136,st_struct_pedestal/91284,st_struct_pedestal/91030
ug_route/214923,OSP:FBSP::14203131,st_struct_pedestal/90842,st_struct_pedestal/91084
ug_route/214924,OSP:FBSP::8330098,st_struct_pedestal/94202,st_struct_pedestal/90787
ug_route/214925,OSP:FBSP::14203127,st_struct_pedestal/92295,st_struct_pedestal/91387
ug_route/214926,OSP:FBSP::8330694,st_struct_pedestal/93455,st_struct_pedestal/93169
ug_route/214927,OSP:BUSP::16730569,building/67799,st_struct_pedestal/91491
ug_route/214928,OSP:BUSP::12789370,st_struct_pedestal/93774,building/68131
ug_route/214929,OSP:FBSP:C642405,st_struct_pedestal/93196,st_struct_pedestal/90556
ug_route/214930,OSP:BUSP:C661815,st_struct_pedestal/93828,building/67220
ug_route/214931,OSP:FBSP:C651626,st_struct_pedestal/93952,st_struct_pedestal/91397
ug_route/214932,OSP:BUSP:C654345,st_struct_pedestal/90562,st_struct_pedestal/92490
ug_route/214933,OSP:FBSP::8330089,st_struct_pedestal/93421,st_struct_pedestal/93417
ug_route/214934,OSP:BUSP:C708051,building/66262,building/66286
ug_route/214935,OSP:BUSP:C661835,st_struct_pedestal/91129,building/67014
ug_route/214936,OSP:BUSP:C644214,st_struct_pedestal/92290,st_struct_pedestal/93621
ug_route/214937,OSP:BUSP:C654346,st_struct_pedestal/90562,st_struct_pedestal/92490
ug_route/214938,OSP:FBSP:C668647,st_struct_pedestal/91491,building/67799
ug_route/214939,OSP:BUSP::16019457,st_struct_pedestal/91722,building/67121
ug_route/214940,OSP:BUSP::9432835,st_struct_pedestal/91837,st_struct_pedestal/93418
ug_route/214941,OSP:BUSP::15969229,st_struct_pedestal/92046,building/67386
ug_route/214942,OSP:BUSP::15073844,st_struct_pedestal/90970,pole/54317
ug_route/214943,OSP:FORSP::16953222,mywcom_route_junction/28069,st_struct_vault/2778
ug_route/214944,OSP:BUSP::9528830,st_struct_pedestal/93872,st_struct_pedestal/90736
ug_route/214945,OSP:BUSP::11470923,mywcom_route_junction/27362,mywcom_route_junction/27831
ug_route/214999,OSP:BUSP::8366859,cabinet/2848,mywcom_route_junction/27374
ug_route/214946,OSP:BUSP::9489809,st_struct_pedestal/91571,st_struct_pedestal/92346
ug_route/214947,OSP:BUSP::9497141,st_struct_pedestal/93952,st_struct_pedestal/91397
ug_route/214948,OSP:FBSP:C668820,st_struct_pedestal/91912,building/67879
ug_route/214949,OSP:BUSP:C648469,st_struct_pedestal/93827,st_struct_pedestal/92252
ug_route/214950,OSP:BUSP::9489152,st_struct_pedestal/94316,st_struct_pedestal/91485
ug_route/214951,OSP:FBSP::8345736,st_struct_pedestal/91044,st_struct_pedestal/92007
ug_route/214952,OSP:FBSP::17062148,st_struct_pedestal/92862,building/68375
ug_route/214953,OSP:BUSP::9490420,st_struct_pedestal/92917,st_struct_pedestal/93840
ug_route/214954,OSP:BUSP:C646052,st_struct_pedestal/91338,building/68075
ug_route/214955,OSP:FBSP:C639673,st_struct_pedestal/92346,st_struct_pedestal/93020
ug_route/214956,OSP:BUSP:C643612,st_struct_pedestal/93586,st_struct_pedestal/92573
ug_route/214957,OSP:FBSP:C667461,st_struct_pedestal/90600,st_struct_pedestal/92807
ug_route/214958,OSP:FBSP:C710212,st_struct_pedestal/93250,building/66909
ug_route/214959,OSP:FBSP::8330095,st_struct_pedestal/93072,st_struct_pedestal/91407
ug_route/214960,OSP:BUSP:C681716,st_struct_pedestal/94018,building/67360
ug_route/214961,OSP:BUSP:C705116,st_struct_pedestal/93267,st_struct_pedestal/94015
ug_route/214962,OSP:BUSP:C660448,pole/54004,pole/53679
ug_route/214963,OSP:FBSP:C667222,st_struct_pedestal/93893,st_struct_pedestal/92808
ug_route/214964,OSP:FBSP:C669674,st_struct_pedestal/93486,st_struct_pedestal/92023
ug_route/214965,OSP:FBSP:C710394,st_struct_pedestal/93960,st_struct_pedestal/91441
ug_route/214966,OSP:FBSP::8572951,st_struct_pedestal/90596,st_struct_pedestal/91343
ug_route/214967,OSP:BUSP:C641752,st_struct_pedestal/92608,building/66986
ug_route/214968,OSP:BUSP::10720520,st_struct_pedestal/91001,st_struct_pedestal/91214
ug_route/214969,OSP:BUSP:C654502,st_struct_pedestal/93203,building/68756
ug_route/214970,OSP:FBSP:C650387,st_struct_pedestal/90728,building/67412
ug_route/214971,OSP:BUSP::16788471,mywcom_route_junction/27407,st_struct_pedestal/91961
ug_route/214973,OSP:BUSP::9510582,mywcom_route_junction/27757,st_struct_pedestal/93414
ug_route/214974,OSP:FBSP:C668014,st_struct_pedestal/92046,building/67386
ug_route/214975,OSP:BUSP::9270605,st_struct_pedestal/93827,mywcom_route_junction/27569
ug_route/214976,OSP:FBSP:C648039,pole/53514,building/67428
ug_route/214977,OSP:FBSP:C652617,st_struct_pedestal/92597,st_struct_pedestal/91961
ug_route/214978,OSP:FBSP:C652889,pole/53190,building/66367
ug_route/214979,OSP:FBSP::8440152,st_struct_pedestal/92676,st_struct_pedestal/90783
ug_route/214980,OSP:FBSP:C659951,st_struct_pedestal/93379,mywcom_route_junction/27324
ug_route/214981,OSP:BUSP:C643630,mywcom_route_junction/28028,st_struct_pedestal/94312
ug_route/214982,OSP:BUSP::8499991,cabinet/2815,mywcom_route_junction/27430
ug_route/214983,OSP:FORSP::16952597,mywcom_route_junction/27393,st_struct_vault/2741
ug_route/214984,OSP:BUSP::16016248,st_struct_pedestal/92705,building/66759
ug_route/214985,OSP:FBSP::13098194,st_struct_pedestal/91429,st_struct_pedestal/92502
ug_route/214986,OSP:BUSP::10721804,st_struct_pedestal/91937,building/67340
ug_route/214987,OSP:BUSP::9263501,pole/53679,pole/54004
ug_route/214988,OSP:BUSP::10955060,st_struct_pedestal/93827,building/68850
ug_route/214989,OSP:FBSP::8345739,st_struct_pedestal/92223,st_struct_pedestal/93192
ug_route/214990,OSP:BUSP:C658683,pole/53520,st_struct_pedestal/92759
ug_route/214991,OSP:FBSP:C666039,st_struct_pedestal/93019,building/68023
ug_route/214992,OSP:BUSP::16015606,st_struct_pedestal/90651,building/67879
ug_route/214993,OSP:BUSP::9490816,st_struct_pedestal/92807,st_struct_pedestal/90600
ug_route/214994,OSP:FBSP:C707883,pole/52464,building/67883
ug_route/214995,OSP:BUSP::10671861,st_struct_pedestal/93645,building/68814
ug_route/214996,OSP:BUSP:C656076,cabinet/2826,pole/53950
ug_route/214997,OSP:BUSP::9490809,st_struct_pedestal/92808,st_struct_pedestal/93893
ug_route/214998,OSP:FBSP:C708055,st_struct_pedestal/94103,building/67907
ug_route/215000,OSP:BUSP:C708358,st_struct_pedestal/91532,building/66476
ug_route/215001,OSP:BUSP::9489810,st_struct_pedestal/92346,st_struct_pedestal/93020
ug_route/215002,OSP:BUSP::11472189,st_struct_pedestal/93525,st_struct_pedestal/92444
ug_route/215003,OSP:FBSP::14288297,st_struct_pedestal/91186,st_struct_pedestal/91074
ug_route/215004,OSP:FBSP::8399181,mywcom_route_junction/27996,building/66561
ug_route/215005,OSP:BUSP::11472192,st_struct_pedestal/94162,st_struct_pedestal/93120
ug_route/215006,OSP:BUSP:C657914,st_struct_pedestal/92329,building/67655
ug_route/215007,OSP:BUSP::8592132,st_struct_pedestal/94283,st_struct_pedestal/93297
ug_route/215008,OSP:FBSP::8433094,st_struct_pedestal/90971,building/67960
ug_route/215009,OSP:FBSP:C639675,st_struct_pedestal/93020,st_struct_pedestal/92917
ug_route/215010,OSP:BUSP::12995452,pole/52963,building/68322
ug_route/215011,OSP:BUSP:C659738,st_struct_pedestal/92318,building/67619
ug_route/215012,OSP:BUSP:C645885,st_struct_pedestal/91059,building/67151
ug_route/215013,OSP:FBSP:C657989,st_struct_pedestal/91180,st_struct_pedestal/91856
ug_route/215014,OSP:FBSP:C668473,st_struct_buried_splice_location/3847,building/67448
ug_route/215015,OSP:BUSP::11587703,st_struct_pedestal/91875,st_struct_pedestal/94261
ug_route/215016,OSP:BUSP:C639776,st_struct_pedestal/92038,building/68770
ug_route/215017,OSP:FBSP:C706064,st_struct_pedestal/93177,building/68650
ug_route/215018,OSP:FBSP:C663353,st_struct_pedestal/92936,st_struct_pedestal/94010
ug_route/215019,OSP:FBSP:C647565,pole/52425,building/66439
ug_route/215020,OSP:FBSP:C642421,st_struct_pedestal/93516,st_struct_pedestal/91676
ug_route/215021,OSP:FBSP:C710356,st_struct_pedestal/93358,st_struct_pedestal/93956
ug_route/215022,OSP:FBSP::11733959,st_struct_pedestal/93343,st_struct_pedestal/94262
ug_route/215023,OSP:BUSP:C669727,st_struct_pedestal/93594,st_struct_pedestal/94298
ug_route/215024,OSP:FBSP:C661063,st_struct_pedestal/91921,building/66315
ug_route/215025,OSP:BUSP:C662544,st_struct_pedestal/94328,building/67893
ug_route/215026,OSP:BUSP:C640289,st_struct_pedestal/93477,building/67757
ug_route/215027,OSP:BUSP::9450462,mywcom_route_junction/27849,st_struct_pedestal/91016
ug_route/215028,OSP:FBSP::13098183,st_struct_pedestal/92774,st_struct_pedestal/93695
ug_route/215029,OSP:BUSP:C650558,pole/53326,st_struct_buried_splice_location/3917
ug_route/215030,OSP:BUSP::16693369,st_struct_pedestal/93293,building/68063
ug_route/215031,OSP:FBSP::8330093,st_struct_pedestal/90785,st_struct_pedestal/92193
ug_route/215032,OSP:BUSP:C645324,st_struct_pedestal/90974,building/66788
ug_route/215033,OSP:FBSP:C644231,st_struct_pedestal/94049,st_struct_pedestal/93530
ug_route/215034,OSP:BUSP::11417628,st_struct_pedestal/91789,st_struct_pedestal/93818
ug_route/215035,OSP:FBSP::8572950,st_struct_pedestal/91618,st_struct_pedestal/90596
ug_route/215036,OSP:BUSP:C654096,mywcom_route_junction/27738,mywcom_route_junction/27735
ug_route/215037,OSP:FBSP::11797188,mywcom_route_junction/27306,st_struct_pedestal/91329
ug_route/215038,OSP:FBSP:C710760,st_struct_pedestal/91818,mywcom_route_junction/27546
ug_route/215039,OSP:FBSP:C639795,st_struct_pedestal/90715,st_struct_pedestal/92294
ug_route/215040,OSP:FBSP::8365276,st_struct_pedestal/91501,st_struct_pedestal/90552
ug_route/215041,OSP:BUSP:D8186964,building/68407,mywcom_route_junction/28007
ug_route/215042,OSP:FBSP:C655109,pole/53070,building/67833
ug_route/215043,OSP:FBSP::8421913,st_struct_pedestal/90859,st_struct_pedestal/93500
ug_route/215044,OSP:FBSP:C639819,st_struct_pedestal/93191,st_struct_pedestal/92360
ug_route/215045,OSP:FBSP:C705543,building/66194,mywcom_route_junction/27517
ug_route/215046,OSP:BUSP:C639058,st_struct_pedestal/92089,building/66546
ug_route/215047,OSP:BUSP::9441162,st_struct_pedestal/94010,st_struct_pedestal/92936
ug_route/215048,OSP:BUSP::9489811,st_struct_pedestal/93020,st_struct_pedestal/92917
ug_route/215049,OSP:BUSP:C666352,mywcom_route_junction/27401,st_struct_pedestal/94095
ug_route/215050,OSP:BUSP:C648246,st_struct_pedestal/94000,st_struct_pedestal/90995
ug_route/215051,OSP:BUSP:C654366,st_struct_pedestal/91373,st_struct_pedestal/93437
ug_route/215052,OSP:BUSP::9455566,st_struct_pedestal/91180,st_struct_pedestal/91856
ug_route/215053,OSP:BUSP:C639088,st_struct_pedestal/90855,building/68399
ug_route/215054,OSP:FBSP:C644476,st_struct_pedestal/91435,st_struct_pedestal/93654
ug_route/215055,OSP:FBSP:C662728,pole/53167,building/67167
ug_route/215056,OSP:BUSP::9484084,st_struct_pedestal/93530,st_struct_pedestal/94049
ug_route/215057,OSP:BUSP:C653420,mywcom_route_junction/27480,mywcom_route_junction/27934
ug_route/215058,OSP:BUSP:C660808,st_struct_pedestal/94291,building/67897
ug_route/215059,OSP:BUSP::9490427,st_struct_pedestal/91676,st_struct_pedestal/93516
ug_route/215060,OSP:BUSP:C666056,st_struct_pedestal/91172,st_struct_pedestal/90987
ug_route/215061,OSP:BUSP:C650932,st_struct_pedestal/93812,building/68523
ug_route/215062,OSP:BUSP:C654216,st_struct_buried_splice_location/3937,st_struct_pedestal/91798
ug_route/215063,OSP:BUSP::9450748,mywcom_route_junction/27210,st_struct_pedestal/93325
ug_route/215064,OSP:BUSP::9504186,st_struct_pedestal/91098,st_struct_pedestal/93331
ug_route/215065,OSP:BUSP:C655504,st_struct_pedestal/93558,st_struct_pedestal/90745
ug_route/215066,OSP:FBSP:C656433,building/66914,mywcom_route_junction/27227
ug_route/215067,OSP:FBSP:C642416,st_struct_pedestal/91766,st_struct_pedestal/93305
ug_route/215068,OSP:FORSP::16955888,st_struct_vault/2760,pole/53119
ug_route/215069,OSP:BUSP::9148934,pole/54435,st_struct_pedestal/91137
ug_route/215070,OSP:FBSP::11067149,pole/53736,st_struct_pedestal/92215
ug_route/215071,OSP:BUSP::9270606,mywcom_route_junction/27569,mywcom_route_junction/27832
ug_route/215072,OSP:FBSP::8400462,building/67480,building/68157
ug_route/215073,OSP:FBSP:C710393,st_struct_pedestal/92973,st_struct_pedestal/93960
ug_route/215074,OSP:BUSP:C668980,st_struct_pedestal/91904,st_struct_pedestal/93853
ug_route/215075,OSP:BUSP:C660128,st_struct_pedestal/91578,st_struct_pedestal/92278
ug_route/215076,OSP:BUSP::9490746,st_struct_pedestal/92360,st_struct_pedestal/93191
ug_route/215077,OSP:BUSP:C667829,mywcom_route_junction/27865,mywcom_route_junction/27972
ug_route/215078,OSP:BUSP:C657852,st_struct_pedestal/93469,building/67329
ug_route/215079,OSP:BUSP:C657837,st_struct_pedestal/93160,st_struct_pedestal/93028
ug_route/215080,OSP:FBSP:C654560,pole/53670,building/67295
ug_route/215081,OSP:BUSP:C706873,st_struct_buried_splice_location/3859,st_struct_pedestal/93629
ug_route/215082,OSP:BUSP::8588362,st_struct_pedestal/93835,st_struct_pedestal/90724
ug_route/215083,OSP:BUSP::9452060,mywcom_route_junction/27997,mywcom_route_junction/27173
ug_route/215084,OSP:BUSP:C648385,st_struct_pedestal/91894,st_struct_pedestal/93955
ug_route/215085,OSP:FBSP::8499672,st_struct_pedestal/91722,building/66564
ug_route/215086,OSP:BUSP::9158230,pole/54536,mywcom_route_junction/27604
ug_route/215087,OSP:BUSP:C655534,st_struct_pedestal/93558,st_struct_pedestal/90745
ug_route/215088,OSP:BUSP::9531732,st_struct_pedestal/91435,st_struct_pedestal/93654
ug_route/215089,OSP:FBSP::8330097,st_struct_pedestal/92143,st_struct_pedestal/94202
ug_route/215090,OSP:FBSP:C647812,st_struct_pedestal/91166,st_struct_pedestal/94214
ug_route/215091,OSP:BUSP::9447574,st_struct_pedestal/92399,st_struct_pedestal/93007
ug_route/215092,OSP:BUSP:C648470,st_struct_pedestal/92252,st_struct_pedestal/94220
ug_route/215093,OSP:BUSP:C654365,st_struct_pedestal/92959,st_struct_pedestal/91373
ug_route/215094,OSP:BUSP:C646788,st_struct_pedestal/91529,st_struct_buried_splice_location/3951
ug_route/215095,OSP:BUSP::10273152,st_struct_pedestal/93619,st_struct_pedestal/91970
ug_route/215096,OSP:FBSP:C651847,st_struct_pedestal/93031,st_struct_pedestal/90790
ug_route/215097,OSP:BUSP:C642183,st_struct_pedestal/93941,building/68844
ug_route/215098,OSP:FBSP:C648047,pole/53514,mywcom_route_junction/27119
ug_route/215099,OSP:BUSP:C658678,pole/53520,st_struct_pedestal/92759
ug_route/215100,OSP:BUSP:C640716,st_struct_pedestal/92605,building/67062
ug_route/215101,OSP:BUSP::9490430,st_struct_pedestal/93305,st_struct_pedestal/91766
ug_route/215102,OSP:FBSP::8490066,st_struct_pedestal/93045,st_struct_pedestal/91285
ug_route/215103,OSP:FBSP:C667385,pole/54153,building/67614
ug_route/215104,OSP:BUSP::10653302,mywcom_route_junction/27440,st_struct_pedestal/92467
ug_route/215105,OSP:FBSP::8572946,st_struct_pedestal/91559,st_struct_pedestal/93403
ug_route/215106,OSP:FBSP:C642945,st_struct_pedestal/91480,st_struct_pedestal/94013
ug_route/215107,OSP:BUSP:C662349,st_struct_pedestal/90976,st_struct_pedestal/93327
ug_route/215108,OSP:BUSP::15118970,mywcom_route_junction/27147,st_struct_pedestal/93928
ug_route/215109,OSP:FBSP::13098184,st_struct_pedestal/93695,st_struct_pedestal/91000
ug_route/215110,OSP:BUSP:C708428,mywcom_route_junction/27339,st_struct_pedestal/93137
ug_route/215111,OSP:BUSP::9442742,st_struct_pedestal/91166,st_struct_pedestal/94214
ug_route/215112,OSP:BUSP:C648405,mywcom_route_junction/27198,st_struct_pedestal/91853
ug_route/215113,OSP:BUSP::9501994,st_struct_pedestal/93836,st_struct_pedestal/92456
ug_route/215114,OSP:FBSP::12363446,mywcom_route_junction/28034,building/67449
ug_route/215115,OSP:BUSP:C670537,st_struct_pedestal/94297,st_struct_pedestal/93745
ug_route/215116,OSP:BUSP:C653729,building/67849,building/66337
ug_route/215117,OSP:BUSP:C642919,st_struct_pedestal/91931,st_struct_pedestal/91480
ug_route/215118,OSP:BUSP::9458826,st_struct_pedestal/90904,st_struct_pedestal/94015
ug_route/215119,OSP:FBSP:C661763,st_struct_pedestal/93759,building/67362
ug_route/215120,OSP:FBSP::14203129,st_struct_pedestal/94143,st_struct_pedestal/91543
ug_route/215121,OSP:FBSP:C643484,mywcom_route_junction/27334,st_struct_pedestal/93680
ug_route/215122,OSP:BUSP::10690740,st_struct_pedestal/93180,st_struct_pedestal/93696
ug_route/215123,OSP:BUSP::15118973,st_struct_pedestal/93327,st_struct_pedestal/90976
ug_route/215124,OSP:FBSP:C710391,st_struct_pedestal/91669,st_struct_pedestal/90580
ug_route/215125,OSP:BUSP:C649123,mywcom_route_junction/27563,st_struct_pedestal/91853
ug_route/215126,OSP:FBSP:C711650,mywcom_route_junction/27820,st_struct_pedestal/91224
ug_route/215127,OSP:BUSP::9452064,mywcom_route_junction/28229,st_struct_pedestal/92738
ug_route/215128,OSP:BUSP::10690448,st_struct_pedestal/93031,st_struct_pedestal/90790
ug_route/215129,OSP:BUSP:C658240,st_struct_pedestal/92275,building/68838
ug_route/215130,OSP:BUSP::9452363,st_struct_pedestal/93955,st_struct_pedestal/91853
ug_route/215131,OSP:BUSP:C654805,st_struct_pedestal/91607,building/66592
ug_route/215132,OSP:FORSP::16953221,mywcom_route_junction/27276,st_struct_vault/2744
ug_route/215133,OSP:BUSP:C650821,st_struct_pedestal/91101,st_struct_pedestal/92273
ug_route/215134,OSP:BUSP:C656157,st_struct_pedestal/93992,cabinet/2826
ug_route/215135,OSP:BUSP::9458824,st_struct_pedestal/91480,st_struct_pedestal/94013
ug_route/215136,OSP:FBSP:C646285,pole/54027,building/66830
ug_route/215137,OSP:BUSP:C639210,st_struct_pedestal/91151,building/68004
ug_route/215138,OSP:BUSP::9451385,mywcom_route_junction/28107,st_struct_pedestal/91101
ug_route/215139,OSP:BUSP::11330112,mywcom_route_junction/27371,st_struct_pedestal/93722
ug_route/215140,OSP:BUSP::11388660,pole/54027,building/66830
ug_route/215141,OSP:BUSP:C659858,pole/52715,st_struct_pedestal/92687
ug_route/215142,OSP:FBSP:C652852,pole/52349,building/66638
ug_route/215143,OSP:BUSP:C668542,st_struct_pedestal/90812,building/67746
ug_route/215144,OSP:FBSP::9017732,st_struct_pedestal/93617,building/68202
ug_route/215145,OSP:BUSP::9275653,pole/53707,mywcom_route_junction/28103
ug_route/215146,OSP:BUSP:C707727,st_struct_pedestal/93489,st_struct_pedestal/90961
ug_route/215147,OSP:FORSP::16938820,st_struct_vault/2723,mywcom_route_junction/27393
ug_route/215148,OSP:BUSP:C639738,st_struct_pedestal/91418,building/67065
ug_route/215149,OSP:BUSP:C667963,st_struct_buried_splice_location/3889,st_struct_pedestal/92430
ug_route/215150,OSP:BUSP:C641102,st_struct_pedestal/91680,building/67562
ug_route/215151,OSP:BUSP::15350654,st_struct_pedestal/93617,building/68202
ug_route/215152,OSP:BUSP:C670370,st_struct_pedestal/92843,building/67595
ug_route/215153,OSP:FBSP:C651808,st_struct_pedestal/90786,st_struct_pedestal/93783
ug_route/215154,OSP:BUSP::9458823,st_struct_pedestal/91931,st_struct_pedestal/91480
ug_route/215155,OSP:BUSP::10720530,mywcom_route_junction/27136,st_struct_pedestal/92680
ug_route/215156,OSP:FBSP:C649922,pole/52264,mywcom_route_junction/27315
ug_route/215157,OSP:BUSP:C646265,st_struct_pedestal/94033,building/66495
ug_route/215158,OSP:BUSP::10768196,st_struct_pedestal/90770,building/66825
ug_route/215159,OSP:BUSP:C711696,st_struct_pedestal/93931,st_struct_pedestal/91013
ug_route/215247,OSP:BUSP:C652024,st_struct_pedestal/91519,building/68264
ug_route/215160,OSP:BUSP::10267067,st_struct_pedestal/93680,mywcom_route_junction/27882
ug_route/215161,OSP:FBSP:C661785,st_struct_pedestal/93881,building/67911
ug_route/215162,OSP:BUSP::16795167,mywcom_route_junction/27748,mywcom_route_junction/27789
ug_route/215163,OSP:BUSP:C650464,mywcom_route_junction/27708,building/67567
ug_route/215164,OSP:FBSP::8345737,st_struct_pedestal/92007,st_struct_pedestal/92015
ug_route/215165,OSP:FBSP::16057223,st_struct_pedestal/92214,st_struct_pedestal/93851
ug_route/215166,OSP:BUSP:C645367,pole/53724,st_struct_pedestal/90578
ug_route/215167,OSP:BUSP::11474134,mywcom_route_junction/27443,mywcom_route_junction/27243
ug_route/215168,OSP:BUSP:C650365,st_struct_pedestal/90952,st_struct_pedestal/93269
ug_route/215169,OSP:BUSP:C643730,st_struct_pedestal/94054,st_struct_pedestal/92276
ug_route/215170,OSP:BUSP:C658256,pole/53707,st_struct_pedestal/93064
ug_route/215171,OSP:FBSP:C652618,st_struct_pedestal/92597,st_struct_pedestal/93706
ug_route/215172,OSP:BUSP:C646976,st_struct_pedestal/91833,st_struct_buried_splice_location/3869
ug_route/215173,OSP:BUSP:C708285,st_struct_pedestal/91657,st_struct_pedestal/92062
ug_route/215174,OSP:FBSP:C667064,pole/54055,building/66613
ug_route/215175,OSP:BUSP:C654344,st_struct_pedestal/93667,st_struct_pedestal/92330
ug_route/215176,OSP:FBSP:C710392,st_struct_pedestal/90580,st_struct_pedestal/92973
ug_route/215177,OSP:BUSP:C669934,st_struct_pedestal/92583,st_struct_pedestal/92781
ug_route/215178,OSP:FBSP::13037372,pole/53572,building/68489
ug_route/215179,OSP:BUSP::8384135,st_struct_pedestal/92282,mywcom_route_junction/28086
ug_route/215180,OSP:FBSP:C655474,st_struct_pedestal/90633,st_struct_pedestal/92120
ug_route/215181,OSP:BUSP::15996097,st_struct_pedestal/91252,building/67938
ug_route/215182,OSP:BUSP:C656400,mywcom_route_junction/27518,mywcom_route_junction/27874
ug_route/215183,OSP:BUSP:C666068,st_struct_pedestal/93334,st_struct_pedestal/92182
ug_route/215184,OSP:FBSP:C647806,st_struct_pedestal/92755,st_struct_pedestal/91166
ug_route/215185,OSP:BUSP:C662218,st_struct_pedestal/93367,mywcom_route_junction/27548
ug_route/215186,OSP:FBSP:C645773,st_struct_pedestal/93520,st_struct_pedestal/94222
ug_route/215187,OSP:FBSP:C650448,st_struct_pedestal/90646,building/68347
ug_route/215188,OSP:FBSP::10274148,st_struct_pedestal/91951,building/68278
ug_route/215189,OSP:BUSP::9430922,st_struct_pedestal/93700,mywcom_route_junction/27383
ug_route/215190,OSP:BUSP:C660877,st_struct_pedestal/94263,building/66957
ug_route/215191,OSP:BUSP:C650430,st_struct_pedestal/90952,st_struct_pedestal/93269
ug_route/215192,OSP:BUSP:C654343,st_struct_pedestal/91845,st_struct_pedestal/93667
ug_route/215193,OSP:BUSP:C667923,st_struct_buried_splice_location/3928,st_struct_pedestal/92430
ug_route/215194,OSP:FBSP:C652708,st_struct_pedestal/92905,building/68122
ug_route/215195,OSP:BUSP::10724021,pole/52413,building/68443
ug_route/215196,OSP:BUSP::13806004,st_struct_pedestal/92562,building/66872
ug_route/215197,OSP:BUSP:C650412,st_struct_pedestal/91231,building/66639
ug_route/215198,OSP:FBSP::10638663,mywcom_route_junction/28174,mywcom_route_junction/27671
ug_route/215199,OSP:BUSP::9442741,st_struct_pedestal/92755,st_struct_pedestal/91166
ug_route/215200,OSP:BUSP:C667379,st_struct_pedestal/93135,st_struct_pedestal/91561
ug_route/215201,OSP:BUSP:C654367,st_struct_pedestal/93437,st_struct_pedestal/94187
ug_route/215202,OSP:FBSP:C651382,st_struct_pedestal/91341,st_struct_pedestal/93979
ug_route/215203,OSP:FBSP:C667244,pole/53276,building/67462
ug_route/215204,OSP:BUSP:C647262,st_struct_pedestal/94137,building/67563
ug_route/215205,OSP:FBSP:C650421,st_struct_pedestal/93813,building/67809
ug_route/215206,OSP:FBSP:C643074,st_struct_pedestal/93897,st_struct_pedestal/94067
ug_route/215207,OSP:FBSP:C670831,st_struct_pedestal/92562,building/66872
ug_route/215208,OSP:BUSP::10663863,pole/54103,st_struct_pedestal/94059
ug_route/215209,OSP:BUSP::11417623,st_struct_pedestal/93254,st_struct_pedestal/92288
ug_route/215210,OSP:BUSP:C643733,st_struct_pedestal/92276,st_struct_pedestal/92897
ug_route/215211,OSP:FBSP::11512500,pole/53358,st_struct_pedestal/91875
ug_route/215212,OSP:BUSP:C664783,st_struct_pedestal/94288,st_struct_pedestal/93631
ug_route/215213,OSP:BUSP:C659830,st_struct_pedestal/91862,building/68529
ug_route/215214,OSP:FBSP:C667239,st_struct_pedestal/93407,st_struct_pedestal/91098
ug_route/215215,OSP:BUSP:C704678,building/67951,building/67439
ug_route/215216,OSP:BUSP:C658253,pole/53707,st_struct_pedestal/93064
ug_route/215217,OSP:BUSP:C642362,st_struct_pedestal/90561,building/67603
ug_route/215218,OSP:BUSP::10764020,st_struct_pedestal/92747,building/67454
ug_route/215219,OSP:FBSP::8381894,st_struct_pedestal/92928,st_struct_pedestal/93889
ug_route/215220,OSP:FBSP:C643017,mywcom_route_junction/27157,st_struct_pedestal/93700
ug_route/215221,OSP:BUSP:C661689,st_struct_pedestal/91028,building/68690
ug_route/215222,OSP:BUSP::16057846,st_struct_pedestal/92457,st_struct_pedestal/92646
ug_route/215223,OSP:BUSP:C661080,st_struct_pedestal/91678,st_struct_pedestal/91150
ug_route/215224,OSP:FBSP::15497524,st_struct_pedestal/93153,building/68496
ug_route/215225,OSP:FBSP::8382241,st_struct_pedestal/92910,st_struct_pedestal/91564
ug_route/215226,OSP:FBSP:C704909,st_struct_pedestal/92674,st_struct_pedestal/93294
ug_route/215227,OSP:FBSP:C671089,st_struct_pedestal/92675,building/68321
ug_route/215228,OSP:FBSP:C705501,mywcom_route_junction/28187,st_struct_pedestal/91347
ug_route/215229,OSP:FBSP:C642495,st_struct_pedestal/91029,building/67953
ug_route/215230,OSP:BUSP:C654436,st_struct_pedestal/93097,building/68732
ug_route/215231,OSP:BUSP:C639060,st_struct_pedestal/92089,building/66938
ug_route/215232,OSP:FBSP:C667991,st_struct_pedestal/92651,building/67793
ug_route/215233,OSP:FBSP:C657870,st_struct_pedestal/91603,building/67858
ug_route/215234,OSP:FBSP:C662433,st_struct_buried_splice_location/3871,building/67546
ug_route/215235,OSP:BUSP:C648437,st_struct_pedestal/90672,st_struct_pedestal/91016
ug_route/215236,OSP:FBSP:C658201,st_struct_pedestal/90670,st_struct_pedestal/91469
ug_route/215237,OSP:BUSP:C660970,st_struct_pedestal/93708,building/68206
ug_route/215238,OSP:BUSP:C657843,cabinet/2829,pole/54088
ug_route/215239,OSP:BUSP:C667741,st_struct_pedestal/91107,st_struct_pedestal/91872
ug_route/215240,OSP:BUSP::8433097,pole/53507,pole/53242
ug_route/215241,OSP:BUSP:C659815,st_struct_pedestal/90743,building/67680
ug_route/215242,OSP:FBSP:C643027,mywcom_route_junction/27157,st_struct_pedestal/93240
ug_route/215243,OSP:BUSP::9433483,st_struct_pedestal/94067,st_struct_pedestal/93897
ug_route/215244,OSP:BUSP:C650937,st_struct_pedestal/93812,building/67505
ug_route/215245,OSP:FBSP::8381897,st_struct_pedestal/90803,st_struct_pedestal/93063
ug_route/215246,OSP:FBSP::8603337,st_struct_pedestal/91740,building/68306
ug_route/215248,OSP:BUSP::10695868,mywcom_route_junction/28156,cabinet/2809
ug_route/215249,OSP:BUSP:C653118,st_struct_pedestal/90940,building/67736
ug_route/215250,OSP:BUSP::17059972,pole/52627,st_struct_pedestal/90586
ug_route/215251,OSP:BUSP:C645172,st_struct_pedestal/92488,st_struct_pedestal/92610
ug_route/215252,OSP:BUSP:C661017,mywcom_route_junction/28196,mywcom_route_junction/28058
ug_route/215253,OSP:BUSP::9522423,mywcom_route_junction/27385,st_struct_pedestal/91347
ug_route/215254,OSP:FORSP:C704832,mywcom_route_junction/27140,st_struct_vault/2723
ug_route/215255,OSP:FBSP::8402712,pole/52655,building/66316
ug_route/215256,OSP:BUSP:C653038,st_struct_pedestal/91630,mywcom_route_junction/27833
ug_route/215257,OSP:BUSP::8490693,st_struct_pedestal/91425,st_struct_pedestal/92784
ug_route/215258,OSP:FORSP::16958661,st_struct_vault/2763,mywcom_route_junction/28132
ug_route/215259,OSP:FBSP:C655823,st_struct_pedestal/93775,building/68668
ug_route/215260,OSP:BUSP:C705962,st_struct_pedestal/91196,building/66751
ug_route/215261,OSP:BUSP::9536505,st_struct_pedestal/92674,st_struct_pedestal/93294
ug_route/215262,OSP:FBSP:C708032,st_struct_pedestal/94298,building/67949
ug_route/215263,OSP:BUSP::11417593,st_struct_pedestal/91017,st_struct_pedestal/93024
ug_route/215264,OSP:BUSP:C668975,st_struct_pedestal/94326,st_struct_pedestal/91577
ug_route/215265,OSP:BUSP:C648613,mywcom_route_junction/27697,mywcom_route_junction/27156
ug_route/215266,OSP:FBSP::8336456,st_struct_pedestal/91764,st_struct_pedestal/93298
ug_route/215267,OSP:BUSP::10710026,st_struct_pedestal/93744,building/66400
ug_route/215268,OSP:FBSP:C710381,st_struct_pedestal/90772,st_struct_pedestal/92175
ug_route/215269,OSP:FBSP::8336457,mywcom_route_junction/27820,st_struct_pedestal/90668
ug_route/215270,OSP:FBSP::11078004,pole/52990,building/68822
ug_route/215271,OSP:FBSP:C662175,st_struct_pedestal/91538,building/67842
ug_route/215272,OSP:BUSP::8346083,st_struct_pedestal/91005,st_struct_pedestal/93995
ug_route/215273,OSP:FBSP:C666254,pole/53837,building/68594
ug_route/215274,OSP:BUSP:C644126,st_struct_pedestal/94152,building/68168
ug_route/215275,OSP:FBSP:C667262,st_struct_pedestal/93407,st_struct_pedestal/91098
ug_route/215276,OSP:FBSP:C648548,st_struct_pedestal/92888,building/67479
ug_route/215277,OSP:BUSP::9158229,mywcom_route_junction/27635,pole/54536
ug_route/215278,OSP:BUSP::11408199,st_struct_pedestal/92525,st_struct_pedestal/92663
ug_route/215279,OSP:BUSP:C662435,st_struct_pedestal/91523,st_struct_pedestal/91194
ug_route/215280,OSP:BUSP:C646063,st_struct_pedestal/92613,building/67292
ug_route/215281,OSP:BUSP:C648280,cabinet/2766,mywcom_route_junction/27368
ug_route/215282,OSP:BUSP::9430923,st_struct_pedestal/93240,mywcom_route_junction/27383
ug_route/215283,OSP:FBSP::8365277,st_struct_pedestal/90552,st_struct_pedestal/91245
ug_route/215284,OSP:BUSP:C682211,st_struct_pedestal/91896,building/68262
ug_route/215285,OSP:FBSP::13094763,mywcom_route_junction/27358,building/67899
ug_route/215286,OSP:FORSP::16953220,st_struct_vault/2744,mywcom_route_junction/28069
ug_route/215287,OSP:BUSP:C663664,st_struct_pedestal/93702,building/67992
ug_route/215288,OSP:BUSP::11470590,st_struct_pedestal/92525,st_struct_pedestal/92663
ug_route/215289,OSP:BUSP:C650822,st_struct_pedestal/92273,st_struct_pedestal/91790
ug_route/215290,OSP:BUSP::9451384,mywcom_route_junction/27514,mywcom_route_junction/28107
ug_route/215291,OSP:BUSP:C642021,st_struct_pedestal/90927,building/68327
ug_route/215292,OSP:BUSP::8440452,st_struct_pedestal/92246,mywcom_route_junction/27861
ug_route/215293,OSP:FORSP::16952596,st_struct_vault/2741,mywcom_route_junction/27276
ug_route/215294,OSP:FBSP:C639567,st_struct_pedestal/93840,building/67254
ug_route/215295,OSP:BUSP:C667271,building/66416,building/67006
ug_route/215296,OSP:BUSP::16788470,mywcom_route_junction/27407,mywcom_route_junction/27653
ug_route/215297,OSP:BUSP:C657367,pole/54536,st_struct_pedestal/91592
ug_route/215298,OSP:BUSP::15472573,st_struct_pedestal/90963,mywcom_route_junction/27570
ug_route/215299,OSP:BUSP:C660922,st_struct_pedestal/92721,building/67990
ug_route/215300,OSP:BUSP:C661670,st_struct_pedestal/94101,building/67021
ug_route/215301,OSP:BUSP:C659722,pole/52287,mywcom_route_junction/27404
ug_route/215302,OSP:BUSP::16016256,st_struct_pedestal/92783,building/68313
ug_route/215303,OSP:BUSP::9536510,st_struct_pedestal/91005,st_struct_pedestal/93995
ug_route/215304,OSP:FORSP::16958660,mywcom_route_junction/27183,st_struct_vault/2763
ug_route/215305,OSP:BUSP::10617783,st_struct_pedestal/94308,building/66235
ug_route/215306,OSP:BUSP::11434932,st_struct_pedestal/90962,st_struct_pedestal/92051
ug_route/215307,OSP:BUSP:C658285,pole/53311,st_struct_pedestal/91038
ug_route/215308,OSP:FBSP::8345738,st_struct_pedestal/92015,st_struct_pedestal/92223
ug_route/215309,OSP:BUSP:C708287,st_struct_pedestal/91657,st_struct_pedestal/92062
ug_route/215310,OSP:BUSP:C656368,st_struct_pedestal/92760,st_struct_pedestal/93012
ug_route/215311,OSP:FBSP::8330085,mywcom_route_junction/27503,st_struct_pedestal/92593
ug_route/215312,OSP:BUSP::7625138,pole/54555,st_struct_pedestal/91102
ug_route/215313,OSP:FORSP::16958670,st_struct_vault/2771,mywcom_route_junction/28222
ug_route/215314,OSP:BUSP:C655939,mywcom_route_junction/27949,mywcom_route_junction/27295
ug_route/215315,OSP:FBSP::15416268,st_struct_pedestal/92983,st_struct_pedestal/92582
ug_route/215316,OSP:BUSP::8590223,st_struct_pedestal/93879,st_struct_pedestal/90539
ug_route/215317,OSP:BUSP:C662335,st_struct_pedestal/92122,st_struct_pedestal/93928
ug_route/215318,OSP:BUSP::11869988,st_struct_pedestal/91094,mywcom_route_junction/28083
ug_route/215319,OSP:BUSP::9522435,st_struct_pedestal/92775,st_struct_pedestal/91478
ug_route/215320,OSP:BUSP::11417597,st_struct_pedestal/92852,st_struct_pedestal/92907
ug_route/215321,OSP:BUSP::14929853,st_struct_pedestal/93030,building/66863
ug_route/215322,OSP:BUSP::11472182,st_struct_pedestal/94004,st_struct_pedestal/92202
ug_route/215323,OSP:FBSP::8591504,mywcom_route_junction/27557,building/68332
ug_route/215324,OSP:BUSP::7670574,st_struct_pedestal/91663,building/68556
ug_route/215325,OSP:FBSP:C648319,st_struct_pedestal/92783,building/68313
ug_route/215326,OSP:FBSP::13098244,st_struct_pedestal/90981,st_struct_pedestal/92972
ug_route/215353,OSP:BUSP::8499676,st_struct_vault/2739,st_struct_pedestal/92058
ug_route/215327,OSP:BUSP::15118969,st_struct_pedestal/92122,st_struct_pedestal/93928
ug_route/215328,OSP:BUSP:C645803,st_struct_pedestal/93673,building/67571
ug_route/215329,OSP:BUSP::10768200,st_struct_pedestal/92225,building/66226
ug_route/215330,OSP:BUSP::12613061,mywcom_route_junction/28148,mywcom_route_junction/27450
ug_route/215331,OSP:FBSP::15416267,st_struct_pedestal/93505,st_struct_pedestal/92983
ug_route/215332,OSP:BUSP:C645308,st_struct_pedestal/91412,building/68369
ug_route/215333,OSP:BUSP:C645705,st_struct_pedestal/92065,building/66624
ug_route/215334,OSP:BUSP:C666100,st_struct_pedestal/93947,st_struct_pedestal/90987
ug_route/215335,OSP:BUSP::16783625,mywcom_route_junction/28133,mywcom_route_junction/27205
ug_route/215336,OSP:BUSP:C640955,st_struct_pedestal/90564,building/66770
ug_route/215337,OSP:FBSP::8415822,st_struct_pedestal/91148,st_struct_pedestal/91432
ug_route/215338,OSP:FBSP:C710202,building/67836,st_struct_pedestal/93998
ug_route/215339,OSP:BUSP::9269892,pole/54503,st_struct_pedestal/94325
ug_route/215340,OSP:BUSP:C662551,st_struct_pedestal/91523,st_struct_pedestal/91194
ug_route/215341,OSP:BUSP::8589577,st_struct_pedestal/92127,st_struct_pedestal/92365
ug_route/215342,OSP:BUSP:C666032,mywcom_route_junction/27806,st_struct_pedestal/91770
ug_route/215343,OSP:BUSP::9499070,mywcom_route_junction/27761,st_struct_pedestal/91001
ug_route/215344,OSP:BUSP:C641560,st_struct_pedestal/93670,building/68426
ug_route/215345,OSP:BUSP:C709170,mywcom_route_junction/28213,st_struct_pedestal/93296
ug_route/215346,OSP:FBSP:C707870,st_struct_pedestal/91692,building/66959
ug_route/215347,OSP:BUSP::9263492,st_struct_pedestal/93826,st_struct_pedestal/91012
ug_route/215348,OSP:FBSP::11512505,st_struct_pedestal/92871,building/68305
ug_route/215349,OSP:BUSP:C662317,st_struct_pedestal/93809,st_struct_pedestal/91484
ug_route/215350,OSP:BUSP:C653566,st_struct_pedestal/92835,building/66673
ug_route/215351,OSP:BUSP:C644127,st_struct_pedestal/94152,building/68823
ug_route/215352,OSP:BUSP:C651147,st_struct_pedestal/93285,pole/53558
ug_route/215354,OSP:BUSP:C651108,st_struct_pedestal/92289,building/66736
ug_route/215355,OSP:BUSP::10918960,pole/53956,st_struct_pedestal/93954
ug_route/215356,OSP:BUSP::8490061,st_struct_pedestal/92709,st_struct_pedestal/91831
ug_route/215357,OSP:FBSP:C651845,st_struct_pedestal/93996,st_struct_pedestal/93031
ug_route/215358,OSP:FBSP::9410750,mywcom_route_junction/28034,pole/54154
ug_route/215359,OSP:BUSP:C644125,st_struct_pedestal/94152,building/67890
ug_route/215360,OSP:FBSP:C647974,pole/53867,building/67395
ug_route/215361,OSP:FBSP:C661093,st_struct_pedestal/94257,building/67213
ug_route/215362,OSP:FBSP:C710624,st_struct_pedestal/94270,st_struct_pedestal/91226
ug_route/215363,OSP:FBSP:C648426,st_struct_pedestal/93713,building/68332
ug_route/215364,OSP:FBSP::8370723,st_struct_pedestal/93183,building/68536
ug_route/215365,OSP:BUSP::10725970,st_struct_pedestal/93723,mywcom_route_junction/27701
ug_route/215366,OSP:BUSP::10069946,mywcom_route_junction/27153,st_struct_vault/2735
ug_route/215367,OSP:BUSP:C643603,st_struct_pedestal/92324,building/67597
ug_route/215368,OSP:BUSP:C650956,st_struct_pedestal/92984,building/67510
ug_route/215369,OSP:BUSP::8331972,st_struct_pedestal/90784,st_struct_pedestal/93174
ug_route/215370,OSP:BUSP:C639433,st_struct_pedestal/93879,mywcom_route_junction/28161
ug_route/215371,OSP:BUSP:C659724,mywcom_route_junction/27576,mywcom_route_junction/27783
ug_route/215372,OSP:BUSP:C660113,mywcom_route_junction/27155,mywcom_route_junction/27816
ug_route/215373,OSP:BUSP::16057845,st_struct_pedestal/94271,st_struct_pedestal/92457
ug_route/215374,OSP:FORSP::16956651,st_struct_vault/2720,cabinet/2790
ug_route/215375,OSP:FBSP:C663367,st_struct_pedestal/91843,st_struct_pedestal/93462
ug_route/215376,OSP:BUSP:C661766,st_struct_pedestal/91773,building/67592
ug_route/215377,OSP:BUSP::10271231,st_struct_pedestal/91892,mywcom_route_junction/27427
ug_route/215378,OSP:FBSP:C710622,st_struct_pedestal/92085,st_struct_pedestal/94270
ug_route/215379,OSP:BUSP:C660045,st_struct_pedestal/92853,mywcom_route_junction/27897
ug_route/215380,OSP:FBSP::15601850,st_struct_pedestal/92582,pole/52983
ug_route/215381,OSP:FBSP:C706623,st_struct_pedestal/91246,mywcom_route_junction/27332
ug_route/215382,OSP:BUSP:C657375,st_struct_pedestal/90553,st_struct_pedestal/92248
ug_route/215383,OSP:FBSP:C645495,st_struct_pedestal/93744,building/66621
ug_route/215384,OSP:BUSP:C667400,st_struct_pedestal/93414,st_struct_pedestal/93135
ug_route/215385,OSP:BUSP:C655384,st_struct_pedestal/94243,building/68406
ug_route/215386,OSP:BUSP::9506444,st_struct_pedestal/90844,st_struct_pedestal/93346
ug_route/215387,OSP:BUSP::16015005,st_struct_pedestal/91541,building/68788
ug_route/215388,OSP:FBSP:C648442,st_struct_pedestal/94078,st_struct_pedestal/90897
ug_route/215389,OSP:BUSP:C651173,st_struct_pedestal/93285,pole/53558
ug_route/215390,OSP:BUSP:C661654,st_struct_pedestal/90807,st_struct_pedestal/94101
ug_route/215391,OSP:BUSP::15981376,pole/53901,building/66708
ug_route/215392,OSP:BUSP:C645936,st_struct_pedestal/91861,building/66832
ug_route/215393,OSP:BUSP::9454925,st_struct_pedestal/92805,st_struct_pedestal/91135
ug_route/215394,OSP:BUSP:C643676,st_struct_pedestal/90644,st_struct_pedestal/91776
ug_route/215395,OSP:BUSP::10271229,st_struct_pedestal/91892,st_struct_pedestal/92994
ug_route/215396,OSP:BUSP::9453950,st_struct_pedestal/93462,st_struct_pedestal/91843
ug_route/215397,OSP:BUSP::11626932,st_struct_pedestal/92575,mywcom_route_junction/27172
ug_route/215398,OSP:BUSP:C636895,mywcom_route_junction/27729,mywcom_route_junction/27564
ug_route/215399,OSP:FBSP:C644462,st_struct_pedestal/93900,st_struct_pedestal/93964
ug_route/215400,OSP:FBSP:C648612,st_struct_pedestal/91146,building/68302
ug_route/215401,OSP:BUSP:C666356,st_struct_pedestal/90650,st_struct_pedestal/92530
ug_route/215402,OSP:BUSP:C657980,st_struct_pedestal/90729,mywcom_route_junction/27591
ug_route/215403,OSP:FBSP:C648461,pole/53650,building/68849
ug_route/215404,OSP:BUSP::10690445,st_struct_pedestal/93996,st_struct_pedestal/93031
ug_route/215405,OSP:FBSP:C667272,st_struct_pedestal/91541,building/68788
ug_route/215406,OSP:BUSP:C670466,st_struct_pedestal/91726,st_struct_pedestal/91958
ug_route/215407,OSP:BUSP:C670303,st_struct_pedestal/91185,building/68453
ug_route/215408,OSP:BUSP::8433752,pole/54539,st_struct_pedestal/93488
ug_route/215409,OSP:BUSP::11322758,mywcom_route_junction/27582,building/68501
ug_route/215410,OSP:BUSP::9506438,st_struct_pedestal/92885,st_struct_pedestal/94073
ug_route/215411,OSP:FBSP:C651615,st_struct_pedestal/91021,st_struct_pedestal/93161
ug_route/215412,OSP:BUSP:C659254,st_struct_pedestal/90560,building/66173
ug_route/215413,OSP:BUSP:C669017,st_struct_pedestal/93078,building/66904
ug_route/215414,OSP:FBSP::10137492,building/68532,st_struct_pedestal/93262
ug_route/215415,OSP:FBSP:C652674,pole/52435,building/68501
ug_route/215416,OSP:BUSP:C671226,st_struct_pedestal/92913,mywcom_route_junction/27096
ug_route/215417,OSP:BUSP:C660108,st_struct_pedestal/91586,building/66520
ug_route/215418,OSP:FBSP::8421914,st_struct_pedestal/93500,st_struct_pedestal/91615
ug_route/215419,OSP:BUSP::17060791,st_struct_pedestal/92429,st_struct_pedestal/93710
ug_route/215420,OSP:FBSP:C662681,st_struct_pedestal/91807,building/66193
ug_route/215421,OSP:BUSP:C660464,st_struct_pedestal/90661,st_struct_pedestal/93743
ug_route/215422,OSP:FBSP:C666359,st_struct_pedestal/94095,mywcom_route_junction/27460
ug_route/215423,OSP:BUSP:C665587,st_struct_pedestal/91230,building/67415
ug_route/215424,OSP:BUSP::10920850,st_struct_pedestal/94308,building/66255
ug_route/215425,OSP:BUSP:C652355,pole/53541,pole/53402
ug_route/215426,OSP:FBSP::9776502,mywcom_route_junction/27192,st_struct_pedestal/91540
ug_route/215427,OSP:FBSP::7723340,st_struct_pedestal/91100,building/66750
ug_route/215428,OSP:BUSP:C668977,st_struct_pedestal/91577,st_struct_pedestal/91904
ug_route/215429,OSP:BUSP::9532662,st_struct_pedestal/93161,st_struct_pedestal/91021
ug_route/215456,OSP:FBSP:C670017,st_struct_pedestal/92097,building/67341
ug_route/215430,OSP:BUSP::9269898,st_struct_pedestal/93744,st_struct_pedestal/94209
ug_route/215431,OSP:BUSP:C643980,st_struct_pedestal/94239,st_struct_pedestal/92602
ug_route/215432,OSP:FBSP:C655594,st_struct_pedestal/92031,mywcom_route_junction/27573
ug_route/215433,OSP:BUSP:C704677,building/67951,building/68002
ug_route/215434,OSP:BUSP:C660542,st_struct_pedestal/92332,building/68253
ug_route/215435,OSP:BUSP:C645499,st_struct_pedestal/93744,st_struct_pedestal/94209
ug_route/215436,OSP:BUSP:C647370,st_struct_pedestal/93237,building/66515
ug_route/215437,OSP:BUSP:C642151,st_struct_pedestal/94290,building/66462
ug_route/215438,OSP:FBSP:C643159,mywcom_route_junction/27405,st_struct_pedestal/91725
ug_route/215439,OSP:FBSP:C667443,st_struct_pedestal/91978,st_struct_pedestal/93872
ug_route/215440,OSP:BUSP:C648080,st_struct_pedestal/91133,building/67534
ug_route/215441,OSP:BUSP::9466780,st_struct_pedestal/92588,st_struct_pedestal/93307
ug_route/215442,OSP:FBSP::13098193,st_struct_pedestal/93573,st_struct_pedestal/91429
ug_route/215443,OSP:BUSP:C705960,st_struct_pedestal/91196,building/68746
ug_route/215444,OSP:BUSP::11587704,st_struct_pedestal/94261,st_struct_pedestal/92542
ug_route/215445,OSP:BUSP:C657370,st_struct_pedestal/91592,pole/53729
ug_route/215446,OSP:BUSP:C653294,st_struct_pedestal/90698,building/67071
ug_route/215447,OSP:FBSP::14198324,st_struct_pedestal/90914,building/67658
ug_route/215448,OSP:BUSP::10272537,st_struct_pedestal/91708,mywcom_route_junction/27478
ug_route/215449,OSP:FBSP::8347652,st_struct_pedestal/90741,st_struct_pedestal/91372
ug_route/215450,OSP:BUSP::9451404,st_struct_pedestal/94283,st_struct_pedestal/91072
ug_route/215451,OSP:FORSP:C645552,mywcom_route_junction/27277,cabinet/2769
ug_route/215452,OSP:BUSP::9466866,st_struct_pedestal/91498,st_struct_pedestal/92361
ug_route/215453,OSP:BUSP:C648262,st_struct_pedestal/90995,st_struct_pedestal/92468
ug_route/215454,OSP:BUSP:C645469,pole/54503,st_struct_pedestal/94325
ug_route/215455,OSP:BUSP:C708354,st_struct_pedestal/90571,building/67523
ug_route/215457,OSP:BUSP::11804356,st_struct_pedestal/94261,building/67395
ug_route/215458,OSP:FBSP:C639508,st_struct_pedestal/92885,st_struct_pedestal/93193
ug_route/215459,OSP:BUSP::9263506,mywcom_route_junction/27564,mywcom_route_junction/27729
ug_route/215460,OSP:BUSP::11470318,st_struct_pedestal/92707,st_struct_pedestal/90874
ug_route/215461,OSP:BUSP::9552501,st_struct_pedestal/91372,st_struct_pedestal/90741
ug_route/215462,OSP:BUSP::8382856,pole/54235,building/66781
ug_route/215463,OSP:BUSP::8572624,st_struct_pedestal/91498,st_struct_pedestal/92361
ug_route/215464,OSP:BUSP:C643018,st_struct_pedestal/90557,st_struct_pedestal/90851
ug_route/215465,OSP:FORSP:C646045,mywcom_route_junction/27674,st_struct_pedestal/91402
ug_route/215466,OSP:FBSP::10855878,pole/52321,st_struct_pedestal/92078
ug_route/215467,OSP:BUSP:C667713,pole/53052,mywcom_route_junction/27657
ug_route/215468,OSP:BUSP:C654439,st_struct_pedestal/93097,building/68368
ug_route/215469,OSP:BUSP:C655215,st_struct_pedestal/92865,building/68270
ug_route/215470,OSP:BUSP:C650829,st_struct_pedestal/91824,st_struct_pedestal/91842
ug_route/215471,OSP:BUSP:C651770,cabinet/2796,st_struct_pedestal/91730
ug_route/215472,OSP:FBSP:C644256,st_struct_pedestal/93786,st_struct_pedestal/93510
ug_route/215473,OSP:BUSP:C650780,st_struct_pedestal/91440,st_struct_pedestal/92426
ug_route/215474,OSP:BUSP:C654693,mywcom_route_junction/27608,mywcom_route_junction/28031
ug_route/215475,OSP:FBSP:C639222,st_struct_pedestal/93570,building/67024
ug_route/215476,OSP:BUSP:C651417,st_struct_pedestal/92653,building/67489
ug_route/215477,OSP:BUSP:C670089,st_struct_pedestal/92643,mywcom_route_junction/27988
ug_route/215478,OSP:BUSP::9505787,mywcom_route_junction/27836,mywcom_route_junction/27864
ug_route/215479,OSP:BUSP::11329786,st_struct_pedestal/91810,st_struct_pedestal/93751
ug_route/215480,OSP:BUSP:C659727,mywcom_route_junction/27148,mywcom_route_junction/27834
ug_route/215481,OSP:BUSP:C652520,st_struct_pedestal/92672,mywcom_route_junction/27160
ug_route/215482,OSP:FBSP:C657814,cabinet/2768,building/68415
ug_route/215483,OSP:BUSP:C641479,st_struct_pedestal/93974,building/67016
ug_route/215484,OSP:BUSP:C660493,st_struct_pedestal/93542,st_struct_pedestal/93791
ug_route/215485,OSP:BUSP:C646481,st_struct_pedestal/92393,building/68706
ug_route/215486,OSP:FBSP::8586067,pole/53015,building/66570
ug_route/215487,OSP:FBSP::7634309,st_struct_pedestal/94197,building/66512
ug_route/215488,OSP:BUSP:C707776,st_struct_buried_splice_location/3897,mywcom_route_junction/27901
ug_route/215489,OSP:BUSP:C662491,st_struct_pedestal/91523,mywcom_route_junction/27991
ug_route/215490,OSP:FBSP:C667212,st_struct_pedestal/90611,building/66221
ug_route/215491,OSP:FBSP::8490705,st_struct_pedestal/90632,building/66420
ug_route/215492,OSP:BUSP::17055320,mywcom_route_junction/27431,st_struct_pedestal/91803
ug_route/215493,OSP:FBSP::14956733,st_struct_pedestal/93832,building/66940
ug_route/215494,OSP:BUSP::16016251,st_struct_pedestal/91875,building/68305
ug_route/215495,OSP:BUSP::9493765,st_struct_pedestal/93786,st_struct_pedestal/93510
ug_route/215496,OSP:FBSP:C666326,pole/54345,building/66941
ug_route/215497,OSP:BUSP:C660865,st_struct_pedestal/94263,st_struct_pedestal/91889
ug_route/215498,OSP:BUSP:C681321,st_struct_pedestal/92110,building/68267
ug_route/215499,OSP:BUSP:C661672,st_struct_pedestal/93660,building/68631
ug_route/215500,OSP:BUSP:C641950,st_struct_pedestal/93149,building/68775
ug_route/215501,OSP:BUSP::11470319,st_struct_pedestal/92708,st_struct_pedestal/91965
ug_route/215502,OSP:BUSP:C650788,st_struct_pedestal/91440,st_struct_pedestal/92426
ug_route/215503,OSP:BUSP::10733946,pole/53650,building/68483
ug_route/215504,OSP:FBSP::7629597,st_struct_pedestal/92761,pole/53129
ug_route/215505,OSP:BUSP:C648440,mywcom_route_junction/27823,st_struct_pedestal/94078
ug_route/215506,OSP:FORSP::16955889,st_struct_vault/2760,cabinet/2842
ug_route/215507,OSP:BUSP::16685368,mywcom_route_junction/27780,st_struct_pedestal/90619
ug_route/215508,OSP:BUSP::15812740,st_struct_pedestal/90632,building/66420
ug_route/215509,OSP:BUSP::9454290,st_struct_pedestal/91097,st_struct_pedestal/92103
ug_route/215510,OSP:BUSP:C641993,st_struct_pedestal/92866,building/68291
ug_route/215511,OSP:BUSP:C650849,st_struct_buried_splice_location/3913,st_struct_pedestal/93412
ug_route/215512,OSP:BUSP::11587705,st_struct_pedestal/92542,st_struct_pedestal/93449
ug_route/215513,OSP:FBSP::12188404,st_struct_pedestal/92171,st_struct_pedestal/92754
ug_route/215514,OSP:BUSP:C648212,st_struct_pedestal/92467,st_struct_pedestal/93581
ug_route/215515,OSP:BUSP:C647272,st_struct_pedestal/92539,building/68181
ug_route/215516,OSP:BUSP:C670076,st_struct_pedestal/92643,mywcom_route_junction/27778
ug_route/215517,OSP:FBSP:C669023,st_struct_pedestal/90928,building/68492
ug_route/215518,OSP:BUSP::8447496,pole/52550,st_struct_pedestal/93288
ug_route/215519,OSP:BUSP:C645786,st_struct_pedestal/93094,st_struct_pedestal/93673
ug_route/215520,OSP:BUSP:C655203,st_struct_pedestal/93429,building/67669
ug_route/215521,OSP:BUSP::8587974,mywcom_route_junction/27746,st_struct_pedestal/94081
ug_route/215522,OSP:FBSP::15416265,st_struct_pedestal/91395,st_struct_pedestal/93505
ug_route/215523,OSP:FBSP::10128832,st_struct_pedestal/91968,st_struct_pedestal/92279
ug_route/215524,OSP:FBSP::7640456,st_struct_pedestal/92461,building/68802
ug_route/215525,OSP:BUSP::9531741,st_struct_pedestal/93037,st_struct_pedestal/94186
ug_route/215526,OSP:FBSP::10184517,st_struct_pedestal/90648,st_struct_pedestal/91558
ug_route/215527,OSP:BUSP:C647271,st_struct_pedestal/93565,building/68401
ug_route/215528,OSP:FBSP::8591492,st_struct_pedestal/93775,st_struct_pedestal/92421
ug_route/215529,OSP:BUSP:C670409,st_struct_pedestal/93085,building/66686
ug_route/215530,OSP:BUSP:C668818,cabinet/2779,st_struct_pedestal/90651
ug_route/215531,OSP:BUSP::9513473,st_struct_pedestal/93657,st_struct_pedestal/94180
ug_route/215532,OSP:BUSP::10841460,st_struct_pedestal/90977,building/66713
ug_route/215533,OSP:BUSP:C641427,st_struct_pedestal/93320,building/66858
ug_route/215534,OSP:FBSP:C710615,mywcom_route_junction/27973,st_struct_pedestal/93590
ug_route/215535,OSP:BUSP::9432830,st_struct_pedestal/94096,st_struct_pedestal/91396
ug_route/215536,OSP:BUSP::10663864,st_struct_pedestal/94059,building/66836
ug_route/215537,OSP:FBSP::10633143,mywcom_route_junction/27584,mywcom_route_junction/27452
ug_route/215538,OSP:BUSP:C659080,st_struct_pedestal/91901,building/68411
ug_route/215539,OSP:BUSP:C708023,st_struct_pedestal/90728,mywcom_route_junction/27182
ug_route/215540,OSP:BUSP::8331129,st_struct_pedestal/91703,st_struct_pedestal/91505
ug_route/215541,OSP:BUSP:C659784,st_struct_pedestal/91371,st_struct_pedestal/92385
ug_route/215542,OSP:BUSP::10920822,pole/53701,st_struct_pedestal/90579
ug_route/215543,OSP:BUSP:C643832,st_struct_pedestal/93503,building/66815
ug_route/215544,OSP:BUSP::9386745,pole/53337,pole/53416
ug_route/215545,OSP:BUSP:C656955,st_struct_pedestal/91728,mywcom_route_junction/27199
ug_route/215546,OSP:BUSP::11597672,pole/52760,mywcom_route_junction/27388
ug_route/215547,OSP:BUSP::11417600,st_struct_pedestal/91539,st_struct_pedestal/90962
ug_route/215548,OSP:BUSP:C639183,st_struct_pedestal/93025,building/67320
ug_route/215549,OSP:BUSP::16020405,st_struct_pedestal/92322,building/68009
ug_route/215550,OSP:BUSP::9157576,st_struct_pedestal/90553,pole/53854
ug_route/215551,OSP:BUSP:C668401,st_struct_pedestal/92046,st_struct_pedestal/93698
ug_route/215552,OSP:BUSP:C644213,st_struct_pedestal/92611,st_struct_pedestal/92290
ug_route/215553,OSP:BUSP:C662499,st_struct_pedestal/91523,mywcom_route_junction/27991
ug_route/215554,OSP:BUSP:C656134,st_struct_pedestal/91645,building/66712
ug_route/215555,OSP:BUSP::8574870,mywcom_route_junction/27375,building/67638
ug_route/215556,OSP:BUSP::11431265,st_struct_pedestal/93239,st_struct_pedestal/91855
ug_route/215557,OSP:BUSP:C651002,mywcom_route_junction/27249,mywcom_route_junction/28096
ug_route/215558,OSP:BUSP:C669003,st_struct_pedestal/94326,st_struct_pedestal/93250
ug_route/215559,OSP:BUSP::15968588,mywcom_route_junction/27962,building/67078
ug_route/215560,OSP:BUSP:C659787,st_struct_pedestal/91371,st_struct_pedestal/92385
ug_route/215561,OSP:FBSP::8950872,mywcom_route_junction/27734,mywcom_route_junction/27584
ug_route/215562,OSP:FBSP:C656315,building/66340,building/66974
ug_route/215563,OSP:BUSP:C649717,st_struct_pedestal/94254,building/67122
ug_route/215564,OSP:BUSP:C662344,st_struct_pedestal/93283,st_struct_pedestal/90976
ug_route/215565,OSP:BUSP::15126658,st_struct_pedestal/93698,st_struct_pedestal/92046
ug_route/215566,OSP:BUSP:C654796,st_struct_pedestal/91315,building/68615
ug_route/215567,OSP:BUSP:C657822,st_struct_pedestal/94165,st_struct_pedestal/90937
ug_route/215568,OSP:BUSP:C641202,st_struct_pedestal/92237,building/66204
ug_route/215569,OSP:BUSP:C668962,st_struct_pedestal/93621,st_struct_pedestal/94326
ug_route/215570,OSP:BUSP:C708065,st_struct_pedestal/91055,building/66674
ug_route/215571,OSP:BUSP:C667067,pole/53599,st_struct_pedestal/91385
ug_route/215572,OSP:BUSP:C657847,st_struct_pedestal/93028,building/66698
ug_route/215573,OSP:BUSP:C669685,st_struct_pedestal/93311,st_struct_pedestal/92319
ug_route/215574,OSP:BUSP::8587339,st_struct_pedestal/93400,st_struct_pedestal/92412
ug_route/215575,OSP:BUSP::8382240,st_struct_pedestal/93930,st_struct_pedestal/92910
ug_route/215576,OSP:BUSP::11472519,mywcom_route_junction/27945,st_struct_pedestal/93258
ug_route/215577,OSP:FBSP:C658209,st_struct_pedestal/91469,st_struct_pedestal/91879
ug_route/215578,OSP:BUSP:C644027,st_struct_pedestal/94296,st_struct_pedestal/93250
ug_route/215579,OSP:BUSP:C661975,st_struct_pedestal/91625,building/67745
ug_route/215580,OSP:BUSP:C668403,st_struct_pedestal/92046,st_struct_pedestal/93698
ug_route/215581,OSP:BUSP::16013393,cabinet/2779,st_struct_pedestal/90651
ug_route/215582,OSP:BUSP::15995450,pole/53943,mywcom_route_junction/27597
ug_route/215583,OSP:BUSP::8589291,mywcom_route_junction/27656,st_struct_pedestal/92352
ug_route/215584,OSP:BUSP:C660990,st_struct_pedestal/93848,st_struct_pedestal/93708
ug_route/215585,OSP:BUSP:C638809,st_struct_pedestal/92841,building/67758
ug_route/215586,OSP:BUSP:C639162,st_struct_pedestal/92486,building/67702
ug_route/215587,OSP:BUSP:C646134,st_struct_pedestal/94234,building/67069
ug_route/215588,OSP:BUSP:C646907,st_struct_pedestal/92658,building/67807
ug_route/215589,OSP:FBSP:C671224,st_struct_pedestal/92322,building/68009
ug_route/215590,OSP:BUSP:C665513,st_struct_pedestal/93029,building/66870
ug_route/215591,OSP:FBSP:C656436,mywcom_route_junction/27123,building/66801
ug_route/215592,OSP:FBSP::8397597,st_struct_pedestal/93728,building/66240
ug_route/215593,OSP:FBSP:C647730,st_struct_pedestal/93037,st_struct_pedestal/94186
ug_route/215594,OSP:BUSP::8643652,st_struct_pedestal/93103,building/66709
ug_route/215595,OSP:BUSP:C669697,st_struct_pedestal/93311,st_struct_pedestal/92319
ug_route/215596,OSP:BUSP:C708034,mywcom_route_junction/27923,mywcom_route_junction/27840
ug_route/215597,OSP:BUSP::9493632,st_struct_pedestal/91735,mywcom_route_junction/28041
ug_route/215598,OSP:FBSP:C659882,building/68294,building/67877
ug_route/215599,OSP:BUSP::8381904,st_struct_pedestal/92235,st_struct_pedestal/91597
ug_route/215600,OSP:BUSP::12613046,mywcom_route_junction/27750,mywcom_route_junction/27497
ug_route/215601,OSP:BUSP::15998700,st_struct_pedestal/93704,building/67213
ug_route/215602,OSP:FORSP:C648018,mywcom_route_junction/28132,cabinet/2780
ug_route/215603,OSP:BUSP:C659788,st_struct_pedestal/91371,st_struct_pedestal/92385
ug_route/215604,OSP:BUSP::8440157,st_struct_pedestal/93572,pole/53980
ug_route/215605,OSP:BUSP:C710747,st_struct_pedestal/90661,st_struct_pedestal/91819
ug_route/215606,OSP:BUSP:C662198,st_struct_pedestal/90815,building/66602
ug_route/215607,OSP:BUSP:C660964,st_struct_pedestal/93848,st_struct_pedestal/93708
ug_route/215608,OSP:BUSP:C654352,st_struct_pedestal/90898,st_struct_pedestal/92049
ug_route/215609,OSP:BUSP::10271225,pole/52399,st_struct_pedestal/91892
ug_route/215610,OSP:FBSP:C642418,st_struct_pedestal/93305,st_struct_pedestal/94221
ug_route/215611,OSP:BUSP:C661825,st_struct_pedestal/91129,building/67918
ug_route/215612,OSP:FBSP:C710211,st_struct_pedestal/91431,building/66491
ug_route/215613,OSP:BUSP:C643952,st_struct_pedestal/94149,st_struct_pedestal/91835
ug_route/215614,OSP:FBSP:C705041,pole/54129,mywcom_route_junction/27790
ug_route/215615,OSP:FBSP:C644485,st_struct_pedestal/91292,st_struct_pedestal/93156
ug_route/215644,OSP:BUSP:C662253,building/66935,building/66293
ug_route/215616,OSP:FBSP:C705545,building/66887,building/67217
ug_route/215617,OSP:BUSP::9271177,pole/53871,mywcom_route_junction/28080
ug_route/215618,OSP:BUSP:C640315,st_struct_pedestal/94282,building/68173
ug_route/215619,OSP:FBSP::8446853,pole/52660,building/68302
ug_route/215620,OSP:FBSP:C657818,cabinet/2768,building/68803
ug_route/215621,OSP:BUSP::16057852,mywcom_route_junction/27260,st_struct_pedestal/91170
ug_route/215622,OSP:BUSP:C670494,st_struct_pedestal/94032,building/66735
ug_route/215623,OSP:BUSP::9499383,mywcom_route_junction/28159,mywcom_route_junction/28133
ug_route/215624,OSP:BUSP::15980411,pole/54539,building/66940
ug_route/215625,OSP:FBSP::8490707,st_struct_pedestal/90729,building/66271
ug_route/215626,OSP:BUSP:C663661,building/68283,building/67356
ug_route/215627,OSP:FBSP:C708383,mywcom_route_junction/28024,st_struct_pedestal/91735
ug_route/215628,OSP:BUSP::9490429,st_struct_pedestal/94221,st_struct_pedestal/93305
ug_route/215629,OSP:BUSP:C643977,st_struct_pedestal/93008,st_struct_pedestal/94239
ug_route/215630,OSP:BUSP:C666041,st_struct_pedestal/94225,st_struct_pedestal/93019
ug_route/215631,OSP:FBSP::16831957,st_struct_pedestal/91224,st_struct_pedestal/93701
ug_route/215632,OSP:FORSP:C645545,mywcom_route_junction/27277,st_struct_pedestal/91839
ug_route/215633,OSP:FBSP::8576454,mywcom_route_junction/28220,building/68405
ug_route/215634,OSP:BUSP:C657930,st_struct_buried_splice_location/3967,building/67314
ug_route/215635,OSP:BUSP:C642147,st_struct_pedestal/94290,building/66386
ug_route/215636,OSP:BUSP::8370712,st_struct_pedestal/93838,st_struct_pedestal/92758
ug_route/215637,OSP:BUSP::8347657,st_struct_pedestal/93995,st_struct_pedestal/90545
ug_route/215638,OSP:BUSP::9293313,pole/54507,st_struct_pedestal/91037
ug_route/215639,OSP:BUSP:C659790,st_struct_pedestal/91371,st_struct_pedestal/92385
ug_route/215640,OSP:BUSP::10768202,st_struct_pedestal/92747,st_struct_pedestal/92225
ug_route/215641,OSP:FBSP:C639773,st_struct_pedestal/93490,st_struct_pedestal/91610
ug_route/215642,OSP:BUSP::9536500,st_struct_pedestal/91292,st_struct_pedestal/93156
ug_route/215643,OSP:BUSP:C706392,cabinet/2835,mywcom_route_junction/27139
ug_route/215645,OSP:BUSP:C660072,st_struct_pedestal/92799,building/68289
ug_route/215646,OSP:BUSP:C638865,st_struct_pedestal/91783,building/68164
ug_route/215647,OSP:FBSP:C656288,building/67140,mywcom_route_junction/27567
ug_route/215648,OSP:BUSP::9450422,cabinet/2778,mywcom_route_junction/27552
ug_route/215649,OSP:FBSP:C650418,st_struct_pedestal/91014,building/66554
ug_route/215650,OSP:BUSP:C711762,st_struct_pedestal/91741,building/66563
ug_route/215651,OSP:BUSP:C682000,building/67360,building/66448
ug_route/215652,OSP:BUSP:C643697,st_struct_pedestal/92733,building/67722
ug_route/215653,OSP:BUSP:C666108,st_struct_pedestal/93749,st_struct_pedestal/91719
ug_route/215654,OSP:FBSP:C667281,st_struct_pedestal/91541,building/66365
ug_route/215655,OSP:BUSP::10763382,st_struct_pedestal/92747,st_struct_pedestal/94151
ug_route/215656,OSP:FBSP::16057222,st_struct_pedestal/91170,st_struct_pedestal/91222
ug_route/215657,OSP:BUSP::9552502,st_struct_pedestal/90741,st_struct_pedestal/93995
ug_route/215658,OSP:BUSP:C648434,st_struct_pedestal/94113,st_struct_pedestal/92945
ug_route/215659,OSP:BUSP::9450456,mywcom_route_junction/28146,mywcom_route_junction/28009
ug_route/215660,OSP:BUSP:C710114,building/66910,building/68196
ug_route/215661,OSP:BUSP:C652653,st_struct_pedestal/93353,st_struct_pedestal/91354
ug_route/215662,OSP:BUSP:C667294,st_struct_pedestal/92758,st_struct_pedestal/93838
ug_route/215663,OSP:FBSP:C671237,st_struct_pedestal/91753,st_struct_pedestal/94184
ug_route/215664,OSP:BUSP:C641669,st_struct_pedestal/90899,building/67670
ug_route/215665,OSP:BUSP::8382232,st_struct_pedestal/93487,building/66330
ug_route/215666,OSP:FBSP:C651232,st_struct_pedestal/93289,st_struct_pedestal/91265
ug_route/215667,OSP:BUSP::9450751,st_struct_pedestal/94283,pole/53248
ug_route/215668,OSP:BUSP:C650782,st_struct_pedestal/92873,st_struct_pedestal/91440
ug_route/215669,OSP:BUSP:C707914,st_struct_pedestal/93319,building/66141
ug_route/215670,OSP:BUSP:C656295,st_struct_pedestal/92788,building/67277
ug_route/215671,OSP:BUSP:C656029,st_struct_pedestal/91314,building/67600
ug_route/215672,OSP:BUSP:C666236,st_struct_pedestal/92663,st_struct_pedestal/93258
ug_route/215673,OSP:FBSP:C662225,st_struct_pedestal/90756,building/67175
ug_route/215674,OSP:FBSP:C666447,pole/54353,building/66662
ug_route/215675,OSP:BUSP::11434937,st_struct_pedestal/92051,st_struct_pedestal/91132
ug_route/215676,OSP:BUSP:C668492,st_struct_pedestal/91611,st_struct_pedestal/92981
ug_route/215677,OSP:BUSP:C662337,st_struct_pedestal/93928,st_struct_pedestal/93283
ug_route/215678,OSP:FBSP:C652783,st_struct_pedestal/94150,building/67251
ug_route/215679,OSP:BUSP:C639495,st_struct_pedestal/93430,building/67538
ug_route/215680,OSP:BUSP::8365262,mywcom_route_junction/28165,st_struct_pedestal/93174
ug_route/215681,OSP:BUSP::9465609,st_struct_pedestal/91753,st_struct_pedestal/94184
ug_route/215682,OSP:FBSP:C657823,cabinet/2768,building/68490
ug_route/215683,OSP:FBSP::8381896,st_struct_pedestal/91752,st_struct_pedestal/90803
ug_route/215684,OSP:BUSP:C659037,st_struct_pedestal/93359,st_struct_pedestal/92946
ug_route/215685,OSP:BUSP::16017213,st_struct_pedestal/91325,building/68854
ug_route/215686,OSP:BUSP:C639188,st_struct_pedestal/90718,building/67323
ug_route/215687,OSP:BUSP:C705431,st_struct_pedestal/93736,building/67531
ug_route/215688,OSP:BUSP:C662142,st_struct_pedestal/91655,st_struct_pedestal/91538
ug_route/215689,OSP:FBSP::13095319,st_struct_pedestal/94318,st_struct_pedestal/90894
ug_route/215690,OSP:FBSP:C656438,mywcom_route_junction/27710,building/67394
ug_route/215691,OSP:FBSP:C667680,st_struct_pedestal/92710,building/66759
ug_route/215692,OSP:FBSP:C668860,st_struct_pedestal/92282,mywcom_route_junction/27643
ug_route/215693,OSP:BUSP:C665774,mywcom_route_junction/27221,mywcom_route_junction/27474
ug_route/215694,OSP:BUSP::9157579,pole/54022,st_struct_pedestal/90819
ug_route/215695,OSP:BUSP:C666102,st_struct_pedestal/93749,st_struct_pedestal/93334
ug_route/215696,OSP:FBSP:C711676,pole/52655,building/67337
ug_route/215697,OSP:FBSP:C648443,st_struct_pedestal/90897,st_struct_pedestal/91668
ug_route/215698,OSP:BUSP:C650940,st_struct_pedestal/93812,building/68135
ug_route/215699,OSP:FBSP::8448785,mywcom_route_junction/28048,mywcom_route_junction/27646
ug_route/215700,OSP:BUSP:C640919,st_struct_pedestal/90687,building/67903
ug_route/215701,OSP:BUSP::16764608,st_struct_pedestal/92305,st_struct_pedestal/90540
ug_route/215702,OSP:BUSP:C642490,st_struct_pedestal/92722,mywcom_route_junction/27726
ug_route/215703,OSP:FBSP:C658127,st_struct_pedestal/90910,st_struct_pedestal/93983
ug_route/215704,OSP:BUSP::9450742,mywcom_route_junction/27478,mywcom_route_junction/27655
ug_route/215705,OSP:BUSP:C670823,st_struct_pedestal/92242,building/66262
ug_route/215706,OSP:BUSP:C650840,st_struct_pedestal/93737,st_struct_pedestal/90546
ug_route/215707,OSP:BUSP:C650775,st_struct_pedestal/93769,st_struct_pedestal/90881
ug_route/215708,OSP:BUSP:C644150,st_struct_pedestal/93966,building/67293
ug_route/215709,OSP:BUSP::17032285,mywcom_route_junction/27099,st_struct_pedestal/92998
ug_route/215710,OSP:FBSP:C639219,st_struct_pedestal/93570,building/66522
ug_route/215711,OSP:BUSP:C666078,st_struct_pedestal/90767,building/66378
ug_route/215712,OSP:FBSP:C668745,mywcom_route_junction/27268,mywcom_route_junction/28055
ug_route/215713,OSP:BUSP:C710758,st_struct_pedestal/91819,st_struct_pedestal/94140
ug_route/215714,OSP:FBSP::9506114,building/67249,st_struct_pedestal/92394
ug_route/215715,OSP:BUSP:C653019,st_struct_pedestal/92714,mywcom_route_junction/27150
ug_route/215716,OSP:FBSP:C650549,pole/54201,building/66176
ug_route/215717,OSP:BUSP:C654338,st_struct_pedestal/90710,st_struct_pedestal/92272
ug_route/215718,OSP:FBSP:C667624,pole/52997,building/66608
ug_route/215719,OSP:FORSP::16955876,st_struct_vault/2731,pole/53898
ug_route/215720,OSP:FBSP:C646426,pole/53296,building/68685
ug_route/215721,OSP:FBSP::13146757,mywcom_route_junction/27425,building/67196
ug_route/215722,OSP:BUSP::14931764,mywcom_route_junction/27197,mywcom_route_junction/27314
ug_route/215723,OSP:BUSP:C659277,st_struct_pedestal/91311,st_struct_pedestal/92195
ug_route/215724,OSP:BUSP:C649778,st_struct_pedestal/91572,st_struct_pedestal/94283
ug_route/215725,OSP:BUSP:C668821,st_struct_pedestal/91912,st_struct_pedestal/90651
ug_route/215726,OSP:BUSP::9455554,st_struct_pedestal/90910,st_struct_pedestal/93983
ug_route/215727,OSP:FBSP::16810262,pole/52918,st_struct_pedestal/91550
ug_route/215728,OSP:FBSP:C639207,pole/53452,building/66651
ug_route/215729,OSP:BUSP:C708309,building/67645,building/66670
ug_route/215730,OSP:BUSP:C650837,st_struct_pedestal/91842,st_struct_pedestal/93737
ug_route/215731,OSP:BUSP::9524680,st_struct_pedestal/91265,st_struct_pedestal/91227
ug_route/215732,OSP:BUSP::8345741,st_struct_pedestal/92223,mywcom_route_junction/27376
ug_route/215733,OSP:BUSP:C648422,mywcom_route_junction/27316,st_struct_pedestal/90959
ug_route/215734,OSP:BUSP:C666104,st_struct_pedestal/93749,st_struct_pedestal/93334
ug_route/215735,OSP:BUSP::8384134,st_struct_pedestal/92282,building/68689
ug_route/215736,OSP:BUSP::16973429,pole/53452,building/66651
ug_route/215737,OSP:BUSP:C705130,mywcom_route_junction/27129,pole/52594
ug_route/215738,OSP:FBSP:C642476,st_struct_pedestal/92768,building/68102
ug_route/215739,OSP:BUSP::9290695,mywcom_route_junction/27650,mywcom_route_junction/27894
ug_route/215740,OSP:BUSP:C656496,st_struct_pedestal/94112,st_struct_pedestal/94271
ug_route/215741,OSP:BUSP:C656667,st_struct_pedestal/91301,building/66985
ug_route/215742,OSP:FBSP::8336458,st_struct_pedestal/90668,st_struct_pedestal/92806
ug_route/215743,OSP:BUSP:C641819,st_struct_pedestal/93731,st_struct_pedestal/92681
ug_route/215744,OSP:BUSP:C668817,st_struct_pedestal/90907,st_struct_pedestal/91401
ug_route/215745,OSP:BUSP:C658636,st_struct_pedestal/94227,building/68799
ug_route/215746,OSP:BUSP::8589286,st_struct_pedestal/92643,mywcom_route_junction/27932
ug_route/215747,OSP:BUSP:C659817,st_struct_pedestal/91888,building/67709
ug_route/215748,OSP:BUSP:C658020,st_struct_pedestal/94330,building/68611
ug_route/215749,OSP:BUSP:C668066,building/68726,building/67332
ug_route/215750,OSP:BUSP:C662179,st_struct_pedestal/93199,st_struct_pedestal/93849
ug_route/215751,OSP:BUSP:C668541,st_struct_pedestal/90812,building/66803
ug_route/215752,OSP:FBSP::13297208,building/67912,st_struct_pedestal/90987
ug_route/215753,OSP:BUSP:C670278,st_struct_pedestal/91313,mywcom_route_junction/27981
ug_route/215755,OSP:FBSP::10639877,mywcom_route_junction/27671,mywcom_route_junction/27944
ug_route/215756,OSP:BUSP::11099444,pole/52874,building/66744
ug_route/215757,OSP:BUSP:C659825,st_struct_pedestal/91888,building/66658
ug_route/215758,OSP:BUSP::16795215,mywcom_route_junction/27571,mywcom_route_junction/27700
ug_route/215759,OSP:BUSP:C663459,st_struct_pedestal/93920,st_struct_pedestal/91942
ug_route/215760,OSP:BUSP::15351311,pole/52834,building/66270
ug_route/215761,OSP:BUSP:C707768,st_struct_pedestal/90887,st_struct_pedestal/92332
ug_route/215762,OSP:BUSP:C648267,st_struct_pedestal/92468,st_struct_pedestal/91457
ug_route/215763,OSP:BUSP:C659734,st_struct_pedestal/93423,st_struct_pedestal/92318
ug_route/215764,OSP:BUSP::8591496,mywcom_route_junction/27348,st_struct_pedestal/90881
ug_route/215765,OSP:BUSP::9206865,st_struct_pedestal/94112,mywcom_route_junction/27364
ug_route/215766,OSP:FBSP::9598591,mywcom_route_junction/27668,mywcom_route_junction/28115
ug_route/215767,OSP:BUSP::14118645,st_struct_pedestal/92768,building/68102
ug_route/215768,OSP:BUSP::16017205,building/68531,st_struct_pedestal/90613
ug_route/215769,OSP:BUSP::8448158,pole/54520,pole/53562
ug_route/215770,OSP:BUSP:C662214,st_struct_pedestal/93199,st_struct_pedestal/93849
ug_route/215771,OSP:BUSP::10661348,st_struct_pedestal/92782,st_struct_pedestal/93857
ug_route/215772,OSP:BUSP:C648769,st_struct_pedestal/91066,building/68179
ug_route/215773,OSP:BUSP:C664828,building/68819,building/67098
ug_route/215774,OSP:BUSP:C710200,st_struct_pedestal/92760,building/67980
ug_route/215775,OSP:BUSP:C654360,st_struct_pedestal/93875,st_struct_pedestal/91307
ug_route/215776,OSP:BUSP:C662328,st_struct_pedestal/92641,st_struct_pedestal/92122
ug_route/215777,OSP:BUSP:C647236,st_struct_pedestal/93731,st_struct_pedestal/92681
ug_route/215778,OSP:BUSP:C668007,st_struct_pedestal/92651,st_struct_pedestal/92046
ug_route/215779,OSP:BUSP::13354580,st_struct_pedestal/90548,building/68755
ug_route/215780,OSP:BUSP::8397603,st_struct_pedestal/93492,st_struct_pedestal/92401
ug_route/215781,OSP:BUSP:C670274,st_struct_pedestal/91313,st_struct_pedestal/90872
ug_route/215782,OSP:FBSP:C648339,st_struct_pedestal/90613,building/68531
ug_route/215783,OSP:BUSP::15118968,st_struct_pedestal/92641,st_struct_pedestal/92122
ug_route/215784,OSP:BUSP:C710753,st_struct_pedestal/90968,st_struct_pedestal/93824
ug_route/215785,OSP:BUSP:C669721,st_struct_pedestal/91686,st_struct_pedestal/92100
ug_route/215786,OSP:BUSP:C648468,pole/53558,st_struct_pedestal/93827
ug_route/215787,OSP:FBSP:C650550,pole/53878,building/66489
ug_route/215788,OSP:BUSP:C653485,st_struct_pedestal/91241,building/68200
ug_route/215789,OSP:BUSP:C669972,mywcom_route_junction/27773,st_struct_pedestal/93122
ug_route/215790,OSP:BUSP::15126657,st_struct_pedestal/92046,st_struct_pedestal/92651
ug_route/215791,OSP:BUSP:C658306,st_struct_pedestal/94133,st_struct_pedestal/94060
ug_route/215792,OSP:BUSP:C681575,st_struct_pedestal/90775,building/67966
ug_route/215793,OSP:BUSP::15968580,st_struct_pedestal/92981,building/67448
ug_route/215794,OSP:BUSP:C654672,st_struct_pedestal/93546,building/68846
ug_route/215795,OSP:BUSP::9270598,pole/53558,st_struct_pedestal/93827
ug_route/215796,OSP:BUSP:C646449,pole/53234,st_struct_pedestal/92638
ug_route/215797,OSP:BUSP:C668025,st_struct_pedestal/92651,st_struct_pedestal/92046
ug_route/215798,OSP:BUSP::8399172,st_struct_pedestal/93492,st_struct_pedestal/92401
ug_route/215799,OSP:BUSP::15968592,mywcom_route_junction/27962,st_struct_pedestal/94145
ug_route/215800,OSP:BUSP::8500000,cabinet/2752,st_struct_pedestal/93873
ug_route/215801,OSP:BUSP::15126647,st_struct_pedestal/91375,st_struct_pedestal/93364
ug_route/215802,OSP:BUSP:C649759,st_struct_pedestal/91715,building/66692
ug_route/215803,OSP:BUSP:C640121,st_struct_pedestal/94025,building/68427
ug_route/215804,OSP:BUSP:C641441,st_struct_pedestal/91451,building/66953
ug_route/215805,OSP:BUSP::15997693,st_struct_pedestal/91921,building/66882
ug_route/215806,OSP:FORSP:C646248,mywcom_route_junction/27201,cabinet/2764
ug_route/215807,OSP:BUSP::8500968,st_struct_pedestal/92303,st_struct_pedestal/92562
ug_route/215808,OSP:BUSP::8603033,mywcom_route_junction/27840,st_struct_pedestal/93779
ug_route/215809,OSP:BUSP:C641280,st_struct_pedestal/90864,building/67487
ug_route/215810,OSP:BUSP::15824269,st_struct_pedestal/93508,st_struct_pedestal/93118
ug_route/215811,OSP:BUSP:C646973,st_struct_pedestal/91833,building/68487
ug_route/215812,OSP:BUSP::10689785,st_struct_pedestal/93696,st_struct_pedestal/93730
ug_route/215813,OSP:BUSP:C649705,st_struct_pedestal/93596,building/68396
ug_route/215814,OSP:BUSP::8590221,building/66994,st_struct_pedestal/93879
ug_route/215815,OSP:BUSP::15979777,pole/54565,building/66761
ug_route/215816,OSP:BUSP::8336135,st_struct_pedestal/92013,mywcom_route_junction/27764
ug_route/215817,OSP:BUSP:C706887,st_struct_buried_splice_location/3992,building/67432
ug_route/215818,OSP:BUSP::8586396,st_struct_pedestal/92478,st_struct_pedestal/91499
ug_route/215819,OSP:BUSP:C708149,st_struct_pedestal/93536,building/68768
ug_route/215820,OSP:FBSP::13098195,st_struct_pedestal/92502,st_struct_pedestal/90981
ug_route/215821,OSP:BUSP:C641969,building/66629,building/67751
ug_route/215822,OSP:BUSP:C667611,st_struct_pedestal/90671,st_struct_pedestal/94156
ug_route/215823,OSP:BUSP:C639160,st_struct_pedestal/92486,building/68117
ug_route/215824,OSP:BUSP:C661191,mywcom_route_junction/27222,st_struct_pedestal/93759
ug_route/215825,OSP:FBSP:C650425,st_struct_pedestal/93813,building/68346
ug_route/215826,OSP:FBSP:C668405,st_struct_pedestal/93698,building/67812
ug_route/215827,OSP:BUSP:C668337,st_struct_pedestal/90961,st_struct_pedestal/94039
ug_route/215828,OSP:BUSP:C662325,st_struct_pedestal/91803,mywcom_route_junction/27606
ug_route/215829,OSP:FBSP::10916759,st_struct_pedestal/90980,st_struct_pedestal/92786
ug_route/215830,OSP:FBSP::8403023,mywcom_route_junction/27238,building/68713
ug_route/215831,OSP:BUSP::11804362,st_struct_pedestal/92542,building/66999
ug_route/215832,OSP:BUSP:C653142,st_struct_pedestal/94125,building/67225
ug_route/215833,OSP:BUSP:C651126,building/67537,building/68171
ug_route/215834,OSP:FBSP:C711485,mywcom_route_junction/27388,pole/52911
ug_route/215835,OSP:FBSP::13098114,st_struct_pedestal/93330,st_struct_pedestal/91208
ug_route/215836,OSP:BUSP:C707625,st_struct_pedestal/91551,st_struct_pedestal/91704
ug_route/215837,OSP:BUSP:C689227,st_struct_pedestal/93746,st_struct_pedestal/93753
ug_route/215838,OSP:BUSP::8440454,pole/53234,st_struct_pedestal/92638
ug_route/215839,OSP:FBSP:C646223,st_struct_pedestal/93306,st_struct_pedestal/92778
ug_route/215840,OSP:BUSP::11487236,st_struct_pedestal/93371,st_struct_pedestal/93399
ug_route/215841,OSP:BUSP::9531736,st_struct_pedestal/94064,st_struct_pedestal/93900
ug_route/215842,OSP:BUSP:C659925,st_struct_pedestal/93763,st_struct_pedestal/92095
ug_route/215843,OSP:BUSP:C658824,st_struct_pedestal/92553,building/67142
ug_route/215844,OSP:FBSP:C645857,st_struct_pedestal/94008,st_struct_pedestal/92017
ug_route/215845,OSP:FBSP:C639213,pole/53452,building/68210
ug_route/215846,OSP:BUSP:C644274,st_struct_pedestal/93147,st_struct_pedestal/92531
ug_route/215847,OSP:FBSP::8572949,st_struct_pedestal/94207,st_struct_pedestal/91618
ug_route/215848,OSP:BUSP::16783618,mywcom_route_junction/27282,mywcom_route_junction/27456
ug_route/215849,OSP:BUSP::15824266,st_struct_pedestal/90632,st_struct_pedestal/93508
ug_route/215850,OSP:BUSP:C682646,st_struct_pedestal/90866,st_struct_pedestal/93359
ug_route/215851,OSP:BUSP:C665619,st_struct_pedestal/91230,building/68348
ug_route/215852,OSP:BUSP:C643090,st_struct_pedestal/90851,pole/53147
ug_route/215853,OSP:BUSP:C681433,st_struct_pedestal/92540,building/67584
ug_route/215854,OSP:BUSP::9532347,st_struct_pedestal/94008,st_struct_pedestal/92017
ug_route/215855,OSP:BUSP:C705421,cabinet/2829,pole/53898
ug_route/215856,OSP:FBSP:C669142,building/66645,mywcom_route_junction/28110
ug_route/215857,OSP:BUSP:C642019,st_struct_pedestal/92324,building/68018
ug_route/215858,OSP:BUSP::14931765,mywcom_route_junction/27197,mywcom_route_junction/27314
ug_route/215859,OSP:BUSP:C705199,st_struct_pedestal/91003,st_struct_buried_splice_location/3850
ug_route/215860,OSP:FBSP:C670536,pole/52845,building/67941
ug_route/215861,OSP:BUSP:C653116,st_struct_pedestal/90940,building/68343
ug_route/215862,OSP:BUSP::10511236,st_struct_pedestal/90585,st_struct_pedestal/91665
ug_route/215863,OSP:BUSP:C656389,st_struct_pedestal/93234,mywcom_route_junction/27596
ug_route/215864,OSP:BUSP::10137956,st_struct_pedestal/90958,building/66312
ug_route/215865,OSP:BUSP::11435044,cabinet/2779,st_struct_pedestal/90907
ug_route/215866,OSP:BUSP:C643616,st_struct_pedestal/92573,st_struct_pedestal/90641
ug_route/215867,OSP:BUSP:C705362,st_struct_buried_splice_location/3894,mywcom_route_junction/27793
ug_route/215868,OSP:BUSP::11705796,st_struct_pedestal/92436,building/66427
ug_route/215869,OSP:FBSP::7630876,st_struct_pedestal/92047,st_struct_pedestal/94197
ug_route/215870,OSP:FBSP::15608266,st_struct_pedestal/91699,building/67135
ug_route/215871,OSP:BUSP:C642178,st_struct_pedestal/93941,building/66726
ug_route/215872,OSP:BUSP:C648086,st_struct_pedestal/91337,building/68657
ug_route/215873,OSP:BUSP::8437276,pole/53347,mywcom_route_junction/27538
ug_route/215874,OSP:BUSP::15969225,st_struct_pedestal/93698,building/67812
ug_route/215875,OSP:BUSP:C658965,st_struct_pedestal/90664,building/67274
ug_route/215876,OSP:BUSP:C681329,st_struct_pedestal/94235,st_struct_buried_splice_location/3989
ug_route/215877,OSP:BUSP:C663447,st_struct_pedestal/92277,st_struct_pedestal/92040
ug_route/215878,OSP:BUSP:C652699,pole/52846,mywcom_route_junction/27411
ug_route/215879,OSP:FBSP:C661051,st_struct_pedestal/91614,building/67312
ug_route/215880,OSP:FBSP::8448150,st_struct_pedestal/92590,st_struct_pedestal/92552
ug_route/215881,OSP:FBSP:C711782,st_struct_pedestal/93249,st_struct_pedestal/93500
ug_route/215882,OSP:BUSP:C708229,st_struct_pedestal/91011,building/66589
ug_route/215883,OSP:BUSP:C644384,st_struct_pedestal/93147,st_struct_pedestal/92531
ug_route/215884,OSP:FBSP:C710206,st_struct_pedestal/92548,building/67301
ug_route/215885,OSP:BUSP:C654645,st_struct_pedestal/90622,building/68005
ug_route/215886,OSP:FBSP::13095385,mywcom_route_junction/27731,building/66193
ug_route/215887,OSP:BUSP:C668720,st_struct_pedestal/91213,building/66307
ug_route/215888,OSP:BUSP:C640318,st_struct_pedestal/94282,building/67163
ug_route/215889,OSP:FBSP:C651290,st_struct_pedestal/91478,building/67306
ug_route/215890,OSP:FBSP:C667439,st_struct_pedestal/93527,st_struct_pedestal/91687
ug_route/215891,OSP:FBSP:C650354,st_struct_pedestal/92388,building/67461
ug_route/215892,OSP:BUSP:C659808,st_struct_pedestal/92385,building/67857
ug_route/215893,OSP:BUSP::15352272,building/67941,pole/52845
ug_route/215894,OSP:BUSP:C648368,st_struct_pedestal/90763,building/66409
ug_route/215895,OSP:FBSP:C707209,pole/52923,building/67519
ug_route/215896,OSP:FBSP:C660340,st_struct_pedestal/92365,building/68253
ug_route/215897,OSP:BUSP:C650269,st_struct_pedestal/93951,st_struct_pedestal/92471
ug_route/215898,OSP:FBSP:C668989,st_struct_pedestal/91904,building/67588
ug_route/215899,OSP:BUSP:C656464,st_struct_pedestal/90900,building/68367
ug_route/215900,OSP:BUSP::9451389,mywcom_route_junction/28203,st_struct_pedestal/92471
ug_route/215901,OSP:FBSP::11534263,st_struct_pedestal/91799,mywcom_route_junction/27595
ug_route/215902,OSP:BUSP:C669689,st_struct_pedestal/93292,st_struct_pedestal/93311
ug_route/215903,OSP:BUSP:C663473,st_struct_pedestal/92277,st_struct_pedestal/92040
ug_route/215904,OSP:BUSP::16090487,st_struct_pedestal/92336,mywcom_route_junction/27192
ug_route/215905,OSP:BUSP::9528824,st_struct_pedestal/93527,st_struct_pedestal/91687
ug_route/215906,OSP:FBSP:C661069,st_struct_pedestal/92125,building/67296
ug_route/215907,OSP:BUSP:C638844,st_struct_pedestal/91935,building/66487
ug_route/215908,OSP:FBSP:C657480,st_struct_pedestal/92880,building/68121
ug_route/215909,OSP:BUSP:C668687,st_struct_pedestal/92651,st_struct_pedestal/91075
ug_route/215910,OSP:BUSP::9466858,st_struct_pedestal/91118,st_struct_pedestal/92447
ug_route/215911,OSP:FBSP::16813861,pole/52461,building/68103
ug_route/215912,OSP:BUSP:C656212,st_struct_pedestal/93992,cabinet/2826
ug_route/215913,OSP:FORSP:C646056,mywcom_route_junction/28069,pole/52289
ug_route/215914,OSP:BUSP:C641573,st_struct_pedestal/92381,building/68338
ug_route/215915,OSP:FBSP:C658101,st_struct_pedestal/93983,st_struct_pedestal/91178
ug_route/215916,OSP:BUSP::9447573,st_struct_pedestal/91710,st_struct_pedestal/92399
ug_route/215917,OSP:BUSP:C654486,st_struct_pedestal/92730,st_struct_pedestal/90751
ug_route/215918,OSP:FBSP::8572622,st_struct_pedestal/91118,st_struct_pedestal/92447
ug_route/215919,OSP:BUSP::9454920,st_struct_pedestal/94041,st_struct_pedestal/91725
ug_route/215920,OSP:BUSP::15126656,st_struct_pedestal/91075,st_struct_pedestal/92651
ug_route/215921,OSP:BUSP::14262646,mywcom_route_junction/27143,building/66099
ug_route/215922,OSP:BUSP:C648073,st_struct_pedestal/93213,building/68395
ug_route/215923,OSP:BUSP:C650290,st_struct_pedestal/93951,st_struct_pedestal/92471
ug_route/215924,OSP:BUSP::10881524,st_struct_pedestal/92365,building/68253
ug_route/215925,OSP:FBSP:C639739,st_struct_pedestal/90715,st_struct_pedestal/91376
ug_route/215926,OSP:BUSP:C653143,st_struct_pedestal/94125,building/67805
ug_route/215927,OSP:BUSP:C670354,st_struct_pedestal/93242,mywcom_route_junction/27447
ug_route/215928,OSP:BUSP::10260356,building/68187,st_struct_pedestal/93131
ug_route/215929,OSP:BUSP:C670355,st_struct_pedestal/93242,building/66900
ug_route/215930,OSP:BUSP::9455555,st_struct_pedestal/93983,st_struct_pedestal/91178
ug_route/215931,OSP:BUSP:C668693,st_struct_pedestal/92651,st_struct_pedestal/91075
ug_route/215932,OSP:FBSP::9776508,st_struct_pedestal/91540,st_struct_pedestal/94260
ug_route/215933,OSP:BUSP:C660150,st_struct_pedestal/93101,building/68379
ug_route/215934,OSP:BUSP:C682081,st_struct_pedestal/91248,building/67210
ug_route/215935,OSP:FBSP::13098315,pole/54012,st_struct_pedestal/93823
ug_route/215936,OSP:FBSP:C646230,st_struct_pedestal/91987,st_struct_pedestal/92516
ug_route/215937,OSP:BUSP:C653784,pole/54478,mywcom_route_junction/27631
ug_route/215938,OSP:BUSP:C660396,st_struct_pedestal/91667,mywcom_route_junction/27115
ug_route/215939,OSP:BUSP:C650238,st_struct_pedestal/91906,building/66816
ug_route/215940,OSP:BUSP::8336779,cabinet/2838,mywcom_route_junction/27763
ug_route/215941,OSP:BUSP:C644175,st_struct_pedestal/92484,st_struct_pedestal/91319
ug_route/215942,OSP:BUSP:C642886,st_struct_pedestal/91471,st_struct_pedestal/92537
ug_route/215943,OSP:FBSP:C660336,st_struct_pedestal/92365,building/68253
ug_route/215944,OSP:BUSP:C633987,pole/54012,st_struct_pedestal/93823
ug_route/215945,OSP:BUSP::9307423,st_struct_pedestal/92242,building/66646
ug_route/215946,OSP:BUSP::8501574,st_struct_pedestal/92488,mywcom_route_junction/27271
ug_route/215947,OSP:BUSP:C650253,st_struct_pedestal/92795,building/67604
ug_route/215948,OSP:BUSP:C667078,st_struct_pedestal/91385,mywcom_route_junction/27854
ug_route/215949,OSP:BUSP:C652386,st_struct_pedestal/90986,st_struct_pedestal/91167
ug_route/215950,OSP:BUSP:C650573,mywcom_route_junction/27779,mywcom_route_junction/27642
ug_route/215951,OSP:BUSP:C665617,st_struct_pedestal/91230,building/68269
ug_route/215952,OSP:BUSP::9460130,st_struct_pedestal/91471,st_struct_pedestal/92537
ug_route/215953,OSP:BUSP:C643689,st_struct_pedestal/91776,mywcom_route_junction/27273
ug_route/215954,OSP:BUSP:C652001,st_struct_pedestal/90749,building/67408
ug_route/215955,OSP:BUSP:C655591,st_struct_pedestal/92221,st_struct_pedestal/92607
ug_route/215956,OSP:BUSP:C666992,st_struct_pedestal/91123,st_struct_pedestal/92686
ug_route/215957,OSP:FORSP:C687294,mywcom_route_junction/27215,mywcom_route_junction/27176
ug_route/215958,OSP:BUSP:C633956,pole/54012,st_struct_pedestal/93823
ug_route/215959,OSP:BUSP::10756982,st_struct_pedestal/90897,st_struct_pedestal/91668
ug_route/215960,OSP:BUSP::12035115,st_struct_pedestal/92211,mywcom_route_junction/27805
ug_route/215961,OSP:BUSP:C670502,st_struct_pedestal/90688,building/68161
ug_route/215962,OSP:BUSP:C658463,st_struct_pedestal/92260,building/66413
ug_route/215963,OSP:BUSP::8436643,pole/52455,building/67088
ug_route/215964,OSP:FBSP::7622854,st_struct_pedestal/90840,building/68274
ug_route/215965,OSP:FBSP:C646227,st_struct_pedestal/92516,st_struct_pedestal/93306
ug_route/215966,OSP:BUSP:C647459,st_struct_pedestal/94281,building/67261
ug_route/215967,OSP:BUSP:C671268,mywcom_route_junction/27565,mywcom_route_junction/28101
ug_route/215968,OSP:BUSP:C641846,st_struct_pedestal/93674,building/67701
ug_route/215969,OSP:BUSP::15995455,pole/52252,building/67392
ug_route/215970,OSP:BUSP::16735380,mywcom_route_junction/27359,mywcom_route_junction/27331
ug_route/215971,OSP:BUSP:C669684,mywcom_route_junction/27270,st_struct_pedestal/93311
ug_route/215972,OSP:BUSP:C650572,mywcom_route_junction/27779,mywcom_route_junction/27642
ug_route/215973,OSP:FBSP:C646121,mywcom_route_junction/27620,st_struct_pedestal/94160
ug_route/215974,OSP:BUSP:C639778,st_struct_pedestal/92038,building/68636
ug_route/215975,OSP:BUSP::8382864,st_struct_pedestal/90740,building/67766
ug_route/215976,OSP:FBSP::15076740,st_struct_pedestal/92637,building/67214
ug_route/215977,OSP:BUSP:C654219,st_struct_pedestal/92861,st_struct_pedestal/91034
ug_route/215978,OSP:BUSP::9263495,st_struct_pedestal/94313,st_struct_pedestal/90931
ug_route/215979,OSP:BUSP:C647303,st_struct_pedestal/92495,building/67378
ug_route/215980,OSP:BUSP::8347347,cabinet/2838,st_struct_pedestal/90741
ug_route/215981,OSP:BUSP:C663160,st_struct_buried_splice_location/3900,st_struct_pedestal/90839
ug_route/215982,OSP:FBSP:C710107,st_struct_pedestal/91682,building/66234
ug_route/215983,OSP:FBSP:C706974,mywcom_route_junction/27774,mywcom_route_junction/27920
ug_route/215984,OSP:FBSP:C709973,st_struct_pedestal/93980,building/67706
ug_route/215985,OSP:BUSP::8369734,mywcom_route_junction/27690,cabinet/2797
ug_route/215986,OSP:FBSP:C655773,st_struct_pedestal/91873,building/68266
ug_route/215987,OSP:BUSP:C681565,st_struct_pedestal/90919,building/66676
ug_route/215988,OSP:BUSP:C648077,st_struct_pedestal/91133,building/67207
ug_route/215989,OSP:BUSP:C711717,st_struct_pedestal/91967,st_struct_pedestal/91685
ug_route/215990,OSP:FBSP:C667973,st_struct_pedestal/93972,building/68352
ug_route/215991,OSP:BUSP:C648952,st_struct_pedestal/90719,building/68721
ug_route/215992,OSP:BUSP:C651381,st_struct_pedestal/93369,building/67451
ug_route/215993,OSP:BUSP:C651388,st_struct_pedestal/93369,building/66601
ug_route/215994,OSP:BUSP:C662280,st_struct_pedestal/90756,st_struct_pedestal/91803
ug_route/215995,OSP:FBSP:C667259,st_struct_pedestal/90740,building/67766
ug_route/215996,OSP:BUSP:C654965,st_struct_buried_splice_location/3852,st_struct_pedestal/94087
ug_route/215997,OSP:BUSP::7941254,st_struct_pedestal/91213,building/66307
ug_route/215998,OSP:BUSP:C670365,st_struct_pedestal/92222,building/66371
ug_route/215999,OSP:BUSP::11417625,mywcom_route_junction/27752,st_struct_pedestal/92903
ug_route/216000,OSP:BUSP:C667192,mywcom_route_junction/28003,mywcom_route_junction/27377
ug_route/216001,OSP:BUSP:C660871,st_struct_pedestal/94263,st_struct_pedestal/93011
ug_route/216002,OSP:BUSP::9500344,mywcom_route_junction/27970,mywcom_route_junction/27209
ug_route/216003,OSP:FBSP::13065353,st_struct_pedestal/91788,building/66969
ug_route/216004,OSP:BUSP:C639365,st_struct_pedestal/91164,st_struct_pedestal/92768
ug_route/216005,OSP:BUSP:C655154,st_struct_pedestal/93798,building/66120
ug_route/216006,OSP:BUSP::8348940,mywcom_route_junction/27304,st_struct_pedestal/92437
ug_route/216007,OSP:FBSP::13684725,st_struct_pedestal/93632,st_struct_pedestal/92446
ug_route/216008,OSP:BUSP::7622217,st_struct_pedestal/92620,st_struct_pedestal/91711
ug_route/216009,OSP:BUSP::10759244,pole/54090,st_struct_pedestal/90977
ug_route/216010,OSP:BUSP:C666055,st_struct_pedestal/91269,building/66519
ug_route/216011,OSP:FBSP:C652727,pole/52686,building/66934
ug_route/216012,OSP:BUSP:C649730,st_struct_pedestal/94237,building/66787
ug_route/216013,OSP:BUSP::8590219,st_struct_pedestal/93833,building/66994
ug_route/216014,OSP:FBSP::13095318,pole/52629,st_struct_pedestal/94318
ug_route/216015,OSP:BUSP:C650386,st_struct_pedestal/92091,st_struct_pedestal/90728
ug_route/216016,OSP:BUSP::15978170,pole/52686,building/66934
ug_route/216017,OSP:BUSP:C654212,st_struct_pedestal/92861,st_struct_pedestal/93262
ug_route/216018,OSP:BUSP::15350337,st_struct_pedestal/91812,building/67800
ug_route/216019,OSP:BUSP::16783619,mywcom_route_junction/27456,st_struct_pedestal/92516
ug_route/216020,OSP:BUSP:C671213,st_struct_pedestal/91722,st_struct_pedestal/94040
ug_route/216021,OSP:BUSP:C668426,st_struct_pedestal/90885,st_struct_pedestal/91458
ug_route/216022,OSP:BUSP:C648071,st_struct_pedestal/91133,building/67209
ug_route/216023,OSP:BUSP::9379061,mywcom_route_junction/28207,pole/54226
ug_route/216024,OSP:FBSP::11559861,building/68853,mywcom_route_junction/27372
ug_route/216025,OSP:BUSP::16795214,mywcom_route_junction/27189,mywcom_route_junction/28128
ug_route/216026,OSP:BUSP::11470322,mywcom_route_junction/28143,st_struct_pedestal/93984
ug_route/216027,OSP:BUSP:C704922,mywcom_route_junction/27376,st_struct_pedestal/92585
ug_route/216028,OSP:BUSP::16059128,st_struct_pedestal/93262,st_struct_pedestal/92861
ug_route/216029,OSP:BUSP:C668459,st_struct_pedestal/90885,st_struct_pedestal/91458
ug_route/216030,OSP:FBSP:C659900,st_struct_pedestal/91494,building/67221
ug_route/216031,OSP:BUSP:C650433,st_struct_pedestal/92091,st_struct_pedestal/90728
ug_route/216032,OSP:FBSP:C710395,st_struct_pedestal/91441,mywcom_route_junction/27973
ug_route/216033,OSP:BUSP:C689254,st_struct_pedestal/93372,building/68139
ug_route/216034,OSP:BUSP:C657377,st_struct_pedestal/90550,mywcom_route_junction/27469
ug_route/216035,OSP:BUSP:C665583,st_struct_pedestal/90836,building/68719
ug_route/216036,OSP:FBSP::9171413,st_struct_pedestal/91036,building/68539
ug_route/216037,OSP:BUSP:C652779,st_struct_pedestal/91321,building/68204
ug_route/216038,OSP:BUSP::15118972,mywcom_route_junction/27147,st_struct_pedestal/90976
ug_route/216039,OSP:BUSP::14494982,st_struct_pedestal/93860,st_struct_buried_splice_location/3883
ug_route/216040,OSP:BUSP:C655201,st_struct_pedestal/93429,building/66144
ug_route/216041,OSP:BUSP:C642090,st_struct_pedestal/93755,st_struct_pedestal/92152
ug_route/216042,OSP:FBSP::8603333,st_struct_pedestal/91851,building/66234
ug_route/216043,OSP:BUSP:C664514,cabinet/2780,st_struct_pedestal/90971
ug_route/216044,OSP:BUSP:C646951,st_struct_pedestal/91192,building/67291
ug_route/216045,OSP:BUSP:C643088,st_struct_buried_splice_location/3919,st_struct_pedestal/91334
ug_route/216046,OSP:FBSP:C669805,st_struct_pedestal/93282,building/66187
ug_route/216047,OSP:BUSP:C661816,st_struct_pedestal/93828,building/67541
ug_route/216048,OSP:BUSP:C648546,st_struct_pedestal/90907,st_struct_pedestal/92888
ug_route/216049,OSP:BUSP::8440463,mywcom_route_junction/27138,cabinet/2763
ug_route/216050,OSP:BUSP:C644218,st_struct_pedestal/92290,st_struct_pedestal/94296
ug_route/216051,OSP:BUSP:C660149,st_struct_pedestal/93101,building/66303
ug_route/216052,OSP:BUSP:C667986,st_struct_pedestal/93972,st_struct_pedestal/92651
ug_route/216053,OSP:BUSP:C659814,st_struct_pedestal/92385,building/67958
ug_route/216054,OSP:FBSP:C659878,building/67262,building/66282
ug_route/216055,OSP:BUSP::8416784,st_struct_pedestal/90650,st_struct_pedestal/93749
ug_route/216056,OSP:BUSP:C642079,st_struct_pedestal/92124,building/66114
ug_route/216057,OSP:BUSP::15126655,st_struct_pedestal/92651,st_struct_pedestal/93972
ug_route/216058,OSP:BUSP:C668781,st_struct_pedestal/93411,st_struct_pedestal/90907
ug_route/216059,OSP:FBSP:C651848,st_struct_pedestal/90790,st_struct_pedestal/93464
ug_route/216060,OSP:FBSP::14227766,st_struct_pedestal/92181,building/67545
ug_route/216061,OSP:BUSP:C652035,st_struct_pedestal/92792,building/66414
ug_route/216062,OSP:BUSP::15987444,pole/52783,building/67416
ug_route/216063,OSP:BUSP::13225894,st_struct_pedestal/93282,building/66187
ug_route/216064,OSP:FBSP:C654209,st_struct_pedestal/92001,building/68417
ug_route/216065,OSP:FBSP::13678678,st_struct_pedestal/93030,mywcom_route_junction/27942
ug_route/216066,OSP:BUSP:C654339,st_struct_pedestal/91307,st_struct_pedestal/90710
ug_route/216067,OSP:BUSP::9440507,st_struct_pedestal/92537,st_struct_pedestal/94176
ug_route/216068,OSP:BUSP::9782260,st_struct_pedestal/91587,st_struct_pedestal/92028
ug_route/216069,OSP:BUSP:C642016,st_struct_pedestal/93740,st_struct_pedestal/93309
ug_route/216070,OSP:BUSP:C667996,st_struct_pedestal/93972,st_struct_pedestal/92651
ug_route/216071,OSP:BUSP:C642955,st_struct_pedestal/92537,st_struct_pedestal/94176
ug_route/216072,OSP:BUSP:C648366,st_struct_pedestal/90763,building/68526
ug_route/216073,OSP:BUSP:C654678,st_struct_pedestal/93810,building/67964
ug_route/216074,OSP:BUSP::12080605,st_struct_pedestal/91445,building/66566
ug_route/216075,OSP:BUSP:C653932,pole/53898,st_struct_pedestal/92244
ug_route/216076,OSP:BUSP::13458841,mywcom_route_junction/27908,mywcom_route_junction/28124
ug_route/216077,OSP:BUSP:C652039,st_struct_pedestal/92186,building/68773
ug_route/216078,OSP:FBSP:C648380,st_struct_pedestal/94183,building/67030
ug_route/216079,OSP:BUSP:C707626,st_struct_pedestal/91704,st_struct_pedestal/93076
ug_route/216080,OSP:FBSP:C706976,mywcom_route_junction/27920,mywcom_route_junction/27801
ug_route/216081,OSP:BUSP:C649200,cabinet/2832,pole/52815
ug_route/216082,OSP:FBSP:C657018,st_struct_pedestal/92527,building/67503
ug_route/216083,OSP:BUSP:C668130,st_struct_pedestal/90637,building/66507
ug_route/216084,OSP:BUSP::8573010,st_struct_pedestal/92361,mywcom_route_junction/27755
ug_route/216085,OSP:BUSP::12922123,mywcom_route_junction/27592,mywcom_route_junction/27386
ug_route/216086,OSP:BUSP:C671147,st_struct_buried_splice_location/3970,st_struct_pedestal/90537
ug_route/216087,OSP:FBSP::14906484,st_struct_pedestal/91289,building/66453
ug_route/216088,OSP:BUSP::8433107,st_struct_pedestal/91073,st_struct_pedestal/92641
ug_route/216089,OSP:BUSP:C669724,st_struct_pedestal/92100,st_struct_pedestal/92955
ug_route/216090,OSP:FBSP:C659974,st_struct_pedestal/93880,building/67783
ug_route/216091,OSP:BUSP:C708286,st_struct_pedestal/92198,st_struct_pedestal/91657
ug_route/216092,OSP:BUSP:C661055,st_struct_pedestal/91976,building/66924
ug_route/216093,OSP:BUSP:C669687,st_struct_pedestal/92319,st_struct_pedestal/93910
ug_route/216094,OSP:BUSP::12032248,st_struct_pedestal/94203,st_struct_pedestal/92705
ug_route/216095,OSP:FBSP:C657022,st_struct_pedestal/92527,building/67438
ug_route/216096,OSP:BUSP:C662293,st_struct_pedestal/93336,building/66636
ug_route/216097,OSP:BUSP::15118982,st_struct_pedestal/91073,st_struct_pedestal/92641
ug_route/216098,OSP:FBSP:C652614,pole/52783,building/67416
ug_route/216099,OSP:BUSP:C642280,st_struct_pedestal/93755,st_struct_pedestal/92152
ug_route/216100,OSP:BUSP::10877332,st_struct_pedestal/93637,building/67514
ug_route/216101,OSP:BUSP::16694676,st_struct_pedestal/90743,mywcom_route_junction/27927
ug_route/216102,OSP:FBSP:C655511,st_struct_pedestal/90745,building/66387
ug_route/216103,OSP:BUSP::9451806,st_struct_pedestal/93713,st_struct_pedestal/91300
ug_route/216104,OSP:BUSP:C643166,st_struct_pedestal/91309,building/67962
ug_route/216105,OSP:BUSP::10137990,st_struct_pedestal/91798,st_struct_pedestal/93262
ug_route/216106,OSP:BUSP:C642864,st_struct_pedestal/94292,building/67747
ug_route/216107,OSP:FBSP:C704926,mywcom_route_junction/27631,building/68545
ug_route/216108,OSP:BUSP::10864820,st_struct_pedestal/94183,building/67030
ug_route/216109,OSP:BUSP:C669698,st_struct_pedestal/92319,st_struct_pedestal/93910
ug_route/216110,OSP:FBSP:C639053,pole/53140,building/66217
ug_route/216111,OSP:BUSP::15978176,pole/52686,building/68651
ug_route/216112,OSP:FBSP::8415821,mywcom_route_junction/27347,st_struct_pedestal/91148
ug_route/216113,OSP:BUSP:C655315,st_struct_buried_splice_location/3905,building/68771
ug_route/216114,OSP:FBSP:C662322,st_struct_pedestal/91803,building/67144
ug_route/216115,OSP:BUSP::15968593,st_struct_pedestal/94145,mywcom_route_junction/27214
ug_route/216116,OSP:BUSP::15997691,st_struct_pedestal/93393,st_struct_pedestal/91921
ug_route/216117,OSP:BUSP::9157587,st_struct_pedestal/91737,mywcom_route_junction/27635
ug_route/216170,OSP:FBSP:C706971,mywcom_route_junction/27627,mywcom_route_junction/27605
ug_route/216118,OSP:BUSP:C708280,st_struct_pedestal/92198,st_struct_pedestal/91657
ug_route/216119,OSP:BUSP:C661038,st_struct_pedestal/91921,st_struct_pedestal/93393
ug_route/216120,OSP:BUSP::15979766,pole/53140,building/66217
ug_route/216121,OSP:BUSP::11479860,st_struct_pedestal/94004,st_struct_pedestal/93780
ug_route/216122,OSP:FBSP:C708160,st_struct_pedestal/93012,building/67841
ug_route/216123,OSP:BUSP:C667651,cabinet/2786,st_struct_pedestal/90923
ug_route/216124,OSP:BUSP::16764600,st_struct_pedestal/90991,st_struct_pedestal/90713
ug_route/216125,OSP:FBSP::10414580,pole/54417,building/68571
ug_route/216126,OSP:FBSP:C708141,pole/54185,st_struct_pedestal/92925
ug_route/216127,OSP:BUSP::9528833,mywcom_route_junction/28152,st_struct_pedestal/90972
ug_route/216128,OSP:BUSP:C641205,st_struct_pedestal/93150,building/68541
ug_route/216129,OSP:FBSP:C636909,st_struct_pedestal/90931,st_struct_pedestal/94313
ug_route/216130,OSP:FBSP:C709972,st_struct_pedestal/93195,building/68071
ug_route/216131,OSP:BUSP:C650922,st_struct_pedestal/93217,building/66696
ug_route/216132,OSP:BUSP:C654489,st_struct_pedestal/90751,building/67624
ug_route/216133,OSP:FBSP:C670589,pole/53596,mywcom_route_junction/27579
ug_route/216134,OSP:BUSP:C644423,st_struct_pedestal/92300,building/66291
ug_route/216135,OSP:BUSP:C659810,st_struct_pedestal/92385,building/67240
ug_route/216136,OSP:FBSP:C705004,st_struct_pedestal/93375,st_struct_pedestal/93624
ug_route/216137,OSP:BUSP:C663641,st_struct_pedestal/93702,st_struct_pedestal/91190
ug_route/216138,OSP:BUSP:C641614,st_struct_pedestal/93918,st_struct_pedestal/90899
ug_route/216139,OSP:BUSP:C656354,st_struct_pedestal/90694,building/67587
ug_route/216140,OSP:FBSP:C649427,pole/52805,building/67038
ug_route/216141,OSP:FBSP:C668549,st_struct_pedestal/91424,building/68548
ug_route/216142,OSP:BUSP::15352267,pole/53596,mywcom_route_junction/27579
ug_route/216143,OSP:BUSP::9452054,pole/53700,mywcom_route_junction/27252
ug_route/216171,OSP:FBSP:C706945,st_struct_pedestal/91798,mywcom_route_junction/27598
ug_route/216144,OSP:FORSP::16951941,st_struct_vault/2756,mywcom_route_junction/27207
ug_route/216145,OSP:BUSP::14948108,st_struct_pedestal/92097,building/67341
ug_route/216146,OSP:FBSP::7697448,st_struct_pedestal/93310,st_struct_pedestal/93027
ug_route/216147,OSP:BUSP:C643918,st_struct_pedestal/91835,st_struct_pedestal/94126
ug_route/216148,OSP:FBSP:C650359,st_struct_pedestal/90952,building/68620
ug_route/216149,OSP:BUSP:C667662,cabinet/2786,st_struct_pedestal/90923
ug_route/216150,OSP:BUSP:C659692,st_struct_pedestal/93582,building/67901
ug_route/216151,OSP:BUSP:C646062,st_struct_pedestal/94061,building/66738
ug_route/216152,OSP:BUSP:C643938,st_struct_pedestal/91835,st_struct_pedestal/94126
ug_route/216153,OSP:BUSP:C646475,st_struct_pedestal/93517,pole/52709
ug_route/216154,OSP:BUSP:C682272,st_struct_pedestal/93796,building/68286
ug_route/216155,OSP:FBSP:C662448,pole/52255,building/67052
ug_route/216156,OSP:FBSP:C650379,st_struct_pedestal/91262,building/68006
ug_route/216157,OSP:BUSP:C640147,st_struct_pedestal/91063,building/66549
ug_route/216158,OSP:FBSP:C652571,building/68157,building/67141
ug_route/216159,OSP:FORSP:C646039,mywcom_route_junction/27674,st_struct_pedestal/93653
ug_route/216160,OSP:BUSP:C658586,st_struct_pedestal/92894,mywcom_route_junction/28190
ug_route/216161,OSP:BUSP::16057232,st_struct_pedestal/91933,building/66428
ug_route/216162,OSP:BUSP::8370720,st_struct_pedestal/91164,st_struct_pedestal/92768
ug_route/216163,OSP:BUSP:C668651,st_struct_pedestal/93125,building/66883
ug_route/216164,OSP:BUSP::9638900,st_struct_pedestal/93590,st_struct_pedestal/91594
ug_route/216165,OSP:BUSP:C647869,st_struct_pedestal/90829,building/68065
ug_route/216166,OSP:BUSP::9498758,mywcom_route_junction/28128,mywcom_route_junction/27571
ug_route/216167,OSP:BUSP:C651140,st_struct_pedestal/92308,building/66529
ug_route/216168,OSP:BUSP:C648379,st_struct_pedestal/94183,st_struct_pedestal/91756
ug_route/216169,OSP:FBSP:C670066,st_struct_buried_splice_location/3872,building/66304
ug_route/216172,OSP:BUSP::8499678,st_struct_pedestal/91278,st_struct_pedestal/91489
ug_route/216173,OSP:BUSP::13514488,st_struct_pedestal/92396,st_struct_pedestal/90760
ug_route/216174,OSP:FORSP::16960900,mywcom_route_junction/28222,st_struct_vault/2716
ug_route/216175,OSP:FBSP:C650366,st_struct_pedestal/93269,building/67351
ug_route/216176,OSP:FBSP:C655521,st_struct_pedestal/90983,building/67667
ug_route/216177,OSP:BUSP:C645928,st_struct_pedestal/93438,building/67811
ug_route/216178,OSP:BUSP:C667142,st_struct_pedestal/91813,mywcom_route_junction/27625
ug_route/216179,OSP:BUSP::9499396,mywcom_route_junction/27253,mywcom_route_junction/27472
ug_route/216180,OSP:BUSP::16795216,mywcom_route_junction/27700,st_struct_pedestal/93058
ug_route/216181,OSP:FBSP:C670279,st_struct_pedestal/91313,building/67053
ug_route/216182,OSP:BUSP::9509327,st_struct_pedestal/93408,pole/53516
ug_route/216183,OSP:BUSP:C656903,st_struct_pedestal/93675,building/66700
ug_route/216184,OSP:FBSP:C660027,st_struct_pedestal/91602,building/66246
ug_route/216185,OSP:BUSP:C660974,st_struct_pedestal/92665,st_struct_buried_splice_location/3934
ug_route/216186,OSP:BUSP::12785892,st_struct_pedestal/91742,building/67190
ug_route/216187,OSP:BUSP:C667915,st_struct_pedestal/93328,st_struct_pedestal/90960
ug_route/216188,OSP:BUSP::12029116,st_struct_buried_splice_location/3867,st_struct_pedestal/92211
ug_route/216189,OSP:BUSP:C664757,st_struct_pedestal/92108,building/66652
ug_route/216190,OSP:BUSP:C656350,st_struct_pedestal/90694,building/67587
ug_route/216191,OSP:BUSP::9466473,st_struct_pedestal/91796,mywcom_route_junction/27968
ug_route/216192,OSP:BUSP:C668982,st_struct_pedestal/93853,st_struct_pedestal/92692
ug_route/216193,OSP:BUSP::10422284,st_struct_pedestal/91219,st_struct_pedestal/94280
ug_route/216194,OSP:FBSP::16057226,st_struct_pedestal/92457,st_struct_pedestal/90587
ug_route/216195,OSP:BUSP::13318024,st_struct_pedestal/90581,mywcom_route_junction/28231
ug_route/216196,OSP:BUSP:C656901,st_struct_pedestal/91361,building/67032
ug_route/216197,OSP:BUSP:C641411,st_struct_pedestal/92737,st_struct_pedestal/93909
ug_route/216224,OSP:BUSP:C666011,st_struct_buried_splice_location/3983,mywcom_route_junction/28151
ug_route/216198,OSP:BUSP::17048068,st_struct_pedestal/93135,building/67637
ug_route/216199,OSP:BUSP:C708430,st_struct_pedestal/91796,mywcom_route_junction/27909
ug_route/216200,OSP:BUSP:C636619,pole/53874,st_struct_pedestal/92765
ug_route/216201,OSP:BUSP::9532349,st_struct_pedestal/93526,cabinet/2852
ug_route/216202,OSP:FBSP:C657828,cabinet/2768,building/67208
ug_route/216203,OSP:BUSP::14152567,st_struct_pedestal/91949,st_struct_pedestal/93582
ug_route/216204,OSP:BUSP:C657103,st_struct_pedestal/94329,building/66201
ug_route/216205,OSP:BUSP::7637285,st_struct_buried_splice_location/3939,building/68336
ug_route/216206,OSP:BUSP::15126653,mywcom_route_junction/27366,st_struct_pedestal/93328
ug_route/216207,OSP:BUSP::9433146,st_struct_pedestal/90793,st_struct_pedestal/93858
ug_route/216208,OSP:BUSP:C647361,st_struct_buried_splice_location/3982,building/68235
ug_route/216209,OSP:BUSP::8440156,mywcom_route_junction/28210,st_struct_pedestal/93572
ug_route/216210,OSP:FBSP:C661803,st_struct_pedestal/90895,building/67457
ug_route/216211,OSP:BUSP:C657378,cabinet/2820,st_struct_pedestal/90550
ug_route/216212,OSP:BUSP:C657547,st_struct_pedestal/93081,building/68212
ug_route/216213,OSP:BUSP:C648337,st_struct_pedestal/92168,st_struct_pedestal/90613
ug_route/216214,OSP:BUSP:C666008,st_struct_buried_splice_location/3983,mywcom_route_junction/28151
ug_route/216215,OSP:BUSP:C646092,st_struct_pedestal/91354,st_struct_pedestal/92694
ug_route/216216,OSP:BUSP:C643991,st_struct_pedestal/92611,st_struct_pedestal/93676
ug_route/216217,OSP:BUSP:C661959,st_struct_pedestal/91273,st_struct_pedestal/91625
ug_route/216218,OSP:BUSP:C655484,mywcom_route_junction/27611,st_struct_pedestal/91682
ug_route/216219,OSP:BUSP:C682209,st_struct_buried_splice_location/3996,building/66200
ug_route/216220,OSP:BUSP:C705364,st_struct_pedestal/92282,st_struct_pedestal/92565
ug_route/216221,OSP:FBSP:C659959,st_struct_pedestal/92461,building/66874
ug_route/216222,OSP:BUSP::9310597,st_struct_pedestal/93579,st_struct_pedestal/92266
ug_route/216223,OSP:BUSP:C645427,st_struct_pedestal/93602,st_struct_pedestal/92488
ug_route/216225,OSP:BUSP:C668353,st_struct_pedestal/93328,st_struct_pedestal/90960
ug_route/216226,OSP:BUSP:C642543,mywcom_route_junction/27374,st_struct_pedestal/92722
ug_route/216227,OSP:BUSP::8370709,cabinet/2835,st_struct_pedestal/91561
ug_route/216228,OSP:BUSP:C657388,cabinet/2820,st_struct_pedestal/90550
ug_route/216229,OSP:BUSP::13721848,pole/53890,st_struct_pedestal/93052
ug_route/216230,OSP:BUSP::12922120,mywcom_route_junction/27821,mywcom_route_junction/27837
ug_route/216231,OSP:BUSP:C647707,mywcom_route_junction/28206,st_struct_pedestal/94321
ug_route/216232,OSP:BUSP::8415498,mywcom_route_junction/28005,mywcom_route_junction/28025
ug_route/216233,OSP:BUSP:C668163,st_struct_pedestal/92111,building/67358
ug_route/216234,OSP:BUSP:C689229,st_struct_pedestal/90809,st_struct_pedestal/92931
ug_route/216235,OSP:FBSP::7949256,st_struct_pedestal/91105,building/66359
ug_route/216236,OSP:BUSP:C665947,st_struct_pedestal/90831,st_struct_buried_splice_location/3938
ug_route/216237,OSP:FBSP:C652761,pole/52939,building/67044
ug_route/216238,OSP:BUSP:C654359,st_struct_pedestal/94131,st_struct_pedestal/93875
ug_route/216239,OSP:FBSP::8061905,st_struct_pedestal/92546,st_struct_pedestal/91666
ug_route/216240,OSP:BUSP::11085094,st_struct_pedestal/93690,st_struct_pedestal/91325
ug_route/216241,OSP:BUSP:C681727,st_struct_pedestal/94170,building/68484
ug_route/216242,OSP:BUSP::15978184,st_struct_pedestal/91130,building/68602
ug_route/216243,OSP:FBSP:C650394,st_struct_pedestal/90711,building/66657
ug_route/216244,OSP:BUSP::15839624,st_struct_pedestal/93052,building/67242
ug_route/216245,OSP:BUSP:C643829,st_struct_pedestal/93503,building/67036
ug_route/216246,OSP:BUSP:C680730,st_struct_pedestal/94058,st_struct_pedestal/93643
ug_route/216247,OSP:FBSP:C655592,st_struct_pedestal/92607,building/66813
ug_route/216248,OSP:BUSP::15118974,st_struct_pedestal/93927,st_struct_pedestal/93327
ug_route/216249,OSP:BUSP::12922128,st_struct_pedestal/93446,building/68699
ug_route/216250,OSP:BUSP:C641945,st_struct_pedestal/93096,building/68564
ug_route/216251,OSP:FBSP:C659949,st_struct_pedestal/93379,mywcom_route_junction/28179
ug_route/216252,OSP:BUSP::13596741,st_struct_pedestal/90788,building/66246
ug_route/216253,OSP:FBSP::13095513,st_struct_pedestal/91078,st_struct_pedestal/91474
ug_route/216254,OSP:BUSP::17054341,st_struct_pedestal/93833,mywcom_route_junction/27392
ug_route/216255,OSP:BUSP:C657757,st_struct_pedestal/92283,st_struct_pedestal/92287
ug_route/216256,OSP:BUSP::9451803,mywcom_route_junction/28175,mywcom_route_junction/27184
ug_route/216257,OSP:BUSP:C639187,st_struct_pedestal/90718,building/67497
ug_route/216258,OSP:BUSP::16694686,mywcom_route_junction/27628,mywcom_route_junction/27418
ug_route/216259,OSP:BUSP:C639406,st_struct_pedestal/92768,st_struct_pedestal/93183
ug_route/216260,OSP:BUSP:C648229,st_struct_pedestal/93581,st_struct_pedestal/94000
ug_route/216261,OSP:FBSP:C667975,st_struct_pedestal/92430,building/68352
ug_route/216262,OSP:BUSP::8370721,st_struct_pedestal/92768,st_struct_pedestal/93183
ug_route/216263,OSP:FBSP:C707739,st_struct_pedestal/93489,building/66834
ug_route/216264,OSP:BUSP:C670282,st_struct_pedestal/91313,mywcom_route_junction/28191
ug_route/216265,OSP:BUSP:C654674,st_struct_pedestal/92614,st_struct_pedestal/93810
ug_route/216266,OSP:BUSP:C653831,st_struct_pedestal/92109,building/66146
ug_route/216267,OSP:BUSP::17060790,st_struct_pedestal/92284,st_struct_pedestal/92429
ug_route/216268,OSP:BUSP:C668418,st_struct_pedestal/93698,st_struct_pedestal/90885
ug_route/216269,OSP:BUSP:C655559,st_struct_pedestal/91740,st_struct_pedestal/91702
ug_route/216270,OSP:BUSP:C639767,st_struct_pedestal/91690,st_struct_pedestal/94208
ug_route/216271,OSP:BUSP::10364020,mywcom_route_junction/27880,st_struct_pedestal/93727
ug_route/216272,OSP:BUSP::15126659,st_struct_pedestal/90885,st_struct_pedestal/93698
ug_route/216273,OSP:BUSP::15996727,st_struct_pedestal/93697,st_struct_pedestal/91934
ug_route/216274,OSP:BUSP:C661076,st_struct_pedestal/93473,building/68268
ug_route/216275,OSP:BUSP::8586395,st_struct_pedestal/91499,st_struct_pedestal/93281
ug_route/216276,OSP:BUSP:C654353,st_struct_pedestal/92049,st_struct_pedestal/92492
ug_route/216277,OSP:FBSP:C662267,st_struct_pedestal/94295,building/67385
ug_route/216278,OSP:BUSP::9509319,st_struct_pedestal/93059,mywcom_route_junction/27387
ug_route/216279,OSP:BUSP:C661671,st_struct_pedestal/93660,building/67919
ug_route/216280,OSP:BUSP:C657373,mywcom_route_junction/27469,st_struct_pedestal/90553
ug_route/216281,OSP:BUSP:C655469,pole/53116,mywcom_route_junction/27415
ug_route/216282,OSP:BUSP:C668429,st_struct_pedestal/93698,st_struct_pedestal/90885
ug_route/216283,OSP:FBSP:C667249,st_struct_pedestal/92478,st_struct_pedestal/90598
ug_route/216284,OSP:BUSP:C648811,st_struct_pedestal/91065,building/67605
ug_route/216285,OSP:BUSP:C655626,st_struct_pedestal/91060,building/68855
ug_route/216286,OSP:FBSP:C659876,st_struct_pedestal/93714,building/67262
ug_route/216287,OSP:BUSP::14262647,st_struct_pedestal/93885,mywcom_route_junction/27433
ug_route/216288,OSP:BUSP::8370722,st_struct_pedestal/93183,st_struct_pedestal/92768
ug_route/216289,OSP:BUSP:C671044,st_struct_pedestal/91527,building/66789
ug_route/216290,OSP:BUSP::10763708,pole/52558,building/66480
ug_route/216291,OSP:BUSP:C682161,st_struct_pedestal/93585,building/68520
ug_route/216292,OSP:FBSP::14956726,st_struct_pedestal/91093,mywcom_route_junction/27409
ug_route/216293,OSP:BUSP::8501576,st_struct_pedestal/93602,st_struct_pedestal/92488
ug_route/216294,OSP:FBSP:C656094,st_struct_pedestal/92567,st_struct_pedestal/92701
ug_route/216295,OSP:BUSP:C654357,st_struct_pedestal/92049,st_struct_pedestal/92492
ug_route/216296,OSP:BUSP:C657361,st_struct_pedestal/91737,st_struct_pedestal/93329
ug_route/216297,OSP:BUSP:C654091,mywcom_route_junction/28049,mywcom_route_junction/27738
ug_route/216298,OSP:BUSP:C708357,st_struct_pedestal/91532,building/67723
ug_route/216299,OSP:BUSP:C652495,st_struct_pedestal/93599,st_struct_pedestal/92367
ug_route/216300,OSP:BUSP::15975291,st_struct_pedestal/92430,building/68352
ug_route/216301,OSP:BUSP::15987455,pole/52939,building/67044
ug_route/216302,OSP:BUSP:C646147,st_struct_pedestal/94077,building/67884
ug_route/216303,OSP:FBSP:C653994,st_struct_pedestal/91881,st_struct_pedestal/91404
ug_route/216304,OSP:BUSP:C670540,st_struct_pedestal/94297,building/67230
ug_route/216305,OSP:BUSP:C652677,st_struct_pedestal/91149,building/68054
ug_route/216306,OSP:BUSP::16693375,st_struct_pedestal/92198,mywcom_route_junction/27709
ug_route/216307,OSP:BUSP:C650411,st_struct_pedestal/91231,building/67504
ug_route/216308,OSP:BUSP:C653835,st_struct_pedestal/92109,st_struct_pedestal/91515
ug_route/216309,OSP:BUSP:C671227,mywcom_route_junction/27096,st_struct_pedestal/90996
ug_route/216310,OSP:BUSP:C648345,st_struct_pedestal/93921,building/68389
ug_route/216311,OSP:BUSP:C648400,mywcom_route_junction/27563,st_struct_pedestal/94183
ug_route/216312,OSP:BUSP:C707860,st_struct_pedestal/93716,st_struct_pedestal/92905
ug_route/216313,OSP:BUSP:C667204,st_struct_pedestal/93059,mywcom_route_junction/27810
ug_route/216314,OSP:BUSP::13304901,mywcom_route_junction/27312,mywcom_route_junction/27936
ug_route/216315,OSP:FBSP:C669474,st_struct_pedestal/90870,building/66980
ug_route/216316,OSP:FBSP:C667878,st_struct_pedestal/94039,building/66893
ug_route/216317,OSP:BUSP:C705239,st_struct_pedestal/92228,st_struct_buried_splice_location/3994
ug_route/216318,OSP:BUSP::16685370,building/68407,mywcom_route_junction/27601
ug_route/216319,OSP:BUSP:C668544,building/68692,building/67147
ug_route/216320,OSP:BUSP::9526264,mywcom_route_junction/27141,mywcom_route_junction/27896
ug_route/216321,OSP:BUSP::8435659,pole/53017,st_struct_pedestal/92424
ug_route/216322,OSP:FBSP:C667683,st_struct_pedestal/92705,building/66449
ug_route/216323,OSP:BUSP::8440461,pole/53982,mywcom_route_junction/27138
ug_route/216324,OSP:BUSP:C666051,st_struct_pedestal/90987,st_struct_pedestal/93184
ug_route/216325,OSP:BUSP::9501964,st_struct_pedestal/91001,st_struct_pedestal/92414
ug_route/216326,OSP:BUSP:C653144,st_struct_pedestal/94125,building/68424
ug_route/216327,OSP:FBSP:C662652,st_struct_pedestal/92068,building/68824
ug_route/216328,OSP:BUSP::9293621,st_struct_pedestal/91037,st_struct_pedestal/93049
ug_route/216329,OSP:BUSP::9442422,st_struct_pedestal/91881,st_struct_pedestal/91404
ug_route/216330,OSP:BUSP:C641147,st_struct_pedestal/91139,building/68607
ug_route/216331,OSP:BUSP:C641860,st_struct_pedestal/93442,building/68381
ug_route/216332,OSP:BUSP::9479547,st_struct_pedestal/91275,st_struct_pedestal/92303
ug_route/216333,OSP:BUSP:C647304,st_struct_pedestal/92495,building/66437
ug_route/216334,OSP:BUSP::15998698,pole/54483,building/66359
ug_route/216335,OSP:BUSP:C682178,st_struct_pedestal/92230,building/66121
ug_route/216336,OSP:FBSP:C708146,st_struct_pedestal/94166,pole/52663
ug_route/216337,OSP:BUSP::15126652,st_struct_pedestal/92430,mywcom_route_junction/27366
ug_route/216338,OSP:BUSP:C666094,st_struct_pedestal/93184,st_struct_pedestal/90987
ug_route/216339,OSP:BUSP:C681694,st_struct_pedestal/94314,building/66977
ug_route/216340,OSP:BUSP:C669635,st_struct_pedestal/91816,building/66289
ug_route/216341,OSP:FBSP:C706909,st_struct_pedestal/91424,building/67078
ug_route/216342,OSP:BUSP:C651221,st_struct_pedestal/92343,building/68527
ug_route/216343,OSP:BUSP:C682074,st_struct_pedestal/91248,building/66456
ug_route/216344,OSP:BUSP:C664353,st_struct_pedestal/91755,st_struct_pedestal/93485
ug_route/216345,OSP:BUSP:C652771,st_struct_pedestal/93000,building/67070
ug_route/216346,OSP:BUSP:C655205,st_struct_pedestal/94127,building/66553
ug_route/216347,OSP:BUSP::9452057,mywcom_route_junction/27252,mywcom_route_junction/27997
ug_route/216348,OSP:BUSP:C670063,st_struct_pedestal/93002,st_struct_buried_splice_location/3872
ug_route/216349,OSP:BUSP::8586060,st_struct_pedestal/93373,building/66618
ug_route/216350,OSP:BUSP:C638848,st_struct_pedestal/91935,building/66790
ug_route/216351,OSP:BUSP:C642343,st_struct_pedestal/93313,building/66344
ug_route/216352,OSP:FBSP::8490702,st_struct_pedestal/93496,building/67718
ug_route/216353,OSP:BUSP:C654358,st_struct_pedestal/92947,st_struct_pedestal/94131
ug_route/216354,OSP:BUSP::9263504,st_struct_pedestal/90931,mywcom_route_junction/27564
ug_route/216355,OSP:FBSP:C710160,pole/54458,st_struct_pedestal/91881
ug_route/216356,OSP:BUSP::14152569,st_struct_pedestal/91949,st_struct_pedestal/93582
ug_route/216357,OSP:BUSP:C650692,st_struct_pedestal/90543,st_struct_pedestal/92426
ug_route/216358,OSP:BUSP:C662422,building/67975,building/67203
ug_route/216359,OSP:BUSP::8590224,st_struct_pedestal/90539,pole/53679
ug_route/216360,OSP:BUSP:C671261,st_struct_pedestal/93873,st_struct_pedestal/93651
ug_route/216361,OSP:BUSP:C660915,st_struct_pedestal/91947,building/68140
ug_route/216362,OSP:FBSP:C667238,st_struct_pedestal/91499,building/68324
ug_route/216363,OSP:FBSP::8448148,pole/52335,building/68825
ug_route/216364,OSP:BUSP:C707633,st_struct_pedestal/92901,st_struct_pedestal/91667
ug_route/216365,OSP:FBSP:C710043,st_struct_pedestal/91798,mywcom_route_junction/27629
ug_route/216366,OSP:BUSP::9157577,st_struct_pedestal/93295,st_struct_pedestal/91829
ug_route/216367,OSP:FBSP::10881220,st_struct_pedestal/93714,building/67262
ug_route/216368,OSP:BUSP::11085099,st_struct_pedestal/93839,st_struct_pedestal/90740
ug_route/216369,OSP:BUSP:C666987,st_struct_pedestal/91280,st_struct_pedestal/91123
ug_route/216370,OSP:BUSP::15997696,st_struct_pedestal/91614,mywcom_route_junction/27961
ug_route/216371,OSP:FBSP::9553792,building/67564,st_struct_pedestal/93393
ug_route/216372,OSP:BUSP:C650463,mywcom_route_junction/28137,building/67945
ug_route/216373,OSP:BUSP:C659991,st_struct_pedestal/90576,building/66684
ug_route/216374,OSP:BUSP::12055942,st_struct_pedestal/91755,st_struct_pedestal/93485
ug_route/216375,OSP:BUSP:C671270,st_struct_pedestal/93873,st_struct_pedestal/93651
ug_route/216376,OSP:FBSP::17115224,st_struct_pedestal/93871,building/66619
ug_route/216377,OSP:BUSP::8448772,pole/52885,mywcom_route_junction/27729
ug_route/216378,OSP:BUSP::8435653,mywcom_route_junction/27283,st_struct_pedestal/90839
ug_route/216379,OSP:BUSP:C660155,st_struct_pedestal/92068,st_struct_pedestal/90792
ug_route/216380,OSP:FBSP::12139132,pole/52654,building/66100
ug_route/216381,OSP:FBSP::8381895,st_struct_pedestal/93889,st_struct_pedestal/91752
ug_route/216382,OSP:BUSP:C643882,st_struct_pedestal/90820,st_struct_pedestal/91692
ug_route/216383,OSP:BUSP:C651301,st_struct_pedestal/90614,mywcom_route_junction/28198
ug_route/216384,OSP:BUSP:C710617,st_struct_pedestal/91797,st_struct_pedestal/92247
ug_route/216385,OSP:FBSP:C667236,st_struct_pedestal/91813,building/68854
ug_route/216386,OSP:BUSP:C646059,st_struct_pedestal/94061,building/66548
ug_route/216387,OSP:FBSP:C650548,pole/53154,building/68106
ug_route/216388,OSP:BUSP:C705908,st_struct_pedestal/93394,st_struct_pedestal/90743
ug_route/216389,OSP:BUSP::15769204,st_struct_pedestal/91468,st_struct_pedestal/90652
ug_route/216390,OSP:BUSP:C655313,st_struct_pedestal/93157,building/66663
ug_route/216391,OSP:BUSP:C667985,st_struct_pedestal/92430,mywcom_route_junction/27966
ug_route/216392,OSP:BUSP:C660348,mywcom_route_junction/27094,st_struct_pedestal/91868
ug_route/216393,OSP:BUSP:C650533,st_struct_pedestal/90577,building/68491
ug_route/216394,OSP:FORSP:C645614,mywcom_route_junction/27686,pole/52941
ug_route/216395,OSP:BUSP::15997684,st_struct_pedestal/94046,building/66182
ug_route/216396,OSP:BUSP::16785895,st_struct_pedestal/92336,st_struct_pedestal/91340
ug_route/216397,OSP:BUSP:C663454,st_struct_pedestal/91467,st_struct_pedestal/93443
ug_route/216398,OSP:BUSP:C657963,st_struct_pedestal/91113,building/66810
ug_route/216399,OSP:BUSP:C660054,st_struct_pedestal/91602,st_struct_pedestal/93492
ug_route/216400,OSP:BUSP:C710757,st_struct_pedestal/92644,st_struct_pedestal/94140
ug_route/216401,OSP:BUSP:C650357,st_struct_pedestal/92388,st_struct_pedestal/90952
ug_route/216402,OSP:BUSP:C657458,st_struct_pedestal/91261,building/66108
ug_route/216403,OSP:FBSP:C705470,st_struct_pedestal/94059,mywcom_route_junction/28220
ug_route/216404,OSP:BUSP:C643098,st_struct_pedestal/91334,st_struct_buried_splice_location/3969
ug_route/216405,OSP:BUSP:C639824,st_struct_pedestal/93911,building/67847
ug_route/216406,OSP:BUSP::15256263,st_struct_pedestal/92913,st_struct_pedestal/92869
ug_route/216407,OSP:BUSP:C653286,st_struct_pedestal/92034,building/67493
ug_route/216408,OSP:BUSP:C650392,st_struct_pedestal/92976,st_struct_pedestal/90711
ug_route/216409,OSP:BUSP:C651904,mywcom_route_junction/28095,st_struct_pedestal/91184
ug_route/216410,OSP:BUSP:C645749,st_struct_pedestal/94164,building/67494
ug_route/216411,OSP:FBSP::9598590,st_struct_pedestal/92988,mywcom_route_junction/27668
ug_route/216412,OSP:BUSP:C645734,st_struct_pedestal/92240,building/68431
ug_route/216413,OSP:BUSP::9459130,st_struct_pedestal/93302,st_struct_pedestal/94042
ug_route/216414,OSP:BUSP:C681963,st_struct_pedestal/91119,building/67272
ug_route/216415,OSP:BUSP:C642029,st_struct_pedestal/90930,building/66695
ug_route/216416,OSP:BUSP::10880521,mywcom_route_junction/28074,st_struct_pedestal/91868
ug_route/216417,OSP:BUSP::8575502,pole/53289,mywcom_route_junction/27530
ug_route/216418,OSP:BUSP::17060788,st_struct_pedestal/90585,st_struct_pedestal/91685
ug_route/216419,OSP:BUSP:C646444,st_struct_pedestal/93564,building/66253
ug_route/216420,OSP:BUSP::8415500,mywcom_route_junction/28025,st_struct_pedestal/91705
ug_route/216421,OSP:BUSP:C650428,st_struct_pedestal/92388,st_struct_pedestal/90952
ug_route/216422,OSP:FBSP:C655139,mywcom_route_junction/27694,building/68070
ug_route/216423,OSP:BUSP::8061898,st_struct_pedestal/92450,st_struct_pedestal/92546
ug_route/216424,OSP:BUSP:C663475,st_struct_pedestal/91467,st_struct_pedestal/93443
ug_route/216425,OSP:BUSP::10042424,st_struct_pedestal/91215,st_struct_pedestal/93032
ug_route/216426,OSP:BUSP:C662535,st_struct_pedestal/94328,building/68485
ug_route/216427,OSP:BUSP:C660589,st_struct_pedestal/93756,building/68616
ug_route/216428,OSP:FBSP:C650659,pole/52673,st_struct_pedestal/90609
ug_route/216429,OSP:BUSP:C650772,pole/53017,st_struct_pedestal/92424
ug_route/216430,OSP:BUSP:C662182,st_struct_pedestal/93849,st_struct_pedestal/93367
ug_route/216431,OSP:BUSP:C650435,st_struct_pedestal/92976,st_struct_pedestal/90711
ug_route/216432,OSP:BUSP::8500293,mywcom_route_junction/27424,st_struct_pedestal/93651
ug_route/216433,OSP:BUSP:C681332,st_struct_buried_splice_location/3890,building/66431
ug_route/216434,OSP:BUSP:C669968,st_struct_pedestal/91157,st_struct_pedestal/93122
ug_route/216435,OSP:BUSP::13237364,mywcom_route_junction/27169,st_struct_pedestal/92930
ug_route/216436,OSP:BUSP:C665624,st_struct_pedestal/90850,building/68397
ug_route/216437,OSP:FBSP:C668343,st_struct_pedestal/94039,building/67565
ug_route/216438,OSP:BUSP:C649095,st_struct_pedestal/90623,building/68460
ug_route/216439,OSP:BUSP:C710337,st_struct_pedestal/93059,cabinet/2852
ug_route/216440,OSP:BUSP:C711765,st_struct_pedestal/91896,st_struct_pedestal/92174
ug_route/216441,OSP:BUSP:C656467,st_struct_pedestal/91459,building/68342
ug_route/216442,OSP:BUSP:C662215,st_struct_pedestal/93849,st_struct_pedestal/93367
ug_route/216443,OSP:BUSP::8587332,pole/53593,mywcom_route_junction/27880
ug_route/216444,OSP:BUSP:C710756,st_struct_pedestal/91819,st_struct_pedestal/92644
ug_route/216445,OSP:BUSP:C646550,st_struct_pedestal/92848,building/66558
ug_route/216446,OSP:BUSP:C705053,st_struct_pedestal/92494,building/68410
ug_route/216447,OSP:BUSP:C659828,st_struct_pedestal/91862,building/68272
ug_route/216448,OSP:BUSP:C650810,mywcom_route_junction/27269,st_struct_pedestal/92873
ug_route/216449,OSP:BUSP:C705910,st_struct_pedestal/93394,st_struct_pedestal/90743
ug_route/216450,OSP:FBSP:C670812,st_struct_pedestal/93057,building/66797
ug_route/216451,OSP:BUSP::9451406,pole/54038,pole/53168
ug_route/216452,OSP:BUSP::8490383,st_struct_pedestal/92397,st_struct_pedestal/93729
ug_route/216453,OSP:FBSP:C647699,st_struct_pedestal/92082,building/68814
ug_route/216454,OSP:BUSP:C655542,st_struct_pedestal/91740,st_struct_pedestal/92959
ug_route/216455,OSP:BUSP::7611826,st_struct_pedestal/92164,st_struct_pedestal/94335
ug_route/216456,OSP:FBSP::11682164,st_struct_pedestal/93057,building/66797
ug_route/216457,OSP:BUSP:C656184,st_struct_pedestal/90653,st_struct_pedestal/93321
ug_route/216458,OSP:BUSP:C669948,st_struct_pedestal/91157,st_struct_pedestal/93122
ug_route/216459,OSP:BUSP::15996743,st_struct_pedestal/91918,building/68824
ug_route/216460,OSP:BUSP:C648079,st_struct_pedestal/91133,building/67705
ug_route/216461,OSP:BUSP:C666113,st_struct_pedestal/91719,st_struct_pedestal/90811
ug_route/216462,OSP:BUSP:C647169,st_struct_pedestal/93808,building/68078
ug_route/216463,OSP:BUSP:C647273,st_struct_pedestal/92539,building/67905
ug_route/216464,OSP:FBSP:C661065,st_struct_pedestal/93393,building/67564
ug_route/216465,OSP:BUSP:C660588,mywcom_route_junction/28004,mywcom_route_junction/28224
ug_route/216466,OSP:BUSP::8591183,cabinet/2777,pole/54176
ug_route/216467,OSP:BUSP:C650439,st_struct_pedestal/92099,st_struct_pedestal/90951
ug_route/216468,OSP:BUSP:C663452,st_struct_pedestal/92040,st_struct_pedestal/91467
ug_route/216469,OSP:BUSP:C711731,st_struct_pedestal/93153,st_struct_buried_splice_location/3939
ug_route/216470,OSP:BUSP:C640319,st_struct_pedestal/94282,building/66912
ug_route/216471,OSP:BUSP:C640923,st_struct_pedestal/91126,building/68516
ug_route/216472,OSP:BUSP:C639449,st_struct_pedestal/93314,st_struct_pedestal/91053
ug_route/216473,OSP:BUSP::10925003,st_struct_buried_splice_location/3863,st_struct_buried_splice_location/3851
ug_route/216474,OSP:BUSP:C665614,st_struct_pedestal/91562,building/66555
ug_route/216475,OSP:BUSP::8575493,pole/54155,pole/54529
ug_route/216476,OSP:FBSP:C657015,st_struct_pedestal/92527,building/66951
ug_route/216477,OSP:BUSP::8345416,mywcom_route_junction/27098,st_struct_pedestal/93836
ug_route/216478,OSP:FBSP::15239937,st_struct_pedestal/91289,building/66795
ug_route/216479,OSP:BUSP:C661693,st_struct_pedestal/92191,building/68597
ug_route/216480,OSP:BUSP:C706911,st_struct_pedestal/93711,mywcom_route_junction/28208
ug_route/216481,OSP:BUSP::15974973,st_struct_pedestal/93010,building/67337
ug_route/216482,OSP:BUSP::8369736,mywcom_route_junction/27690,st_struct_pedestal/91633
ug_route/216483,OSP:BUSP::8382230,st_struct_pedestal/93637,st_struct_pedestal/93487
ug_route/216484,OSP:BUSP::8575494,pole/54529,pole/52282
ug_route/216485,OSP:BUSP:C642055,st_struct_pedestal/91637,st_struct_pedestal/91238
ug_route/216486,OSP:BUSP:C640125,st_struct_pedestal/94025,building/67646
ug_route/216487,OSP:FBSP:C706979,mywcom_route_junction/27862,mywcom_route_junction/27792
ug_route/216488,OSP:BUSP:C646072,st_struct_pedestal/93664,building/67179
ug_route/216489,OSP:BUSP:C663474,st_struct_pedestal/92040,st_struct_pedestal/91467
ug_route/216490,OSP:BUSP::15126644,cabinet/2772,st_struct_pedestal/90839
ug_route/216491,OSP:BUSP:C652698,st_struct_pedestal/92886,building/67665
ug_route/216492,OSP:BUSP::8491016,st_struct_pedestal/94323,st_struct_pedestal/93051
ug_route/216493,OSP:BUSP::8331138,st_struct_pedestal/92247,st_struct_pedestal/93886
ug_route/216494,OSP:BUSP::15996429,st_struct_pedestal/94105,building/68087
ug_route/216495,OSP:BUSP:C643619,st_struct_pedestal/90641,st_struct_pedestal/94245
ug_route/216496,OSP:BUSP:C705363,pole/53412,mywcom_route_junction/27793
ug_route/216497,OSP:BUSP::13237366,st_struct_pedestal/90882,mywcom_route_junction/28167
ug_route/216498,OSP:FBSP:C661799,st_struct_pedestal/90895,building/67734
ug_route/216499,OSP:FBSP:C706858,st_struct_pedestal/90542,mywcom_route_junction/27444
ug_route/216500,OSP:BUSP:C659626,st_struct_pedestal/91568,building/66584
ug_route/216501,OSP:BUSP::8439819,pole/52480,building/67691
ug_route/216502,OSP:BUSP:C689276,mywcom_route_junction/27526,st_struct_pedestal/91985
ug_route/216503,OSP:BUSP:C650438,st_struct_pedestal/92099,st_struct_pedestal/90951
ug_route/216504,OSP:BUSP:C648431,st_struct_pedestal/91131,st_struct_pedestal/91824
ug_route/216505,OSP:FBSP:C661800,st_struct_pedestal/90895,building/67263
ug_route/216506,OSP:FBSP:C652553,pole/52783,building/67480
ug_route/216507,OSP:BUSP:C666238,st_struct_pedestal/93258,st_struct_pedestal/93984
ug_route/216508,OSP:BUSP:C656891,st_struct_pedestal/94006,building/67575
ug_route/216536,OSP:FBSP:C710203,st_struct_pedestal/91941,building/67836
ug_route/216509,OSP:BUSP:C657081,st_struct_pedestal/92686,st_struct_pedestal/91674
ug_route/216510,OSP:BUSP:C666173,mywcom_route_junction/28013,building/68376
ug_route/216511,OSP:FBSP:C653408,pole/53531,st_struct_pedestal/92394
ug_route/216512,OSP:BUSP:C670501,st_struct_pedestal/90688,building/68326
ug_route/216513,OSP:BUSP:C657889,st_struct_pedestal/90657,building/67491
ug_route/216514,OSP:BUSP:C655539,st_struct_pedestal/91740,st_struct_pedestal/92959
ug_route/216515,OSP:BUSP:C654661,st_struct_pedestal/94134,st_struct_pedestal/93546
ug_route/216516,OSP:BUSP:C706054,st_struct_pedestal/93179,st_struct_pedestal/91452
ug_route/216517,OSP:BUSP:C708347,st_struct_pedestal/91652,building/68133
ug_route/216518,OSP:FBSP:C669476,st_struct_pedestal/90870,building/66956
ug_route/216519,OSP:BUSP:C650369,st_struct_pedestal/92043,building/66128
ug_route/216520,OSP:FBSP:C651722,pole/53012,building/66699
ug_route/216521,OSP:FBSP::8399179,pole/54401,building/68366
ug_route/216522,OSP:FBSP::8489740,st_struct_pedestal/93122,building/68454
ug_route/216523,OSP:BUSP:C660805,st_struct_pedestal/91830,st_struct_buried_splice_location/3920
ug_route/216524,OSP:BUSP:C650267,st_struct_pedestal/91131,st_struct_pedestal/91824
ug_route/216525,OSP:BUSP:C656965,st_struct_pedestal/94026,st_struct_pedestal/92948
ug_route/216526,OSP:FBSP::13713526,mywcom_route_junction/27995,building/66777
ug_route/216527,OSP:FBSP:C661110,st_struct_pedestal/92548,building/67255
ug_route/216528,OSP:BUSP::17055321,st_struct_pedestal/91803,st_struct_pedestal/93832
ug_route/216529,OSP:BUSP:C660165,st_struct_pedestal/93101,st_struct_pedestal/90950
ug_route/216530,OSP:BUSP::9442421,pole/54458,st_struct_pedestal/91881
ug_route/216531,OSP:BUSP:C660680,st_struct_pedestal/91823,building/67458
ug_route/216532,OSP:BUSP:C666043,mywcom_route_junction/27391,mywcom_route_junction/28076
ug_route/216533,OSP:BUSP:C668468,st_struct_pedestal/93698,st_struct_pedestal/91611
ug_route/216534,OSP:BUSP:C670593,st_struct_pedestal/93292,mywcom_route_junction/27229
ug_route/216535,OSP:FBSP::8575498,pole/54129,building/67943
ug_route/216537,OSP:FBSP:C650401,st_struct_pedestal/92204,building/68655
ug_route/216538,OSP:BUSP::11491494,st_struct_pedestal/94141,building/67079
ug_route/216539,OSP:BUSP:C651011,st_struct_pedestal/93217,building/67288
ug_route/216540,OSP:BUSP::8587338,st_struct_pedestal/93874,st_struct_pedestal/93400
ug_route/216541,OSP:BUSP:C652537,st_struct_pedestal/91057,building/68282
ug_route/216542,OSP:BUSP::10272532,st_struct_pedestal/91131,st_struct_pedestal/91708
ug_route/216543,OSP:FBSP:C652663,st_struct_pedestal/90970,building/67280
ug_route/216544,OSP:FBSP:C710159,pole/54458,st_struct_pedestal/91881
ug_route/216545,OSP:BUSP:C656968,st_struct_pedestal/94026,st_struct_pedestal/92948
ug_route/216546,OSP:BUSP::11469312,st_struct_pedestal/92779,mywcom_route_junction/28005
ug_route/216547,OSP:BUSP:C647462,st_struct_pedestal/93923,building/66496
ug_route/216548,OSP:FBSP:C643076,pole/54413,building/67452
ug_route/216549,OSP:FBSP:C710375,mywcom_route_junction/27846,mywcom_route_junction/27203
ug_route/216550,OSP:BUSP::8366853,st_struct_pedestal/93034,st_struct_pedestal/92597
ug_route/216551,OSP:FBSP:C710204,st_struct_pedestal/91941,building/67836
ug_route/216552,OSP:FBSP::15430324,pole/53728,building/67034
ug_route/216553,OSP:BUSP:C661176,building/67255,st_struct_pedestal/90905
ug_route/216554,OSP:BUSP:C655221,st_struct_pedestal/92865,building/67677
ug_route/216555,OSP:BUSP::12066181,st_struct_pedestal/93111,st_struct_pedestal/92118
ug_route/216556,OSP:FBSP:C659879,st_struct_pedestal/93763,building/68294
ug_route/216557,OSP:BUSP::10352850,st_struct_pedestal/91699,st_struct_pedestal/92644
ug_route/216558,OSP:BUSP:C659631,st_struct_buried_splice_location/3853,building/68384
ug_route/216559,OSP:FBSP::9016147,mywcom_route_junction/27382,building/66169
ug_route/216560,OSP:BUSP:C647168,st_struct_pedestal/93808,building/67963
ug_route/216561,OSP:BUSP:C650904,st_struct_pedestal/92464,st_struct_pedestal/92696
ug_route/216562,OSP:FBSP:C711720,mywcom_route_junction/27379,building/67060
ug_route/216563,OSP:BUSP:C649722,st_struct_pedestal/94254,building/67792
ug_route/216564,OSP:BUSP::7977217,st_struct_pedestal/92065,mywcom_route_junction/27284
ug_route/216565,OSP:BUSP:C660968,st_struct_pedestal/93708,building/68503
ug_route/216566,OSP:BUSP:C662675,st_struct_pedestal/94105,st_struct_pedestal/91807
ug_route/216567,OSP:BUSP:C707131,st_struct_pedestal/91734,st_struct_pedestal/90649
ug_route/216568,OSP:BUSP::8500967,cabinet/2839,st_struct_pedestal/92303
ug_route/216569,OSP:BUSP::17032891,mywcom_route_junction/27471,pole/53708
ug_route/216570,OSP:BUSP:C647035,st_struct_pedestal/94057,building/67206
ug_route/216571,OSP:BUSP:C706905,st_struct_pedestal/91874,st_struct_pedestal/90881
ug_route/216572,OSP:BUSP::8347664,st_struct_pedestal/93995,st_struct_pedestal/92585
ug_route/216573,OSP:BUSP:C650382,st_struct_pedestal/91262,st_struct_pedestal/92091
ug_route/216574,OSP:BUSP::9271545,mywcom_route_junction/27529,st_struct_pedestal/92178
ug_route/216575,OSP:BUSP::15996427,st_struct_pedestal/93524,building/66710
ug_route/216576,OSP:FBSP:C708031,st_struct_pedestal/94298,building/66626
ug_route/216577,OSP:BUSP:C662299,st_struct_pedestal/92415,building/66808
ug_route/216578,OSP:BUSP::8365252,st_struct_pedestal/93836,st_struct_pedestal/91917
ug_route/216579,OSP:BUSP:C644420,st_struct_pedestal/92300,building/67596
ug_route/216580,OSP:BUSP:C668330,st_struct_buried_splice_location/3873,building/68201
ug_route/216581,OSP:BUSP:C654667,st_struct_pedestal/94134,st_struct_pedestal/93546
ug_route/216582,OSP:BUSP:C707130,st_struct_pedestal/91734,st_struct_pedestal/90649
ug_route/216583,OSP:BUSP:C642894,st_struct_pedestal/92537,st_struct_pedestal/91931
ug_route/216584,OSP:BUSP::9530108,st_struct_pedestal/92414,cabinet/2761
ug_route/216585,OSP:BUSP::11870005,pole/54050,mywcom_route_junction/27475
ug_route/216586,OSP:BUSP:C657728,st_struct_pedestal/92836,st_struct_pedestal/93958
ug_route/216587,OSP:BUSP:C650432,st_struct_pedestal/91262,st_struct_pedestal/92091
ug_route/216588,OSP:BUSP:C661722,st_struct_pedestal/94060,building/68245
ug_route/216589,OSP:BUSP:C708353,st_struct_pedestal/90571,building/68623
ug_route/216590,OSP:BUSP:C663435,st_struct_pedestal/91701,st_struct_pedestal/92572
ug_route/216591,OSP:BUSP::15007307,st_struct_pedestal/93639,mywcom_route_junction/27486
ug_route/216592,OSP:BUSP::8370711,st_struct_pedestal/91541,st_struct_pedestal/93838
ug_route/216593,OSP:BUSP::8421922,mywcom_route_junction/27993,st_struct_pedestal/93164
ug_route/216594,OSP:FBSP::8572940,st_struct_pedestal/91952,st_struct_pedestal/93507
ug_route/216595,OSP:BUSP::16016245,st_struct_pedestal/92819,building/67047
ug_route/216596,OSP:BUSP:C657079,st_struct_pedestal/90725,mywcom_route_junction/27483
ug_route/216597,OSP:BUSP::9458822,st_struct_pedestal/92537,st_struct_pedestal/91931
ug_route/216598,OSP:BUSP:C649264,st_struct_pedestal/91643,st_struct_pedestal/93758
ug_route/216599,OSP:BUSP::8382243,st_struct_pedestal/91564,st_struct_pedestal/92878
ug_route/216600,OSP:BUSP::10632823,st_struct_pedestal/93447,st_struct_pedestal/91573
ug_route/216601,OSP:BUSP:C655211,st_struct_pedestal/91658,building/67618
ug_route/216602,OSP:BUSP:C641743,st_struct_pedestal/91114,st_struct_pedestal/92608
ug_route/216603,OSP:BUSP::8403027,pole/53136,st_struct_pedestal/94090
ug_route/216604,OSP:BUSP::12774007,st_struct_pedestal/94006,mywcom_route_junction/27877
ug_route/216605,OSP:BUSP:C663466,st_struct_pedestal/91701,st_struct_pedestal/92572
ug_route/216606,OSP:BUSP:C645930,st_struct_pedestal/93438,building/68782
ug_route/216607,OSP:FBSP::10184516,st_struct_pedestal/90626,st_struct_pedestal/90648
ug_route/216608,OSP:BUSP:C661778,st_struct_pedestal/91612,mywcom_route_junction/27776
ug_route/216609,OSP:FBSP:C634049,st_struct_pedestal/93618,building/67051
ug_route/216610,OSP:BUSP:C646050,st_struct_pedestal/93425,st_struct_pedestal/91338
ug_route/216611,OSP:BUSP::8416785,st_struct_pedestal/90650,st_struct_pedestal/92366
ug_route/216612,OSP:BUSP:C642074,st_struct_pedestal/91238,building/68380
ug_route/216613,OSP:BUSP:C668551,st_struct_pedestal/94102,st_struct_pedestal/91511
ug_route/216614,OSP:BUSP:C662700,pole/54234,building/66710
ug_route/216615,OSP:BUSP::8586055,st_struct_pedestal/91746,building/67836
ug_route/216616,OSP:BUSP:C660512,st_struct_pedestal/91941,st_struct_pedestal/91488
ug_route/216617,OSP:FBSP::11766308,st_struct_pedestal/91956,building/68101
ug_route/216618,OSP:BUSP:C657735,st_struct_pedestal/92836,st_struct_pedestal/93958
ug_route/216619,OSP:BUSP:C671252,st_struct_pedestal/90996,st_struct_pedestal/92350
ug_route/216620,OSP:FBSP::13672925,mywcom_route_junction/27510,mywcom_route_junction/27202
ug_route/216621,OSP:BUSP:C645293,st_struct_pedestal/91412,building/68055
ug_route/216622,OSP:BUSP:C662431,st_struct_pedestal/93283,st_struct_buried_splice_location/3871
ug_route/216623,OSP:BUSP:C709798,st_struct_pedestal/92643,mywcom_route_junction/28109
ug_route/216624,OSP:BUSP::8365254,st_struct_pedestal/91917,st_struct_pedestal/92226
ug_route/216625,OSP:BUSP:C650532,st_struct_pedestal/90577,building/67853
ug_route/216626,OSP:BUSP:C650353,st_struct_pedestal/93813,st_struct_pedestal/92388
ug_route/216627,OSP:BUSP:C661132,st_struct_pedestal/91391,building/68543
ug_route/216628,OSP:BUSP:C655150,st_struct_pedestal/93798,building/67668
ug_route/216629,OSP:BUSP::9531702,st_struct_pedestal/91331,mywcom_route_junction/27535
ug_route/216630,OSP:BUSP:C708362,st_struct_pedestal/92126,building/68449
ug_route/216631,OSP:BUSP:C670474,st_struct_pedestal/93801,building/66324
ug_route/216632,OSP:BUSP:C667292,st_struct_pedestal/91541,st_struct_pedestal/93838
ug_route/216633,OSP:BUSP:C660800,building/66773,building/67952
ug_route/216634,OSP:BUSP:C660355,st_struct_pedestal/92332,st_struct_pedestal/93457
ug_route/216635,OSP:BUSP::8369733,st_struct_pedestal/91331,mywcom_route_junction/27690
ug_route/216636,OSP:BUSP::10388368,st_struct_pedestal/93730,pole/54235
ug_route/216637,OSP:BUSP:C650407,st_struct_pedestal/93813,st_struct_pedestal/92388
ug_route/216638,OSP:BUSP:C645180,pole/54532,pole/54241
ug_route/216639,OSP:BUSP::8189721,pole/53525,pole/53700
ug_route/216640,OSP:BUSP:C642001,st_struct_pedestal/92944,building/66720
ug_route/216641,OSP:BUSP:C660309,st_struct_pedestal/91237,st_struct_pedestal/91551
ug_route/216642,OSP:BUSP::10922761,mywcom_route_junction/27887,building/66273
ug_route/216643,OSP:BUSP:C659972,st_struct_pedestal/92998,st_struct_pedestal/93880
ug_route/216644,OSP:BUSP::10925001,st_struct_buried_splice_location/3863,st_struct_buried_splice_location/3851
ug_route/216645,OSP:FBSP::11793476,st_struct_pedestal/92452,st_struct_pedestal/91799
ug_route/216646,OSP:FBSP::10914427,st_struct_pedestal/90980,st_struct_pedestal/94198
ug_route/216647,OSP:BUSP::9501983,mywcom_route_junction/27293,mywcom_route_junction/27282
ug_route/216648,OSP:BUSP:C663434,st_struct_pedestal/93265,st_struct_pedestal/91701
ug_route/216649,OSP:BUSP:C661024,st_struct_pedestal/93629,st_struct_pedestal/90629
ug_route/216650,OSP:BUSP:C649752,st_struct_pedestal/93553,building/68339
ug_route/216651,OSP:BUSP:C663437,st_struct_pedestal/92572,st_struct_pedestal/93216
ug_route/216652,OSP:BUSP:C653671,pole/53530,pole/54507
ug_route/216653,OSP:BUSP::12922125,mywcom_route_junction/27255,st_struct_pedestal/90589
ug_route/216654,OSP:BUSP:C710018,pole/53734,mywcom_route_junction/27238
ug_route/216655,OSP:BUSP:C708349,st_struct_pedestal/94135,building/67460
ug_route/216656,OSP:BUSP:C648369,st_struct_pedestal/92405,building/68377
ug_route/216657,OSP:BUSP:C706860,pole/53391,mywcom_route_junction/27775
ug_route/216658,OSP:FBSP:C649737,cabinet/2766,building/66248
ug_route/216659,OSP:FBSP:C669110,pole/54237,building/66276
ug_route/216660,OSP:BUSP:C663465,st_struct_pedestal/93265,st_struct_pedestal/91701
ug_route/216661,OSP:BUSP:C638862,st_struct_pedestal/91783,building/66955
ug_route/216662,OSP:BUSP:C706394,mywcom_route_junction/27139,st_struct_pedestal/92505
ug_route/216663,OSP:BUSP:C663469,st_struct_pedestal/92572,st_struct_pedestal/93216
ug_route/216664,OSP:BUSP:C641953,st_struct_pedestal/93149,building/66523
ug_route/216665,OSP:FBSP:C643046,st_struct_pedestal/92979,st_struct_pedestal/93302
ug_route/216716,OSP:FBSP:C669112,st_struct_pedestal/90894,mywcom_route_junction/27689
ug_route/216666,OSP:BUSP:C656176,cabinet/2826,st_struct_pedestal/92810
ug_route/216667,OSP:FORSP::16956655,st_struct_vault/2729,mywcom_route_junction/27183
ug_route/216668,OSP:BUSP:C646087,st_struct_pedestal/93021,st_struct_pedestal/91354
ug_route/216669,OSP:BUSP:C669140,st_struct_pedestal/92698,mywcom_route_junction/27390
ug_route/216670,OSP:BUSP:C663433,st_struct_pedestal/93733,st_struct_pedestal/93265
ug_route/216671,OSP:BUSP:C709814,st_struct_pedestal/92643,mywcom_route_junction/27093
ug_route/216672,OSP:BUSP::9504191,st_struct_pedestal/94302,st_struct_pedestal/92505
ug_route/216673,OSP:BUSP:C665723,st_struct_pedestal/91990,building/66916
ug_route/216674,OSP:BUSP:C681721,st_struct_pedestal/94170,building/66928
ug_route/216675,OSP:BUSP:C702679,st_struct_pedestal/93499,st_struct_pedestal/93486
ug_route/216676,OSP:FBSP:C657013,st_struct_pedestal/92527,building/66236
ug_route/216677,OSP:BUSP::8764292,st_struct_pedestal/93010,building/66856
ug_route/216678,OSP:FBSP:C652996,st_struct_pedestal/92566,building/67444
ug_route/216679,OSP:FBSP:C661057,st_struct_pedestal/91614,building/67143
ug_route/216680,OSP:BUSP:C668467,st_struct_pedestal/94117,building/66851
ug_route/216681,OSP:BUSP:C639454,st_struct_pedestal/93314,st_struct_pedestal/91053
ug_route/216682,OSP:BUSP::10271226,st_struct_pedestal/91756,st_struct_pedestal/91892
ug_route/216683,OSP:BUSP:C663464,st_struct_pedestal/93733,st_struct_pedestal/93265
ug_route/216684,OSP:BUSP:C656303,st_struct_pedestal/93992,st_struct_pedestal/92649
ug_route/216685,OSP:BUSP:C655585,st_struct_pedestal/92221,st_struct_pedestal/91804
ug_route/216686,OSP:BUSP::11486953,st_struct_pedestal/92499,mywcom_route_junction/27707
ug_route/216687,OSP:BUSP:C637458,st_struct_pedestal/92753,building/67760
ug_route/216688,OSP:FBSP:C656435,mywcom_route_junction/27227,mywcom_route_junction/27123
ug_route/216689,OSP:BUSP:C711514,st_struct_pedestal/93571,st_struct_pedestal/91209
ug_route/216690,OSP:FORSP::16961860,mywcom_route_junction/27621,st_struct_vault/2722
ug_route/216691,OSP:BUSP:C662692,st_struct_pedestal/90548,st_struct_pedestal/93524
ug_route/216692,OSP:BUSP:C662136,st_struct_pedestal/91538,st_struct_pedestal/93489
ug_route/216693,OSP:BUSP::9510583,mywcom_route_junction/27757,st_struct_pedestal/94302
ug_route/216694,OSP:BUSP::14925364,st_struct_pedestal/91728,st_struct_pedestal/93270
ug_route/216695,OSP:BUSP:C659047,st_struct_pedestal/93797,building/66728
ug_route/216696,OSP:FBSP::8448784,mywcom_route_junction/27444,mywcom_route_junction/28048
ug_route/216697,OSP:BUSP::14296244,st_struct_pedestal/92421,st_struct_pedestal/93949
ug_route/216698,OSP:BUSP:C649040,st_struct_pedestal/90943,st_struct_pedestal/92197
ug_route/216699,OSP:BUSP:C661054,st_struct_pedestal/91976,building/68745
ug_route/216700,OSP:BUSP:C665950,st_struct_pedestal/94029,building/67997
ug_route/216701,OSP:BUSP:C640287,st_struct_pedestal/90999,st_struct_pedestal/93477
ug_route/216702,OSP:BUSP:C665510,st_struct_pedestal/93705,building/67788
ug_route/216703,OSP:BUSP::13453074,mywcom_route_junction/27146,mywcom_route_junction/27501
ug_route/216704,OSP:BUSP::8440458,pole/54532,pole/54241
ug_route/216705,OSP:BUSP:C650960,st_struct_pedestal/92984,building/67712
ug_route/216706,OSP:BUSP:C662204,st_struct_pedestal/90815,building/67663
ug_route/216707,OSP:BUSP::7622219,st_struct_pedestal/91711,building/68535
ug_route/216708,OSP:BUSP:C647232,st_struct_pedestal/94137,building/67418
ug_route/216709,OSP:BUSP:C638801,pole/54141,st_struct_pedestal/92803
ug_route/216710,OSP:BUSP:C654586,st_struct_pedestal/91579,building/67756
ug_route/216711,OSP:BUSP:C655537,st_struct_pedestal/90745,st_struct_pedestal/91740
ug_route/216712,OSP:BUSP:C671090,st_struct_pedestal/92675,st_struct_pedestal/90555
ug_route/216713,OSP:BUSP:C655103,st_struct_pedestal/91027,mywcom_route_junction/28105
ug_route/216714,OSP:BUSP:C671211,st_struct_pedestal/92820,st_struct_pedestal/91352
ug_route/216715,OSP:FORSP:D8183780,mywcom_route_junction/27461,mywcom_route_junction/27140
ug_route/216895,OSP:BUSP:C653487,st_struct_pedestal/91298,building/68222
ug_route/216717,OSP:BUSP:C657983,mywcom_route_junction/27591,st_struct_pedestal/91722
ug_route/216718,OSP:FBSP:C667382,st_struct_pedestal/91561,building/67637
ug_route/216719,OSP:BUSP:C659085,mywcom_route_junction/28044,st_struct_pedestal/90884
ug_route/216720,OSP:FBSP:C670053,st_struct_pedestal/91595,building/68237
ug_route/216721,OSP:BUSP::9157575,pole/54491,st_struct_pedestal/90553
ug_route/216722,OSP:BUSP:C662199,st_struct_pedestal/93832,st_struct_pedestal/91655
ug_route/216723,OSP:BUSP:C708385,pole/54035,mywcom_route_junction/27965
ug_route/216724,OSP:BUSP::14457210,st_struct_pedestal/92637,st_struct_pedestal/92451
ug_route/216725,OSP:BUSP:C660173,st_struct_pedestal/93811,building/66341
ug_route/216726,OSP:FORSP::16956649,st_struct_vault/2748,st_struct_vault/2720
ug_route/216727,OSP:FBSP:C662726,pole/54430,mywcom_route_junction/27951
ug_route/216728,OSP:BUSP:C643633,st_struct_pedestal/91026,st_struct_pedestal/94097
ug_route/216729,OSP:BUSP:C656261,st_struct_pedestal/91448,st_struct_pedestal/93992
ug_route/216730,OSP:BUSP:C655552,st_struct_pedestal/90745,st_struct_pedestal/91740
ug_route/216731,OSP:BUSP:C644541,pole/53629,pole/52800
ug_route/216732,OSP:BUSP::7723337,mywcom_route_junction/28199,mywcom_route_junction/28091
ug_route/216733,OSP:FBSP::15968590,st_struct_pedestal/90585,mywcom_route_junction/27214
ug_route/216734,OSP:BUSP::11504008,st_struct_pedestal/90548,st_struct_pedestal/93524
ug_route/216735,OSP:BUSP:C652007,st_struct_pedestal/92154,building/66140
ug_route/216736,OSP:FBSP:C636903,mywcom_route_junction/27564,st_struct_pedestal/90931
ug_route/216737,OSP:BUSP:C642379,pole/52985,pole/54085
ug_route/216738,OSP:BUSP::9465617,st_struct_pedestal/92820,st_struct_pedestal/92176
ug_route/216739,OSP:BUSP::8437617,pole/53060,pole/54547
ug_route/216740,OSP:FORSP::16960901,st_struct_vault/2716,st_struct_pedestal/94295
ug_route/216741,OSP:BUSP::16693374,mywcom_route_junction/27828,st_struct_pedestal/92198
ug_route/216742,OSP:BUSP::12785895,st_struct_pedestal/90627,st_struct_pedestal/91742
ug_route/216743,OSP:FBSP:C656025,pole/52476,building/68333
ug_route/216744,OSP:BUSP:C658581,st_struct_pedestal/92894,st_struct_pedestal/93395
ug_route/216745,OSP:BUSP::14956731,st_struct_pedestal/93832,st_struct_pedestal/91655
ug_route/216746,OSP:FBSP::8572948,st_struct_pedestal/93604,st_struct_pedestal/94207
ug_route/216747,OSP:BUSP:C651807,st_struct_pedestal/90869,building/68705
ug_route/216748,OSP:BUSP::10271230,st_struct_pedestal/91892,st_struct_pedestal/91131
ug_route/216749,OSP:BUSP:C667243,mywcom_route_junction/27855,pole/53276
ug_route/216750,OSP:BUSP::13713877,pole/52476,building/68333
ug_route/216751,OSP:FBSP:C670056,st_struct_pedestal/93710,building/68244
ug_route/216752,OSP:BUSP:C662211,st_struct_pedestal/93087,st_struct_pedestal/92299
ug_route/216753,OSP:BUSP:C663099,pole/53860,st_struct_pedestal/91678
ug_route/216754,OSP:BUSP:C661633,st_struct_pedestal/90807,building/66721
ug_route/216755,OSP:FBSP::13094976,st_struct_pedestal/91474,st_struct_pedestal/93822
ug_route/216756,OSP:FORSP::16956652,st_struct_vault/2720,st_struct_vault/2729
ug_route/216757,OSP:BUSP:C681427,st_struct_pedestal/93793,building/67125
ug_route/216758,OSP:BUSP:C658583,st_struct_pedestal/92894,st_struct_pedestal/93395
ug_route/216759,OSP:FBSP:C654208,st_struct_pedestal/92861,building/67434
ug_route/216760,OSP:BUSP:C653292,st_struct_pedestal/94244,st_struct_pedestal/90698
ug_route/216761,OSP:FBSP::8499682,st_struct_pedestal/91336,building/67948
ug_route/216762,OSP:BUSP::10271232,st_struct_pedestal/91892,st_struct_pedestal/91131
ug_route/216763,OSP:BUSP:C656291,st_struct_pedestal/91448,st_struct_pedestal/93992
ug_route/216764,OSP:BUSP:C652565,st_struct_pedestal/90717,st_struct_pedestal/93034
ug_route/216765,OSP:BUSP::16059132,st_struct_pedestal/92861,building/67434
ug_route/216766,OSP:BUSP::10069947,st_struct_vault/2735,st_struct_pedestal/91722
ug_route/216767,OSP:BUSP:C707665,st_struct_pedestal/93456,mywcom_route_junction/27471
ug_route/216768,OSP:BUSP:C705103,st_struct_pedestal/92386,building/67764
ug_route/216769,OSP:BUSP:C668677,st_struct_pedestal/93885,building/66538
ug_route/216770,OSP:BUSP:C649701,st_struct_pedestal/93596,building/68524
ug_route/216771,OSP:BUSP::8400464,pole/53640,st_struct_pedestal/92000
ug_route/216772,OSP:FBSP:C659922,st_struct_pedestal/91168,building/66349
ug_route/216773,OSP:FBSP:C661333,st_struct_pedestal/91981,building/68763
ug_route/216774,OSP:BUSP:C648533,st_struct_pedestal/91839,pole/52344
ug_route/216775,OSP:BUSP:C707906,st_struct_pedestal/92957,building/67753
ug_route/216776,OSP:BUSP::8437274,pole/52384,pole/53347
ug_route/216777,OSP:BUSP:C643916,st_struct_pedestal/91835,st_struct_pedestal/93386
ug_route/216778,OSP:BUSP:C652850,pole/52252,pole/52349
ug_route/216779,OSP:BUSP:C646137,st_struct_pedestal/94234,building/67283
ug_route/216780,OSP:BUSP:C639427,st_struct_pedestal/93135,st_struct_pedestal/92768
ug_route/216781,OSP:BUSP:C660978,st_struct_pedestal/92665,st_struct_pedestal/90608
ug_route/216782,OSP:BUSP::16681874,st_struct_pedestal/92583,building/66269
ug_route/216783,OSP:BUSP:C643985,st_struct_pedestal/93008,st_struct_pedestal/92611
ug_route/216784,OSP:FBSP::13095316,pole/52321,building/66785
ug_route/216785,OSP:BUSP:C661617,st_struct_pedestal/93536,st_struct_pedestal/90906
ug_route/216786,OSP:BUSP:C643964,st_struct_pedestal/91835,st_struct_pedestal/93008
ug_route/216787,OSP:BUSP:C659636,st_struct_pedestal/92918,building/68480
ug_route/216788,OSP:BUSP:C669158,pole/52629,mywcom_route_junction/27932
ug_route/216789,OSP:BUSP::10415607,st_struct_pedestal/91448,st_struct_pedestal/93992
ug_route/216790,OSP:BUSP:C661068,st_struct_pedestal/91976,st_struct_pedestal/93473
ug_route/216896,OSP:BUSP:C641769,st_struct_pedestal/92838,building/66150
ug_route/216791,OSP:BUSP:C657819,st_struct_pedestal/92438,building/66763
ug_route/216792,OSP:BUSP:C643826,st_struct_pedestal/91835,st_struct_pedestal/93386
ug_route/216793,OSP:BUSP:C669699,mywcom_route_junction/27270,st_struct_pedestal/93594
ug_route/216794,OSP:BUSP:C651702,st_struct_pedestal/93907,building/66610
ug_route/216795,OSP:FBSP:C704957,st_struct_buried_splice_location/3977,mywcom_route_junction/28112
ug_route/216796,OSP:BUSP::15995445,pole/53107,building/67280
ug_route/216797,OSP:BUSP:C643825,st_struct_pedestal/93503,building/66442
ug_route/216798,OSP:FBSP::16865865,st_struct_pedestal/92862,pole/54124
ug_route/216799,OSP:BUSP::8587344,st_struct_pedestal/93937,st_struct_pedestal/92632
ug_route/216800,OSP:BUSP:C668516,st_struct_pedestal/94102,st_struct_pedestal/91491
ug_route/216801,OSP:BUSP::9466872,st_struct_pedestal/92361,st_struct_pedestal/91081
ug_route/216802,OSP:FBSP:C710030,mywcom_route_junction/27369,building/67479
ug_route/216803,OSP:FBSP:C656137,pole/52594,mywcom_route_junction/27129
ug_route/216804,OSP:BUSP:C654477,st_struct_pedestal/94069,st_struct_pedestal/92730
ug_route/216805,OSP:BUSP:C660490,st_struct_pedestal/92937,st_struct_pedestal/93542
ug_route/216806,OSP:BUSP:C659659,st_struct_pedestal/93672,building/66901
ug_route/216807,OSP:BUSP:C708250,st_struct_pedestal/90753,building/68323
ug_route/216808,OSP:BUSP::8061896,st_struct_pedestal/92174,st_struct_pedestal/92450
ug_route/216809,OSP:BUSP:C656642,st_struct_pedestal/93453,building/67284
ug_route/216810,OSP:BUSP:C648060,st_struct_pedestal/91805,building/66982
ug_route/216811,OSP:BUSP:C653579,st_struct_pedestal/92884,building/67979
ug_route/216812,OSP:BUSP:C651998,st_struct_pedestal/94118,building/68292
ug_route/216813,OSP:BUSP:C682187,st_struct_pedestal/90945,building/67373
ug_route/216814,OSP:FBSP:C666365,pole/52886,building/67830
ug_route/216815,OSP:BUSP:C651664,cabinet/2796,st_struct_pedestal/90707
ug_route/216816,OSP:BUSP:C667950,st_struct_pedestal/92430,st_struct_pedestal/93972
ug_route/216817,OSP:BUSP:C656916,st_struct_pedestal/91355,st_struct_pedestal/90926
ug_route/216818,OSP:BUSP:C659657,st_struct_pedestal/93672,building/66901
ug_route/216819,OSP:BUSP:C642304,st_struct_pedestal/93472,building/66148
ug_route/216820,OSP:BUSP:C708350,st_struct_pedestal/94135,building/66918
ug_route/216821,OSP:BUSP::8402708,mywcom_route_junction/27305,mywcom_route_junction/27994
ug_route/216822,OSP:BUSP::15126654,st_struct_pedestal/93972,st_struct_pedestal/92430
ug_route/216823,OSP:BUSP:C646906,st_struct_pedestal/92658,building/68774
ug_route/216824,OSP:BUSP::8384137,mywcom_route_junction/28086,building/66671
ug_route/216825,OSP:BUSP::8499677,st_struct_pedestal/92058,st_struct_pedestal/91278
ug_route/216826,OSP:BUSP:C668679,st_struct_pedestal/93885,building/67577
ug_route/216827,OSP:BUSP:C639457,st_struct_pedestal/93314,st_struct_pedestal/93803
ug_route/216828,OSP:BUSP::8397588,st_struct_pedestal/91769,st_struct_pedestal/92960
ug_route/216829,OSP:BUSP:C667967,st_struct_pedestal/92430,st_struct_pedestal/93972
ug_route/216830,OSP:BUSP:C641611,st_struct_pedestal/93917,building/68392
ug_route/216831,OSP:BUSP:C647167,st_struct_pedestal/93808,building/67642
ug_route/216832,OSP:BUSP::11413654,pole/53296,building/68184
ug_route/216833,OSP:BUSP:C650809,st_struct_pedestal/91440,st_struct_pedestal/92629
ug_route/216834,OSP:BUSP:C654856,st_struct_pedestal/93253,building/67591
ug_route/216835,OSP:BUSP:C658025,st_struct_buried_splice_location/3932,st_struct_pedestal/91047
ug_route/216836,OSP:BUSP::11555062,cabinet/2774,st_struct_pedestal/93937
ug_route/216837,OSP:BUSP::8446855,st_struct_pedestal/91146,st_struct_pedestal/92580
ug_route/216838,OSP:BUSP::10406615,building/67517,building/67690
ug_route/216839,OSP:BUSP::16685410,st_struct_pedestal/90619,building/66098
ug_route/216840,OSP:BUSP:C644026,st_struct_pedestal/92370,st_struct_pedestal/94149
ug_route/216841,OSP:BUSP:C654953,pole/53051,pole/53375
ug_route/216842,OSP:BUSP::11085098,st_struct_pedestal/91325,st_struct_pedestal/93839
ug_route/216843,OSP:FBSP::8572613,pole/53223,mywcom_route_junction/27448
ug_route/216844,OSP:BUSP::8448782,pole/53049,mywcom_route_junction/27977
ug_route/216845,OSP:BUSP:C682017,st_struct_pedestal/92512,building/67908
ug_route/216846,OSP:BUSP:C655391,st_struct_pedestal/92891,building/66524
ug_route/216847,OSP:FBSP::9282390,st_struct_pedestal/92151,building/68709
ug_route/216848,OSP:FORSP::16943301,st_struct_vault/2746,st_struct_vault/2734
ug_route/216849,OSP:BUSP:C650808,st_struct_pedestal/91440,st_struct_pedestal/92629
ug_route/216850,OSP:BUSP:C647283,st_struct_pedestal/92681,building/68647
ug_route/216851,OSP:BUSP:C641467,st_struct_pedestal/94246,building/66550
ug_route/216852,OSP:BUSP:C706886,st_struct_pedestal/91047,st_struct_buried_splice_location/3992
ug_route/216853,OSP:BUSP:C645926,st_struct_pedestal/93438,building/66689
ug_route/216854,OSP:BUSP:C651106,st_struct_pedestal/92289,building/68428
ug_route/216855,OSP:BUSP:C658287,st_struct_pedestal/92403,st_struct_pedestal/90932
ug_route/216856,OSP:BUSP:C642341,st_struct_pedestal/93313,building/67927
ug_route/216857,OSP:BUSP:C643674,st_struct_buried_splice_location/3849,building/66680
ug_route/216858,OSP:BUSP:C655627,st_struct_pedestal/91060,building/66634
ug_route/216859,OSP:BUSP:C642100,pole/54386,pole/52271
ug_route/216860,OSP:BUSP:C658836,st_struct_pedestal/94230,building/68423
ug_route/216861,OSP:BUSP::16829718,building/68230,st_struct_pedestal/91472
ug_route/216862,OSP:BUSP::8397589,st_struct_pedestal/92960,st_struct_pedestal/91769
ug_route/216863,OSP:BUSP:C661664,st_struct_pedestal/94101,st_struct_pedestal/92410
ug_route/216864,OSP:BUSP:C668520,st_struct_pedestal/94102,st_struct_pedestal/91491
ug_route/216865,OSP:BUSP::9548349,pole/53860,st_struct_pedestal/93704
ug_route/216866,OSP:BUSP:C655210,st_struct_pedestal/91658,building/68088
ug_route/216867,OSP:BUSP:C640976,st_struct_pedestal/92951,building/67315
ug_route/216868,OSP:FBSP:C661811,st_struct_pedestal/93177,building/66454
ug_route/216869,OSP:BUSP:C662656,st_struct_pedestal/90792,st_struct_pedestal/94304
ug_route/216870,OSP:BUSP:C641319,st_struct_pedestal/94019,building/67019
ug_route/216871,OSP:BUSP:C666075,st_struct_pedestal/93184,st_struct_pedestal/92362
ug_route/216872,OSP:BUSP:C651720,st_struct_pedestal/92978,pole/52927
ug_route/216873,OSP:BUSP:C648810,st_struct_pedestal/91065,building/68436
ug_route/216874,OSP:BUSP:C640715,st_struct_pedestal/92605,building/66653
ug_route/216875,OSP:FBSP::9846581,st_struct_pedestal/93335,building/68307
ug_route/216876,OSP:BUSP:C647280,st_struct_pedestal/92681,building/66586
ug_route/216877,OSP:BUSP:C652796,st_struct_pedestal/91449,building/68170
ug_route/216878,OSP:BUSP:C660965,st_struct_pedestal/93708,building/66526
ug_route/216879,OSP:BUSP:C645789,st_struct_pedestal/94296,st_struct_pedestal/91524
ug_route/216880,OSP:BUSP:C706063,st_struct_pedestal/93918,st_struct_pedestal/91193
ug_route/216881,OSP:FBSP::12348118,st_struct_pedestal/93873,st_struct_pedestal/91729
ug_route/216882,OSP:BUSP:C651727,st_struct_pedestal/92386,building/68109
ug_route/216883,OSP:BUSP:C660686,st_struct_pedestal/91823,st_struct_pedestal/93647
ug_route/216884,OSP:BUSP::8433751,st_struct_pedestal/92641,pole/54539
ug_route/216885,OSP:BUSP::8586059,pole/52930,st_struct_pedestal/93373
ug_route/216886,OSP:BUSP:C665613,st_struct_pedestal/91562,building/68038
ug_route/216887,OSP:BUSP::8575507,cabinet/2841,mywcom_route_junction/27950
ug_route/216888,OSP:BUSP:C666970,st_struct_pedestal/92780,st_struct_pedestal/93749
ug_route/216889,OSP:BUSP:C654570,st_struct_pedestal/91462,building/68817
ug_route/216890,OSP:FBSP:C670093,mywcom_route_junction/27516,building/67784
ug_route/216891,OSP:BUSP::9401461,pole/52770,pole/53507
ug_route/216892,OSP:BUSP:C665511,st_struct_pedestal/93705,building/68815
ug_route/216893,OSP:BUSP:C671346,st_struct_pedestal/93873,mywcom_route_junction/28184
ug_route/216894,OSP:BUSP:C657475,st_struct_pedestal/93854,building/66867
ug_route/216897,OSP:BUSP:C659761,st_struct_pedestal/91980,st_struct_pedestal/92520
ug_route/216898,OSP:FBSP::8673461,st_struct_pedestal/93584,building/66152
ug_route/216899,OSP:BUSP:C655359,st_struct_pedestal/94243,building/66517
ug_route/216900,OSP:FBSP:C709987,st_struct_pedestal/90737,building/68852
ug_route/216901,OSP:BUSP:C647358,st_struct_buried_splice_location/3982,building/67895
ug_route/216902,OSP:FBSP:C707525,building/67787,mywcom_route_junction/27591
ug_route/216903,OSP:BUSP::8591499,st_struct_pedestal/91853,st_struct_pedestal/90959
ug_route/216904,OSP:BUSP:C651006,st_struct_pedestal/90700,building/66597
ug_route/216905,OSP:BUSP::15118966,pole/54539,st_struct_pedestal/92641
ug_route/216906,OSP:BUSP:C650374,st_struct_buried_splice_location/3953,building/67199
ug_route/216907,OSP:BUSP:C669957,st_struct_pedestal/93478,st_struct_pedestal/91841
ug_route/216908,OSP:BUSP:C655147,st_struct_pedestal/90658,building/67010
ug_route/216909,OSP:BUSP:C660189,st_struct_pedestal/92544,st_struct_pedestal/91787
ug_route/216910,OSP:BUSP:C661089,st_struct_pedestal/91678,st_struct_pedestal/94257
ug_route/216911,OSP:BUSP:C668716,st_struct_pedestal/90619,building/66307
ug_route/216912,OSP:BUSP:C661969,st_struct_pedestal/93965,building/66892
ug_route/216913,OSP:BUSP:C653936,st_struct_pedestal/92244,st_struct_pedestal/91093
ug_route/216914,OSP:BUSP:C653489,st_struct_pedestal/92922,building/67132
ug_route/216915,OSP:BUSP:C655597,mywcom_route_junction/27487,st_struct_pedestal/92959
ug_route/216916,OSP:BUSP:C660453,st_struct_pedestal/93999,mywcom_route_junction/27550
ug_route/216917,OSP:BUSP:C659845,st_struct_pedestal/90604,building/67866
ug_route/216918,OSP:FBSP::8490053,mywcom_route_junction/27278,building/68376
ug_route/216919,OSP:BUSP::9269893,st_struct_pedestal/94325,st_struct_pedestal/93014
ug_route/216920,OSP:BUSP:C656334,st_struct_pedestal/93012,st_struct_buried_splice_location/3860
ug_route/216921,OSP:BUSP:C657100,st_struct_pedestal/94329,building/68258
ug_route/216922,OSP:BUSP:C648532,st_struct_pedestal/92620,building/67235
ug_route/216923,OSP:BUSP:C656493,st_struct_pedestal/92953,building/66500
ug_route/216924,OSP:BUSP:C657821,st_struct_pedestal/94165,building/68073
ug_route/216925,OSP:FBSP:C662683,st_struct_pedestal/91807,building/67629
ug_route/216926,OSP:BUSP:C656341,st_struct_pedestal/92314,st_struct_pedestal/93693
ug_route/216927,OSP:BUSP:C643516,st_struct_pedestal/91844,building/67260
ug_route/216928,OSP:BUSP:C645477,st_struct_pedestal/94325,st_struct_pedestal/93014
ug_route/216929,OSP:BUSP::10137957,building/67248,st_struct_pedestal/93631
ug_route/216930,OSP:BUSP:C653681,st_struct_pedestal/93557,building/68100
ug_route/216931,OSP:BUSP:C670401,st_struct_pedestal/91706,building/68476
ug_route/216932,OSP:BUSP:C655972,mywcom_route_junction/27949,mywcom_route_junction/27522
ug_route/216933,OSP:BUSP:C641595,st_struct_pedestal/92538,building/68579
ug_route/216934,OSP:BUSP:C658778,st_struct_pedestal/91363,building/66192
ug_route/216935,OSP:BUSP:C662479,st_struct_pedestal/92344,st_struct_buried_splice_location/3918
ug_route/216936,OSP:BUSP::8490059,pole/53674,st_struct_pedestal/92709
ug_route/216937,OSP:BUSP:C681690,st_struct_buried_splice_location/3924,building/66687
ug_route/216938,OSP:BUSP:C649702,st_struct_buried_splice_location/3976,st_struct_pedestal/91250
ug_route/216939,OSP:BUSP:C641976,st_struct_pedestal/90833,building/67590
ug_route/216940,OSP:BUSP:C661974,st_struct_pedestal/93770,building/67808
ug_route/216941,OSP:BUSP:C658804,st_struct_pedestal/92148,building/68669
ug_route/216942,OSP:BUSP:C655596,mywcom_route_junction/27487,st_struct_pedestal/92959
ug_route/216943,OSP:BUSP::8403012,st_struct_pedestal/92905,st_struct_pedestal/93716
ug_route/216944,OSP:BUSP:C706055,st_struct_pedestal/93918,st_struct_pedestal/91193
ug_route/216945,OSP:BUSP:C661686,st_struct_pedestal/92191,st_struct_pedestal/91028
ug_route/216946,OSP:BUSP:C642876,st_struct_pedestal/93887,st_struct_pedestal/91928
ug_route/216947,OSP:BUSP:C707125,building/66987,building/68477
ug_route/216948,OSP:BUSP:C655503,st_struct_pedestal/93504,st_struct_pedestal/93558
ug_route/216949,OSP:BUSP:C649711,st_struct_buried_splice_location/3976,st_struct_pedestal/91250
ug_route/216950,OSP:FBSP::14456564,st_struct_pedestal/91077,st_struct_pedestal/93968
ug_route/216951,OSP:BUSP::8590217,st_struct_pedestal/93833,st_struct_pedestal/92924
ug_route/216952,OSP:BUSP:C655533,st_struct_pedestal/93504,st_struct_pedestal/93558
ug_route/216953,OSP:BUSP:C657140,mywcom_route_junction/27199,building/68569
ug_route/216954,OSP:BUSP::16019459,st_struct_pedestal/91722,building/68217
ug_route/216955,OSP:BUSP:C657808,st_struct_pedestal/92702,st_struct_pedestal/90632
ug_route/216956,OSP:BUSP:C656229,pole/54180,st_struct_pedestal/93997
ug_route/216957,OSP:BUSP:C669814,st_struct_pedestal/93282,st_struct_pedestal/91745
ug_route/216958,OSP:BUSP:C655355,st_struct_pedestal/91738,building/67372
ug_route/216959,OSP:FBSP:C662657,st_struct_pedestal/94304,building/67359
ug_route/216960,OSP:BUSP:C654341,st_struct_pedestal/91307,st_struct_pedestal/90562
ug_route/216961,OSP:FBSP::8885253,st_struct_pedestal/91367,st_struct_pedestal/91234
ug_route/216962,OSP:BUSP:C662377,st_struct_buried_splice_location/3915,building/67368
ug_route/216963,OSP:BUSP::9461348,st_struct_pedestal/91497,st_struct_pedestal/91507
ug_route/216964,OSP:BUSP::8439826,cabinet/2769,st_struct_pedestal/91439
ug_route/216965,OSP:BUSP::8439822,pole/52732,pole/54079
ug_route/216966,OSP:BUSP::8603034,mywcom_route_junction/27923,st_struct_pedestal/91521
ug_route/216967,OSP:BUSP:C646458,st_struct_pedestal/93922,st_struct_buried_splice_location/3857
ug_route/216968,OSP:BUSP:C657391,st_struct_pedestal/94109,mywcom_route_junction/28140
ug_route/216969,OSP:BUSP:C708397,mywcom_route_junction/28099,mywcom_route_junction/27648
ug_route/216970,OSP:FBSP:C653414,pole/52894,building/66474
ug_route/216971,OSP:BUSP::15225252,st_struct_pedestal/93448,st_struct_pedestal/92074
ug_route/216972,OSP:BUSP:C650991,st_struct_pedestal/90700,building/67935
ug_route/216973,OSP:BUSP:C711711,st_struct_pedestal/90676,st_struct_pedestal/93574
ug_route/216974,OSP:BUSP::9386743,pole/53051,pole/54081
ug_route/216975,OSP:FBSP::8330092,st_struct_pedestal/92256,st_struct_pedestal/90785
ug_route/216976,OSP:BUSP::10765302,st_struct_pedestal/90770,building/67688
ug_route/216977,OSP:BUSP::9653621,pole/53674,st_struct_pedestal/92633
ug_route/216978,OSP:BUSP::8399819,st_struct_pedestal/91494,st_struct_pedestal/94075
ug_route/216979,OSP:FBSP:C705131,pole/52594,building/67478
ug_route/216980,OSP:BUSP::12785896,st_struct_pedestal/90627,building/66198
ug_route/216981,OSP:BUSP:C682186,st_struct_pedestal/90945,building/68233
ug_route/216982,OSP:FBSP::8345740,st_struct_pedestal/93192,st_struct_pedestal/93286
ug_route/216983,OSP:BUSP:C655485,mywcom_route_junction/27611,st_struct_pedestal/92492
ug_route/216984,OSP:BUSP:C653564,st_struct_pedestal/92835,building/66765
ug_route/216985,OSP:BUSP::8437278,mywcom_route_junction/27538,building/66281
ug_route/216986,OSP:BUSP:C653679,st_struct_pedestal/93943,building/68577
ug_route/216987,OSP:BUSP:C653475,st_struct_pedestal/93015,building/67401
ug_route/216988,OSP:BUSP:C664825,st_struct_pedestal/93852,building/68819
ug_route/216989,OSP:BUSP:C648036,st_struct_buried_splice_location/3997,st_struct_pedestal/93924
ug_route/216990,OSP:FBSP:C708406,building/68364,building/66662
ug_route/216991,OSP:BUSP:C649092,st_struct_pedestal/90623,building/68041
ug_route/216992,OSP:BUSP::10388362,mywcom_route_junction/27340,st_struct_pedestal/90758
ug_route/216993,OSP:BUSP:C669726,st_struct_pedestal/93292,st_struct_pedestal/93594
ug_route/216994,OSP:BUSP:C660168,st_struct_pedestal/90637,building/68412
ug_route/216995,OSP:BUSP:C647460,st_struct_pedestal/92650,building/66560
ug_route/216996,OSP:BUSP:C689256,st_struct_pedestal/93372,building/67041
ug_route/216997,OSP:BUSP::8370710,st_struct_pedestal/91561,st_struct_pedestal/91541
ug_route/216998,OSP:BUSP::7625128,pole/53953,pole/53804
ug_route/216999,OSP:BUSP:C648104,st_struct_buried_splice_location/3964,st_struct_pedestal/93924
ug_route/217000,OSP:BUSP:C681661,st_struct_pedestal/91586,st_struct_pedestal/93308
ug_route/217001,OSP:BUSP:C668718,st_struct_pedestal/90619,building/66307
ug_route/217002,OSP:BUSP:C706062,st_struct_pedestal/92384,building/66731
ug_route/217003,OSP:BUSP::14661684,st_struct_pedestal/90542,building/67250
ug_route/217004,OSP:BUSP:C646136,st_struct_pedestal/94234,building/66697
ug_route/217005,OSP:BUSP:C655357,st_struct_pedestal/94243,building/66667
ug_route/217006,OSP:BUSP::15997686,st_struct_pedestal/91159,mywcom_route_junction/27996
ug_route/217007,OSP:BUSP:C650410,st_struct_pedestal/93683,st_struct_pedestal/91231
ug_route/217008,OSP:BUSP::8434375,st_struct_pedestal/94295,mywcom_route_junction/27179
ug_route/217009,OSP:BUSP::8448778,st_struct_pedestal/91250,mywcom_route_junction/27965
ug_route/217010,OSP:BUSP:C659527,st_struct_pedestal/92522,building/66325
ug_route/217011,OSP:BUSP::9529785,st_struct_pedestal/91331,mywcom_route_junction/27217
ug_route/217012,OSP:BUSP::14561525,st_struct_pedestal/92077,st_struct_pedestal/93891
ug_route/217013,OSP:BUSP:C634120,st_struct_pedestal/93823,mywcom_route_junction/27133
ug_route/217014,OSP:BUSP::8573898,st_struct_pedestal/91507,st_struct_pedestal/90854
ug_route/217015,OSP:BUSP::8448160,mywcom_route_junction/27233,st_struct_pedestal/93823
ug_route/217016,OSP:BUSP:C650969,st_struct_pedestal/90700,building/68350
ug_route/217017,OSP:FBSP::13684428,mywcom_route_junction/27916,st_struct_pedestal/93030
ug_route/217018,OSP:BUSP:C652701,st_struct_pedestal/92886,building/68172
ug_route/217019,OSP:BUSP:C660914,st_struct_pedestal/92014,building/66350
ug_route/217020,OSP:BUSP:C650370,st_struct_pedestal/93269,st_struct_pedestal/91262
ug_route/217021,OSP:BUSP:C665085,st_struct_pedestal/93077,mywcom_route_junction/27705
ug_route/217022,OSP:BUSP:C644453,st_struct_pedestal/92383,building/67720
ug_route/217023,OSP:BUSP:C651394,st_struct_pedestal/93988,building/67481
ug_route/217024,OSP:BUSP:C642165,st_struct_buried_splice_location/3870,st_struct_pedestal/92943
ug_route/217025,OSP:FBSP::13098246,st_struct_pedestal/91138,st_struct_pedestal/91218
ug_route/217026,OSP:BUSP::14258810,building/67579,building/66104
ug_route/217027,OSP:BUSP:C662519,st_struct_pedestal/91213,building/66285
ug_route/217028,OSP:BUSP:C655350,st_struct_pedestal/91738,building/66411
ug_route/217029,OSP:BUSP:C650431,st_struct_pedestal/93269,st_struct_pedestal/91262
ug_route/217030,OSP:BUSP:C656661,st_struct_pedestal/92205,st_struct_buried_splice_location/3927
ug_route/217031,OSP:BUSP:C654351,st_struct_pedestal/90898,st_struct_pedestal/94030
ug_route/217032,OSP:BUSP::12785898,st_struct_pedestal/93076,st_struct_pedestal/91667
ug_route/217033,OSP:BUSP::16685373,mywcom_route_junction/27603,mywcom_route_junction/27780
ug_route/217034,OSP:BUSP:C643611,st_struct_pedestal/92407,st_struct_pedestal/93586
ug_route/217035,OSP:BUSP::8370713,st_struct_pedestal/92758,mywcom_route_junction/27114
ug_route/217036,OSP:FORSP::16962500,st_struct_vault/2769,st_struct_vault/2747
ug_route/217037,OSP:BUSP:C681662,st_struct_pedestal/91586,st_struct_pedestal/93308
ug_route/217038,OSP:BUSP:C639765,st_struct_pedestal/92618,building/68194
ug_route/217039,OSP:BUSP:C711699,st_struct_pedestal/93689,st_struct_pedestal/91092
ug_route/217040,OSP:FBSP::8346070,st_struct_pedestal/93286,st_struct_pedestal/93979
ug_route/217041,OSP:FBSP:C670072,pole/53885,building/68045
ug_route/217042,OSP:BUSP:C648372,st_struct_pedestal/91661,building/67854
ug_route/217043,OSP:BUSP:C645888,st_struct_pedestal/94321,st_struct_pedestal/91959
ug_route/217044,OSP:BUSP:C656511,st_struct_pedestal/91646,building/66739
ug_route/217045,OSP:BUSP:C646552,st_struct_pedestal/92848,building/68180
ug_route/217046,OSP:BUSP:C660105,st_struct_pedestal/91586,building/66368
ug_route/217047,OSP:BUSP:C671340,mywcom_route_junction/28201,mywcom_route_junction/27481
ug_route/217048,OSP:BUSP:C650561,st_struct_buried_splice_location/3917,st_struct_pedestal/93770
ug_route/217049,OSP:BUSP:C708209,mywcom_route_junction/27526,st_struct_pedestal/91508
ug_route/217050,OSP:BUSP:C641433,st_struct_pedestal/90567,st_struct_pedestal/94249
ug_route/217051,OSP:BUSP::15996729,st_struct_pedestal/91934,st_struct_pedestal/91918
ug_route/217052,OSP:BUSP:C651810,st_struct_pedestal/91206,building/67045
ug_route/217053,OSP:BUSP:C659732,st_struct_pedestal/92828,st_struct_pedestal/93423
ug_route/217054,OSP:BUSP:C661327,building/67836,st_struct_pedestal/91981
ug_route/217055,OSP:BUSP::8490060,st_struct_pedestal/92709,st_struct_pedestal/91728
ug_route/217056,OSP:BUSP:C710150,mywcom_route_junction/28062,st_struct_pedestal/92758
ug_route/217057,OSP:FBSP::8575842,mywcom_route_junction/28035,building/68361
ug_route/217058,OSP:BUSP:C665514,st_struct_pedestal/93029,building/67237
ug_route/217059,OSP:BUSP:C656304,st_struct_pedestal/92649,st_struct_pedestal/92760
ug_route/217060,OSP:BUSP::8083332,st_struct_pedestal/92337,st_struct_pedestal/91663
ug_route/217061,OSP:BUSP:C645314,st_struct_pedestal/91412,building/67846
ug_route/217062,OSP:BUSP:C663460,st_struct_pedestal/93920,st_struct_pedestal/93005
ug_route/217063,OSP:BUSP:C657093,st_struct_pedestal/93284,st_struct_pedestal/91925
ug_route/217064,OSP:BUSP:C661733,st_struct_pedestal/93877,building/66499
ug_route/217065,OSP:BUSP:C659745,st_struct_pedestal/92828,st_struct_pedestal/91888
ug_route/217066,OSP:BUSP::8589579,st_struct_pedestal/92127,st_struct_pedestal/93115
ug_route/217067,OSP:BUSP:C708251,st_struct_pedestal/90753,building/66274
ug_route/217068,OSP:BUSP:C642244,st_struct_pedestal/92943,st_struct_buried_splice_location/3910
ug_route/217091,OSP:FBSP:C644496,mywcom_route_junction/27600,st_struct_pedestal/90746
ug_route/217092,OSP:BUSP:C647475,st_struct_buried_splice_location/3961,st_struct_buried_splice_location/3904
ug_route/217093,OSP:BUSP:C653418,pole/52926,pole/53640
ug_route/217094,OSP:BUSP::8365256,st_struct_pedestal/92226,st_struct_pedestal/92019
ug_route/217069,OSP:BUSP::10876660,mywcom_route_junction/27651,st_struct_vault/2718
ug_route/217070,OSP:BUSP:C657471,st_struct_pedestal/93854,building/66384
ug_route/217071,OSP:BUSP:C671225,st_struct_pedestal/92322,st_struct_pedestal/92913
ug_route/217072,OSP:BUSP:C648566,st_struct_pedestal/91122,building/67954
ug_route/217073,OSP:BUSP:C642300,st_struct_pedestal/93472,building/68840
ug_route/217074,OSP:BUSP::9469358,st_struct_pedestal/92322,st_struct_pedestal/92913
ug_route/217075,OSP:BUSP:C647284,st_struct_pedestal/94321,st_struct_pedestal/91959
ug_route/217076,OSP:BUSP:C708282,st_struct_pedestal/92198,st_struct_pedestal/92062
ug_route/217077,OSP:BUSP:C646148,st_struct_pedestal/94077,building/67703
ug_route/217078,OSP:BUSP:C658680,st_struct_pedestal/92759,st_struct_pedestal/93322
ug_route/217079,OSP:BUSP:C648528,st_struct_pedestal/94062,building/67946
ug_route/217080,OSP:FBSP:C662733,st_struct_pedestal/93629,mywcom_route_junction/27996
ug_route/217081,OSP:BUSP::8575837,st_struct_pedestal/93764,mywcom_route_junction/27491
ug_route/217082,OSP:BUSP::8499674,st_struct_pedestal/92913,st_struct_pedestal/92322
ug_route/217083,OSP:BUSP:C705971,mywcom_route_junction/27483,st_struct_buried_splice_location/3970
ug_route/217084,OSP:BUSP::8591507,cabinet/2853,st_struct_pedestal/94283
ug_route/217085,OSP:BUSP:C653388,st_struct_pedestal/94244,st_struct_pedestal/90698
ug_route/217086,OSP:FBSP:C634023,st_struct_pedestal/93618,building/67366
ug_route/217087,OSP:BUSP:C657830,st_struct_pedestal/93160,building/66164
ug_route/217088,OSP:BUSP:C659778,st_struct_pedestal/92828,st_struct_pedestal/91888
ug_route/217089,OSP:FBSP:C650436,st_struct_pedestal/90728,building/68195
ug_route/217090,OSP:BUSP:C662412,st_struct_buried_splice_location/3915,st_struct_pedestal/91194
ug_route/217095,OSP:BUSP:C662277,st_struct_pedestal/93336,st_struct_pedestal/93939
ug_route/217096,OSP:BUSP::9550280,mywcom_route_junction/27531,st_struct_pedestal/93393
ug_route/217097,OSP:BUSP:C689236,st_struct_pedestal/91985,st_struct_pedestal/91712
ug_route/217098,OSP:FBSP::8448162,st_struct_pedestal/93618,building/67366
ug_route/217099,OSP:BUSP:C639180,st_struct_pedestal/93025,building/67814
ug_route/217100,OSP:BUSP:C708394,mywcom_route_junction/27430,mywcom_route_junction/27891
ug_route/217101,OSP:FBSP::11479226,st_struct_pedestal/90593,building/68465
ug_route/217102,OSP:BUSP:C645807,st_struct_pedestal/92155,building/66806
ug_route/217103,OSP:BUSP:C662161,st_struct_pedestal/93832,st_struct_pedestal/92641
ug_route/217104,OSP:BUSP:C659720,mywcom_route_junction/27622,mywcom_route_junction/27100
ug_route/217105,OSP:BUSP:C708059,st_struct_pedestal/93214,building/68848
ug_route/217106,OSP:BUSP:C648996,st_struct_pedestal/91416,building/68645
ug_route/217107,OSP:BUSP:C662547,st_struct_buried_splice_location/3915,st_struct_pedestal/91194
ug_route/217108,OSP:BUSP::8586058,pole/52930,st_struct_pedestal/92083
ug_route/217109,OSP:FBSP:C670012,st_struct_pedestal/92097,building/66216
ug_route/217110,OSP:BUSP:C653680,st_struct_pedestal/93943,st_struct_pedestal/93557
ug_route/217111,OSP:BUSP::8345415,mywcom_route_junction/27098,st_struct_pedestal/90774
ug_route/217112,OSP:BUSP:C646053,st_struct_pedestal/91338,building/67955
ug_route/217113,OSP:BUSP:C657455,st_struct_pedestal/91261,building/66116
ug_route/217114,OSP:BUSP:C642356,st_struct_pedestal/94241,building/66551
ug_route/217115,OSP:BUSP:C658687,st_struct_pedestal/92759,st_struct_pedestal/93322
ug_route/217116,OSP:BUSP:C670505,st_struct_pedestal/90688,building/68256
ug_route/217117,OSP:BUSP:C670399,st_struct_pedestal/92274,building/66110
ug_route/217118,OSP:BUSP::8403013,pole/54510,st_struct_pedestal/92905
ug_route/217119,OSP:BUSP:C669135,pole/53633,st_struct_pedestal/92698
ug_route/217144,OSP:BUSP:C656620,st_struct_pedestal/91631,building/67310
ug_route/217120,OSP:BUSP::16692436,pole/53938,st_struct_pedestal/90743
ug_route/217121,OSP:BUSP:C651392,st_struct_pedestal/93988,building/68606
ug_route/217122,OSP:BUSP::15996086,st_struct_pedestal/92097,building/66216
ug_route/217123,OSP:BUSP:C649716,st_struct_pedestal/93684,st_struct_pedestal/94254
ug_route/217124,OSP:BUSP::8447825,pole/53465,pole/53433
ug_route/217125,OSP:BUSP:C650388,st_struct_pedestal/90728,st_struct_pedestal/92976
ug_route/217126,OSP:BUSP:C648809,st_struct_pedestal/91065,building/68297
ug_route/217127,OSP:BUSP::15824268,st_struct_pedestal/93891,st_struct_pedestal/93508
ug_route/217128,OSP:BUSP:C665150,mywcom_route_junction/27737,mywcom_route_junction/27638
ug_route/217129,OSP:BUSP::8403014,st_struct_pedestal/93716,st_struct_pedestal/90960
ug_route/217130,OSP:BUSP::15126683,pole/54333,st_struct_pedestal/92394
ug_route/217131,OSP:BUSP::9444454,st_struct_pedestal/90626,st_struct_pedestal/92171
ug_route/217132,OSP:BUSP:C641445,st_struct_pedestal/94249,building/67889
ug_route/217133,OSP:BUSP::10456565,st_struct_pedestal/93335,st_struct_pedestal/93617
ug_route/217134,OSP:FBSP::8499669,st_struct_pedestal/90780,building/66865
ug_route/217135,OSP:BUSP:C648589,st_struct_pedestal/93227,building/67013
ug_route/217136,OSP:BUSP:C650434,st_struct_pedestal/90728,st_struct_pedestal/92976
ug_route/217137,OSP:BUSP::8447499,st_struct_pedestal/92580,st_struct_pedestal/91169
ug_route/217138,OSP:BUSP:C659525,mywcom_route_junction/27581,mywcom_route_junction/27512
ug_route/217139,OSP:BUSP:C654484,st_struct_pedestal/92730,building/67233
ug_route/217140,OSP:BUSP:C639681,st_struct_pedestal/92423,building/67176
ug_route/217141,OSP:FBSP::8415815,mywcom_route_junction/28084,mywcom_route_junction/27347
ug_route/217142,OSP:BUSP::15996422,st_struct_pedestal/93002,mywcom_route_junction/28113
ug_route/217143,OSP:BUSP::15006009,mywcom_route_junction/28038,mywcom_route_junction/27168
ug_route/217145,OSP:BUSP:C707871,mywcom_route_junction/27881,mywcom_route_junction/28178
ug_route/217146,OSP:BUSP:C641234,st_struct_pedestal/93548,st_struct_buried_splice_location/3962
ug_route/217147,OSP:BUSP::15769206,st_struct_pedestal/93779,st_struct_pedestal/90652
ug_route/217148,OSP:BUSP:C710750,st_struct_pedestal/91819,st_struct_pedestal/90968
ug_route/217149,OSP:BUSP:C645741,st_struct_pedestal/92240,building/66633
ug_route/217150,OSP:BUSP::8439812,pole/54547,cabinet/2770
ug_route/217151,OSP:BUSP:C661615,st_struct_pedestal/93136,building/68694
ug_route/217152,OSP:BUSP:C655382,st_struct_pedestal/90686,building/66166
ug_route/217153,OSP:BUSP:C647257,st_struct_pedestal/94137,building/67781
ug_route/217154,OSP:BUSP:C668377,st_struct_pedestal/90960,st_struct_pedestal/93716
ug_route/217155,OSP:BUSP:C656523,mywcom_route_junction/28194,st_struct_pedestal/94112
ug_route/217156,OSP:BUSP:C660575,st_struct_pedestal/91683,building/66502
ug_route/217157,OSP:BUSP:C660623,st_struct_pedestal/91795,st_struct_pedestal/90873
ug_route/217158,OSP:BUSP::8403018,st_struct_pedestal/93233,st_struct_pedestal/93698
ug_route/217159,OSP:BUSP:C660174,st_struct_pedestal/93811,building/67193
ug_route/217160,OSP:BUSP:C666037,st_struct_pedestal/93243,st_struct_pedestal/91182
ug_route/217161,OSP:BUSP::15978486,pole/53034,building/68122
ug_route/217162,OSP:BUSP:C646946,st_struct_pedestal/90935,st_struct_pedestal/93086
ug_route/217163,OSP:BUSP:C652015,st_struct_pedestal/91520,building/66429
ug_route/217164,OSP:BUSP:C658805,st_struct_pedestal/92148,building/66890
ug_route/217165,OSP:BUSP::9157578,st_struct_pedestal/91829,pole/53046
ug_route/217166,OSP:BUSP:C647282,st_struct_pedestal/92681,st_struct_pedestal/93923
ug_route/217167,OSP:BUSP::15006019,st_struct_pedestal/94272,st_struct_pedestal/93639
ug_route/217168,OSP:BUSP:C660320,st_struct_pedestal/91551,st_struct_pedestal/91431
ug_route/217169,OSP:BUSP:C659531,mywcom_route_junction/27254,mywcom_route_junction/27256
ug_route/217170,OSP:BUSP:C668676,st_struct_pedestal/93885,building/68544
ug_route/217171,OSP:FBSP:C652867,pole/52764,building/68372
ug_route/217172,OSP:BUSP::15996093,st_struct_pedestal/93219,st_struct_pedestal/91252
ug_route/217173,OSP:BUSP:C648799,st_struct_pedestal/90752,building/67620
ug_route/217174,OSP:BUSP:C640313,st_struct_pedestal/93547,st_struct_pedestal/94282
ug_route/217175,OSP:BUSP:C648062,st_struct_pedestal/91805,building/68236
ug_route/217176,OSP:BUSP::10275412,st_struct_pedestal/91565,building/68063
ug_route/217177,OSP:BUSP:C641738,st_struct_pedestal/91778,building/66784
ug_route/217178,OSP:BUSP:C655207,st_struct_pedestal/94127,building/67925
ug_route/217179,OSP:BUSP::10768198,st_struct_pedestal/92747,building/66772
ug_route/217180,OSP:FBSP::8382858,st_struct_pedestal/94003,st_struct_pedestal/93404
ug_route/217181,OSP:BUSP:C644182,st_struct_pedestal/91319,st_struct_pedestal/90759
ug_route/217182,OSP:BUSP::11479223,st_struct_pedestal/91625,st_struct_buried_splice_location/3912
ug_route/217183,OSP:BUSP:C640756,st_struct_pedestal/92039,building/67152
ug_route/217184,OSP:BUSP:C660154,st_struct_pedestal/93629,st_struct_pedestal/91995
ug_route/217185,OSP:BUSP::8399817,st_struct_pedestal/93763,st_struct_pedestal/91168
ug_route/217186,OSP:BUSP:C665627,st_struct_pedestal/90850,building/67430
ug_route/217187,OSP:FORSP::16958669,st_struct_vault/2771,pole/54420
ug_route/217188,OSP:BUSP:C649758,st_struct_pedestal/91715,building/67405
ug_route/217189,OSP:BUSP::10720524,st_struct_pedestal/91001,mywcom_route_junction/27105
ug_route/217190,OSP:BUSP:C641442,st_struct_pedestal/94106,building/67270
ug_route/217191,OSP:FBSP:C667253,mywcom_route_junction/27785,building/68027
ug_route/217192,OSP:BUSP:C659781,st_struct_pedestal/91888,st_struct_pedestal/90743
ug_route/217193,OSP:FBSP::11678871,st_struct_pedestal/91423,building/68237
ug_route/217194,OSP:BUSP:C657474,st_struct_pedestal/92697,st_struct_pedestal/92880
ug_route/217195,OSP:BUSP:C659768,st_struct_pedestal/93394,st_struct_pedestal/92385
ug_route/217196,OSP:BUSP:C640324,st_struct_pedestal/93547,st_struct_pedestal/94282
ug_route/217197,OSP:BUSP:C670023,st_struct_buried_splice_location/3922,building/67099
ug_route/217198,OSP:BUSP::8383514,mywcom_route_junction/28195,building/66799
ug_route/217199,OSP:BUSP::16079944,mywcom_route_junction/28154,st_struct_pedestal/90801
ug_route/217200,OSP:BUSP::17032933,st_struct_pedestal/92699,st_struct_pedestal/91927
ug_route/217201,OSP:BUSP:C651414,cabinet/2796,st_struct_pedestal/93273
ug_route/217202,OSP:BUSP::13598964,st_struct_pedestal/90627,mywcom_route_junction/28180
ug_route/217203,OSP:BUSP:C656338,st_struct_pedestal/92314,st_struct_pedestal/93693
ug_route/217204,OSP:BUSP:C659803,st_struct_pedestal/93394,st_struct_pedestal/92385
ug_route/217205,OSP:BUSP::12029114,mywcom_route_junction/27534,mywcom_route_junction/27502
ug_route/217206,OSP:BUSP:C656570,st_struct_pedestal/91219,building/68779
ug_route/217207,OSP:BUSP::9519888,st_struct_pedestal/93404,st_struct_pedestal/93142
ug_route/217208,OSP:BUSP:C657841,pole/53592,mywcom_route_junction/27680
ug_route/217209,OSP:BUSP:C661112,st_struct_buried_splice_location/3991,st_struct_pedestal/91537
ug_route/217210,OSP:BUSP::8382229,st_struct_pedestal/92235,st_struct_pedestal/93637
ug_route/217211,OSP:BUSP::8399818,st_struct_pedestal/91168,st_struct_pedestal/91494
ug_route/217212,OSP:BUSP:C650367,st_struct_pedestal/92043,building/68813
ug_route/217213,OSP:BUSP:C658779,st_struct_pedestal/91363,building/66849
ug_route/217214,OSP:BUSP:C646984,st_struct_pedestal/90935,st_struct_pedestal/93086
ug_route/217215,OSP:BUSP:C659763,st_struct_pedestal/91888,st_struct_pedestal/90743
ug_route/217216,OSP:FBSP:C659873,st_struct_pedestal/92814,building/66198
ug_route/217217,OSP:BUSP:C670271,st_struct_pedestal/93598,st_struct_pedestal/91313
ug_route/217218,OSP:BUSP:C666340,st_struct_pedestal/92083,st_struct_pedestal/93884
ug_route/217219,OSP:BUSP::8446857,st_struct_pedestal/92580,st_struct_pedestal/93290
ug_route/217220,OSP:FBSP:C644417,mywcom_route_junction/28122,st_struct_pedestal/91943
ug_route/217221,OSP:BUSP:C647265,st_struct_pedestal/94137,building/66919
ug_route/217222,OSP:BUSP:C660961,st_struct_pedestal/92517,building/66723
ug_route/217223,OSP:BUSP:C654503,st_struct_pedestal/93203,building/68856
ug_route/217224,OSP:BUSP:C655593,st_struct_pedestal/92607,st_struct_pedestal/92031
ug_route/217225,OSP:BUSP:C659806,st_struct_pedestal/93394,st_struct_pedestal/92385
ug_route/217226,OSP:BUSP::11085974,st_struct_pedestal/91939,st_struct_pedestal/93282
ug_route/217227,OSP:BUSP::9466472,pole/53592,mywcom_route_junction/27747
ug_route/217228,OSP:FORSP::16947460,st_struct_vault/2725,st_struct_vault/2728
ug_route/217229,OSP:BUSP:C708119,st_struct_pedestal/93039,st_struct_pedestal/91523
ug_route/217230,OSP:BUSP:C650347,st_struct_pedestal/92744,building/66417
ug_route/217231,OSP:BUSP:C652985,pole/52846,st_struct_pedestal/92566
ug_route/217232,OSP:FBSP:C660401,st_struct_buried_splice_location/3897,building/67445
ug_route/217233,OSP:BUSP:C644247,st_struct_pedestal/91525,building/66111
ug_route/217234,OSP:FBSP:C658535,st_struct_buried_splice_location/3883,building/68385
ug_route/217235,OSP:BUSP:C653171,st_struct_pedestal/91149,building/67067
ug_route/217236,OSP:BUSP:C658816,st_struct_pedestal/94011,building/68603
ug_route/217237,OSP:BUSP:C647218,st_struct_pedestal/92681,st_struct_pedestal/93923
ug_route/217238,OSP:BUSP::14561524,st_struct_pedestal/92451,st_struct_pedestal/92077
ug_route/217239,OSP:BUSP:C665786,mywcom_route_junction/27474,mywcom_route_junction/27468
ug_route/217240,OSP:FBSP::14573684,st_struct_pedestal/90663,pole/54267
ug_route/217241,OSP:BUSP:C647164,st_struct_pedestal/91111,st_struct_pedestal/92026
ug_route/217242,OSP:FBSP:C653544,pole/52894,building/68783
ug_route/217243,OSP:BUSP:C705973,st_struct_pedestal/92440,building/66239
ug_route/217244,OSP:FBSP::11682166,st_struct_pedestal/91138,building/67366
ug_route/217245,OSP:BUSP::15996733,st_struct_pedestal/94046,st_struct_pedestal/91159
ug_route/217246,OSP:BUSP:C659284,st_struct_pedestal/92032,st_struct_pedestal/91814
ug_route/217247,OSP:BUSP::12405684,st_struct_pedestal/92174,st_struct_pedestal/94094
ug_route/217248,OSP:BUSP:C654547,st_struct_pedestal/93475,st_struct_pedestal/92985
ug_route/217249,OSP:BUSP:C670404,st_struct_pedestal/92309,building/67375
ug_route/217250,OSP:BUSP:C705966,st_struct_pedestal/91238,st_struct_buried_splice_location/3995
ug_route/217251,OSP:BUSP:C659822,st_struct_pedestal/92318,st_struct_pedestal/91888
ug_route/217252,OSP:BUSP:C657533,st_struct_pedestal/94109,st_struct_pedestal/90881
ug_route/217253,OSP:BUSP:C707862,st_struct_pedestal/91692,mywcom_route_junction/27815
ug_route/217254,OSP:FBSP::8435657,st_struct_pedestal/90839,mywcom_route_junction/27247
ug_route/217255,OSP:BUSP:C660114,st_struct_pedestal/91975,mywcom_route_junction/28008
ug_route/217256,OSP:BUSP::8364613,st_struct_pedestal/91078,st_struct_pedestal/91099
ug_route/217257,OSP:FBSP::15352917,st_struct_pedestal/91998,building/68142
ug_route/217258,OSP:BUSP:C660118,st_struct_pedestal/94200,building/67735
ug_route/217259,OSP:BUSP:C656561,st_struct_pedestal/93131,building/67922
ug_route/217260,OSP:BUSP::16017215,st_struct_pedestal/91325,building/68027
ug_route/217261,OSP:BUSP::15982973,pole/52894,building/68783
ug_route/217262,OSP:FBSP:C661279,mywcom_route_junction/27222,building/67137
ug_route/217263,OSP:FBSP:C709980,st_struct_buried_splice_location/3893,building/67915
ug_route/217264,OSP:BUSP::9532671,st_struct_pedestal/90746,mywcom_route_junction/27218
ug_route/217265,OSP:BUSP:C658790,st_struct_pedestal/90814,building/67748
ug_route/217266,OSP:BUSP:C658181,st_struct_pedestal/93772,building/68473
ug_route/217267,OSP:BUSP:C639822,st_struct_pedestal/93127,building/68757
ug_route/217268,OSP:FBSP:C654276,building/68722,mywcom_route_junction/27629
ug_route/217269,OSP:BUSP:C667179,st_struct_pedestal/92083,st_struct_pedestal/93884
ug_route/217270,OSP:BUSP:C641324,st_struct_pedestal/94019,building/68580
ug_route/217271,OSP:BUSP::9450750,st_struct_pedestal/93325,st_struct_pedestal/91072
ug_route/217272,OSP:BUSP:C647270,st_struct_pedestal/93565,building/66664
ug_route/217273,OSP:FBSP:C654278,mywcom_route_junction/27598,building/68722
ug_route/217274,OSP:BUSP:C656762,st_struct_pedestal/91773,building/68080
ug_route/217275,OSP:BUSP:C655171,st_struct_pedestal/93815,building/68049
ug_route/217276,OSP:BUSP:C647449,st_struct_pedestal/94281,building/68561
ug_route/217277,OSP:BUSP:C659217,st_struct_pedestal/94020,building/67025
ug_route/217278,OSP:BUSP:C649733,st_struct_pedestal/92405,building/67259
ug_route/217279,OSP:BUSP:C665096,mywcom_route_junction/27705,mywcom_route_junction/27267
ug_route/217280,OSP:FBSP:C634118,mywcom_route_junction/27233,building/68149
ug_route/217281,OSP:BUSP:C655383,st_struct_pedestal/94243,building/66205
ug_route/217282,OSP:BUSP:C681745,st_struct_pedestal/92363,building/68284
ug_route/217283,OSP:FBSP:C652853,pole/53943,building/66591
ug_route/217284,OSP:BUSP:C656737,st_struct_pedestal/92603,st_struct_pedestal/93672
ug_route/217285,OSP:BUSP:C656892,st_struct_pedestal/94196,building/68551
ug_route/217286,OSP:BUSP:C671197,st_struct_pedestal/91507,st_struct_buried_splice_location/3955
ug_route/217287,OSP:BUSP:C645852,st_struct_pedestal/91476,building/68646
ug_route/217288,OSP:BUSP::7622216,st_struct_pedestal/91562,building/68021
ug_route/217289,OSP:BUSP:C655492,st_struct_pedestal/90983,st_struct_pedestal/91873
ug_route/217290,OSP:BUSP:C661040,st_struct_pedestal/93393,st_struct_pedestal/92125
ug_route/217291,OSP:BUSP:C648553,st_struct_pedestal/94320,building/67976
ug_route/217292,OSP:BUSP::15126673,pole/54510,mywcom_route_junction/27366
ug_route/217293,OSP:BUSP:C659295,st_struct_pedestal/91814,st_struct_pedestal/92032
ug_route/217294,OSP:BUSP::10069941,st_struct_pedestal/90773,mywcom_route_junction/27153
ug_route/217295,OSP:BUSP:C645843,st_struct_pedestal/92734,st_struct_pedestal/93802
ug_route/217296,OSP:BUSP::13026234,st_struct_pedestal/93820,building/68394
ug_route/217297,OSP:BUSP:C670061,st_struct_pedestal/91595,st_struct_pedestal/93002
ug_route/217298,OSP:BUSP:C639682,st_struct_pedestal/92423,building/66317
ug_route/217299,OSP:BUSP:C648588,st_struct_pedestal/93227,building/66818
ug_route/217300,OSP:BUSP:C657531,st_struct_pedestal/90881,st_struct_pedestal/94109
ug_route/217301,OSP:BUSP:C655523,st_struct_pedestal/90983,st_struct_pedestal/91873
ug_route/217302,OSP:FBSP::13060342,st_struct_pedestal/91082,st_struct_pedestal/94120
ug_route/217303,OSP:BUSP:C656849,mywcom_route_junction/27451,mywcom_route_junction/27365
ug_route/217304,OSP:BUSP:C650870,st_struct_pedestal/92984,st_struct_pedestal/90700
ug_route/217305,OSP:BUSP:C661731,st_struct_pedestal/92962,building/66702
ug_route/217306,OSP:BUSP:C642101,st_struct_pedestal/93726,building/67656
ug_route/217307,OSP:BUSP:C644124,st_struct_buried_splice_location/3914,st_struct_pedestal/94152
ug_route/217308,OSP:BUSP:C661192,st_struct_pedestal/92339,building/67074
ug_route/217309,OSP:BUSP:C641653,st_struct_pedestal/92064,st_struct_pedestal/93913
ug_route/217310,OSP:BUSP:C657850,st_struct_pedestal/93028,st_struct_pedestal/93469
ug_route/217311,OSP:BUSP:C707785,st_struct_pedestal/92989,st_struct_pedestal/91462
ug_route/217312,OSP:BUSP::16730568,mywcom_route_junction/28124,st_struct_pedestal/91491
ug_route/217313,OSP:BUSP:C640908,st_struct_pedestal/94068,building/68752
ug_route/217314,OSP:BUSP::9469359,st_struct_pedestal/92913,st_struct_pedestal/90996
ug_route/217315,OSP:BUSP:C650348,st_struct_pedestal/92744,building/68378
ug_route/217316,OSP:BUSP:C655270,st_struct_pedestal/94103,st_struct_pedestal/93994
ug_route/217317,OSP:BUSP::8533586,st_struct_pedestal/90994,st_struct_pedestal/92507
ug_route/217318,OSP:BUSP:C671247,st_struct_pedestal/92913,st_struct_pedestal/90996
ug_route/217319,OSP:BUSP::8726878,st_struct_pedestal/93082,building/66604
ug_route/217320,OSP:BUSP:C661034,st_struct_pedestal/91614,st_struct_pedestal/91921
ug_route/217321,OSP:BUSP:C681320,st_struct_pedestal/92110,building/67902
ug_route/217322,OSP:BUSP:C660807,st_struct_pedestal/94148,st_struct_pedestal/94291
ug_route/217323,OSP:BUSP:C660516,st_struct_pedestal/91704,st_struct_pedestal/92178
ug_route/217324,OSP:BUSP:C708338,st_struct_pedestal/91823,building/68120
ug_route/217325,OSP:BUSP:C654635,st_struct_pedestal/94259,building/67666
ug_route/217326,OSP:BUSP:C655463,mywcom_route_junction/27295,mywcom_route_junction/27281
ug_route/217327,OSP:BUSP:C642013,st_struct_pedestal/90927,building/66196
ug_route/217328,OSP:BUSP:C665957,st_struct_pedestal/92732,building/68163
ug_route/217329,OSP:BUSP:C648255,st_struct_pedestal/93100,building/66820
ug_route/217330,OSP:BUSP:C682027,st_struct_pedestal/90791,building/68404
ug_route/217331,OSP:BUSP:C667674,st_struct_pedestal/92074,st_struct_pedestal/92397
ug_route/217332,OSP:BUSP::15996090,st_struct_pedestal/92429,building/68244
ug_route/217333,OSP:BUSP:C663438,st_struct_pedestal/93216,st_struct_pedestal/92847
ug_route/217334,OSP:BUSP:C711692,st_struct_pedestal/90928,st_struct_pedestal/93931
ug_route/217335,OSP:BUSP:C650928,st_struct_pedestal/92984,st_struct_pedestal/90700
ug_route/217336,OSP:BUSP:C655478,st_struct_pedestal/90942,mywcom_route_junction/27165
ug_route/217337,OSP:BUSP:C659656,st_struct_pedestal/92603,st_struct_pedestal/93672
ug_route/217338,OSP:BUSP::8533587,st_struct_pedestal/92507,st_struct_pedestal/93106
ug_route/217339,OSP:BUSP:C689228,st_struct_pedestal/93753,st_struct_pedestal/90809
ug_route/217340,OSP:BUSP:C643673,st_struct_pedestal/92124,st_struct_buried_splice_location/3849
ug_route/217341,OSP:BUSP:C663470,st_struct_pedestal/93216,st_struct_pedestal/92847
ug_route/217342,OSP:BUSP:C708112,st_struct_pedestal/93367,st_struct_pedestal/93809
ug_route/217343,OSP:BUSP:C647173,st_struct_pedestal/91111,building/67795
ug_route/217344,OSP:BUSP:C660969,st_struct_pedestal/93708,building/67483
ug_route/217345,OSP:BUSP:C662241,st_struct_pedestal/93367,st_struct_pedestal/93809
ug_route/217346,OSP:BUSP:C651797,mywcom_route_junction/27741,mywcom_route_junction/28164
ug_route/217347,OSP:BUSP:C655170,st_struct_pedestal/93815,building/67164
ug_route/217348,OSP:FBSP:C710755,st_struct_pedestal/90968,building/67001
ug_route/217349,OSP:BUSP:C660977,st_struct_pedestal/93848,building/67211
ug_route/217350,OSP:BUSP:C665724,st_struct_pedestal/92497,building/66755
ug_route/217351,OSP:BUSP:C707416,st_struct_pedestal/92071,building/66593
ug_route/217352,OSP:BUSP:C661795,mywcom_route_junction/27326,st_struct_pedestal/90895
ug_route/217353,OSP:BUSP::8491015,st_struct_pedestal/94323,st_struct_pedestal/91603
ug_route/217354,OSP:BUSP:C646953,st_struct_pedestal/92875,st_struct_pedestal/92881
ug_route/217355,OSP:BUSP:C654791,st_struct_pedestal/91315,building/68263
ug_route/217356,OSP:FBSP:C668554,st_struct_pedestal/91511,building/66283
ug_route/217357,OSP:BUSP:C646438,st_struct_pedestal/93959,st_struct_pedestal/93564
ug_route/217358,OSP:BUSP:C648991,st_struct_buried_splice_location/3854,st_struct_buried_splice_location/3866
ug_route/217359,OSP:BUSP:C661970,st_struct_pedestal/93965,building/66922
ug_route/217360,OSP:BUSP:C658303,st_struct_pedestal/94133,building/68506
ug_route/217361,OSP:BUSP:C669480,st_struct_pedestal/93461,st_struct_pedestal/93938
ug_route/217362,OSP:BUSP:C654350,st_struct_pedestal/91307,st_struct_pedestal/90898
ug_route/217363,OSP:BUSP::11479221,st_struct_pedestal/90593,st_struct_pedestal/93965
ug_route/217364,OSP:BUSP:C657463,st_struct_pedestal/93854,building/66408
ug_route/217365,OSP:BUSP::8446858,st_struct_pedestal/93290,st_struct_pedestal/91394
ug_route/217366,OSP:BUSP::14457218,st_struct_pedestal/93962,st_struct_pedestal/91077
ug_route/217367,OSP:BUSP:C668524,st_struct_pedestal/91491,st_struct_pedestal/91424
ug_route/217368,OSP:BUSP::15126674,st_struct_pedestal/91424,st_struct_pedestal/91491
ug_route/217369,OSP:FBSP::15416261,st_struct_pedestal/92336,st_struct_pedestal/93132
ug_route/217370,OSP:BUSP:C659695,st_struct_pedestal/91782,building/67532
ug_route/217371,OSP:BUSP:C681691,st_struct_pedestal/94314,building/67845
ug_route/217372,OSP:BUSP:C668527,st_struct_pedestal/91491,st_struct_pedestal/91424
ug_route/217373,OSP:BUSP:C647423,st_struct_pedestal/90909,building/67005
ug_route/217374,OSP:BUSP:C645189,st_struct_pedestal/94190,building/67381
ug_route/217375,OSP:BUSP:C661101,st_struct_buried_splice_location/3909,st_struct_pedestal/91537
ug_route/217376,OSP:BUSP:C660932,st_struct_pedestal/92131,building/67975
ug_route/217377,OSP:BUSP:C667685,st_struct_pedestal/92705,building/66967
ug_route/217378,OSP:BUSP:C669154,st_struct_pedestal/91455,building/67222
ug_route/217379,OSP:BUSP:C643602,st_struct_pedestal/92407,st_struct_pedestal/91199
ug_route/217380,OSP:BUSP:C651204,st_struct_pedestal/91780,building/67929
ug_route/217381,OSP:BUSP:C641882,st_struct_pedestal/90572,building/66521
ug_route/217382,OSP:BUSP:C653770,mywcom_route_junction/27556,mywcom_route_junction/28200
ug_route/217383,OSP:BUSP:C642102,st_struct_pedestal/93726,building/66514
ug_route/217384,OSP:BUSP:C645186,st_struct_pedestal/94190,building/66582
ug_route/217385,OSP:BUSP:C643853,st_struct_pedestal/91835,st_struct_pedestal/92991
ug_route/217386,OSP:BUSP:C668528,st_struct_pedestal/91491,st_struct_pedestal/91424
ug_route/217387,OSP:BUSP:C656051,st_struct_pedestal/92652,building/66319
ug_route/217388,OSP:BUSP:C671203,st_struct_pedestal/91552,st_struct_pedestal/90765
ug_route/217389,OSP:BUSP:C657065,pole/52502,st_struct_pedestal/90725
ug_route/217390,OSP:BUSP:C689230,st_struct_pedestal/92931,st_struct_pedestal/90984
ug_route/217391,OSP:FBSP::8576456,pole/54180,st_struct_pedestal/93997
ug_route/217392,OSP:BUSP:C708228,st_struct_pedestal/91182,st_struct_pedestal/92826
ug_route/217393,OSP:BUSP:C658456,st_struct_pedestal/92260,building/67118
ug_route/217394,OSP:BUSP:C641199,st_struct_pedestal/92237,building/67123
ug_route/217395,OSP:FBSP:C661047,st_struct_pedestal/91614,building/67820
ug_route/217396,OSP:BUSP:C649849,cabinet/2853,st_struct_pedestal/92355
ug_route/217397,OSP:BUSP:C643644,st_struct_pedestal/92407,st_struct_pedestal/91199
ug_route/217398,OSP:BUSP:C671210,st_struct_pedestal/91552,st_struct_pedestal/90765
ug_route/217399,OSP:BUSP:C705155,st_struct_pedestal/91414,st_struct_buried_splice_location/3986
ug_route/217400,OSP:BUSP:C655224,st_struct_pedestal/92865,building/66147
ug_route/217401,OSP:FORSP:C645998,st_struct_vault/2722,st_struct_vault/2761
ug_route/217402,OSP:BUSP:C641793,st_struct_pedestal/93211,building/68316
ug_route/217403,OSP:BUSP:C639055,st_struct_pedestal/92382,building/67097
ug_route/217404,OSP:BUSP:C681961,st_struct_pedestal/91119,building/66669
ug_route/217405,OSP:BUSP::16785896,st_struct_pedestal/91340,st_struct_pedestal/92592
ug_route/217406,OSP:FBSP:C644297,st_struct_pedestal/93762,st_struct_pedestal/91485
ug_route/217407,OSP:BUSP:D8183349,st_struct_pedestal/91491,st_struct_pedestal/91424
ug_route/217408,OSP:BUSP:C662247,st_struct_pedestal/91058,building/68074
ug_route/217409,OSP:BUSP:C661632,st_struct_pedestal/91684,st_struct_pedestal/90807
ug_route/217410,OSP:BUSP::14457205,cabinet/2786,st_struct_pedestal/93448
ug_route/217411,OSP:BUSP:C708147,st_struct_pedestal/91823,st_struct_pedestal/93536
ug_route/217412,OSP:BUSP:C708148,st_struct_pedestal/91823,st_struct_pedestal/93536
ug_route/217413,OSP:BUSP:C654801,st_struct_pedestal/91727,st_struct_pedestal/91607
ug_route/217414,OSP:BUSP:C659641,st_struct_pedestal/91064,st_struct_pedestal/91056
ug_route/217415,OSP:BUSP:C641299,st_struct_pedestal/93755,st_struct_pedestal/91849
ug_route/217416,OSP:FBSP:C660004,st_struct_pedestal/90585,building/67195
ug_route/217417,OSP:FBSP:C660046,st_struct_pedestal/92853,mywcom_route_junction/28173
ug_route/217418,OSP:BUSP::9008800,st_struct_pedestal/93625,st_struct_pedestal/93903
ug_route/217419,OSP:BUSP:C650930,st_struct_pedestal/92386,building/66990
ug_route/217420,OSP:BUSP:C658301,st_struct_pedestal/90932,st_struct_pedestal/94133
ug_route/217421,OSP:BUSP:C655466,st_struct_pedestal/91052,building/67786
ug_route/217422,OSP:BUSP:C708336,st_struct_pedestal/91652,st_struct_pedestal/94135
ug_route/217423,OSP:BUSP::15996424,st_struct_pedestal/93961,building/67167
ug_route/217424,OSP:BUSP:C663471,st_struct_pedestal/92847,st_struct_pedestal/92277
ug_route/217425,OSP:BUSP:C665771,mywcom_route_junction/27127,mywcom_route_junction/27843
ug_route/217426,OSP:BUSP:C708359,st_struct_pedestal/91532,building/66559
ug_route/217427,OSP:BUSP:C641673,pole/53870,mywcom_route_junction/28060
ug_route/217428,OSP:BUSP:C671202,st_struct_pedestal/91552,st_struct_pedestal/91382
ug_route/217429,OSP:FORSP::16949396,mywcom_route_junction/27479,st_struct_vault/2727
ug_route/217430,OSP:FBSP:C707129,st_struct_pedestal/92579,mywcom_route_junction/27568
ug_route/217431,OSP:BUSP:C649884,st_struct_pedestal/92297,st_struct_pedestal/94153
ug_route/217432,OSP:BUSP:C658585,st_struct_pedestal/92894,mywcom_route_junction/27162
ug_route/217433,OSP:BUSP:C656434,st_struct_pedestal/92606,building/66635
ug_route/217434,OSP:BUSP::9339704,st_struct_pedestal/91769,st_struct_pedestal/92458
ug_route/217435,OSP:BUSP:C671091,st_struct_pedestal/90723,st_struct_pedestal/91726
ug_route/217436,OSP:BUSP::11497812,st_struct_pedestal/91120,st_struct_pedestal/91423
ug_route/217437,OSP:BUSP:C641547,st_struct_pedestal/91202,building/67956
ug_route/217438,OSP:FBSP::8586393,pole/53782,building/67860
ug_route/217439,OSP:BUSP::8587975,st_struct_pedestal/94081,pole/52701
ug_route/217440,OSP:BUSP:C668960,st_struct_pedestal/94194,st_struct_buried_splice_location/3877
ug_route/217441,OSP:BUSP::9489153,st_struct_pedestal/91485,st_struct_pedestal/93762
ug_route/217442,OSP:BUSP:C646178,st_struct_pedestal/90638,building/66933
ug_route/217443,OSP:FORSP::16958665,st_struct_vault/2743,mywcom_route_junction/28132
ug_route/217444,OSP:BUSP:C711834,st_struct_pedestal/91120,mywcom_route_junction/27464
ug_route/217445,OSP:BUSP:C643490,st_struct_pedestal/93671,building/66258
ug_route/217446,OSP:BUSP:C704986,pole/52391,st_struct_pedestal/90610
ug_route/217447,OSP:BUSP:C704985,pole/52391,st_struct_pedestal/90610
ug_route/217448,OSP:FBSP::13098317,st_struct_pedestal/93823,cabinet/2804
ug_route/217449,OSP:BUSP::10650772,st_struct_pedestal/90928,building/68710
ug_route/217450,OSP:BUSP::15351315,pole/53974,building/68281
ug_route/217451,OSP:BUSP:C681428,st_struct_pedestal/93793,building/68695
ug_route/217452,OSP:BUSP::9523700,st_struct_pedestal/92455,st_struct_pedestal/91173
ug_route/217453,OSP:BUSP:C651230,st_struct_pedestal/92343,building/67177
ug_route/217454,OSP:BUSP:C645679,st_struct_pedestal/92481,building/67467
ug_route/217455,OSP:BUSP:C671364,cabinet/2815,st_struct_pedestal/90780
ug_route/217456,OSP:BUSP:C711832,st_struct_pedestal/93728,st_struct_pedestal/92173
ug_route/217457,OSP:BUSP::8336777,st_struct_pedestal/93004,building/68799
ug_route/217458,OSP:BUSP:C652964,st_struct_pedestal/91444,building/67530
ug_route/217459,OSP:BUSP:C645587,pole/53227,pole/52418
ug_route/217460,OSP:BUSP:C659201,st_struct_pedestal/91142,building/66287
ug_route/217461,OSP:BUSP:C659643,st_struct_pedestal/91064,st_struct_pedestal/91056
ug_route/217462,OSP:BUSP:C670498,st_struct_pedestal/90712,building/68702
ug_route/217463,OSP:BUSP::15562822,mywcom_route_junction/27299,mywcom_route_junction/27370
ug_route/217464,OSP:BUSP:C660481,st_struct_pedestal/92519,building/67064
ug_route/217465,OSP:BUSP::15355780,pole/53317,building/67421
ug_route/217466,OSP:BUSP:C660913,st_struct_pedestal/92721,st_struct_pedestal/91947
ug_route/217467,OSP:BUSP:C708198,st_struct_pedestal/93920,building/67765
ug_route/217468,OSP:BUSP:C660811,st_struct_pedestal/92511,building/66107
ug_route/217469,OSP:BUSP:C706816,st_struct_pedestal/92906,st_struct_pedestal/93456
ug_route/217470,OSP:BUSP::8490056,st_struct_pedestal/92969,st_struct_pedestal/93729
ug_route/217471,OSP:BUSP:C639206,st_struct_pedestal/93095,st_struct_pedestal/91151
ug_route/217472,OSP:BUSP:C666200,st_struct_pedestal/93139,st_struct_pedestal/94017
ug_route/217473,OSP:BUSP:C646434,st_struct_pedestal/92623,building/68130
ug_route/217474,OSP:BUSP:C658085,st_struct_pedestal/91219,building/66156
ug_route/217475,OSP:BUSP:C651696,st_struct_pedestal/92845,st_struct_pedestal/93907
ug_route/217476,OSP:BUSP:C641585,st_struct_pedestal/94072,building/66542
ug_route/217477,OSP:BUSP:C657467,st_struct_pedestal/93854,building/67466
ug_route/217478,OSP:BUSP:C665792,mywcom_route_junction/27468,st_struct_pedestal/94285
ug_route/217479,OSP:BUSP:C650946,st_struct_pedestal/92386,building/66241
ug_route/217480,OSP:BUSP:C648351,st_struct_pedestal/90701,st_struct_pedestal/91661
ug_route/217481,OSP:BUSP::14956729,st_struct_pedestal/91812,st_struct_pedestal/93335
ug_route/217482,OSP:BUSP:C649018,st_struct_pedestal/93309,building/67058
ug_route/217483,OSP:FBSP:C653416,st_struct_pedestal/93022,building/67520
ug_route/217484,OSP:BUSP::15126660,st_struct_pedestal/92981,st_struct_pedestal/93698
ug_route/217485,OSP:BUSP:C653009,st_struct_pedestal/92036,building/68077
ug_route/217486,OSP:BUSP:C649806,mywcom_route_junction/28118,st_struct_pedestal/91250
ug_route/217487,OSP:BUSP:C705161,pole/53039,pole/52860
ug_route/217488,OSP:BUSP::10668360,st_struct_buried_splice_location/3977,pole/53945
ug_route/217489,OSP:BUSP::9320565,st_struct_pedestal/91744,building/67427
ug_route/217490,OSP:BUSP:C659291,st_struct_pedestal/91814,building/66465
ug_route/217491,OSP:BUSP:C708348,st_struct_pedestal/91652,st_struct_pedestal/94135
ug_route/217492,OSP:BUSP:C647892,st_struct_pedestal/92263,st_struct_pedestal/93172
ug_route/217493,OSP:BUSP:C639467,st_struct_pedestal/93204,building/66544
ug_route/217494,OSP:BUSP:C639159,st_struct_pedestal/92486,building/67998
ug_route/217495,OSP:BUSP:C653603,st_struct_pedestal/93476,building/68300
ug_route/217496,OSP:BUSP:C658282,st_struct_pedestal/93246,building/68434
ug_route/217497,OSP:BUSP:C656513,st_struct_pedestal/91646,building/66109
ug_route/217498,OSP:BUSP:C662272,st_struct_pedestal/92415,st_struct_pedestal/93336
ug_route/217499,OSP:BUSP:C646184,st_struct_pedestal/90638,building/68409
ug_route/217500,OSP:BUSP:C657095,st_struct_pedestal/93910,st_struct_pedestal/94026
ug_route/217501,OSP:BUSP::15041214,st_struct_pedestal/92854,st_struct_pedestal/93282
ug_route/217502,OSP:BUSP:C658286,st_struct_pedestal/93246,building/67324
ug_route/217503,OSP:FBSP::10875112,st_struct_pedestal/93763,building/67730
ug_route/217504,OSP:FBSP:C643598,pole/54506,building/67914
ug_route/217505,OSP:FBSP:C667306,pole/54260,building/67860
ug_route/217506,OSP:BUSP:C706908,st_struct_pedestal/91424,st_struct_buried_splice_location/3884
ug_route/217507,OSP:BUSP:C671026,st_struct_pedestal/90723,st_struct_pedestal/93945
ug_route/217508,OSP:BUSP:C657805,st_struct_pedestal/93910,st_struct_pedestal/94026
ug_route/217509,OSP:BUSP:C655369,st_struct_pedestal/91587,st_struct_pedestal/91236
ug_route/217510,OSP:FBSP:C689216,st_struct_pedestal/91588,st_struct_pedestal/90817
ug_route/217511,OSP:BUSP::14415399,st_struct_pedestal/91614,building/67820
ug_route/217512,OSP:BUSP:C652798,st_struct_pedestal/91449,building/66545
ug_route/217513,OSP:BUSP:C656992,st_struct_pedestal/91390,building/66376
ug_route/217514,OSP:BUSP:C641389,st_struct_pedestal/93424,building/67148
ug_route/217515,OSP:BUSP::8575840,st_struct_pedestal/94112,building/68361
ug_route/217516,OSP:BUSP:C654528,st_struct_pedestal/94231,building/66265
ug_route/217517,OSP:BUSP:C649667,st_struct_pedestal/90701,st_struct_pedestal/91661
ug_route/217518,OSP:BUSP::10406614,st_struct_pedestal/93772,building/67517
ug_route/217519,OSP:BUSP:C651235,st_struct_pedestal/91201,building/67158
ug_route/217520,OSP:BUSP:C653426,st_struct_pedestal/92905,mywcom_route_junction/27335
ug_route/217521,OSP:BUSP:C651794,st_struct_pedestal/94327,building/66202
ug_route/217522,OSP:FBSP::13065277,st_struct_pedestal/91916,building/68456
ug_route/217523,OSP:BUSP:C655353,st_struct_pedestal/91738,building/68741
ug_route/217524,OSP:BUSP:C658217,st_struct_pedestal/91693,building/66907
ug_route/217525,OSP:BUSP::8590213,mywcom_route_junction/27791,st_struct_buried_splice_location/3998
ug_route/217526,OSP:BUSP:C653581,st_struct_pedestal/92884,building/66172
ug_route/217527,OSP:BUSP:C651218,st_struct_pedestal/91905,building/67644
ug_route/217528,OSP:BUSP:C708390,st_struct_pedestal/94319,mywcom_route_junction/27134
ug_route/217529,OSP:BUSP:C666033,st_struct_pedestal/92181,st_struct_pedestal/92153
ug_route/217530,OSP:BUSP:C643620,pole/54506,st_struct_pedestal/91026
ug_route/217531,OSP:BUSP::13237365,st_struct_pedestal/92930,mywcom_route_junction/27750
ug_route/217532,OSP:BUSP::17062325,st_struct_pedestal/91431,mywcom_route_junction/27791
ug_route/217533,OSP:BUSP::8500304,st_struct_pedestal/92592,st_struct_pedestal/91342
ug_route/217534,OSP:BUSP:C657088,st_struct_pedestal/91674,st_struct_pedestal/93284
ug_route/217535,OSP:BUSP:C642003,st_struct_pedestal/92866,building/66113
ug_route/217536,OSP:FBSP::16602221,pole/54572,st_struct_pedestal/92135
ug_route/217537,OSP:BUSP:C648070,st_struct_pedestal/93566,st_struct_pedestal/91133
ug_route/217538,OSP:BUSP:C652365,mywcom_route_junction/28162,mywcom_route_junction/28182
ug_route/217539,OSP:BUSP:C654059,st_struct_pedestal/91235,building/67162
ug_route/217540,OSP:BUSP:C657141,st_struct_pedestal/91674,st_struct_pedestal/93284
ug_route/217541,OSP:BUSP:C682180,st_struct_pedestal/93378,building/68488
ug_route/217542,OSP:BUSP::9157572,pole/54335,st_struct_pedestal/91175
ug_route/217543,OSP:BUSP:C655195,st_struct_pedestal/92966,building/66418
ug_route/217544,OSP:BUSP::8489743,mywcom_route_junction/27166,st_struct_pedestal/91157
ug_route/217545,OSP:FBSP:C708056,st_struct_pedestal/94190,building/66294
ug_route/217546,OSP:BUSP:C653424,st_struct_pedestal/92905,st_struct_buried_splice_location/3985
ug_route/217547,OSP:BUSP:C663630,st_struct_pedestal/90649,st_struct_pedestal/92714
ug_route/217548,OSP:BUSP:C655212,st_struct_pedestal/91048,building/67599
ug_route/217549,OSP:BUSP:C654857,st_struct_pedestal/93253,building/67533
ug_route/217550,OSP:BUSP:C650258,st_struct_pedestal/92795,building/68025
ug_route/217551,OSP:BUSP:C658807,st_struct_pedestal/92148,building/67900
ug_route/217552,OSP:FBSP:C659846,st_struct_pedestal/90769,building/68691
ug_route/217553,OSP:BUSP:C659625,st_struct_pedestal/92482,building/67763
ug_route/217554,OSP:BUSP:C654706,st_struct_pedestal/91972,building/67104
ug_route/217555,OSP:FORSP::16943978,mywcom_route_junction/27674,st_struct_vault/2768
ug_route/217556,OSP:BUSP:C650352,st_struct_pedestal/92099,st_struct_pedestal/93813
ug_route/217557,OSP:BUSP:C664357,st_struct_pedestal/93485,st_struct_pedestal/91239
ug_route/217558,OSP:BUSP:C651114,st_struct_pedestal/93176,st_struct_pedestal/91067
ug_route/217559,OSP:FBSP::10916762,st_struct_pedestal/92786,pole/53678
ug_route/217560,OSP:BUSP:C650405,st_struct_pedestal/92099,st_struct_pedestal/93813
ug_route/217561,OSP:BUSP:C655495,st_struct_pedestal/91873,st_struct_pedestal/92947
ug_route/217562,OSP:BUSP:C708272,st_struct_pedestal/94226,mywcom_route_junction/28011
ug_route/217563,OSP:BUSP:C665711,st_struct_pedestal/91071,building/67183
ug_route/217564,OSP:BUSP:C668598,st_struct_pedestal/91458,st_struct_pedestal/94099
ug_route/217565,OSP:BUSP:C650862,st_struct_pedestal/90673,mywcom_route_junction/27348
ug_route/217566,OSP:BUSP:C641817,st_struct_pedestal/92377,building/66421
ug_route/217567,OSP:BUSP:C648250,st_struct_pedestal/91069,building/66644
ug_route/217568,OSP:BUSP::12055943,st_struct_pedestal/93485,st_struct_pedestal/91239
ug_route/217569,OSP:BUSP:C655525,st_struct_pedestal/91873,st_struct_pedestal/92947
ug_route/217570,OSP:BUSP:C650423,st_struct_pedestal/91659,building/68311
ug_route/217571,OSP:BUSP:C641468,st_struct_pedestal/91415,st_struct_pedestal/93228
ug_route/217572,OSP:FBSP:C668332,st_struct_pedestal/94039,building/67421
ug_route/217573,OSP:BUSP:C641980,st_struct_pedestal/91415,st_struct_pedestal/93228
ug_route/217574,OSP:BUSP::8591187,st_struct_pedestal/90881,st_struct_pedestal/93775
ug_route/217575,OSP:BUSP:C670048,st_struct_pedestal/93710,st_struct_pedestal/91595
ug_route/217576,OSP:BUSP:C656497,st_struct_pedestal/92606,building/68619
ug_route/217577,OSP:FBSP:C644023,st_struct_pedestal/91032,building/66353
ug_route/217578,OSP:BUSP:C660904,st_struct_pedestal/90893,building/67526
ug_route/217579,OSP:BUSP:C665815,st_struct_pedestal/93980,st_struct_pedestal/90804
ug_route/217580,OSP:BUSP:C670506,st_struct_pedestal/90688,building/66552
ug_route/217581,OSP:FBSP::13098316,cabinet/2804,st_struct_pedestal/91138
ug_route/217582,OSP:BUSP::8490692,st_struct_pedestal/93729,st_struct_pedestal/93051
ug_route/217583,OSP:BUSP:C654704,st_struct_pedestal/92535,st_struct_pedestal/91972
ug_route/217602,OSP:BUSP::8726876,st_struct_pedestal/91050,st_struct_pedestal/93794
ug_route/217621,OSP:BUSP::15996725,st_struct_pedestal/92115,st_struct_pedestal/93697
ug_route/217622,OSP:BUSP:C670814,st_struct_pedestal/93057,st_struct_pedestal/93381
ug_route/217623,OSP:BUSP:C657003,st_struct_pedestal/92462,building/67116
ug_route/217584,OSP:BUSP::10876665,st_struct_vault/2733,st_struct_vault/2755
ug_route/217585,OSP:BUSP:C649310,st_struct_pedestal/91526,building/66238
ug_route/217586,OSP:BUSP::8603336,st_struct_pedestal/91851,st_struct_pedestal/91740
ug_route/217587,OSP:BUSP:C649680,st_struct_pedestal/94146,st_struct_pedestal/93082
ug_route/217588,OSP:BUSP:C657855,st_struct_pedestal/91253,st_struct_pedestal/90937
ug_route/217589,OSP:BUSP:C656471,st_struct_pedestal/91459,building/66385
ug_route/217590,OSP:BUSP::16764602,st_struct_pedestal/90713,st_struct_pedestal/92305
ug_route/217591,OSP:BUSP:C666442,pole/53593,st_struct_pedestal/93727
ug_route/217592,OSP:BUSP::8608791,st_struct_pedestal/93090,building/66461
ug_route/217593,OSP:BUSP:C665809,st_struct_pedestal/91770,st_struct_pedestal/93661
ug_route/217594,OSP:BUSP:C662512,st_struct_pedestal/91991,mywcom_route_junction/27964
ug_route/217595,OSP:BUSP:C654290,st_struct_pedestal/93262,st_struct_pedestal/91251
ug_route/217596,OSP:BUSP:C641376,st_struct_pedestal/92787,building/68502
ug_route/217597,OSP:BUSP:C653672,st_struct_pedestal/90958,building/66869
ug_route/217598,OSP:BUSP:C648568,st_struct_pedestal/91122,building/67236
ug_route/217599,OSP:BUSP:C708277,st_struct_pedestal/93999,st_struct_pedestal/90661
ug_route/217600,OSP:BUSP:C644702,st_struct_pedestal/93460,building/67275
ug_route/217601,OSP:BUSP::8587334,st_struct_pedestal/93727,pole/53593
ug_route/217603,OSP:BUSP:C645822,st_struct_pedestal/92025,building/66585
ug_route/217604,OSP:BUSP:C661980,st_struct_pedestal/93035,building/67020
ug_route/217605,OSP:BUSP:C648969,st_struct_pedestal/93595,building/66268
ug_route/217606,OSP:BUSP::8604312,st_struct_pedestal/92790,st_struct_buried_splice_location/3932
ug_route/217607,OSP:BUSP:C683142,st_struct_pedestal/92448,building/67713
ug_route/217608,OSP:BUSP:C660520,st_struct_pedestal/93999,st_struct_pedestal/90661
ug_route/217609,OSP:BUSP:C641617,st_struct_pedestal/92064,st_struct_pedestal/93913
ug_route/217610,OSP:BUSP:C653093,st_struct_pedestal/90698,st_struct_pedestal/91128
ug_route/217611,OSP:BUSP:C708327,st_struct_pedestal/91941,building/68693
ug_route/217612,OSP:BUSP:C661610,st_struct_pedestal/93660,st_struct_pedestal/93136
ug_route/217613,OSP:BUSP:C669478,st_struct_pedestal/91581,st_struct_pedestal/93461
ug_route/217614,OSP:BUSP:C667860,st_struct_pedestal/94308,building/68144
ug_route/217615,OSP:BUSP:C708352,st_struct_pedestal/94135,building/66643
ug_route/217616,OSP:BUSP:C641748,st_struct_pedestal/92608,building/67755
ug_route/217617,OSP:FORSP::16943974,mywcom_route_junction/27845,st_struct_vault/2724
ug_route/217618,OSP:BUSP:C708116,st_struct_pedestal/93136,st_struct_pedestal/93828
ug_route/217619,OSP:BUSP::8500298,st_struct_pedestal/93649,st_struct_pedestal/93381
ug_route/217620,OSP:BUSP::10878275,st_struct_pedestal/90929,mywcom_route_junction/28074
ug_route/217624,OSP:BUSP:C639179,st_struct_pedestal/93620,st_struct_pedestal/93025
ug_route/217625,OSP:BUSP:C639455,st_struct_pedestal/93314,st_struct_pedestal/93803
ug_route/217626,OSP:BUSP:C639312,st_struct_pedestal/93663,building/66978
ug_route/217627,OSP:BUSP:C665576,st_struct_pedestal/91786,building/66212
ug_route/217628,OSP:BUSP:C653951,st_struct_pedestal/91093,building/67218
ug_route/217629,OSP:FBSP:C633996,st_struct_pedestal/93823,building/67837
ug_route/217630,OSP:BUSP::14925366,st_struct_pedestal/93270,building/68857
ug_route/217631,OSP:BUSP:C666057,st_struct_pedestal/91269,building/67400
ug_route/217632,OSP:BUSP:C646950,st_struct_pedestal/94057,st_struct_pedestal/91192
ug_route/217633,OSP:BUSP:C641968,st_struct_pedestal/91723,st_struct_pedestal/90833
ug_route/217634,OSP:BUSP:C707885,st_struct_pedestal/90830,st_struct_buried_splice_location/3901
ug_route/217635,OSP:BUSP:C655344,st_struct_pedestal/91316,building/66290
ug_route/217636,OSP:FBSP::15124410,pole/52701,building/68760
ug_route/217637,OSP:BUSP:C647316,st_struct_pedestal/90954,building/68707
ug_route/217638,OSP:BUSP:C648800,st_struct_pedestal/90752,building/68458
ug_route/217639,OSP:BUSP:C637461,st_struct_pedestal/92753,building/67383
ug_route/217640,OSP:BUSP:C643691,st_struct_pedestal/92724,building/66630
ug_route/217641,OSP:BUSP:C660412,st_struct_pedestal/91431,mywcom_route_junction/27791
ug_route/217642,OSP:BUSP::8660949,st_struct_pedestal/93349,building/67961
ug_route/217643,OSP:BUSP:C646061,st_struct_pedestal/94061,building/68113
ug_route/217644,OSP:BUSP::8573895,st_struct_pedestal/92700,st_struct_pedestal/92894
ug_route/217645,OSP:BUSP:C641435,st_struct_pedestal/94249,st_struct_pedestal/91451
ug_route/217646,OSP:BUSP:C653094,st_struct_pedestal/90698,st_struct_pedestal/91128
ug_route/217647,OSP:FBSP:C662666,st_struct_pedestal/94304,building/66976
ug_route/217648,OSP:FBSP:C652611,st_struct_pedestal/93058,st_struct_pedestal/91961
ug_route/217674,OSP:BUSP:C656319,st_struct_pedestal/93384,building/67153
ug_route/217649,OSP:BUSP:C660698,st_struct_pedestal/93647,building/68633
ug_route/217650,OSP:BUSP:C662487,st_struct_pedestal/91523,st_struct_pedestal/93199
ug_route/217651,OSP:FBSP:C656909,st_struct_pedestal/93270,building/68857
ug_route/217652,OSP:BUSP:C645723,st_struct_pedestal/93084,building/67707
ug_route/217653,OSP:BUSP::8399813,st_struct_pedestal/90627,st_struct_pedestal/92461
ug_route/217654,OSP:BUSP:C660645,st_struct_buried_splice_location/3885,building/68391
ug_route/217655,OSP:BUSP:C645848,st_struct_pedestal/91476,building/67671
ug_route/217656,OSP:BUSP:C659871,st_struct_pedestal/92461,st_struct_pedestal/92814
ug_route/217657,OSP:BUSP:C665625,st_struct_pedestal/90850,building/66242
ug_route/217658,OSP:BUSP:C656949,st_struct_pedestal/93707,building/67586
ug_route/217659,OSP:BUSP:C660921,st_struct_pedestal/93784,building/68363
ug_route/217660,OSP:FBSP::12774004,st_struct_pedestal/91621,building/67145
ug_route/217661,OSP:BUSP:C639724,st_struct_pedestal/93721,building/68588
ug_route/217662,OSP:BUSP::13843141,st_struct_pedestal/92526,building/68227
ug_route/217663,OSP:BUSP::8490701,st_struct_pedestal/93729,st_struct_pedestal/93496
ug_route/217664,OSP:BUSP:C708402,mywcom_route_junction/27197,mywcom_route_junction/27678
ug_route/217665,OSP:BUSP:C659800,mywcom_route_junction/27485,mywcom_route_junction/27825
ug_route/217666,OSP:BUSP:C641369,st_struct_pedestal/91681,st_struct_pedestal/92772
ug_route/217667,OSP:BUSP::8348307,st_struct_pedestal/91184,st_struct_pedestal/91891
ug_route/217668,OSP:BUSP:C711721,st_struct_pedestal/92988,mywcom_route_junction/27541
ug_route/217669,OSP:BUSP:C683383,st_struct_pedestal/92419,st_struct_pedestal/91213
ug_route/217670,OSP:FBSP:C705102,st_struct_pedestal/94157,mywcom_route_junction/27405
ug_route/217671,OSP:BUSP:C642045,st_struct_pedestal/91599,building/68505
ug_route/217672,OSP:BUSP:C644051,st_struct_pedestal/92488,st_struct_pedestal/94190
ug_route/217673,OSP:BUSP:C656268,st_struct_pedestal/92619,building/67440
ug_route/217675,OSP:BUSP:C641623,st_struct_pedestal/93918,st_struct_pedestal/92064
ug_route/217676,OSP:BUSP:C664365,st_struct_pedestal/91239,st_struct_pedestal/93612
ug_route/217677,OSP:BUSP:C667907,st_struct_pedestal/94039,st_struct_pedestal/93328
ug_route/217678,OSP:BUSP:C653023,st_struct_pedestal/92714,mywcom_route_junction/27235
ug_route/217679,OSP:BUSP:C651064,st_struct_pedestal/93176,st_struct_pedestal/93217
ug_route/217680,OSP:BUSP:C682628,st_struct_pedestal/91035,st_struct_pedestal/90857
ug_route/217681,OSP:BUSP:C648550,st_struct_pedestal/92888,pole/54466
ug_route/217682,OSP:BUSP:C689221,st_struct_pedestal/90984,st_struct_pedestal/92181
ug_route/217683,OSP:BUSP::8500979,st_struct_pedestal/94190,st_struct_pedestal/92488
ug_route/217684,OSP:BUSP::12055944,st_struct_pedestal/91239,st_struct_pedestal/93612
ug_route/217685,OSP:BUSP:C666696,st_struct_pedestal/90834,building/67023
ug_route/217686,OSP:BUSP:C665515,st_struct_pedestal/91070,building/66167
ug_route/217687,OSP:BUSP:C682271,st_struct_pedestal/93579,st_struct_pedestal/93796
ug_route/217688,OSP:BUSP:C681429,st_struct_pedestal/93793,building/68696
ug_route/217689,OSP:BUSP:C657431,st_struct_pedestal/92159,building/68003
ug_route/217690,OSP:BUSP:C650241,st_struct_pedestal/91906,building/66300
ug_route/217691,OSP:BUSP:C705970,st_struct_pedestal/90725,st_struct_buried_splice_location/3970
ug_route/217692,OSP:BUSP:C651729,st_struct_pedestal/92845,st_struct_pedestal/93907
ug_route/217693,OSP:BUSP:C641971,st_struct_pedestal/90833,building/66966
ug_route/217694,OSP:FORSP::16962502,st_struct_vault/2732,st_struct_vault/2755
ug_route/217695,OSP:FBSP:C689217,st_struct_pedestal/91508,st_struct_pedestal/91588
ug_route/217696,OSP:BUSP:C656611,st_struct_pedestal/92703,st_struct_pedestal/91631
ug_route/217697,OSP:BUSP:C708337,st_struct_pedestal/94135,st_struct_pedestal/90571
ug_route/217698,OSP:BUSP:C641637,st_struct_pedestal/93918,st_struct_pedestal/92064
ug_route/217699,OSP:BUSP:C655780,st_struct_pedestal/90983,building/67268
ug_route/217700,OSP:BUSP:C640927,st_struct_pedestal/92963,building/67894
ug_route/217701,OSP:BUSP:C655234,st_struct_pedestal/93251,building/67076
ug_route/217702,OSP:BUSP:C658297,st_struct_pedestal/91200,building/67716
ug_route/217703,OSP:BUSP:C659798,st_struct_pedestal/92385,st_struct_pedestal/91862
ug_route/217704,OSP:BUSP:C650860,st_struct_pedestal/93176,st_struct_pedestal/93217
ug_route/217705,OSP:BUSP:C656322,st_struct_pedestal/93384,building/68518
ug_route/217706,OSP:BUSP:C660478,st_struct_pedestal/93743,st_struct_pedestal/92937
ug_route/217707,OSP:BUSP:C655389,st_struct_pedestal/91587,mywcom_route_junction/27330
ug_route/217708,OSP:BUSP:C659835,st_struct_pedestal/92385,st_struct_pedestal/91862
ug_route/217709,OSP:FBSP::11900075,st_struct_pedestal/94094,building/67119
ug_route/217710,OSP:BUSP:C669486,st_struct_pedestal/93938,st_struct_pedestal/90870
ug_route/217711,OSP:BUSP:C682630,st_struct_pedestal/91035,st_struct_pedestal/90857
ug_route/217712,OSP:BUSP::15996435,st_struct_pedestal/94105,st_struct_pedestal/92115
ug_route/217713,OSP:BUSP::10209492,building/68451,st_struct_pedestal/91929
ug_route/217714,OSP:BUSP:C657915,st_struct_pedestal/90726,building/68328
ug_route/217715,OSP:BUSP:C651062,st_struct_pedestal/93176,st_struct_pedestal/93217
ug_route/217716,OSP:FBSP:C706864,st_struct_pedestal/90792,building/66539
ug_route/217717,OSP:BUSP:C645710,st_struct_pedestal/92065,building/67266
ug_route/217718,OSP:BUSP:C659837,st_struct_pedestal/92385,st_struct_pedestal/91862
ug_route/217719,OSP:BUSP::11596756,st_struct_pedestal/91099,st_struct_pedestal/93617
ug_route/217720,OSP:BUSP:C643740,st_struct_pedestal/92991,st_struct_pedestal/92407
ug_route/217721,OSP:FBSP::14399300,pole/53012,mywcom_route_junction/27177
ug_route/217722,OSP:FBSP:C666434,pole/53701,building/66273
ug_route/217723,OSP:BUSP:C654442,st_struct_pedestal/93097,building/67828
ug_route/217724,OSP:BUSP:C646022,st_struct_pedestal/93919,building/67804
ug_route/217725,OSP:BUSP:C652018,st_struct_pedestal/92154,building/67993
ug_route/217726,OSP:BUSP:C660909,st_struct_pedestal/92831,building/68758
ug_route/217727,OSP:BUSP:C656984,st_struct_pedestal/91390,building/67921
ug_route/217728,OSP:BUSP:C705425,st_struct_pedestal/92096,st_struct_pedestal/93641
ug_route/217729,OSP:BUSP:C648582,st_struct_pedestal/91654,building/66611
ug_route/217730,OSP:BUSP:C656917,st_struct_pedestal/90926,building/67969
ug_route/217731,OSP:BUSP:C661021,st_struct_pedestal/93098,building/66640
ug_route/217732,OSP:BUSP:C641388,st_struct_pedestal/91681,building/68781
ug_route/217733,OSP:BUSP:C660899,st_struct_pedestal/92528,st_struct_pedestal/92830
ug_route/217734,OSP:BUSP:C655381,st_struct_pedestal/90686,building/66811
ug_route/217735,OSP:BUSP:C660906,st_struct_pedestal/92528,st_struct_pedestal/92830
ug_route/217736,OSP:BUSP:C642025,st_struct_pedestal/92324,building/66628
ug_route/217737,OSP:BUSP:C643748,st_struct_pedestal/92991,st_struct_pedestal/92407
ug_route/217738,OSP:BUSP:C648965,st_struct_pedestal/93595,building/68679
ug_route/217739,OSP:BUSP:C650251,st_struct_pedestal/92795,building/68124
ug_route/217740,OSP:BUSP:C645833,st_struct_pedestal/92025,building/66729
ug_route/217741,OSP:BUSP::11853994,st_struct_pedestal/93002,st_struct_pedestal/93961
ug_route/217742,OSP:BUSP:C670415,st_struct_pedestal/92014,building/67920
ug_route/217743,OSP:FBSP:C650377,st_struct_pedestal/91014,building/67212
ug_route/217744,OSP:BUSP::8589580,st_struct_pedestal/93115,cabinet/2817
ug_route/217745,OSP:BUSP::10260357,mywcom_route_junction/28015,mywcom_route_junction/27389
ug_route/217746,OSP:BUSP:C645700,st_struct_pedestal/92065,building/66862
ug_route/217747,OSP:BUSP:C658356,st_struct_pedestal/92785,building/68703
ug_route/217748,OSP:BUSP:C656628,st_struct_pedestal/91631,building/67054
ug_route/217749,OSP:BUSP:C708351,st_struct_pedestal/94135,st_struct_pedestal/90571
ug_route/217750,OSP:BUSP:C682631,st_struct_pedestal/91035,st_struct_pedestal/90857
ug_route/217751,OSP:BUSP:C660908,st_struct_pedestal/92528,st_struct_pedestal/92830
ug_route/217752,OSP:FORSP::16949398,st_struct_vault/2770,st_struct_vault/2749
ug_route/217753,OSP:BUSP:C650349,st_struct_pedestal/92204,st_struct_pedestal/92099
ug_route/217754,OSP:BUSP:C651750,st_struct_pedestal/93080,st_struct_pedestal/90924
ug_route/217755,OSP:BUSP:C643750,st_struct_pedestal/92991,st_struct_pedestal/92407
ug_route/217756,OSP:BUSP:C648598,st_struct_pedestal/92622,building/66992
ug_route/217757,OSP:BUSP:C650403,st_struct_pedestal/92204,st_struct_pedestal/92099
ug_route/217758,OSP:BUSP:C683076,building/68407,st_struct_pedestal/93422
ug_route/217759,OSP:BUSP:C671271,st_struct_pedestal/93651,mywcom_route_junction/27131
ug_route/217760,OSP:BUSP::9523704,st_struct_pedestal/94065,st_struct_pedestal/93479
ug_route/217761,OSP:BUSP:C660605,st_struct_pedestal/93165,st_struct_pedestal/93777
ug_route/217762,OSP:BUSP:C646430,st_struct_pedestal/92623,building/66603
ug_route/217763,OSP:BUSP:C670020,st_struct_pedestal/92097,st_struct_pedestal/92284
ug_route/217764,OSP:BUSP:C651045,st_struct_pedestal/91650,st_struct_pedestal/90982
ug_route/217765,OSP:BUSP:C641200,st_struct_pedestal/93494,building/66965
ug_route/217766,OSP:BUSP:C659986,st_struct_pedestal/92882,st_struct_pedestal/91090
ug_route/217767,OSP:FBSP::9504538,st_struct_pedestal/94204,building/68053
ug_route/217768,OSP:BUSP:C650878,st_struct_pedestal/92386,st_struct_pedestal/93812
ug_route/217769,OSP:BUSP:C641949,st_struct_pedestal/91775,st_struct_pedestal/93149
ug_route/217770,OSP:BUSP:C683071,st_struct_pedestal/92655,st_struct_pedestal/93422
ug_route/217771,OSP:BUSP:C671269,st_struct_pedestal/93651,mywcom_route_junction/27131
ug_route/217772,OSP:BUSP:C706395,mywcom_route_junction/27641,st_struct_pedestal/92082
ug_route/217773,OSP:FBSP:C706760,st_struct_buried_splice_location/3948,building/67625
ug_route/217774,OSP:BUSP:C670068,st_struct_pedestal/93002,pole/53885
ug_route/217775,OSP:BUSP:C651053,st_struct_pedestal/91650,st_struct_pedestal/90982
ug_route/217776,OSP:BUSP:C643768,building/66927,st_struct_pedestal/93865
ug_route/217777,OSP:BUSP:C658625,st_struct_pedestal/91420,building/68007
ug_route/217778,OSP:BUSP:C670064,mywcom_route_junction/28166,mywcom_route_junction/28162
ug_route/217779,OSP:BUSP:C654913,st_struct_pedestal/91514,building/66944
ug_route/217780,OSP:BUSP:C648998,st_struct_pedestal/91416,building/66466
ug_route/217781,OSP:BUSP::16694681,mywcom_route_junction/27106,mywcom_route_junction/28123
ug_route/217782,OSP:BUSP:C645821,st_struct_pedestal/93094,building/66861
ug_route/217783,OSP:BUSP:C683072,st_struct_pedestal/93422,st_struct_pedestal/91605
ug_route/217784,OSP:BUSP:C660907,st_struct_pedestal/92831,building/68570
ug_route/217785,OSP:BUSP:C663614,st_struct_pedestal/94017,st_struct_pedestal/92757
ug_route/217786,OSP:BUSP:C671207,st_struct_pedestal/93268,st_struct_pedestal/91448
ug_route/217787,OSP:BUSP:C642290,st_struct_pedestal/92052,building/68578
ug_route/217788,OSP:BUSP::10395425,st_struct_pedestal/93268,st_struct_pedestal/91448
ug_route/217789,OSP:BUSP:C646476,st_struct_pedestal/94333,building/66741
ug_route/217790,OSP:BUSP::9271543,mywcom_route_junction/28080,mywcom_route_junction/27529
ug_route/217791,OSP:BUSP:C683078,st_struct_pedestal/93422,building/68407
ug_route/217792,OSP:BUSP:C681328,st_struct_pedestal/94235,building/67844
ug_route/217793,OSP:BUSP:C659046,st_struct_pedestal/93797,st_struct_pedestal/94124
ug_route/217794,OSP:BUSP::15686647,st_struct_pedestal/93463,st_struct_pedestal/92445
ug_route/217795,OSP:BUSP:C659673,st_struct_pedestal/92522,st_struct_pedestal/91303
ug_route/217796,OSP:BUSP:C653348,st_struct_pedestal/93624,st_struct_pedestal/92716
ug_route/217797,OSP:BUSP:C668463,st_struct_pedestal/91732,building/66968
ug_route/217798,OSP:BUSP:C656432,st_struct_pedestal/92606,building/67928
ug_route/217799,OSP:BUSP:C655168,st_struct_pedestal/90574,st_struct_pedestal/93815
ug_route/217800,OSP:BUSP:C655405,st_struct_pedestal/90680,building/67111
ug_route/217801,OSP:BUSP::8500299,st_struct_pedestal/93381,st_struct_pedestal/92675
ug_route/217802,OSP:BUSP:C682633,st_struct_pedestal/91035,st_struct_pedestal/90857
ug_route/217803,OSP:BUSP:C671221,st_struct_pedestal/91722,st_struct_pedestal/92322
ug_route/217804,OSP:BUSP:C657470,st_struct_pedestal/93854,building/68028
ug_route/217805,OSP:BUSP::9581300,st_struct_pedestal/92654,st_struct_pedestal/93131
ug_route/217806,OSP:BUSP::9469357,st_struct_pedestal/91722,st_struct_pedestal/92322
ug_route/217807,OSP:BUSP:C660662,mywcom_route_junction/27300,mywcom_route_junction/27633
ug_route/217808,OSP:BUSP::17060789,st_struct_pedestal/91685,st_struct_pedestal/92941
ug_route/217809,OSP:BUSP:C645718,st_struct_pedestal/93084,mywcom_route_junction/27728
ug_route/217810,OSP:BUSP:C708317,st_struct_pedestal/93165,building/66440
ug_route/217811,OSP:BUSP::7611825,st_struct_pedestal/94332,st_struct_pedestal/93478
ug_route/217812,OSP:BUSP:C669953,st_struct_pedestal/91841,st_struct_pedestal/91777
ug_route/217813,OSP:BUSP::9444452,mywcom_route_junction/27794,st_struct_pedestal/90626
ug_route/217814,OSP:BUSP:C659937,st_struct_pedestal/90769,st_struct_pedestal/92461
ug_route/217815,OSP:BUSP:C656569,st_struct_pedestal/91219,building/67463
ug_route/217816,OSP:BUSP::10511238,st_struct_pedestal/91665,st_struct_pedestal/91808
ug_route/217817,OSP:BUSP:C659697,st_struct_pedestal/91782,building/67194
ug_route/217818,OSP:BUSP::8399814,st_struct_pedestal/92461,st_struct_pedestal/90769
ug_route/217819,OSP:BUSP:C654551,st_struct_pedestal/92985,building/68048
ug_route/217820,OSP:BUSP:C655165,st_struct_pedestal/93798,st_struct_pedestal/91513
ug_route/217847,OSP:BUSP:C648827,st_struct_pedestal/93830,building/67971
ug_route/217821,OSP:BUSP:C664373,st_struct_pedestal/93905,st_struct_pedestal/94171
ug_route/217822,OSP:BUSP:C669984,st_struct_pedestal/93518,st_struct_pedestal/92532
ug_route/217823,OSP:BUSP:C637463,st_struct_pedestal/92753,building/68666
ug_route/217824,OSP:FBSP::11797194,mywcom_route_junction/28217,pole/52331
ug_route/217825,OSP:BUSP:C660981,st_struct_pedestal/93848,building/67223
ug_route/217826,OSP:BUSP:C642858,st_struct_pedestal/94091,st_struct_pedestal/92427
ug_route/217827,OSP:BUSP:C668825,st_struct_pedestal/92923,mywcom_route_junction/28023
ug_route/217828,OSP:BUSP:C659571,st_struct_pedestal/92269,building/67653
ug_route/217829,OSP:BUSP:C656429,st_struct_pedestal/90584,building/68344
ug_route/217830,OSP:BUSP:C642246,st_struct_buried_splice_location/3910,building/68219
ug_route/217831,OSP:BUSP::17062024,st_struct_buried_splice_location/3968,st_struct_pedestal/93125
ug_route/217832,OSP:BUSP:C641880,st_struct_pedestal/90572,building/66301
ug_route/217833,OSP:BUSP:C711833,st_struct_pedestal/92173,st_struct_pedestal/91120
ug_route/217834,OSP:BUSP::9550278,st_struct_pedestal/93704,mywcom_route_junction/27531
ug_route/217835,OSP:BUSP:C641923,st_struct_pedestal/94244,building/66911
ug_route/217836,OSP:BUSP:C639821,st_struct_pedestal/93127,building/66472
ug_route/217837,OSP:FORSP::16953224,st_struct_vault/2757,st_struct_vault/2759
ug_route/217838,OSP:BUSP:C661608,st_struct_pedestal/93536,st_struct_pedestal/93660
ug_route/217839,OSP:BUSP:C681576,st_struct_pedestal/90775,building/67651
ug_route/217840,OSP:BUSP:C646534,st_struct_pedestal/93622,building/66822
ug_route/217841,OSP:BUSP:C641716,st_struct_pedestal/93511,building/67818
ug_route/217842,OSP:BUSP:C660172,st_struct_pedestal/93811,building/66993
ug_route/217843,OSP:FBSP:C660026,st_struct_pedestal/91602,building/66321
ug_route/217844,OSP:BUSP:C645195,st_struct_pedestal/93602,building/66845
ug_route/217845,OSP:BUSP:C658527,st_struct_pedestal/93395,building/66379
ug_route/217846,OSP:FORSP::16947461,st_struct_vault/2728,st_struct_vault/2742
ug_route/217848,OSP:BUSP::7912801,st_struct_pedestal/92575,building/67492
ug_route/217849,OSP:BUSP:C665512,st_struct_pedestal/93705,st_struct_pedestal/93029
ug_route/217850,OSP:BUSP:C660080,st_struct_pedestal/93099,building/68127
ug_route/217851,OSP:BUSP:C646480,st_struct_pedestal/94333,building/68387
ug_route/217852,OSP:BUSP:C641998,st_struct_pedestal/92866,building/67573
ug_route/217853,OSP:BUSP:C707997,st_struct_pedestal/94146,st_struct_pedestal/91050
ug_route/217854,OSP:BUSP:C649823,st_struct_pedestal/94146,st_struct_pedestal/91050
ug_route/217855,OSP:BUSP:C659211,st_struct_pedestal/91142,st_struct_pedestal/94020
ug_route/217856,OSP:BUSP:C655219,st_struct_pedestal/91048,building/68022
ug_route/217857,OSP:BUSP:C642036,st_struct_pedestal/91599,building/67224
ug_route/217858,OSP:BUSP:C663637,st_struct_pedestal/91510,building/68808
ug_route/217859,OSP:BUSP:C652501,st_struct_pedestal/92367,mywcom_route_junction/27527
ug_route/217860,OSP:BUSP::8499998,cabinet/2752,st_struct_pedestal/90782
ug_route/217861,OSP:BUSP::11417588,st_struct_pedestal/92722,st_struct_pedestal/92418
ug_route/217862,OSP:BUSP:C651132,st_struct_pedestal/92653,building/67117
ug_route/217863,OSP:BUSP:C683082,st_struct_pedestal/91929,building/68408
ug_route/217864,OSP:BUSP:C708113,mywcom_route_junction/27297,st_struct_pedestal/91706
ug_route/217865,OSP:BUSP:C641281,st_struct_pedestal/91599,st_struct_pedestal/90930
ug_route/217866,OSP:BUSP:C650999,st_struct_pedestal/90700,building/67417
ug_route/217867,OSP:BUSP::14415396,st_struct_pedestal/93393,st_struct_pedestal/91614
ug_route/217868,OSP:FBSP:C650644,pole/53774,building/67046
ug_route/217869,OSP:FBSP:C661801,st_struct_pedestal/90895,building/68738
ug_route/217870,OSP:BUSP:C643083,st_struct_buried_splice_location/3874,st_struct_buried_splice_location/3971
ug_route/217893,OSP:FORSP::16958667,st_struct_vault/2771,st_struct_vault/2743
ug_route/217871,OSP:BUSP::15712249,mywcom_route_junction/28039,mywcom_route_junction/28000
ug_route/217872,OSP:BUSP:C707939,st_struct_pedestal/93356,st_struct_pedestal/93806
ug_route/217873,OSP:BUSP:C639158,st_struct_pedestal/92612,st_struct_pedestal/92486
ug_route/217874,OSP:BUSP:C655406,st_struct_pedestal/90680,building/67318
ug_route/217875,OSP:BUSP:C707930,st_struct_pedestal/92996,st_struct_pedestal/93229
ug_route/217876,OSP:BUSP:C660580,st_struct_pedestal/91683,building/67361
ug_route/217877,OSP:BUSP::7912800,st_struct_pedestal/92575,building/66209
ug_route/217878,OSP:BUSP:C658819,st_struct_pedestal/94011,building/67558
ug_route/217879,OSP:BUSP:C669040,st_struct_pedestal/92454,building/66203
ug_route/217880,OSP:BUSP:C654710,st_struct_pedestal/91972,building/67698
ug_route/217881,OSP:BUSP:C657911,st_struct_pedestal/90726,st_struct_pedestal/92329
ug_route/217882,OSP:BUSP::8364627,st_struct_pedestal/91913,mywcom_route_junction/27794
ug_route/217883,OSP:BUSP:C648370,st_struct_pedestal/92405,building/66443
ug_route/217884,OSP:BUSP:C643461,st_struct_pedestal/91415,st_struct_pedestal/93556
ug_route/217885,OSP:FORSP::16949401,st_struct_vault/2777,st_struct_vault/2750
ug_route/217886,OSP:BUSP:C647474,st_struct_pedestal/90909,st_struct_buried_splice_location/3961
ug_route/217887,OSP:BUSP::11491492,st_struct_pedestal/90579,st_struct_pedestal/94141
ug_route/217888,OSP:BUSP:C659630,st_struct_pedestal/92617,st_struct_buried_splice_location/3853
ug_route/217889,OSP:BUSP:C658210,st_struct_pedestal/91486,st_struct_pedestal/92560
ug_route/217890,OSP:BUSP:C643470,st_struct_pedestal/91415,st_struct_pedestal/93556
ug_route/217891,OSP:BUSP:C642866,st_struct_pedestal/94292,building/68447
ug_route/217892,OSP:BUSP:C668329,st_struct_pedestal/92921,st_struct_buried_splice_location/3873
ug_route/217917,OSP:BUSP:C652830,mywcom_route_junction/27884,mywcom_route_junction/27151
ug_route/217894,OSP:FORSP::16958668,st_struct_vault/2771,st_struct_vault/2743
ug_route/217895,OSP:FORSP::16958662,st_struct_vault/2763,st_struct_vault/2743
ug_route/217896,OSP:BUSP::9008799,st_struct_pedestal/92521,st_struct_pedestal/93625
ug_route/217897,OSP:BUSP:C708339,st_struct_pedestal/90571,st_struct_pedestal/91532
ug_route/217898,OSP:BUSP:C658922,st_struct_pedestal/93323,building/68246
ug_route/217899,OSP:FBSP:C708279,st_struct_pedestal/91595,building/67607
ug_route/217900,OSP:BUSP:C645853,st_struct_pedestal/92734,st_struct_pedestal/92436
ug_route/217901,OSP:BUSP:C661027,st_struct_pedestal/90629,st_struct_pedestal/91614
ug_route/217902,OSP:BUSP:C658780,st_struct_pedestal/91363,building/66666
ug_route/217903,OSP:BUSP::13954871,st_struct_pedestal/91130,st_struct_pedestal/91036
ug_route/217904,OSP:BUSP:C645924,st_struct_pedestal/92734,st_struct_pedestal/91581
ug_route/217905,OSP:BUSP::8388292,st_struct_pedestal/91839,pole/53178
ug_route/217906,OSP:BUSP:C653140,st_struct_pedestal/93807,building/68081
ug_route/217907,OSP:BUSP::15996730,st_struct_pedestal/91918,st_struct_pedestal/94046
ug_route/217908,OSP:BUSP::9502903,mywcom_route_junction/27141,mywcom_route_junction/27623
ug_route/217909,OSP:BUSP::15978186,st_struct_pedestal/92334,building/68709
ug_route/217910,OSP:BUSP:C660902,st_struct_pedestal/90893,building/66243
ug_route/217911,OSP:BUSP:C706872,st_struct_pedestal/92071,st_struct_pedestal/92560
ug_route/217912,OSP:FBSP:C657025,st_struct_pedestal/92527,building/67095
ug_route/217913,OSP:BUSP:C646216,st_struct_pedestal/92778,st_struct_pedestal/93034
ug_route/217914,OSP:BUSP:C661127,st_struct_pedestal/91537,st_struct_buried_splice_location/3950
ug_route/217915,OSP:BUSP:C641778,st_struct_pedestal/91900,building/66905
ug_route/217916,OSP:BUSP:C657007,st_struct_pedestal/90534,st_struct_pedestal/93720
ug_route/217918,OSP:BUSP:C670724,st_struct_pedestal/93026,st_struct_pedestal/92267
ug_route/217919,OSP:BUSP:C659678,mywcom_route_junction/28000,mywcom_route_junction/28039
ug_route/217920,OSP:BUSP:C647300,st_struct_pedestal/92495,building/68089
ug_route/217921,OSP:BUSP::11472525,st_struct_pedestal/92779,st_struct_pedestal/92118
ug_route/217922,OSP:BUSP:C650400,st_struct_pedestal/91536,building/66936
ug_route/217923,OSP:BUSP:C670606,st_struct_pedestal/93292,st_struct_pedestal/93245
ug_route/217924,OSP:BUSP:C704824,st_struct_pedestal/92961,building/66230
ug_route/217925,OSP:BUSP:C665824,st_struct_buried_splice_location/3893,st_struct_pedestal/90737
ug_route/217926,OSP:FBSP::13098314,st_struct_pedestal/92048,mywcom_route_junction/27351
ug_route/217927,OSP:BUSP:C655202,st_struct_pedestal/92671,building/67950
ug_route/217928,OSP:BUSP:C641461,st_struct_pedestal/94246,building/68772
ug_route/217929,OSP:BUSP:C667632,pole/52680,mywcom_route_junction/27396
ug_route/217930,OSP:BUSP:C670598,st_struct_pedestal/93292,st_struct_pedestal/93245
ug_route/217931,OSP:BUSP:C649300,st_struct_pedestal/91526,st_struct_pedestal/94169
ug_route/217932,OSP:BUSP:C661062,st_struct_pedestal/93777,st_struct_pedestal/91823
ug_route/217933,OSP:BUSP:C647200,st_struct_pedestal/93458,st_struct_pedestal/91025
ug_route/217934,OSP:BUSP::12613049,mywcom_route_junction/27497,mywcom_route_junction/27616
ug_route/217935,OSP:BUSP:C645925,st_struct_pedestal/92727,st_struct_pedestal/93438
ug_route/217936,OSP:BUSP:C708355,st_struct_pedestal/91532,building/67785
ug_route/217937,OSP:BUSP:C668466,st_struct_pedestal/91732,st_struct_pedestal/94117
ug_route/217938,OSP:BUSP:C639317,st_struct_pedestal/93434,building/66943
ug_route/217939,OSP:BUSP:C655378,st_struct_pedestal/90727,building/66939
ug_route/217940,OSP:BUSP:C647238,st_struct_pedestal/93923,st_struct_pedestal/94137
ug_route/217941,OSP:BUSP:C647465,st_struct_pedestal/93923,building/68008
ug_route/217942,OSP:BUSP:C651143,st_struct_pedestal/91206,st_struct_pedestal/91576
ug_route/217943,OSP:BUSP:C708356,st_struct_pedestal/90571,st_struct_pedestal/91532
ug_route/217944,OSP:FORSP::16943977,st_struct_vault/2768,mywcom_route_junction/27142
ug_route/217945,OSP:BUSP:C652792,st_struct_pedestal/91357,st_struct_pedestal/93608
ug_route/217946,OSP:BUSP::9148311,st_struct_pedestal/93295,st_struct_pedestal/91737
ug_route/217947,OSP:BUSP:C681689,st_struct_buried_splice_location/3924,building/66753
ug_route/217948,OSP:BUSP::8500296,st_struct_pedestal/91340,st_struct_pedestal/93649
ug_route/217949,OSP:BUSP:C708361,st_struct_pedestal/92126,building/66823
ug_route/217950,OSP:BUSP::16735355,mywcom_route_junction/27220,mywcom_route_junction/27742
ug_route/217951,OSP:BUSP::8608792,st_struct_pedestal/93090,building/67455
ug_route/217952,OSP:BUSP:C650376,st_struct_pedestal/92764,st_struct_pedestal/91908
ug_route/217953,OSP:BUSP:C651906,mywcom_route_junction/28139,st_struct_pedestal/93465
ug_route/217954,OSP:BUSP:C641503,st_struct_pedestal/91204,building/66382
ug_route/217955,OSP:BUSP:C650865,st_struct_pedestal/93217,st_struct_pedestal/92984
ug_route/217956,OSP:FBSP:C657764,st_struct_buried_splice_location/3948,building/68574
ug_route/217957,OSP:BUSP::17101127,mywcom_route_junction/28002,building/67003
ug_route/217958,OSP:BUSP:C689226,st_struct_pedestal/90817,st_struct_pedestal/93746
ug_route/217959,OSP:BUSP:C708360,st_struct_pedestal/92126,building/68232
ug_route/217960,OSP:BUSP:C657820,st_struct_pedestal/92438,st_struct_pedestal/94165
ug_route/217961,OSP:BUSP:C650426,st_struct_pedestal/92764,st_struct_pedestal/91908
ug_route/217962,OSP:BUSP::8364612,st_struct_pedestal/93937,st_struct_pedestal/91099
ug_route/217963,OSP:BUSP:C645762,st_struct_pedestal/93147,st_struct_pedestal/91530
ug_route/217964,OSP:BUSP:C647230,st_struct_pedestal/93923,st_struct_pedestal/94137
ug_route/217965,OSP:BUSP:C665584,st_struct_pedestal/90836,mywcom_route_junction/27186
ug_route/217966,OSP:BUSP:C682040,st_struct_pedestal/91255,building/68154
ug_route/217967,OSP:BUSP:C657910,st_struct_pedestal/94289,st_struct_pedestal/90681
ug_route/217968,OSP:BUSP:C644351,st_struct_buried_splice_location/3949,st_struct_pedestal/91977
ug_route/217969,OSP:BUSP:C641344,st_struct_pedestal/91155,building/67003
ug_route/217970,OSP:BUSP:C670212,st_struct_pedestal/93341,st_struct_pedestal/93284
ug_route/217971,OSP:BUSP::14457213,st_struct_pedestal/93118,st_struct_pedestal/93962
ug_route/217972,OSP:BUSP:C649494,st_struct_pedestal/91526,st_struct_pedestal/92864
ug_route/217973,OSP:BUSP:C707479,st_struct_pedestal/93341,st_struct_pedestal/93284
ug_route/217974,OSP:BUSP:C655630,st_struct_pedestal/91060,building/66961
ug_route/217975,OSP:BUSP:C642156,st_struct_pedestal/92348,st_struct_buried_splice_location/3874
ug_route/217976,OSP:BUSP::8499988,st_struct_pedestal/91336,st_struct_pedestal/92336
ug_route/217977,OSP:BUSP:C650924,st_struct_pedestal/93217,st_struct_pedestal/92984
ug_route/217978,OSP:BUSP:C625480,mywcom_route_junction/28233,mywcom_route_junction/28063
ug_route/217979,OSP:BUSP:C657001,st_struct_pedestal/91002,building/68147
ug_route/217980,OSP:BUSP:C659563,st_struct_pedestal/92798,building/66464
ug_route/217981,OSP:BUSP:C655778,st_struct_pedestal/90983,st_struct_pedestal/92844
ug_route/217982,OSP:BUSP:C649750,st_struct_pedestal/93973,st_struct_pedestal/93553
ug_route/217983,OSP:BUSP:C641493,st_struct_pedestal/93593,st_struct_pedestal/93096
ug_route/217984,OSP:BUSP:C644558,st_struct_buried_splice_location/3949,st_struct_pedestal/91977
ug_route/217985,OSP:BUSP:C641601,st_struct_pedestal/92797,building/68032
ug_route/217986,OSP:BUSP:C663457,st_struct_pedestal/93592,st_struct_pedestal/93920
ug_route/217987,OSP:BUSP:C657688,st_struct_pedestal/90595,st_struct_pedestal/91393
ug_route/217988,OSP:BUSP:C641935,st_struct_pedestal/93593,st_struct_pedestal/93096
ug_route/217989,OSP:BUSP:C711848,st_struct_pedestal/93338,st_struct_pedestal/92094
ug_route/217990,OSP:BUSP:C658957,st_struct_pedestal/92432,st_struct_pedestal/90835
ug_route/217991,OSP:BUSP::15686644,st_struct_vault/2735,st_struct_pedestal/93463
ug_route/217992,OSP:BUSP:C706694,st_struct_pedestal/91127,building/67150
ug_route/217993,OSP:BUSP:C655781,st_struct_pedestal/90983,st_struct_pedestal/92844
ug_route/217994,OSP:BUSP::10875115,st_struct_pedestal/93763,st_struct_pedestal/92334
ug_route/217995,OSP:BUSP:C657846,st_struct_pedestal/92948,st_struct_pedestal/93607
ug_route/217996,OSP:BUSP:C661048,st_struct_pedestal/93635,st_struct_pedestal/93868
ug_route/217997,OSP:BUSP:C642302,st_struct_buried_splice_location/3936,st_struct_pedestal/91997
ug_route/217998,OSP:BUSP:C651809,st_struct_pedestal/93626,mywcom_route_junction/27696
ug_route/217999,OSP:BUSP:C654363,st_struct_pedestal/91682,st_struct_pedestal/92959
ug_route/218000,OSP:BUSP::8397594,st_struct_pedestal/93219,mywcom_route_junction/27248
ug_route/218001,OSP:BUSP::12139127,st_struct_pedestal/92000,st_struct_pedestal/94264
ug_route/218002,OSP:BUSP:C682181,st_struct_pedestal/93378,building/66842
ug_route/218003,OSP:BUSP::8397595,mywcom_route_junction/27248,st_struct_pedestal/93728
ug_route/218004,OSP:BUSP:C644138,st_struct_pedestal/91525,st_struct_pedestal/93428
ug_route/218005,OSP:BUSP:C655407,st_struct_pedestal/90680,building/67728
ug_route/218006,OSP:BUSP:C666054,st_struct_pedestal/90852,st_struct_pedestal/91269
ug_route/218007,OSP:FORSP::16955880,st_struct_vault/2784,st_struct_vault/2760
ug_route/218008,OSP:BUSP::11555060,cabinet/2774,pole/52701
ug_route/218009,OSP:BUSP:C639587,st_struct_pedestal/93847,building/67232
ug_route/218010,OSP:BUSP::10246629,st_struct_pedestal/93610,mywcom_route_junction/27313
ug_route/218011,OSP:FORSP::16953229,st_struct_vault/2759,mywcom_route_junction/28127
ug_route/218012,OSP:BUSP:C642292,st_struct_pedestal/92052,building/67490
ug_route/218013,OSP:BUSP:C658761,st_struct_pedestal/93782,building/68729
ug_route/218014,OSP:BUSP:C659261,st_struct_pedestal/94027,st_struct_pedestal/90560
ug_route/218015,OSP:BUSP:C709084,st_struct_pedestal/93228,building/66629
ug_route/218016,OSP:BUSP:C653395,st_struct_pedestal/92000,st_struct_pedestal/94264
ug_route/218017,OSP:BUSP:C659564,st_struct_pedestal/92035,building/66981
ug_route/218018,OSP:BUSP::13001700,st_struct_pedestal/92853,building/68602
ug_route/218019,OSP:BUSP:C657842,st_struct_pedestal/92948,st_struct_pedestal/93607
ug_route/218020,OSP:BUSP:C642115,st_struct_pedestal/93882,building/68215
ug_route/218021,OSP:BUSP:C639469,st_struct_pedestal/93204,st_struct_pedestal/93805
ug_route/218022,OSP:BUSP:C655588,st_struct_pedestal/91804,st_struct_pedestal/93109
ug_route/218023,OSP:BUSP::8490055,st_struct_pedestal/92347,st_struct_pedestal/92969
ug_route/218024,OSP:BUSP:C661049,st_struct_pedestal/93635,st_struct_pedestal/93868
ug_route/218025,OSP:BUSP::7637284,st_struct_pedestal/92337,st_struct_buried_splice_location/3939
ug_route/218026,OSP:BUSP:C662687,st_struct_pedestal/93524,st_struct_pedestal/94105
ug_route/218027,OSP:BUSP:C710199,st_struct_pedestal/93992,st_struct_pedestal/92760
ug_route/218028,OSP:FORSP:C646018,st_struct_vault/2723,st_struct_vault/2769
ug_route/218029,OSP:BUSP::9782262,st_struct_pedestal/92028,building/67983
ug_route/218030,OSP:BUSP:C660829,st_struct_pedestal/92533,building/67371
ug_route/218031,OSP:BUSP::15126676,pole/52991,pole/52627
ug_route/218032,OSP:BUSP:C658468,st_struct_pedestal/92812,building/68228
ug_route/218033,OSP:BUSP:C663626,st_struct_pedestal/93702,st_struct_buried_splice_location/3929
ug_route/218034,OSP:BUSP:C660546,st_struct_pedestal/92842,st_struct_pedestal/94317
ug_route/218035,OSP:BUSP:C709078,st_struct_pedestal/90831,mywcom_route_junction/27685
ug_route/218036,OSP:BUSP::11504010,st_struct_pedestal/93524,st_struct_pedestal/94105
ug_route/218037,OSP:BUSP:C705950,pole/54083,st_struct_pedestal/91465
ug_route/218038,OSP:BUSP:C639470,st_struct_pedestal/93204,st_struct_pedestal/93805
ug_route/218039,OSP:BUSP:C654527,st_struct_pedestal/91964,building/67996
ug_route/218040,OSP:BUSP:C682135,st_struct_pedestal/92483,building/67714
ug_route/218041,OSP:BUSP:C647333,st_struct_pedestal/90954,building/67739
ug_route/218042,OSP:BUSP:C644557,st_struct_pedestal/92209,st_struct_buried_splice_location/3949
ug_route/218043,OSP:BUSP:C660025,st_struct_pedestal/91256,st_struct_pedestal/91602
ug_route/218044,OSP:BUSP:C655451,st_struct_pedestal/91240,building/68400
ug_route/218045,OSP:FBSP:C660033,st_struct_pedestal/92554,building/67730
ug_route/218046,OSP:BUSP:C650328,st_struct_pedestal/92514,building/66859
ug_route/218047,OSP:BUSP:C682185,st_struct_pedestal/90945,building/67068
ug_route/218048,OSP:BUSP::8437279,building/66281,pole/53081
ug_route/218049,OSP:BUSP:C648247,st_struct_pedestal/91069,building/68720
ug_route/218050,OSP:BUSP:C706882,mywcom_route_junction/27609,mywcom_route_junction/27561
ug_route/218051,OSP:BUSP:C660809,st_struct_pedestal/94291,st_struct_pedestal/92511
ug_route/218052,OSP:BUSP:C682184,st_struct_pedestal/90945,building/66295
ug_route/218053,OSP:BUSP:C641922,st_struct_pedestal/92681,building/68110
ug_route/218054,OSP:BUSP:C661765,st_struct_pedestal/93759,st_struct_pedestal/93179
ug_route/218055,OSP:BUSP:C646957,st_struct_pedestal/92875,building/67380
ug_route/218056,OSP:BUSP:C670508,st_struct_pedestal/91433,st_struct_pedestal/90683
ug_route/218057,OSP:BUSP::16601559,st_struct_pedestal/91281,st_struct_pedestal/90991
ug_route/218058,OSP:BUSP:C641420,st_struct_pedestal/93320,building/68057
ug_route/218059,OSP:BUSP:C670518,st_struct_pedestal/93846,st_struct_pedestal/90624
ug_route/218060,OSP:BUSP::15769533,st_struct_pedestal/90652,building/68574
ug_route/218061,OSP:BUSP:C647426,st_struct_pedestal/90909,building/67403
ug_route/218062,OSP:BUSP:C665722,st_struct_pedestal/91990,building/68178
ug_route/218063,OSP:BUSP:C638840,st_struct_pedestal/91838,st_struct_pedestal/91935
ug_route/218064,OSP:BUSP:C647239,st_struct_pedestal/94137,st_struct_pedestal/92539
ug_route/218065,OSP:BUSP:C660666,st_struct_pedestal/91326,building/68371
ug_route/218066,OSP:BUSP:C651970,st_struct_pedestal/93976,building/68743
ug_route/218067,OSP:BUSP:C705746,st_struct_pedestal/90986,st_struct_pedestal/93518
ug_route/218068,OSP:BUSP:C656899,st_struct_pedestal/93675,st_struct_pedestal/91361
ug_route/218069,OSP:BUSP:C670408,st_struct_pedestal/93085,building/68234
ug_route/218070,OSP:BUSP:C656363,st_struct_pedestal/90696,st_struct_pedestal/93278
ug_route/218071,OSP:BUSP::17062023,st_struct_pedestal/93702,st_struct_buried_splice_location/3968
ug_route/218072,OSP:BUSP::8490385,st_struct_pedestal/93729,st_struct_pedestal/92074
ug_route/218073,OSP:BUSP:C646428,st_struct_pedestal/92166,st_struct_pedestal/92623
ug_route/218074,OSP:BUSP:C657537,st_struct_pedestal/93209,building/67287
ug_route/218075,OSP:BUSP:C660638,st_struct_pedestal/94308,building/67989
ug_route/218076,OSP:BUSP:C664823,st_struct_pedestal/94288,st_struct_pedestal/93852
ug_route/218077,OSP:BUSP:C651030,st_struct_pedestal/93944,building/68818
ug_route/218078,OSP:BUSP:C641775,st_struct_pedestal/91900,building/67063
ug_route/218079,OSP:BUSP:C642288,st_struct_pedestal/90699,st_struct_pedestal/92052
ug_route/218080,OSP:BUSP::9653622,st_struct_pedestal/92633,st_struct_pedestal/92969
ug_route/218081,OSP:BUSP:C658239,st_struct_pedestal/90947,st_struct_pedestal/92275
ug_route/218082,OSP:BUSP:C648253,st_struct_pedestal/91069,building/68273
ug_route/218083,OSP:FORSP::16962501,st_struct_vault/2747,st_struct_vault/2732
ug_route/218084,OSP:FBSP:C650450,st_struct_pedestal/90646,building/66393
ug_route/218085,OSP:BUSP:C689253,st_struct_pedestal/94005,st_struct_pedestal/93372
ug_route/218086,OSP:BUSP:C670078,st_struct_pedestal/92532,mywcom_route_junction/27120
ug_route/218087,OSP:BUSP:C709928,st_struct_pedestal/93923,building/68132
ug_route/218088,OSP:BUSP:C656345,st_struct_pedestal/90696,st_struct_pedestal/93278
ug_route/218089,OSP:BUSP:C669019,st_struct_pedestal/93904,st_struct_pedestal/90928
ug_route/218090,OSP:BUSP::10246630,mywcom_route_junction/27313,cabinet/2774
ug_route/218091,OSP:BUSP:C647241,st_struct_pedestal/94137,st_struct_pedestal/92539
ug_route/218092,OSP:BUSP::10924997,st_struct_buried_splice_location/3851,st_struct_pedestal/92483
ug_route/218093,OSP:BUSP:C644139,st_struct_pedestal/93428,building/67850
ug_route/218094,OSP:BUSP:C652817,st_struct_pedestal/92800,building/67700
ug_route/218095,OSP:BUSP:C646537,st_struct_pedestal/93922,building/66132
ug_route/218096,OSP:BUSP:C639462,st_struct_pedestal/93603,building/68432
ug_route/218097,OSP:BUSP::10962117,st_struct_pedestal/93930,st_struct_pedestal/93637
ug_route/218098,OSP:FORSP::16943300,st_struct_vault/2746,st_struct_vault/2764
ug_route/218099,OSP:BUSP:C660903,st_struct_pedestal/92830,building/67485
ug_route/218100,OSP:BUSP:C657451,st_struct_pedestal/93427,building/67810
ug_route/218101,OSP:BUSP:C657462,pole/53699,st_struct_pedestal/92697
ug_route/218102,OSP:BUSP:C660044,mywcom_route_junction/27354,mywcom_route_junction/27593
ug_route/218103,OSP:BUSP:C661924,st_struct_pedestal/93035,st_struct_pedestal/91273
ug_route/218104,OSP:BUSP:C681695,st_struct_pedestal/94314,st_struct_pedestal/91119
ug_route/218105,OSP:BUSP:C659297,st_struct_pedestal/92032,building/68513
ug_route/218106,OSP:BUSP:C653830,pole/54520,pole/54019
ug_route/218107,OSP:BUSP:C681744,st_struct_pedestal/90791,st_struct_pedestal/92363
ug_route/218108,OSP:BUSP:C648529,st_struct_pedestal/92042,st_struct_pedestal/92620
ug_route/218109,OSP:BUSP::11771924,st_struct_pedestal/90548,building/66535
ug_route/218110,OSP:BUSP:C661234,mywcom_route_junction/27181,st_struct_pedestal/93385
ug_route/218111,OSP:BUSP::16572724,st_struct_pedestal/90909,building/66930
ug_route/218112,OSP:BUSP:C642042,st_struct_pedestal/91599,building/66540
ug_route/218113,OSP:BUSP:C711700,st_struct_pedestal/91092,st_struct_pedestal/91663
ug_route/218114,OSP:BUSP:C711708,st_struct_pedestal/93377,st_struct_pedestal/93153
ug_route/218115,OSP:BUSP:C642352,st_struct_pedestal/90771,st_struct_pedestal/94241
ug_route/218116,OSP:BUSP:C651128,st_struct_pedestal/92386,st_struct_pedestal/90869
ug_route/218117,OSP:BUSP:C681958,st_struct_pedestal/94314,st_struct_pedestal/91119
ug_route/218118,OSP:BUSP:C641529,st_struct_pedestal/91698,st_struct_pedestal/93206
ug_route/218119,OSP:BUSP:C656854,st_struct_pedestal/91302,st_struct_pedestal/91992
ug_route/218120,OSP:BUSP:C689237,st_struct_pedestal/91712,st_struct_pedestal/91289
ug_route/218121,OSP:BUSP:C642358,st_struct_pedestal/90771,st_struct_pedestal/94241
ug_route/218122,OSP:BUSP:C658959,st_struct_pedestal/90835,building/66642
ug_route/218123,OSP:BUSP:C661669,st_struct_pedestal/92410,st_struct_pedestal/92191
ug_route/218124,OSP:BUSP:C670682,st_struct_pedestal/93026,st_struct_pedestal/92989
ug_route/218125,OSP:BUSP:C660196,st_struct_pedestal/93635,st_struct_pedestal/92498
ug_route/218126,OSP:BUSP:C704804,st_struct_pedestal/92227,st_struct_pedestal/92551
ug_route/218127,OSP:BUSP::8589587,cabinet/2817,pole/53679
ug_route/218128,OSP:BUSP:C670686,st_struct_pedestal/93026,st_struct_pedestal/92989
ug_route/218129,OSP:FBSP:C660028,st_struct_pedestal/91256,building/67190
ug_route/218130,OSP:BUSP:C657947,st_struct_pedestal/91936,st_struct_pedestal/90726
ug_route/218131,OSP:BUSP:C660600,st_struct_pedestal/91431,st_struct_pedestal/90887
ug_route/218132,OSP:BUSP:C661023,st_struct_pedestal/93635,st_struct_pedestal/92498
ug_route/218133,OSP:BUSP:C669049,st_struct_pedestal/92454,building/67072
ug_route/218134,OSP:BUSP:C657952,st_struct_pedestal/91936,st_struct_pedestal/90726
ug_route/218135,OSP:BUSP::14152566,mywcom_route_junction/28039,mywcom_route_junction/27231
ug_route/218136,OSP:BUSP:C659570,st_struct_pedestal/92269,building/66906
ug_route/218137,OSP:BUSP:C666353,st_struct_pedestal/94017,mywcom_route_junction/28014
ug_route/218138,OSP:BUSP:C665671,st_struct_pedestal/93926,st_struct_pedestal/93597
ug_route/218139,OSP:BUSP:C651539,st_struct_pedestal/94086,building/67585
ug_route/218140,OSP:FBSP:C709578,st_struct_pedestal/91942,building/68528
ug_route/218141,OSP:BUSP:C657724,st_struct_pedestal/93779,st_struct_pedestal/92527
ug_route/218142,OSP:BUSP:C660635,st_struct_pedestal/93738,building/67055
ug_route/218143,OSP:BUSP:C661728,st_struct_pedestal/93877,st_struct_pedestal/92962
ug_route/218144,OSP:BUSP:C639313,st_struct_pedestal/93663,building/68288
ug_route/218145,OSP:BUSP::12613059,mywcom_route_junction/27612,mywcom_route_junction/28148
ug_route/218146,OSP:BUSP::15006005,st_struct_pedestal/94272,st_struct_pedestal/93741
ug_route/218147,OSP:BUSP:C657749,st_struct_pedestal/92283,st_struct_pedestal/90603
ug_route/218148,OSP:BUSP:C655320,st_struct_pedestal/90566,building/68514
ug_route/218149,OSP:BUSP::14152568,mywcom_route_junction/28039,mywcom_route_junction/27590
ug_route/218150,OSP:BUSP:C682202,mywcom_route_junction/27813,mywcom_route_junction/27261
ug_route/218151,OSP:COND::10876663,st_struct_vault/2718,st_struct_vault/2733
ug_route/218152,OSP:BUSP:C659094,st_struct_pedestal/94124,mywcom_route_junction/27272
ug_route/218153,OSP:BUSP:C658546,st_struct_pedestal/91865,building/66254
ug_route/218154,OSP:BUSP:C659996,st_struct_pedestal/90575,building/68708
ug_route/218155,OSP:BUSP:C666995,st_struct_pedestal/93039,st_struct_pedestal/90947
ug_route/218156,OSP:BUSP:C670022,st_struct_pedestal/92911,st_struct_buried_splice_location/3922
ug_route/218157,OSP:BUSP:C666044,st_struct_pedestal/93184,st_struct_pedestal/94225
ug_route/218158,OSP:BUSP::13460453,st_struct_pedestal/92504,building/66749
ug_route/218159,OSP:BUSP:C667586,pole/54260,st_struct_pedestal/93047
ug_route/218160,OSP:BUSP:C650257,st_struct_pedestal/92795,building/66915
ug_route/218161,OSP:BUSP:C670820,st_struct_pedestal/93381,st_struct_pedestal/92242
ug_route/218162,OSP:BUSP:C650343,st_struct_pedestal/92744,st_struct_pedestal/91907
ug_route/218163,OSP:BUSP:C656905,st_struct_pedestal/91361,building/68807
ug_route/218164,OSP:BUSP:C660664,st_struct_pedestal/91326,building/67749
ug_route/218165,OSP:BUSP:C666985,st_struct_pedestal/92466,st_struct_pedestal/91280
ug_route/218166,OSP:BUSP:C671148,st_struct_pedestal/93985,building/66229
ug_route/218167,OSP:BUSP:C664816,st_struct_pedestal/94288,st_struct_pedestal/92108
ug_route/218168,OSP:BUSP:C658207,st_struct_pedestal/93347,st_struct_pedestal/92560
ug_route/218169,OSP:BUSP:C660116,st_struct_pedestal/92743,st_struct_pedestal/94200
ug_route/218170,OSP:BUSP:C655121,st_struct_pedestal/90924,st_struct_pedestal/93173
ug_route/218171,OSP:BUSP:C660632,st_struct_pedestal/94308,st_struct_pedestal/93738
ug_route/218172,OSP:BUSP:C651385,st_struct_pedestal/93369,building/66541
ug_route/218173,OSP:FORSP::16944902,st_struct_vault/2721,st_struct_vault/2725
ug_route/218174,OSP:BUSP:C667015,st_struct_pedestal/92560,mywcom_route_junction/27982
ug_route/218175,OSP:BUSP::8399177,st_struct_pedestal/90585,st_struct_pedestal/91808
ug_route/218176,OSP:BUSP:C704886,pole/54506,st_struct_pedestal/93904
ug_route/218177,OSP:BUSP:C663476,st_struct_pedestal/93443,st_struct_pedestal/93920
ug_route/218178,OSP:FBSP:C709983,st_struct_buried_splice_location/3893,building/68145
ug_route/218179,OSP:BUSP:C651185,mywcom_route_junction/27992,mywcom_route_junction/27200
ug_route/218180,OSP:BUSP:C657432,st_struct_pedestal/92159,building/68325
ug_route/218181,OSP:BUSP::15006018,st_struct_pedestal/93741,st_struct_pedestal/92654
ug_route/218182,OSP:BUSP:C660074,st_struct_pedestal/92401,st_struct_pedestal/91586
ug_route/218183,OSP:BUSP:C705956,st_struct_pedestal/91196,st_struct_pedestal/91254
ug_route/218184,OSP:BUSP:C656740,st_struct_pedestal/93672,building/68108
ug_route/218185,OSP:BUSP:C660084,st_struct_pedestal/92401,st_struct_pedestal/91586
ug_route/218186,OSP:BUSP:C653794,st_struct_pedestal/93502,st_struct_pedestal/92219
ug_route/218187,OSP:BUSP:C643409,st_struct_pedestal/90567,building/66752
ug_route/218188,OSP:BUSP:C652008,st_struct_pedestal/90823,st_struct_pedestal/92909
ug_route/218189,OSP:BUSP:C639077,st_struct_pedestal/90855,st_struct_pedestal/92791
ug_route/218190,OSP:BUSP:C665770,mywcom_route_junction/27267,mywcom_route_junction/27127
ug_route/218191,OSP:BUSP:C658445,st_struct_pedestal/91923,st_struct_pedestal/92528
ug_route/218192,OSP:BUSP:C652770,st_struct_pedestal/91232,st_struct_pedestal/91321
ug_route/218193,OSP:BUSP:C641377,st_struct_pedestal/92772,building/66979
ug_route/218194,OSP:BUSP:C667265,st_struct_pedestal/94263,st_struct_pedestal/92079
ug_route/218195,OSP:BUSP::16684084,st_struct_pedestal/92259,st_struct_pedestal/92583
ug_route/218196,OSP:BUSP:C654844,mywcom_route_junction/27979,mywcom_route_junction/27152
ug_route/218197,OSP:BUSP::12070648,st_struct_pedestal/93855,st_struct_pedestal/93905
ug_route/218198,OSP:BUSP::8575503,mywcom_route_junction/27530,cabinet/2825
ug_route/218199,OSP:FBSP:C650447,st_struct_pedestal/90646,building/67802
ug_route/218200,OSP:BUSP:C642099,st_struct_pedestal/93351,st_struct_pedestal/93726
ug_route/218201,OSP:BUSP:C664392,st_struct_pedestal/91705,st_struct_pedestal/92779
ug_route/218202,OSP:BUSP:C667672,cabinet/2786,st_struct_pedestal/92074
ug_route/218203,OSP:BUSP:C656026,st_struct_pedestal/93440,st_struct_pedestal/91314
ug_route/218204,OSP:BUSP:C659559,st_struct_pedestal/92107,st_struct_pedestal/92798
ug_route/218205,OSP:FBSP:C670269,st_struct_pedestal/94155,building/66838
ug_route/218206,OSP:BUSP:C659514,st_struct_pedestal/92403,building/66463
ug_route/218207,OSP:BUSP:C642286,st_struct_pedestal/93351,st_struct_pedestal/93726
ug_route/218208,OSP:BUSP:C659834,st_struct_pedestal/90769,st_struct_pedestal/92461
ug_route/218209,OSP:BUSP:C648348,st_struct_pedestal/93921,st_struct_pedestal/93684
ug_route/218210,OSP:BUSP:C660878,st_struct_pedestal/94263,building/67843
ug_route/218211,OSP:BUSP:C658961,st_struct_pedestal/90835,building/66145
ug_route/218212,OSP:BUSP:C663667,st_struct_pedestal/93498,st_struct_pedestal/92723
ug_route/218213,OSP:BUSP:C706910,st_struct_pedestal/91424,st_struct_pedestal/90585
ug_route/218214,OSP:BUSP:C639216,st_struct_pedestal/91304,building/68509
ug_route/218215,OSP:BUSP:C645838,st_struct_pedestal/93094,st_struct_pedestal/91476
ug_route/218216,OSP:BUSP:C642136,st_struct_pedestal/91997,st_struct_buried_splice_location/3921
ug_route/218217,OSP:BUSP::9498785,mywcom_route_junction/28159,mywcom_route_junction/27623
ug_route/218218,OSP:BUSP::8369743,cabinet/2852,mywcom_route_junction/28183
ug_route/218219,OSP:BUSP:C671093,st_struct_pedestal/92632,st_struct_pedestal/93874
ug_route/218220,OSP:BUSP:C682035,st_struct_buried_splice_location/3845,building/67057
ug_route/218221,OSP:BUSP:C665721,st_struct_pedestal/92497,st_struct_pedestal/91990
ug_route/218222,OSP:BUSP:C653474,st_struct_pedestal/92479,st_struct_pedestal/93015
ug_route/218223,OSP:BUSP::13616262,cabinet/2774,st_struct_pedestal/93874
ug_route/218224,OSP:BUSP:C708273,mywcom_route_junction/28011,building/68730
ug_route/218225,OSP:BUSP:C659927,st_struct_pedestal/93763,st_struct_pedestal/93714
ug_route/218226,OSP:BUSP:C651318,st_struct_pedestal/92769,building/67238
ug_route/218227,OSP:BUSP::8424132,st_struct_pedestal/93164,st_struct_pedestal/91913
ug_route/218228,OSP:BUSP:C660023,st_struct_pedestal/92817,st_struct_pedestal/91256
ug_route/218229,OSP:BUSP::8399816,st_struct_pedestal/93714,st_struct_pedestal/93763
ug_route/218230,OSP:BUSP:C654723,st_struct_pedestal/93202,building/68552
ug_route/218231,OSP:BUSP:C641584,st_struct_pedestal/91774,building/66171
ug_route/218232,OSP:BUSP:C705140,st_struct_pedestal/92985,st_struct_pedestal/90622
ug_route/218233,OSP:BUSP:C642494,st_struct_pedestal/93178,st_struct_pedestal/91029
ug_route/218234,OSP:BUSP:C640282,st_struct_pedestal/94024,building/67851
ug_route/218235,OSP:FBSP::8950871,st_struct_pedestal/91731,mywcom_route_junction/27734
ug_route/218236,OSP:BUSP:C668237,st_struct_pedestal/92497,st_struct_pedestal/91990
ug_route/218237,OSP:BUSP:C683362,st_struct_pedestal/93422,st_struct_pedestal/92419
ug_route/218238,OSP:BUSP:C656584,st_struct_buried_splice_location/3944,st_struct_pedestal/92661
ug_route/218239,OSP:BUSP:C711841,st_struct_pedestal/92429,st_struct_pedestal/92097
ug_route/218240,OSP:BUSP:C657931,st_struct_pedestal/93160,st_struct_pedestal/92438
ug_route/218241,OSP:BUSP:C640310,st_struct_pedestal/92839,st_struct_pedestal/93547
ug_route/218242,OSP:BUSP:C642338,st_struct_pedestal/91979,st_struct_pedestal/93313
ug_route/218243,OSP:BUSP::7622218,st_struct_pedestal/91711,building/68626
ug_route/218244,OSP:BUSP:C649654,st_struct_pedestal/93921,st_struct_pedestal/93684
ug_route/218287,OSP:BUSP::12882484,mywcom_route_junction/27312,mywcom_route_junction/27821
ug_route/218245,OSP:BUSP:C662200,st_struct_pedestal/93809,st_struct_pedestal/93087
ug_route/218246,OSP:BUSP::8440467,cabinet/2763,st_struct_pedestal/93991
ug_route/218247,OSP:BUSP::8906056,mywcom_route_junction/28054,st_struct_pedestal/92583
ug_route/218248,OSP:BUSP:C668875,st_struct_pedestal/92282,pole/54394
ug_route/218249,OSP:BUSP:C650638,st_struct_pedestal/92740,building/68641
ug_route/218250,OSP:BUSP:C657887,st_struct_pedestal/90657,st_struct_pedestal/93950
ug_route/218251,OSP:FORSP::16949400,st_struct_vault/2749,st_struct_vault/2777
ug_route/218252,OSP:BUSP:C657884,st_struct_pedestal/90657,st_struct_pedestal/93950
ug_route/218253,OSP:BUSP:C665160,st_struct_pedestal/93050,st_struct_pedestal/93195
ug_route/218254,OSP:BUSP:C704830,st_struct_pedestal/92839,st_struct_pedestal/93547
ug_route/218255,OSP:BUSP::8397596,st_struct_pedestal/93728,st_struct_pedestal/90627
ug_route/218256,OSP:FORSP::16938501,st_struct_vault/2723,st_struct_vault/2736
ug_route/218257,OSP:BUSP:C652020,st_struct_pedestal/92154,building/67486
ug_route/218258,OSP:FBSP:C708024,st_struct_pedestal/93938,building/67539
ug_route/218259,OSP:BUSP:C661616,st_struct_pedestal/92883,building/67154
ug_route/218260,OSP:BUSP:C646667,st_struct_pedestal/92070,building/68083
ug_route/218261,OSP:BUSP:C670338,st_struct_pedestal/91769,st_struct_pedestal/93242
ug_route/218262,OSP:BUSP:C656127,st_struct_pedestal/90877,building/67234
ug_route/218263,OSP:BUSP:C646830,mywcom_route_junction/28046,mywcom_route_junction/27437
ug_route/218264,OSP:BUSP:C650237,st_struct_pedestal/92795,st_struct_pedestal/91906
ug_route/218288,OSP:BUSP:C706890,st_struct_pedestal/93629,mywcom_route_junction/27234
ug_route/218630,OSP:BUSP:C669071,st_struct_pedestal/92309,building/66119
ug_route/218265,OSP:BUSP::10227743,mywcom_route_junction/27670,st_struct_pedestal/94265
ug_route/218266,OSP:FBSP:C709579,st_struct_pedestal/93005,building/67678
ug_route/218267,OSP:BUSP:C707557,st_struct_pedestal/91149,st_struct_pedestal/92615
ug_route/218268,OSP:BUSP:C682207,st_struct_pedestal/91896,st_struct_buried_splice_location/3996
ug_route/218269,OSP:BUSP:C653139,st_struct_pedestal/93807,building/67441
ug_route/218270,OSP:FORSP::16954838,mywcom_route_junction/28064,st_struct_vault/2745
ug_route/218271,OSP:BUSP:C670350,st_struct_pedestal/91769,st_struct_pedestal/93242
ug_route/218272,OSP:BUSP:C668523,st_struct_pedestal/91141,building/66372
ug_route/218273,OSP:BUSP::8573894,st_struct_pedestal/91507,st_struct_pedestal/92700
ug_route/218274,OSP:BUSP:C711738,st_struct_pedestal/94265,st_struct_pedestal/92988
ug_route/218275,OSP:BUSP:C650247,st_struct_pedestal/92795,st_struct_pedestal/91906
ug_route/218276,OSP:BUSP:C639084,st_struct_pedestal/90855,building/67499
ug_route/218277,OSP:BUSP:C656936,st_struct_pedestal/91355,st_struct_pedestal/92776
ug_route/218278,OSP:BUSP:C708150,st_struct_pedestal/92760,st_struct_pedestal/90555
ug_route/218279,OSP:BUSP:C657913,st_struct_pedestal/92329,building/68618
ug_route/218280,OSP:BUSP:C648828,st_struct_pedestal/93830,building/66991
ug_route/218281,OSP:BUSP:C646827,mywcom_route_junction/28046,mywcom_route_junction/27437
ug_route/218282,OSP:BUSP:C641571,st_struct_pedestal/94244,st_struct_pedestal/93318
ug_route/218283,OSP:BUSP:C642258,st_struct_pedestal/91957,building/68429
ug_route/218284,OSP:BUSP::7622222,st_struct_pedestal/91262,st_struct_pedestal/92500
ug_route/218285,OSP:BUSP:C639065,st_struct_pedestal/92791,building/66668
ug_route/218286,OSP:BUSP:C640133,st_struct_pedestal/92264,st_struct_pedestal/91063
ug_route/218289,OSP:BUSP:C669951,st_struct_pedestal/91777,st_struct_pedestal/92164
ug_route/218290,OSP:BUSP:C670405,st_struct_pedestal/91706,building/66195
ug_route/218291,OSP:BUSP:C641919,st_struct_pedestal/94244,st_struct_pedestal/93318
ug_route/218292,OSP:BUSP:C658211,st_struct_pedestal/92560,building/68093
ug_route/218293,OSP:BUSP:C670352,st_struct_pedestal/91769,st_struct_pedestal/93242
ug_route/218294,OSP:BUSP::13250821,mywcom_route_junction/27672,st_struct_pedestal/91621
ug_route/218295,OSP:BUSP:C641746,st_struct_pedestal/91591,st_struct_pedestal/92690
ug_route/218296,OSP:BUSP:C670503,st_struct_pedestal/90688,building/68837
ug_route/218297,OSP:BUSP:C708096,st_struct_pedestal/91492,st_struct_pedestal/93999
ug_route/218298,OSP:BUSP:C660121,st_struct_pedestal/94200,st_struct_pedestal/92198
ug_route/218299,OSP:BUSP::14929851,mywcom_route_junction/27954,mywcom_route_junction/27291
ug_route/218300,OSP:BUSP:C659760,st_struct_buried_splice_location/3884,st_struct_pedestal/91980
ug_route/218301,OSP:BUSP::7941252,st_struct_pedestal/93732,st_struct_pedestal/92980
ug_route/218302,OSP:BUSP:C669866,st_struct_pedestal/91745,st_struct_pedestal/91167
ug_route/218303,OSP:BUSP:C670509,st_struct_pedestal/90688,building/68837
ug_route/218304,OSP:BUSP:C689239,st_struct_pedestal/91289,st_struct_pedestal/92826
ug_route/218305,OSP:BUSP:C670664,st_struct_pedestal/94298,st_struct_pedestal/93026
ug_route/218306,OSP:BUSP:C657434,st_struct_pedestal/92159,st_struct_pedestal/92105
ug_route/218307,OSP:BUSP:C666975,st_struct_pedestal/92071,st_struct_pedestal/91054
ug_route/218308,OSP:BUSP:C665695,st_struct_pedestal/93816,building/66556
ug_route/218309,OSP:BUSP:C641711,st_struct_pedestal/91591,st_struct_pedestal/92690
ug_route/218310,OSP:BUSP:C646057,st_struct_pedestal/90748,st_struct_pedestal/92613
ug_route/218311,OSP:FBSP:C669043,st_struct_pedestal/91581,building/67384
ug_route/218312,OSP:BUSP:C639792,st_struct_pedestal/93468,building/68430
ug_route/218678,OSP:BUSP:C669058,st_struct_pedestal/92274,building/66380
ug_route/218313,OSP:BUSP:C708302,st_struct_pedestal/91919,st_struct_pedestal/92828
ug_route/218314,OSP:BUSP:C648240,st_struct_pedestal/91069,building/67335
ug_route/218315,OSP:BUSP:C708303,st_struct_pedestal/91919,st_struct_pedestal/92828
ug_route/218316,OSP:BUSP:C660823,st_struct_pedestal/92222,st_struct_pedestal/91049
ug_route/218317,OSP:BUSP::8348932,st_struct_pedestal/91184,st_struct_pedestal/91707
ug_route/218318,OSP:BUSP:C661628,st_struct_pedestal/90906,st_struct_pedestal/91684
ug_route/218319,OSP:BUSP:C708304,st_struct_pedestal/91919,st_struct_pedestal/92828
ug_route/218320,OSP:BUSP:C660062,st_struct_pedestal/93099,building/67131
ug_route/218321,OSP:BUSP::8402717,mywcom_route_junction/27498,cabinet/2755
ug_route/218322,OSP:BUSP:C645094,st_struct_pedestal/92370,st_struct_pedestal/91199
ug_route/218323,OSP:BUSP:C657435,st_struct_pedestal/92159,st_struct_pedestal/92105
ug_route/218324,OSP:BUSP:C683158,st_struct_pedestal/90619,building/68407
ug_route/218325,OSP:BUSP:C653471,st_struct_pedestal/90813,st_struct_pedestal/92479
ug_route/218326,OSP:BUSP:C646064,st_struct_pedestal/90748,st_struct_pedestal/92613
ug_route/218327,OSP:BUSP:C656871,st_struct_pedestal/91302,building/67797
ug_route/218328,OSP:FORSP::16949397,st_struct_vault/2727,st_struct_vault/2770
ug_route/218329,OSP:BUSP::9738424,st_struct_pedestal/91867,st_struct_pedestal/91215
ug_route/218330,OSP:BUSP:C657748,st_struct_pedestal/92836,st_struct_pedestal/92283
ug_route/218331,OSP:BUSP:C682041,st_struct_pedestal/91255,building/66537
ug_route/218332,OSP:BUSP:C671132,st_struct_pedestal/93985,st_struct_pedestal/91035
ug_route/218400,OSP:BUSP:C644112,st_struct_pedestal/93345,mywcom_route_junction/27360
ug_route/218333,OSP:FORSP::16938500,st_struct_vault/2736,mywcom_route_junction/27277
ug_route/218334,OSP:BUSP:C657575,st_struct_pedestal/91640,building/67673
ug_route/218335,OSP:BUSP:C657747,st_struct_pedestal/92836,st_struct_pedestal/92283
ug_route/218336,OSP:BUSP:C639784,st_struct_pedestal/92038,building/67796
ug_route/218337,OSP:BUSP:C671209,st_struct_pedestal/90765,st_struct_pedestal/93268
ug_route/218338,OSP:BUSP:C653493,st_struct_pedestal/90813,st_struct_pedestal/92479
ug_route/218339,OSP:BUSP:C682050,st_struct_pedestal/92704,building/66106
ug_route/218340,OSP:BUSP:C660182,st_struct_pedestal/92793,building/68435
ug_route/218341,OSP:BUSP:C649110,st_struct_pedestal/90623,building/67870
ug_route/218342,OSP:BUSP:C650174,st_struct_pedestal/94172,st_struct_pedestal/93795
ug_route/218343,OSP:BUSP:C709105,st_struct_pedestal/90590,st_struct_pedestal/91901
ug_route/218344,OSP:BUSP:C669577,st_struct_pedestal/91816,st_struct_pedestal/93389
ug_route/218345,OSP:BUSP:C707893,st_struct_pedestal/91772,building/67160
ug_route/218346,OSP:BUSP:C654660,st_struct_pedestal/90883,building/67252
ug_route/218347,OSP:BUSP:C656347,st_struct_buried_splice_location/3855,st_struct_buried_splice_location/3978
ug_route/218348,OSP:BUSP::8711820,st_struct_pedestal/94274,st_struct_pedestal/91374
ug_route/218349,OSP:BUSP:C651134,st_struct_pedestal/92653,st_struct_buried_splice_location/3942
ug_route/218350,OSP:BUSP:C661812,st_struct_pedestal/93828,st_struct_pedestal/91129
ug_route/218351,OSP:BUSP:C669025,st_struct_pedestal/91860,building/66595
ug_route/218352,OSP:BUSP:C656381,st_struct_buried_splice_location/3855,st_struct_buried_splice_location/3978
ug_route/218353,OSP:BUSP::8711821,st_struct_pedestal/94274,st_struct_pedestal/91374
ug_route/218354,OSP:BUSP:C652648,st_struct_pedestal/93091,building/68340
ug_route/218355,OSP:BUSP:C655134,st_struct_pedestal/91580,building/67906
ug_route/218401,OSP:BUSP:C641407,st_struct_buried_splice_location/3895,st_struct_pedestal/90645
ug_route/218356,OSP:BUSP:C660158,st_struct_buried_splice_location/3859,st_struct_pedestal/92898
ug_route/218357,OSP:BUSP:C664369,st_struct_pedestal/94171,st_struct_pedestal/93612
ug_route/218358,OSP:BUSP:C648932,st_struct_pedestal/93681,building/68785
ug_route/218359,OSP:BUSP::12612770,mywcom_route_junction/27208,mywcom_route_junction/27984
ug_route/218360,OSP:BUSP::8591495,mywcom_route_junction/27242,mywcom_route_junction/27348
ug_route/218361,OSP:BUSP:C652789,st_struct_pedestal/92767,building/66347
ug_route/218362,OSP:BUSP:C641569,st_struct_pedestal/90654,building/66580
ug_route/218363,OSP:BUSP:C669940,cabinet/2786,pole/54035
ug_route/218364,OSP:FBSP:C669055,st_struct_pedestal/91581,building/67384
ug_route/218365,OSP:BUSP:C646956,st_struct_pedestal/92881,building/66133
ug_route/218366,OSP:BUSP:C654431,st_struct_pedestal/91694,st_struct_pedestal/93097
ug_route/218367,OSP:BUSP:C671204,st_struct_pedestal/91382,st_struct_pedestal/93268
ug_route/218368,OSP:BUSP:C711681,mywcom_route_junction/27787,st_struct_pedestal/91951
ug_route/218369,OSP:BUSP:C656050,st_struct_pedestal/92060,st_struct_pedestal/92652
ug_route/218370,OSP:BUSP:C650380,st_struct_pedestal/91534,st_struct_pedestal/92302
ug_route/218371,OSP:BUSP:C653687,st_struct_pedestal/92499,building/66983
ug_route/218372,OSP:BUSP:C671045,st_struct_pedestal/91531,building/68111
ug_route/218373,OSP:FBSP:C705176,building/66365,mywcom_route_junction/27410
ug_route/218374,OSP:BUSP:C655190,st_struct_pedestal/94190,st_struct_pedestal/94103
ug_route/218375,OSP:BUSP:C663443,st_struct_pedestal/92847,st_struct_pedestal/92277
ug_route/218376,OSP:BUSP:C638807,st_struct_pedestal/93348,st_struct_pedestal/94193
ug_route/218377,OSP:BUSP:C658533,st_struct_pedestal/93395,mywcom_route_junction/27197
ug_route/218378,OSP:BUSP:C650485,st_struct_pedestal/90955,building/66475
ug_route/218379,OSP:BUSP:C655625,st_struct_pedestal/92227,st_struct_pedestal/91060
ug_route/218380,OSP:BUSP:C647711,st_struct_pedestal/91476,st_struct_pedestal/94321
ug_route/218381,OSP:BUSP:C655327,st_struct_pedestal/93319,st_struct_pedestal/93665
ug_route/218382,OSP:BUSP::9523703,st_struct_pedestal/93479,st_struct_pedestal/91173
ug_route/218383,OSP:BUSP:C659966,st_struct_pedestal/93492,st_struct_pedestal/92814
ug_route/218384,OSP:BUSP:C710190,st_struct_pedestal/93873,st_struct_pedestal/92425
ug_route/218385,OSP:BUSP:C652793,st_struct_pedestal/92767,st_struct_pedestal/91449
ug_route/218386,OSP:BUSP:C708120,st_struct_pedestal/91129,st_struct_pedestal/91186
ug_route/218387,OSP:BUSP::11470930,st_struct_pedestal/90650,st_struct_pedestal/94004
ug_route/218388,OSP:BUSP:C657112,st_struct_pedestal/93284,st_struct_pedestal/91552
ug_route/218389,OSP:BUSP:C650636,st_struct_pedestal/92740,building/67559
ug_route/218390,OSP:BUSP:C707034,pole/52805,st_struct_pedestal/92347
ug_route/218391,OSP:FBSP::12937530,building/66342,building/68565
ug_route/218392,OSP:BUSP:C705238,st_struct_pedestal/92228,st_struct_pedestal/91680
ug_route/218393,OSP:BUSP:C657124,st_struct_pedestal/93284,st_struct_pedestal/91552
ug_route/218394,OSP:BUSP:C647203,st_struct_pedestal/92681,building/67885
ug_route/218395,OSP:BUSP:C655387,st_struct_pedestal/93319,st_struct_pedestal/93665
ug_route/218396,OSP:BUSP:C652960,st_struct_pedestal/91973,st_struct_pedestal/91444
ug_route/218397,OSP:BUSP:C640966,st_struct_pedestal/92735,building/66989
ug_route/218398,OSP:BUSP:C657685,st_struct_pedestal/92527,st_struct_pedestal/92491
ug_route/218399,OSP:BUSP:C665814,st_struct_pedestal/93195,st_struct_pedestal/93980
ug_route/218402,OSP:BUSP:C640238,st_struct_pedestal/92378,building/68001
ug_route/218403,OSP:BUSP:C657132,st_struct_pedestal/93284,st_struct_pedestal/91552
ug_route/218404,OSP:FBSP:C708057,st_struct_pedestal/94103,building/66245
ug_route/218405,OSP:BUSP:C658005,st_struct_pedestal/92840,building/68562
ug_route/218406,OSP:BUSP:C711847,st_struct_pedestal/90994,st_struct_pedestal/93338
ug_route/218407,OSP:BUSP::15996737,st_struct_pedestal/91159,st_struct_pedestal/91614
ug_route/218408,OSP:BUSP:C645689,st_struct_pedestal/93084,st_struct_pedestal/92065
ug_route/218409,OSP:FBSP:C660522,st_struct_pedestal/92178,building/67357
ug_route/218410,OSP:BUSP:C638860,st_struct_pedestal/91198,st_struct_pedestal/91783
ug_route/218411,OSP:BUSP:C670703,st_struct_pedestal/93245,st_struct_pedestal/92989
ug_route/218412,OSP:BUSP:C669072,st_struct_pedestal/93250,st_struct_pedestal/93912
ug_route/218413,OSP:BUSP:C709059,st_struct_pedestal/90638,st_struct_pedestal/92987
ug_route/218414,OSP:BUSP:C669078,st_struct_pedestal/93250,st_struct_pedestal/93912
ug_route/218415,OSP:BUSP:C669070,st_struct_pedestal/92274,st_struct_pedestal/92309
ug_route/218416,OSP:BUSP:C644122,st_struct_pedestal/91940,st_struct_buried_splice_location/3914
ug_route/218417,OSP:BUSP:C681570,st_struct_pedestal/90919,building/66802
ug_route/218418,OSP:BUSP::13026233,st_struct_pedestal/93820,st_struct_pedestal/92746
ug_route/218419,OSP:BUSP:C659057,st_struct_pedestal/94124,building/68753
ug_route/218420,OSP:BUSP::8603338,st_struct_pedestal/91740,st_struct_pedestal/90944
ug_route/218421,OSP:BUSP:C646610,mywcom_route_junction/28169,st_struct_pedestal/92605
ug_route/218422,OSP:BUSP:C645716,st_struct_pedestal/93084,st_struct_pedestal/92065
ug_route/218423,OSP:BUSP:C670507,st_struct_pedestal/91433,building/66691
ug_route/218424,OSP:BUSP:C648964,pole/53866,st_struct_pedestal/93595
ug_route/218451,OSP:BUSP:C659513,st_struct_pedestal/92883,building/66320
ug_route/218425,OSP:BUSP:C658087,st_struct_pedestal/91219,building/66910
ug_route/218426,OSP:BUSP:C670402,st_struct_pedestal/92274,st_struct_pedestal/92309
ug_route/218427,OSP:BUSP:C670662,st_struct_pedestal/93245,st_struct_pedestal/93026
ug_route/218428,OSP:BUSP:C653822,st_struct_pedestal/92218,building/67039
ug_route/218429,OSP:BUSP:C641510,st_struct_pedestal/91955,building/66122
ug_route/218430,OSP:BUSP::9737781,st_struct_pedestal/91956,st_struct_pedestal/91867
ug_route/218431,OSP:BUSP:C650875,st_struct_pedestal/92386,st_struct_pedestal/90700
ug_route/218432,OSP:BUSP:C654665,st_struct_pedestal/93546,st_struct_pedestal/94006
ug_route/218433,OSP:BUSP:C665949,st_struct_buried_splice_location/3926,st_struct_pedestal/94029
ug_route/218434,OSP:BUSP:C689252,st_struct_pedestal/94005,building/67399
ug_route/218435,OSP:BUSP:C665615,st_struct_pedestal/91230,building/68382
ug_route/218436,OSP:BUSP:C670403,st_struct_pedestal/92309,st_struct_pedestal/92274
ug_route/218437,OSP:BUSP:C660164,st_struct_pedestal/90637,st_struct_pedestal/93101
ug_route/218438,OSP:BUSP:C654669,st_struct_pedestal/93546,st_struct_pedestal/94006
ug_route/218439,OSP:BUSP:C648793,st_struct_pedestal/91421,building/66942
ug_route/218440,OSP:BUSP:C652011,st_struct_pedestal/92909,st_struct_pedestal/91520
ug_route/218441,OSP:BUSP:C650929,st_struct_pedestal/90700,st_struct_pedestal/92386
ug_route/218442,OSP:BUSP:C658213,st_struct_pedestal/92560,st_struct_buried_splice_location/3975
ug_route/218443,OSP:BUSP:C646955,st_struct_pedestal/92881,building/68858
ug_route/218444,OSP:BUSP:C660050,st_struct_pedestal/93763,st_struct_pedestal/92151
ug_route/218445,OSP:BUSP:C641994,st_struct_pedestal/91023,building/68681
ug_route/218446,OSP:BUSP:C647275,st_struct_pedestal/93923,building/68304
ug_route/218447,OSP:BUSP::12034973,st_struct_buried_splice_location/3974,building/68547
ug_route/218448,OSP:BUSP:C654785,st_struct_pedestal/93626,st_struct_pedestal/92379
ug_route/218449,OSP:BUSP:C639444,st_struct_pedestal/93441,building/66450
ug_route/218450,OSP:BUSP:C656349,st_struct_buried_splice_location/3978,st_struct_pedestal/93090
ug_route/218452,OSP:BUSP:C660019,st_struct_pedestal/92941,st_struct_pedestal/92853
ug_route/218453,OSP:BUSP:C665772,mywcom_route_junction/27843,mywcom_route_junction/27737
ug_route/218454,OSP:BUSP:C646954,st_struct_pedestal/92881,building/66775
ug_route/218455,OSP:BUSP:C641768,st_struct_pedestal/93554,st_struct_pedestal/92838
ug_route/218456,OSP:BUSP:C668550,st_struct_pedestal/91141,building/67313
ug_route/218457,OSP:BUSP:C641419,st_struct_pedestal/90690,building/68614
ug_route/218458,OSP:BUSP:C657922,st_struct_pedestal/91936,st_struct_pedestal/93201
ug_route/218459,OSP:BUSP:C705513,st_struct_pedestal/90696,st_struct_pedestal/92220
ug_route/218460,OSP:BUSP:C651137,st_struct_buried_splice_location/3942,st_struct_pedestal/92308
ug_route/218461,OSP:BUSP:C653624,st_struct_pedestal/93390,st_struct_buried_splice_location/3959
ug_route/218462,OSP:BUSP:C654820,st_struct_pedestal/92216,st_struct_pedestal/91902
ug_route/218463,OSP:BUSP:C652004,st_struct_pedestal/92341,building/67271
ug_route/218464,OSP:BUSP:C706653,st_struct_pedestal/92960,st_struct_pedestal/92575
ug_route/218465,OSP:BUSP:D8183764,st_struct_pedestal/92581,mywcom_route_junction/28118
ug_route/218466,OSP:BUSP:C639725,st_struct_pedestal/93721,building/68701
ug_route/218467,OSP:BUSP:C660569,st_struct_pedestal/93165,building/67579
ug_route/218468,OSP:BUSP:C642108,st_struct_pedestal/93630,building/66577
ug_route/218469,OSP:BUSP:C641278,st_struct_pedestal/91637,st_struct_pedestal/91599
ug_route/218470,OSP:BUSP:C660815,st_struct_pedestal/92511,st_struct_pedestal/92196
ug_route/218471,OSP:BUSP:C657962,st_struct_pedestal/93277,st_struct_pedestal/91113
ug_route/218472,OSP:BUSP:C659562,st_struct_pedestal/92403,st_struct_pedestal/94060
ug_route/218473,OSP:BUSP:C660898,st_struct_pedestal/90893,building/66103
ug_route/218474,OSP:BUSP::13304902,mywcom_route_junction/27936,st_struct_pedestal/90997
ug_route/218475,OSP:BUSP:C651690,st_struct_pedestal/92845,building/67326
ug_route/218476,OSP:BUSP:C647450,st_struct_pedestal/93923,st_struct_pedestal/92650
ug_route/218477,OSP:BUSP:C649698,st_struct_pedestal/92626,st_struct_pedestal/93596
ug_route/218478,OSP:BUSP:C660556,mywcom_route_junction/27869,mywcom_route_junction/27610
ug_route/218479,OSP:BUSP::9290693,st_struct_pedestal/91795,mywcom_route_junction/27650
ug_route/218480,OSP:FORSP::14710324,st_struct_vault/2780,mywcom_route_junction/27686
ug_route/218481,OSP:BUSP::8366856,st_struct_pedestal/93042,cabinet/2848
ug_route/218482,OSP:BUSP::7912802,st_struct_pedestal/92575,building/67803
ug_route/218483,OSP:BUSP:C708215,st_struct_pedestal/90554,building/67554
ug_route/218484,OSP:BUSP:C670541,st_struct_pedestal/94297,mywcom_route_junction/27438
ug_route/218485,OSP:BUSP:C642095,st_struct_pedestal/93351,building/66530
ug_route/218486,OSP:BUSP:C671121,st_struct_pedestal/94247,st_struct_pedestal/91473
ug_route/218487,OSP:BUSP:C656622,st_struct_pedestal/92661,building/68698
ug_route/218488,OSP:BUSP:C665179,mywcom_route_junction/27638,mywcom_route_junction/27221
ug_route/218489,OSP:BUSP:C681675,st_struct_pedestal/93075,building/66199
ug_route/218490,OSP:BUSP:C704916,pole/53592,st_struct_pedestal/91497
ug_route/218491,OSP:BUSP::8489745,st_struct_pedestal/93690,cabinet/2786
ug_route/218492,OSP:BUSP:C645287,st_struct_pedestal/92053,st_struct_pedestal/91412
ug_route/218493,OSP:BUSP:C660959,st_struct_pedestal/90608,st_struct_pedestal/94098
ug_route/218494,OSP:BUSP:C653048,st_struct_pedestal/92435,building/67594
ug_route/218538,OSP:BUSP::9782261,st_struct_pedestal/92028,building/66237
ug_route/218495,OSP:BUSP:C633960,st_struct_pedestal/93823,st_struct_pedestal/93618
ug_route/218496,OSP:BUSP::8603339,st_struct_pedestal/90944,st_struct_pedestal/90983
ug_route/218497,OSP:BUSP:C643473,st_struct_pedestal/90643,st_struct_pedestal/94122
ug_route/218498,OSP:BUSP:C705987,pole/53431,st_struct_pedestal/92466
ug_route/218499,OSP:BUSP:C669987,st_struct_buried_splice_location/3968,building/66786
ug_route/218500,OSP:BUSP:C651986,st_struct_pedestal/93583,st_struct_pedestal/91648
ug_route/218501,OSP:BUSP::16059134,pole/52502,st_struct_pedestal/92106
ug_route/218502,OSP:BUSP:C661201,st_struct_pedestal/92742,building/66129
ug_route/218503,OSP:BUSP:C643510,st_struct_pedestal/90643,st_struct_pedestal/94122
ug_route/218504,OSP:BUSP:C659989,st_struct_pedestal/90575,st_struct_pedestal/90576
ug_route/218505,OSP:BUSP:C642105,st_struct_pedestal/93630,building/66207
ug_route/218506,OSP:BUSP:C643495,st_struct_pedestal/90643,building/68637
ug_route/218507,OSP:BUSP:C708379,st_struct_pedestal/93268,st_struct_pedestal/90595
ug_route/218508,OSP:BUSP::8447823,st_struct_pedestal/92581,st_struct_pedestal/92282
ug_route/218509,OSP:BUSP:C657985,st_struct_pedestal/92788,st_struct_pedestal/93435
ug_route/218510,OSP:BUSP:C704808,st_struct_pedestal/92162,building/67717
ug_route/218511,OSP:BUSP:C660560,st_struct_pedestal/90634,building/68060
ug_route/218512,OSP:BUSP:C656337,st_struct_pedestal/92788,st_struct_pedestal/93435
ug_route/218513,OSP:BUSP:C647611,pole/52621,st_struct_pedestal/91522
ug_route/218514,OSP:BUSP:C653136,st_struct_pedestal/93982,st_struct_pedestal/92238
ug_route/218515,OSP:BUSP:C642103,pole/52271,st_struct_pedestal/93630
ug_route/218516,OSP:BUSP:C652002,st_struct_pedestal/92341,building/67708
ug_route/218517,OSP:BUSP::7941256,st_struct_pedestal/92174,st_struct_pedestal/91916
ug_route/218518,OSP:BUSP:C633983,st_struct_pedestal/93823,st_struct_pedestal/93618
ug_route/218519,OSP:BUSP:C638808,st_struct_pedestal/94053,st_struct_pedestal/92841
ug_route/218520,OSP:BUSP:C653001,st_struct_pedestal/93982,st_struct_pedestal/92238
ug_route/218521,OSP:BUSP:C645102,building/66927,mywcom_route_junction/27271
ug_route/218522,OSP:BUSP:C655206,st_struct_pedestal/94085,building/67374
ug_route/218523,OSP:BUSP:C660126,st_struct_pedestal/91578,st_struct_pedestal/90637
ug_route/218524,OSP:BUSP:C659516,st_struct_pedestal/91195,building/67464
ug_route/218525,OSP:BUSP:C646960,st_struct_pedestal/92875,building/67822
ug_route/218526,OSP:BUSP:C660636,st_struct_pedestal/93165,mywcom_route_junction/27297
ug_route/218527,OSP:BUSP:C641365,mywcom_route_junction/27437,st_struct_buried_splice_location/3895
ug_route/218528,OSP:BUSP:C709822,st_struct_pedestal/93916,mywcom_route_junction/28188
ug_route/218529,OSP:BUSP:C705986,pole/53431,st_struct_pedestal/90800
ug_route/218530,OSP:BUSP:C660136,st_struct_pedestal/91578,st_struct_pedestal/90637
ug_route/218531,OSP:BUSP:C708207,st_struct_pedestal/94102,mywcom_route_junction/27511
ug_route/218532,OSP:BUSP:C708173,st_struct_pedestal/92587,st_struct_pedestal/93244
ug_route/218533,OSP:BUSP:C651033,st_struct_pedestal/90563,building/68193
ug_route/218534,OSP:BUSP:C708220,st_struct_pedestal/93372,st_struct_pedestal/93140
ug_route/218535,OSP:BUSP:C670301,st_struct_pedestal/91769,building/67317
ug_route/218536,OSP:BUSP:C659850,st_struct_pedestal/92687,st_struct_pedestal/92461
ug_route/218537,OSP:BUSP:C708156,st_struct_pedestal/91276,st_struct_pedestal/90535
ug_route/218539,OSP:BUSP:C705912,st_struct_pedestal/93394,st_struct_pedestal/92828
ug_route/218540,OSP:BUSP:C683139,st_struct_pedestal/90761,building/66895
ug_route/218541,OSP:BUSP:C660091,st_struct_pedestal/94253,building/66412
ug_route/218542,OSP:BUSP:C656878,st_struct_pedestal/92372,building/68260
ug_route/218543,OSP:BUSP:C658826,st_struct_pedestal/94230,building/66581
ug_route/218544,OSP:BUSP:C659541,st_struct_pedestal/92522,st_struct_pedestal/92035
ug_route/218545,OSP:BUSP:C652804,st_struct_pedestal/93608,st_struct_pedestal/93552
ug_route/218546,OSP:BUSP:C708342,st_struct_pedestal/91532,st_struct_pedestal/92126
ug_route/218547,OSP:BUSP:C681323,st_struct_pedestal/91445,st_struct_pedestal/94235
ug_route/218548,OSP:BUSP:C659809,st_struct_pedestal/93763,st_struct_pedestal/93714
ug_route/218549,OSP:BUSP:C647427,st_struct_pedestal/90909,building/66655
ug_route/218550,OSP:BUSP:C646856,st_struct_pedestal/91155,building/66257
ug_route/218551,OSP:BUSP::8574873,st_struct_pedestal/91507,pole/53846
ug_route/218552,OSP:BUSP:C659035,st_struct_pedestal/93359,st_struct_pedestal/90884
ug_route/218553,OSP:BUSP:C656195,st_struct_pedestal/93205,building/67615
ug_route/218554,OSP:BUSP:C662670,st_struct_pedestal/94304,st_struct_pedestal/94105
ug_route/218555,OSP:BUSP:C665951,st_struct_pedestal/94029,building/68677
ug_route/218556,OSP:BUSP::8399183,st_struct_pedestal/93629,cabinet/2782
ug_route/218557,OSP:BUSP:C656565,st_struct_pedestal/92654,st_struct_pedestal/91219
ug_route/218558,OSP:BUSP:C656571,st_struct_pedestal/92654,st_struct_pedestal/91219
ug_route/218559,OSP:BUSP:C689234,st_struct_pedestal/94229,st_struct_pedestal/91411
ug_route/218629,OSP:BUSP:C644684,st_struct_pedestal/91817,st_struct_pedestal/91553
ug_route/218560,OSP:BUSP:C705985,pole/53431,st_struct_pedestal/92347
ug_route/218561,OSP:BUSP:C654654,st_struct_pedestal/90883,building/66390
ug_route/218562,OSP:BUSP:C708334,st_struct_pedestal/93165,building/66532
ug_route/218563,OSP:BUSP:C660887,st_struct_pedestal/90893,st_struct_pedestal/92831
ug_route/218564,OSP:BUSP:C653097,st_struct_pedestal/92033,building/67365
ug_route/218565,OSP:BUSP:C656574,st_struct_pedestal/92654,st_struct_pedestal/91219
ug_route/218566,OSP:BUSP:C681965,st_struct_pedestal/91119,building/67561
ug_route/218567,OSP:BUSP:C708177,st_struct_pedestal/93244,st_struct_pedestal/93047
ug_route/218568,OSP:BUSP:C643066,st_struct_buried_splice_location/3960,st_struct_pedestal/92348
ug_route/218569,OSP:BUSP:C681325,st_struct_pedestal/91445,st_struct_pedestal/94235
ug_route/218570,OSP:BUSP:C671006,st_struct_buried_splice_location/3925,building/66877
ug_route/218571,OSP:BUSP:C657098,st_struct_pedestal/91642,st_struct_pedestal/94329
ug_route/218572,OSP:BUSP:C660573,st_struct_pedestal/93165,building/66532
ug_route/218573,OSP:BUSP:C656950,st_struct_pedestal/93707,building/66574
ug_route/218574,OSP:BUSP:C639054,st_struct_pedestal/93198,st_struct_pedestal/92382
ug_route/218575,OSP:BUSP:C651507,st_struct_pedestal/90621,st_struct_buried_splice_location/3862
ug_route/218576,OSP:BUSP:C647419,st_struct_pedestal/91522,building/67364
ug_route/218577,OSP:BUSP::14701689,st_struct_pedestal/94300,st_struct_pedestal/91827
ug_route/218578,OSP:BUSP:C670578,st_struct_pedestal/92980,st_struct_pedestal/93041
ug_route/218579,OSP:BUSP:C657992,st_struct_pedestal/91827,st_struct_pedestal/94300
ug_route/218580,OSP:BUSP:C658815,st_struct_pedestal/92148,st_struct_pedestal/94011
ug_route/218581,OSP:BUSP:C652910,st_struct_pedestal/94129,building/67440
ug_route/218582,OSP:BUSP:C656210,st_struct_pedestal/93513,building/66869
ug_route/218583,OSP:BUSP::12034971,st_struct_buried_splice_location/3946,building/66343
ug_route/218584,OSP:BUSP:C666036,st_struct_pedestal/92153,st_struct_pedestal/93243
ug_route/218585,OSP:BUSP:C639061,st_struct_pedestal/93198,st_struct_pedestal/92382
ug_route/218586,OSP:BUSP::8399820,st_struct_pedestal/94075,st_struct_pedestal/91967
ug_route/218587,OSP:BUSP:C670417,st_struct_pedestal/94119,building/67817
ug_route/218588,OSP:BUSP:C645329,st_struct_pedestal/90974,st_struct_pedestal/91509
ug_route/218589,OSP:BUSP:C705028,pole/53757,st_struct_pedestal/91507
ug_route/218590,OSP:BUSP:C658905,st_struct_pedestal/92148,st_struct_pedestal/94011
ug_route/218591,OSP:BUSP:C660171,st_struct_pedestal/90637,st_struct_pedestal/93811
ug_route/218592,OSP:BUSP:C645728,st_struct_pedestal/93084,st_struct_pedestal/92240
ug_route/218593,OSP:BUSP:C641486,st_struct_pedestal/93345,st_struct_pedestal/92050
ug_route/218594,OSP:BUSP:C668129,st_struct_pedestal/90637,st_struct_pedestal/93811
ug_route/218595,OSP:BUSP::8575831,mywcom_route_junction/27530,cabinet/2845
ug_route/218596,OSP:BUSP:C681614,st_struct_pedestal/92337,building/66722
ug_route/218597,OSP:BUSP:C670416,st_struct_pedestal/92309,st_struct_pedestal/93085
ug_route/218598,OSP:BUSP:C641527,st_struct_pedestal/93345,st_struct_pedestal/92050
ug_route/218599,OSP:BUSP:C659987,st_struct_pedestal/91090,building/66477
ug_route/218600,OSP:BUSP:C670406,st_struct_pedestal/92309,st_struct_pedestal/93085
ug_route/218601,OSP:BUSP:C641332,st_struct_pedestal/92598,st_struct_pedestal/92440
ug_route/218602,OSP:BUSP:C660798,st_struct_pedestal/91830,building/66773
ug_route/218603,OSP:BUSP:C640917,st_struct_pedestal/90687,building/67951
ug_route/218604,OSP:BUSP:C641541,st_struct_pedestal/91152,building/67926
ug_route/218605,OSP:BUSP:C658166,st_struct_pedestal/92071,st_struct_pedestal/93347
ug_route/218606,OSP:BUSP:C656226,st_struct_pedestal/93608,building/68175
ug_route/218607,OSP:BUSP:C659524,st_struct_pedestal/92522,building/66981
ug_route/218608,OSP:BUSP:C639820,st_struct_pedestal/92163,st_struct_pedestal/93127
ug_route/218609,OSP:BUSP:C658777,st_struct_pedestal/92200,st_struct_pedestal/91363
ug_route/218610,OSP:BUSP:C649212,st_struct_pedestal/91643,building/66656
ug_route/218611,OSP:BUSP:C653107,st_struct_pedestal/92640,building/68099
ug_route/218612,OSP:BUSP:C651612,st_struct_buried_splice_location/3865,st_struct_buried_splice_location/3954
ug_route/218613,OSP:BUSP:C650643,st_struct_pedestal/93876,building/66430
ug_route/218614,OSP:BUSP::12882805,mywcom_route_junction/27837,mywcom_route_junction/27592
ug_route/218615,OSP:BUSP:C682034,st_struct_pedestal/90791,st_struct_buried_splice_location/3845
ug_route/218616,OSP:BUSP:C649755,st_struct_pedestal/92021,st_struct_pedestal/91715
ug_route/218617,OSP:BUSP:C644349,st_struct_pedestal/92209,st_struct_buried_splice_location/3949
ug_route/218618,OSP:BUSP:C666216,cabinet/2776,st_struct_pedestal/94017
ug_route/218619,OSP:BUSP:C651569,st_struct_pedestal/90621,st_struct_buried_splice_location/3865
ug_route/218620,OSP:BUSP::8673460,pole/54430,st_struct_pedestal/93584
ug_route/218621,OSP:BUSP:C668689,st_struct_pedestal/92911,building/66405
ug_route/218622,OSP:BUSP:C661657,st_struct_pedestal/92403,building/67027
ug_route/218623,OSP:BUSP:C671418,st_struct_pedestal/91925,mywcom_route_junction/28201
ug_route/218624,OSP:FORSP::16955878,mywcom_route_junction/27784,st_struct_vault/2731
ug_route/218625,OSP:BUSP:C669153,st_struct_pedestal/92684,st_struct_pedestal/91455
ug_route/218626,OSP:BUSP:C711694,st_struct_pedestal/90775,st_struct_pedestal/93689
ug_route/218627,OSP:BUSP:C681641,st_struct_pedestal/93308,building/66478
ug_route/218628,OSP:FORSP::16955879,st_struct_vault/2731,st_struct_vault/2784
ug_route/218631,OSP:BUSP::8416781,st_struct_pedestal/94017,cabinet/2776
ug_route/218632,OSP:BUSP:C669169,st_struct_pedestal/92684,st_struct_pedestal/91455
ug_route/218633,OSP:BUSP:C660020,st_struct_pedestal/92853,st_struct_pedestal/91036
ug_route/218634,OSP:BUSP:C647325,st_struct_pedestal/90954,building/67433
ug_route/218635,OSP:BUSP:C659040,st_struct_pedestal/92946,st_struct_pedestal/93797
ug_route/218636,OSP:BUSP:C644709,st_struct_pedestal/91817,st_struct_pedestal/91553
ug_route/218637,OSP:BUSP:C640182,st_struct_pedestal/91061,building/67555
ug_route/218638,OSP:BUSP:C661129,st_struct_pedestal/91391,building/66211
ug_route/218639,OSP:BUSP:C639305,st_struct_pedestal/93436,st_struct_pedestal/93609
ug_route/218640,OSP:BUSP:C650429,st_struct_pedestal/91534,building/68522
ug_route/218641,OSP:BUSP:C669162,st_struct_pedestal/92684,st_struct_pedestal/91455
ug_route/218642,OSP:BUSP::17062324,pole/53871,st_struct_pedestal/91431
ug_route/218643,OSP:BUSP:C659133,st_struct_pedestal/91312,st_struct_pedestal/93725
ug_route/218644,OSP:BUSP::9008797,st_struct_pedestal/93579,st_struct_pedestal/92521
ug_route/218645,OSP:BUSP:C639203,st_struct_pedestal/93620,st_struct_pedestal/93095
ug_route/218646,OSP:BUSP:C658294,st_struct_pedestal/92485,st_struct_pedestal/91200
ug_route/218647,OSP:BUSP:C708331,st_struct_pedestal/91533,st_struct_pedestal/91652
ug_route/218648,OSP:BUSP:C659276,st_struct_pedestal/93112,st_struct_pedestal/91311
ug_route/218649,OSP:BUSP:C670046,st_struct_buried_splice_location/3935,st_struct_pedestal/92911
ug_route/218650,OSP:BUSP:C705426,st_struct_pedestal/93641,st_struct_pedestal/93876
ug_route/218651,OSP:BUSP:C709605,st_struct_pedestal/91533,st_struct_pedestal/91652
ug_route/218652,OSP:BUSP:C637464,st_struct_pedestal/92753,building/67276
ug_route/218679,OSP:BUSP:C641491,st_struct_pedestal/91010,building/66831
ug_route/218653,OSP:BUSP:C639212,st_struct_pedestal/93620,st_struct_pedestal/93095
ug_route/218654,OSP:BUSP:C651512,st_struct_buried_splice_location/3862,st_struct_buried_splice_location/3887
ug_route/218655,OSP:BUSP:C668526,st_struct_pedestal/91984,building/66455
ug_route/218656,OSP:BUSP:C657579,st_struct_pedestal/92949,st_struct_pedestal/92600
ug_route/218657,OSP:BUSP:C655079,st_struct_pedestal/93599,st_struct_pedestal/94327
ug_route/218658,OSP:BUSP:C648534,st_struct_pedestal/92620,st_struct_pedestal/93264
ug_route/218659,OSP:BUSP:C660962,st_struct_pedestal/90816,st_struct_pedestal/93848
ug_route/218660,OSP:BUSP:C659707,st_struct_pedestal/92949,st_struct_pedestal/92600
ug_route/218661,OSP:BUSP:C639167,st_struct_pedestal/91419,building/66331
ug_route/218662,OSP:BUSP:C647306,st_struct_pedestal/92495,st_struct_pedestal/90954
ug_route/218663,OSP:BUSP:C683143,st_struct_pedestal/92448,building/68254
ug_route/218664,OSP:BUSP::9651715,building/67772,st_struct_pedestal/93354
ug_route/218665,OSP:BUSP:C653105,st_struct_pedestal/91554,st_struct_pedestal/92640
ug_route/218666,OSP:BUSP:C659288,st_struct_pedestal/91814,building/67437
ug_route/218667,OSP:BUSP:C711843,st_struct_pedestal/92097,st_struct_pedestal/90994
ug_route/218668,OSP:BUSP:C655083,st_struct_pedestal/93173,st_struct_pedestal/93599
ug_route/218669,OSP:BUSP::7622214,st_struct_pedestal/92395,st_struct_pedestal/90720
ug_route/218670,OSP:BUSP:C670407,st_struct_pedestal/91706,st_struct_pedestal/93035
ug_route/218671,OSP:BUSP:C665531,st_struct_pedestal/94293,building/68314
ug_route/218672,OSP:BUSP:C647321,st_struct_pedestal/92495,st_struct_pedestal/90954
ug_route/218673,OSP:BUSP:C705606,st_struct_pedestal/93374,building/68066
ug_route/218674,OSP:BUSP:C660976,st_struct_pedestal/90816,st_struct_pedestal/93848
ug_route/218675,OSP:BUSP:C669797,st_struct_pedestal/94149,st_struct_pedestal/93250
ug_route/218676,OSP:BUSP:C640115,st_struct_pedestal/91009,st_struct_pedestal/94025
ug_route/218677,OSP:BUSP:C662437,cabinet/2772,pole/54540
ug_route/218680,OSP:BUSP:C642868,st_struct_pedestal/94292,building/66756
ug_route/218681,OSP:BUSP:C641590,st_struct_pedestal/92609,st_struct_pedestal/91015
ug_route/218682,OSP:BUSP::17062030,st_struct_pedestal/94149,st_struct_pedestal/93250
ug_route/218683,OSP:BUSP:C647368,st_struct_pedestal/93237,building/67767
ug_route/218684,OSP:BUSP::8715974,st_struct_pedestal/93942,st_struct_pedestal/93569
ug_route/218685,OSP:BUSP:C670973,st_struct_pedestal/93041,st_struct_pedestal/92940
ug_route/218686,OSP:BUSP::12029113,st_struct_pedestal/91638,st_struct_buried_splice_location/3867
ug_route/218687,OSP:BUSP:C670245,st_struct_pedestal/93598,st_struct_pedestal/94155
ug_route/218688,OSP:BUSP:C660797,st_struct_pedestal/93837,st_struct_pedestal/91830
ug_route/218689,OSP:BUSP:C641842,st_struct_pedestal/92609,st_struct_pedestal/91015
ug_route/218690,OSP:FBSP::8499668,st_struct_pedestal/90780,st_struct_pedestal/91822
ug_route/218691,OSP:BUSP:C657933,st_struct_pedestal/93201,mywcom_route_junction/28061
ug_route/218692,OSP:BUSP:C670496,st_struct_pedestal/94032,st_struct_pedestal/90712
ug_route/218693,OSP:BUSP::8715975,st_struct_pedestal/93942,st_struct_pedestal/93569
ug_route/218694,OSP:BUSP::7611827,st_struct_pedestal/94335,st_struct_pedestal/90935
ug_route/218695,OSP:BUSP:C651094,st_struct_pedestal/92289,st_struct_pedestal/92301
ug_route/218696,OSP:BUSP:C643040,st_struct_pedestal/90851,building/67420
ug_route/218697,OSP:BUSP:C658048,st_struct_pedestal/91484,building/66902
ug_route/218698,OSP:BUSP:C647172,st_struct_pedestal/93808,building/67780
ug_route/218699,OSP:BUSP:C647165,st_struct_pedestal/92026,st_struct_pedestal/93808
ug_route/218700,OSP:BUSP:C659222,st_struct_pedestal/91142,building/66383
ug_route/218701,OSP:BUSP:C641490,st_struct_pedestal/92834,st_struct_pedestal/92729
ug_route/218702,OSP:BUSP:C705122,st_struct_pedestal/91696,st_struct_pedestal/93800
ug_route/218703,OSP:BUSP::17054340,st_struct_pedestal/91956,st_struct_pedestal/93833
ug_route/218704,OSP:BUSP:C644447,st_struct_pedestal/91817,st_struct_pedestal/90901
ug_route/218705,OSP:BUSP:C705296,st_struct_pedestal/94335,st_struct_pedestal/90935
ug_route/218706,OSP:BUSP::7912799,st_struct_pedestal/92575,building/66392
ug_route/218707,OSP:BUSP:C708384,mywcom_route_junction/27965,cabinet/2786
ug_route/218708,OSP:BUSP:C705121,st_struct_pedestal/91696,st_struct_pedestal/93800
ug_route/218709,OSP:BUSP:C669936,cabinet/2786,mywcom_route_junction/27965
ug_route/218710,OSP:BUSP:C682601,st_struct_pedestal/94247,st_struct_pedestal/92556
ug_route/218711,OSP:BUSP:C644464,st_struct_pedestal/91817,st_struct_pedestal/90901
ug_route/218712,OSP:BUSP:C707902,st_struct_pedestal/90862,building/68345
ug_route/218713,OSP:BUSP:C648357,st_struct_pedestal/92626,st_struct_pedestal/92093
ug_route/218714,OSP:BUSP:C708026,st_struct_pedestal/91242,st_struct_pedestal/90780
ug_route/218715,OSP:BUSP:C682143,st_struct_pedestal/94247,st_struct_pedestal/92556
ug_route/218716,OSP:BUSP:C656653,st_struct_pedestal/92603,st_struct_pedestal/92205
ug_route/218717,OSP:BUSP:C669029,st_struct_pedestal/91860,building/68259
ug_route/218718,OSP:BUSP:C649683,st_struct_pedestal/92626,st_struct_pedestal/92093
ug_route/218719,OSP:BUSP:C660362,st_struct_pedestal/91492,st_struct_pedestal/93457
ug_route/218720,OSP:BUSP:C642015,st_struct_pedestal/90640,st_struct_pedestal/92324
ug_route/218721,OSP:BUSP:C706812,mywcom_route_junction/27128,mywcom_route_junction/27873
ug_route/218722,OSP:BUSP:C707904,st_struct_pedestal/90862,st_struct_pedestal/93426
ug_route/218723,OSP:BUSP:C653132,st_struct_pedestal/91649,st_struct_pedestal/93205
ug_route/218724,OSP:BUSP:C656760,st_struct_pedestal/93672,st_struct_pedestal/91773
ug_route/218725,OSP:BUSP:C708262,st_struct_pedestal/92198,building/67239
ug_route/218726,OSP:BUSP:C656658,st_struct_pedestal/92603,st_struct_pedestal/92205
ug_route/218727,OSP:BUSP:C670463,st_struct_pedestal/91726,building/66124
ug_route/218728,OSP:BUSP:C642030,st_struct_pedestal/90640,st_struct_pedestal/92324
ug_route/218729,OSP:BUSP:C662509,st_struct_pedestal/91523,st_struct_pedestal/91991
ug_route/218730,OSP:BUSP:C658752,st_struct_pedestal/92249,st_struct_pedestal/91011
ug_route/218731,OSP:BUSP:C642111,st_struct_pedestal/90847,st_struct_pedestal/91187
ug_route/218732,OSP:BUSP:C671024,st_struct_pedestal/90723,building/67325
ug_route/218733,OSP:BUSP:C647294,st_struct_pedestal/92681,building/68592
ug_route/218734,OSP:BUSP::11869991,mywcom_route_junction/27693,building/68697
ug_route/218735,OSP:BUSP:C669028,st_struct_pedestal/91860,building/68259
ug_route/218736,OSP:BUSP:C653844,st_struct_pedestal/92950,st_struct_pedestal/94034
ug_route/218737,OSP:BUSP:C656779,st_struct_pedestal/93672,st_struct_pedestal/91773
ug_route/218738,OSP:BUSP:C642291,st_struct_pedestal/90847,st_struct_pedestal/91187
ug_route/218739,OSP:BUSP:C658769,st_struct_pedestal/92249,st_struct_pedestal/91011
ug_route/218740,OSP:BUSP:C671039,st_struct_pedestal/91531,st_struct_pedestal/94023
ug_route/218741,OSP:BUSP:C656660,st_struct_pedestal/92603,st_struct_pedestal/92205
ug_route/218742,OSP:BUSP:C656623,st_struct_pedestal/92661,building/66510
ug_route/218743,OSP:BUSP:C655197,st_struct_pedestal/94127,st_struct_pedestal/93429
ug_route/218744,OSP:BUSP:C653814,st_struct_pedestal/92950,st_struct_pedestal/94034
ug_route/218745,OSP:BUSP:C643696,st_struct_pedestal/92724,st_struct_pedestal/92733
ug_route/218746,OSP:BUSP:C655321,st_struct_pedestal/93380,st_struct_pedestal/94243
ug_route/218747,OSP:BUSP:C707486,st_struct_pedestal/92397,st_struct_pedestal/90729
ug_route/218748,OSP:BUSP:C656881,st_struct_pedestal/92372,building/66632
ug_route/218749,OSP:BUSP:C655354,st_struct_pedestal/93380,st_struct_pedestal/94243
ug_route/218750,OSP:BUSP:C659517,st_struct_pedestal/92403,st_struct_pedestal/94123
ug_route/218751,OSP:BUSP:C659501,st_struct_pedestal/92403,st_struct_pedestal/94123
ug_route/218752,OSP:BUSP:C646069,st_struct_pedestal/90748,st_struct_pedestal/90721
ug_route/218753,OSP:BUSP::13453064,st_struct_pedestal/92971,mywcom_route_junction/27658
ug_route/218754,OSP:BUSP:C651116,st_struct_pedestal/90691,building/66688
ug_route/218755,OSP:BUSP:C655153,st_struct_pedestal/92865,st_struct_pedestal/93152
ug_route/218756,OSP:BUSP:C660069,st_struct_pedestal/93099,building/66302
ug_route/218757,OSP:BUSP:C660665,st_struct_pedestal/93165,st_struct_pedestal/91823
ug_route/218758,OSP:BUSP:C643718,st_struct_pedestal/92724,st_struct_pedestal/92733
ug_route/218759,OSP:BUSP:C660574,st_struct_pedestal/94093,st_struct_pedestal/91683
ug_route/218760,OSP:BUSP:C655232,st_struct_pedestal/92865,st_struct_pedestal/93152
ug_route/218761,OSP:BUSP:C651959,st_struct_pedestal/94084,st_struct_pedestal/93906
ug_route/218762,OSP:BUSP:C665508,st_struct_pedestal/93568,st_struct_pedestal/91070
ug_route/218763,OSP:BUSP:C654658,st_struct_pedestal/94134,st_struct_pedestal/94006
ug_route/218764,OSP:BUSP:C707478,st_struct_pedestal/90800,st_struct_pedestal/93341
ug_route/218765,OSP:BUSP:C670227,st_struct_pedestal/90661,st_struct_pedestal/93791
ug_route/218766,OSP:BUSP:C648555,st_struct_pedestal/94320,st_struct_pedestal/92865
ug_route/218767,OSP:BUSP:C643113,st_struct_pedestal/92943,st_struct_buried_splice_location/3899
ug_route/218768,OSP:BUSP:C657017,st_struct_pedestal/93110,building/67149
ug_route/218769,OSP:BUSP:C710198,mywcom_route_junction/27656,st_struct_pedestal/90661
ug_route/218770,OSP:BUSP:C665518,st_struct_pedestal/93568,st_struct_pedestal/91070
ug_route/218771,OSP:BUSP:C660655,st_struct_pedestal/93165,st_struct_pedestal/91823
ug_route/218772,OSP:BUSP:C648118,st_struct_pedestal/93391,building/68565
ug_route/218773,OSP:BUSP:C652059,st_struct_pedestal/94084,st_struct_pedestal/93906
ug_route/218774,OSP:BUSP:C648558,st_struct_pedestal/94320,st_struct_pedestal/92865
ug_route/218775,OSP:BUSP:C640181,st_struct_pedestal/91061,building/67103
ug_route/218776,OSP:BUSP:C648122,st_struct_pedestal/93391,building/68565
ug_route/218777,OSP:BUSP:C642114,st_struct_pedestal/91187,st_struct_pedestal/93882
ug_route/218778,OSP:BUSP:C642295,st_struct_pedestal/91187,st_struct_pedestal/93882
ug_route/218779,OSP:BUSP::10422285,st_struct_pedestal/94280,st_struct_pedestal/91788
ug_route/218780,OSP:BUSP:C645343,st_struct_pedestal/92417,st_struct_pedestal/93312
ug_route/218781,OSP:BUSP:C665612,st_struct_pedestal/91230,st_struct_pedestal/91562
ug_route/218782,OSP:BUSP:C705747,mywcom_route_junction/27378,cabinet/2786
ug_route/218783,OSP:BUSP::8382866,mywcom_route_junction/27321,cabinet/2786
ug_route/218784,OSP:BUSP:C652717,st_struct_pedestal/92886,mywcom_route_junction/27745
ug_route/218785,OSP:BUSP:C655607,st_struct_pedestal/92227,st_struct_pedestal/92428
ug_route/218786,OSP:BUSP:C641448,st_struct_pedestal/90567,building/67267
ug_route/218787,OSP:BUSP:C655608,st_struct_pedestal/92227,st_struct_pedestal/92428
ug_route/218788,OSP:BUSP:C656618,st_struct_pedestal/92603,building/68162
ug_route/218789,OSP:BUSP:C644387,st_struct_pedestal/91821,building/66355
ug_route/218790,OSP:BUSP:C660720,st_struct_pedestal/93235,mywcom_route_junction/27551
ug_route/218791,OSP:BUSP:C659081,st_struct_pedestal/91901,building/68609
ug_route/218792,OSP:BUSP:C660068,st_struct_pedestal/93099,building/68351
ug_route/218793,OSP:BUSP:C656772,st_struct_pedestal/92801,st_struct_pedestal/93559
ug_route/218794,OSP:BUSP:C642033,st_struct_pedestal/93740,building/66377
ug_route/218795,OSP:BUSP:C641356,st_struct_pedestal/92487,st_struct_pedestal/91681
ug_route/218796,OSP:BUSP:C671049,st_struct_pedestal/92156,building/68084
ug_route/218797,OSP:BUSP:C660103,st_struct_pedestal/93163,st_struct_pedestal/93129
ug_route/218798,OSP:BUSP:C642094,st_struct_pedestal/92152,st_struct_pedestal/93351
ug_route/218799,OSP:BUSP:C647866,st_struct_pedestal/92157,st_struct_pedestal/90829
ug_route/218800,OSP:BUSP:C641434,st_struct_pedestal/92487,st_struct_pedestal/91681
ug_route/218801,OSP:BUSP:C650404,st_struct_pedestal/91356,st_struct_pedestal/91659
ug_route/218802,OSP:BUSP:C641939,st_struct_pedestal/93497,building/66509
ug_route/218803,OSP:BUSP:C642283,st_struct_pedestal/92152,st_struct_pedestal/93351
ug_route/218804,OSP:BUSP:C660104,st_struct_pedestal/93163,st_struct_pedestal/93129
ug_route/218805,OSP:BUSP:C650453,st_struct_pedestal/94002,st_struct_pedestal/92204
ug_route/218806,OSP:BUSP:C652644,st_struct_pedestal/91859,st_struct_pedestal/93091
ug_route/218807,OSP:BUSP:C650509,st_struct_pedestal/91356,st_struct_pedestal/91659
ug_route/218808,OSP:BUSP:C650459,st_struct_pedestal/94002,st_struct_pedestal/92204
ug_route/218809,OSP:BUSP:C659801,st_struct_pedestal/93763,mywcom_route_junction/27807
ug_route/218810,OSP:BUSP:C641440,st_struct_pedestal/92487,st_struct_pedestal/91681
ug_route/218811,OSP:BUSP:C660021,st_struct_pedestal/91036,st_struct_pedestal/92817
ug_route/218812,OSP:BUSP:C641291,st_struct_pedestal/92749,building/66583
ug_route/218813,OSP:BUSP:C638836,st_struct_pedestal/90778,st_struct_pedestal/91838
ug_route/218814,OSP:BUSP::15003128,st_struct_pedestal/92654,st_struct_pedestal/91219
ug_route/218815,OSP:BUSP::9157573,st_struct_pedestal/91175,st_struct_pedestal/93295
ug_route/218862,OSP:BUSP:C704756,st_struct_pedestal/92297,st_struct_pedestal/92555
ug_route/218816,OSP:BUSP:C652840,st_struct_pedestal/93513,st_struct_pedestal/93982
ug_route/218817,OSP:BUSP:C649311,st_struct_pedestal/91526,building/68725
ug_route/218818,OSP:BUSP:C646436,st_struct_pedestal/92623,st_struct_pedestal/93959
ug_route/218819,OSP:BUSP:C655412,st_struct_pedestal/90680,building/66683
ug_route/218820,OSP:BUSP:C707982,st_struct_pedestal/92262,building/68511
ug_route/218821,OSP:BUSP:C652892,st_struct_pedestal/93513,st_struct_pedestal/93982
ug_route/218822,OSP:BUSP:C652891,st_struct_pedestal/93513,st_struct_pedestal/93982
ug_route/218823,OSP:BUSP:C650184,st_struct_pedestal/91638,st_struct_pedestal/91003
ug_route/218824,OSP:BUSP:C656938,st_struct_pedestal/90925,building/68248
ug_route/218825,OSP:BUSP:C656656,st_struct_pedestal/92205,building/66389
ug_route/218826,OSP:BUSP:C650139,st_struct_pedestal/91638,st_struct_pedestal/91003
ug_route/218827,OSP:BUSP:C641140,st_struct_pedestal/91529,st_struct_buried_splice_location/3846
ug_route/218828,OSP:BUSP:C658215,st_struct_buried_splice_location/3975,st_struct_pedestal/91693
ug_route/218829,OSP:BUSP:C644103,st_struct_pedestal/93345,st_struct_pedestal/92453
ug_route/218830,OSP:BUSP:C641557,st_struct_pedestal/93677,building/67159
ug_route/218831,OSP:BUSP:C650395,st_struct_pedestal/91535,st_struct_pedestal/91536
ug_route/218832,OSP:BUSP:C668525,st_struct_pedestal/91141,st_struct_pedestal/91984
ug_route/218833,OSP:BUSP:C682270,st_struct_pedestal/92575,st_struct_pedestal/93579
ug_route/218834,OSP:BUSP:C644110,st_struct_pedestal/93345,st_struct_pedestal/92453
ug_route/218835,OSP:BUSP:C641965,st_struct_pedestal/91775,st_struct_pedestal/91723
ug_route/218836,OSP:BUSP:C663622,st_struct_pedestal/94017,st_struct_pedestal/93702
ug_route/218837,OSP:BUSP:C641381,st_struct_pedestal/92787,st_struct_pedestal/93424
ug_route/218838,OSP:BUSP:C650398,st_struct_pedestal/91535,st_struct_pedestal/91536
ug_route/218839,OSP:BUSP:C644019,st_struct_pedestal/92370,st_struct_pedestal/94296
ug_route/218840,OSP:BUSP:C653113,st_struct_pedestal/92061,st_struct_pedestal/90940
ug_route/218841,OSP:BUSP:C666010,st_struct_pedestal/91100,st_struct_buried_splice_location/3983
ug_route/218842,OSP:BUSP:C654578,st_struct_pedestal/91514,building/67229
ug_route/218843,OSP:BUSP:C705056,st_struct_pedestal/92494,building/68621
ug_route/218844,OSP:BUSP:C643493,st_struct_pedestal/91516,building/66115
ug_route/218845,OSP:BUSP:C660718,st_struct_buried_splice_location/3945,st_struct_pedestal/93235
ug_route/218846,OSP:BUSP:C663624,st_struct_pedestal/94017,st_struct_pedestal/93702
ug_route/218847,OSP:BUSP:C666072,st_struct_pedestal/90852,building/67473
ug_route/218848,OSP:BUSP:C642044,st_struct_pedestal/91775,st_struct_pedestal/91723
ug_route/218849,OSP:BUSP:C669147,st_struct_pedestal/91984,st_struct_pedestal/93392
ug_route/218850,OSP:BUSP::12755352,st_struct_pedestal/92788,building/66117
ug_route/218851,OSP:BUSP:C651773,st_struct_pedestal/93080,building/68058
ug_route/218852,OSP:BUSP:C670217,st_struct_pedestal/90661,st_struct_pedestal/91941
ug_route/218853,OSP:BUSP:C669149,st_struct_pedestal/91984,st_struct_pedestal/93392
ug_route/218854,OSP:BUSP:C681696,st_struct_pedestal/91119,st_struct_pedestal/94301
ug_route/218855,OSP:BUSP:C640172,st_struct_pedestal/91061,building/67156
ug_route/218856,OSP:BUSP:C646448,st_struct_pedestal/93564,st_struct_pedestal/92390
ug_route/218857,OSP:BUSP:C641710,st_struct_pedestal/91417,st_struct_pedestal/93511
ug_route/218858,OSP:BUSP:C641482,st_struct_pedestal/93974,st_struct_pedestal/92834
ug_route/218859,OSP:BUSP:C669155,st_struct_pedestal/91984,st_struct_pedestal/93392
ug_route/218860,OSP:BUSP:C649810,st_struct_pedestal/93973,st_struct_pedestal/91094
ug_route/218861,OSP:BUSP:C708299,st_struct_pedestal/90602,st_struct_pedestal/93009
ug_route/218863,OSP:BUSP:C641729,st_struct_pedestal/91417,st_struct_pedestal/93511
ug_route/218864,OSP:BUSP:C648764,st_struct_pedestal/91065,st_struct_pedestal/91066
ug_route/218865,OSP:BUSP:C707888,st_struct_pedestal/93973,st_struct_pedestal/91094
ug_route/218866,OSP:BUSP:C648046,st_struct_pedestal/91716,st_struct_pedestal/92044
ug_route/218867,OSP:BUSP:C709520,st_struct_pedestal/91344,st_struct_pedestal/93763
ug_route/218868,OSP:BUSP::13453075,mywcom_route_junction/27501,st_struct_pedestal/92504
ug_route/218869,OSP:BUSP:C704757,st_struct_pedestal/92297,st_struct_pedestal/92555
ug_route/218870,OSP:BUSP:C650492,st_struct_pedestal/90659,building/68658
ug_route/218871,OSP:BUSP:C683677,mywcom_route_junction/27912,st_struct_pedestal/91189
ug_route/218872,OSP:BUSP::17062021,st_struct_pedestal/93601,st_struct_pedestal/92403
ug_route/218873,OSP:BUSP::8607513,st_struct_pedestal/92213,st_struct_pedestal/94032
ug_route/218874,OSP:BUSP:C711890,st_struct_pedestal/92094,st_struct_pedestal/93579
ug_route/218875,OSP:BUSP:C658543,st_struct_pedestal/91865,building/67815
ug_route/218876,OSP:BUSP:C650443,st_struct_pedestal/91262,st_struct_pedestal/90646
ug_route/218877,OSP:BUSP:C709811,mywcom_route_junction/27349,mywcom_route_junction/27435
ug_route/218878,OSP:BUSP:C671199,st_struct_buried_splice_location/3955,st_struct_pedestal/93883
ug_route/218879,OSP:BUSP:C643492,st_struct_pedestal/93671,st_struct_pedestal/91516
ug_route/218880,OSP:BUSP:C659782,st_struct_pedestal/91344,st_struct_pedestal/93763
ug_route/218881,OSP:BUSP:C707889,st_struct_pedestal/93973,st_struct_pedestal/91094
ug_route/218882,OSP:BUSP:C651028,st_struct_pedestal/90750,st_struct_pedestal/93944
ug_route/218883,OSP:BUSP:C641458,st_struct_pedestal/93719,st_struct_pedestal/94246
ug_route/218884,OSP:BUSP:C651042,st_struct_pedestal/90750,st_struct_pedestal/93944
ug_route/218885,OSP:BUSP:C660061,st_struct_pedestal/92165,st_struct_pedestal/93099
ug_route/218886,OSP:BUSP:C641505,st_struct_pedestal/93719,st_struct_pedestal/94246
ug_route/218887,OSP:BUSP::8399821,st_struct_pedestal/91967,pole/53734
ug_route/218888,OSP:BUSP:C641521,st_struct_pedestal/93719,st_struct_pedestal/94246
ug_route/218889,OSP:BUSP:C645338,st_struct_pedestal/91509,st_struct_pedestal/92417
ug_route/218890,OSP:BUSP:C670239,st_struct_pedestal/94232,st_struct_pedestal/93598
ug_route/218891,OSP:BUSP:C646408,st_struct_pedestal/94038,st_struct_pedestal/91205
ug_route/218892,OSP:BUSP:C647244,st_struct_pedestal/92539,st_struct_pedestal/93565
ug_route/218893,OSP:BUSP:C665817,st_struct_pedestal/91100,st_struct_pedestal/90804
ug_route/218894,OSP:BUSP:C661206,st_struct_pedestal/92742,building/66130
ug_route/218895,OSP:BUSP:C653018,st_struct_pedestal/92434,building/67406
ug_route/218896,OSP:BUSP:C660892,st_struct_pedestal/92831,st_struct_pedestal/92014
ug_route/218897,OSP:BUSP:C660079,st_struct_pedestal/92165,st_struct_pedestal/93099
ug_route/218898,OSP:BUSP:C666076,st_struct_pedestal/90852,st_struct_pedestal/90767
ug_route/218899,OSP:BUSP:C708208,st_struct_pedestal/91538,st_struct_pedestal/93328
ug_route/218900,OSP:BUSP:C653130,st_struct_pedestal/93982,st_struct_pedestal/93205
ug_route/218901,OSP:BUSP:C638804,st_struct_pedestal/94188,st_struct_pedestal/93712
ug_route/218902,OSP:BUSP:C653129,st_struct_pedestal/93982,st_struct_pedestal/91649
ug_route/218903,OSP:BUSP:C650530,st_struct_pedestal/93685,st_struct_pedestal/90577
ug_route/218904,OSP:BUSP:C659933,st_struct_pedestal/93714,st_struct_pedestal/90769
ug_route/218905,OSP:BUSP:C641926,st_struct_pedestal/92183,st_struct_pedestal/94244
ug_route/218906,OSP:BUSP:C641568,st_struct_pedestal/92183,st_struct_pedestal/94244
ug_route/218907,OSP:BUSP:C654896,st_struct_pedestal/91964,building/68463
ug_route/218908,OSP:BUSP::8399815,st_struct_pedestal/90769,st_struct_pedestal/93714
ug_route/218909,OSP:BUSP:C641583,st_struct_pedestal/91350,st_struct_pedestal/94163
ug_route/218910,OSP:BUSP:C660963,st_struct_pedestal/90608,building/68207
ug_route/218911,OSP:BUSP:C638815,st_struct_pedestal/94188,st_struct_pedestal/93712
ug_route/218912,OSP:BUSP:C707489,st_struct_pedestal/92074,st_struct_pedestal/92702
ug_route/218913,OSP:BUSP:C660716,st_struct_pedestal/92921,st_struct_buried_splice_location/3945
ug_route/218914,OSP:BUSP:C651316,st_struct_pedestal/92769,building/68437
ug_route/218915,OSP:BUSP:C708343,st_struct_pedestal/92126,building/68622
ug_route/218916,OSP:BUSP:C660559,st_struct_pedestal/94317,st_struct_pedestal/90634
ug_route/218917,OSP:BUSP:C666049,st_struct_pedestal/94225,st_struct_pedestal/93749
ug_route/218918,OSP:BUSP:C647252,st_struct_pedestal/92539,st_struct_pedestal/93565
ug_route/218919,OSP:BUSP:C658821,st_struct_pedestal/94011,st_struct_pedestal/92553
ug_route/218920,OSP:BUSP:C650880,st_struct_pedestal/92741,st_struct_pedestal/93176
ug_route/218921,OSP:BUSP:C646499,st_struct_pedestal/94038,st_struct_pedestal/91205
ug_route/218922,OSP:BUSP:C650853,st_struct_pedestal/92741,st_struct_pedestal/93176
ug_route/218923,OSP:FBSP:C707532,building/67787,st_struct_pedestal/91822
ug_route/218924,OSP:BUSP:C642009,st_struct_pedestal/93740,building/66898
ug_route/218925,OSP:BUSP:C681434,st_struct_pedestal/93793,st_struct_pedestal/92342
ug_route/218926,OSP:BUSP:C651480,st_struct_pedestal/92577,building/67557
ug_route/218927,OSP:BUSP:C659995,st_struct_pedestal/90575,building/68303
ug_route/218928,OSP:BUSP:C641343,st_struct_pedestal/92428,st_struct_pedestal/92487
ug_route/218929,OSP:BUSP:C658451,st_struct_pedestal/92812,st_struct_pedestal/92260
ug_route/218930,OSP:BUSP:C641816,st_struct_pedestal/92660,st_struct_pedestal/91062
ug_route/218931,OSP:BUSP:C705115,st_struct_pedestal/93758,st_struct_pedestal/92161
ug_route/218932,OSP:BUSP:C654823,st_struct_pedestal/91902,building/66908
ug_route/218933,OSP:BUSP:C655604,st_struct_pedestal/92959,mywcom_route_junction/27859
ug_route/218934,OSP:BUSP::8366861,mywcom_route_junction/27864,cabinet/2835
ug_route/218935,OSP:BUSP:C706059,st_struct_pedestal/91193,st_struct_pedestal/92384
ug_route/218936,OSP:BUSP:C641354,st_struct_pedestal/92428,st_struct_pedestal/92487
ug_route/218937,OSP:BUSP:C706056,st_struct_pedestal/91193,st_struct_pedestal/92384
ug_route/218938,OSP:BUSP:C650917,st_struct_pedestal/92741,st_struct_pedestal/93176
ug_route/218939,OSP:BUSP:C658455,st_struct_pedestal/92812,st_struct_pedestal/92260
ug_route/218940,OSP:BUSP:C641592,st_struct_pedestal/91774,st_struct_pedestal/93917
ug_route/218941,OSP:BUSP:C669015,st_struct_pedestal/92121,st_struct_pedestal/93078
ug_route/218942,OSP:BUSP:C648790,st_struct_pedestal/91163,building/66819
ug_route/218943,OSP:BUSP:C652690,st_struct_pedestal/93918,st_struct_pedestal/91004
ug_route/218944,OSP:BUSP:C660943,st_struct_pedestal/91768,st_struct_pedestal/91039
ug_route/218945,OSP:BUSP:C641597,st_struct_pedestal/91774,st_struct_pedestal/93917
ug_route/218946,OSP:BUSP:C652711,st_struct_pedestal/93918,st_struct_pedestal/91004
ug_route/218947,OSP:BUSP:C648069,st_struct_pedestal/91847,st_struct_pedestal/93566
ug_route/218948,OSP:BUSP:C671263,st_struct_pedestal/91507,st_struct_pedestal/92894
ug_route/218949,OSP:BUSP:C683152,st_struct_buried_splice_location/3981,st_struct_pedestal/90619
ug_route/218950,OSP:BUSP:C656853,st_struct_pedestal/93672,st_struct_pedestal/91302
ug_route/218951,OSP:BUSP:C707798,st_struct_pedestal/90685,building/68076
ug_route/218952,OSP:BUSP:C648199,st_struct_pedestal/91847,st_struct_pedestal/93566
ug_route/218953,OSP:BUSP:C642209,st_struct_pedestal/91957,building/67328
ug_route/218954,OSP:BUSP:C660984,st_struct_pedestal/91768,st_struct_pedestal/91039
ug_route/218955,OSP:BUSP:C669208,st_struct_pedestal/91984,st_struct_pedestal/92914
ug_route/218956,OSP:BUSP:C661771,st_struct_pedestal/93672,st_struct_pedestal/91302
ug_route/218957,OSP:BUSP:C669141,st_struct_pedestal/91984,st_struct_pedestal/92914
ug_route/218958,OSP:BUSP:C644295,st_struct_pedestal/91821,st_struct_pedestal/93040
ug_route/218959,OSP:BUSP::9290696,mywcom_route_junction/27894,st_struct_pedestal/92921
ug_route/218960,OSP:BUSP:C643070,st_struct_buried_splice_location/3921,st_struct_buried_splice_location/3923
ug_route/218961,OSP:BUSP:C639768,st_struct_pedestal/92618,st_struct_pedestal/94121
ug_route/218962,OSP:BUSP:C706525,pole/52715,st_struct_pedestal/94297
ug_route/218963,OSP:BUSP:C644390,st_struct_pedestal/91821,st_struct_pedestal/93040
ug_route/218964,OSP:BUSP:C669143,st_struct_pedestal/91984,st_struct_pedestal/92914
ug_route/218965,OSP:BUSP:C639771,st_struct_pedestal/92618,st_struct_pedestal/94121
ug_route/218966,OSP:BUSP:C643688,st_struct_pedestal/94128,st_struct_pedestal/92724
ug_route/218967,OSP:BUSP:C647713,st_struct_pedestal/93094,mywcom_route_junction/27294
ug_route/218968,OSP:BUSP:C660947,st_struct_pedestal/92344,building/66835
ug_route/218969,OSP:BUSP:C681709,st_struct_pedestal/94018,building/66197
ug_route/218970,OSP:BUSP::10925000,st_struct_pedestal/92556,st_struct_buried_splice_location/3863
ug_route/218971,OSP:BUSP:C705978,st_struct_pedestal/92440,st_struct_pedestal/90779
ug_route/218972,OSP:BUSP:C660901,st_struct_pedestal/92830,building/68421
ug_route/218973,OSP:BUSP::10925002,st_struct_pedestal/92556,st_struct_buried_splice_location/3863
ug_route/218974,OSP:BUSP:C646781,st_struct_buried_splice_location/3846,st_struct_pedestal/93548
ug_route/218975,OSP:BUSP:C650179,st_struct_pedestal/91638,st_struct_pedestal/94172
ug_route/218976,OSP:BUSP:C669138,st_struct_pedestal/91984,st_struct_pedestal/90856
ug_route/218977,OSP:BUSP:C665941,st_struct_pedestal/90831,building/67972
ug_route/218978,OSP:BUSP:C646172,st_struct_pedestal/94128,st_struct_pedestal/92724
ug_route/218979,OSP:BUSP:C656887,st_struct_pedestal/91310,st_struct_pedestal/94196
ug_route/218980,OSP:BUSP:C648525,st_struct_pedestal/92967,st_struct_pedestal/92042
ug_route/218981,OSP:BUSP:C654692,st_struct_pedestal/90883,building/67465
ug_route/218982,OSP:BUSP:C643099,st_struct_buried_splice_location/3969,st_struct_buried_splice_location/3870
ug_route/218983,OSP:BUSP:C643010,st_struct_pedestal/90851,pole/54274
ug_route/218984,OSP:BUSP:C641684,st_struct_pedestal/90569,building/66737
ug_route/218985,OSP:BUSP:C660980,st_struct_pedestal/91593,st_struct_pedestal/92664
ug_route/218986,OSP:BUSP:C708117,st_struct_pedestal/91991,building/68166
ug_route/218987,OSP:BUSP:C648577,st_struct_pedestal/91122,st_struct_pedestal/93703
ug_route/218988,OSP:BUSP:C665530,st_struct_pedestal/93569,st_struct_pedestal/94293
ug_route/218989,OSP:BUSP:C645558,st_struct_pedestal/92488,st_struct_pedestal/94103
ug_route/218990,OSP:BUSP:C647217,st_struct_pedestal/91893,st_struct_pedestal/94053
ug_route/218991,OSP:BUSP:C669066,st_struct_pedestal/92691,building/67227
ug_route/218992,OSP:BUSP:C646058,st_struct_pedestal/92613,st_struct_pedestal/94061
ug_route/218993,OSP:BUSP:C656893,st_struct_pedestal/91310,st_struct_pedestal/94196
ug_route/218994,OSP:BUSP:C653035,st_struct_pedestal/90692,building/67759
ug_route/219083,OSP:BUSP:C654594,st_struct_pedestal/91579,st_struct_pedestal/91864
ug_route/218995,OSP:BUSP:C641960,st_struct_pedestal/93593,building/68134
ug_route/218996,OSP:BUSP:C665579,st_struct_pedestal/93569,st_struct_pedestal/94293
ug_route/218997,OSP:BUSP:C648579,st_struct_pedestal/91122,st_struct_pedestal/93703
ug_route/218998,OSP:BUSP:C644697,st_struct_pedestal/91306,st_struct_pedestal/93460
ug_route/218999,OSP:BUSP:C659515,st_struct_pedestal/92403,st_struct_pedestal/91195
ug_route/219000,OSP:BUSP:C647632,mywcom_route_junction/27258,st_struct_pedestal/94281
ug_route/219001,OSP:BUSP:C641735,st_struct_pedestal/93511,st_struct_pedestal/91778
ug_route/219002,OSP:BUSP:C647221,st_struct_pedestal/91893,st_struct_pedestal/94053
ug_route/219003,OSP:BUSP:C641722,st_struct_pedestal/93511,st_struct_pedestal/91778
ug_route/219004,OSP:BUSP:C642113,st_struct_pedestal/91187,building/66757
ug_route/219005,OSP:BUSP:C654423,st_struct_pedestal/90878,st_struct_pedestal/93915
ug_route/219006,OSP:BUSP:C656717,st_struct_pedestal/91379,building/67715
ug_route/219007,OSP:BUSP:C642028,st_struct_pedestal/93740,building/66457
ug_route/219008,OSP:BUSP:C646066,st_struct_pedestal/92613,st_struct_pedestal/94061
ug_route/219009,OSP:BUSP:C656317,st_struct_pedestal/93435,st_struct_pedestal/93384
ug_route/219010,OSP:BUSP:C642230,st_struct_pedestal/94290,st_struct_pedestal/91318
ug_route/219011,OSP:BUSP:C661338,st_struct_pedestal/93457,mywcom_route_junction/27876
ug_route/219012,OSP:BUSP:C644713,st_struct_pedestal/91306,st_struct_pedestal/93460
ug_route/219013,OSP:BUSP:C654445,st_struct_pedestal/90878,st_struct_pedestal/93915
ug_route/219014,OSP:BUSP:C641464,st_struct_pedestal/94106,st_struct_pedestal/91415
ug_route/219015,OSP:BUSP:C640897,st_struct_pedestal/94175,st_struct_pedestal/92963
ug_route/219104,OSP:BUSP:C658151,st_struct_pedestal/90726,st_struct_pedestal/92071
ug_route/219016,OSP:BUSP:C708295,st_struct_pedestal/94036,st_struct_pedestal/93563
ug_route/219017,OSP:BUSP:C669543,st_struct_pedestal/91816,st_struct_pedestal/90719
ug_route/219018,OSP:BUSP:C643483,st_struct_pedestal/91844,st_struct_pedestal/92408
ug_route/219019,OSP:BUSP:C704993,st_struct_pedestal/94290,st_struct_pedestal/91318
ug_route/219020,OSP:BUSP:C640167,st_struct_pedestal/90764,st_struct_buried_splice_location/3878
ug_route/219021,OSP:BUSP:C669544,st_struct_pedestal/91816,st_struct_pedestal/90719
ug_route/219022,OSP:BUSP:C641284,st_struct_pedestal/90930,st_struct_pedestal/90927
ug_route/219023,OSP:BUSP:C670234,st_struct_pedestal/92960,st_struct_pedestal/94232
ug_route/219024,OSP:BUSP:C654446,st_struct_pedestal/90878,st_struct_pedestal/93915
ug_route/219025,OSP:BUSP:C641736,st_struct_pedestal/93272,st_struct_pedestal/92811
ug_route/219026,OSP:BUSP:C671005,st_struct_pedestal/92939,st_struct_buried_splice_location/3925
ug_route/219027,OSP:BUSP:C656669,st_struct_pedestal/91379,building/68472
ug_route/219028,OSP:BUSP:C654816,st_struct_pedestal/90558,building/68220
ug_route/219029,OSP:BUSP:C641851,st_struct_pedestal/93272,st_struct_pedestal/92811
ug_route/219030,OSP:BUSP:C641864,st_struct_pedestal/92555,st_struct_pedestal/90572
ug_route/219031,OSP:BUSP:C657436,st_struct_pedestal/92105,st_struct_pedestal/92270
ug_route/219032,OSP:BUSP:C683118,st_struct_pedestal/92212,st_struct_buried_splice_location/3886
ug_route/219033,OSP:BUSP:C661088,st_struct_pedestal/92669,building/67414
ug_route/219034,OSP:BUSP:C705057,st_struct_pedestal/92494,building/66821
ug_route/219035,OSP:BUSP:C681746,st_struct_pedestal/92363,building/67191
ug_route/219036,OSP:BUSP:C641861,st_struct_pedestal/92555,st_struct_pedestal/90572
ug_route/219037,OSP:BUSP:C649175,st_struct_pedestal/93279,st_struct_pedestal/91589
ug_route/219038,OSP:BUSP:C657439,st_struct_pedestal/92105,st_struct_pedestal/92270
ug_route/219039,OSP:BUSP::7622215,st_struct_pedestal/90720,building/68301
ug_route/219040,OSP:BUSP:C656665,st_struct_pedestal/92519,st_struct_pedestal/91301
ug_route/219041,OSP:BUSP:C657574,st_struct_pedestal/92992,st_struct_pedestal/91640
ug_route/219042,OSP:BUSP::7611823,st_struct_pedestal/91111,st_struct_pedestal/94332
ug_route/219043,OSP:BUSP:C656641,st_struct_pedestal/93453,building/66807
ug_route/219044,OSP:BUSP:C660772,st_struct_pedestal/90925,building/66374
ug_route/219045,OSP:BUSP:C639021,st_struct_pedestal/90781,st_struct_pedestal/91304
ug_route/219046,OSP:BUSP:C656296,st_struct_pedestal/90696,building/68617
ug_route/219047,OSP:BUSP:C648365,st_struct_pedestal/93684,st_struct_pedestal/90763
ug_route/219048,OSP:BUSP:C639460,st_struct_pedestal/90849,st_struct_pedestal/93603
ug_route/219049,OSP:BUSP:C656876,st_struct_pedestal/92372,building/67456
ug_route/219050,OSP:BUSP:C656668,st_struct_pedestal/92519,st_struct_pedestal/91379
ug_route/219051,OSP:BUSP:C657569,st_struct_pedestal/93081,st_struct_pedestal/92949
ug_route/219052,OSP:BUSP:C657552,st_struct_pedestal/93081,st_struct_pedestal/92949
ug_route/219053,OSP:BUSP::8365273,cabinet/2854,st_struct_pedestal/93042
ug_route/219054,OSP:BUSP:C639465,st_struct_pedestal/90849,st_struct_pedestal/93603
ug_route/219055,OSP:BUSP:C659691,st_struct_pedestal/93582,st_struct_pedestal/91782
ug_route/219056,OSP:BUSP:C668474,st_struct_pedestal/93066,st_struct_pedestal/93077
ug_route/219057,OSP:BUSP:C657571,st_struct_pedestal/93081,st_struct_pedestal/92949
ug_route/219058,OSP:BUSP:C645282,st_struct_pedestal/92053,st_struct_pedestal/91139
ug_route/219059,OSP:BUSP:C655175,st_struct_pedestal/93512,st_struct_pedestal/94127
ug_route/219060,OSP:BUSP:C639038,st_struct_pedestal/90781,st_struct_pedestal/91304
ug_route/219061,OSP:BUSP::8683348,st_struct_pedestal/94190,building/67613
ug_route/219062,OSP:BUSP:C662531,st_struct_pedestal/93550,st_struct_pedestal/94328
ug_route/219063,OSP:BUSP:C642298,st_struct_pedestal/93993,st_struct_pedestal/93472
ug_route/219064,OSP:BUSP:C651117,st_struct_pedestal/90691,building/67498
ug_route/219065,OSP:BUSP:C655179,st_struct_pedestal/93512,st_struct_pedestal/94127
ug_route/219066,OSP:BUSP:C666084,st_struct_pedestal/93140,building/68255
ug_route/219067,OSP:BUSP:C642331,st_struct_pedestal/93993,st_struct_pedestal/93472
ug_route/219068,OSP:BUSP:C662527,st_struct_pedestal/93550,st_struct_pedestal/94328
ug_route/219069,OSP:BUSP:C659699,st_struct_pedestal/93582,st_struct_pedestal/91782
ug_route/219070,OSP:BUSP:C671047,st_struct_pedestal/94023,st_struct_pedestal/92156
ug_route/219071,OSP:BUSP:C645993,st_struct_pedestal/94311,building/67628
ug_route/219072,OSP:BUSP:C706018,st_struct_pedestal/92797,st_struct_pedestal/93918
ug_route/219073,OSP:BUSP:C660106,st_struct_pedestal/93129,st_struct_pedestal/90957
ug_route/219074,OSP:BUSP:C706594,st_struct_buried_splice_location/3859,st_struct_pedestal/93793
ug_route/219075,OSP:BUSP:C706031,st_struct_pedestal/92797,st_struct_pedestal/93918
ug_route/219076,OSP:BUSP::17101124,st_struct_pedestal/93146,st_struct_pedestal/91466
ug_route/219077,OSP:BUSP:C664881,st_struct_pedestal/90873,building/66622
ug_route/219078,OSP:BUSP:C660107,st_struct_pedestal/93129,st_struct_pedestal/90957
ug_route/219079,OSP:BUSP:C706036,st_struct_pedestal/92797,st_struct_pedestal/93918
ug_route/219080,OSP:BUSP:C660000,st_struct_pedestal/93324,st_struct_pedestal/90834
ug_route/219081,OSP:BUSP:C660550,st_struct_pedestal/94317,building/67704
ug_route/219082,OSP:BUSP:C652956,st_struct_pedestal/93678,st_struct_pedestal/90692
ug_route/219084,OSP:BUSP:C682179,st_struct_pedestal/92230,st_struct_pedestal/93378
ug_route/219085,OSP:BUSP:C656442,st_struct_pedestal/92890,st_struct_pedestal/90584
ug_route/219086,OSP:BUSP:C657454,st_struct_pedestal/93427,st_struct_pedestal/91261
ug_route/219087,OSP:BUSP:C652969,st_struct_pedestal/93678,st_struct_pedestal/90692
ug_route/219088,OSP:BUSP:C650531,st_struct_pedestal/90577,building/66318
ug_route/219089,OSP:BUSP:C653828,st_struct_pedestal/92218,st_struct_pedestal/92109
ug_route/219090,OSP:BUSP:C648995,st_struct_buried_splice_location/3866,st_struct_pedestal/91416
ug_route/219091,OSP:BUSP:C646468,st_struct_pedestal/92993,st_struct_pedestal/92739
ug_route/219092,OSP:BUSP:C709253,pole/52572,st_struct_pedestal/90986
ug_route/219093,OSP:BUSP:C653623,st_struct_pedestal/93390,building/66543
ug_route/219094,OSP:BUSP:C656046,st_struct_pedestal/91314,st_struct_pedestal/92060
ug_route/219095,OSP:BUSP:C643947,st_struct_pedestal/91584,building/67626
ug_route/219096,OSP:BUSP::12034975,st_struct_buried_splice_location/3861,st_struct_pedestal/93016
ug_route/219097,OSP:BUSP:C657991,st_struct_pedestal/92790,st_struct_pedestal/91827
ug_route/219098,OSP:BUSP:C656427,st_struct_pedestal/92890,st_struct_pedestal/90584
ug_route/219099,OSP:BUSP:C666953,st_struct_pedestal/90726,st_struct_pedestal/92071
ug_route/219100,OSP:BUSP:C656708,st_struct_pedestal/91379,building/67061
ug_route/219101,OSP:BUSP:C656206,st_struct_pedestal/93513,st_struct_pedestal/90958
ug_route/219102,OSP:BUSP:C646526,st_struct_pedestal/92993,st_struct_pedestal/92739
ug_route/219103,OSP:BUSP:C670382,st_struct_pedestal/92250,building/67896
ug_route/219105,OSP:BUSP:C653690,st_struct_pedestal/92499,building/66727
ug_route/219106,OSP:BUSP:C659889,st_struct_pedestal/91008,building/68841
ug_route/219107,OSP:BUSP:C653158,st_struct_pedestal/93552,st_struct_pedestal/90621
ug_route/219108,OSP:BUSP:C639163,st_struct_pedestal/92612,st_struct_pedestal/91419
ug_route/219109,OSP:BUSP:C660070,st_struct_pedestal/93099,st_struct_pedestal/92799
ug_route/219110,OSP:BUSP:C655146,st_struct_pedestal/92216,st_struct_pedestal/90658
ug_route/219111,OSP:BUSP:C647253,st_struct_pedestal/94137,building/66395
ug_route/219112,OSP:BUSP:C640874,mywcom_route_junction/28170,mywcom_route_junction/27488
ug_route/219113,OSP:BUSP:C639171,st_struct_pedestal/92612,st_struct_pedestal/91419
ug_route/219114,OSP:BUSP:C651352,st_struct_pedestal/92577,st_struct_pedestal/92364
ug_route/219115,OSP:BUSP:C658419,st_struct_pedestal/92655,st_struct_pedestal/91185
ug_route/219116,OSP:BUSP:C650344,st_struct_pedestal/92744,st_struct_pedestal/91907
ug_route/219117,OSP:BUSP:C645746,st_struct_pedestal/92240,st_struct_pedestal/94164
ug_route/219118,OSP:BUSP:C653160,st_struct_pedestal/93552,st_struct_pedestal/90621
ug_route/219119,OSP:BUSP:C641350,st_struct_pedestal/91155,building/67407
ug_route/219120,OSP:BUSP:C656521,st_struct_pedestal/92606,building/68816
ug_route/219121,OSP:BUSP:C666062,st_struct_pedestal/91269,building/66163
ug_route/219122,OSP:BUSP:C670725,st_struct_pedestal/93245,st_struct_pedestal/92267
ug_route/219123,OSP:BUSP:C641582,st_struct_pedestal/90936,st_struct_pedestal/94072
ug_route/219124,OSP:BUSP:C639148,st_struct_pedestal/90828,st_struct_pedestal/91320
ug_route/219125,OSP:BUSP:C628255,st_struct_pedestal/94344,building/68507
ug_route/219126,OSP:BUSP:C682008,st_struct_pedestal/91808,building/66579
ug_route/219127,OSP:BUSP:C641889,st_struct_pedestal/92538,st_struct_pedestal/92797
ug_route/219128,OSP:BUSP:C705997,st_struct_pedestal/90936,st_struct_pedestal/94072
ug_route/219129,OSP:BUSP:C639151,st_struct_pedestal/90828,st_struct_pedestal/91320
ug_route/219130,OSP:BUSP:C653476,st_struct_pedestal/93015,building/66247
ug_route/219131,OSP:BUSP:C665509,st_struct_pedestal/91070,st_struct_pedestal/93705
ug_route/219132,OSP:BUSP:C668051,st_struct_pedestal/90949,building/67508
ug_route/219133,OSP:BUSP:C658549,st_struct_pedestal/93950,building/67548
ug_route/219134,OSP:BUSP:C641599,st_struct_pedestal/92538,st_struct_pedestal/92797
ug_route/219135,OSP:BUSP:C705607,st_struct_pedestal/93374,st_struct_pedestal/91695
ug_route/219136,OSP:BUSP:C670364,st_struct_pedestal/93242,st_struct_pedestal/94179
ug_route/219137,OSP:BUSP:C642313,st_struct_pedestal/93472,st_struct_pedestal/91979
ug_route/219138,OSP:BUSP:C653563,st_struct_pedestal/93975,st_struct_pedestal/92835
ug_route/219139,OSP:BUSP:C646669,st_struct_pedestal/92070,building/67798
ug_route/219140,OSP:BUSP:C660982,st_struct_pedestal/92664,building/66705
ug_route/219141,OSP:BUSP:C642334,st_struct_pedestal/93472,st_struct_pedestal/91979
ug_route/219142,OSP:BUSP:C642239,st_struct_pedestal/91957,st_struct_pedestal/91309
ug_route/219143,OSP:BUSP:C648084,st_struct_pedestal/93213,st_struct_pedestal/92263
ug_route/219144,OSP:BUSP:C707577,st_struct_pedestal/94288,st_struct_pedestal/91795
ug_route/219145,OSP:BUSP:C665725,st_struct_pedestal/92497,building/68833
ug_route/219146,OSP:BUSP:C645815,st_struct_pedestal/92155,st_struct_pedestal/91779
ug_route/219147,OSP:BUSP:C639704,st_struct_pedestal/93316,st_struct_pedestal/92961
ug_route/219148,OSP:BUSP:C644105,st_struct_pedestal/92453,building/68812
ug_route/219149,OSP:BUSP::8728144,st_struct_pedestal/91094,pole/53109
ug_route/219150,OSP:BUSP:C705608,st_struct_pedestal/93374,st_struct_pedestal/91695
ug_route/219151,OSP:BUSP:C666888,st_struct_pedestal/92742,building/67073
ug_route/219152,OSP:BUSP:C648972,st_struct_pedestal/90719,building/68030
ug_route/219153,OSP:BUSP:C659274,st_struct_pedestal/94027,st_struct_pedestal/93735
ug_route/219154,OSP:BUSP:C662245,st_struct_pedestal/93087,st_struct_pedestal/91058
ug_route/219155,OSP:BUSP:C705048,st_struct_pedestal/91207,st_struct_pedestal/92494
ug_route/219156,OSP:BUSP:C651127,st_struct_pedestal/94056,st_struct_pedestal/93662
ug_route/219157,OSP:BUSP:C665618,st_struct_pedestal/91230,building/66641
ug_route/219158,OSP:BUSP:C660122,st_struct_pedestal/92743,st_struct_pedestal/92198
ug_route/219159,OSP:BUSP:C705052,st_struct_pedestal/91207,st_struct_pedestal/92494
ug_route/219160,OSP:BUSP:C660125,st_struct_pedestal/92198,st_struct_pedestal/91578
ug_route/219161,OSP:BUSP:C654838,st_struct_pedestal/93321,building/67675
ug_route/219162,OSP:BUSP:C666053,st_struct_pedestal/93140,st_struct_pedestal/90852
ug_route/219163,OSP:BUSP:C665806,st_struct_pedestal/94328,st_struct_pedestal/92317
ug_route/219164,OSP:BUSP:C671031,st_struct_pedestal/90998,st_struct_pedestal/90969
ug_route/219165,OSP:BUSP:C651192,st_struct_pedestal/94056,st_struct_pedestal/93662
ug_route/219166,OSP:BUSP:C681274,st_struct_pedestal/91784,st_struct_pedestal/91721
ug_route/219167,OSP:BUSP:C659998,st_struct_pedestal/90575,st_struct_pedestal/93324
ug_route/219168,OSP:BUSP:C660134,st_struct_pedestal/92198,st_struct_pedestal/91578
ug_route/219169,OSP:BUSP:C681343,st_struct_pedestal/91445,mywcom_route_junction/28032
ug_route/219170,OSP:BUSP:C640401,st_struct_pedestal/94028,building/66871
ug_route/219171,OSP:BUSP:C671103,st_struct_pedestal/91567,st_struct_pedestal/90650
ug_route/219172,OSP:BUSP:C641383,st_struct_pedestal/92772,building/67695
ug_route/219173,OSP:BUSP:C681318,st_struct_pedestal/91445,st_struct_pedestal/92110
ug_route/219174,OSP:BUSP:C656898,st_struct_pedestal/91310,st_struct_pedestal/93675
ug_route/219175,OSP:BUSP:C659624,st_struct_pedestal/90591,st_struct_pedestal/92482
ug_route/219176,OSP:BUSP:C658205,st_struct_pedestal/93347,st_struct_pedestal/93772
ug_route/219177,OSP:BUSP:C655177,st_struct_pedestal/93251,st_struct_pedestal/94085
ug_route/219178,OSP:BUSP:C658019,st_struct_pedestal/92833,st_struct_pedestal/94330
ug_route/219179,OSP:BUSP:C654618,st_struct_pedestal/94134,st_struct_pedestal/94130
ug_route/219180,OSP:BUSP:C650639,st_struct_pedestal/92740,building/68085
ug_route/219181,OSP:BUSP:C656764,st_struct_pedestal/91773,building/68776
ug_route/219182,OSP:BUSP:C645256,st_struct_pedestal/92383,st_struct_pedestal/91095
ug_route/219183,OSP:BUSP:C657687,st_struct_pedestal/92491,st_struct_pedestal/93440
ug_route/219184,OSP:BUSP:C656405,st_struct_pedestal/93668,st_struct_pedestal/91459
ug_route/219185,OSP:BUSP:C640911,st_struct_pedestal/94068,st_struct_pedestal/91126
ug_route/219186,OSP:BUSP:C708127,st_struct_pedestal/93012,st_struct_buried_splice_location/3868
ug_route/219187,OSP:BUSP:C653012,st_struct_pedestal/92036,st_struct_pedestal/92434
ug_route/219188,OSP:BUSP:C656948,st_struct_pedestal/91310,st_struct_pedestal/93675
ug_route/219189,OSP:BUSP:C656998,st_struct_pedestal/90825,building/67178
ug_route/219190,OSP:BUSP:C648824,st_struct_pedestal/93981,building/68315
ug_route/219191,OSP:BUSP:C645265,st_struct_pedestal/92383,st_struct_pedestal/91095
ug_route/219192,OSP:BUSP:C641750,st_struct_pedestal/91778,st_struct_pedestal/90946
ug_route/219193,OSP:BUSP:C707787,st_struct_pedestal/92989,st_struct_pedestal/94231
ug_route/219464,OSP:BUSP:C649721,st_struct_pedestal/91308,building/66288
ug_route/219194,OSP:BUSP:C661014,st_struct_pedestal/93098,st_struct_pedestal/93459
ug_route/219195,OSP:BUSP:C655319,st_struct_pedestal/92957,st_struct_pedestal/93380
ug_route/219196,OSP:BUSP:C655360,st_struct_pedestal/92328,st_struct_pedestal/91143
ug_route/219197,OSP:BUSP:C656132,st_struct_pedestal/90877,st_struct_pedestal/91645
ug_route/219198,OSP:BUSP:C668142,st_struct_pedestal/92062,st_struct_pedestal/91919
ug_route/219199,OSP:BUSP:C659235,st_struct_pedestal/93773,st_struct_pedestal/93092
ug_route/219200,OSP:BUSP:C707786,st_struct_pedestal/92989,st_struct_pedestal/94231
ug_route/219201,OSP:BUSP:C641757,st_struct_pedestal/91778,st_struct_pedestal/90946
ug_route/219202,OSP:BUSP:C640165,st_struct_pedestal/90764,building/66174
ug_route/219203,OSP:BUSP:C655352,st_struct_pedestal/92957,st_struct_pedestal/93380
ug_route/219204,OSP:BUSP:C669949,st_struct_pedestal/92583,building/67662
ug_route/219205,OSP:BUSP:C670380,st_struct_pedestal/93242,st_struct_pedestal/94179
ug_route/219206,OSP:BUSP::13453072,mywcom_route_junction/27756,mywcom_route_junction/27146
ug_route/219207,OSP:BUSP:C642273,st_struct_pedestal/92030,st_struct_pedestal/90699
ug_route/219208,OSP:BUSP:C668152,st_struct_pedestal/92062,st_struct_pedestal/91919
ug_route/219209,OSP:BUSP:C640906,st_struct_pedestal/92963,st_struct_pedestal/94068
ug_route/219210,OSP:BUSP:C654621,st_struct_pedestal/92766,building/67602
ug_route/219211,OSP:BUSP:C637429,st_struct_pedestal/91899,st_struct_pedestal/90948
ug_route/219212,OSP:BUSP:C653157,st_struct_pedestal/93549,st_struct_pedestal/93552
ug_route/219213,OSP:BUSP::8336781,cabinet/2838,st_struct_pedestal/91184
ug_route/219214,OSP:BUSP:C665503,st_struct_pedestal/93734,building/68829
ug_route/219215,OSP:BUSP:C642285,st_struct_pedestal/92030,st_struct_pedestal/90699
ug_route/219216,OSP:BUSP:C668521,st_struct_pedestal/91386,st_struct_pedestal/91141
ug_route/219217,OSP:BUSP::15007308,mywcom_route_junction/27486,st_struct_pedestal/91949
ug_route/219218,OSP:BUSP:C708175,st_struct_pedestal/91890,st_struct_pedestal/92366
ug_route/219219,OSP:BUSP:C651029,st_struct_pedestal/93944,building/67761
ug_route/219220,OSP:BUSP:C683080,st_struct_pedestal/91929,building/66879
ug_route/219221,OSP:BUSP:C708249,st_struct_pedestal/91455,st_struct_pedestal/90753
ug_route/219222,OSP:BUSP:C653175,st_struct_pedestal/91357,st_struct_pedestal/93552
ug_route/219223,OSP:BUSP:C668154,st_struct_pedestal/92062,st_struct_pedestal/91919
ug_route/219224,OSP:BUSP:C662513,st_struct_pedestal/91523,st_struct_pedestal/93039
ug_route/219225,OSP:BUSP:C653176,st_struct_pedestal/91357,st_struct_pedestal/93552
ug_route/219226,OSP:BUSP:C658538,st_struct_pedestal/93395,st_struct_pedestal/93860
ug_route/219227,OSP:BUSP:C650642,st_struct_pedestal/93925,building/66594
ug_route/219228,OSP:BUSP:C660682,st_struct_pedestal/91326,st_struct_pedestal/94110
ug_route/219229,OSP:BUSP:C665582,st_struct_pedestal/93143,st_struct_pedestal/90836
ug_route/219230,OSP:BUSP:C644416,st_struct_pedestal/91817,st_struct_pedestal/92300
ug_route/219231,OSP:BUSP:C653389,st_struct_pedestal/91891,mywcom_route_junction/27125
ug_route/219232,OSP:BUSP:C658506,st_struct_pedestal/91605,st_struct_pedestal/90922
ug_route/219233,OSP:BUSP:C655336,st_struct_pedestal/91052,st_struct_pedestal/91641
ug_route/219234,OSP:BUSP:C668984,st_struct_pedestal/91860,st_struct_pedestal/90568
ug_route/219235,OSP:BUSP:C658012,st_struct_pedestal/91463,building/68809
ug_route/219236,OSP:BUSP:C669012,st_struct_pedestal/91860,st_struct_pedestal/90568
ug_route/219237,OSP:BUSP:C641285,st_struct_pedestal/90864,building/67574
ug_route/219775,OSP:BUSP:C654817,st_struct_pedestal/90558,st_struct_pedestal/92216
ug_route/219238,OSP:BUSP:C669068,st_struct_pedestal/92691,building/66809
ug_route/219239,OSP:BUSP:C656365,st_struct_pedestal/93278,st_struct_pedestal/90694
ug_route/219240,OSP:BUSP:C653845,st_struct_pedestal/94034,st_struct_pedestal/90821
ug_route/219241,OSP:BUSP:C655365,st_struct_pedestal/94243,st_struct_pedestal/93319
ug_route/219242,OSP:BUSP:C639175,st_struct_pedestal/91419,st_struct_pedestal/93620
ug_route/219243,OSP:BUSP:C640952,st_struct_pedestal/93867,st_struct_pedestal/90564
ug_route/219244,OSP:BUSP:C656348,st_struct_pedestal/93278,st_struct_pedestal/90694
ug_route/219245,OSP:BUSP:C640914,st_struct_pedestal/91126,st_struct_pedestal/90687
ug_route/219246,OSP:BUSP:C655605,st_struct_pedestal/92959,st_struct_pedestal/92227
ug_route/219247,OSP:BUSP:C653816,st_struct_pedestal/94034,st_struct_pedestal/90821
ug_route/219248,OSP:BUSP:C651197,st_struct_pedestal/90691,st_struct_pedestal/91780
ug_route/219249,OSP:BUSP::8061899,st_struct_pedestal/92546,st_struct_pedestal/91741
ug_route/219250,OSP:BUSP:C681331,st_struct_buried_splice_location/3989,st_struct_buried_splice_location/3890
ug_route/219251,OSP:BUSP:C655376,st_struct_pedestal/94243,st_struct_pedestal/93319
ug_route/219252,OSP:BUSP:C645270,st_struct_pedestal/91095,building/67635
ug_route/219253,OSP:BUSP:C658920,st_struct_pedestal/90856,st_struct_pedestal/93323
ug_route/219254,OSP:BUSP:C653686,st_struct_pedestal/93943,building/66471
ug_route/219255,OSP:BUSP:C639199,st_struct_pedestal/91419,st_struct_pedestal/93620
ug_route/219256,OSP:BUSP:C655615,st_struct_pedestal/92959,st_struct_pedestal/92227
ug_route/219257,OSP:BUSP:C652697,st_struct_pedestal/92371,st_struct_pedestal/92886
ug_route/219258,OSP:BUSP:C645937,st_struct_pedestal/91893,building/67973
ug_route/219259,OSP:BUSP:C668156,st_struct_pedestal/92062,st_struct_pedestal/91919
ug_route/219260,OSP:BUSP:C656678,st_struct_pedestal/92104,st_struct_pedestal/92559
ug_route/219261,OSP:BUSP:C705587,st_struct_pedestal/91988,st_struct_pedestal/92767
ug_route/219262,OSP:BUSP:C653015,st_struct_pedestal/92434,building/66960
ug_route/219263,OSP:BUSP:C658017,st_struct_pedestal/92840,st_struct_pedestal/91463
ug_route/219264,OSP:BUSP:C642317,st_struct_pedestal/91979,st_struct_pedestal/91528
ug_route/219265,OSP:BUSP:C651130,st_struct_pedestal/90886,st_struct_pedestal/92653
ug_route/219266,OSP:BUSP:C642335,st_struct_pedestal/91979,st_struct_pedestal/91528
ug_route/219267,OSP:BUSP:C641349,st_struct_pedestal/90779,st_struct_pedestal/91023
ug_route/219268,OSP:BUSP:C671986,st_struct_pedestal/90765,st_struct_pedestal/93992
ug_route/219269,OSP:BUSP:C652715,st_struct_pedestal/92371,st_struct_pedestal/92886
ug_route/219270,OSP:BUSP:C651196,st_struct_pedestal/90886,st_struct_pedestal/92653
ug_route/219271,OSP:BUSP:C648920,st_struct_pedestal/92495,st_struct_pedestal/93237
ug_route/219272,OSP:BUSP:C647363,st_struct_pedestal/92495,st_struct_pedestal/93237
ug_route/219273,OSP:BUSP:C640226,st_struct_pedestal/90818,st_struct_pedestal/92378
ug_route/219274,OSP:BUSP:C657020,st_struct_pedestal/93110,st_struct_pedestal/92699
ug_route/219275,OSP:BUSP:C660882,st_struct_pedestal/93784,st_struct_pedestal/90893
ug_route/219276,OSP:BUSP:C668292,st_struct_pedestal/91832,building/67333
ug_route/219277,OSP:BUSP:C670287,st_struct_pedestal/92250,st_struct_pedestal/91769
ug_route/219278,OSP:BUSP:C650096,st_struct_pedestal/94237,st_struct_pedestal/90732
ug_route/219512,OSP:BUSP:C665713,st_struct_pedestal/91071,building/67721
ug_route/219279,OSP:BUSP:C670479,st_struct_pedestal/93801,st_struct_pedestal/92213
ug_route/219280,OSP:BUSP:C639707,st_struct_pedestal/92961,st_struct_pedestal/92163
ug_route/219281,OSP:BUSP:C639306,st_struct_pedestal/93609,st_struct_pedestal/93663
ug_route/219282,OSP:BUSP:C641439,st_struct_pedestal/90690,st_struct_pedestal/94035
ug_route/219283,OSP:BUSP:C662321,st_struct_pedestal/93809,st_struct_pedestal/92628
ug_route/219284,OSP:BUSP:C658827,st_struct_pedestal/94230,building/68769
ug_route/219285,OSP:BUSP:C652061,st_struct_pedestal/93906,st_struct_pedestal/91859
ug_route/219286,OSP:BUSP:C646513,st_struct_pedestal/91608,st_struct_pedestal/92166
ug_route/219287,OSP:BUSP:C657945,st_struct_pedestal/92285,st_struct_pedestal/91936
ug_route/219288,OSP:BUSP:C647685,st_struct_pedestal/91204,st_struct_pedestal/91010
ug_route/219289,OSP:BUSP:C646422,st_struct_pedestal/91608,st_struct_pedestal/92166
ug_route/219290,OSP:BUSP:C648756,st_struct_pedestal/91420,st_struct_pedestal/92523
ug_route/219291,OSP:BUSP:C647323,st_struct_pedestal/90954,st_struct_pedestal/91068
ug_route/219292,OSP:BUSP:C665664,st_struct_pedestal/94253,st_struct_pedestal/93444
ug_route/219293,OSP:BUSP:C653192,st_struct_pedestal/93599,st_struct_pedestal/93940
ug_route/219294,OSP:BUSP:C659049,st_struct_pedestal/94124,building/66812
ug_route/219295,OSP:BUSP:C648802,st_struct_pedestal/91420,st_struct_pedestal/92523
ug_route/219296,OSP:BUSP:C682177,st_struct_pedestal/92230,building/66388
ug_route/219297,OSP:BUSP:C665642,st_struct_pedestal/94253,st_struct_pedestal/93444
ug_route/219298,OSP:BUSP:C649013,st_struct_pedestal/91608,st_struct_pedestal/92166
ug_route/219299,OSP:BUSP:C660179,st_struct_pedestal/92850,st_struct_pedestal/91533
ug_route/219300,OSP:BUSP:C661075,mywcom_route_junction/27804,mywcom_route_junction/27675
ug_route/219301,OSP:BUSP:C646609,st_struct_pedestal/91863,st_struct_pedestal/92605
ug_route/219302,OSP:BUSP:C653078,st_struct_pedestal/94070,building/68247
ug_route/219303,OSP:BUSP:C665666,st_struct_pedestal/94253,st_struct_pedestal/93444
ug_route/219304,OSP:BUSP:C653666,st_struct_pedestal/94236,st_struct_pedestal/93943
ug_route/219305,OSP:BUSP:C682287,st_struct_pedestal/91351,st_struct_pedestal/92939
ug_route/219306,OSP:BUSP:C659622,st_struct_pedestal/92317,st_struct_pedestal/91568
ug_route/219307,OSP:BUSP:C653480,st_struct_pedestal/93015,st_struct_pedestal/91298
ug_route/219308,OSP:BUSP:C657715,st_struct_pedestal/90937,st_struct_pedestal/92836
ug_route/219309,OSP:BUSP:C653667,st_struct_pedestal/94236,st_struct_pedestal/93943
ug_route/219310,OSP:BUSP:C660184,st_struct_pedestal/92850,st_struct_pedestal/91533
ug_route/219311,OSP:BUSP:C661077,st_struct_pedestal/93629,st_struct_pedestal/91150
ug_route/219312,OSP:BUSP:C642069,st_struct_pedestal/93272,st_struct_pedestal/93627
ug_route/219313,OSP:BUSP:C668469,st_struct_pedestal/93066,building/67968
ug_route/219314,OSP:BUSP::12613064,mywcom_route_junction/27450,mywcom_route_junction/27725
ug_route/219315,OSP:BUSP:C645920,st_struct_pedestal/93151,st_struct_pedestal/92727
ug_route/219316,OSP:BUSP:C650484,st_struct_pedestal/92627,st_struct_pedestal/90955
ug_route/219317,OSP:BUSP:C657902,st_struct_pedestal/92285,st_struct_pedestal/91936
ug_route/219318,OSP:BUSP:C651962,st_struct_pedestal/93906,st_struct_pedestal/91274
ug_route/219319,OSP:BUSP:C649718,st_struct_pedestal/94237,st_struct_pedestal/91308
ug_route/219320,OSP:BUSP:C657733,st_struct_pedestal/90937,st_struct_pedestal/92836
ug_route/219343,OSP:BUSP:C660194,st_struct_pedestal/92544,st_struct_pedestal/92986
ug_route/219321,OSP:BUSP:C645956,st_struct_pedestal/93151,st_struct_pedestal/92727
ug_route/219322,OSP:BUSP:C650489,st_struct_pedestal/92627,st_struct_pedestal/90955
ug_route/219323,OSP:BUSP:C654774,st_struct_pedestal/91414,building/66844
ug_route/219324,OSP:BUSP:C639441,st_struct_pedestal/93095,st_struct_pedestal/93441
ug_route/219325,OSP:BUSP:C657941,st_struct_pedestal/92285,st_struct_pedestal/91936
ug_route/219326,OSP:BUSP:C643928,st_struct_pedestal/92369,building/66468
ug_route/219327,OSP:BUSP:C639445,st_struct_pedestal/93095,st_struct_pedestal/93441
ug_route/219328,OSP:BUSP::10613629,st_struct_pedestal/90997,st_struct_pedestal/93236
ug_route/219329,OSP:BUSP:C654575,st_struct_pedestal/90878,st_struct_pedestal/91514
ug_route/219330,OSP:BUSP:C658936,st_struct_pedestal/91008,st_struct_pedestal/92656
ug_route/219331,OSP:BUSP:C640328,st_struct_pedestal/93547,st_struct_pedestal/92070
ug_route/219332,OSP:BUSP:C648551,st_struct_pedestal/94062,st_struct_pedestal/94320
ug_route/219333,OSP:BUSP:C643087,st_struct_buried_splice_location/3971,st_struct_buried_splice_location/3919
ug_route/219334,OSP:BUSP:C648556,st_struct_pedestal/94062,st_struct_pedestal/94320
ug_route/219335,OSP:BUSP:C648820,st_struct_pedestal/91420,building/68203
ug_route/219336,OSP:BUSP:C646677,st_struct_pedestal/93547,st_struct_pedestal/92070
ug_route/219337,OSP:BUSP:C641310,st_struct_pedestal/93757,st_struct_pedestal/92598
ug_route/219338,OSP:BUSP:C640280,st_struct_pedestal/92024,st_struct_pedestal/94024
ug_route/219339,OSP:BUSP:C660193,st_struct_pedestal/92544,st_struct_pedestal/92986
ug_route/219340,OSP:BUSP:C645849,st_struct_pedestal/93128,st_struct_pedestal/91639
ug_route/219341,OSP:BUSP:C645776,st_struct_pedestal/91530,st_struct_pedestal/94182
ug_route/219342,OSP:BUSP:C646187,st_struct_pedestal/90638,st_struct_pedestal/94033
ug_route/219344,OSP:BUSP:C640285,st_struct_pedestal/92024,st_struct_pedestal/94024
ug_route/219345,OSP:BUSP:C658578,st_struct_pedestal/91721,st_struct_pedestal/90565
ug_route/219346,OSP:BUSP:C706883,pole/54335,cabinet/2820
ug_route/219347,OSP:BUSP:C643699,st_struct_pedestal/92733,st_struct_pedestal/92029
ug_route/219348,OSP:BUSP:C656220,st_struct_pedestal/92773,building/68056
ug_route/219349,OSP:BUSP:C646220,st_struct_pedestal/90638,st_struct_pedestal/94033
ug_route/219350,OSP:BUSP:C683141,st_struct_buried_splice_location/3886,st_struct_pedestal/92448
ug_route/219351,OSP:BUSP:C681607,st_struct_pedestal/90775,st_struct_pedestal/92337
ug_route/219352,OSP:BUSP::8348933,st_struct_pedestal/91707,mywcom_route_junction/27274
ug_route/219353,OSP:BUSP:C668162,st_struct_pedestal/92062,st_struct_pedestal/92111
ug_route/219354,OSP:BUSP:C643071,st_struct_buried_splice_location/3923,st_struct_buried_splice_location/3960
ug_route/219355,OSP:BUSP:C659779,st_struct_buried_splice_location/3884,st_struct_pedestal/91344
ug_route/219356,OSP:BUSP:C643722,st_struct_pedestal/92733,st_struct_pedestal/92029
ug_route/219357,OSP:BUSP:C666763,st_struct_buried_splice_location/3930,st_struct_pedestal/92850
ug_route/219358,OSP:BUSP:C641581,st_struct_pedestal/93318,st_struct_pedestal/90936
ug_route/219359,OSP:BUSP:C658236,st_struct_pedestal/90947,st_struct_pedestal/93628
ug_route/219360,OSP:BUSP:C708158,st_struct_pedestal/91392,mywcom_route_junction/28166
ug_route/219361,OSP:BUSP:C654889,mywcom_route_junction/27957,mywcom_route_junction/27814
ug_route/219513,OSP:BUSP:C665873,st_struct_pedestal/91954,st_struct_pedestal/93861
ug_route/219362,OSP:BUSP:C640235,st_struct_pedestal/90818,st_struct_pedestal/92378
ug_route/219363,OSP:BUSP:C705996,st_struct_pedestal/93318,st_struct_pedestal/90936
ug_route/219364,OSP:BUSP:C656777,st_struct_pedestal/92316,st_struct_pedestal/92996
ug_route/219365,OSP:BUSP:C660572,st_struct_pedestal/90634,st_struct_pedestal/94093
ug_route/219366,OSP:BUSP:C661183,st_struct_pedestal/93385,st_struct_pedestal/92742
ug_route/219367,OSP:BUSP:C645979,st_struct_pedestal/92727,st_struct_pedestal/92480
ug_route/219368,OSP:BUSP:C654707,st_struct_pedestal/91972,st_struct_pedestal/93162
ug_route/219369,OSP:BUSP:C661197,st_struct_pedestal/93385,st_struct_pedestal/92742
ug_route/219370,OSP:BUSP:C710191,st_struct_pedestal/92425,st_struct_pedestal/93381
ug_route/219371,OSP:BUSP:C653669,st_struct_pedestal/93943,st_struct_pedestal/92499
ug_route/219372,OSP:BUSP:C645683,st_struct_pedestal/92481,st_struct_pedestal/93084
ug_route/219373,OSP:BUSP::7683755,mywcom_route_junction/27974,st_struct_pedestal/93066
ug_route/219374,OSP:BUSP:C668238,st_struct_pedestal/94253,st_struct_pedestal/91785
ug_route/219375,OSP:BUSP:C668031,st_struct_pedestal/94253,st_struct_pedestal/91785
ug_route/219376,OSP:BUSP:C640160,st_struct_pedestal/90695,st_struct_pedestal/90764
ug_route/219377,OSP:BUSP:C660109,st_struct_pedestal/90957,st_struct_pedestal/91565
ug_route/219378,OSP:BUSP:C653021,st_struct_pedestal/92022,building/68211
ug_route/219379,OSP:BUSP::16694731,mywcom_route_junction/27709,mywcom_route_junction/27359
ug_route/219380,OSP:BUSP:C660111,st_struct_pedestal/90957,st_struct_pedestal/91565
ug_route/219381,OSP:BUSP:C641452,st_struct_pedestal/92737,st_struct_pedestal/93719
ug_route/219382,OSP:BUSP:C654595,st_struct_pedestal/91864,st_struct_pedestal/93214
ug_route/219383,OSP:BUSP::16735348,mywcom_route_junction/27907,mywcom_route_junction/27191
ug_route/219406,OSP:BUSP:C651096,st_struct_pedestal/93275,building/66329
ug_route/219384,OSP:BUSP:C647331,st_struct_pedestal/91068,building/67831
ug_route/219385,OSP:BUSP:C641517,st_struct_pedestal/92737,st_struct_pedestal/93719
ug_route/219386,OSP:BUSP:C653674,st_struct_pedestal/93943,st_struct_pedestal/92499
ug_route/219387,OSP:BUSP:C641499,st_struct_pedestal/92737,st_struct_pedestal/93719
ug_route/219388,OSP:BUSP:C646952,st_struct_pedestal/91192,st_struct_pedestal/92875
ug_route/219389,OSP:BUSP:C656615,mywcom_route_junction/27263,mywcom_route_junction/27881
ug_route/219390,OSP:BUSP:C655783,st_struct_pedestal/90983,st_struct_pedestal/92987
ug_route/219391,OSP:BUSP:C651403,st_struct_pedestal/92364,building/67957
ug_route/219392,OSP:BUSP:C637442,st_struct_pedestal/92162,st_struct_pedestal/92160
ug_route/219393,OSP:BUSP:C655404,st_struct_pedestal/94052,building/68433
ug_route/219394,OSP:BUSP:C641372,st_struct_pedestal/90813,st_struct_pedestal/92787
ug_route/219395,OSP:BUSP:C707947,st_struct_pedestal/93340,st_struct_pedestal/93082
ug_route/219396,OSP:BUSP:C652778,st_struct_pedestal/93000,st_struct_pedestal/91357
ug_route/219397,OSP:BUSP:C640332,st_struct_pedestal/92070,st_struct_pedestal/92463
ug_route/219398,OSP:BUSP:C658437,st_struct_pedestal/91748,st_struct_pedestal/91923
ug_route/219399,OSP:BUSP:C651145,st_struct_pedestal/91576,st_struct_pedestal/90953
ug_route/219400,OSP:BUSP:C647293,st_struct_pedestal/92681,st_struct_pedestal/92495
ug_route/219401,OSP:BUSP:C641890,st_struct_pedestal/92681,st_struct_pedestal/92495
ug_route/219402,OSP:BUSP:C652818,st_struct_pedestal/92800,st_struct_pedestal/93513
ug_route/219403,OSP:BUSP:C642109,st_struct_pedestal/93726,st_struct_pedestal/90847
ug_route/219404,OSP:BUSP:C649891,st_struct_pedestal/92297,building/67982
ug_route/219405,OSP:BUSP:C708155,st_struct_buried_splice_location/3893,st_struct_pedestal/91410
ug_route/219407,OSP:BUSP:C652894,st_struct_pedestal/92800,st_struct_pedestal/93513
ug_route/219408,OSP:BUSP:C652897,st_struct_pedestal/92800,st_struct_pedestal/93513
ug_route/219409,OSP:BUSP:C642289,st_struct_pedestal/93726,st_struct_pedestal/90847
ug_route/219410,OSP:BUSP:C648956,st_struct_pedestal/90719,pole/54159
ug_route/219411,OSP:BUSP:C638803,st_struct_pedestal/94053,st_struct_pedestal/94188
ug_route/219412,OSP:BUSP:C657005,st_struct_pedestal/91002,st_struct_pedestal/90534
ug_route/219413,OSP:BUSP:C648971,st_struct_pedestal/90719,pole/54159
ug_route/219414,OSP:BUSP:C648821,st_struct_pedestal/91420,st_struct_pedestal/92904
ug_route/219415,OSP:BUSP:C648822,st_struct_pedestal/91420,st_struct_pedestal/92904
ug_route/219416,OSP:BUSP::11828724,mywcom_route_junction/27097,mywcom_route_junction/27212
ug_route/219417,OSP:BUSP:C705812,st_struct_pedestal/92282,mywcom_route_junction/28118
ug_route/219418,OSP:BUSP:C640607,st_struct_pedestal/92605,st_struct_pedestal/92837
ug_route/219419,OSP:BUSP:C641294,st_struct_pedestal/90927,st_struct_pedestal/93755
ug_route/219420,OSP:BUSP::7613892,st_struct_pedestal/94334,st_struct_pedestal/92262
ug_route/219421,OSP:BUSP:C640613,st_struct_pedestal/92605,st_struct_pedestal/92837
ug_route/219463,OSP:BUSP:C660169,st_struct_pedestal/90637,st_struct_pedestal/93276
ug_route/219422,OSP:BUSP:C651617,st_struct_buried_splice_location/3954,st_struct_pedestal/90691
ug_route/219423,OSP:BUSP:C655174,st_struct_pedestal/90574,building/68754
ug_route/219424,OSP:BUSP:C665720,st_struct_pedestal/91071,st_struct_pedestal/92497
ug_route/219425,OSP:BUSP:C651533,st_struct_buried_splice_location/3887,st_struct_pedestal/90691
ug_route/219426,OSP:BUSP:C641473,st_struct_pedestal/94246,st_struct_pedestal/93345
ug_route/219427,OSP:BUSP:C670519,st_struct_pedestal/90624,st_struct_pedestal/92156
ug_route/219428,OSP:BUSP:C641508,st_struct_pedestal/94246,st_struct_pedestal/93345
ug_route/219429,OSP:BUSP:C641522,st_struct_pedestal/94246,st_struct_pedestal/93345
ug_route/219430,OSP:BUSP:C660930,st_struct_pedestal/91140,st_struct_pedestal/92131
ug_route/219431,OSP:BUSP:C642175,st_struct_pedestal/92920,st_struct_pedestal/93941
ug_route/219432,OSP:BUSP:C644336,st_struct_pedestal/91977,st_struct_pedestal/92832
ug_route/219433,OSP:BUSP:C658937,st_struct_pedestal/92656,st_struct_pedestal/94319
ug_route/219434,OSP:BUSP:C660935,st_struct_pedestal/91140,st_struct_pedestal/92131
ug_route/219435,OSP:BUSP:C639447,st_struct_pedestal/93441,st_struct_pedestal/93314
ug_route/219436,OSP:BUSP:C642236,st_struct_pedestal/92920,st_struct_pedestal/93941
ug_route/219437,OSP:BUSP:C661128,st_struct_buried_splice_location/3950,st_struct_pedestal/91391
ug_route/219438,OSP:BUSP:C666762,st_struct_pedestal/93163,st_struct_buried_splice_location/3930
ug_route/219439,OSP:BUSP:C639453,st_struct_pedestal/93441,st_struct_pedestal/93314
ug_route/219440,OSP:BUSP:C645908,st_struct_pedestal/91959,st_struct_pedestal/93151
ug_route/219441,OSP:BUSP::11486956,mywcom_route_junction/27707,building/66482
ug_route/219442,OSP:BUSP:C708110,st_struct_pedestal/92242,st_struct_buried_splice_location/3935
ug_route/219443,OSP:BUSP:C651991,st_struct_pedestal/91648,st_struct_pedestal/91739
ug_route/219444,OSP:BUSP:C645953,st_struct_pedestal/91959,st_struct_pedestal/93151
ug_route/219445,OSP:BUSP:C641403,st_struct_pedestal/94021,st_struct_buried_splice_location/3895
ug_route/219446,OSP:BUSP:C646758,st_struct_buried_splice_location/3850,st_struct_pedestal/92228
ug_route/219447,OSP:BUSP:C641823,st_struct_pedestal/91062,building/68471
ug_route/219448,OSP:BUSP::8336780,mywcom_route_junction/27763,st_struct_pedestal/93004
ug_route/219449,OSP:BUSP:C682188,st_struct_pedestal/92230,st_struct_pedestal/90945
ug_route/219450,OSP:BUSP:C639137,st_struct_pedestal/92791,st_struct_pedestal/90828
ug_route/219451,OSP:BUSP:C642008,st_struct_pedestal/93740,building/68158
ug_route/219452,OSP:BUSP:C656940,st_struct_pedestal/92776,building/68422
ug_route/219453,OSP:BUSP:C682182,st_struct_pedestal/92230,st_struct_pedestal/90945
ug_route/219454,OSP:BUSP:C651997,st_struct_pedestal/92341,st_struct_pedestal/94118
ug_route/219455,OSP:BUSP:C639142,st_struct_pedestal/92791,st_struct_pedestal/90828
ug_route/219456,OSP:BUSP:C641496,st_struct_pedestal/91204,building/68174
ug_route/219457,OSP:BUSP:C668243,st_struct_pedestal/92391,st_struct_pedestal/93733
ug_route/219458,OSP:BUSP:C659655,mywcom_route_junction/27662,st_struct_pedestal/92617
ug_route/219459,OSP:BUSP:C668242,st_struct_pedestal/92391,st_struct_pedestal/93733
ug_route/219460,OSP:BUSP:C656995,st_struct_pedestal/93551,st_struct_pedestal/90825
ug_route/219461,OSP:BUSP:C658776,st_struct_pedestal/93782,st_struct_pedestal/92200
ug_route/219462,OSP:BUSP:C641602,st_struct_pedestal/94163,st_struct_pedestal/92489
ug_route/219465,OSP:BUSP:C640474,st_struct_pedestal/93388,st_struct_pedestal/92340
ug_route/219466,OSP:BUSP:C705835,st_struct_pedestal/93912,st_struct_pedestal/91816
ug_route/219467,OSP:BUSP:C640963,st_struct_pedestal/93867,st_struct_pedestal/93088
ug_route/219468,OSP:BUSP:C653481,st_struct_pedestal/91298,st_struct_pedestal/91241
ug_route/219469,OSP:BUSP:C657877,st_struct_pedestal/93987,st_struct_pedestal/94289
ug_route/219470,OSP:BUSP:C637420,st_struct_pedestal/93562,st_struct_pedestal/90826
ug_route/219471,OSP:BUSP:C640532,st_struct_pedestal/93388,st_struct_pedestal/92340
ug_route/219472,OSP:BUSP:C708157,st_struct_pedestal/93912,st_struct_pedestal/91816
ug_route/219473,OSP:BUSP:C710210,st_struct_pedestal/93912,st_struct_pedestal/91816
ug_route/219474,OSP:BUSP:C682170,st_struct_pedestal/92483,building/67762
ug_route/219475,OSP:BUSP:C665496,st_struct_pedestal/92742,st_struct_pedestal/93734
ug_route/219476,OSP:BUSP:C648111,st_struct_pedestal/93924,st_struct_pedestal/93391
ug_route/219477,OSP:BUSP:C660185,st_struct_pedestal/91533,building/67645
ug_route/219478,OSP:BUSP:C665499,st_struct_pedestal/92742,st_struct_pedestal/93734
ug_route/219479,OSP:BUSP:C648349,st_struct_pedestal/93684,st_struct_pedestal/92405
ug_route/219480,OSP:BUSP:C651022,st_struct_pedestal/90563,st_struct_pedestal/91650
ug_route/219481,OSP:BUSP:C651034,st_struct_pedestal/90563,st_struct_pedestal/91650
ug_route/219482,OSP:BUSP:C656873,st_struct_pedestal/91302,st_struct_pedestal/92372
ug_route/219483,OSP:BUSP:C706894,st_struct_pedestal/92461,st_struct_pedestal/94155
ug_route/219484,OSP:BUSP:C708140,st_struct_pedestal/92191,building/66445
ug_route/219485,OSP:BUSP:C649660,st_struct_pedestal/93684,st_struct_pedestal/92405
ug_route/219486,OSP:BUSP:C658773,st_struct_pedestal/92140,building/67991
ug_route/219487,OSP:BUSP:C661090,st_struct_pedestal/90834,st_struct_pedestal/92669
ug_route/219488,OSP:BUSP:C661086,st_struct_pedestal/90834,st_struct_pedestal/92669
ug_route/219489,OSP:BUSP:C660630,st_struct_pedestal/90873,st_struct_pedestal/94308
ug_route/219490,OSP:BUSP:C648063,st_struct_pedestal/93100,st_struct_pedestal/94310
ug_route/219491,OSP:BUSP:C651312,st_struct_buried_splice_location/3911,st_struct_pedestal/92392
ug_route/219492,OSP:BUSP:C657429,st_struct_pedestal/94191,building/67806
ug_route/219493,OSP:BUSP:C665693,st_struct_pedestal/91162,st_struct_pedestal/93816
ug_route/219494,OSP:BUSP:C665706,st_struct_pedestal/91162,st_struct_pedestal/93816
ug_route/219495,OSP:BUSP:C655178,st_struct_pedestal/94085,st_struct_pedestal/92671
ug_route/219496,OSP:BUSP:C669754,st_struct_pedestal/93047,st_struct_pedestal/91732
ug_route/219497,OSP:BUSP:C665708,st_struct_pedestal/91162,st_struct_pedestal/93816
ug_route/219498,OSP:BUSP:C669751,st_struct_pedestal/93047,st_struct_pedestal/91732
ug_route/219499,OSP:BUSP:C657928,st_struct_pedestal/91936,st_struct_buried_splice_location/3967
ug_route/219500,OSP:BUSP:C659629,st_struct_pedestal/92617,building/67410
ug_route/219501,OSP:BUSP:C655390,st_struct_pedestal/90727,st_struct_pedestal/92891
ug_route/219502,OSP:BUSP:C708412,st_struct_pedestal/92894,st_struct_pedestal/94229
ug_route/219503,OSP:BUSP:C643898,st_struct_pedestal/92439,st_struct_pedestal/91584
ug_route/219504,OSP:BUSP:C640945,st_struct_pedestal/90689,st_struct_pedestal/93867
ug_route/219505,OSP:BUSP:C660510,st_struct_pedestal/91782,st_struct_pedestal/92842
ug_route/219506,OSP:BUSP:C646473,st_struct_pedestal/92393,st_struct_pedestal/94333
ug_route/219507,OSP:BUSP:C655446,st_struct_pedestal/92296,st_struct_pedestal/93317
ug_route/219508,OSP:BUSP:C653020,st_struct_pedestal/92022,building/67495
ug_route/219509,OSP:BUSP:C646533,st_struct_pedestal/92393,st_struct_pedestal/94333
ug_route/219510,OSP:BUSP:C648564,st_struct_pedestal/91247,st_struct_pedestal/91122
ug_route/219511,OSP:BUSP:C641260,st_struct_pedestal/90816,st_struct_pedestal/94091
ug_route/219514,OSP:BUSP:C660534,st_struct_pedestal/91782,st_struct_pedestal/92842
ug_route/219515,OSP:BUSP:C682504,st_struct_pedestal/91035,st_struct_pedestal/92230
ug_route/219516,OSP:BUSP:C708083,st_struct_pedestal/94273,mywcom_route_junction/28204
ug_route/219517,OSP:BUSP:C648572,st_struct_pedestal/91247,st_struct_pedestal/91122
ug_route/219518,OSP:BUSP:C682176,st_struct_pedestal/91035,st_struct_pedestal/92230
ug_route/219519,OSP:BUSP:C657114,st_struct_pedestal/90942,st_struct_pedestal/91052
ug_route/219520,OSP:BUSP:C660540,st_struct_pedestal/91782,st_struct_pedestal/92842
ug_route/219521,OSP:BUSP:C656775,st_struct_pedestal/93559,st_struct_pedestal/92316
ug_route/219522,OSP:BUSP:C639017,st_struct_pedestal/92063,st_struct_pedestal/90781
ug_route/219523,OSP:BUSP:C651355,st_struct_pedestal/92364,st_struct_pedestal/94086
ug_route/219524,OSP:BUSP:C642245,st_struct_pedestal/91957,building/68510
ug_route/219525,OSP:BUSP:C639067,st_struct_pedestal/92063,st_struct_pedestal/90781
ug_route/219526,OSP:BUSP:C654784,st_struct_pedestal/91772,st_struct_pedestal/91315
ug_route/219527,OSP:BUSP:C658008,st_struct_pedestal/92840,st_struct_pedestal/91463
ug_route/219528,OSP:BUSP:C660842,st_struct_pedestal/93715,st_struct_pedestal/93498
ug_route/219529,OSP:BUSP:C654787,st_struct_pedestal/91772,st_struct_pedestal/91315
ug_route/219530,OSP:BUSP::7683701,st_struct_pedestal/91732,mywcom_route_junction/27513
ug_route/219531,OSP:BUSP:C656431,st_struct_pedestal/93433,st_struct_pedestal/92606
ug_route/219532,OSP:BUSP:C647421,st_struct_pedestal/91522,st_struct_pedestal/90909
ug_route/219533,OSP:BUSP:C670504,st_struct_pedestal/90712,st_struct_pedestal/91433
ug_route/219534,OSP:BUSP:C648256,st_struct_pedestal/92044,building/68525
ug_route/219535,OSP:BUSP:C642211,st_struct_pedestal/91957,building/66903
ug_route/219536,OSP:BUSP:C642874,st_struct_pedestal/92427,building/66896
ug_route/219537,OSP:BUSP:C656507,st_struct_pedestal/93433,st_struct_pedestal/92606
ug_route/219538,OSP:BUSP:C660660,st_struct_pedestal/90873,st_struct_pedestal/94308
ug_route/219539,OSP:BUSP:C665623,st_struct_pedestal/93942,st_struct_pedestal/90850
ug_route/219540,OSP:BUSP:C670648,st_struct_pedestal/92267,st_struct_pedestal/93229
ug_route/219541,OSP:BUSP:C642118,st_struct_pedestal/93882,st_struct_pedestal/90902
ug_route/219542,OSP:BUSP:C641093,st_struct_pedestal/91003,st_struct_pedestal/92228
ug_route/219543,OSP:BUSP:C667009,st_struct_pedestal/93628,mywcom_route_junction/27878
ug_route/219544,OSP:BUSP:C649309,st_struct_pedestal/94211,building/66528
ug_route/219545,OSP:BUSP:C641303,st_struct_pedestal/91849,st_struct_pedestal/93757
ug_route/219546,OSP:BUSP:C711902,st_struct_pedestal/94294,st_struct_pedestal/93105
ug_route/219547,OSP:BUSP:C647695,st_struct_pedestal/93458,building/66505
ug_route/219548,OSP:BUSP:C660100,st_struct_pedestal/93099,st_struct_pedestal/93163
ug_route/219549,OSP:BUSP:C637447,st_struct_pedestal/92160,building/67727
ug_route/219550,OSP:BUSP:C644147,st_struct_pedestal/93428,st_struct_pedestal/93966
ug_route/219551,OSP:BUSP:C660102,st_struct_pedestal/93099,st_struct_pedestal/93163
ug_route/219552,OSP:BUSP:C654917,st_struct_pedestal/93552,st_struct_pedestal/94129
ug_route/219553,OSP:BUSP:C654923,st_struct_pedestal/93552,st_struct_pedestal/94129
ug_route/219554,OSP:BUSP:C653488,st_struct_pedestal/91298,st_struct_pedestal/92922
ug_route/219555,OSP:BUSP:C671084,st_struct_pedestal/93945,building/68445
ug_route/219556,OSP:BUSP:C641754,st_struct_pedestal/91114,st_struct_pedestal/92872
ug_route/219557,OSP:BUSP:C656958,st_struct_pedestal/90925,st_struct_pedestal/94305
ug_route/219558,OSP:BUSP:C651967,st_struct_pedestal/91460,st_struct_pedestal/93976
ug_route/219559,OSP:BUSP:C654925,st_struct_pedestal/93552,st_struct_pedestal/94129
ug_route/219560,OSP:BUSP:C660979,st_struct_pedestal/93848,building/66578
ug_route/219561,OSP:BUSP:C641900,st_struct_pedestal/91114,st_struct_pedestal/92872
ug_route/219562,OSP:BUSP:C640980,st_struct_pedestal/92951,st_struct_pedestal/92310
ug_route/219563,OSP:BUSP:C666973,st_struct_pedestal/92366,building/66186
ug_route/219564,OSP:BUSP::12613054,mywcom_route_junction/28021,mywcom_route_junction/27719
ug_route/219565,OSP:BUSP:C654927,st_struct_pedestal/93552,st_struct_pedestal/94129
ug_route/219566,OSP:BUSP:C659831,st_struct_pedestal/91862,st_struct_pedestal/90604
ug_route/219567,OSP:BUSP:C660024,st_struct_pedestal/91862,st_struct_pedestal/90604
ug_route/219568,OSP:BUSP:C653789,st_struct_pedestal/93800,st_struct_pedestal/92098
ug_route/219569,OSP:BUSP:C659838,st_struct_pedestal/91862,st_struct_pedestal/90604
ug_route/219570,OSP:BUSP:C658089,st_struct_pedestal/91219,st_struct_pedestal/92374
ug_route/219571,OSP:BUSP:C650131,st_struct_pedestal/91638,st_struct_pedestal/93795
ug_route/219572,OSP:BUSP:C660036,st_struct_pedestal/91862,st_struct_pedestal/90604
ug_route/219573,OSP:BUSP:C682014,st_struct_pedestal/91808,st_struct_pedestal/92512
ug_route/219574,OSP:BUSP:C668517,st_struct_pedestal/91410,st_struct_pedestal/91386
ug_route/219575,OSP:BUSP:C647771,st_struct_pedestal/93804,st_struct_pedestal/90559
ug_route/219576,OSP:BUSP:C647329,st_struct_pedestal/90954,building/68024
ug_route/219577,OSP:BUSP:C641739,st_struct_pedestal/92811,st_struct_pedestal/91114
ug_route/219578,OSP:BUSP:C652064,st_struct_pedestal/91859,st_struct_pedestal/92876
ug_route/219579,OSP:BUSP:C653806,st_struct_pedestal/93800,st_struct_pedestal/92098
ug_route/219580,OSP:BUSP:C646463,st_struct_buried_splice_location/3857,st_struct_pedestal/93622
ug_route/219581,OSP:BUSP:C641877,st_struct_pedestal/92811,st_struct_pedestal/91114
ug_route/219582,OSP:BUSP:C670977,st_struct_pedestal/91392,st_struct_pedestal/91242
ug_route/219583,OSP:BUSP:C658759,st_struct_pedestal/92140,st_struct_pedestal/93782
ug_route/219584,OSP:BUSP:C668664,st_struct_pedestal/93125,building/66452
ug_route/219585,OSP:BUSP:C659627,st_struct_pedestal/91568,st_struct_pedestal/92617
ug_route/219586,OSP:BUSP:C640397,st_struct_pedestal/90695,st_struct_pedestal/94028
ug_route/219587,OSP:BUSP:C659853,st_struct_pedestal/90604,st_struct_pedestal/94253
ug_route/219588,OSP:BUSP:C704984,st_struct_pedestal/92750,st_struct_pedestal/91493
ug_route/219589,OSP:BUSP:C658775,st_struct_pedestal/92140,st_struct_pedestal/93782
ug_route/219590,OSP:BUSP:C648599,st_struct_pedestal/93227,building/66419
ug_route/219591,OSP:BUSP:C706775,st_struct_pedestal/94026,st_struct_pedestal/92773
ug_route/219592,OSP:BUSP:C641197,st_struct_pedestal/93312,st_struct_pedestal/93494
ug_route/219593,OSP:BUSP:C658238,st_struct_pedestal/90947,building/68082
ug_route/219594,OSP:BUSP:C659855,st_struct_pedestal/90604,st_struct_pedestal/94253
ug_route/219595,OSP:BUSP:C642253,st_struct_pedestal/91957,building/66323
ug_route/219596,OSP:BUSP:C707538,st_struct_pedestal/93588,st_struct_pedestal/91748
ug_route/219597,OSP:BUSP:C642110,st_struct_pedestal/90847,building/66954
ug_route/219598,OSP:BUSP:C683112,st_struct_pedestal/90761,st_struct_pedestal/92212
ug_route/219599,OSP:BUSP:C657994,st_struct_pedestal/94300,building/68176
ug_route/219600,OSP:BUSP::16532404,st_struct_pedestal/94002,st_struct_buried_splice_location/3875
ug_route/219601,OSP:BUSP:C639307,st_struct_pedestal/93663,building/66732
ug_route/219602,OSP:BUSP:C660950,st_struct_pedestal/91593,st_struct_pedestal/92665
ug_route/219603,OSP:BUSP:C648066,st_struct_pedestal/93794,building/68778
ug_route/219665,OSP:BUSP:C654581,st_struct_pedestal/91514,st_struct_pedestal/91579
ug_route/219604,OSP:BUSP::15712251,mywcom_route_junction/28000,st_struct_pedestal/94110
ug_route/219605,OSP:BUSP:C652706,st_struct_pedestal/92886,st_struct_pedestal/93374
ug_route/219606,OSP:BUSP:C660973,st_struct_pedestal/91593,st_struct_pedestal/92665
ug_route/219607,OSP:BUSP:C659843,st_struct_pedestal/90604,st_struct_pedestal/94253
ug_route/219608,OSP:BUSP:C641194,st_struct_pedestal/90822,st_struct_pedestal/91642
ug_route/219609,OSP:BUSP:C659847,st_struct_pedestal/90604,st_struct_pedestal/94253
ug_route/219610,OSP:BUSP:C646472,st_struct_pedestal/90573,st_struct_pedestal/92393
ug_route/219611,OSP:BUSP:C652719,st_struct_pedestal/92886,st_struct_pedestal/93374
ug_route/219612,OSP:BUSP:C642881,st_struct_pedestal/94228,building/67664
ug_route/219613,OSP:BUSP:C646530,st_struct_pedestal/90573,st_struct_pedestal/92393
ug_route/219614,OSP:BUSP:C682200,st_struct_pedestal/90590,st_struct_pedestal/91896
ug_route/219615,OSP:BUSP:C681747,st_struct_pedestal/91808,st_struct_pedestal/90791
ug_route/219616,OSP:BUSP:C642882,st_struct_pedestal/94228,building/67482
ug_route/219617,OSP:BUSP::10282431,st_struct_pedestal/92695,st_struct_pedestal/91367
ug_route/219618,OSP:BUSP:C681478,st_struct_pedestal/93393,building/66373
ug_route/219619,OSP:BUSP:C655323,st_struct_pedestal/93228,st_struct_pedestal/93157
ug_route/219620,OSP:BUSP:C643114,st_struct_buried_splice_location/3899,st_struct_pedestal/91483
ug_route/219621,OSP:BUSP:C641849,st_struct_pedestal/93913,st_struct_pedestal/92377
ug_route/219622,OSP:BUSP::12606688,st_struct_pedestal/94273,mywcom_route_junction/27457
ug_route/219623,OSP:BUSP:C661925,st_struct_pedestal/93770,st_struct_pedestal/90925
ug_route/219624,OSP:BUSP:C661927,st_struct_pedestal/93770,st_struct_pedestal/90925
ug_route/219625,OSP:BUSP:C641845,st_struct_pedestal/93913,st_struct_pedestal/92377
ug_route/219626,OSP:BUSP:C682007,st_struct_pedestal/91808,st_struct_pedestal/90791
ug_route/219627,OSP:BUSP::9693946,st_struct_pedestal/94134,st_struct_pedestal/94259
ug_route/219628,OSP:BUSP:C654433,st_struct_pedestal/93097,building/66950
ug_route/219629,OSP:BUSP:C641677,st_struct_pedestal/93913,st_struct_pedestal/92377
ug_route/219630,OSP:BUSP:C646071,st_struct_pedestal/91305,st_struct_pedestal/93664
ug_route/219631,OSP:BUSP:C641927,st_struct_pedestal/93272,st_struct_pedestal/92977
ug_route/219632,OSP:BUSP:C670998,st_struct_pedestal/92939,building/68107
ug_route/219633,OSP:BUSP:C650455,st_struct_pedestal/94002,mywcom_route_junction/27713
ug_route/219634,OSP:BUSP:C651168,st_struct_pedestal/91895,building/66327
ug_route/219635,OSP:BUSP:C656886,st_struct_pedestal/91302,building/68257
ug_route/219636,OSP:BUSP:C655208,st_struct_pedestal/92865,st_struct_pedestal/91658
ug_route/219637,OSP:BUSP:C639064,st_struct_pedestal/91304,st_struct_pedestal/92791
ug_route/219638,OSP:BUSP:C662206,st_struct_pedestal/93720,building/66766
ug_route/219639,OSP:BUSP:C655312,st_struct_pedestal/93228,st_struct_pedestal/93157
ug_route/219640,OSP:BUSP:C639041,st_struct_pedestal/90781,st_struct_pedestal/93198
ug_route/219641,OSP:BUSP:C640154,st_struct_pedestal/92264,st_struct_pedestal/90695
ug_route/219642,OSP:BUSP:C708049,st_struct_pedestal/92773,st_struct_pedestal/90877
ug_route/219643,OSP:BUSP:C639075,st_struct_pedestal/91304,st_struct_pedestal/92791
ug_route/219644,OSP:BUSP::8606853,st_struct_pedestal/93773,st_struct_pedestal/91142
ug_route/219645,OSP:BUSP:C640345,st_struct_pedestal/91197,building/68587
ug_route/219646,OSP:BUSP:C639050,st_struct_pedestal/90781,st_struct_pedestal/93198
ug_route/219647,OSP:BUSP:C639466,st_struct_pedestal/93603,st_struct_pedestal/93204
ug_route/219648,OSP:BUSP:C640979,st_struct_pedestal/92264,st_struct_pedestal/90695
ug_route/219649,OSP:BUSP:C639468,st_struct_pedestal/93603,st_struct_pedestal/93204
ug_route/219650,OSP:BUSP:C653859,st_struct_pedestal/92950,building/67674
ug_route/219651,OSP:BUSP::8606852,st_struct_pedestal/93773,st_struct_pedestal/91142
ug_route/219652,OSP:BUSP:C655377,st_struct_pedestal/91236,st_struct_pedestal/90727
ug_route/219653,OSP:BUSP:C638805,st_struct_pedestal/93712,st_struct_pedestal/93348
ug_route/219654,OSP:BUSP:C653656,st_struct_pedestal/92884,st_struct_pedestal/90655
ug_route/219655,OSP:BUSP:C653178,st_struct_pedestal/92158,st_struct_pedestal/90858
ug_route/219656,OSP:BUSP:C641924,st_struct_pedestal/91644,building/67231
ug_route/219657,OSP:BUSP:C705240,st_struct_buried_splice_location/3994,st_struct_pedestal/91529
ug_route/219658,OSP:BUSP:C650234,st_struct_pedestal/93922,st_struct_pedestal/92795
ug_route/219659,OSP:BUSP:C653652,st_struct_pedestal/92884,st_struct_pedestal/90655
ug_route/219660,OSP:BUSP:C711688,st_struct_pedestal/93004,st_struct_pedestal/90919
ug_route/219661,OSP:BUSP:C660910,st_struct_pedestal/92830,st_struct_pedestal/92721
ug_route/219662,OSP:BUSP::14126046,st_struct_pedestal/93157,st_struct_pedestal/90566
ug_route/219663,OSP:BUSP:C654864,st_struct_pedestal/94231,st_struct_pedestal/91462
ug_route/219664,OSP:BUSP:C641472,st_struct_pedestal/93974,building/66631
ug_route/219666,OSP:BUSP:C660920,st_struct_pedestal/92830,st_struct_pedestal/92721
ug_route/219667,OSP:BUSP:C706835,st_struct_pedestal/92940,st_struct_pedestal/90761
ug_route/219668,OSP:BUSP:C665575,st_struct_pedestal/94293,st_struct_pedestal/91786
ug_route/219669,OSP:BUSP:C653810,st_struct_pedestal/93502,st_struct_pedestal/91679
ug_route/219670,OSP:BUSP:C654559,st_struct_pedestal/94231,st_struct_pedestal/91462
ug_route/219671,OSP:BUSP:C651996,st_struct_pedestal/91739,st_struct_pedestal/90823
ug_route/219672,OSP:BUSP:C653138,st_struct_pedestal/90570,st_struct_pedestal/93807
ug_route/219673,OSP:BUSP:C665580,st_struct_pedestal/94293,st_struct_pedestal/91786
ug_route/219674,OSP:BUSP:C708126,st_struct_pedestal/92760,st_struct_pedestal/91890
ug_route/219675,OSP:BUSP:C653839,st_struct_pedestal/93502,st_struct_pedestal/91679
ug_route/219676,OSP:BUSP:C657990,st_struct_pedestal/90607,st_struct_pedestal/92790
ug_route/219677,OSP:BUSP:C656596,st_struct_pedestal/91219,st_struct_pedestal/92661
ug_route/219678,OSP:BUSP:C639823,st_struct_pedestal/92163,st_struct_pedestal/93911
ug_route/219679,OSP:BUSP:C649201,st_struct_pedestal/91526,st_struct_pedestal/91643
ug_route/219680,OSP:BUSP::14126042,st_struct_pedestal/93157,st_struct_pedestal/90566
ug_route/219681,OSP:BUSP:C650124,st_struct_pedestal/93795,st_struct_pedestal/94237
ug_route/219682,OSP:BUSP:C640559,st_struct_pedestal/92340,st_struct_pedestal/92964
ug_route/219683,OSP:BUSP:C650114,st_struct_pedestal/93795,st_struct_pedestal/94237
ug_route/219684,OSP:BUSP:C649257,st_struct_pedestal/91526,st_struct_pedestal/91643
ug_route/219685,OSP:BUSP:C657987,mywcom_route_junction/28030,st_struct_pedestal/92790
ug_route/219686,OSP:BUSP:C656597,st_struct_pedestal/91219,st_struct_pedestal/92661
ug_route/219687,OSP:BUSP:C640578,st_struct_pedestal/92340,st_struct_pedestal/92964
ug_route/219688,OSP:BUSP:C654798,st_struct_pedestal/91414,st_struct_pedestal/91727
ug_route/219689,OSP:BUSP:C651146,st_struct_pedestal/92653,st_struct_pedestal/91389
ug_route/219690,OSP:BUSP:C651483,st_struct_pedestal/92577,building/68632
ug_route/219691,OSP:BUSP:C670989,st_struct_pedestal/92939,building/67737
ug_route/219692,OSP:BUSP:C645752,st_struct_pedestal/94164,st_struct_pedestal/93147
ug_route/219693,OSP:BUSP:C653278,st_struct_pedestal/92368,st_struct_pedestal/92034
ug_route/219694,OSP:BUSP:C653818,st_struct_pedestal/90821,st_struct_pedestal/93197
ug_route/219695,OSP:BUSP:C648748,st_struct_pedestal/94136,st_struct_pedestal/91420
ug_route/219696,OSP:BUSP:C653846,st_struct_pedestal/90821,st_struct_pedestal/93197
ug_route/219697,OSP:BUSP:C653865,st_struct_pedestal/92950,building/67674
ug_route/219698,OSP:BUSP:C648755,st_struct_pedestal/94136,st_struct_pedestal/91420
ug_route/219699,OSP:BUSP:C658423,st_struct_pedestal/91185,st_struct_pedestal/93231
ug_route/219700,OSP:BUSP:C648259,st_struct_pedestal/94255,building/66776
ug_route/219701,OSP:BUSP:C651364,st_struct_pedestal/94086,st_struct_pedestal/92128
ug_route/219702,OSP:BUSP:C642097,st_struct_pedestal/94086,st_struct_pedestal/93458
ug_route/219703,OSP:BUSP:C709097,st_struct_pedestal/93907,st_struct_pedestal/91580
ug_route/219704,OSP:BUSP:C650021,st_struct_pedestal/93340,st_struct_pedestal/94146
ug_route/219705,OSP:BUSP:C682286,st_struct_pedestal/92575,st_struct_pedestal/91351
ug_route/219706,OSP:BUSP:C659543,st_struct_pedestal/92035,st_struct_pedestal/93432
ug_route/219707,OSP:BUSP:C641921,st_struct_pedestal/91015,st_struct_pedestal/91644
ug_route/219708,OSP:BUSP:C681698,st_struct_pedestal/94301,st_struct_pedestal/93792
ug_route/219709,OSP:BUSP:C708278,st_struct_pedestal/90535,st_struct_pedestal/92443
ug_route/219710,OSP:BUSP:C651023,st_struct_pedestal/91650,st_struct_pedestal/94022
ug_route/219711,OSP:BUSP:C651397,st_struct_pedestal/94086,st_struct_pedestal/92128
ug_route/219712,OSP:BUSP:C655111,st_struct_pedestal/93080,st_struct_pedestal/93599
ug_route/219713,OSP:BUSP:C651036,st_struct_pedestal/91650,st_struct_pedestal/94022
ug_route/219714,OSP:BUSP:C665703,st_struct_pedestal/93816,st_struct_pedestal/92741
ug_route/219715,OSP:BUSP:C667027,st_struct_pedestal/91273,st_struct_pedestal/90903
ug_route/219716,OSP:BUSP:C665707,st_struct_pedestal/93816,st_struct_pedestal/92741
ug_route/219717,OSP:BUSP:C706949,st_struct_pedestal/91830,st_struct_buried_splice_location/3902
ug_route/219718,OSP:BUSP:C707955,st_struct_pedestal/93340,st_struct_pedestal/94146
ug_route/219719,OSP:BUSP:C660539,st_struct_pedestal/93999,mywcom_route_junction/27809
ug_route/219720,OSP:BUSP:C660813,st_struct_pedestal/93784,st_struct_pedestal/94215
ug_route/219721,OSP:BUSP:C660544,st_struct_pedestal/93999,mywcom_route_junction/27809
ug_route/219722,OSP:BUSP:C665709,st_struct_pedestal/93816,st_struct_pedestal/92741
ug_route/219723,OSP:BUSP:C641414,st_struct_pedestal/90645,st_struct_pedestal/90690
ug_route/219724,OSP:BUSP:C681743,st_struct_pedestal/91808,st_struct_pedestal/90791
ug_route/219725,OSP:BUSP:C658507,st_struct_pedestal/90922,st_struct_pedestal/91767
ug_route/219726,OSP:BUSP:C641430,st_struct_pedestal/90645,st_struct_pedestal/90690
ug_route/219727,OSP:BUSP:C648220,st_struct_pedestal/93100,st_struct_pedestal/94256
ug_route/219728,OSP:BUSP:C670987,st_struct_pedestal/92939,building/67092
ug_route/219729,OSP:BUSP:C648232,st_struct_pedestal/93100,st_struct_pedestal/94256
ug_route/219730,OSP:BUSP:C637421,st_struct_pedestal/90826,st_struct_pedestal/90656
ug_route/219731,OSP:BUSP:C637450,st_struct_pedestal/90948,st_struct_pedestal/91834
ug_route/219732,OSP:BUSP:C645804,st_struct_pedestal/94182,st_struct_pedestal/92155
ug_route/219733,OSP:BUSP:C639185,st_struct_pedestal/93620,st_struct_pedestal/90718
ug_route/219734,OSP:BUSP:C671095,st_struct_pedestal/90555,st_struct_pedestal/91567
ug_route/219735,OSP:BUSP:C651344,st_struct_pedestal/93515,st_struct_pedestal/92577
ug_route/219736,OSP:BUSP:C649163,st_struct_pedestal/94174,st_struct_pedestal/93279
ug_route/219737,OSP:BUSP:C668548,st_struct_pedestal/91141,st_struct_pedestal/90812
ug_route/219738,OSP:BUSP:C665952,mywcom_route_junction/28205,mywcom_route_junction/27423
ug_route/219739,OSP:BUSP:C646454,st_struct_pedestal/92390,st_struct_pedestal/93922
ug_route/219740,OSP:BUSP:C651999,st_struct_pedestal/90823,st_struct_pedestal/90749
ug_route/219741,OSP:BUSP:C661004,st_struct_pedestal/92498,st_struct_pedestal/93098
ug_route/219742,OSP:BUSP:C641683,st_struct_pedestal/92377,st_struct_pedestal/93554
ug_route/219743,OSP:BUSP:C660948,st_struct_pedestal/91039,st_struct_pedestal/91593
ug_route/219744,OSP:BUSP:C654809,st_struct_pedestal/91727,st_struct_pedestal/90558
ug_route/219745,OSP:BUSP:C655426,st_struct_buried_splice_location/3935,building/66886
ug_route/219746,OSP:BUSP:C641813,st_struct_pedestal/92377,st_struct_pedestal/93554
ug_route/219747,OSP:BUSP:C662196,st_struct_pedestal/93720,st_struct_pedestal/90815
ug_route/219748,OSP:BUSP:C660012,st_struct_pedestal/90834,st_struct_pedestal/92624
ug_route/219749,OSP:BUSP:C660972,st_struct_pedestal/91039,st_struct_pedestal/91593
ug_route/219750,OSP:BUSP:C647148,st_struct_pedestal/91898,building/67319
ug_route/219751,OSP:BUSP:C660056,st_struct_pedestal/90834,st_struct_pedestal/92624
ug_route/219752,OSP:BUSP:C650232,st_struct_pedestal/93814,st_struct_pedestal/92795
ug_route/219753,OSP:BUSP::15007300,st_struct_pedestal/93639,st_struct_pedestal/92522
ug_route/219754,OSP:BUSP:C641358,st_struct_pedestal/91023,st_struct_pedestal/90813
ug_route/219755,OSP:BUSP::12178794,st_struct_pedestal/93687,st_struct_pedestal/94311
ug_route/219756,OSP:BUSP:C660110,st_struct_pedestal/91586,st_struct_pedestal/91975
ug_route/219757,OSP:BUSP:C650259,st_struct_pedestal/93814,st_struct_pedestal/92795
ug_route/219758,OSP:BUSP:C650544,st_struct_pedestal/93018,building/66518
ug_route/219759,OSP:BUSP:C653792,st_struct_pedestal/92098,st_struct_pedestal/93502
ug_route/219760,OSP:BUSP:C642213,st_struct_pedestal/91957,st_struct_pedestal/93877
ug_route/219761,OSP:BUSP:C659079,st_struct_pedestal/92946,st_struct_pedestal/91901
ug_route/219762,OSP:BUSP:C647926,st_struct_pedestal/93794,st_struct_pedestal/92086
ug_route/219763,OSP:BUSP:C653808,st_struct_pedestal/92098,st_struct_pedestal/93502
ug_route/219764,OSP:BUSP:C708082,mywcom_route_junction/27958,st_struct_pedestal/94273
ug_route/219765,OSP:BUSP:C659349,st_struct_pedestal/92946,st_struct_pedestal/91901
ug_route/219766,OSP:BUSP:C641408,st_struct_pedestal/91598,st_struct_pedestal/91955
ug_route/219767,OSP:BUSP:C639297,st_struct_pedestal/91320,st_struct_pedestal/92908
ug_route/219768,OSP:BUSP::8660948,st_struct_pedestal/93688,st_struct_pedestal/93349
ug_route/219769,OSP:BUSP:C644136,st_struct_pedestal/92493,st_struct_pedestal/91525
ug_route/219770,OSP:BUSP:C659675,st_struct_pedestal/91303,building/66754
ug_route/219771,OSP:BUSP:C642035,st_struct_pedestal/93740,building/66458
ug_route/219772,OSP:BUSP:C641576,st_struct_pedestal/90654,building/68589
ug_route/219773,OSP:BUSP:C707573,st_struct_pedestal/92997,st_struct_pedestal/93160
ug_route/219774,OSP:BUSP:C651119,st_struct_pedestal/90691,st_struct_pedestal/92956
ug_route/219776,OSP:BUSP:C647481,st_struct_buried_splice_location/3904,mywcom_route_junction/27574
ug_route/219777,OSP:BUSP:C660816,st_struct_pedestal/93784,st_struct_pedestal/91297
ug_route/219778,OSP:BUSP:C670500,st_struct_pedestal/94297,st_struct_pedestal/90688
ug_route/219779,OSP:BUSP:C654778,st_struct_pedestal/92762,st_struct_pedestal/91772
ug_route/219780,OSP:BUSP:C651121,st_struct_pedestal/92956,st_struct_pedestal/90776
ug_route/219781,OSP:BUSP:C650633,st_struct_pedestal/93925,st_struct_pedestal/92513
ug_route/219782,OSP:BUSP:C656385,st_struct_pedestal/93435,st_struct_pedestal/93234
ug_route/219783,OSP:BUSP:C654742,st_struct_pedestal/90830,st_struct_pedestal/93093
ug_route/219784,OSP:BUSP:C641613,st_struct_pedestal/93917,building/66547
ug_route/219785,OSP:BUSP:C682003,st_struct_pedestal/91808,mywcom_route_junction/27768
ug_route/219786,OSP:BUSP:C656359,st_struct_pedestal/90694,st_struct_pedestal/92207
ug_route/219787,OSP:BUSP:C658486,st_struct_pedestal/91993,st_struct_pedestal/90816
ug_route/219788,OSP:BUSP:C651739,st_struct_pedestal/93907,st_struct_pedestal/93080
ug_route/219789,OSP:BUSP:C707269,st_struct_pedestal/91113,st_struct_pedestal/91523
ug_route/219790,OSP:BUSP:C654617,st_struct_pedestal/92614,st_struct_pedestal/94134
ug_route/219791,OSP:BUSP:C654775,st_struct_pedestal/90830,st_struct_pedestal/93093
ug_route/219792,OSP:BUSP:C656707,st_struct_pedestal/91229,st_struct_pedestal/92801
ug_route/219793,OSP:BUSP:C656994,st_struct_pedestal/90669,st_struct_pedestal/91002
ug_route/219794,OSP:BUSP:C656367,st_struct_pedestal/90694,st_struct_pedestal/92207
ug_route/219795,OSP:BUSP:C651772,st_struct_pedestal/93907,st_struct_pedestal/93080
ug_route/219796,OSP:BUSP:C654695,st_struct_pedestal/92614,st_struct_pedestal/94134
ug_route/219797,OSP:BUSP:C641392,st_struct_pedestal/91681,st_struct_pedestal/93545
ug_route/219798,OSP:BUSP:C706921,st_struct_buried_splice_location/3892,st_struct_pedestal/91313
ug_route/219897,OSP:BUSP:C652959,st_struct_pedestal/90692,st_struct_pedestal/91973
ug_route/219799,OSP:BUSP:C659881,st_struct_pedestal/91640,st_struct_pedestal/92296
ug_route/219800,OSP:BUSP:C641446,st_struct_pedestal/91681,st_struct_pedestal/93545
ug_route/219801,OSP:BUSP:C670495,st_struct_pedestal/94297,st_struct_pedestal/90688
ug_route/219802,OSP:BUSP:C651366,st_struct_pedestal/92128,st_struct_pedestal/93988
ug_route/219803,OSP:BUSP:C668043,st_struct_pedestal/92391,building/67413
ug_route/219804,OSP:BUSP:C657960,st_struct_pedestal/90726,st_struct_pedestal/93277
ug_route/219805,OSP:BUSP:C641203,st_struct_pedestal/93494,st_struct_pedestal/93150
ug_route/219806,OSP:BUSP:C641603,st_struct_pedestal/93207,st_struct_pedestal/93272
ug_route/219807,OSP:BUSP:C660188,st_struct_pedestal/93864,st_struct_pedestal/92544
ug_route/219808,OSP:BUSP:C654697,st_struct_pedestal/92614,st_struct_pedestal/94134
ug_route/219809,OSP:BUSP:C641447,st_struct_pedestal/91681,st_struct_pedestal/93545
ug_route/219810,OSP:BUSP:C649038,st_struct_pedestal/94251,st_struct_pedestal/90943
ug_route/219811,OSP:BUSP:C670513,st_struct_pedestal/90683,st_struct_pedestal/93846
ug_route/219812,OSP:BUSP:C651400,st_struct_pedestal/92128,st_struct_pedestal/93988
ug_route/219813,OSP:BUSP:C660192,st_struct_pedestal/93864,st_struct_pedestal/92544
ug_route/219814,OSP:BUSP:C660191,st_struct_pedestal/90834,st_struct_pedestal/93864
ug_route/219815,OSP:BUSP:C660186,st_struct_pedestal/90834,st_struct_pedestal/93864
ug_route/219816,OSP:BUSP:C708017,st_struct_pedestal/91050,st_struct_pedestal/94248
ug_route/219817,OSP:BUSP:C641850,st_struct_pedestal/93207,st_struct_pedestal/93272
ug_route/219818,OSP:BUSP:C646507,st_struct_pedestal/93859,st_struct_pedestal/93921
ug_route/219819,OSP:BUSP:C670497,st_struct_pedestal/94297,st_struct_pedestal/90688
ug_route/219820,OSP:BUSP:C646414,st_struct_pedestal/93859,st_struct_pedestal/93921
ug_route/219821,OSP:BUSP:C646517,st_struct_pedestal/93922,st_struct_pedestal/93622
ug_route/219822,OSP:BUSP:C682169,st_struct_pedestal/92843,st_struct_pedestal/92483
ug_route/219823,OSP:BUSP:C665999,st_struct_pedestal/90831,st_struct_pedestal/92732
ug_route/219824,OSP:BUSP:C665948,st_struct_buried_splice_location/3938,st_struct_buried_splice_location/3926
ug_route/219825,OSP:BUSP:C656914,st_struct_pedestal/90925,st_struct_pedestal/91355
ug_route/219826,OSP:BUSP:C654954,st_struct_pedestal/90685,st_struct_pedestal/93000
ug_route/219827,OSP:BUSP::7912788,st_struct_pedestal/92097,st_struct_pedestal/92575
ug_route/219828,OSP:BUSP:C641113,st_struct_pedestal/92228,st_struct_pedestal/91529
ug_route/219829,OSP:BUSP:C642098,st_struct_pedestal/91512,pole/54386
ug_route/219830,OSP:BUSP:C683149,st_struct_pedestal/90890,st_struct_buried_splice_location/3933
ug_route/219831,OSP:BUSP:C660554,st_struct_pedestal/91492,st_struct_pedestal/91746
ug_route/219832,OSP:BUSP:C657440,st_struct_pedestal/92270,st_struct_pedestal/93209
ug_route/219833,OSP:BUSP:C651068,st_struct_pedestal/93217,st_struct_pedestal/92241
ug_route/219834,OSP:BUSP:C668543,st_struct_pedestal/90812,building/68692
ug_route/219835,OSP:BUSP:C656478,st_struct_pedestal/91459,st_struct_pedestal/92953
ug_route/219836,OSP:BUSP:C656625,st_struct_pedestal/91459,st_struct_pedestal/92953
ug_route/219837,OSP:BUSP:C657443,st_struct_pedestal/92270,st_struct_pedestal/93209
ug_route/219838,OSP:BUSP:C642348,st_struct_pedestal/90699,st_struct_pedestal/93452
ug_route/219839,OSP:BUSP:C654612,st_struct_pedestal/91374,st_struct_pedestal/92614
ug_route/219840,OSP:BUSP:C656939,st_struct_pedestal/92776,building/66375
ug_route/219841,OSP:BUSP:C681574,st_struct_pedestal/90919,st_struct_pedestal/90775
ug_route/219842,OSP:BUSP:C651067,st_struct_pedestal/93217,st_struct_pedestal/92241
ug_route/219843,OSP:BUSP:C654689,st_struct_pedestal/91374,st_struct_pedestal/92614
ug_route/219844,OSP:BUSP:C650541,st_struct_pedestal/90635,st_struct_pedestal/93018
ug_route/219845,OSP:BUSP:C708380,st_struct_pedestal/92969,st_struct_pedestal/90782
ug_route/219846,OSP:BUSP:C641511,st_struct_pedestal/93545,st_struct_pedestal/92737
ug_route/219847,OSP:BUSP:C658001,st_struct_pedestal/91203,st_struct_pedestal/92840
ug_route/219848,OSP:BUSP:C641402,st_struct_pedestal/93545,st_struct_pedestal/92737
ug_route/219849,OSP:BUSP:C646132,st_struct_pedestal/90721,st_struct_pedestal/94234
ug_route/219850,OSP:BUSP:C643912,st_struct_pedestal/91584,st_struct_pedestal/90938
ug_route/219851,OSP:BUSP:C641513,st_struct_pedestal/93545,st_struct_pedestal/92737
ug_route/219852,OSP:BUSP:C644293,st_struct_pedestal/92087,st_struct_pedestal/91821
ug_route/219853,OSP:BUSP:C671116,st_struct_pedestal/93089,st_struct_pedestal/94247
ug_route/219854,OSP:BUSP:C655329,st_struct_pedestal/93665,st_struct_pedestal/91696
ug_route/219855,OSP:BUSP:C644386,st_struct_pedestal/92087,st_struct_pedestal/91821
ug_route/219856,OSP:BUSP:C645844,st_struct_pedestal/92025,st_struct_pedestal/93128
ug_route/219857,OSP:BUSP:C655388,st_struct_pedestal/93665,st_struct_pedestal/91696
ug_route/219858,OSP:BUSP:C707940,st_struct_pedestal/93806,st_struct_pedestal/92895
ug_route/219859,OSP:BUSP:C671033,st_struct_pedestal/90969,st_struct_pedestal/91127
ug_route/219860,OSP:BUSP:C653574,st_struct_pedestal/93390,st_struct_pedestal/92884
ug_route/219861,OSP:BUSP::10924999,st_struct_buried_splice_location/3851,st_struct_pedestal/92088
ug_route/219862,OSP:BUSP:C711691,st_struct_pedestal/90919,st_struct_pedestal/90775
ug_route/219863,OSP:BUSP:C649195,st_struct_pedestal/92958,st_struct_pedestal/91526
ug_route/219864,OSP:BUSP:C642041,st_struct_pedestal/93497,st_struct_pedestal/91775
ug_route/219865,OSP:BUSP:C648072,st_struct_pedestal/93794,st_struct_pedestal/93213
ug_route/219866,OSP:BUSP:C641563,st_struct_pedestal/93677,st_struct_pedestal/90654
ug_route/219867,OSP:BUSP:C641947,st_struct_pedestal/93497,st_struct_pedestal/91775
ug_route/219868,OSP:BUSP:C649255,st_struct_pedestal/92958,st_struct_pedestal/91526
ug_route/219869,OSP:BUSP:C648081,st_struct_pedestal/93794,st_struct_pedestal/93213
ug_route/219870,OSP:BUSP:C655240,st_struct_pedestal/90776,st_struct_pedestal/94056
ug_route/219871,OSP:BUSP:C651401,st_struct_pedestal/93988,st_struct_pedestal/93369
ug_route/219872,OSP:BUSP:C651371,st_struct_pedestal/93988,st_struct_pedestal/93369
ug_route/219873,OSP:BUSP::8657428,st_struct_pedestal/91062,st_struct_pedestal/92054
ug_route/219874,OSP:BUSP:C665884,st_struct_pedestal/93861,building/67436
ug_route/219875,OSP:BUSP:C655243,st_struct_pedestal/90776,st_struct_pedestal/94056
ug_route/219876,OSP:BUSP:C656161,st_struct_pedestal/93205,st_struct_pedestal/93591
ug_route/219877,OSP:BUSP:C658281,st_struct_pedestal/92485,st_struct_pedestal/93246
ug_route/219878,OSP:BUSP:C652753,st_struct_pedestal/91695,st_struct_pedestal/91051
ug_route/219879,OSP:BUSP:C662208,st_struct_pedestal/93720,building/66602
ug_route/219880,OSP:BUSP:C647777,st_struct_pedestal/90559,building/68308
ug_route/219881,OSP:BUSP:C656689,st_struct_pedestal/92559,st_struct_pedestal/93736
ug_route/219882,OSP:BUSP:C657518,st_struct_pedestal/94240,st_struct_pedestal/93854
ug_route/219898,OSP:BUSP:C646789,st_struct_buried_splice_location/3951,st_struct_pedestal/93548
ug_route/219899,OSP:BUSP:C671061,st_struct_pedestal/92156,st_struct_pedestal/94194
ug_route/219900,OSP:BUSP:C655349,st_struct_pedestal/91738,st_struct_pedestal/92328
ug_route/219883,OSP:BUSP:C667918,mywcom_route_junction/27317,mywcom_route_junction/27759
ug_route/219884,OSP:BUSP:C668190,st_struct_pedestal/92391,st_struct_pedestal/90949
ug_route/219885,OSP:BUSP:C652808,st_struct_pedestal/93629,pole/53860
ug_route/219886,OSP:BUSP:C652534,st_struct_pedestal/92367,st_struct_pedestal/92158
ug_route/219887,OSP:BUSP:C708298,st_struct_pedestal/94036,st_struct_pedestal/90602
ug_route/219888,OSP:BUSP:C668188,st_struct_pedestal/92391,st_struct_pedestal/90949
ug_route/219889,OSP:BUSP:C681664,st_struct_pedestal/93308,st_struct_pedestal/93075
ug_route/219890,OSP:BUSP:C646548,st_struct_pedestal/93814,st_struct_pedestal/92848
ug_route/219891,OSP:BUSP:C681317,st_struct_buried_splice_location/3990,st_struct_pedestal/91445
ug_route/219892,OSP:BUSP:C644270,st_struct_pedestal/92551,st_struct_pedestal/93147
ug_route/219893,OSP:BUSP:C662264,st_struct_pedestal/93087,st_struct_pedestal/92415
ug_route/219894,OSP:BUSP::7622212,st_struct_pedestal/93944,st_struct_pedestal/94201
ug_route/219895,OSP:BUSP:C653427,st_struct_buried_splice_location/3882,st_struct_pedestal/91344
ug_route/219896,OSP:BUSP:C681668,st_struct_pedestal/93308,st_struct_pedestal/93075
ug_route/219901,OSP:BUSP:C653027,st_struct_pedestal/90692,st_struct_pedestal/91973
ug_route/219902,OSP:BUSP:C648350,st_struct_pedestal/92405,st_struct_pedestal/90701
ug_route/219903,OSP:BUSP:C655330,st_struct_pedestal/91738,st_struct_pedestal/92328
ug_route/219904,OSP:BUSP:C645676,st_struct_pedestal/92987,st_struct_pedestal/92481
ug_route/219905,OSP:BUSP:C708413,st_struct_pedestal/92894,mywcom_route_junction/27117
ug_route/219906,OSP:BUSP:C668439,st_struct_pedestal/93066,building/68034
ug_route/219907,OSP:BUSP:C682219,st_struct_pedestal/90866,mywcom_route_junction/27398
ug_route/219908,OSP:BUSP:C649662,st_struct_pedestal/92405,st_struct_pedestal/90701
ug_route/219909,OSP:BUSP:C708252,st_struct_pedestal/91455,building/67967
ug_route/219910,OSP:BUSP:C647348,st_struct_pedestal/93565,st_struct_buried_splice_location/3982
ug_route/219911,OSP:BUSP:C640286,st_struct_pedestal/94024,st_struct_pedestal/90999
ug_route/219912,OSP:BUSP:C655334,st_struct_pedestal/91720,st_struct_pedestal/90942
ug_route/219913,OSP:BUSP:C658027,st_struct_pedestal/91047,building/66987
ug_route/219914,OSP:BUSP:C640296,st_struct_pedestal/94024,st_struct_pedestal/90999
ug_route/219915,OSP:BUSP:C707430,st_struct_pedestal/92960,st_struct_pedestal/91181
ug_route/219916,OSP:BUSP:C641404,st_struct_pedestal/93074,st_struct_pedestal/94106
ug_route/219917,OSP:BUSP:C650632,st_struct_pedestal/93843,st_struct_pedestal/93925
ug_route/219918,OSP:BUSP:C646821,st_struct_buried_splice_location/3962,st_struct_pedestal/94021
ug_route/219919,OSP:BUSP:C710449,st_struct_pedestal/91927,st_struct_pedestal/92130
ug_route/219920,OSP:BUSP:C644450,st_struct_pedestal/90901,st_struct_pedestal/92383
ug_route/219921,OSP:BUSP:C661189,st_struct_pedestal/92742,st_struct_pedestal/92339
ug_route/219922,OSP:BUSP:C644467,st_struct_pedestal/90901,st_struct_pedestal/92383
ug_route/219923,OSP:BUSP:C648791,st_struct_pedestal/91163,st_struct_pedestal/91421
ug_route/219924,OSP:BUSP:C660933,st_struct_pedestal/92830,st_struct_pedestal/91140
ug_route/219925,OSP:BUSP:C660927,st_struct_pedestal/92830,st_struct_pedestal/91140
ug_route/219926,OSP:BUSP:C648808,st_struct_pedestal/91163,st_struct_pedestal/91421
ug_route/219927,OSP:BUSP:C659164,st_struct_pedestal/93725,st_struct_pedestal/94047
ug_route/219928,OSP:BUSP:C648830,st_struct_pedestal/92904,st_struct_pedestal/93981
ug_route/219929,OSP:BUSP:C658967,st_struct_pedestal/90664,building/66917
ug_route/219930,OSP:BUSP:C648823,st_struct_pedestal/92904,st_struct_pedestal/93981
ug_route/219931,OSP:BUSP:C682214,st_struct_pedestal/91901,st_struct_pedestal/91896
ug_route/219932,OSP:BUSP:C645935,st_struct_pedestal/92727,st_struct_pedestal/91893
ug_route/219933,OSP:BUSP:C648059,st_struct_pedestal/92044,st_struct_pedestal/93100
ug_route/219934,OSP:BUSP:C681684,st_struct_pedestal/93642,st_struct_pedestal/94314
ug_route/219935,OSP:BUSP:C660960,st_struct_pedestal/94098,st_struct_pedestal/92517
ug_route/219936,OSP:BUSP:C681688,st_struct_pedestal/94314,st_struct_buried_splice_location/3924
ug_route/219937,OSP:BUSP:C651101,st_struct_pedestal/92073,building/68828
ug_route/219938,OSP:BUSP:C681955,st_struct_pedestal/93642,st_struct_pedestal/94314
ug_route/219939,OSP:BUSP:C645959,st_struct_pedestal/92727,st_struct_pedestal/91893
ug_route/219940,OSP:BUSP:C669051,st_struct_pedestal/90568,st_struct_pedestal/92454
ug_route/219941,OSP:BUSP:C651984,st_struct_pedestal/93976,st_struct_pedestal/93583
ug_route/219942,OSP:BUSP::12882809,mywcom_route_junction/27386,mywcom_route_junction/27255
ug_route/219943,OSP:BUSP:C681942,st_struct_pedestal/93308,building/67484
ug_route/219944,OSP:BUSP:C669034,st_struct_pedestal/90568,st_struct_pedestal/92454
ug_route/219945,OSP:BUSP:C659566,st_struct_pedestal/91311,st_struct_pedestal/93666
ug_route/219946,OSP:BUSP:C648798,st_struct_pedestal/91421,st_struct_pedestal/90752
ug_route/219947,OSP:BUSP:C642818,st_struct_pedestal/90816,building/66804
ug_route/219948,OSP:BUSP:C705953,st_struct_pedestal/94122,st_struct_pedestal/91196
ug_route/219949,OSP:BUSP::16735385,mywcom_route_junction/27331,st_struct_pedestal/93293
ug_route/219950,OSP:BUSP:C650373,st_struct_pedestal/92043,st_struct_buried_splice_location/3953
ug_route/219951,OSP:BUSP:C671038,st_struct_pedestal/91527,st_struct_pedestal/91531
ug_route/219952,OSP:BUSP:C640413,st_struct_pedestal/93200,building/67033
ug_route/219953,OSP:BUSP:C651216,st_struct_pedestal/92343,st_struct_pedestal/91905
ug_route/219954,OSP:BUSP:C670276,mywcom_route_junction/27682,st_struct_buried_splice_location/3966
ug_route/219955,OSP:BUSP:C644692,st_struct_pedestal/91553,st_struct_pedestal/91306
ug_route/219956,OSP:BUSP:C655331,st_struct_pedestal/91696,st_struct_pedestal/90865
ug_route/219957,OSP:BUSP::15007302,st_struct_pedestal/94272,st_struct_pedestal/92522
ug_route/219958,OSP:BUSP:C670369,st_struct_pedestal/94179,st_struct_pedestal/92843
ug_route/219959,OSP:BUSP:C644711,st_struct_pedestal/91553,st_struct_pedestal/91306
ug_route/219960,OSP:BUSP:C653109,st_struct_pedestal/92640,st_struct_pedestal/92061
ug_route/219961,OSP:BUSP:C641839,st_struct_pedestal/91062,st_struct_pedestal/93674
ug_route/219962,OSP:BUSP:C645057,st_struct_pedestal/93460,st_struct_pedestal/92101
ug_route/219963,OSP:BUSP:C650626,st_struct_pedestal/93018,st_struct_pedestal/93843
ug_route/219964,OSP:BUSP:C645063,st_struct_pedestal/93460,st_struct_pedestal/92101
ug_route/219965,OSP:BUSP:C707475,st_struct_pedestal/91769,st_struct_pedestal/93089
ug_route/219966,OSP:BUSP:C649678,st_struct_pedestal/93483,building/68576
ug_route/219967,OSP:BUSP:C659988,st_struct_pedestal/92882,st_struct_pedestal/90575
ug_route/219991,OSP:BUSP:C650408,st_struct_pedestal/91659,st_struct_pedestal/92206
ug_route/219968,OSP:BUSP:C707474,st_struct_pedestal/91769,st_struct_pedestal/93089
ug_route/219969,OSP:BUSP:C683079,st_struct_pedestal/92419,st_struct_pedestal/91929
ug_route/219970,OSP:BUSP:C683085,st_struct_pedestal/92419,st_struct_pedestal/91929
ug_route/219971,OSP:BUSP:C670473,st_struct_pedestal/91317,st_struct_pedestal/93801
ug_route/219972,OSP:BUSP:C669063,st_struct_pedestal/92454,st_struct_pedestal/92691
ug_route/219973,OSP:BUSP:C641398,st_struct_pedestal/93424,st_struct_pedestal/93074
ug_route/219974,OSP:BUSP:C658243,st_struct_pedestal/93628,st_struct_pedestal/92785
ug_route/219975,OSP:BUSP:C650331,st_struct_pedestal/92198,st_struct_pedestal/92514
ug_route/219976,OSP:BUSP:C650327,st_struct_pedestal/92198,st_struct_pedestal/92514
ug_route/219977,OSP:BUSP:C648205,st_struct_pedestal/94310,building/67682
ug_route/219978,OSP:BUSP:C658348,st_struct_pedestal/93628,st_struct_pedestal/92785
ug_route/219979,OSP:BUSP:C658342,st_struct_pedestal/93628,st_struct_pedestal/92785
ug_route/219980,OSP:BUSP:C653625,st_struct_buried_splice_location/3959,st_struct_pedestal/91866
ug_route/219981,OSP:BUSP:C652070,st_struct_pedestal/92876,building/67354
ug_route/219982,OSP:BUSP:C650043,st_struct_pedestal/91308,st_struct_pedestal/91898
ug_route/219983,OSP:BUSP:C650330,st_struct_pedestal/92198,st_struct_pedestal/92514
ug_route/219984,OSP:BUSP:C641459,st_struct_pedestal/92406,st_struct_pedestal/93974
ug_route/219985,OSP:BUSP:C655235,st_struct_pedestal/91048,st_struct_pedestal/91201
ug_route/219986,OSP:BUSP:C642301,st_struct_pedestal/90902,st_struct_buried_splice_location/3936
ug_route/219987,OSP:BUSP:C646411,st_struct_pedestal/91205,st_struct_pedestal/93814
ug_route/219988,OSP:BUSP:C646502,st_struct_pedestal/91205,st_struct_pedestal/93814
ug_route/219989,OSP:BUSP:C648570,st_struct_pedestal/92042,st_struct_pedestal/91247
ug_route/219990,OSP:BUSP:C648563,st_struct_pedestal/92042,st_struct_pedestal/91247
ug_route/219992,OSP:BUSP:C648353,st_struct_pedestal/91322,st_struct_pedestal/93483
ug_route/219993,OSP:BUSP:C658924,st_struct_pedestal/93323,st_struct_pedestal/91008
ug_route/219994,OSP:BUSP:C641865,st_struct_pedestal/90572,st_struct_pedestal/93731
ug_route/219995,OSP:BUSP:C655176,st_struct_pedestal/90574,st_struct_pedestal/93251
ug_route/219996,OSP:BUSP:C641593,st_struct_pedestal/94072,st_struct_pedestal/92538
ug_route/219997,OSP:BUSP:C649676,st_struct_pedestal/91322,st_struct_pedestal/93483
ug_route/219998,OSP:BUSP:C656944,st_struct_pedestal/92776,building/66459
ug_route/219999,OSP:BUSP:C641876,st_struct_pedestal/90572,st_struct_pedestal/93731
ug_route/220000,OSP:BUSP:C669053,st_struct_pedestal/92454,st_struct_pedestal/92274
ug_route/220001,OSP:BUSP:C641906,st_struct_pedestal/94072,st_struct_pedestal/92538
ug_route/220002,OSP:BUSP:C641308,st_struct_pedestal/94233,building/67502
ug_route/220003,OSP:BUSP:C665523,st_struct_pedestal/91909,st_struct_pedestal/93942
ug_route/220004,OSP:BUSP:C669060,st_struct_pedestal/92274,st_struct_pedestal/92454
ug_route/220005,OSP:BUSP:C659786,st_struct_pedestal/93763,st_struct_pedestal/92461
ug_route/220006,OSP:BUSP:C644396,st_struct_pedestal/91115,st_struct_pedestal/91817
ug_route/220007,OSP:BUSP:C656403,st_struct_pedestal/93234,st_struct_pedestal/93433
ug_route/220008,OSP:BUSP:C644413,st_struct_pedestal/91115,st_struct_pedestal/91817
ug_route/220009,OSP:BUSP:C646450,st_struct_pedestal/92390,building/68128
ug_route/220010,OSP:BUSP:C648186,st_struct_pedestal/92044,st_struct_pedestal/93100
ug_route/220011,OSP:BUSP:C660101,st_struct_pedestal/93163,building/67091
ug_route/220012,OSP:BUSP:C643487,st_struct_pedestal/92408,st_struct_pedestal/93671
ug_route/220013,OSP:BUSP:C682044,st_struct_pedestal/92140,building/68072
ug_route/220014,OSP:BUSP:C705838,st_struct_pedestal/93250,st_struct_pedestal/91816
ug_route/220015,OSP:BUSP:C639152,st_struct_pedestal/91320,st_struct_pedestal/92612
ug_route/220016,OSP:BUSP:C651974,st_struct_pedestal/91460,st_struct_pedestal/91057
ug_route/220017,OSP:BUSP:C671066,st_struct_pedestal/90639,building/67754
ug_route/220018,OSP:BUSP:C660817,st_struct_pedestal/91297,st_struct_pedestal/92222
ug_route/220019,OSP:BUSP:C639156,st_struct_pedestal/91320,st_struct_pedestal/92612
ug_route/220020,OSP:BUSP:C655351,st_struct_pedestal/90862,st_struct_pedestal/92957
ug_route/220021,OSP:BUSP:C671057,st_struct_pedestal/92156,building/67369
ug_route/220022,OSP:BUSP:C655316,st_struct_pedestal/90862,st_struct_pedestal/92957
ug_route/220023,OSP:BUSP:C658751,st_struct_pedestal/90554,st_struct_pedestal/92249
ug_route/220024,OSP:BUSP:C655148,st_struct_pedestal/90658,st_struct_pedestal/91475
ug_route/220025,OSP:BUSP:C647163,st_struct_pedestal/91111,st_struct_pedestal/93439
ug_route/220026,OSP:BUSP:C658768,st_struct_pedestal/90554,st_struct_pedestal/92249
ug_route/220027,OSP:BUSP:C650524,st_struct_pedestal/91659,st_struct_pedestal/91024
ug_route/220028,OSP:BUSP:C646176,st_struct_pedestal/93368,st_struct_pedestal/90638
ug_route/220029,OSP:BUSP:C641661,st_struct_pedestal/90899,mywcom_route_junction/27345
ug_route/220030,OSP:BUSP:C651092,st_struct_pedestal/94071,st_struct_pedestal/92289
ug_route/220031,OSP:BUSP:C709963,mywcom_route_junction/28089,st_struct_pedestal/92619
ug_route/220032,OSP:BUSP:C641263,st_struct_pedestal/94091,st_struct_pedestal/91637
ug_route/220051,OSP:BUSP:C659266,st_struct_pedestal/93092,st_struct_pedestal/94027
ug_route/220052,OSP:BUSP:C639302,st_struct_pedestal/92908,st_struct_pedestal/93436
ug_route/220033,OSP:BUSP::17062031,st_struct_pedestal/93250,st_struct_pedestal/93226
ug_route/220034,OSP:BUSP:C642297,st_struct_pedestal/90699,st_struct_pedestal/93993
ug_route/220035,OSP:BUSP:C646218,st_struct_pedestal/93368,st_struct_pedestal/90638
ug_route/220036,OSP:BUSP:C660723,st_struct_pedestal/93235,building/68229
ug_route/220037,OSP:BUSP:C709002,st_struct_pedestal/91488,st_struct_pedestal/94119
ug_route/220038,OSP:BUSP:C642326,st_struct_pedestal/90699,st_struct_pedestal/93993
ug_route/220039,OSP:BUSP:C709978,st_struct_pedestal/91153,mywcom_route_junction/28155
ug_route/220040,OSP:BUSP:C645896,st_struct_pedestal/91959,building/66423
ug_route/220041,OSP:BUSP:C705063,st_struct_pedestal/92392,st_struct_pedestal/92769
ug_route/220042,OSP:BUSP:C648819,st_struct_pedestal/91420,building/66949
ug_route/220043,OSP:BUSP:C666978,st_struct_pedestal/91054,st_struct_pedestal/93039
ug_route/220044,OSP:BUSP:C638825,st_struct_pedestal/93712,st_struct_pedestal/91198
ug_route/220045,OSP:BUSP:C641578,st_struct_pedestal/92729,st_struct_pedestal/91350
ug_route/220046,OSP:BUSP:C650627,st_struct_pedestal/93018,st_struct_pedestal/93843
ug_route/220047,OSP:BUSP:C681314,st_struct_pedestal/91531,st_struct_pedestal/91445
ug_route/220048,OSP:BUSP:C640648,st_struct_pedestal/92239,st_struct_pedestal/92265
ug_route/220049,OSP:BUSP:C670605,st_struct_pedestal/94303,st_struct_pedestal/93245
ug_route/220050,OSP:BUSP:C656890,st_struct_pedestal/91953,st_struct_pedestal/92372
ug_route/220224,OSP:BUSP:C641556,st_struct_buried_splice_location/3908,st_struct_pedestal/93670
ug_route/220053,OSP:BUSP:C651227,st_struct_pedestal/90941,st_struct_pedestal/91048
ug_route/220054,OSP:BUSP:C653869,st_struct_pedestal/90821,building/66332
ug_route/220055,OSP:BUSP:C682158,st_struct_pedestal/92088,st_struct_pedestal/93585
ug_route/220056,OSP:BUSP:C709982,mywcom_route_junction/27262,mywcom_route_junction/27770
ug_route/220057,OSP:BUSP:C644154,st_struct_pedestal/93966,building/66899
ug_route/220058,OSP:BUSP:C645059,st_struct_pedestal/92101,st_struct_pedestal/92639
ug_route/220059,OSP:BUSP:C658000,st_struct_pedestal/94300,st_struct_pedestal/91203
ug_route/220060,OSP:BUSP:C658262,st_struct_pedestal/91161,st_struct_pedestal/92485
ug_route/220061,OSP:BUSP:C682199,st_struct_pedestal/90590,st_struct_pedestal/90866
ug_route/220062,OSP:BUSP:C645064,st_struct_pedestal/92101,st_struct_pedestal/92639
ug_route/220063,OSP:BUSP:C661066,st_struct_pedestal/92632,st_struct_pedestal/91956
ug_route/220064,OSP:BUSP:C658265,st_struct_pedestal/91161,st_struct_pedestal/92485
ug_route/220065,OSP:BUSP:C668697,st_struct_pedestal/92911,building/66623
ug_route/220066,OSP:BUSP:C651139,st_struct_pedestal/90869,st_struct_pedestal/91206
ug_route/220067,OSP:BUSP:C682217,st_struct_pedestal/90590,st_struct_pedestal/90866
ug_route/220068,OSP:BUSP:C668625,st_struct_pedestal/91141,st_struct_pedestal/90812
ug_route/220069,OSP:BUSP:C644299,st_struct_pedestal/93040,st_struct_pedestal/92545
ug_route/220070,OSP:BUSP:C656301,st_struct_pedestal/94060,st_struct_pedestal/92788
ug_route/220071,OSP:BUSP:C649815,st_struct_pedestal/91348,st_struct_pedestal/92021
ug_route/220072,OSP:BUSP:C656286,st_struct_pedestal/94060,st_struct_pedestal/92788
ug_route/220073,OSP:BUSP:C643122,st_struct_pedestal/91598,building/66733
ug_route/220074,OSP:BUSP:C648538,st_struct_pedestal/92042,st_struct_pedestal/91464
ug_route/220075,OSP:BUSP:C665516,st_struct_pedestal/91070,st_struct_pedestal/91909
ug_route/220076,OSP:BUSP:C670467,st_struct_pedestal/91958,st_struct_pedestal/91317
ug_route/220077,OSP:BUSP:C658484,st_struct_pedestal/92528,st_struct_pedestal/91993
ug_route/220078,OSP:BUSP:C707917,st_struct_pedestal/91348,st_struct_pedestal/92021
ug_route/220079,OSP:BUSP:C644392,st_struct_pedestal/93040,st_struct_pedestal/92545
ug_route/220080,OSP:BUSP:C665519,st_struct_pedestal/91070,st_struct_pedestal/91909
ug_route/220081,OSP:BUSP:C640245,st_struct_pedestal/92378,st_struct_pedestal/92024
ug_route/220082,OSP:BUSP:C655141,st_struct_pedestal/91781,st_struct_pedestal/92435
ug_route/220083,OSP:BUSP:C648526,st_struct_pedestal/92042,st_struct_pedestal/91464
ug_route/220084,OSP:BUSP:C656977,st_struct_pedestal/90568,st_struct_pedestal/93606
ug_route/220085,OSP:BUSP:C640252,st_struct_pedestal/92378,st_struct_pedestal/92024
ug_route/220086,OSP:BUSP:C665997,st_struct_pedestal/92268,building/68044
ug_route/220087,OSP:BUSP:C656895,st_struct_buried_splice_location/3920,st_struct_pedestal/91953
ug_route/220088,OSP:BUSP:C657543,st_struct_pedestal/94191,st_struct_pedestal/93081
ug_route/220089,OSP:BUSP:C653151,st_struct_pedestal/93599,st_struct_pedestal/91897
ug_route/220090,OSP:BUSP:C641627,st_struct_pedestal/93917,building/67173
ug_route/220091,OSP:BUSP:C659799,st_struct_pedestal/94191,st_struct_pedestal/93081
ug_route/220092,OSP:BUSP:C640930,st_struct_pedestal/92963,st_struct_pedestal/90689
ug_route/220093,OSP:FBSP:D8185668,mywcom_route_junction/27895,building/68106
ug_route/220094,OSP:BUSP:C641065,st_struct_pedestal/92963,st_struct_pedestal/90689
ug_route/220095,OSP:BUSP:C705609,st_struct_pedestal/91695,st_struct_pedestal/93678
ug_route/220096,OSP:BUSP:C659813,st_struct_pedestal/94191,st_struct_pedestal/93081
ug_route/220097,OSP:BUSP:C642142,st_struct_pedestal/93215,st_struct_pedestal/94290
ug_route/220098,OSP:BUSP:C705125,st_struct_pedestal/91199,st_struct_pedestal/93094
ug_route/220099,OSP:BUSP:C653162,st_struct_pedestal/93599,st_struct_pedestal/92158
ug_route/220100,OSP:BUSP:C651084,st_struct_pedestal/93944,st_struct_pedestal/91569
ug_route/220101,OSP:BUSP:C641164,st_struct_pedestal/93548,st_struct_pedestal/94021
ug_route/220102,OSP:BUSP:C642223,st_struct_pedestal/93215,st_struct_pedestal/94290
ug_route/220103,OSP:BUSP:C659632,st_struct_pedestal/92482,st_struct_pedestal/92918
ug_route/220104,OSP:BUSP:C641990,st_struct_pedestal/91723,st_struct_pedestal/92866
ug_route/220105,OSP:BUSP::8725277,st_struct_pedestal/91695,st_struct_pedestal/93678
ug_route/220106,OSP:BUSP:C651260,st_struct_pedestal/93944,st_struct_pedestal/91569
ug_route/220107,OSP:BUSP:C705126,st_struct_pedestal/91199,st_struct_pedestal/93094
ug_route/220108,OSP:BUSP:C642046,st_struct_pedestal/91723,st_struct_pedestal/92866
ug_route/220109,OSP:BUSP:C705117,st_struct_pedestal/91643,st_struct_pedestal/92403
ug_route/220110,OSP:BUSP:C647829,st_struct_pedestal/91838,st_struct_pedestal/93804
ug_route/220111,OSP:BUSP:C705127,st_struct_pedestal/91199,st_struct_pedestal/93094
ug_route/220112,OSP:BUSP:C705119,st_struct_pedestal/91643,st_struct_pedestal/92403
ug_route/220113,OSP:BUSP::17062022,st_struct_pedestal/92403,st_struct_pedestal/94174
ug_route/220225,OSP:BUSP:C656912,st_struct_pedestal/90925,st_struct_pedestal/92776
ug_route/220114,OSP:BUSP:C653164,st_struct_pedestal/93599,st_struct_pedestal/92158
ug_route/220115,OSP:BUSP:C641596,st_struct_pedestal/91015,st_struct_pedestal/93914
ug_route/220116,OSP:BUSP:C659634,st_struct_pedestal/92482,st_struct_pedestal/92918
ug_route/220117,OSP:BUSP:C656408,mywcom_route_junction/27715,st_struct_pedestal/93433
ug_route/220118,OSP:BUSP:C655362,st_struct_pedestal/91143,st_struct_pedestal/91587
ug_route/220119,OSP:BUSP:C649686,st_struct_pedestal/92093,st_struct_pedestal/92297
ug_route/220120,OSP:BUSP:C648360,st_struct_pedestal/92093,st_struct_pedestal/92297
ug_route/220121,OSP:BUSP:C641844,st_struct_pedestal/91015,st_struct_pedestal/93914
ug_route/220122,OSP:BUSP:C654701,st_struct_pedestal/91374,st_struct_pedestal/92535
ug_route/220123,OSP:BUSP:C647149,st_struct_pedestal/91898,building/67752
ug_route/220124,OSP:BUSP:C642859,st_struct_pedestal/92427,st_struct_pedestal/94228
ug_route/220125,OSP:BUSP:C662493,st_struct_buried_splice_location/3918,building/68159
ug_route/220126,OSP:BUSP:C641475,st_struct_pedestal/90567,st_struct_pedestal/91204
ug_route/220127,OSP:BUSP:C656662,st_struct_buried_splice_location/3927,st_struct_pedestal/92519
ug_route/220128,OSP:BUSP:C642208,st_struct_pedestal/92616,st_struct_pedestal/91957
ug_route/220129,OSP:BUSP:C659635,st_struct_pedestal/92482,st_struct_pedestal/92918
ug_route/220130,OSP:BUSP:C654498,st_struct_pedestal/90878,st_struct_pedestal/93203
ug_route/220131,OSP:BUSP:C642238,st_struct_pedestal/92616,st_struct_pedestal/91957
ug_route/220132,OSP:BUSP:C671065,st_struct_pedestal/93344,st_struct_pedestal/90639
ug_route/220133,OSP:BUSP:C652900,st_struct_pedestal/92800,st_struct_pedestal/93982
ug_route/220134,OSP:BUSP:C653841,st_struct_pedestal/91679,st_struct_pedestal/92950
ug_route/220135,OSP:BUSP:C640464,st_struct_pedestal/90892,building/67601
ug_route/220136,OSP:FBSP::14494980,mywcom_route_junction/28101,st_struct_pedestal/91079
ug_route/220137,OSP:BUSP:C652766,st_struct_pedestal/91988,st_struct_pedestal/91232
ug_route/220138,OSP:BUSP:C671054,st_struct_pedestal/92156,mywcom_route_junction/28157
ug_route/220139,OSP:BUSP:C653812,st_struct_pedestal/91679,st_struct_pedestal/92950
ug_route/220140,OSP:BUSP:C641422,st_struct_pedestal/91955,st_struct_pedestal/91698
ug_route/220141,OSP:BUSP:C655470,st_struct_pedestal/91052,building/68777
ug_route/220142,OSP:BUSP:C705224,st_struct_pedestal/91003,st_struct_pedestal/91680
ug_route/220143,OSP:BUSP:C671126,st_struct_pedestal/91473,st_struct_pedestal/93985
ug_route/220144,OSP:BUSP:C654568,st_struct_pedestal/91462,st_struct_pedestal/90878
ug_route/220145,OSP:BUSP:C650500,st_struct_pedestal/91907,st_struct_pedestal/92764
ug_route/220146,OSP:BUSP:C650362,st_struct_pedestal/91907,st_struct_pedestal/92764
ug_route/220147,OSP:BUSP:C707461,st_struct_pedestal/91936,st_struct_pedestal/94331
ug_route/220148,OSP:BUSP:C669587,st_struct_pedestal/91816,st_struct_pedestal/92958
ug_route/220149,OSP:BUSP:C654564,st_struct_pedestal/91462,st_struct_pedestal/90878
ug_route/220150,OSP:BUSP:C649083,st_struct_pedestal/93016,st_struct_pedestal/94251
ug_route/220151,OSP:BUSP:C640078,st_struct_pedestal/94031,building/67109
ug_route/220152,OSP:BUSP:C706624,st_struct_pedestal/93046,st_struct_pedestal/90919
ug_route/220153,OSP:BUSP:C638835,st_struct_pedestal/91647,st_struct_pedestal/90778
ug_route/220154,OSP:BUSP:C639488,st_struct_pedestal/90939,building/68610
ug_route/220155,OSP:BUSP:C644025,st_struct_pedestal/94250,st_struct_pedestal/94084
ug_route/220226,OSP:BUSP:C649706,st_struct_pedestal/93600,st_struct_pedestal/94237
ug_route/220227,OSP:FBSP:C708058,st_struct_pedestal/93994,building/66814
ug_route/220156,OSP:BUSP:C638818,st_struct_pedestal/93712,st_struct_pedestal/94193
ug_route/220157,OSP:BUSP:C644030,st_struct_pedestal/94250,st_struct_pedestal/94084
ug_route/220158,OSP:BUSP:C654569,st_struct_pedestal/91462,st_struct_pedestal/90878
ug_route/220159,OSP:BUSP:C649663,st_struct_pedestal/92021,st_struct_pedestal/93340
ug_route/220160,OSP:BUSP:C659623,st_struct_pedestal/91568,st_struct_pedestal/90591
ug_route/220161,OSP:BUSP:C706626,st_struct_pedestal/93046,st_struct_pedestal/90919
ug_route/220162,OSP:BUSP:C657770,st_struct_pedestal/91253,st_struct_pedestal/90657
ug_route/220163,OSP:BUSP:C669574,st_struct_pedestal/91816,st_struct_pedestal/92958
ug_route/220164,OSP:BUSP:C707931,st_struct_pedestal/92021,st_struct_pedestal/93340
ug_route/220165,OSP:BUSP:C654808,st_struct_pedestal/93626,st_struct_pedestal/90563
ug_route/220166,OSP:BUSP:C709079,mywcom_route_junction/27685,st_struct_pedestal/94029
ug_route/220167,OSP:BUSP:C650402,st_struct_pedestal/91536,st_struct_pedestal/91356
ug_route/220168,OSP:BUSP:C654810,st_struct_pedestal/93626,st_struct_pedestal/90563
ug_route/220169,OSP:BUSP:C704846,st_struct_pedestal/92487,mywcom_route_junction/27937
ug_route/220170,OSP:BUSP:C709816,st_struct_pedestal/92946,st_struct_pedestal/91312
ug_route/220171,OSP:BUSP:C650508,st_struct_pedestal/91536,st_struct_pedestal/91356
ug_route/220172,OSP:BUSP:C658774,st_struct_pedestal/92140,building/68605
ug_route/220173,OSP:BUSP:C646903,st_struct_pedestal/94233,st_struct_pedestal/92658
ug_route/220174,OSP:BUSP:C683159,st_struct_buried_splice_location/3886,st_struct_pedestal/92419
ug_route/220175,OSP:BUSP:C710033,st_struct_pedestal/91518,st_struct_pedestal/93987
ug_route/220176,OSP:BUSP:C660939,st_struct_pedestal/91140,st_struct_pedestal/91996
ug_route/220177,OSP:BUSP:C639723,st_struct_pedestal/90824,st_struct_pedestal/93721
ug_route/220178,OSP:BUSP:C641648,st_struct_pedestal/93917,st_struct_pedestal/90693
ug_route/220179,OSP:BUSP:C641331,st_struct_pedestal/94233,building/67035
ug_route/220180,OSP:BUSP:C641664,st_struct_pedestal/93917,st_struct_pedestal/90693
ug_route/220181,OSP:BUSP:C660942,st_struct_pedestal/91140,st_struct_pedestal/91996
ug_route/220182,OSP:BUSP:C639782,st_struct_pedestal/94121,st_struct_pedestal/92038
ug_route/220183,OSP:BUSP:C650356,st_struct_pedestal/91907,st_struct_pedestal/92764
ug_route/220184,OSP:BUSP:C639774,st_struct_pedestal/94121,st_struct_pedestal/92038
ug_route/220185,OSP:BUSP:C649761,st_struct_pedestal/93340,building/66764
ug_route/220186,OSP:BUSP:C641772,st_struct_pedestal/93211,st_struct_pedestal/91900
ug_route/220187,OSP:BUSP:C705044,st_struct_pedestal/93425,st_struct_pedestal/90748
ug_route/220188,OSP:BUSP:C641704,st_struct_pedestal/93554,st_struct_pedestal/91591
ug_route/220189,OSP:BUSP:C659522,st_struct_pedestal/92883,st_struct_pedestal/92522
ug_route/220190,OSP:BUSP:C641798,st_struct_pedestal/93211,st_struct_pedestal/91900
ug_route/220228,OSP:BUSP:C650389,st_struct_pedestal/92302,st_struct_pedestal/92320
ug_route/220229,OSP:BUSP:C644133,st_struct_pedestal/93560,st_struct_pedestal/91940
ug_route/220191,OSP:BUSP:C659523,st_struct_pedestal/92883,st_struct_pedestal/92522
ug_route/220192,OSP:BUSP:C646162,st_struct_pedestal/93425,st_struct_pedestal/90748
ug_route/220193,OSP:BUSP:C641762,st_struct_pedestal/93554,st_struct_pedestal/91591
ug_route/220194,OSP:BUSP:C654705,st_struct_pedestal/93940,st_struct_pedestal/93626
ug_route/220195,OSP:BUSP:C660806,st_struct_pedestal/94215,st_struct_pedestal/91045
ug_route/220196,OSP:BUSP:C653602,st_struct_pedestal/92884,st_struct_pedestal/93476
ug_route/220197,OSP:BUSP:C659174,st_struct_pedestal/94047,st_struct_pedestal/93773
ug_route/220198,OSP:BUSP:C648263,st_struct_pedestal/94255,building/68457
ug_route/220199,OSP:BUSP:C704923,st_struct_pedestal/91893,st_struct_pedestal/94188
ug_route/220200,OSP:BUSP:C658072,st_struct_pedestal/92561,st_struct_pedestal/90657
ug_route/220201,OSP:BUSP:C648091,st_struct_pedestal/92166,st_struct_pedestal/91370
ug_route/220202,OSP:BUSP:C707638,st_struct_pedestal/93861,st_struct_pedestal/92561
ug_route/220203,OSP:BUSP:C650419,st_struct_pedestal/92627,st_struct_pedestal/91323
ug_route/220204,OSP:BUSP:C651098,st_struct_pedestal/91697,building/66422
ug_route/220205,OSP:BUSP:C656339,st_struct_pedestal/93435,st_struct_buried_splice_location/3855
ug_route/220206,OSP:BUSP:C648013,st_struct_pedestal/92166,st_struct_pedestal/91370
ug_route/220207,OSP:BUSP:C705147,st_struct_pedestal/93348,building/66435
ug_route/220208,OSP:BUSP:C707128,st_struct_pedestal/92840,st_struct_pedestal/92833
ug_route/220230,OSP:BUSP:C641580,st_struct_pedestal/92439,st_struct_pedestal/91774
ug_route/220231,OSP:BUSP:C641567,st_struct_pedestal/92439,st_struct_pedestal/91774
ug_route/220209,OSP:BUSP:C646522,st_struct_pedestal/92993,building/66742
ug_route/220210,OSP:BUSP:C656612,st_struct_pedestal/92661,st_struct_pedestal/92603
ug_route/220211,OSP:BUSP:C656608,st_struct_pedestal/92661,st_struct_pedestal/92603
ug_route/220212,OSP:BUSP:C704776,st_struct_pedestal/92690,st_struct_pedestal/93368
ug_route/220213,OSP:BUSP:C643821,st_struct_pedestal/93212,st_struct_pedestal/93503
ug_route/220214,OSP:BUSP:C704775,st_struct_pedestal/92690,st_struct_pedestal/93368
ug_route/220215,OSP:BUSP:C650547,st_struct_pedestal/93018,st_struct_pedestal/93876
ug_route/220216,OSP:BUSP:C707942,st_struct_pedestal/92895,st_struct_pedestal/93908
ug_route/220217,OSP:BUSP:C670413,st_struct_pedestal/93085,building/68572
ug_route/220218,OSP:BUSP:C706867,st_struct_pedestal/94328,st_struct_pedestal/91568
ug_route/220219,OSP:BUSP:C643851,st_struct_pedestal/93212,st_struct_pedestal/93503
ug_route/220220,OSP:BUSP:C641193,st_struct_pedestal/92639,st_struct_pedestal/90822
ug_route/220221,OSP:BUSP:C657430,st_struct_pedestal/94191,st_struct_pedestal/92159
ug_route/220222,OSP:BUSP:C657433,st_struct_pedestal/94191,st_struct_pedestal/92159
ug_route/220223,OSP:BUSP:C655274,st_struct_pedestal/94056,building/67537
ug_route/220232,OSP:BUSP:C650390,st_struct_pedestal/92302,st_struct_pedestal/92320
ug_route/220233,OSP:BUSP:C704879,st_struct_pedestal/93560,st_struct_pedestal/91940
ug_route/220234,OSP:BUSP:C655447,st_struct_pedestal/93317,st_struct_pedestal/92796
ug_route/220235,OSP:BUSP:C639756,st_struct_pedestal/94242,st_struct_pedestal/92618
ug_route/220236,OSP:BUSP:C681313,st_struct_pedestal/92222,st_struct_pedestal/94235
ug_route/220237,OSP:BUSP:C640738,st_struct_pedestal/92964,building/67017
ug_route/220238,OSP:BUSP:C649007,st_struct_pedestal/92864,st_struct_buried_splice_location/3854
ug_route/220239,OSP:BUSP:C653664,st_struct_pedestal/92441,st_struct_pedestal/94236
ug_route/220240,OSP:BUSP:C639764,st_struct_pedestal/94242,st_struct_pedestal/92618
ug_route/220241,OSP:BUSP:C653660,st_struct_pedestal/92441,st_struct_pedestal/94236
ug_route/220242,OSP:BUSP:C653098,st_struct_pedestal/92033,mywcom_route_junction/27505
ug_route/220243,OSP:BUSP:C654526,st_struct_pedestal/94231,building/68462
ug_route/220244,OSP:BUSP::8711822,st_struct_pedestal/94274,st_struct_pedestal/92614
ug_route/220245,OSP:BUSP:C665533,st_struct_pedestal/91909,st_struct_pedestal/93942
ug_route/220246,OSP:BUSP:C654668,st_struct_pedestal/90883,building/67157
ug_route/220247,OSP:BUSP:C656139,st_struct_pedestal/91359,st_struct_pedestal/91191
ug_route/220248,OSP:BUSP:C650529,st_struct_pedestal/93567,st_struct_pedestal/93685
ug_route/220249,OSP:BUSP:C665535,st_struct_pedestal/91909,st_struct_pedestal/93942
ug_route/220250,OSP:BUSP:C641537,st_struct_pedestal/93206,st_struct_pedestal/91152
ug_route/220251,OSP:BUSP:C643463,st_struct_pedestal/93206,st_struct_pedestal/91152
ug_route/220252,OSP:BUSP:C651964,st_struct_pedestal/91274,st_struct_pedestal/91460
ug_route/220253,OSP:BUSP:C671022,st_struct_pedestal/92939,st_struct_pedestal/90723
ug_route/220254,OSP:BUSP:C671025,st_struct_pedestal/92939,st_struct_pedestal/90723
ug_route/220255,OSP:BUSP:C645862,st_struct_pedestal/91639,st_struct_pedestal/91600
ug_route/220256,OSP:BUSP:C656990,st_struct_pedestal/92462,st_struct_pedestal/93551
ug_route/220257,OSP:BUSP:C640195,st_struct_pedestal/90818,st_struct_pedestal/91771
ug_route/220258,OSP:BUSP:C641764,st_struct_pedestal/92872,st_struct_pedestal/94128
ug_route/220259,OSP:BUSP:C660195,st_struct_pedestal/92986,st_struct_pedestal/93635
ug_route/220260,OSP:BUSP:C645071,st_struct_pedestal/93460,building/67816
ug_route/220261,OSP:BUSP:C661022,st_struct_pedestal/92986,st_struct_pedestal/93635
ug_route/220262,OSP:BUSP:C648596,st_struct_pedestal/92621,st_struct_pedestal/92622
ug_route/220263,OSP:BUSP:C657016,st_struct_pedestal/91994,st_struct_pedestal/93110
ug_route/220264,OSP:BUSP:C655162,st_struct_pedestal/93152,st_struct_pedestal/90574
ug_route/220265,OSP:BUSP:C655233,st_struct_pedestal/93152,st_struct_pedestal/90574
ug_route/220266,OSP:BUSP:C654619,st_struct_pedestal/94130,st_struct_pedestal/92670
ug_route/220267,OSP:BUSP:C659279,st_struct_pedestal/91311,st_struct_pedestal/91850
ug_route/220268,OSP:BUSP:C655450,st_struct_pedestal/92796,st_struct_pedestal/91240
ug_route/220269,OSP:BUSP:C643926,st_struct_pedestal/90938,st_struct_pedestal/92369
ug_route/220270,OSP:BUSP:C708144,st_struct_pedestal/92703,st_struct_pedestal/92366
ug_route/220271,OSP:BUSP:C655385,st_struct_pedestal/90686,building/68029
ug_route/220272,OSP:BUSP:C658951,st_struct_pedestal/94319,st_struct_pedestal/92432
ug_route/220273,OSP:BUSP:C670376,st_struct_pedestal/94179,building/68733
ug_route/220274,OSP:BUSP:C649928,st_struct_pedestal/91094,st_struct_pedestal/91348
ug_route/220275,OSP:BUSP:C671140,st_struct_pedestal/93089,st_struct_pedestal/91473
ug_route/220276,OSP:BUSP:C650393,st_struct_pedestal/92302,st_struct_pedestal/91535
ug_route/220277,OSP:BUSP:C650397,st_struct_pedestal/92302,st_struct_pedestal/91535
ug_route/220278,OSP:BUSP:C656961,st_struct_pedestal/94305,st_struct_pedestal/93382
ug_route/220279,OSP:BUSP:C707908,st_struct_pedestal/91094,st_struct_pedestal/91348
ug_route/220280,OSP:BUSP:C647201,st_struct_pedestal/91025,st_struct_pedestal/93740
ug_route/220281,OSP:BUSP:C641338,st_struct_pedestal/92286,building/66123
ug_route/220282,OSP:BUSP::11900070,st_struct_pedestal/93579,st_struct_pedestal/92174
ug_route/220283,OSP:BUSP:C711894,st_struct_pedestal/93579,st_struct_pedestal/94294
ug_route/220284,OSP:BUSP:C711828,st_struct_pedestal/93682,mywcom_route_junction/27688
ug_route/220285,OSP:BUSP:C708301,st_struct_pedestal/94074,st_struct_pedestal/92062
ug_route/220286,OSP:BUSP:C643514,st_struct_pedestal/94122,st_struct_pedestal/91844
ug_route/220287,OSP:BUSP:C647202,st_struct_pedestal/91025,st_struct_pedestal/93740
ug_route/220288,OSP:BUSP:C650340,st_struct_pedestal/92496,st_struct_pedestal/92744
ug_route/220289,OSP:BUSP:C650338,st_struct_pedestal/92496,st_struct_pedestal/92744
ug_route/220290,OSP:BUSP:C643481,st_struct_pedestal/94122,st_struct_pedestal/91844
ug_route/220291,OSP:BUSP:C648169,st_struct_pedestal/91716,st_struct_pedestal/92044
ug_route/220292,OSP:BUSP:C706923,st_struct_pedestal/92401,st_struct_pedestal/92250
ug_route/220293,OSP:BUSP:C639727,st_struct_pedestal/90824,st_struct_pedestal/94242
ug_route/220294,OSP:BUSP:C639745,st_struct_pedestal/90824,st_struct_pedestal/94242
ug_route/220295,OSP:BUSP:C657353,st_struct_pedestal/93018,st_struct_pedestal/93843
ug_route/220296,OSP:BUSP:C704726,st_struct_pedestal/91125,st_struct_pedestal/91112
ug_route/220297,OSP:BUSP:C637443,st_struct_pedestal/92160,building/68098
ug_route/220298,OSP:BUSP:C648224,st_struct_pedestal/94256,st_struct_pedestal/91069
ug_route/220299,OSP:BUSP:C671029,st_struct_pedestal/93945,st_struct_pedestal/90998
ug_route/220300,OSP:BUSP:C643472,st_struct_pedestal/93556,st_struct_pedestal/90643
ug_route/220301,OSP:BUSP:C648235,st_struct_pedestal/94256,st_struct_pedestal/91069
ug_route/220302,OSP:BUSP:C643494,st_struct_pedestal/93556,st_struct_pedestal/90643
ug_route/220303,OSP:BUSP:C656428,mywcom_route_junction/27244,st_struct_pedestal/93433
ug_route/220304,OSP:BUSP:C681974,st_struct_pedestal/91119,st_struct_pedestal/93792
ug_route/220305,OSP:BUSP:C654048,st_struct_pedestal/93197,st_struct_pedestal/90642
ug_route/220306,OSP:BUSP:C668035,st_struct_pedestal/91785,st_struct_pedestal/92391
ug_route/220307,OSP:BUSP:C668239,st_struct_pedestal/91785,st_struct_pedestal/92391
ug_route/220308,OSP:BUSP:C653819,st_struct_pedestal/93197,st_struct_pedestal/92218
ug_route/220309,OSP:BUSP:C653847,st_struct_pedestal/93197,st_struct_pedestal/92218
ug_route/220310,OSP:BUSP:C658030,st_struct_pedestal/94300,mywcom_route_junction/28098
ug_route/220311,OSP:BUSP:C652017,st_struct_pedestal/92154,st_struct_pedestal/92341
ug_route/220312,OSP:BUSP:C651995,st_struct_pedestal/92154,st_struct_pedestal/92341
ug_route/220313,OSP:BUSP:C637427,st_struct_pedestal/94306,st_struct_pedestal/91899
ug_route/220314,OSP:BUSP:C642174,st_struct_pedestal/91483,st_struct_pedestal/92920
ug_route/220315,OSP:BUSP:C659282,st_struct_pedestal/91850,st_struct_pedestal/92032
ug_route/220316,OSP:BUSP:C668981,st_struct_pedestal/92121,st_struct_pedestal/91860
ug_route/220317,OSP:BUSP:C651129,st_struct_pedestal/93662,st_struct_pedestal/90886
ug_route/220318,OSP:BUSP:C656487,st_struct_pedestal/94069,st_struct_pedestal/92380
ug_route/220319,OSP:BUSP:C669011,st_struct_pedestal/92121,st_struct_pedestal/91860
ug_route/220320,OSP:BUSP:C656135,st_struct_pedestal/91645,st_struct_pedestal/91963
ug_route/220321,OSP:BUSP:C651194,st_struct_pedestal/93662,st_struct_pedestal/90886
ug_route/220322,OSP:BUSP:C643532,st_struct_pedestal/91844,st_struct_pedestal/92954
ug_route/220323,OSP:BUSP::10613941,st_struct_pedestal/94266,st_struct_pedestal/92298
ug_route/220324,OSP:BUSP:C656494,st_struct_pedestal/94069,st_struct_pedestal/91220
ug_route/220325,OSP:BUSP:C656491,st_struct_pedestal/94069,st_struct_pedestal/92380
ug_route/220326,OSP:BUSP:C640519,st_struct_pedestal/93388,building/67593
ug_route/220327,OSP:BUSP:C650422,st_struct_pedestal/91323,st_struct_pedestal/90956
ug_route/220328,OSP:BUSP:C655380,st_struct_pedestal/91236,st_struct_pedestal/90686
ug_route/220329,OSP:BUSP:C642884,st_struct_pedestal/94228,building/67096
ug_route/220330,OSP:BUSP:C658795,st_struct_pedestal/90554,st_struct_pedestal/93362
ug_route/220331,OSP:BUSP:C641908,st_struct_pedestal/92872,st_struct_pedestal/94128
ug_route/220332,OSP:BUSP:C639740,st_struct_pedestal/94242,st_struct_pedestal/91418
ug_route/220333,OSP:BUSP:C642350,st_struct_pedestal/93452,st_struct_pedestal/90771
ug_route/220334,OSP:BUSP:C639735,st_struct_pedestal/94242,st_struct_pedestal/91418
ug_route/220335,OSP:BUSP:C640939,st_struct_pedestal/90689,building/66467
ug_route/220336,OSP:BUSP:C661122,st_struct_pedestal/93385,building/67115
ug_route/220337,OSP:BUSP:C639483,st_struct_pedestal/94089,st_struct_pedestal/90939
ug_route/220338,OSP:BUSP:C653653,st_struct_pedestal/90655,st_struct_pedestal/92441
ug_route/220339,OSP:BUSP:C668829,st_struct_buried_splice_location/3876,st_struct_buried_splice_location/3941
ug_route/220340,OSP:BUSP:C656169,st_struct_pedestal/90696,st_struct_pedestal/91954
ug_route/220341,OSP:BUSP:C639491,st_struct_pedestal/90939,st_struct_pedestal/93430
ug_route/220342,OSP:BUSP:D8186356,st_struct_buried_splice_location/3941,st_struct_buried_splice_location/3876
ug_route/220343,OSP:BUSP:C653077,st_struct_pedestal/90570,st_struct_pedestal/94070
ug_route/220344,OSP:BUSP:C658449,st_struct_pedestal/92528,st_struct_pedestal/92812
ug_route/220345,OSP:BUSP:C656370,st_struct_pedestal/92207,st_struct_pedestal/92890
ug_route/220346,OSP:BUSP:C655328,st_struct_pedestal/90566,st_struct_pedestal/91738
ug_route/220347,OSP:BUSP:C658480,st_struct_pedestal/92528,st_struct_pedestal/92812
ug_route/220366,OSP:BUSP:C637485,st_struct_pedestal/90948,building/66988
ug_route/220348,OSP:BUSP:C704626,st_struct_pedestal/91112,st_struct_pedestal/90557
ug_route/220349,OSP:BUSP:C656373,st_struct_pedestal/92207,st_struct_pedestal/92890
ug_route/220350,OSP:BUSP:C655347,st_struct_pedestal/90566,st_struct_pedestal/91738
ug_route/220351,OSP:BUSP:C641932,st_struct_pedestal/93096,st_struct_pedestal/92183
ug_route/220352,OSP:BUSP:C642124,st_struct_pedestal/90610,st_struct_pedestal/93215
ug_route/220353,OSP:BUSP:C648019,st_struct_pedestal/91370,st_struct_pedestal/92625
ug_route/220354,OSP:BUSP:C642217,st_struct_pedestal/90610,st_struct_pedestal/93215
ug_route/220355,OSP:BUSP:C648092,st_struct_pedestal/91370,st_struct_pedestal/92625
ug_route/220356,OSP:BUSP:C646470,st_struct_pedestal/92739,st_struct_pedestal/90573
ug_route/220357,OSP:BUSP:C658809,st_struct_pedestal/90554,mywcom_route_junction/27811
ug_route/220358,OSP:BUSP:C652815,st_struct_pedestal/94129,st_struct_pedestal/92800
ug_route/220359,OSP:BUSP::10613628,st_struct_pedestal/93105,st_struct_pedestal/90997
ug_route/220360,OSP:BUSP:C646528,st_struct_pedestal/92739,st_struct_pedestal/90573
ug_route/220361,OSP:BUSP:C660183,st_struct_pedestal/93163,st_struct_pedestal/92850
ug_route/220362,OSP:BUSP:C654854,st_struct_pedestal/91315,st_struct_pedestal/93253
ug_route/220363,OSP:BUSP:C652903,st_struct_pedestal/94129,st_struct_pedestal/92800
ug_route/220364,OSP:BUSP:C655199,st_struct_pedestal/92966,building/66557
ug_route/220365,OSP:BUSP::12882815,st_struct_pedestal/90589,st_struct_pedestal/93446
ug_route/220367,OSP:BUSP:C641504,st_struct_pedestal/93096,st_struct_pedestal/92183
ug_route/220368,OSP:BUSP:C642235,st_struct_pedestal/92123,st_struct_pedestal/92846
ug_route/220369,OSP:BUSP:C641853,st_struct_pedestal/93674,building/68123
ug_route/220370,OSP:BUSP:C658825,st_struct_pedestal/92553,st_struct_pedestal/94230
ug_route/220371,OSP:BUSP:C653657,st_struct_pedestal/90655,st_struct_pedestal/92441
ug_route/220372,OSP:BUSP:C652905,st_struct_pedestal/94129,st_struct_pedestal/92800
ug_route/220373,OSP:BUSP:C658302,st_struct_pedestal/92485,building/68546
ug_route/220374,OSP:BUSP:C652906,st_struct_pedestal/94129,st_struct_pedestal/92800
ug_route/220375,OSP:BUSP:C658964,st_struct_pedestal/90835,st_struct_pedestal/90664
ug_route/220376,OSP:BUSP:C642173,st_struct_pedestal/92123,st_struct_pedestal/92846
ug_route/220377,OSP:BUSP:C640083,st_struct_pedestal/94031,st_struct_pedestal/90697
ug_route/220378,OSP:BUSP:C648586,st_struct_pedestal/91654,st_struct_pedestal/93227
ug_route/220379,OSP:BUSP:C655402,st_struct_pedestal/94052,st_struct_pedestal/90680
ug_route/220380,OSP:BUSP:C641856,st_struct_pedestal/93674,st_struct_pedestal/93442
ug_route/220381,OSP:BUSP:C654827,st_struct_pedestal/91902,st_struct_pedestal/90653
ug_route/220382,OSP:BUSP:C655024,st_struct_pedestal/90933,st_struct_pedestal/90685
ug_route/220383,OSP:BUSP:C640087,st_struct_pedestal/94031,st_struct_pedestal/90697
ug_route/220384,OSP:BUSP:C657152,st_struct_pedestal/91654,st_struct_pedestal/93227
ug_route/220385,OSP:BUSP:C654630,st_struct_pedestal/94259,building/66958
ug_route/220386,OSP:BUSP:C641416,st_struct_pedestal/93909,st_struct_pedestal/93320
ug_route/220387,OSP:BUSP:C658986,st_struct_pedestal/90835,st_struct_pedestal/90664
ug_route/220388,OSP:BUSP:C652758,st_struct_pedestal/91358,st_struct_pedestal/93091
ug_route/220389,OSP:BUSP:C671041,st_struct_pedestal/94023,building/67694
ug_route/220390,OSP:BUSP:C705051,st_struct_pedestal/92297,st_struct_pedestal/91207
ug_route/220391,OSP:BUSP:C705047,st_struct_pedestal/92297,st_struct_pedestal/91207
ug_route/220392,OSP:BUSP:C651104,mywcom_route_junction/27290,mywcom_route_junction/28027
ug_route/220393,OSP:BUSP:C647396,st_struct_pedestal/91840,st_struct_pedestal/90684
ug_route/220394,OSP:BUSP:C656482,st_struct_pedestal/92380,st_struct_pedestal/90830
ug_route/220395,OSP:BUSP:C656484,st_struct_pedestal/91220,st_struct_pedestal/92762
ug_route/220396,OSP:BUSP:C645904,st_struct_pedestal/91059,st_struct_pedestal/94238
ug_route/220397,OSP:BUSP:C707878,st_struct_pedestal/92380,st_struct_pedestal/90830
ug_route/220398,OSP:BUSP:C658724,st_struct_pedestal/92020,building/67165
ug_route/220399,OSP:BUSP:C641788,st_struct_pedestal/90946,st_struct_pedestal/93370
ug_route/220400,OSP:BUSP:C668006,mywcom_route_junction/28227,mywcom_route_junction/27652
ug_route/220401,OSP:BUSP:C641760,st_struct_pedestal/90946,st_struct_pedestal/93370
ug_route/220402,OSP:BUSP:C653007,st_struct_pedestal/92022,st_struct_pedestal/92036
ug_route/220403,OSP:BUSP:C647947,st_struct_pedestal/92086,st_struct_pedestal/90682
ug_route/220404,OSP:BUSP:C649022,st_struct_pedestal/93309,building/68119
ug_route/220405,OSP:BUSP:C653153,st_struct_pedestal/93210,st_struct_pedestal/92728
ug_route/220406,OSP:BUSP:C652635,st_struct_pedestal/91781,st_struct_pedestal/91149
ug_route/220407,OSP:BUSP:C644364,st_struct_pedestal/92832,st_struct_pedestal/91115
ug_route/220408,OSP:BUSP:C653169,st_struct_pedestal/91781,st_struct_pedestal/91149
ug_route/220409,OSP:BUSP:C661053,st_struct_pedestal/93868,st_struct_pedestal/91976
ug_route/220410,OSP:BUSP:C661067,st_struct_pedestal/93868,st_struct_pedestal/91976
ug_route/220411,OSP:BUSP:C661025,st_struct_pedestal/92498,st_struct_pedestal/93459
ug_route/220412,OSP:BUSP:C681437,st_struct_pedestal/90688,st_struct_pedestal/92342
ug_route/220413,OSP:BUSP:C651097,st_struct_pedestal/92301,st_struct_pedestal/91697
ug_route/220414,OSP:BUSP:C646364,st_struct_pedestal/92241,st_struct_pedestal/92389
ug_route/220415,OSP:BUSP:C652692,st_struct_pedestal/91004,st_struct_pedestal/91988
ug_route/220416,OSP:BUSP:C655151,building/67643,st_struct_pedestal/92956
ug_route/220417,OSP:BUSP:C641970,st_struct_pedestal/93740,st_struct_pedestal/92944
ug_route/220418,OSP:BUSP:C640410,st_struct_pedestal/94028,st_struct_pedestal/93200
ug_route/220419,OSP:BUSP:C652712,st_struct_pedestal/91004,st_struct_pedestal/91988
ug_route/220420,OSP:BUSP:C655183,st_struct_pedestal/92671,st_struct_pedestal/92966
ug_route/220421,OSP:BUSP:C646493,st_struct_pedestal/92241,st_struct_pedestal/92389
ug_route/220422,OSP:BUSP:C641588,st_struct_pedestal/91598,st_struct_pedestal/92609
ug_route/220423,OSP:BUSP:C650329,st_struct_pedestal/92514,st_struct_pedestal/92496
ug_route/220424,OSP:BUSP:C683150,st_struct_buried_splice_location/3933,st_struct_buried_splice_location/3981
ug_route/220425,OSP:BUSP:C641995,st_struct_pedestal/93740,st_struct_pedestal/92944
ug_route/220426,OSP:BUSP:C650333,st_struct_pedestal/92514,st_struct_pedestal/92496
ug_route/220427,OSP:BUSP:C645322,st_struct_pedestal/92053,st_struct_pedestal/90974
ug_route/220428,OSP:BUSP:C646048,st_struct_pedestal/92029,st_struct_pedestal/93425
ug_route/220429,OSP:BUSP:C650332,st_struct_pedestal/92514,st_struct_pedestal/92496
ug_route/220430,OSP:BUSP:C706652,st_struct_pedestal/92960,st_struct_pedestal/92939
ug_route/220431,OSP:BUSP:C640633,st_struct_pedestal/92837,st_struct_pedestal/92239
ug_route/220432,OSP:BUSP:C639459,st_struct_pedestal/91820,st_struct_pedestal/90849
ug_route/220433,OSP:BUSP:C641799,st_struct_pedestal/91598,st_struct_pedestal/92609
ug_route/220434,OSP:BUSP:C651027,st_struct_pedestal/94022,st_struct_pedestal/90750
ug_route/220435,OSP:BUSP:C646159,st_struct_pedestal/92029,st_struct_pedestal/93425
ug_route/220436,OSP:BUSP:C639464,st_struct_pedestal/91820,st_struct_pedestal/90849
ug_route/220437,OSP:BUSP:C651038,st_struct_pedestal/94022,st_struct_pedestal/90750
ug_route/220438,OSP:BUSP:C639701,st_struct_pedestal/92423,st_struct_pedestal/93316
ug_route/220439,OSP:BUSP:C648758,st_struct_pedestal/93126,st_struct_pedestal/91065
ug_route/220440,OSP:BUSP::7622213,st_struct_pedestal/94201,st_struct_pedestal/92395
ug_route/220441,OSP:BUSP:C648804,st_struct_pedestal/93126,st_struct_pedestal/91065
ug_route/220442,OSP:BUSP:C710216,st_struct_pedestal/92259,st_struct_buried_splice_location/3998
ug_route/220443,OSP:BUSP:C646070,st_struct_pedestal/90721,st_struct_pedestal/91305
ug_route/220444,OSP:BUSP:C640454,st_struct_pedestal/90892,st_struct_pedestal/93388
ug_route/220445,OSP:BUSP:C654720,st_struct_pedestal/90883,st_struct_pedestal/93202
ug_route/220446,OSP:BUSP:C645933,st_struct_pedestal/92736,st_struct_pedestal/91861
ug_route/220447,OSP:BUSP:C661097,st_struct_pedestal/92669,st_struct_buried_splice_location/3909
ug_route/220448,OSP:BUSP:C653075,st_struct_pedestal/92238,st_struct_pedestal/90570
ug_route/220449,OSP:BUSP::7611824,st_struct_pedestal/91111,st_struct_pedestal/94335
ug_route/220450,OSP:BUSP:C660583,st_struct_pedestal/94317,st_struct_pedestal/93756
ug_route/220451,OSP:BUSP:C653135,st_struct_pedestal/92238,st_struct_pedestal/90570
ug_route/220452,OSP:BUSP:C659275,st_struct_pedestal/93735,st_struct_pedestal/93112
ug_route/220453,OSP:BUSP:C661107,st_struct_pedestal/92669,st_struct_buried_splice_location/3991
ug_route/220454,OSP:BUSP:C640461,st_struct_pedestal/90892,st_struct_pedestal/93388
ug_route/220455,OSP:BUSP:C661224,st_struct_pedestal/91537,mywcom_route_junction/27226
ug_route/220456,OSP:BUSP:C647716,st_struct_pedestal/93094,st_struct_pedestal/93151
ug_route/220457,OSP:BUSP:C657940,st_struct_pedestal/90857,st_struct_pedestal/92285
ug_route/220458,OSP:BUSP:C658866,st_struct_pedestal/91363,st_struct_pedestal/92059
ug_route/220459,OSP:BUSP:C652021,st_struct_pedestal/91520,st_struct_pedestal/93315
ug_route/220460,OSP:BUSP:C641259,st_struct_pedestal/91155,st_struct_pedestal/92286
ug_route/220461,OSP:BUSP:C652019,st_struct_pedestal/91520,st_struct_pedestal/93315
ug_route/220462,OSP:BUSP:C639475,st_struct_pedestal/93805,st_struct_pedestal/93387
ug_route/220480,OSP:BUSP:C705427,st_struct_pedestal/93602,st_struct_pedestal/93973
ug_route/220463,OSP:BUSP:C651620,st_struct_pedestal/90621,st_struct_pedestal/90691
ug_route/220464,OSP:BUSP:C644114,st_struct_pedestal/92453,st_struct_pedestal/93560
ug_route/220465,OSP:BUSP:C641559,st_struct_pedestal/91156,st_struct_pedestal/92439
ug_route/220466,OSP:BUSP:C657942,st_struct_pedestal/90857,st_struct_pedestal/92285
ug_route/220467,OSP:BUSP:C654530,st_struct_pedestal/91964,st_struct_pedestal/93475
ug_route/220468,OSP:BUSP:C659511,st_struct_pedestal/94123,st_struct_pedestal/92883
ug_route/220469,OSP:BUSP:C648355,st_struct_pedestal/93483,st_struct_pedestal/92626
ug_route/220470,OSP:BUSP:C644117,st_struct_pedestal/92453,st_struct_pedestal/93560
ug_route/220471,OSP:BUSP:C641273,st_struct_pedestal/91155,st_struct_pedestal/92286
ug_route/220472,OSP:BUSP:C665581,st_struct_pedestal/91786,st_struct_pedestal/93143
ug_route/220473,OSP:BUSP:C659518,st_struct_pedestal/94123,st_struct_pedestal/92883
ug_route/220474,OSP:BUSP:C708176,st_struct_pedestal/92760,st_struct_pedestal/92366
ug_route/220475,OSP:BUSP:C649681,st_struct_pedestal/93483,st_struct_pedestal/92626
ug_route/220476,OSP:BUSP:C708041,st_struct_pedestal/92267,st_struct_pedestal/91964
ug_route/220477,OSP:BUSP:C671146,st_struct_pedestal/91473,st_struct_pedestal/91035
ug_route/220478,OSP:BUSP:C665585,st_struct_pedestal/91786,st_struct_pedestal/93143
ug_route/220479,OSP:BUSP:C648065,st_struct_pedestal/92965,st_struct_pedestal/91847
ug_route/220481,OSP:BUSP:C648197,st_struct_pedestal/92965,st_struct_pedestal/91847
ug_route/220482,OSP:BUSP:C705428,st_struct_pedestal/93602,st_struct_pedestal/93973
ug_route/220483,OSP:BUSP:C705429,st_struct_pedestal/93602,st_struct_pedestal/93973
ug_route/220484,OSP:BUSP:C709098,st_struct_pedestal/91963,st_struct_pedestal/91359
ug_route/220485,OSP:BUSP:C659755,st_struct_pedestal/93555,st_struct_pedestal/93431
ug_route/220486,OSP:BUSP:C660112,st_struct_pedestal/91565,st_struct_pedestal/92743
ug_route/220487,OSP:BUSP:C663206,st_struct_pedestal/93550,st_struct_pedestal/94331
ug_route/220488,OSP:BUSP:C705424,st_struct_pedestal/93602,st_struct_pedestal/93973
ug_route/220489,OSP:BUSP:C653002,st_struct_pedestal/90863,st_struct_pedestal/92022
ug_route/220490,OSP:BUSP:C652999,st_struct_pedestal/91973,st_struct_pedestal/90863
ug_route/220491,OSP:BUSP:C646383,st_struct_pedestal/92389,st_struct_pedestal/93681
ug_route/220492,OSP:BUSP:C708211,st_struct_pedestal/91832,st_struct_pedestal/94002
ug_route/220493,OSP:BUSP:C708210,st_struct_pedestal/91832,st_struct_pedestal/94002
ug_route/220494,OSP:BUSP:C646495,st_struct_pedestal/92389,st_struct_pedestal/93681
ug_route/220495,OSP:BUSP:C648038,st_struct_pedestal/93924,st_struct_pedestal/91660
ug_route/220496,OSP:BUSP:C650498,st_struct_pedestal/90659,st_struct_pedestal/92096
ug_route/220497,OSP:BUSP:C642087,st_struct_pedestal/94128,st_struct_pedestal/91517
ug_route/220498,OSP:BUSP:C657449,st_struct_pedestal/93555,st_struct_pedestal/93431
ug_route/220499,OSP:BUSP:C668200,st_struct_pedestal/93444,st_struct_pedestal/93597
ug_route/220500,OSP:BUSP:C659638,st_struct_pedestal/92918,st_struct_pedestal/91064
ug_route/220501,OSP:BUSP:C665667,st_struct_pedestal/93444,st_struct_pedestal/93926
ug_route/220567,OSP:BUSP:C708137,st_struct_pedestal/94119,st_struct_pedestal/94148
ug_route/220502,OSP:BUSP:C706625,st_struct_pedestal/93046,st_struct_pedestal/94227
ug_route/220503,OSP:BUSP:C645375,st_struct_pedestal/91095,st_struct_pedestal/94175
ug_route/220504,OSP:BUSP:C660937,st_struct_pedestal/92655,st_struct_pedestal/91768
ug_route/220505,OSP:BUSP:C653277,st_struct_pedestal/92061,st_struct_pedestal/92368
ug_route/220506,OSP:BUSP:C650409,st_struct_pedestal/92206,st_struct_pedestal/93683
ug_route/220507,OSP:BUSP:C660989,st_struct_pedestal/92655,st_struct_pedestal/91768
ug_route/220508,OSP:BUSP:C660177,st_struct_pedestal/91565,st_struct_pedestal/92743
ug_route/220509,OSP:BUSP:C637456,st_struct_pedestal/91834,st_struct_pedestal/92753
ug_route/220510,OSP:BUSP:C660002,st_struct_pedestal/90834,building/68438
ug_route/220511,OSP:BUSP:C659642,st_struct_pedestal/92918,st_struct_pedestal/91064
ug_route/220512,OSP:BUSP:C710215,st_struct_pedestal/92259,st_struct_buried_splice_location/3941
ug_route/220513,OSP:BUSP:C652037,st_struct_pedestal/92792,st_struct_pedestal/92186
ug_route/220514,OSP:BUSP::7683748,st_struct_pedestal/91732,st_struct_pedestal/93066
ug_route/220515,OSP:BUSP:C647651,st_struct_pedestal/92480,st_struct_pedestal/93919
ug_route/220516,OSP:BUSP:C654640,st_struct_pedestal/93475,st_struct_pedestal/90883
ug_route/220517,OSP:BUSP:C653553,st_struct_pedestal/92954,st_struct_pedestal/90934
ug_route/220518,OSP:BUSP:C640754,st_struct_pedestal/92964,st_struct_pedestal/92039
ug_route/220519,OSP:BUSP::7611821,st_struct_pedestal/94339,st_struct_pedestal/94251
ug_route/220520,OSP:BUSP:C653150,st_struct_pedestal/93591,st_struct_pedestal/92217
ug_route/220521,OSP:BUSP:C640342,st_struct_pedestal/92463,st_struct_pedestal/91197
ug_route/220522,OSP:BUSP:C644130,st_struct_pedestal/92896,st_struct_pedestal/92493
ug_route/220523,OSP:BUSP:C643469,st_struct_pedestal/91152,st_struct_pedestal/93677
ug_route/220524,OSP:BUSP:C669807,st_struct_pedestal/93066,mywcom_route_junction/27806
ug_route/220525,OSP:BUSP:C656489,st_struct_pedestal/92953,mywcom_route_junction/27892
ug_route/220526,OSP:BUSP:C643835,st_struct_pedestal/93503,building/67500
ug_route/220527,OSP:BUSP:C650378,st_struct_pedestal/91908,st_struct_pedestal/91534
ug_route/220528,OSP:BUSP:C643847,st_struct_pedestal/91900,st_struct_pedestal/93212
ug_route/220529,OSP:BUSP:C643814,st_struct_pedestal/91900,st_struct_pedestal/93212
ug_route/220530,OSP:BUSP:C641480,st_struct_pedestal/93228,st_struct_pedestal/93593
ug_route/220531,OSP:BUSP:C641954,st_struct_pedestal/93228,st_struct_pedestal/93593
ug_route/220532,OSP:BUSP:C650427,st_struct_pedestal/91908,st_struct_pedestal/91534
ug_route/220533,OSP:BUSP:C659544,st_struct_pedestal/93432,st_struct_pedestal/93601
ug_route/220534,OSP:BUSP:C658750,st_struct_pedestal/92469,st_struct_pedestal/90554
ug_route/220535,OSP:BUSP:C637426,st_struct_pedestal/92162,st_struct_pedestal/94306
ug_route/220536,OSP:BUSP:C644021,st_struct_pedestal/92952,st_struct_pedestal/94250
ug_route/220537,OSP:BUSP:C646421,st_struct_pedestal/93921,st_struct_pedestal/91608
ug_route/220538,OSP:BUSP:C640965,st_struct_pedestal/93088,st_struct_pedestal/92735
ug_route/220539,OSP:BUSP:C657014,st_struct_pedestal/93720,st_struct_pedestal/91994
ug_route/220540,OSP:BUSP:C656524,st_struct_pedestal/90682,st_struct_pedestal/90827
ug_route/220541,OSP:BUSP:C646510,st_struct_pedestal/93921,st_struct_pedestal/91608
ug_route/220542,OSP:BUSP:C648747,st_struct_pedestal/92320,st_struct_pedestal/94136
ug_route/220543,OSP:BUSP:C658766,st_struct_pedestal/92469,st_struct_pedestal/90554
ug_route/220544,OSP:BUSP:C708212,st_struct_pedestal/92469,st_struct_pedestal/90554
ug_route/220545,OSP:BUSP:C648753,st_struct_pedestal/92320,st_struct_pedestal/94136
ug_route/220546,OSP:BUSP:C656140,st_struct_pedestal/91191,st_struct_pedestal/94307
ug_route/220547,OSP:BUSP:C654425,st_struct_pedestal/93915,st_struct_pedestal/91694
ug_route/220548,OSP:BUSP:C640970,st_struct_pedestal/92735,st_struct_pedestal/92951
ug_route/220549,OSP:BUSP:C653567,st_struct_pedestal/93975,st_struct_pedestal/93390
ug_route/220550,OSP:BUSP:C654448,st_struct_pedestal/93915,st_struct_pedestal/91694
ug_route/220551,OSP:BUSP:C654602,st_struct_pedestal/94069,st_struct_pedestal/94274
ug_route/220552,OSP:BUSP:C648142,st_struct_pedestal/94255,st_struct_pedestal/94211
ug_route/220553,OSP:BUSP:C654683,st_struct_pedestal/94069,st_struct_pedestal/94274
ug_route/220554,OSP:BUSP:C654451,st_struct_pedestal/93915,st_struct_pedestal/91694
ug_route/220555,OSP:BUSP:C660796,st_struct_pedestal/94148,st_struct_pedestal/93837
ug_route/220556,OSP:BUSP:C641555,st_struct_pedestal/92050,st_struct_pedestal/91156
ug_route/220557,OSP:BUSP:C657899,st_struct_pedestal/90857,st_struct_pedestal/92285
ug_route/220558,OSP:BUSP:C660828,st_struct_pedestal/90903,st_struct_pedestal/92533
ug_route/220559,OSP:BUSP:C654686,st_struct_pedestal/94069,st_struct_pedestal/94274
ug_route/220560,OSP:BUSP:C665710,st_struct_pedestal/91162,st_struct_pedestal/91071
ug_route/220561,OSP:BUSP:C648041,st_struct_pedestal/91660,st_struct_pedestal/94255
ug_route/220562,OSP:BUSP:C650534,st_struct_pedestal/90577,st_struct_pedestal/93686
ug_route/220563,OSP:BUSP:C644024,st_struct_pedestal/92952,st_struct_pedestal/94250
ug_route/220564,OSP:BUSP:C651224,st_struct_pedestal/90832,st_struct_pedestal/90941
ug_route/220565,OSP:BUSP:C656485,st_struct_pedestal/92953,building/67647
ug_route/220566,OSP:BUSP:C665712,st_struct_pedestal/91162,st_struct_pedestal/91071
ug_route/220568,OSP:BUSP::12178793,st_struct_pedestal/93919,st_struct_pedestal/93687
ug_route/220569,OSP:BUSP:C642860,st_struct_pedestal/94228,st_struct_pedestal/93543
ug_route/220570,OSP:BUSP:C651343,st_struct_pedestal/92130,st_struct_pedestal/93515
ug_route/220571,OSP:BUSP:C640193,st_struct_pedestal/91061,st_struct_pedestal/90818
ug_route/220572,OSP:BUSP:C705156,st_struct_buried_splice_location/3986,building/67848
ug_route/220573,OSP:BUSP:C648527,st_struct_pedestal/91464,st_struct_pedestal/94062
ug_route/220574,OSP:BUSP:C660075,st_struct_pedestal/92624,st_struct_pedestal/92165
ug_route/220575,OSP:BUSP:C659572,st_struct_pedestal/93666,st_struct_pedestal/92990
ug_route/220576,OSP:BUSP:C660077,st_struct_pedestal/92165,st_struct_pedestal/92624
ug_route/220577,OSP:BUSP:C648539,st_struct_pedestal/91464,st_struct_pedestal/94062
ug_route/220578,OSP:BUSP:C639003,st_struct_pedestal/94193,st_struct_pedestal/92063
ug_route/220579,OSP:BUSP:C707561,st_struct_pedestal/92032,st_struct_pedestal/90657
ug_route/220580,OSP:BUSP:C656148,st_struct_pedestal/94307,st_struct_pedestal/90696
ug_route/220581,OSP:BUSP:C643211,st_struct_pedestal/92123,st_struct_pedestal/92030
ug_route/220582,OSP:BUSP:C658245,st_struct_pedestal/92785,st_struct_pedestal/91161
ug_route/220583,OSP:BUSP:C648064,st_struct_pedestal/94310,st_struct_pedestal/92965
ug_route/220584,OSP:BUSP:C639006,st_struct_pedestal/94193,st_struct_pedestal/92063
ug_route/220585,OSP:BUSP:C639585,st_struct_pedestal/93805,st_struct_pedestal/93847
ug_route/220586,OSP:BUSP:C643208,st_struct_pedestal/92123,st_struct_pedestal/92030
ug_route/220587,OSP:BUSP::8657430,st_struct_pedestal/92054,st_struct_pedestal/91971
ug_route/220588,OSP:BUSP:C658307,st_struct_pedestal/92785,st_struct_pedestal/91161
ug_route/220589,OSP:BUSP:C648195,st_struct_pedestal/94310,st_struct_pedestal/92965
ug_route/220590,OSP:BUSP:C642092,st_struct_pedestal/91517,st_struct_pedestal/91512
ug_route/220591,OSP:BUSP:C658758,st_struct_pedestal/91011,st_struct_pedestal/92140
ug_route/220592,OSP:BUSP:C648757,st_struct_pedestal/92523,st_struct_pedestal/93126
ug_route/220593,OSP:BUSP:C658772,st_struct_pedestal/91011,st_struct_pedestal/92140
ug_route/220594,OSP:BUSP:C665966,st_struct_pedestal/92732,st_struct_pedestal/91922
ug_route/220595,OSP:BUSP:C641429,st_struct_pedestal/91698,st_struct_pedestal/90567
ug_route/220596,OSP:BUSP:C641277,st_struct_pedestal/92749,st_struct_pedestal/90864
ug_route/220597,OSP:BUSP:C648803,st_struct_pedestal/92523,st_struct_pedestal/93126
ug_route/220598,OSP:BUSP:C649696,st_struct_pedestal/94248,st_struct_pedestal/93600
ug_route/220599,OSP:BUSP:C651213,st_struct_pedestal/92343,mywcom_route_junction/27399
ug_route/220600,OSP:BUSP:C641283,st_struct_pedestal/92749,st_struct_pedestal/90864
ug_route/220601,OSP:BUSP:C637439,st_struct_pedestal/91053,st_struct_pedestal/91903
ug_route/220602,OSP:BUSP:C650417,st_struct_pedestal/92229,st_struct_pedestal/92627
ug_route/220603,OSP:BUSP:C650527,st_struct_pedestal/94275,st_struct_pedestal/93567
ug_route/220604,OSP:BUSP:C710118,st_struct_pedestal/93090,building/68481
ug_route/220605,OSP:BUSP:C650491,st_struct_pedestal/90956,st_struct_pedestal/90659
ug_route/220606,OSP:BUSP::8607520,st_struct_buried_splice_location/3877,st_struct_pedestal/92121
ug_route/220607,OSP:BUSP:C659710,st_struct_pedestal/94252,st_struct_pedestal/94191
ug_route/220608,OSP:BUSP:C655395,st_struct_pedestal/92891,st_struct_pedestal/94052
ug_route/220609,OSP:BUSP:C657426,st_struct_pedestal/94252,st_struct_pedestal/94191
ug_route/220610,OSP:BUSP:C650414,st_struct_pedestal/94092,st_struct_pedestal/92849
ug_route/220611,OSP:BUSP:C650535,st_struct_pedestal/93686,st_struct_pedestal/90635
ug_route/220612,OSP:BUSP:C654803,st_struct_pedestal/92379,st_struct_pedestal/90831
ug_route/220613,OSP:BUSP:C665679,st_struct_pedestal/93597,st_struct_pedestal/91162
ug_route/220614,OSP:BUSP:C647684,st_struct_pedestal/93458,building/66505
ug_route/220615,OSP:BUSP:C665681,st_struct_pedestal/93597,st_struct_pedestal/91162
ug_route/220616,OSP:BUSP:C645879,st_struct_pedestal/91600,st_struct_pedestal/91059
ug_route/220617,OSP:BUSP:C658812,mywcom_route_junction/28158,mywcom_route_junction/27667
ug_route/220618,OSP:BUSP:C665682,st_struct_pedestal/93597,st_struct_pedestal/91162
ug_route/220619,OSP:BUSP:C658823,st_struct_pedestal/92553,building/68231
ug_route/220620,OSP:BUSP:C655416,st_struct_pedestal/92891,building/66264
ug_route/220621,OSP:BUSP:C651089,st_struct_pedestal/91569,st_struct_pedestal/94071
ug_route/220622,OSP:BUSP:C639056,st_struct_pedestal/92382,st_struct_pedestal/92089
ug_route/220623,OSP:BUSP:C637425,st_struct_pedestal/91903,st_struct_pedestal/92162
ug_route/220624,OSP:BUSP::8657432,st_struct_pedestal/91971,st_struct_pedestal/93688
ug_route/220625,OSP:BUSP::13453063,st_struct_pedestal/92642,st_struct_pedestal/92971
ug_route/220626,OSP:BUSP:C708154,st_struct_pedestal/92366,st_struct_pedestal/94288
ug_route/220627,OSP:BUSP:C648044,st_struct_pedestal/94255,st_struct_pedestal/91716
ug_route/220628,OSP:BUSP:C637440,st_struct_pedestal/91903,st_struct_pedestal/92162
ug_route/220629,OSP:BUSP:C648160,st_struct_pedestal/94255,st_struct_pedestal/91716
ug_route/220630,OSP:BUSP:C656986,st_struct_pedestal/93606,st_struct_pedestal/92462
ug_route/220631,OSP:BUSP:C639588,st_struct_pedestal/93847,building/68425
ug_route/220632,OSP:BUSP::8501586,st_struct_pedestal/91589,st_struct_pedestal/93226
ug_route/220633,OSP:BUSP:C665937,st_struct_pedestal/92268,st_struct_pedestal/92997
ug_route/220634,OSP:BUSP:C659569,st_struct_pedestal/92990,st_struct_pedestal/92269
ug_route/220635,OSP:BUSP:C645277,st_struct_pedestal/91095,st_struct_pedestal/92053
ug_route/220636,OSP:BUSP:C658802,st_struct_pedestal/93362,st_struct_pedestal/92148
ug_route/220637,OSP:BUSP:C640297,st_struct_pedestal/90999,st_struct_pedestal/92839
ug_route/220638,OSP:BUSP:C669945,st_struct_pedestal/92259,st_struct_buried_splice_location/3998
ug_route/220639,OSP:BUSP:C640128,st_struct_pedestal/91009,st_struct_pedestal/92264
ug_route/220640,OSP:BUSP:C642320,st_struct_pedestal/91528,st_struct_pedestal/91598
ug_route/220641,OSP:BUSP:C642162,st_struct_pedestal/91318,st_struct_pedestal/92123
ug_route/220642,OSP:BUSP:C648523,st_struct_pedestal/93276,st_struct_pedestal/92967
ug_route/220643,OSP:BUSP:C640132,st_struct_pedestal/91009,st_struct_pedestal/92264
ug_route/220644,OSP:BUSP:C642232,st_struct_pedestal/91318,st_struct_pedestal/92123
ug_route/220645,OSP:BUSP:C642337,st_struct_pedestal/91528,st_struct_pedestal/91598
ug_route/220646,OSP:BUSP:C661018,st_struct_pedestal/93459,st_struct_pedestal/91832
ug_route/220647,OSP:BUSP:C640076,st_struct_pedestal/92163,st_struct_pedestal/94031
ug_route/220648,OSP:BUSP:C641304,st_struct_pedestal/92749,st_struct_pedestal/94233
ug_route/220649,OSP:BUSP:C641938,st_struct_pedestal/94128,st_struct_pedestal/93497
ug_route/220650,OSP:BUSP:C668288,st_struct_pedestal/93459,st_struct_pedestal/91832
ug_route/220651,OSP:BUSP:C640080,st_struct_pedestal/92163,st_struct_pedestal/94031
ug_route/220652,OSP:BUSP:C644005,st_struct_pedestal/92050,st_struct_pedestal/92952
ug_route/220653,OSP:BUSP:C644000,st_struct_pedestal/92050,st_struct_pedestal/92952
ug_route/220654,OSP:BUSP:C637424,st_struct_pedestal/91053,st_struct_pedestal/91903
ug_route/220655,OSP:BUSP:C642038,st_struct_pedestal/94128,st_struct_pedestal/93497
ug_route/220656,OSP:BUSP:C652716,st_struct_pedestal/92158,st_struct_pedestal/91781
ug_route/220657,OSP:BUSP:C641330,st_struct_pedestal/92749,st_struct_pedestal/94233
ug_route/220658,OSP:BUSP:C652536,st_struct_pedestal/92158,st_struct_pedestal/91781
ug_route/220659,OSP:BUSP:C653152,st_struct_pedestal/91897,st_struct_pedestal/93210
ug_route/220660,OSP:BUSP:C704789,st_struct_pedestal/92944,st_struct_pedestal/92154
ug_route/220661,OSP:BUSP:C665656,st_struct_pedestal/93444,st_struct_pedestal/93597
ug_route/220662,OSP:BUSP:C704790,st_struct_pedestal/92944,st_struct_pedestal/92154
ug_route/220663,OSP:BUSP:C682231,st_struct_pedestal/91181,st_struct_pedestal/90590
ug_route/220664,OSP:BUSP:C653167,st_struct_pedestal/92158,st_struct_pedestal/91781
ug_route/220665,OSP:BUSP:C640170,st_struct_pedestal/90764,st_struct_pedestal/91061
ug_route/220666,OSP:BUSP:C704809,st_struct_pedestal/94035,st_struct_pedestal/92406
ug_route/220667,OSP:BUSP:C659754,st_struct_pedestal/93209,st_struct_pedestal/93555
ug_route/220668,OSP:BUSP:C669150,st_struct_pedestal/93392,st_struct_pedestal/93354
ug_route/220669,OSP:BUSP:C657447,st_struct_pedestal/93209,st_struct_pedestal/93555
ug_route/220670,OSP:BUSP:C641553,st_struct_pedestal/92729,st_struct_buried_splice_location/3908
ug_route/220671,OSP:BUSP:C708247,st_struct_pedestal/93392,st_struct_pedestal/93354
ug_route/220672,OSP:BUSP:C637410,st_struct_pedestal/91609,st_struct_pedestal/93562
ug_route/220673,OSP:BUSP:C682236,st_struct_pedestal/91181,st_struct_pedestal/90590
ug_route/220674,OSP:BUSP:C665502,st_struct_pedestal/93734,st_struct_pedestal/93568
ug_route/220675,OSP:BUSP:C669166,st_struct_pedestal/93392,st_struct_pedestal/93354
ug_route/220676,OSP:BUSP:C707047,st_struct_pedestal/91484,mywcom_route_junction/28030
ug_route/220677,OSP:BUSP:C648594,st_struct_pedestal/94063,st_struct_pedestal/92621
ug_route/220678,OSP:BUSP:C665504,st_struct_pedestal/93734,st_struct_pedestal/93568
ug_route/220679,OSP:BUSP:C707049,st_struct_pedestal/91484,st_struct_pedestal/90607
ug_route/220680,OSP:BUSP:C681435,st_struct_pedestal/92342,st_struct_pedestal/92540
ug_route/220681,OSP:BUSP:C706618,st_struct_pedestal/91344,st_struct_pedestal/93046
ug_route/220682,OSP:BUSP:C710178,st_struct_pedestal/91852,st_struct_pedestal/91276
ug_route/220683,OSP:BUSP:C640596,st_struct_pedestal/92964,mywcom_route_junction/28170
ug_route/220684,OSP:BUSP:C669152,st_struct_pedestal/93354,st_struct_pedestal/92684
ug_route/220685,OSP:BUSP:C639458,st_struct_pedestal/93803,st_struct_pedestal/91820
ug_route/220686,OSP:BUSP:C639463,st_struct_pedestal/93803,st_struct_pedestal/91820
ug_route/220687,OSP:BUSP:C645916,st_struct_pedestal/94238,st_struct_pedestal/92789
ug_route/220688,OSP:BUSP:C669159,st_struct_pedestal/93354,st_struct_pedestal/92684
ug_route/220689,OSP:BUSP:C639680,st_struct_pedestal/93803,st_struct_pedestal/92423
ug_route/220690,OSP:BUSP:C642203,st_struct_pedestal/92846,st_struct_pedestal/92616
ug_route/220691,OSP:BUSP:C665726,mywcom_route_junction/28094,mywcom_route_junction/27506
ug_route/220692,OSP:BUSP:C638831,st_struct_pedestal/91198,st_struct_pedestal/91647
ug_route/220693,OSP:BUSP:C669173,st_struct_pedestal/93354,st_struct_pedestal/92684
ug_route/220694,OSP:BUSP:C642237,st_struct_pedestal/92846,st_struct_pedestal/92616
ug_route/220695,OSP:BUSP:C639721,st_struct_pedestal/93561,st_struct_pedestal/90824
ug_route/220696,OSP:BUSP:C648027,st_struct_pedestal/92625,st_struct_buried_splice_location/3957
ug_route/220697,OSP:BUSP:C648095,st_struct_pedestal/92625,st_struct_buried_splice_location/3864
ug_route/220698,OSP:BUSP:C641694,st_struct_pedestal/90569,st_struct_pedestal/91417
ug_route/220699,OSP:BUSP:C639726,st_struct_pedestal/93561,st_struct_pedestal/90824
ug_route/220700,OSP:BUSP:C654957,st_struct_pedestal/92725,st_struct_pedestal/93549
ug_route/220701,OSP:BUSP:C641727,st_struct_pedestal/90569,st_struct_pedestal/91417
ug_route/220702,OSP:BUSP:C646389,st_struct_pedestal/93681,st_struct_pedestal/94038
ug_route/220703,OSP:BUSP:C653177,st_struct_pedestal/92728,st_struct_pedestal/90832
ug_route/220704,OSP:BUSP:C646497,st_struct_pedestal/93681,st_struct_pedestal/94038
ug_route/220705,OSP:BUSP:C707051,st_struct_pedestal/92628,st_struct_pedestal/90607
ug_route/220706,OSP:BUSP:C681671,st_struct_pedestal/93075,st_struct_pedestal/93642
ug_route/220707,OSP:BUSP:C654960,st_struct_pedestal/90685,st_struct_pedestal/91357
ug_route/220708,OSP:BUSP:C639698,st_struct_pedestal/93803,st_struct_pedestal/92423
ug_route/220709,OSP:BUSP::12769397,st_struct_pedestal/92704,st_struct_pedestal/91248
ug_route/220710,OSP:BUSP:C654963,st_struct_pedestal/90685,st_struct_pedestal/91357
ug_route/220711,OSP:BUSP:C681673,st_struct_pedestal/93075,st_struct_pedestal/93642
ug_route/220772,OSP:BUSP:C646413,st_struct_pedestal/93814,st_struct_pedestal/93859
ug_route/220712,OSP:BUSP:C656947,st_struct_pedestal/92776,st_struct_pedestal/93707
ug_route/220713,OSP:BUSP:C658749,st_struct_pedestal/92914,st_struct_pedestal/92469
ug_route/220714,OSP:BUSP:C658767,st_struct_pedestal/92914,st_struct_pedestal/92469
ug_route/220715,OSP:BUSP:C658762,st_struct_pedestal/92914,st_struct_pedestal/92469
ug_route/220716,OSP:BUSP:C669806,st_struct_pedestal/93066,st_struct_buried_splice_location/3983
ug_route/220717,OSP:BUSP:C647211,st_struct_pedestal/93151,st_struct_pedestal/91893
ug_route/220718,OSP:BUSP:C640100,st_struct_pedestal/90697,st_struct_pedestal/91009
ug_route/220719,OSP:BUSP:C641254,st_struct_pedestal/94021,st_struct_pedestal/91155
ug_route/220720,OSP:BUSP:C639318,st_struct_pedestal/93434,building/66679
ug_route/220721,OSP:BUSP:C641268,st_struct_pedestal/94021,st_struct_pedestal/91155
ug_route/220722,OSP:BUSP:C706619,st_struct_pedestal/91344,st_struct_pedestal/93046
ug_route/220723,OSP:BUSP:C640107,st_struct_pedestal/90697,st_struct_pedestal/91009
ug_route/220724,OSP:BUSP:C641672,st_struct_pedestal/90693,st_struct_pedestal/90569
ug_route/220725,OSP:BUSP:C655037,st_struct_pedestal/91149,st_struct_pedestal/90685
ug_route/220726,OSP:BUSP:C655040,st_struct_pedestal/92728,st_struct_pedestal/92725
ug_route/220727,OSP:BUSP:C641270,st_struct_pedestal/94021,st_struct_pedestal/91155
ug_route/220728,OSP:BUSP:C648581,st_struct_pedestal/93703,st_struct_pedestal/91654
ug_route/220773,OSP:BUSP:C655166,st_struct_pedestal/91513,st_struct_pedestal/93512
ug_route/220729,OSP:BUSP:C661237,mywcom_route_junction/27246,mywcom_route_junction/27647
ug_route/220730,OSP:BUSP:C639476,st_struct_pedestal/93387,st_struct_pedestal/94089
ug_route/220731,OSP:BUSP:C645818,st_struct_pedestal/91779,st_struct_pedestal/92025
ug_route/220732,OSP:BUSP:C641681,st_struct_pedestal/90693,st_struct_pedestal/90569
ug_route/220733,OSP:BUSP:C655044,st_struct_pedestal/91149,st_struct_pedestal/90685
ug_route/220734,OSP:BUSP:C650416,st_struct_pedestal/92849,st_struct_pedestal/92229
ug_route/220735,OSP:BUSP::7611813,st_struct_pedestal/94341,st_struct_pedestal/91197
ug_route/220736,OSP:BUSP:C656537,st_struct_pedestal/94069,st_struct_pedestal/91694
ug_route/220737,OSP:BUSP:C666837,mywcom_route_junction/27246,mywcom_route_junction/27647
ug_route/220738,OSP:BUSP:C641207,st_struct_pedestal/93150,st_struct_pedestal/91125
ug_route/220739,OSP:BUSP:C656532,st_struct_pedestal/94069,st_struct_pedestal/91694
ug_route/220740,OSP:BUSP:C656534,st_struct_pedestal/94069,st_struct_pedestal/91694
ug_route/220741,OSP:BUSP:C707943,st_struct_pedestal/93908,st_struct_pedestal/92262
ug_route/220742,OSP:BUSP:C648585,st_struct_pedestal/93703,st_struct_pedestal/91654
ug_route/220743,OSP:BUSP:C653099,st_struct_pedestal/92033,st_struct_pedestal/91554
ug_route/220744,OSP:BUSP:C656964,st_struct_pedestal/93382,st_struct_pedestal/90669
ug_route/220745,OSP:BUSP:C653095,st_struct_pedestal/91128,st_struct_pedestal/92033
ug_route/220746,OSP:BUSP:C641811,st_struct_pedestal/91900,st_struct_pedestal/92660
ug_route/220747,OSP:BUSP:C651322,st_struct_pedestal/92769,building/68649
ug_route/220748,OSP:BUSP:C653096,st_struct_pedestal/91128,st_struct_pedestal/92033
ug_route/220749,OSP:BUSP:C706060,st_struct_pedestal/92384,building/67321
ug_route/220750,OSP:BUSP:C708169,st_struct_pedestal/90834,building/68438
ug_route/220751,OSP:BUSP:C650526,st_struct_pedestal/91024,st_struct_pedestal/94275
ug_route/220752,OSP:BUSP:C671062,st_struct_pedestal/91527,st_struct_pedestal/93344
ug_route/220753,OSP:BUSP:C657514,st_struct_pedestal/93431,st_struct_pedestal/94240
ug_route/220754,OSP:BUSP:C654855,mywcom_route_junction/27572,st_struct_pedestal/90653
ug_route/220755,OSP:BUSP:C653141,st_struct_pedestal/92217,st_struct_pedestal/94125
ug_route/220756,OSP:BUSP:C641600,st_struct_pedestal/93914,st_struct_pedestal/93207
ug_route/220757,OSP:BUSP:C658579,st_struct_pedestal/90565,st_struct_pedestal/92731
ug_route/220758,OSP:BUSP:C641847,st_struct_pedestal/93914,st_struct_pedestal/93207
ug_route/220759,OSP:BUSP:C650413,st_struct_pedestal/93683,st_struct_pedestal/94092
ug_route/220760,OSP:BUSP:C658432,st_struct_pedestal/93231,st_struct_pedestal/93588
ug_route/220761,OSP:BUSP:C641262,st_struct_pedestal/92286,st_struct_pedestal/92749
ug_route/220762,OSP:BUSP:C656404,st_struct_pedestal/92890,st_struct_pedestal/93668
ug_route/220763,OSP:BUSP:C651988,st_struct_pedestal/91648,building/66112
ug_route/220764,OSP:BUSP:C659984,st_struct_pedestal/92882,st_struct_pedestal/94319
ug_route/220765,OSP:BUSP:C640423,st_struct_pedestal/93200,st_struct_pedestal/90892
ug_route/220766,OSP:BUSP:C640869,mywcom_route_junction/27489,mywcom_route_junction/27684
ug_route/220767,OSP:BUSP:C641276,st_struct_pedestal/92286,st_struct_pedestal/92749
ug_route/220768,OSP:BUSP:C653558,st_struct_pedestal/90934,st_struct_pedestal/93975
ug_route/220769,OSP:BUSP:C654655,st_struct_pedestal/93093,st_struct_pedestal/92845
ug_route/220770,OSP:BUSP:C637404,st_struct_pedestal/92489,st_struct_pedestal/91609
ug_route/220771,OSP:BUSP:C646503,st_struct_pedestal/93814,st_struct_pedestal/93859
ug_route/220774,OSP:BUSP:C639316,st_struct_pedestal/93663,st_struct_pedestal/93434
ug_route/220775,OSP:BUSP:C639319,st_struct_pedestal/93663,st_struct_pedestal/93434
ug_route/220776,OSP:BUSP:C654659,st_struct_pedestal/93093,st_struct_pedestal/92845
ug_route/220777,OSP:BUSP:C656859,st_struct_pedestal/92559,st_struct_pedestal/91310
ug_route/220778,OSP:BUSP:C655149,st_struct_pedestal/91475,st_struct_pedestal/93798
ug_route/220779,OSP:BUSP::9195683,st_struct_pedestal/92090,building/66725
ug_route/220780,OSP:BUSP:C655332,st_struct_pedestal/90865,st_struct_pedestal/91720
ug_route/220781,OSP:BUSP::7611814,st_struct_pedestal/94338,st_struct_pedestal/91771
ug_route/220782,OSP:BUSP:C668991,st_struct_pedestal/94194,st_struct_pedestal/92121
ug_route/220783,OSP:BUSP:C657572,st_struct_pedestal/92992,st_struct_pedestal/92949
ug_route/220784,OSP:BUSP:C654620,st_struct_pedestal/92670,st_struct_pedestal/92766
ug_route/220785,OSP:BUSP::8607511,st_struct_pedestal/91127,st_struct_pedestal/91527
ug_route/220786,OSP:BUSP:C639310,st_struct_pedestal/93436,building/66179
ug_route/220787,OSP:BUSP:C656466,st_struct_pedestal/91459,st_struct_pedestal/90900
ug_route/220788,OSP:BUSP:C656458,st_struct_pedestal/91459,st_struct_pedestal/90900
ug_route/220789,OSP:BUSP:C641766,st_struct_pedestal/93370,st_struct_pedestal/93211
ug_route/220790,OSP:BUSP:C663673,st_struct_pedestal/90592,st_struct_pedestal/92723
ug_route/220791,OSP:BUSP:C658509,st_struct_pedestal/91767,st_struct_pedestal/91045
ug_route/220792,OSP:BUSP:C641789,st_struct_pedestal/93370,st_struct_pedestal/93211
ug_route/220793,OSP:BUSP:C648352,st_struct_pedestal/91661,st_struct_pedestal/91322
ug_route/220794,OSP:BUSP:C659708,st_struct_pedestal/91056,st_struct_pedestal/94252
ug_route/220795,OSP:BUSP:C657420,st_struct_pedestal/91056,st_struct_pedestal/94252
ug_route/220796,OSP:BUSP:C659980,mywcom_route_junction/28012,mywcom_route_junction/27955
ug_route/220797,OSP:BUSP:C708235,st_struct_pedestal/92059,st_struct_pedestal/90814
ug_route/220798,OSP:BUSP:C656693,st_struct_pedestal/93736,st_struct_pedestal/93799
ug_route/220799,OSP:BUSP:C647188,st_struct_pedestal/91025,st_struct_pedestal/92681
ug_route/220800,OSP:BUSP:C652695,st_struct_pedestal/91988,st_struct_pedestal/92371
ug_route/220801,OSP:BUSP:C652714,st_struct_pedestal/91988,st_struct_pedestal/92371
ug_route/220802,OSP:BUSP:C649674,st_struct_pedestal/91661,st_struct_pedestal/91322
ug_route/220803,OSP:BUSP:C659660,st_struct_pedestal/91568,st_struct_pedestal/92482
ug_route/220804,OSP:BUSP:C652022,st_struct_pedestal/93315,st_struct_pedestal/91519
ug_route/220805,OSP:BUSP:C656877,st_struct_pedestal/92220,st_struct_pedestal/91310
ug_route/220806,OSP:BUSP:C647860,st_struct_pedestal/90732,st_struct_pedestal/92157
ug_route/220807,OSP:BUSP:C652023,st_struct_pedestal/93315,st_struct_pedestal/91519
ug_route/220808,OSP:BUSP:C651303,mywcom_route_junction/27588,mywcom_route_junction/27812
ug_route/220809,OSP:BUSP:C647630,st_struct_pedestal/90909,st_struct_pedestal/94281
ug_route/220810,OSP:BUSP:C663674,st_struct_pedestal/90592,st_struct_pedestal/91784
ug_route/220811,OSP:BUSP:C647162,st_struct_pedestal/91003,st_struct_pedestal/93439
ug_route/220812,OSP:BUSP:C654891,mywcom_route_junction/27683,mywcom_route_junction/28126
ug_route/220813,OSP:BUSP:C656701,st_struct_pedestal/93799,st_struct_pedestal/91229
ug_route/220814,OSP:BUSP::7611819,st_struct_pedestal/93086,mywcom_route_junction/28232
ug_route/220815,OSP:BUSP:C706058,st_struct_pedestal/92384,building/67100
ug_route/220816,OSP:BUSP:C655250,mywcom_route_junction/28142,mywcom_route_junction/27644
ug_route/220817,OSP:BUSP:C655303,st_struct_pedestal/93607,st_struct_pedestal/90862
ug_route/220818,OSP:BUSP:C652721,st_struct_pedestal/91781,st_struct_pedestal/90933
ug_route/220819,OSP:BUSP:C650640,st_struct_pedestal/92513,st_struct_pedestal/92740
ug_route/220820,OSP:BUSP:C650635,st_struct_pedestal/92513,st_struct_pedestal/92740
ug_route/220821,OSP:BUSP:C655348,st_struct_pedestal/93607,st_struct_pedestal/90862
ug_route/220822,OSP:BUSP::9195680,st_struct_pedestal/92090,st_struct_pedestal/92529
ug_route/220823,OSP:BUSP:C644280,st_struct_pedestal/92531,st_struct_pedestal/92087
ug_route/220824,OSP:BUSP:C644385,st_struct_pedestal/92531,st_struct_pedestal/92087
ug_route/220825,OSP:BUSP:C648785,st_struct_pedestal/91065,st_struct_pedestal/91163
ug_route/220826,OSP:BUSP:C656640,st_struct_pedestal/92661,st_struct_pedestal/93453
ug_route/220827,OSP:BUSP:C639709,st_struct_pedestal/92163,st_struct_pedestal/93561
ug_route/220828,OSP:BUSP:C648805,st_struct_pedestal/91065,st_struct_pedestal/91163
ug_route/220829,OSP:BUSP:C656581,building/68608,st_struct_pedestal/91972
ug_route/220830,OSP:BUSP:C707937,st_struct_pedestal/94303,st_struct_pedestal/93356
ug_route/220831,OSP:BUSP:C645927,st_struct_pedestal/92789,st_struct_pedestal/92736
ug_route/220832,OSP:BUSP:C639710,st_struct_pedestal/92163,st_struct_pedestal/93561
ug_route/220833,OSP:BUSP::7913443,pole/53885,st_struct_pedestal/92575
ug_route/220834,OSP:BUSP:C681720,st_struct_pedestal/93792,st_struct_pedestal/94170
ug_route/220835,OSP:BUSP:C681975,st_struct_pedestal/93792,st_struct_pedestal/94170
ug_route/220836,OSP:BUSP:C682166,st_struct_pedestal/92483,st_struct_pedestal/93585
ug_route/220837,OSP:BUSP:C708294,st_struct_pedestal/92685,st_struct_pedestal/93563
ug_route/220838,OSP:BUSP:C707492,mywcom_route_junction/27492,st_struct_pedestal/90890
ug_route/220839,OSP:BUSP:C665933,st_struct_pedestal/90831,st_struct_pedestal/92268
ug_route/220840,OSP:BUSP:C651188,st_struct_pedestal/90691,st_struct_pedestal/90776
ug_route/220841,OSP:BUSP:C651160,st_struct_pedestal/90953,st_struct_pedestal/92343
ug_route/220842,OSP:BUSP:C647890,st_struct_pedestal/90732,st_struct_pedestal/92263
ug_route/220843,OSP:BUSP:C641570,st_struct_pedestal/92729,st_struct_pedestal/92381
ug_route/220844,OSP:BUSP:C657595,st_struct_pedestal/92600,st_struct_pedestal/91640
ug_route/220845,OSP:BUSP:C657596,st_struct_pedestal/92600,st_struct_pedestal/91640
ug_route/220846,OSP:BUSP::17032286,st_struct_pedestal/92998,mywcom_route_junction/27955
ug_route/220847,OSP:BUSP:C654069,st_struct_pedestal/91235,building/67174
ug_route/220848,OSP:BUSP:C654065,st_struct_pedestal/91235,building/67174
ug_route/220849,OSP:BUSP:C656054,st_struct_pedestal/92652,building/67327
ug_route/220850,OSP:BUSP:C650364,st_struct_pedestal/92764,st_struct_pedestal/92043
ug_route/220851,OSP:BUSP:C651100,st_struct_pedestal/91697,st_struct_pedestal/92073
ug_route/220852,OSP:BUSP:C668673,st_struct_pedestal/93125,st_struct_pedestal/93885
ug_route/220853,OSP:BUSP:C660837,st_struct_pedestal/93715,st_struct_pedestal/91049
ug_route/220854,OSP:BUSP:C650371,st_struct_pedestal/92764,st_struct_pedestal/92043
ug_route/220855,OSP:BUSP:C651088,st_struct_pedestal/93176,st_struct_pedestal/93275
ug_route/220856,OSP:BUSP:C658580,st_struct_pedestal/92731,st_struct_pedestal/91518
ug_route/220857,OSP:BUSP:C665621,st_struct_pedestal/93143,st_struct_pedestal/91230
ug_route/220858,OSP:BUSP:C665586,st_struct_pedestal/93143,st_struct_pedestal/91230
ug_route/220859,OSP:BUSP:C656510,st_struct_pedestal/92606,st_struct_pedestal/91646
ug_route/220860,OSP:BUSP:C656897,st_struct_pedestal/92372,building/66885
ug_route/220861,OSP:BUSP:C710064,mywcom_route_junction/27575,mywcom_route_junction/27956
ug_route/220862,OSP:BUSP:C652756,st_struct_pedestal/91051,st_struct_pedestal/91358
ug_route/220863,OSP:BUSP:C659774,st_struct_buried_splice_location/3884,st_struct_pedestal/90769
ug_route/220864,OSP:BUSP:C657450,st_struct_pedestal/93431,st_struct_pedestal/93427
ug_route/220865,OSP:BUSP:C655169,st_struct_pedestal/93798,st_struct_pedestal/93512
ug_route/220866,OSP:BUSP:C657460,st_struct_pedestal/93431,st_struct_pedestal/93427
ug_route/220867,OSP:BUSP:C656629,mywcom_route_junction/27578,st_struct_pedestal/94132
ug_route/220868,OSP:BUSP:C704880,st_struct_pedestal/91940,st_struct_pedestal/92896
ug_route/220869,OSP:BUSP:C641317,st_struct_pedestal/92598,st_struct_pedestal/94019
ug_route/220870,OSP:BUSP:C709969,mywcom_route_junction/27935,mywcom_route_junction/28029
ug_route/220871,OSP:BUSP:C653798,st_struct_pedestal/92219,building/68000
ug_route/220872,OSP:BUSP:C654770,st_struct_pedestal/93202,st_struct_pedestal/91414
ug_route/220873,OSP:BUSP:C650351,st_struct_pedestal/92496,st_struct_pedestal/91907
ug_route/220874,OSP:BUSP:C710047,st_struct_pedestal/90681,st_struct_pedestal/92104
ug_route/220892,OSP:BUSP:C708300,st_struct_pedestal/93009,st_struct_pedestal/94074
ug_route/220875,OSP:FBSP::12937213,building/68753,st_struct_pedestal/91960
ug_route/220876,OSP:BUSP:C640774,st_struct_pedestal/92039,st_struct_pedestal/91863
ug_route/220877,OSP:BUSP:C668823,st_struct_buried_splice_location/3876,st_struct_buried_splice_location/3879
ug_route/220878,OSP:BUSP:C709808,mywcom_route_junction/27639,st_struct_pedestal/93776
ug_route/220879,OSP:BUSP:C653322,st_struct_pedestal/92033,mywcom_route_junction/27921
ug_route/220880,OSP:BUSP:C659556,st_struct_pedestal/93773,st_struct_pedestal/92107
ug_route/220881,OSP:BUSP:C652030,st_struct_pedestal/93315,building/66297
ug_route/220882,OSP:BUSP:C660861,st_struct_pedestal/91213,st_struct_pedestal/94263
ug_route/220883,OSP:BUSP:C660885,st_struct_pedestal/91213,st_struct_pedestal/94263
ug_route/220884,OSP:BUSP:C651389,st_struct_pedestal/93369,building/68118
ug_route/220885,OSP:BUSP:C660924,st_struct_pedestal/93784,st_struct_pedestal/92222
ug_route/220886,OSP:BUSP::12474359,st_struct_pedestal/94337,st_struct_pedestal/92027
ug_route/220887,OSP:BUSP:C648082,st_struct_pedestal/93566,st_struct_pedestal/91337
ug_route/220888,OSP:BUSP:C644373,st_struct_pedestal/91977,st_struct_pedestal/91115
ug_route/220889,OSP:BUSP:C657438,st_struct_pedestal/92270,building/67598
ug_route/220890,OSP:BUSP:C652802,st_struct_pedestal/92767,building/66791
ug_route/220891,OSP:BUSP:C641564,st_struct_pedestal/92406,st_struct_pedestal/93670
ug_route/220893,OSP:BUSP:C642359,st_struct_pedestal/90771,st_struct_pedestal/90561
ug_route/220894,OSP:BUSP:C651165,st_struct_pedestal/91389,st_struct_pedestal/91895
ug_route/220895,OSP:BUSP:C642364,st_struct_pedestal/90771,st_struct_pedestal/90561
ug_route/220896,OSP:BUSP:C681706,st_struct_pedestal/93792,st_struct_pedestal/94018
ug_route/220897,OSP:BUSP:C705448,mywcom_route_junction/27422,mywcom_route_junction/28171
ug_route/220898,OSP:BUSP:C656449,st_struct_pedestal/90584,st_struct_pedestal/91459
ug_route/220899,OSP:BUSP:C707921,st_struct_pedestal/91696,building/68299
ug_route/220900,OSP:BUSP:C708290,st_struct_pedestal/91651,st_struct_pedestal/93679
ug_route/220901,OSP:BUSP:C648604,st_struct_pedestal/93276,building/67679
ug_route/220902,OSP:BUSP:C642372,st_struct_pedestal/90771,building/68744
ug_route/220903,OSP:BUSP:C710163,mywcom_route_junction/27562,mywcom_route_junction/27125
ug_route/220904,OSP:BUSP:C642077,st_struct_pedestal/93627,st_struct_pedestal/92124
ug_route/220905,OSP:BUSP:C669178,st_struct_pedestal/94226,st_struct_pedestal/92684
ug_route/220906,OSP:BUSP:C658021,st_struct_pedestal/94300,st_struct_pedestal/92840
ug_route/220907,OSP:BUSP:C654087,mywcom_route_junction/27421,mywcom_route_junction/27225
ug_route/220908,OSP:BUSP:C648593,st_struct_pedestal/93227,st_struct_pedestal/94063
ug_route/220909,OSP:BUSP:C654055,st_struct_pedestal/90642,st_struct_pedestal/91235
ug_route/220910,OSP:BUSP:C652033,st_struct_pedestal/91519,st_struct_pedestal/92792
ug_route/220911,OSP:BUSP::7611815,st_struct_buried_splice_location/3908,st_struct_pedestal/94346
ug_route/220912,OSP:BUSP:C682082,st_struct_pedestal/91011,st_struct_pedestal/92704
ug_route/220913,OSP:BUSP:C644012,st_struct_pedestal/93345,building/68287
ug_route/220914,OSP:BUSP:C659260,st_struct_pedestal/90560,mywcom_route_junction/28088
ug_route/220915,OSP:BUSP:C668628,st_struct_pedestal/91984,building/68604
ug_route/220916,OSP:BUSP:C648825,st_struct_pedestal/93981,st_struct_pedestal/93830
ug_route/220917,OSP:BUSP:C648829,st_struct_pedestal/93981,st_struct_pedestal/93830
ug_route/220918,OSP:BUSP:C652781,st_struct_pedestal/91232,st_struct_pedestal/91116
ug_route/220919,OSP:BUSP:C653281,st_struct_pedestal/92034,building/68064
ug_route/220920,OSP:BUSP:C648590,st_struct_pedestal/93227,building/67331
ug_route/220921,OSP:BUSP:C705305,st_struct_pedestal/92881,building/67654
ug_route/220922,OSP:BUSP:C644290,st_struct_pedestal/92087,building/68508
ug_route/220923,OSP:BUSP:C653014,st_struct_pedestal/92435,building/66730
ug_route/220924,OSP:BUSP:C705456,mywcom_route_junction/28171,mywcom_route_junction/27808
ug_route/220925,OSP:BUSP:C641286,st_struct_pedestal/90864,building/66252
ug_route/220926,OSP:BUSP:C653026,st_struct_pedestal/92434,building/68261
ug_route/220927,OSP:BUSP:C642012,st_struct_pedestal/92866,st_struct_pedestal/90640
ug_route/220928,OSP:BUSP:C662447,st_struct_pedestal/91996,st_struct_pedestal/92344
ug_route/220929,OSP:BUSP:C637487,st_struct_pedestal/94306,building/68515
ug_route/220930,OSP:BUSP:C661078,st_struct_pedestal/91976,building/67934
ug_route/220931,OSP:BUSP:C660945,st_struct_pedestal/91996,st_struct_pedestal/92344
ug_route/220932,OSP:BUSP:C653103,st_struct_pedestal/91554,building/66850
ug_route/220933,OSP:BUSP:C647975,st_struct_pedestal/90827,st_struct_pedestal/91805
ug_route/220934,OSP:BUSP:C646705,st_struct_pedestal/93388,building/68226
ug_route/220935,OSP:BUSP:C656430,st_struct_pedestal/90584,building/68446
ug_route/220936,OSP:BUSP::10613940,mywcom_route_junction/27477,st_struct_pedestal/94266
ug_route/220937,OSP:BUSP:C653284,st_struct_pedestal/92034,building/68512
ug_route/220938,OSP:BUSP:C646130,st_struct_pedestal/91305,building/66346
ug_route/220939,OSP:BUSP:C648801,st_struct_pedestal/90752,building/67855
ug_route/220940,OSP:BUSP:C704996,building/66528,st_struct_pedestal/92574
ug_route/220941,OSP:BUSP:C643372,st_struct_pedestal/91010,building/67468
ug_route/220942,OSP:BUSP:C649077,st_struct_pedestal/92166,st_struct_pedestal/90623
ug_route/220943,OSP:BUSP:C651329,st_struct_pedestal/92769,st_struct_pedestal/92231
ug_route/220944,OSP:BUSP:C708293,st_struct_pedestal/91651,st_struct_pedestal/92685
ug_route/220945,OSP:BUSP:C641210,st_struct_pedestal/92639,building/66206
ug_route/220946,OSP:BUSP:C651217,mywcom_route_junction/27665,mywcom_route_junction/27754
ug_route/220947,OSP:BUSP:C708281,st_struct_pedestal/92443,st_struct_pedestal/93679
ug_route/220948,OSP:BUSP:C647765,st_struct_pedestal/93804,building/68845
ug_route/220949,OSP:BUSP:C653675,st_struct_pedestal/93943,building/67355
ug_route/220950,OSP:BUSP:C705141,st_struct_pedestal/92773,mywcom_route_junction/27618
ug_route/220951,OSP:BUSP::9195679,st_struct_pedestal/92529,pole/54153
ug_route/220952,OSP:BUSP:C641196,st_struct_pedestal/92639,st_struct_pedestal/92237
ug_route/220953,OSP:BUSP:C656979,st_struct_pedestal/90669,st_struct_pedestal/91390
ug_route/220954,OSP:BUSP:C648358,mywcom_route_junction/28147,mywcom_route_junction/27744
ug_route/220955,OSP:BUSP:C707905,st_struct_pedestal/93426,building/66711
ug_route/220956,OSP:BUSP:C671079,st_struct_pedestal/93945,building/67589
ug_route/220957,OSP:BUSP:C655337,st_struct_pedestal/92328,st_struct_pedestal/91316
ug_route/220958,OSP:BUSP:C655358,st_struct_pedestal/92328,st_struct_pedestal/91316
ug_route/220959,OSP:BUSP:C660818,st_struct_pedestal/92196,mywcom_route_junction/27509
ug_route/220960,OSP:BUSP:C648210,st_struct_pedestal/94310,building/67166
ug_route/220961,OSP:BUSP:C645941,st_struct_pedestal/92727,building/68583
ug_route/220962,OSP:BUSP:C653628,st_struct_pedestal/91866,mywcom_route_junction/27703
ug_route/220963,OSP:BUSP:C657461,st_struct_pedestal/93431,st_struct_pedestal/93854
ug_route/220964,OSP:BUSP:C710020,st_struct_pedestal/93950,st_struct_pedestal/91865
ug_route/220965,OSP:BUSP:C683485,building/68407,st_struct_buried_splice_location/3931
ug_route/220966,OSP:BUSP:C706768,st_struct_pedestal/92960,st_struct_pedestal/91726
ug_route/220967,OSP:BUSP:C655167,st_struct_pedestal/90658,st_struct_pedestal/93798
ug_route/220968,OSP:BUSP:C711937,mywcom_route_junction/28078,st_struct_pedestal/90636
ug_route/220969,OSP:BUSP::7607528,st_struct_buried_splice_location/3999,st_struct_buried_splice_location/3987
ug_route/220970,OSP:BUSP:C682042,st_struct_pedestal/91493,st_struct_pedestal/91255
ug_route/220971,OSP:BUSP:C642861,st_struct_pedestal/93543,st_struct_pedestal/94292
ug_route/220972,OSP:BUSP:C708080,st_struct_pedestal/92373,mywcom_route_junction/27795
ug_route/220973,OSP:BUSP:C653800,st_struct_pedestal/92219,building/68613
ug_route/220974,OSP:BUSP:C707565,st_struct_buried_splice_location/3965,st_struct_buried_splice_location/3856
ug_route/220975,OSP:BUSP:C708276,pole/53885,building/68445
ug_route/220976,OSP:BUSP:C654685,st_struct_pedestal/90883,building/66857
ug_route/220977,OSP:BUSP:C650415,st_struct_pedestal/92849,building/66127
ug_route/220978,OSP:BUSP::8156324,st_struct_pedestal/92417,st_struct_pedestal/91744
ug_route/220979,OSP:BUSP:C654597,st_struct_pedestal/93214,st_struct_pedestal/91055
ug_route/220980,OSP:BUSP:C654712,st_struct_pedestal/90883,building/66857
ug_route/220981,OSP:BUSP:C644168,mywcom_route_junction/27716,st_struct_pedestal/93428
ug_route/220982,OSP:BUSP:C645358,mywcom_route_junction/27413,mywcom_route_junction/27553
ug_route/220983,OSP:BUSP:C705624,st_struct_pedestal/92496,building/66394
ug_route/220984,OSP:BUSP:C656178,st_struct_pedestal/90653,building/66296
ug_route/220985,OSP:BUSP:C670701,st_struct_pedestal/91521,st_struct_pedestal/92373
ug_route/220986,OSP:BUSP::9650743,mywcom_route_junction/27352,mywcom_route_junction/27830
ug_route/220987,OSP:BUSP:C709659,st_struct_pedestal/91852,st_struct_pedestal/92587
ug_route/220988,OSP:BUSP:C655477,st_struct_buried_splice_location/3987,mywcom_route_junction/27346
ug_route/220989,OSP:BUSP:C706946,mywcom_route_junction/27400,st_struct_pedestal/91010
ug_route/220990,OSP:BUSP:C647407,st_struct_pedestal/91840,st_struct_pedestal/92726
ug_route/220991,OSP:BUSP:C645347,st_struct_pedestal/92417,building/67273
ug_route/220992,OSP:BUSP:C683496,st_struct_buried_splice_location/3965,st_struct_buried_splice_location/3931
ug_route/220993,OSP:BUSP:C668871,st_struct_buried_splice_location/3973,st_struct_buried_splice_location/3880
ug_route/220994,OSP:BUSP:C704692,st_struct_pedestal/92837,mywcom_route_junction/27446
ug_route/220995,OSP:BUSP:C710065,mywcom_route_junction/27956,mywcom_route_junction/27645
ug_route/220996,OSP:BUSP:C707432,st_struct_pedestal/90769,st_struct_pedestal/91181
ug_route/220997,OSP:BUSP:C646146,st_struct_pedestal/94061,st_struct_pedestal/94077
ug_route/220998,OSP:BUSP:C708411,pole/53592,mywcom_route_junction/27912
ug_route/220999,OSP:BUSP:C658925,st_struct_pedestal/91008,mywcom_route_junction/28011
ug_route/221000,OSP:BUSP:C683501,st_struct_buried_splice_location/3856,st_struct_buried_splice_location/3858
ug_route/221001,OSP:BUSP:C708105,st_struct_pedestal/91640,st_struct_buried_splice_location/3903
ug_route/221002,OSP:BUSP:C646640,mywcom_route_junction/27164,mywcom_route_junction/27586
ug_route/221003,OSP:BUSP:C705049,st_struct_pedestal/92494,building/67334
ug_route/221004,OSP:BUSP:C708088,st_struct_pedestal/93848,st_struct_pedestal/94292
ug_route/221005,OSP:BUSP:C658278,st_struct_pedestal/92785,mywcom_route_junction/27624
ug_route/221006,OSP:BUSP:C641929,st_struct_pedestal/92977,building/67404
ug_route/221007,OSP:BUSP:C683559,building/68407,st_struct_buried_splice_location/3848
ug_route/221008,OSP:BUSP:C643946,st_struct_pedestal/92369,building/66391
ug_route/221009,OSP:BUSP:C657740,st_struct_buried_splice_location/3984,st_struct_buried_splice_location/3972
ug_route/221010,OSP:BUSP:C639787,st_struct_pedestal/92038,st_struct_pedestal/93468
ug_route/221011,OSP:BUSP:C709828,mywcom_route_junction/27303,st_struct_pedestal/91153
ug_route/221012,OSP:BUSP:C711938,st_struct_pedestal/90636,mywcom_route_junction/27384
ug_route/221013,OSP:BUSP:C709827,mywcom_route_junction/28188,mywcom_route_junction/27303
ug_route/221014,OSP:BUSP:C656517,st_struct_pedestal/90829,st_struct_pedestal/91805
ug_route/221015,OSP:BUSP:C683624,st_struct_pedestal/91392,building/68407
ug_route/221016,OSP:BUSP:C657663,st_struct_pedestal/93208,st_struct_buried_splice_location/3980
ug_route/221017,OSP:BUSP:C708312,st_struct_pedestal/92167,st_struct_pedestal/91381
ug_route/221018,OSP:BUSP:C650650,st_struct_pedestal/92513,building/66609
ug_route/221019,OSP:BUSP:C657666,st_struct_buried_splice_location/3980,st_struct_buried_splice_location/3943
ug_route/221020,OSP:BUSP:C662323,st_struct_pedestal/93809,mywcom_route_junction/27373
ug_route/221021,OSP:BUSP:C708076,st_struct_pedestal/94132,st_struct_pedestal/91521
ug_route/221022,OSP:BUSP:C656159,st_struct_pedestal/93205,st_struct_pedestal/94125
ug_route/221063,OSP:BUSP:C706139,st_struct_buried_splice_location/3988,st_struct_pedestal/93208
ug_route/221023,OSP:BUSP:C668922,st_struct_buried_splice_location/3966,st_struct_buried_splice_location/3973
ug_route/221024,OSP:BUSP:C705356,st_struct_pedestal/92375,st_struct_pedestal/92185
ug_route/221025,OSP:BUSP::7941253,building/68407,st_struct_pedestal/92980
ug_route/221026,OSP:BUSP:C654887,st_struct_pedestal/90622,mywcom_route_junction/27275
ug_route/221027,OSP:BUSP:C683560,st_struct_buried_splice_location/3947,st_struct_buried_splice_location/3848
ug_route/221028,OSP:BUSP:C656566,st_struct_buried_splice_location/3907,st_struct_buried_splice_location/3898
ug_route/221039,OSP:BUSP:C711872,mywcom_route_junction/27614,st_struct_pedestal/94336
ug_route/221029,OSP:BUSP:C704898,building/67923,st_struct_buried_splice_location/3963
ug_route/221030,OSP:BUSP:C657305,st_struct_pedestal/93641,st_struct_pedestal/90577
ug_route/221031,OSP:BUSP:C705462,mywcom_route_junction/27808,mywcom_route_junction/27097
ug_route/221032,OSP:BUSP:C651182,st_struct_pedestal/90869,st_struct_pedestal/92343
ug_route/221033,OSP:BUSP:C705840,st_struct_pedestal/92610,mywcom_route_junction/27682
ug_route/221038,OSP:BUSP:C704892,st_struct_pedestal/90684,st_struct_pedestal/92027
ug_route/221034,OSP:BUSP:C647390,st_struct_pedestal/92027,st_struct_pedestal/90684
ug_route/221035,OSP:BUSP:C710164,building/68407,mywcom_route_junction/27492
ug_route/221036,OSP:BUSP:C668816,st_struct_pedestal/92601,st_struct_buried_splice_location/3879
ug_route/221037,OSP:BUSP::7613894,st_struct_pedestal/94343,mywcom_route_junction/27329
ug_route/221040,OSP:BUSP:C711920,st_struct_pedestal/92298,st_struct_pedestal/93682
ug_route/221041,OSP:BUSP::7611822,st_struct_buried_splice_location/3907,st_struct_buried_splice_location/4000
ug_route/221042,OSP:BUSP:C683641,building/68407,st_struct_buried_splice_location/3880
ug_route/221043,OSP:BUSP::7616452,st_struct_buried_splice_location/3896,st_struct_buried_splice_location/4002
ug_route/221044,OSP:BUSP:C706167,st_struct_buried_splice_location/3972,st_struct_buried_splice_location/3896
ug_route/221045,OSP:BUSP:C647430,st_struct_pedestal/92726,building/66111
ug_route/221046,OSP:BUSP::7611817,st_struct_pedestal/94345,st_struct_pedestal/90581
ug_route/221062,OSP:BUSP:C708320,st_struct_pedestal/91381,st_struct_pedestal/92020
ug_route/221047,OSP:BUSP:C711892,st_struct_pedestal/93236,st_struct_pedestal/94066
ug_route/221048,OSP:BUSP:C656695,st_struct_pedestal/92610,st_struct_buried_splice_location/3898
ug_route/221049,OSP:BUSP:C709241,st_struct_buried_splice_location/3858,mywcom_route_junction/27575
ug_route/221050,OSP:BUSP:C708086,mywcom_route_junction/27941,mywcom_route_junction/27507
ug_route/221051,OSP:BUSP:C707580,st_struct_pedestal/91360,st_struct_buried_splice_location/3958
ug_route/221052,OSP:BUSP:C706163,st_struct_pedestal/93208,st_struct_buried_splice_location/3984
ug_route/221053,OSP:BUSP::16838036,st_struct_pedestal/92020,st_struct_pedestal/94342
ug_route/221054,OSP:BUSP:C707584,st_struct_pedestal/91360,st_struct_buried_splice_location/4001
ug_route/221055,OSP:BUSP::8608467,st_struct_pedestal/92682,st_struct_pedestal/92601
ug_route/221056,OSP:BUSP:C648492,st_struct_pedestal/93146,st_struct_pedestal/92375
ug_route/221057,OSP:BUSP:C711934,st_struct_pedestal/91422,mywcom_route_junction/27687
ug_route/221058,OSP:BUSP:C711903,st_struct_pedestal/94066,st_struct_pedestal/91422
ug_route/221059,OSP:BUSP:C650873,st_struct_pedestal/92185,st_struct_pedestal/92682
ug_route/221060,OSP:BUSP::7611818,st_struct_pedestal/93146,st_struct_pedestal/90581
ug_route/221061,OSP:BUSP:C657689,st_struct_pedestal/91840,st_struct_buried_splice_location/3988
ug_route/221064,OSP:BUSP:C683642,st_struct_pedestal/92601,building/68407
ug_route/221065,OSP:BUSP:C683526,building/68407,st_struct_pedestal/91891
ug_route/221066,OSP:BUSP:C709576,st_struct_buried_splice_location/3947,st_struct_buried_splice_location/3958
ug_route/221067,OSP:BUSP:C683678,st_struct_pedestal/92167,st_struct_pedestal/91189
ug_route/221068,OSP:BUSP:C704896,st_struct_pedestal/91840,st_struct_buried_splice_location/3963
ug_route/221069,OSP:BUSP:C683602,building/68407,st_struct_buried_splice_location/3956
ug_route/221070,OSP:BUSP:C657702,st_struct_buried_splice_location/3943,st_struct_buried_splice_location/3956
ug_route/221071,OSP:BUSP::7616454,mywcom_route_junction/27212,mywcom_route_junction/28234
ug_route/221072,OSP:BUSP:C708943,mywcom_route_junction/28230,building/66927
ug_route/221073,OSP:BUSP:C708190,building/68407,building/66927
ug_route/221074,OSP:BUSP:C710446,mywcom_route_junction/28119,mywcom_route_junction/27422
ug_route/221075,OSP:BUSP::17063959,mywcom_route_junction/27132,mywcom_route_junction/28235
ug_route/221076,OSP:BUSP::17063958,mywcom_route_junction/28223,mywcom_route_junction/27132
ug_route/221077,OSP:FBSP::12951604,building/68753,building/66342
