id,name
pole/41894,POL:PPOLE:C530111
pole/41046,POL:FPOLE::7754397
st_struct_pedestal/69112,PED:CPM:C538019
mywcom_route_junction/21055,SPJCT:SPJCT:C541761
building/50278,BUILD:BUS::12616204
st_struct_vault/2440,VAULT:MH-T:C531041
st_struct_buried_splice_location/2610,CLOSR:BSCLS:C548560
st_struct_pedestal/70134,PED:SST:C528506
st_struct_pedestal/69845,PED:JTPED:C531205
st_struct_pedestal/67895,PED:CPM::9598300
tower/477,TOWER:TOWER:C557042
mywcom_route_junction/21864,SPJCT:SPJCT::8344494
st_struct_pedestal/68878,PED:JSPED:C544761
pole/42589,POL:PPOLE:C521108
pole/40665,POL:PPOLE:C532736
st_struct_pedestal/69064,PED:CPM:C531443
st_struct_pedestal/67365,PED:JSPED:C547531
building/50787,BUILD:SDU:C529079
building/49923,BUILD:SDU:C538495
mywcom_route_junction/20934,SPJCT:SPJCT::13132702
st_struct_pedestal/67270,PED:JSPED:C536320
st_struct_buried_splice_location/2687,CLOSR:BSCLS:C548606
building/51251,BUILD:SDU:C533337
mywcom_route_junction/21706,SPJCT:SPJCT:C548610
pole/40485,POL:PPOLE:C539864
st_struct_pedestal/69396,PED:SST::8185114
st_struct_pedestal/69137,PED:SST:C573856
pole/40926,POL:PPOLE:C539004
st_struct_pedestal/68915,PED:CPM:C543258
building/50609,BUILD:BUS:C544133
anchors/10431,ANCH:JOINT:C46844
building/50036,BUILD:SDU:C535847
pole/42140,POL:PPOLE:C536281
st_struct_pedestal/69265,PED:JTPED:C546464
st_struct_pedestal/68170,PED:JUPED::8488494
st_struct_buried_splice_location/2726,CLOSR:BSCLS:C542112
st_struct_pedestal/67145,PED:JSPED:C540764
pole/41945,POL:FPOLE::12673181
building/49245,BUILD:SEB:C542317
anchors/10460,ANCH:JOINT:C47295
st_struct_pedestal/69094,PED:JTPED:C546474
pole/41158,POL:PPOLE::7750885
building/50733,BUILD:BUS:C536530
building/50648,BUILD:SDU:C539323
st_struct_pedestal/69351,PED:CPM:C541236
building/48877,BUILD:BUS:C532952
pole/42748,POL:PPOLE:C528241
st_struct_pedestal/69606,PED:JUPED::9907467
pole/41719,POL:PPOLE:C532582
st_struct_pedestal/70714,PED:SST:C533053
st_struct_pedestal/70662,PED:SST::9698765
st_struct_pedestal/69231,PED:SST:C550261
st_struct_pedestal/67998,PED:SST:C529477
st_struct_pedestal/69648,PED:JSPED:C535325
pole/42727,POL:FPOLE::7754400
pole/40997,POL:PPOLE:C524207
pole/41440,POL:PPOLE:C530393
st_struct_pedestal/69287,PED:CPM:C528173
building/49189,BUILD:BUS:C541885
pole/41937,POL:PPOLE:C536315
mywcom_route_junction/21670,SPJCT:SPJCT::9773053
st_struct_pedestal/68696,PED:JTPED:C547551
st_struct_pedestal/68902,PED:SST:C532990
st_struct_pedestal/67526,PED:FPED::10335580
st_struct_pedestal/68463,PED:JSPED:C535466
pole/42543,POL:PPOLE:C529876
pole/42077,POL:PPOLE:C523919
pole/40590,POL:PPOLE:C535487
mywcom_route_junction/21347,SPJCT:SPJCT:C573843
st_struct_pedestal/68131,PED:CPM:C535019
mywcom_route_junction/21173,SPJCT:SPJCT:C546348
st_struct_pedestal/68424,PED:CPM:C540662
pole/41141,POL:PPOLE:C524072
st_struct_pedestal/67092,PED:JSPED::8978787
mywcom_route_junction/20924,PJCT:SPJCT::11062287
st_struct_pedestal/67850,PED:JSPED:C540774
st_struct_pedestal/69084,PED:SST:C550363
st_struct_pedestal/68325,PED:SST::12438603
st_struct_pedestal/69844,PED:JSPED:C547562
building/50574,BUILD:BUS:C571799
st_struct_pedestal/70721,PED:SST::8348990
st_struct_pedestal/69077,PED:SST::8392810
st_struct_foreign_crossings/3111,FCROS:PLX:C47013
building/50634,BUILD:SDU:C571816
st_struct_pedestal/68924,PED:JSPED:C526106
st_struct_pedestal/67547,PED:SST::8978774
pole/42650,POL:PPOLE:C537625
pole/42328,POL:PPOLE:C532683
mywcom_route_junction/21952,SPJCT:SPJCT::12336205
pole/42647,POL:PPOLE:C546861
pole/40806,POL:PPOLE:C529061
pole/40652,POL:PPOLE:C523600
st_struct_pedestal/68928,PED:JTPED:C536416
building/50886,BUILD:BUS:C526409
st_struct_pedestal/70411,PED:CPM:C534674
cabinet/2466,CAB:JWI:C547658
building/51350,BUILD:SDU:C571992
building/49385,BUILD:MDU::9052019
mywcom_route_junction/21545,SPJCT:SPJCT:C550463
building/49140,BUILD:SDU:C534955
st_struct_pedestal/70322,PED:SST::12126938
st_struct_pedestal/69215,PED:SST:C550131
pole/42679,POL:PPOLE:C536263
mywcom_route_junction/21993,SPJCT:SPJCT:C544522
pole/41905,POL:PPOLE:C529243
mywcom_route_junction/21070,SPJCT:SPJCT:C549484
st_struct_pedestal/67221,PED:SST::8844655
pole/42513,POL:PPOLE:C524069
anchors/10312,ANCH:JOINT:C46822
st_struct_pedestal/69446,PED:SST:C529255
pole/40675,POL:PPOLE:C530233
building/49771,BUILD:BUS:C538294
st_struct_pedestal/69725,PED:JSPED:C573036
st_struct_pedestal/68375,PED:SST:C537110
building/50570,BUILD:SDU:C539666
pole/41557,POL:PPOLE::7750888
st_struct_foreign_crossings/3280,FCROS:RRX:C53503
mywcom_route_junction/20962,SPJCT:SPJCT::9043417
st_struct_pedestal/69481,PED:SST::9543883
pole/41416,POL:PPOLE:C538892
st_struct_pedestal/67503,PED:CPM:C535833
st_struct_pedestal/70387,PED:SST:C542353
pole/41910,POL:PPOLE:C531236
pole/41287,POL:PPOLE::8472491
st_struct_pedestal/68571,PED:JLPED::8035042
st_struct_pedestal/69199,PED:CPM:C533154
pole/42769,POL:PPOLE:C531304
st_struct_pedestal/68879,PED:JSPED:C535392
st_struct_pedestal/67831,PED:SST::10681178
st_struct_pedestal/68440,PED:SST:C548674
anchors/9998,ANCH:JOINT:C45975
building/49836,BUILD:BUS::10668682
st_struct_pedestal/67342,PED:SST:C531066
tower/476,TOWER:TOWER::8202078
building/50433,BUILD:BUS::9279578
st_struct_pedestal/67565,PED:JSPED::8716974
pole/40614,POL:PPOLE:C530643
st_struct_pedestal/67475,PED:SST::8517291
mywcom_route_junction/21270,SPJCT:SPJCT::8406921
pole/40817,POL:PPOLE:C539905
st_struct_pedestal/68041,PED:CPM:C536396
mywcom_route_junction/21689,SPJCT:SPJCT:C570558
pole/41565,POL:PPOLE:C538909
st_struct_pedestal/68543,PED:JSPED::8978769
building/50037,BUILD:SDU:C527621
pole/41078,POL:PPOLE:C531335
st_struct_pedestal/69131,PED:JSPED:C573862
st_struct_pedestal/68252,PED:CPM:C539655
pole/42627,POL:PPOLE:C528273
pole/42553,POL:PPOLE:C530181
st_struct_pedestal/69729,PED:JSPED:C547526
mywcom_route_junction/21455,SPJCT:SPJCT:C571162
building/50348,BUILD:SDU:C534517
st_struct_pedestal/67959,PED:CPM:C528338
pole/41810,POL:CPOLE:C533425
anchors/10308,ANCH:JOINT:C47061
st_struct_pedestal/67786,PED:CPM:C557395
st_struct_pedestal/67602,PED:JSPED:C529988
mywcom_route_junction/21319,SPJCT:SPJCT:C531153
building/49125,BUILD:BUS:C536558
pole/41172,POL:PPOLE:C534689
pole/42720,POL:PPOLE:C539819
st_struct_pedestal/68652,PED:JSPED::8978763
mywcom_route_junction/21195,SPJCT:SPJCT:C534789
pole/40873,POL:PPOLE:C532548
pole/42509,POL:PPOLE:C544180
st_struct_pedestal/70063,PED:JSPED::8356423
anchors/10008,ANCH:CO:C46660
pole/40928,POL:PPOLE:C523776
mywcom_route_junction/21346,SPJCT:SPJCT:C539428
st_struct_pedestal/69343,PED:SST:C542238
pole/42292,POL:PPOLE:C537360
mywcom_route_junction/21120,SPJCT:SPJCT:C538237
st_struct_buried_splice_location/2732,CLOSR:BSCLS:C531836
building/51165,BUILD:SDU:C534993
pole/40507,POL:PPOLE:C548678
st_struct_pedestal/69391,PED:JSPED:C548368
st_struct_foreign_crossings/3270,FCROS:PLX:C53757
cabinet/2421,CAB:JWIEX::9076333
building/51439,BUILD:SDU:C532101
st_struct_pedestal/69871,PED:CPM:C537191
anchors/10078,ANCH:CO:C47445
building/51267,BUILD:SDU:C532194
mywcom_route_junction/21432,SPJCT:SPJCT:C528452
building/51307,BUILD:BUS:C528005
pole/40677,POL:PPOLE:C534587
building/51466,BUILD:BUS:C547404
st_struct_pedestal/70587,PED:JSPED:C573070
building/49644,BUILD:BUS:C536554
st_struct_pedestal/68871,PED:CPM:C546548
st_struct_pedestal/69978,PED:CPM:C546230
st_struct_pedestal/69218,PED:JSPED:C539084
st_struct_pedestal/67064,PED:JTPED:C571971
st_struct_pedestal/70062,PED:JSPED:C573838
pole/40535,POL:PPOLE:C540831
pole/41075,POL:PPOLE:C524201
building/49209,BUILD:BUS:C571137
mywcom_route_junction/20942,SPJCT:SPJCT:C540628
pole/42490,POL:PPOLE:C537525
pole/41784,POL:PPOLE:C536073
pole/42662,POL:PPOLE:C523807
building/48955,BUILD:SDU:C534456
st_struct_pedestal/67815,PED:JSPED:C573039
mywcom_route_junction/20896,SPJCT:SPJCT:C527785
st_struct_pedestal/70410,PED:SST:C534878
st_struct_pedestal/70415,PED:CPM:C542945
pole/41874,POL:PPOLE:C524203
mywcom_route_junction/21269,PJCT:SPJCT::10600524
pole/41292,POL:PPOLE::7749277
st_struct_pedestal/68538,PED:SST::8290090
st_struct_pedestal/67104,PED:CPM:C531115
building/51321,BUILD:SDU:C557123
building/49764,BUILD:MDU:C535346
mywcom_route_junction/21862,SPJCT:SPJCT::13253724
pole/42075,POL:PPOLE:C540045
st_struct_pedestal/69417,PED:JSPED:C536273
st_struct_pedestal/67175,PED:CPM:C540937
building/50216,BUILD:BUS::7386406
st_struct_pedestal/69800,PED:CPM:C532439
pole/42483,POL:PPOLE:C532626
building/50637,BUILD:SDU:C549474
st_struct_pedestal/68885,PED:CPM:C528070
st_struct_vault/2435,VAULT:MH-S:C531239
st_struct_pedestal/69907,PED:SST:C530165
pole/40645,POL:PPOLE:C540828
pole/41374,POL:PPOLE:C539732
anchors/10224,ANCH:CO:C47676
st_struct_pedestal/70473,PED:CPM:C533100
pole/42326,POL:PPOLE:C533059
mywcom_route_junction/21332,SPJCT:SPJCT::8035080
building/51072,BUILD:SDU:C531452
st_struct_pedestal/68910,PED:JSPED:C536695
st_struct_pedestal/69732,PED:SST:C541678
building/50403,BUILD:BUS:C534949
st_struct_pedestal/68398,PED:JSPED:C535153
st_struct_pedestal/68171,PED:SST:C548650
mywcom_route_junction/21320,SPJCT:SPJCT::9068330
st_struct_pedestal/69790,PED:JSPED:C534346
anchors/10187,ANCH:JOINT::6994707
building/49775,BUILD:BUS:C547466
st_struct_pedestal/67039,PED:SST:C550394
building/51082,BUILD:MDU::9106737
pole/42272,POL:PPOLE:C547266
building/49609,BUILD:SDU:C546376
mywcom_route_junction/21723,SPJCT:SPJCT:C571201
building/50316,BUILD:BUS:C537543
pole/40888,POL:PPOLE:C549861
building/51348,BUILD:BUS::10058166
pole/40512,POL:PPOLE::9229994
anchors/10481,ANCH:CO:C47359
st_struct_pedestal/70548,POL:SVMST::8035066
mywcom_route_junction/21773,SPJCT:SPJCT::9861996
st_struct_pedestal/69581,PED:SST:C534518
mywcom_route_junction/21190,SPJCT:SPJCT:C534819
st_struct_pedestal/67836,PED:SST:C533167
pole/42124,POL:PPOLE:C571038
st_struct_pedestal/70218,PED:SST:C543792
st_struct_pedestal/67676,PED:JSPED:C528833
building/51413,BUILD:SDU:C538620
st_struct_pedestal/70707,PED:SST:C550424
building/49194,BUILD:BUS:C531392
st_struct_pedestal/70568,PED:CPM:C556888
anchors/10529,ANCH:JOINT:C46833
building/49915,BUILD:SDU:C533484
building/49426,BUILD:BUS:C573808
st_struct_buried_splice_location/2723,CLOSR:BSCLS:C531683
pole/41212,POL:PPOLE:C531300
pole/42839,POL:PPOLE:C531071
mywcom_route_junction/21938,PJCT:SPJCT::11257804
building/49540,BUILD:BUS::9712234
st_struct_pedestal/68732,PED:JSPED:C535577
pole/42638,POL:CPOLE:C571006
building/50402,BUILD:BUS:C543036
building/50237,BUILD:SDU:C536772
st_struct_pedestal/67841,PED:CPM:C541652
st_struct_pedestal/67597,PED:JSPED::10670036
pole/41348,POL:PPOLE:C529194
building/50095,BUILD:BUS:C572482
building/51042,BUILD:SDU:C537335
mywcom_route_junction/21367,SPJCT:SPJCT:C570056
building/49095,BUILD:BUS:C573805
pole/41767,POL:PPOLE:C532290
pole/41585,POL:PPOLE:C532647
st_struct_foreign_crossings/3129,FCROS:PLX:C47374
pole/41728,POL:PPOLE:C527138
building/48751,BUILD:BUS:C548591
st_struct_pedestal/67834,PED:JSPED:C532419
mywcom_route_junction/21739,SPJCT:SPJCT::9043729
st_struct_pedestal/67255,PED:SST:C548657
st_struct_pedestal/68415,PED:JSPED:C532837
st_struct_pedestal/69961,PED:CPM:C533153
mywcom_route_junction/21272,PJCT:SPJCT::11231562
pole/41327,POL:PPOLE:C535490
pole/40557,POL:PPOLE:C524257
pole/41805,POL:PPOLE:C536401
st_struct_pedestal/69820,PED:SST::9604110
st_struct_pedestal/68724,PED:JSPED:C529798
st_struct_pedestal/69060,PED:CPM:C526875
anchors/10457,ANCH:JOINT::6989588
st_struct_pedestal/70282,PED:CPM:C534583
mywcom_route_junction/21945,SPJCT:SPJCT::8389610
building/48983,BUILD:SDU:C538482
building/50297,BUILD:SDU:C557122
pole/40746,POL:PPOLE:C538916
st_struct_pedestal/67456,PED:CPM:C532972
building/48959,BUILD:SDU:C536445
st_struct_pedestal/70313,PED:CPM:C533579
pole/41855,POL:PPOLE:C523542
pole/40903,POL:PPOLE:C532556
building/51118,BUILD:SDU:C541730
pole/40544,POL:PPOLE:C532050
st_struct_foreign_crossings/3136,FCROS:PLX:C47421
st_struct_pedestal/68242,PED:CPM:C536376
st_struct_pedestal/70765,PED:JSPED:C573068
st_struct_buried_splice_location/2683,CLOSR:BSCLS:C528840
pole/41824,POL:PPOLE:C525466
st_struct_pedestal/70170,PED:SST:C532330
st_struct_pedestal/69946,PED:SST:C547894
mywcom_route_junction/21813,SPJCT:SPJCT:C537561
anchors/10258,ANCH:CO:C47450
st_struct_pedestal/70652,PED:CPM:C536340
st_struct_pedestal/67131,PED:CPM:C525780
st_struct_pedestal/70634,PED:CPM:C541122
st_struct_pedestal/69410,PED:JTPED:C545381
st_struct_pedestal/68846,PED:SST:C547943
anchors/10420,ANCH:JOINT:C45703
st_struct_pedestal/68226,PED:JSPED:C526218
pole/40914,POL:PPOLE:C533040
pole/40707,POL:PPOLE:C527269
building/51024,BUILD:SDU:C527733
st_struct_pedestal/67717,PED:JSPED:C547521
building/51096,BUILD:SDU:C538447
building/49098,BUILD:MDU::9573978
mywcom_route_junction/22031,SPJCT:SPJCT:C531077
st_struct_pedestal/68402,PED:SST:C539860
st_struct_pedestal/68132,PED:SST::8459050
mywcom_route_junction/21715,SPJCT:SPJCT:C539078
building/50869,BUILD:BUS:C543923
st_struct_pedestal/70049,PED:CPM:C527744
building/51087,BUILD:BUS:C550340
pole/42462,POL:PPOLE:C535799
building/51409,BUILD:SDU:C556954
mywcom_route_junction/21732,SPJCT:SPJCT::8411058
st_struct_pedestal/68497,PED:JTPED:C546476
st_struct_pedestal/68093,PED:SST:C539345
mywcom_route_junction/21503,SPJCT:SPJCT:C539215
building/48981,BUILD:BUS:C572725
pole/42448,POL:PPOLE:C528406
building/51410,BUILD:SDU:C535365
st_struct_pedestal/68390,PED:SST:C548566
st_struct_pedestal/67876,PED:CPM:C541470
pole/42571,POL:PPOLE:C534127
st_struct_vault/2482,VAULT:MH-T:C530782
mywcom_route_junction/21626,SPJCT:SPJCT:C538572
building/49105,BUILD:SDU:C546232
anchors/10276,ANCH:CO:C47267
pole/42438,POL:PPOLE:C527013
building/48873,BUILD:BUS:C534190
building/49909,BUILD:BUS:C536414
mywcom_route_junction/21185,SPJCT:SPJCT:C529914
st_struct_pedestal/70221,PED:JSPED:C546768
anchors/10206,ANCH:JOINT:C47361
building/49538,BUILD:BUS:C540437
pole/41484,POL:PPOLE:C536397
anchors/10440,ANCH:CO:C53073
st_struct_pedestal/69122,PED:SST::12627094
pole/41115,POL:PPOLE:C526933
pole/40579,POL:PPOLE:C572502
pole/40712,POL:PPOLE:C533066
building/50180,BUILD:MDU:C531348
building/49270,BUILD:BUS:C547748
pole/41402,POL:PPOLE:C535558
building/49693,BUILD:SDU:C542762
st_struct_pedestal/67196,POL:SVMST::8035057
building/50255,BUILD:BUS:C534812
pole/41229,POL:PPOLE:C528373
building/49257,BUILD:SDU:C538578
mywcom_route_junction/20993,PJCT:SPJCT::11147402
pole/42023,POL:PPOLE:C546730
building/50925,BUILD:SDU:C546293
pole/41940,POL:PPOLE:C537373
st_struct_pedestal/70756,PED:CPM:C530975
st_struct_pedestal/67071,PED:CPM:C543958
pole/40969,POL:PPOLE:C526240
pole/41885,POL:PPOLE:C534236
building/48878,BUILD:MDU::9106741
mywcom_route_junction/21489,SPJCT:SPJCT:C539279
building/49311,BUILD:BUS:C548608
pole/42583,POL:PPOLE::8336812
st_struct_pedestal/68631,PED:CPM:C527718
pole/41490,POL:PPOLE:C537562
st_struct_pedestal/70747,PED:CPM:C531975
st_struct_pedestal/70613,PED:JSPED::13533693
building/51354,BUILD:SDU:C541857
building/49456,BUILD:SDU:C543784
mywcom_route_junction/21749,SPJCT:SPJCT::12368526
pole/42090,POL:PPOLE:C537662
pole/41634,POL:PPOLE:C524198
pole/41143,POL:PPOLE:C527132
mywcom_route_junction/22022,PJCT:SPJCT::10335585
building/49200,BUILD:SDU:C542617
building/51241,BUILD:BUS:C538615
st_struct_pedestal/67097,PED:SST::7617755
pole/42814,POL:PPOLE:C526257
st_struct_pedestal/69202,PED:SST:C573704
st_struct_pedestal/70731,PED:SST:C539265
pole/41260,POL:PPOLE:C525475
mywcom_route_junction/21609,SPJCT:SPJCT:C536692
st_struct_pedestal/70828,PED:JSPED:C529881
pole/41909,POL:PPOLE:C526857
pole/41367,POL:PPOLE:C528940
building/50007,BUILD:BUS::8889786
pole/41857,POL:PPOLE:C535774
cabinet/2524,CAB:FC::8681771
st_struct_pedestal/69435,PED:CPM:C525778
building/49763,BUILD:SDU:C543852
pole/41138,POL:PPOLE:C530610
st_struct_pedestal/70139,PED:CPM:C527706
st_struct_foreign_crossings/3107,FCROS:PLX:C46697
building/49962,BUILD:BUS:C569986
mywcom_route_junction/21789,SPJCT:SPJCT::8355393
st_struct_pedestal/67261,PED:SST:C540125
st_struct_pedestal/69498,PED:SST::9256204
building/50826,BUILD:SDU:C541778
st_struct_vault/2487,VAULT:MH-S:C530866
building/49474,BUILD:SDU:C546335
pole/42479,POL:PPOLE:C532629
building/49513,BUILD:BUS:C572804
cabinet/2514,CAB:FC::7856474
st_struct_pedestal/70615,PED:CPM:C534499
st_struct_pedestal/68271,PED:SST::8357960
building/49967,BUILD:SDU:C538369
st_struct_pedestal/67809,PED:CPM:C539574
building/51353,BUILD:BUS:C547457
st_struct_pedestal/69989,PED:FPED::10905166
st_struct_pedestal/69214,PED:CPM:C543271
st_struct_buried_splice_location/2672,CLOSR:BSCLS:C535501
building/50289,BUILD:SDU:C558172
pole/41919,POL:PPOLE:C521238
building/51339,BUILD:SDU:C535000
st_struct_pedestal/69942,PED:CPM::7965275
anchors/10492,ANCH:JOINT::7019029
pole/41804,POL:PPOLE:C536505
pole/41639,POL:PPOLE:C531018
building/49500,BUILD:BUS:C546662
st_struct_pedestal/70205,PED:CPM::10677719
pole/40598,POL:PPOLE:C536076
building/51309,BUILD:BUS:C548743
building/49823,BUILD:SDU:C528050
building/50487,BUILD:SDU:C535117
st_struct_pedestal/68513,PED:CPM:C535815
building/48949,BUILD:MDU::9059374
building/50580,BUILD:MDU::9131375
building/49253,BUILD:SDU:C537988
st_struct_pedestal/70694,PED:SST::8375851
st_struct_pedestal/69487,POL:SVMST::8035055
pole/40744,POL:PPOLE:C533061
building/49665,BUILD:SDU:C527859
st_struct_pedestal/67498,PED:CPM:C541668
st_struct_pedestal/68625,PED:JSPED:C547410
building/49758,BUILD:MDU:C532868
mywcom_route_junction/21655,SPJCT:SPJCT::13132703
st_struct_pedestal/70441,PED:SST:C543788
building/50398,BUILD:SDU::12667430
mywcom_route_junction/21135,SPJCT:SPJCT:C529813
st_struct_pedestal/70249,PED:SST::13131088
st_struct_pedestal/70719,PED:FPED::10331087
building/48998,BUILD:BUS:C571152
cabinet/2493,CAB:JWI:C532874
st_struct_pedestal/67185,PED:CPM:C527793
building/49322,BUILD:SDU:C542690
st_struct_pedestal/68817,PED:SST:C550459
st_struct_pedestal/69244,PED:SST::12682445
st_struct_pedestal/67795,PED:SST::8800821
building/49077,BUILD:SDU:C527700
building/50581,BUILD:BUS:C527504
pole/42061,POL:PPOLE:C532623
pole/42467,POL:CPOLE:C536349
pole/41891,POL:PPOLE:C523617
st_struct_pedestal/67793,PED:SST:C529384
pole/42224,POL:PPOLE::13507820
pole/40767,POL:PPOLE:C523781
mywcom_route_junction/21921,SPJCT:SPJCT:C547844
building/49156,BUILD:BUS:C549586
st_struct_pedestal/70606,PED:SST:C532296
st_struct_pedestal/69162,PED:JSPED:C528917
st_struct_foreign_crossings/3158,FCROS:RRX:C53251
st_struct_pedestal/67219,PED:JSPED:C540676
mywcom_route_junction/21804,SPJCT:SPJCT:C539335
st_struct_pedestal/70111,PED:CPM:C542744
st_struct_pedestal/67675,PED:JSPED:C531155
building/49935,BUILD:SDU:C548432
st_struct_foreign_crossings/3266,FCROS:PLX:C53958
pole/40965,POL:PPOLE:C539161
pole/40850,POL:PPOLE:C529951
cabinet/2486,CAB:EC:C541431
building/48818,BUILD:BUS:C572918
pole/41551,POL:PPOLE::7748960
st_struct_pedestal/70278,PED:SST:C549655
building/49712,BUILD:SDU:C542098
building/48832,BUILD:SDU:C540486
pole/41064,POL:PPOLE:C528405
st_struct_pedestal/70332,PED:CPM:C531036
st_struct_pedestal/68392,PED:JSPED::10661338
st_struct_pedestal/67585,PED:CPM:C542402
building/49183,BUILD:SEB:C529399
st_struct_pedestal/70091,PED:SST:C537750
building/50018,BUILD:SDU:C536857
building/49395,BUILD:MDU:C530943
st_struct_pedestal/68353,PED:JSPED:C535424
st_struct_pedestal/67441,PED:SST::8598250
building/50972,BUILD:BUS:C570508
anchors/10026,ANCH:CO:C46520
building/49975,BUILD:BUS::9046927
anchors/10504,ANCH:CO:C48197
building/51181,BUILD:SDU:C539349
st_struct_pedestal/70734,PED:JSPED:C535369
building/49550,BUILD:SDU:C538313
mywcom_route_junction/21394,SPJCT:SPJCT:C550502
st_struct_pedestal/68941,PED:CPM:C541338
st_struct_pedestal/68832,PED:CPM:C539437
st_struct_pedestal/69187,PED:SST:C530988
building/50166,BUILD:SDU:C528740
st_struct_foreign_crossings/3220,FCROS:PLX:C46432
st_struct_pedestal/70274,PED:CPM:C540288
st_struct_pedestal/67584,PED:SST::7718875
building/50921,BUILD:BUS:C548753
mywcom_route_junction/21677,PJCT:SPJCT::10058792
st_struct_foreign_crossings/3150,FCROS:PLX:C53874
building/50066,BUILD:SDU:C538024
st_struct_vault/2445,VAULT:MH-S:C530991
mywcom_route_junction/21849,SPJCT:SPJCT:C538008
st_struct_pedestal/67596,PED:CPM:C528219
pole/40583,POL:PPOLE:C526587
st_struct_pedestal/69917,PED:SST::10612372
mywcom_route_junction/21896,SPJCT:SPJCT::7903837
st_struct_pedestal/70390,PED:CPM:C550246
st_struct_pedestal/70309,PED:CPM:C539823
st_struct_pedestal/67155,PED:CPM:C535866
pole/40756,POL:PPOLE:C535762
pole/40514,POL:PPOLE:C537038
anchors/10099,ANCH:CO:C47688
st_struct_pedestal/68040,PED:SST:C533434
pole/42043,POL:PPOLE:C537050
st_struct_pedestal/67241,PED:CPM:C542736
st_struct_pedestal/68709,PED:CPM:C526797
pole/40673,POL:PPOLE:C531993
st_struct_foreign_crossings/3138,FCROS:PLX:C53133
mywcom_route_junction/21695,SPJCT:SPJCT::8344492
pole/41539,POL:PPOLE:C523806
building/51138,BUILD:BUS::12669322
st_struct_pedestal/70829,PED:CPM:C538078
st_struct_pedestal/67650,PED:CPM:C531435
st_struct_pedestal/69661,PED:JSPED::9617168
st_struct_pedestal/69023,PED:SST:C538642
st_struct_vault/2450,VAULT:MH-S:C532710
st_struct_pedestal/68233,PED:CPM:C572924
building/51370,BUILD:BUS:C544146
building/50156,BUILD:MDU::9076027
pole/42344,POL:PPOLE:C534586
pole/40987,POL:PPOLE:C532403
st_struct_pedestal/68178,PED:JSPED:C534374
st_struct_pedestal/70510,PED:SST::12652046
st_struct_foreign_crossings/3229,FCROS:RRX:C47666
st_struct_pedestal/67872,PED:JSPED:C528450
st_struct_pedestal/69006,PED:CPM:C537302
building/51420,BUILD:SDU:C534511
pole/42007,POL:PPOLE::9903261
pole/41148,POL:PPOLE:C523294
cabinet/2447,CAB:EC::7401770
pole/40537,POL:PPOLE:C549904
anchors/9978,ANCH:JOINT::7037415
st_struct_pedestal/68877,PED:SST:C544713
pole/40483,POL:PPOLE:C529871
st_struct_pedestal/69303,PED:JSPED::10669718
st_struct_pedestal/68449,PED:SST:C529272
pole/42431,POL:PPOLE:C547799
building/50132,BUILD:SDU:C537310
st_struct_pedestal/68742,PED:CPM:C538061
mywcom_route_junction/20907,SPJCT:SPJCT::8249450
pole/41958,POL:PPOLE:C523664
pole/42708,POL:PPOLE:C533598
pole/42409,POL:PPOLE:C523820
anchors/10403,ANCH:CO:C47943
st_struct_pedestal/70094,PED:SST:C541933
st_struct_pedestal/68634,PED:SST::8179357
building/50041,BUILD:BUS:C572795
mywcom_route_junction/21161,SPJCT:SPJCT:C538920
st_struct_pedestal/68762,PED:JSPED::8978743
building/50626,BUILD:SDU:C527464
pole/41851,POL:PPOLE:C547459
st_struct_pedestal/69812,PED:CPM:C537795
building/51183,BUILD:SDU:C541196
mywcom_route_junction/21054,SPJCT:SPJCT::8391854
st_struct_pedestal/70023,PED:SST:C534354
st_struct_pedestal/67251,PED:SST::12088206
pole/41936,POL:PPOLE:C529824
st_struct_pedestal/67839,PED:SST::9604075
st_struct_buried_splice_location/2667,CLOSR:BSCLS:C548200
building/49541,BUILD:BUS:C532937
building/49878,BUILD:BUS:C535567
st_struct_pedestal/70041,PED:CPM:C527725
pole/40916,POL:PPOLE:C523986
st_struct_pedestal/68009,PED:CPM:C546170
building/51124,BUILD:SDU:C549781
st_struct_pedestal/68403,PED:JSPED::8978776
pole/42032,POL:PPOLE:C532507
st_struct_pedestal/67960,PED:CPM:C527399
st_struct_pedestal/69258,PED:SST:C527513
st_struct_pedestal/69559,PED:JSPED:C530843
pole/40758,POL:PPOLE::10619777
st_struct_pedestal/67699,PED:SST::9741005
st_struct_buried_splice_location/2695,CLOSR:BSCLS::13005645
st_struct_foreign_crossings/3232,FCROS:PLX:C48533
building/50719,BUILD:SDU:C536862
st_struct_buried_splice_location/2633,CLOSR:BSCLS:C540476
building/50377,BUILD:SDU:C533347
pole/40790,POL:PPOLE:C535740
st_struct_pedestal/70013,PED:JSPED:C539636
pole/42735,POL:PPOLE:C531259
st_struct_pedestal/67707,PED:SST:C572030
mywcom_route_junction/21472,SPJCT:SPJCT:C529685
pole/41873,POL:PPOLE:C540822
building/50604,BUILD:SDU:C537807
st_struct_pedestal/67427,PED:CPM:C536460
st_struct_pedestal/67535,PED:CPM:C533141
building/51322,BUILD:BUS:C571098
st_struct_pedestal/70793,PED:SST::10681182
pole/42189,POL:PPOLE:C539178
mywcom_route_junction/20978,SPJCT:SPJCT::13132699
pole/41666,POL:PPOLE:C523615
building/51358,BUILD:SDU:C541266
building/49118,BUILD:MDU::9061290
building/51084,BUILD:SDU::8722810
building/51069,BUILD:SDU:C536793
st_struct_pedestal/67631,PED:CPM:C539108
st_struct_pedestal/70427,PED:JTPED:C570956
pole/42180,POL:PPOLE:C532310
st_struct_pedestal/70451,PED:SST::9387470
mywcom_route_junction/21647,SPJCT:SPJCT::12537162
pole/42346,POL:PPOLE:C524183
building/49381,BUILD:SDU:C527580
building/49009,BUILD:SDU:C537312
st_struct_pedestal/68365,PED:CPM:C527853
building/49830,BUILD:SDU:C528408
building/49024,BUILD:BUS:C547433
st_struct_pedestal/69810,PED:CPM:C525669
building/50135,BUILD:SDU:C531837
st_struct_pedestal/70638,PED:CPM:C540305
st_struct_pedestal/69086,PED:CPM:C549833
pole/42018,POL:PPOLE:C524109
building/50464,BUILD:BUS:C573806
pole/42604,POL:PPOLE:C534610
st_struct_pedestal/69660,PED:SST::8406255
building/50617,BUILD:MDU::9261013
building/48773,BUILD:SDU:C528298
pole/41709,POL:PPOLE:C536301
st_struct_pedestal/70079,PED:JSPED::9610795
anchors/10321,ANCH:JOINT:C53044
st_struct_pedestal/69646,PED:JSPED:C532492
st_struct_pedestal/68857,PED:SST:C547688
anchors/10183,ANCH:JOINT:C53770
st_struct_pedestal/67709,PED:SST:C534465
st_struct_pedestal/69216,PED:SST::13198108
building/50503,BUILD:SDU:C527766
st_struct_pedestal/70485,PED:SST::9136173
mywcom_route_junction/22030,SPJCT:SPJCT::8355411
pole/41329,POL:PPOLE:C521235
building/49265,BUILD:MDU::12667475
building/48848,BUILD:BUS:C570141
anchors/10238,ANCH:JOINT:C53769
mywcom_route_junction/21102,SPJCT:SPJCT:C536072
pole/41921,POL:PPOLE:C532481
mywcom_route_junction/21090,SPJCT:SPJCT:C540421
st_struct_pedestal/68791,PED:CPM:C542137
building/50048,BUILD:SDU:C533314
pole/42308,POL:PPOLE:C531312
building/51412,BUILD:SDU:C536790
st_struct_pedestal/70423,PED:SST::8402746
st_struct_pedestal/69667,PED:JSPED:C535535
building/51079,BUILD:SDU:C527353
building/50074,BUILD:SDU:C531106
st_struct_pedestal/68064,PED:SST::10838602
anchors/9974,ANCH:CO:C48352
cabinet/2425,CAB:FC::7859675
building/50873,BUILD:BUS:C533773
mywcom_route_junction/22004,SPJCT:SPJCT::9541047
pole/40513,POL:PPOLE::7746093
building/49857,BUILD:BUS:C549687
tower/485,TOWER:FIXED::12348367
st_struct_pedestal/69577,PED:SST:C534434
building/48820,BUILD:BUS:C521327
building/49107,BUILD:BUS:C571859
st_struct_pedestal/69363,PED:SST:C532579
cabinet/2469,CAB:VAULT::9392860
building/51115,BUILD:SDU:C535370
st_struct_pedestal/69285,PED:CPM:C537937
pole/41762,POL:PPOLE:C535574
building/50809,BUILD:BUS:C542829
mywcom_route_junction/21872,SPJCT:SPJCT:C548414
st_struct_pedestal/69710,PED:CPM:C528387
mywcom_route_junction/21235,SPJCT:SPJCT::8391212
cabinet/2488,CAB:EC:C533612
building/48798,BUILD:BUS:C536304
st_struct_pedestal/68639,PED:CPM:C525662
pole/42322,POL:PPOLE:C526945
st_struct_pedestal/67835,PED:JSPED:C535693
pole/41405,POL:PPOLE:C546690
building/49620,BUILD:SDU:C527049
st_struct_pedestal/68265,PED:CPM:C535218
st_struct_pedestal/69009,PED:SST:C541006
pole/42531,POL:CPOLE:C536343
building/50273,BUILD:SDU:C542717
building/50039,BUILD:SDU:C527988
anchors/10278,ANCH:JOINT::6991511
st_struct_pedestal/70356,PED:SST:C536721
pole/40661,POL:PPOLE:C528401
building/51131,BUILD:BUS:C536690
mywcom_route_junction/21276,SPJCT:SPJCT:D8031146
st_struct_pedestal/70684,PED:JTPED:C550446
pole/41950,POL:CPOLE:C540230
st_struct_pedestal/70060,PED:JSPED::10058772
building/51066,BUILD:SDU:C542437
pole/41622,POL:PPOLE:C535295
building/50050,BUILD:SDU:C569971
st_struct_pedestal/69295,PED:JSPED::9617163
pole/41868,POL:PPOLE:C534315
anchors/10280,ANCH:CO:C46607
mywcom_route_junction/21250,SPJCT:SPJCT::7783194
pole/41415,POL:PPOLE:C524204
st_struct_pedestal/68382,PED:CPM:C527592
st_struct_pedestal/70271,PED:CPM:C530892
anchors/10251,ANCH:CO:C47714
building/50268,BUILD:SDU:C550257
building/49454,BUILD:SDU:C548051
st_struct_pedestal/68394,PED:SST::7889760
st_struct_buried_splice_location/2734,CLOSR:BSCLS:C572052
st_struct_pedestal/68429,PED:JSPED:C540946
pole/42192,POL:PPOLE:C539853
building/50441,BUILD:BUS:C542260
st_struct_pedestal/68114,PED:SST:C535686
pole/42709,POL:PPOLE:C532739
pole/42641,POL:CPOLE:C538885
st_struct_pedestal/69233,PED:CPM:C541648
anchors/10332,ANCH:CO:C48405
mywcom_route_junction/21307,PJCT:SPJCT::10058774
pole/41194,POL:PPOLE:C547854
pole/40662,POL:PPOLE:C547786
building/50561,BUILD:SDU:C542478
st_struct_pedestal/70653,PED:SST:C571981
pole/40646,POL:PPOLE:C535741
st_struct_pedestal/68618,PED:SST:C533014
pole/42320,POL:PPOLE::7750884
st_struct_pedestal/67994,PED:JSPED:C528441
anchors/10429,ANCH:JOINT:C47656
pole/41066,POL:PPOLE:C526253
st_struct_pedestal/68920,PED:JSPED:C532852
pole/42453,POL:PPOLE:C537321
building/49464,BUILD:SDU:C540597
st_struct_pedestal/67069,PED:SST:C548683
building/49855,BUILD:BUS:C571099
building/50866,BUILD:BUS:C572397
st_struct_pedestal/69193,PED:JSPED:C529290
pole/40625,POL:PPOLE:C533047
st_struct_pedestal/69463,PED:JSPED:C536715
anchors/10027,ANCH:CO:C46779
st_struct_pedestal/69464,PED:SST::8275077
st_struct_pedestal/68607,PED:JSPED:C535432
st_struct_pedestal/70675,PED:SST:C571957
st_struct_pedestal/67172,PED:JTPED:C540622
st_struct_pedestal/68581,PED:SST:C556965
st_struct_pedestal/69955,PED:JSPED:C534359
st_struct_pedestal/67639,PED:CPM:C538475
st_struct_pedestal/69065,PED:SST:C544725
mywcom_route_junction/21488,SPJCT:SPJCT:C534630
building/49879,BUILD:BUS:C550426
st_struct_vault/2463,VAULT:HHOLE:C555192
st_struct_pedestal/69330,PED:CPM:C546330
st_struct_pedestal/69622,PED:JSPED::8989058
st_struct_buried_splice_location/2704,CLOSR:BSCLS:C541786
pole/40799,POL:PPOLE:C528354
st_struct_pedestal/70133,PED:CPM:C542702
st_struct_pedestal/69985,PED:CPM:C524297
st_struct_pedestal/68444,PED:SST::8391240
anchors/10271,ANCH:JOINT:C46465
st_struct_pedestal/70436,PED:CPM:C539136
st_struct_pedestal/67316,PED:JSPED::9043411
building/48954,BUILD:BUS::12653016
building/50169,BUILD:BUS:C531344
pole/40989,POL:PPOLE:C547840
mywcom_route_junction/21561,SPJCT:SPJCT::11388045
st_struct_buried_splice_location/2680,CLOSR:BSCLS:C546369
pole/40654,POL:PPOLE:C524056
pole/42196,POL:PPOLE:C525471
st_struct_pedestal/69895,PED:SST::11098779
building/51475,BUILD:SDU:C560933
building/49391,BUILD:SDU:C532077
st_struct_pedestal/68627,PED:JSPED:C546558
pole/41590,POL:PPOLE:C524274
building/51039,BUILD:SDU:C532569
pole/40591,POL:CPOLE:C540231
pole/41500,POL:PPOLE:C544182
st_struct_pedestal/68370,PED:CPM:C528287
building/51003,BUILD:SDU:C534539
st_struct_foreign_crossings/3249,FCROS:PLX:C47392
st_struct_pedestal/68960,PED:SST::9130735
st_struct_pedestal/69004,PED:JUPED::10246939
st_struct_pedestal/67915,PED:JTPED:C535675
building/49303,BUILD:BUS:C532340
pole/41988,POL:PPOLE:C534229
pole/40811,POL:PPOLE:C532258
st_struct_pedestal/70161,POL:SVMST::8035061
st_struct_pedestal/68303,PED:JTPED:C535557
building/49499,BUILD:BUS:C570502
st_struct_pedestal/69016,PED:CPM:C527571
cabinet/2437,CAB:JWI:C535111
building/50677,BUILD:BUS:C544803
st_struct_pedestal/68102,PED:SST::8419372
building/50946,BUILD:SDU:C531755
building/50875,BUILD:MDU:C540404
st_struct_pedestal/70300,PED:JSPED:C535352
building/51092,BUILD:SDU:C549705
building/50232,BUILD:BUS:C571867
st_struct_buried_splice_location/2681,CLOSR:BSCLS:C547905
building/50131,BUILD:SDU:C529662
building/51048,BUILD:BUS::11069337
mywcom_route_junction/21021,SPJCT:SPJCT::9043415
pole/40945,POL:PPOLE:C535434
st_struct_pedestal/69196,PED:SST:C542095
st_struct_pedestal/67454,PED:SST:C529324
pole/42300,POL:PPOLE:C534021
mywcom_route_junction/21267,SPJCT:SPJCT::8383227
building/49196,BUILD:MDU::9106734
pole/41799,POL:PPOLE:C537629
st_struct_pedestal/70722,PED:JSPED:C525981
st_struct_pedestal/70273,PED:CPM:C525673
st_struct_pedestal/67767,PED:CPM:C534507
st_struct_pedestal/69261,PED:CPM:C528009
building/49229,BUILD:SDU:C526840
st_struct_pedestal/69266,PED:JSPED::9617167
st_struct_pedestal/67296,PED:SST::8358596
pole/41360,POL:PPOLE:C523914
anchors/9970,ANCH:CO::7021924
st_struct_pedestal/69455,PED:SST::8355395
pole/41480,POL:PPOLE:C529911
building/51047,BUILD:SDU:C530884
st_struct_pedestal/68082,PED:CPM:C540734
st_struct_pedestal/68204,PED:JSPED::9617170
st_struct_pedestal/68767,PED:JSPED:C531266
pole/41100,POL:PPOLE:C546867
st_struct_buried_splice_location/2706,LOSR:BSCLS::10047627
st_struct_pedestal/68663,PED:SST::9604087
st_struct_buried_splice_location/2627,CLOSR:BSCLS:C572051
st_struct_pedestal/68442,PED:CPM:C538340
building/50713,BUILD:SDU:C543337
building/50673,BUILD:BUS:C570280
pole/42410,POL:PPOLE:C544192
st_struct_pedestal/68332,PED:CPM:C548698
pole/40907,POL:PPOLE:C537356
building/50907,BUILD:SDU:C540545
building/50328,BUILD:SDU:C540599
mywcom_route_junction/21767,SPJCT:SPJCT::8391852
st_struct_pedestal/68898,PED:SST:C557407
st_struct_pedestal/68668,PED:SST:C532135
st_struct_pedestal/69150,PED:SST:C536738
st_struct_pedestal/68145,PED:FPED::10331093
building/50337,BUILD:SDU:C542047
st_struct_pedestal/67643,PED:CPM:C528325
st_struct_pedestal/68719,PED:SST:C550454
building/48759,BUILD:BUS::9716684
st_struct_foreign_crossings/3118,FCROS:PLX:C49977
st_struct_pedestal/68016,PED:SST::8358251
building/49117,BUILD:SDU::12667460
st_struct_pedestal/69769,PED:CPM:C535832
st_struct_pedestal/70540,PED:CPM:C540207
st_struct_pedestal/67663,PED:CPM:C542628
building/50417,BUILD:SDU:C571821
mywcom_route_junction/21895,SPJCT:SPJCT:C550507
pole/42016,POL:PPOLE:C530014
mywcom_route_junction/21788,SPJCT:SPJCT:C541103
mywcom_route_junction/21825,SPJCT:SPJCT::12629006
st_struct_pedestal/68457,PED:SST::13117962
building/51378,BUILD:SDU:C528112
pole/41247,POL:PPOLE:C532511
mywcom_route_junction/20926,SPJCT:SPJCT::13171498
mywcom_route_junction/21801,SPJCT:SPJCT:C549605
st_struct_vault/2429,VAULT:FTTX::9650142
building/50372,BUILD:BUS::8583530
st_struct_pedestal/70197,PED:CPM:C534494
building/50305,BUILD:BUS:C570278
st_struct_foreign_crossings/3240,FCROS:PLX:C47533
st_struct_pedestal/68188,PED:JSPED:C540693
st_struct_pedestal/67566,PED:SST:C543693
building/50024,BUILD:SDU:C533987
pole/41414,POL:PPOLE:C549857
mywcom_route_junction/21183,PJCT:SPJCT::10058787
st_struct_pedestal/69879,PED:SST:C529567
building/50416,BUILD:SDU:C529184
building/48802,BUILD:SDU:C531821
st_struct_pedestal/68838,PED:SST:C537717
st_struct_pedestal/70132,PED:CPM:C548798
building/50412,BUILD:SDU:C528078
mywcom_route_junction/21282,SPJCT:SPJCT:C571570
anchors/10520,ANCH:CO:C46839
pole/42160,POL:PPOLE:C530615
pole/41928,POL:PPOLE:C536531
anchors/10445,ANCH:CO:C53194
pole/42744,POL:PPOLE:C540787
pole/41922,POL:PPOLE:C530179
pole/41912,POL:PPOLE:C547666
building/51464,BUILD:SDU:C546568
building/49467,BUILD:SDU:C546516
anchors/10199,ANCH:JOINT:C45693
anchors/10253,ANCH:CO:C53192
mywcom_route_junction/22009,SPJCT:SPJCT::8410731
st_struct_pedestal/68998,PED:CPM:C542414
st_struct_pedestal/67625,PED:CPM::10677334
pole/40519,POL:PPOLE:C538879
pole/42674,POL:PPOLE:C571005
building/50662,BUILD:BUS:C535562
anchors/10330,ANCH:CO:C47014
anchors/10007,ANCH:CO:C45920
st_struct_pedestal/70636,PED:CPM:C528124
pole/41359,POL:PPOLE:C536078
mywcom_route_junction/21124,SPJCT:SPJCT:C529281
building/50211,BUILD:BUS:C571155
st_struct_pedestal/70065,PED:SST:C543839
st_struct_pedestal/68537,PED:SST::9387469
st_struct_buried_splice_location/2754,CLOSR:BSCLS:C512047
mywcom_route_junction/21034,SPJCT:SPJCT:C543772
building/49246,BUILD:BUS:C549562
pole/42802,POL:PPOLE::8264493
st_struct_foreign_crossings/3212,FCROS:PLX:C48166
pole/42217,POL:PPOLE:C536436
st_struct_foreign_crossings/3278,FCROS:RRX:C53071
anchors/10108,ANCH:JOINT:C45705
anchors/10074,ANCH:CO:C47677
st_struct_pedestal/67388,PED:CPM:C527749
pole/41134,POL:PPOLE:C534609
st_struct_pedestal/70575,PED:CPM:C538054
mywcom_route_junction/20980,SPJCT:SPJCT:C540072
mywcom_route_junction/21770,SPJCT:SPJCT:C549575
st_struct_pedestal/68476,PED:JSPED:C546740
pole/42476,POL:PPOLE:C528211
building/51014,BUILD:BUS::12179739
pole/42542,POL:PPOLE:C538904
pole/42247,POL:PPOLE:C526845
building/50145,BUILD:SDU:C533105
st_struct_pedestal/70712,PED:SST:C549461
st_struct_buried_splice_location/2634,CLOSR:BSCLS:C526524
anchors/10179,ANCH:JOINT:C47793
mywcom_route_junction/21292,SPJCT:SPJCT:C571154
pole/42799,POL:PPOLE::9970126
building/50795,BUILD:SDU:C570088
st_struct_pedestal/68937,PED:SST:C540334
building/50456,BUILD:SDU:C527730
pole/41830,POL:PPOLE:C536854
st_struct_pedestal/67267,PED:JSPED:C537482
pole/41504,POL:PPOLE:C542204
mywcom_route_junction/20911,SPJCT:SPJCT:C536756
st_struct_pedestal/69362,PED:CPM:C538442
pole/41751,POL:PPOLE::8271276
building/50916,BUILD:SDU:C542108
building/50593,BUILD:SDU:C543421
st_struct_pedestal/69705,PED:SST::8393147
pole/42514,POL:PPOLE:C533860
st_struct_pedestal/68371,PED:CPM:C529505
mywcom_route_junction/21097,SPJCT:SPJCT:C541764
cabinet/2436,CAB:EC:C546688
st_struct_pedestal/70375,PED:CPM:C560908
building/50356,BUILD:MDU::12669326
pole/41628,POL:PPOLE:C532779
st_struct_pedestal/69617,PED:SST::10059098
st_struct_pedestal/69037,PED:JSPED:C539061
building/50373,BUILD:BUS:C534959
mywcom_route_junction/21877,SPJCT:SPJCT:C547816
st_struct_pedestal/68208,PED:SST::8375852
st_struct_pedestal/67694,PED:SST::9650152
st_struct_pedestal/67076,PED:CPM:C546494
building/51192,BUILD:SDU:C538082
building/48804,BUILD:SDU:C528076
st_struct_pedestal/69936,PED:CPM:C526512
anchors/10381,ANCH:JOINT::7607516
st_struct_pedestal/68944,PED:CPM:C536405
st_struct_pedestal/70030,PED:JSPED:C537497
pole/42005,POL:PPOLE::9229996
building/50679,BUILD:BUS:C546859
pole/41527,POL:PPOLE:C530178
pole/41801,POL:PPOLE::7753774
building/50153,BUILD:BUS:C544020
building/49241,BUILD:SDU:C540584
mywcom_route_junction/21243,SPJCT:SPJCT:C531124
building/49821,BUILD:BUS:C573342
st_struct_pedestal/69587,PED:JLPED::8035043
st_struct_pedestal/68112,PED:JSPED:C540629
building/50210,BUILD:SDU:C540899
pole/41908,POL:PPOLE:C536060
st_struct_pedestal/70403,PED:CPM:C527144
pole/42682,POL:PPOLE::7750879
st_struct_foreign_crossings/3193,FCROS:PLX:C53467
st_struct_pedestal/67719,PED:CPM:C542120
st_struct_buried_splice_location/2615,CLOSR:BSCLS:C537436
building/50690,BUILD:MDU::9075067
st_struct_pedestal/69341,PED:JTPED:C536339
st_struct_pedestal/68789,PED:SST:C546619
building/51380,BUILD:BUS:C536998
building/51317,BUILD:SDU:C539712
st_struct_pedestal/67923,PED:SST:C550526
st_struct_pedestal/67302,PED:SST:C538441
pole/41978,POL:PPOLE:C537200
st_struct_pedestal/67041,PED:CPM:C528159
mywcom_route_junction/21986,SPJCT:SPJCT::13132707
mywcom_route_junction/21598,SPJCT:SPJCT::8395054
pole/41358,POL:PPOLE:C532475
building/49207,BUILD:SDU:C546482
st_struct_vault/2438,VAULT:MH-S:C530651
st_struct_pedestal/67212,PED:CPM:C539296
st_struct_pedestal/69346,POL:SVMST::8035051
st_struct_pedestal/68333,PED:CPM:C538319
building/49334,BUILD:SDU:C536702
pole/40526,POL:PPOLE:C537003
anchors/10205,ANCH:JOINT:C46843
building/50274,BUILD:BUS:C572694
building/50759,BUILD:SDU:C538507
pole/42165,POL:PPOLE:C524208
st_struct_pedestal/69783,PED:JTPED:C545366
st_struct_pedestal/69995,PED:JSPED:C544783
st_struct_pedestal/69268,PED:SST:C534521
mywcom_route_junction/21012,SPJCT:SPJCT::8354106
st_struct_pedestal/68007,PED:CPM:C541976
pole/42564,POL:PPOLE:C529956
anchors/10375,ANCH:CO:C46530
pole/41941,POL:PPOLE:C532740
st_struct_pedestal/67193,PED:CPM:C542041
pole/42699,POL:PPOLE:C539856
st_struct_pedestal/70035,PED:JSPED:C544663
st_struct_pedestal/69857,PED:CPM:C560915
st_struct_pedestal/69181,PED:CPM:C527485
st_struct_pedestal/67722,PED:CPM:C531375
pole/41021,POL:PPOLE:C537002
anchors/10146,ANCH:JOINT:C47472
building/51094,BUILD:SDU:C542051
pole/40998,POL:PPOLE::7871514
pole/40592,POL:PPOLE:C529940
building/49870,BUILD:SDU:C525787
building/49596,BUILD:BUS:C543997
st_struct_pedestal/69913,PED:JTPED:C546465
mywcom_route_junction/21136,SPJCT:SPJCT:C536383
st_struct_pedestal/67360,PED:JTPED:C540426
pole/40573,POL:PPOLE:C534214
mywcom_route_junction/21866,PJCT:SPJCT::11069332
st_struct_pedestal/70400,PED:SST:C530777
mywcom_route_junction/21824,SPJCT:SPJCT::8355394
anchors/10055,ANCH:CO:C46279
st_struct_pedestal/68655,PED:JSPED:C539072
pole/40499,POL:PPOLE:C523577
cabinet/2513,CAB:JWI:C531017
st_struct_pedestal/70156,PED:CPM:C541977
st_struct_pedestal/67978,PED:JSPED:C540606
building/49240,BUILD:SDU:C535132
st_struct_pedestal/68361,PED:CPM:C543775
building/51242,BUILD:SDU:C548719
pole/40944,POL:PPOLE:C532567
pole/42831,POL:PPOLE:C532663
building/50267,BUILD:SEB:C542779
building/49838,BUILD:BUS:C535056
building/48995,BUILD:SDU:C549802
anchors/10404,ANCH:CO:C47286
building/49964,BUILD:SDU:C534486
st_struct_pedestal/67121,PED:CPM:C534490
building/51013,BUILD:BUS::12614939
mywcom_route_junction/21519,SPJCT:SPJCT::8796972
building/49846,BUILD:SDU:C542090
building/49854,BUILD:SDU:C546530
building/48748,BUILD:SDU:C535669
building/49333,BUILD:SDU:C541481
pole/41163,POL:PPOLE:C534596
building/50974,BUILD:BUS:C539199
st_struct_pedestal/70225,PED:SST::12669329
st_struct_pedestal/68405,PED:SST:C557426
st_struct_pedestal/68718,PED:SST::8406256
building/49042,BUILD:BUS:C547572
st_struct_pedestal/69328,PED:CPM:C533316
st_struct_pedestal/70068,PED:CPM:C528031
st_struct_pedestal/68750,PED:JLIPD:C573233
st_struct_pedestal/69991,PED:CPM:C542666
st_struct_foreign_crossings/3211,FCROS:PLX:C53915
st_struct_pedestal/68544,PED:SST::8417140
st_struct_pedestal/67179,PED:CPM:C539372
st_struct_foreign_crossings/3234,FCROS:PLX:C47431
mywcom_route_junction/21414,SPJCT:SPJCT:C541359
cabinet/2487,CAB:EC:C545403
mywcom_route_junction/21681,SPJCT:SPJCT:C542931
st_struct_pedestal/69813,PED:CPM:C542371
pole/40894,POL:PPOLE:C530767
building/49220,BUILD:BUS:C539003
anchors/10320,ANCH:JOINT:C53204
mywcom_route_junction/21293,SPJCT:SPJCT:C542792
building/50420,BUILD:SDU:C531107
building/50909,BUILD:SDU:C534555
building/49686,BUILD:SDU:C537815
st_struct_pedestal/69941,PED:SST:C532025
mywcom_route_junction/21931,SPJCT:SPJCT::8356389
mywcom_route_junction/21160,SPJCT:SPJCT:C542305
st_struct_buried_splice_location/2632,CLOSR:BSCLS:C534628
pole/40626,POL:PPOLE:C540844
anchors/10012,ANCH:CO:C47521
st_struct_foreign_crossings/3189,FCROS:RRX:C47764
st_struct_pedestal/70407,PED:SST:C541362
pole/42004,POL:CPOLE:C538886
pole/40649,POL:PPOLE:C544190
pole/41754,POL:PPOLE::7738077
pole/40562,POL:PPOLE:C532539
st_struct_pedestal/68839,PED:SST::8357952
anchors/10363,ANCH:CO:C47478
pole/41331,POL:PPOLE:C546813
building/50341,BUILD:MDU::10612690
pole/42655,POL:CPOLE:C546838
building/50242,BUILD:SDU:C531860
st_struct_pedestal/69762,PED:JSPED::10905164
building/49082,BUILD:SDU:C529348
st_struct_pedestal/69373,PED:SST:C573902
building/51377,BUILD:SDU::10058197
st_struct_vault/2428,VAULT:FTTX::9542604
mywcom_route_junction/21487,SPJCT:SPJCT::12454940
pole/41109,POL:PPOLE:C536360
st_struct_foreign_crossings/3203,FCROS:PLX:C53957
st_struct_pedestal/68189,PED:JSPED:C540504
pole/41140,POL:PPOLE:C523555
pole/42524,POL:PPOLE::7750874
mywcom_route_junction/21620,SPJCT:SPJCT:C549582
pole/41518,POL:PPOLE:C531379
building/49848,BUILD:BUS:C572723
building/50021,BUILD:BUS:C537388
building/49376,BUILD:SDU:C540102
mywcom_route_junction/21327,SPJCT:SPJCT:C537565
st_struct_pedestal/68213,PED:CPM:C545853
building/49269,BUILD:SEB:C546806
anchors/10284,ANCH:CO:C46556
st_struct_pedestal/70044,PED:CPM:C526923
pole/41533,POL:PPOLE:C531310
building/48950,BUILD:MDU::10612691
st_struct_pedestal/69688,PED:CPM:C536471
st_struct_pedestal/68716,PED:SST::13124427
st_struct_foreign_crossings/3275,FCROS:PLX:C53466
mywcom_route_junction/22005,SPJCT:SPJCT::13399926
building/50338,BUILD:SDU:C570152
st_struct_buried_splice_location/2651,CLOSR:BSCLS:C532226
pole/42606,POL:PPOLE:C537627
st_struct_pedestal/68836,PED:CPM:C538066
pole/42487,POL:PPOLE:C524255
pole/42434,POL:PPOLE::7738083
st_struct_pedestal/70232,PED:SST:C529719
st_struct_pedestal/69491,PED:CPM:C526011
st_struct_pedestal/68763,PED:CPM:C534101
mywcom_route_junction/20912,PJCT:SPJCT::10058786
st_struct_foreign_crossings/3133,FCROS:PLX:C47580
st_struct_pedestal/68971,PED:SST:C529491
building/49465,BUILD:BUS:C548231
anchors/10194,ANCH:JOINT::6991513
pole/40529,POL:PPOLE:C534599
mywcom_route_junction/21777,SPJCT:SPJCT:D8007450
pole/42398,POL:PPOLE:C536074
building/48779,BUILD:SDU:C527921
pole/42260,POL:PPOLE:C532284
building/49037,BUILD:SDU:C537037
st_struct_pedestal/70073,PED:CPM:C527834
st_struct_pedestal/68151,PED:CPM:C538050
st_struct_pedestal/69017,PED:CPM:C546582
building/49438,BUILD:SDU:C528148
st_struct_pedestal/69220,PED:JSPED:C528896
pole/41345,POL:PPOLE:C521115
pole/42631,POL:PPOLE::7754408
pole/42621,POL:PPOLE:C539739
st_struct_pedestal/68840,PED:CPM:C529354
st_struct_pedestal/67234,PED:JSPED:C534340
building/50813,BUILD:SDU:C528295
st_struct_pedestal/67961,PED:CPM:C527704
building/49101,BUILD:BUS:C547460
st_struct_pedestal/70083,PED:CPM:C546762
pole/41080,POL:PPOLE:C521103
st_struct_pedestal/68535,PED:SST:C547898
st_struct_pedestal/68413,PED:JSPED:C534335
building/49993,BUILD:SDU:C571913
st_struct_pedestal/68478,PED:JSPED:C526148
pole/41118,POL:PPOLE:C523300
building/51387,BUILD:SDU:C541454
pole/42591,POL:PPOLE:C536373
st_struct_foreign_crossings/3276,FCROS:PLX:C52976
pole/42644,POL:PPOLE:C539902
pole/40819,POL:CPOLE:C546833
st_struct_pedestal/68766,PED:CPM:C530839
st_struct_pedestal/70639,PED:CPM:C571754
pole/40749,POL:PPOLE:C539153
st_struct_buried_splice_location/2668,CLOSR:BSCLS:C536979
pole/41934,POL:PPOLE:C531358
anchors/10353,ANCH:JOINT:C48235
building/49576,BUILD:SDU:C531178
mywcom_route_junction/22011,SPJCT:SPJCT:C531003
building/49660,BUILD:SDU:C548685
mywcom_route_junction/21076,SPJCT:SPJCT:C531286
building/49654,BUILD:SDU:C534554
pole/41914,POL:PPOLE:C535737
building/51425,BUILD:BUS:C573814
st_struct_pedestal/67969,PED:CPM:C545889
st_struct_pedestal/69642,PED:CPM:C525714
mywcom_route_junction/21379,SPJCT:SPJCT:C534914
building/51314,BUILD:BUS:C534821
tower/479,TOWER:TOWER:C572886
anchors/10303,ANCH:JOINT:C47435
pole/40843,POL:PPOLE:C536961
building/50142,BUILD:SDU:C527645
mywcom_route_junction/21831,SPJCT:SPJCT:C543793
pole/42053,POL:PPOLE:C539808
mywcom_route_junction/20948,SPJCT:SPJCT:C528505
pole/40896,POL:PPOLE:C537048
st_struct_pedestal/67411,PED:CPM:C537319
pole/41486,POL:PPOLE:C539809
st_struct_pedestal/68164,PED:CPM::8437610
anchors/10439,ANCH:CO:C47072
st_struct_pedestal/70758,PED:CPM:C542677
building/51178,BUILD:BUS:C544197
mywcom_route_junction/21176,SPJCT:SPJCT::8391216
st_struct_pedestal/67939,PED:CPM::10042139
st_struct_pedestal/67282,PED:CPM:C527907
building/50802,BUILD:BUS::11852048
st_struct_pedestal/67909,PED:SST:C529373
pole/41478,POL:PPOLE::11427421
pole/40866,POL:PPOLE:C527712
pole/42812,POL:PPOLE:C570564
building/51381,BUILD:BUS:C536289
building/49089,BUILD:SDU:C533353
mywcom_route_junction/21654,SPJCT:SPJCT:C549627
pole/40967,POL:PPOLE:C529891
building/50174,BUILD:SDU::7386398
st_struct_pedestal/69253,PED:CPM:C539104
st_struct_pedestal/70027,PED:SST:C547672
st_struct_pedestal/70264,PED:SST:C549284
pole/42148,POL:PPOLE:C546860
mywcom_route_junction/21886,SPJCT:SPJCT:C541756
building/50568,BUILD:SDU:C528183
building/49535,BUILD:BUS:C530276
st_struct_pedestal/69751,PED:CPM:C541000
st_struct_pedestal/68783,PED:SST::9604077
pole/41471,POL:PPOLE::7753772
building/49450,BUILD:BUS:C548612
st_struct_pedestal/69121,PED:CPM:C542084
st_struct_pedestal/68733,PED:SST:C540890
pole/42611,POL:PPOLE:C527277
building/49469,BUILD:BUS::12419722
st_struct_pedestal/67922,PED:SST:C544734
st_struct_pedestal/67884,PED:SST:C533618
building/50810,BUILD:SDU:C542777
pole/42618,POL:PPOLE:C535446
mywcom_route_junction/21412,SPJCT:SPJCT:C540624
building/49439,BUILD:SDU:C571739
st_struct_pedestal/68720,PED:JTPED:C546471
building/50320,BUILD:BUS:C547922
st_struct_pedestal/67214,PED:SST:C539229
pole/42481,POL:PPOLE:C531240
pole/42433,POL:PPOLE:C530177
st_struct_pedestal/69402,PED:CPM:C550233
pole/42242,POL:PPOLE:C536420
building/48881,BUILD:BUS:C572391
st_struct_pedestal/69797,PED:JSPED:C540949
pole/42789,POL:PPOLE:C535789
anchors/10397,ANCH:JOINT:C47336
st_struct_pedestal/67888,PED:CPM:C550283
building/51116,BUILD:BUS::12845979
st_struct_pedestal/70582,PED:JLPED::8035076
building/51169,BUILD:MDU::9134256
building/49375,BUILD:BUS:C536237
st_struct_pedestal/69191,PED:SST:C548652
st_struct_pedestal/67469,PED:SST:C548413
building/51315,BUILD:BUS:C536640
st_struct_pedestal/70216,PED:JSPED:C535633
pole/40906,POL:PPOLE:C537375
mywcom_route_junction/21405,SPJCT:SPJCT:C545847
building/48758,BUILD:BUS:C570101
building/51140,BUILD:BUS:C543552
building/49918,BUILD:BUS::10682168
pole/42186,POL:PPOLE:C546755
building/50715,BUILD:SDU:C541139
st_struct_pedestal/70822,PED:CPM:C531440
st_struct_pedestal/69929,PED:SST:C529329
st_struct_buried_splice_location/2663,CLOSR:BSCLS:C532118
st_struct_buried_splice_location/2736,CLOSR:BSCLS:C557120
pole/41377,POL:PPOLE:C526565
st_struct_pedestal/67710,PED:SST:C539473
building/51462,BUILD:SDU:C540409
building/48931,BUILD:SDU:C531964
building/49527,BUILD:SDU:C534515
pole/40597,POL:PPOLE:C533028
building/48921,BUILD:SDU:C528066
pole/41856,POL:PPOLE::7746103
pole/41818,POL:PPOLE:C540682
building/50253,BUILD:SDU:C546228
st_struct_pedestal/69778,PED:CPM:C532006
st_struct_pedestal/69194,PED:SST:C538776
pole/40606,POL:PPOLE:C528195
st_struct_pedestal/70302,PED:CPM:C571884
mywcom_route_junction/21322,SPJCT:SPJCT:C540777
st_struct_pedestal/68059,PED:JSPED::9043408
pole/40919,POL:PPOLE:C530226
pole/41633,POL:PPOLE:C528347
st_struct_pedestal/68547,PED:SST:C536724
st_struct_pedestal/70131,PED:CPM:C548343
st_struct_pedestal/70343,PED:JSPED:C544757
st_struct_pedestal/67847,PED:CPM:C525925
anchors/10148,ANCH:JOINT:C53209
pole/42071,POL:PPOLE:C529938
pole/42651,POL:PPOLE:C531298
st_struct_pedestal/69518,PED:CPM:C529679
building/49181,BUILD:SDU:C542826
building/50578,BUILD:BUS:C533455
st_struct_pedestal/67271,PED:JSPED:C530874
mywcom_route_junction/21392,PJCT:SPJCT::10250462
mywcom_route_junction/21079,SPJCT:SPJCT::9043414
building/49617,BUILD:SDU:C528747
mywcom_route_junction/21690,SPJCT:SPJCT:C570089
st_struct_pedestal/68272,PED:JUPED::8547370
pole/42255,POL:PPOLE::11427420
st_struct_pedestal/67750,PED:CPM:C532550
building/50619,BUILD:SDU:C541724
building/50413,BUILD:SDU:C534001
st_struct_pedestal/67546,PED:CPM:C533921
building/51044,BUILD:SDU:C549836
anchors/10493,ANCH:JOINT:C47240
mywcom_route_junction/21873,SPJCT:SPJCT:C536676
pole/41961,POL:PPOLE:C546655
building/50165,BUILD:BUS::9633834
st_struct_pedestal/69420,PED:JSPED:C535464
building/49412,BUILD:SDU:C536462
st_struct_pedestal/70539,PED:SST:C541625
building/49215,BUILD:SDU:C546532
building/50804,BUILD:BUS:C535281
pole/41300,POL:PPOLE:C524131
pole/40868,POL:PPOLE:C524044
st_struct_foreign_crossings/3227,FCROS:RRX:C53749
st_struct_pedestal/68913,PED:JSPED:C529890
pole/42177,POL:PPOLE:C526473
st_struct_pedestal/69156,PED:JSPED:C535327
building/48876,BUILD:SDU:C540130
building/50177,BUILD:SDU:C527917
building/49010,BUILD:SDU:C569978
cabinet/2518,CAB:FC::8980741
st_struct_pedestal/70158,PED:SST:C571072
pole/42640,POL:CPOLE:C548742
st_struct_pedestal/69873,PED:CPM:C538496
mywcom_route_junction/21883,SPJCT:SPJCT::8355692
pole/41641,POL:PPOLE:C521252
building/50855,BUILD:SDU:C538491
mywcom_route_junction/21310,SPJCT:SPJCT::8372670
pole/42100,POL:PPOLE:C536956
st_struct_pedestal/70185,PED:SST::9082751
mywcom_route_junction/21729,SPJCT:SPJCT::7750882
mywcom_route_junction/21869,PJCT:SPJCT::10840526
st_struct_pedestal/69203,PED:SST::10660386
building/48934,BUILD:SDU:C541421
building/48841,BUILD:SDU:C538359
st_struct_pedestal/70069,PED:JSPED::10146763
pole/41271,POL:CPOLE:C533682
building/51059,BUILD:SDU:C530912
building/50526,BUILD:SDU:C548052
st_struct_pedestal/68546,PED:JSPED:C540859
anchors/10057,ANCH:CO:C47090
mywcom_route_junction/21808,SPJCT:SPJCT::8389302
pole/42502,POL:PPOLE:C549909
st_struct_pedestal/70200,PED:SST::11601508
pole/40879,POL:PPOLE:C531571
st_struct_foreign_crossings/3233,FCROS:PLX:C48365
st_struct_pedestal/69088,PED:SST:C549560
pole/42220,POL:CPOLE:C571817
tower/464,TOWER:TOWER:C529783
st_struct_pedestal/69776,PED:JSPED:C544758
st_struct_pedestal/70692,PED:CPM:C538472
pole/41018,POL:PPOLE:C527680
st_struct_pedestal/70621,PED:SST::12935882
pole/42293,POL:PPOLE:C526267
st_struct_pedestal/68113,PED:JSPED:C526138
st_struct_pedestal/69673,PED:JTPED:C570905
building/50753,BUILD:BUS:C570491
st_struct_pedestal/68565,PED:SST:C543475
st_struct_pedestal/69603,PED:CPM::8955371
st_struct_pedestal/67384,PED:SST:C538605
st_struct_pedestal/68680,PED:SST::8389627
pole/42377,POL:PPOLE:C527264
st_struct_pedestal/68572,PED:SST:C573792
st_struct_pedestal/67335,PED:SST::8796975
building/51197,BUILD:SDU::9257903
st_struct_pedestal/69888,PED:SST:C542258
anchors/10257,ANCH:CO:C46529
pole/41655,POL:PPOLE:C523995
building/50899,BUILD:SDU:C528738
building/50070,BUILD:SDU:C526099
st_struct_pedestal/69413,PED:JTPED:C535339
pole/40586,POL:PPOLE:C534916
st_struct_foreign_crossings/3092,FCROS:RRX:C53763
st_struct_pedestal/70786,PED:JSPED:C530864
building/48797,BUILD:SDU:C527174
anchors/10165,ANCH:JOINT:C47066
building/50054,BUILD:MDU::9160174
mywcom_route_junction/21733,PJCT:SPJCT::10303250
building/50797,BUILD:BUS:C571467
building/50538,BUILD:BUS:C547467
anchors/10102,ANCH:CO:C47814
pole/42102,POL:PPOLE::7754411
pole/41720,POL:PPOLE:C532949
anchors/10341,ANCH:JOINT:C46617
building/49753,BUILD:SDU:C532743
st_struct_pedestal/70084,PED:JTPED:C535037
pole/40736,POL:PPOLE:C536461
building/51417,BUILD:BUS:C572896
building/50263,BUILD:BUS::13330283
building/49075,BUILD:SDU:C528079
mywcom_route_junction/21114,SPJCT:SPJCT:C541757
st_struct_pedestal/70696,PED:CPM:C533068
pole/41281,POL:PPOLE:C538910
building/49318,BUILD:BUS:C541813
pole/41439,POL:PPOLE:C539814
building/48951,BUILD:BUS:C534321
pole/42508,POL:PPOLE:C530612
st_struct_buried_splice_location/2707,CLOSR:BSCLS:C548285
st_struct_pedestal/70446,PED:CPM::8761468
st_struct_pedestal/70676,PED:CPM:C539468
building/50243,BUILD:SDU:C537851
building/49369,BUILD:MDU:C525959
anchors/10310,ANCH:JOINT:C46652
building/49556,BUILD:SDU:C538037
anchors/10380,ANCH:JOINT:C46359
st_struct_pedestal/70623,PED:JSPED:C529080
st_struct_pedestal/69445,PED:CPM:C530441
building/50187,BUILD:SDU:C533546
pole/41706,POL:PPOLE:C524137
building/50864,BUILD:MDU::10556370
st_struct_pedestal/70602,PED:CPM:C526470
building/49889,BUILD:BUS:C535505
st_struct_vault/2420,VAULT:MH-S:C531088
pole/42832,POL:PPOLE:C523580
anchors/10464,ANCH:JOINT:C47742
st_struct_pedestal/70760,PED:SST:C571975
st_struct_pedestal/69647,PED:JSPED::12234172
mywcom_route_junction/21399,PJCT:SPJCT::10602447
anchors/10365,ANCH:CO:C53162
building/48986,BUILD:SDU:C532052
anchors/10406,ANCH:CO:C48194
st_struct_pedestal/68376,PED:CPM:C550281
anchors/10399,ANCH:JOINT::7019027
building/50097,BUILD:SDU:C524336
building/49628,BUILD:SDU:C533961
building/48914,BUILD:BUS:C543464
st_struct_pedestal/69403,PED:JSPED:C539164
st_struct_pedestal/69585,PED:SST::10058773
st_struct_pedestal/68149,PED:CPM:C539783
building/49345,BUILD:BUS::9051370
st_struct_pedestal/70018,PED:JSPED:C540768
st_struct_pedestal/69535,PED:SST:C548334
mywcom_route_junction/21105,SPJCT:SPJCT:C535551
st_struct_vault/2446,VAULT:MH-S:C530882
pole/41379,POL:PPOLE:C523990
st_struct_vault/2472,VAULT:MH-S:C531481
building/49026,BUILD:MDU::9130739
pole/40875,POL:PPOLE:C527115
building/50077,BUILD:SDU:C528156
st_struct_foreign_crossings/3239,FCROS:PLX:C47427
mywcom_route_junction/21081,SPJCT:SPJCT::8383214
building/49236,BUILD:SDU:C571851
mywcom_route_junction/22019,PJCT:SPJCT::11061679
st_struct_pedestal/67238,PED:CPM:C537893
st_struct_pedestal/69680,PED:CPM::10583246
st_struct_pedestal/68216,PED:SST:C546787
st_struct_buried_splice_location/2691,CLOSR:BSCLS:C528841
pole/42199,POL:PPOLE:C538316
st_struct_pedestal/68942,PED:SST:C537745
anchors/10056,ANCH:CO:C47288
pole/42715,POL:PPOLE:C537374
pole/42316,POL:PPOLE:C538869
pole/40778,POL:PPOLE:C535485
anchors/10523,ANCH:JOINT:C47048
building/48939,BUILD:SDU:C542114
building/48761,BUILD:BUS:C549867
building/50350,BUILD:BUS:C537639
mywcom_route_junction/21301,SPJCT:SPJCT:C541960
st_struct_pedestal/68555,PED:SST::11601507
pole/41006,POL:PPOLE:C531428
st_struct_pedestal/67539,PED:CPM:C530503
st_struct_pedestal/67386,PED:CPM:C539761
anchors/9968,ANCH:CO::7607517
st_struct_pedestal/68684,PED:JSPED:C529959
st_struct_pedestal/68369,PED:CPM:C533069
st_struct_pedestal/67447,PED:JSPED::8978788
building/49752,BUILD:SDU:C569972
building/48844,BUILD:SDU:C539244
anchors/10130,ANCH:JOINT:C47926
st_struct_pedestal/67733,PED:JSPED:C535067
st_struct_foreign_crossings/3144,FCROS:PLX:C53664
pole/40936,POL:PPOLE:C531232
st_struct_pedestal/67766,PED:SST:C534446
st_struct_pedestal/67540,PED:CPM:C531089
building/49315,BUILD:BUS:C536568
building/48750,BUILD:BUS:C544000
pole/41877,POL:PPOLE:C533065
cabinet/2496,CAB:EC:C525670
building/50409,BUILD:SDU:C535363
building/50055,BUILD:BUS::9266138
anchors/10015,ANCH:CO:C46650
pole/41867,POL:PPOLE:C526902
st_struct_pedestal/70394,PED:CPM:C540110
st_struct_pedestal/68511,PED:CPM:C540164
anchors/10089,ANCH:CO:C47052
anchors/10525,ANCH:JOINT:C53211
st_struct_pedestal/67242,PED:JTPED:C535050
pole/42829,POL:PPOLE:C531292
st_struct_pedestal/70440,PED:CPM:C540710
st_struct_pedestal/68601,PED:SST::9604084
pole/42243,POL:PPOLE:C526839
mywcom_route_junction/21638,SPJCT:SPJCT:C540058
st_struct_pedestal/70501,PED:CPM:C533591
pole/41119,POL:PPOLE:C542210
pole/40732,POL:PPOLE:C537041
anchors/10080,ANCH:CO:C45919
pole/42670,POL:PPOLE:C528238
pole/41515,POL:PPOLE::10619764
pole/41177,POL:PPOLE:C530015
pole/41935,POL:PPOLE:C539904
st_struct_pedestal/68506,PED:SST::10660435
mywcom_route_junction/21685,SPJCT:SPJCT::9827723
pole/42747,POL:PPOLE:C524140
building/51467,BUILD:MDU:C539453
st_struct_pedestal/69466,PED:CPM:C536763
st_struct_pedestal/67770,PED:JSPED::8716971
st_struct_pedestal/67349,PED:SST:C537729
st_struct_pedestal/68592,PED:CPM:C527483
st_struct_pedestal/67265,PED:SST:C535681
pole/42678,POL:PPOLE:C526317
pole/40818,POL:PPOLE:C546753
cabinet/2474,CAB:JWI:C532489
st_struct_buried_splice_location/2665,CLOSR:BSCLS:C527691
building/50660,BUILD:SDU::8469291
st_struct_pedestal/68395,PED:SST::8723386
building/50217,BUILD:BUS::10057840
anchors/10261,ANCH:CO:C46609
st_struct_pedestal/70024,PED:JTPED:C535342
st_struct_pedestal/67142,PED:CPM:C533346
building/51073,BUILD:SDU:C534505
st_struct_pedestal/68160,PED:JLPED::8035038
pole/41559,POL:PPOLE:C532659
st_struct_pedestal/69243,PED:JSPED::8978779
pole/42468,POL:PPOLE:C532796
pole/41778,POL:PPOLE:C523787
st_struct_pedestal/67501,PED:CPM:C526550
st_struct_pedestal/68000,PED:CPM:C540117
building/50235,BUILD:SDU:C542630
pole/42551,POL:PPOLE:C531220
building/49008,BUILD:SDU:C527972
building/48843,BUILD:SDU:C536867
anchors/9988,ANCH:JOINT:C47448
mywcom_route_junction/21597,SPJCT:SPJCT:C543462
pole/41113,POL:PPOLE:C538283
pole/40852,POL:PPOLE:C523794
st_struct_pedestal/69515,PED:CPM:C533131
pole/42057,POL:FPOLE::12373690
mywcom_route_junction/21927,SPJCT:SPJCT:C573816
pole/41661,POL:PPOLE:C540260
pole/41453,POL:PPOLE:C531262
anchors/10077,ANCH:CO:C46367
pole/42628,POL:PPOLE:C540041
st_struct_buried_splice_location/2637,CLOSR:BSCLS::13005642
st_struct_pedestal/68094,PED:CPM:C528265
mywcom_route_junction/20917,SPJCT:SPJCT:C540514
st_struct_pedestal/69665,PED:JSPED:C536990
st_struct_pedestal/67823,PED:CPM:C534005
mywcom_route_junction/21478,SPJCT:SPJCT::12458160
st_struct_pedestal/69072,PED:SST::9387468
mywcom_route_junction/21480,PJCT:SPJCT::10434769
st_struct_pedestal/68579,PED:JSPED:C525888
pole/41605,POL:PPOLE:C524159
building/50121,BUILD:MDU:C535713
anchors/10437,ANCH:CO:C47180
pole/41395,POL:PPOLE:C534218
building/51060,BUILD:SDU:C527790
pole/42615,POL:PPOLE:C530428
pole/42244,POL:PPOLE:C526851
building/49370,BUILD:BUS:C570481
anchors/10291,ANCH:CO:C48196
st_struct_pedestal/70097,PED:CPM:C549775
pole/40518,POL:PPOLE:C535739
st_struct_pedestal/69019,PED:JSPED::10905170
building/48905,BUILD:BUS::13194298
anchors/10425,ANCH:JOINT:C47587
pole/40730,POL:PPOLE:C533034
building/49998,BUILD:SDU:C537811
st_struct_pedestal/68773,PED:SST:C548217
st_struct_pedestal/67311,PED:CPM:C543835
pole/42422,POL:PPOLE:C530397
building/50551,BUILD:BUS:C543846
st_struct_foreign_crossings/3161,FCROS:RRX:C47774
building/49244,BUILD:SDU:C541975
building/49312,BUILD:BUS:C543044
building/49233,BUILD:SDU:C525674
pole/42710,POL:PPOLE:C523921
pole/41192,POL:PPOLE::13533694
building/49205,BUILD:BUS:C548236
mywcom_route_junction/20932,SPJCT:SPJCT:C542477
st_struct_pedestal/68220,PED:SST:C531140
mywcom_route_junction/21520,SPJCT:SPJCT::8355410
building/49493,BUILD:SDU:C557048
building/50560,BUILD:BUS:C539212
pole/42162,POL:PPOLE:C536525
st_struct_pedestal/67344,PED:SST:C550108
building/50422,BUILD:SDU:C531458
pole/41749,POL:PPOLE:C540265
st_struct_pedestal/69024,PED:JSPED:C540623
pole/40952,POL:PPOLE:C530652
st_struct_pedestal/69780,PED:JSPED::12667420
building/51421,BUILD:SDU:C532027
st_struct_pedestal/68953,PED:CPM:C546178
st_struct_pedestal/67964,PED:SST:C542374
building/50867,BUILD:SDU:C533517
mywcom_route_junction/21315,PJCT:SPJCT::11231563
building/50213,BUILD:SDU:C549758
mywcom_route_junction/21963,SPJCT:SPJCT:C541751
mywcom_route_junction/21716,SPJCT:SPJCT:C539829
pole/41447,POL:PPOLE:C540256
pole/40559,POL:PPOLE:C537366
pole/42743,POL:PPOLE:C524065
pole/41503,POL:PPOLE:C530069
anchors/10267,ANCH:JOINT:C46213
mywcom_route_junction/21410,SPJCT:SPJCT:C547676
mywcom_route_junction/21996,SPJCT:SPJCT:C537283
pole/42795,POL:PPOLE:C540335
pole/42117,POL:PPOLE:C530661
building/50252,BUILD:SDU:C547963
building/49067,BUILD:SDU:C571930
mywcom_route_junction/21688,SPJCT:SPJCT:C547220
building/50782,BUILD:SDU:C536673
building/50451,BUILD:BUS::9747851
st_struct_pedestal/67383,PED:CPM:C533501
building/49864,BUILD:SDU:C570722
st_struct_pedestal/69670,PED:SST:C540051
st_struct_pedestal/68396,PED:JSPED::9043804
st_struct_pedestal/69357,PED:JSPED:C548376
mywcom_route_junction/21748,SPJCT:SPJCT::8249133
st_struct_pedestal/69590,PED:SST:C540775
st_struct_pedestal/69393,PED:SST::8293293
building/49561,BUILD:SDU:C527500
st_struct_pedestal/68335,PED:SST:C550103
st_struct_pedestal/67666,PED:CPM:C533146
building/49177,BUILD:SDU:C538354
anchors/10348,ANCH:JOINT:C53203
st_struct_pedestal/67192,PED:CPM:C541985
building/50239,BUILD:SDU:C557408
st_struct_pedestal/68827,PED:SST:C542250
mywcom_route_junction/21484,PJCT:SPJCT::10331088
pole/42155,POL:PPOLE:C540228
pole/41125,POL:PPOLE::8383254
st_struct_pedestal/67621,PED:JSPED:C529766
st_struct_vault/2490,VAULT:MH-S:C531032
st_struct_pedestal/68588,PED:SST:C544716
st_struct_pedestal/67830,PED:CPM:C529848
pole/41053,POL:PPOLE:C537655
building/51385,BUILD:SDU:C527150
st_struct_pedestal/69843,PED:CPM:C529906
mywcom_route_junction/21618,SPJCT:SPJCT:C537474
pole/41093,POL:PPOLE:C532286
building/50339,BUILD:BUS::7849116
st_struct_pedestal/68768,PED:JSPED:C535367
st_struct_pedestal/69163,PED:JSPED:C529886
st_struct_pedestal/68610,PED:SST:C543472
st_struct_pedestal/68569,PED:SST:C573898
st_struct_pedestal/68206,PED:CPM:C527802
st_struct_pedestal/70186,PED:CPM:C534665
st_struct_pedestal/70022,PED:JTPED:C535096
mywcom_route_junction/21885,SPJCT:SPJCT:C530658
building/50346,BUILD:MDU::9579146
pole/40702,POL:PPOLE:C529171
st_struct_pedestal/69296,PED:SST::9648524
building/50670,BUILD:SDU:C527361
st_struct_pedestal/70238,PED:JSPED:C535695
st_struct_buried_splice_location/2608,CLOSR:BSCLS:C532228
st_struct_pedestal/68185,PED:CPM:C560901
anchors/10097,ANCH:CO:C46265
st_struct_pedestal/70279,PED:SST:C544731
pole/41569,POL:PPOLE:C532622
building/49632,BUILD:SDU:C546236
building/49583,BUILD:SDU:C537209
pole/41445,POL:CPOLE:C536370
st_struct_pedestal/69319,PED:CPM:C541372
mywcom_route_junction/21608,SPJCT:SPJCT:C531709
st_struct_pedestal/69388,PED:CPM:C549809
building/50957,BUILD:BUS:C550326
building/49501,BUILD:BUS:C537540
building/49123,BUILD:BUS:C544800
anchors/9990,ANCH:JOINT:C45709
pole/42019,POL:PPOLE::7748964
st_struct_pedestal/69221,PED:JTPED:C570906
building/49929,BUILD:BUS:C535010
mywcom_route_junction/21241,PJCT:SPJCT::10931101
st_struct_pedestal/70755,PED:CPM:C524300
pole/41120,POL:PPOLE:C540287
building/49289,BUILD:SDU:C549771
st_struct_pedestal/69933,PED:CPM:C538086
st_struct_pedestal/67508,PED:CPM:C527377
building/50509,BUILD:SDU:C533323
building/50223,BUILD:SDU:C534108
anchors/10103,ANCH:CO:C46392
st_struct_pedestal/67504,PED:CPM:C541346
st_struct_pedestal/69310,PED:CPM:C535828
st_struct_pedestal/67488,PED:JSPED:C529875
st_struct_pedestal/67464,PED:SST:C543521
pole/42360,POL:PPOLE:C532742
pole/40958,POL:PPOLE:C537401
pole/40567,POL:PPOLE:C525534
st_struct_pedestal/69619,PED:CPM:C529812
pole/40876,POL:PPOLE:C537577
pole/42629,POL:PPOLE:C526251
pole/41010,POL:PPOLE:C524328
st_struct_pedestal/67522,PED:CPM::8722811
pole/40908,POL:PPOLE:C521220
building/49201,BUILD:BUS:C540903
building/49206,BUILD:SDU:C540895
st_struct_pedestal/67298,PED:JSPED::11203407
building/50072,BUILD:SDU:C543824
anchors/10167,ANCH:JOINT:C47741
building/50671,BUILD:BUS:C549489
st_struct_pedestal/68045,PED:SST::9222954
pole/42259,POL:PPOLE:C527252
mywcom_route_junction/21731,SPJCT:SPJCT::8356380
mywcom_route_junction/21253,SPJCT:SPJCT::8001754
building/49470,BUILD:MDU::9373054
st_struct_pedestal/67849,PED:JSPED:C531273
pole/42188,POL:PPOLE:C539159
building/48815,BUILD:MDU::12638613
anchors/10295,ANCH:CO:C46198
pole/41338,POL:PPOLE:C538141
building/51162,BUILD:SDU:C534388
anchors/10299,ANCH:CO:C46184
st_struct_pedestal/68157,PED:CPM:C542613
building/51125,BUILD:SDU:C549776
anchors/10317,ANCH:JOINT:C45945
mywcom_route_junction/21024,SPJCT:SPJCT::12653013
mywcom_route_junction/21003,SPJCT:SPJCT:C571888
building/48992,BUILD:MDU:C540389
building/49591,BUILD:SDU:C543777
st_struct_pedestal/68408,PED:CPM::7386396
st_struct_pedestal/67977,PED:JSPED:C540524
building/49068,BUILD:BUS:C536537
anchors/10237,ANCH:JOINT:C45962
building/49442,BUILD:BUS:C571102
st_struct_pedestal/70179,PED:CPM:C530764
st_struct_pedestal/67318,PED:CPM:C539580
pole/41525,POL:PPOLE:C527625
building/51394,BUILD:SDU::12667443
building/50259,BUILD:MDU::9134895
pole/41076,POL:PPOLE:C534235
st_struct_pedestal/68552,PED:CPM:C529177
pole/41863,POL:PPOLE::7750876
st_struct_foreign_crossings/3146,FCROS:PLX:C52766
pole/40964,POL:PPOLE:C532610
pole/41408,POL:PPOLE:C527656
mywcom_route_junction/21037,SPJCT:SPJCT:C532995
st_struct_pedestal/67253,PED:JLPED::8837978
pole/42218,POL:CPOLE:C543373
building/49903,BUILD:BUS:C547709
pole/42746,POL:FPOLE::7754399
mywcom_route_junction/21555,SPJCT:SPJCT::8035079
mywcom_route_junction/22002,SPJCT:SPJCT:C532401
cabinet/2502,CAB:FC::7858079
st_struct_pedestal/70144,PED:CPM:C526627
pole/41887,POL:PPOLE:C529205
st_struct_pedestal/69372,PED:JSPED:C537486
st_struct_pedestal/67336,PED:JSPED:C535627
st_struct_pedestal/67379,PED:CPM:C527496
st_struct_pedestal/68307,PED:SST:C549491
anchors/10340,ANCH:CO:C47004
anchors/10120,ANCH:JOINT:C46670
st_struct_pedestal/70275,PED:CPM:C531803
building/49132,BUILD:SDU:C535891
building/50047,BUILD:SDU:C539222
anchors/10082,ANCH:CO:C45948
mywcom_route_junction/21236,SPJCT:SPJCT:C573974
pole/41607,POL:PPOLE:C531272
pole/40984,POL:PPOLE:C533026
building/50234,BUILD:SDU:C528060
mywcom_route_junction/21753,SPJCT:SPJCT:C566465
anchors/10147,ANCH:JOINT:C46099
st_struct_foreign_crossings/3238,FCROS:PLX:C47538
pole/41884,POL:PPOLE:C528411
building/51290,BUILD:BUS::10526923
pole/40927,POL:PPOLE:C548403
building/49586,BUILD:SDU:C537165
st_struct_pedestal/68232,PED:SST:C530996
mywcom_route_junction/21498,SPJCT:SPJCT::9043808
st_struct_pedestal/69618,PED:CPM:C540779
st_struct_pedestal/69392,PED:SST:C539792
st_struct_pedestal/70317,PED:JSPED:C528787
mywcom_route_junction/21854,PJCT:SPJCT::10434763
st_struct_pedestal/70160,POL:SVMST::8035048
st_struct_pedestal/68876,PED:CPM:C530863
st_struct_pedestal/70588,PED:JSPED:C535385
st_struct_pedestal/67545,PED:CPM:C546234
building/51291,BUILD:BUS:C571652
st_struct_pedestal/68103,PED:SST::12181674
st_struct_pedestal/67837,PED:CPM:C527532
building/50387,BUILD:SDU:C546175
pole/41765,POL:PPOLE:C528965
building/50945,BUILD:MDU:C535389
st_struct_pedestal/68448,PED:JSPED:C534330
st_struct_pedestal/69404,PED:JSPED:C525904
st_struct_pedestal/70341,PED:CPM:C528356
st_struct_pedestal/67286,PED:CPM:C535147
pole/41900,POL:PPOLE:C529236
building/49144,BUILD:BUS::9068331
pole/41650,POL:PPOLE:C529802
building/50639,BUILD:SDU:C539352
building/51220,BUILD:BUS::12652043
pole/42788,POL:PPOLE:C530148
building/50063,BUILD:BUS:C537405
anchors/10034,ANCH:CO:C46302
building/51301,BUILD:SDU:C528020
st_struct_pedestal/69928,PED:SST:C538065
st_struct_pedestal/70525,PED:SST:C537148
st_struct_pedestal/70364,PED:SST:C541901
st_struct_pedestal/68436,PED:SST:C535326
st_struct_foreign_crossings/3228,FCROS:RRX:C48230
cabinet/2435,CAB:EC:C526882
st_struct_pedestal/69882,PED:SST::10076714
mywcom_route_junction/21318,SPJCT:SPJCT::9648532
mywcom_route_junction/21257,SPJCT:SPJCT::13131090
pole/40509,POL:PPOLE:C536277
building/50152,BUILD:BUS:C543904
pole/41556,POL:PPOLE:C535237
building/50571,BUILD:SDU:C548708
st_struct_pedestal/68400,PED:JSPED:C573051
building/50785,BUILD:BUS::9292042
pole/41699,POL:PPOLE:C524125
st_struct_pedestal/69292,PED:SST::13198110
building/49472,BUILD:SDU:C532864
st_struct_pedestal/67662,PED:CPM:C532741
st_struct_pedestal/70620,PED:JSPED::12653002
pole/40833,POL:PPOLE:C546803
pole/41813,POL:PPOLE::12608556
pole/41746,POL:PPOLE:C546846
st_struct_pedestal/70528,PED:CPM:C535328
st_struct_foreign_crossings/3153,FCROS:PLX:C54416
building/50189,BUILD:SDU:C540189
mywcom_route_junction/21837,SPJCT:SPJCT::9949967
st_struct_pedestal/69632,PED:SST:C533962
building/49924,BUILD:BUS:C543785
anchors/10023,ANCH:CO:C47080
building/48849,BUILD:SDU:C532053
mywcom_route_junction/21934,SPJCT:SPJCT::12639562
st_struct_pedestal/69289,PED:SST:C550407
pole/42336,POL:PPOLE:C538985
st_struct_pedestal/69656,PED:SST:C548559
st_struct_pedestal/67658,PED:JSPED::8978786
anchors/10378,ANCH:JOINT:C48169
st_struct_pedestal/70259,PED:JSPED:C526109
st_struct_pedestal/67474,PED:JSPED::8978783
mywcom_route_junction/21899,SPJCT:SPJCT:C546352
mywcom_route_junction/21451,SPJCT:SPJCT:C573811
st_struct_foreign_crossings/3279,FCROS:RRX:C47763
st_struct_pedestal/67659,PED:CPM:C533947
mywcom_route_junction/21040,SPJCT:SPJCT:C536403
building/51021,BUILD:BUS:C531439
building/49602,BUILD:BUS::12174615
st_struct_pedestal/67616,PED:JSPED:C547380
pole/42126,POL:PPOLE:C526348
pole/41987,POL:PPOLE:C542220
st_struct_pedestal/70293,PED:CPM:C540454
st_struct_pedestal/67262,PED:JSPED:C535698
pole/41290,POL:PPOLE:C529168
pole/42808,POL:PPOLE:C526555
building/50331,BUILD:SDU:C557416
building/51006,BUILD:MDU:C532858
st_struct_pedestal/67664,PED:CPM:C537947
pole/42059,POL:PPOLE:C526920
st_struct_pedestal/67919,PED:JTPED:C534155
st_struct_pedestal/69027,PED:SST::8391861
building/50926,BUILD:SDU:C536765
building/50931,BUILD:SDU:C541728
anchors/10262,ANCH:CO:C47285
st_struct_pedestal/68907,PED:SST:C539644
building/50073,BUILD:SDU:C525677
building/49517,BUILD:SDU:C543856
st_struct_pedestal/69565,PED:JSPED:C528437
st_struct_pedestal/69699,PED:SST:C544733
pole/42033,POL:PPOLE:C546726
building/50308,BUILD:SDU:C532537
pole/41495,POL:PPOLE:C532528
st_struct_pedestal/69826,PED:SST::11624842
building/49254,BUILD:BUS:C538669
st_struct_pedestal/68176,PED:SST:C529803
building/50840,BUILD:BUS:C539780
pole/42728,POL:FPOLE::10619752
building/50111,BUILD:BUS::13124426
anchors/10072,ANCH:CO:C46364
pole/42384,POL:PPOLE::8383253
building/49488,BUILD:BUS:C571682
st_struct_pedestal/69996,PED:SST:C529377
pole/41640,POL:PPOLE:C525686
pole/42087,POL:PPOLE:C531423
st_struct_pedestal/68091,PED:SST::8770413
building/50149,BUILD:SDU:C534983
building/51027,BUILD:BUS:C536691
st_struct_pedestal/70337,PED:CPM:C557046
building/50532,BUILD:BUS:C547409
building/49399,BUILD:BUS:C548358
building/49119,BUILD:BUS::10058204
st_struct_pedestal/69997,PED:CPM:C529593
building/50222,BUILD:MDU::10556374
pole/41312,POL:PPOLE:C528944
building/50198,BUILD:SDU:C542840
building/49630,BUILD:SDU:C541846
mywcom_route_junction/21585,SPJCT:SPJCT::12636042
anchors/10454,ANCH:JOINT:C47712
st_struct_buried_splice_location/2705,CLOSR:BSCLS::12497818
st_struct_pedestal/68249,PED:CPM:C537296
building/49045,BUILD:MDU:C532833
st_struct_pedestal/69443,PED:CPM:C543816
building/49936,BUILD:SDU:C535307
building/50731,BUILD:SDU:C539669
st_struct_vault/2468,VAULT:FTTX::8697770
st_struct_pedestal/69434,PED:CPM:C526481
st_struct_pedestal/68432,PED:CPM:C527594
st_struct_pedestal/68320,PED:JSPED:C547504
mywcom_route_junction/21015,SPJCT:SPJCT::9364700
building/49534,BUILD:BUS::10058190
st_struct_pedestal/68084,PED:CPM:C535345
pole/40703,POL:PPOLE:C540715
st_struct_pedestal/69669,PED:JSPED:C550411
st_struct_pedestal/69595,PED:CPM:C571840
building/49457,BUILD:BUS::11066485
st_struct_pedestal/70298,PED:SST:C550510
building/49682,BUILD:SDU:C533124
building/51253,BUILD:SDU:C570172
building/50515,BUILD:SDU::12667427
building/49719,BUILD:BUS::10935914
st_struct_pedestal/68787,PED:SST::9650139
st_struct_pedestal/67284,PED:CPM:C525710
building/50798,BUILD:BUS::12638610
pole/41969,POL:PPOLE:C528364
anchors/10263,ANCH:CO:C48304
pole/42751,POL:PPOLE::7754417
pole/42478,POL:PPOLE:C526906
mywcom_route_junction/21449,SPJCT:SPJCT:D8028561
pole/41132,POL:PPOLE:C530645
pole/42082,POL:PPOLE:C531225
pole/41208,POL:PPOLE:C532679
pole/42236,POL:PPOLE:C525400
building/49952,BUILD:SDU:C527873
st_struct_pedestal/67829,PED:SST:C547633
building/49646,BUILD:BUS:C569990
st_struct_pedestal/67660,PED:JSPED::10058770
st_struct_pedestal/67381,PED:CPM:C539355
st_struct_buried_splice_location/2603,CLOSR:BSCLS:C538448
pole/40560,POL:PPOLE:C524074
pole/41843,POL:PPOLE:C546754
building/50553,BUILD:BUS::12629002
mywcom_route_junction/21859,SPJCT:SPJCT::12223257
mywcom_route_junction/21856,PJCT:SPJCT::10058791
anchors/10004,ANCH:JOINT:C46101
pole/41409,POL:PPOLE:C526235
mywcom_route_junction/21205,SPJCT:SPJCT::7755675
st_struct_pedestal/69329,PED:CPM:C546325
st_struct_pedestal/69485,PED:SST:C550330
st_struct_pedestal/67811,PED:JSPED:C544699
building/49941,BUILD:BUS::12638605
st_struct_pedestal/69124,PED:JTPED:C535133
pole/40689,POL:PPOLE:C531252
building/49589,BUILD:SDU:C534540
st_struct_pedestal/68238,PED:CPM:C527491
st_struct_pedestal/70477,PED:SST:C550316
building/51182,BUILD:BUS::11069019
pole/42523,POL:CPOLE:C538883
st_struct_pedestal/67473,PED:CPM:C535803
building/49690,BUILD:BUS::10702922
st_struct_buried_splice_location/2618,CLOSR:BSCLS:C550405
pole/41686,POL:PPOLE:C530166
mywcom_route_junction/21834,SPJCT:SPJCT:C559633
st_struct_pedestal/70078,PED:JTPED:C532932
st_struct_pedestal/69234,PED:CPM::8437611
pole/41986,POL:PPOLE:C544633
mywcom_route_junction/21718,SPJCT:SPJCT:C537503
mywcom_route_junction/21246,SPJCT:SPJCT:C571143
st_struct_pedestal/67751,PED:CPM:C524320
st_struct_pedestal/68901,PED:SST:C525359
building/50114,BUILD:MDU::9134890
st_struct_vault/2425,VAULT:FTTX::9648531
pole/41423,POL:PPOLE:C535817
st_struct_pedestal/67783,PED:SST::9604089
st_struct_buried_splice_location/2598,CLOSR:BSCLS:C543998
building/51189,BUILD:SDU:C571741
mywcom_route_junction/21594,SPJCT:SPJCT::8411053
st_struct_foreign_crossings/3180,FCROS:RRX:C47766
building/50871,BUILD:BUS::12179741
st_struct_pedestal/69685,PED:CPM:C524302
st_struct_pedestal/68686,PED:CPM:C527841
mywcom_route_junction/21167,SPJCT:SPJCT::9106738
mywcom_route_junction/20996,SPJCT:SPJCT:C543875
mywcom_route_junction/21763,SPJCT:SPJCT:C531025
mywcom_route_junction/20940,SPJCT:SPJCT::8344493
building/50537,BUILD:BUS::8335642
pole/42716,POL:PPOLE:C532516
building/49349,BUILD:MDU::9716379
st_struct_pedestal/68490,PED:JSPED:C532832
mywcom_route_junction/21619,SPJCT:SPJCT:C549282
pole/40589,POL:PPOLE:C530041
st_struct_pedestal/70640,PED:SST:C530973
st_struct_pedestal/70535,PED:CPM:C539469
st_struct_pedestal/68800,PED:CPM:C527889
building/50012,BUILD:BUS:C571933
st_struct_pedestal/69645,PED:SST:C572895
pole/41663,POL:PPOLE:C532463
st_struct_pedestal/69232,PED:JSPED::7391229
pole/41474,POL:PPOLE::7753770
building/51246,BUILD:SDU:C540830
building/50445,BUILD:SDU:C538443
st_struct_pedestal/70163,PED:JUPED::8497770
building/48777,BUILD:SDU:C533700
st_struct_pedestal/70175,PED:CPM:C540371
pole/40922,POL:PPOLE:C547821
pole/41250,POL:PPOLE:C532598
st_struct_pedestal/70557,PED:JSPED::12667419
building/49567,BUILD:BUS::11475723
pole/42405,POL:PPOLE:C547857
mywcom_route_junction/21352,SPJCT:SPJCT::8035674
st_struct_pedestal/68027,PED:CPM:C543551
building/49090,BUILD:SDU:C542096
building/50903,BUILD:SDU:C528333
st_struct_pedestal/70460,PED:CPM:C549476
st_struct_pedestal/68978,PED:JSPED:C529929
st_struct_pedestal/70608,PED:SST::11427427
st_struct_pedestal/68435,PED:SST:C529588
building/51209,BUILD:MDU::9249484
anchors/10367,ANCH:CO:C46433
mywcom_route_junction/21281,SPJCT:SPJCT::8355389
st_struct_pedestal/67189,PED:SST:C536749
building/49662,BUILD:SDU:C525792
pole/41555,POL:PPOLE:C530175
building/51010,BUILD:BUS:C549636
st_struct_pedestal/68241,PED:SST:C529393
building/50462,BUILD:MDU::9160172
st_struct_pedestal/69176,PED:CPM:C528376
building/49546,BUILD:BUS:C546717
mywcom_route_junction/21764,PJCT:SPJCT::10058782
mywcom_route_junction/21204,PJCT:SPJCT::10058785
anchors/10323,ANCH:CO:C47695
mywcom_route_junction/21637,SPJCT:SPJCT:C547895
st_struct_pedestal/68419,PED:JSPED:C526221
building/49928,BUILD:SDU:C538569
st_struct_pedestal/68868,PED:SST:C547441
anchors/10053,ANCH:CO:C46549
st_struct_pedestal/70493,PED:JSPED:C538585
st_struct_pedestal/69337,PED:JLPED::8035044
st_struct_pedestal/68890,PED:SST::9541037
building/50675,BUILD:SDU:C535230
pole/42063,POL:PPOLE::7388334
building/49766,BUILD:SDU::12667436
st_struct_pedestal/68777,PED:SST:C526142
pole/42109,POL:PPOLE:C526266
building/50307,BUILD:BUS::10682166
building/48912,BUILD:SDU::12667433
mywcom_route_junction/21019,SPJCT:SPJCT:C572881
pole/41279,POL:PPOLE::7749282
st_struct_pedestal/69802,PED:CPM:C537836
st_struct_pedestal/69331,PED:CPM:C570150
mywcom_route_junction/21812,SPJCT:SPJCT::9617176
st_struct_pedestal/69823,PED:SST::8366290
mywcom_route_junction/21784,SPJCT:SPJCT::12273163
building/50045,BUILD:SDU:C536507
st_struct_pedestal/67132,PED:JSPED::12667421
building/50703,BUILD:BUS:C570510
st_struct_pedestal/67331,PED:JSPED:C531326
building/50452,BUILD:BUS:C540604
st_struct_pedestal/69898,PED:SST:C534114
st_struct_pedestal/68330,PED:CPM:C539187
st_struct_pedestal/67560,PED:SST::8358260
pole/42770,POL:PPOLE:C548744
pole/40520,POL:PPOLE:C532532
anchors/10222,ANCH:CO:C46751
st_struct_pedestal/69681,PED:SST:C550327
pole/42824,POL:PPOLE:C536085
pole/41625,POL:PPOLE:C538867
building/51469,BUILD:BUS::9230001
building/49983,BUILD:MDU:C540399
building/50938,BUILD:MDU::9810159
st_struct_pedestal/67367,PED:CPM::10429002
st_struct_pedestal/68310,PED:CPM:C539277
mywcom_route_junction/21108,SPJCT:SPJCT:C549570
mywcom_route_junction/21910,SPJCT:SPJCT:C529880
st_struct_pedestal/67315,PED:CPM:C541667
pole/41610,POL:PPOLE:C528215
building/50816,BUILD:SDU:C526195
mywcom_route_junction/21017,SPJCT:SPJCT::12608558
st_struct_pedestal/69052,PED:CPM:C540115
st_struct_pedestal/68698,PED:JTPED:C570674
st_struct_pedestal/69397,PED:JLPED::8035037
st_struct_pedestal/69183,PED:CPM:C539551
st_struct_pedestal/68755,PED:CPM:C527445
st_struct_pedestal/67397,PED:CPM:C532953
building/49114,BUILD:MDU:C535703
mywcom_route_junction/21181,SPJCT:SPJCT::7388332
st_struct_pedestal/67235,PED:JTPED:C535258
st_struct_pedestal/68313,PED:JSPED:C525979
st_struct_buried_splice_location/2653,CLOSR:BSCLS:C548577
building/48828,BUILD:BUS:C549475
building/50380,BUILD:SDU:C557047
st_struct_pedestal/69005,PED:SST::8312831
mywcom_route_junction/21542,SPJCT:SPJCT::8329452
building/50026,BUILD:BUS:C539689
pole/42718,POL:PPOLE:C539869
building/50819,BUILD:SDU:C537259
building/49331,BUILD:SDU:C525782
st_struct_pedestal/69544,PED:CPM:C547565
building/50978,BUILD:SDU:C542080
building/50400,BUILD:BUS::13533695
mywcom_route_junction/21178,SPJCT:SPJCT:C543703
anchors/10409,ANCH:CO:C45949
st_struct_pedestal/68484,PED:JSPED::12653004
st_struct_pedestal/70140,PED:CPM:C539642
st_struct_pedestal/69837,PED:JSPED:C547567
building/50087,BUILD:SDU::7426719
building/48795,BUILD:SDU:C535221
anchors/10143,ANCH:JOINT:C53657
st_struct_pedestal/68723,PED:SST:C572039
mywcom_route_junction/21452,SPJCT:SPJCT:C528923
st_struct_foreign_crossings/3155,FCROS:PLX:C46820
mywcom_route_junction/21106,SPJCT:SPJCT:C571148
pole/42585,POL:PPOLE:C525679
building/51074,BUILD:SDU:C541845
st_struct_pedestal/68388,PED:CPM:C569960
st_struct_pedestal/67984,PED:JSPED:C570703
pole/41448,POL:PPOLE:C530683
st_struct_pedestal/68409,PED:JSPED:C535306
st_struct_pedestal/68983,PED:JSPED::10669717
st_struct_pedestal/70515,PED:JSPED:C532840
st_struct_pedestal/67749,PED:CPM:C539755
st_struct_pedestal/67070,PED:CPM:C527789
pole/42736,POL:PPOLE:C533027
anchors/10041,ANCH:CO:C47294
mywcom_route_junction/21546,SPJCT:SPJCT:C532337
st_struct_pedestal/69169,PED:JSPED:C544782
st_struct_pedestal/68165,PED:CPM:C530785
building/49128,BUILD:SDU:C538492
pole/41662,POL:FPOLE::7754403
st_struct_pedestal/68083,PED:CPM:C535138
building/49386,BUILD:SDU::7382890
pole/41552,POL:PPOLE:C547836
building/50388,BUILD:SDU:C542740
st_struct_vault/2458,AULT:HHOLE::11077002
building/49842,BUILD:BUS::11278282
st_struct_pedestal/68267,PED:CPM:C533724
st_struct_pedestal/67220,PED:SST:C571944
pole/40991,POL:CPOLE:C540233
st_struct_foreign_crossings/3122,FCROS:PLX:C53654
st_struct_pedestal/69944,PED:SST:C543707
st_struct_pedestal/69237,PED:SST::8406257
anchors/10001,ANCH:JOINT::7027987
pole/40533,POL:PPOLE::7749274
building/50941,BUILD:SDU:C531605
building/50146,BUILD:SDU:C534385
st_struct_pedestal/67936,PED:SST:C529544
mywcom_route_junction/21653,SPJCT:SPJCT:C533235
pole/42800,POL:PPOLE::7739050
mywcom_route_junction/21960,SPJCT:SPJCT:C556915
st_struct_pedestal/70377,PED:JSPED:C525976
st_struct_pedestal/68366,PED:CPM:C534287
building/50499,BUILD:BUS::9043731
pole/41233,POL:PPOLE:C536453
st_struct_pedestal/67587,PED:SST:C534455
pole/41823,POL:PPOLE:C528969
building/51171,BUILD:MDU::9174572
building/50133,BUILD:SDU:C527411
building/49064,BUILD:BUS::8293953
building/51419,BUILD:SDU:C571984
st_struct_pedestal/70383,PED:JSPED:C544694
pole/42804,POL:PPOLE:C538913
st_struct_pedestal/67531,PED:JSPED::9080170
st_struct_pedestal/69114,PED:JTPED:C526213
cabinet/2439,CAB:EC:C542100
st_struct_pedestal/68519,PED:CPM:C527854
st_struct_pedestal/69307,PED:SST:C548280
mywcom_route_junction/21737,SPJCT:SPJCT:C545399
st_struct_pedestal/70058,PED:SST:C543916
st_struct_pedestal/67747,PED:SST:C540796
building/50236,BUILD:SDU:C541157
mywcom_route_junction/21971,SPJCT:SPJCT::8342907
cabinet/2475,CAB:EC:C535206
st_struct_pedestal/69846,PED:SST::8393141
pole/41432,POL:PPOLE::7738084
st_struct_pedestal/70102,PED:SST::12754777
building/50830,BUILD:BUS::9664859
pole/41598,POL:PPOLE:C533031
st_struct_pedestal/67756,PED:CPM:C532618
building/48990,BUILD:BUS::7398586
building/49696,BUILD:SDU:C544808
pole/40611,POL:PPOLE:C529071
building/48862,BUILD:MDU::8992812
building/49831,BUILD:MDU::10553826
st_struct_pedestal/70625,PED:CPM:C542536
anchors/10128,ANCH:JOINT:C45903
st_struct_pedestal/69043,PED:CPM:C543558
building/49895,BUILD:PS:C542304
pole/40501,POL:PPOLE:C531159
building/49614,BUILD:SDU:C557002
building/50616,BUILD:BUS:C548454
st_struct_foreign_crossings/3208,FCROS:PLX:C52973
st_struct_pedestal/68107,PED:JTPED:C547549
st_struct_pedestal/67591,PED:CPM:C525573
building/48978,BUILD:SDU:C542087
st_struct_pedestal/69240,PED:CPM:C532585
pole/40849,POL:PPOLE:C537670
anchors/10379,ANCH:JOINT:C47064
pole/40492,POL:PPOLE:C539175
building/49049,BUILD:SDU::12667429
building/50178,BUILD:SDU:C538130
st_struct_pedestal/67496,PED:SST::10681180
building/50897,BUILD:SDU:C544022
st_struct_pedestal/69225,PED:CPM:C533504
st_struct_pedestal/70012,PED:JSPED:C531080
st_struct_pedestal/69411,PED:SST::10683730
pole/42332,POL:PPOLE:C544627
st_struct_pedestal/69451,PED:SST:C540740
mywcom_route_junction/22016,SPJCT:SPJCT::13253981
anchors/10389,ANCH:JOINT:C47179
pole/41800,POL:PPOLE::7754419
building/49040,BUILD:BUS:C528497
pole/42055,POL:PPOLE:C539813
st_struct_foreign_crossings/3114,FCROS:PLX:C52931
pole/41741,POL:PPOLE:C526529
st_struct_pedestal/69011,PED:SST::11876400
st_struct_pedestal/68100,PED:JSPED:C539138
st_struct_pedestal/69272,PED:CPM:C529443
pole/41252,POL:PPOLE:C535768
pole/40688,POL:PPOLE:C531485
building/49406,BUILD:SDU:C571856
st_struct_foreign_crossings/3221,FCROS:PLX:C47557
st_struct_pedestal/69340,PED:JLPED::10681515
building/50769,BUILD:SDU:C527980
mywcom_route_junction/21556,SPJCT:SPJCT::9043722
pole/41386,POL:PPOLE:C530120
pole/41262,POL:PPOLE:C535744
building/49316,BUILD:BUS:C571680
building/50980,BUILD:SDU:C542770
st_struct_buried_splice_location/2599,CLOSR:BSCLS:C571850
building/49828,BUILD:BUS::12638608
st_struct_pedestal/67329,PED:CPM:C533285
mywcom_route_junction/21532,SPJCT:SPJCT::12638611
st_struct_pedestal/68501,PED:JSPED:C525907
st_struct_pedestal/69893,PED:JLAPD:C531052
st_struct_buried_splice_location/2713,CLOSR:BSCLS:C538217
building/50002,BUILD:MDU::9400586
anchors/10264,ANCH:CO:C46106
pole/42036,POL:PPOLE::7738082
anchors/10160,ANCH:JOINT:C53771
st_struct_pedestal/68481,PED:SST:C532810
building/49569,BUILD:BUS::7388330
mywcom_route_junction/20904,SPJCT:SPJCT::9369163
st_struct_pedestal/69793,PED:JTPED:C546470
building/48824,BUILD:BUS:C549394
building/49554,BUILD:BUS::12613010
st_struct_pedestal/68461,PED:JSPED:C544661
cabinet/2522,CAB:EC:C538845
pole/42587,POL:PPOLE:C531493
st_struct_pedestal/70386,PED:CPM:C540934
mywcom_route_junction/21588,SPJCT:SPJCT:C535215
st_struct_pedestal/68925,PED:JSPED:C535384
st_struct_pedestal/68033,PED:JSPED:C529970
pole/42581,POL:PPOLE:C528462
building/49531,BUILD:SDU:C542952
st_struct_pedestal/67421,PED:SST:C549304
pole/42022,POL:PPOLE:C526471
mywcom_route_junction/21548,SPJCT:SPJCT:C542257
st_struct_pedestal/68222,PED:CPM::10800842
building/49301,BUILD:SDU:C550260
building/49524,BUILD:SDU:C540419
building/49178,BUILD:MDU::10550610
st_struct_pedestal/67726,PED:SST:C547678
mywcom_route_junction/21284,SPJCT:SPJCT:C560924
mywcom_route_junction/21280,SPJCT:SPJCT:C571688
st_struct_pedestal/70533,PED:CPM:C531209
pole/42111,POL:PPOLE:C527674
building/50527,BUILD:BUS:C572920
mywcom_route_junction/21994,SPJCT:SPJCT:C571127
anchors/10314,ANCH:JOINT:C46588
st_struct_pedestal/69999,PED:SST::10615248
pole/40854,POL:PPOLE:C527259
st_struct_pedestal/69836,PED:SST:C529267
st_struct_pedestal/70752,PED:CPM:C527736
cabinet/2470,CAB:JWI:C531070
building/50665,BUILD:SDU:C532974
st_struct_buried_splice_location/2698,CLOSR:BSCLS:C546522
pole/42496,POL:PPOLE:C528382
pole/42040,POL:PPOLE:C534234
mywcom_route_junction/21972,PJCT:SPJCT::11069322
building/51304,BUILD:SDU:C526144
building/50112,BUILD:BUS:C547665
anchors/10427,ANCH:JOINT:C46667
st_struct_pedestal/67184,PED:CPM:C533938
pole/41182,POL:PPOLE:C532769
building/50309,BUILD:BUS:C537913
building/49866,BUILD:SDU:C548693
anchors/10413,ANCH:CO:C46322
st_struct_pedestal/70509,PED:JSPED:C538477
building/50040,BUILD:SDU:C527665
mywcom_route_junction/21710,SPJCT:SPJCT:C539881
st_struct_pedestal/69323,PED:CPM:C539720
building/51320,BUILD:SDU:C571106
st_struct_pedestal/68172,PED:SST:C549768
pole/42006,POL:PPOLE::10619769
building/50148,BUILD:SDU:C570156
pole/42609,POL:PPOLE:C546705
pole/40691,POL:PPOLE:C540813
mywcom_route_junction/21383,SPJCT:SPJCT:C547417
building/49251,BUILD:SDU::12667461
st_struct_pedestal/67941,PED:CPM:C540753
mywcom_route_junction/21226,SPJCT:SPJCT:C541759
st_struct_pedestal/70514,PED:CPM:C539730
pole/41365,POL:PPOLE:C532367
st_struct_pedestal/69875,PED:CPM:C542010
building/49041,BUILD:BUS:C548354
st_struct_pedestal/69704,PED:JUPED::9970124
mywcom_route_junction/21407,SPJCT:SPJCT:C541868
pole/40962,POL:PPOLE:C531138
cabinet/2512,CAB:EC:C538918
building/50286,BUILD:SDU::12667452
mywcom_route_junction/21232,SPJCT:SPJCT::9604108
st_struct_pedestal/69754,PED:JSPED:C531021
st_struct_pedestal/67147,PED:SST::8389025
pole/41385,POL:PPOLE:C540717
building/50618,BUILD:SDU:C532131
building/49740,BUILD:BUS:C540012
st_struct_pedestal/68477,PED:CPM:C540912
st_struct_pedestal/69298,PED:JSPED:C572023
building/50426,BUILD:SDU:C546321
building/50138,BUILD:SDU:C549842
anchors/10009,ANCH:CO::12282082
building/49148,BUILD:SDU:C532720
mywcom_route_junction/21087,SPJCT:SPJCT:C535672
st_struct_pedestal/70046,PED:CPM:C549819
anchors/10527,ANCH:JOINT:C48294
st_struct_foreign_crossings/3264,FCROS:PLX:C53754
pole/42003,POL:PPOLE:C531990
building/50230,BUILD:SDU:C557043
st_struct_pedestal/69049,PED:CPM:C541647
pole/42528,POL:PPOLE:C532644
building/50439,BUILD:SDU:C527472
st_struct_pedestal/67529,PED:SST::10115082
building/49486,BUILD:BUS:C536367
building/50752,BUILD:SDU:C533339
st_struct_pedestal/67753,PED:CPM:C536229
building/50450,BUILD:SDU:C540542
st_struct_foreign_crossings/3201,FCROS:RRX:C53859
st_struct_pedestal/69598,PED:CPM:C546171
st_struct_pedestal/70042,PED:SST:C539722
pole/42416,POL:PPOLE:C523302
building/50492,BUILD:SDU:C535300
anchors/9986,ANCH:JOINT:C53308
pole/41421,POL:PPOLE:C535401
anchors/10393,ANCH:JOINT:C46526
st_struct_pedestal/70351,PED:JSPED:C528440
st_struct_buried_splice_location/2743,CLOSR:BSCLS:C534627
mywcom_route_junction/20975,SPJCT:SPJCT::12350329
building/51012,BUILD:MDU::9061321
pole/42310,POL:PPOLE:C540241
building/51257,BUILD:SDU::10058195
building/50215,BUILD:MDU::9059379
mywcom_route_junction/21403,SPJCT:SPJCT:C546512
pole/42226,POL:PPOLE:C536958
st_struct_pedestal/69336,PED:JSPED::8978770
pole/42717,POL:PPOLE:C537669
building/51101,BUILD:MDU::9071898
building/50725,BUILD:BUS:C570310
mywcom_route_junction/21684,SPJCT:SPJCT:C538118
building/51120,BUILD:BUS::11091754
pole/42358,POL:PPOLE:C527026
st_struct_pedestal/70511,PED:SST:C534844
building/49743,BUILD:SDU:C537111
mywcom_route_junction/20959,PJCT:SPJCT::11061674
st_struct_buried_splice_location/2660,CLOSR:BSCLS:C544796
st_struct_pedestal/67740,PED:JSPED:C570178
mywcom_route_junction/20995,SPJCT:SPJCT:C538932
st_struct_pedestal/70594,PED:CPM:C538326
building/51227,BUILD:BUS:C542822
cabinet/2430,CAB:EC:C570997
st_struct_pedestal/70324,PED:SST:C530946
pole/41841,POL:PPOLE:C526258
st_struct_foreign_crossings/3173,FCROS:RRX:C53652
mywcom_route_junction/21959,SPJCT:SPJCT:C538162
st_struct_pedestal/68938,PED:CPM:C527196
st_struct_pedestal/68156,PED:JLIPD:C573236
building/51274,BUILD:SDU:C531092
building/49877,BUILD:SDU:C549571
st_struct_pedestal/70661,PED:SST::8681770
building/49350,BUILD:MDU::9171400
st_struct_pedestal/70502,PED:SST:C534861
st_struct_pedestal/69385,PED:CPM:C528107
st_struct_vault/2488,VAULT:FTTX::9650148
st_struct_pedestal/69554,PED:CPM:C549691
pole/42315,POL:PPOLE:C525461
st_struct_pedestal/69858,PED:CPM:C543580
pole/41105,POL:PPOLE:C540720
building/49971,BUILD:SDU::9613323
st_struct_pedestal/70547,PED:SST::10902922
building/50669,BUILD:SDU:C542067
anchors/10470,ANCH:JOINT:C45952
building/50853,BUILD:SDU:C530509
st_struct_foreign_crossings/3099,FCROS:PLX:C47560
st_struct_pedestal/68529,PED:CPM:C531400
anchors/10478,ANCH:CO:C45898
pole/42171,POL:PPOLE:C538890
st_struct_pedestal/68321,PED:JSPED::10202781
st_struct_pedestal/68591,PED:CPM:C542134
pole/42286,POL:PPOLE:C531287
st_struct_pedestal/69320,PED:CPM:C537955
building/51157,BUILD:SDU:C540738
st_struct_pedestal/67708,PED:JSPED:C550440
building/49507,BUILD:SDU:C542596
st_struct_pedestal/68117,PED:SST:C536671
mywcom_route_junction/21775,SPJCT:SPJCT::12614929
st_struct_pedestal/68169,PED:JSPED:C540602
mywcom_route_junction/21897,PJCT:SPJCT::10302603
st_struct_pedestal/68916,PED:JSPED::11667407
pole/41019,POL:PPOLE:C532453
building/50151,BUILD:SEB:C572029
st_struct_pedestal/67472,PED:CPM:C528111
pole/40842,POL:PPOLE:C547828
mywcom_route_junction/21513,SPJCT:SPJCT:C541357
anchors/10472,ANCH:CO:C47175
building/49133,BUILD:BUS:C572890
building/50968,BUILD:MDU::9043789
st_struct_pedestal/68977,PED:JSPED:C535540
pole/40953,POL:PPOLE:C532636
pole/40769,POL:PPOLE:C527741
building/51360,BUILD:MDU:C532394
building/51244,BUILD:SDU:C549834
st_struct_pedestal/69449,PED:CPM:C525576
building/51015,BUILD:BUS::12638606
pole/42029,POL:PPOLE:C535759
pole/40959,POL:PPOLE:C529114
building/50481,BUILD:SDU:C525697
building/48778,BUILD:SDU:C539653
st_struct_foreign_crossings/3259,FCROS:RRX:C47570
mywcom_route_junction/21364,SPJCT:SPJCT:D8002634
mywcom_route_junction/21067,SPJCT:SPJCT::8459053
mywcom_route_junction/21793,PJCT:SPJCT::10058156
st_struct_pedestal/69160,PED:JSPED:C535425
pole/40568,POL:PPOLE:C530053
st_struct_pedestal/68472,PED:SST:C536735
mywcom_route_junction/21142,SPJCT:SPJCT:C547527
mywcom_route_junction/21048,PJCT:SPJCT::11069331
st_struct_pedestal/69488,PED:JUPED::8492651
mywcom_route_junction/21792,SPJCT:SPJCT::9149933
anchors/10488,ANCH:JOINT:C54000
anchors/10011,ANCH:CO:C47648
st_struct_pedestal/67788,PED:SST::10627736
building/50083,BUILD:SDU:C546279
st_struct_pedestal/70130,PED:JSPED:C546580
st_struct_pedestal/69255,PED:SST:C546430
pole/42518,POL:PPOLE:C547867
st_struct_foreign_crossings/3254,FCROS:PLX:C52768
st_struct_pedestal/70761,PED:CPM:C533156
pole/40870,POL:PPOLE:C530161
st_struct_pedestal/68109,PED:JSPED:C550438
building/49908,BUILD:SDU:C535101
anchors/10173,ANCH:JOINT:C47263
pole/41815,POL:PPOLE::7748962
mywcom_route_junction/21476,SPJCT:SPJCT::12691100
pole/41505,POL:PPOLE:C528950
mywcom_route_junction/21230,SPJCT:SPJCT::8355413
building/49977,BUILD:BUS:C571293
pole/41244,POL:PPOLE:C532777
pole/42086,POL:PPOLE:C528309
pole/41744,POL:PPOLE:C524050
mywcom_route_junction/21289,PJCT:SPJCT::10249163
pole/42541,POL:PPOLE:C533055
building/49824,BUILD:BUS:C571803
building/50598,BUILD:BUS::9773054
mywcom_route_junction/21999,SPJCT:SPJCT:C542986
pole/40676,POL:PPOLE:C541043
st_struct_foreign_crossings/3196,FCROS:PLX:C53955
st_struct_pedestal/70693,PED:CPM:C537151
mywcom_route_junction/21631,PJCT:SPJCT::10532910
pole/40554,POL:PPOLE:C536106
st_struct_pedestal/67877,PED:SST:C529555
cabinet/2446,CAB:FC::7858075
pole/42691,POL:PPOLE:C530119
st_struct_pedestal/70647,PED:SST:C539679
pole/42475,POL:PPOLE:C537143
mywcom_route_junction/21838,SPJCT:SPJCT::8390893
mywcom_route_junction/21495,SPJCT:SPJCT::9063862
st_struct_pedestal/67053,PED:CPM:C541129
mywcom_route_junction/21634,SPJCT:SPJCT::9043725
st_struct_pedestal/69952,PED:SST::9059371
building/50473,BUILD:BUS:C570480
st_struct_pedestal/70307,PED:SST:C550415
st_struct_pedestal/67380,PED:SST::8242719
st_struct_pedestal/68287,PED:JSPED::10681519
mywcom_route_junction/22037,SPJCT:SPJCT:C514334
pole/41734,POL:PPOLE:C534673
st_struct_pedestal/70840,PED:CPM:C516542
st_struct_pedestal/68399,PED:JTPED:C540689
building/50053,BUILD:BUS:C533185
cabinet/2504,CAB:VAULT:C540382
mywcom_route_junction/21415,SPJCT:SPJCT:C572892
building/48745,BUILD:SDU:C531494
mywcom_route_junction/21820,SPJCT:SPJCT::12454636
anchors/10129,ANCH:JOINT:C53613
st_struct_pedestal/70437,PED:JSPED:C528821
building/49898,BUILD:SDU:C534389
building/51035,BUILD:MDU::9177131
st_struct_pedestal/67799,PED:JSPED:C538965
st_struct_pedestal/67484,PED:SST:C529589
pole/42801,POL:PPOLE::8264499
building/49519,BUILD:SDU:C541713
mywcom_route_junction/21951,SPJCT:SPJCT:C571061
st_struct_pedestal/68550,PED:CPM:C535824
building/50256,BUILD:MDU::9206890
st_struct_pedestal/70424,PED:JSPED:C573054
st_struct_pedestal/68347,PED:SST:C539356
mywcom_route_junction/21703,SPJCT:SPJCT:C541752
st_struct_pedestal/68425,PED:CPM:C527456
st_struct_pedestal/70654,PED:CPM:C531378
st_struct_pedestal/68545,PED:SST:C541642
pole/42840,POL:PPOLE::7754407
st_struct_pedestal/70210,PED:CPM:C534611
st_struct_pedestal/69356,PED:JSPED::8978784
building/50431,BUILD:SDU::7386400
building/49436,BUILD:SDU:C526186
st_struct_pedestal/70521,PED:JSPED:C535677
st_struct_pedestal/67572,PED:SST:C534474
st_struct_pedestal/67371,PED:JTPED:C536413
st_struct_buried_splice_location/2636,CLOSR:BSCLS:C558178
mywcom_route_junction/21868,SPJCT:SPJCT::7786410
pole/42194,POL:PPOLE:C539875
building/49447,BUILD:BUS:C538176
st_struct_pedestal/69770,PED:CPM:C540886
mywcom_route_junction/21333,PJCT:SPJCT::10058449
mywcom_route_junction/21259,SPJCT:SPJCT:C536217
building/50440,BUILD:MDU::9134571
mywcom_route_junction/20937,PJCT:SPJCT::10331092
building/50954,BUILD:SDU:C538504
st_struct_pedestal/69473,PED:JSPED:C550337
mywcom_route_junction/21976,SPJCT:SPJCT::8395055
pole/42287,POL:PPOLE:C538878
st_struct_pedestal/70164,PED:SST::8395053
st_struct_pedestal/68120,PED:JSPED:C547326
building/50959,BUILD:SDU:C533976
pole/41711,POL:PPOLE:C534735
pole/42009,POL:PPOLE:C540815
mywcom_route_junction/21704,SPJCT:SPJCT:C572783
st_struct_pedestal/68161,PED:JTPED:C571858
st_struct_pedestal/68345,PED:CPM:C543349
building/50371,BUILD:MDU:C535710
st_struct_pedestal/70391,PED:CPM:C527443
st_struct_pedestal/67559,PED:SST:C535049
st_struct_pedestal/67538,PED:JSPED:C547415
st_struct_pedestal/67107,PED:JSPED:C529769
st_struct_pedestal/67523,PED:SST:C539266
building/49875,BUILD:SDU:C534967
building/50880,BUILD:BUS:C540632
pole/42355,POL:PPOLE:C570935
building/50850,BUILD:BUS::7396634
building/49949,BUILD:SDU:C538505
mywcom_route_junction/20981,SPJCT:SPJCT:C571409
st_struct_pedestal/67861,PED:SST::9648527
pole/41133,POL:PPOLE:C532304
st_struct_pedestal/70245,PED:JSPED:C532849
building/51097,BUILD:SDU:C546432
anchors/10229,ANCH:CO:C45874
st_struct_pedestal/68818,PED:JSPED:C540507
st_struct_pedestal/67957,PED:CPM:C571964
pole/42758,POL:PPOLE::8264497
st_struct_pedestal/70783,PED:SST::9388410
st_struct_pedestal/70372,PED:JSPED:C540612
st_struct_pedestal/67187,PED:CPM:C527711
st_struct_pedestal/70769,PED:SST::13330282
st_struct_pedestal/68573,PED:CPM:C538567
st_struct_pedestal/67557,PED:JSPED::12234170
building/50585,BUILD:BUS:C572033
st_struct_pedestal/68234,PED:CPM:C546363
st_struct_pedestal/70064,PED:JSPED:C544674
st_struct_pedestal/69737,PED:JSPED:C529787
st_struct_pedestal/67120,PED:CPM:C528182
building/49847,BUILD:MDU::9065453
st_struct_pedestal/70518,PED:JTPED:C531214
st_struct_pedestal/69706,PED:SST:C573855
building/49223,BUILD:SDU:C556966
building/49116,BUILD:SDU:C533338
pole/41700,POL:PPOLE:C530081
building/49001,BUILD:SDU:C549772
st_struct_buried_splice_location/2735,CLOSR:BSCLS:C538580
st_struct_pedestal/67989,PED:JSPED:C525901
st_struct_pedestal/69531,PED:CPM:C537338
st_struct_foreign_crossings/3134,FCROS:PLX:C48165
st_struct_pedestal/70380,PED:JSPED:C528839
pole/41213,POL:PPOLE:C529930
building/49359,BUILD:SDU:C538048
pole/42576,POL:PPOLE:C524119
cabinet/2461,CAB:JWI:C531001
building/50652,BUILD:SDU:C532825
building/48947,BUILD:MDU::9104171
st_struct_pedestal/68661,PED:CPM:C525375
mywcom_route_junction/22033,PJCT:SPJCT::10848843
st_struct_pedestal/68341,PED:CPM:C549899
pole/42414,POL:PPOLE:C539900
cabinet/2468,CAB:FC::9459098
mywcom_route_junction/21850,SPJCT:SPJCT:C571074
anchors/10029,ANCH:CO:C47715
building/49762,BUILD:SDU:C571995
building/49355,BUILD:BUS:C571235
st_struct_pedestal/68014,POL:SVMST::8035053
building/50469,BUILD:BUS::12614938
st_struct_pedestal/69146,PED:SST::13131086
st_struct_foreign_crossings/3157,FCROS:RRX:C53580
pole/41889,POL:PPOLE:C550242
st_struct_pedestal/70561,PED:JSPED:C535337
mywcom_route_junction/21351,SPJCT:SPJCT::8290734
pole/41996,POL:PPOLE:C536265
anchors/10248,ANCH:CO:C47527
building/50225,BUILD:BUS:C546719
pole/42252,POL:PPOLE::7748958
st_struct_pedestal/69880,PED:JSPED:C528848
st_struct_pedestal/68962,PED:SST::11601498
pole/42366,POL:PPOLE:C541042
building/48880,BUILD:SDU:C535053
building/50794,BUILD:SDU:C541670
st_struct_pedestal/68092,PED:CPM:C541410
st_struct_pedestal/69945,PED:SST:C548450
cabinet/2441,CAB:JWI:C531342
building/48766,BUILD:SDU:C530875
mywcom_route_junction/21668,SPJCT:SPJCT:C546797
pole/41273,POL:PPOLE::12673179
st_struct_pedestal/67404,PED:SST:C547464
cabinet/2426,CAB:FC::12018762
st_struct_pedestal/69758,PED:SST:C537951
st_struct_pedestal/67727,PED:SST::9649505
st_struct_buried_splice_location/2674,CLOSR:BSCLS:C528859
st_struct_pedestal/70739,PED:SST:C541772
pole/41451,POL:PPOLE:C525389
pole/40793,POL:PPOLE:C546840
anchors/10250,ANCH:CO:C46608
anchors/10210,ANCH:JOINT:C47505
st_struct_pedestal/68799,PED:SST::8185117
building/49525,BUILD:SDU:C540529
building/50633,BUILD:SDU:C548348
mywcom_route_junction/21008,SPJCT:SPJCT::9039854
st_struct_pedestal/68060,PED:CPM:C557392
st_struct_pedestal/70462,PED:CPM:C535436
mywcom_route_junction/21712,PJCT:SPJCT::11086938
building/48762,BUILD:SDU:C542732
st_struct_pedestal/70627,PED:SST::9680842
st_struct_pedestal/69809,PED:CPM:C526492
st_struct_foreign_crossings/3194,FCROS:PLX:C53761
mywcom_route_junction/21126,PJCT:SPJCT::10536927
pole/42048,POL:PPOLE:C530395
pole/40608,POL:PPOLE::7705770
pole/40488,POL:PPOLE:C534732
building/50525,BUILD:BUS:C534951
st_struct_pedestal/69986,PED:SST:C543977
building/49942,BUILD:BUS::12608555
st_struct_pedestal/69400,PED:SST::10656847
st_struct_pedestal/68080,PED:JUPED::10678672
pole/40599,POL:PPOLE:C536195
pole/42395,POL:PPOLE:C532628
building/49398,BUILD:BUS:C571870
pole/42152,POL:CPOLE:C546825
building/50627,BUILD:SDU:C537043
st_struct_pedestal/69983,PED:CPM:C536379
mywcom_route_junction/21928,PJCT:SPJCT::10434768
building/50656,BUILD:BUS::10059099
st_struct_pedestal/67171,PED:JSPED:C547400
pole/42081,POL:PPOLE:C530382
st_struct_pedestal/68706,PED:SST::8035068
building/48885,BUILD:BUS:C543993
anchors/10451,ANCH:JOINT::6595993
st_struct_pedestal/70800,PED:JSPED:C531253
st_struct_pedestal/70124,PED:JSPED:C537477
st_struct_pedestal/69494,PED:JSPED:C531046
mywcom_route_junction/21330,SPJCT:SPJCT::8770414
pole/41112,POL:PPOLE:C532734
building/49618,BUILD:SDU:C528757
pole/41427,POL:PPOLE:C530998
st_struct_pedestal/70323,PED:CPM:C525599
st_struct_pedestal/67269,PED:JSPED:C535361
anchors/10371,ANCH:CO:C47520
pole/41658,POL:PPOLE:C524331
st_struct_pedestal/69588,PED:JSPED::8978742
building/50375,BUILD:SDU:C541780
building/49421,BUILD:SDU:C542906
pole/42253,POL:PPOLE:C525462
building/50755,BUILD:BUS::12657515
mywcom_route_junction/21193,SPJCT:SPJCT:C570069
st_struct_pedestal/69299,PED:JSPED:C547837
building/49305,BUILD:BUS::12616203
st_struct_pedestal/67146,PED:JSPED:C539076
st_struct_pedestal/69796,PED:JTPED:C525897
st_struct_pedestal/67980,PED:JSPED:C535092
st_struct_pedestal/70247,PED:CPM:C539787
st_struct_pedestal/69513,PED:CPM:C537881
st_struct_pedestal/67928,PED:SST:C573911
building/49772,BUILD:BUS::12638607
st_struct_pedestal/67491,PED:CPM:C571868
st_struct_pedestal/67228,PED:JUPED::8366291
building/50284,BUILD:SDU:C542431
pole/40682,POL:PPOLE:C524184
building/50193,BUILD:SDU:C541980
st_struct_pedestal/70263,PED:SST::10589365
st_struct_pedestal/69533,PED:CPM:C538564
pole/41058,POL:PPOLE:C528315
mywcom_route_junction/21721,SPJCT:SPJCT::8209114
st_struct_pedestal/69127,PED:CPM:C570053
building/50227,BUILD:BUS::12653010
building/49980,BUILD:SDU:C542775
st_struct_pedestal/70283,PED:SST:C548196
st_struct_pedestal/67622,PED:JSPED:C526219
st_struct_pedestal/69192,PED:CPM:C537805
st_struct_pedestal/69835,PED:CPM:C528330
pole/41318,POL:PPOLE:C528363
building/50576,BUILD:SDU:C571938
st_struct_pedestal/70314,PED:CPM:C535100
st_struct_pedestal/67405,PED:SST::9246923
building/51177,BUILD:SDU:C572000
building/49259,BUILD:SDU:C548440
pole/41153,POL:PPOLE:C528239
building/50524,BUILD:MDU::10136218
st_struct_pedestal/67063,PED:JSPED:C528443
pole/41162,POL:PPOLE:C537365
pole/42595,POL:PPOLE:C542214
building/50599,BUILD:BUS:C573803
st_struct_pedestal/67037,PED:SST:C543492
pole/40990,POL:PPOLE:C529189
mywcom_route_junction/21780,SPJCT:SPJCT::9648534
st_struct_pedestal/67341,PED:JTPED:C573836
building/49739,BUILD:SDU:C527035
st_struct_pedestal/69832,PED:CPM:C543334
pole/42600,POL:PPOLE:C534605
building/50107,BUILD:BUS:C527544
pole/40564,POL:PPOLE:C537370
building/51036,BUILD:BUS:C570471
st_struct_pedestal/67797,PED:JSPED:C529878
building/50898,BUILD:SDU:C557125
building/49571,BUILD:MDU::9094890
pole/41974,POL:PPOLE:C533063
st_struct_pedestal/69903,PED:JTPED:C529069
st_struct_pedestal/69007,PED:SST:C540315
building/49109,BUILD:BUS:C549679
building/51216,BUILD:BUS:C546804
pole/41890,POL:PPOLE:C528972
st_struct_pedestal/67062,PED:SST::10656862
pole/42337,POL:PPOLE:C537566
pole/40577,POL:PPOLE:C523960
building/51008,BUILD:SDU:C525603
anchors/9995,ANCH:JOINT:C45899
st_struct_pedestal/67233,PED:SST:C529446
building/51271,BUILD:SDU:C535835
pole/42752,POL:PPOLE:C544622
anchors/10186,ANCH:JOINT::6989586
anchors/10356,ANCH:CO::7004308
st_struct_pedestal/69743,PED:JSPED:C532533
mywcom_route_junction/21607,PJCT:SPJCT::10058157
st_struct_pedestal/69173,PED:SST:C526964
st_struct_pedestal/68017,PED:JSPED:C532939
pole/42131,POL:PPOLE:C546648
building/51325,BUILD:SDU:C529920
st_struct_pedestal/69459,PED:CPM:C542670
pole/40863,POL:PPOLE:C532784
st_struct_pedestal/68063,PED:JTPED:C535402
building/49260,BUILD:SDU:C547432
pole/41496,POL:PPOLE:C531170
building/49700,BUILD:SDU:C538456
st_struct_pedestal/70192,PED:SST::8797948
st_struct_pedestal/68407,PED:CPM:C534429
building/50226,BUILD:BUS::12336204
st_struct_pedestal/67761,PED:CPM:C540552
building/51203,BUILD:BUS:C536337
st_struct_pedestal/69377,PED:CPM:C537969
pole/41022,POL:PPOLE:C530146
pole/40482,POL:PPOLE:C527271
st_struct_pedestal/68515,PED:CPM:C538479
st_struct_pedestal/67095,PED:JSPED:C526165
pole/42266,POL:PPOLE:C530020
st_struct_pedestal/67765,PED:CPM:C525597
building/49600,BUILD:SDU:C542485
building/48891,BUILD:BUS:C523977
st_struct_buried_splice_location/2703,CLOSR:BSCLS:C529861
pole/42415,POL:PPOLE:C536566
building/50383,BUILD:SDU:C543582
st_struct_pedestal/67425,PED:SST:C556488
building/49916,BUILD:MDU::9554763
st_struct_pedestal/70265,PED:CPM:C527178
st_struct_pedestal/68921,PED:JSPED:C547554
building/49050,BUILD:BUS::12627090
st_struct_pedestal/70497,PED:CPM:C526954
st_struct_pedestal/68753,PED:SST::12669327
st_struct_foreign_crossings/3154,FCROS:PLX:C52971
pole/41339,POL:PPOLE:C548761
st_struct_buried_splice_location/2664,CLOSR:BSCLS:C556896
st_struct_pedestal/67482,PED:SST:C537973
mywcom_route_junction/21450,PJCT:SPJCT::10058790
st_struct_foreign_crossings/3174,FCROS:RRX:C48329
st_struct_pedestal/70431,PED:CPM:C535129
building/50950,BUILD:SDU:C539278
building/51248,BUILD:BUS:C536482
building/49805,BUILD:BUS:C570575
st_struct_pedestal/70290,PED:SST:C573227
mywcom_route_junction/21485,SPJCT:SPJCT:C547909
st_struct_pedestal/67084,POL:SVMST::11485645
pole/41793,POL:PPOLE:C532480
pole/42273,POL:PPOLE:C530031
building/50737,BUILD:BUS::8259371
st_struct_pedestal/70449,PED:CPM:C546564
st_struct_pedestal/69276,PED:SST::10057826
building/50437,BUILD:MDU::9046925
pole/40550,POL:PPOLE:C526688
st_struct_pedestal/68389,PED:CPM:C534495
building/49074,BUILD:SDU:C557116
building/49193,BUILD:BUS::11594132
st_struct_pedestal/69829,PED:JSPED:C547570
pole/42216,POL:PPOLE:C540261
building/49441,BUILD:SDU:C538510
st_struct_pedestal/68123,PED:SST:C547182
mywcom_route_junction/21587,SPJCT:SPJCT:C527123
pole/42767,POL:PPOLE:C542217
pole/40950,POL:PPOLE:C532501
st_struct_pedestal/68354,PED:JSPED:C534342
anchors/10073,ANCH:CO:C46435
building/50488,BUILD:BUS:C536463
st_struct_pedestal/70076,PED:SST:C543898
st_struct_pedestal/68973,PED:SST::8395706
mywcom_route_junction/21052,SPJCT:SPJCT:C539676
st_struct_pedestal/69309,PED:CPM:C528213
building/48739,BUILD:SDU:C537975
mywcom_route_junction/20919,SPJCT:SPJCT:C542638
st_struct_pedestal/68175,PED:CPM:C541165
pole/41128,POL:PPOLE:C532499
building/49643,BUILD:BUS:C535372
pole/41430,POL:CPOLE:C539922
building/50877,BUILD:BUS::7919194
pole/42675,POL:PPOLE:C528464
st_struct_buried_splice_location/2742,CLOSR:BSCLS:C570258
mywcom_route_junction/21627,SPJCT:SPJCT:C528912
st_struct_vault/2421,VAULT:HHOLE:C555195
pole/42456,POL:PPOLE:C540686
building/50765,BUILD:SDU:C528162
pole/42538,POL:PPOLE:C540867
st_struct_pedestal/70014,PED:JSPED:C550482
mywcom_route_junction/21534,SPJCT:SPJCT:C544451
pole/41392,POL:PPOLE:C538866
building/51234,BUILD:SDU:C536381
mywcom_route_junction/21359,SPJCT:SPJCT:C542793
st_struct_pedestal/68764,PED:CPM:C546498
anchors/10530,ANCH:JOINT:C46137
building/50374,BUILD:SDU:C571416
building/49038,BUILD:SDU:C542501
st_struct_pedestal/68894,PED:CPM:C546373
building/50705,BUILD:MDU::9059378
building/49684,BUILD:BUS:C572593
st_struct_pedestal/67417,PED:SST:C547454
st_struct_pedestal/67217,PED:JSPED:C542245
st_struct_pedestal/70833,PED:JSPED:C540772
st_struct_pedestal/68181,PED:CPM:C535030
building/49460,BUILD:MDU:C529907
pole/40971,POL:PPOLE:C543948
st_struct_pedestal/70754,PED:CPM:C526500
st_struct_vault/2441,VAULT:MH-S:C532289
building/48770,BUILD:SDU:C541842
pole/42815,POL:PPOLE:C524079
st_struct_pedestal/70566,PED:SST:C573335
anchors/10516,ANCH:CO:C53165
building/51104,BUILD:SDU:C535302
mywcom_route_junction/21726,SPJCT:SPJCT:C570312
st_struct_pedestal/69925,PED:CPM:C529670
st_struct_pedestal/68269,PED:JSPED::8978771
pole/42796,POL:PPOLE:C547818
building/49361,BUILD:SEB:C536583
building/50221,BUILD:SDU:C556958
pole/41979,POL:PPOLE:C521187
pole/41693,POL:PPOLE:C531000
building/50209,BUILD:SDU:C543962
mywcom_route_junction/21363,SPJCT:SPJCT:C539303
building/49141,BUILD:SDU:C546177
st_struct_pedestal/70171,PED:SST:C573935
st_struct_pedestal/67706,PED:JSPED::11098783
st_struct_pedestal/67651,PED:CPM:C532685
anchors/10232,ANCH:CO:C47397
st_struct_pedestal/68805,PED:JLPED::8837979
building/50958,BUILD:BUS:C538227
mywcom_route_junction/21200,SPJCT:SPJCT::8355398
pole/40489,POL:PPOLE:C546624
st_struct_pedestal/68291,PED:CPM:C536767
pole/41110,POL:PPOLE:C540680
anchors/10514,ANCH:CO:C46304
cabinet/2521,CAB:EC:C550439
pole/41667,POL:PPOLE:C539933
st_struct_pedestal/70782,PED:SST::8896811
st_struct_pedestal/70717,PED:CPM:C548656
building/50729,BUILD:SDU:C530982
st_struct_pedestal/68804,PED:CPM:C534365
building/50478,BUILD:SDU:C533509
st_struct_pedestal/68539,PED:JSPED::10681526
st_struct_pedestal/68292,PED:SST:C542817
pole/41207,POL:PPOLE:C533029
st_struct_pedestal/67896,PED:JUPED::8391859
pole/42279,POL:PPOLE:C539865
building/49547,BUILD:SDU:C538355
st_struct_pedestal/67629,PED:CPM:C539544
building/51046,BUILD:BUS:C547403
st_struct_pedestal/69696,PED:CPM:C528359
st_struct_pedestal/67326,PED:JSPED:C535438
pole/41032,POL:PPOLE:C528396
st_struct_pedestal/68830,PED:CPM:C542646
pole/41745,POL:PPOLE:C538315
pole/41253,POL:PPOLE:C538314
building/50231,BUILD:BUS:C571700
mywcom_route_junction/21870,PJCT:SPJCT::10058165
mywcom_route_junction/21140,PJCT:SPJCT::10522125
st_struct_pedestal/67374,PED:SST:C542347
st_struct_pedestal/67729,PED:SST::10660411
st_struct_pedestal/68897,PED:CPM:C550354
mywcom_route_junction/21580,SPJCT:SPJCT:C549579
st_struct_pedestal/67089,PED:SST::11601509
st_struct_buried_splice_location/2701,CLOSR:BSCLS:C558346
st_struct_pedestal/68295,PED:SST::12628044
mywcom_route_junction/21745,SPJCT:SPJCT:C547576
building/50927,BUILD:SDU:C533422
building/48835,BUILD:SDU:C548720
pole/40496,POL:PPOLE:C523810
building/51306,BUILD:SDU:C570319
mywcom_route_junction/21222,SPJCT:SPJCT:C571193
st_struct_pedestal/67673,PED:CPM:C550295
pole/42039,POL:PPOLE:C523943
building/51007,BUILD:BUS:C571857
st_struct_pedestal/70362,PED:JSPED:C528425
pole/42515,POL:PPOLE:C531233
anchors/10170,ANCH:JOINT:C47323
pole/42616,POL:PPOLE:C524256
building/49288,BUILD:SDU:C538361
mywcom_route_junction/21490,PJCT:SPJCT::11061675
pole/40791,POL:PPOLE:C542504
building/51020,BUILD:BUS::10058202
anchors/10065,ANCH:CO:C47058
st_struct_pedestal/69959,PED:SST:C549034
st_struct_pedestal/68615,PED:JSPED:C540618
anchors/10066,ANCH:CO:C47283
st_struct_pedestal/70220,PED:SST::9039853
st_struct_pedestal/68142,PED:SST:C532021
building/49893,BUILD:BUS:C571062
st_struct_pedestal/67772,PED:CPM::10840530
st_struct_pedestal/70243,PED:SST:C530592
building/50434,BUILD:BUS:C542832
building/49560,BUILD:BUS:C572792
st_struct_pedestal/68054,PED:CPM:C527409
st_struct_pedestal/68848,PED:CPM::7386395
st_struct_pedestal/68074,PED:CPM:C540106
mywcom_route_junction/21256,SPJCT:SPJCT:C542441
pole/40631,POL:CPOLE:C571003
building/50533,BUILD:SDU:C534009
st_struct_pedestal/67114,PED:JSPED::10246938
building/50139,BUILD:SDU:C530835
pole/40972,POL:PPOLE:C534228
building/49032,BUILD:BUS::13523498
mywcom_route_junction/21797,SPJCT:SPJCT:C547751
anchors/10444,ANCH:CO:C47638
st_struct_pedestal/67843,PED:JSPED:C535509
pole/41175,POL:PPOLE:C529908
mywcom_route_junction/21817,SPJCT:SPJCT:C571838
mywcom_route_junction/20990,SPJCT:SPJCT::13127945
pole/41680,POL:PPOLE:C532309
pole/40810,POL:PPOLE:C531277
pole/40671,POL:PPOLE:C530184
building/51450,BUILD:BUS:C525727
pole/41600,POL:PPOLE:C540722
anchors/9999,ANCH:JOINT:C48193
pole/41467,POL:PPOLE:C540836
pole/40848,POL:PPOLE:C525690
st_struct_pedestal/70779,PED:SST:C539836
st_struct_buried_splice_location/2630,CLOSR:BSCLS:C570149
pole/42076,POL:PPOLE:C530433
pole/40754,POL:PPOLE:C530689
building/51276,BUILD:SDU:C537026
building/49891,BUILD:SDU:C531331
st_struct_foreign_crossings/3149,FCROS:PLX:C47407
st_struct_pedestal/68670,PED:SST:C535145
building/51064,BUILD:SDU:C536667
pole/41821,POL:PPOLE:C573798
pole/41829,POL:PPOLE:C528987
anchors/10049,ANCH:CO:C47191
st_struct_pedestal/70119,PED:JSPED:C538953
building/49769,BUILD:BUS::12614927
building/50010,BUILD:SDU:C569997
pole/41724,POL:PPOLE:C531369
building/49185,BUILD:SDU::11888204
building/49342,BUILD:BUS:C543740
pole/40639,POL:PPOLE:C547919
building/50583,BUILD:BUS::9043727
st_struct_pedestal/67387,PED:CPM:C527669
building/50602,BUILD:SDU:C532449
st_struct_pedestal/68056,PED:CPM:C557129
pole/41999,POL:PPOLE::7754405
st_struct_foreign_crossings/3253,FCROS:PLX:C53468
pole/42652,POL:PPOLE:C530763
pole/42183,POL:PPOLE:C531285
building/49899,BUILD:SDU:C547431
st_struct_pedestal/67838,PED:SST::12628047
pole/42470,POL:PPOLE:C571915
st_struct_pedestal/69872,PED:JSPED:C535172
mywcom_route_junction/21543,SPJCT:SPJCT:C537488
pole/41347,POL:PPOLE:C536387
anchors/10213,ANCH:JOINT:C45965
cabinet/2428,CAB:FC::7859677
building/50200,BUILD:BUS:C571133
pole/41618,POL:PPOLE:C533850
st_struct_pedestal/69527,PED:SST:C537744
st_struct_pedestal/70340,PED:SST::8873774
pole/41322,POL:PPOLE:C524066
mywcom_route_junction/21237,SPJCT:SPJCT:C530713
st_struct_buried_splice_location/2605,CLOSR:BSCLS:C558345
building/50096,BUILD:SDU:C536792
building/51388,BUILD:SDU:C534594
mywcom_route_junction/21468,PJCT:SPJCT::10434771
building/49296,BUILD:SDU:C571734
pole/42807,POL:PPOLE:C532497
pole/40747,POL:PPOLE:C530012
st_struct_pedestal/69201,PED:CPM:C542085
building/51389,BUILD:SDU:C542774
building/50084,BUILD:SDU:C528346
mywcom_route_junction/21210,SPJCT:SPJCT:C571130
st_struct_pedestal/70154,PED:SST::8356384
st_struct_pedestal/70744,PED:CPM:C539308
mywcom_route_junction/21628,PJCT:SPJCT::10931104
pole/42694,POL:PPOLE:C527258
pole/41836,POL:PPOLE:C535800
pole/41755,POL:PPOLE:C547695
mywcom_route_junction/21569,SPJCT:SPJCT:C532311
st_struct_pedestal/70354,PED:SST:C531010
pole/41043,POL:PPOLE:C531436
building/50332,BUILD:SDU:C528400
st_struct_pedestal/67256,PED:CPM:C549131
st_struct_pedestal/68051,PED:CPM:C539422
building/51400,BUILD:BUS::12380684
anchors/10094,ANCH:CO:C47192
building/51105,BUILD:SDU:C525675
building/49338,BUILD:SDU:C527715
mywcom_route_junction/21623,SPJCT:SPJCT::8390904
st_struct_pedestal/69075,PED:SST::8391241
st_struct_pedestal/68008,PED:CPM:C533103
st_struct_pedestal/67519,PED:CPM:C531446
building/50449,BUILD:MDU::9136172
building/50940,BUILD:BUS:C536393
pole/42663,POL:PPOLE:C530163
building/51472,BUILD:SDU:C524334
st_struct_buried_splice_location/2686,CLOSR:BSCLS:C548639
st_struct_buried_splice_location/2662,CLOSR:BSCLS:C535455
st_struct_pedestal/68154,PED:SST::9541043
st_struct_pedestal/70129,PED:CPM:C560905
anchors/10096,ANCH:CO:C46589
st_struct_pedestal/68286,PED:SST::10067402
pole/42301,POL:PPOLE:C536077
building/50687,BUILD:SDU:C527597
pole/42712,POL:PPOLE:C532261
building/51147,BUILD:SDU:C539444
st_struct_pedestal/67188,PED:SST:C543767
building/50186,BUILD:BUS:C529053
mywcom_route_junction/21912,SPJCT:SPJCT::7395277
pole/42526,POL:PPOLE:C538320
st_struct_pedestal/69830,PED:SST::10044682
pole/40664,POL:PPOLE:C529190
building/50143,BUILD:SDU:C534680
st_struct_pedestal/68179,PED:CPM:C571928
pole/41721,POL:PPOLE:C527644
pole/40565,POL:PPOLE:C531365
building/51040,BUILD:SDU:C527402
building/48899,BUILD:BUS:C542292
st_struct_vault/2471,VAULT:MH-T:C531402
st_struct_pedestal/67162,PED:CPM:C542645
pole/42238,POL:PPOLE:C549902
pole/40693,POL:PPOLE:C532257
st_struct_pedestal/67544,PED:JSPED:C542251
pole/41840,POL:PPOLE:C539817
anchors/10465,ANCH:JOINT:C46774
anchors/10095,ANCH:CO:C47068
st_struct_pedestal/67868,PED:JLAPD:C529817
pole/40923,POL:PPOLE:C546628
st_struct_pedestal/70492,PED:JSPED:C539133
st_struct_pedestal/67232,PED:SST::9937486
pole/42331,POL:PPOLE:C529169
building/49735,BUILD:SEB:C573829
st_struct_pedestal/69260,PED:SST::9541038
pole/42449,POL:PPOLE:C523816
building/51438,BUILD:SDU:C536233
building/51103,BUILD:BUS:C572038
building/48987,BUILD:SDU:C532978
st_struct_pedestal/67294,PED:JUPED::11427432
building/49091,BUILD:SDU:C546284
st_struct_pedestal/70576,PED:CPM:C546311
st_struct_pedestal/67865,PED:SST:C548493
building/51161,BUILD:SDU:C534106
pole/41944,POL:PPOLE:C536962
pole/41882,POL:PPOLE:C547732
st_struct_pedestal/70368,PED:JSPED:C547830
pole/42123,POL:PPOLE:C530623
pole/41580,POL:PPOLE:C528372
st_struct_pedestal/67420,PED:SST::10656864
building/50340,BUILD:SDU::9530555
building/51328,BUILD:SDU:C526484
building/49754,BUILD:BUS:C533183
st_struct_pedestal/70770,PED:CPM::10840528
pole/41735,POL:PPOLE:C537269
anchors/10510,ANCH:CO:C47805
pole/42700,POL:PPOLE:C521106
st_struct_pedestal/68558,PED:SST::11688205
building/50208,BUILD:BUS:C548745
pole/41530,POL:PPOLE::7754421
st_struct_pedestal/68948,PED:SST:C542106
anchors/10528,ANCH:JOINT:C47200
st_struct_pedestal/69998,PED:CPM:C539725
st_struct_pedestal/68201,PED:JUPED::10250492
pole/42376,POL:PPOLE:C536056
building/51416,BUILD:SDU:C525622
mywcom_route_junction/21536,SPJCT:SPJCT:C541762
st_struct_pedestal/67075,PED:CPM:C536855
pole/41316,POL:PPOLE:C540760
building/48872,BUILD:BUS:C543529
st_struct_pedestal/70036,PED:JSPED:C532816
st_struct_pedestal/67524,PED:JSPED::8978766
building/51194,BUILD:SDU::10014286
building/48845,BUILD:BUS:C557956
st_struct_pedestal/67277,PED:CPM:C547195
st_struct_pedestal/70029,PED:JSPED::9043413
st_struct_pedestal/68662,PED:CPM:C538560
building/49978,BUILD:SDU:C539027
mywcom_route_junction/21988,SPJCT:SPJCT::8391534
pole/41632,POL:PPOLE::9257803
anchors/10468,ANCH:JOINT:C47514
st_struct_pedestal/70650,PED:SST:C529560
st_struct_pedestal/70553,PED:JLPED::8035075
st_struct_pedestal/70506,PED:SST:C542938
pole/42365,POL:PPOLE:C541034
mywcom_route_junction/21579,PJCT:SPJCT::10805962
st_struct_pedestal/67390,PED:SST:C533609
st_struct_pedestal/70252,PED:SST:C540060
building/49730,BUILD:SDU:C527927
building/49601,BUILD:BUS::12608557
st_struct_pedestal/69465,PED:SST:C533445
pole/40802,POL:PPOLE:C549908
st_struct_pedestal/68950,PED:CPM:C538364
st_struct_pedestal/69378,PED:SST::9649506
anchors/10452,ANCH:JOINT:C47248
st_struct_foreign_crossings/3090,FCROS:RRX:C53861
building/50119,BUILD:BUS:C542855
st_struct_pedestal/70781,PED:CPM:C539692
st_struct_pedestal/69927,PED:CPM:C532448
mywcom_route_junction/22032,SPJCT:SPJCT:C539910
st_struct_pedestal/67931,PED:JSPED:C526143
building/51327,BUILD:SDU:C548684
pole/42147,POL:PPOLE:C534604
st_struct_pedestal/68368,PED:CPM:C534275
st_struct_pedestal/68643,PED:CPM:C531448
pole/41524,POL:PPOLE:C532654
st_struct_pedestal/70817,PED:CPM:C558175
mywcom_route_junction/21791,SPJCT:SPJCT::8356381
anchors/10324,ANCH:CO:C47059
building/50666,BUILD:BUS:C523982
st_struct_pedestal/69430,PED:SST::10599663
st_struct_pedestal/67723,PED:JSPED:C539060
building/49558,BUILD:SDU:C535097
anchors/10449,ANCH:CO:C46361
st_struct_pedestal/69185,PED:CPM:C571733
st_struct_vault/2460,VAULT:FTTX::9650149
st_struct_pedestal/68085,PED:JSPED::11098780
st_struct_pedestal/67327,PED:SST::10612371
mywcom_route_junction/21304,SPJCT:SPJCT:C546745
anchors/10401,ANCH:CO:C46550
mywcom_route_junction/21107,SPJCT:SPJCT:C572452
st_struct_pedestal/67077,PED:CPM:C548710
mywcom_route_junction/21061,SPJCT:SPJCT:C537167
st_struct_pedestal/69286,PED:SST:C525869
anchors/10155,ANCH:JOINT::6991509
mywcom_route_junction/21978,PJCT:SPJCT::10434770
pole/42686,POL:PPOLE:C531454
pole/41537,POL:PPOLE:C539163
st_struct_pedestal/70567,PED:CPM::8283719
st_struct_foreign_crossings/3213,FCROS:PLX::13317942
building/50262,BUILD:BUS:C525715
building/49621,BUILD:SDU:C527723
pole/40739,POL:CPOLE:C531887
pole/41186,POL:PPOLE:C539895
st_struct_pedestal/70617,PED:CPM:C540757
mywcom_route_junction/21783,SPJCT:SPJCT::12652050
anchors/10480,ANCH:CO:C46224
anchors/10290,ANCH:CO:C45963
st_struct_pedestal/69159,PED:JTPED:C546467
building/49917,BUILD:BUS:C537804
st_struct_pedestal/67398,PED:SST::8356412
anchors/10140,ANCH:JOINT:C48341
anchors/10453,ANCH:JOINT:C47360
pole/41881,POL:PPOLE:C546652
st_struct_pedestal/69674,PED:JSPED:C532504
pole/42517,POL:PPOLE:C536456
building/50739,BUILD:BUS:C572905
st_struct_pedestal/68262,PED:CPM:C532531
pole/42297,POL:PPOLE:C540826
pole/41802,POL:PPOLE:C523605
mywcom_route_junction/21694,SPJCT:SPJCT::9225132
st_struct_pedestal/67705,PED:SST::9541035
mywcom_route_junction/21842,PJCT:SPJCT::10249162
st_struct_pedestal/68636,PED:CPM:C535224
st_struct_pedestal/70231,PED:SST::10660060
st_struct_pedestal/67190,PED:CPM:C527713
building/49933,BUILD:SDU:C537219
building/49046,BUILD:BUS:C548417
st_struct_pedestal/69816,PED:SST:C543719
mywcom_route_junction/21606,SPJCT:SPJCT:C538675
mywcom_route_junction/20895,SPJCT:SPJCT:C536529
st_struct_pedestal/68373,PED:CPM:C549829
pole/41070,POL:PPOLE:C532536
st_struct_pedestal/70135,PED:SST::8358253
pole/41184,POL:PPOLE:C524191
st_struct_pedestal/69628,PED:SST:C547915
pole/41364,POL:PPOLE:C547879
st_struct_pedestal/69781,PED:JSPED::12234171
st_struct_pedestal/68360,PED:CPM:C557155
pole/42668,POL:PPOLE:C533817
pole/42270,POL:PPOLE:C532371
anchors/10315,ANCH:JOINT:C46649
building/48956,BUILD:BUS:C570945
building/51407,BUILD:SDU:C543282
building/50125,BUILD:BUS:C536247
building/50630,BUILD:BUS::12527899
st_struct_pedestal/70239,PED:JSPED::10058767
st_struct_pedestal/67805,PED:CPM:C527148
pole/42803,POL:CPOLE:C547755
pole/42619,POL:PPOLE:C521175
st_struct_pedestal/68699,PED:SST::9541049
building/49652,BUILD:SDU:C539793
pole/40960,POL:PPOLE:C546656
mywcom_route_junction/22028,SPJCT:SPJCT:C542302
st_struct_pedestal/68843,PED:CPM:C546320
building/51057,BUILD:SDU:C546583
st_struct_pedestal/69523,PED:JSPED:C534118
building/50607,BUILD:BUS:C572857
anchors/10497,ANCH:JOINT:C46592
st_struct_pedestal/69850,PED:SST:C547685
building/48838,BUILD:SDU:C529682
building/49013,BUILD:SDU:C526660
pole/40839,POL:PPOLE:C529059
st_struct_pedestal/67985,PED:JTPED:C570168
st_struct_vault/2418,VAULT:MH-S:C532376
st_struct_pedestal/68474,PED:SST::10599665
st_struct_vault/2447,VAULT:MH-S:C531620
mywcom_route_junction/21616,SPJCT:SPJCT:C570754
anchors/10419,ANCH:JOINT:C47296
building/50093,BUILD:SDU:C534688
building/49088,BUILD:BUS:C536969
st_struct_pedestal/67446,PED:CPM:C571415
building/49674,BUILD:BUS:C571713
anchors/10499,ANCH:JOINT::6991510
st_struct_pedestal/67926,PED:JSPED:C535083
st_struct_pedestal/68628,PED:SST:C526161
building/51078,BUILD:BUS:C543959
building/49054,BUILD:SDU:C549869
mywcom_route_junction/21799,SPJCT:SPJCT:C570368
pole/42714,POL:PPOLE:C524186
building/50674,BUILD:SDU:C536633
st_struct_pedestal/69158,PED:JSPED:C536328
pole/41263,POL:PPOLE::12284059
pole/41346,POL:PPOLE:C525412
pole/42497,POL:PPOLE:C528392
st_struct_pedestal/68585,PED:CPM:C526519
st_struct_pedestal/69338,PED:JSPED::8978773
building/48816,BUILD:BUS::12621322
pole/41923,POL:PPOLE:C538917
pole/41149,POL:PPOLE:C549903
pole/42038,POL:PPOLE:C526625
st_struct_pedestal/68108,PED:SST:C547707
st_struct_pedestal/69583,POL:SVMST::8035056
st_struct_pedestal/69326,PED:CPM:C531031
st_struct_pedestal/70165,PED:SST::9664858
st_struct_foreign_crossings/3263,FCROS:PLX::13317944
building/51175,BUILD:BUS:C537950
building/48869,BUILD:SDU:C541147
st_struct_pedestal/69971,PED:CPM:C546481
st_struct_pedestal/68883,PED:JSPED:C525977
st_struct_pedestal/69210,PED:SST:C537718
building/50184,BUILD:MDU::12667476
building/49667,BUILD:SDU:C527978
st_struct_pedestal/70616,PED:CPM:C535830
pole/41933,POL:PPOLE:C536526
st_struct_pedestal/67292,PED:CPM:C534483
st_struct_pedestal/67108,PED:CPM:C535141
building/51232,BUILD:SDU:C539711
anchors/10092,ANCH:CO:C47026
st_struct_pedestal/70166,PED:JSPED::10661340
st_struct_pedestal/70559,PED:CPM:C542425
building/51199,BUILD:BUS:C547492
pole/41702,POL:PPOLE:C523286
st_struct_pedestal/68797,PED:JSPED:C573844
st_struct_pedestal/68309,PED:SST::8035060
pole/41003,POL:PPOLE:C540254
building/49793,BUILD:SDU:C549769
st_struct_pedestal/69804,PED:CPM:C527846
building/51245,BUILD:SDU:C539096
mywcom_route_junction/21809,SPJCT:SPJCT:C538579
building/49679,BUILD:BUS:C570924
mywcom_route_junction/21337,SPJCT:SPJCT:C547948
st_struct_pedestal/69824,PED:SST::7889759
anchors/10430,ANCH:JOINT:C45870
pole/41896,POL:PPOLE:C547804
st_struct_pedestal/68586,PED:JSPED:C529834
pole/40823,POL:PPOLE:C525424
building/51415,BUILD:SDU:C537220
st_struct_foreign_crossings/3268,FCROS:PLX:C52986
building/50676,BUILD:BUS:C543800
st_struct_pedestal/67515,PED:CPM:C533955
building/50714,BUILD:SDU:C543584
building/48783,BUILD:MDU::9160170
st_struct_pedestal/68979,PED:SST:C542248
mywcom_route_junction/21567,SPJCT:SPJCT:C531180
mywcom_route_junction/21291,SPJCT:SPJCT:C526207
st_struct_pedestal/67965,PED:JSPED:C570176
mywcom_route_junction/21419,PJCT:SPJCT::10058781
pole/42371,POL:PPOLE:C523970
st_struct_vault/2439,VAULT:MH-S:C531629
st_struct_pedestal/68070,PED:CPM:C548637
building/49860,BUILD:SDU:C528089
st_struct_pedestal/69974,PED:JSPED:C529918
building/48791,BUILD:MDU::10565663
mywcom_route_junction/20961,SPJCT:SPJCT:C525945
st_struct_pedestal/69436,PED:CPM:C572812
pole/42417,POL:PPOLE:C532301
st_struct_pedestal/70635,PED:CPM:C542034
pole/41167,POL:PPOLE::7749284
st_struct_buried_splice_location/2643,CLOSR:BSCLS:C535144
cabinet/2427,CAB:JWI:C532809
building/49497,BUILD:BUS:C539107
mywcom_route_junction/21680,SPJCT:SPJCT:C542029
st_struct_pedestal/68677,PED:CPM:C531813
mywcom_route_junction/20967,SPJCT:SPJCT:C529279
pole/41310,POL:PPOLE:C534921
st_struct_pedestal/68970,PED:JSPED:C535442
building/50592,BUILD:SDU::12667439
pole/41017,POL:PPOLE:C530022
pole/41849,POL:PPOLE:C540271
mywcom_route_junction/21966,SPJCT:SPJCT:C533190
pole/40831,POL:PPOLE:C529128
st_struct_pedestal/68584,PED:JSPED:C529283
pole/41499,POL:PPOLE:C529055
building/51233,BUILD:SDU:C541201
building/48945,BUILD:MDU::9134891
st_struct_pedestal/70070,PED:CPM:C530515
anchors/10061,ANCH:CO:C46194
building/51356,BUILD:BUS:C536407
anchors/9966,ANCH:CO::7019026
building/49852,BUILD:SDU::12667428
pole/42558,POL:PPOLE:C528366
building/50196,BUILD:BUS::9380698
st_struct_pedestal/67289,PED:CPM:C534506
st_struct_pedestal/67176,PED:SST::10660397
pole/41876,POL:PPOLE:C530074
mywcom_route_junction/21149,SPJCT:SPJCT:C546870
st_struct_pedestal/69962,PED:JSPED:C542247
st_struct_pedestal/69511,PED:CPM:C573832
pole/40576,POL:PPOLE:C528283
building/49723,BUILD:SDU:C527641
st_struct_pedestal/68209,PED:CPM:C524286
st_struct_buried_splice_location/2688,CLOSR:BSCLS::9261658
mywcom_route_junction/21058,SPJCT:SPJCT::9647892
mywcom_route_junction/21676,SPJCT:SPJCT:C540714
building/49812,BUILD:SDU:C542910
st_struct_pedestal/67778,PED:SST:C529531
st_struct_buried_splice_location/2622,CLOSR:BSCLS:C532677
st_struct_pedestal/70425,PED:JSPED::11428042
pole/42572,POL:PPOLE:C521191
mywcom_route_junction/21096,PJCT:SPJCT::10047571
anchors/9972,ANCH:CO::7021926
mywcom_route_junction/21967,SPJCT:SPJCT::9903258
st_struct_pedestal/67389,PED:CPM:C527732
pole/41123,POL:PPOLE::10557658
building/51456,BUILD:SDU:C542129
building/50536,BUILD:MDU::10556368
building/49767,BUILD:BUS::10058169
st_struct_pedestal/67573,PED:SST::10611753
anchors/10421,ANCH:JOINT:C47598
st_struct_pedestal/68314,PED:SST:C542650
building/50224,BUILD:BUS:C543527
building/50365,BUILD:SDU::9842442
building/50271,BUILD:MDU::9130744
building/51214,BUILD:BUS:C538838
st_struct_foreign_crossings/3106,FCROS:PLX:C53084
pole/40947,POL:PPOLE:C538891
pole/40716,POL:PPOLE:C530045
building/50052,BUILD:BUS::9200810
st_struct_pedestal/70710,PED:CPM:C542824
st_struct_pedestal/69224,PED:JSPED:C538468
building/49562,BUILD:BUS:C548557
st_struct_pedestal/70430,PED:SST:C537737
mywcom_route_junction/21552,SPJCT:SPJCT:C572025
st_struct_vault/2444,VAULT:MH-S:C531283
building/49957,BUILD:SDU:C530801
building/48929,BUILD:SDU:C536681
mywcom_route_junction/21581,SPJCT:SPJCT:C538574
mywcom_route_junction/21982,SPJCT:SPJCT:C535537
st_struct_pedestal/69534,PED:JSPED:C535277
st_struct_pedestal/68116,PED:JSPED:C526156
st_struct_pedestal/68447,PED:JTPED:C547347
pole/40516,POL:PPOLE:C534608
building/49407,BUILD:SDU:C526185
building/49275,BUILD:BUS:C542014
st_struct_pedestal/69728,PED:JSPED:C546596
st_struct_pedestal/68671,PED:JTPED:C525910
pole/42158,POL:PPOLE:C537139
st_struct_pedestal/69212,PED:CPM:C535873
st_struct_pedestal/68932,PED:CPM:C530550
pole/42113,POL:PPOLE:C535240
st_struct_foreign_crossings/3126,FCROS:PLX:C47558
st_struct_pedestal/69574,PED:CPM:C526734
st_struct_pedestal/69433,PED:CPM:C526228
building/49018,BUILD:SDU:C532859
st_struct_pedestal/70157,PED:SST:C547956
building/49900,BUILD:SDU:C528759
pole/41483,POL:PPOLE:C531280
building/48796,BUILD:SDU:C546574
pole/42472,POL:PPOLE:C533039
pole/40738,POL:PPOLE:C529896
building/48822,BUILD:BUS:C542246
pole/41204,POL:PPOLE:C531380
mywcom_route_junction/21218,SPJCT:SPJCT:C573094
st_struct_pedestal/67346,PED:SST:C550514
building/50299,BUILD:BUS::11361498
building/50179,BUILD:BUS:C539788
building/48969,BUILD:BUS:C539782
cabinet/2476,CAB:EC:C572031
mywcom_route_junction/21011,PJCT:SPJCT::11083095
building/51436,BUILD:BUS::12653017
pole/42311,POL:PPOLE:C537542
building/51127,BUILD:SDU:C571988
pole/40932,POL:PPOLE::9189627
pole/40924,POL:PPOLE:C539877
pole/41198,POL:CPOLE:C533428
tower/481,TOWER:TOWER:C541056
st_struct_pedestal/68583,PED:CPM::13005004
building/50862,BUILD:MDU::10556369
st_struct_pedestal/68019,PED:JSPED::10058766
mywcom_route_junction/21144,SPJCT:SPJCT:C528431
st_struct_foreign_crossings/3147,FCROS:PLX:C53655
st_struct_pedestal/68081,PED:SST:C542088
st_struct_pedestal/69939,PED:CPM:C533287
st_struct_pedestal/69748,PED:JTPED:C571861
st_struct_pedestal/69454,PED:CPM:C532956
anchors/10329,ANCH:CO:C46577
st_struct_pedestal/67741,PED:CPM:C540935
pole/41305,POL:PPOLE:C533451
st_struct_pedestal/68057,PED:CPM:C542751
st_struct_pedestal/68055,PED:SST::8796652
building/49506,BUILD:BUS:C533119
pole/40859,POL:PPOLE:C540711
st_struct_pedestal/68257,PED:SST:C529274
st_struct_pedestal/69963,PED:JSPED::12667422
st_struct_pedestal/69750,PED:CPM:C534560
pole/41406,POL:PPOLE:C536279
st_struct_pedestal/70442,PED:SST:C534799
st_struct_pedestal/67640,PED:CPM:C535234
st_struct_pedestal/68540,PED:FPED::10905172
pole/40994,POL:PPOLE:C540249
anchors/10164,ANCH:JOINT::7007525
st_struct_foreign_crossings/3214,FCROS:PLX:C53606
st_struct_pedestal/69604,PED:JSPED:C528767
st_struct_pedestal/70741,PED:CPM:C557133
pole/41031,POL:PPOLE:C528398
building/49913,BUILD:SDU:C537920
st_struct_pedestal/70359,PED:JSPED:C529872
st_struct_pedestal/67451,PED:CPM:C549866
pole/42094,POL:CPOLE:C533659
building/51022,BUILD:MDU:C535709
anchors/10275,ANCH:CO::7066066
building/49911,BUILD:MDU::9029611
pole/42469,POL:PPOLE:C536061
pole/40572,POL:PPOLE:C527004
building/51204,BUILD:SDU:C538697
st_struct_pedestal/69252,PED:SST:C540543
pole/42391,POL:PPOLE:C524133
pole/40871,POL:PPOLE:C525672
st_struct_pedestal/67275,PED:CPM:C538562
st_struct_pedestal/69623,PED:SST::9604106
st_struct_pedestal/69325,PED:CPM:C539182
mywcom_route_junction/21782,SPJCT:SPJCT:C550500
building/48927,BUILD:SDU:C550305
building/48722,BUILD:BUS::13127942
mywcom_route_junction/21036,SPJCT:SPJCT:C540661
mywcom_route_junction/21516,SPJCT:SPJCT::8308010
mywcom_route_junction/21898,SPJCT:SPJCT:C535478
building/49424,BUILD:BUS:C544198
st_struct_pedestal/70491,PED:CPM:C527440
pole/42110,POL:PPOLE:C530646
mywcom_route_junction/21179,SPJCT:SPJCT:C532997
pole/41160,POL:PPOLE:C534580
building/48865,BUILD:BUS::10609514
building/49203,BUILD:MDU::9324058
st_struct_pedestal/69134,PED:SST:C529424
building/50219,BUILD:MDU::9248236
st_struct_pedestal/69689,PED:CPM:C526455
building/48875,BUILD:SDU:C535892
building/50059,BUILD:BUS:C537072
st_struct_pedestal/67683,PED:CPM::7923354
building/50545,BUILD:MDU::9215281
pole/41225,POL:PPOLE:C530039
building/51437,BUILD:BUS::10058168
st_struct_pedestal/70251,PED:JSPED:C535261
building/49149,BUILD:BUS:C525725
pole/41289,POL:PPOLE:C532947
building/51043,BUILD:SDU:C528081
st_struct_pedestal/67906,PED:CPM:C541974
building/50736,BUILD:SDU:C535305
st_struct_pedestal/69799,PED:CPM:C527463
st_struct_pedestal/69238,PED:JUPED::8490735
mywcom_route_junction/21278,SPJCT:SPJCT:C535213
st_struct_pedestal/67477,PED:CPM:C535158
pole/42598,POL:PPOLE:C533221
st_struct_pedestal/68666,PED:SST:C573839
st_struct_pedestal/68115,PED:SST:C540793
st_struct_pedestal/69010,PED:JSPED:C534120
pole/41191,POL:PPOLE:C527848
st_struct_foreign_crossings/3108,FCROS:PLX:C47425
building/50696,BUILD:SDU::12667451
building/50376,BUILD:BUS:C539708
building/49577,BUILD:SDU:C526544
st_struct_pedestal/67323,PED:CPM:C535807
pole/41567,POL:PPOLE:C531247
building/50539,BUILD:MDU::10556375
building/50985,BUILD:SDU:C533463
building/50575,BUILD:SDU:C532096
st_struct_pedestal/67480,PED:SST:C546556
st_struct_pedestal/69422,PED:JSPED:C528891
st_struct_pedestal/67692,PED:JSPED::8372668
st_struct_pedestal/69431,PED:CPM:C529572
pole/41349,POL:PPOLE:C540240
st_struct_pedestal/68703,PED:CPM:C541469
building/50597,BUILD:SDU:C549756
pole/41946,POL:PPOLE:C538894
building/49974,BUILD:BUS::10058205
pole/41768,POL:PPOLE:C529210
pole/41221,POL:PPOLE:C536274
pole/41197,POL:CPOLE:C572803
building/51342,BUILD:MDU::9098730
st_struct_pedestal/67201,PED:JSPED::8978735
building/51336,BUILD:SDU:C536323
building/50914,BUILD:SDU:C541830
mywcom_route_junction/22029,SPJCT:SPJCT:C541754
mywcom_route_junction/21201,SPJCT:SPJCT::11887885
pole/41576,POL:PPOLE:C530046
building/49604,BUILD:MDU:C540393
pole/41675,POL:PPOLE:C544624
pole/40780,POL:PPOLE:C531302
pole/42772,POL:PPOLE:C525440
building/49235,BUILD:SDU:C541364
anchors/10031,ANCH:CO:C47266
pole/42343,POL:PPOLE:C536363
anchors/10220,ANCH:JOINT:C46102
building/50730,BUILD:SDU:C524354
pole/41179,POL:PPOLE:C532635
pole/42762,POL:PPOLE:C534667
st_struct_pedestal/68339,PED:SST:C571982
mywcom_route_junction/21840,SPJCT:SPJCT::11388043
st_struct_pedestal/69911,PED:JSPED:C534338
mywcom_route_junction/20970,SPJCT:SPJCT:C542928
mywcom_route_junction/20960,SPJCT:SPJCT:C541183
st_struct_pedestal/70737,PED:JSPED:C529770
pole/40532,POL:PPOLE:C539173
mywcom_route_junction/21209,SPJCT:SPJCT:C559627
building/51198,BUILD:SDU:C539221
building/49300,BUILD:SDU:C540465
pole/42565,POL:PPOLE:C524282
st_struct_pedestal/70551,PED:CPM:C542499
building/50471,BUILD:BUS:C543017
mywcom_route_junction/21930,SPJCT:SPJCT::8789308
pole/42826,POL:PPOLE:C524211
anchors/10109,ANCH:JOINT::7007524
st_struct_pedestal/68245,PED:CPM:C525893
mywcom_route_junction/21240,SPJCT:SPJCT:C528902
st_struct_pedestal/67945,PED:JSPED:C528914
st_struct_pedestal/70705,PED:CPM:C525415
building/51465,BUILD:BUS::8084635
st_struct_pedestal/70289,PED:SST::7617756
pole/40490,POL:PPOLE:C524156
building/49048,BUILD:SDU:C537943
pole/41532,POL:PPOLE:C532568
st_struct_vault/2473,VAULT:MH-S:C531546
pole/42264,POL:PPOLE:C546809
st_struct_pedestal/70766,PED:JSPED:C528836
st_struct_pedestal/69552,PED:SST:C547651
building/49475,BUILD:SDU:C526164
anchors/10209,ANCH:JOINT::7607518
st_struct_pedestal/69483,PED:CPM:C540450
pole/42660,POL:PPOLE:C524001
anchors/10343,ANCH:JOINT:C47682
st_struct_pedestal/69687,PED:CPM:C535024
st_struct_pedestal/69213,PED:JSPED:C544669
st_struct_pedestal/67429,PED:CPM:C540526
st_struct_pedestal/67163,PED:JSPED:C544767
pole/42681,POL:PPOLE:C536213
pole/41777,POL:PPOLE:C521105
anchors/10507,ANCH:CO:C47585
mywcom_route_junction/21111,SPJCT:SPJCT:C539313
st_struct_pedestal/70270,PED:CPM:C540185
pole/41591,POL:PPOLE:C524188
anchors/10244,ANCH:JOINT:C46673
building/50334,BUILD:SDU:C539007
st_struct_pedestal/69490,PED:SST:C540360
pole/41048,POL:PPOLE:C537012
pole/40690,POL:PPOLE:C524110
st_struct_pedestal/68602,PED:CPM:C531405
st_struct_pedestal/67159,PED:CPM:C529944
pole/42500,POL:PPOLE:C536406
building/50911,BUILD:SDU:C532213
cabinet/2477,CAB:JWI:C547364
building/48922,BUILD:SDU:C542782
st_struct_pedestal/70389,PED:CPM:C546372
st_struct_pedestal/68088,PED:CPM:C546319
mywcom_route_junction/21361,SPJCT:SPJCT:C542290
st_struct_pedestal/68599,PED:SST::9203690
building/49669,BUILD:SDU:C543594
building/49680,BUILD:SDU:C532059
building/51479,BUILD:SDU:C531817
pole/42338,POL:PPOLE:C531466
pole/42321,POL:PPOLE:C526511
st_struct_buried_splice_location/2716,CLOSR:BSCLS:C571504
building/51093,BUILD:BUS:C550235
building/49127,BUILD:SDU:C530896
mywcom_route_junction/21803,SPJCT:SPJCT::13131089
pole/41570,POL:PPOLE:C531229
building/49218,BUILD:BUS::12188698
cabinet/2459,CAB:FC::11725005
mywcom_route_junction/21022,SPJCT:SPJCT::12627097
st_struct_pedestal/69217,PED:JSPED:C540684
st_struct_pedestal/67894,PED:CPM:C532100
mywcom_route_junction/21447,SPJCT:SPJCT:D8007451
pole/41638,POL:PPOLE:C524280
st_struct_pedestal/69741,PED:SST:C571959
pole/42706,POL:PPOLE:C538140
st_struct_pedestal/70408,PED:CPM:C549753
st_struct_pedestal/67712,PED:CPM:C538455
st_struct_pedestal/67509,PED:CPM:C538331
building/51142,BUILD:BUS:C571289
st_struct_pedestal/68004,PED:CPM:C536799
building/49136,BUILD:BUS::12653011
pole/42412,POL:PPOLE:C536299
building/50181,BUILD:SDU:C557156
anchors/10432,ANCH:JOINT:C46525
building/50033,BUILD:BUS:C543833
building/49820,BUILD:BUS:C543928
st_struct_pedestal/70025,PED:SST::9674140
anchors/10328,ANCH:CO:C47477
cabinet/2494,CAB:EC:C526245
building/51300,BUILD:SDU:C537127
pole/40812,POL:PPOLE:C528959
mywcom_route_junction/21829,SPJCT:SPJCT::11466445
mywcom_route_junction/21596,SPJCT:SPJCT:C542027
st_struct_pedestal/67283,PED:CPM:C538097
pole/42599,POL:PPOLE:C531992
mywcom_route_junction/21977,SPJCT:SPJCT::12223564
building/49544,BUILD:SDU:C540896
pole/42237,POL:PPOLE:C540259
pole/42234,POL:PPOLE:C530018
building/49683,BUILD:SDU:C527333
pole/41812,POL:PPOLE::7738079
pole/42153,POL:PPOLE:C532688
st_struct_pedestal/70807,PED:SST::8209115
st_struct_pedestal/67530,PED:JSPED::11427433
st_struct_pedestal/70071,PED:SST:C547646
st_struct_pedestal/67760,PED:CPM:C531973
pole/42302,POL:PPOLE:C526374
pole/42672,POL:PPOLE:C534221
pole/41376,POL:PPOLE:C542208
building/51193,BUILD:BUS::12667477
st_struct_pedestal/69930,PED:CPM:C533930
pole/42179,POL:PPOLE:C540723
building/50956,BUILD:SDU:C535359
st_struct_pedestal/67728,PED:JSPED:C540502
st_struct_foreign_crossings/3200,FCROS:RRX:C47974
building/51372,BUILD:BUS::10682163
anchors/10200,ANCH:JOINT:C45960
st_struct_pedestal/70443,PED:JSPED:C546584
mywcom_route_junction/21673,SPJCT:SPJCT:C530812
pole/41911,POL:PPOLE:C532756
building/49835,BUILD:BUS:C549549
st_struct_pedestal/69734,PED:SST::9070890
pole/41730,POL:PPOLE:C537393
building/49592,BUILD:SDU:C541633
st_struct_pedestal/69188,PED:CPM:C548541
pole/41712,POL:PPOLE:C529960
pole/40951,POL:PPOLE:C533030
pole/41155,POL:PPOLE::7746090
building/51365,BUILD:BUS:C571276
building/49175,BUILD:SDU:C533326
pole/42122,POL:PPOLE:C547458
building/49071,BUILD:BUS:C523971
building/49800,BUILD:SDU:C534501
st_struct_pedestal/70028,PED:SST::9797326
cabinet/2444,CAB:FC::7856476
building/50454,BUILD:SDU:C571998
st_struct_pedestal/67458,PED:CPM:C534876
mywcom_route_junction/20971,PJCT:SPJCT::11257803
st_struct_pedestal/68443,PED:SST:C546550
building/50723,BUILD:SDU:C525717
anchors/10054,ANCH:CO:C46185
mywcom_route_junction/21266,SPJCT:SPJCT::8389031
pole/41954,POL:PPOLE:C546782
st_struct_pedestal/69364,PED:JSPED:C535678
anchors/10423,ANCH:JOINT:C46357
st_struct_pedestal/68912,PED:SST:C548422
building/49619,BUILD:SDU:C539748
st_struct_pedestal/68141,PED:CPM:C542144
pole/40900,POL:PPOLE::7750889
building/50786,BUILD:MDU::9028331
building/50531,BUILD:BUS:C571822
building/50233,BUILD:SDU:C543782
pole/41835,POL:PPOLE:C535770
pole/41278,POL:PPOLE:C524190
st_struct_pedestal/68319,PED:SST::8797946
anchors/10201,ANCH:JOINT:C45943
st_struct_pedestal/67506,PED:CPM:C533998
st_struct_pedestal/67252,PED:JSPED:C545384
building/50608,BUILD:SDU:C538092
st_struct_pedestal/68891,PED:SST:C549332
cabinet/2471,CAB:EC:C532303
pole/41980,POL:PPOLE:C537290
st_struct_pedestal/69896,PED:JLIPD:C573076
pole/41068,POL:PPOLE:C525702
building/49921,BUILD:SDU:C539649
st_struct_pedestal/67154,PED:SST::8747690
st_struct_pedestal/67685,PED:SST:C531751
building/49495,BUILD:SDU::12667431
st_struct_pedestal/70529,PED:CPM::10672948
st_struct_pedestal/67946,PED:CPM:C557118
st_struct_pedestal/70839,PED:SST:C571380
pole/40897,POL:PPOLE:C527654
building/50368,BUILD:BUS:C571271
st_struct_pedestal/68990,PED:CPM:C540965
mywcom_route_junction/20902,SPJCT:SPJCT::9106730
mywcom_route_junction/21633,SPJCT:SPJCT:C572450
pole/41442,POL:PPOLE:C538137
st_struct_pedestal/69852,PED:CPM:C527510
st_struct_pedestal/69227,PED:SST::8405619
pole/41023,POL:PPOLE:C530063
st_struct_pedestal/69621,PED:SST:C550429
anchors/10435,ANCH:JOINT:C45967
st_struct_pedestal/68782,PED:SST:C543890
building/50516,BUILD:SDU:C537207
building/50277,BUILD:BUS:C546869
building/51152,BUILD:BUS:C570175
pole/42225,POL:PPOLE:C538861
pole/41548,POL:PPOLE:C535763
st_struct_pedestal/67871,PED:CPM:C528732
mywcom_route_junction/21889,SPJCT:SPJCT::9046928
st_struct_pedestal/69730,PED:CPM:C541142
building/49212,BUILD:SDU:C529900
st_struct_pedestal/69239,PED:CPM:C540441
building/50502,BUILD:MDU::9130740
st_struct_pedestal/69071,PED:SST:C540427
st_struct_pedestal/69717,PED:CPM:C527968
st_struct_pedestal/70685,PED:JTPED:C535483
pole/41107,POL:PPOLE:C532948
mywcom_route_junction/21162,SPJCT:SPJCT::8355690
building/50806,BUILD:BUS:C548587
pole/42816,POL:PPOLE:C538214
pole/41159,POL:PPOLE:C534615
st_struct_pedestal/70082,PED:SST:C531090
pole/42291,POL:PPOLE:C533839
pole/40765,POL:PPOLE::7749275
st_struct_pedestal/70215,PED:CPM:C542053
building/48718,BUILD:BUS:C546858
st_struct_pedestal/68904,PED:SST::8275055
building/49734,BUILD:BUS:C542381
st_struct_pedestal/68326,PED:JSPED:C528850
pole/40585,POL:PPOLE::9229995
building/49850,BUILD:BUS:C537423
building/49786,BUILD:SDU:C526230
st_struct_pedestal/70541,PED:CPM:C530978
building/51056,BUILD:SDU:C556894
st_struct_foreign_crossings/3165,FCROS:RRX:C48349
st_struct_pedestal/69130,PED:JSPED:C547546
st_struct_pedestal/70051,PED:CPM:C529156
pole/40937,POL:CPOLE:C532338
building/50846,BUILD:SDU:C537885
pole/41216,POL:PPOLE:C532724
st_struct_pedestal/69324,PED:CPM:C536622
pole/42440,POL:PPOLE:C541033
st_struct_pedestal/67930,PED:CPM:C539463
st_struct_pedestal/70671,PED:CPM:C543323
building/51050,BUILD:SDU:C526227
cabinet/2516,CAB:EC:C541352
anchors/10293,ANCH:CO:C47027
cabinet/2434,CAB:EC:C571629
building/49749,BUILD:BUS::11069324
mywcom_route_junction/21376,SPJCT:SPJCT:C540479
pole/40789,POL:PPOLE:C534013
pole/41087,POL:PPOLE:C538139
pole/40825,POL:PPOLE:C542202
st_struct_pedestal/70169,PED:SST:C531565
st_struct_pedestal/69275,PED:CPM:C534502
building/49313,BUILD:BUS::10115083
building/49954,BUILD:SDU:C532715
building/49566,BUILD:SEB:C557041
anchors/10447,ANCH:CO:C47597
anchors/10035,ANCH:CO:C47969
mywcom_route_junction/21564,SPJCT:SPJCT:C535301
building/48793,BUILD:BUS::12380683
building/49625,BUILD:SDU:C529823
building/50621,BUILD:BUS:C548535
st_struct_pedestal/67143,PED:SST:C540463
st_struct_pedestal/70203,PED:CPM:C529838
st_struct_pedestal/70319,PED:SST::8358256
pole/42645,POL:PPOLE:C532564
pole/42118,POL:PPOLE:C536250
st_struct_pedestal/68327,PED:JSPED:C534368
pole/42052,POL:PPOLE:C532562
st_struct_pedestal/67569,PED:CPM:C542093
st_struct_buried_splice_location/2650,CLOSR:BSCLS:C557435
st_struct_pedestal/68279,PED:JSPED::10058764
pole/40561,POL:PPOLE:C536520
pole/42203,POL:PPOLE:C529012
mywcom_route_junction/21907,SPJCT:SPJCT::9660701
st_struct_pedestal/68043,PED:CPM:C533297
pole/40935,POL:PPOLE:C538136
building/50779,BUILD:SDU:C549458
st_struct_pedestal/68050,PED:SST:C546623
building/51458,BUILD:SDU:C570009
st_struct_pedestal/69136,PED:CPM:C535885
st_struct_pedestal/67638,PED:CPM:C527958
anchors/10517,ANCH:CO:C53744
mywcom_route_junction/21406,SPJCT:SPJCT:C571842
st_struct_pedestal/68473,PED:JSPED:C526107
st_struct_pedestal/67209,PED:JSPED::9617162
st_struct_pedestal/67890,PED:CPM:C538042
pole/40656,POL:PPOLE:C537654
pole/41304,POL:PPOLE:C521104
st_struct_pedestal/69306,PED:JSPED:C544655
st_struct_pedestal/67249,PED:CPM:C533655
building/50900,BUILD:SDU:C538070
st_struct_pedestal/69421,PED:JSPED:C534386
building/48725,BUILD:BUS:C570458
st_struct_pedestal/70059,PED:JSPED:C536963
pole/42375,POL:PPOLE:C536319
building/50960,BUILD:SDU:C524335
st_struct_pedestal/69059,PED:CPM:C524294
building/49564,BUILD:SDU:C534381
st_struct_pedestal/68650,PED:CPM::10928843
st_struct_pedestal/68297,PED:JSPED:C546671
mywcom_route_junction/21169,SPJCT:SPJCT:C571145
pole/42617,POL:PPOLE:C539932
building/49272,BUILD:BUS:C571149
building/51332,BUILD:SDU:C525912
pole/41678,POL:PPOLE:C528371
building/51468,BUILD:SDU:C541176
building/50106,BUILD:SDU:C536454
st_struct_pedestal/69305,PED:CPM:C541130
st_struct_buried_splice_location/2676,CLOSR:BSCLS:C537642
building/48967,BUILD:BUS:C536648
st_struct_pedestal/70173,PED:SST:C545450
st_struct_pedestal/67672,PED:SST:C543722
pole/41237,POL:PPOLE:C539870
st_struct_pedestal/67257,PED:JSPED:C526197
pole/42149,POL:PPOLE:C536528
pole/40741,POL:PPOLE::7749594
st_struct_pedestal/70305,PED:SST::8357950
st_struct_pedestal/68641,PED:SST:C542127
st_struct_pedestal/67348,POL:SVMST::8035049
st_struct_pedestal/69582,PED:CPM:C534491
st_struct_pedestal/69966,PED:JSPED:C538836
st_struct_buried_splice_location/2746,CLOSR:BSCLS:C529870
anchors/10508,ANCH:CO:C46393
building/50359,BUILD:SDU:C530897
pole/42540,POL:PPOLE:C532559
mywcom_route_junction/20933,SPJCT:SPJCT:C535654
st_struct_pedestal/68665,PED:CPM:C541152
pole/41435,POL:PPOLE:C529014
st_struct_pedestal/70321,PED:SST:C531798
building/51397,BUILD:BUS::12669328
mywcom_route_junction/21743,SPJCT:SPJCT:C542028
pole/41218,POL:PPOLE:C527844
pole/40574,POL:PPOLE:C524063
st_struct_pedestal/68964,PED:JSPED::8354090
st_struct_pedestal/68184,PED:CPM:C525689
building/48772,BUILD:SDU:C529584
st_struct_pedestal/67141,PED:SST::8723387
pole/42427,POL:PPOLE:C547831
st_struct_pedestal/69862,PED:SST::7450075
mywcom_route_junction/21806,SPJCT:SPJCT:C532702
st_struct_pedestal/68969,PED:CPM:C530548
building/48814,BUILD:BUS:C571068
building/51037,BUILD:SDU:C557323
st_struct_pedestal/70667,PED:JSPED::8716973
pole/40836,POL:PPOLE:C528289
anchors/10169,ANCH:JOINT:C46110
st_struct_pedestal/69960,PED:JSPED:C535457
pole/41313,POL:PPOLE:C547851
mywcom_route_junction/21935,SPJCT:SPJCT:D8007501
mywcom_route_junction/21874,SPJCT:SPJCT:C544516
st_struct_pedestal/69558,PED:JSPED:C528433
mywcom_route_junction/21080,SPJCT:SPJCT::8355387
mywcom_route_junction/21001,SPJCT:SPJCT::9617802
pole/42592,POL:PPOLE:C534606
pole/41584,POL:PPOLE:C546657
st_struct_pedestal/68459,PED:SST:C557410
st_struct_pedestal/67169,PED:JSPED:C535015
pole/40857,POL:PPOLE:C532670
mywcom_route_junction/21377,SPJCT:SPJCT:C571082
st_struct_pedestal/70183,PED:CPM:C527633
building/50017,BUILD:SDU:C538536
pole/40640,POL:PPOLE:C529928
st_struct_pedestal/67824,PED:CPM:C531176
st_struct_pedestal/69923,PED:CPM:C536797
anchors/10436,ANCH:CO:C46532
st_struct_pedestal/69350,PED:JSPED:C535035
pole/41683,POL:PPOLE:C532074
st_struct_pedestal/69270,PED:SST:C573823
building/50109,BUILD:MDU:C540408
mywcom_route_junction/21734,PJCT:SPJCT::10057828
st_struct_pedestal/67586,PED:SST::10681175
pole/40961,POL:PPOLE:C527837
anchors/10428,ANCH:JOINT:C46595
building/50947,BUILD:BUS:C533791
building/49876,BUILD:SDU:C541265
building/49840,BUILD:SDU:C540415
anchors/9975,ANCH:CO:C53619
st_struct_pedestal/69817,PED:SST:C532040
st_struct_pedestal/67827,PED:SST:C539876
st_struct_pedestal/70534,PED:CPM:C526182
building/51108,BUILD:SDU:C548463
st_struct_pedestal/70056,PED:CPM:C531511
building/49944,BUILD:BUS:C537300
st_struct_pedestal/70397,PED:CPM:C537328
pole/41577,POL:PPOLE:C524059
st_struct_pedestal/70143,PED:CPM:C549950
st_struct_buried_splice_location/2689,CLOSR:BSCLS:C535524
pole/42233,POL:PPOLE:C546826
building/49987,BUILD:MDU::9080193
anchors/10319,ANCH:JOINT:C47590
st_struct_pedestal/69297,PED:JSPED:C550483
anchors/10242,ANCH:JOINT:C45713
building/50557,BUILD:BUS:C543500
st_struct_pedestal/70382,PED:JSPED:C570709
st_struct_pedestal/67087,PED:JUPED::8490737
st_struct_pedestal/70483,PED:JTPED:C535684
pole/42450,POL:PPOLE:C539850
pole/40992,POL:PPOLE:C529141
st_struct_pedestal/68281,PED:SST::9647893
building/50762,BUILD:MDU::10545175
building/50757,BUILD:SDU:C530914
pole/41682,POL:PPOLE:C526554
building/49225,BUILD:SDU:C528083
st_struct_pedestal/69612,PED:JSPED:C531023
pole/41771,POL:PPOLE:C532512
pole/41314,POL:PPOLE:C540692
pole/41656,POL:PPOLE:C534903
st_struct_foreign_crossings/3127,FCROS:PLX:C47555
pole/42401,POL:PPOLE:C524158
building/49774,BUILD:MDU:C572889
building/48827,BUILD:BUS:C536259
st_struct_pedestal/69087,PED:JSPED:C538955
building/49698,BUILD:SDU:C526606
building/50354,BUILD:SDU:C525788
st_struct_pedestal/69036,PED:JSPED:C539634
pole/42228,POL:PPOLE:C539806
pole/41653,POL:PPOLE:C530686
st_struct_pedestal/67738,PED:JTPED:C535429
pole/42014,POL:PPOLE:C540802
st_struct_pedestal/67093,PED:CPM:C539456
pole/41249,POL:PPOLE:C530113
st_struct_pedestal/69129,PED:CPM:C548445
building/49543,BUILD:SDU:C539348
building/49239,BUILD:SDU:C541685
pole/40776,POL:PPOLE:C533048
mywcom_route_junction/21066,PJCT:SPJCT::10058213
anchors/10211,ANCH:JOINT:C45913
mywcom_route_junction/21275,SPJCT:SPJCT::8349008
st_struct_pedestal/70823,PED:JLPED::8035039
st_struct_pedestal/68137,PED:CPM:C537210
st_struct_pedestal/68099,PED:SST:C542739
st_struct_foreign_crossings/3216,FCROS:PLX:C53661
st_struct_buried_splice_location/2604,CLOSR:BSCLS:C534462
building/50444,BUILD:BUS::7476314
building/50384,BUILD:SDU:C526489
st_struct_pedestal/70626,PED:JSPED::10057831
anchors/10158,ANCH:JOINT:C47354
st_struct_pedestal/67971,PED:CPM:C557357
st_struct_pedestal/67478,PED:JSPED:C536710
pole/41011,POL:PPOLE:C547871
building/49214,BUILD:SDU:C535837
pole/41536,POL:PPOLE:C530002
building/51215,BUILD:SDU:C542052
st_struct_pedestal/68694,PED:CPM:C529174
pole/41063,POL:PPOLE:C526590
building/50172,BUILD:SDU:C524321
st_struct_pedestal/69236,PED:CPM:C534314
st_struct_pedestal/69205,PED:SST::9162730
building/49297,BUILD:BUS:C571101
building/51323,BUILD:SDU:C530544
st_struct_pedestal/67534,PED:SST::11098778
st_struct_pedestal/67901,PED:SST::7849115
cabinet/2432,CAB:FC::11714124
st_struct_pedestal/68089,PED:CPM:C533095
mywcom_route_junction/21750,SPJCT:SPJCT:C571132
pole/41257,POL:PPOLE:C546629
anchors/10354,ANCH:CO:C46852
building/50004,BUILD:SDU:C529663
pole/41916,POL:PPOLE:C547874
anchors/10458,ANCH:JOINT:C46100
building/51002,BUILD:BUS::8722812
st_struct_pedestal/68996,PED:JTPED:C531208
st_struct_pedestal/68324,PED:SST:C527801
pole/41387,POL:PPOLE:C529828
pole/41038,POL:PPOLE:C532360
st_struct_pedestal/68190,PED:JSPED:C544652
mywcom_route_junction/21134,SPJCT:SPJCT:C546795
building/50490,BUILD:SDU:C534497
building/49384,BUILD:SDU:C538506
building/51207,BUILD:BUS:C570142
st_struct_pedestal/68726,PED:JTPED:C570756
pole/42011,POL:PPOLE:C542213
pole/42021,POL:PPOLE:C529063
building/49748,BUILD:SDU:C556898
st_struct_pedestal/68873,PED:JSPED:C535167
st_struct_pedestal/70614,PED:SST:C539364
st_struct_pedestal/69066,PED:CPM:C546184
st_struct_pedestal/68438,PED:SST:C534722
st_struct_pedestal/70508,PED:JSPED:C539639
pole/41509,POL:PPOLE:C547764
pole/40644,POL:PPOLE:C536361
st_struct_pedestal/69551,PED:JSPED:C535313
pole/40853,POL:PPOLE:C545433
pole/42159,POL:PPOLE::7754394
st_struct_foreign_crossings/3117,FCROS:PLX:C47539
st_struct_pedestal/67623,PED:JSPED:C529932
st_struct_pedestal/68255,PED:CPM:C527577
st_struct_pedestal/70698,PED:SST:C571958
building/50894,BUILD:BUS:C571628
building/50279,BUILD:BUS:C537502
st_struct_pedestal/67046,PED:JSPED:C540613
anchors/10046,ANCH:CO:C48189
mywcom_route_junction/21645,SPJCT:SPJCT:D8030155
building/49979,BUILD:SDU:C557143
building/49099,BUILD:SDU::8041754
st_struct_pedestal/70520,PED:JSPED:C544658
pole/42701,POL:PPOLE:C535636
pole/42562,POL:PPOLE::7809437
pole/41088,POL:PPOLE:C535373
pole/40881,POL:PPOLE:C536532
building/50258,BUILD:MDU::9308042
building/49405,BUILD:SDU:C541478
building/51383,BUILD:SDU:C534447
anchors/10304,ANCH:JOINT:C46575
mywcom_route_junction/21894,SPJCT:SPJCT:C529993
building/50704,BUILD:BUS::12182603
building/48966,BUILD:SDU:C532095
st_struct_pedestal/69126,PED:SST:C548554
pole/41508,POL:PPOLE:C525425
mywcom_route_junction/21507,SPJCT:SPJCT::8388992
st_struct_pedestal/68022,PED:SST:C573835
pole/42505,POL:PPOLE:C549853
st_struct_pedestal/70517,PED:JSPED:C547568
st_struct_pedestal/69281,PED:CPM:C534578
st_struct_pedestal/67646,PED:SST:C527660
st_struct_pedestal/67157,PED:CPM::8041755
building/51236,BUILD:SDU:C525931
mywcom_route_junction/21463,SPJCT:SPJCT:C570214
st_struct_pedestal/68561,PED:JSPED:C535435
st_struct_pedestal/67532,PED:SST:C540358
pole/42525,POL:PPOLE:C524071
st_struct_pedestal/68191,PED:CPM:C525379
cabinet/2478,CAB:FC::11722130
pole/41040,POL:CPOLE:C571819
st_struct_pedestal/70543,PED:CPM:C540536
pole/42703,POL:PPOLE:C537685
pole/41101,POL:PPOLE:C524060
st_struct_pedestal/69992,PED:CPM:C542092
pole/42211,POL:PPOLE:C540246
mywcom_route_junction/21950,SPJCT:SPJCT:C572043
building/49874,BUILD:SDU:C547960
st_struct_pedestal/68929,PED:CPM:C557040
st_struct_pedestal/67090,PED:SST::8391239
building/48897,BUILD:SDU:C536495
mywcom_route_junction/21216,PJCT:SPJCT::11066138
pole/41602,POL:PPOLE:C571004
mywcom_route_junction/20931,SPJCT:SPJCT:C547366
st_struct_pedestal/70628,PED:SST:C547637
st_struct_pedestal/68146,PED:SST::9100986
mywcom_route_junction/21918,SPJCT:SPJCT:C535286
st_struct_pedestal/68465,PED:JSPED::12667424
mywcom_route_junction/21920,SPJCT:SPJCT:C539344
mywcom_route_junction/21531,SPJCT:SPJCT:C525361
pole/42608,POL:PPOLE:C535784
st_struct_pedestal/69353,PED:CPM:C527721
st_struct_pedestal/68847,PED:SST:C548333
anchors/10048,ANCH:CO:C47062
pole/41283,POL:PPOLE:C534915
pole/42068,POL:PPOLE:C529999
st_struct_pedestal/67735,PED:JSPED:C532877
st_struct_pedestal/70037,PED:CPM:C539684
st_struct_buried_splice_location/2697,CLOSR:BSCLS:C542286
mywcom_route_junction/21973,SPJCT:SPJCT::8385188
st_struct_pedestal/70495,PED:SST:C541817
st_struct_pedestal/68576,PED:JSPED:C538979
pole/40893,POL:PPOLE:C546630
pole/42295,POL:PPOLE:C530157
building/50700,BUILD:SDU:C532446
mywcom_route_junction/20899,SPJCT:SPJCT:C531583
pole/42271,POL:PPOLE:C524171
building/49737,BUILD:SDU:C532735
pole/42511,POL:PPOLE:C538865
building/50046,BUILD:SDU:C535109
building/51449,BUILD:BUS:C537429
st_struct_pedestal/70019,PED:SST:C539838
pole/42278,POL:PPOLE:C528369
st_struct_pedestal/70284,PED:SST::10962443
pole/41131,POL:PPOLE:C541028
building/50702,BUILD:SDU:C560932
st_struct_pedestal/69626,PED:SST:C548249
st_struct_pedestal/67620,PED:JTPED:C525973
anchors/10327,ANCH:CO:C48178
anchors/10254,ANCH:CO:C46246
building/50369,BUILD:SDU:C526526
building/51346,BUILD:BUS:C548379
pole/41669,POL:PPOLE:C531299
anchors/10060,ANCH:CO::10282466
building/50839,BUILD:SDU:C539549
building/49716,BUILD:BUS:C532893
st_struct_pedestal/70674,PED:JSPED:C529778
st_struct_pedestal/67119,PED:JTPED:C547513
st_struct_pedestal/69293,PED:SST::9543882
building/51102,BUILD:MDU::10545181
anchors/10247,ANCH:CO:C47091
st_struct_pedestal/70235,PED:JSPED:C525914
anchors/10076,ANCH:CO:C46514
mywcom_route_junction/21968,PJCT:SPJCT::10266444
st_struct_pedestal/70830,PED:CPM:C548717
st_struct_pedestal/69572,PED:CPM:C525900
st_struct_pedestal/69186,PED:CPM:C525591
building/51117,BUILD:SDU::7923355
building/50659,BUILD:MDU::9059394
building/51065,BUILD:SDU:C538362
anchors/10135,ANCH:JOINT:C45907
building/49666,BUILD:SDU:C535846
building/50005,BUILD:SDU:C527585
anchors/9987,ANCH:JOINT:C46812
building/50998,BUILD:SDU::7785770
building/49198,BUILD:SDU:C534510
st_struct_pedestal/67574,PED:CPM:C530969
building/50742,BUILD:MDU::9102890
pole/41309,POL:PPOLE:C538872
building/49069,BUILD:SDU::12667458
pole/42457,POL:PPOLE:C527019
st_struct_pedestal/68647,PED:CPM:C569970
st_struct_pedestal/70589,PED:CPM:C529816
st_struct_pedestal/68126,PED:SST:C548727
st_struct_pedestal/67762,PED:SST:C550346
building/50918,BUILD:SDU:C548168
building/49994,BUILD:MDU::9246283
st_struct_pedestal/68251,PED:CPM:C536764
st_struct_pedestal/68793,PED:JTPED:C535260
anchors/10107,ANCH:JOINT:C47271
st_struct_foreign_crossings/3169,FCROS:RRX:C47768
building/51279,BUILD:BUS:C532586
st_struct_pedestal/70530,PED:CPM:C525404
st_struct_pedestal/68507,PED:CPM:C560912
pole/42666,POL:PPOLE:C533854
mywcom_route_junction/21147,SPJCT:SPJCT:C544002
building/50150,BUILD:SDU:C538379
st_struct_pedestal/67100,PED:SST:C534868
pole/40729,POL:PPOLE:C529232
building/49327,BUILD:SDU:C535107
st_struct_pedestal/69613,PED:JSPED:C547385
st_struct_pedestal/67321,PED:SST::10057825
st_struct_pedestal/68356,PED:JSPED:C528785
building/50930,BUILD:MDU::9241787
st_struct_foreign_crossings/3151,FCROS:PLX:C46825
building/51166,BUILD:SEB:C528818
st_struct_pedestal/69538,PED:JUPED::8492655
st_struct_pedestal/68841,PED:CPM:C531397
st_struct_pedestal/68823,PED:SST:C534391
pole/41826,POL:PPOLE:C547730
pole/42303,POL:PPOLE:C543980
pole/41952,POL:PPOLE::7749281
pole/42400,POL:CPOLE::11985802
building/50269,BUILD:BUS:C536713
building/50060,BUILD:BUS::9043811
building/51160,BUILD:SDU:C533415
st_struct_pedestal/67330,PED:JSPED:C529986
mywcom_route_junction/21268,PJCT:SPJCT::10302602
st_struct_vault/2474,VAULT:FTTX::11535563
st_struct_pedestal/67970,PED:JSPED:C537340
building/50844,BUILD:SDU:C533699
st_struct_pedestal/70459,PED:CPM:C536447
building/50836,BUILD:SDU:C526103
anchors/10163,ANCH:JOINT:C45892
building/51068,BUILD:SDU:C539441
st_struct_pedestal/70388,PED:CPM:C527549
pole/42166,POL:PPOLE:C537538
pole/41903,POL:PPOLE:C540275
building/50680,BUILD:SDU:C535131
st_struct_pedestal/68985,PED:CPM:C535649
pole/41779,POL:PPOLE:C529118
st_struct_pedestal/69794,PED:JSPED:C531339
st_struct_pedestal/67415,PED:JSPED:C529767
building/49489,BUILD:SDU:C542126
pole/41740,POL:PPOLE:C547462
building/48935,BUILD:SDU:C531328
st_struct_buried_splice_location/2747,CLOSR:BSCLS:C528209
building/50991,BUILD:SDU:C535380
st_struct_pedestal/68470,PED:CPM:C540493
st_struct_pedestal/69383,PED:CPM:C542077
building/51126,BUILD:SDU:C541897
pole/42749,POL:PPOLE:C537624
building/50613,BUILD:SDU:C549777
st_struct_pedestal/67167,PED:JSPED:C538991
st_struct_pedestal/69822,PED:SST::10601522
st_struct_pedestal/68682,PED:SST:C549289
pole/42105,POL:PPOLE:C531353
st_struct_pedestal/67725,PED:SST:C542111
building/49582,BUILD:SDU:C541690
building/51391,BUILD:SDU:C526687
st_struct_pedestal/67671,PED:CPM:C542760
anchors/10426,ANCH:JOINT:C46574
building/51431,BUILD:MDU::9174570
building/49593,BUILD:BUS:C537479
building/49017,BUILD:SDU:C531514
pole/41029,POL:PPOLE:C539723
pole/42329,POL:PPOLE:C539149
st_struct_pedestal/68769,PED:JSPED:C540617
st_struct_pedestal/70571,PED:SST::9541040
st_struct_pedestal/68688,PED:CPM:C538446
building/49905,BUILD:BUS:C548197
mywcom_route_junction/21013,SPJCT:SPJCT::13522492
pole/42269,POL:PPOLE:C526268
st_struct_pedestal/67452,PED:JTPED:C570083
cabinet/2520,CAB:EC::7398618
building/50069,BUILD:SDU:C538060
building/51373,BUILD:SDU:C536761
st_struct_pedestal/68577,PED:JSPED:C545385
building/50228,BUILD:SDU::10837646
pole/41942,POL:PPOLE:C542177
pole/41828,POL:PPOLE:C536222
building/51222,BUILD:BUS::12629004
st_struct_pedestal/68752,PED:SST:C531065
st_struct_pedestal/67306,PED:CPM:C549840
pole/41079,POL:PPOLE:C536240
pole/41970,POL:PPOLE:C532745
building/50841,BUILD:SDU:C531122
pole/42169,POL:PPOLE:C546739
pole/41291,POL:PPOLE:C529131
st_struct_pedestal/70787,PED:JSPED:C535066
st_struct_pedestal/68731,PED:JTPED:C529809
st_struct_pedestal/67499,PED:CPM:C524283
pole/41541,POL:PPOLE:C532748
st_struct_pedestal/69358,PED:SST:C547648
st_struct_pedestal/67608,PED:SST:C542332
pole/41142,POL:PPOLE:C534625
st_struct_pedestal/69839,PED:CPM:C550273
pole/42657,POL:PPOLE:C532269
cabinet/2438,CAB:EC:C540015
mywcom_route_junction/21659,SPJCT:SPJCT:C535198
st_struct_pedestal/69470,PED:SST:C533419
pole/40616,POL:PPOLE:C534671
building/49904,BUILD:SDU:C541682
building/50415,BUILD:SDU:C537886
st_struct_pedestal/68630,PED:SST:C537741
st_struct_foreign_crossings/3116,FCROS:PLX:C47568
building/51443,BUILD:SDU:C527160
pole/40909,POL:PPOLE:C523288
pole/41231,POL:PPOLE:C532351
st_struct_pedestal/70339,PED:SST:C540671
pole/40581,POL:PPOLE:C538912
pole/42092,POL:PPOLE::7748959
st_struct_pedestal/68771,PED:SST:C573867
st_struct_pedestal/67944,PED:CPM:C533106
pole/41117,POL:PPOLE:C528328
st_struct_pedestal/67619,PED:JSPED:C525911
mywcom_route_junction/21798,SPJCT:SPJCT:D8002315
mywcom_route_junction/21713,SPJCT:SPJCT:C546336
st_struct_vault/2485,VAULT:MH-S:C531579
st_struct_pedestal/69634,PED:SST:C542870
pole/40543,POL:PPOLE:C533032
pole/41679,POL:PPOLE::8264494
pole/41491,POL:PPOLE:C532364
st_struct_pedestal/70385,PED:JSPED:C531261
building/50711,BUILD:BUS:C570276
pole/42325,POL:PPOLE::7809435
pole/41652,POL:PPOLE:C532760
pole/41015,POL:PPOLE:C530235
st_struct_pedestal/68168,PED:CPM:C542625
pole/41170,POL:PPOLE:C530051
pole/42766,POL:PPOLE:C529793
pole/42041,POL:PPOLE:C523956
st_struct_pedestal/68230,PED:JSPED:C526217
mywcom_route_junction/21759,SPJCT:SPJCT::12653021
pole/41918,POL:PPOLE:C530122
building/49113,BUILD:SDU:C557138
pole/41930,POL:PPOLE:C523944
st_struct_pedestal/67166,PED:SST::10044684
pole/41847,POL:PPOLE:C530186
mywcom_route_junction/21940,SPJCT:SPJCT:C550271
building/50929,BUILD:PS:C570551
st_struct_pedestal/69441,PED:SST::8358259
pole/41081,POL:PPOLE:C547883
building/49512,BUILD:SDU:C528258
anchors/10513,ANCH:CO:C45968
mywcom_route_junction/21535,PJCT:SPJCT::10931103
st_struct_pedestal/69580,PED:CPM:C532960
st_struct_pedestal/70499,PED:CPM:C529830
st_struct_pedestal/70281,PED:CPM:C533143
st_struct_pedestal/69068,PED:CPM:C534589
st_struct_pedestal/69467,PED:SST:C532543
pole/41464,POL:PPOLE:C527852
building/51172,BUILD:BUS:C547293
st_struct_pedestal/68143,POL:SVMST::8035059
st_struct_pedestal/67135,PED:SST:C547332
st_struct_pedestal/67489,PED:JSPED:C534113
pole/42465,POL:PPOLE:C537529
pole/40846,POL:PPOLE:C527667
anchors/10300,ANCH:CO:C46527
anchors/10190,ANCH:JOINT:C45956
st_struct_pedestal/68774,PED:CPM:C541252
mywcom_route_junction/20955,SPJCT:SPJCT:C571940
st_struct_pedestal/70804,PED:SST::9373065
st_struct_pedestal/70224,PED:JSPED:C537501
st_struct_pedestal/70348,PED:CPM:C540675
st_struct_pedestal/69742,PED:SST:C540343
pole/40795,POL:PPOLE:C546800
building/50457,BUILD:SDU:C543737
building/51176,BUILD:BUS:C570574
cabinet/2415,CAB:EC:C530989
pole/42819,POL:PPOLE:C536058
anchors/10526,ANCH:JOINT:C45977
st_struct_pedestal/70503,PED:JSPED:C547389
building/51063,BUILD:SDU:C539554
building/49816,BUILD:BUS:C544815
st_struct_pedestal/67040,PED:SST:C547211
st_struct_pedestal/70706,PED:CPM:C536670
st_struct_pedestal/68831,PED:CPM:C538056
st_struct_pedestal/69693,PED:SST:C537751
st_struct_pedestal/68934,PED:CPM:C536798
st_struct_pedestal/69854,PED:JSPED:C535175
st_struct_pedestal/70277,PED:CPM:C536626
building/51446,BUILD:SDU::12667456
st_struct_pedestal/69271,PED:CPM:C527517
pole/41084,POL:PPOLE:C536616
building/49035,BUILD:BUS:C548754
st_struct_pedestal/67624,PED:SST:C546667
st_struct_pedestal/67463,PED:SST::8412333
mywcom_route_junction/21547,SPJCT:SPJCT:C545852
st_struct_pedestal/70086,PED:SST::9610794
st_struct_pedestal/69107,PED:CPM:C527321
st_struct_pedestal/70479,PED:SST:C534442
st_struct_buried_splice_location/2675,CLOSR:BSCLS:C541686
building/51299,BUILD:BUS:C535617
building/49431,BUILD:MDU::9134893
mywcom_route_junction/21234,SPJCT:SPJCT:C550430
pole/42501,POL:PPOLE:C538199
building/51018,BUILD:BUS:C546772
mywcom_route_junction/20956,SPJCT:SPJCT:C539287
pole/41511,POL:PPOLE:C525434
pole/41904,POL:PPOLE::12284060
st_struct_pedestal/67648,PED:SST::8356413
pole/40504,POL:PPOLE::11427422
pole/41550,POL:PPOLE:C529795
st_struct_pedestal/70736,PED:JSPED:C535516
mywcom_route_junction/21239,PJCT:SPJCT::10288250
building/49232,BUILD:BUS:C548663
building/50904,BUILD:SDU:C549318
building/50611,BUILD:BUS:C543902
building/49034,BUILD:BUS:C543956
st_struct_pedestal/70831,PED:SST::9617803
st_struct_pedestal/67892,PED:SST:C541987
st_struct_pedestal/69668,PED:JSPED:C547545
st_struct_pedestal/67314,PED:JSPED:C539080
st_struct_pedestal/68744,PED:CPM:C529665
pole/41342,POL:PPOLE::13505624
anchors/10217,ANCH:CO::7019028
building/49234,BUILD:SDU:C541631
st_struct_pedestal/68012,PED:CPM:C534551
st_struct_pedestal/70112,PED:SST:C538289
pole/42411,POL:PPOLE:C538318
pole/40974,POL:CPOLE:C537362
pole/42389,POL:PPOLE:C525761
pole/41215,POL:PPOLE:C534618
st_struct_pedestal/69654,PED:CPM:C542758
building/50838,BUILD:SDU:C532190
building/49559,BUILD:SDU:C541132
pole/42184,POL:PPOLE:C536358
st_struct_pedestal/68735,PED:CPM:C548325
pole/41183,POL:PPOLE:C531373
mywcom_route_junction/21068,SPJCT:SPJCT:C529527
pole/41315,POL:PPOLE:C536603
mywcom_route_junction/21044,SPJCT:SPJCT:C544681
building/50385,BUILD:MDU::9306126
pole/42830,POL:PPOLE:C533041
building/50199,BUILD:SDU:C528150
building/50688,BUILD:BUS:C543893
building/50163,BUILD:BUS::9580362
building/50948,BUILD:MDU::10556371
st_struct_foreign_crossings/3094,FCROS:PLX:C47567
mywcom_route_junction/21833,SPJCT:SPJCT::7395276
pole/41083,POL:PPOLE:C532625
pole/41124,POL:PPOLE:C534304
pole/42552,POL:PPOLE:C525427
building/50470,BUILD:BUS:C521363
building/49226,BUILD:SDU:C538503
building/50889,BUILD:BUS:C532627
st_struct_pedestal/67198,PED:JSPED:C573061
pole/40619,POL:PPOLE:C532789
pole/42195,POL:PPOLE:C534905
building/50029,BUILD:SDU:C548431
st_struct_vault/2470,VAULT:FTTX::9650145
building/50245,BUILD:SDU:C550274
st_struct_pedestal/69943,POL:SVMST::8035064
pole/42335,POL:PPOLE:C524205
building/49706,BUILD:SDU:C570642
st_struct_pedestal/69318,PED:CPM:C557428
st_struct_pedestal/67595,PED:JSPED::9617169
building/48859,BUILD:MDU::10146762
building/49425,BUILD:BUS:C536727
st_struct_pedestal/69548,PED:CPM:C541123
mywcom_route_junction/21328,SPJCT:SPJCT:C557307
pole/42729,POL:PPOLE::7791515
building/49250,BUILD:BUS::10058445
st_struct_pedestal/70805,PED:CPM:C571752
pole/41372,POL:PPOLE:C525402
building/51452,BUILD:SDU:C534524
mywcom_route_junction/21754,SPJCT:SPJCT::8885610
st_struct_vault/2452,VAULT:HHOLE:C555187
building/49135,BUILD:SDU:C542726
pole/40834,POL:PPOLE:C531238
st_struct_buried_splice_location/2685,CLOSR:BSCLS:C536944
building/50879,BUILD:BUS::10058200
building/49255,BUILD:SDU:C534678
building/48923,BUILD:SDU:C535849
pole/41523,POL:PPOLE:C530021
st_struct_pedestal/70376,PED:JSPED:C528935
building/49216,BUILD:BUS::12613008
mywcom_route_junction/21390,SPJCT:SPJCT:C573899
building/49124,BUILD:BUS:C549495
st_struct_pedestal/70629,PED:JSPED:C547825
pole/42193,POL:PPOLE:C536516
pole/40748,POL:PPOLE:C532521
st_struct_pedestal/70085,PED:SST:C539247
building/50781,BUILD:SDU:C528343
pole/41820,POL:PPOLE:C536255
pole/41241,POL:PPOLE:C529899
anchors/10000,ANCH:JOINT::7080466
mywcom_route_junction/21693,SPJCT:SPJCT::9043810
st_struct_pedestal/68342,PED:JSPED:C535553
st_struct_buried_splice_location/2673,CLOSR:BSCLS::12666454
st_struct_buried_splice_location/2748,CLOSR:BSCLS:C538590
st_struct_pedestal/70505,PED:CPM:C542871
pole/42568,POL:PPOLE:C523963
st_struct_pedestal/70272,PED:SST:C530907
st_struct_pedestal/67199,PED:JSPED::8354091
mywcom_route_junction/21860,PJCT:SPJCT::10058777
anchors/10180,ANCH:JOINT:C47468
st_struct_pedestal/68730,PED:JTPED:C535382
building/50164,BUILD:BUS:C547455
mywcom_route_junction/21381,SPJCT:SPJCT:C539311
st_struct_pedestal/68715,PED:SST:C542819
st_struct_pedestal/70683,PED:SST::9100987
st_struct_pedestal/67137,PED:JSPED:C528456
pole/42134,POL:PPOLE:C536261
st_struct_pedestal/70544,PED:SST:C542054
st_struct_pedestal/69026,PED:SST:C541790
pole/42323,POL:PPOLE::13482810
pole/40684,POL:PPOLE:C544618
pole/40620,POL:PPOLE:C531390
mywcom_route_junction/21084,SPJCT:SPJCT::12613011
st_struct_pedestal/70115,PED:SST::9649499
st_struct_pedestal/67642,PED:CPM:C527926
st_struct_pedestal/70104,PED:CPM:C537115
pole/41592,POL:PPOLE:C547838
building/50936,BUILD:SDU:C548282
pole/40498,POL:PPOLE:C531447
st_struct_pedestal/69386,PED:SST:C529580
pole/41913,POL:PPOLE:C536248
mywcom_route_junction/21727,SPJCT:SPJCT:C573804
st_struct_pedestal/67775,PED:JSPED::8978765
building/49383,BUILD:SDU:C531412
mywcom_route_junction/20898,SPJCT:SPJCT::8355693
st_struct_pedestal/68379,PED:CPM:C536789
building/48724,BUILD:MDU:C535716
st_struct_pedestal/70802,PED:SST::10660436
st_struct_pedestal/70374,PED:JSPED:C531195
st_struct_pedestal/67060,PED:SST:C546621
pole/41695,POL:PPOLE:C532700
mywcom_route_junction/21624,PJCT:SPJCT::10434767
st_struct_pedestal/70748,PED:CPM:C535851
st_struct_pedestal/69437,PED:CPM:C537858
pole/41572,POL:PPOLE:C539172
pole/41077,POL:PPOLE:C529989
anchors/9964,ANCH:CO::7004309
anchors/10100,ANCH:CO:C47024
mywcom_route_junction/21168,SPJCT:SPJCT:C572780
pole/42182,POL:PPOLE:C528262
st_struct_pedestal/70100,PED:JLPED::8035074
building/50667,BUILD:SDU:C533102
st_struct_pedestal/70426,PED:JSPED:C534364
st_struct_pedestal/70026,PED:JSPED:C532844
building/50845,BUILD:SDU:C525685
pole/41049,POL:PPOLE:C526270
pole/41002,POL:PPOLE:C526242
building/51146,BUILD:SDU:C539242
building/51384,BUILD:SDU:C525626
pole/42089,POL:PPOLE:C538873
cabinet/2453,CAB:FC::7858078
building/49511,BUILD:SDU:C539512
st_struct_pedestal/70241,PED:SST::10534922
pole/42313,POL:PPOLE:C536276
st_struct_pedestal/69791,PED:JSPED:C544684
building/50835,BUILD:BUS::7493594
mywcom_route_junction/21211,SPJCT:SPJCT:C526759
st_struct_pedestal/70118,PED:SST:C560927
building/50995,BUILD:SDU:C571890
building/48962,BUILD:CDO:C530829
anchors/10292,ANCH:CO:C47530
mywcom_route_junction/21669,SPJCT:SPJCT:C530097
st_struct_pedestal/69519,PED:SST:C529277
mywcom_route_junction/21491,PJCT:SPJCT::10249164
st_struct_pedestal/70465,PED:JSPED:C573801
st_struct_pedestal/68905,PED:CPM:C535656
mywcom_route_junction/22012,SPJCT:SPJCT:C546555
st_struct_pedestal/67743,PED:CPM:C541997
building/49473,BUILD:BUS:C531554
building/51305,BUILD:BUS::7849117
pole/40491,POL:PPOLE:C546626
pole/41020,POL:PPOLE:C539897
pole/41984,POL:PPOLE:C524055
mywcom_route_junction/21599,SPJCT:SPJCT:C534622
mywcom_route_junction/21902,SPJCT:SPJCT::12653008
pole/40781,POL:PPOLE:C524272
building/49624,BUILD:SDU:C539402
pole/42522,POL:PPOLE:C531370
st_struct_pedestal/70419,PED:CPM::8329457
pole/42141,POL:PPOLE:C544632
building/49115,BUILD:SDU:C531067
st_struct_buried_splice_location/2626,CLOSR:BSCLS:C527540
building/49134,BUILD:SDU:C531161
mywcom_route_junction/20905,SPJCT:SPJCT::8349011
building/49668,BUILD:SDU:C534488
pole/42759,POL:PPOLE:C542552
building/51130,BUILD:BUS:C548520
building/51477,BUILD:SDU:C536774
pole/40725,POL:PPOLE:C537368
building/50993,BUILD:SDU:C531166
anchors/10318,ANCH:JOINT:C46358
mywcom_route_junction/21094,SPJCT:SPJCT:C542333
building/51191,BUILD:BUS:C547714
building/49605,BUILD:BUS:C550256
pole/41547,POL:PPOLE::7738076
building/49057,BUILD:SDU:C534614
building/51150,BUILD:SDU:C537993
st_struct_pedestal/70138,PED:CPM:C525409
st_struct_pedestal/69040,PED:JSPED:C544673
pole/42333,POL:PPOLE:C536219
st_struct_buried_splice_location/2670,CLOSR:BSCLS:C570653
pole/42580,POL:PPOLE:C547808
building/49720,BUILD:BUS:C530187
building/51470,BUILD:BUS::8547371
st_struct_pedestal/67074,PED:CPM:C527578
building/49896,BUILD:SDU:C529203
st_struct_pedestal/67935,PED:JSPED::8716978
building/50344,BUILD:SDU:C548453
st_struct_pedestal/68621,PED:CPM:C531996
pole/40615,POL:PPOLE:C526254
mywcom_route_junction/20927,SPJCT:SPJCT:C549326
st_struct_vault/2442,VAULT:FTTX::9541042
mywcom_route_junction/21566,SPJCT:SPJCT::9698766
mywcom_route_junction/22001,SPJCT:SPJCT::9147370
pole/42780,POL:PPOLE:C526540
cabinet/2499,CAB:EC:C547362
cabinet/2423,CAB:EC::7401450
anchors/10500,ANCH:JOINT::6991507
anchors/10245,ANCH:JOINT:C48182
building/51156,BUILD:SDU:C550286
st_struct_pedestal/67689,PED:CPM:C542616
pole/42229,POL:PPOLE:C530172
building/48920,BUILD:BUS:C541931
st_struct_pedestal/70771,PED:JSPED:C544784
st_struct_pedestal/70445,PED:CPM:C573096
pole/42212,POL:PPOLE:C547766
pole/42432,POL:PPOLE:C536474
st_struct_pedestal/69135,PED:CPM:C547197
st_struct_pedestal/67907,PED:SST:C548658
pole/40524,POL:PPOLE:C536119
st_struct_pedestal/68374,PED:CPM:C535848
st_struct_pedestal/67393,PED:CPM:C543419
mywcom_route_junction/21790,PJCT:SPJCT::10534763
tower/474,TOWER:TOWER:C571633
mywcom_route_junction/21213,PJCT:SPJCT::10434762
pole/40635,POL:PPOLE:C527634
st_struct_pedestal/69157,PED:JSPED:C570174
building/49080,BUILD:SDU:C531091
pole/41654,POL:PPOLE:C531246
st_struct_pedestal/70845,PED:CPM:C522869
building/48953,BUILD:SDU:C535431
building/50514,BUILD:SDU:C543366
building/49736,BUILD:SDU:C571963
pole/42690,POL:PPOLE:C534595
st_struct_pedestal/69101,PED:JSPED::8393138
pole/41989,POL:PPOLE:C532355
pole/41781,POL:PPOLE::10619761
st_struct_pedestal/68611,PED:SST:C537630
st_struct_pedestal/68503,PED:CPM:C540868
pole/41380,POL:PPOLE::7746094
building/51088,BUILD:BUS:C556493
building/49213,BUILD:SDU:C532107
mywcom_route_junction/21644,SPJCT:SPJCT:C537675
building/49557,BUILD:SDU:C537940
st_struct_pedestal/68861,PED:CPM:C533894
st_struct_pedestal/67886,PED:CPM:C526110
pole/41343,POL:PPOLE:C570079
building/49409,BUILD:SDU:C527752
building/48790,BUILD:BUS:C548755
st_struct_pedestal/67334,PED:CPM:C527406
st_struct_pedestal/70258,PED:JTPED:C546472
st_struct_pedestal/67918,PED:CPM:C544797
st_struct_pedestal/70733,PED:SST:C547700
building/49659,BUILD:SDU:C532067
anchors/10466,ANCH:JOINT:C53244
pole/41429,POL:CPOLE:C572915
building/49237,BUILD:SDU:C538112
st_struct_pedestal/70686,PED:SST::9252688
building/49444,BUILD:SDU:C549820
cabinet/2507,CAB:EC:C534055
st_struct_pedestal/68931,PED:SST:C546553
building/50828,BUILD:SDU:C541051
pole/41399,POL:CPOLE:C540229
building/49437,BUILD:SDU:C570296
st_struct_pedestal/69887,PED:CPM:C535341
st_struct_pedestal/68616,PED:JSPED:C535069
mywcom_route_junction/21042,SPJCT:SPJCT:C540587
st_struct_pedestal/69926,PED:CPM:C530870
building/49702,BUILD:SDU:C527614
building/49930,BUILD:SDU:C544032
mywcom_route_junction/21141,SPJCT:SPJCT:C533184
building/51136,BUILD:SDU:C539235
st_struct_pedestal/67492,PED:JSPED:C531193
st_struct_pedestal/67869,PED:JSPED:C529975
pole/42161,POL:PPOLE:C530056
st_struct_pedestal/70768,PED:SST:C536973
pole/41136,POL:PPOLE:C534016
st_struct_pedestal/68387,PED:CPM:C532965
pole/40493,POL:PPOLE:C531241
building/51405,BUILD:BUS:C528492
st_struct_pedestal/69539,PED:CPM:C542903
anchors/10489,ANCH:JOINT:C46610
st_struct_pedestal/69601,PED:JSPED:C525913
anchors/10087,ANCH:CO:C47804
building/51228,BUILD:SDU:C541194
anchors/10043,ANCH:CO:C47510
mywcom_route_junction/21515,SPJCT:SPJCT::8358595
building/51261,BUILD:MDU::10565662
pole/42107,POL:PPOLE::8383252
st_struct_pedestal/69375,PED:CPM::7922075
pole/41757,POL:PPOLE:C525380
st_struct_pedestal/68135,PED:CPM:C539193
st_struct_pedestal/68217,PED:SST::12088204
building/49249,BUILD:BUS::9131376
st_struct_pedestal/67812,PED:CPM:C546562
building/49553,BUILD:MDU::9215282
mywcom_route_junction/21198,SPJCT:SPJCT::8407536
anchors/9993,ANCH:JOINT:C53614
pole/41760,POL:PPOLE::7748956
st_struct_pedestal/69142,PED:JSPED:C533180
mywcom_route_junction/21699,SPJCT:SPJCT:C540626
pole/41222,POL:PPOLE:C532751
building/49757,BUILD:SDU:C527599
building/49449,BUILD:MDU::10545180
st_struct_pedestal/69073,PED:SST:C573850
building/51070,BUILD:BUS:C572387
st_struct_pedestal/67244,PED:SST:C546605
st_struct_pedestal/68462,PED:SST::8406254
pole/42200,POL:PPOLE:C544194
st_struct_vault/2453,VAULT:MH-S:C531589
st_struct_pedestal/69849,PED:JSPED:C536326
mywcom_route_junction/21398,SPJCT:SPJCT::8407534
st_struct_pedestal/67213,PED:CPM:C533300
st_struct_pedestal/68845,PED:CPM:C571962
building/51324,BUILD:SDU:C532558
st_struct_pedestal/67317,PED:CPM:C527604
st_struct_pedestal/68923,PED:CPM:C546374
st_struct_pedestal/67883,PED:CPM::8550890
building/50428,BUILD:MDU::10545165
building/49380,BUILD:SDU:C546327
building/49986,BUILD:BUS:C546552
mywcom_route_junction/21665,SPJCT:SPJCT:C531008
pole/42354,POL:PPOLE:C544625
st_struct_pedestal/68377,PED:CPM:C536664
building/50698,BUILD:MDU::9187690
mywcom_route_junction/21779,SPJCT:SPJCT:C541758
st_struct_pedestal/70128,PED:JSPED:C525898
mywcom_route_junction/21471,SPJCT:SPJCT:C527108
pole/42080,POL:PPOLE:C523920
st_struct_pedestal/68835,PED:SST:C537989
st_struct_pedestal/69165,PED:CPM:C535834
st_struct_pedestal/68758,PED:JLAPD:C532471
st_struct_pedestal/67556,PED:JSPED:C547328
st_struct_pedestal/68268,PED:CPM:C534669
st_struct_pedestal/70211,PED:CPM:C529835
st_struct_pedestal/67769,PED:JSPED::8978736
building/49802,BUILD:SDU:C532857
st_struct_pedestal/67898,PED:SST::8035078
building/50768,BUILD:SDU:C569948
building/50476,BUILD:BUS:C571871
pole/42696,POL:PPOLE:C534220
pole/40727,POL:PPOLE:C547291
st_struct_pedestal/69537,PED:CPM:C548654
st_struct_pedestal/68446,PED:CPM:C527348
pole/42202,POL:PPOLE:C523612
st_struct_pedestal/67563,PED:SST::9647894
building/49389,BUILD:MDU::9134892
st_struct_pedestal/69949,PED:SST::8356421
st_struct_pedestal/69182,PED:CPM:C525890
building/50201,BUILD:SDU:C542718
st_struct_pedestal/69592,PED:CPM:C540297
st_struct_vault/2465,VAULT:MH-S:C531047
anchors/10223,ANCH:CO:C52982
anchors/10030,ANCH:CO:C47289
st_struct_pedestal/67688,PED:CPM:C538016
st_struct_pedestal/67902,PED:JSPED::8393139
building/51185,BUILD:SDU:C542772
st_struct_pedestal/70181,PED:SST:C547449
mywcom_route_junction/21761,SPJCT:SPJCT:C542410
pole/40714,POL:PPOLE:C546829
building/49184,BUILD:SDU::8761467
st_struct_pedestal/67443,PED:CPM:C528252
building/48928,BUILD:SDU:C548704
pole/42783,POL:PPOLE:C549859
pole/41775,POL:PPOLE:C532596
mywcom_route_junction/21504,SPJCT:SPJCT:C536662
st_struct_pedestal/69477,PED:JSPED:C529776
pole/42634,POL:PPOLE:C539368
pole/41151,POL:PPOLE:C543950
st_struct_pedestal/70601,PED:SST:C537724
st_struct_pedestal/67870,PED:JSPED:C535679
st_struct_pedestal/70792,PED:CPM:C573937
mywcom_route_junction/22018,SPJCT:SPJCT:C547842
building/50722,BUILD:SDU:C538067
st_struct_pedestal/68311,PED:CPM:C541464
pole/42573,POL:PPOLE:C532689
st_struct_pedestal/69766,PED:SST::9130730
building/50919,BUILD:SDU:C535225
anchors/10202,ANCH:JOINT:C53208
building/50981,BUILD:SDU:C557136
building/50510,BUILD:BUS:C537197
building/48973,BUILD:SDU:C538005
st_struct_foreign_crossings/3167,FCROS:RRX:C53666
pole/42492,POL:PPOLE:C532762
st_struct_pedestal/70564,PED:JSPED:C538954
pole/41454,POL:PPOLE:C536258
pole/40828,POL:PPOLE:C530703
building/51444,BUILD:BUS:C548575
st_struct_pedestal/67229,PED:JSPED::12667468
pole/42684,POL:PPOLE:C525700
building/48744,BUILD:SDU:C571989
pole/40636,POL:PPOLE:C531295
mywcom_route_junction/21671,SPJCT:SPJCT:D8007499
st_struct_pedestal/67449,PED:CPM:C525374
st_struct_pedestal/70198,PED:JSPED:C547566
st_struct_foreign_crossings/3156,FCROS:PLX:C53870
mywcom_route_junction/21735,SPJCT:SPJCT::12638609
cabinet/2451,CAB:FC::7856475
pole/42586,POL:PPOLE::7809436
mywcom_route_junction/21980,SPJCT:SPJCT:C547924
st_struct_pedestal/70099,PED:JSPED:C535650
st_struct_pedestal/67938,PED:JTPED:C547345
pole/42402,POL:PPOLE:C531224
st_struct_pedestal/67604,PED:SST:C547274
building/49252,BUILD:SDU:C570049
st_struct_pedestal/68608,PED:JSPED:C528908
building/50321,BUILD:SDU:C571869
st_struct_pedestal/70622,PED:SST::8406260
mywcom_route_junction/21295,SPJCT:SPJCT:C534640
pole/42176,POL:PPOLE:C529965
st_struct_pedestal/69277,PED:CPM:C548328
st_struct_pedestal/67826,PED:CPM:C536391
st_struct_pedestal/69013,PED:SST::9741002
st_struct_pedestal/68499,PED:JTPED:C532255
st_struct_pedestal/68053,PED:CPM:C537959
building/48893,BUILD:SDU::12667442
st_struct_pedestal/67627,PED:SST:C529702
pole/42818,POL:PPOLE:C571542
pole/42754,POL:PPOLE:C528233
pole/41573,POL:PPOLE:C531374
st_struct_buried_splice_location/2658,CLOSR:BSCLS::9654605
pole/41122,POL:PPOLE:C532495
building/49695,BUILD:SDU:C548353
pole/41012,POL:PPOLE:C530182
building/49792,BUILD:SDU:C516544
building/50314,BUILD:MDU:C536227
st_struct_pedestal/68708,POL:SVMST::8035052
anchors/9984,ANCH:JOINT:C45992
st_struct_pedestal/68972,PED:CPM:C525698
st_struct_pedestal/70141,PED:SST:C557481
st_struct_pedestal/69736,PED:CPM:C527574
st_struct_pedestal/70536,PED:CPM:C539270
st_struct_pedestal/67771,PED:SST::10654715
mywcom_route_junction/21692,PJCT:SPJCT::10058444
st_struct_pedestal/70367,PED:JSPED:C535334
building/51129,BUILD:SDU:C531862
building/50994,BUILD:SDU:C534527
st_struct_pedestal/68500,PED:JSPED:C540938
building/49414,BUILD:BUS:C571405
mywcom_route_junction/22013,SPJCT:SPJCT:C538363
st_struct_pedestal/67072,PED:CPM:C536786
st_struct_pedestal/67438,PED:SST:C537949
anchors/10086,ANCH:CO:C47637
mywcom_route_junction/21621,SPJCT:SPJCT:C544202
st_struct_pedestal/68431,PED:JSPED:C528815
pole/40891,POL:PPOLE:C546836
anchors/10475,ANCH:CO:C47508
st_struct_foreign_crossings/3247,FCROS:RRX:C47629
tower/470,TOWER:TOWER::7390302
pole/41108,POL:PPOLE:C524357
mywcom_route_junction/21954,SPJCT:SPJCT::13005012
st_struct_pedestal/70630,PED:SST:C533016
building/49996,BUILD:BUS:C570190
st_struct_buried_splice_location/2621,CLOSR:BSCLS:C540347
building/48906,BUILD:MDU::8992811
st_struct_pedestal/70531,PED:CPM:C536754
pole/40628,POL:PPOLE:C531251
building/48813,BUILD:BUS:C547692
building/49873,BUILD:SDU:C539366
building/50261,BUILD:SDU::7474714
building/50500,BUILD:MDU::9130737
building/50068,BUILD:SDU:C540748
building/51347,BUILD:BUS::10682167
st_struct_pedestal/68595,PED:JSPED:C535254
building/49691,BUILD:BUS:C570608
building/48771,BUILD:BUS:C570954
anchors/10051,ANCH:CO:C46107
building/50566,BUILD:SDU:C556959
mywcom_route_junction/21730,SPJCT:SPJCT::8388996
anchors/10172,ANCH:JOINT:C53608
st_struct_pedestal/70549,PED:SST:C547429
st_struct_pedestal/67211,PED:CPM:C526657
st_struct_pedestal/68090,PED:CPM:C538469
pole/42020,POL:PPOLE:C529984
building/48940,BUILD:BUS:C549634
mywcom_route_junction/21341,PJCT:SPJCT::10522126
building/49997,BUILD:SDU:C541687
st_struct_pedestal/70687,PED:JSPED::10057823
st_struct_pedestal/70033,PED:JSPED:C535460
anchors/10117,ANCH:JOINT::6991508
building/48837,BUILD:SDU:C541698
st_struct_pedestal/70595,PED:SST:C546608
building/50635,BUILD:SDU:C527697
building/49790,BUILD:BUS:C544051
st_struct_pedestal/70810,PED:CPM:C537331
pole/42685,POL:PPOLE:C540242
st_struct_pedestal/67352,PED:SST:C537747
mywcom_route_junction/21123,SPJCT:SPJCT:C537680
st_struct_pedestal/68523,PED:CPM:C527914
building/50185,BUILD:BUS:C542382
pole/41906,POL:PPOLE:C523550
building/48944,BUILD:MDU::9582282
building/51454,BUILD:BUS:C543470
building/50229,BUILD:BUS:C570472
st_struct_pedestal/69593,PED:SST::8358258
st_struct_pedestal/68072,PED:JSPED::9797322
building/50446,BUILD:SDU:C532209
st_struct_pedestal/69123,PED:JSPED:C538639
pole/41948,POL:PPOLE:C541044
pole/40921,POL:PPOLE:C531281
building/48874,BUILD:SDU::10058198
st_struct_foreign_crossings/3091,FCROS:RRX:C50230
st_struct_pedestal/68488,PED:SST::9674138
st_struct_pedestal/68810,PED:CPM:C540969
building/48867,BUILD:SDU:C541777
pole/41553,POL:PPOLE:C538898
st_struct_foreign_crossings/3231,FCROS:PLX:C53018
anchors/10124,ANCH:JOINT:C45707
pole/40521,POL:PPOLE:C536066
pole/40674,POL:PPOLE:C537371
building/50983,BUILD:MDU:C535028
pole/41862,POL:PPOLE::7754414
st_struct_pedestal/67787,PED:JTPED:C538210
st_struct_pedestal/67044,PED:JSPED:C538480
building/49890,BUILD:SDU:C540797
building/50831,BUILD:BUS:C533186
st_struct_pedestal/67226,PED:JUPED::8492656
building/49059,BUILD:BUS::12613007
building/50625,BUILD:MDU::9174571
mywcom_route_junction/21975,PJCT:SPJCT::10434774
st_struct_pedestal/68293,PED:SST:C549085
st_struct_vault/2466,VAULT:FTTX::9650143
pole/41498,POL:PPOLE:C536231
st_struct_pedestal/68468,PED:SST::8890093
anchors/10134,ANCH:JOINT:C52783
building/48915,BUILD:BUS:C571153
st_struct_pedestal/70673,PED:CPM:C527648
st_struct_pedestal/69643,PED:CPM:C540120
st_struct_pedestal/68427,PED:CPM:C526096
st_struct_pedestal/70642,PED:CPM:C541443
building/51201,BUILD:BUS::10058194
mywcom_route_junction/21562,SPJCT:SPJCT:C548778
pole/42833,POL:PPOLE:C532292
st_struct_pedestal/70187,PED:CPM:C537801
pole/42547,POL:PPOLE:C524200
pole/41326,POL:PPOLE:C531354
pole/41176,POL:PPOLE:C537945
pole/40528,POL:PPOLE:C526336
st_struct_foreign_crossings/3230,FCROS:PLX:C47430
building/50681,BUILD:SDU:C534963
pole/41528,POL:PPOLE:C538868
mywcom_route_junction/21002,SPJCT:SPJCT:C514341
pole/40685,POL:PPOLE:C530609
st_struct_pedestal/69547,PED:SST::8352844
building/50367,BUILD:SDU:C548032
building/48836,BUILD:SDU:C525386
mywcom_route_junction/21389,SPJCT:SPJCT::8329454
st_struct_pedestal/69811,PED:CPM:C538351
pole/41681,POL:PPOLE:C534318
mywcom_route_junction/21979,SPJCT:SPJCT:C540435
st_struct_pedestal/68306,PED:JSPED:C540511
building/51319,BUILD:SDU:C542500
st_struct_pedestal/69795,PED:JSPED:C534361
pole/40771,POL:PPOLE:C534686
st_struct_pedestal/68076,PED:SST:C546702
building/51054,BUILD:BUS:C543749
building/49783,BUILD:SDU:C536677
building/51461,BUILD:SDU:C535057
mywcom_route_junction/21819,SPJCT:SPJCT:C539079
st_struct_pedestal/69472,PED:JSPED:C546559
st_struct_pedestal/69078,PED:SST::9134907
anchors/10059,ANCH:CO:C47176
anchors/9983,ANCH:JOINT:C52894
st_struct_pedestal/68531,PED:CPM:C573894
pole/41697,POL:PPOLE:C538291
pole/40803,POL:PPOLE:C536443
building/51100,BUILD:BUS::12608562
pole/42779,POL:PPOLE:C532723
mywcom_route_junction/20945,SPJCT:SPJCT::12616205
building/51133,BUILD:SDU:C537863
building/51114,BUILD:SDU:C541832
st_struct_pedestal/68516,PED:SST:C541452
building/48896,BUILD:SDU:C528331
st_struct_pedestal/69855,PED:CPM:C545848
mywcom_route_junction/21436,SPJCT:SPJCT:C521398
st_struct_buried_splice_location/2642,CLOSR:BSCLS:C540352
building/49325,BUILD:SDU:C545629
pole/42262,POL:PPOLE:C549875
pole/42506,POL:PPOLE:C546711
pole/41892,POL:PPOLE:C526570
pole/41308,POL:PPOLE:C532272
building/50188,BUILD:SDU:C530806
building/48900,BUILD:SDU:C542727
st_struct_pedestal/68527,PED:CPM:C529590
mywcom_route_junction/21601,SPJCT:SPJCT::13411419
pole/40750,POL:PPOLE::11427418
building/50291,BUILD:SDU:C542550
mywcom_route_junction/21145,SPJCT:SPJCT:C532232
mywcom_route_junction/21493,SPJCT:SPJCT::9080190
st_struct_pedestal/68862,PED:CPM:C539498
st_struct_pedestal/68464,PED:JSPED:C532454
pole/41223,POL:PPOLE:C539926
st_struct_buried_splice_location/2625,CLOSR:BSCLS:C534853
building/50851,BUILD:SDU:C538778
anchors/10405,ANCH:CO:C52983
st_struct_pedestal/67856,PED:SST:C548405
anchors/9976,ANCH:JOINT::6994708
pole/40546,POL:PPOLE:C534607
building/49741,BUILD:SDU::7386397
anchors/9965,ANCH:CO::7041746
mywcom_route_junction/21075,SPJCT:SPJCT:C546492
building/50544,BUILD:SDU:C540105
st_struct_pedestal/67361,PED:JSPED:C540625
st_struct_buried_splice_location/2644,CLOSR:BSCLS:C542900
st_struct_buried_splice_location/2641,CLOSR:BSCLS:C573791
pole/42136,POL:PPOLE::13377020
pole/41879,POL:PPOLE:C523562
building/51226,BUILD:BUS:C541887
building/50721,BUILD:SDU:C539660
st_struct_pedestal/69747,PED:JTPED:C534341
pole/42163,POL:PPOLE:C527024
pole/42443,POL:PPOLE:C533818
pole/41596,POL:PPOLE:C537628
building/49585,BUILD:SDU:C527511
building/49966,BUILD:SDU:C542131
mywcom_route_junction/21538,SPJCT:SPJCT:C572782
pole/41154,POL:PPOLE::7750886
pole/42461,POL:PPOLE::11427423
building/49965,BUILD:SDU:C534953
st_struct_pedestal/70117,PED:SST::9650141
st_struct_pedestal/69596,PED:SST:C548306
pole/41704,POL:PPOLE::7783195
pole/41579,POL:PPOLE:C521254
mywcom_route_junction/21127,PJCT:SPJCT::10058163
st_struct_pedestal/69345,PED:JSPED::11427429
pole/41295,POL:PPOLE:C534681
st_struct_pedestal/67139,PED:SST:C531130
st_struct_pedestal/67580,PED:SST:C521308
mywcom_route_junction/21630,SPJCT:SPJCT::12386244
st_struct_pedestal/70409,PED:CPM:C540788
st_struct_pedestal/69115,PED:SST:C542797
pole/41188,POL:PPOLE:C533062
anchors/10416,ANCH:CO:C46535
st_struct_pedestal/67857,PED:CPM:C571883
st_struct_pedestal/70554,PED:CPM:C541405
st_struct_pedestal/69752,PED:JSPED:C526145
st_struct_buried_splice_location/2656,CLOSR:BSCLS:C537163
mywcom_route_junction/21439,SPJCT:SPJCT:C534639
pole/41371,POL:PPOLE:C525387
st_struct_pedestal/68796,PED:CPM:C550350
pole/42175,POL:PPOLE:C529158
pole/41323,POL:PPOLE:C530024
pole/41334,POL:PPOLE:C532758
building/49653,BUILD:SDU:C540548
st_struct_foreign_crossings/3120,FCROS:PLX:C50225
st_struct_pedestal/70016,PED:JSPED::11427430
pole/41783,POL:PPOLE:C521123
st_struct_vault/2437,VAULT:MH-S:C530622
pole/41554,POL:PPOLE:C529098
st_struct_pedestal/67933,PED:CPM:C528729
cabinet/2460,CAB:JWI:C540449
mywcom_route_junction/21778,SPJCT:SPJCT::8391860
pole/41276,POL:PPOLE:C528921
pole/40904,POL:PPOLE:C539874
pole/42206,POL:PPOLE:C546625
pole/41726,POL:PPOLE:C537559
building/51237,BUILD:SDU:C539457
mywcom_route_junction/21602,SPJCT:SPJCT:C528913
mywcom_route_junction/21026,PJCT:SPJCT::10434766
building/49888,BUILD:SDU:C541630
st_struct_pedestal/69512,PED:JSPED::8716975
st_struct_buried_splice_location/2744,CLOSR:BSCLS:C570777
st_struct_pedestal/69517,PED:SST:C537752
building/49638,BUILD:MDU::9177134
building/49572,BUILD:SDU:C536755
mywcom_route_junction/21208,PJCT:SPJCT::10435082
st_struct_pedestal/68207,PED:CPM:C538332
pole/42151,POL:PPOLE:C534911
building/50246,BUILD:SDU:C539029
pole/42298,POL:PPOLE:C529193
building/50019,BUILD:BUS:C538830
building/50928,BUILD:SDU:C533465
building/50477,BUILD:BUS:C572919
mywcom_route_junction/21511,SPJCT:SPJCT:C527779
building/49841,BUILD:SDU:C527722
pole/40805,POL:PPOLE:C539844
st_struct_buried_splice_location/2654,CLOSR:BSCLS:C532752
st_struct_pedestal/69111,PED:CPM:C550299
pole/42062,POL:PPOLE::7746098
st_struct_pedestal/67603,PED:JSPED:C544682
st_struct_pedestal/69676,PED:JSPED:C529954
st_struct_pedestal/68061,PED:CPM:C533527
st_struct_pedestal/67626,PED:CPM:C526721
st_struct_pedestal/69269,PED:SST:C548757
building/48825,BUILD:BUS:C537496
st_struct_foreign_crossings/3248,FCROS:PLX:C46684
pole/42825,POL:PPOLE:C530055
pole/42544,POL:PPOLE:C526395
pole/41265,POL:PPOLE::7754415
mywcom_route_junction/21603,SPJCT:SPJCT:C539674
st_struct_pedestal/69755,PED:CPM:C542016
st_struct_pedestal/67407,PED:SST:C573330
pole/40680,POL:PPOLE:C526236
pole/42135,POL:PPOLE::8264491
building/49170,BUILD:SDU:C546501
st_struct_pedestal/69984,PED:SST:C548655
st_struct_pedestal/67191,PED:CPM:C525432
building/51266,BUILD:SDU:C526179
anchors/9979,ANCH:JOINT:C46842
st_struct_foreign_crossings/3143,FCROS:PLX:C50224
st_struct_pedestal/70689,PED:JTPED:C531210
st_struct_pedestal/67632,PED:CPM:C527639
building/49580,BUILD:SDU:C539771
st_struct_pedestal/70109,PED:SST:C547200
pole/42507,POL:PPOLE:C529805
st_struct_pedestal/69453,PED:CPM:C537953
st_struct_pedestal/67553,PED:CPM:C542493
anchors/10386,ANCH:JOINT:C45873
st_struct_pedestal/70624,PED:CPM:C528224
building/49420,BUILD:SDU:C541989
st_struct_pedestal/67614,PED:JTPED:C572018
building/49705,BUILD:SDU:C527209
pole/42133,POL:PPOLE:C538915
pole/40838,POL:PPOLE:C534729
st_struct_pedestal/68645,PED:SST::8358255
st_struct_pedestal/67875,PED:SST:C539842
st_struct_pedestal/67974,PED:JTPED:C572006
st_struct_pedestal/70137,PED:CPM:C532181
st_struct_pedestal/68239,PED:CPM:C527398
st_struct_pedestal/69089,PED:CPM:C527626
pole/41145,POL:PPOLE:C532488
building/50364,BUILD:BUS:C536426
tower/466,TOWER:FIXED::12349330
pole/42741,POL:PPOLE:C532744
st_struct_pedestal/67180,PED:SST:C530893
building/51303,BUILD:SDU:C537862
st_struct_pedestal/69906,PED:SST::11270922
st_struct_pedestal/67083,PED:CPM:C547953
st_struct_buried_splice_location/2718,CLOSR:BSCLS:C533453
st_struct_pedestal/70581,PED:JSPED::10058208
pole/41568,POL:PPOLE:C530149
building/49518,BUILD:SDU:C548723
anchors/10260,ANCH:CO:C46533
building/50857,BUILD:BUS:C527471
mywcom_route_junction/20900,SPJCT:SPJCT:C559635
st_struct_foreign_crossings/3246,FCROS:RRX:C53651
pole/41750,POL:PPOLE:C536498
st_struct_pedestal/67914,PED:CPM:C541471
st_struct_pedestal/68814,PED:CPM:C537431
pole/42567,POL:PPOLE:C538881
mywcom_route_junction/21103,SPJCT:SPJCT::9043802
st_struct_pedestal/69720,PED:SST:C530944
mywcom_route_junction/21429,PJCT:SPJCT::10331094
pole/41220,POL:PPOLE:C570970
pole/42842,POL:PPOLE:C532696
st_struct_pedestal/68549,PED:SST:C537753
st_struct_pedestal/68441,PED:SST:C548695
st_struct_pedestal/68798,PED:SST:C548242
building/51351,BUILD:SDU:C542523
st_struct_pedestal/70597,PED:SST:C544730
building/49267,BUILD:SDU:C532215
building/48960,BUILD:BUS:C537052
anchors/10337,ANCH:CO:C53668
st_struct_buried_splice_location/2750,CLOSR:BSCLS:C558342
building/49658,BUILD:SDU:C538501
st_struct_pedestal/67301,PED:SST::10605019
building/50090,BUILD:SDU:C532184
st_struct_pedestal/69920,PED:SST:C527695
st_struct_pedestal/68095,PED:JSPED::9797023
pole/40832,POL:PPOLE:C531098
st_struct_pedestal/70759,PED:CPM:C538342
st_struct_pedestal/69516,PED:CPM:C527985
building/49390,BUILD:MDU::9192810
st_struct_pedestal/69753,PED:JSPED:C547538
anchors/10149,ANCH:JOINT::7021922
st_struct_foreign_crossings/3241,FCROS:PLX:C52765
mywcom_route_junction/21811,SPJCT:SPJCT:C550428
mywcom_route_junction/21990,SPJCT:SPJCT::8912823
pole/40999,POL:PPOLE:C527746
st_struct_pedestal/68779,PED:SST:C550095
mywcom_route_junction/21787,SPJCT:SPJCT:C573056
st_struct_pedestal/69250,PED:JSPED:C529094
building/50306,BUILD:MDU::9106732
building/49778,BUILD:BUS:C538224
st_struct_pedestal/69698,PED:SST:C544721
building/49204,BUILD:SDU:C534559
st_struct_pedestal/69679,PED:JSPED:C539219
st_struct_pedestal/68110,PED:JSPED:C536987
building/49502,BUILD:BUS:C539295
st_struct_pedestal/68747,PED:JSPED::8716976
mywcom_route_junction/20915,SPJCT:SPJCT:C529321
st_struct_pedestal/69264,PED:JSPED:C528756
st_struct_pedestal/67686,PED:CPM:C534450
anchors/10098,ANCH:CO:C46807
mywcom_route_junction/21880,SPJCT:SPJCT:C533172
mywcom_route_junction/21264,SPJCT:SPJCT:C572848
st_struct_buried_splice_location/2619,CLOSR:BSCLS:C556897
st_struct_pedestal/70053,PED:CPM:C536739
st_struct_pedestal/69267,PED:CPM:C528389
pole/42533,POL:PPOLE:C526372
pole/41817,POL:PPOLE:C529386
pole/41742,POL:PPOLE:C540811
st_struct_pedestal/67996,PED:CPM:C558373
building/50124,BUILD:MDU:C535387
st_struct_pedestal/68044,PED:JSPED:C535268
mywcom_route_junction/22035,SPJCT:SPJCT:C572400
st_struct_pedestal/69575,PED:CPM:C527208
pole/40670,POL:PPOLE:C530038
building/50847,BUILD:SDU:C528105
st_struct_pedestal/67309,PED:SST:C532210
mywcom_route_junction/21189,SPJCT:SPJCT:C539183
st_struct_pedestal/67607,PED:SST:C541916
pole/41332,POL:PPOLE:C548401
st_struct_pedestal/70669,PED:CPM:C527439
st_struct_pedestal/67881,PED:CPM:C531119
pole/40970,POL:PPOLE:C536235
pole/42324,POL:PPOLE:C532719
st_struct_pedestal/69365,PED:CPM:C528104
st_struct_pedestal/69153,PED:SST:C533023
pole/41171,POL:PPOLE:C532347
st_struct_pedestal/69956,PED:CPM:C544793
pole/41963,POL:PPOLE:C539117
building/48784,BUILD:BUS:C532925
pole/41606,POL:PPOLE:C524197
building/50746,BUILD:SDU:C550365
st_struct_pedestal/70123,PED:SST:C533996
building/50820,BUILD:SDU:C540109
building/51390,BUILD:SDU:C542767
building/49085,BUILD:SDU:C570640
st_struct_pedestal/68018,PED:JSPED:C550418
st_struct_pedestal/69785,PED:JTPED:C572004
mywcom_route_junction/21995,SPJCT:SPJCT:C548246
pole/41848,POL:PPOLE:C524061
mywcom_route_junction/20920,SPJCT:SPJCT::8265131
building/51085,BUILD:BUS::9043806
building/49973,BUILD:MDU::9136175
building/48858,BUILD:MDU::9083088
building/49784,BUILD:SDU:C539272
mywcom_route_junction/21835,SPJCT:SPJCT::8411060
building/49190,BUILD:MDU::9246284
pole/41694,POL:PPOLE:C530132
st_struct_pedestal/67598,PED:CPM:C570117
st_struct_pedestal/69611,PED:CPM:C536658
st_struct_pedestal/69457,PED:FPED::10905168
anchors/10127,ANCH:JOINT:C46461
mywcom_route_junction/20947,SPJCT:SPJCT:C532234
building/50726,BUILD:SDU:C532193
st_struct_pedestal/69636,PED:JSPED:C544686
pole/41419,POL:PPOLE:C530058
building/50933,BUILD:SDU:C542427
st_struct_pedestal/69727,PED:SST:C536087
building/51200,BUILD:BUS:C571675
pole/42512,POL:PPOLE:C527118
building/50743,BUILD:MDU::9047581
mywcom_route_junction/21073,SPJCT:SPJCT:C528447
mywcom_route_junction/21969,SPJCT:SPJCT::8336810
st_struct_pedestal/67885,PED:CPM:C525916
building/49360,BUILD:SDU:C542440
mywcom_route_junction/21661,SPJCT:SPJCT:C546491
mywcom_route_junction/21400,PJCT:SPJCT::10303252
pole/42577,POL:PPOLE:C533033
mywcom_route_junction/21358,SPJCT:SPJCT:C533181
st_struct_pedestal/69788,PED:JSPED:C532878
building/50895,BUILD:SDU:C542688
pole/40510,POL:PPOLE:C535456
st_struct_pedestal/67465,PED:SST:C536645
pole/41267,POL:PPOLE:C531994
building/49634,BUILD:MDU:C527880
st_struct_pedestal/70484,PED:JSPED:C528852
mywcom_route_junction/21524,SPJCT:SPJCT::12179742
st_struct_pedestal/67854,PED:JSPED:C538951
anchors/10374,ANCH:CO:C53230
building/50650,BUILD:SDU:C534947
anchors/10104,ANCH:CO:C47506
pole/40941,POL:PPOLE:C521204
st_struct_pedestal/69801,PED:CPM:C535205
pole/40678,POL:PPOLE:C531414
building/49281,BUILD:BUS::12654605
building/49112,BUILD:SDU:C533134
st_struct_pedestal/70716,PED:JSPED::12693004
pole/40737,POL:PPOLE:C543947
building/50701,BUILD:SDU:C537125
pole/42554,POL:PPOLE:C525472
st_struct_pedestal/69279,PED:CPM:C534564
st_struct_pedestal/68638,PED:CPM:C530852
st_struct_pedestal/67158,PED:CPM:C537164
st_struct_pedestal/68560,PED:SST:C547929
st_struct_vault/2479,VAULT:MH-T:C530699
st_struct_pedestal/70504,PED:JSPED:C538974
st_struct_foreign_crossings/3145,FCROS:PLX:C47550
st_struct_pedestal/70775,PED:SST::10681506
building/49142,BUILD:MDU::10545163
st_struct_pedestal/68620,PED:JSPED:C547427
building/49985,BUILD:SDU:C557293
st_struct_pedestal/67444,PED:JSPED:C528421
building/50577,BUILD:SDU:C542949
mywcom_route_junction/21942,SPJCT:SPJCT::8355392
building/49151,BUILD:MDU::9574298
mywcom_route_junction/20894,SPJCT:SPJCT:C531024
cabinet/2458,CAB:EC:C544515
mywcom_route_junction/21329,SPJCT:SPJCT::12638614
pole/41456,POL:PPOLE:C542215
anchors/10422,ANCH:JOINT:C53977
st_struct_pedestal/67734,PED:JSPED:C532478
pole/42347,POL:PPOLE:C532763
pole/41951,POL:PPOLE::7748966
building/51334,BUILD:SDU:C539326
pole/41659,POL:PPOLE:C527140
st_struct_pedestal/69447,PED:CPM:C537330
building/49885,BUILD:BUS::9202090
mywcom_route_junction/21470,SPJCT:SPJCT:C547529
st_struct_pedestal/70610,PED:CPM:C557387
st_struct_pedestal/68786,PED:JSPED:C535332
st_struct_pedestal/70229,PED:CPM:C540432
anchors/10336,ANCH:CO:C47434
st_struct_pedestal/70142,PED:CPM:C526889
pole/41736,POL:PPOLE:C525480
anchors/10177,ANCH:JOINT:C46573
cabinet/2497,CAB:FC::7858074
pole/42484,POL:PPOLE:C543984
anchors/10269,ANCH:JOINT:C47465
st_struct_vault/2454,VAULT:MH-S:C531073
st_struct_buried_splice_location/2739,CLOSR:BSCLS:C532759
st_struct_pedestal/69555,PED:SST:C534862
building/50080,BUILD:MDU::9554762
mywcom_route_junction/21933,SPJCT:SPJCT::12569490
mywcom_route_junction/22021,PJCT:SPJCT::10303251
mywcom_route_junction/21101,SPJCT:SPJCT::8355417
building/51349,BUILD:BUS:C547382
st_struct_pedestal/70167,PED:SST:C548233
building/50558,BUILD:BUS:C572917
st_struct_pedestal/69442,PED:CPM:C550282
mywcom_route_junction/21502,SPJCT:SPJCT:C532887
cabinet/2485,CAB:JWI:C530994
st_struct_pedestal/67395,PED:SST::8355412
pole/42221,POL:CPOLE:C536377
mywcom_route_junction/21038,SPJCT:SPJCT:C540413
st_struct_pedestal/70815,PED:JSPED:C535396
st_struct_pedestal/68687,PED:CPM:C533318
pole/40880,POL:PPOLE:C533025
building/50028,BUILD:SDU::12667448
pole/41842,POL:PPOLE:C541027
pole/40827,POL:PPOLE:C532493
building/49186,BUILD:SDU:C546502
st_struct_pedestal/67533,PED:SST:C548043
anchors/10377,ANCH:CO:C47821
st_struct_pedestal/70847,PED:CPM:C531450
anchors/10013,ANCH:CO:C46478
st_struct_pedestal/67410,PED:CPM:C528149
mywcom_route_junction/21074,SPJCT:SPJCT:C538123
st_struct_pedestal/68030,PED:SST::8583532
pole/40745,POL:PPOLE:C535760
mywcom_route_junction/21584,SPJCT:SPJCT:C540547
st_struct_pedestal/69700,PED:SST:C571951
pole/41014,POL:PPOLE:C523609
mywcom_route_junction/21541,SPJCT:SPJCT:C543729
pole/42656,POL:PPOLE:C530079
pole/41089,POL:PPOLE:C530009
st_struct_pedestal/70420,PED:SST:C572034
st_struct_pedestal/68999,PED:SST::8352490
pole/42265,POL:PPOLE:C531258
st_struct_pedestal/69090,PED:JSPED:C538971
st_struct_pedestal/68294,PED:SST::12629005
building/51089,BUILD:MDU::9135530
st_struct_pedestal/70336,PED:JSPED:C540509
st_struct_pedestal/69954,PED:JSPED::10058762
building/51402,BUILD:BUS:C537575
building/49631,BUILD:SDU:C542109
mywcom_route_junction/21758,SPJCT:SPJCT:C541946
st_struct_pedestal/67099,PED:CPM:C527623
pole/42198,POL:PPOLE:C546801
building/50206,BUILD:BUS:C570361
pole/40506,POL:PPOLE:C529294
building/49837,BUILD:BUS:C571934
pole/40584,POL:PPOLE:C549910
st_struct_pedestal/69649,PED:JSPED:C544762
building/49710,BUILD:SDU:C534479
building/49152,BUILD:SDU:C531806
pole/41739,POL:PPOLE:C534737
st_struct_pedestal/67981,PED:JSPED:C538981
building/49881,BUILD:MDU::9243723
st_struct_pedestal/69609,PED:SST:C527757
pole/41330,POL:PPOLE:C533049
building/50888,BUILD:MDU:C535706
mywcom_route_junction/21500,SPJCT:SPJCT:C539288
building/51148,BUILD:SDU:C538099
st_struct_pedestal/70590,PED:JSPED:C531084
building/50556,BUILD:BUS::12657514
pole/42654,POL:PPOLE:C538855
st_struct_pedestal/67324,PED:SST::8358257
st_struct_pedestal/68966,PED:SST:C542264
pole/41543,POL:PPOLE:C525370
building/49014,BUILD:SDU:C539470
st_struct_pedestal/70366,PED:JSPED:C532846
st_struct_pedestal/68406,PED:SST::9620698
building/49319,BUILD:SDU:C543589
st_struct_pedestal/68338,PED:SST:C535087
st_struct_pedestal/70297,PED:JSPED:C530000
st_struct_pedestal/68554,PED:JTPED:C571860
pole/42702,POL:PPOLE:C546715
cabinet/2501,CAB:EC:C542221
building/49539,BUILD:BUS:C537066
building/48800,BUILD:SDU:C532129
anchors/10490,ANCH:JOINT:C52897
st_struct_pedestal/67924,PED:CPM:C549657
st_struct_pedestal/68153,PED:JSPED:C547543
cabinet/2418,CAB:FC::7856477
st_struct_pedestal/70749,PED:CPM:C540213
pole/41044,POL:PPOLE:C529985
st_struct_pedestal/70256,PED:JSPED::9797324
pole/41275,POL:PPOLE:C549907
building/50128,BUILD:SDU:C546589
st_struct_pedestal/67952,PED:CPM:C525607
building/50170,BUILD:BUS::10504572
mywcom_route_junction/21428,SPJCT:SPJCT::8386122
pole/42294,POL:PPOLE:C524051
st_struct_pedestal/69469,PED:JSPED:C536286
st_struct_pedestal/70349,PED:SST:C534859
pole/41397,POL:PPOLE:C526321
st_struct_pedestal/67588,PED:JSPED::9698762
mywcom_route_junction/21445,SPJCT:SPJCT::8356386
st_struct_pedestal/70108,PED:SST:C535160
st_struct_pedestal/67721,PED:CPM:C541689
pole/41234,POL:PPOLE:C528358
building/48808,BUILD:BUS:C537582
pole/41449,POL:PPOLE:C537273
pole/42142,POL:PPOLE:C538906
building/49403,BUILD:SDU:C549745
pole/42037,POL:PPOLE:C546759
st_struct_pedestal/68622,PED:CPM:C541185
building/50397,BUILD:BUS:C529902
st_struct_foreign_crossings/3271,FCROS:PLX:C48532
st_struct_pedestal/69241,PED:CPM:C538439
st_struct_pedestal/67385,PED:CPM:C541004
anchors/10368,ANCH:CO:C46838
st_struct_pedestal/69054,PED:CPM:C527345
building/50790,BUILD:SDU:C541238
mywcom_route_junction/21781,SPJCT:SPJCT:C547775
building/49794,BUILD:SDU:C539328
st_struct_pedestal/67101,PED:JSPED::8375564
pole/42732,POL:PPOLE:C540789
building/50920,BUILD:BUS:C544203
pole/42822,POL:PPOLE:C549873
st_struct_pedestal/69219,PED:JSPED:C528861
st_struct_buried_splice_location/2717,CLOSR:BSCLS:C527358
st_struct_pedestal/68212,PED:SST:C542278
anchors/10433,ANCH:JOINT::6994711
pole/40552,POL:PPOLE:C528925
pole/40669,POL:PPOLE:C526551
pole/41797,POL:PPOLE:C532798
st_struct_pedestal/68078,PED:SST::9647883
st_struct_foreign_crossings/3209,FCROS:PLX:C47422
st_struct_pedestal/69650,PED:SST::8255514
building/50418,BUILD:SDU:C550315
st_struct_pedestal/67325,PED:CPM:C542851
building/49655,BUILD:SDU:C528742
building/49588,BUILD:BUS:C535194
pole/41051,POL:PPOLE:C536959
st_struct_pedestal/68646,PED:CPM:C542132
st_struct_pedestal/69605,PED:JSPED::9861995
st_struct_pedestal/70641,PED:CPM:C528119
building/49191,BUILD:BUS::12642447
st_struct_pedestal/68127,PED:CPM:C538457
cabinet/2472,CAB:EC:C537979
st_struct_pedestal/69597,PED:CPM:C534670
st_struct_foreign_crossings/3224,FCROS:PLX:C47386
st_struct_vault/2451,VAULT:MH-S:C531020
st_struct_pedestal/68888,PED:CPM:C527400
building/49433,BUILD:SDU:D8030795
st_struct_pedestal/69200,PED:SST::8356420
building/49633,BUILD:BUS:C533075
st_struct_pedestal/70120,PED:JSPED:C542240
st_struct_buried_splice_location/2624,CLOSR:BSCLS:C558372
building/51447,BUILD:SDU:C533979
mywcom_route_junction/21086,SPJCT:SPJCT:C541695
anchors/10307,ANCH:JOINT:C47057
building/50822,BUILD:BUS:C572722
st_struct_pedestal/69807,PED:CPM:C570637
st_struct_pedestal/68261,PED:CPM:C527783
building/49332,BUILD:SDU:C527219
pole/41766,POL:PPOLE:C538292
pole/42626,POL:PPOLE:C542558
st_struct_pedestal/67684,PED:CPM:C538470
building/48937,BUILD:SDU:C534512
st_struct_foreign_crossings/3244,FCROS:RRX:C47668
st_struct_buried_splice_location/2692,CLOSR:BSCLS:C528179
pole/40740,POL:PPOLE:C531012
anchors/10501,ANCH:JOINT:C46189
mywcom_route_junction/21926,SPJCT:SPJCT:C535105
mywcom_route_junction/21595,SPJCT:SPJCT:C547820
pole/40596,POL:CPOLE:C524182
st_struct_pedestal/69248,PED:JSPED:C528932
pole/40527,POL:PPOLE:C547815
st_struct_pedestal/67833,PED:CPM:C527183
st_struct_foreign_crossings/3101,FCROS:PLX:C47572
mywcom_route_junction/22014,SPJCT:SPJCT:C538290
pole/42058,POL:PPOLE:C531995
mywcom_route_junction/21171,SPJCT:SPJCT:C538514
building/49290,BUILD:SDU:C531168
pole/40911,POL:PPOLE:C531244
building/50848,BUILD:BUS::7929771
mywcom_route_junction/21984,PJCT:SPJCT::10057829
anchors/10322,ANCH:JOINT:C46818
mywcom_route_junction/21417,PJCT:SPJCT::10934604
building/50523,BUILD:BUS::12642448
building/51368,BUILD:SDU:C533317
st_struct_pedestal/67426,PED:CPM:C540204
st_struct_pedestal/70598,PED:CPM:C538497
st_struct_pedestal/68813,PED:SST:C571804
building/50778,BUILD:SDU:C540136
building/49563,BUILD:SDU:C527865
mywcom_route_junction/21453,SPJCT:SPJCT:C548201
st_struct_pedestal/69371,PED:SST::10599674
st_struct_pedestal/67310,PED:CPM:C573949
st_struct_pedestal/67528,PED:SST::8361151
st_struct_pedestal/69924,PED:CPM:C527825
st_struct_pedestal/69711,PED:SST:C547906
pole/41297,POL:PPOLE:C532072
pole/40630,POL:PPOLE:C528198
st_struct_pedestal/69691,PED:CPM:C570718
anchors/10355,ANCH:CO:C48308
building/50349,BUILD:SDU:C527552
anchors/10145,ANCH:JOINT:C52966
anchors/10243,ANCH:JOINT::7013923
st_struct_pedestal/70412,PED:CPM:C534854
mywcom_route_junction/21847,SPJCT:SPJCT:C531645
st_struct_pedestal/68492,PED:JSPED:C547533
pole/41375,POL:PPOLE:C532522
st_struct_pedestal/70820,PED:SST:C531234
mywcom_route_junction/21164,SPJCT:SPJCT::8770415
pole/41878,POL:PPOLE:C526899
building/51432,BUILD:MDU::9248235
building/50427,BUILD:BUS::10058191
building/50296,BUILD:BUS::11996686
st_struct_pedestal/68077,PED:JSPED::10199891
st_struct_pedestal/69492,PED:JSPED:C535571
building/51478,BUILD:SDU:C541363
pole/40683,POL:PPOLE:C540282
building/49732,BUILD:BUS:C555043
st_struct_pedestal/68243,PED:CPM:C539005
tower/484,TOWER:FIXED::12430929
st_struct_pedestal/68283,PED:SST:C542229
st_struct_pedestal/70542,PED:CPM:C538109
building/50882,BUILD:SDU:C528130
st_struct_pedestal/67647,PED:CPM:C570010
st_struct_foreign_crossings/3257,FCROS:RRX:C53660
st_struct_pedestal/67879,PED:SST:C537725
building/49479,BUILD:SDU:C530992
pole/41792,POL:PPOLE:C546808
building/50247,BUILD:SDU:C557409
st_struct_pedestal/68343,PED:JSPED:C534323
building/50394,BUILD:BUS:C536431
building/48806,BUILD:SDU:C526522
st_struct_pedestal/70096,PED:SST:C532817
pole/42535,POL:PPOLE:C528976
building/48847,BUILD:SDU:C557403
st_struct_pedestal/68851,PED:SST::9250442
st_struct_pedestal/69869,PED:SST::9648530
pole/42363,POL:PPOLE:C523998
pole/40759,POL:PPOLE:C523655
building/50727,BUILD:SDU:C549480
pole/42156,POL:PPOLE:C536062
building/50825,BUILD:SDU:C534377
building/49202,BUILD:SDU:C542484
mywcom_route_junction/21766,SPJCT:SPJCT::9043807
building/49179,BUILD:MDU::9225178
st_struct_pedestal/70677,PED:SST:C529370
st_struct_pedestal/68323,PED:JSPED::9797323
st_struct_pedestal/67056,PED:JSPED:C538400
st_struct_pedestal/69740,PED:CPM:C537958
building/48740,BUILD:SDU:C536688
building/50827,BUILD:SDU:C542128
st_struct_pedestal/69093,PED:SST:C534478
st_struct_pedestal/68412,PED:SST:C536804
st_struct_pedestal/70496,PED:CPM:C570054
building/49452,BUILD:SDU:C529530
building/49002,BUILD:BUS:C570951
mywcom_route_junction/21853,SPJCT:SPJCT::9964063
pole/42144,POL:PPOLE:C529154
building/49584,BUILD:BUS::12627093
st_struct_pedestal/70649,PED:CPM:C531977
st_struct_pedestal/69450,PED:CPM:C540191
pole/42757,POL:FPOLE::7754401
st_struct_pedestal/70045,PED:CPM:C539493
st_struct_pedestal/68792,PED:CPM:C532712
st_struct_foreign_crossings/3190,FCROS:PLX:C47534
st_struct_pedestal/70742,PED:CPM:C537021
pole/42407,POL:PPOLE:C532594
building/51298,BUILD:BUS:C529697
building/49061,BUILD:BUS:C535694
anchors/10394,ANCH:JOINT:C46221
mywcom_route_junction/21871,SPJCT:SPJCT::13171499
st_struct_pedestal/70659,PED:CPM:C534454
st_struct_pedestal/68122,PED:JSPED:C536707
pole/42167,POL:PPOLE:C536192
building/50517,BUILD:SDU:C546173
anchors/9971,ANCH:CO::7021925
st_struct_pedestal/70370,PED:JSPED::10070605
pole/40761,POL:PPOLE:C540272
building/50336,BUILD:BUS:C537455
anchors/10442,ANCH:CO:C47693
mywcom_route_junction/21482,SPJCT:SPJCT:C571142
building/49640,BUILD:BUS::11365010
pole/41130,POL:PPOLE:C528242
st_struct_pedestal/70121,PED:JSPED:C547341
building/50865,BUILD:SDU:C536395
st_struct_pedestal/70066,PED:JSPED:C537464
st_struct_pedestal/69506,PED:JSPED::8354096
st_struct_pedestal/68514,PED:CPM:C528391
building/51275,BUILD:BUS:C540962
pole/40624,POL:PPOLE:C532274
building/48775,BUILD:SDU:C528109
building/51289,BUILD:BUS:C536534
building/49551,BUILD:BUS::12614940
anchors/10301,ANCH:JOINT::6992484
st_struct_pedestal/69808,PED:CPM:C537956
st_struct_pedestal/67422,PED:JLPED::10681510
building/51075,BUILD:SDU:C542844
building/49976,BUILD:BUS:C528482
building/49168,BUILD:SDU:C535877
st_struct_pedestal/68140,PED:CPM:C546227
st_struct_pedestal/67303,PED:CPM:C527393
st_struct_buried_splice_location/2699,CLOSR:BSCLS:C528294
mywcom_route_junction/21184,SPJCT:SPJCT:C539330
st_struct_pedestal/67194,PED:CPM:C532717
building/50686,BUILD:SDU:C531425
building/50949,BUILD:SDU:C531728
st_struct_pedestal/67236,PED:CPM:C534612
st_struct_buried_splice_location/2729,CLOSR:BSCLS:C540706
building/49323,BUILD:SDU:C548777
pole/41932,POL:PPOLE:C539179
mywcom_route_junction/21720,SPJCT:SPJCT:C541177
pole/42637,POL:CPOLE:C547272
pole/42418,POL:PPOLE:C526239
pole/41403,POL:PPOLE:C548746
building/50414,BUILD:BUS:C570295
st_struct_pedestal/68815,PED:SST::13198106
st_struct_pedestal/70406,PED:CPM:C527830
st_struct_pedestal/70159,PED:CPM:C534485
st_struct_pedestal/68248,PED:CPM:C533975
st_struct_pedestal/67204,PED:SST::12667467
pole/42790,POL:PPOLE:C530372
pole/42423,POL:PPOLE:C536960
st_struct_buried_splice_location/2631,CLOSR:BSCLS:C528194
st_struct_pedestal/68350,PED:SST:C534855
pole/41520,POL:PPOLE:C538852
st_struct_pedestal/68250,PED:CPM:C527575
building/50631,BUILD:BUS:C530636
building/50115,BUILD:SDU:C532109
pole/40946,POL:PPOLE:C543983
pole/40920,POL:PPOLE:C535638
st_struct_pedestal/70295,PED:SST::12183562
st_struct_pedestal/67920,PED:JSPED::9617166
building/51288,BUILD:SDU:C534430
st_struct_pedestal/68426,PED:CPM:C526668
building/51403,BUILD:SDU::9887594
mywcom_route_junction/21957,SPJCT:SPJCT::9741003
building/48882,BUILD:SDU:C530569
building/51167,BUILD:SDU::10058196
st_struct_pedestal/69775,PED:JSPED:C544765
st_struct_pedestal/67149,PED:SST:C571641
building/48942,BUILD:BUS:C573344
st_struct_pedestal/67551,PED:JSPED:C529786
building/50137,BUILD:SDU:C538028
building/50265,BUILD:BUS::9043730
st_struct_pedestal/68727,PED:JSPED:C534387
building/50712,BUILD:BUS:C534758
pole/40751,POL:PPOLE:C530679
building/51357,BUILD:SDU:C539681
mywcom_route_junction/21212,PJCT:SPJCT::11061676
pole/42290,POL:PPOLE:C536345
building/49599,BUILD:SDU:C525785
mywcom_route_junction/21064,SPJCT:SPJCT:C532341
building/50498,BUILD:BUS:C536501
st_struct_pedestal/70745,PED:CPM:C549773
st_struct_pedestal/69018,PED:SST:C542342
building/50435,BUILD:MDU::9049211
anchors/10461,ANCH:JOINT:C48188
building/48854,BUILD:BUS::10249482
mywcom_route_junction/21611,PJCT:SPJCT::11143882
building/48819,BUILD:BUS:C531408
st_struct_pedestal/70763,PED:SST::8185115
pole/40820,POL:PPOLE:C528409
building/49727,BUILD:SDU:C535223
mywcom_route_junction/21852,PJCT:SPJCT::10538175
building/50934,BUILD:SDU:C533534
building/49139,BUILD:MDU::10179434
mywcom_route_junction/21130,SPJCT:SPJCT:C535216
pole/41837,POL:PPOLE::7739051
mywcom_route_junction/21652,SPJCT:SPJCT:C542344
pole/40929,POL:PPOLE:C528974
st_struct_pedestal/69399,PED:CPM:C534561
st_struct_pedestal/68896,PED:SST:C531296
pole/41085,POL:PPOLE:C539873
mywcom_route_junction/21544,SPJCT:SPJCT::8356388
st_struct_pedestal/70404,PED:SST:C536198
st_struct_pedestal/70699,PED:SST:C542686
building/50522,BUILD:BUS::10682171
pole/41277,POL:PPOLE:C540825
st_struct_pedestal/69508,PED:SST:C536324
building/48909,BUILD:BUS::9043805
pole/40864,POL:PPOLE:C524048
pole/42096,POL:PPOLE:C540278
st_struct_foreign_crossings/3115,FCROS:PLX::13317940
st_struct_pedestal/67527,PED:CPM::10928845
building/49704,BUILD:SDU:C528255
building/49844,BUILD:BUS:C572446
pole/41899,POL:PPOLE:C526689
st_struct_pedestal/67356,PED:SST:C556489
anchors/9969,ANCH:CO::6959186
st_struct_pedestal/69038,PED:SST:C547639
st_struct_pedestal/67637,PED:CPM:C538453
st_struct_pedestal/70127,PED:JSPED:C535544
building/49960,BUILD:SDU:C537960
st_struct_pedestal/67357,PED:SST:C531453
pole/42693,POL:PPOLE:C534216
st_struct_pedestal/67997,PED:SST:C528397
pole/41320,POL:PPOLE:C539140
building/50724,BUILD:SDU:C525917
pole/41268,POL:PPOLE:C536267
st_struct_pedestal/70645,PED:CPM:C537938
st_struct_pedestal/67436,PED:CPM:C550276
st_struct_pedestal/67543,PED:JSPED:C538465
pole/41129,POL:PPOLE:C535746
building/49776,BUILD:BUS:C570452
pole/42370,POL:PPOLE::12614943
building/51031,BUILD:BUS:C536472
building/50832,BUILD:MDU::9218778
mywcom_route_junction/21088,SPJCT:SPJCT::8390891
mywcom_route_junction/20999,SPJCT:SPJCT:C548600
pole/41864,POL:FPOLE::7754398
building/50973,BUILD:BUS:C570455
st_struct_foreign_crossings/3163,FCROS:RRX:C47569
anchors/10150,ANCH:JOINT:C47541
cabinet/2519,CAB:JWI:C531309
building/50123,BUILD:BUS::9680843
building/50171,BUILD:SDU:C529188
pole/40925,POL:PPOLE:C547806
st_struct_pedestal/70196,PED:CPM:C541677
mywcom_route_junction/21242,SPJCT:SPJCT:C541750
building/49352,BUILD:SDU:C543586
st_struct_pedestal/67122,PED:CPM:C546186
pole/41418,POL:PPOLE:C538863
mywcom_route_junction/21182,SPJCT:SPJCT:D8028562
st_struct_pedestal/69042,PED:SST:C534102
building/49481,BUILD:SDU:C532733
building/51137,BUILD:MDU:C535717
pole/40808,POL:PPOLE:C540778
building/50892,BUILD:BUS:C539307
st_struct_pedestal/69771,PED:JSPED:C533076
st_struct_pedestal/67934,PED:JSPED::8978740
st_struct_buried_splice_location/2607,CLOSR:BSCLS:C533924
pole/42489,POL:PPOLE:C530423
mywcom_route_junction/21496,SPJCT:SPJCT::8389029
anchors/10325,ANCH:CO:C47368
anchors/10071,ANCH:CO:C47355
mywcom_route_junction/21041,SPJCT:SPJCT:C538160
mywcom_route_junction/21497,SPJCT:SPJCT:C528888
building/50951,BUILD:SDU:C569984
building/50214,BUILD:BUS:C536553
pole/41114,POL:PPOLE:C526936
building/48830,BUILD:SDU:C571815
pole/41357,POL:PPOLE:C542207
building/48801,BUILD:MDU::9180656
st_struct_pedestal/68162,PED:SST:C549577
building/50485,BUILD:SDU:C539412
st_struct_pedestal/68036,PED:CPM:C525620
st_struct_pedestal/68700,PED:JSPED::8978732
st_struct_pedestal/68940,PED:CPM:C546477
mywcom_route_junction/21343,SPJCT:SPJCT:C529344
st_struct_pedestal/68624,PED:JSPED:C534328
st_struct_foreign_crossings/3160,FCROS:RRX:C53667
st_struct_pedestal/67195,PED:CPM:C542081
building/51429,BUILD:MDU::9139691
pole/42607,POL:PPOLE:C530693
building/49306,BUILD:BUS::12627091
building/50672,BUILD:BUS:C542877
st_struct_pedestal/70524,PED:JTPED:C546468
st_struct_pedestal/68927,PED:JSPED:C529964
pole/42013,POL:PPOLE:C521114
building/48895,BUILD:BUS:C549040
st_struct_pedestal/68328,PED:CPM:C541128
mywcom_route_junction/20921,SPJCT:SPJCT:C540926
building/48807,BUILD:BUS:C550129
st_struct_pedestal/68015,POL:SVMST::8035054
st_struct_pedestal/67716,PED:SST:C540510
building/48755,BUILD:MDU::9050445
st_struct_pedestal/67052,PED:JSPED:C547560
st_struct_foreign_crossings/3258,FCROS:RRX:C53981
mywcom_route_junction/21962,SPJCT:SPJCT:C572758
st_struct_pedestal/67860,PED:SST:C550111
pole/41062,POL:PPOLE:C530036
building/50692,BUILD:BUS::10693002
building/50411,BUILD:SDU:C543256
st_struct_pedestal/69779,PED:SST:C532845
pole/41902,POL:PPOLE::7749276
st_struct_buried_splice_location/2738,CLOSR:BSCLS:C535448
st_struct_pedestal/69106,PED:SST::10605036
st_struct_pedestal/67802,PED:CPM:C527582
pole/41470,POL:PPOLE::7749286
st_struct_pedestal/69091,PED:SST:C547318
building/49703,BUILD:SDU:C537162
pole/41104,POL:PPOLE:C531357
mywcom_route_junction/22024,SPJCT:SPJCT:C547226
pole/42388,POL:PPOLE:C529882
pole/42765,POL:PPOLE:C523923
building/49781,BUILD:SDU::11464527
building/49663,BUILD:BUS:C533126
building/49912,BUILD:BUS::9225210
mywcom_route_junction/21549,SPJCT:SPJCT:C570104
pole/42327,POL:PPOLE:C538825
pole/41761,POL:PPOLE:C528926
st_struct_pedestal/69890,PED:JSPED:C545383
mywcom_route_junction/21481,SPJCT:SPJCT::12348068
pole/42707,POL:PPOLE:C536567
pole/40977,POL:PPOLE::10619768
building/50254,BUILD:BUS:C548748
st_struct_pedestal/69969,PED:SST::8357961
st_struct_pedestal/69478,PED:JLAPD:C526153
st_struct_pedestal/67521,PED:CPM:C532672
building/50264,BUILD:SDU::10232860
st_struct_pedestal/68967,PED:SST:C534480
mywcom_route_junction/21649,SPJCT:SPJCT:C541458
st_struct_pedestal/69863,PED:CPM:C549473
anchors/9994,ANCH:JOINT::7021928
st_struct_pedestal/67375,PED:CPM:C560913
pole/42085,POL:PPOLE:C547662
pole/41052,POL:PPOLE::7749287
building/49373,BUILD:SDU:C534461
building/49853,BUILD:BUS::12021964
building/49687,BUILD:SDU:C528037
mywcom_route_junction/21646,SPJCT:SPJCT:C570058
mywcom_route_junction/21345,SPJCT:SPJCT:C540586
pole/40686,POL:PPOLE:C531409
building/49750,BUILD:BUS::12617818
mywcom_route_junction/21191,PJCT:SPJCT::10429004
st_struct_pedestal/70618,PED:SST::9388411
pole/42139,POL:PPOLE:C540258
st_struct_pedestal/67183,PED:CPM:C536423
pole/41214,POL:PPOLE:C540713
st_struct_pedestal/68205,PED:CPM:C540923
building/49258,BUILD:SDU:C557412
building/49266,BUILD:SDU:C533461
st_struct_pedestal/69105,PED:JLPED::10681514
building/50924,BUILD:BUS::9064812
st_struct_pedestal/69644,PED:CPM:C525773
mywcom_route_junction/21378,SPJCT:SPJCT:C572777
st_struct_pedestal/69714,PED:JSPED:C547524
pole/40551,POL:PPOLE:C532591
pole/42643,POL:PPOLE:C535796
pole/42256,POL:PPOLE:C527005
st_struct_pedestal/70723,PED:SST:C548283
anchors/10067,ANCH:CO:C46222
st_struct_pedestal/70665,PED:SST::8355372
building/51453,BUILD:SDU::11443402
mywcom_route_junction/20988,SPJCT:SPJCT::9373045
st_struct_pedestal/67579,PED:SST:C542139
pole/42257,POL:PPOLE:C539822
st_struct_pedestal/67085,PED:CPM::7922076
building/49623,BUILD:SDU:C549870
pole/40978,POL:PPOLE:C548735
building/51341,BUILD:BUS:C571097
pole/42548,POL:PPOLE:C538186
pole/42665,POL:PPOLE:C540283
pole/41258,POL:PPOLE:C534687
building/50977,BUILD:SDU:C571018
building/48823,BUILD:BUS:C550112
pole/42047,POL:PPOLE:C547829
building/49364,BUILD:SDU:C541146
building/49153,BUILD:SDU:C539769
pole/42000,POL:PPOLE::7754410
building/48856,BUILD:BUS:C573807
building/51219,BUILD:SDU::12667440
pole/42792,POL:PPOLE::8264496
building/50683,BUILD:BUS::8837981
building/50038,BUILD:SDU:C540784
pole/41563,POL:PPOLE:C536260
st_struct_pedestal/69908,PED:SST:C540762
building/48749,BUILD:SDU:C538366
mywcom_route_junction/22007,SPJCT:SPJCT:C546749
st_struct_pedestal/69033,PED:SST:C542334
mywcom_route_junction/21987,SPJCT:SPJCT::12997010
st_struct_pedestal/68946,PED:SST:C549653
pole/42798,POL:PPOLE:C537147
pole/42697,POL:PPOLE:C529923
mywcom_route_junction/21387,SPJCT:SPJCT::9100989
st_struct_buried_splice_location/2720,CLOSR:BSCLS:C542306
pole/41008,POL:PPOLE:C532639
st_struct_pedestal/69658,PED:SST:C540377
pole/41901,POL:PPOLE:C528276
building/48737,BUILD:SDU:C549830
building/49951,BUILD:SDU:C539465
pole/40553,POL:PPOLE:C536308
st_struct_pedestal/68029,PED:SST:C540771
building/50805,BUILD:BUS:C529291
pole/41341,POL:PPOLE:C547668
mywcom_route_junction/20913,SPJCT:SPJCT::8411062
building/49747,BUILD:BUS::10266442
building/48821,BUILD:BUS:C538835
st_struct_pedestal/68806,PED:CPM:C548050
st_struct_pedestal/69074,PED:FPED::10332684
building/51366,BUILD:BUS:C547912
mywcom_route_junction/21583,SPJCT:SPJCT:C538959
pole/42064,POL:PPOLE::13507819
st_struct_pedestal/67633,PED:SST:C531791
building/49542,BUILD:MDU::12642446
st_struct_pedestal/67378,PED:JSPED:C528454
mywcom_route_junction/21909,SPJCT:SPJCT:C571802
pole/42546,POL:PPOLE:C530066
pole/42372,POL:PPOLE:C527743
pole/40975,POL:CPOLE:C546835
pole/41174,POL:PPOLE:C532551
building/51174,BUILD:BUS:C530254
building/49788,BUILD:SDU:C527963
st_struct_pedestal/70145,PED:SST:C541427
st_struct_pedestal/68235,PED:JSPED:C560881
cabinet/2417,CAB:EC:C542569
st_struct_pedestal/69021,PED:JSPED:C534344
building/49661,BUILD:SDU:C539673
pole/42612,POL:PPOLE:C549862
st_struct_pedestal/70299,PED:SST::12438602
mywcom_route_junction/21760,SPJCT:SPJCT::13127944
st_struct_pedestal/69032,PED:SST:C540700
pole/40797,POL:PPOLE:C539734
building/50460,BUILD:MDU::9839578
mywcom_route_junction/21747,PJCT:SPJCT::10302605
st_struct_vault/2455,VAULT:MH-S:C531152
pole/42642,POL:PPOLE::7750881
mywcom_route_junction/21166,SPJCT:SPJCT:C570309
pole/42486,POL:PPOLE:C532727
mywcom_route_junction/21956,SPJCT:SPJCT:C539713
building/48988,BUILD:BUS::10058203
st_struct_foreign_crossings/3195,FCROS:PLX:C47536
mywcom_route_junction/21929,PJCT:SPJCT::10434764
st_struct_pedestal/70260,PED:JSPED:C528901
mywcom_route_junction/21025,SPJCT:SPJCT:C539327
st_struct_pedestal/68807,PED:CPM:C537189
pole/41617,POL:PPOLE:C540266
pole/41549,POL:PPOLE:C537289
building/49337,BUILD:SDU:C540781
pole/40796,POL:PPOLE:C532509
pole/41808,POL:CPOLE:C528133
pole/40782,POL:PPOLE:C534222
building/50303,BUILD:SDU:C524323
mywcom_route_junction/21600,PJCT:SPJCT::10058446
building/49673,BUILD:SDU:C549770
building/50361,BUILD:SDU:C540398
mywcom_route_junction/21686,SPJCT:SPJCT:C543488
st_struct_pedestal/67372,PED:JSPED:C526104
anchors/10524,ANCH:JOINT:C47358
st_struct_pedestal/68919,PED:CPM:C549620
building/51163,BUILD:SDU:C547954
building/50472,BUILD:BUS:C542390
st_struct_pedestal/67634,PED:CPM:C546488
building/49832,BUILD:SDU:C535142
pole/41410,POL:PPOLE:C528938
building/48764,BUILD:SDU::13032842
st_struct_pedestal/70233,PED:CPM:C527726
pole/42245,POL:PPOLE::7748961
st_struct_pedestal/68182,PED:CPM:C537846
st_struct_pedestal/68048,PED:CPM:C529657
st_struct_pedestal/70174,PED:CPM:C542791
pole/42390,POL:PPOLE:C540274
pole/40884,POL:PPOLE:C540284
st_struct_pedestal/67773,PED:JSPED:C573864
building/50513,BUILD:MDU::9047850
mywcom_route_junction/21911,SPJCT:SPJCT::8393130
mywcom_route_junction/21746,SPJCT:SPJCT:C545903
st_struct_pedestal/69458,PED:SST::7615514
st_struct_pedestal/67891,PED:SST:C539113
mywcom_route_junction/21422,SPJCT:SPJCT::12616206
st_struct_pedestal/68736,PED:CPM:C540107
st_struct_pedestal/69254,PED:CPM:C535836
pole/42380,POL:PPOLE:C528204
pole/41203,POL:PPOLE:C531483
building/49466,BUILD:SDU:C536441
st_struct_pedestal/67067,PED:CPM:C541680
st_struct_pedestal/69834,PED:CPM:C532954
building/50801,BUILD:SDU::12667437
pole/41463,POL:PPOLE:C528927
st_struct_pedestal/67366,PED:SST::10838604
building/49310,BUILD:BUS:C543474
mywcom_route_junction/21118,SPJCT:SPJCT:C573975
cabinet/2457,CAB:JWI:C532673
st_struct_pedestal/70679,PED:JTPED:C540528
mywcom_route_junction/21574,SPJCT:SPJCT::9080191
mywcom_route_junction/21577,SPJCT:SPJCT:C571075
anchors/10039,ANCH:CO:C47394
pole/41407,POL:PPOLE:C532642
building/50442,BUILD:BUS:C532838
building/51023,BUILD:MDU::9160173
st_struct_pedestal/69154,PED:JSPED:C540646
building/49060,BUILD:SDU:C530374
mywcom_route_junction/21827,SPJCT:SPJCT::8035071
mywcom_route_junction/21334,SPJCT:SPJCT:C543859
mywcom_route_junction/21286,SPJCT:SPJCT:C537854
st_struct_pedestal/67483,PED:JSPED:C538977
anchors/10178,ANCH:JOINT:C48198
st_struct_pedestal/70555,PED:JSPED:C544659
building/49995,BUILD:BUS:C536682
mywcom_route_junction/21613,SPJCT:SPJCT::9253642
st_struct_buried_splice_location/2679,CLOSR:BSCLS:C532214
building/50300,BUILD:MDU::9106736
st_struct_pedestal/69662,PED:JTPED:C535282
st_struct_pedestal/67912,PED:SST::7388336
mywcom_route_junction/21843,SPJCT:SPJCT:C549610
pole/41959,POL:PPOLE:C531218
anchors/10498,ANCH:JOINT:C47106
mywcom_route_junction/21030,SPJCT:SPJCT:C571138
st_struct_pedestal/67507,PED:SST:C529552
anchors/10506,ANCH:CO:C53504
st_struct_pedestal/67905,POL:SVMST:C572582
mywcom_route_junction/21409,SPJCT:SPJCT::8355397
pole/41226,POL:PPOLE:C524194
building/49422,BUILD:SDU:C546176
building/49408,BUILD:SDU:C571735
anchors/10137,ANCH:JOINT:C46515
pole/42378,POL:PPOLE:C527137
st_struct_pedestal/70048,PED:CPM:C536800
st_struct_pedestal/68866,PED:SST:C541807
anchors/10446,ANCH:CO:C53516
mywcom_route_junction/21231,SPJCT:SPJCT:C573045
st_struct_pedestal/69471,PED:CPM::8894267
pole/41236,POL:PPOLE:C531385
building/51110,BUILD:BUS::12653009
mywcom_route_junction/21192,SPJCT:SPJCT:C527116
pole/41344,POL:PPOLE:C547456
st_struct_pedestal/67279,PED:CPM:C527727
anchors/10298,ANCH:CO:C46440
st_struct_pedestal/68911,PED:SST:C540425
pole/42280,POL:PPOLE:C572899
pole/41468,POL:PPOLE::7754420
st_struct_foreign_crossings/3245,FCROS:RRX:C48232
building/49324,BUILD:SDU:C541140
st_struct_pedestal/69423,PED:JSPED:C531197
building/49931,BUILD:SDU:C556891
st_struct_pedestal/70774,PED:SST:C550102
pole/41888,POL:CPOLE:C572851
building/49934,BUILD:SDU:C527163
st_struct_pedestal/70077,PED:SST:C539753
anchors/10400,ANCH:CO:C47684
st_struct_pedestal/70075,PED:SST::9648523
pole/41725,POL:PPOLE:C535731
pole/42435,POL:PPOLE:C529898
st_struct_pedestal/70092,PED:JSPED::12536522
building/50590,BUILD:SDU:C546172
building/49681,BUILD:BUS:C548209
pole/42374,POL:PPOLE:C526352
pole/41773,POL:CPOLE:C571007
st_struct_pedestal/69683,PED:CPM:C539694
building/49862,BUILD:SDU:C527022
st_struct_buried_splice_location/2737,CLOSR:BSCLS:C540576
anchors/10309,ANCH:JOINT:C47443
st_struct_pedestal/67202,PED:JLPED::8035040
st_struct_pedestal/68282,PED:JSPED:C535263
building/51004,BUILD:BUS::8187994
st_struct_pedestal/70098,PED:CPM:C546565
st_struct_pedestal/69912,PED:CPM:C539438
building/49102,BUILD:BUS:C572793
st_struct_pedestal/70700,PED:SST:C542469
st_struct_pedestal/68657,PED:CPM:C528123
st_struct_pedestal/67796,PED:CPM::10677663
st_struct_pedestal/69540,PED:CPM:C544028
building/50896,BUILD:BUS:C542350
mywcom_route_junction/21132,SPJCT:SPJCT::12627089
building/49462,BUILD:BUS:C571649
building/49603,BUILD:SEB::12451736
building/49299,BUILD:SDU:C550270
st_struct_pedestal/70583,PED:SST:C544735
pole/41037,POL:PPOLE:C539818
st_struct_pedestal/69138,PED:JSPED:C539055
pole/41574,POL:PPOLE:C546866
building/50749,BUILD:SDU::12667449
st_struct_pedestal/68899,PED:CPM:C540699
pole/40692,POL:PPOLE:C532553
st_struct_pedestal/70325,PED:JSPED::8978789
st_struct_pedestal/70126,PED:JSPED:C528934
st_struct_pedestal/68784,PED:SST::9827722
pole/41926,POL:PPOLE:C536311
st_struct_buried_splice_location/2694,CLOSR:BSCLS:C571265
pole/41193,POL:PPOLE:C526233
mywcom_route_junction/21138,SPJCT:SPJCT:C572428
pole/41716,POL:PPOLE:C531371
building/49451,BUILD:BUS:C572787
pole/41126,POL:PPOLE:C526333
st_struct_pedestal/70428,PED:SST:C539834
building/50443,BUILD:SDU::12667474
mywcom_route_junction/21560,PJCT:SPJCT::10047566
pole/41644,POL:PPOLE:C529832
st_struct_pedestal/67610,PED:SST:C532866
pole/42129,POL:PPOLE:C529804
st_struct_pedestal/70821,PED:JSPED::7391227
st_struct_pedestal/68348,PED:JSPED:C539069
st_struct_pedestal/70585,PED:SST:C529866
st_struct_pedestal/67260,PED:CPM:C542747
building/50298,BUILD:SDU:C539357
st_struct_pedestal/68672,PED:CPM:C543248
st_struct_pedestal/69178,PED:CPM:C532603
building/48742,BUILD:SDU:C537166
st_struct_pedestal/68219,PED:SST::10563414
mywcom_route_junction/20918,SPJCT:SPJCT::12627088
building/50559,BUILD:SDU::13298157
st_struct_pedestal/69097,PED:SST::8865470
st_struct_foreign_crossings/3141,FCROS:PLX:C52933
building/50183,BUILD:SDU:C542619
mywcom_route_junction/21985,SPJCT:SPJCT::8412970
st_struct_pedestal/69407,PED:JSPED::11098781
tower/472,TOWER:TOWER:C550313
anchors/10153,ANCH:JOINT::7021927
pole/42827,POL:PPOLE:C531488
st_struct_pedestal/70474,PED:JSPED::9043412
pole/41612,POL:PPOLE:C529987
building/50922,BUILD:MDU::9130736
st_struct_pedestal/68761,PED:CPM:C534579
st_struct_pedestal/67882,PED:CPM:C536853
st_struct_pedestal/69672,PED:JSPED:C528842
pole/42143,POL:PPOLE:C548749
anchors/10249,ANCH:CO::6992490
pole/41982,POL:PPOLE:C534901
building/49222,BUILD:BUS:C573022
building/49443,BUILD:BUS:C539798
st_struct_pedestal/69480,PED:JSPED:C544664
st_struct_pedestal/70519,PED:JTPED:C535471
building/50015,BUILD:SDU:C539759
building/49199,BUILD:BUS:C549567
st_struct_pedestal/68909,PED:CPM:C527818
st_struct_pedestal/68760,PED:JSPED:C525920
building/48826,BUILD:BUS:C548558
pole/42072,POL:PPOLE:C547777
st_struct_pedestal/67781,PED:CPM:C525908
mywcom_route_junction/21294,SPJCT:SPJCT:C543039
st_struct_pedestal/68751,PED:JSPED::10669731
st_struct_pedestal/69456,PED:CPM:C534581
anchors/10521,ANCH:CO:C47276
building/49945,BUILD:SDU:C557072
mywcom_route_junction/21069,SPJCT:SPJCT::13128218
building/49106,BUILD:SDU:C533966
st_struct_pedestal/68884,PED:SST:C537665
pole/42312,POL:PPOLE:C542591
pole/40851,POL:PPOLE:C548400
st_struct_pedestal/70236,PED:SST:C548237
pole/40933,POL:PPOLE:C524285
cabinet/2462,CAB:JWI:C530010
st_struct_pedestal/68034,PED:JSPED::8716972
building/49368,BUILD:SDU:C533158
building/48993,BUILD:BUS::9718922
st_struct_pedestal/68603,PED:SST:C544011
building/49397,BUILD:BUS:C530308
building/50175,BUILD:MDU::9324059
st_struct_vault/2433,AULT:HHOLE::10910922
st_struct_pedestal/68264,PED:CPM:C531410
building/48774,BUILD:PS:C550504
pole/42361,POL:PPOLE:C539727
pole/42174,POL:PPOLE:C523774
cabinet/2510,CAB:JWI:C531268
st_struct_pedestal/70735,PED:JSPED:C535512
st_struct_pedestal/67412,PED:CPM:C550277
pole/40705,POL:PPOLE:C538908
st_struct_vault/2489,VAULT:FTTX::9650144
mywcom_route_junction/20952,SPJCT:SPJCT::8389024
pole/42097,POL:PPOLE:C540236
pole/41688,POL:PPOLE:C531421
pole/41581,POL:PPOLE:C523826
building/50595,BUILD:SDU:C535182
pole/41264,POL:PPOLE::7754413
pole/41067,POL:PPOLE:C533067
mywcom_route_junction/21016,SPJCT:SPJCT:C535288
pole/41086,POL:PPOLE:C532667
mywcom_route_junction/21768,PJCT:SPJCT::11069335
st_struct_pedestal/69507,PED:CPM:C535660
st_struct_pedestal/68458,PED:SST::8685613
pole/42024,POL:PPOLE:C523276
pole/40609,POL:PPOLE:C540850
building/49804,BUILD:BUS:C547421
building/50792,BUILD:SDU:C528040
st_struct_pedestal/69082,PED:JSPED::8978734
pole/41472,POL:PPOLE:C539898
anchors/10174,ANCH:JOINT:C47576
st_struct_pedestal/70648,PED:CPM:C536321
st_struct_pedestal/67445,PED:SST::11285322
st_struct_pedestal/69056,PED:SST:C540785
mywcom_route_junction/20893,SPJCT:SPJCT:C572453
st_struct_pedestal/69394,PED:SST:C542143
building/50988,BUILD:SDU:C539350
st_struct_pedestal/68864,PED:JTPED:C536172
st_struct_pedestal/68659,PED:SST::9741007
mywcom_route_junction/20997,SPJCT:SPJCT:C541009
pole/42464,POL:PPOLE:C530718
st_struct_pedestal/68471,PED:CPM:C540688
st_struct_pedestal/68362,PED:CPM:C549782
mywcom_route_junction/21056,SPJCT:SPJCT:C541361
building/48746,BUILD:SDU:C571999
anchors/10417,ANCH:CO:C46248
st_struct_pedestal/67644,PED:CPM:C527044
pole/40822,POL:CPOLE:C570265
st_struct_pedestal/69977,PED:JSPED:C547377
pole/41966,POL:PPOLE:C530665
building/48975,BUILD:BUS:C547242
st_struct_pedestal/70228,PED:JSPED:C573058
st_struct_pedestal/68606,PED:JSPED:C538983
building/51186,BUILD:BUS::13245706
st_struct_vault/2430,VAULT:FTTX::9542605
building/49182,BUILD:BUS:C547423
building/48979,BUILD:SDU:C548284
building/51122,BUILD:SDU:C527748
building/51001,BUILD:BUS::8908011
st_struct_pedestal/70335,PED:SST:C534851
anchors/10281,ANCH:CO:C47829
pole/42130,POL:PPOLE:C526921
st_struct_buried_splice_location/2638,CLOSR:BSCLS:C544514
st_struct_pedestal/68417,PED:JSPED:C542340
building/50129,BUILD:SDU:C543473
st_struct_pedestal/68676,PED:CPM:C527415
building/49335,BUILD:SDU:C542443
pole/42381,POL:PPOLE:C523570
mywcom_route_junction/21202,PJCT:SPJCT::10058155
pole/41337,POL:PPOLE:C527237
pole/41593,POL:PPOLE:C531418
building/49721,BUILD:BUS::7615516
st_struct_pedestal/67745,PED:SST:C538665
st_struct_pedestal/67655,PED:SST::7390300
pole/42309,POL:PPOLE:C549911
st_struct_pedestal/70240,PED:CPM:C528202
building/48735,BUILD:SDU:C538324
st_struct_pedestal/68740,PED:CPM:C525681
pole/42809,POL:PPOLE:C529919
pole/41631,POL:PPOLE:C523819
mywcom_route_junction/21374,SPJCT:SPJCT:C521404
pole/42098,POL:PPOLE:C526575
pole/41769,POL:PPOLE:C526549
pole/42026,POL:PPOLE:C536634
mywcom_route_junction/20983,SPJCT:SPJCT::11564043
building/50330,BUILD:SDU:C531600
pole/40917,POL:PPOLE:C528361
st_struct_pedestal/69860,PED:CPM:C527728
st_struct_foreign_crossings/3192,FCROS:PLX:C54421
st_struct_pedestal/69426,PED:JSPED:C528432
building/51255,BUILD:BUS:C549684
st_struct_pedestal/68355,PED:CPM:C542633
st_struct_pedestal/69039,PED:SST:C532443
building/50044,BUILD:SDU:C527869
anchors/10037,ANCH:CO:C46536
pole/41398,POL:PPOLE::8383250
st_struct_pedestal/68825,PED:SST:C542357
st_struct_foreign_crossings/3112,FCROS:PLX:C53768
mywcom_route_junction/21863,SPJCT:SPJCT::13132698
anchors/10357,ANCH:JOINT::6994709
anchors/10133,ANCH:JOINT:C46193
st_struct_pedestal/68528,PED:SST::8355371
building/50008,BUILD:SDU:C537905
pole/42563,POL:PPOLE:C532716
pole/42044,POL:PPOLE:C531470
building/50738,BUILD:BUS:C570607
st_struct_foreign_crossings/3256,FCROS:PLX:C46830
pole/42274,POL:PPOLE:C535242
st_struct_pedestal/67677,PED:SST::9535274
building/50874,BUILD:BUS:C536428
st_struct_foreign_crossings/3139,FCROS:PLX:C47006
building/49833,BUILD:BUS:C537057
building/49759,BUILD:BUS:C550520
st_struct_foreign_crossings/3142,FCROS:PLX:C47535
mywcom_route_junction/21456,PJCT:SPJCT::10058783
building/51262,BUILD:BUS:C572904
mywcom_route_junction/21261,SPJCT:SPJCT:C529323
st_struct_pedestal/69864,PED:CPM:C527699
st_struct_vault/2448,VAULT:MH-S:C531219
st_struct_pedestal/67942,PED:SST:C539264
pole/41927,POL:PPOLE:C532782
mywcom_route_junction/21805,SPJCT:SPJCT:C536541
pole/41517,POL:PPOLE:C538138
pole/41998,POL:PPOLE:C532604
mywcom_route_junction/21207,SPJCT:SPJCT:C547287
st_struct_pedestal/68956,PED:SST::7916010
pole/42241,POL:PPOLE:C533868
st_struct_pedestal/69722,PED:CPM:C541467
st_struct_pedestal/69133,PED:SST:C571952
st_struct_pedestal/70088,PED:CPM:C537024
st_struct_pedestal/70767,PED:SST:C531429
st_struct_pedestal/69119,PED:CPM:C532660
building/51033,BUILD:MDU:C535720
mywcom_route_junction/21826,SPJCT:SPJCT::12642443
mywcom_route_junction/21370,SPJCT:SPJCT:C544676
mywcom_route_junction/21117,SPJCT:SPJCT::8978775
st_struct_pedestal/68617,PED:JSPED:C542242
st_struct_pedestal/69719,PED:SST:C537435
pole/40889,POL:PPOLE::7748955
st_struct_pedestal/69610,PED:CPM:C536434
st_struct_buried_splice_location/2700,LOSR:BSCLS::10047568
pole/42439,POL:PPOLE:C526603
mywcom_route_junction/21949,SPJCT:SPJCT:C547393
pole/41558,POL:PPOLE:C524296
pole/41660,POL:PPOLE:C540248
st_struct_foreign_crossings/3237,FCROS:PLX:C47929
st_struct_pedestal/70655,PED:CPM:C534500
st_struct_pedestal/69884,PED:SST::8389022
building/49761,BUILD:MDU::9177130
st_struct_pedestal/68828,PED:CPM:C538337
st_struct_pedestal/67203,PED:JSPED::9043410
st_struct_pedestal/69874,PED:CPM:C541419
building/49926,BUILD:SDU:C542415
mywcom_route_junction/21563,SPJCT:SPJCT::8389633
mywcom_route_junction/21274,SPJCT:SPJCT:C541104
st_struct_pedestal/67126,PED:JTPED:C525905
st_struct_pedestal/69291,PED:JSPED::12234174
st_struct_pedestal/68741,PED:SST:C549680
pole/40650,POL:PPOLE:C528259
pole/41434,POL:PPOLE:C525465
building/50751,BUILD:SDU:C569977
pole/40735,POL:PPOLE:C541037
building/51256,BUILD:BUS:C540436
st_struct_pedestal/68422,PED:CPM:C573933
building/50868,BUILD:SDU:C530527
pole/41621,POL:PPOLE:C532490
st_struct_pedestal/67794,PED:CPM:C527717
pole/41363,POL:PPOLE:C530155
building/49988,BUILD:SEB::7390301
st_struct_pedestal/67828,PED:CPM:C527976
st_struct_pedestal/67054,PED:SST::10558928
st_struct_pedestal/68263,PED:CPM:C531381
st_struct_foreign_crossings/3100,FCROS:PLX:C47415
st_struct_pedestal/70155,PED:CPM:C531395
st_struct_pedestal/67791,PED:CPM:C544791
pole/40824,POL:PPOLE::7750878
mywcom_route_junction/20936,SPJCT:SPJCT:C572026
st_struct_pedestal/67554,PED:SST:C539830
pole/42426,POL:PPOLE::7749279
building/50615,BUILD:SDU:C533945
st_struct_pedestal/67897,PED:SST::7718876
building/49745,BUILD:SDU:C543336
st_struct_pedestal/67082,PED:SST::9669978
building/50343,BUILD:BUS::10058192
building/50155,BUILD:BUS::7386407
mywcom_route_junction/21177,SPJCT:SPJCT:C534046
building/50706,BUILD:SDU:C533107
st_struct_pedestal/68574,PED:CPM:C539671
building/49839,BUILD:SDU:C528399
pole/42275,POL:PPOLE:C535753
anchors/10175,ANCH:JOINT:C53206
st_struct_pedestal/70257,PED:SST:C533052
pole/42781,POL:PPOLE:C531475
mywcom_route_junction/21143,SPJCT:SPJCT:C571140
st_struct_foreign_crossings/3182,FCROS:RRX:C48255
pole/41827,POL:PPOLE:C535787
building/49079,BUILD:SDU:C539282
building/48972,BUILD:BUS:C547917
st_struct_pedestal/68660,PED:FPED:C530734
st_struct_pedestal/70798,PED:SST:C537032
mywcom_route_junction/21089,SPJCT:SPJCT:C531708
st_struct_pedestal/67368,PED:JSPED:C531314
st_struct_pedestal/70308,PED:JSPED::9617171
pole/40517,POL:PPOLE:C532780
st_struct_pedestal/69476,PED:CPM:C526225
building/49485,BUILD:MDU::9916043
anchors/10476,ANCH:CO:C53567
st_struct_buried_splice_location/2652,CLOSR:BSCLS:C550268
pole/41845,POL:PPOLE:C542203
building/49808,BUILD:SDU::10077962
mywcom_route_junction/21841,SPJCT:SPJCT:C536949
pole/42787,POL:PPOLE:C529996
st_struct_pedestal/70414,PED:CPM:C533303
pole/41718,POL:PPOLE:C526548
st_struct_pedestal/67319,POL:SVMST::8035063
st_struct_pedestal/69578,PED:SST:C544728
st_struct_foreign_crossings/3175,FCROS:RRX:C53648
pole/42235,POL:PPOLE:C534902
building/50406,BUILD:SDU:C548335
anchors/10505,ANCH:CO:C47575
pole/41924,POL:PPOLE:C537661
pole/41707,POL:PPOLE:C538896
anchors/10408,ANCH:CO:C46197
pole/42459,POL:PPOLE:C531271
pole/40647,POL:PPOLE:C526521
st_struct_pedestal/69155,PED:JSPED:C535238
st_struct_pedestal/67814,PED:SST:C539254
st_struct_pedestal/67746,PED:CPM:C549831
st_struct_pedestal/67416,PED:JSPED:C535044
building/51025,BUILD:SDU:C550293
pole/41169,POL:PPOLE:C540269
st_struct_pedestal/68521,PED:CPM:C528221
st_struct_pedestal/70631,PED:CPM:C545901
st_struct_pedestal/70242,PED:CPM:C540376
st_struct_pedestal/69616,PED:SST::9669979
st_struct_pedestal/68795,PED:SST:C547339
st_struct_pedestal/68505,PED:JSPED:C532822
building/50311,BUILD:BUS::12182602
building/51362,BUILD:BUS:C542783
building/50646,BUILD:SDU:C557415
mywcom_route_junction/21151,PJCT:SPJCT::10058443
pole/42351,POL:PPOLE:C533060
pole/40487,POL:PPOLE:C529983
st_struct_foreign_crossings/3188,FCROS:RRX:C53765
st_struct_pedestal/70816,PED:JSPED::10669719
building/49145,BUILD:SDU:C540179
st_struct_pedestal/67853,PED:JSPED:C540513
building/51011,BUILD:BUS:C535118
st_struct_pedestal/69853,PED:CPM:C549750
pole/41469,POL:PPOLE:C526308
st_struct_buried_splice_location/2678,CLOSR:BSCLS:C546485
building/50678,BUILD:SDU:C533320
building/49692,BUILD:BUS:C536939
building/49446,BUILD:BUS:C537513
pole/42348,POL:PPOLE:C534598
pole/41953,POL:PPOLE:C549854
building/49171,BUILD:SDU:C526658
st_struct_pedestal/69067,PED:CPM:C571812
st_struct_pedestal/68508,PED:CPM:C537031
st_struct_pedestal/68642,PED:CPM:C531383
pole/41589,POL:PPOLE::7749283
building/49685,BUILD:SDU:C557379
st_struct_buried_splice_location/2645,CLOSR:BSCLS:C558337
st_struct_pedestal/67541,PED:JSPED:C529968
st_struct_pedestal/68525,PED:CPM:C537997
pole/42223,POL:PPOLE::7746096
mywcom_route_junction/21397,SPJCT:SPJCT:C559629
mywcom_route_junction/21393,SPJCT:SPJCT::9063864
mywcom_route_junction/21006,PJCT:SPJCT::11091755
pole/41534,POL:PPOLE:C523784
st_struct_pedestal/67470,PED:CPM:C543576
st_struct_pedestal/67951,PED:CPM:C528142
building/50260,BUILD:BUS::10887898
st_struct_pedestal/67322,PED:SST:C543758
building/49411,BUILD:SDU:C539647
pole/40792,POL:PPOLE:C525411
st_struct_pedestal/69083,PED:SST:C542846
st_struct_pedestal/67777,PED:CPM:C549109
mywcom_route_junction/21305,SPJCT:SPJCT:C547537
building/50861,BUILD:SDU:C530879
st_struct_foreign_crossings/3225,FCROS:RRX:C47777
pole/40715,POL:PPOLE:C532753
building/50552,BUILD:BUS:C536427
mywcom_route_junction/21051,SPJCT:SPJCT:C549934
building/48805,BUILD:SDU:C543420
building/49651,BUILD:MDU::9202731
st_struct_vault/2483,VAULT:MH-T:C532252
building/50202,BUILD:BUS:C548555
anchors/10083,ANCH:CO:C53228
st_struct_pedestal/67168,PED:JSPED:C547835
st_struct_buried_splice_location/2728,CLOSR:BSCLS:C528863
pole/42630,POL:PPOLE:C523790
mywcom_route_junction/21199,SPJCT:SPJCT::9949968
st_struct_pedestal/68955,POL:SVMST::8035065
mywcom_route_junction/21517,SPJCT:SPJCT::9093291
mywcom_route_junction/21420,SPJCT:SPJCT::8459052
st_struct_pedestal/69686,PED:SST:C537723
st_struct_pedestal/69070,PED:SST::7386402
pole/41150,POL:CPOLE:C538884
building/50548,BUILD:SDU:C538695
st_struct_pedestal/69053,PED:CPM:C537345
st_struct_pedestal/67899,PED:SST::8411056
building/49871,BUILD:SDU:C524333
building/49482,BUILD:SDU:C538009
anchors/10270,ANCH:JOINT:C47273
building/48943,BUILD:MDU::10545174
pole/42034,POL:PPOLE:C532496
mywcom_route_junction/21740,SPJCT:SPJCT:C571139
anchors/10020,ANCH:CO:C46479
mywcom_route_junction/21604,SPJCT:SPJCT:C535241
building/50728,BUILD:SDU:C530902
st_struct_pedestal/69520,PED:CPM:C538094
st_struct_pedestal/68976,PED:CPM:C533101
pole/40698,POL:PPOLE:C540047
anchors/10176,ANCH:JOINT:C47050
anchors/9997,ANCH:JOINT:C53999
mywcom_route_junction/21964,SPJCT:SPJCT:D8007500
st_struct_pedestal/69484,PED:CPM:C540512
st_struct_pedestal/69002,PED:SST::9059370
building/50459,BUILD:MDU::9063530
building/50315,BUILD:BUS::7396314
st_struct_pedestal/67759,PED:CPM:C538524
cabinet/2498,CAB:EC:C571590
building/49029,BUILD:SDU:C533104
pole/41030,POL:PPOLE:C528394
st_struct_pedestal/69806,PED:CPM:C541632
pole/41094,POL:PPOLE:C570989
st_struct_pedestal/69495,PED:JSPED:C550425
mywcom_route_junction/21249,SPJCT:SPJCT::9676074
building/51474,BUILD:BUS:C543838
mywcom_route_junction/21072,SPJCT:SPJCT:C539305
st_struct_pedestal/68285,PED:SST:C549329
st_struct_pedestal/68664,PED:CPM:C542544
building/50421,BUILD:SDU:C540104
anchors/10003,ANCH:JOINT:C54002
building/49822,BUILD:SDU:C538184
pole/42463,POL:PPOLE:C539878
building/50158,BUILD:MDU::9066093
building/49880,BUILD:MDU::9103210
building/49814,BUILD:SDU:C550265
mywcom_route_junction/21955,PJCT:SPJCT::10934605
st_struct_pedestal/68632,PED:CPM:C532524
mywcom_route_junction/21576,SPJCT:SPJCT::9043812
st_struct_pedestal/68568,PED:SST:C535289
building/49455,BUILD:SDU:C527407
building/50632,BUILD:BUS:C536636
building/49843,BUILD:BUS:C527490
anchors/10161,ANCH:JOINT:C45702
mywcom_route_junction/20950,SPJCT:SPJCT:C547406
building/49357,BUILD:SDU:C528074
st_struct_pedestal/70572,PED:JSPED:C547518
st_struct_pedestal/68637,PED:CPM:C527630
st_struct_pedestal/70471,PED:CPM:C531199
st_struct_pedestal/69916,PED:CPM:C528153
st_struct_buried_splice_location/2648,CLOSR:BSCLS:C549849
building/50756,BUILD:BUS::11069018
st_struct_pedestal/68683,PED:CPM:C542475
st_struct_pedestal/70743,PED:JSPED:C528448
pole/42622,POL:PPOLE:C539116
building/50061,BUILD:BUS::9043724
st_struct_pedestal/67825,PED:CPM:C528006
mywcom_route_junction/21925,SPJCT:SPJCT::12635722
pole/41475,POL:PPOLE:C529980
pole/42413,POL:PPOLE:C529915
pole/40706,POL:PPOLE:C540235
building/50872,BUILD:BUS:C543854
anchors/10285,ANCH:CO:C46661
st_struct_pedestal/67904,PED:CPM:C528228
building/49274,BUILD:SDU:C541428
st_struct_pedestal/68875,PED:CPM:C525909
st_struct_pedestal/67956,PED:SST:C571926
st_struct_pedestal/68451,PED:SST:C535637
pole/40522,POL:PPOLE:C546848
st_struct_pedestal/67105,PED:JSPED:C535680
pole/41964,POL:PPOLE:C531330
anchors/10246,ANCH:JOINT:C53879
st_struct_pedestal/69938,PED:CPM:C532699
building/50784,BUILD:BUS:C535545
building/49326,BUILD:SDU:C541202
mywcom_route_junction/21919,SPJCT:SPJCT:C534384
pole/41210,POL:PPOLE:C532249
st_struct_pedestal/67966,PED:JSPED:C538963
st_struct_pedestal/67510,PED:CPM:C571758
st_struct_pedestal/67153,PED:JSPED:C573812
st_struct_pedestal/68020,PED:JUPED::8490734
st_struct_pedestal/68993,PED:SST:C541628
building/50023,BUILD:SDU:C534467
building/50281,BUILD:SDU:C527685
anchors/10036,ANCH:CO:C47177
st_struct_pedestal/67932,PED:SST:C547645
st_struct_pedestal/67403,PED:SST::9604085
anchors/10438,ANCH:CO:C47257
pole/42088,POL:PPOLE:C530701
anchors/10339,ANCH:CO:C47063
st_struct_pedestal/70365,PED:CPM:C532187
st_struct_pedestal/69509,PED:CPM:C543553
building/49920,BUILD:SDU:C570112
mywcom_route_junction/21287,SPJCT:SPJCT:C547335
building/49922,BUILD:SDU:C534458
pole/42561,POL:CPOLE:C530606
st_struct_pedestal/70350,POL:SVMST::8035050
pole/40694,POL:PPOLE:C532686
pole/41317,POL:PPOLE:C525470
st_struct_pedestal/67744,PED:CPM:C549966
pole/41657,POL:PPOLE:C528370
cabinet/2465,CAB:JWI:C535376
mywcom_route_junction/21518,PJCT:SPJCT::10058780
building/50405,BUILD:BUS:C570488
st_struct_pedestal/70526,PED:CPM:C571980
building/49834,BUILD:SDU:C538541
st_struct_pedestal/68833,PED:CPM:C540766
st_struct_pedestal/69172,PED:CPM:C539309
st_struct_buried_splice_location/2613,CLOSR:BSCLS:C548564
mywcom_route_junction/21708,SPJCT:SPJCT:C572455
st_struct_pedestal/70466,PED:CPM:C550279
st_struct_buried_splice_location/2721,CLOSR:BSCLS:C573833
pole/42724,POL:PPOLE:C540273
building/50812,BUILD:SDU:C535879
pole/42083,POL:PPOLE:C532333
building/50970,BUILD:BUS:C534690
pole/41960,POL:PPOLE:C530424
pole/40770,POL:PPOLE:C547868
building/50393,BUILD:SDU:C542042
st_struct_pedestal/67613,PED:SST::9674141
st_struct_pedestal/68256,PED:CPM:C541646
building/50745,BUILD:BUS::7450076
st_struct_buried_splice_location/2749,CLOSR:BSCLS:C539821
pole/41195,POL:FPOLE::7754402
st_struct_pedestal/67656,PED:SST:C573842
st_struct_pedestal/67577,PED:SST:C529714
building/50996,BUILD:BUS:C543700
pole/42001,POL:PPOLE:C546693
building/48957,BUILD:SDU:C541474
st_struct_pedestal/67468,PED:JSPED::11065485
st_struct_pedestal/70797,PED:CPM:C557131
st_struct_pedestal/69497,PED:SST::9541039
st_struct_buried_splice_location/2646,CLOSR:BSCLS:C544799
anchors/10136,ANCH:JOINT:C47277
st_struct_pedestal/69367,PED:JSPED:C535578
st_struct_pedestal/67218,PED:SST:C546563
pole/42419,POL:PPOLE:C526394
building/49100,BUILD:BUS:C535623
mywcom_route_junction/21263,SPJCT:SPJCT:C533229
building/50821,BUILD:SDU:C538449
st_struct_pedestal/68992,PED:SST::8358254
st_struct_pedestal/68711,PED:JSPED:C529779
pole/42369,POL:PPOLE::7791514
anchors/10212,ANCH:JOINT:C53222
st_struct_vault/2477,AULT:HHOLE::11091738
pole/42284,POL:PPOLE:C532029
building/51034,BUILD:MDU:C535708
st_struct_pedestal/68274,PED:SST::8391536
pole/42777,POL:PPOLE:C542218
mywcom_route_junction/21554,SPJCT:SPJCT::9910282
building/49717,BUILD:BUS::8722410
mywcom_route_junction/20897,SPJCT:SPJCT::12537163
st_struct_pedestal/67816,PED:CPM:C531417
anchors/10462,ANCH:JOINT:C45954
st_struct_pedestal/70550,PED:JUPED::11427428
st_struct_pedestal/69339,PED:JSPED::8978781
pole/41259,POL:PPOLE:C530082
mywcom_route_junction/21991,SPJCT:SPJCT:C533889
st_struct_pedestal/67347,PED:SST:C531248
building/48768,BUILD:SDU:C532854
building/48965,BUILD:SDU:C530817
st_struct_pedestal/69096,PED:JTPED:C535246
building/49902,BUILD:MDU::9242170
st_struct_pedestal/69721,PED:JSPED:C536341
pole/40721,POL:PPOLE:C540795
building/51164,BUILD:SDU:C570085
st_struct_pedestal/68812,PED:SST:C536096
st_struct_pedestal/70803,PED:CPM:C529664
building/49453,BUILD:SDU:C531985
pole/41790,POL:PPOLE:C531461
pole/42359,POL:PPOLE:C530011
st_struct_buried_splice_location/2730,LOSR:BSCLS::10047570
building/49672,BUILD:BUS:C543912
building/50116,BUILD:SDU:C533144
building/49961,BUILD:SDU:C527488
st_struct_pedestal/69671,PED:JSPED:C531057
pole/40775,POL:PPOLE::7739055
pole/42017,POL:PPOLE::7749278
st_struct_pedestal/70355,PED:CPM:C541956
building/50859,BUILD:BUS:C570720
building/50494,BUILD:MDU::9094587
st_struct_pedestal/67921,PED:CPM:C528340
mywcom_route_junction/21839,SPJCT:SPJCT:C573800
mywcom_route_junction/21832,SPJCT:SPJCT:C535255
mywcom_route_junction/21197,SPJCT:SPJCT::9100990
pole/42841,POL:PPOLE:C529912
building/49744,BUILD:SDU:C526541
building/50937,BUILD:BUS:C541889
st_struct_pedestal/70311,PED:CPM:C548773
anchors/10283,ANCH:CO:C53237
pole/41587,POL:PPOLE:C526231
building/50594,BUILD:SDU:C539363
pole/41282,POL:PPOLE:C540042
st_struct_pedestal/69256,PED:JSPED:C560885
st_struct_pedestal/68984,PED:CPM:C542082
st_struct_pedestal/67558,PED:CPM:C529827
pole/42722,POL:PPOLE:C535560
st_struct_pedestal/67300,PED:SST::8276011
building/48863,BUILD:BUS:C537523
st_struct_pedestal/67628,PED:CPM:C525921
st_struct_buried_splice_location/2620,CLOSR:BSCLS:C539260
building/51272,BUILD:BUS:C570725
mywcom_route_junction/21353,SPJCT:SPJCT::8389631
pole/42299,POL:PPOLE:C532693
mywcom_route_junction/21970,PJCT:SPJCT::10536924
st_struct_pedestal/69819,PED:SST::9604088
building/49528,BUILD:SDU:C532979
pole/40710,POL:PPOLE:C536372
building/50466,BUILD:SDU::12667463
building/48886,BUILD:BUS:C532985
building/49947,BUILD:SDU:C542714
st_struct_pedestal/67288,PED:CPM:C532836
pole/41776,POL:PPOLE:C532665
pole/40766,POL:PPOLE:C523994
building/49173,BUILD:SDU:C540605
st_struct_pedestal/68729,PED:JSPED:C534378
building/50564,BUILD:SDU:C528237
pole/41507,POL:PPOLE:C535733
anchors/10240,ANCH:JOINT:C47449
st_struct_pedestal/68349,PED:SST::8268017
building/49787,BUILD:SDU:C526636
st_struct_pedestal/67730,PED:JTPED:C572044
anchors/10228,ANCH:CO:C47588
mywcom_route_junction/21298,PJCT:SPJCT::10058447
st_struct_buried_splice_location/2733,CLOSR:BSCLS::13189370
pole/41465,POL:PPOLE:C539858
building/51395,BUILD:SDU::12667425
building/49166,BUILD:SDU:C527547
building/49932,BUILD:SDU:C530774
st_struct_pedestal/70122,PED:JSPED:C548385
pole/41676,POL:PPOLE:C539923
anchors/10216,ANCH:CO::7004311
building/49161,BUILD:BUS:C571656
pole/42636,POL:PPOLE:C532790
st_struct_pedestal/68159,PED:CPM:C548429
st_struct_pedestal/69914,PED:CPM:C557135
building/50105,BUILD:SDU:C527998
anchors/10225,ANCH:CO:C48306
pole/42575,POL:PPOLE:C531242
st_struct_pedestal/68674,PED:SST::8403052
pole/42049,POL:PPOLE:C523922
pole/41328,POL:PPOLE:C525385
st_struct_pedestal/67790,PED:SST:C540401
mywcom_route_junction/21571,SPJCT:SPJCT::8789307
building/49607,BUILD:BUS:C537467
mywcom_route_junction/20946,SPJCT:SPJCT:C526585
st_struct_pedestal/67520,PED:CPM:C541998
st_struct_pedestal/67916,PED:JSPED:C572024
building/49263,BUILD:BUS:C547446
building/50808,BUILD:BUS:C543944
st_struct_pedestal/68918,PED:JUPED::9617174
building/50716,BUILD:SDU:C557321
building/51345,BUILD:BUS:C535539
st_struct_pedestal/69510,PED:JSPED:C535273
st_struct_pedestal/68225,PED:JSPED:C536726
st_struct_buried_splice_location/2690,CLOSR:BSCLS:C548553
st_struct_pedestal/68166,PED:SST:C545374
mywcom_route_junction/21391,SPJCT:SPJCT::9923722
st_struct_pedestal/68276,PED:JSPED:C573067
st_struct_pedestal/67701,PED:JSPED:C548383
building/51009,BUILD:SDU:C542764
anchors/9981,ANCH:JOINT:C46098
st_struct_pedestal/68872,PED:SST::9070892
st_struct_pedestal/69524,PED:JSPED:C539633
mywcom_route_junction/21529,PJCT:SPJCT::10332685
st_struct_pedestal/70047,PED:SST:C537719
st_struct_pedestal/67785,PED:CPM:C536757
mywcom_route_junction/21551,SPJCT:SPJCT:C570410
st_struct_pedestal/69980,PED:SST:C532802
st_struct_pedestal/67043,PED:JSPED::11098782
st_struct_pedestal/70093,PED:CPM:C548775
building/51019,BUILD:BUS:C570654
st_struct_pedestal/69543,PED:JLAPD:C532472
pole/40617,POL:PPOLE:C521229
st_struct_pedestal/70481,PED:JSPED:C532872
building/49401,BUILD:SDU:C542752
st_struct_pedestal/69798,PED:CPM:C542742
st_struct_pedestal/68401,PED:SST:C532827
st_struct_pedestal/68749,PED:SST:C573847
pole/41028,POL:PPOLE:C538132
building/49363,BUILD:BUS:C572027
st_struct_pedestal/68138,PED:SST:C537749
mywcom_route_junction/21435,SPJCT:SPJCT::8344491
mywcom_route_junction/21855,PJCT:SPJCT::11064208
st_struct_pedestal/70834,PED:CPM:C511228
st_struct_pedestal/70001,PED:SST::8375565
anchors/10390,ANCH:JOINT:C45896
pole/41302,POL:PPOLE::7750883
st_struct_pedestal/68790,PED:JTPED:C535383
st_struct_pedestal/69035,PED:CPM:C556999
pole/41991,POL:PPOLE:C526349
anchors/10313,ANCH:JOINT:C48190
pole/41137,POL:PPOLE:C534601
building/49858,BUILD:SDU:C543564
pole/42680,POL:PPOLE:C540858
mywcom_route_junction/21303,SPJCT:SPJCT:C571830
anchors/10326,ANCH:CO:C47432
st_struct_pedestal/70773,PED:CPM:C527637
building/51223,BUILD:BUS::12654607
st_struct_pedestal/68692,PED:JTPED:C535472
mywcom_route_junction/21172,SPJCT:SPJCT:C528801
st_struct_pedestal/67394,PED:CPM:C526176
building/49261,BUILD:SDU:C546378
st_struct_pedestal/69274,PED:SST:C539825
building/51153,BUILD:SDU:C527459
st_struct_pedestal/67227,PED:SST:C534435
st_struct_pedestal/69881,PED:JSPED:C547564
st_struct_pedestal/68748,PED:SST::9604078
building/49795,BUILD:BUS:C572901
pole/40943,POL:PPOLE:C527664
building/49163,BUILD:SDU:C532708
st_struct_foreign_crossings/3095,FCROS:PLX:C47577
building/50099,BUILD:SDU:C541979
anchors/10093,ANCH:CO:C53236
building/49594,BUILD:BUS:C534945
pole/40637,POL:PPOLE:C535742
st_struct_pedestal/67364,PED:JSPED:C530918
pole/41807,POL:PPOLE:C524413
building/49458,BUILD:SDU:C530143
anchors/10188,ANCH:JOINT:C47441
st_struct_foreign_crossings/3135,FCROS:PLX:C53158
building/50071,BUILD:SDU:C538367
st_struct_pedestal/68410,PED:SST:C529867
anchors/10084,ANCH:CO:C53241
pole/42267,POL:PPOLE:C531363
pole/41035,POL:PPOLE:C540253
pole/42620,POL:PPOLE:C547729
st_struct_pedestal/70728,PED:SST:C559634
building/50908,BUILD:BUS:C536967
st_struct_pedestal/69333,PED:SST:C543966
st_struct_pedestal/69994,PED:CPM:C531201
st_struct_pedestal/68849,PED:SST::10057822
st_struct_pedestal/67264,PED:CPM:C542626
anchors/10021,ANCH:CO:C46244
st_struct_pedestal/68914,PED:SST:C533897
building/50358,BUILD:SDU:C532058
st_struct_pedestal/67134,PED:SST::9070891
pole/42588,POL:CPOLE:C540520
mywcom_route_junction/21586,SPJCT:SPJCT:D7998810
mywcom_route_junction/21936,SPJCT:SPJCT:C535219
pole/41685,POL:PPOLE::12284058
pole/40942,POL:PPOLE:C526244
anchors/10255,ANCH:CO:C48521
st_struct_pedestal/67396,PED:SST:C534872
building/48996,BUILD:BUS:C527522
st_struct_pedestal/70253,PED:SST::8364042
st_struct_pedestal/69633,PED:SST::12126939
mywcom_route_junction/21065,SPJCT:SPJCT::8389639
building/49670,BUILD:MDU:C570651
mywcom_route_junction/22025,SPJCT:SPJCT:C539446
st_struct_pedestal/67973,PED:SST::8797950
st_struct_pedestal/67136,PED:JLPED::8035073
st_struct_pedestal/69000,PED:JSPED:C573062
building/49989,BUILD:SDU:C525608
pole/42742,POL:PPOLE:C536523
st_struct_pedestal/68150,PED:CPM:C540881
pole/42429,POL:PPOLE:C540264
building/51386,BUILD:SDU:C526724
st_struct_pedestal/68997,PED:CPM:C539767
pole/40938,POL:PPOLE:C524153
st_struct_pedestal/68144,PED:SST::10660366
mywcom_route_junction/21865,PJCT:SPJCT::11062286
pole/42776,POL:PPOLE:C531327
st_struct_pedestal/67502,PED:CPM:C530895
building/48902,BUILD:BUS:C548706
building/51445,BUILD:BUS:C529707
building/50408,BUILD:SDU:C537025
building/48811,BUILD:BUS:C537279
st_struct_pedestal/67590,PED:SST:C535665
st_struct_pedestal/70688,PED:CPM:C534476
pole/41714,POL:PPOLE:C521233
building/50689,BUILD:MDU::9134908
st_struct_pedestal/68253,PED:CPM:C535581
st_struct_pedestal/67513,PED:SST:C529374
mywcom_route_junction/21434,SPJCT:SPJCT::8389298
pole/40651,POL:PPOLE:C528947
st_struct_pedestal/69197,PED:CPM:C535296
mywcom_route_junction/21186,SPJCT:SPJCT:C535003
mywcom_route_junction/21916,SPJCT:SPJCT:C571134
st_struct_pedestal/69637,PED:JSPED:C535358
mywcom_route_junction/21683,SPJCT:SPJCT:D8002330
building/50102,BUILD:SDU:C542136
st_struct_pedestal/68480,PED:JLAPD:C532483
mywcom_route_junction/20977,SPJCT:SPJCT::8389033
st_struct_pedestal/69589,PED:SST::8410734
pole/42574,POL:PPOLE:C523281
building/49007,BUILD:SDU:C530887
building/51363,BUILD:BUS::12653015
building/51343,BUILD:MDU::9257178
st_struct_foreign_crossings/3113,FCROS:PLX:C52927
mywcom_route_junction/21814,SPJCT:SPJCT:C538591
st_struct_pedestal/68743,PED:CPM:C535801
building/50858,BUILD:BUS:C547664
building/50773,BUILD:SDU:C540118
st_struct_pedestal/68600,PED:SST::8035046
building/51422,BUILD:SDU:C534469
building/50122,BUILD:BUS:C549584
pole/40503,POL:PPOLE:C526862
st_struct_pedestal/67862,PED:SST:C540022
pole/41629,POL:PPOLE:C533820
building/50301,BUILD:BUS:C525768
pole/42404,POL:PPOLE:C533044
mywcom_route_junction/21163,SPJCT:SPJCT::12638927
mywcom_route_junction/21592,SPJCT:SPJCT:C573896
pole/41173,POL:PPOLE:C529227
st_struct_pedestal/68119,PED:JSPED:C544670
mywcom_route_junction/21953,SPJCT:SPJCT::12336203
building/49477,BUILD:SDU:C531840
pole/42458,POL:PPOLE:C535482
building/50429,BUILD:MDU::9061023
st_struct_pedestal/69283,PED:CPM:C535323
st_struct_pedestal/67615,PED:JSPED:C540506
pole/40886,POL:CPOLE:C540255
st_struct_pedestal/67036,PED:JSPED:C535692
st_struct_pedestal/68155,PED:CPM:C546350
pole/41540,POL:PPOLE:C525414
building/50754,BUILD:SDU::13484138
building/49532,BUILD:SDU:C546278
mywcom_route_junction/21413,SPJCT:SPJCT:C525947
pole/42623,POL:PPOLE:C535353
st_struct_pedestal/70114,PED:SST::11387731
anchors/10418,ANCH:JOINT:C46668
building/50520,BUILD:SDU:C548258
anchors/10203,ANCH:JOINT::6992489
pole/41269,POL:PPOLE:C531265
st_struct_vault/2467,VAULT:MH-S:C532725
building/49810,BUILD:BUS::9043813
building/50195,BUILD:BUS:C538157
mywcom_route_junction/20998,SPJCT:SPJCT:C537285
building/50480,BUILD:BUS:C571647
pole/41251,POL:PPOLE:C537015
st_struct_pedestal/69940,PED:SST::8357949
pole/41501,POL:PPOLE:C548738
pole/42473,POL:PPOLE:C530126
st_struct_pedestal/67568,PED:CPM:C571507
st_struct_pedestal/70764,PED:SST::9130731
st_struct_foreign_crossings/3102,FCROS:PLX:C54422
st_struct_pedestal/67461,PED:JSPED:C570701
building/49162,BUILD:SDU:C543860
pole/41636,POL:PPOLE:C538914
building/50505,BUILD:BUS::8084636
st_struct_foreign_crossings/3261,FCROS:PLX:C52764
mywcom_route_junction/21460,SPJCT:SPJCT:C536976
pole/40627,POL:PPOLE:C546815
building/49120,BUILD:MDU::9106742
building/49012,BUILD:SDU:C557436
st_struct_pedestal/70527,PED:JSPED:C539223
building/51374,BUILD:SDU:C527738
building/51091,BUILD:BUS:C534270
st_struct_pedestal/68434,PED:CPM:C537120
st_struct_pedestal/67200,PED:JSPED::7391226
anchors/10196,ANCH:JOINT:C47466
st_struct_pedestal/68221,PED:JSPED:C535290
mywcom_route_junction/21774,SPJCT:SPJCT::7870554
st_struct_pedestal/70178,PED:CPM:C537199
st_struct_pedestal/69102,PED:SST:C547205
building/49733,BUILD:BUS::8277947
mywcom_route_junction/21427,SPJCT:SPJCT::8389300
anchors/10273,ANCH:JOINT::6992486
mywcom_route_junction/21402,PJCT:SPJCT::10058164
st_struct_pedestal/69967,PED:SST::13198107
building/50323,BUILD:SEB::8202077
pole/40525,POL:PPOLE:C535818
building/49813,BUILD:SDU:C531203
building/48803,BUILD:SDU:C529445
st_struct_pedestal/70757,PED:CPM:C524304
building/49126,BUILD:SDU:C534443
building/49648,BUILD:SDU:C525419
pole/41000,POL:PPOLE::12616202
building/49801,BUILD:SDU:C571991
st_struct_pedestal/69428,PED:CPM:C541171
st_struct_pedestal/70223,PED:CPM:C539480
mywcom_route_junction/21509,SPJCT:SPJCT::9647890
st_struct_pedestal/68510,PED:CPM:C539034
pole/41284,POL:PPOLE:C527262
building/49675,BUILD:MDU::9059375
building/49328,BUILD:SDU:C524356
st_struct_pedestal/67821,PED:SST::10060381
st_struct_pedestal/68945,PED:CPM:C538080
pole/41061,POL:PPOLE:C537656
st_struct_buried_splice_location/2609,CLOSR:BSCLS:C533454
pole/42207,POL:PPOLE:C527266
building/48919,BUILD:SDU:C542089
st_struct_pedestal/68701,PED:CPM:C532714
st_struct_pedestal/70523,PED:JSPED:C535362
pole/41782,POL:PPOLE:C538897
st_struct_pedestal/68867,PED:CPM:C542634
st_struct_buried_splice_location/2712,CLOSR:BSCLS:C531701
anchors/10032,ANCH:CO:C46444
building/49635,BUILD:BUS:C550421
mywcom_route_junction/22036,SPJCT:SPJCT:C514340
st_struct_pedestal/70762,PED:CPM:C534371
pole/41388,POL:PPOLE:C542201
building/49273,BUILD:MDU::9070573
st_struct_pedestal/67291,PED:CPM:C534437
st_struct_pedestal/67098,PED:SST:C533349
building/50906,BUILD:SDU:C540375
building/51313,BUILD:BUS:C570505
building/48788,BUILD:BUS::10639594
mywcom_route_junction/21807,SPJCT:SPJCT:C547841
st_struct_pedestal/69965,PED:JSPED::8978772
anchors/10016,ANCH:CO:C48447
pole/42254,POL:PPOLE:C525426
mywcom_route_junction/21323,SPJCT:SPJCT:C532963
anchors/10359,ANCH:CO:C47687
building/49227,BUILD:SDU:C540695
st_struct_pedestal/69314,PED:CPM:C526613
st_struct_pedestal/70148,PED:SST:C527568
building/49423,BUILD:SEB:C557489
anchors/10114,ANCH:JOINT::6992491
st_struct_foreign_crossings/3197,FCROS:RRX:C53989
cabinet/2424,CAB:JWI:C531126
building/50241,BUILD:SDU:C528145
anchors/10152,ANCH:JOINT::6992483
mywcom_route_junction/21010,SPJCT:SPJCT::7854234
st_struct_pedestal/70402,PED:CPM:C533497
st_struct_pedestal/68644,PED:SST:C571943
pole/41786,POL:PPOLE:C532684
pole/40699,POL:PPOLE:C535294
pole/41794,POL:PPOLE:C529139
pole/42373,POL:PPOLE:C535764
building/49608,BUILD:BUS:C533057
st_struct_pedestal/68697,PED:JSPED:C528831
building/50310,BUILD:BUS:C557324
st_struct_pedestal/69209,PED:JSPED:C547528
st_struct_pedestal/67878,PED:CPM:C536796
pole/42231,POL:PPOLE:C524053
st_struct_pedestal/69414,PED:JTPED:C546480
st_struct_buried_splice_location/2661,CLOSR:BSCLS:C531437
building/50326,BUILD:SDU:C533506
building/49939,BUILD:BUS:C547270
anchors/10219,ANCH:JOINT:C46104
st_struct_pedestal/69207,PED:SST::9047585
building/50979,BUILD:SDU:C548349
st_struct_pedestal/70691,PED:JSPED::10058765
anchors/10344,ANCH:JOINT:C45704
st_struct_pedestal/68378,PED:CPM:C540471
st_struct_pedestal/70447,PED:SST:C540418
st_struct_pedestal/68317,PED:SST:C543802
mywcom_route_junction/21836,SPJCT:SPJCT::12018763
mywcom_route_junction/21891,SPJCT:SPJCT::8469293
mywcom_route_junction/21573,SPJCT:SPJCT::7395274
mywcom_route_junction/21321,SPJCT:SPJCT:C541331
pole/41026,POL:PPOLE:C523909
building/51132,BUILD:SDU:C549856
st_struct_pedestal/70188,PED:SST::7990559
st_struct_vault/2475,VAULT:MH-S:C532546
mywcom_route_junction/21879,SPJCT:SPJCT:C570413
st_struct_pedestal/69412,PED:CPM:C541267
building/50818,BUILD:SDU:C540403
mywcom_route_junction/21348,SPJCT:SPJCT::8385186
st_struct_pedestal/70600,PED:SST:C529414
st_struct_pedestal/67804,PED:CPM:C540648
pole/41566,POL:PPOLE:C530080
anchors/10005,ANCH:CO::7013922
anchors/10503,ANCH:CO:C48184
anchors/10231,ANCH:CO:C47641
building/49953,BUILD:SDU:C532563
st_struct_pedestal/67362,PED:JSPED:C528904
st_struct_pedestal/68532,PED:CPM:C542869
st_struct_pedestal/67109,PED:CPM:C529917
mywcom_route_junction/21612,PJCT:SPJCT::10602444
building/48980,BUILD:SDU:C543252
st_struct_pedestal/69536,PED:CPM:C560914
building/50987,BUILD:BUS:C572388
mywcom_route_junction/21572,SPJCT:SPJCT:C532807
pole/40807,POL:PPOLE::7749288
building/49055,BUILD:SDU:C542691
st_struct_pedestal/67370,PED:JSPED:C530853
building/48984,BUILD:SDU:C527401
st_struct_pedestal/69886,PED:JSPED:C532824
st_struct_pedestal/68340,PED:JSPED:C540650
anchors/10335,ANCH:CO:C47015
pole/41092,POL:PPOLE:C532331
st_struct_pedestal/68284,PED:JSPED:C539071
pole/41747,POL:PPOLE:C528403
building/49664,BUILD:MDU::9385514
st_struct_pedestal/69675,PED:JSPED:C535422
st_struct_pedestal/69057,PED:CPM:C537873
mywcom_route_junction/21459,SPJCT:SPJCT:C549686
building/49122,BUILD:SDU:C531431
st_struct_pedestal/70331,PED:CPM:C537526
st_struct_pedestal/67720,PED:SST::8249452
st_struct_buried_splice_location/2753,CLOSR:BSCLS:C518383
mywcom_route_junction/21679,SPJCT:SPJCT:C537465
pole/41893,POL:PPOLE:C533036
building/49991,BUILD:SDU:C534011
st_struct_pedestal/68794,PED:SST:C540387
st_struct_pedestal/67908,PED:SST::10612369
pole/40566,POL:PPOLE:C524281
mywcom_route_junction/21050,SPJCT:SPJCT:C572935
pole/41033,POL:PPOLE:C540239
mywcom_route_junction/21828,SPJCT:SPJCT:C543481
st_struct_pedestal/70724,PED:CPM:C541121
st_struct_pedestal/69468,PED:CPM:C542674
building/50915,BUILD:SDU:C542048
building/49809,BUILD:MDU::9130738
building/49351,BUILD:BUS::7889762
building/48908,BUILD:BUS:C537415
st_struct_pedestal/69315,PED:CPM:C535136
st_struct_pedestal/68922,PED:JSPED:C529788
st_struct_pedestal/67784,PED:CPM:C573824
pole/41772,POL:PPOLE::7750880
mywcom_route_junction/20985,SPJCT:SPJCT::12667479
pole/40764,POL:PPOLE:C530657
building/49434,BUILD:BUS:C547418
st_struct_pedestal/69139,PED:CPM:C548770
st_struct_pedestal/68134,PED:CPM:C540097
st_struct_pedestal/67268,PED:JSPED:C535058
building/49992,BUILD:SDU:C546326
mywcom_route_junction/21765,SPJCT:SPJCT::8796650
pole/41787,POL:PPOLE:C532561
pole/41816,POL:PPOLE:C531316
st_struct_pedestal/69563,PED:SST:C547681
pole/41710,POL:PPOLE:C521113
building/49387,BUILD:BUS:C548204
st_struct_pedestal/70651,PED:SST:C541727
anchors/10112,ANCH:JOINT::6882387
st_struct_pedestal/69591,PED:CPM:C546546
building/50379,BUILD:BUS:C539370
pole/41039,POL:PPOLE:C523967
pole/40809,POL:PPOLE:C523823
building/49504,BUILD:BUS::10802458
mywcom_route_junction/21924,SPJCT:SPJCT::12671882
pole/42601,POL:PPOLE:C531226
anchors/10450,ANCH:CO:C47808
anchors/10412,ANCH:CO:C48177
st_struct_pedestal/69502,PED:CPM:C535152
st_struct_pedestal/67948,PED:JSPED::9252689
st_struct_pedestal/67287,PED:CPM:C532682
pole/41798,POL:PPOLE:C529132
st_struct_pedestal/68101,PED:CPM:C528178
st_struct_pedestal/67181,PED:CPM:C531960
st_struct_pedestal/67855,PED:SST:C543889
st_struct_pedestal/70040,PED:CPM:C539325
st_struct_foreign_crossings/3219,FCROS:RRX:C53980
st_struct_pedestal/68237,PED:JSPED:C545386
anchors/10070,ANCH:CO:C46655
pole/40785,POL:PPOLE:C529073
anchors/10482,ANCH:CO:C46676
st_struct_pedestal/70052,PED:CPM:C530139
pole/42646,POL:PPOLE:C539901
mywcom_route_junction/21786,PJCT:SPJCT::11083092
st_struct_vault/2434,VAULT:MH-S:C530760
building/51026,BUILD:BUS:C570475
mywcom_route_junction/21444,SPJCT:SPJCT:C570946
mywcom_route_junction/21395,SPJCT:SPJCT:C541932
building/50238,BUILD:SDU:C529520
building/51440,BUILD:SDU:C538489
building/51259,BUILD:MDU::9215288
pole/41024,POL:PPOLE:C532529
building/48850,BUILD:SDU:C532060
mywcom_route_junction/21610,PJCT:SPJCT::10075730
building/49354,BUILD:BUS:C536344
st_struct_pedestal/70470,PED:SST:C541938
st_struct_pedestal/67051,PED:SST:C547638
pole/41477,POL:PPOLE:C540808
building/51295,BUILD:SDU:C542898
pole/40642,POL:PPOLE:C526567
building/50091,BUILD:SDU:C535354
pole/42455,POL:PPOLE:C535452
st_struct_pedestal/70101,POL:SVMST::8035047
pole/40733,POL:PPOLE:C540250
st_struct_pedestal/67514,PED:CPM:C527610
mywcom_route_junction/21477,SPJCT:SPJCT::8389637
pole/41065,POL:PPOLE:C528270
building/49626,BUILD:SDU:C571719
st_struct_pedestal/69381,PED:CPM::10677324
st_struct_pedestal/70276,PED:CPM:C525933
building/49004,BUILD:BUS:C570108
pole/42382,POL:PPOLE:C532363
building/49887,BUILD:SDU:C550285
pole/41280,POL:PPOLE::7753777
st_struct_foreign_crossings/3125,FCROS:PLX:C53933
mywcom_route_junction/21146,SPJCT:SPJCT:C538159
st_struct_pedestal/67657,PED:SST::8716970
building/50518,BUILD:SDU:C543448
st_struct_pedestal/69972,PED:SST:C542102
st_struct_pedestal/67250,PED:SST:C530929
pole/42594,POL:PPOLE:C536226
building/50436,BUILD:BUS:C571240
st_struct_pedestal/68580,PED:SST::9753835
st_struct_pedestal/67045,PED:SST:C549563
building/49555,BUILD:SDU:C529644
pole/42817,POL:PPOLE:C523830
anchors/10241,ANCH:JOINT:C46103
pole/41299,POL:PPOLE:C531359
pole/40657,POL:PPOLE:C547873
st_struct_pedestal/70009,PED:JSPED:C530837
building/48889,BUILD:BUS:C537168
st_struct_pedestal/68808,PED:CPM:C532795
building/50205,BUILD:SDU:C531981
building/49533,BUILD:MDU:C535040
st_struct_buried_splice_location/2710,CLOSR:BSCLS:C528348
building/48741,BUILD:SDU:C540123
pole/42764,POL:PPOLE:C529223
st_struct_pedestal/67424,PED:SST:C540882
building/49699,BUILD:BUS:C572902
mywcom_route_junction/21830,SPJCT:SPJCT::7645274
building/49247,BUILD:BUS:C537176
st_struct_pedestal/69841,PED:SST:C549538
building/50644,BUILD:SDU:C533666
st_struct_pedestal/67494,PED:CPM:C557104
mywcom_route_junction/21062,SPJCT:SPJCT:C572451
st_struct_pedestal/67161,PED:JSPED:C529945
cabinet/2473,CAB:FC::7859674
st_struct_foreign_crossings/3226,FCROS:RRX:C48507
st_struct_pedestal/67764,PED:CPM:C536762
st_struct_pedestal/67248,PED:SST::11601504
st_struct_foreign_crossings/3130,FCROS:PLX:C48161
st_struct_buried_splice_location/2666,CLOSR:BSCLS:C548619
mywcom_route_junction/21128,PJCT:SPJCT::10059100
st_struct_pedestal/69030,PED:SST:C538208
st_struct_pedestal/69663,PED:SST::9648529
building/50982,BUILD:SDU:C542734
building/50707,BUILD:SDU:C530791
st_struct_pedestal/68466,PED:JSPED:C547474
st_struct_pedestal/70702,PED:SST::8357946
st_struct_pedestal/68218,PED:SST::10044683
st_struct_pedestal/67618,PED:SST:C530151
st_struct_pedestal/67654,PED:JSPED::10669734
anchors/10494,ANCH:JOINT:C53245
anchors/10111,ANCH:JOINT:C46675
building/49536,BUILD:BUS:C536442
building/49968,BUILD:SDU:C538373
building/48898,BUILD:MDU::9134896
mywcom_route_junction/21366,PJCT:SPJCT::10302604
mywcom_route_junction/21313,SPJCT:SPJCT::8389635
st_struct_pedestal/68852,PED:SST::8827066
building/50275,BUILD:SDU:C532737
mywcom_route_junction/21882,SPJCT:SPJCT:C547641
mywcom_route_junction/21369,SPJCT:SPJCT:C537500
pole/42739,POL:PPOLE:C533037
mywcom_route_junction/21194,SPJCT:SPJCT:C571831
pole/42441,POL:PPOLE:C536957
building/50304,BUILD:SDU:C530995
building/48917,BUILD:BUS:C529691
building/49806,BUILD:BUS:C548202
st_struct_pedestal/69014,PED:JSPED:C529790
st_struct_vault/2459,VAULT:MH-S:C531079
building/49180,BUILD:BUS:C534619
st_struct_pedestal/70486,PED:SST:C534460
mywcom_route_junction/21157,SPJCT:SPJCT::8375566
building/49367,BUILD:SDU:C546292
st_struct_pedestal/68247,PED:CPM:C538502
pole/42350,POL:PPOLE:C532057
st_struct_pedestal/70214,PED:SST::12521482
pole/40505,POL:PPOLE:C538895
mywcom_route_junction/21349,SPJCT:SPJCT::9205611
st_struct_pedestal/70720,PED:CPM:C542423
st_struct_pedestal/68567,PED:SST:C557427
building/49863,BUILD:SDU:C540448
anchors/10193,ANCH:JOINT:C53200
st_struct_pedestal/70538,PED:CPM:C527775
mywcom_route_junction/21846,SPJCT:SPJCT:C547675
st_struct_pedestal/68011,PED:CPM:C534466
mywcom_route_junction/21508,SPJCT:SPJCT::9617177
st_struct_pedestal/68522,PED:CPM:C537100
pole/41286,POL:PPOLE:C542198
st_struct_pedestal/70813,PED:CPM:C542637
building/49606,BUILD:WIC:C547376
pole/40701,POL:PPOLE:C529157
pole/40887,POL:CPOLE:C572914
building/50976,BUILD:SDU:C557075
st_struct_foreign_crossings/3272,FCROS:PLX:C46698
pole/42425,POL:PPOLE:C532500
st_struct_pedestal/69707,PED:SST::8408492
pole/42692,POL:PPOLE:C547791
mywcom_route_junction/21939,SPJCT:SPJCT:C571136
st_struct_pedestal/69514,PED:SST::8357956
pole/41156,POL:PPOLE::7759834
pole/40777,POL:PPOLE:C548397
st_struct_pedestal/69424,PED:JSPED:C544690
st_struct_pedestal/68384,PED:CPM:C529948
building/49459,BUILD:SDU:C527466
pole/40787,POL:PPOLE:C531490
st_struct_pedestal/68445,PED:SST::8275054
pole/41412,POL:PPOLE:C534679
pole/41325,POL:PPOLE:C546822
cabinet/2448,CAB:EC:C528439
building/49435,BUILD:SDU:C539324
building/49187,BUILD:SDU:C550288
pole/41990,POL:PPOLE:C525533
anchors/10233,ANCH:CO:C48309
pole/42582,POL:PPOLE:C526820
building/50290,BUILD:BUS::8078557
mywcom_route_junction/21997,SPJCT:SPJCT:C537567
mywcom_route_junction/21122,SPJCT:SPJCT:C542436
building/51030,BUILD:SDU:C550122
st_struct_pedestal/67782,PED:SST::8747692
st_struct_pedestal/67581,PED:JSPED:C536288
building/49549,BUILD:SDU:C557308
building/49147,BUILD:SDU:C541173
building/51455,BUILD:MDU:C541348
st_struct_pedestal/67123,PED:CPM:C532962
pole/40847,POL:PPOLE:C534694
pole/40840,POL:PPOLE::9229997
building/49030,BUILD:SDU:C545628
anchors/10138,ANCH:JOINT:C47476
pole/41925,POL:PPOLE:C541040
building/48733,BUILD:SDU:C528379
building/48913,BUILD:SDU:C548443
st_struct_pedestal/68275,PED:SST::9257804
pole/40912,POL:PPOLE:C540854
building/49708,BUILD:SDU:C534946
pole/40695,POL:PPOLE:C529204
building/48985,BUILD:MDU:C540390
st_struct_pedestal/67182,PED:SST:C540321
pole/40539,POL:CPOLE:C541866
building/51111,BUILD:MDU::9586170
st_struct_pedestal/69789,PED:CPM:C543579
st_struct_pedestal/67399,PED:SST:C527948
anchors/9967,ANCH:CO::6610386
mywcom_route_junction/21308,PJCT:SPJCT::11147403
st_struct_pedestal/67669,PED:CPM:C542142
building/51361,BUILD:MDU::9586443
st_struct_pedestal/70695,PED:CPM:C532508
pole/41473,POL:PPOLE:C529995
pole/41672,POL:PPOLE:C525381
mywcom_route_junction/21672,SPJCT:SPJCT:C548766
building/50088,BUILD:SDU:C531039
mywcom_route_junction/22006,SPJCT:SPJCT:C560945
building/50362,BUILD:SDU:C526388
building/50100,BUILD:SDU:C539216
building/49770,BUILD:BUS:C548689
st_struct_buried_splice_location/2655,CLOSR:BSCLS:C541968
pole/40861,POL:PPOLE:C532266
building/50506,BUILD:SDU:C533507
st_struct_pedestal/70212,PED:SST:C529612
pole/41147,POL:PPOLE:C529208
building/50955,BUILD:SDU:C539410
st_struct_pedestal/70418,PED:CPM:C542005
st_struct_pedestal/70294,PED:SST:C546576
building/50606,BUILD:SDU:C543316
building/50325,BUILD:SEB:C571069
mywcom_route_junction/21701,SPJCT:SPJCT:C550443
mywcom_route_junction/21382,SPJCT:SPJCT:C572720
st_struct_pedestal/70472,PED:CPM:C532966
st_struct_buried_splice_location/2740,CLOSR:BSCLS:C571408
st_struct_pedestal/69979,PED:CPM:C535102
building/50775,BUILD:BUS:C540431
anchors/10456,ANCH:JOINT:C47290
st_struct_pedestal/67048,PED:CPM:C527569
st_struct_buried_splice_location/2659,CLOSR:BSCLS:C538543
st_struct_pedestal/69304,PED:JSPED:C526163
mywcom_route_junction/21794,PJCT:SPJCT::10531094
st_struct_pedestal/69556,PED:JSPED:C535427
mywcom_route_junction/21380,SPJCT:SPJCT:C536201
building/50475,BUILD:MDU:C572818
building/48982,BUILD:BUS::12673178
mywcom_route_junction/21433,PJCT:SPJCT::10699725
pole/42823,POL:PPOLE:C526273
building/51106,BUILD:SDU:C539379
anchors/10014,ANCH:CO:C46594
st_struct_pedestal/69246,PED:SST:C540527
st_struct_pedestal/70234,PED:SST:C538607
st_struct_pedestal/70080,PED:CPM:C527142
building/50079,BUILD:BUS::12653018
pole/41947,POL:PPOLE:C528465
st_struct_pedestal/69461,PED:SST:C542808
st_struct_pedestal/68111,PED:JSPED:C547522
pole/42436,POL:CPOLE:C547827
building/48810,BUILD:BUS:C544175
st_struct_pedestal/68721,PED:SST:C557448
building/50682,BUILD:MDU::8366266
pole/41200,POL:PPOLE:C530171
building/49157,BUILD:BUS:C571123
building/51326,BUILD:SDU:C536675
st_struct_pedestal/70490,PED:JSPED::9014570
mywcom_route_junction/21636,SPJCT:SPJCT:C547333
pole/41743,POL:PPOLE:C536296
st_struct_pedestal/67281,PED:CPM:C526552
st_struct_pedestal/68689,PED:SST:C540400
st_struct_pedestal/67408,PED:CPM:C542681
st_struct_pedestal/70177,PED:JTPED:C535191
st_struct_pedestal/69376,PED:CPM:C536627
st_struct_pedestal/67599,PED:SST:C539240
building/48932,BUILD:SDU:C537984
pole/41301,POL:PPOLE:C532613
st_struct_foreign_crossings/3217,FCROS:PLX:C50017
cabinet/2511,CAB:EC:C535257
mywcom_route_junction/21078,SPJCT:SPJCT::8084634
st_struct_pedestal/70202,PED:JUPED::8549930
st_struct_vault/2449,VAULT:MH-S::9166894
st_struct_foreign_crossings/3262,FCROS:PLX:C53974
st_struct_pedestal/67409,PED:SST::12628043
pole/41832,POL:PPOLE:C529120
st_struct_pedestal/70399,PED:CPM:C557393
mywcom_route_junction/21156,PJCT:SPJCT::10058442
pole/41651,POL:PPOLE:C521239
st_struct_foreign_crossings/3202,FCROS:PLX:C47778
pole/41717,POL:PPOLE:C521216
pole/41690,POL:PPOLE:C544193
st_struct_pedestal/70433,PED:FPED::10335582
st_struct_pedestal/69566,PED:CPM:C526595
building/49137,BUILD:BUS:C571908
building/51344,BUILD:MDU::8748970
pole/41466,POL:PPOLE:C539840
st_struct_pedestal/69062,PED:SST:C537739
building/50250,BUILD:SEB:C570583
pole/41224,POL:PPOLE:C537369
st_struct_pedestal/68308,PED:SST::8179356
st_struct_pedestal/70360,PED:JSPED::12667418
pole/41390,POL:PPOLE:C528365
st_struct_pedestal/67459,PED:JTPED:C538466
st_struct_pedestal/70363,PED:JSPED:C534373
st_struct_pedestal/69041,PED:CPM:C543278
building/49894,BUILD:BUS::9753836
pole/40549,POL:PPOLE:C530772
st_struct_pedestal/70463,PED:CPM:C536444
mywcom_route_junction/21423,SPJCT:SPJCT::8410736
pole/42114,POL:PPOLE:C531054
building/48901,BUILD:SDU:C538519
building/50324,BUILD:SDU:C543254
st_struct_pedestal/70476,PED:CPM:C573947
st_struct_buried_splice_location/2708,CLOSR:BSCLS:C570196
cabinet/2467,CAB:VAULT::9733003
building/50212,BUILD:SDU:C532726
st_struct_pedestal/68148,PED:JLPED::8035036
mywcom_route_junction/21550,SPJCT:SPJCT:C538010
pole/42734,POL:PPOLE:C537044
pole/41238,POL:PPOLE:C541035
building/50555,BUILD:BUS::12109643
pole/41809,POL:CPOLE:C571546
st_struct_pedestal/69639,PED:SST:C542843
st_struct_pedestal/68551,PED:SST:C531796
pole/42069,POL:PPOLE:C525428
anchors/10227,ANCH:CO:C47643
pole/42689,POL:PPOLE:C523809
st_struct_pedestal/67700,PED:JSPED::11782286
pole/41977,POL:PPOLE:C536365
st_struct_pedestal/67246,PED:JSPED:C534336
st_struct_pedestal/69222,PED:SST:C573906
st_struct_pedestal/70846,PED:SST:C511287
pole/41350,POL:PPOLE:C536643
pole/41869,POL:PPOLE:C539101
pole/41833,POL:PPOLE:C529160
pole/42570,POL:PPOLE:C525540
st_struct_pedestal/68679,PED:CPM:C539488
st_struct_pedestal/67548,PED:CPM:C535094
pole/42042,POL:PPOLE:C529877
anchors/10369,ANCH:CO:C53659
st_struct_pedestal/67995,PED:CPM:C541195
pole/41056,POL:PPOLE:C537576
building/51287,BUILD:BUS:C535699
anchors/9980,ANCH:JOINT:C47519
st_struct_pedestal/69718,PED:CPM:C530137
building/50546,BUILD:MDU::9071907
building/49773,BUILD:BUS:C547344
building/49081,BUILD:SDU:C572395
st_struct_pedestal/70478,PED:SST:C534794
st_struct_pedestal/69099,PED:JSPED:C528803
st_struct_vault/2464,VAULT:MH-T:C530979
building/50591,BUILD:BUS:C548588
st_struct_pedestal/70113,PED:JSPED::13315189
st_struct_pedestal/70824,PED:SST::7388333
mywcom_route_junction/21818,SPJCT:SPJCT:D8007498
st_struct_pedestal/69143,PED:JSPED:C546691
building/50584,BUILD:BUS:C550506
building/50266,BUILD:SDU:C534103
st_struct_buried_splice_location/2709,LOSR:BSCLS::10047569
pole/40913,POL:PPOLE:C532517
mywcom_route_junction/21430,SPJCT:SPJCT::9106735
mywcom_route_junction/21245,SPJCT:SPJCT:C548250
building/50110,BUILD:SDU:C534675
st_struct_pedestal/70732,PED:JSPED:C540679
building/50064,BUILD:SDU:C527408
building/50549,BUILD:BUS::7990561
anchors/10171,ANCH:JOINT:C47924
pole/42137,POL:PPOLE:C539880
building/51121,BUILD:BUS:C539237
mywcom_route_junction/21446,SPJCT:SPJCT::9535275
pole/41034,POL:PPOLE:C535750
building/50653,BUILD:SDU:C532973
st_struct_pedestal/69803,PED:CPM:C529209
building/51371,BUILD:SDU:C545659
st_struct_pedestal/68656,PED:JSPED:C536719
st_struct_pedestal/67428,PED:CPM:C531974
st_struct_pedestal/67128,PED:SST:C540968
pole/41626,POL:PPOLE:C548736
pole/41814,POL:PPOLE::10619767
mywcom_route_junction/21302,SPJCT:SPJCT:C531081
building/49859,BUILD:SDU:C548332
building/50076,BUILD:PS:C570090
pole/40722,POL:PPOLE:C537660
building/51238,BUILD:SDU:C527579
pole/42304,POL:PPOLE:C532981
st_struct_pedestal/68991,PED:CPM:C535089
building/49910,BUILD:BUS:C525719
st_struct_pedestal/68316,PED:CPM:C539105
st_struct_pedestal/68391,PED:CPM:C573825
building/49514,BUILD:SDU:C527627
st_struct_pedestal/70532,PED:CPM:C536392
pole/40618,POL:CPOLE:C572854
st_struct_pedestal/67605,PED:JSPED:C570700
st_struct_pedestal/69792,PED:SST:C535318
building/50463,BUILD:SDU:C546490
st_struct_pedestal/70489,PED:SST:C525357
st_struct_pedestal/68046,PED:SST::8411057
st_struct_pedestal/69355,PED:JSPED:C535690
pole/42491,POL:PPOLE:C530071
building/51258,BUILD:BUS:C571875
building/49415,BUILD:SDU:C556892
st_struct_buried_splice_location/2715,CLOSR:BSCLS:C539269
building/51434,BUILD:MDU::9177132
anchors/10115,ANCH:JOINT:C45944
building/50141,BUILD:SDU:C527201
building/50734,BUILD:SDU:C531422
building/49154,BUILD:BUS::11066475
st_struct_pedestal/69768,PED:SST:C538410
pole/42474,POL:PPOLE:C527750
st_struct_pedestal/68623,PED:JSPED:C529781
mywcom_route_junction/22003,SPJCT:SPJCT:C550503
st_struct_pedestal/69022,PED:JSPED:C544785
mywcom_route_junction/21719,SPJCT:SPJCT:C548498
building/49445,BUILD:BUS:C534616
st_struct_pedestal/69152,PED:JSPED:C538409
st_struct_pedestal/68649,PED:FPED::9610796
pole/41561,POL:PPOLE:C530034
st_struct_pedestal/68557,PED:SST::8372970
pole/40571,POL:PPOLE:C527135
st_struct_pedestal/68002,PED:CPM:C530913
st_struct_pedestal/69825,PED:JSPED:C573837
st_struct_pedestal/68626,PED:SST:C546622
pole/41713,POL:PPOLE:C523653
pole/41993,POL:PPOLE:C532641
st_struct_pedestal/67714,PED:JTPED:C536753
st_struct_vault/2462,VAULT:MH-S:C531127
building/49292,BUILD:SDU:C527991
pole/41619,POL:PPOLE:C532785
pole/41190,POL:PPOLE:C526926
pole/40762,POL:PPOLE:C542231
anchors/10382,ANCH:JOINT:C53201
pole/41027,POL:PPOLE:C524143
st_struct_pedestal/67338,PED:CPM:C571490
st_struct_vault/2461,VAULT:FTTX::9650150
st_struct_pedestal/70784,PED:CPM:C549733
building/51005,BUILD:SDU:C537544
st_struct_pedestal/70475,PED:CPM:C531399
st_struct_foreign_crossings/3121,FCROS:PLX:C53760
st_struct_pedestal/69475,PED:SST:C541088
mywcom_route_junction/21757,SPJCT:SPJCT:C548290
pole/42066,POL:PPOLE::7738085
building/49304,BUILD:BUS::12608554
mywcom_route_junction/21614,SPJCT:SPJCT::8381962
mywcom_route_junction/22023,SPJCT:SPJCT::8407538
pole/41976,POL:PPOLE:C526262
cabinet/2483,CAB:EC:C539089
pole/42070,POL:PPOLE:C542216
pole/42664,POL:PPOLE:C526563
building/49827,BUILD:BUS:C549515
st_struct_pedestal/67768,PED:SST::12380682
pole/41431,POL:PPOLE:C546814
st_struct_pedestal/68121,PED:SST:C536687
st_struct_pedestal/69678,PED:SST::8391532
st_struct_pedestal/68648,PED:SST::9604081
anchors/10207,ANCH:JOINT:C47262
st_struct_pedestal/67813,PED:JSPED:C535250
mywcom_route_junction/21083,PJCT:SPJCT::10602451
mywcom_route_junction/21049,SPJCT:SPJCT::12667478
building/48936,BUILD:SDU:C527515
building/51451,BUILD:SDU:C528296
building/48884,BUILD:BUS:C547785
pole/42537,POL:PPOLE:C537626
building/50623,BUILD:MDU:C529897
mywcom_route_junction/21505,SPJCT:SPJCT:C528860
anchors/10006,ANCH:CO:C53662
cabinet/2429,CAB:JWI:C532513
building/50082,BUILD:SDU:C525598
st_struct_pedestal/67844,PED:JSPED:C531076
st_struct_pedestal/67487,PED:JSPED:C534333
anchors/10410,ANCH:CO:C53218
st_struct_pedestal/67670,PED:SST::8357953
mywcom_route_junction/21324,SPJCT:SPJCT::11466444
anchors/10122,ANCH:JOINT:C53363
mywcom_route_junction/21741,SPJCT:SPJCT:C533189
mywcom_route_junction/21384,SPJCT:SPJCT::8265130
pole/41293,POL:PPOLE:C524068
st_struct_pedestal/67505,PED:CPM:C527158
building/50034,BUILD:SDU:C539716
cabinet/2442,CAB:EC:C571810
st_struct_pedestal/67111,PED:JSPED:C535243
pole/41135,POL:PPOLE::7739053
st_struct_pedestal/68855,PED:CPM::13189372
st_struct_pedestal/69697,PED:CPM:C532722
pole/41609,POL:PPOLE:C531235
building/51355,BUILD:SDU:C546334
mywcom_route_junction/20963,SPJCT:SPJCT:C536679
building/50058,BUILD:SDU::9598298
building/49358,BUILD:SDU:C557145
mywcom_route_junction/21129,SPJCT:SPJCT::8209116
pole/40901,POL:PPOLE:C538919
building/50717,BUILD:SDU:C525703
mywcom_route_junction/21220,SPJCT:SPJCT::13132706
building/50718,BUILD:SDU:C540133
pole/41095,POL:PPOLE:C537334
building/49430,BUILD:MDU::9064177
st_struct_pedestal/68770,PED:JSPED::10387429
anchors/10025,ANCH:CO:C48406
st_struct_pedestal/68745,PED:CPM:C536437
st_struct_pedestal/68533,PED:CPM:C571946
building/50645,BUILD:SDU:C538696
st_struct_pedestal/67240,PED:CPM:C549449
building/50508,BUILD:BUS:C571610
building/49868,BUILD:SDU:C531104
building/50244,BUILD:BUS:C539785
pole/41637,POL:PPOLE:C570311
pole/40570,POL:PPOLE:C523964
mywcom_route_junction/21702,SPJCT:SPJCT:C541891
building/51473,BUILD:MDU::12667471
mywcom_route_junction/21159,SPJCT:SPJCT:C548765
building/50360,BUILD:SDU:C538350
st_struct_pedestal/68278,PED:SST::10529483
pole/42794,POL:PPOLE:C532542
st_struct_pedestal/67661,PED:SST::12608561
building/48752,BUILD:MDU::9106739
anchors/10101,ANCH:CO:C46195
cabinet/2515,CAB:JWIEX:D8007146
pole/42132,POL:PPOLE::11090762
st_struct_pedestal/69638,PED:SST:C541805
pole/40841,POL:PPOLE:C532248
building/51392,BUILD:SDU:C528136
st_struct_buried_splice_location/2601,CLOSR:BSCLS:C542542
building/50654,BUILD:SDU:C541826
building/49521,BUILD:SDU:C526662
st_struct_buried_splice_location/2702,CLOSR:BSCLS:C540600
anchors/10351,ANCH:JOINT:C45966
st_struct_pedestal/67893,PED:CPM:C541237
building/48842,BUILD:SDU:C537537
pole/42341,POL:PPOLE:C534906
building/48753,BUILD:MDU::9130745
st_struct_pedestal/69652,PED:CPM:C526672
building/50881,BUILD:SDU:C535149
st_struct_pedestal/68210,PED:CPM:C571425
st_struct_pedestal/69922,PED:CPM:C527205
mywcom_route_junction/21035,SPJCT:SPJCT::13171500
anchors/10334,ANCH:CO:C47049
mywcom_route_junction/21255,SPJCT:SPJCT:C544524
building/50507,BUILD:SDU:C544811
st_struct_pedestal/69529,PED:SST::8249131
st_struct_foreign_crossings/3191,FCROS:PLX:C46831
st_struct_pedestal/67433,PED:JSPED:C573868
st_struct_pedestal/69877,PED:SST:C548409
st_struct_pedestal/68961,PED:CPM::7379035
st_struct_pedestal/69677,PED:JSPED:C526136
st_struct_pedestal/69474,PED:JSPED:C526194
st_struct_pedestal/68049,PED:CPM:C539776
pole/41997,POL:PPOLE:C527112
pole/42687,POL:PPOLE:C534012
anchors/10288,ANCH:CO:C47880
st_struct_pedestal/70812,PED:CPM:C537307
st_struct_pedestal/67493,PED:JSPED:C535439
st_struct_pedestal/67222,PED:JSPED:C535536
st_struct_pedestal/68713,PED:SST:C528507
building/50876,BUILD:BUS::12182604
st_struct_pedestal/69640,PED:SST:C542116
st_struct_pedestal/69379,PED:JSPED:C528909
pole/42566,POL:PPOLE:C530065
pole/41722,POL:PPOLE:C532254
st_struct_pedestal/68096,PED:SST:C546505
building/49956,BUILD:BUS:C572923
building/50764,BUILD:BUS:C571800
st_struct_pedestal/70254,PED:JSPED:C547354
pole/40985,POL:PPOLE:C530674
mywcom_route_junction/20969,SPJCT:SPJCT:C531250
building/51077,BUILD:SDU:C546287
mywcom_route_junction/21888,SPJCT:SPJCT:C532398
st_struct_pedestal/68058,PED:JLIPD:C573231
st_struct_pedestal/69713,PED:JTPED:C538213
building/49219,BUILD:BUS:C543483
st_struct_buried_splice_location/2719,CLOSR:BSCLS:C532675
pole/42263,POL:PPOLE:C532084
building/49468,BUILD:BUS:C543535
st_struct_pedestal/67645,PED:CPM:C538040
st_struct_pedestal/69354,PED:JSPED:C546758
building/50000,BUILD:SDU:C537212
st_struct_pedestal/70347,PED:JSPED:C544769
pole/42698,POL:PPOLE:C534019
pole/42065,POL:PPOLE::7738081
st_struct_pedestal/70209,PED:SST:C541928
st_struct_buried_splice_location/2752,CLOSR:BSCLS:C517991
anchors/10214,ANCH:JOINT:C47269
anchors/10230,ANCH:CO:C53239
building/51107,BUILD:SDU:C537849
st_struct_pedestal/68071,PED:SST:C529345
pole/42834,POL:PPOLE:C528977
pole/42671,POL:PPOLE:C531288
st_struct_foreign_crossings/3119,FCROS:PLX:C47559
building/51168,BUILD:SDU::7386403
st_struct_pedestal/69489,PED:CPM:C542662
mywcom_route_junction/21082,SPJCT:SPJCT:C543459
cabinet/2445,CAB:EC:C530708
building/50327,BUILD:SDU:C525722
building/49901,BUILD:BUS:C570470
st_struct_pedestal/68199,PED:CPM:C527740
pole/42119,POL:PPOLE:C539894
mywcom_route_junction/21153,SPJCT:SPJCT::8885612
building/51457,BUILD:MDU::9147371
mywcom_route_junction/21057,SPJCT:SPJCT::13132701
mywcom_route_junction/21223,SPJCT:SPJCT:C538419
building/48894,BUILD:SDU:C541193
st_struct_pedestal/70106,PED:CPM:C557111
building/48977,BUILD:SDU:C534509
mywcom_route_junction/21845,SPJCT:SPJCT:C571222
st_struct_pedestal/70095,PED:SST::13487898
st_struct_pedestal/70182,PED:SST:C540456
st_struct_pedestal/70006,PED:SST:C540470
building/49510,BUILD:BUS:C571658
st_struct_pedestal/68118,PED:CPM:C542635
building/50833,BUILD:BUS::8329138
st_struct_foreign_crossings/3168,FCROS:RRX:C48210
st_struct_pedestal/68485,PED:SST::12230602
building/51045,BUILD:BUS::10181674
pole/42116,POL:PPOLE:C529153
pole/41898,POL:PPOLE:C536109
st_struct_pedestal/68989,PED:CPM:C537890
building/49760,BUILD:SDU:C529449
building/48976,BUILD:MDU:C535051
pole/42460,POL:PPOLE:C527229
st_struct_pedestal/67118,PED:JSPED:C530003
building/49872,BUILD:SDU:C529451
st_struct_pedestal/69496,PED:JSPED:C544703
st_struct_pedestal/68504,PED:SST:C541782
mywcom_route_junction/21944,SPJCT:SPJCT::9372394
mywcom_route_junction/20941,PJCT:SPJCT::10602448
st_struct_pedestal/69731,PED:SST:C544718
st_struct_pedestal/70678,PED:CPM:C531103
st_struct_pedestal/68381,PED:CPM:C526121
st_struct_foreign_crossings/3260,FCROS:RRX:C47019
st_struct_pedestal/69223,PED:SST:C542787
pole/41968,POL:PPOLE:C528419
building/51265,BUILD:BUS:C536624
st_struct_pedestal/69408,PED:CPM::7785771
st_struct_pedestal/69827,PED:JSPED::8978778
pole/40995,POL:PPOLE:C528360
building/50455,BUILD:SDU:C533964
st_struct_foreign_crossings/3176,FCROS:RRX:C53653
pole/41973,POL:PPOLE:C531305
building/49268,BUILD:SDU:C525935
pole/41437,POL:PPOLE:C540244
st_struct_pedestal/68318,PED:JSPED:C548390
st_struct_pedestal/69522,PED:SST::10669020
st_struct_pedestal/67177,PED:CPM:C527531
st_struct_pedestal/69344,PED:JSPED::10058207
anchors/10274,ANCH:JOINT:C48312
building/49371,BUILD:SDU:C547055
pole/41531,POL:PPOLE:C526256
pole/41164,POL:PPOLE:C523808
pole/40786,POL:PPOLE:C530035
pole/40717,POL:PPOLE:C529066
st_struct_pedestal/67549,PED:JSPED:C531198
anchors/10495,ANCH:JOINT:C47060
building/50550,BUILD:BUS:C533193
mywcom_route_junction/20916,SPJCT:SPJCT::12021322
mywcom_route_junction/21639,SPJCT:SPJCT:C547334
mywcom_route_junction/21148,SPJCT:SPJCT:D8002314
pole/40660,POL:PPOLE:C528418
st_struct_pedestal/69892,PED:CPM:C539258
st_struct_pedestal/69905,PED:JTPED:C572045
st_struct_pedestal/67353,PED:SST::8388986
building/50049,BUILD:SDU:C541982
building/51095,BUILD:BUS:C548697
building/49959,BUILD:SDU:C533988
pole/41059,POL:PPOLE:C534588
pole/42545,POL:PPOLE:C531332
st_struct_pedestal/68811,PED:SST:C529286
building/49243,BUILD:SDU:C533336
mywcom_route_junction/21887,SPJCT:SPJCT:C572852
st_struct_pedestal/68329,PED:CPM:C545631
st_struct_pedestal/70306,PED:JSPED:C535548
pole/42276,POL:PPOLE:C531269
st_struct_pedestal/67536,PED:JUPED::7615517
st_struct_pedestal/69505,PED:SST:C547691
st_struct_pedestal/69694,PED:CPM:C535114
building/49047,BUILD:SDU:C543561
st_struct_pedestal/67413,PED:SST:C534482
st_struct_pedestal/69950,PED:FPED::10331089
pole/42394,POL:PPOLE:C534230
building/50541,BUILD:SDU:C534938
st_struct_pedestal/67304,PED:CPM:C529660
pole/42091,POL:PPOLE:C530060
pole/42056,POL:PPOLE:C538864
pole/40594,POL:PPOLE:C535641
st_struct_pedestal/68021,PED:JUPED::8492653
mywcom_route_junction/21714,SPJCT:SPJCT:C549932
mywcom_route_junction/21093,PJCT:SPJCT::10058211
mywcom_route_junction/20957,SPJCT:SPJCT::9085610
st_struct_pedestal/69179,PED:CPM:C525929
st_struct_pedestal/68186,PED:JTPED:C573869
st_struct_pedestal/70513,PED:JSPED:C540653
st_struct_pedestal/70819,PED:SST::11882126
st_struct_pedestal/68129,PED:CPM:C527983
pole/41111,POL:PPOLE:C531376
anchors/10022,ANCH:CO:C46654
st_struct_pedestal/69641,PED:SST::10656527
building/49503,BUILD:BUS:C529257
building/51076,BUILD:SDU:C547162
st_struct_pedestal/70146,PED:CPM:C538044
st_struct_pedestal/69651,PED:CPM:C530985
pole/41050,POL:PPOLE:C531991
st_struct_pedestal/67525,PED:JSPED::9199211
building/49522,BUILD:SDU:C528395
pole/42258,POL:CPOLE:C549132
mywcom_route_junction/22026,SPJCT:SPJCT:C547337
st_struct_pedestal/69602,PED:CPM:C537901
building/48997,BUILD:SDU::12370830
st_struct_pedestal/68065,PED:SST::9649501
st_struct_pedestal/69311,PED:SST:C537939
st_struct_pedestal/67873,PED:SST:C548355
anchors/10279,ANCH:JOINT:C53403
pole/42246,POL:PPOLE:C524195
building/48994,BUILD:BUS:C549550
st_struct_pedestal/67337,PED:SST:C543467
st_struct_pedestal/70795,PED:SST:C541774
pole/42711,POL:PPOLE:C531325
pole/42157,POL:PPOLE:C540257
mywcom_route_junction/20914,SPJCT:SPJCT::12639566
building/50410,BUILD:BUS:C572386
st_struct_pedestal/69206,PED:SST::8979418
building/51083,BUILD:MDU::9065787
building/49701,BUILD:SDU:C527676
st_struct_pedestal/67562,PED:JSPED:C540730
pole/42737,POL:PPOLE:C547768
building/50811,BUILD:SDU:C546572
anchors/9977,ANCH:JOINT::7066068
building/51032,BUILD:SDU:C529661
mywcom_route_junction/21251,PJCT:SPJCT::10058778
building/49264,BUILD:SDU::12667447
st_struct_vault/2457,VAULT:MH-S:C530954
st_struct_pedestal/68254,PED:CPM:C541341
mywcom_route_junction/21060,SPJCT:SPJCT:C541010
building/49972,BUILD:SDU::10534642
pole/41844,POL:PPOLE:C524077
mywcom_route_junction/21386,SPJCT:SPJCT::12608559
st_struct_pedestal/70213,PED:CPM:C527542
st_struct_pedestal/68887,PED:CPM:C538471
pole/40623,POL:PPOLE:C539147
mywcom_route_junction/21028,SPJCT:SPJCT::8390899
mywcom_route_junction/21890,PJCT:SPJCT::11066477
st_struct_pedestal/70656,PED:SST:C571977
building/51247,BUILD:SDU:C571820
pole/41097,POL:PPOLE:C532459
anchors/10414,ANCH:CO:C47199
st_struct_pedestal/68006,PED:SST:C534881
building/49981,BUILD:SDU:C569975
pole/42683,POL:PPOLE:C530227
building/50569,BUILD:SDU:C540603
anchors/10234,ANCH:CO:C46445
st_struct_pedestal/67552,PED:SST:C542369
pole/41506,POL:PPOLE:C537204
mywcom_route_junction/21109,SPJCT:SPJCT::9650146
building/51460,BUILD:SDU:C529952
building/49346,BUILD:BUS:C536644
building/49797,BUILD:SDU:C537844
mywcom_route_junction/21823,SPJCT:SPJCT::8488496
pole/42828,POL:PPOLE:C547747
building/50203,BUILD:SDU:C534464
building/48738,BUILD:SDU:C528047
st_struct_pedestal/68147,PED:SST::9034091
st_struct_pedestal/69416,PED:SST::9649507
st_struct_pedestal/67986,PED:JSPED:C544704
st_struct_pedestal/67594,PED:JSPED:C536989
building/48757,BUILD:BUS:C571230
st_struct_pedestal/68725,PED:JSPED:C570716
building/51141,BUILD:SDU:C542420
st_struct_pedestal/69140,PED:JSPED:C528434
building/50863,BUILD:MDU::9047582
mywcom_route_junction/21527,SPJCT:SPJCT::9949965
st_struct_pedestal/70836,PED:CPM:C511686
pole/41240,POL:PPOLE:C532294
st_struct_pedestal/67866,PED:JSPED:C528849
mywcom_route_junction/21501,SPJCT:SPJCT:C545888
st_struct_pedestal/67682,PED:CPM:C557495
building/50589,BUILD:SDU:C527959
building/51297,BUILD:SDU:C557418
pole/42782,POL:PPOLE:C536410
st_struct_pedestal/69168,PED:CPM:C557081
pole/42387,POL:PPOLE:C530044
building/48941,BUILD:BUS:C532943
mywcom_route_junction/21941,SPJCT:SPJCT::12613012
building/49574,BUILD:SDU:C548690
st_struct_pedestal/68158,PED:SST::10660376
building/50740,BUILD:MDU::10553814
mywcom_route_junction/21983,SPJCT:SPJCT:C539635
pole/41185,POL:PPOLE:C532534
st_struct_foreign_crossings/3124,FCROS:PLX:C53160
mywcom_route_junction/21047,SPJCT:SPJCT:C529699
pole/41479,POL:PPOLE:C528368
pole/41219,POL:PPOLE:C524170
cabinet/2503,CAB:EC:C540417
st_struct_pedestal/68772,POL:SVMST::8035062
building/49851,BUILD:BUS:C543752
st_struct_pedestal/69576,PED:CPM:C531100
building/49432,BUILD:MDU::11194468
building/51151,BUILD:SDU:C549754
anchors/10042,ANCH:CO:C47075
mywcom_route_junction/21736,SPJCT:SPJCT:C547355
pole/41476,POL:PPOLE:C533058
st_struct_pedestal/68710,PED:SST:C532768
building/51239,BUILD:SDU:C528113
pole/41825,POL:PPOLE:C539170
pole/41230,POL:PPOLE:C532764
building/48792,BUILD:SDU:C539695
st_struct_pedestal/68482,PED:SST:C533175
building/49610,BUILD:BUS:C543896
anchors/10469,ANCH:JOINT:C46656
building/50282,BUILD:SDU:C537153
st_struct_pedestal/69263,PED:JLAPD:C526134
st_struct_pedestal/70578,PED:SST::8357947
st_struct_pedestal/67197,PED:JSPED::10670038
st_struct_foreign_crossings/3187,FCROS:RRX:C53860
pole/41642,POL:PPOLE:C532505
building/50939,BUILD:SDU:C531457
building/49295,BUILD:SEB:C533698
pole/41369,POL:PPOLE:C531341
mywcom_route_junction/21998,SPJCT:SPJCT::13377018
mywcom_route_junction/21492,SPJCT:SPJCT::13253725
st_struct_pedestal/67350,PED:CPM:C532554
st_struct_pedestal/70038,PED:CPM:C528019
mywcom_route_junction/21752,SPJCT:SPJCT:C572778
st_struct_pedestal/68717,PED:SST:C548275
st_struct_pedestal/70176,PED:CPM:C541679
pole/41895,POL:PPOLE:C530152
st_struct_pedestal/69709,PED:SST:C573897
pole/40494,POL:PPOLE:C535785
building/49715,BUILD:SDU:C557082
building/51016,BUILD:SDU:C535822
pole/40956,POL:PPOLE:C524245
st_struct_pedestal/70637,PED:SST:C542337
st_struct_foreign_crossings/3236,FCROS:RRX:C46602
building/49865,BUILD:SDU:C525437
building/50943,BUILD:SDU:C528915
building/50118,BUILD:BUS:C539298
building/50009,BUILD:SDU:C535008
building/48769,BUILD:SDU:C534484
st_struct_pedestal/68548,PED:CPM:C539406
st_struct_pedestal/70168,PED:JTPED:C535683
pole/40760,POL:PPOLE:C523859
anchors/10144,ANCH:JOINT:C45904
anchors/10105,ANCH:CO:C47370
st_struct_pedestal/70291,PED:JSPED::8354095
building/49016,BUILD:BUS:C533162
st_struct_pedestal/69504,PED:JSPED:C535185
st_struct_pedestal/67047,PED:JSPED::9617164
cabinet/2433,CAB:EC:C540394
mywcom_route_junction/21357,PJCT:SPJCT::11069327
st_struct_pedestal/68496,PED:JSPED:C535506
building/50120,BUILD:BUS:C548767
cabinet/2440,CAB:FC::7837930
st_struct_pedestal/69848,PED:CPM:C535887
pole/41452,POL:PPOLE::7746097
building/49807,BUILD:BUS:C549513
anchors/10396,ANCH:JOINT:C47369
mywcom_route_junction/21589,SPJCT:SPJCT:C539697
st_struct_pedestal/69749,PED:SST::9620700
mywcom_route_junction/21776,SPJCT:SPJCT:C549689
building/48961,BUILD:BUS:C540392
st_struct_pedestal/70327,PED:SST::9541045
st_struct_pedestal/68439,PED:SST:C532869
anchors/10088,ANCH:CO:C46305
st_struct_pedestal/68073,PED:JSPED:C538412
st_struct_pedestal/70304,PED:SST::12109642
building/51098,BUILD:SDU:C541645
pole/42529,POL:PPOLE:C536054
pole/42740,POL:PPOLE:C531338
pole/41196,POL:PPOLE:C523650
pole/41758,POL:PPOLE:C531988
st_struct_pedestal/70344,PED:JSPED:C535364
mywcom_route_junction/21031,SPJCT:SPJCT:C531294
st_struct_pedestal/68202,PED:JSPED:C550423
pole/40563,POL:PPOLE:C523607
building/50204,BUILD:SDU:C571243
st_struct_pedestal/70103,PED:SST::8417143
mywcom_route_junction/21418,SPJCT:SPJCT:C538667
building/50353,BUILD:BUS:C572390
mywcom_route_junction/21425,SPJCT:SPJCT:C570923
mywcom_route_junction/21666,SPJCT:SPJCT::8391220
st_struct_pedestal/67245,PED:JSPED:C536732
st_struct_pedestal/67842,PED:CPM:C527694
building/51231,BUILD:SDU:C527558
building/51352,BUILD:SDU:C570197
st_struct_pedestal/68386,PED:CPM:C532958
st_struct_buried_splice_location/2724,CLOSR:BSCLS:C543970
pole/42015,POL:PPOLE:C545437
st_struct_pedestal/70334,PED:JSPED:C534351
anchors/10515,ANCH:CO:C47073
st_struct_pedestal/67832,PED:SST:C542339
st_struct_pedestal/69352,PED:JSPED::8354092
st_struct_pedestal/70011,PED:JSPED:C528778
st_struct_pedestal/68479,PED:SST:C541879
anchors/10139,ANCH:JOINT:C46323
st_struct_pedestal/69897,PED:SST:C550106
building/49025,BUILD:MDU::9072858
st_struct_pedestal/67068,PED:CPM:C538321
mywcom_route_junction/21904,SPJCT:SPJCT::9650147
st_struct_pedestal/68728,PED:JSPED:C525899
st_struct_pedestal/67392,PED:SST:C527643
st_struct_pedestal/69715,PED:SST:C532941
st_struct_pedestal/70268,PED:CPM:C535845
building/49906,BUILD:SDU:C544812
mywcom_route_junction/20925,SPJCT:SPJCT::8370106
building/50720,BUILD:SDU:C528878
building/49867,BUILD:SDU:C529924
building/50612,BUILD:SDU:C543588
pole/41671,POL:PPOLE:C531480
building/49869,BUILD:SDU:C536672
st_struct_pedestal/68704,PED:CPM:C541654
mywcom_route_junction/21769,SPJCT:SPJCT:C572402
st_struct_vault/2423,AULT:HHOLE::11083088
st_struct_pedestal/70709,PED:CPM:C539213
st_struct_pedestal/67354,PED:CPM:C527523
building/51427,BUILD:BUS:C532944
st_struct_foreign_crossings/3255,FCROS:PLX:C48366
mywcom_route_junction/20949,SPJCT:SPJCT:C570690
building/49056,BUILD:SDU:C570641
building/50062,BUILD:SDU:C543338
building/50763,BUILD:SDU:C540976
st_struct_pedestal/67975,PED:SST::9647891
pole/41791,POL:PPOLE:C529129
pole/40658,POL:PPOLE:C532787
building/48861,BUILD:BUS:C535664
st_struct_pedestal/67481,PED:JTPED:C572005
st_struct_pedestal/68259,PED:CPM:C571552
mywcom_route_junction/20992,PJCT:SPJCT::10962445
st_struct_pedestal/70456,PED:SST::11402763
building/50624,BUILD:BUS:C544173
st_struct_pedestal/69079,PED:JSPED::10058763
building/49210,BUILD:SDU:C532085
pole/40899,POL:PPOLE:C543991
st_struct_pedestal/67124,PED:SST:C535139
building/50136,BUILD:SDU:C537931
st_struct_pedestal/70152,PED:CPM:C527693
pole/41428,POL:CPOLE:C538888
anchors/10477,ANCH:CO:C52903
anchors/10463,ANCH:CO::7027988
st_struct_pedestal/68001,PED:SST:C540541
pole/41562,POL:PPOLE:C530678
cabinet/2509,CAB:JWI:C531537
st_struct_buried_splice_location/2731,CLOSR:BSCLS:C539417
building/49907,BUILD:SDU:C542403
pole/42452,POL:PPOLE:C540805
st_struct_pedestal/69870,PED:CPM:C530360
mywcom_route_junction/21095,SPJCT:SPJCT::8469292
pole/41544,POL:PPOLE:C537258
pole/41036,POL:PPOLE:C539158
building/49575,BUILD:SDU:C535812
building/50878,BUILD:BUS::8277306
anchors/10502,ANCH:CO:C47337
st_struct_pedestal/69384,PED:CPM:C533340
pole/40679,POL:PPOLE:C531456
st_struct_pedestal/70778,PED:JSPED:C528930
st_struct_pedestal/68739,PED:CPM:C527519
building/50438,BUILD:MDU::9092676
building/49611,BUILD:SDU:C541186
pole/40877,POL:PPOLE::8264495
building/49612,BUILD:BUS:C523987
building/50540,BUILD:BUS:C523849
building/49714,BUILD:BUS:C570272
anchors/10197,ANCH:JOINT:C45710
st_struct_pedestal/68454,PED:SST:C550409
building/49516,BUILD:SDU:C539846
building/51218,BUILD:SDU:C525420
st_struct_pedestal/69735,PED:CPM:C527900
st_struct_pedestal/70039,PED:CPM:C539238
building/51367,BUILD:SDU:C538375
building/49197,BUILD:SDU:C533108
building/51143,BUILD:SDU:C557337
building/49362,BUILD:SDU:C542115
pole/41321,POL:PPOLE:C531323
building/50396,BUILD:SDU:C539702
pole/42424,POL:PPOLE:C535765
st_struct_buried_splice_location/2693,CLOSR:BSCLS:C542773
pole/41603,POL:PPOLE:C528305
pole/42339,POL:PPOLE:C524254
building/49340,BUILD:SDU:C542842
building/48946,BUILD:SDU:C540704
building/48720,BUILD:SEB:C558141
building/50313,BUILD:SDU::9624222
mywcom_route_junction/21396,SPJCT:SPJCT:C535211
pole/40910,POL:PPOLE:C536479
building/51135,BUILD:SDU:C539672
st_struct_buried_splice_location/2671,CLOSR:BSCLS:C529658
pole/41513,POL:PPOLE:C537829
st_struct_pedestal/68850,PED:SST::10612365
pole/41670,POL:PPOLE:C526313
pole/41311,POL:PPOLE:C539872
st_struct_pedestal/69259,PED:JSPED:C531172
st_struct_pedestal/68712,PED:JSPED:C539062
mywcom_route_junction/21438,SPJCT:SPJCT:C543709
st_struct_pedestal/68227,PED:JSPED:C528847
pole/42268,POL:PPOLE:C536632
cabinet/2454,CAB:JWI:C571809
building/50884,BUILD:BUS::12614928
mywcom_route_junction/21466,SPJCT:SPJCT:C535077
building/50542,BUILD:SDU:C527805
building/50126,BUILD:SDU:C558173
st_struct_pedestal/70054,PED:CPM:C539737
st_struct_pedestal/70002,PED:SST::11239564
st_struct_pedestal/69784,PED:JSPED:C538407
st_struct_buried_splice_location/2755,CLOSR:BSCLS:C570391
building/50108,BUILD:BUS:C542820
st_struct_pedestal/69262,PED:CPM:C536511
pole/41594,POL:PPOLE:C529142
anchors/10361,ANCH:CO:C47270
st_struct_pedestal/67239,PED:CPM::11660043
st_struct_pedestal/70194,PED:CPM:C526633
building/50317,BUILD:BUS:C537535
building/49308,BUILD:BUS:C543056
mywcom_route_junction/21640,SPJCT:SPJCT::8355386
st_struct_pedestal/69100,PED:SST::9649500
building/48890,BUILD:SDU:C525435
anchors/10189,ANCH:JOINT:C46528
mywcom_route_junction/21989,SPJCT:SPJCT::12653022
anchors/10075,ANCH:CO:C46271
st_struct_pedestal/67308,PED:JSPED:C528797
building/50276,BUILD:SDU:C534487
building/50628,BUILD:BUS:C542859
pole/41373,POL:PPOLE:C532450
anchors/10491,ANCH:JOINT:C46468
st_struct_foreign_crossings/3140,FCROS:PLX:C53019
building/50913,BUILD:SDU:C533305
st_struct_pedestal/69230,PED:CPM:C540865
building/50352,BUILD:BUS::9029292
pole/40709,POL:PPOLE:C529007
mywcom_route_junction/21662,SPJCT:SPJCT:D8002331
anchors/10434,ANCH:JOINT:C46803
st_struct_foreign_crossings/3210,FCROS:PLX:C53902
mywcom_route_junction/21170,SPJCT:SPJCT:C550509
pole/41266,POL:PPOLE::7754416
pole/40773,POL:PPOLE:C529885
building/49121,BUILD:BUS::10058167
anchors/10358,ANCH:JOINT:C47282
building/50799,BUILD:BUS:C571866
st_struct_pedestal/70468,PED:SST::9356682
building/50803,BUILD:BUS:C550343
st_struct_pedestal/67940,PED:SST:C530915
building/50747,BUILD:SDU:C570645
st_struct_pedestal/69028,PED:CPM:C524363
anchors/10509,ANCH:CO:C47433
building/50329,BUILD:SDU:C570211
building/50386,BUILD:SDU:C557148
building/51411,BUILD:BUS:C571665
st_struct_pedestal/67691,PED:JSPED::8354094
st_struct_pedestal/68336,PED:SST::11945163
st_struct_pedestal/70150,PED:SST:C530862
pole/41788,POL:PPOLE:C526238
pole/41907,POL:PPOLE:C529887
building/49963,BUILD:SDU:C527939
pole/41351,POL:PPOLE:C524045
mywcom_route_junction/21643,SPJCT:SPJCT::8448186
building/50748,BUILD:BUS::11065483
building/49629,BUILD:SDU:C541833
st_struct_pedestal/69901,PED:JSPED:C547373
pole/42837,POL:PPOLE:C524058
st_struct_pedestal/70713,PED:CPM:C525413
pole/42813,POL:PPOLE:C523997
st_struct_pedestal/67307,PED:JSPED:C528817
building/48933,BUILD:SDU:C540208
st_struct_pedestal/69894,PED:SST::12497163
st_struct_pedestal/69080,PED:JSPED::10669716
st_struct_pedestal/69805,PED:SST:C529371
pole/41362,POL:PPOLE:C544191
pole/41611,POL:PPOLE:C532326
st_struct_pedestal/70512,PED:JSPED:C528736
st_struct_pedestal/70395,PED:CPM:C524295
st_struct_pedestal/68187,PED:SST:C534892
mywcom_route_junction/21373,SPJCT:SPJCT:C537569
st_struct_pedestal/69312,PED:SST:C543972
st_struct_pedestal/70746,PED:SST:C537720
building/50319,BUILD:SDU:C528046
st_struct_pedestal/68125,PED:SST:C531794
st_struct_pedestal/70219,PED:CPM:C529165
st_struct_pedestal/67320,PED:CPM:C549923
building/49791,BUILD:SDU:C525701
pole/42763,POL:PPOLE:C527247
pole/42477,POL:PPOLE:C532573
st_struct_pedestal/69712,PED:JSPED::9797024
st_struct_pedestal/69334,PED:JSPED::7624156
building/49946,BUILD:SDU:C549751
st_struct_pedestal/67490,PED:JSPED:C529969
pole/42806,POL:PPOLE:C536945
st_struct_pedestal/67582,PED:CPM:C557336
st_struct_pedestal/67889,PED:CPM:C526116
st_struct_pedestal/67789,PED:CPM:C546181
anchors/10496,ANCH:JOINT:C47272
pole/40667,POL:CPOLE:C539257
building/51184,BUILD:BUS:C543768
pole/41393,POL:PPOLE:C536200
st_struct_pedestal/70422,PED:SST::8783210
pole/40954,POL:PPOLE:C536352
pole/41957,POL:PPOLE:C530552
st_struct_pedestal/69666,PED:JSPED:C547839
st_struct_pedestal/68917,PED:SST::11579738
st_struct_pedestal/70248,PED:SST:C533176
st_struct_pedestal/68936,PED:CPM:C533952
anchors/10483,ANCH:JOINT:C47464
st_struct_pedestal/67038,PED:CPM:C535312
st_struct_pedestal/69198,PED:CPM:C534504
st_struct_pedestal/68203,PED:JSPED:C540620
st_struct_pedestal/70373,PED:JSPED:C535463
st_struct_pedestal/67497,PED:JSPED:C560887
building/51211,BUILD:MDU::9306127
anchors/9982,ANCH:JOINT:C45906
st_struct_pedestal/68756,PED:JSPED:C529764
pole/40541,POL:PPOLE:C531476
pole/41616,POL:PPOLE:C547833
pole/41354,POL:PPOLE::7754409
st_struct_pedestal/67703,PED:JSPED:C535164
mywcom_route_junction/22008,PJCT:SPJCT::11083091
mywcom_route_junction/20991,SPJCT:SPJCT:C534253
st_struct_pedestal/69120,PED:JSPED:C529179
pole/41494,POL:PPOLE:C532352
st_struct_pedestal/70050,PED:CPM:C527863
pole/41082,POL:PPOLE:C539729
st_struct_pedestal/68994,PED:JSPED:C529922
pole/41400,POL:PPOLE::11427424
cabinet/2517,CAB:EC:C524235
building/49656,BUILD:SDU:C545663
mywcom_route_junction/21578,SPJCT:SPJCT:C572449
anchors/10221,ANCH:JOINT::7007523
pole/41931,POL:PPOLE:C525477
st_struct_pedestal/69934,PED:SST:C530899
pole/41723,POL:PPOLE:C530059
st_struct_pedestal/69282,PED:CPM:C527800
pole/40829,POL:PPOLE:C526229
pole/40595,POL:PPOLE:C531444
pole/41564,POL:PPOLE:C527850
st_struct_pedestal/70611,PED:JSPED:C546599
building/51335,BUILD:SEB:C540799
st_struct_pedestal/68853,PED:JSPED::10058769
cabinet/2490,CAB:EC:C536459
mywcom_route_junction/21299,SPJCT:SPJCT:C571059
st_struct_foreign_crossings/3223,FCROS:PLX:C53083
st_struct_pedestal/67748,PED:CPM:C527708
building/49023,BUILD:SDU:C531819
pole/41306,POL:PPOLE:C529164
pole/42030,POL:PPOLE:C546855
st_struct_pedestal/70842,PED:CPM:D8002955
st_struct_pedestal/70570,PED:SST:C539228
st_struct_pedestal/67243,PED:JSPED:C535532
anchors/10352,ANCH:JOINT:C45961
pole/42811,POL:PPOLE:C536399
pole/42099,POL:PPOLE:C531336
building/49829,BUILD:SDU:C538001
st_struct_pedestal/67144,PED:CPM:C558159
st_struct_pedestal/69069,POL:SVMST::8035058
pole/41737,POL:PPOLE:C547863
building/51364,BUILD:SDU:C534439
tower/482,TOWER:TOWER:C572035
building/49731,BUILD:BUS:C536966
st_struct_pedestal/69865,PED:CPM:C533885
st_struct_pedestal/67066,PED:CPM:C529183
st_struct_foreign_crossings/3177,FCROS:RRX:C53862
mywcom_route_junction/21033,SPJCT:SPJCT:C545864
st_struct_pedestal/69001,PED:SST::10107098
st_struct_pedestal/68357,PED:JSPED:C535575
pole/40963,POL:PPOLE:C523906
anchors/10474,ANCH:CO:C45941
pole/42386,POL:PPOLE:C539862
st_struct_pedestal/69567,PED:SST::8357954
st_struct_pedestal/67801,PED:JTPED:C535340
pole/41875,POL:PPOLE:C530144
pole/42471,POL:PPOLE:C539859
st_struct_pedestal/67439,PED:SST:C532855
pole/42368,POL:PPOLE::7748957
building/48719,BUILD:SDU:C558144
st_struct_pedestal/69724,PED:JSPED:C544671
st_struct_vault/2436,VAULT:FTTX::9541044
mywcom_route_junction/21375,SPJCT:SPJCT:C535193
mywcom_route_junction/21180,SPJCT:SPJCT::8908012
st_struct_pedestal/67950,PED:CPM:C527894
st_struct_pedestal/68604,PED:SST::9970127
st_struct_pedestal/69968,PED:SST::8393140
pole/41157,POL:PPOLE:C537659
anchors/10184,ANCH:JOINT:C45715
st_struct_pedestal/67078,PED:SST:C534863
st_struct_pedestal/70413,PED:CPM:C532692
pole/42677,POL:PPOLE:C523825
st_struct_pedestal/67911,PED:SST:C549030
pole/42393,POL:PPOLE:C526250
cabinet/2500,CAB:JWI:C531007
mywcom_route_junction/21247,SPJCT:SPJCT:C528910
mywcom_route_junction/21656,SPJCT:SPJCT:C572028
mywcom_route_junction/21785,SPJCT:SPJCT:C573813
building/51206,BUILD:BUS:C571687
st_struct_pedestal/70021,PED:SST:C532319
pole/41806,POL:PPOLE:C544166
st_struct_pedestal/70310,PED:JSPED::8978782
mywcom_route_junction/20923,SPJCT:SPJCT:C529979
building/49969,BUILD:BUS:C544156
pole/41368,POL:PPOLE:C528920
building/50735,BUILD:SDU:C531502
building/48789,BUILD:SDU:C531415
st_struct_pedestal/69821,PED:SST::10558929
st_struct_pedestal/70435,PED:CPM:C534869
building/50192,BUILD:BUS:C573810
building/51441,BUILD:SDU:C532977
building/50057,BUILD:BUS:C572907
building/48782,BUILD:MDU::10545164
st_struct_pedestal/67164,PED:JSPED:C546747
mywcom_route_junction/21915,SPJCT:SPJCT:C573976
st_struct_pedestal/68667,PED:JUPED::10683725
st_struct_pedestal/68678,PED:CPM:C529883
pole/42060,POL:PPOLE:C527707
pole/40704,POL:PPOLE:C571060
mywcom_route_junction/21875,SPJCT:SPJCT::11741642
building/49087,BUILD:SDU:C539373
building/51217,BUILD:SDU:C550287
building/50389,BUILD:SDU:C533438
pole/41646,POL:PPOLE:C540817
st_struct_pedestal/69528,PED:CPM:C542749
building/49581,BUILD:SDU:C535116
building/49886,BUILD:SDU:C539719
st_struct_foreign_crossings/3183,FCROS:RRX:C48473
st_struct_pedestal/69703,PED:SST:C542854
building/48726,BUILD:BUS:C547439
pole/41181,POL:PPOLE:C526260
building/50075,BUILD:BUS:C549581
building/50668,BUILD:SDU:C534591
pole/41458,POL:PPOLE:C532514
building/49378,BUILD:SDU:C539517
anchors/10287,ANCH:CO:C46105
building/50144,BUILD:SDU:C532216
anchors/10191,ANCH:JOINT:C53210
pole/41396,POL:PPOLE:C524206
pole/41205,POL:CPOLE:C529022
st_struct_pedestal/68079,PED:CPM:C546174
st_struct_pedestal/67910,PED:CPM:C527330
building/49230,BUILD:BUS:C572903
building/49480,BUILD:BUS:C536432
building/49188,BUILD:BUS::7718877
st_struct_pedestal/69151,PED:SST:C534402
st_struct_vault/2443,FTTX:GBOX::8275083
pole/42661,POL:PPOLE:C540832
building/51260,BUILD:MDU::9134894
st_struct_pedestal/68980,PED:JSPED:C547558
building/51302,BUILD:BUS:C541940
building/50160,BUILD:MDU::9080194
mywcom_route_junction/21187,SPJCT:SPJCT:C545396
st_struct_pedestal/69878,PED:JSPED:C529829
building/49615,BUILD:SDU:C548344
st_struct_pedestal/68038,PED:JSPED:C531171
pole/41684,POL:PPOLE:C535766
pole/41446,POL:PPOLE:C539146
mywcom_route_junction/20987,SPJCT:SPJCT:C546645
building/50614,BUILD:SDU:C571987
building/50006,BUILD:MDU::9106743
mywcom_route_junction/20958,SPJCT:SPJCT::9559578
building/48860,BUILD:MDU::8992813
st_struct_pedestal/70286,PED:JSPED::9252693
building/50770,BUILD:BUS:C527528
building/51205,BUILD:MDU:C527916
pole/40949,POL:PPOLE:C540672
st_struct_pedestal/69695,PED:CPM:C531087
st_struct_pedestal/68633,PED:SST:C539640
pole/41016,POL:PPOLE:C530162
building/49307,BUILD:SDU::11466443
building/49073,BUILD:SDU:C539784
st_struct_pedestal/68456,PED:JSPED:C526101
anchors/10019,ANCH:CO:C45694
st_struct_pedestal/68358,PED:JSPED:C570673
st_struct_pedestal/67687,PED:CPM:C528734
st_struct_pedestal/67863,PED:JSPED:C542255
mywcom_route_junction/21947,SPJCT:SPJCT::12653019
pole/40742,POL:PPOLE::7748963
st_struct_pedestal/70796,PED:CPM:C541260
pole/41692,POL:PPOLE:C571180
pole/41178,POL:PPOLE:C536310
building/50407,BUILD:SDU:C528088
pole/40883,POL:PPOLE:C540247
pole/40713,POL:PPOLE:C531267
anchors/10116,ANCH:JOINT:C45714
pole/42288,POL:PPOLE:C525541
building/50620,BUILD:BUS:C542018
st_struct_pedestal/67819,PED:CPM:C539691
building/50392,BUILD:MDU::10545173
st_struct_pedestal/67715,PED:JSPED:C550437
st_struct_pedestal/69931,PED:SST:C538611
cabinet/2455,CAB:EC:C533882
st_struct_pedestal/70007,PED:JSPED:C535232
st_struct_pedestal/68530,PED:CPM:C541264
pole/40602,POL:PPOLE:C536491
building/50176,BUILD:SDU:C541716
pole/42101,POL:PPOLE:C526577
pole/41060,POL:PPOLE:C534237
building/51134,BUILD:SDU:C528291
building/50657,BUILD:MDU::9189629
anchors/10349,ANCH:JOINT::7539380
st_struct_foreign_crossings/3186,FCROS:RRX:C52970
pole/42454,POL:PPOLE:C537521
building/51337,BUILD:SDU:C535209
pole/42713,POL:PPOLE:C536374
st_struct_pedestal/68315,PED:CPM:C549813
st_struct_pedestal/67462,PED:JSPED:C528911
pole/42836,POL:PPOLE:C544179
anchors/10236,ANCH:JOINT:C47291
pole/41307,POL:PPOLE::8383247
anchors/10388,ANCH:JOINT:C47094
st_struct_pedestal/69918,PED:CPM:C528808
st_struct_foreign_crossings/3170,FCROS:RRX:C53766
building/48958,BUILD:SDU:C530449
pole/42821,POL:PPOLE:C535564
pole/41703,POL:PPOLE:C534666
st_struct_pedestal/70844,PED:CPM:C573922
anchors/10166,ANCH:JOINT:C47278
building/49796,BUILD:SDU:C530942
mywcom_route_junction/21682,SPJCT:SPJCT::8283720
building/48852,BUILD:SDU:C541271
st_struct_pedestal/69970,PED:CPM:C542079
building/51225,BUILD:BUS:C570656
building/48887,BUILD:SDU:C538537
mywcom_route_junction/21523,SPJCT:SPJCT:C530741
st_struct_pedestal/68069,PED:JSPED:C531014
st_struct_pedestal/68816,PED:SST::9674139
st_struct_pedestal/67328,PED:SST:C534026
pole/41298,POL:PPOLE:C530073
mywcom_route_junction/21335,SPJCT:SPJCT:C571029
mywcom_route_junction/20906,SPJCT:SPJCT:C544013
st_struct_pedestal/67848,PED:SST:C557478
building/50519,BUILD:BUS:C548567
pole/42010,POL:PPOLE:C546756
pole/42768,POL:PPOLE:C536544
mywcom_route_junction/21350,SPJCT:SPJCT::8411052
building/50547,BUILD:SDU:C531204
building/48785,BUILD:MDU::9080188
st_struct_pedestal/67758,PED:SST:C541712
st_struct_pedestal/68821,PED:JTPED:C526198
pole/42248,POL:PPOLE:C535356
building/50511,BUILD:MDU:C532870
st_struct_pedestal/69076,PED:SST:C573821
anchors/10038,ANCH:CO:C47334
mywcom_route_junction/21258,SPJCT:SPJCT:C545879
st_struct_pedestal/68430,PED:JSPED::8978780
mywcom_route_junction/21878,SPJCT:SPJCT::8179359
building/51195,BUILD:MDU::9160171
pole/42250,POL:PPOLE::7739054
anchors/10151,ANCH:JOINT:C53205
st_struct_pedestal/67963,PED:JSPED:C531139
building/50640,BUILD:SDU:C538129
building/48732,BUILD:SDU:C540121
tower/465,TOWER:TOWER:C550321
mywcom_route_junction/21474,SPJCT:SPJCT:C546712
building/50094,BUILD:BUS:C533170
pole/40531,POL:PPOLE:C528463
pole/41521,POL:PPOLE:C531230
st_struct_pedestal/70458,PED:JSPED:C528830
building/50823,BUILD:SDU:C534498
st_struct_pedestal/67937,PED:JSPED:C535420
st_struct_pedestal/67435,PED:CPM:C527904
pole/42784,POL:PPOLE:C526897
pole/41013,POL:PPOLE:C539871
anchors/9991,ANCH:JOINT:C53213
st_struct_pedestal/70262,PED:SST:C542683
st_struct_pedestal/68416,PED:JSPED:C526203
building/50843,BUILD:MDU::9065454
st_struct_pedestal/69415,PED:JTPED:C540414
building/50447,BUILD:SDU:C539475
building/50335,BUILD:SDU:C571996
st_struct_pedestal/68240,PED:CPM:C545845
building/50086,BUILD:SDU:C535839
building/50251,BUILD:SDU:C571893
st_struct_pedestal/69360,PED:CPM:C548721
pole/41103,POL:PPOLE:C532615
mywcom_route_junction/21483,SPJCT:SPJCT:C538147
st_struct_foreign_crossings/3093,FCROS:RRX:C53640
building/49279,BUILD:MDU::9130741
st_struct_pedestal/68705,PED:SST:C530626
pole/41457,POL:PPOLE:C528225
mywcom_route_junction/21053,SPJCT:SPJCT:C529851
st_struct_pedestal/68244,PED:CPM:C535228
pole/42178,POL:PPOLE:C524258
building/49427,BUILD:BUS:C547711
mywcom_route_junction/20928,SPJCT:SPJCT:C547350
building/50366,BUILD:BUS::10682170
mywcom_route_junction/21965,SPJCT:SPJCT:C572714
pole/40696,POL:PPOLE:C530131
pole/42730,POL:PPOLE::7754425
pole/42392,POL:CPOLE:C571903
pole/41648,POL:PPOLE:C532288
st_struct_pedestal/68629,PED:SST:C533614
st_struct_buried_splice_location/2629,CLOSR:BSCLS:C571077
building/51376,BUILD:BUS:C533230
pole/40898,POL:PPOLE:C546654
pole/41144,POL:PPOLE:C521140
building/49642,BUILD:BUS:C536620
building/48851,BUILD:SDU:C533136
st_struct_pedestal/69348,PED:CPM:C527602
pole/41492,POL:PPOLE:C534310
st_struct_pedestal/67947,PED:CPM:C560902
building/50085,BUILD:SDU:C571939
st_struct_pedestal/69526,PED:SST:C540412
st_struct_pedestal/68105,PED:JTPED:C528424
st_struct_foreign_crossings/3235,FCROS:RRX:C53925
building/48839,BUILD:SDU:C535827
building/49165,BUILD:SDU:C538485
st_struct_foreign_crossings/3243,FCROS:PLX:C52767
st_struct_pedestal/70089,PED:CPM:C533599
st_struct_pedestal/70467,PED:SST:C549683
building/49487,BUILD:BUS:C529844
building/50382,BUILD:SDU:C540972
pole/41450,POL:PPOLE:C537047
building/49086,BUILD:SDU:C538133
st_struct_pedestal/67080,PED:SST:C541090
st_struct_vault/2481,VAULT:MH-S:D8029194
anchors/10448,ANCH:CO:C47194
building/50766,BUILD:BUS::12642442
st_struct_pedestal/68837,PED:CPM:C527339
mywcom_route_junction/21553,SPJCT:SPJCT:C544528
st_struct_pedestal/67363,PED:CPM:C540877
st_struct_pedestal/67312,PED:JSPED:C526092
pole/41701,POL:PPOLE:C537145
anchors/9989,ANCH:JOINT:C47467
building/51252,BUILD:SDU:C546332
st_struct_pedestal/68870,PED:CPM:C560895
pole/41731,POL:PPOLE:C526594
building/50829,BUILD:BUS:C570081
building/49072,BUILD:SDU:C557361
anchors/10391,ANCH:JOINT:C47201
building/49815,BUILD:BUS:C571832
anchors/10289,ANCH:CO:C46363
anchors/10294,ANCH:CO:C47183
mywcom_route_junction/21063,SPJCT:SPJCT:C538238
st_struct_pedestal/67589,PED:SST:C530906
st_struct_pedestal/70461,PED:CPM:C526634
building/49062,BUILD:BUS:C550419
mywcom_route_junction/21914,SPJCT:SPJCT:C525886
mywcom_route_junction/21461,SPJCT:SPJCT::9611082
pole/40993,POL:PPOLE:C544630
st_struct_pedestal/70352,PED:CPM:C530823
mywcom_route_junction/21457,PJCT:SPJCT::11083094
pole/41353,POL:CPOLE:C532091
building/49400,BUILD:SDU:C528725
st_struct_pedestal/70381,PED:JTPED:C534352
building/50292,BUILD:SDU::12667444
pole/41917,POL:PPOLE:C528458
pole/40604,POL:PPOLE:C530672
building/51049,BUILD:MDU::9059418
building/48970,BUILD:SDU:C541268
st_struct_pedestal/67414,PED:SST:C544153
building/50030,BUILD:BUS:C570724
building/49052,BUILD:BUS:C550360
st_struct_pedestal/70015,PED:CPM:C557154
st_struct_pedestal/70222,PED:SST:C529575
st_struct_pedestal/67693,PED:JSPED:C535336
mywcom_route_junction/21224,SPJCT:SPJCT:C538587
mywcom_route_junction/21946,SPJCT:SPJCT:D8031115
pole/40869,POL:PPOLE:C521171
st_struct_pedestal/68609,PED:CPM:C542805
st_struct_pedestal/67437,PED:CPM:C549828
building/49552,BUILD:MDU:C530594
building/49356,BUILD:BUS:C571806
mywcom_route_junction/21426,SPJCT:SPJCT:C546792
mywcom_route_junction/21385,SPJCT:SPJCT::8248474
pole/41635,POL:PPOLE:C532652
st_struct_foreign_crossings/3104,FCROS:PLX:C52934
building/50967,BUILD:SDU::8550891
st_struct_pedestal/70201,PED:SST:C538127
pole/42445,POL:PPOLE:C526269
st_struct_pedestal/67237,PED:SST:C537733
building/49167,BUILD:SDU:C525602
st_struct_pedestal/67495,PED:CPM:C527564
anchors/10372,ANCH:CO:C46261
st_struct_pedestal/68460,PED:CPM:C527325
pole/41489,POL:PPOLE:C534585
building/48829,BUILD:SDU:C542733
mywcom_route_junction/20986,SPJCT:SPJCT::8390897
pole/41985,POL:PPOLE:C535813
st_struct_pedestal/68943,PED:CPM:C529856
st_struct_pedestal/69161,PED:JSPED:C536693
st_struct_pedestal/69063,PED:CPM:C540731
st_struct_pedestal/69777,PED:SST:C533177
building/50788,BUILD:BUS:C529592
st_struct_pedestal/67617,PED:JSPED:C547540
anchors/10519,ANCH:CO::6994710
mywcom_route_junction/21388,SPJCT:SPJCT::8391214
pole/42669,POL:PPOLE:C540780
mywcom_route_junction/21219,SPJCT:SPJCT:C545895
st_struct_pedestal/69389,PED:CPM:C539509
st_struct_pedestal/68028,PED:JSPED:C528805
st_struct_pedestal/67954,PED:SST::10044687
building/49471,BUILD:SDU:C531815
pole/42138,POL:PPOLE:C540245
st_struct_pedestal/68344,PED:CPM:C537040
building/51273,BUILD:SDU:C549478
anchors/10487,ANCH:JOINT:C45978
mywcom_route_junction/21678,SPJCT:SPJCT:C530572
st_struct_pedestal/67215,PED:SST:C547901
mywcom_route_junction/21020,SPJCT:SPJCT::8410733
building/50401,BUILD:BUS:C542345
st_struct_pedestal/67457,PED:JSPED:C535338
pole/40918,POL:PPOLE:C533857
st_struct_pedestal/67216,PED:JSPED:C535251
building/51188,BUILD:BUS:C547934
building/49492,BUILD:SDU:C536418
mywcom_route_junction/21590,SPJCT:SPJCT::8390895
building/49548,BUILD:SDU:C533519
pole/41381,POL:PPOLE:C532308
st_struct_pedestal/69349,PED:CPM:C535091
building/49711,BUILD:SDU:C571892
building/49070,BUILD:SDU::12667441
mywcom_route_junction/21233,SPJCT:SPJCT:C536303
building/49020,BUILD:BUS:C536297
st_struct_pedestal/69499,PED:SST::8395051
pole/40830,POL:PPOLE:C527265
pole/41647,POL:PPOLE:C538877
mywcom_route_junction/20982,SPJCT:SPJCT:D8007452
st_struct_buried_splice_location/2745,CLOSR:BSCLS::9261659
mywcom_route_junction/22015,SPJCT:SPJCT:C528438
st_struct_pedestal/70580,PED:SST::8406281
building/49937,BUILD:BUS:C570144
building/48833,BUILD:SDU:C533978
pole/41753,POL:PPOLE::7746095
st_struct_vault/2476,VAULT:FTTX::9541046
st_struct_pedestal/69432,PED:CPM:C525384
pole/41272,POL:PPOLE::7753773
pole/41485,POL:PPOLE:C536086
pole/42519,POL:PPOLE:C540237
building/50130,BUILD:SDU:C531963
tower/480,TOWER:TOWER:C570941
pole/40655,POL:PPOLE:C527702
building/50601,BUILD:SDU:C535034
mywcom_route_junction/21705,PJCT:SPJCT::11083093
st_struct_buried_splice_location/2727,CLOSR:BSCLS:C539675
pole/41871,POL:PPOLE:C532775
mywcom_route_junction/21248,SPJCT:SPJCT::8389000
st_struct_pedestal/70753,PED:CPM:C529674
building/49286,BUILD:BUS:C548582
pole/40605,POL:PPOLE:C526474
anchors/10159,ANCH:JOINT:C46773
st_struct_pedestal/70596,PED:SST:C525694
building/49379,BUILD:SDU:C530798
st_struct_pedestal/70396,PED:SST:C538663
building/50378,BUILD:SDU:C531979
st_struct_pedestal/70288,PED:SST::8978790
building/51158,BUILD:SDU:C527831
pole/42306,POL:PPOLE:C550244
st_struct_pedestal/69919,PED:CPM:C526158
st_struct_pedestal/68562,PED:SST:C540134
st_struct_pedestal/67170,PED:SST:C547640
building/49578,BUILD:SDU:C570643
building/48730,BUILD:SDU:C540956
building/49777,BUILD:BUS:C541083
building/49063,BUILD:BUS:C572900
st_struct_pedestal/69316,PED:CPM:C529357
st_struct_pedestal/67578,PED:CPM:C532164
pole/42408,POL:PPOLE:C540277
pole/40940,POL:PPOLE:C524000
mywcom_route_junction/21260,SPJCT:SPJCT:C572891
st_struct_pedestal/67419,PED:SST:C540801
pole/42403,POL:PPOLE:C546831
building/51423,BUILD:SDU:C571891
building/49293,BUILD:SDU:C571824
mywcom_route_junction/21742,SPJCT:SPJCT::8722411
pole/42399,POL:PPOLE:C539143
mywcom_route_junction/21032,SPJCT:SPJCT:C547281
st_struct_pedestal/69092,PED:JSPED:C539074
building/50932,BUILD:BUS:C571476
st_struct_pedestal/70398,PED:CPM:C527397
building/51144,BUILD:SDU:C548459
st_struct_pedestal/70207,PED:SST:C543761
building/49742,BUILD:MDU::9212344
mywcom_route_junction/20968,SPJCT:SPJCT:C532967
building/51038,BUILD:SDU::12667454
pole/40587,POL:PPOLE:C529085
building/51463,BUILD:SDU:C539286
pole/40763,POL:PPOLE:C535809
st_struct_pedestal/70488,PED:SST:C557071
st_struct_pedestal/70326,PED:JSPED:C535673
st_struct_pedestal/70043,PED:CPM:C531165
building/49597,BUILD:MDU::9046926
st_struct_pedestal/67434,PED:SST::9387471
st_struct_foreign_crossings/3162,FCROS:RRX:C47723
st_struct_pedestal/68780,PED:CPM:C546165
st_struct_buried_splice_location/2657,CLOSR:BSCLS:C529602
pole/40821,POL:PPOLE:C532259
building/49496,BUILD:MDU:C550444
st_struct_pedestal/68296,PED:CPM:C540883
st_struct_pedestal/70593,PED:CPM:C537790
st_struct_pedestal/68453,PED:JSPED:C539012
st_struct_foreign_crossings/3207,FCROS:PLX:C47556
st_struct_pedestal/70826,PED:CPM:C529642
pole/41180,POL:PPOLE:C525605
building/49111,BUILD:BUS:C571100
pole/42593,POL:PPOLE:C527245
st_struct_pedestal/69003,PED:CPM:C536368
building/49579,BUILD:SDU:C526738
building/50113,BUILD:BUS::11177184
st_struct_pedestal/70371,PED:JSPED:C535411
st_struct_pedestal/69444,PED:CPM:C535120
st_struct_pedestal/70711,PED:CPM:C527479
building/49897,BUILD:SDU:C532867
anchors/10511,ANCH:CO:C52905
st_struct_pedestal/68954,PED:CPM:C534468
st_struct_pedestal/69438,PED:CPM:C549471
st_struct_pedestal/67925,PED:JSPED:C535528
pole/41853,POL:PPOLE:C532265
building/51109,BUILD:BUS:C542013
st_struct_pedestal/67516,PED:SST:C542105
building/49003,BUILD:BUS:C570287
st_struct_pedestal/70603,PED:JSPED:C526199
building/50807,BUILD:SDU:C543559
building/50636,BUILD:SDU:C549838
anchors/10387,ANCH:JOINT:C46772
st_struct_pedestal/70808,PED:CPM:C538473
building/50694,BUILD:MDU::9584266
mywcom_route_junction/21125,SPJCT:SPJCT::12608560
pole/41705,POL:PPOLE::7738078
st_struct_pedestal/67636,PED:CPM:C526682
anchors/10345,ANCH:JOINT:C48179
st_struct_pedestal/68098,PED:SST:C556491
st_struct_pedestal/67817,PED:CPM::10070604
building/49208,BUILD:SDU:C558145
st_struct_pedestal/67822,PED:SST::12029338
pole/41955,POL:PPOLE:C544620
st_struct_pedestal/67561,PED:JTPED:C531213
st_struct_pedestal/69175,PED:SST:C543753
building/51155,BUILD:SDU:C537367
st_struct_pedestal/69891,PED:SST:C548764
building/50489,BUILD:SDU:C571990
building/49616,BUILD:SDU:C548412
building/49336,BUILD:SDU:C527960
st_struct_pedestal/68035,PED:SST::8390902
pole/41099,POL:PPOLE:C523969
building/50013,BUILD:BUS::9970123
mywcom_route_junction/21540,SPJCT:SPJCT::8383228
building/51230,BUILD:SDU:C548347
st_struct_pedestal/68067,PED:CPM:C536665
st_struct_pedestal/69171,PED:CPM:C549845
st_struct_pedestal/69600,PED:SST::12652049
mywcom_route_junction/20951,SPJCT:SPJCT::8395056
st_struct_pedestal/68106,PED:JTPED:C571983
building/51292,BUILD:SDU:C546168
st_struct_buried_splice_location/2751,CLOSR:BSCLS:C571716
st_struct_pedestal/69427,PED:JSPED:C531322
st_struct_pedestal/67094,PED:CPM:C539322
pole/42367,POL:FPOLE:C571325
pole/41608,POL:PPOLE:C526914
building/50197,BUILD:SDU:C527053
pole/41246,POL:PPOLE:C523796
building/50944,BUILD:SDU:C527200
st_struct_pedestal/67731,PED:SST:C532993
building/50191,BUILD:SDU:C535360
st_struct_pedestal/67542,PED:JSPED:C529977
pole/40540,POL:PPOLE:C531360
pole/42676,POL:PPOLE:C528466
anchors/10198,ANCH:JOINT:C45955
building/49031,BUILD:BUS:C556482
pole/40659,POL:PPOLE:C528415
st_struct_pedestal/69631,PED:SST:C560930
st_struct_pedestal/68025,PED:JSPED::10058768
pole/40718,POL:PPOLE:C526513
pole/41401,POL:PPOLE:C532263
building/49919,BUILD:SDU:C534970
st_struct_pedestal/67679,PED:SST::8387699
st_struct_pedestal/68534,PED:SST:C547889
building/51428,BUILD:MDU::9242172
st_struct_pedestal/69738,PED:SST::9647885
building/50815,BUILD:BUS:C572724
st_struct_pedestal/67724,PED:SST:C546794
mywcom_route_junction/21663,SPJCT:SPJCT:C573809
st_struct_pedestal/69761,PED:SST::10681181
cabinet/2416,CAB:FC::7858076
building/50272,BUILD:SDU:C535624
building/51000,BUILD:BUS::8798890
mywcom_route_junction/21711,SPJCT:SPJCT::9364716
st_struct_pedestal/67113,PED:JSPED::12234173
pole/41336,POL:PPOLE:C545436
building/50081,BUILD:SDU:C528035
cabinet/2480,CAB:EC:C535166
st_struct_pedestal/67757,PED:CPM:C538694
st_struct_pedestal/68404,PED:JSPED::8978731
pole/42488,POL:PPOLE:C523924
st_struct_pedestal/67106,PED:JTPED:C570077
anchors/10204,ANCH:JOINT:C52944
mywcom_route_junction/21288,SPJCT:SPJCT::9131372
building/49291,BUILD:SDU:C540128
pole/41438,POL:PPOLE:C528384
st_struct_pedestal/67205,PED:CPM:C538662
pole/41846,POL:PPOLE:C530427
pole/41227,POL:PPOLE:C547264
st_struct_pedestal/68183,PED:CPM:C549978
st_struct_pedestal/68414,PED:JSPED:C534355
building/50923,BUILD:MDU::9254605
st_struct_pedestal/67254,PED:SST:C529269
pole/40545,POL:PPOLE:C526557
st_struct_pedestal/70790,PED:SST:C529598
pole/41461,POL:PPOLE:C523597
anchors/10106,ANCH:CO:C53515
st_struct_pedestal/68005,PED:SST:C542133
building/50014,BUILD:SDU:C542627
st_struct_pedestal/70190,PED:JTPED:C525919
st_struct_pedestal/69885,PED:CPM:C536659
anchors/10296,ANCH:CO:C53509
building/51081,BUILD:MDU::9189626
st_struct_pedestal/69692,PED:CPM:C528016
st_struct_pedestal/68003,PED:CPM:C526184
pole/40858,POL:PPOLE:C527659
building/50529,BUILD:SDU:C527890
building/51278,BUILD:BUS::9043723
building/50483,BUILD:SDU:C537930
mywcom_route_junction/22020,SPJCT:SPJCT::8420022
st_struct_pedestal/68746,PED:SST:C544720
mywcom_route_junction/21675,SPJCT:SPJCT::9647888
building/51071,BUILD:SEB:C529777
building/49647,BUILD:SDU:C572859
pole/41939,POL:PPOLE:C526382
anchors/10346,ANCH:JOINT:C48319
mywcom_route_junction/21617,SPJCT:SPJCT:C571135
st_struct_pedestal/69921,PED:CPM:C529181
anchors/10360,ANCH:CO:C53527
mywcom_route_junction/21045,SPJCT:SPJCT::8419371
pole/41838,POL:CPOLE:C538889
st_struct_pedestal/70318,PED:SST:C550107
pole/41674,POL:PPOLE::7754423
anchors/10123,ANCH:JOINT:C47297
st_struct_pedestal/67858,PED:CPM:C542107
pole/41780,POL:PPOLE:C531228
st_struct_pedestal/70008,PED:JSPED:C526133
building/49803,BUILD:SDU:C532862
building/49523,BUILD:SDU:C549812
st_struct_pedestal/70287,PED:SST::8342274
st_struct_pedestal/67575,PED:CPM:C541239
pole/40726,POL:PPOLE:C526323
st_struct_pedestal/70660,PED:SST::9604109
pole/41433,POL:PPOLE:C536402
pole/41189,POL:PPOLE:C526900
pole/41732,POL:PPOLE:C530124
building/49314,BUILD:BUS:C570465
pole/41444,POL:PPOLE:C526691
st_struct_pedestal/68193,PED:CPM:C536781
pole/41645,POL:PPOLE:C529172
st_struct_pedestal/69113,PED:CPM::10674128
pole/41668,POL:PPOLE::7746099
st_struct_pedestal/70361,PED:JSPED::12653003
building/51263,BUILD:BUS::9937485
anchors/10305,ANCH:JOINT::7457109
pole/41481,POL:PPOLE:C540773
mywcom_route_junction/21521,SPJCT:SPJCT::12669324
anchors/10441,ANCH:CO:C47423
building/49490,BUILD:SDU:C529681
mywcom_route_junction/21796,SPJCT:SPJCT:C546757
st_struct_pedestal/68300,PED:CPM:C533958
st_struct_pedestal/69110,PED:CPM:C533522
st_struct_pedestal/67263,PED:SST:C547698
pole/41116,POL:PPOLE:C538187
building/49192,BUILD:SDU:C534477
st_struct_pedestal/70246,PED:SST:C547269
st_struct_pedestal/69448,PED:CPM:C530770
pole/42008,POL:PPOLE:C534912
building/50491,BUILD:SDU:C542796
st_struct_pedestal/69128,PED:CPM:C527436
st_struct_pedestal/69772,PED:SST:C537434
pole/41202,POL:PPOLE:C531473
pole/40757,POL:PPOLE:C546709
building/51408,BUILD:BUS:C548570
building/49043,BUILD:SDU:C547962
building/49768,BUILD:SDU:C534481
pole/41677,POL:PPOLE::9903260
st_struct_pedestal/68397,PED:JSPED::8242714
anchors/10185,ANCH:JOINT:C46659
building/50693,BUILD:SDU:C528143
st_struct_buried_splice_location/2677,CLOSR:BSCLS:C557330
building/48799,BUILD:BUS::10682165
st_struct_pedestal/67609,PED:JSPED:C539067
building/49419,BUILD:SDU:C571997
building/49348,BUILD:MDU::10550611
anchors/10347,ANCH:JOINT:C47512
mywcom_route_junction/20965,SPJCT:SPJCT::13132700
st_struct_foreign_crossings/3178,FCROS:RRX:C54005
st_struct_pedestal/68854,PED:JTPED:C540658
st_struct_pedestal/68437,PED:CPM:C545655
pole/41352,POL:CPOLE:C532335
anchors/10297,ANCH:CO:C47716
st_struct_pedestal/68097,PED:JSPED:C530861
pole/41992,POL:PPOLE:C526520
st_struct_pedestal/70545,PED:CPM:C546231
cabinet/2495,CAB:FC::8411051
pole/40800,POL:PPOLE:C547734
pole/41915,POL:PPOLE:C531434
pole/42480,POL:PPOLE:C526396
pole/41623,POL:PPOLE:C529200
st_struct_pedestal/67355,PED:JSPED:C526141
pole/40753,POL:PPOLE:C527857
st_struct_pedestal/70556,PED:JSPED:C535187
st_struct_pedestal/67698,PED:CPM:C535810
pole/41687,POL:PPOLE::7753778
building/48721,BUILD:SDU::12667462
pole/41834,POL:PPOLE:C521217
pole/40629,POL:PPOLE::7748967
mywcom_route_junction/20979,SPJCT:SPJCT:C541755
anchors/10064,ANCH:CO:C47524
mywcom_route_junction/21099,PJCT:SPJCT::11083087
st_struct_vault/2480,VAULT:MH-T:D8029210
st_struct_pedestal/68214,PED:CPM:C542008
pole/42342,POL:PPOLE:C540847
building/50370,BUILD:SDU:C544162
building/48991,BUILD:SDU:C533435
building/48989,BUILD:SDU:C530549
mywcom_route_junction/21312,SPJCT:SPJCT::11469978
st_struct_pedestal/68195,PED:JSPED:C528919
st_struct_pedestal/70081,PED:JSPED:C532826
pole/42112,POL:PPOLE:C532350
st_struct_pedestal/67258,PED:SST:C538628
building/50600,BUILD:BUS:C536562
st_struct_pedestal/67299,PED:JSPED::8716977
st_struct_pedestal/67160,PED:CPM:C538312
st_struct_pedestal/68707,PED:SST:C535304
st_struct_pedestal/69635,PED:CPM:C541191
st_struct_pedestal/67550,PED:JSPED:C535503
st_struct_pedestal/69273,PED:JTPED:C537054
building/49093,BUILD:BUS:C537546
st_struct_pedestal/69387,PED:CPM:C539487
mywcom_route_junction/21360,SPJCT:SPJCT:C538116
st_struct_pedestal/68614,PED:JSPED:C547329
st_struct_pedestal/67359,PED:SST:C546571
pole/40643,POL:PPOLE:C546819
pole/41074,POL:PPOLE:C540252
building/50288,BUILD:SDU:C538531
pole/41242,POL:PPOLE:C538870
pole/42073,POL:PPOLE::7738074
building/49339,BUILD:SDU:C527930
building/51180,BUILD:SDU:C549472
st_struct_pedestal/70107,PED:CPM:C539775
building/49393,BUILD:SDU::12667453
pole/42213,POL:PPOLE:C528948
mywcom_route_junction/21650,PJCT:SPJCT::10107099
cabinet/2484,CAB:JWI:C530921
pole/42613,POL:PPOLE:C535747
st_struct_pedestal/70592,PED:CPM:C549824
st_struct_pedestal/70149,PED:CPM:C538451
st_struct_pedestal/69746,PED:JSPED:C531307
mywcom_route_junction/21316,SPJCT:SPJCT::8356387
st_struct_pedestal/68364,PED:SST:C545380
building/50295,BUILD:BUS::11065482
st_struct_pedestal/69838,PED:CPM:C539717
mywcom_route_junction/21884,SPJCT:SPJCT:C557431
pole/41763,POL:PPOLE:C527125
st_struct_pedestal/67152,PED:SST::8242718
pole/40582,POL:PPOLE:C539013
st_struct_pedestal/68194,PED:SST::9650138
pole/42721,POL:PPOLE:C530558
mywcom_route_junction/21848,SPJCT:SPJCT::11946174
st_struct_buried_splice_location/2614,CLOSR:BSCLS:C558369
anchors/10370,ANCH:CO:C47193
pole/40607,POL:CPOLE:C538899
st_struct_pedestal/69745,PED:JSPED:C526147
building/49416,BUILD:BUS:C571662
st_struct_pedestal/67057,PED:JSPED:C535541
pole/42239,POL:PPOLE:C523911
building/51113,BUILD:MDU::9134897
st_struct_pedestal/70125,PED:JSPED:C528799
st_struct_pedestal/69405,PED:JSPED:C538827
pole/41497,POL:PPOLE:C534002
pole/40996,POL:PPOLE:C530387
st_struct_pedestal/67151,PED:SST:C538450
st_struct_pedestal/68598,PED:SST::9222957
mywcom_route_junction/21408,PJCT:SPJCT::10303254
st_struct_pedestal/69599,PED:SST::9604107
st_struct_pedestal/69429,PED:SST::10660059
pole/42406,POL:PPOLE:C530824
building/48767,BUILD:SDU:C535036
st_struct_pedestal/70296,PED:JSPED:C528436
st_struct_pedestal/69828,PED:SST:C573336
pole/42521,POL:PPOLE:C532519
mywcom_route_junction/21206,SPJCT:SPJCT:C537510
st_struct_pedestal/70668,PED:SST::12628046
pole/40530,POL:PPOLE:C525684
mywcom_route_junction/21371,SPJCT:SPJCT:C548372
building/50849,BUILD:MDU::10409818
st_struct_pedestal/67680,PED:SST:C540468
pole/42444,POL:PPOLE:C529931
mywcom_route_junction/21922,SPJCT:SPJCT:C547536
st_struct_pedestal/67840,PED:CPM:C535125
mywcom_route_junction/21421,SPJCT:SPJCT:C573973
st_struct_pedestal/70392,PED:CPM:C571751
building/51061,BUILD:BUS:C571248
mywcom_route_junction/21229,PJCT:SPJCT::10058775
mywcom_route_junction/21867,SPJCT:SPJCT:C571823
st_struct_pedestal/68411,PED:CPM:C538826
st_struct_pedestal/69560,PED:JSPED:C535573
st_struct_pedestal/67431,PED:JTPED:C545376
st_struct_vault/2491,VAULT:MH-S:C532385
st_struct_pedestal/69044,PED:CPM:C533479
building/49329,BUILD:SDU:C526639
st_struct_pedestal/68658,PED:CPM:C543848
pole/40837,POL:PPOLE::7754412
mywcom_route_junction/20943,SPJCT:SPJCT:C536874
mywcom_route_junction/21751,PJCT:SPJCT::11069336
st_struct_buried_splice_location/2635,CLOSR:BSCLS:C542878
st_struct_buried_splice_location/2612,CLOSR:BSCLS:C558179
building/50207,BUILD:SDU:C572762
st_struct_pedestal/67333,PED:CPM:C539284
pole/41009,POL:PPOLE:C538282
pole/42482,POL:PPOLE:C532369
mywcom_route_junction/21306,SPJCT:SPJCT:C571776
building/50658,BUILD:MDU::9138106
st_struct_foreign_crossings/3184,FCROS:RRX:C53759
pole/42208,POL:PPOLE:C535748
pole/42632,POL:PPOLE::11427419
st_struct_pedestal/68331,PED:CPM:C527673
mywcom_route_junction/21227,SPJCT:SPJCT:C535626
building/50134,BUILD:SDU:C527181
mywcom_route_junction/21225,SPJCT:SPJCT:C547137
st_struct_pedestal/67165,PED:SST:C542454
pole/40874,POL:PPOLE:C533046
mywcom_route_junction/20929,SPJCT:SPJCT:C536974
st_struct_pedestal/68690,PED:CPM::10429003
mywcom_route_junction/21700,SPJCT:SPJCT:C547674
pole/40774,POL:PPOLE:C536065
st_struct_foreign_crossings/3152,FCROS:PLX::13317943
mywcom_route_junction/21857,PJCT:SPJCT::10600523
st_struct_pedestal/69141,PED:SST:C537392
pole/42520,POL:PPOLE:C529865
building/50423,BUILD:SDU:C534525
st_struct_pedestal/68765,PED:CPM:C536819
st_struct_pedestal/67972,PED:SST:C528508
pole/41303,POL:PPOLE:C525408
anchors/10384,ANCH:JOINT:C48297
st_struct_pedestal/69525,PED:JSPED::12667466
st_struct_pedestal/68174,PED:CPM:C541336
building/50161,BUILD:MDU::9092040
building/51329,BUILD:SDU:C527828
building/49645,BUILD:BUS:C547495
st_struct_pedestal/69117,PED:CPM:C573831
building/49650,BUILD:SDU:C533989
st_struct_pedestal/68211,PED:SST:C527753
pole/41595,POL:PPOLE::7754424
cabinet/2523,CAB:FC::7859676
st_struct_pedestal/70285,PED:SST::10600845
st_struct_pedestal/68024,PED:JSPED::9698764
pole/42555,POL:PPOLE:C538911
pole/41047,POL:PPOLE:C528413
anchors/10208,ANCH:JOINT:C45897
pole/41811,POL:CPOLE:C546832
anchors/10017,ANCH:CO:C47596
building/49694,BUILD:SDU:C542693
building/49146,BUILD:SDU:C531824
st_struct_foreign_crossings/3128,FCROS:PLX:C53863
st_struct_pedestal/67667,PED:CPM::7922074
st_struct_pedestal/67345,PED:JSPED:C529782
st_struct_pedestal/67943,PED:SST:C541809
st_struct_pedestal/69990,PED:CPM:C532697
st_struct_pedestal/69702,PED:CPM:C546313
st_struct_pedestal/69733,PED:JSPED:C535006
building/50917,BUILD:SDU:C542954
building/49713,BUILD:BUS:C571269
cabinet/2420,CAB:FC::7858077
building/51333,BUILD:SDU:C527168
building/51318,BUILD:SDU:C539718
mywcom_route_junction/21526,SPJCT:SPJCT:C571091
pole/41870,POL:PPOLE:C530660
pole/41004,POL:PPOLE:C537663
pole/41206,POL:CPOLE:C536347
st_struct_pedestal/70832,PED:JSPED:C535388
building/50486,BUILD:SDU:C537215
st_struct_pedestal/69546,PED:CPM:C542412
mywcom_route_junction/21431,SPJCT:SPJCT:C533760
building/49224,BUILD:SDU:C527545
st_struct_pedestal/67739,PED:JTPED:C535520
pole/40697,POL:PPOLE:C538207
pole/42307,POL:PPOLE::7386405
building/50162,BUILD:MDU::9093294
building/50453,BUILD:SDU:C531169
mywcom_route_junction/21424,SPJCT:SPJCT:C540598
st_struct_pedestal/70560,PED:CPM:C530141
building/50910,BUILD:SDU:C532138
st_struct_pedestal/68475,PED:JSPED:C550329
st_struct_pedestal/68304,PED:SST::13198109
st_struct_pedestal/67259,PED:JSPED:C547395
building/51062,BUILD:SDU:C540477
mywcom_route_junction/21046,PJCT:SPJCT::11083089
st_struct_pedestal/68289,PED:CPM:C540874
st_struct_pedestal/69910,PED:JTPED:C570727
pole/42635,POL:PPOLE:C525406
building/49526,BUILD:SDU:C550291
st_struct_pedestal/67962,PED:CPM:C556969
st_struct_pedestal/70004,PED:SST:C539351
st_struct_pedestal/67150,PED:JSPED:C540614
building/49019,BUILD:SDU:C532861
st_struct_pedestal/70393,PED:CPM:C539271
st_struct_pedestal/67846,PED:CPM:C534558
st_struct_pedestal/67290,PED:CPM:C533286
pole/40556,POL:PPOLE:C528229
st_struct_pedestal/70020,PED:JSPED:C539638
st_struct_pedestal/67900,PED:JLPED::8035077
building/51229,BUILD:SDU:C557375
st_struct_pedestal/70577,PED:CPM:C573936
mywcom_route_junction/21271,SPJCT:SPJCT::12383570
st_struct_pedestal/70487,PED:JSPED:C540776
building/49955,BUILD:SDU:C526146
st_struct_pedestal/68152,PED:CPM:C534496
pole/42364,POL:PPOLE:C529933
st_struct_pedestal/68926,PED:CPM:C542706
st_struct_pedestal/67592,PED:JSPED:C532843
building/49940,BUILD:BUS:C548500
building/50240,BUILD:SDU:C541655
pole/41691,POL:PPOLE:C538285
building/50741,BUILD:MDU::9209130
pole/42164,POL:PPOLE::12613009
building/49537,BUILD:SEB:C548477
building/51330,BUILD:SDU:C536860
building/50424,BUILD:SDU:C534372
pole/41880,POL:PPOLE:C536605
cabinet/2489,CAB:EC:C531445
building/48809,BUILD:BUS::8837982
mywcom_route_junction/21948,SPJCT:SPJCT:C542789
st_struct_pedestal/68759,PED:JSPED:C535696
mywcom_route_junction/20922,SPJCT:SPJCT::8908013
pole/42659,POL:PPOLE:C523835
st_struct_pedestal/67081,PED:CPM:C546309
st_struct_pedestal/69479,PED:JSPED:C534327
st_struct_pedestal/68139,PED:CPM:C533302
st_struct_pedestal/67697,PED:CPM:C524303
pole/42204,POL:PPOLE:C531401
building/50419,BUILD:SDU:C534008
building/49285,BUILD:SDU:C557295
building/48864,BUILD:MDU::8992810
st_struct_pedestal/69545,PED:SST:C547204
st_struct_pedestal/70328,PED:CPM:C539095
st_struct_pedestal/68738,PED:CPM:C541665
building/50800,BUILD:BUS::12653014
pole/42745,POL:PPOLE:C536561
mywcom_route_junction/21100,SPJCT:SPJCT:C539329
st_struct_pedestal/70303,PED:SST:C539837
st_struct_pedestal/68312,PED:CPM:C542776
st_struct_pedestal/68829,PED:CPM:C540112
st_struct_pedestal/68246,PED:CPM:C543895
pole/42466,POL:PPOLE:C524144
pole/42602,POL:PPOLE:C528956
pole/42797,POL:PPOLE:C540276
pole/42093,POL:PPOLE:C538135
building/50695,BUILD:SDU:C544043
st_struct_pedestal/70003,PED:SST::10201499
st_struct_pedestal/69787,PED:JSPED:C547387
pole/40728,POL:PPOLE:C538902
building/50885,BUILD:SDU::11868682
building/50432,BUILD:MDU::9131371
st_struct_pedestal/70416,PED:CPM:C542103
building/48918,BUILD:BUS:C541904
pole/42610,POL:PPOLE:C527444
st_struct_pedestal/67859,PED:JTPED:C535098
st_struct_pedestal/70794,PED:JSPED:C573040
anchors/10484,ANCH:JOINT:C45716
st_struct_pedestal/68693,PED:SST:C529322
mywcom_route_junction/21943,SPJCT:SPJCT::9647896
building/48930,BUILD:SDU:C540594
st_struct_pedestal/68856,PED:JSPED::12667423
building/48727,BUILD:SDU:C543353
st_struct_pedestal/69164,PED:SST::8356422
st_struct_pedestal/69982,PED:CPM:C540124
anchors/10342,ANCH:JOINT::7041747
building/50744,BUILD:BUS::10751595
anchors/10010,ANCH:CO:C47833
st_struct_pedestal/67690,PED:JTPED:C529808
st_struct_pedestal/68455,PED:SST:C542244
pole/41102,POL:PPOLE:C530114
st_struct_pedestal/67537,PED:SST:C525371
building/50824,BUILD:SDU:C532047
anchors/10272,ANCH:JOINT:C47444
mywcom_route_junction/21365,SPJCT:SPJCT::12638928
st_struct_pedestal/68299,PED:SST:C573327
building/49283,BUILD:SDU:C537888
st_struct_pedestal/67779,PED:CPM:C536493
mywcom_route_junction/21113,SPJCT:SPJCT:C571693
pole/40555,POL:PPOLE:C536607
building/50001,BUILD:BUS:C548287
st_struct_pedestal/69098,PED:CPM:C539310
pole/42753,POL:PPOLE:C542212
building/49914,BUILD:SDU:C538169
st_struct_pedestal/68469,PED:CPM:C533312
pole/41462,POL:PPOLE:C530169
st_struct_pedestal/70000,PED:CPM:C542400
pole/41232,POL:PPOLE::7754418
pole/40724,POL:PPOLE:C534590
st_struct_pedestal/70116,PED:JSPED::9617165
pole/42733,POL:PPOLE::8264490
mywcom_route_junction/21539,SPJCT:SPJCT::8393146
building/48903,BUILD:BUS:C556486
st_struct_pedestal/70772,PED:CPM:C543845
pole/40633,POL:PPOLE:C539816
building/49984,BUILD:SDU:C530458
building/49780,BUILD:SDU:C543274
building/48963,BUILD:SDU:C537342
st_struct_pedestal/68702,PED:CPM:C533122
building/51179,BUILD:SDU:C530990
mywcom_route_junction/21416,SPJCT:SPJCT:C533113
st_struct_pedestal/68383,PED:CPM:C528245
st_struct_pedestal/68428,PED:CPM:C534751
building/49729,BUILD:BUS:C570952
anchors/10473,ANCH:CO:C47826
pole/41956,POL:PPOLE:C547461
st_struct_pedestal/67512,PED:CPM:C536660
building/49028,BUILD:MDU::9242171
st_struct_pedestal/67247,PED:SST::9034090
building/51170,BUILD:MDU::9066091
anchors/10126,ANCH:JOINT:C47459
pole/41971,POL:PPOLE:C530614
anchors/10113,ANCH:JOINT:C53882
building/50966,BUILD:SDU:C570154
building/49649,BUILD:SDU:C571993
building/48812,BUILD:SDU::7965276
building/50971,BUILD:BUS:C556492
mywcom_route_junction/21325,SPJCT:SPJCT:C571779
st_struct_pedestal/68177,PED:CPM:C549905
st_struct_pedestal/68982,PED:SST:C547643
st_struct_pedestal/67511,PED:CPM:C537325
building/50579,BUILD:MDU::9220395
mywcom_route_junction/21115,SPJCT:SPJCT::8342906
anchors/10266,ANCH:CO:C45946
building/50287,BUILD:BUS::12652044
pole/42197,POL:PPOLE:C524075
pole/41248,POL:PPOLE:C526928
pole/42731,POL:PPOLE:C536064
st_struct_pedestal/68167,PED:JTPED:C536338
building/50642,BUILD:SDU:C529528
pole/42673,POL:PPOLE:C529990
pole/41394,POL:PPOLE:C530185
pole/40523,POL:PPOLE:C547881
building/49861,BUILD:SDU:C544813
building/48904,BUILD:BUS::12608563
st_struct_pedestal/69987,PED:SST::9648528
building/51396,BUILD:SDU::12667445
pole/41361,POL:PPOLE:C538582
st_struct_pedestal/69081,PED:JSPED::8978739
st_struct_pedestal/70609,PED:JSPED::8242715
st_struct_pedestal/68781,PED:CPM:C546382
st_struct_pedestal/68231,PED:JSPED:C529998
pole/41938,POL:PPOLE:C530429
pole/41522,POL:PPOLE:C542209
st_struct_pedestal/68498,PED:JSPED:C529785
building/51338,BUILD:BUS:C536280
building/49641,BUILD:BUS::13482811
building/49413,BUILD:SDU:C571491
st_struct_pedestal/67230,PED:JSPED::10669711
building/50953,BUILD:SDU:C546291
st_struct_pedestal/68433,PED:CPM:C527822
building/50647,BUILD:SDU:C535033
anchors/10252,ANCH:CO:C47647
st_struct_pedestal/67339,PED:CPM:C527457
pole/42209,POL:PPOLE:C533831
building/49927,BUILD:BUS:C541917
building/49818,BUILD:SDU:C534457
building/49676,BUILD:BUS:C571717
building/50159,BUILD:MDU::9177133
st_struct_pedestal/70837,PED:CPM::10674466
anchors/10455,ANCH:JOINT::7457107
building/49726,BUILD:BUS:C550248
st_struct_vault/2419,VAULT:MH-S:C531132
st_struct_pedestal/67867,PED:JSPED:C528906
building/50783,BUILD:SDU:C541189
building/49343,BUILD:BUS:C573815
pole/42451,POL:PPOLE:C535767
building/51119,BUILD:BUS:C546876
mywcom_route_junction/21917,SPJCT:SPJCT:C542396
st_struct_pedestal/68229,PED:JSPED:C570702
building/49280,BUILD:SDU:C539683
st_struct_pedestal/70725,PED:SST:C549413
building/49440,BUILD:BUS:C571663
building/48840,BUILD:SDU:C539404
pole/42035,POL:PPOLE:C526825
st_struct_pedestal/69899,PED:JSPED:C542243
mywcom_route_junction/21279,SPJCT:SPJCT:C541760
building/48786,BUILD:BUS:C521336
anchors/10259,ANCH:CO:C47340
mywcom_route_junction/21475,SPJCT:SPJCT:C573895
pole/41069,POL:PPOLE:C526342
st_struct_pedestal/70718,PED:CPM:C535173
st_struct_pedestal/68859,PED:CPM:C536305
pole/42115,POL:PPOLE:C527649
pole/41967,POL:PPOLE:C527866
st_struct_pedestal/69723,PED:CPM:C536629
st_struct_pedestal/67798,PED:CPM:C546362
building/51029,BUILD:BUS:C525364
st_struct_pedestal/69020,PED:CPM:C537298
st_struct_pedestal/68290,PED:CPM:C536795
st_struct_pedestal/67224,PED:JSPED::9199212
mywcom_route_junction/21958,SPJCT:SPJCT::12479242
building/51221,BUILD:BUS::11995418
st_struct_pedestal/69909,PED:JSPED:C526151
st_struct_pedestal/67635,PED:CPM:C529516
anchors/10068,ANCH:CO:C46801
st_struct_pedestal/70315,PED:SST:C533690
st_struct_pedestal/67391,PED:CPM:C527596
st_struct_pedestal/70494,PED:CPM:C542947
st_struct_pedestal/69773,PED:SST:C556480
pole/42289,POL:PPOLE:C525448
st_struct_pedestal/70031,PED:JSPED:C534380
st_struct_pedestal/70672,PED:CPM::9654603
pole/41560,POL:PPOLE:C532329
building/49428,BUILD:MDU::9810158
st_struct_foreign_crossings/3215,FCROS:PLX:C53917
building/50381,BUILD:SDU:C537035
pole/41384,POL:PPOLE:C537658
building/49344,BUILD:BUS:C533123
pole/41578,POL:PPOLE:C533815
st_struct_pedestal/68352,PED:JTPED:C570957
building/49461,BUILD:BUS::12654606
cabinet/2525,CAB:EC:C571808
st_struct_pedestal/67402,PED:CPM:C573822
pole/42353,POL:PPOLE:C537358
building/50891,BUILD:MDU:C529148
mywcom_route_junction/21923,SPJCT:SPJCT::12653005
st_struct_pedestal/68844,PED:CPM:C547951
pole/42527,POL:PPOLE:C540270
pole/40719,POL:PPOLE:C529385
anchors/10459,ANCH:JOINT:C53212
st_struct_pedestal/68393,PED:SST:C547232
st_struct_pedestal/67485,PED:CPM:C537648
st_struct_pedestal/68801,PED:JSPED:C535379
building/51154,BUILD:SDU:C527647
pole/41727,POL:PPOLE:C530425
building/50521,BUILD:BUS:C536602
pole/42214,POL:PPOLE:C528297
mywcom_route_junction/21273,SPJCT:SPJCT::8372669
building/48763,BUILD:SEB:C541053
mywcom_route_junction/21499,SPJCT:SPJCT:C528837
building/49756,BUILD:BUS::7392154
st_struct_pedestal/70579,PED:JSPED:C538408
st_struct_pedestal/69883,PED:SST::8356414
building/50708,BUILD:BUS:C571912
building/50484,BUILD:SDU:C526507
st_struct_pedestal/69541,PED:JSPED:C538405
pole/40856,POL:PPOLE:C539815
pole/40804,POL:FPOLE::10619753
st_struct_pedestal/67704,PED:SST:C539657
mywcom_route_junction/21648,SPJCT:SPJCT::8385185
anchors/10154,ANCH:JOINT:C45901
mywcom_route_junction/21664,SPJCT:SPJCT::8388998
pole/41420,POL:PPOLE:C526232
mywcom_route_junction/21354,SPJCT:SPJCT:C571146
building/48925,BUILD:SDU:C549466
st_struct_pedestal/68935,PED:CPM:C536480
building/50852,BUILD:BUS::7394731
building/49728,BUILD:SDU:C549321
mywcom_route_junction/21506,SPJCT:SPJCT:C570186
st_struct_pedestal/68986,PED:JSPED:C547548
anchors/10045,ANCH:CO:C47284
mywcom_route_junction/21558,SPJCT:SPJCT:C546554
pole/41538,POL:PPOLE:C532251
building/50248,BUILD:SDU:C527655
building/49884,BUILD:BUS:C535607
pole/40634,POL:PPOLE:C530702
mywcom_route_junction/21625,PJCT:SPJCT::10058788
pole/42820,POL:PPOLE:C531350
pole/42296,POL:PPOLE:C524273
mywcom_route_junction/20989,SPJCT:SPJCT::8391856
pole/40957,POL:PPOLE:C523858
st_struct_pedestal/67231,PED:CPM:C536752
building/50302,BUILD:BUS::10962442
st_struct_pedestal/68949,PED:SST:C534445
st_struct_pedestal/67186,PED:CPM:C529651
st_struct_pedestal/68893,PED:JSPED:C540681
pole/40580,POL:PPOLE:C536055
pole/42738,POL:PPOLE:C524173
building/50992,BUILD:SDU:C535838
building/50961,BUILD:SDU:C557411
anchors/10485,ANCH:JOINT:C47515
st_struct_pedestal/70147,PED:CPM:C542671
building/50032,BUILD:SDU:C541145
pole/40755,POL:PPOLE:C526380
building/50182,BUILD:SDU::12667457
st_struct_pedestal/69045,PED:JSPED:C536278
st_struct_buried_splice_location/2617,CLOSR:BSCLS:C539256
building/51418,BUILD:SDU:C529453
st_struct_pedestal/69615,PED:SST:C542372
pole/41983,POL:PPOLE:C521201
anchors/10383,ANCH:JOINT::6992482
pole/41571,POL:PPOLE:C529122
pole/40542,POL:PPOLE:C532485
pole/41949,POL:CPOLE:C549133
pole/42103,POL:PPOLE:C547803
cabinet/2422,CAB:FC::9075066
building/49164,BUILD:SDU:C548712
st_struct_pedestal/70378,PED:JSPED:C528903
st_struct_pedestal/69211,PED:CPM:C546290
anchors/10156,ANCH:JOINT:C47523
building/51099,BUILD:BUS:C546775
mywcom_route_junction/21629,PJCT:SPJCT::11061678
building/50504,BUILD:SDU:C533628
mywcom_route_junction/21981,SPJCT:SPJCT:C540841
building/50333,BUILD:SDU:C571731
st_struct_pedestal/67432,PED:SST::10060380
st_struct_pedestal/67293,PED:SST:C543885
st_struct_pedestal/69055,PED:CPM:C530936
pole/42104,POL:PPOLE:C532611
mywcom_route_junction/21344,SPJCT:SPJCT:D8031114
pole/41803,POL:PPOLE:C535751
pole/41643,POL:PPOLE:C531318
pole/41370,POL:PPOLE:C532783
st_struct_pedestal/69937,PED:SST:C542788
building/49826,BUILD:BUS:C572913
building/50691,BUILD:BUS::9908362
anchors/10024,ANCH:CO:C46324
st_struct_pedestal/68483,PED:SST::9542602
pole/41255,POL:PPOLE:C523928
st_struct_pedestal/67430,PED:JTPED:C570164
st_struct_pedestal/67500,PED:CPM:C540094
st_struct_foreign_crossings/3269,FCROS:PLX:C53643
st_struct_pedestal/68026,PED:SST:C542055
pole/41424,POL:PPOLE:C536269
st_struct_pedestal/70034,PED:CPM:C560920
pole/40902,POL:PPOLE:C529230
anchors/10132,ANCH:JOINT:C47249
building/49242,BUILD:SDU:C531500
st_struct_pedestal/69170,PED:SST::8797947
pole/42559,POL:PPOLE:C540243
pole/41748,POL:PPOLE:C540262
building/51173,BUILD:BUS:C527495
st_struct_pedestal/69782,PED:SST::13055245
building/50893,BUILD:BUS:C537580
pole/41546,POL:PPOLE:C531451
pole/40720,POL:PPOLE:C535643
building/51053,BUILD:BUS:C543497
st_struct_pedestal/67564,PED:JLPED::10681516
building/51086,BUILD:BUS:C549913
st_struct_pedestal/68594,PED:CPM:C536483
st_struct_pedestal/68487,PED:SST:C536937
st_struct_pedestal/67517,PED:CPM:C527932
building/51017,BUILD:BUS:C541335
pole/40794,POL:PPOLE:C525431
pole/42447,POL:PPOLE:C539820
st_struct_foreign_crossings/3123,FCROS:PLX:C47561
building/49417,BUILD:SDU:C535856
building/50771,BUILD:SDU:C546187
st_struct_pedestal/67453,PED:JSPED:C531058
mywcom_route_junction/21355,SPJCT:SPJCT::8395057
pole/40534,POL:PPOLE:C527742
st_struct_pedestal/68180,PED:CPM:C557374
building/50582,BUILD:BUS:C573334
mywcom_route_junction/21196,PJCT:SPJCT::10522124
st_struct_pedestal/69278,PED:JSPED:C545382
building/48964,BUILD:BUS:C548203
building/49347,BUILD:MDU::9066111
building/49150,BUILD:BUS:C542835
st_struct_pedestal/67929,PED:CPM:C527541
building/50912,BUILD:SDU:C533150
pole/41822,POL:PPOLE:C526338
st_struct_pedestal/68385,PED:CPM:C535155
st_struct_pedestal/68563,PED:JSPED::8978767
building/49320,BUILD:BUS:C570489
building/49158,BUILD:BUS:C539833
st_struct_foreign_crossings/3205,FCROS:PLX:C47424
pole/42397,POL:PPOLE:C548760
building/51340,BUILD:BUS:C535514
st_struct_foreign_crossings/3204,FCROS:PLX:C46738
st_struct_pedestal/69842,PED:SST:C536307
mywcom_route_junction/21657,SPJCT:SPJCT:C571811
st_struct_pedestal/67696,PED:CPM:C540101
st_struct_pedestal/70558,PED:SST:C541723
mywcom_route_junction/21722,SPJCT:SPJCT::13253978
building/50065,BUILD:BUS:C572912
st_struct_pedestal/70032,PED:JSPED:C535462
pole/41861,POL:PPOLE:C536489
building/49015,BUILD:BUS:C536565
st_struct_pedestal/70450,PED:JSPED:C535480
building/50351,BUILD:BUS:C536318
st_struct_pedestal/70563,PED:FPED::10332690
pole/42181,POL:PPOLE:C531396
building/50697,BUILD:SDU:C542083
building/50479,BUILD:SDU:C542771
anchors/10311,ANCH:JOINT:C46126
st_struct_pedestal/68288,PED:SST::10599662
pole/40653,POL:PPOLE:C526316
building/50127,BUILD:BUS:C544160
building/49568,BUILD:BUS::12179740
building/48999,BUILD:BUS:C550431
building/48892,BUILD:SDU:C537999
pole/41487,POL:PPOLE:C534597
building/48911,BUILD:SDU:C537929
st_struct_pedestal/67600,PED:CPM:C536371
building/50942,BUILD:SDU:C538020
pole/42649,POL:PPOLE:C525455
mywcom_route_junction/21296,SPJCT:SPJCT:C540621
pole/42504,POL:PPOLE:C534303
pole/41756,POL:PPOLE:C524047
pole/40538,POL:PPOLE::7738075
anchors/10338,ANCH:CO:C46238
st_struct_pedestal/70346,PED:JLPED::10681517
st_struct_pedestal/68564,PED:CPM:C538499
building/49765,BUILD:BUS:C532332
st_struct_pedestal/67086,PED:SST::9604083
building/49053,BUILD:SDU:C539160
st_struct_pedestal/69390,PED:CPM:C542697
pole/42485,POL:PPOLE:C523293
pole/42498,POL:PPOLE:C541041
building/51269,BUILD:SDU:C534441
mywcom_route_junction/21029,SPJCT:SPJCT::8547373
mywcom_route_junction/21467,SPJCT:SPJCT:C547845
building/50793,BUILD:SEB:C549954
pole/41285,POL:PPOLE:C525452
building/51240,BUILD:SDU:C540496
st_struct_pedestal/70498,PED:SST::10526922
st_struct_pedestal/69900,PED:JSPED:C528883
st_struct_pedestal/67173,PED:CPM:C542746
mywcom_route_junction/20972,SPJCT:SPJCT::12456557
mywcom_route_junction/21277,SPJCT:SPJCT:C573340
st_struct_pedestal/68778,PED:CPM:C536435
mywcom_route_junction/21658,SPJCT:SPJCT:C572839
st_struct_pedestal/69579,PED:CPM:C532841
st_struct_pedestal/69542,PED:CPM:C535319
st_struct_pedestal/68788,PED:JSPED:C529950
building/51212,BUILD:BUS:C546798
pole/42536,POL:PPOLE:C531377
pole/41333,POL:PPOLE:C534223
mywcom_route_junction/21906,SPJCT:SPJCT::9903262
mywcom_route_junction/21473,PJCT:SPJCT::11069330
st_struct_pedestal/67967,PED:CPM:C528184
st_struct_pedestal/70266,PED:SST:C549336
building/49317,BUILD:SDU:C542711
st_struct_pedestal/70255,PED:SST:C550359
st_struct_pedestal/70226,PED:JSPED::8978777
pole/42215,POL:PPOLE:C540251
cabinet/2479,CAB:VAULT::9392859
st_struct_pedestal/68223,PED:JUPED::10250491
pole/41859,POL:PPOLE:C526384
building/49819,BUILD:BUS:C572389
building/48910,BUILD:BUS:C548595
building/49036,BUILD:BUS:C542012
building/50285,BUILD:BUS:C533992
pole/42534,POL:PPOLE:C535646
pole/41355,POL:PPOLE::10619789
anchors/10033,ANCH:CO:C46443
st_struct_pedestal/68822,PED:JTPED:C570772
anchors/10157,ANCH:JOINT:C46662
pole/40872,POL:PPOLE:C529921
st_struct_pedestal/67752,PED:CPM:C535227
pole/40508,POL:PPOLE:C546760
st_struct_foreign_crossings/3206,FCROS:PLX:C47426
building/48794,BUILD:BUS:C537762
anchors/10512,ANCH:CO:C47653
building/49509,BUILD:SDU:C527357
pole/40603,POL:PPOLE:C521256
st_struct_pedestal/68892,PED:JTPED:C540525
building/50834,BUILD:BUS::10682169
building/51041,BUILD:SDU:C530452
building/50031,BUILD:BUS:C550530
mywcom_route_junction/20910,SPJCT:SPJCT:C557441
st_struct_pedestal/69382,PED:SST:C544798
pole/42251,POL:PPOLE:C528214
pole/41055,POL:PPOLE:C526330
building/51406,BUILD:SDU:C541174
mywcom_route_junction/21528,SPJCT:SPJCT:C529649
pole/40648,POL:PPOLE:C526369
st_struct_pedestal/68302,PED:CPM:C533957
pole/40666,POL:PPOLE:C525457
building/48728,BUILD:SDU:C557338
st_struct_pedestal/70843,PED:CPM:C511404
pole/41096,POL:PPOLE:C521197
st_struct_pedestal/68881,PED:JUPED::8490738
pole/40772,POL:PPOLE:C530164
building/49799,BUILD:SDU:C570530
pole/41858,POL:PPOLE:C547771
st_struct_pedestal/70663,PED:JSPED:C573863
st_struct_pedestal/69550,PED:JSPED:C540538
st_struct_pedestal/70208,PED:SST:C535349
building/50027,BUILD:MDU::12667473
st_struct_pedestal/69439,PED:CPM:C533459
st_struct_pedestal/67606,PED:SST:C543437
pole/42495,POL:PPOLE:C532946
pole/40867,POL:PPOLE:C538856
building/51471,BUILD:SDU:C532711
st_struct_pedestal/70244,PED:JSPED:C528924
mywcom_route_junction/21214,SPJCT:SPJCT:C570942
st_struct_pedestal/70452,PED:JSPED::8978733
mywcom_route_junction/21822,SPJCT:SPJCT::8389612
mywcom_route_junction/21454,SPJCT:SPJCT:C542546
building/49278,BUILD:BUS:C539342
pole/40798,POL:PPOLE:C537667
st_struct_pedestal/70405,PED:CPM:C531027
pole/42695,POL:PPOLE:C524124
building/50474,BUILD:BUS:C570507
pole/42719,POL:PPOLE:C536302
mywcom_route_junction/21937,PJCT:SPJCT::10069995
building/51286,BUILD:SDU:C557157
st_struct_pedestal/69760,PED:CPM:C530923
st_struct_pedestal/69629,PED:JSPED::9043407
pole/41733,POL:PPOLE:C537144
building/51424,BUILD:SDU:C542141
st_struct_pedestal/67423,PED:SST:C541791
building/50860,BUILD:SDU:C534685
building/49958,BUILD:SDU:C541681
st_struct_pedestal/69562,PED:JSPED:C529826
st_struct_pedestal/69624,PED:SST:C539680
st_struct_pedestal/69380,PED:JSPED:C538589
pole/42314,POL:PPOLE:C526476
building/51112,BUILD:BUS:C524002
building/50789,BUILD:BUS::13377019
building/48760,BUILD:BUS::10682187
mywcom_route_junction/21772,SPJCT:SPJCT:C546533
pole/40486,POL:PPOLE:C521250
building/48855,BUILD:BUS:C534272
mywcom_route_junction/21615,SPJCT:SPJCT::8387700
mywcom_route_junction/21104,SPJCT:SPJCT:C571994
building/48952,BUILD:SDU::7932634
pole/42557,POL:PPOLE:C546683
pole/42530,POL:PPOLE:C534908
pole/42232,POL:PPOLE:C528367
building/50817,BUILD:SDU:C549703
st_struct_pedestal/67206,PED:SST::12673180
building/50777,BUILD:SDU:C532013
building/49341,BUILD:SDU:C546282
building/49174,BUILD:SDU:C532851
st_struct_pedestal/68737,PED:CPM:C528127
st_struct_pedestal/67376,PED:SST::10612370
pole/42305,POL:PPOLE:C549864
st_struct_pedestal/67807,PED:SST:C540495
pole/40515,POL:PPOLE:C535754
pole/41441,POL:PPOLE:C532276
pole/41613,POL:PPOLE::9230000
st_struct_pedestal/67641,PED:CPM:C537323
building/51308,BUILD:SDU::11423562
building/49228,BUILD:SDU:C539848
pole/41852,POL:CPOLE:C529462
st_struct_pedestal/68489,PED:SST::8171690
st_struct_pedestal/68518,PED:CPM:C525781
pole/42120,POL:PPOLE:C532655
st_struct_pedestal/70267,PED:CPM:C532155
building/49637,BUILD:MDU::9083066
st_struct_foreign_crossings/3252,FCROS:PLX:C48531
st_struct_pedestal/68903,PED:JSPED:C535378
building/49508,BUILD:SDU:C528754
anchors/10443,ANCH:CO:C47640
pole/41166,POL:PPOLE:C532525
st_struct_pedestal/67755,PED:CPM:C532576
building/51055,BUILD:SDU:C548442
st_struct_pedestal/68163,PED:JLPED::8035045
pole/41270,POL:CPOLE:C533680
st_struct_vault/2427,VAULT:MH-S:C572842
st_struct_pedestal/67630,PED:CPM:C532159
st_struct_pedestal/69765,PED:SST:C541810
mywcom_route_junction/22017,SPJCT:SPJCT:C538365
building/51202,BUILD:SDU:C529182
building/51051,BUILD:SDU::12667438
building/50322,BUILD:SDU:C560929
st_struct_pedestal/70105,PED:JSPED:C535510
st_struct_pedestal/67987,PED:JSPED:C528809
building/51331,BUILD:SDU:C526532
st_struct_pedestal/67133,PED:SST::12639564
pole/41994,POL:PPOLE:C535757
pole/41235,POL:PPOLE:C529252
building/51028,BUILD:BUS:C535521
mywcom_route_junction/21338,SPJCT:SPJCT:C550466
mywcom_route_junction/21085,SPJCT:SPJCT:C570055
st_struct_pedestal/67373,PED:SST:C532835
tower/469,TOWER:TOWER:C573834
st_struct_pedestal/69418,PED:SST:C537690
mywcom_route_junction/21121,PJCT:SPJCT::10931100
st_struct_pedestal/68968,PED:SST::7849114
st_struct_pedestal/70835,PED:CPM:C512290
st_struct_pedestal/68675,PED:CPM:C533133
building/50638,BUILD:SDU:C543825
st_struct_pedestal/69976,PED:JTPED:C540674
pole/40484,POL:PPOLE:C530173
pole/41759,POL:PPOLE:C540267
pole/41624,POL:PPOLE:C526376
pole/41256,POL:PPOLE:C532271
st_struct_pedestal/68075,PED:SST:C527797
st_struct_pedestal/67112,PED:SST:C555184
building/48743,BUILD:BUS:C537005
st_struct_pedestal/68757,PED:SST::9541048
pole/41217,POL:PPOLE:C530617
st_struct_pedestal/68995,PED:SST:C547659
st_struct_foreign_crossings/3110,FCROS:PLX:C48224
pole/40973,POL:CPOLE:C570267
st_struct_foreign_crossings/3164,FCROS:RRX:C53070
mywcom_route_junction/20935,PJCT:SPJCT::11069326
st_struct_pedestal/68351,PED:JSPED:C531188
st_struct_pedestal/67955,PED:SST::12088205
mywcom_route_junction/21238,SPJCT:SPJCT::13005011
st_struct_pedestal/68031,PED:CPM:C542610
mywcom_route_junction/21009,SPJCT:SPJCT::7395275
pole/41228,POL:PPOLE:C526329
building/49491,BUILD:SDU:C539102
st_struct_pedestal/70457,PED:JSPED:C544701
pole/42128,POL:PPOLE:C529807
building/49789,BUILD:SDU:C527403
pole/41860,POL:PPOLE:C526910
cabinet/2449,CAB:JWIEX:D8024570
building/50641,BUILD:SDU:C528188
building/50140,BUILD:SDU:C527556
st_struct_foreign_crossings/3179,FCROS:RRX::10316322
st_struct_pedestal/70708,PED:SST::8185118
st_struct_pedestal/70838,PED:SST:C540049
building/48765,BUILD:BUS:C523992
st_struct_pedestal/67583,PED:JSPED:C540607
st_struct_buried_splice_location/2696,CLOSR:BSCLS:C543915
building/51393,BUILD:BUS::12638604
st_struct_pedestal/69290,PED:SST:C549486
building/49483,BUILD:SDU:C539685
st_struct_pedestal/69659,PED:SST:C547779
building/50963,BUILD:BUS:C540483
building/49689,BUILD:BUS:C533009
mywcom_route_junction/21691,SPJCT:SPJCT:C545460
mywcom_route_junction/21622,SPJCT:SPJCT::8356378
pole/42074,POL:PPOLE:C541029
st_struct_pedestal/70055,PED:CPM:C526530
st_struct_pedestal/70292,PED:SST::11601499
building/50194,BUILD:SDU::9654606
st_struct_pedestal/67968,PED:JSPED:C529889
mywcom_route_junction/21077,SPJCT:SPJCT:C573052
st_struct_pedestal/70480,PED:JSPED:C540505
st_struct_foreign_crossings/3159,FCROS:RRX:C53985
st_struct_pedestal/68785,PED:SST::9373064
mywcom_route_junction/21810,SPJCT:SPJCT:C544679
st_struct_pedestal/67576,PED:SST:C540478
pole/42121,POL:PPOLE:C525539
st_struct_pedestal/68803,PED:SST::9604079
building/48787,BUILD:BUS:C543532
cabinet/2491,CAB:JWI:C540019
pole/42012,POL:PPOLE::7739057
st_struct_pedestal/67280,PED:CPM:C538464
pole/41045,POL:PPOLE::7753776
cabinet/2443,CAB:JWI:C534034
st_struct_pedestal/68196,PED:CPM:C535331
pole/41165,POL:PPOLE:C548762
st_struct_pedestal/67129,PED:SST:C541820
pole/41211,POL:PPOLE:C530431
building/49262,BUILD:BUS:C535655
st_struct_vault/2424,VAULT:MH-S:C531630
st_struct_pedestal/70573,PED:SST:C548381
building/51476,BUILD:SDU:C535012
st_struct_pedestal/69553,PED:JSPED:C539082
building/49677,BUILD:BUS:C571699
anchors/10522,ANCH:CO:C47233
cabinet/2481,CAB:EC:C550448
building/48916,BUILD:BUS:C570492
st_struct_pedestal/69594,PED:SST::8417142
pole/41146,POL:PPOLE:C524175
mywcom_route_junction/21437,SPJCT:SPJCT:C571028
pole/41382,POL:PPOLE:C524276
st_struct_pedestal/68337,PED:CPM:C546331
st_struct_pedestal/67818,PED:CPM:C541143
mywcom_route_junction/20930,SPJCT:SPJCT:C531044
st_struct_pedestal/67073,PED:CPM:C535021
pole/42230,POL:PPOLE:C536348
building/49404,BUILD:SDU:C531753
building/50147,BUILD:SDU:C542135
anchors/10398,ANCH:JOINT:C46814
st_struct_foreign_crossings/3265,FCROS:PLX:C47591
st_struct_pedestal/67223,PED:SST:C533012
pole/41127,POL:PPOLE:C531321
building/49027,BUILD:MDU::9065788
st_struct_pedestal/69833,PED:CPM:C572443
building/49785,BUILD:SDU:C549841
building/48968,BUILD:SDU:C541981
building/49108,BUILD:BUS::11667408
st_struct_foreign_crossings/3131,FCROS:PLX:C47406
st_struct_pedestal/69245,PED:SST:C538613
mywcom_route_junction/21717,SPJCT:SPJCT:C532342
building/48756,BUILD:BUS:C570279
st_struct_buried_splice_location/2616,CLOSR:BSCLS::8841450
mywcom_route_junction/21004,SPJCT:SPJCT:C571081
st_struct_pedestal/68947,PED:CPM:C541683
anchors/10168,ANCH:JOINT:C53202
mywcom_route_junction/21696,PJCT:SPJCT::10058448
st_struct_pedestal/68681,PED:SST::8844652
pole/41886,POL:PPOLE:C535236
st_struct_pedestal/67055,PED:JSPED:C528412
st_struct_pedestal/69814,PED:SST:C529564
building/50791,BUILD:SDU:C536742
anchors/10131,ANCH:JOINT::6992488
st_struct_pedestal/69190,PED:CPM:C541694
mywcom_route_junction/20944,SPJCT:SPJCT::7746092
st_struct_pedestal/68052,PED:CPM:C538338
mywcom_route_junction/21642,SPJCT:SPJCT:C537297
pole/42319,POL:PPOLE:C531045
building/50572,BUILD:BUS:C571481
st_struct_pedestal/70338,PED:CPM:C542821
mywcom_route_junction/21155,PJCT:SPJCT::11086940
st_struct_pedestal/69308,PED:SST:C556957
building/51310,BUILD:SDU:C550119
building/49284,BUILD:MDU::10684083
st_struct_pedestal/67110,PED:CPM:C525561
building/50117,BUILD:MDU::12667470
pole/40892,POL:PPOLE:C536609
st_struct_pedestal/68635,PED:SST:C529508
cabinet/2452,CAB:JWI:C536300
st_struct_pedestal/70546,PED:CPM:C542140
st_struct_buried_splice_location/2602,CLOSR:BSCLS:C528855
building/49725,BUILD:SDU:C526503
pole/42437,POL:PPOLE:C534672
pole/41796,POL:PPOLE:C525429
pole/41201,POL:PPOLE:C571634
building/50629,BUILD:BUS::12613014
building/50312,BUILD:BUS:C571976
building/48888,BUILD:SDU:C530980
st_struct_pedestal/67450,PED:SST::8249132
mywcom_route_junction/21795,SPJCT:SPJCT::8389614
pole/40663,POL:PPOLE:C547789
building/49330,BUILD:SDU:C526013
st_struct_vault/2432,VAULT:MH-S:C531173
pole/40575,POL:PPOLE:C528460
building/50089,BUILD:SDU:C540973
building/49598,BUILD:BUS:C523983
st_struct_pedestal/70074,PED:JSPED:C540691
st_struct_pedestal/69395,PED:CPM:C534631
pole/42054,POL:PPOLE:C532633
st_struct_pedestal/69530,PED:CPM:C541253
st_struct_pedestal/68491,PED:JSPED:C548384
st_struct_pedestal/67343,PED:SST:C547655
building/50989,BUILD:SDU:C538074
mywcom_route_junction/21667,SPJCT:SPJCT::8391218
pole/41599,POL:PPOLE:C529992
pole/41245,POL:PPOLE:C547848
pole/40632,POL:PPOLE:C524052
building/49238,BUILD:SDU:C536438
building/50168,BUILD:BUS:C536970
pole/40681,POL:PPOLE:C538874
building/49755,BUILD:BUS:C537379
building/49402,BUILD:SDU:C539758
st_struct_pedestal/69759,PED:CPM:C545617
building/50643,BUILD:SDU:C526782
pole/41106,POL:PPOLE:C532664
mywcom_route_junction/21756,SPJCT:SPJCT:C548561
st_struct_pedestal/67810,PED:CPM:C527154
pole/42756,POL:CPOLE:C532094
st_struct_pedestal/69247,PED:CPM:C539464
st_struct_buried_splice_location/2682,CLOSR:BSCLS::11624844
st_struct_pedestal/68575,PED:CPM:C545867
building/49505,BUILD:BUS:C538309
building/51382,BUILD:SDU:C537965
pole/40638,POL:PPOLE:C532731
pole/42349,POL:PPOLE:C570556
st_struct_pedestal/68553,PED:CPM::10928842
building/51264,BUILD:SEB:C527520
pole/41274,POL:PPOLE:C534668
pole/41665,POL:PPOLE::8383249
st_struct_pedestal/70301,PED:CPM:C542766
pole/40610,POL:PPOLE:C532578
pole/42281,POL:PPOLE:C531254
mywcom_route_junction/21098,SPJCT:SPJCT::13522493
st_struct_pedestal/67088,PED:JSPED::8978762
pole/40930,POL:PPOLE:C532572
cabinet/2492,CAB:JWI:D8030154
building/49051,BUILD:SDU:C540782
st_struct_pedestal/69859,PED:CPM:C541918
st_struct_pedestal/69204,PED:JSPED::7391228
pole/40578,POL:PPOLE:C543797
mywcom_route_junction/21486,SPJCT:SPJCT:C544523
building/50887,BUILD:BUS:C543510
st_struct_vault/2417,VAULT:MH-S:C532451
st_struct_pedestal/70153,PED:SST:C571978
st_struct_pedestal/69608,PED:SST:C538599
mywcom_route_junction/22027,PJCT:SPJCT::10058784
mywcom_route_junction/21356,SPJCT:SPJCT:C531333
st_struct_pedestal/70726,PED:SST::12754773
pole/42067,POL:PPOLE::7746101
anchors/10215,ANCH:CO:C53871
pole/41698,POL:PPOLE:C532502
st_struct_pedestal/70193,PED:CPM:C527225
st_struct_pedestal/68198,PED:SST::8391535
pole/41001,POL:PPOLE::7753771
building/49309,BUILD:BUS:D8029836
building/50780,BUILD:SDU:C549839
anchors/10239,ANCH:JOINT:C45976
st_struct_pedestal/67156,PED:SST:C541861
st_struct_pedestal/69015,PED:SST::13522491
st_struct_pedestal/67448,PED:CPM:C529500
st_struct_pedestal/69975,PED:CPM:C528129
st_struct_pedestal/68695,PED:JTPED:C535214
building/49418,BUILD:BUS:C572849
st_struct_pedestal/69184,PED:CPM:C540580
building/48879,BUILD:SDU:C536678
building/49587,BUILD:BUS:C529319
building/51208,BUILD:SDU:C527505
pole/41542,POL:PPOLE:C527092
building/49484,BUILD:SDU:C531834
building/49094,BUILD:BUS:C537383
pole/41436,POL:PPOLE:C537216
pole/41883,POL:PPOLE:C537268
pole/41519,POL:PPOLE:C535743
st_struct_pedestal/69125,PED:JSPED::9797022
building/50761,BUILD:BUS::12642445
building/48781,BUILD:BUS:C540141
building/49298,BUILD:SDU:C535671
st_struct_pedestal/68685,PED:SST:C530962
st_struct_pedestal/69327,PED:SST:C535112
pole/41972,POL:PPOLE:C532538
st_struct_pedestal/67593,PED:JUPED::10250490
building/49366,BUILD:SDU:C527632
st_struct_pedestal/67042,PED:JUPED::12370829
pole/41586,POL:PPOLE:C546811
st_struct_pedestal/67983,PED:SST:C532959
building/50363,BUILD:BUS:C536527
st_struct_pedestal/69103,PED:JTPED:C535280
st_struct_pedestal/67874,PED:CPM:C530524
anchors/10376,ANCH:CO:C46245
anchors/10265,ANCH:CO:C47298
st_struct_pedestal/70434,PED:SST::8355396
pole/42345,POL:PPOLE:C535419
building/50154,BUILD:BUS:C549512
st_struct_pedestal/70316,PED:CPM:C531810
building/51448,BUILD:SDU:C527598
building/49065,BUILD:BUS:C536359
building/49277,BUILD:BUS::11229963
mywcom_route_junction/20903,SPJCT:SPJCT::8391210
st_struct_foreign_crossings/3181,FCROS:RRX:C53077
anchors/10062,ANCH:CO:C47261
st_struct_pedestal/69031,PED:SST:C533035
st_struct_pedestal/67887,PED:CPM:C549852
st_struct_pedestal/70206,PED:JTPED:C534353
st_struct_pedestal/69342,PED:CPM:C557315
anchors/10385,ANCH:JOINT:C47823
st_struct_pedestal/69904,PED:JSPED:C540697
st_struct_pedestal/68869,PED:CPM:C525906
building/49622,BUILD:SDU:C528302
building/51435,BUILD:BUS::8657770
building/48754,BUILD:SDU::8335536
pole/41920,POL:PPOLE:C548737
st_struct_pedestal/70417,PED:CPM::10137804
st_struct_pedestal/70189,PED:JSPED:C544778
anchors/10125,ANCH:JOINT:C46809
st_struct_foreign_crossings/3273,FCROS:RRX:C50223
building/51249,BUILD:SDU:C534592
mywcom_route_junction/21512,SPJCT:SPJCT:C527113
pole/42791,POL:PPOLE:C529117
building/50772,BUILD:SDU:C557390
building/50649,BUILD:SDU:C534552
building/50395,BUILD:SDU:C536470
st_struct_pedestal/67990,PED:JSPED:C531061
st_struct_pedestal/70607,PED:CPM:C539668
building/50355,BUILD:SDU:C525716
st_struct_foreign_crossings/3277,FCROS:RRX:C53255
anchors/10218,ANCH:CO::7004306
st_struct_pedestal/70204,PED:JTPED:C528823
st_struct_pedestal/68613,PED:JSPED:C547392
st_struct_pedestal/70005,PED:CPM:C527476
building/50468,BUILD:SDU::12098764
st_struct_pedestal/70329,PED:CPM:C558160
st_struct_pedestal/69570,PED:CPM:C527786
mywcom_route_junction/21494,SPJCT:SPJCT:C542795
building/49943,BUILD:MDU:C540396
pole/41689,POL:PPOLE:C543862
pole/41872,POL:PPOLE:C523803
st_struct_pedestal/68965,PED:JSPED::13298156
pole/41975,POL:PPOLE:C521110
building/49372,BUILD:SDU:C533532
st_struct_pedestal/70729,PED:SST::9654922
st_struct_pedestal/69866,PED:SST:C529320
st_struct_pedestal/69521,PED:CPM:C528065
pole/42442,POL:PPOLE:C530062
st_struct_pedestal/67297,PED:JLPED::8035035
st_struct_pedestal/69569,PED:CPM:C529167
st_struct_buried_splice_location/2669,CLOSR:BSCLS:C527701
mywcom_route_junction/21465,SPJCT:SPJCT:C548295
st_struct_pedestal/70537,PED:CPM:C557413
mywcom_route_junction/22010,PJCT:SPJCT::10058212
mywcom_route_junction/20901,SPJCT:SPJCT::8249451
building/50345,BUILD:BUS:C536449
building/50663,BUILD:SDU::12667432
pole/40613,POL:PPOLE:C547288
st_struct_foreign_crossings/3251,FCROS:PLX:C46115
mywcom_route_junction/21137,SPJCT:SPJCT::8388994
st_struct_pedestal/67401,PED:SST:C549631
building/50220,BUILD:MDU::9112842
st_struct_pedestal/67486,PED:JSPED:C547397
building/48780,BUILD:SDU::12667465
st_struct_pedestal/70507,PED:JSPED:C528416
building/51414,BUILD:SDU:C542349
building/49271,BUILD:BUS:C547419
mywcom_route_junction/21059,SPJCT:SPJCT:C546765
st_struct_pedestal/69549,PED:JSPED:C538949
pole/41413,POL:PPOLE:C526325
st_struct_foreign_crossings/3218,FCROS:RRX:C53683
st_struct_buried_splice_location/2741,CLOSR:BSCLS:C558384
st_struct_pedestal/67466,PED:SST::12527900
building/50067,BUILD:SDU:C537813
building/50842,BUILD:MDU::9027690
st_struct_pedestal/69046,PED:CPM:C544807
pole/42357,POL:PPOLE:C535761
building/49565,BUILD:BUS:C570513
building/51296,BUILD:BUS::12159900
st_struct_pedestal/70776,PED:JSPED:C535398
st_struct_pedestal/69440,PED:CPM:C541466
st_struct_pedestal/67742,PED:SST:C546610
building/49722,BUILD:BUS::10682164
mywcom_route_junction/21265,PJCT:SPJCT::10753834
pole/41041,POL:PPOLE::7749289
building/48868,BUILD:SDU:C532104
anchors/10081,ANCH:CO:C48323
st_struct_pedestal/70151,PED:CPM:C529440
anchors/10040,ANCH:CO:C53997
st_struct_pedestal/67695,PED:CPM:C539109
building/51149,BUILD:SDU:C570006
pole/42340,POL:PPOLE:C523548
st_struct_pedestal/68346,PED:SST:C548533
building/51254,BUILD:MDU:C572603
st_struct_pedestal/67927,PED:JTPED:C540137
pole/41514,POL:PPOLE::7739052
anchors/10411,ANCH:CO:C46802
cabinet/2482,CAB:EC:C536581
building/51284,BUILD:SDU:C532950
st_struct_pedestal/68039,PED:SST:C532912
pole/42725,POL:PPOLE:C543974
pole/42723,POL:PPOLE:C528407
st_struct_pedestal/68010,PED:SST::7623850
building/49429,BUILD:MDU::9330458
building/49129,BUILD:SDU:C542825
mywcom_route_junction/21203,PJCT:SPJCT::11083085
building/50661,BUILD:BUS::9965978
building/51404,BUILD:BUS:C570478
building/50530,BUILD:SDU:C530977
pole/41965,POL:PPOLE:C532349
st_struct_pedestal/70591,PED:CPM:C546349
st_struct_pedestal/69208,PED:JLPED::8341669
pole/41615,POL:PPOLE:C538279
pole/42421,POL:PPOLE:C540770
st_struct_pedestal/67913,PED:CPM:C525418
mywcom_route_junction/21821,SPJCT:SPJCT::8390901
building/50496,BUILD:MDU::10684093
st_struct_pedestal/67736,PED:JSPED:C534350
anchors/10402,ANCH:CO:C46211
st_struct_pedestal/67127,PED:CPM:C548776
mywcom_route_junction/21441,SPJCT:SPJCT::12223562
st_struct_pedestal/68013,PED:CPM:C534600
st_struct_pedestal/67278,PED:CPM:C527212
building/48731,BUILD:SDU:C546489
mywcom_route_junction/21514,SPJCT:SPJCT::8372672
pole/40986,POL:PPOLE:C528187
st_struct_pedestal/70227,PED:CPM:C538339
building/49515,BUILD:SDU:C536464
st_struct_pedestal/69317,PED:CPM:C524298
st_struct_foreign_crossings/3148,FCROS:PLX:C46748
st_struct_pedestal/70195,PED:CPM:C539741
anchors/10486,ANCH:JOINT:C47438
pole/41627,POL:PPOLE:C548758
st_struct_pedestal/69867,PED:JSPED:C529971
building/49463,BUILD:BUS:C536606
building/49570,BUILD:MDU::10545166
st_struct_pedestal/67711,PED:CPM:C538680
pole/42658,POL:PPOLE:C536398
st_struct_pedestal/69374,PED:JSPED::9254604
st_struct_pedestal/68895,PED:CPM:C558171
pole/40813,POL:PPOLE:C536243
building/51213,BUILD:SDU::12667446
st_struct_foreign_crossings/3103,FCROS:PLX::13317945
building/48974,BUILD:SDU:C542056
st_struct_pedestal/70604,PED:JSPED:C531083
st_struct_pedestal/67369,PED:JSPED:C526131
st_struct_pedestal/67138,PED:SST::8978730
building/50837,BUILD:BUS::7388331
pole/40882,POL:PPOLE:C534225
st_struct_pedestal/70180,PED:JSPED:C536694
st_struct_pedestal/68880,PED:JSPED::10058210
st_struct_pedestal/67665,PED:JSPED:C573071
building/50512,BUILD:BUS:C546796
building/51080,BUILD:BUS:C525885
building/50890,BUILD:BUS:C532819
st_struct_pedestal/67130,PED:JSPED:C549269
mywcom_route_junction/21188,SPJCT:SPJCT:C549580
st_struct_pedestal/70162,PED:SST:C573701
building/51282,BUILD:SDU:C528393
st_struct_pedestal/67808,PED:CPM:C571750
st_struct_pedestal/69149,PED:SST::11510330
st_struct_pedestal/68495,PED:JSPED:C536730
building/51375,BUILD:SDU:C570721
building/50554,BUILD:BUS::12614944
building/49022,BUILD:SDU:C535298
building/49892,BUILD:BUS:C537677
building/49545,BUILD:BUS:C525994
st_struct_pedestal/67999,PED:CPM:C535631
pole/42614,POL:PPOLE:C525372
pole/41752,POL:PPOLE::9065483
building/50965,BUILD:BUS:C534617
building/49294,BUILD:SDU::12667464
st_struct_foreign_crossings/3097,FCROS:PLX:C53665
pole/42774,POL:PPOLE:C527652
building/49382,BUILD:SDU:C528240
st_struct_pedestal/70444,PED:JSPED:C538987
anchors/10235,ANCH:CO:C47046
st_struct_pedestal/68322,PED:SST::8796973
anchors/10331,ANCH:CO:C46447
mywcom_route_junction/21339,SPJCT:SPJCT::11887883
mywcom_route_junction/21771,SPJCT:SPJCT::8411061
building/49849,BUILD:SDU:C548279
st_struct_pedestal/68215,PED:CPM:C540307
st_struct_pedestal/67178,PED:CPM:C556887
st_struct_pedestal/70565,PED:JSPED:C528414
building/49176,BUILD:SDU:C546333
pole/42145,POL:PPOLE:C536224
pole/42667,POL:PPOLE::7746091
st_struct_pedestal/68258,PED:SST:C527616
mywcom_route_junction/21815,SPJCT:SPJCT:C572020
st_struct_pedestal/70730,PED:SST:C549566
building/49396,BUILD:BUS:C537514
tower/483,TOWER:FIXED::9388412
building/51369,BUILD:SDU:C537113
st_struct_pedestal/70633,PED:SST:C541769
pole/40934,POL:PPOLE:C531249
st_struct_pedestal/67305,PED:SST:C537748
building/50501,BUILD:MDU::9103212
st_struct_pedestal/68042,PED:SST:C541635
pole/41764,POL:PPOLE::7748954
st_struct_pedestal/70827,PED:JSPED:C540790
pole/42633,POL:PPOLE:C538893
st_struct_pedestal/67845,PED:JSPED:C525987
mywcom_route_junction/21800,PJCT:SPJCT::10058162
st_struct_pedestal/69359,PED:CPM:C531442
pole/41545,POL:PPOLE:C537257
st_struct_pedestal/69774,PED:SST:C570745
st_struct_pedestal/69409,PED:SST:C540955
pole/41995,POL:PPOLE:C542328
st_struct_pedestal/69868,PED:SST:C537684
building/49590,BUILD:SDU:C542535
building/50465,BUILD:BUS:C542837
pole/41929,POL:PPOLE:C523785
st_struct_pedestal/70384,PED:JSPED:C534331
st_struct_pedestal/68266,PED:SST:C541800
pole/41366,POL:PPOLE:C523834
st_struct_pedestal/68047,PED:CPM:C542763
mywcom_route_junction/21469,SPJCT:SPJCT:C571063
building/50796,BUILD:SDU:C542685
mywcom_route_junction/20976,SPJCT:SPJCT::8251994
st_struct_pedestal/68133,PED:SST:C529608
pole/41962,POL:PPOLE:C531275
st_struct_pedestal/68334,PED:SST:C550408
pole/41819,POL:PPOLE:C548603
building/49825,BUILD:BUS:C570169
st_struct_buried_splice_location/2623,CLOSR:BSCLS:C539466
st_struct_pedestal/69294,PED:SST:C534791
st_struct_pedestal/68524,PED:SST:C529519
st_struct_pedestal/69818,PED:SST::9604086
building/48924,BUILD:SDU:C526166
st_struct_pedestal/70811,PED:CPM:C541333
pole/41488,POL:PPOLE:C546687
st_struct_pedestal/69655,PED:SST:C536652
st_struct_pedestal/68834,PED:CPM:C527635
building/49392,BUILD:SDU::12667435
building/48870,BUILD:BUS::7617757
st_struct_pedestal/67115,PED:CPM:C533935
st_struct_pedestal/70379,PED:JSPED:C535366
building/49138,BUILD:MDU::9130742
st_struct_pedestal/69653,PED:SST:C571805
st_struct_pedestal/70727,PED:JTPED:C573230
st_struct_pedestal/69406,PED:SST:C543485
building/51159,BUILD:SDU:C531516
anchors/10268,ANCH:JOINT::7007526
st_struct_pedestal/69851,PED:SST::10605031
pole/42835,POL:PPOLE:C525483
st_struct_pedestal/67555,PED:JSPED:C532900
st_struct_pedestal/67953,PED:JSPED:C535500
pole/41324,POL:PPOLE:C534683
anchors/10467,ANCH:JOINT:C45902
mywcom_route_junction/21660,SPJCT:SPJCT:C530412
st_struct_pedestal/68860,PED:SST:C529260
st_struct_pedestal/69486,PED:SST:C541951
st_struct_pedestal/69012,PED:SST::10657520
building/49172,BUILD:SDU:C535150
pole/40855,POL:PPOLE:C538317
building/51281,BUILD:BUS:C557958
building/50535,BUILD:BUS:C544529
building/50997,BUILD:MDU::9049834
pole/41319,POL:PPOLE:C548675
st_struct_pedestal/70848,PED:CPM:C571387
st_struct_pedestal/67653,PED:CPM:C570151
building/49084,BUILD:SDU:C540420
st_struct_pedestal/70439,PED:SST::10057830
pole/40983,POL:PPOLE:C528375
cabinet/2463,CAB:VAULT::9647882
pole/41866,POL:PPOLE:C533045
building/49211,BUILD:SDU:C542778
st_struct_pedestal/67732,PED:CPM:C540783
mywcom_route_junction/21254,SPJCT:SPJCT::8844651
pole/42761,POL:PPOLE:C521107
st_struct_pedestal/67792,PED:SST::9541036
st_struct_pedestal/67272,PED:JSPED:C535395
st_struct_pedestal/69322,PED:CPM:C528193
st_struct_buried_splice_location/2684,CLOSR:BSCLS:C539433
st_struct_pedestal/70799,PED:SST:C534841
st_struct_vault/2431,VAULT:MH-S:C530856
st_struct_pedestal/68559,PED:JSPED:C535292
st_struct_pedestal/69235,PED:SST:C545602
building/49950,BUILD:SDU:C531123
building/49845,BUILD:SDU:C532061
st_struct_buried_splice_location/2647,CLOSR:BSCLS:C546486
st_struct_pedestal/68933,PED:CPM:C546547
pole/40784,POL:PPOLE:C526824
st_struct_pedestal/68502,PED:CPM:C543247
st_struct_pedestal/67601,PED:SST:C548640
st_struct_pedestal/68420,PED:CPM:C546357
building/50404,BUILD:BUS:C544149
building/50964,BUILD:SDU:C569973
st_struct_pedestal/68494,PED:SST:C534139
st_struct_pedestal/67991,PED:JSPED:C529771
st_struct_pedestal/69958,PED:CPM:C527529
pole/42493,POL:PPOLE:C529057
building/51187,BUILD:SDU:C528049
st_struct_buried_splice_location/2606,CLOSR:BSCLS:C539411
pole/40783,POL:PPOLE:C536366
building/49498,BUILD:BUS:C532814
anchors/10302,ANCH:JOINT:C45959
building/49738,BUILD:BUS:C571623
st_struct_pedestal/69249,PED:SST::13131087
st_struct_buried_splice_location/2628,CLOSR:BSCLS:C547110
pole/41356,POL:PPOLE::7749285
pole/41098,POL:PPOLE:C539098
pole/41243,POL:PPOLE:C526543
building/49033,BUILD:BUS::7401115
st_struct_foreign_crossings/3166,FCROS:RRX:C48509
tower/467,TOWER:FIXED::12451735
pole/41865,POL:PPOLE:C546828
pole/41054,POL:PPOLE:C547260
mywcom_route_junction/21297,SPJCT:SPJCT::12653007
st_struct_pedestal/69682,PED:CPM:C542712
st_struct_buried_splice_location/2639,CLOSR:BSCLS:C549561
st_struct_foreign_crossings/3172,FCROS:RRX:C46957
st_struct_pedestal/68068,PED:SST:C572037
mywcom_route_junction/21043,SPJCT:SPJCT:C542059
pole/40835,POL:PPOLE:C536364
building/49096,BUILD:MDU::9143210
building/51283,BUILD:SDU:C527911
anchors/9973,ANCH:CO:C47806
st_struct_pedestal/68277,PED:SST:C548751
mywcom_route_junction/21932,SPJCT:SPJCT::12669323
building/49982,BUILD:BUS:C536549
st_struct_pedestal/67140,PED:CPM:C540522
st_struct_pedestal/69684,PED:SST:C543779
pole/42420,POL:PPOLE:C529901
st_struct_pedestal/69370,PED:JSPED:C539630
st_struct_pedestal/68775,PED:CPM:C542755
pole/41981,POL:PPOLE:C524064
mywcom_route_junction/21283,SPJCT:SPJCT::13171504
st_struct_pedestal/68128,PED:CPM:C527395
building/51312,BUILD:BUS:C571651
building/49883,BUILD:MDU::9189628
pole/41770,POL:PPOLE:C521119
st_struct_pedestal/70522,PED:JSPED:C530900
st_struct_pedestal/69460,PED:SST::8809773
cabinet/2464,CAB:EC:C530028
mywcom_route_junction/21368,SPJCT:SPJCT:C549498
st_struct_pedestal/67949,PED:SST::8697450
pole/41426,POL:PPOLE:C529072
cabinet/2431,CAB:EC::7398890
st_struct_pedestal/70017,PED:SST:C535688
mywcom_route_junction/21900,SPJCT:SPJCT:C536975
mywcom_route_junction/21039,SPJCT:SPJCT:C546606
mywcom_route_junction/21119,SPJCT:SPJCT::9259403
st_struct_pedestal/70825,PED:SST:C536378
pole/42079,POL:PPOLE:C525450
anchors/10306,ANCH:JOINT:C46815
mywcom_route_junction/21116,PJCT:SPJCT::11012363
st_struct_pedestal/68260,PED:CPM:C525671
st_struct_pedestal/68130,PED:CPM:C537195
st_struct_pedestal/67313,PED:JSPED:C573046
building/49103,BUILD:BUS:C532690
st_struct_pedestal/67518,PED:CPM:C531407
pole/42539,POL:PPOLE:C538191
st_struct_pedestal/68605,PED:SST::10599609
mywcom_route_junction/21802,SPJCT:SPJCT:C528916
mywcom_route_junction/21557,SPJCT:SPJCT::8844650
st_struct_pedestal/69347,PED:CPM:C524332
pole/42028,POL:PPOLE:C539839
st_struct_pedestal/67979,PED:JSPED:C530890
pole/42249,POL:PPOLE:C536996
building/50562,BUILD:SDU:C549783
building/50467,BUILD:SDU::12667450
st_struct_pedestal/70646,PED:CPM:C532171
mywcom_route_junction/21687,SPJCT:SPJCT:C527128
st_struct_pedestal/69716,PED:SST:C539770
st_struct_pedestal/69132,PED:SST::8357955
pole/41529,POL:PPOLE:C525758
pole/42396,POL:PPOLE:C530553
pole/42227,POL:PPOLE:C529136
st_struct_pedestal/69767,PED:CPM:C539845
st_struct_pedestal/70801,PED:JLPED::8341668
pole/40536,POL:PPOLE:C535814
pole/40768,POL:PPOLE:C542556
st_struct_pedestal/69452,PED:CPM:C526463
st_struct_pedestal/69932,PED:CPM:C537924
st_struct_pedestal/68590,PED:CPM:C538021
building/50758,BUILD:SDU:C531179
pole/42106,POL:PPOLE:C529811
building/50528,BUILD:SDU:C526457
mywcom_route_junction/21530,SPJCT:SPJCT:C571837
st_struct_pedestal/70670,PED:JSPED:C535248
pole/42146,POL:PPOLE:C531315
st_struct_pedestal/68958,PED:JUPED::8488495
building/50318,BUILD:BUS:C570511
st_struct_pedestal/68526,PED:CPM:C535826
pole/42560,POL:PPOLE:C541045
st_struct_pedestal/69058,PED:CPM:C526128
pole/42755,POL:PPOLE:C526335
pole/40890,POL:PPOLE:C527134
st_struct_pedestal/67117,PED:JSPED:C538638
building/51426,BUILD:BUS:C543695
building/49494,BUILD:SDU::12667434
building/49353,BUILD:SDU:C542078
st_struct_pedestal/68578,PED:JSPED:C535477
pole/40500,POL:PPOLE:C523619
building/50990,BUILD:SDU:C528023
mywcom_route_junction/21893,SPJCT:SPJCT::8356385
building/49746,BUILD:BUS:C542300
building/50357,BUILD:SDU:C544805
building/48971,BUILD:BUS::12438604
pole/42584,POL:PPOLE:C530061
anchors/10316,ANCH:JOINT::7007522
anchors/10392,ANCH:JOINT:C48192
st_struct_pedestal/68669,PED:CPM:C549848
pole/41072,POL:PPOLE:C540860
pole/41005,POL:PPOLE:C526304
tower/478,TOWER:TOWER:C570116
st_struct_pedestal/70681,PED:CPM:C550275
pole/40548,POL:PPOLE:C535821
st_struct_pedestal/68467,PED:JSPED:C538588
building/49302,BUILD:SDU:C525891
st_struct_pedestal/67476,PED:SST:C539743
building/50430,BUILD:SDU::8883407
building/50565,BUILD:SDU:C542716
st_struct_foreign_crossings/3098,FCROS:PLX:C53753
st_struct_pedestal/68136,PED:CPM:C549814
building/50902,BUILD:SDU:C538357
st_struct_pedestal/67611,PED:CPM:C543310
building/48723,BUILD:BUS:C548771
st_struct_pedestal/68863,PED:SST:C526140
mywcom_route_junction/21217,SPJCT:SPJCT::13253982
st_struct_pedestal/69847,PED:SST:C541847
pole/41335,POL:PPOLE:C526514
building/51401,BUILD:BUS:C537518
mywcom_route_junction/21158,SPJCT:SPJCT:C539285
building/49365,BUILD:BUS:C539167
mywcom_route_junction/22034,SPJCT:SPJCT:C522262
mywcom_route_junction/20966,SPJCT:SPJCT:C572331
anchors/10047,ANCH:CO:C46569
st_struct_pedestal/70814,PED:JSPED:C547535
mywcom_route_junction/21092,SPJCT:SPJCT:C543507
mywcom_route_junction/21905,SPJCT:SPJCT:C541822
mywcom_route_junction/21464,SPJCT:SPJCT::8389296
st_struct_pedestal/69947,PED:SST:C548556
st_struct_pedestal/68124,PED:CPM:C525791
st_struct_pedestal/68197,PED:JTPED:C572019
pole/40976,POL:PPOLE::9229999
mywcom_route_junction/21440,SPJCT:SPJCT:C548226
st_struct_pedestal/69242,PED:SST:C549313
st_struct_pedestal/69144,PED:SST:C550364
st_struct_pedestal/69166,PED:CPM:C550369
pole/42168,POL:PPOLE:C536369
st_struct_pedestal/69174,PED:CPM:C572879
st_struct_pedestal/70715,PED:CPM::7386394
st_struct_pedestal/69573,PED:CPM:C535597
building/49021,BUILD:SDU:C534459
pole/40862,POL:PPOLE:C523285
anchors/10119,ANCH:JOINT:C47501
pole/40979,POL:PPOLE:C536446
building/49990,BUILD:SDU:C570167
st_struct_pedestal/68032,PED:SST:C547735
st_struct_pedestal/69061,PED:CPM:C541005
building/49000,BUILD:SDU:C542476
st_struct_pedestal/67780,PED:CPM:C538322
st_struct_pedestal/68452,PED:SST::9541041
building/49530,BUILD:SDU:C542853
building/49155,BUILD:BUS:C536515
st_struct_buried_splice_location/2722,CLOSR:BSCLS:C556889
building/50563,BUILD:SDU:C545700
pole/41774,POL:PPOLE:C531290
mywcom_route_junction/21755,SPJCT:SPJCT:C528807
st_struct_buried_splice_location/2725,CLOSR:BSCLS:C549517
pole/42027,POL:PPOLE:C526812
pole/41795,POL:PPOLE:C536619
st_struct_pedestal/69177,PED:CPM:C526139
pole/42705,POL:PPOLE:C527613
st_struct_pedestal/68273,PED:JUPED::8492652
pole/40708,POL:PPOLE:C537357
mywcom_route_junction/21448,SPJCT:SPJCT::8355399
st_struct_pedestal/68734,PED:CPM:C527435
st_struct_pedestal/67649,PED:CPM:C531427
st_struct_pedestal/68754,PED:SST:C549514
st_struct_pedestal/69302,PED:JSPED::8978785
pole/42532,POL:PPOLE::7750877
pole/41460,POL:PPOLE:C526829
st_struct_pedestal/69756,PED:JSPED:C535697
pole/41630,POL:PPOLE:C531223
st_struct_pedestal/68587,PED:JSPED:C532829
st_struct_pedestal/68509,PED:SST::10606943
pole/40915,POL:PPOLE:C538853
st_struct_pedestal/69571,PED:CPM:C528319
st_struct_pedestal/67982,PED:CPM:C560919
st_struct_pedestal/70791,PED:CPM:C536450
st_struct_pedestal/70230,PED:CPM:C542435
st_struct_pedestal/68963,PED:JSPED::11427431
pole/41422,POL:PPOLE::7755676
st_struct_pedestal/68651,PED:SST::8366285
pole/41209,POL:PPOLE:C527838
building/50043,BUILD:SDU:C530841
pole/41455,POL:PPOLE:C540834
building/51210,BUILD:MDU::9903259
mywcom_route_junction/21725,SPJCT:SPJCT:C571131
st_struct_pedestal/69369,PED:JSPED:C538950
building/50986,BUILD:SDU:C541638
pole/42125,POL:PPOLE:C530422
pole/41512,POL:PPOLE:C535802
mywcom_route_junction/20973,SPJCT:SPJCT::8783226
building/50218,BUILD:SEB:C558139
st_struct_pedestal/70701,PED:SST::13127943
st_struct_pedestal/67442,PED:CPM:C549851
mywcom_route_junction/21570,SPJCT:SPJCT::12223563
st_struct_buried_splice_location/2640,CLOSR:BSCLS:C531673
st_struct_pedestal/68173,PED:JUPED::10678671
pole/40931,POL:PPOLE:C533616
mywcom_route_junction/21565,SPJCT:SPJCT::9043809
mywcom_route_junction/21533,SPJCT:SPJCT::9043390
st_struct_pedestal/69288,PED:JSPED:C533188
building/50732,BUILD:SDU:C540464
st_struct_pedestal/69148,PED:SST::13169178
pole/42428,POL:PPOLE:C524215
st_struct_pedestal/67208,PED:SST::10662659
st_struct_pedestal/69953,PED:JSPED::9597674
st_struct_pedestal/69313,PED:CPM:C538467
pole/41738,POL:PPOLE:C537391
pole/41139,POL:PPOLE:C526397
building/51224,BUILD:SDU::12288842
st_struct_pedestal/68493,PED:JSPED:C547505
building/50999,BUILD:BUS:C536448
pole/41425,POL:PPOLE:C536241
st_struct_pedestal/69025,PED:SST::12628042
building/51293,BUILD:SDU:C537039
building/50461,BUILD:SDU:C533664
mywcom_route_junction/21000,SPJCT:SPJCT::8249134
pole/40547,POL:PPOLE:C540234
st_struct_pedestal/70342,PED:CPM:C525926
st_struct_pedestal/70680,PED:SST:C528749
st_struct_pedestal/68305,PED:JSPED:C528843
building/50664,BUILD:BUS:C573337
building/49159,BUILD:BUS:C535811
pole/40878,POL:PPOLE:C530225
building/49970,BUILD:BUS:C533192
st_struct_pedestal/70320,PED:CPM:C536741
pole/42556,POL:PPOLE:C532621
building/49256,BUILD:SDU:C535868
st_struct_pedestal/70269,PED:CPM:C540103
st_struct_pedestal/69425,PED:JLAPD:C529775
pole/42760,POL:PPOLE:C525680
st_struct_pedestal/69251,PED:CPM:C544139
pole/40980,POL:PPOLE:C538862
building/49410,BUILD:SDU:C538533
pole/42810,POL:PPOLE:C523999
building/50767,BUILD:BUS:C573343
building/50157,BUILD:MDU::10556372
pole/41649,POL:PPOLE:C532738
st_struct_pedestal/68906,PED:JSPED::10058206
st_struct_foreign_crossings/3171,FCROS:RRX::7471554
pole/40569,POL:PPOLE:C534684
building/49169,BUILD:SDU:C570723
pole/41516,POL:PPOLE:C529187
pole/41025,POL:PPOLE:C529953
building/50685,BUILD:SDU:C525793
building/49782,BUILD:SDU:C558170
building/51052,BUILD:BUS:C543490
st_struct_pedestal/69195,PED:CPM:C549464
st_struct_pedestal/67096,PED:SST::9135531
mywcom_route_junction/21462,SPJCT:SPJCT:C537528
mywcom_route_junction/21908,SPJCT:SPJCT:C541125
st_struct_pedestal/69145,PED:CPM:C545880
building/50750,BUILD:BUS::11564042
tower/471,TOWER:TOWER:C571637
st_struct_pedestal/69625,PED:JSPED:C534109
pole/40511,POL:PPOLE::7748965
st_struct_pedestal/67917,PED:SST:C540461
building/49394,BUILD:BUS:C530237
st_struct_pedestal/67285,PED:CPM:C531419
pole/42173,POL:PPOLE:C532566
st_struct_pedestal/67274,PED:CPM:C544804
pole/42201,POL:PPOLE:C547890
pole/40779,POL:PPOLE:C527679
st_struct_pedestal/70586,PED:SST::8349009
st_struct_pedestal/67061,PED:CPM:C541154
st_struct_pedestal/69964,PED:JSPED:C538976
building/50774,BUILD:SDU:C543918
st_struct_pedestal/68952,PED:CPM:C546167
mywcom_route_junction/21131,SPJCT:SPJCT::9949964
st_struct_pedestal/70657,PED:SST:C532089
st_struct_pedestal/69764,PED:SST::8372979
st_struct_pedestal/70682,PED:JSPED:C537349
building/49160,BUILD:SDU:C539066
mywcom_route_junction/21091,SPJCT:SPJCT:C543731
pole/40621,POL:PPOLE:C523565
building/49005,BUILD:SDU:C536465
st_struct_vault/2469,VAULT:FTTX::9542603
building/51090,BUILD:BUS:C570359
mywcom_route_junction/21724,SPJCT:SPJCT:C570421
st_struct_pedestal/70261,PED:JSPED:C540725
pole/41007,POL:PPOLE:C528457
pole/42362,POL:PPOLE:C534910
building/49657,BUILD:BUS::10058199
building/49613,BUILD:BUS:C547893
building/49131,BUILD:SDU::12667426
mywcom_route_junction/21510,SPJCT:SPJCT:C571841
pole/41161,POL:PPOLE:C532620
mywcom_route_junction/21314,SPJCT:SPJCT::12671883
mywcom_route_junction/21007,SPJCT:SPJCT:C532815
st_struct_pedestal/67763,PED:CPM:C539560
pole/41239,POL:PPOLE:C548734
st_struct_buried_splice_location/2711,CLOSR:BSCLS:C547916
st_struct_pedestal/67400,PED:CPM:C533973
building/49476,BUILD:SDU:C540745
anchors/10079,ANCH:CO:C46663
st_struct_pedestal/69568,PED:CPM:C536232
mywcom_route_junction/21071,SPJCT:SPJCT:C537574
building/50390,BUILD:SDU:C542748
building/50103,BUILD:SDU:C535428
pole/41588,POL:PPOLE::7390299
pole/40982,POL:PPOLE:C534584
st_struct_pedestal/69744,PED:JSPED:C536275
st_struct_foreign_crossings/3132,FCROS:PLX:C47566
st_struct_pedestal/69321,PED:CPM:C571836
building/48871,BUILD:BUS::10682138
pole/42108,POL:PPOLE:C532640
building/49374,BUILD:MDU::9202732
pole/42277,POL:PPOLE:C532793
building/50610,BUILD:BUS:C536964
mywcom_route_junction/20954,SPJCT:SPJCT:C557430
mywcom_route_junction/21591,PJCT:SPJCT::10058214
st_struct_pedestal/69815,PED:SST:C529709
pole/40588,POL:PPOLE:C526583
building/48938,BUILD:SDU:C533147
st_struct_pedestal/69708,PED:JSPED::10058209
st_struct_pedestal/68541,PED:FPED::10335584
st_struct_pedestal/68359,PED:JSPED::11782287
st_struct_pedestal/68062,PED:CPM:C537928
st_struct_pedestal/70658,PED:CPM:C534431
pole/42095,POL:PPOLE:C526387
st_struct_pedestal/70789,PED:SST::8362437
anchors/10141,ANCH:JOINT:C47181
st_struct_pedestal/67358,PED:JSPED::12667469
building/51459,BUILD:BUS:C540492
building/51058,BUILD:SDU:C556960
st_struct_pedestal/69462,PED:SST:C546575
st_struct_pedestal/68654,PED:JSPED::9043409
anchors/10050,ANCH:CO:C52907
st_struct_pedestal/68653,PED:JLPED::8035034
st_struct_pedestal/70788,PED:SST:C525870
st_struct_pedestal/68066,PED:SST::9647886
st_struct_pedestal/69614,PED:JSPED:C539643
pole/42750,POL:PPOLE:C534907
st_struct_foreign_crossings/3137,FCROS:PLX::13317941
pole/41526,POL:PPOLE:C526367
mywcom_route_junction/21023,PJCT:SPJCT::10058776
anchors/10256,ANCH:CO:C47639
pole/42771,POL:PPOLE:C548756
anchors/10162,ANCH:JOINT:C47324
st_struct_pedestal/70067,PED:CPM:C541465
pole/40743,POL:PPOLE:C531411
st_struct_pedestal/68842,PED:SST:C571953
pole/41673,POL:CPOLE:C528137
st_struct_pedestal/70087,PED:SST:C532033
pole/42379,POL:PPOLE:C531404
st_struct_foreign_crossings/3109,FCROS:PLX:C53762
pole/42046,POL:PPOLE:C537353
anchors/10407,ANCH:CO:C46192
building/51139,BUILD:BUS::11229962
building/50056,BUILD:MDU::9130743
anchors/10518,ANCH:CO:C48290
st_struct_pedestal/70358,PED:JSPED:C525881
building/48834,BUILD:BUS:C572893
mywcom_route_junction/21215,SPJCT:SPJCT::11886922
st_struct_pedestal/68612,PED:JSPED:C547555
st_struct_pedestal/69935,PED:CPM:C541437
mywcom_route_junction/21112,SPJCT:SPJCT:C572383
building/50280,BUILD:SDU:C533334
pole/41296,POL:PPOLE:C524132
pole/40622,POL:PPOLE::7753775
anchors/10182,ANCH:JOINT:C46810
pole/42704,POL:PPOLE:C538134
st_struct_pedestal/67332,PED:JTPED:C570955
pole/41897,POL:PPOLE:C530775
building/51398,BUILD:SDU:C548436
st_struct_pedestal/70806,PED:JSPED:C538583
pole/42185,POL:PPOLE:C535797
pole/40700,POL:PPOLE:C539907
building/50605,BUILD:SDU:C557294
st_struct_pedestal/67678,PED:SST:C523685
building/50596,BUILD:SDU:C534453
anchors/10091,ANCH:CO:C46190
st_struct_pedestal/69095,PED:SST:C531135
st_struct_pedestal/67102,PED:CPM:C532968
st_struct_pedestal/68037,PED:SST:C547653
building/49751,BUILD:MDU::9071908
building/50814,BUILD:SDU:C549208
st_struct_pedestal/69889,PED:CPM:C547223
building/49639,BUILD:BUS:C572040
building/48734,BUILD:SDU:C538581
building/50854,BUILD:MDU::9103213
st_struct_pedestal/67992,PED:SST:C546578
pole/42078,POL:PPOLE:C533223
pole/42051,POL:PPOLE:C534920
pole/41168,POL:PPOLE:C532747
st_struct_pedestal/68691,PED:JTPED:C535443
st_struct_pedestal/67737,PED:JSPED:C544660
pole/42191,POL:PPOLE:C546853
st_struct_pedestal/68589,PED:CPM:C539728
pole/42838,POL:PPOLE::7749280
anchors/10364,ANCH:CO:C47311
mywcom_route_junction/21844,SPJCT:SPJCT:C539290
st_struct_pedestal/69229,PED:SST:C558133
mywcom_route_junction/20909,SPJCT:SPJCT::9621322
building/50173,BUILD:BUS:C535707
building/48866,BUILD:PS:C570360
st_struct_pedestal/69988,PED:SST::11945162
pole/41057,POL:PPOLE:C543953
pole/42045,POL:PPOLE:C526314
st_struct_pedestal/70738,PED:JSPED:C534348
building/50543,BUILD:SDU:C537995
st_struct_pedestal/70353,PED:SST:C525882
st_struct_pedestal/69257,PED:SST:C539682
building/51128,BUILD:MDU::9202730
st_struct_pedestal/70619,PED:CPM:C539267
st_struct_pedestal/68536,PED:SST:C525693
st_struct_pedestal/67276,PED:SST:C537730
building/49221,BUILD:BUS:C547902
building/49217,BUILD:BUS::12639563
st_struct_pedestal/68908,PED:CPM:C536486
building/49076,BUILD:SDU:C546495
st_struct_pedestal/69861,PED:CPM:C532718
st_struct_pedestal/70605,PED:JSPED:C535394
building/49044,BUILD:SDU:C543565
mywcom_route_junction/21174,SPJCT:SPJCT:C548199
st_struct_pedestal/67820,PED:SST:C547191
pole/42383,POL:PPOLE:C539849
st_struct_pedestal/67571,PED:JSPED:C525983
st_struct_foreign_crossings/3274,FCROS:RRX:C53968
pole/41601,POL:PPOLE:C543986
building/49724,BUILD:SDU:C535842
pole/40988,POL:PPOLE:C523837
cabinet/2506,CAB:EC::12642763
pole/42002,POL:PPOLE:C528404
building/50011,BUILD:SDU:C528381
mywcom_route_junction/21479,PJCT:SPJCT::10434765
mywcom_route_junction/21913,SPJCT:SPJCT::12638603
anchors/10085,ANCH:CO:C45972
st_struct_pedestal/70574,PED:JSPED:C535303
anchors/10286,ANCH:CO:C47197
pole/41383,POL:PPOLE:C540263
st_struct_pedestal/69189,PED:CPM:C528176
pole/42510,POL:PPOLE:C539854
mywcom_route_junction/21244,SPJCT:SPJCT:D8007453
mywcom_route_junction/20964,SPJCT:SPJCT:C543705
pole/40968,POL:PPOLE:C536540
anchors/10192,ANCH:JOINT:C53540
st_struct_pedestal/68714,PED:JSPED:C535220
mywcom_route_junction/21228,PJCT:SPJCT::10434775
building/51196,BUILD:BUS:C538648
mywcom_route_junction/21575,SPJCT:SPJCT:C573802
st_struct_pedestal/67377,PED:CPM::10586154
st_struct_pedestal/68975,PED:SST:C544732
mywcom_route_junction/21674,SPJCT:SPJCT:C539300
building/50495,BUILD:MDU::9177135
building/48817,BUILD:SDU::12667459
mywcom_route_junction/21252,PJCT:SPJCT::10532811
anchors/10282,ANCH:CO:C46366
mywcom_route_junction/21340,SPJCT:SPJCT::12592202
building/51250,BUILD:SDU:C532083
st_struct_pedestal/69029,PED:SST::11009483
st_struct_pedestal/68104,PED:CPM:C571086
st_struct_pedestal/67455,PED:SST::7624155
pole/40905,POL:PPOLE:C544619
building/49925,BUILD:MDU:C570165
st_struct_pedestal/68086,PED:JSPED:C539064
st_struct_foreign_crossings/3105,FCROS:PLX:C52972
st_struct_pedestal/69085,PED:JSPED::8978741
pole/41502,POL:PPOLE:C531479
pole/41152,POL:PPOLE:C540238
building/50901,BUILD:SDU:C529675
pole/42334,POL:PPOLE:C529961
st_struct_pedestal/67418,PED:CPM:C570051
st_struct_pedestal/70809,PED:SST:C537722
building/49882,BUILD:MDU::9241450
anchors/10063,ANCH:CO:C46442
building/51433,BUILD:MDU::9136174
pole/42503,POL:PPOLE::7705771
building/51359,BUILD:SEB::12430930
mywcom_route_junction/21816,SPJCT:SPJCT:C538596
building/50586,BUILD:SDU:C527021
building/50883,BUILD:SDU::12667455
pole/40612,POL:PPOLE:C571914
st_struct_pedestal/70429,PED:CPM:C538522
building/48831,BUILD:SDU:C535357
st_struct_pedestal/68363,PED:SST::10599660
pole/42605,POL:PPOLE:C538876
st_struct_pedestal/69726,PED:SST::8391537
pole/41785,POL:PPOLE:C529947
building/49231,BUILD:SDU:C527714
tower/468,TOWER:TOWER:C571465
building/49006,BUILD:BUS:C571849
building/49066,BUILD:SDU:C534691
st_struct_pedestal/68236,PED:CPM:C527460
mywcom_route_junction/21641,PJCT:SPJCT::10058793
st_struct_pedestal/68858,PED:CPM:C528200
st_struct_pedestal/67050,PED:JSPED:C535080
st_struct_pedestal/70464,PED:SST:C549037
pole/42624,POL:PPOLE:C531082
pole/41708,POL:PPOLE:C523929
building/50448,BUILD:SDU:C548031
st_struct_pedestal/68593,PED:CPM:C537305
st_struct_pedestal/69419,PED:JSPED:C529926
st_struct_pedestal/67266,PED:SST:C547647
building/50458,BUILD:BUS::8798573
st_struct_pedestal/70110,PED:SST:C529275
pole/42590,POL:PPOLE:C546704
st_struct_pedestal/69008,PED:SST:C570639
st_struct_pedestal/68512,PED:CPM:C526654
building/51316,BUILD:BUS::10522122
st_struct_pedestal/70312,PED:JSPED::11475722
anchors/10471,ANCH:CO:C46606
st_struct_pedestal/70644,PED:CPM:C538035
building/49282,BUILD:SDU:C549868
st_struct_pedestal/69948,PED:SST::8547374
st_struct_pedestal/67351,PED:CPM:C538103
st_struct_pedestal/69284,PED:CPM:C526774
building/48846,BUILD:SDU:C540546
st_struct_pedestal/69050,PED:JSPED:C549273
building/49011,BUILD:SDU:C525433
building/50952,BUILD:SDU:C571905
pole/41340,POL:PPOLE:C547693
pole/42050,POL:PPOLE:C524199
building/51145,BUILD:BUS:C541881
mywcom_route_junction/21635,SPJCT:SPJCT::8344490
mywcom_route_junction/21651,SPJCT:SPJCT::8356383
pole/42261,POL:PPOLE:C536083
mywcom_route_junction/21372,SPJCT:SPJCT:C535497
building/50425,BUILD:SDU:C541978
st_struct_pedestal/68566,PED:SST::9650151
st_struct_pedestal/67210,PED:SST:C532201
st_struct_pedestal/67570,PED:JTPED:C572017
st_struct_pedestal/68192,PED:CPM:C548331
anchors/10018,ANCH:CO:C46129
st_struct_pedestal/67125,PED:CPM:C536458
building/50482,BUILD:SDU:C525601
mywcom_route_junction/21537,SPJCT:SPJCT:C572454
pole/41620,POL:PPOLE:C534215
tower/473,TOWER:TOWER:C571468
st_struct_pedestal/70482,PED:CPM:C529799
anchors/10110,ANCH:JOINT:C47513
st_struct_pedestal/69226,PED:CPM:C535032
pole/42597,POL:PPOLE:C529102
st_struct_vault/2484,VAULT:MH-S:C530773
st_struct_buried_splice_location/2600,CLOSR:BSCLS:C542866
building/50651,BUILD:SDU:C532820
pole/41090,POL:PPOLE:C532661
building/49276,BUILD:SDU:C540678
pole/40955,POL:PPOLE:C537402
st_struct_pedestal/70666,PED:JSPED::8978744
st_struct_pedestal/69993,PED:SST::9604080
building/49709,BUILD:BUS:C523975
building/49688,BUILD:BUS::12613013
st_struct_pedestal/69398,PED:SST:C544719
cabinet/2508,CAB:EC::12642762
st_struct_pedestal/68820,PED:JSPED:C535670
building/49092,BUILD:BUS::10058189
mywcom_route_junction/21443,SPJCT:SPJCT:C572022
anchors/10052,ANCH:CO:C46513
st_struct_pedestal/70584,PED:SST:C536982
st_struct_pedestal/68619,PED:SST:C533051
mywcom_route_junction/21262,SPJCT:SPJCT::12335628
building/49104,BUILD:BUS::13298474
st_struct_pedestal/69147,PED:CPM::11466446
st_struct_pedestal/68826,PED:SST::10672917
mywcom_route_junction/21961,SPJCT:SPJCT:C538158
pole/42190,POL:PPOLE:C526573
anchors/9992,ANCH:JOINT:C47047
mywcom_route_junction/21744,SPJCT:SPJCT:C539637
st_struct_pedestal/68802,PED:JSPED::10058771
pole/42688,POL:PPOLE:C542553
mywcom_route_junction/21858,SPJCT:SPJCT::8405617
building/48729,BUILD:SDU:C557285
mywcom_route_junction/21738,SPJCT:SPJCT:C530007
mywcom_route_junction/20953,SPJCT:SPJCT::8771388
mywcom_route_junction/21728,SPJCT:SPJCT:C559632
st_struct_pedestal/69840,PED:JSPED:C547405
building/50190,BUILD:SDU:C541836
st_struct_pedestal/68865,PED:JTPED:C572041
st_struct_foreign_crossings/3222,FCROS:PLX:C47429
pole/42805,POL:PPOLE:C535790
building/50391,BUILD:SDU:C546641
pole/42187,POL:PPOLE:C521195
cabinet/2419,CAB:FC::9222955
pole/41391,POL:PPOLE::7750887
building/50760,BUILD:SDU:C542715
st_struct_pedestal/67273,PED:JSPED:C528417
st_struct_pedestal/70569,PED:JSPED:C538946
mywcom_route_junction/21632,SPJCT:SPJCT::12629674
st_struct_pedestal/68556,PED:SST::8358252
st_struct_pedestal/69607,PED:SST::8035072
building/48736,BUILD:SDU:C527832
st_struct_pedestal/68824,PED:JSPED:C570714
pole/40593,POL:PPOLE:C523966
st_struct_vault/2456,VAULT:MH-S:C532646
anchors/10362,ANCH:CO:C47642
pole/42219,POL:CPOLE:C538882
pole/42205,POL:PPOLE:C546689
pole/41073,POL:PPOLE:C537237
pole/42549,POL:PPOLE:C531255
pole/41696,POL:PPOLE:C524181
building/50935,BUILD:SDU:C540344
st_struct_pedestal/67976,PED:CPM:C542511
mywcom_route_junction/21568,SPJCT:SPJCT:C541180
building/51123,BUILD:BUS::9246924
st_struct_pedestal/69584,PED:SST:C543901
st_struct_pedestal/68582,PED:JSPED:C535676
building/50347,BUILD:SDU:C540126
building/50022,BUILD:MDU::9243722
st_struct_pedestal/67567,PED:CPM:C536425
pole/42318,POL:PPOLE:C548763
pole/40814,POL:PPOLE:C533056
building/50399,BUILD:BUS:C571645
mywcom_route_junction/21362,SPJCT:SPJCT:C529526
st_struct_pedestal/67993,PED:CPM:C541061
st_struct_pedestal/70751,PED:CPM:C530959
pole/40801,POL:PPOLE:C547737
st_struct_pedestal/70612,PED:JSPED:C528929
st_struct_pedestal/69957,PED:JSPED:C540673
building/50709,BUILD:SDU::12876042
mywcom_route_junction/21150,SPJCT:SPJCT:C550433
building/48907,BUILD:SDU:C558147
anchors/10277,ANCH:CO:C48351
st_struct_pedestal/67460,PED:JTPED:C545377
building/50101,BUILD:SDU:C527820
mywcom_route_junction/20974,SPJCT:SPJCT::7900314
building/49083,BUILD:SDU:C535841
building/51067,BUILD:BUS:C549038
st_struct_pedestal/68959,PED:SST:C573799
building/49529,BUILD:SDU:C534452
mywcom_route_junction/21404,SPJCT:SPJCT:C542948
pole/42579,POL:CPOLE:C540268
pole/40734,POL:PPOLE:C540286
st_struct_pedestal/67903,PED:JSPED:C535570
pole/41288,POL:PPOLE:C549521
st_struct_pedestal/67864,PED:SST:C547636
st_struct_pedestal/70690,PED:CPM:C528134
st_struct_pedestal/68930,PED:JSPED:C528429
pole/42150,POL:PPOLE:C530691
pole/41482,POL:PPOLE:C531497
st_struct_pedestal/69228,PED:SST::9649508
st_struct_pedestal/67880,PED:CPM:C538478
anchors/10415,ANCH:CO:C47287
st_struct_pedestal/67803,PED:SST:C542836
building/49707,BUILD:SDU:C535863
st_struct_pedestal/67467,PED:SST:C540411
building/50249,BUILD:BUS:C571093
st_struct_foreign_crossings/3250,FCROS:PLX:C53916
st_struct_pedestal/69361,PED:CPM:C537533
building/50684,BUILD:SDU:C546275
st_struct_pedestal/70136,PED:CPM:C536769
pole/42385,POL:PPOLE:C541036
pole/40826,POL:PPOLE:C530076
st_struct_pedestal/70250,PED:JSPED:C535653
st_struct_pedestal/67207,PED:JTPED:C545368
pole/42317,POL:PPOLE:C527631
pole/41583,POL:PPOLE:C524225
st_struct_buried_splice_location/2649,CLOSR:BSCLS:C539497
st_struct_pedestal/68280,PED:SST::12628045
st_struct_pedestal/67774,PED:SST::8349010
building/50003,BUILD:MDU::9248234
st_struct_pedestal/70454,PED:CPM:C529052
mywcom_route_junction/21525,SPJCT:SPJCT:C572322
st_struct_pedestal/69739,PED:JLPED::8035041
building/50710,BUILD:BUS:C572781
st_struct_vault/2422,VAULT:MH-S:C531033
st_struct_pedestal/69109,PED:CPM:C539443
cabinet/2456,CAB:EC:C528824
anchors/10118,ANCH:JOINT::6989587
building/50984,BUILD:SDU:C528094
mywcom_route_junction/21442,SPJCT:SPJCT:C538163
building/50573,BUILD:SDU:C536385
building/49798,BUILD:SDU:C526226
building/50016,BUILD:SDU:C532087
pole/41715,POL:PPOLE:C538905
st_struct_pedestal/68520,PED:CPM:C538476
building/51399,BUILD:BUS:C571852
pole/40865,POL:PPOLE:C549906
st_struct_pedestal/69586,PED:JUPED::8490736
pole/40885,POL:PPOLE:C540285
pole/41789,POL:PPOLE:C529966
building/49627,BUILD:BUS:C557954
st_struct_pedestal/70184,PED:JSPED:C538416
st_struct_pedestal/70357,PED:JSPED:C540611
st_struct_pedestal/68372,PED:CPM:C526651
mywcom_route_junction/21861,SPJCT:SPJCT:C531069
st_struct_pedestal/68988,PED:SST::12088203
mywcom_route_junction/21342,SPJCT:SPJCT::9719882
st_struct_pedestal/70280,PED:SST:C571956
building/50534,BUILD:BUS:C536699
st_struct_pedestal/69300,PED:JSPED:C535090
mywcom_route_junction/21458,SPJCT:SPJCT:C572718
st_struct_pedestal/70191,PED:SST::12639565
st_struct_pedestal/68596,PED:SST:C572806
st_struct_pedestal/70516,PED:JSPED:C535330
mywcom_route_junction/21018,SPJCT:SPJCT:C542086
st_struct_pedestal/70785,PED:JSPED:C528907
st_struct_pedestal/69501,PED:CPM:C539118
mywcom_route_junction/21605,SPJCT:SPJCT:C534629
building/50092,BUILD:SDU:C541430
pole/42773,POL:PPOLE:C534017
mywcom_route_junction/21901,SPJCT:SPJCT::8410730
st_struct_pedestal/69564,PED:JSPED:C546588
st_struct_pedestal/68722,PED:SST::11601506
st_struct_pedestal/67776,PED:JTPED:C536170
anchors/10181,ANCH:JOINT:C53221
pole/40939,POL:PPOLE:C527677
st_struct_vault/2426,AULT:HHOLE::11091739
pole/42569,POL:PPOLE:C526366
st_struct_pedestal/68939,PED:SST:C548636
pole/41535,POL:PPOLE:C534317
pole/41042,POL:PPOLE:C529251
building/50042,BUILD:SDU:C540712
anchors/9963,ANCH:CO::7020627
pole/42172,POL:PPOLE:C537242
pole/41411,POL:PPOLE:C572853
mywcom_route_junction/21851,SPJCT:SPJCT:C572877
mywcom_route_junction/20908,SPJCT:SPJCT::8389629
mywcom_route_junction/21892,SPJCT:SPJCT::9749658
mywcom_route_junction/20939,SPJCT:SPJCT:C549912
building/50493,BUILD:BUS:C547920
st_struct_foreign_crossings/3242,FCROS:PLX:C47540
pole/41943,POL:PPOLE:C570179
building/50699,BUILD:SDU:C527942
st_struct_pedestal/68974,PED:CPM:C539025
building/49097,BUILD:MDU::9041770
pole/40495,POL:PPOLE:C529107
st_struct_pedestal/70455,PED:SST::9604074
st_struct_pedestal/68957,PED:SST::9604111
st_struct_pedestal/70330,PED:CPM:C527611
pole/42352,POL:PPOLE:C531355
st_struct_pedestal/67091,PED:JSPED::8978737
pole/42653,POL:PPOLE:C531324
building/50078,BUILD:BUS:C541888
anchors/10121,ANCH:JOINT::6992487
pole/41582,POL:PPOLE:C526354
building/51311,BUILD:MDU:C535705
pole/41199,POL:PPOLE::7746102
mywcom_route_junction/21331,SPJCT:SPJCT:C550292
pole/40502,POL:PPOLE:C523561
st_struct_foreign_crossings/3199,FCROS:RRX:C53003
st_struct_pedestal/67059,PED:SST:C558134
pole/40895,POL:PPOLE:C525446
mywcom_route_junction/21401,SPJCT:SPJCT:C573072
st_struct_pedestal/69701,PED:CPM:C533099
building/50167,BUILD:MDU::12642444
st_struct_pedestal/67471,PED:SST:C543877
st_struct_pedestal/70061,PED:JUPED::7615518
st_struct_pedestal/69856,PED:CPM::7386399
st_struct_pedestal/69657,PED:CPM:C539781
pole/40815,POL:PPOLE:C521118
mywcom_route_junction/21709,SPJCT:SPJCT:C572779
building/48926,BUILD:SDU:C541669
building/50776,BUILD:BUS:C540438
mywcom_route_junction/21411,SPJCT:SPJCT:C542841
st_struct_pedestal/70072,PED:CPM:C537797
st_struct_pedestal/67702,PED:JTPED:C570675
st_struct_pedestal/68886,PED:CPM:C540318
mywcom_route_junction/20938,PJCT:SPJCT::10058789
pole/42210,POL:PPOLE::8264492
building/50051,BUILD:BUS:C544814
st_struct_pedestal/69763,PED:SST::8794461
pole/41187,POL:PPOLE:C521260
cabinet/2450,CAB:JWI:C546679
pole/40668,POL:PPOLE::12629675
building/49248,BUILD:BUS::10058193
mywcom_route_junction/20984,SPJCT:SPJCT:C530632
st_struct_pedestal/68270,PED:SST::8357951
anchors/10424,ANCH:JOINT:C46351
pole/42596,POL:PPOLE:C530183
building/50104,BUILD:SDU:C525397
mywcom_route_junction/21593,SPJCT:SPJCT::9043416
st_struct_pedestal/69167,PED:CPM:C528730
building/49817,BUILD:MDU::9220394
st_struct_pedestal/70453,PED:JSPED:C573331
st_struct_foreign_crossings/3096,FCROS:PLX:C47385
st_struct_pedestal/69401,PED:JSPED:C535270
pole/42127,POL:PPOLE:C523603
st_struct_pedestal/70740,PED:JSPED:C546591
building/49678,BUILD:SDU:C535652
st_struct_pedestal/68421,PED:SST::8406258
pole/41294,POL:PPOLE:C531420
st_struct_pedestal/70750,PED:CPM:C535179
st_struct_pedestal/69280,PED:CPM:C542892
pole/42785,POL:PPOLE:C529946
pole/40844,POL:PPOLE:C532770
st_struct_pedestal/68673,PED:SST::11665818
building/50969,BUILD:SDU:C527716
st_struct_pedestal/70199,PED:JLPED::8341670
st_struct_pedestal/68087,PED:SST::10668065
st_struct_pedestal/69051,PED:CPM:C531121
pole/42516,POL:PPOLE:C533135
building/50905,BUILD:SDU:C538327
st_struct_pedestal/69690,PED:CPM:C539100
st_struct_pedestal/69561,PED:JTPED:C538144
pole/42154,POL:PPOLE:C546817
st_struct_pedestal/67148,PED:SST:C550237
st_struct_pedestal/70010,PED:SST::12272848
anchors/10195,ANCH:JOINT:C47439
st_struct_pedestal/70632,PED:JSPED:C531162
pole/41404,POL:PPOLE:C536057
st_struct_pedestal/70469,PED:JSPED:C531062
building/49130,BUILD:SDU:C531641
mywcom_route_junction/22000,SPJCT:SPJCT::12029339
pole/42222,POL:CPOLE::7755674
mywcom_route_junction/21014,SPJCT:SPJCT:C542816
pole/42240,POL:PPOLE:C524126
building/49520,BUILD:SDU:C539374
mywcom_route_junction/21762,SPJCT:SPJCT:C546731
pole/42330,POL:PPOLE:C538887
st_struct_pedestal/68301,PED:CPM:C525376
building/51268,BUILD:MDU::9061363
st_struct_pedestal/70552,PED:JSPED::8978768
building/51294,BUILD:MDU::9243725
pole/42550,POL:PPOLE:C533038
st_struct_pedestal/70703,PED:JSPED:C540615
anchors/10002,ANCH:JOINT:C47900
building/49697,BUILD:SDU:C533695
building/48853,BUILD:SDU:C573857
pole/42786,POL:PPOLE:C531387
building/48948,BUILD:MDU::9029610
pole/42499,POL:PPOLE:C536481
building/49143,BUILD:BUS::10681875
pole/42494,POL:PPOLE::11427425
building/50975,BUILD:MDU::13552092
building/50856,BUILD:BUS:C530101
pole/41664,POL:PPOLE::7749595
pole/41510,POL:PPOLE:C547797
building/49856,BUILD:BUS:C533200
mywcom_route_junction/20994,SPJCT:SPJCT:C543708
pole/41091,POL:PPOLE:C547277
st_struct_pedestal/67652,PED:CPM:C573939
building/50294,BUILD:BUS:C539866
building/50603,BUILD:BUS:C548311
st_struct_pedestal/70057,PED:CPM:C533096
st_struct_pedestal/68874,PED:CPM:C542794
building/49078,BUILD:SDU:C537217
building/49448,BUILD:BUS:C528509
pole/41121,POL:PPOLE:C547801
st_struct_pedestal/68951,PED:CPM:C532707
st_struct_pedestal/67851,PED:JTPED:C538418
pole/42283,POL:PPOLE:C533042
st_struct_pedestal/69831,PED:JSPED:C540667
building/50025,BUILD:SDU:C543399
building/48857,BUILD:MDU::9249483
pole/40966,POL:PPOLE:C524196
st_struct_pedestal/69915,PED:SST:C542722
building/49110,BUILD:BUS::9043726
st_struct_pedestal/68228,PED:JSPED:C535368
pole/41831,POL:PPOLE:C531293
building/49573,BUILD:MDU::9260796
building/51280,BUILD:SDU:C532062
pole/42025,POL:PPOLE:C527275
pole/40723,POL:PPOLE:C529910
st_struct_pedestal/68367,PED:CPM:C527559
mywcom_route_junction/21027,SPJCT:SPJCT:C542408
pole/40788,POL:PPOLE:C534677
building/49938,BUILD:SDU:C544024
mywcom_route_junction/21133,SPJCT:SPJCT::8388989
anchors/10142,ANCH:JOINT::6994706
st_struct_pedestal/67295,PED:JSPED::7386401
st_struct_pedestal/70500,PED:CPM:C540557
st_struct_pedestal/68900,PED:CPM:C538075
building/49039,BUILD:SDU:C527709
building/51277,BUILD:BUS::11066482
st_struct_pedestal/69500,PED:CPM:C528170
st_struct_pedestal/67852,PED:JSPED:C529833
st_struct_pedestal/69048,PED:CPM:C533661
st_struct_foreign_crossings/3267,FCROS:PLX:C47562
st_struct_pedestal/68450,PED:CPM:C527910
mywcom_route_junction/21311,PJCT:SPJCT::10058217
building/51190,BUILD:BUS:C535816
st_struct_pedestal/70777,PED:JSPED:C535416
st_struct_pedestal/67103,PED:CPM:C539023
building/50257,BUILD:MDU::9080192
st_struct_pedestal/69335,PED:JSPED::8978764
building/51270,BUILD:BUS:C534242
building/50293,BUILD:SDU:C533350
st_struct_pedestal/69493,PED:SST::10589357
st_struct_pedestal/69108,PED:CPM:C531096
pole/40641,POL:PPOLE:C527120
building/48883,BUILD:SDU:C542130
st_struct_pedestal/69332,PED:JSPED:C529178
building/50035,BUILD:SDU:C533480
mywcom_route_junction/21290,SPJCT:SPJCT:C542790
mywcom_route_junction/21698,SPJCT:SPJCT:D8028234
anchors/10350,ANCH:JOINT:C46804
pole/42625,POL:PPOLE:C530706
pole/42578,POL:PPOLE:C530150
pole/42170,POL:PPOLE:C530707
st_struct_pedestal/69627,PED:JSPED:C572021
st_struct_pedestal/69047,PED:CPM:C527809
st_struct_pedestal/67806,PED:CPM:C541972
pole/42726,POL:PPOLE:C543989
building/49636,BUILD:BUS::10057839
building/50098,BUILD:BUS:C541991
pole/41389,POL:PPOLE:C530621
st_struct_pedestal/67079,PED:SST:C534451
building/50655,BUILD:BUS:C548752
st_struct_pedestal/67718,PED:JSPED:C573035
st_struct_pedestal/67116,PED:JUPED::9043803
pole/41459,POL:PPOLE:C547782
anchors/10058,ANCH:CO:C45957
st_struct_pedestal/70432,PED:SST:C543738
st_struct_pedestal/67800,PED:JSPED::9597675
pole/40558,POL:PPOLE:C534593
pole/41729,POL:PPOLE:C535772
pole/40816,POL:PPOLE:C546837
pole/40687,POL:PPOLE:C532313
anchors/10373,ANCH:CO:C48499
st_struct_vault/2478,VAULT:MH-S::9224506
st_struct_buried_splice_location/2714,CLOSR:BSCLS:C542481
building/49671,BUILD:MDU::9134898
st_struct_pedestal/67479,PED:JSPED:C539010
mywcom_route_junction/21005,SPJCT:SPJCT:C531078
st_struct_pedestal/69630,PED:SST::8865471
st_struct_pedestal/69104,PED:JSPED:C538461
pole/41575,POL:PPOLE:C570972
st_struct_pedestal/70697,PED:SST::8410732
st_struct_pedestal/68809,PED:CPM:C535644
mywcom_route_junction/21317,PJCT:SPJCT::11012362
mywcom_route_junction/21309,PJCT:SPJCT::10058215
anchors/10226,ANCH:CO:C53235
st_struct_pedestal/69973,PED:CPM::8908010
building/48747,BUILD:SDU:C570155
building/51235,BUILD:SDU:C526628
pole/41839,POL:PPOLE:C526843
pole/41417,POL:PPOLE:C538189
pole/41071,POL:PPOLE:C535495
st_struct_pedestal/68200,PED:CPM:C527734
st_struct_pedestal/67958,PED:CPM:C539750
mywcom_route_junction/21559,SPJCT:SPJCT:C572910
st_struct_pedestal/70599,PED:JSPED:C529768
st_struct_pedestal/69034,PED:SST:C536081
st_struct_pedestal/69366,PED:SST:C542724
pole/42775,POL:PPOLE:C526802
building/49195,BUILD:BUS:C572922
pole/42430,POL:PPOLE:C541032
st_struct_pedestal/69180,PED:SST:C537746
pole/41854,POL:PPOLE:C548739
mywcom_route_junction/21522,SPJCT:SPJCT::7750875
st_struct_pedestal/67340,PED:CPM:C535844
st_struct_pedestal/70421,PED:SST::8366907
st_struct_pedestal/67058,PED:JTPED:C535403
mywcom_route_junction/21139,SPJCT:SPJCT::12653020
pole/40845,POL:PPOLE:C530684
building/51379,BUILD:MDU::8391862
building/51442,BUILD:BUS:C571853
anchors/9996,ANCH:JOINT:C45964
pole/41443,POL:PPOLE:C546781
st_struct_pedestal/70401,PED:CPM:C529343
building/49388,BUILD:BUS:C547569
anchors/10044,ANCH:CO:C53163
st_struct_pedestal/69482,PED:SST::10069994
st_struct_pedestal/68889,PED:CPM:C570566
st_struct_pedestal/69557,PED:JSPED:C534383
pole/42446,POL:PPOLE::10042442
anchors/10395,ANCH:CO::7066067
building/50020,BUILD:SDU:C557139
st_struct_pedestal/70448,PED:CPM:C538500
building/49595,BUILD:SDU:C534449
st_struct_pedestal/69876,PED:JSPED::9797325
st_struct_pedestal/68418,PED:CPM:C557142
anchors/10028,ANCH:CO:C48307
st_struct_pedestal/68224,PED:SST:C540061
mywcom_route_junction/21326,SPJCT:SPJCT:C535104
mywcom_route_junction/21285,SPJCT:SPJCT:C549574
st_struct_pedestal/67681,PED:JSPED::10681525
pole/41254,POL:PPOLE:C535736
building/51430,BUILD:MDU::9246282
st_struct_pedestal/70217,PED:SST:C541948
st_struct_pedestal/68517,PED:SST:C540601
pole/42285,POL:PPOLE:C539144
pole/41604,POL:PPOLE:C528277
mywcom_route_junction/21707,SPJCT:SPJCT::8179358
mywcom_route_junction/21336,SPJCT:SPJCT:C572471
st_struct_pedestal/68819,PED:CPM:C548255
building/49377,BUILD:SDU::12667472
pole/41261,POL:PPOLE:C546847
st_struct_foreign_crossings/3185,FCROS:RRX:C53032
mywcom_route_junction/21974,SPJCT:SPJCT::12458159
building/50588,BUILD:SDU:C529109
st_struct_pedestal/68987,PED:SST:C535279
st_struct_pedestal/69532,PED:SST:C556890
pole/41378,POL:PPOLE:C532336
st_struct_pedestal/67674,PED:CPM:C549994
mywcom_route_junction/21300,SPJCT:SPJCT::13399925
pole/42282,POL:PPOLE:C538575
st_struct_pedestal/69951,PED:SST::8794460
pole/41614,POL:PPOLE:C537033
st_struct_pedestal/70643,PED:CPM:C533965
mywcom_route_junction/21582,SPJCT:SPJCT:C529863
st_struct_pedestal/68597,PED:CPM:C541119
pole/42084,POL:PPOLE::8383251
pole/40497,POL:PPOLE:C536059
st_struct_pedestal/67225,PED:CPM:C535082
building/50497,BUILD:MDU::10542301
st_struct_pedestal/68423,PED:CPM:C530908
pole/40731,POL:PPOLE:C547408
pole/41850,POL:PPOLE:C531289
building/50622,BUILD:MDU:C540397
building/50270,BUILD:SDU:C557121
building/48776,BUILD:SDU:C532071
anchors/9985,ANCH:JOINT:C45708
mywcom_route_junction/21876,SPJCT:SPJCT:C537548
st_struct_pedestal/70841,PED:CPM::10354138
st_struct_pedestal/67406,PED:SST::8391538
mywcom_route_junction/21110,SPJCT:SPJCT:C541367
pole/41597,POL:PPOLE:C534739
st_struct_pedestal/69757,PED:SST::10902923
pole/42639,POL:CPOLE:C571917
mywcom_route_junction/21154,PJCT:SPJCT::10058779
anchors/10090,ANCH:CO:C53520
st_struct_pedestal/69902,PED:SST::12183563
st_struct_pedestal/68882,PED:JSPED:C532416
st_struct_pedestal/68298,PED:JSPED::11066481
pole/42031,POL:PPOLE:C532466
mywcom_route_junction/21152,PJCT:SPJCT::10532750
st_struct_pedestal/69368,PED:SST:C547428
building/50283,BUILD:SDU:C535840
anchors/10366,ANCH:CO:C46395
st_struct_pedestal/67754,PED:CPM:C530883
st_struct_pedestal/70333,PED:JSPED:C529825
pole/42648,POL:PPOLE:C536285
pole/42603,POL:PPOLE:C521224
building/49478,BUILD:SDU:C549843
st_struct_pedestal/67440,PED:JSPED:C546751
st_struct_pedestal/68486,PED:CPM:C534532
pole/40860,POL:PPOLE:C537657
st_struct_pedestal/70369,PED:JSPED:C535054
st_struct_pedestal/67174,PED:CPM:C546549
pole/42793,POL:PPOLE:C532732
anchors/10479,ANCH:CO:C46225
mywcom_route_junction/21992,PJCT:SPJCT::10058216
st_struct_pedestal/69503,PED:FPED::9610797
building/49811,BUILD:BUS::9613962
st_struct_pedestal/70780,PED:SST::13132709
st_struct_pedestal/68542,PED:SST:C573328
st_struct_pedestal/67382,PED:CPM:C527588
building/51285,BUILD:SDU:C542503
st_struct_pedestal/69301,PED:SST:C531016
mywcom_route_junction/21697,SPJCT:SPJCT:C543823
st_struct_pedestal/70237,PED:SST:C543034
anchors/10069,ANCH:CO:C46274
st_struct_pedestal/68776,PED:CPM:C541376
building/50587,BUILD:SDU:C530540
mywcom_route_junction/21881,SPJCT:SPJCT:C571141
st_struct_pedestal/68981,PED:SST::8274412
st_struct_pedestal/68380,PED:CPM:C570719
tower/475,TOWER:TOWER:C533078
pole/40600,POL:PPOLE::7754404
pole/42356,POL:PPOLE:C526538
building/49999,BUILD:SDU:C530952
st_struct_pedestal/68570,PED:CPM:C527720
building/49058,BUILD:BUS:C572897
st_struct_pedestal/70664,PED:CPM::9026426
st_struct_pedestal/67065,PED:CPM:C550336
building/50342,BUILD:BUS::9043728
st_struct_pedestal/69118,PED:SST::10962444
pole/40672,POL:PPOLE:C524291
st_struct_buried_splice_location/2611,CLOSR:BSCLS:C528874
pole/40752,POL:PPOLE:C535798
st_struct_pedestal/68023,PED:JSPED:C573053
st_struct_pedestal/70704,PED:CPM:C538517
building/49948,BUILD:SDU:C535468
st_struct_pedestal/70562,PED:SST::9061362
mywcom_route_junction/21221,SPJCT:SPJCT::9647897
st_struct_foreign_crossings/3198,FCROS:RRX:C53764
mywcom_route_junction/21175,SPJCT:SPJCT::8356382
st_struct_pedestal/70818,PED:JSPED:C537309
anchors/10333,ANCH:CO:C46672
st_struct_pedestal/67988,PED:JSPED:C540950
st_struct_pedestal/70090,PED:JSPED:C526160
st_struct_pedestal/69620,PED:SST::11946172
building/49321,BUILD:SDU:C557344
mywcom_route_junction/21165,SPJCT:SPJCT:C537632
st_struct_pedestal/68640,PED:CPM:C539002
building/51243,BUILD:SDU:C538528
st_struct_pedestal/69786,PED:JSPED:C547832
st_struct_pedestal/70438,PED:CPM:C546271
pole/40948,POL:PPOLE:C537941
pole/40711,POL:PPOLE::7746100
st_struct_pedestal/67668,PED:CPM:C540870
st_struct_pedestal/67612,PED:SST::9580110
building/50870,BUILD:SDU:C525695
pole/40601,POL:PPOLE:C521111
cabinet/2505,CAB:JWI:C531382
building/49779,BUILD:BUS:C536262
building/50567,BUILD:SDU:C541433
pole/42778,POL:PPOLE:C536991
st_struct_vault/2486,VAULT:MH-S:C530987
st_struct_pedestal/69981,PED:CPM::10840527
building/49287,BUILD:MDU::9112843
st_struct_pedestal/67049,PED:JSPED:C542253
pole/40981,POL:PPOLE:C525606
building/49718,BUILD:MDU::9172972
mywcom_route_junction/21903,SPJCT:SPJCT:C541965
pole/41493,POL:PPOLE:C543982
building/50962,BUILD:MDU::9180655
st_struct_pedestal/70345,PED:CPM:C542011
st_struct_pedestal/67713,PED:SST::10681498
st_struct_pedestal/70172,PED:CPM:C573840
st_struct_pedestal/69664,PED:SST::11023564
st_struct_pedestal/69116,PED:JSPED:C531334
