id,name,in_structure,out_structure
ug_route/241149,OSP:CHOLE::13781188,st_struct_vault/2753,mywcom_route_junction/27987
ug_route/241150,OSP:CHOLE::14268404,st_struct_vault/2752,mywcom_route_junction/28036
ug_route/241151,OSP:BUSP:C648397,mywcom_route_junction/27198,st_struct_pedestal/93955
ug_route/241152,OSP:FBSP::13713525,pole/52322,mywcom_route_junction/27995
ug_route/241153,OSP:FBSP::12389060,st_struct_pedestal/92756,mywcom_route_junction/28042
ug_route/241154,OSP:FBSP::12051791,mywcom_route_junction/28209,mywcom_route_junction/27355
ug_route/241155,OSP:BUSP::9498766,mywcom_route_junction/27571,st_struct_pedestal/91628
ug_route/241156,OSP:BUSP::9440504,mywcom_route_junction/27928,st_struct_pedestal/94210
ug_route/241157,OSP:CHOLE::10695867,st_struct_vault/2761,mywcom_route_junction/28156
ug_route/241158,OSP:BUSP::9499399,mywcom_route_junction/28128,st_struct_pedestal/93353
ug_route/241159,OSP:BUSP::9525948,mywcom_route_junction/27613,cabinet/2840
ug_route/241160,OSP:FBSP:C708420,st_struct_buried_splice_location/3906,st_struct_pedestal/94177
ug_route/241161,OSP:BUSP::9450741,mywcom_route_junction/27478,st_struct_pedestal/91842
ug_route/241162,OSP:BUSP::9451386,mywcom_route_junction/28107,st_struct_pedestal/92273
ug_route/241163,OSP:BUSP::9451799,mywcom_route_junction/27427,st_struct_pedestal/92994
ug_route/241164,OSP:BUSP::9451810,mywcom_route_junction/28056,st_struct_pedestal/91124
ug_route/241165,OSP:BUSP::9451802,mywcom_route_junction/28175,st_struct_pedestal/92041
ug_route/241166,OSP:BUSP::9450431,mywcom_route_junction/28146,st_struct_pedestal/94113
ug_route/241167,OSP:BUSP::9451383,mywcom_route_junction/27514,st_struct_pedestal/91790
ug_route/241168,OSP:BUSP::9452062,mywcom_route_junction/27173,st_struct_pedestal/91894
ug_route/241169,OSP:BUSP::9452056,mywcom_route_junction/27252,st_struct_pedestal/94183
ug_route/241170,OSP:BUSP::9451390,mywcom_route_junction/28203,st_struct_pedestal/93951
ug_route/241171,OSP:BUSP::9452065,mywcom_route_junction/28229,st_struct_pedestal/94284
ug_route/241172,OSP:BUSP::9450458,mywcom_route_junction/28009,st_struct_pedestal/92945
ug_route/241173,OSP:BUSP::9450747,mywcom_route_junction/27210,st_struct_pedestal/93737
ug_route/241174,OSP:BUSP::9451075,mywcom_route_junction/27533,st_struct_pedestal/93470
ug_route/241175,OSP:BUSP::9450463,mywcom_route_junction/27819,st_struct_pedestal/90672
ug_route/241176,OSP:BUSP::9450746,mywcom_route_junction/27655,st_struct_pedestal/93113
ug_route/241177,OSP:BUSP::9451805,mywcom_route_junction/27184,st_struct_pedestal/90959
ug_route/241178,OSP:BUSP::9452059,mywcom_route_junction/27997,st_struct_pedestal/93955
ug_route/241179,OSP:BUSP::9450464,mywcom_route_junction/27849,st_struct_pedestal/91910
ug_route/241180,OSP:BUSP::9275655,mywcom_route_junction/28103,st_struct_pedestal/93064
ug_route/241181,OSP:BUSP::9450744,mywcom_route_junction/27655,mywcom_route_junction/27210
ug_route/241182,OSP:BUSP::13020514,st_struct_pedestal/94299,mywcom_route_junction/27890
ug_route/241183,OSP:BUSP::9469353,mywcom_route_junction/27153,st_struct_pedestal/90729
ug_route/241184,OSP:FBSP::12051789,st_struct_pedestal/92072,mywcom_route_junction/28209
ug_route/241185,OSP:BUSP::9455558,mywcom_route_junction/27848,st_struct_pedestal/90967
ug_route/241186,OSP:BUSP::10069940,st_struct_pedestal/93496,st_struct_pedestal/90773
ug_route/241187,OSP:FBSP::12051790,mywcom_route_junction/28209,st_struct_pedestal/91211
ug_route/241188,OSP:CHOLE::12078037,st_struct_vault/2722,mywcom_route_junction/27980
ug_route/241189,OSP:CHOLE::13781189,st_struct_vault/2716,mywcom_route_junction/27102
ug_route/241190,OSP:BUSP::9450427,mywcom_route_junction/27459,st_struct_pedestal/92508
ug_route/241191,OSP:BUSP:C645706,mywcom_route_junction/27139,st_struct_pedestal/94302
ug_route/241192,OSP:CHOLE::16958664,st_struct_vault/2763,mywcom_route_junction/27467
ug_route/241193,OSP:CHOLE::16958671,st_struct_vault/2763,mywcom_route_junction/27439
ug_route/241194,OSP:CHOLE::12440284,st_struct_vault/2768,mywcom_route_junction/27426
ug_route/241195,OSP:BUSP::9530109,cabinet/2761,st_struct_pedestal/91545
ug_route/241196,OSP:BUSP:C658279,st_struct_pedestal/93456,pole/52692
ug_route/241197,OSP:FBSP:C652873,mywcom_route_junction/28189,building/66322
ug_route/241198,OSP:FBSP::13684420,st_struct_pedestal/91249,building/68383
ug_route/241199,OSP:FBSP:C663376,mywcom_route_junction/28163,st_struct_pedestal/93858
ug_route/241200,OSP:CHOLE::13917047,mywcom_route_junction/27651,st_struct_vault/2769
ug_route/241201,OSP:FBSP::12079013,st_struct_pedestal/93509,st_struct_pedestal/93761
ug_route/241202,OSP:BUSP::9503223,st_struct_pedestal/91225,mywcom_route_junction/27293
ug_route/241203,OSP:CHOLE::16960915,st_struct_vault/2716,mywcom_route_junction/28136
ug_route/241204,OSP:CHOLE::16958663,st_struct_vault/2763,mywcom_route_junction/27694
ug_route/241205,OSP:CHOLE::13917048,mywcom_route_junction/27651,st_struct_vault/2769
ug_route/241206,OSP:CHOLE::12440287,st_struct_vault/2746,mywcom_route_junction/27976
ug_route/241207,OSP:BUSP::9500035,st_struct_pedestal/92010,mywcom_route_junction/27265
ug_route/241208,OSP:CHOLE::12440281,st_struct_vault/2721,mywcom_route_junction/27395
ug_route/241209,OSP:BUSP::9500348,st_struct_pedestal/94160,mywcom_route_junction/27209
ug_route/241210,OSP:BUSP::9501954,mywcom_route_junction/27870,st_struct_pedestal/93261
ug_route/241211,OSP:BUSP::9503220,mywcom_route_junction/27282,st_struct_pedestal/92778
ug_route/241212,OSP:CHOLE::16943302,st_struct_vault/2746,mywcom_route_junction/27889
ug_route/241213,OSP:BUSP::9499073,st_struct_pedestal/93638,mywcom_route_junction/28211
ug_route/241214,OSP:FBSP:C706992,mywcom_route_junction/27736,building/67113
ug_route/241215,OSP:FBSP:C706990,mywcom_route_junction/27989,building/66798
ug_route/241216,OSP:BUSP::9500021,mywcom_route_junction/27230,st_struct_pedestal/93419
ug_route/241217,OSP:FBSP:C706966,mywcom_route_junction/27159,building/68663
ug_route/241218,OSP:FBSP:C706989,mywcom_route_junction/27862,building/67393
ug_route/241219,OSP:BUSP::9501987,st_struct_pedestal/93306,mywcom_route_junction/27456
ug_route/241220,OSP:BUSP::9501951,st_struct_pedestal/91629,mywcom_route_junction/27327
ug_route/241221,OSP:BUSP::9501957,mywcom_route_junction/27204,st_struct_pedestal/91763
ug_route/241222,OSP:BUSP::9500024,mywcom_route_junction/28117,st_struct_pedestal/90920
ug_route/241223,OSP:BUSP:C648401,mywcom_route_junction/27563,mywcom_route_junction/27198
ug_route/241224,OSP:FBSP:C706962,mywcom_route_junction/27706,building/66769
ug_route/241225,OSP:BUSP::9498769,st_struct_pedestal/91761,mywcom_route_junction/27189
ug_route/241226,OSP:FBSP::16786568,mywcom_route_junction/28034,building/66138
ug_route/241227,OSP:BUSP::9499390,st_struct_pedestal/91246,mywcom_route_junction/27205
ug_route/241228,OSP:BUSP::9500340,mywcom_route_junction/27925,st_struct_pedestal/94206
ug_route/241229,OSP:BUSP::9501950,mywcom_route_junction/27749,st_struct_pedestal/91490
ug_route/241230,OSP:BUSP::9502276,st_struct_pedestal/93783,mywcom_route_junction/27748
ug_route/241231,OSP:BUSP::9500027,mywcom_route_junction/27698,st_struct_pedestal/91503
ug_route/241232,OSP:BUSP::9501969,mywcom_route_junction/28071,st_struct_pedestal/92210
ug_route/241233,OSP:BUSP::9500351,mywcom_route_junction/27847,st_struct_pedestal/94223
ug_route/241234,OSP:BUSP::9498761,st_struct_pedestal/92694,mywcom_route_junction/27700
ug_route/241235,OSP:BUSP::8435652,mywcom_route_junction/27179,mywcom_route_junction/27283
ug_route/241236,OSP:CHOLE::12440959,st_struct_vault/2723,mywcom_route_junction/27799
ug_route/241237,OSP:CHOLE::11065236,st_struct_vault/2716,mywcom_route_junction/28154
ug_route/241238,OSP:BUSP::9500354,mywcom_route_junction/27412,st_struct_pedestal/91688
ug_route/241239,OSP:BUSP::8345412,st_struct_pedestal/90547,mywcom_route_junction/27098
ug_route/241240,OSP:BUSP::13712580,mywcom_route_junction/27987,st_struct_vault/2752
ug_route/241241,OSP:BUSP::9501946,mywcom_route_junction/27602,st_struct_pedestal/91948
ug_route/241242,OSP:BUSP::13675147,st_struct_pedestal/91426,mywcom_route_junction/27583
ug_route/241243,OSP:BUSP::8447502,mywcom_route_junction/27978,building/68390
ug_route/241244,OSP:CHOLE::12449261,st_struct_vault/2769,mywcom_route_junction/27765
ug_route/241245,OSP:BUSP::8189722,pole/53700,st_struct_pedestal/91756
ug_route/241246,OSP:FBSP::12051909,st_struct_pedestal/91282,st_struct_pedestal/91815
ug_route/241247,OSP:BUSP::16795217,mywcom_route_junction/27307,mywcom_route_junction/27189
ug_route/241248,OSP:FBSP::13672926,mywcom_route_junction/27510,mywcom_route_junction/27171
ug_route/241249,OSP:BUSP:C667329,st_struct_pedestal/93383,st_struct_pedestal/93135
ug_route/241250,OSP:BUSP:C689275,st_struct_pedestal/91411,mywcom_route_junction/27526
ug_route/241251,OSP:BUSP::9499411,mywcom_route_junction/27253,st_struct_pedestal/93969
ug_route/241252,OSP:BUSP::11087285,cabinet/2814,tower/614
ug_route/241253,OSP:BUSP::16769860,mywcom_route_junction/27623,st_struct_pedestal/91736
ug_route/241254,OSP:BUSP::8950852,st_struct_pedestal/91573,mywcom_route_junction/27853
ug_route/241255,OSP:BUSP::9499402,st_struct_pedestal/91926,mywcom_route_junction/27472
ug_route/241256,OSP:BUSP::9499408,mywcom_route_junction/27653,st_struct_pedestal/93706
ug_route/241257,OSP:BUSP::9534904,st_struct_pedestal/91270,st_struct_pedestal/92595
ug_route/241258,OSP:BUSP::9498756,st_struct_pedestal/93042,cabinet/2818
ug_route/241259,OSP:FBSP::14275499,st_struct_pedestal/93949,building/67447
ug_route/241260,OSP:BUSP::9279173,st_struct_pedestal/91038,st_struct_pedestal/91989
ug_route/241261,OSP:FBSP::8587983,mywcom_route_junction/27442,building/66828
ug_route/241262,OSP:BUSP::16060404,st_struct_pedestal/92396,pole/53057
ug_route/241263,OSP:CHOLE::13917049,mywcom_route_junction/28043,st_struct_vault/2769
ug_route/241264,OSP:BUSP::9430937,st_struct_pedestal/92648,st_struct_pedestal/92636
ug_route/241265,OSP:BUSP:C644521,pole/53629,cabinet/2769
ug_route/241266,OSP:FORSP:C645972,mywcom_route_junction/27408,pole/53996
ug_route/241267,OSP:BUSP::9502279,mywcom_route_junction/27789,st_struct_pedestal/90786
ug_route/241268,OSP:FBSP:C711665,mywcom_route_junction/27839,building/68296
ug_route/241269,OSP:BUSP::9499405,mywcom_route_junction/27407,st_struct_pedestal/92597
ug_route/241270,OSP:FBSP:C654064,building/67582,building/68766
ug_route/241271,OSP:FBSP::16783383,st_struct_pedestal/93142,st_struct_pedestal/94003
ug_route/241272,OSP:FBSP::16785176,st_struct_pedestal/91453,st_struct_pedestal/92667
ug_route/241273,OSP:FBSP::16784335,st_struct_pedestal/93289,st_struct_pedestal/91227
ug_route/241274,OSP:CHOLE::16953227,st_struct_vault/2757,mywcom_route_junction/27898
ug_route/241275,OSP:BUSP:C711680,st_struct_pedestal/92632,mywcom_route_junction/27787
ug_route/241276,OSP:BUSP:C711745,mywcom_route_junction/27787,st_struct_pedestal/92632
ug_route/241277,OSP:BUSP::9206867,mywcom_route_junction/27364,st_struct_pedestal/94271
ug_route/241278,OSP:FBSP::10639880,mywcom_route_junction/27671,st_struct_pedestal/91366
ug_route/241279,OSP:BUSP::15996432,st_struct_pedestal/93697,st_struct_pedestal/94304
ug_route/241280,OSP:FBSP::10638770,mywcom_route_junction/27802,st_struct_pedestal/93451
ug_route/241281,OSP:FBSP:C711668,mywcom_route_junction/27577,building/66219
ug_route/241282,OSP:BUSP::10682804,cabinet/2809,cabinet/2812
ug_route/241283,OSP:BUSP:C641709,pole/52591,st_struct_pedestal/91839
ug_route/241284,OSP:BUSP::13453701,st_struct_pedestal/92366,st_struct_pedestal/92642
ug_route/241285,OSP:BUSP::9452052,pole/53700,st_struct_pedestal/91756
ug_route/241286,OSP:FORSP::13702967,mywcom_route_junction/28218,mywcom_route_junction/27695
ug_route/241287,OSP:FBSP::8415504,mywcom_route_junction/28068,st_struct_pedestal/90799
ug_route/241288,OSP:FBSP::10638817,mywcom_route_junction/28174,st_struct_pedestal/93130
ug_route/241289,OSP:BUSP:C647413,st_struct_pedestal/94302,st_struct_pedestal/94082
ug_route/241290,OSP:BUSP::9505786,st_struct_pedestal/91546,mywcom_route_junction/27836
ug_route/241291,OSP:FBSP::8950870,cabinet/2857,mywcom_route_junction/27734
ug_route/241292,OSP:BUSP::10271223,st_struct_pedestal/92668,mywcom_route_junction/28146
ug_route/241293,OSP:BUSP::9441157,st_struct_pedestal/93858,mywcom_route_junction/28134
ug_route/241294,OSP:FBSP::8587982,mywcom_route_junction/27442,building/66565
ug_route/241295,OSP:BUSP::8906397,pole/53629,cabinet/2769
ug_route/241296,OSP:FBSP::13705205,st_struct_pedestal/93171,st_struct_vault/2711
ug_route/241297,OSP:BUSP::9460122,st_struct_pedestal/92313,st_struct_pedestal/90739
ug_route/241298,OSP:BUSP::9421302,pole/52591,st_struct_pedestal/91839
ug_route/241299,OSP:FBSP:C639518,st_struct_pedestal/91279,st_struct_pedestal/93480
ug_route/241300,OSP:BUSP::9523381,mywcom_route_junction/27613,st_struct_pedestal/93383
ug_route/241301,OSP:BUSP:C645965,mywcom_route_junction/27318,st_struct_pedestal/92245
ug_route/241302,OSP:BUSP::9525949,st_struct_pedestal/93383,st_struct_pedestal/93135
ug_route/241303,OSP:FORSP::16961863,st_struct_vault/2722,mywcom_route_junction/27560
ug_route/241304,OSP:FBSP:C710761,mywcom_route_junction/27546,building/68026
ug_route/241305,OSP:FBSP::10638807,mywcom_route_junction/27661,st_struct_pedestal/92673
ug_route/241306,OSP:BUSP:C651782,st_struct_pedestal/91691,mywcom_route_junction/27741
ug_route/241307,OSP:BUSP::8369744,st_struct_pedestal/91626,mywcom_route_junction/28183
ug_route/241308,OSP:FBSP::11793478,st_struct_pedestal/92452,building/66426
ug_route/241309,OSP:FBSP::15352916,pole/53666,st_struct_pedestal/91998
ug_route/241310,OSP:BUSP::16057527,mywcom_route_junction/27540,building/66183
ug_route/241311,OSP:BUSP::11474151,mywcom_route_junction/27835,st_struct_pedestal/91495
ug_route/241312,OSP:BUSP::10757301,mywcom_route_junction/28193,building/68826
ug_route/241313,OSP:FBSP::12053051,mywcom_route_junction/27465,mywcom_route_junction/27429
ug_route/241314,OSP:FBSP::12051825,st_struct_pedestal/92243,mywcom_route_junction/27679
ug_route/241315,OSP:BUSP::9492031,cabinet/2773,pole/52636
ug_route/241316,OSP:BUSP::9502282,st_struct_pedestal/94181,mywcom_route_junction/27211
ug_route/241317,OSP:BUSP::17083508,st_struct_pedestal/90848,st_struct_pedestal/91267
ug_route/241318,OSP:BUSP::16040250,mywcom_route_junction/27666,st_struct_pedestal/93182
ug_route/241319,OSP:FBSP::12052126,mywcom_route_junction/27216,mywcom_route_junction/27918
ug_route/241320,OSP:BUSP::9430941,st_struct_pedestal/92648,st_struct_pedestal/92636
ug_route/241321,OSP:FBSP::13885369,mywcom_route_junction/27967,mywcom_route_junction/27311
ug_route/241322,OSP:BUSP::9430925,mywcom_route_junction/27383,st_struct_pedestal/93302
ug_route/241323,OSP:BUSP::9502291,st_struct_pedestal/93624,mywcom_route_junction/27691
ug_route/241324,OSP:FBSP::13402183,st_struct_pedestal/93030,st_struct_pedestal/93167
ug_route/241325,OSP:BUSP::8447492,st_struct_pedestal/92580,pole/52550
ug_route/241326,OSP:FBSP::16785175,cabinet/2806,st_struct_pedestal/92713
ug_route/241327,OSP:FBSP::7629277,pole/53028,st_struct_pedestal/91671
ug_route/241328,OSP:BUSP::9502288,st_struct_pedestal/93787,mywcom_route_junction/28176
ug_route/241329,OSP:BUSP::8366860,mywcom_route_junction/27374,mywcom_route_junction/27864
ug_route/241330,OSP:BUSP:C644354,mywcom_route_junction/27641,st_struct_pedestal/92505
ug_route/241331,OSP:FBSP::10675445,st_struct_pedestal/93114,st_struct_pedestal/91110
ug_route/241332,OSP:BUSP:C671220,st_struct_pedestal/91352,st_struct_pedestal/93989
ug_route/241333,OSP:BUSP::11512510,st_struct_pedestal/91875,pole/52719
ug_route/241334,OSP:BUSP::16040253,mywcom_route_junction/27893,st_struct_pedestal/91924
ug_route/241335,OSP:BUSP::8399185,cabinet/2782,st_struct_pedestal/92068
ug_route/241336,OSP:BUSP::8402101,pole/52555,cabinet/2767
ug_route/241337,OSP:BUSP::8447507,mywcom_route_junction/27914,building/66102
ug_route/241338,OSP:FBSP::8415506,mywcom_route_junction/27817,st_struct_pedestal/90617
ug_route/241339,OSP:BUSP::9502285,st_struct_pedestal/93375,mywcom_route_junction/28192
ug_route/241340,OSP:BUSP::16040248,mywcom_route_junction/27740,st_struct_pedestal/92927
ug_route/241341,OSP:BUSP::9504190,st_struct_pedestal/94082,st_struct_pedestal/94302
ug_route/241342,OSP:BUSP:C639813,st_struct_pedestal/92326,st_struct_pedestal/93844
ug_route/241343,OSP:FBSP::12069031,mywcom_route_junction/27931,mywcom_route_junction/27659
ug_route/241344,OSP:BUSP::16783623,mywcom_route_junction/27856,mywcom_route_junction/28159
ug_route/241345,OSP:BUSP:C667692,st_struct_pedestal/92184,pole/53052
ug_route/241346,OSP:BUSP:C706006,pole/52537,mywcom_route_junction/27868
ug_route/241347,OSP:FBSP::8415812,mywcom_route_junction/28079,st_struct_pedestal/92868
ug_route/241348,OSP:BUSP::8394708,pole/54547,cabinet/2821
ug_route/241349,OSP:FBSP::8415502,st_struct_pedestal/93878,mywcom_route_junction/27135
ug_route/241350,OSP:FBSP::8415814,mywcom_route_junction/28084,st_struct_pedestal/93023
ug_route/241351,OSP:BUSP::12034972,mywcom_route_junction/27502,mywcom_route_junction/28120
ug_route/241352,OSP:FBSP:C667226,mywcom_route_junction/28024,st_struct_pedestal/93407
ug_route/241353,OSP:BUSP::8484308,st_struct_pedestal/93991,cabinet/2760
ug_route/241354,OSP:BUSP::8394710,pole/52505,cabinet/2791
ug_route/241355,OSP:BUSP::16023605,pole/53540,st_struct_pedestal/93571
ug_route/241356,OSP:BUSP:C706380,st_struct_pedestal/92505,st_struct_pedestal/93521
ug_route/241357,OSP:BUSP:C711513,pole/53540,st_struct_pedestal/93571
ug_route/241358,OSP:BUSP:C705114,st_struct_pedestal/90904,st_struct_pedestal/93267
ug_route/241359,OSP:BUSP::8439827,st_struct_pedestal/91439,pole/52800
ug_route/241360,OSP:BUSP::9016146,st_struct_pedestal/92939,mywcom_route_junction/27382
ug_route/241361,OSP:BUSP::16040564,mywcom_route_junction/27712,st_struct_pedestal/91272
ug_route/241362,OSP:BUSP::16040246,mywcom_route_junction/27095,st_struct_pedestal/91171
ug_route/241363,OSP:BUSP::9455557,mywcom_route_junction/27848,st_struct_pedestal/93061
ug_route/241364,OSP:BUSP::12035116,mywcom_route_junction/27805,st_struct_buried_splice_location/3946
ug_route/241365,OSP:BUSP::16776387,mywcom_route_junction/27454,st_struct_pedestal/93174
ug_route/241366,OSP:FBSP:C706991,mywcom_route_junction/27627,mywcom_route_junction/27736
ug_route/241367,OSP:BUSP::9354740,st_struct_pedestal/92906,st_struct_pedestal/93285
ug_route/241368,OSP:BUSP::10916660,cabinet/2774,st_struct_pedestal/92632
ug_route/241369,OSP:FBSP:C642393,st_struct_pedestal/93257,st_struct_pedestal/93054
ug_route/241370,OSP:BUSP::9531705,cabinet/2806,st_struct_pedestal/92713
ug_route/241371,OSP:BUSP:C711657,st_struct_pedestal/90625,pole/53436
ug_route/241372,OSP:BUSP::13020515,mywcom_route_junction/27890,mywcom_route_junction/27899
ug_route/241373,OSP:FBSP::11670596,st_struct_pedestal/91799,building/68358
ug_route/241374,OSP:BUSP::13020612,st_struct_pedestal/91544,mywcom_route_junction/27890
ug_route/241375,OSP:FORSP::16955881,st_struct_vault/2760,mywcom_route_junction/27717
ug_route/241376,OSP:BUSP::9509330,mywcom_route_junction/27387,mywcom_route_junction/27470
ug_route/241377,OSP:BUSP::8399186,st_struct_pedestal/92068,st_struct_pedestal/92898
ug_route/241378,OSP:BUSP::8396955,pole/54366,cabinet/2792
ug_route/241379,OSP:BUSP::10672821,mywcom_route_junction/27358,st_struct_pedestal/91078
ug_route/241380,OSP:FBSP::16900916,st_struct_pedestal/91550,building/68634
ug_route/241381,OSP:BUSP::12343333,pole/53358,st_struct_pedestal/91590
ug_route/241382,OSP:BUSP::9490783,st_struct_pedestal/91279,mywcom_route_junction/27224
ug_route/241383,OSP:BUSP::8394709,pole/53325,cabinet/2811
ug_route/241384,OSP:FBSP:C643019,mywcom_route_junction/27157,st_struct_pedestal/93302
ug_route/241385,OSP:BUSP::9505141,st_struct_pedestal/93692,st_struct_pedestal/91279
ug_route/241386,OSP:CHOLE::16954184,st_struct_vault/2779,mywcom_route_junction/27242
ug_route/241387,OSP:FBSP:C711685,mywcom_route_junction/27826,mywcom_route_junction/27649
ug_route/241388,OSP:BUSP::16057235,st_struct_pedestal/92926,building/66707
ug_route/241389,OSP:BUSP::8402102,pole/53936,cabinet/2831
ug_route/241390,OSP:BUSP::8402100,pole/54022,cabinet/2843
ug_route/241391,OSP:FBSP:C667745,st_struct_pedestal/91872,building/68464
ug_route/241392,OSP:BUSP::8396950,pole/53465,cabinet/2802
ug_route/241393,OSP:FBSP::12188405,st_struct_pedestal/92754,building/68712
ug_route/241394,OSP:BUSP::16040278,mywcom_route_junction/27559,mywcom_route_junction/27953
ug_route/241395,OSP:BUSP::8396949,pole/53205,cabinet/2805
ug_route/241396,OSP:FBSP::13098318,st_struct_pedestal/91089,mywcom_route_junction/28042
ug_route/241397,OSP:FBSP::12052124,mywcom_route_junction/27918,st_struct_pedestal/92752
ug_route/241398,OSP:FORSP:D8183763,st_struct_vault/2722,mywcom_route_junction/27461
ug_route/241399,OSP:BUSP::9441159,mywcom_route_junction/28134,st_struct_pedestal/91080
ug_route/241400,OSP:BUSP:C644714,st_struct_pedestal/91402,pole/53453
ug_route/241401,OSP:BUSP:C649885,st_struct_pedestal/91502,st_struct_pedestal/92258
ug_route/241402,OSP:BUSP::8415495,st_struct_pedestal/92779,cabinet/2754
ug_route/241403,OSP:BUSP::16040258,mywcom_route_junction/28018,building/68461
ug_route/241404,OSP:BUSP::11474147,mywcom_route_junction/27445,st_struct_pedestal/94162
ug_route/241405,OSP:BUSP::12034970,mywcom_route_junction/27502,mywcom_route_junction/27702
ug_route/241406,OSP:BUSP::9490781,mywcom_route_junction/27308,st_struct_pedestal/93844
ug_route/241407,OSP:CHOLE::16954186,st_struct_vault/2779,mywcom_route_junction/27242
ug_route/241408,OSP:BUSP:C657711,mywcom_route_junction/27229,st_struct_pedestal/93779
ug_route/241409,OSP:BUSP:C654088,mywcom_route_junction/28049,st_struct_buried_splice_location/3881
ug_route/241410,OSP:FBSP::12069029,st_struct_pedestal/93717,mywcom_route_junction/27931
ug_route/241411,OSP:BUSP:C646151,mywcom_route_junction/27332,st_struct_pedestal/92672
ug_route/241412,OSP:BUSP:C660141,st_struct_pedestal/92068,st_struct_pedestal/92898
ug_route/241413,OSP:BUSP:C707095,cabinet/2766,mywcom_route_junction/27523
ug_route/241414,OSP:FBSP::10638583,st_struct_pedestal/93006,building/67878
ug_route/241415,OSP:BUSP::8906055,st_struct_pedestal/91636,mywcom_route_junction/28054
ug_route/241416,OSP:FBSP::12053037,mywcom_route_junction/27883,building/68811
ug_route/241417,OSP:BUSP:C707667,pole/53924,mywcom_route_junction/27471
ug_route/241418,OSP:BUSP:C651828,st_struct_pedestal/92411,st_struct_pedestal/91493
ug_route/241419,OSP:BUSP:C649753,pole/53658,st_struct_pedestal/93297
ug_route/241420,OSP:BUSP::9504192,st_struct_pedestal/92505,st_struct_pedestal/93521
ug_route/241421,OSP:BUSP::7625137,st_struct_pedestal/92333,pole/52623
ug_route/241422,OSP:BUSP::8437283,cabinet/2830,pole/52695
ug_route/241423,OSP:BUSP::15073846,pole/54317,st_struct_pedestal/92170
ug_route/241424,OSP:FBSP:C705573,mywcom_route_junction/27711,building/67307
ug_route/241425,OSP:FBSP:C639799,st_struct_pedestal/91857,mywcom_route_junction/27871
ug_route/241426,OSP:FBSP::12440288,mywcom_route_junction/27976,st_struct_pedestal/90841
ug_route/241427,OSP:BUSP::16776404,st_struct_pedestal/92019,mywcom_route_junction/27141
ug_route/241428,OSP:BUSP:C656500,st_struct_pedestal/94271,pole/54231
ug_route/241429,OSP:FBSP::14203125,st_struct_pedestal/94322,st_struct_pedestal/93220
ug_route/241430,OSP:BUSP::10445302,mywcom_route_junction/28019,st_struct_pedestal/90609
ug_route/241431,OSP:BUSP:C711661,mywcom_route_junction/27940,st_struct_pedestal/93364
ug_route/241432,OSP:BUSP::11472522,st_struct_pedestal/92663,mywcom_route_junction/27945
ug_route/241433,OSP:FBSP::10878260,st_struct_pedestal/92901,st_struct_pedestal/90929
ug_route/241434,OSP:BUSP::8365261,mywcom_route_junction/28165,st_struct_pedestal/91582
ug_route/241435,OSP:BUSP::11512508,st_struct_pedestal/91875,st_struct_pedestal/92871
ug_route/241436,OSP:BUSP:C639763,st_struct_pedestal/93189,st_struct_pedestal/91690
ug_route/241437,OSP:FBSP::9332028,st_struct_pedestal/93221,st_struct_pedestal/91671
ug_route/241438,OSP:BUSP::11418740,st_struct_pedestal/93346,cabinet/2848
ug_route/241439,OSP:BUSP::9502947,mywcom_route_junction/28041,st_struct_pedestal/93407
ug_route/241440,OSP:FBSP::10638766,mywcom_route_junction/27998,mywcom_route_junction/28160
ug_route/241441,OSP:BUSP::16769918,st_struct_pedestal/93357,st_struct_pedestal/90966
ug_route/241442,OSP:BUSP::8447504,mywcom_route_junction/28228,building/67423
ug_route/241443,OSP:BUSP::8447505,mywcom_route_junction/28228,building/66745
ug_route/241444,OSP:BUSP::16771816,st_struct_pedestal/90770,building/68105
ug_route/241445,OSP:FBSP::12053031,mywcom_route_junction/28129,st_struct_pedestal/91574
ug_route/241446,OSP:BUSP:C706892,st_struct_pedestal/90550,pole/53089
ug_route/241447,OSP:FBSP:C639758,st_struct_pedestal/91258,st_struct_pedestal/91765
ug_route/241448,OSP:FBSP::12053041,st_struct_pedestal/91574,building/66920
ug_route/241449,OSP:BUSP::8447493,st_struct_pedestal/92580,pole/52550
ug_route/241450,OSP:BUSP:C707429,cabinet/2790,pole/52598
ug_route/241451,OSP:FBSP:C706963,mywcom_route_junction/27706,mywcom_route_junction/27905
ug_route/241452,OSP:BUSP::8416783,cabinet/2776,st_struct_pedestal/90650
ug_route/241453,OSP:BUSP::8402103,pole/54129,cabinet/2860
ug_route/241454,OSP:BUSP::16795218,st_struct_pedestal/93042,mywcom_route_junction/27856
ug_route/241455,OSP:BUSP::8449415,cabinet/2828,pole/52747
ug_route/241456,OSP:BUSP::10720525,mywcom_route_junction/27105,st_struct_pedestal/91691
ug_route/241457,OSP:BUSP:C663623,st_struct_buried_splice_location/3929,st_struct_pedestal/93946
ug_route/241458,OSP:BUSP::11191220,cabinet/2786,cabinet/2844
ug_route/241459,OSP:FBSP::12051914,st_struct_pedestal/91477,mywcom_route_junction/28050
ug_route/241460,OSP:BUSP::10720528,mywcom_route_junction/27105,mywcom_route_junction/27136
ug_route/241461,OSP:FBSP:C654061,building/67582,building/68153
ug_route/241462,OSP:BUSP::10682805,cabinet/2812,st_struct_pedestal/94269
ug_route/241463,OSP:BUSP::9271540,mywcom_route_junction/28080,st_struct_pedestal/93826
ug_route/241464,OSP:BUSP:C667726,st_struct_pedestal/91871,pole/52333
ug_route/241465,OSP:BUSP::8366858,cabinet/2848,st_struct_pedestal/92867
ug_route/241466,OSP:BUSP:C663631,st_struct_pedestal/93946,st_struct_buried_splice_location/3968
ug_route/241467,OSP:BUSP::8500294,mywcom_route_junction/27424,st_struct_pedestal/93873
ug_route/241468,OSP:BUSP:C649067,mywcom_route_junction/27502,mywcom_route_junction/27758
ug_route/241469,OSP:FBSP::12051992,mywcom_route_junction/28216,building/67172
ug_route/241470,OSP:FBSP::12051918,mywcom_route_junction/28073,building/68137
ug_route/241471,OSP:FBSP:C654010,building/66194,building/66887
ug_route/241472,OSP:FBSP::12051994,mywcom_route_junction/27930,building/68039
ug_route/241473,OSP:BUSP::8634715,st_struct_pedestal/94258,mywcom_route_junction/27993
ug_route/241474,OSP:FBSP::12051993,mywcom_route_junction/27402,building/68466
ug_route/241475,OSP:FBSP::12052094,building/67549,mywcom_route_junction/28130
ug_route/241476,OSP:BUSP::11470583,cabinet/2776,st_struct_pedestal/90650
ug_route/241477,OSP:BUSP::9496189,st_struct_pedestal/91938,mywcom_route_junction/27340
ug_route/241478,OSP:BUSP:C655453,st_struct_pedestal/93317,building/67316
ug_route/241479,OSP:FBSP::12052115,mywcom_route_junction/27206,mywcom_route_junction/27632
ug_route/241480,OSP:BUSP::8449414,pole/53632,cabinet/2828
ug_route/241481,OSP:BUSP:C658224,st_struct_pedestal/91693,building/67226
ug_route/241482,OSP:FBSP::12052095,building/67904,mywcom_route_junction/27381
ug_route/241483,OSP:FBSP:C653036,st_struct_pedestal/91630,building/67731
ug_route/241484,OSP:BUSP::9158231,mywcom_route_junction/27604,st_struct_pedestal/91592
ug_route/241485,OSP:CHOLE::16947464,st_struct_vault/2728,mywcom_route_junction/27114
ug_route/241486,OSP:BUSP::8447821,mywcom_route_junction/27889,st_struct_pedestal/90973
ug_route/241487,OSP:FBSP::10633144,mywcom_route_junction/27452,st_struct_pedestal/93747
ug_route/241488,OSP:BUSP::7641428,cabinet/2838,cabinet/2813
ug_route/241489,OSP:BUSP::10668361,pole/53945,st_struct_pedestal/94059
ug_route/241490,OSP:CHOLE::16947467,st_struct_vault/2742,mywcom_route_junction/28051
ug_route/241491,OSP:CHOLE::16947466,st_struct_vault/2742,mywcom_route_junction/27377
ug_route/241492,OSP:FBSP::7949255,pole/54483,st_struct_pedestal/91105
ug_route/241493,OSP:BUSP:C657376,st_struct_pedestal/92248,pole/53854
ug_route/241494,OSP:BUSP::9158228,mywcom_route_junction/27635,st_struct_pedestal/93329
ug_route/241495,OSP:FORSP::13673535,mywcom_route_junction/27724,mywcom_route_junction/27621
ug_route/241496,OSP:BUSP::16013394,st_struct_pedestal/90651,mywcom_route_junction/27185
ug_route/241497,OSP:BUSP::9450423,mywcom_route_junction/27552,st_struct_pedestal/91131
ug_route/241498,OSP:BUSP::8603031,st_struct_pedestal/93292,mywcom_route_junction/28168
ug_route/241499,OSP:CHOLE::16947465,st_struct_vault/2728,mywcom_route_junction/28062
ug_route/241500,OSP:BUSP::10781621,mywcom_route_junction/28197,st_struct_pedestal/91101
ug_route/241501,OSP:FORSP::13702964,mywcom_route_junction/27207,pole/52604
ug_route/241502,OSP:FBSP:C707874,mywcom_route_junction/28189,building/68482
ug_route/241503,OSP:FBSP::12052048,mywcom_route_junction/27975,st_struct_pedestal/94299
ug_route/241504,OSP:BUSP::7638580,pole/54043,cabinet/2801
ug_route/241505,OSP:BUSP::11470921,mywcom_route_junction/27362,st_struct_pedestal/93225
ug_route/241506,OSP:BUSP::11470924,mywcom_route_junction/27831,st_struct_pedestal/90734
ug_route/241507,OSP:FBSP:C705562,mywcom_route_junction/27409,building/67146
ug_route/241508,OSP:FBSP:C654057,building/67819,building/66280
ug_route/241509,OSP:FBSP:C705502,mywcom_route_junction/27710,building/66719
ug_route/241510,OSP:FBSP:C648252,st_struct_pedestal/90995,building/67253
ug_route/241511,OSP:BUSP:C710221,pole/53640,st_struct_pedestal/90921
ug_route/241512,OSP:BUSP::11470919,mywcom_route_junction/27243,st_struct_pedestal/93185
ug_route/241513,OSP:BUSP::9433491,mywcom_route_junction/27545,st_struct_pedestal/92979
ug_route/241514,OSP:BUSP::8447506,mywcom_route_junction/27914,building/68789
ug_route/241515,OSP:BUSP::9440503,mywcom_route_junction/27928,mywcom_route_junction/27867
ug_route/241516,OSP:FBSP::12052113,mywcom_route_junction/27632,st_struct_pedestal/94268
ug_route/241517,OSP:BUSP:C708423,st_struct_pedestal/91401,cabinet/2779
ug_route/241518,OSP:BUSP:C671239,st_struct_pedestal/91268,mywcom_route_junction/27664
ug_route/241519,OSP:BUSP:C662689,st_struct_pedestal/93524,pole/54234
ug_route/241520,OSP:BUSP:C659740,st_struct_pedestal/92318,building/68271
ug_route/241521,OSP:BUSP::14704260,mywcom_route_junction/27443,st_struct_pedestal/90868
ug_route/241522,OSP:BUSP::16040286,mywcom_route_junction/27893,building/67188
ug_route/241523,OSP:FBSP::12052107,building/67550,mywcom_route_junction/27903
ug_route/241524,OSP:BUSP::16769453,mywcom_route_junction/27218,st_struct_pedestal/94064
ug_route/241525,OSP:FBSP::12051991,mywcom_route_junction/28085,building/66771
ug_route/241526,OSP:BUSP::9270607,mywcom_route_junction/27569,st_struct_pedestal/93491
ug_route/241527,OSP:FBSP::12052047,st_struct_pedestal/94287,mywcom_route_junction/27975
ug_route/241528,OSP:BUSP::15978505,pole/52553,mywcom_route_junction/27116
ug_route/241529,OSP:FBSP::13707784,mywcom_route_junction/27916,building/68223
ug_route/241530,OSP:FBSP:C705555,mywcom_route_junction/27521,building/66888
ug_route/241531,OSP:FORSP::13702965,mywcom_route_junction/28218,st_struct_pedestal/91560
ug_route/241532,OSP:BUSP:C651838,st_struct_pedestal/91691,st_struct_pedestal/93420
ug_route/241533,OSP:BUSP::9270603,mywcom_route_junction/27832,st_struct_pedestal/90777
ug_route/241534,OSP:BUSP::16020740,cabinet/2834,cabinet/2814
ug_route/241535,OSP:FBSP:C669985,st_struct_pedestal/92532,building/68042
ug_route/241536,OSP:FBSP::12053049,mywcom_route_junction/27429,mywcom_route_junction/28219
ug_route/241537,OSP:BUSP:C662489,st_struct_pedestal/94076,pole/52255
ug_route/241538,OSP:BUSP::15686651,st_struct_pedestal/91822,building/68735
ug_route/241539,OSP:FBSP::12053068,st_struct_pedestal/91675,mywcom_route_junction/27554
ug_route/241540,OSP:BUSP:C658241,st_struct_pedestal/92275,building/67009
ug_route/241541,OSP:FBSP::12053057,building/68739,mywcom_route_junction/27493
ug_route/241542,OSP:FBSP::12449262,mywcom_route_junction/27765,st_struct_pedestal/91792
ug_route/241543,OSP:FBSP::12051990,mywcom_route_junction/28085,st_struct_pedestal/92771
ug_route/241544,OSP:FBSP::13702973,st_struct_pedestal/93171,mywcom_route_junction/27167
ug_route/241545,OSP:BUSP:C656602,st_struct_pedestal/94112,st_struct_buried_splice_location/3977
ug_route/241546,OSP:BUSP::9504187,st_struct_pedestal/93331,mywcom_route_junction/28041
ug_route/241547,OSP:BUSP::8433762,st_struct_pedestal/90801,pole/54041
ug_route/241548,OSP:BUSP::9450461,mywcom_route_junction/27819,mywcom_route_junction/27849
ug_route/241549,OSP:FBSP::12053055,st_struct_pedestal/94043,mywcom_route_junction/28177
ug_route/241550,OSP:FBSP:C705575,mywcom_route_junction/27227,building/67307
ug_route/241551,OSP:BUSP:C645806,st_struct_pedestal/91626,st_struct_pedestal/93022
ug_route/241552,OSP:CHOLE::16951316,st_struct_vault/2750,mywcom_route_junction/27492
ug_route/241553,OSP:FORSP:C649177,mywcom_route_junction/27695,cabinet/2757
ug_route/241554,OSP:BUSP::8574880,pole/53206,cabinet/2842
ug_route/241555,OSP:FBSP::13704246,st_struct_pedestal/91426,mywcom_route_junction/27223
ug_route/241556,OSP:BUSP::11333396,st_struct_pedestal/91871,pole/52333
ug_route/241557,OSP:FBSP::12053525,mywcom_route_junction/27800,st_struct_pedestal/92400
ug_route/241558,OSP:BUSP:C669117,pole/52629,st_struct_pedestal/93032
ug_route/241559,OSP:BUSP:C653885,pole/54019,st_struct_pedestal/90797
ug_route/241560,OSP:BUSP:C649926,st_struct_pedestal/91824,st_struct_pedestal/90673
ug_route/241561,OSP:FORSP:C646273,mywcom_route_junction/27142,cabinet/2779
ug_route/241562,OSP:FORSP::13702968,mywcom_route_junction/27695,mywcom_route_junction/27207
ug_route/241563,OSP:FBSP::10638318,mywcom_route_junction/27946,mywcom_route_junction/28075
ug_route/241564,OSP:BUSP::16040254,mywcom_route_junction/27740,building/66168
ug_route/241565,OSP:FBSP::8490695,st_struct_pedestal/92784,building/68648
ug_route/241566,OSP:FBSP::13705207,st_struct_pedestal/92599,mywcom_route_junction/27532
ug_route/241567,OSP:FBSP::13402184,st_struct_pedestal/93030,st_struct_pedestal/92887
ug_route/241568,OSP:FBSP::13402189,mywcom_route_junction/28093,mywcom_route_junction/27929
ug_route/241569,OSP:BUSP::8416782,cabinet/2776,cabinet/2837
ug_route/241570,OSP:BUSP::10725965,mywcom_route_junction/28033,building/68586
ug_route/241571,OSP:FBSP::12069030,st_struct_pedestal/91548,mywcom_route_junction/27931
ug_route/241572,OSP:BUSP:C653825,cabinet/2799,pole/54520
ug_route/241573,OSP:BUSP:C668470,st_struct_pedestal/91611,st_struct_buried_splice_location/3847
ug_route/241574,OSP:FBSP::12053001,st_struct_pedestal/92400,mywcom_route_junction/28087
ug_route/241575,OSP:BUSP::11869990,mywcom_route_junction/28083,mywcom_route_junction/27693
ug_route/241576,OSP:FBSP::13053287,st_struct_pedestal/92526,mywcom_route_junction/27772
ug_route/241577,OSP:FBSP::12051916,mywcom_route_junction/28050,building/68190
ug_route/241578,OSP:FBSP::13704257,st_struct_pedestal/92599,st_struct_pedestal/91427
ug_route/241579,OSP:BUSP::16015000,pole/52997,mywcom_route_junction/27137
ug_route/241580,OSP:BUSP::8930052,cabinet/2799,pole/54520
ug_route/241581,OSP:BUSP::9532344,st_struct_pedestal/91626,st_struct_pedestal/93022
ug_route/241582,OSP:BUSP::15118964,cabinet/2758,pole/53288
ug_route/241583,OSP:FBSP:C669148,mywcom_route_junction/28110,building/68068
ug_route/241584,OSP:BUSP::10690443,mywcom_route_junction/27292,building/66424
ug_route/241585,OSP:FBSP:C643386,mywcom_route_junction/27174,st_struct_pedestal/93616
ug_route/241586,OSP:BUSP::16057524,st_struct_pedestal/92926,building/66446
ug_route/241587,OSP:FORSP::16943976,st_struct_vault/2768,st_struct_pedestal/92282
ug_route/241588,OSP:BUSP:C650774,pole/54296,st_struct_pedestal/90542
ug_route/241589,OSP:BUSP::16945141,pole/54552,mywcom_route_junction/27121
ug_route/241590,OSP:BUSP::8369745,mywcom_route_junction/28183,st_struct_pedestal/91633
ug_route/241591,OSP:BUSP::8435353,cabinet/2772,st_struct_pedestal/93862
ug_route/241592,OSP:BUSP:C653024,mywcom_route_junction/27235,st_struct_pedestal/91630
ug_route/241593,OSP:BUSP:C649677,mywcom_route_junction/28118,pole/52470
ug_route/241594,OSP:BUSP::11534264,mywcom_route_junction/27595,st_struct_pedestal/92171
ug_route/241595,OSP:FBSP::12053050,st_struct_pedestal/92460,mywcom_route_junction/27465
ug_route/241596,OSP:FBSP:C648203,st_struct_pedestal/91601,building/67396
ug_route/241597,OSP:BUSP::16788476,st_struct_pedestal/93263,mywcom_route_junction/27970
ug_route/241598,OSP:FBSP::12053359,st_struct_pedestal/94269,st_struct_pedestal/92534
ug_route/241599,OSP:BUSP::16040268,mywcom_route_junction/27712,building/68717
ug_route/241600,OSP:FORSP::16956654,st_struct_vault/2729,mywcom_route_junction/27178
ug_route/241601,OSP:BUSP:C661028,st_struct_buried_splice_location/3998,st_struct_pedestal/91956
ug_route/241602,OSP:FBSP::12051922,mywcom_route_junction/27402,mywcom_route_junction/27930
ug_route/241603,OSP:FBSP:C706948,mywcom_route_junction/27598,mywcom_route_junction/27629
ug_route/241604,OSP:BUSP::10232856,mywcom_route_junction/27827,st_struct_pedestal/92693
ug_route/241605,OSP:FBSP::12051848,building/67256,mywcom_route_junction/27948
ug_route/241606,OSP:BUSP::8592138,cabinet/2764,cabinet/2759
ug_route/241607,OSP:FBSP::12052127,mywcom_route_junction/27216,building/68279
ug_route/241608,OSP:BUSP:C651155,cabinet/2849,st_struct_pedestal/92906
ug_route/241609,OSP:FBSP:C705505,mywcom_route_junction/27123,building/66719
ug_route/241610,OSP:FBSP:C663632,st_struct_pedestal/90649,building/67108
ug_route/241611,OSP:BUSP::8436628,cabinet/2851,pole/53505
ug_route/241612,OSP:BUSP:C709252,mywcom_route_junction/27657,pole/52572
ug_route/241613,OSP:BUSP::8500297,st_struct_pedestal/93649,st_struct_pedestal/93057
ug_route/241614,OSP:BUSP::15118992,mywcom_route_junction/27394,mywcom_route_junction/27113
ug_route/241615,OSP:FBSP::12051614,mywcom_route_junction/27311,mywcom_route_junction/27888
ug_route/241616,OSP:BUSP::10690442,mywcom_route_junction/27292,building/66308
ug_route/241617,OSP:BUSP::8500964,st_struct_pedestal/92592,cabinet/2775
ug_route/241618,OSP:BUSP::8435667,st_struct_pedestal/92874,pole/53502
ug_route/241619,OSP:BUSP::9430920,mywcom_route_junction/27882,st_struct_pedestal/91886
ug_route/241620,OSP:BUSP::17062326,pole/52768,cabinet/2764
ug_route/241621,OSP:BUSP::8574881,cabinet/2842,cabinet/2800
ug_route/241622,OSP:BUSP::8603030,st_struct_pedestal/93292,building/67290
ug_route/241623,OSP:BUSP::8440460,pole/53982,cabinet/2763
ug_route/241624,OSP:BUSP::12035117,mywcom_route_junction/27805,st_struct_buried_splice_location/3974
ug_route/241625,OSP:FBSP:C705510,st_struct_pedestal/92982,st_struct_pedestal/91019
ug_route/241626,OSP:BUSP::12070646,st_struct_pedestal/91880,st_struct_pedestal/92118
ug_route/241627,OSP:CHOLE::16951317,st_struct_vault/2750,mywcom_route_junction/27492
ug_route/241628,OSP:FBSP::12052981,st_struct_pedestal/91664,building/67241
ug_route/241629,OSP:FBSP:C705571,building/68805,building/67307
ug_route/241630,OSP:BUSP:C658517,st_struct_pedestal/92820,mywcom_route_junction/27909
ug_route/241631,OSP:FORSP::11424853,mywcom_route_junction/27461,mywcom_route_junction/27899
ug_route/241632,OSP:FBSP:C657809,cabinet/2768,building/66354
ug_route/241633,OSP:BUSP::9447564,st_struct_pedestal/91178,mywcom_route_junction/27101
ug_route/241634,OSP:BUSP::8437277,mywcom_route_junction/27538,building/68290
ug_route/241635,OSP:FBSP:C705531,mywcom_route_junction/27943,building/67819
ug_route/241636,OSP:FBSP:C643006,st_struct_pedestal/91886,mywcom_route_junction/27334
ug_route/241637,OSP:BUSP:C668065,st_struct_pedestal/90949,building/68726
ug_route/241638,OSP:FBSP:C710765,mywcom_route_junction/27546,building/68475
ug_route/241639,OSP:FBSP::12051920,mywcom_route_junction/27930,st_struct_pedestal/91282
ug_route/241640,OSP:BUSP::16040273,mywcom_route_junction/27733,mywcom_route_junction/27095
ug_route/241641,OSP:BUSP::11804368,st_struct_pedestal/91436,building/68403
ug_route/241642,OSP:CHOLE::16951321,st_struct_vault/2750,mywcom_route_junction/27321
ug_route/241643,OSP:BUSP::7637956,cabinet/2786,cabinet/2859
ug_route/241644,OSP:FBSP:C648234,st_struct_pedestal/94000,building/66335
ug_route/241645,OSP:BUSP:C659214,st_struct_pedestal/94020,building/68031
ug_route/241646,OSP:FBSP::12051917,mywcom_route_junction/27458,building/68591
ug_route/241647,OSP:FBSP::10638819,mywcom_route_junction/28174,building/66572
ug_route/241648,OSP:BUSP::9433485,mywcom_route_junction/27428,st_struct_pedestal/92255
ug_route/241649,OSP:BUSP:C669018,st_struct_pedestal/93078,building/67622
ug_route/241650,OSP:BUSP:C646977,st_struct_buried_splice_location/3869,building/67924
ug_route/241651,OSP:FBSP::13146756,st_struct_pedestal/92819,mywcom_route_junction/27425
ug_route/241652,OSP:BUSP:C656382,mywcom_route_junction/27236,building/67394
ug_route/241653,OSP:BUSP:C654199,pole/52321,st_struct_pedestal/92001
ug_route/241654,OSP:BUSP::9465832,st_struct_pedestal/93989,st_struct_pedestal/92176
ug_route/241655,OSP:BUSP:C644772,pole/53904,st_struct_pedestal/93653
ug_route/241656,OSP:FBSP::8587979,pole/53155,st_struct_pedestal/90853
ug_route/241657,OSP:FBSP:C708418,st_struct_pedestal/91178,mywcom_route_junction/28045
ug_route/241658,OSP:BUSP::8447812,mywcom_route_junction/27323,building/68680
ug_route/241659,OSP:FBSP::10638664,mywcom_route_junction/27802,building/66484
ug_route/241660,OSP:BUSP::8923660,pole/53206,cabinet/2842
ug_route/241661,OSP:FBSP:C655832,st_struct_pedestal/92421,building/66178
ug_route/241662,OSP:FBSP:C652800,pole/53429,building/66637
ug_route/241663,OSP:BUSP::8394711,cabinet/2836,pole/53582
ug_route/241664,OSP:FBSP:C653976,mywcom_route_junction/27704,building/66360
ug_route/241665,OSP:BUSP::8435361,cabinet/2762,cabinet/2772
ug_route/241666,OSP:BUSP::10875108,st_struct_pedestal/93714,cabinet/2858
ug_route/241667,OSP:FBSP:C643072,st_struct_pedestal/92255,mywcom_route_junction/27342
ug_route/241668,OSP:FBSP::12051923,st_struct_pedestal/92771,mywcom_route_junction/28216
ug_route/241669,OSP:FBSP:C659945,st_struct_pedestal/90769,building/66191
ug_route/241670,OSP:FBSP::12440282,mywcom_route_junction/27395,st_struct_pedestal/90795
ug_route/241671,OSP:BUSP:C644038,st_struct_buried_splice_location/3888,st_struct_pedestal/93602
ug_route/241672,OSP:BUSP::8365587,cabinet/2854,st_struct_pedestal/92019
ug_route/241673,OSP:FORSP::16954836,st_struct_vault/2745,mywcom_route_junction/27201
ug_route/241674,OSP:FBSP::12447309,st_struct_vault/2755,st_struct_vault/2773
ug_route/241675,OSP:FBSP::12053035,mywcom_route_junction/27959,mywcom_route_junction/27883
ug_route/241676,OSP:FBSP:C705572,building/68805,building/67307
ug_route/241677,OSP:BUSP::16017210,st_struct_pedestal/92854,mywcom_route_junction/27322
ug_route/241678,OSP:FBSP::12053072,mywcom_route_junction/27144,st_struct_pedestal/91675
ug_route/241679,OSP:BUSP::15976886,st_struct_pedestal/93927,mywcom_route_junction/27356
ug_route/241680,OSP:FBSP::12051792,mywcom_route_junction/27355,pole/53081
ug_route/241681,OSP:BUSP::9426108,pole/52821,st_struct_pedestal/91402
ug_route/241682,OSP:FBSP::10638321,mywcom_route_junction/27858,building/67247
ug_route/241683,OSP:BUSP:C648610,pole/52660,st_struct_pedestal/91146
ug_route/241684,OSP:FBSP:C705535,mywcom_route_junction/27092,building/66848
ug_route/241685,OSP:FBSP:C656401,mywcom_route_junction/27518,building/66362
ug_route/241686,OSP:BUSP::9303906,cabinet/2849,st_struct_pedestal/91937
ug_route/241687,OSP:FORSP::16954181,st_struct_vault/2766,mywcom_route_junction/28064
ug_route/241688,OSP:BUSP::8383513,mywcom_route_junction/28195,cabinet/2852
ug_route/241689,OSP:FBSP:C648286,mywcom_route_junction/27368,building/67608
ug_route/241690,OSP:BUSP::7627976,st_struct_pedestal/93694,building/67791
ug_route/241691,OSP:BUSP::15976890,st_struct_pedestal/93327,mywcom_route_junction/27436
ug_route/241692,OSP:BUSP::7641430,cabinet/2813,st_struct_pedestal/93995
ug_route/241693,OSP:FBSP::10638594,mywcom_route_junction/27504,building/68015
ug_route/241694,OSP:FBSP:C656455,mywcom_route_junction/28215,building/67367
ug_route/241695,OSP:BUSP::13020613,mywcom_route_junction/27372,st_struct_pedestal/91078
ug_route/241696,OSP:FBSP:C710766,mywcom_route_junction/27546,building/68354
ug_route/241697,OSP:FBSP::16106194,mywcom_route_junction/27171,st_struct_pedestal/92446
ug_route/241698,OSP:FBSP::12053032,building/67388,mywcom_route_junction/27959
ug_route/241699,OSP:BUSP:C707886,st_struct_buried_splice_location/3901,building/66494
ug_route/241700,OSP:BUSP::16040287,mywcom_route_junction/27666,building/67476
ug_route/241701,OSP:FBSP:C680744,st_struct_pedestal/90537,building/68370
ug_route/241702,OSP:BUSP::8576463,mywcom_route_junction/27287,cabinet/2756
ug_route/241703,OSP:CHOLE::16951320,st_struct_vault/2750,mywcom_route_junction/27378
ug_route/241704,OSP:BUSP:C669711,st_struct_pedestal/93594,mywcom_route_junction/27367
ug_route/241705,OSP:BUSP::10725971,mywcom_route_junction/27701,building/67725
ug_route/241706,OSP:BUSP::11505910,st_struct_pedestal/94105,mywcom_route_junction/27731
ug_route/241707,OSP:FBSP::11037956,st_struct_pedestal/93105,st_struct_pedestal/91960
ug_route/241708,OSP:BUSP::16694683,mywcom_route_junction/28123,mywcom_route_junction/27628
ug_route/241709,OSP:FORSP::16961862,st_struct_vault/2722,pole/53527
ug_route/241710,OSP:BUSP:C654447,pole/53996,st_struct_pedestal/91500
ug_route/241711,OSP:BUSP::11474153,st_struct_pedestal/90874,st_struct_vault/2781
ug_route/241712,OSP:BUSP::9379062,mywcom_route_junction/28207,st_struct_pedestal/91165
ug_route/241713,OSP:FBSP:C651242,mywcom_route_junction/28187,st_struct_pedestal/93142
ug_route/241714,OSP:BUSP::11435046,st_struct_pedestal/90907,building/66605
ug_route/241715,OSP:BUSP::8592140,cabinet/2765,cabinet/2849
ug_route/241716,OSP:BUSP::9509320,mywcom_route_junction/27470,cabinet/2852
ug_route/241717,OSP:BUSP::8587972,st_struct_pedestal/92632,mywcom_route_junction/27746
ug_route/241718,OSP:BUSP:C667157,mywcom_route_junction/27767,st_struct_pedestal/91260
ug_route/241719,OSP:BUSP:C659042,mywcom_route_junction/27680,st_struct_pedestal/91796
ug_route/241720,OSP:BUSP:C642241,st_struct_pedestal/91309,building/68678
ug_route/241721,OSP:FBSP::12052103,st_struct_pedestal/93605,mywcom_route_junction/27822
ug_route/241722,OSP:BUSP::11087286,tower/614,cabinet/2834
ug_route/241723,OSP:BUSP::8434384,mywcom_route_junction/27188,cabinet/2772
ug_route/241724,OSP:BUSP:C660073,st_struct_pedestal/92799,building/67572
ug_route/241725,OSP:FBSP::13098190,st_struct_pedestal/92048,st_struct_pedestal/92635
ug_route/241726,OSP:FBSP:C705591,mywcom_route_junction/27738,building/68688
ug_route/241727,OSP:FBSP::12053053,mywcom_route_junction/27154,st_struct_pedestal/92460
ug_route/241728,OSP:FBSP::12053040,building/68665,mywcom_route_junction/27730
ug_route/241729,OSP:FBSP:C704914,mywcom_route_junction/27194,st_struct_pedestal/93657
ug_route/241730,OSP:BUSP:C660129,st_struct_pedestal/92278,building/66743
ug_route/241731,OSP:FBSP::13684726,mywcom_route_junction/28037,cabinet/2856
ug_route/241732,OSP:BUSP::15070008,st_struct_pedestal/90881,cabinet/2777
ug_route/241733,OSP:FBSP:C656462,mywcom_route_junction/27722,building/67124
ug_route/241734,OSP:FBSP:C643639,st_struct_pedestal/94097,building/66620
ug_route/241735,OSP:BUSP::16735350,mywcom_route_junction/27191,mywcom_route_junction/27220
ug_route/241736,OSP:BUSP::10689808,st_struct_pedestal/93180,building/68185
ug_route/241737,OSP:FBSP::12051912,mywcom_route_junction/28073,mywcom_route_junction/27458
ug_route/241738,OSP:BUSP::16040267,mywcom_route_junction/27712,building/66931
ug_route/241739,OSP:BUSP::8396948,cabinet/2810,pole/53835
ug_route/241740,OSP:BUSP::8500965,cabinet/2775,cabinet/2816
ug_route/241741,OSP:BUSP::8951497,mywcom_route_junction/27853,mywcom_route_junction/27353
ug_route/241742,OSP:FBSP::10638319,mywcom_route_junction/28075,st_struct_pedestal/90582
ug_route/241743,OSP:BUSP::10638759,mywcom_route_junction/27637,st_struct_pedestal/90588
ug_route/241744,OSP:BUSP::12070647,mywcom_route_junction/27913,st_struct_pedestal/93855
ug_route/241745,OSP:FBSP:C651866,st_struct_pedestal/93760,building/67981
ug_route/241746,OSP:BUSP::9522422,st_struct_pedestal/93142,mywcom_route_junction/27385
ug_route/241747,OSP:FBSP:C644491,mywcom_route_junction/27600,st_struct_pedestal/93964
ug_route/241748,OSP:FBSP:C648268,st_struct_pedestal/91457,building/67257
ug_route/241749,OSP:BUSP::11087284,cabinet/2834,cabinet/2814
ug_route/241750,OSP:FORSP::16938821,st_struct_vault/2761,st_struct_vault/2723
ug_route/241751,OSP:BUSP::16761898,mywcom_route_junction/27747,st_struct_pedestal/91796
ug_route/241752,OSP:FBSP:C654097,mywcom_route_junction/27735,building/66188
ug_route/241753,OSP:BUSP::16057529,st_struct_pedestal/90871,building/66328
ug_route/241754,OSP:BUSP:C662396,st_struct_pedestal/93550,st_struct_buried_splice_location/3915
ug_route/241755,OSP:FBSP::13702977,mywcom_route_junction/27449,building/68842
ug_route/241756,OSP:BUSP:C707701,st_struct_pedestal/91551,pole/53088
ug_route/241757,OSP:FBSP::11797191,st_struct_pedestal/91329,building/66600
ug_route/241758,OSP:BUSP::10227747,mywcom_route_junction/27794,st_struct_pedestal/92693
ug_route/241759,OSP:FORSP:C645733,st_struct_vault/2752,building/67875
ug_route/241760,OSP:BUSP::10689806,st_struct_pedestal/93760,building/67981
ug_route/241761,OSP:FBSP:C668782,st_struct_pedestal/90907,building/66605
ug_route/241762,OSP:BUSP:C670085,mywcom_route_junction/27120,st_struct_pedestal/92877
ug_route/241763,OSP:BUSP:C653379,st_struct_pedestal/92000,st_struct_buried_splice_location/3985
ug_route/241764,OSP:FORSP::16956644,st_struct_vault/2753,building/67875
ug_route/241765,OSP:FBSP:C654020,mywcom_route_junction/27517,building/68728
ug_route/241766,OSP:FBSP:C660531,pole/54004,building/67986
ug_route/241767,OSP:BUSP::8500003,st_struct_pedestal/90996,mywcom_route_junction/28102
ug_route/241768,OSP:BUSP::10638419,mywcom_route_junction/28010,st_struct_pedestal/90588
ug_route/241769,OSP:BUSP::8499996,cabinet/2752,cabinet/2815
ug_route/241770,OSP:BUSP:C647616,mywcom_route_junction/28017,mywcom_route_junction/27875
ug_route/241771,OSP:FBSP:C646119,mywcom_route_junction/27620,st_struct_pedestal/94083
ug_route/241772,OSP:BUSP::9450425,mywcom_route_junction/27552,mywcom_route_junction/27459
ug_route/241773,OSP:BUSP::11474152,st_struct_pedestal/92707,st_struct_vault/2751
ug_route/241774,OSP:BUSP::8591175,cabinet/2820,cabinet/2847
ug_route/241775,OSP:FBSP:C648264,st_struct_pedestal/92468,building/66868
ug_route/241776,OSP:BUSP:C669004,st_struct_pedestal/93904,pole/53986
ug_route/241777,OSP:FBSP:C651651,mywcom_route_junction/27126,st_struct_pedestal/93577
ug_route/241778,OSP:BUSP::10850100,pole/54004,building/67986
ug_route/241779,OSP:FBSP::10637987,mywcom_route_junction/27536,mywcom_route_junction/27946
ug_route/241780,OSP:FBSP::12053002,mywcom_route_junction/28087,mywcom_route_junction/27251
ug_route/241781,OSP:BUSP::9465616,mywcom_route_junction/27968,st_struct_pedestal/92820
ug_route/241782,OSP:FBSP::7630881,mywcom_route_junction/27900,st_struct_pedestal/94197
ug_route/241783,OSP:BUSP:C667425,cabinet/2833,st_struct_pedestal/93406
ug_route/241784,OSP:BUSP::16776313,mywcom_route_junction/27896,mywcom_route_junction/27454
ug_route/241785,OSP:BUSP::9552544,mywcom_route_junction/28145,st_struct_pedestal/93657
ug_route/241786,OSP:BUSP::17062025,mywcom_route_junction/27803,mywcom_route_junction/27430
ug_route/241787,OSP:FBSP:C705509,mywcom_route_junction/27145,building/67744
ug_route/241788,OSP:BUSP:C665777,mywcom_route_junction/27474,st_struct_pedestal/92541
ug_route/241789,OSP:FBSP::13704259,st_struct_pedestal/92599,st_struct_pedestal/93171
ug_route/241790,OSP:BUSP::8588358,pole/53348,cabinet/2751
ug_route/241791,OSP:FBSP:C667311,st_struct_pedestal/92854,building/67913
ug_route/241792,OSP:CHOLE::16951318,st_struct_vault/2750,mywcom_route_junction/28182
ug_route/241793,OSP:BUSP::12078038,mywcom_route_junction/27980,st_struct_pedestal/94299
ug_route/241794,OSP:FORSP:D8153717,mywcom_route_junction/27408,st_struct_pedestal/91500
ug_route/241795,OSP:BUSP::8435661,pole/53642,cabinet/2819
ug_route/241796,OSP:BUSP::15970484,building/68468,building/68533
ug_route/241797,OSP:BUSP:C653380,st_struct_pedestal/92000,st_struct_buried_splice_location/3985
ug_route/241798,OSP:BUSP::7914708,st_struct_pedestal/92575,st_struct_pedestal/92094
ug_route/241799,OSP:BUSP::9510581,st_struct_pedestal/93135,mywcom_route_junction/27757
ug_route/241800,OSP:BUSP:C668363,pole/53149,st_struct_pedestal/93716
ug_route/241801,OSP:BUSP::9526915,st_struct_pedestal/93577,mywcom_route_junction/28135
ug_route/241802,OSP:FBSP:C705557,mywcom_route_junction/27409,building/66888
ug_route/241803,OSP:FORSP:C646123,mywcom_route_junction/28127,st_struct_pedestal/91616
ug_route/241804,OSP:BUSP:C650889,mywcom_route_junction/28208,st_struct_pedestal/93493
ug_route/241805,OSP:BUSP::17102404,pole/53288,building/67778
ug_route/241806,OSP:FBSP::12053009,mywcom_route_junction/27669,mywcom_route_junction/27824
ug_route/241807,OSP:BUSP::8591173,pole/54028,cabinet/2808
ug_route/241808,OSP:FBSP::12052049,mywcom_route_junction/27975,building/66225
ug_route/241809,OSP:FBSP:C706914,st_struct_pedestal/92697,building/67308
ug_route/241810,OSP:BUSP::8348938,st_struct_pedestal/91691,mywcom_route_junction/27304
ug_route/241811,OSP:FBSP::10644060,mywcom_route_junction/28070,st_struct_pedestal/93006
ug_route/241812,OSP:BUSP::15982967,pole/52926,building/68125
ug_route/241813,OSP:FBSP::12052989,mywcom_route_junction/27380,st_struct_pedestal/93509
ug_route/241814,OSP:FBSP:C639221,st_struct_pedestal/93570,pole/53013
ug_route/241815,OSP:FBSP:C705570,mywcom_route_junction/27363,building/68805
ug_route/241816,OSP:BUSP::11330110,st_struct_pedestal/91846,st_struct_vault/2772
ug_route/241817,OSP:BUSP::8591184,cabinet/2777,st_struct_pedestal/90881
ug_route/241818,OSP:FBSP::10186436,st_struct_pedestal/90648,building/67687
ug_route/241819,OSP:BUSP::8447814,mywcom_route_junction/27323,mywcom_route_junction/27914
ug_route/241820,OSP:BUSP::8437615,cabinet/2822,pole/52597
ug_route/241821,OSP:FBSP::13059950,st_struct_pedestal/90843,mywcom_route_junction/27353
ug_route/241822,OSP:BUSP::15978510,pole/53013,st_struct_pedestal/93570
ug_route/241823,OSP:BUSP::8437604,cabinet/2830,cabinet/2798
ug_route/241824,OSP:BUSP::8448156,cabinet/2799,cabinet/2788
ug_route/241825,OSP:BUSP:C660873,st_struct_pedestal/93011,building/66894
ug_route/241826,OSP:FBSP:C705530,mywcom_route_junction/27228,building/67582
ug_route/241827,OSP:FBSP:C705594,mywcom_route_junction/27417,building/68498
ug_route/241828,OSP:BUSP::16694678,mywcom_route_junction/27927,mywcom_route_junction/27106
ug_route/241829,OSP:BUSP::10246916,mywcom_route_junction/27313,st_struct_pedestal/94142
ug_route/241830,OSP:BUSP::16040280,mywcom_route_junction/27953,mywcom_route_junction/27740
ug_route/241831,OSP:BUSP::8500966,cabinet/2816,cabinet/2839
ug_route/241832,OSP:BUSP::8590227,pole/52338,cabinet/2794
ug_route/241833,OSP:BUSP::11479225,st_struct_buried_splice_location/3912,st_struct_pedestal/90593
ug_route/241834,OSP:FBSP::12051849,mywcom_route_junction/27822,mywcom_route_junction/27948
ug_route/241835,OSP:FBSP::12052090,building/68718,mywcom_route_junction/27206
ug_route/241836,OSP:BUSP:C665161,mywcom_route_junction/27127,st_struct_pedestal/92132
ug_route/241837,OSP:FBSP::12051618,building/67881,mywcom_route_junction/27280
ug_route/241838,OSP:BUSP::15769205,st_struct_pedestal/90652,st_struct_buried_splice_location/3948
ug_route/241839,OSP:FBSP::13885365,mywcom_route_junction/28077,st_struct_pedestal/90612
ug_route/241840,OSP:BUSP::8402718,cabinet/2755,cabinet/2750
ug_route/241841,OSP:FORSP::16954183,mywcom_route_junction/28127,st_struct_vault/2779
ug_route/241842,OSP:FORSP::16956650,st_struct_vault/2720,cabinet/2851
ug_route/241843,OSP:FBSP::12053000,building/68320,mywcom_route_junction/28087
ug_route/241844,OSP:FBSP:C668761,mywcom_route_junction/28121,building/68667
ug_route/241845,OSP:BUSP::11474150,mywcom_route_junction/27835,st_struct_vault/2776
ug_route/241846,OSP:BUSP::9531720,st_struct_pedestal/93107,st_struct_pedestal/93514
ug_route/241847,OSP:BUSP::11330108,st_struct_pedestal/91717,st_struct_vault/2785
ug_route/241848,OSP:FBSP:C661755,mywcom_route_junction/27463,building/67300
ug_route/241849,OSP:BUSP:C669683,st_struct_pedestal/93292,mywcom_route_junction/27270
ug_route/241850,OSP:BUSP:C667636,mywcom_route_junction/27844,st_struct_pedestal/92002
ug_route/241851,OSP:FORSP::13702966,st_struct_vault/2752,mywcom_route_junction/28218
ug_route/241852,OSP:BUSP::8434379,mywcom_route_junction/27179,cabinet/2772
ug_route/241853,OSP:FBSP:C648198,st_struct_pedestal/92467,building/67581
ug_route/241854,OSP:FORSP:C710106,mywcom_route_junction/27784,pole/54445
ug_route/241855,OSP:FBSP::14570486,st_struct_pedestal/90663,building/67868
ug_route/241856,OSP:BUSP::15998692,pole/54539,mywcom_route_junction/27619
ug_route/241857,OSP:BUSP:C649707,st_struct_pedestal/93596,building/68542
ug_route/241858,OSP:BUSP:C656559,st_struct_pedestal/93131,building/66734
ug_route/241859,OSP:BUSP::8575500,pole/53289,cabinet/2793
ug_route/241860,OSP:BUSP:C656702,st_struct_buried_splice_location/3868,building/67583
ug_route/241861,OSP:BUSP::8575492,st_struct_pedestal/92314,pole/54155
ug_route/241862,OSP:FBSP:C668755,mywcom_route_junction/27130,mywcom_route_junction/27566
ug_route/241863,OSP:FBSP:C651553,mywcom_route_junction/28212,st_struct_pedestal/93514
ug_route/241864,OSP:BUSP::10727544,mywcom_route_junction/27933,building/66997
ug_route/241865,OSP:FBSP::10345592,st_struct_pedestal/91854,building/68459
ug_route/241866,OSP:FORSP:C646080,mywcom_route_junction/27215,cabinet/2832
ug_route/241867,OSP:BUSP:C707936,mywcom_route_junction/27271,st_struct_pedestal/93602
ug_route/241868,OSP:BUSP::10721806,pole/54182,building/68016
ug_route/241869,OSP:FBSP:C645405,st_struct_pedestal/92570,building/68293
ug_route/241870,OSP:BUSP::10756990,st_struct_pedestal/92280,building/66351
ug_route/241871,OSP:BUSP:C665180,mywcom_route_junction/27221,st_struct_pedestal/90914
ug_route/241872,OSP:BUSP::10763712,pole/54020,building/68317
ug_route/241873,OSP:CHOLE::16950661,st_struct_vault/2749,mywcom_route_junction/27274
ug_route/241874,OSP:FBSP::10644061,mywcom_route_junction/28070,building/66314
ug_route/241875,OSP:FBSP::12053062,mywcom_route_junction/27659,mywcom_route_junction/27493
ug_route/241876,OSP:BUSP::15562823,mywcom_route_junction/27370,st_struct_pedestal/92084
ug_route/241877,OSP:BUSP::16300740,st_struct_pedestal/92396,building/68736
ug_route/241878,OSP:BUSP::15608261,st_struct_pedestal/91542,st_struct_pedestal/90620
ug_route/241879,OSP:FBSP:C668757,mywcom_route_junction/27555,mywcom_route_junction/27337
ug_route/241880,OSP:BUSP::10756991,st_struct_pedestal/92280,building/68360
ug_route/241881,OSP:FBSP::7630313,st_struct_buried_splice_location/3940,pole/54483
ug_route/241882,OSP:BUSP:C710616,st_struct_pedestal/91174,st_struct_pedestal/91797
ug_route/241883,OSP:BUSP:C656857,st_struct_pedestal/91992,building/68780
ug_route/241884,OSP:BUSP::8589585,cabinet/2817,st_struct_pedestal/91551
ug_route/241885,OSP:BUSP::8439813,pole/53537,cabinet/2770
ug_route/241886,OSP:BUSP::10673780,st_struct_pedestal/93645,building/66767
ug_route/241887,OSP:FBSP::12053028,mywcom_route_junction/28072,st_struct_pedestal/92748
ug_route/241888,OSP:FBSP:C655828,st_struct_pedestal/93775,building/68762
ug_route/241889,OSP:BUSP::9451393,st_struct_pedestal/92471,mywcom_route_junction/28202
ug_route/241890,OSP:BUSP:C667471,mywcom_route_junction/27829,mywcom_route_junction/28051
ug_route/241891,OSP:BUSP::11474146,mywcom_route_junction/27445,st_struct_vault/2726
ug_route/241892,OSP:BUSP:C708052,building/66286,building/68504
ug_route/241893,OSP:BUSP::8574875,pole/53592,cabinet/2803
ug_route/241894,OSP:FORSP:C646044,mywcom_route_junction/27276,pole/53582
ug_route/241895,OSP:BUSP:C659723,mywcom_route_junction/27922,mywcom_route_junction/27673
ug_route/241896,OSP:BUSP::11500020,pole/53179,building/67544
ug_route/241897,OSP:BUSP::8369735,cabinet/2797,st_struct_pedestal/92233
ug_route/241898,OSP:BUSP:C657894,pole/53289,cabinet/2793
ug_route/241899,OSP:BUSP::8575832,cabinet/2845,st_struct_pedestal/92979
ug_route/241900,OSP:FBSP::12052109,mywcom_route_junction/27903,st_struct_pedestal/93605
ug_route/241901,OSP:BUSP::10673781,st_struct_pedestal/93645,building/66767
ug_route/241902,OSP:BUSP::10690741,st_struct_pedestal/93696,building/66326
ug_route/241903,OSP:FBSP:C644362,mywcom_route_junction/28053,st_struct_pedestal/91604
ug_route/241904,OSP:FBSP::10644059,mywcom_route_junction/27504,mywcom_route_junction/28070
ug_route/241905,OSP:BUSP:C661190,st_struct_pedestal/90905,mywcom_route_junction/27222
ug_route/241906,OSP:FBSP:C662677,st_struct_pedestal/91807,building/68087
ug_route/241907,OSP:BUSP:C659726,mywcom_route_junction/27857,mywcom_route_junction/27111
ug_route/241908,OSP:BUSP::8402719,pole/53281,cabinet/2750
ug_route/241909,OSP:FBSP::13885376,mywcom_route_junction/27967,building/68388
ug_route/241910,OSP:BUSP::8575501,cabinet/2793,cabinet/2841
ug_route/241911,OSP:FBSP::12053524,mywcom_route_junction/27824,mywcom_route_junction/27800
ug_route/241912,OSP:BUSP::8591506,cabinet/2853,cabinet/2850
ug_route/241913,OSP:FORSP::16944900,mywcom_route_junction/27142,st_struct_vault/2721
ug_route/241914,OSP:BUSP::16057531,st_struct_pedestal/90871,building/68455
ug_route/241915,OSP:BUSP:C667639,mywcom_route_junction/27339,st_struct_pedestal/94001
ug_route/241916,OSP:FBSP::12440960,st_struct_pedestal/92634,mywcom_route_junction/27799
ug_route/241917,OSP:FBSP::11797197,mywcom_route_junction/28217,st_struct_pedestal/91082
ug_route/241918,OSP:BUSP::11470581,cabinet/2823,cabinet/2776
ug_route/241919,OSP:BUSP:C667429,st_struct_pedestal/92506,st_struct_pedestal/92899
ug_route/241920,OSP:FBSP::13692421,st_struct_pedestal/94299,st_struct_vault/2758
ug_route/241921,OSP:FBSP::12053066,mywcom_route_junction/27455,st_struct_pedestal/91548
ug_route/241922,OSP:FBSP:C650006,st_struct_pedestal/91915,building/67443
ug_route/241923,OSP:FBSP::12053070,building/68092,mywcom_route_junction/27144
ug_route/241924,OSP:BUSP:C668740,st_struct_pedestal/93411,mywcom_route_junction/27268
ug_route/241925,OSP:BUSP::15562826,st_struct_pedestal/92084,mywcom_route_junction/27739
ug_route/241926,OSP:FBSP:C705972,mywcom_route_junction/27483,building/68334
ug_route/241927,OSP:BUSP::10690438,st_struct_pedestal/90796,building/66681
ug_route/241928,OSP:FBSP::13704247,mywcom_route_junction/27539,mywcom_route_junction/27863
ug_route/241929,OSP:BUSP::12035119,mywcom_route_junction/27805,st_struct_buried_splice_location/3861
ug_route/241930,OSP:BUSP::11474142,st_struct_pedestal/93120,st_struct_vault/2775
ug_route/241931,OSP:FBSP:C651079,st_struct_pedestal/91288,mywcom_route_junction/27190
ug_route/241932,OSP:FBSP:C646460,st_struct_pedestal/92638,building/66508
ug_route/241933,OSP:BUSP::15118989,pole/54041,mywcom_route_junction/27113
ug_route/241934,OSP:FORSP::16943973,st_struct_vault/2724,cabinet/2799
ug_route/241935,OSP:BUSP:C706836,pole/53003,st_struct_pedestal/93064
ug_route/241936,OSP:FBSP::10638763,mywcom_route_junction/28075,mywcom_route_junction/28092
ug_route/241937,OSP:BUSP:C649887,st_struct_pedestal/94153,building/67431
ug_route/241938,OSP:BUSP::8434385,mywcom_route_junction/27188,mywcom_route_junction/27562
ug_route/241939,OSP:BUSP::11331070,st_struct_pedestal/91613,st_struct_vault/2715
ug_route/241940,OSP:BUSP:C653678,pole/54507,pole/54076
ug_route/241941,OSP:FBSP::12053011,st_struct_pedestal/91574,mywcom_route_junction/28072
ug_route/241942,OSP:FBSP::10566023,pole/53105,building/66175
ug_route/241943,OSP:FBSP::7625133,mywcom_route_junction/28092,building/68639
ug_route/241944,OSP:BUSP::9493775,mywcom_route_junction/27325,st_struct_pedestal/91604
ug_route/241945,OSP:BUSP:C643627,st_struct_pedestal/91026,mywcom_route_junction/28181
ug_route/241946,OSP:FORSP:C646616,st_struct_pedestal/93699,pole/53516
ug_route/241947,OSP:BUSP:C667667,st_struct_pedestal/93709,st_struct_pedestal/91283
ug_route/241948,OSP:FBSP::13885364,mywcom_route_junction/27311,mywcom_route_junction/28077
ug_route/241949,OSP:BUSP::8500292,mywcom_route_junction/28102,mywcom_route_junction/27424
ug_route/241950,OSP:BUSP::10727551,st_struct_pedestal/93624,building/67551
ug_route/241951,OSP:FBSP:C709560,st_struct_pedestal/92570,building/67114
ug_route/241952,OSP:FBSP::7949257,mywcom_route_junction/27727,mywcom_route_junction/28092
ug_route/241953,OSP:BUSP::9491430,st_struct_pedestal/92506,st_struct_pedestal/92899
ug_route/241954,OSP:FORSP:C646000,mywcom_route_junction/27140,pole/54257
ug_route/241955,OSP:BUSP::10267062,st_struct_pedestal/94042,mywcom_route_junction/27545
ug_route/241956,OSP:BUSP::8591501,cabinet/2832,cabinet/2785
ug_route/241957,OSP:BUSP:C671342,mywcom_route_junction/27240,building/67094
ug_route/241958,OSP:FBSP::12051850,mywcom_route_junction/27948,st_struct_pedestal/94287
ug_route/241959,OSP:BUSP::11331071,st_struct_pedestal/90888,st_struct_vault/2730
ug_route/241960,OSP:FBSP:C658092,st_struct_pedestal/94177,building/68469
ug_route/241961,OSP:FORSP:C646240,mywcom_route_junction/27201,st_struct_pedestal/92906
ug_route/241962,OSP:BUSP:C662153,mywcom_route_junction/27441,mywcom_route_junction/28111
ug_route/241963,OSP:BUSP::10991866,st_struct_pedestal/92570,building/67114
ug_route/241964,OSP:FBSP::12051989,mywcom_route_junction/28050,mywcom_route_junction/28085
ug_route/241965,OSP:BUSP::16040257,mywcom_route_junction/28018,mywcom_route_junction/27712
ug_route/241966,OSP:FBSP::10638767,mywcom_route_junction/28160,building/68148
ug_route/241967,OSP:FBSP::10916760,st_struct_pedestal/92786,building/67081
ug_route/241968,OSP:FBSP:C706972,mywcom_route_junction/27605,mywcom_route_junction/27989
ug_route/241969,OSP:BUSP::9465159,cabinet/2807,cabinet/2816
ug_route/241970,OSP:FBSP::12053059,mywcom_route_junction/27493,st_struct_pedestal/94043
ug_route/241971,OSP:BUSP::10690441,st_struct_pedestal/92645,mywcom_route_junction/27292
ug_route/241972,OSP:BUSP::9528188,mywcom_route_junction/27104,st_struct_pedestal/91288
ug_route/241973,OSP:BUSP::15118971,mywcom_route_junction/27147,st_struct_pedestal/90742
ug_route/241974,OSP:BUSP::10758263,st_struct_pedestal/90897,building/66397
ug_route/241975,OSP:FBSP:C708161,pole/53116,st_struct_pedestal/90633
ug_route/241976,OSP:BUSP::10881924,st_struct_pedestal/94177,building/68469
ug_route/241977,OSP:BUSP:C659992,st_struct_pedestal/93492,st_struct_buried_splice_location/3892
ug_route/241978,OSP:BUSP::10689804,pole/52755,mywcom_route_junction/27187
ug_route/241979,OSP:BUSP::10763710,pole/53214,building/66648
ug_route/241980,OSP:FBSP::12053003,building/68238,mywcom_route_junction/27251
ug_route/241981,OSP:BUSP::8572612,cabinet/2846,pole/53223
ug_route/241982,OSP:FORSP::16947463,mywcom_route_junction/27479,st_struct_vault/2742
ug_route/241983,OSP:BUSP::10756987,st_struct_pedestal/90897,building/67861
ug_route/241984,OSP:BUSP:C657802,st_struct_pedestal/93730,cabinet/2768
ug_route/241985,OSP:FBSP::10638765,st_struct_pedestal/94144,mywcom_route_junction/27998
ug_route/241986,OSP:FBSP::10566020,pole/54522,building/67770
ug_route/241987,OSP:FBSP:C705132,mywcom_route_junction/27129,building/67478
ug_route/241988,OSP:BUSP::13011508,pole/52808,building/68035
ug_route/241989,OSP:BUSP::8433755,mywcom_route_junction/27394,st_struct_pedestal/90801
ug_route/241990,OSP:BUSP::8383509,pole/53516,st_struct_pedestal/93699
ug_route/241991,OSP:BUSP::8347345,cabinet/2838,st_struct_pedestal/93995
ug_route/241992,OSP:BUSP::15073847,st_struct_pedestal/92170,mywcom_route_junction/27940
ug_route/241993,OSP:FBSP:C705479,st_struct_pedestal/92751,st_struct_pedestal/91806
ug_route/241994,OSP:BUSP::8433103,cabinet/2827,cabinet/2780
ug_route/241995,OSP:FBSP::12053069,mywcom_route_junction/27554,mywcom_route_junction/27455
ug_route/241996,OSP:BUSP:C667730,st_struct_pedestal/91107,pole/54381
ug_route/241997,OSP:FBSP::13702970,st_struct_vault/2774,st_struct_vault/2752
ug_route/241998,OSP:BUSP:C660642,mywcom_route_junction/27297,st_struct_buried_splice_location/3885
ug_route/241999,OSP:FBSP::11067147,st_struct_pedestal/92215,building/66860
ug_route/242000,OSP:BUSP::13014351,st_struct_pedestal/92693,mywcom_route_junction/27670
ug_route/242001,OSP:BUSP::8382853,building/67937,building/67349
ug_route/242002,OSP:BUSP::10799226,st_struct_pedestal/91372,building/67279
ug_route/242003,OSP:BUSP::11474135,mywcom_route_junction/27163,st_struct_pedestal/93056
ug_route/242004,OSP:BUSP::11330109,st_struct_pedestal/90597,st_struct_vault/2762
ug_route/242005,OSP:BUSP:C636641,st_struct_pedestal/92765,pole/52818
ug_route/242006,OSP:BUSP:C710754,st_struct_pedestal/93824,st_struct_pedestal/91818
ug_route/242007,OSP:FBSP:C656402,mywcom_route_junction/27874,building/66527
ug_route/242008,OSP:BUSP::10689782,cabinet/2768,st_struct_pedestal/93730
ug_route/242009,OSP:FBSP:C668819,st_struct_pedestal/90651,building/68478
ug_route/242010,OSP:BUSP::10763702,pole/53832,building/67244
ug_route/242011,OSP:BUSP::14262648,mywcom_route_junction/27433,mywcom_route_junction/27143
ug_route/242012,OSP:BUSP::7723334,pole/53223,cabinet/2846
ug_route/242013,OSP:BUSP::11474141,st_struct_vault/2717,st_struct_vault/2738
ug_route/242014,OSP:BUSP:C707096,mywcom_route_junction/27523,st_struct_buried_splice_location/3976
ug_route/242015,OSP:BUSP::13894998,st_struct_pedestal/93355,pole/53770
ug_route/242016,OSP:FBSP::14399301,mywcom_route_junction/27177,building/67007
ug_route/242017,OSP:FBSP::12052116,st_struct_pedestal/90612,mywcom_route_junction/27280
ug_route/242018,OSP:BUSP::16795524,pole/54158,building/67835
ug_route/242019,OSP:BUSP:C705957,st_struct_pedestal/91254,building/67930
ug_route/242020,OSP:BUSP:C708188,st_struct_buried_splice_location/3966,st_struct_pedestal/90722
ug_route/242021,OSP:BUSP:C654999,mywcom_route_junction/27692,mywcom_route_junction/27336
ug_route/242022,OSP:BUSP::11060980,st_struct_pedestal/93175,mywcom_route_junction/27630
ug_route/242023,OSP:BUSP::15977534,pole/52978,building/66614
ug_route/242024,OSP:BUSP::10764372,pole/53422,building/68559
ug_route/242025,OSP:BUSP:C658009,st_struct_pedestal/91463,building/66125
ug_route/242026,OSP:BUSP::15995447,pole/53943,mywcom_route_junction/27361
ug_route/242027,OSP:BUSP::8439825,cabinet/2789,cabinet/2769
ug_route/242028,OSP:FBSP::13051384,mywcom_route_junction/27425,building/67136
ug_route/242029,OSP:FBSP::13885368,st_struct_pedestal/92752,mywcom_route_junction/27967
ug_route/242030,OSP:FBSP::8885254,st_struct_pedestal/91234,building/66792
ug_route/242031,OSP:BUSP::10763700,pole/52558,building/67129
ug_route/242032,OSP:FBSP::15345844,pole/53525,building/66796
ug_route/242033,OSP:FBSP::8587340,st_struct_pedestal/92412,building/68765
ug_route/242034,OSP:BUSP:C711940,mywcom_route_junction/27384,mywcom_route_junction/27477
ug_route/242035,OSP:FBSP::10566021,pole/52478,building/67516
ug_route/242036,OSP:CHOLE::16950660,st_struct_vault/2749,mywcom_route_junction/28139
ug_route/242037,OSP:FBSP::12053008,st_struct_pedestal/92748,mywcom_route_junction/27669
ug_route/242038,OSP:FBSP::10566022,pole/54165,building/68635
ug_route/242039,OSP:BUSP::9433480,st_struct_pedestal/92359,mywcom_route_junction/27537
ug_route/242040,OSP:FBSP::8501577,st_struct_pedestal/93865,building/68835
ug_route/242041,OSP:FBSP::12053073,st_struct_pedestal/93509,building/68585
ug_route/242042,OSP:FBSP::12053038,st_struct_pedestal/93819,mywcom_route_junction/27730
ug_route/242043,OSP:BUSP:C657851,st_struct_pedestal/93469,building/67852
ug_route/242044,OSP:BUSP::9311256,building/68035,pole/52808
ug_route/242045,OSP:FBSP:C710176,building/68230,building/68499
ug_route/242046,OSP:BUSP::8575838,mywcom_route_junction/27491,st_struct_pedestal/94112
ug_route/242047,OSP:BUSP::8634712,st_struct_pedestal/90676,st_struct_pedestal/94258
ug_route/242048,OSP:FBSP::11892164,st_struct_pedestal/91327,building/68094
ug_route/242049,OSP:FBSP::9504533,mywcom_route_junction/27508,mywcom_route_junction/27985
ug_route/242050,OSP:FBSP::10345591,st_struct_pedestal/91854,building/68242
ug_route/242051,OSP:BUSP:C667604,mywcom_route_junction/27241,st_struct_pedestal/92657
ug_route/242052,OSP:BUSP:C667310,pole/52404,st_struct_pedestal/92854
ug_route/242053,OSP:FBSP:C639511,mywcom_route_junction/27636,st_struct_pedestal/92357
ug_route/242054,OSP:FBSP:C666360,st_struct_pedestal/94095,building/66703
ug_route/242055,OSP:BUSP::10799220,st_struct_pedestal/92180,building/68043
ug_route/242056,OSP:BUSP::10799222,st_struct_pedestal/90545,building/67547
ug_route/242057,OSP:FBSP:C643152,st_struct_pedestal/92359,mywcom_route_junction/28141
ug_route/242058,OSP:FBSP:C711663,st_struct_pedestal/93364,mywcom_route_junction/27839
ug_route/242059,OSP:FBSP:C667623,pole/52997,building/68221
ug_route/242060,OSP:BUSP:C708027,st_struct_pedestal/90780,st_struct_pedestal/91489
ug_route/242061,OSP:FBSP::13678334,st_struct_pedestal/91388,mywcom_route_junction/27495
ug_route/242062,OSP:BUSP::8490694,st_struct_pedestal/91425,building/68530
ug_route/242063,OSP:BUSP:C668365,st_struct_pedestal/93716,pole/54510
ug_route/242064,OSP:BUSP::10930740,st_struct_pedestal/93130,building/67200
ug_route/242065,OSP:FORSP::16955877,st_struct_vault/2731,cabinet/2829
ug_route/242066,OSP:BUSP::10929556,st_struct_pedestal/93451,building/67243
ug_route/242067,OSP:FBSP::8449412,mywcom_route_junction/27640,building/66945
ug_route/242068,OSP:FBSP:C661779,mywcom_route_junction/27776,building/68599
ug_route/242069,OSP:BUSP::10799228,st_struct_pedestal/90741,building/67769
ug_route/242070,OSP:BUSP::10679220,pole/53707,building/67569
ug_route/242071,OSP:FBSP:C653383,st_struct_buried_splice_location/3985,building/68337
ug_route/242072,OSP:BUSP::10709940,st_struct_pedestal/91131,building/66136
ug_route/242073,OSP:FORSP:C646088,mywcom_route_junction/27176,pole/53270
ug_route/242074,OSP:BUSP:C648438,st_struct_pedestal/91016,mywcom_route_junction/27823
ug_route/242075,OSP:BUSP::10664849,mywcom_route_junction/27781,pole/54103
ug_route/242076,OSP:BUSP::10693316,st_struct_pedestal/93730,cabinet/2768
ug_route/242077,OSP:BUSP:C657083,building/68334,building/66364
ug_route/242078,OSP:BUSP::16040272,mywcom_route_junction/27712,mywcom_route_junction/27733
ug_route/242079,OSP:FBSP::12052999,mywcom_route_junction/27251,st_struct_pedestal/94269
ug_route/242080,OSP:BUSP:C657717,st_struct_pedestal/93779,pole/53594
ug_route/242081,OSP:BUSP::9531707,st_struct_pedestal/92233,mywcom_route_junction/27615
ug_route/242082,OSP:BUSP::15969235,st_struct_pedestal/91375,building/68468
ug_route/242083,OSP:BUSP:C670088,st_struct_pedestal/92877,mywcom_route_junction/27516
ug_route/242084,OSP:FORSP::16953225,mywcom_route_junction/27176,st_struct_vault/2757
ug_route/242085,OSP:FBSP:C661091,st_struct_pedestal/94257,building/66612
ug_route/242086,OSP:FBSP::12053363,building/67512,mywcom_route_junction/27800
ug_route/242087,OSP:BUSP::10638815,st_struct_pedestal/90588,building/68673
ug_route/242088,OSP:BUSP:C667927,st_struct_buried_splice_location/3928,mywcom_route_junction/27924
ug_route/242089,OSP:FBSP:C650073,st_struct_pedestal/91915,building/67171
ug_route/242090,OSP:FBSP:C653375,st_struct_pedestal/92000,building/68337
ug_route/242091,OSP:BUSP::8448780,pole/52859,st_struct_pedestal/90613
ug_route/242092,OSP:FBSP:C652643,pole/54451,building/66929
ug_route/242093,OSP:BUSP::8435363,st_struct_pedestal/93862,mywcom_route_junction/27283
ug_route/242094,OSP:FBSP::8574878,mywcom_route_junction/27841,mywcom_route_junction/28172
ug_route/242095,OSP:FBSP::16865866,st_struct_pedestal/92862,building/67580
ug_route/242096,OSP:FBSP::13678332,st_struct_pedestal/91388,mywcom_route_junction/27762
ug_route/242097,OSP:FBSP::13885366,mywcom_route_junction/28077,building/68151
ug_route/242098,OSP:FBSP:C652626,pole/54111,building/68748
ug_route/242099,OSP:FBSP:C652879,building/67576,building/66259
ug_route/242100,OSP:BUSP::10771398,st_struct_pedestal/91430,building/67245
ug_route/242101,OSP:FBSP:C639772,st_struct_pedestal/90762,st_struct_pedestal/93490
ug_route/242102,OSP:FBSP:C657084,building/68334,building/66364
ug_route/242103,OSP:FBSP::13678336,st_struct_pedestal/93355,st_struct_pedestal/91388
ug_route/242104,OSP:BUSP::9465160,cabinet/2816,st_struct_pedestal/92592
ug_route/242105,OSP:BUSP::15969221,st_struct_pedestal/93698,building/67265
ug_route/242106,OSP:BUSP::14449845,st_struct_pedestal/93968,building/66675
ug_route/242107,OSP:BUSP::15970488,st_struct_pedestal/93364,building/68296
ug_route/242108,OSP:BUSP::10272182,st_struct_pedestal/91970,st_struct_pedestal/91136
ug_route/242109,OSP:FBSP::12052117,mywcom_route_junction/27280,mywcom_route_junction/27206
ug_route/242110,OSP:FBSP:C705537,mywcom_route_junction/27092,mywcom_route_junction/27547
ug_route/242111,OSP:BUSP::9550279,mywcom_route_junction/27531,st_struct_pedestal/92125
ug_route/242112,OSP:FBSP:C706978,mywcom_route_junction/27605,mywcom_route_junction/27862
ug_route/242113,OSP:FBSP::8587981,st_struct_pedestal/90853,mywcom_route_junction/27442
ug_route/242114,OSP:BUSP::11958018,building/68847,st_struct_pedestal/92761
ug_route/242115,OSP:BUSP::10851703,pole/54111,building/68748
ug_route/242116,OSP:BUSP::9493774,mywcom_route_junction/27325,st_struct_pedestal/94016
ug_route/242117,OSP:BUSP:C708393,pole/54035,mywcom_route_junction/27166
ug_route/242118,OSP:BUSP::10645034,st_struct_pedestal/91915,building/67171
ug_route/242119,OSP:FBSP:C711649,mywcom_route_junction/27820,st_struct_pedestal/93298
ug_route/242120,OSP:FBSP:C661781,st_struct_pedestal/93881,building/67741
ug_route/242121,OSP:BUSP::10799224,st_struct_pedestal/90545,building/66525
ug_route/242122,OSP:BUSP::9531061,mywcom_route_junction/28135,st_struct_pedestal/92578
ug_route/242123,OSP:FBSP:C651647,mywcom_route_junction/27126,st_struct_pedestal/92578
ug_route/242124,OSP:BUSP::9552543,st_struct_pedestal/93300,mywcom_route_junction/28145
ug_route/242125,OSP:BUSP:C667266,st_struct_pedestal/92251,st_struct_pedestal/91541
ug_route/242126,OSP:BUSP:C667595,st_struct_pedestal/93495,st_struct_pedestal/91179
ug_route/242127,OSP:BUSP::11329781,st_struct_pedestal/91848,st_struct_pedestal/92293
ug_route/242128,OSP:FORSP::16943303,st_struct_vault/2734,mywcom_route_junction/27674
ug_route/242129,OSP:FBSP::17062027,st_struct_pedestal/93589,cabinet/2825
ug_route/242130,OSP:BUSP::8575504,cabinet/2825,st_struct_pedestal/93589
ug_route/242131,OSP:FBSP::12053063,building/68643,st_struct_pedestal/91548
ug_route/242132,OSP:FBSP:C644366,mywcom_route_junction/28053,st_struct_pedestal/94016
ug_route/242133,OSP:FBSP::8489747,pole/54482,building/67840
ug_route/242134,OSP:BUSP::10682472,pole/54182,building/67294
ug_route/242135,OSP:BUSP:C710165,st_struct_buried_splice_location/3879,st_struct_pedestal/92916
ug_route/242136,OSP:FBSP::12053056,mywcom_route_junction/28177,mywcom_route_junction/27154
ug_route/242137,OSP:BUSP:C658756,building/67165,mywcom_route_junction/28116
ug_route/242138,OSP:FBSP:C704915,mywcom_route_junction/27194,st_struct_pedestal/93300
ug_route/242139,OSP:BUSP::10669623,building/67242,pole/53598
ug_route/242140,OSP:BUSP:C641154,st_struct_pedestal/91139,building/66142
ug_route/242141,OSP:FBSP:C647615,st_struct_pedestal/90588,building/68673
ug_route/242142,OSP:BUSP::15350970,st_struct_pedestal/94140,mywcom_route_junction/27851
ug_route/242143,OSP:FBSP:C661774,mywcom_route_junction/27587,building/66358
ug_route/242144,OSP:BUSP:C652044,st_struct_pedestal/92186,building/67999
ug_route/242145,OSP:FBSP:C711675,mywcom_route_junction/28067,building/66824
ug_route/242146,OSP:BUSP:C667165,st_struct_pedestal/91260,st_struct_pedestal/93526
ug_route/242147,OSP:FBSP:C667728,st_struct_pedestal/91871,building/68555
ug_route/242148,OSP:BUSP::8712154,mywcom_route_junction/27795,mywcom_route_junction/27958
ug_route/242149,OSP:FBSP::12052119,building/67560,mywcom_route_junction/27311
ug_route/242150,OSP:FBSP:C651798,mywcom_route_junction/27333,mywcom_route_junction/27952
ug_route/242151,OSP:FBSP:C639535,st_struct_pedestal/92075,building/68554
ug_route/242152,OSP:BUSP::9532354,st_struct_pedestal/91983,mywcom_route_junction/27919
ug_route/242153,OSP:BUSP::16532405,mywcom_route_junction/27796,mywcom_route_junction/28225
ug_route/242154,OSP:BUSP::8436978,pole/52604,building/68534
ug_route/242155,OSP:BUSP:C705520,st_struct_pedestal/91478,st_struct_pedestal/90614
ug_route/242156,OSP:FBSP:C659064,mywcom_route_junction/27118,mywcom_route_junction/27239
ug_route/242157,OSP:BUSP:C660190,st_struct_pedestal/91787,building/66817
ug_route/242158,OSP:BUSP::10763706,pole/54362,building/68011
ug_route/242159,OSP:FBSP::10943540,building/68798,st_struct_pedestal/90881
ug_route/242160,OSP:FBSP:C647561,st_struct_pedestal/93754,building/67294
ug_route/242161,OSP:BUSP::10718276,pole/53944,building/67169
ug_route/242162,OSP:FBSP::17062028,cabinet/2825,mywcom_route_junction/27405
ug_route/242163,OSP:BUSP::10684676,pole/52770,building/66228
ug_route/242164,OSP:BUSP:C663159,cabinet/2772,st_struct_buried_splice_location/3900
ug_route/242165,OSP:BUSP:C711817,st_struct_pedestal/93574,st_struct_pedestal/93932
ug_route/242166,OSP:BUSP::8348941,st_struct_pedestal/92437,st_struct_pedestal/91214
ug_route/242167,OSP:BUSP:C641685,pole/54212,st_struct_buried_splice_location/3916
ug_route/242168,OSP:FBSP::7635364,pole/52874,building/68497
ug_route/242169,OSP:FBSP::10550045,mywcom_route_junction/27351,st_struct_pedestal/91089
ug_route/242170,OSP:FBSP:C651580,mywcom_route_junction/28097,st_struct_pedestal/91983
ug_route/242171,OSP:BUSP::8713443,mywcom_route_junction/27507,st_struct_pedestal/93916
ug_route/242172,OSP:BUSP:C665152,mywcom_route_junction/27638,st_struct_pedestal/93050
ug_route/242173,OSP:BUSP::8382859,mywcom_route_junction/27549,mywcom_route_junction/28198
ug_route/242174,OSP:FBSP::8491013,st_struct_pedestal/90840,building/68052
ug_route/242175,OSP:FBSP:C640948,pole/53652,building/68793
ug_route/242176,OSP:BUSP:C665137,mywcom_route_junction/27737,st_struct_pedestal/92081
ug_route/242177,OSP:BUSP:C665098,mywcom_route_junction/27267,st_struct_pedestal/93043
ug_route/242178,OSP:BUSP::13712244,st_struct_pedestal/94304,mywcom_route_junction/27995
ug_route/242179,OSP:FORSP::14956740,st_struct_vault/2746,mywcom_route_junction/27686
ug_route/242180,OSP:BUSP::10445300,mywcom_route_junction/28131,mywcom_route_junction/28153
ug_route/242181,OSP:BUSP:C649206,pole/52815,st_struct_pedestal/90837
ug_route/242182,OSP:BUSP:C667606,st_struct_pedestal/90738,st_struct_pedestal/93587
ug_route/242183,OSP:FBSP:C645884,st_struct_pedestal/92017,building/68069
ug_route/242184,OSP:FBSP:C645740,st_struct_pedestal/92233,mywcom_route_junction/27108
ug_route/242185,OSP:FBSP::11797189,st_struct_pedestal/94198,mywcom_route_junction/27306
ug_route/242186,OSP:BUSP::9275654,mywcom_route_junction/28103,pole/53003
ug_route/242187,OSP:BUSP::8336140,st_struct_pedestal/94192,st_struct_pedestal/93396
ug_route/242188,OSP:FBSP::12053060,building/68312,mywcom_route_junction/27659
ug_route/242189,OSP:FBSP:C643163,st_struct_pedestal/92805,mywcom_route_junction/27852
ug_route/242190,OSP:BUSP::8607817,mywcom_route_junction/27974,mywcom_route_junction/27513
ug_route/242191,OSP:BUSP::11330111,st_struct_pedestal/93751,mywcom_route_junction/27371
ug_route/242192,OSP:BUSP::9447575,st_struct_pedestal/93007,st_struct_pedestal/93467
ug_route/242193,OSP:FORSP::16953223,st_struct_vault/2778,mywcom_route_junction/27215
ug_route/242194,OSP:BUSP::10693318,pole/53652,building/68793
ug_route/242195,OSP:FBSP:C648221,st_struct_pedestal/93581,building/67264
ug_route/242196,OSP:BUSP:C643945,st_struct_pedestal/91835,mywcom_route_junction/28114
ug_route/242197,OSP:BUSP::16532408,st_struct_buried_splice_location/3911,st_struct_pedestal/94079
ug_route/242198,OSP:FBSP:C651815,st_struct_pedestal/91730,mywcom_route_junction/28082
ug_route/242199,OSP:BUSP::8403338,mywcom_route_junction/27406,pole/52537
ug_route/242200,OSP:FORSP:C646237,mywcom_route_junction/27201,pole/54411
ug_route/242201,OSP:BUSP:C654086,st_struct_pedestal/91093,mywcom_route_junction/28049
ug_route/242202,OSP:BUSP::11470916,st_struct_pedestal/90650,mywcom_route_junction/27403
ug_route/242203,OSP:FBSP:C706965,mywcom_route_junction/27159,mywcom_route_junction/27971
ug_route/242204,OSP:BUSP::10693663,st_struct_pedestal/92017,building/68069
ug_route/242205,OSP:BUSP::17032932,mywcom_route_junction/27770,mywcom_route_junction/27935
ug_route/242206,OSP:BUSP::11330105,st_struct_pedestal/91717,st_struct_pedestal/90597
ug_route/242207,OSP:BUSP::11331392,st_struct_pedestal/91107,pole/54381
ug_route/242208,OSP:FBSP:C642392,mywcom_route_junction/27636,st_struct_pedestal/93257
ug_route/242209,OSP:BUSP:C644185,st_struct_pedestal/90759,st_struct_pedestal/94199
ug_route/242210,OSP:BUSP::16040276,mywcom_route_junction/27095,building/67299
ug_route/242211,OSP:BUSP::10852342,pole/53768,building/68374
ug_route/242212,OSP:BUSP:C650848,st_struct_pedestal/91154,st_struct_buried_splice_location/3913
ug_route/242213,OSP:BUSP::10689781,st_struct_pedestal/92645,st_struct_pedestal/93996
ug_route/242214,OSP:BUSP::8603982,st_struct_pedestal/91371,pole/53148
ug_route/242215,OSP:BUSP::10756984,st_struct_pedestal/94078,building/68711
ug_route/242216,OSP:FBSP:C667976,st_struct_pedestal/92430,building/66889
ug_route/242217,OSP:BUSP::9465505,st_struct_pedestal/92117,mywcom_route_junction/27968
ug_route/242218,OSP:BUSP::16694688,mywcom_route_junction/27418,mywcom_route_junction/27907
ug_route/242219,OSP:FBSP:C644502,mywcom_route_junction/27542,st_struct_pedestal/91021
ug_route/242220,OSP:BUSP::9496187,st_struct_pedestal/91938,st_struct_pedestal/93640
ug_route/242221,OSP:BUSP::8437270,pole/53484,building/67256
ug_route/242222,OSP:FBSP:C711686,mywcom_route_junction/27649,building/68468
ug_route/242223,OSP:BUSP::10693320,pole/53749,building/68186
ug_route/242224,OSP:FBSP:C644355,st_struct_pedestal/93521,st_struct_pedestal/93068
ug_route/242225,OSP:BUSP::11474132,st_struct_pedestal/93749,mywcom_route_junction/27443
ug_route/242226,OSP:FBSP:C658108,st_struct_pedestal/93983,mywcom_route_junction/27777
ug_route/242227,OSP:BUSP::10690440,st_struct_pedestal/92645,st_struct_pedestal/93996
ug_route/242228,OSP:BUSP::8381892,st_struct_pedestal/93930,st_struct_pedestal/91750
ug_route/242229,OSP:FBSP::12051826,mywcom_route_junction/27679,mywcom_route_junction/27216
ug_route/242230,OSP:BUSP::16057530,st_struct_pedestal/90871,building/66588
ug_route/242231,OSP:BUSP::8348942,st_struct_pedestal/91214,st_struct_pedestal/93155
ug_route/242232,OSP:FBSP:C705660,st_struct_pedestal/91019,mywcom_route_junction/27760
ug_route/242233,OSP:BUSP:C658753,mywcom_route_junction/28116,pole/53941
ug_route/242234,OSP:FBSP::10638769,mywcom_route_junction/28160,mywcom_route_junction/27802
ug_route/242235,OSP:FBSP::13678330,st_struct_pedestal/91388,building/68674
ug_route/242236,OSP:BUSP::11470323,st_struct_pedestal/93258,mywcom_route_junction/28143
ug_route/242237,OSP:BUSP:C667602,st_struct_pedestal/93060,st_struct_pedestal/92824
ug_route/242238,OSP:FBSP::10644055,st_struct_pedestal/91366,building/66932
ug_route/242239,OSP:BUSP::10636660,pole/53387,building/66310
ug_route/242240,OSP:BUSP::10756993,st_struct_pedestal/91668,building/67426
ug_route/242241,OSP:BUSP::8436970,st_struct_pedestal/90979,building/66366
ug_route/242242,OSP:BUSP:C671341,mywcom_route_junction/27481,mywcom_route_junction/27969
ug_route/242243,OSP:BUSP:C639506,st_struct_pedestal/93929,st_struct_pedestal/92885
ug_route/242244,OSP:BUSP::16771819,st_struct_pedestal/91796,mywcom_route_junction/27118
ug_route/242245,OSP:FBSP:C662329,st_struct_pedestal/92122,building/67012
ug_route/242246,OSP:FBSP:C652531,pole/53903,building/68687
ug_route/242247,OSP:BUSP:C652654,st_struct_pedestal/91354,st_struct_pedestal/91628
ug_route/242248,OSP:FBSP:C706968,mywcom_route_junction/27905,mywcom_route_junction/27774
ug_route/242249,OSP:FBSP:C650355,st_struct_pedestal/92388,building/66444
ug_route/242250,OSP:FBSP::12052118,st_struct_pedestal/90612,building/68191
ug_route/242251,OSP:BUSP::9379060,pole/52874,mywcom_route_junction/28207
ug_route/242252,OSP:FBSP:C651636,st_struct_pedestal/93902,st_struct_pedestal/91040
ug_route/242253,OSP:FBSP:C643167,st_struct_pedestal/91135,mywcom_route_junction/28047
ug_route/242254,OSP:FBSP:C704353,mywcom_route_junction/27473,st_struct_pedestal/91299
ug_route/242255,OSP:BUSP::14906821,st_struct_pedestal/90979,building/66366
ug_route/242256,OSP:BUSP:C644188,st_struct_pedestal/90759,st_struct_pedestal/94199
ug_route/242257,OSP:FBSP:C650368,st_struct_pedestal/93269,building/68050
ug_route/242258,OSP:BUSP::10271227,pole/52964,st_struct_pedestal/91892
ug_route/242259,OSP:BUSP:C671344,mywcom_route_junction/27096,mywcom_route_junction/27990
ug_route/242260,OSP:FBSP:C650440,st_struct_pedestal/90951,building/67856
ug_route/242261,OSP:BUSP:C648421,st_struct_pedestal/92041,mywcom_route_junction/27316
ug_route/242262,OSP:BUSP:C651422,st_struct_pedestal/92715,st_struct_pedestal/93658
ug_route/242263,OSP:BUSP::8382546,pole/53995,building/66231
ug_route/242264,OSP:BUSP::9493771,st_struct_pedestal/93521,st_struct_pedestal/93068
ug_route/242265,OSP:BUSP:C659742,st_struct_pedestal/93423,building/66432
ug_route/242266,OSP:FBSP:C669123,st_struct_pedestal/90894,building/66779
ug_route/242267,OSP:BUSP::9691716,st_struct_pedestal/93116,mywcom_route_junction/27250
ug_route/242268,OSP:FBSP::12052122,building/68801,mywcom_route_junction/27918
ug_route/242269,OSP:BUSP::10661625,st_struct_pedestal/93693,building/66135
ug_route/242270,OSP:BUSP::9532663,st_struct_pedestal/91021,mywcom_route_junction/27289
ug_route/242271,OSP:FBSP::8575835,mywcom_route_junction/27852,mywcom_route_junction/27797
ug_route/242272,OSP:FBSP:C644294,st_struct_pedestal/92933,st_struct_pedestal/93762
ug_route/242273,OSP:BUSP::8384136,mywcom_route_junction/28086,building/68689
ug_route/242274,OSP:BUSP:C661745,building/66901,building/68553
ug_route/242275,OSP:BUSP::8586061,st_struct_pedestal/93884,mywcom_route_junction/27401
ug_route/242276,OSP:BUSP::10711552,st_struct_pedestal/91384,building/67083
ug_route/242277,OSP:BUSP:C661776,mywcom_route_junction/27587,st_struct_pedestal/91612
ug_route/242278,OSP:BUSP::8712457,mywcom_route_junction/27578,mywcom_route_junction/27329
ug_route/242279,OSP:BUSP::10273176,st_struct_pedestal/91136,st_struct_pedestal/91413
ug_route/242280,OSP:FBSP::8346081,st_struct_pedestal/92717,st_struct_pedestal/91005
ug_route/242281,OSP:BUSP::15966973,st_struct_pedestal/92122,building/67012
ug_route/242282,OSP:BUSP:C661780,mywcom_route_junction/27776,st_struct_pedestal/93881
ug_route/242283,OSP:BUSP:C667910,st_struct_pedestal/93328,mywcom_route_junction/27112
ug_route/242284,OSP:FBSP:C651864,st_struct_pedestal/93464,building/67659
ug_route/242285,OSP:FBSP:C652974,pole/52223,building/68156
ug_route/242286,OSP:FBSP:C704350,mywcom_route_junction/27714,st_struct_pedestal/92942
ug_route/242287,OSP:BUSP::8400465,pole/52926,st_struct_pedestal/92000
ug_route/242288,OSP:BUSP:C711829,mywcom_route_junction/27688,mywcom_route_junction/27614
ug_route/242289,OSP:BUSP::9453953,st_struct_pedestal/94138,st_struct_pedestal/91135
ug_route/242290,OSP:BUSP::9531065,st_struct_pedestal/91040,st_struct_pedestal/93902
ug_route/242291,OSP:BUSP:C656848,mywcom_route_junction/28226,mywcom_route_junction/27432
ug_route/242292,OSP:FBSP:C706057,st_struct_pedestal/91452,building/66685
ug_route/242293,OSP:FBSP::10638320,mywcom_route_junction/28075,mywcom_route_junction/27858
ug_route/242294,OSP:BUSP::9489462,mywcom_route_junction/27338,st_struct_pedestal/91041
ug_route/242295,OSP:BUSP:C656343,st_struct_pedestal/91134,st_struct_pedestal/93186
ug_route/242296,OSP:FBSP:C646142,st_struct_pedestal/91688,st_struct_pedestal/93977
ug_route/242297,OSP:BUSP::9506437,st_struct_pedestal/93929,st_struct_pedestal/92885
ug_route/242298,OSP:FBSP::14203130,st_struct_pedestal/91543,st_struct_pedestal/90842
ug_route/242299,OSP:BUSP:C658010,st_struct_pedestal/91463,building/66298
ug_route/242300,OSP:FBSP:C646170,st_struct_pedestal/92010,st_struct_pedestal/90717
ug_route/242301,OSP:FBSP:C652759,pole/53768,building/68593
ug_route/242302,OSP:BUSP::15350325,st_struct_pedestal/90894,building/66779
ug_route/242303,OSP:BUSP::17101126,st_struct_pedestal/91466,mywcom_route_junction/28002
ug_route/242304,OSP:FBSP:C643387,st_struct_pedestal/94096,st_struct_pedestal/93616
ug_route/242305,OSP:BUSP::16735356,mywcom_route_junction/27742,mywcom_route_junction/27419
ug_route/242306,OSP:BUSP:C643761,building/66927,st_struct_pedestal/92370
ug_route/242307,OSP:BUSP::10689805,st_struct_pedestal/93464,building/67659
ug_route/242308,OSP:FBSP::8489732,mywcom_route_junction/27854,building/68714
ug_route/242309,OSP:FBSP:C644275,mywcom_route_junction/27476,st_struct_pedestal/91041
ug_route/242310,OSP:FBSP::8576457,st_struct_pedestal/93997,building/67623
ug_route/242311,OSP:FBSP::8489736,st_struct_pedestal/91385,mywcom_route_junction/27785
ug_route/242312,OSP:BUSP::8436977,cabinet/2757,building/68534
ug_route/242313,OSP:BUSP:D8186372,mywcom_route_junction/28095,st_struct_pedestal/90786
ug_route/242314,OSP:FBSP::10638592,mywcom_route_junction/27858,mywcom_route_junction/27504
ug_route/242315,OSP:FBSP::12051913,mywcom_route_junction/27458,st_struct_pedestal/91477
ug_route/242316,OSP:BUSP:C665995,st_struct_pedestal/94285,mywcom_route_junction/27806
ug_route/242317,OSP:BUSP:C662095,mywcom_route_junction/28052,mywcom_route_junction/27161
ug_route/242318,OSP:BUSP::16040252,mywcom_route_junction/27666,mywcom_route_junction/27893
ug_route/242319,OSP:FBSP::8346079,st_struct_pedestal/91809,st_struct_pedestal/91147
ug_route/242320,OSP:FBSP::8415816,mywcom_route_junction/27347,st_struct_pedestal/90679
ug_route/242321,OSP:BUSP::16769864,st_struct_pedestal/92715,mywcom_route_junction/27213
ug_route/242322,OSP:BUSP:C652833,st_struct_pedestal/90958,building/67155
ug_route/242323,OSP:BUSP::16040279,mywcom_route_junction/27095,mywcom_route_junction/27953
ug_route/242324,OSP:FBSP:C705519,st_struct_pedestal/92775,st_struct_pedestal/91478
ug_route/242325,OSP:FBSP:C711674,mywcom_route_junction/27826,st_struct_pedestal/91375
ug_route/242326,OSP:BUSP::16788477,mywcom_route_junction/27970,mywcom_route_junction/27925
ug_route/242327,OSP:BUSP::10388363,st_struct_pedestal/90758,st_struct_pedestal/91943
ug_route/242328,OSP:BUSP::9440502,st_struct_pedestal/92476,mywcom_route_junction/27928
ug_route/242329,OSP:BUSP::8383518,mywcom_route_junction/27879,mywcom_route_junction/27607
ug_route/242330,OSP:FBSP:C643080,st_struct_pedestal/91145,st_struct_pedestal/93299
ug_route/242331,OSP:FBSP:C644281,mywcom_route_junction/27476,st_struct_pedestal/94114
ug_route/242332,OSP:FBSP::12051793,st_struct_pedestal/92072,st_struct_pedestal/90766
ug_route/242333,OSP:BUSP::11474140,st_struct_pedestal/93120,st_struct_vault/2717
ug_route/242334,OSP:FBSP::8588361,st_struct_pedestal/92066,st_struct_pedestal/93835
ug_route/242335,OSP:BUSP::10757302,mywcom_route_junction/28193,building/68097
ug_route/242336,OSP:BUSP::9489154,st_struct_pedestal/93762,st_struct_pedestal/92933
ug_route/242337,OSP:BUSP:C642492,st_struct_pedestal/93178,st_struct_pedestal/90715
ug_route/242338,OSP:BUSP::9421310,pole/52732,pole/53129
ug_route/242339,OSP:FBSP::9776500,st_struct_pedestal/94260,building/66694
ug_route/242340,OSP:BUSP:C708386,st_struct_pedestal/93059,mywcom_route_junction/28003
ug_route/242341,OSP:BUSP:C651766,cabinet/2796,mywcom_route_junction/27301
ug_route/242342,OSP:BUSP::8712152,mywcom_route_junction/28204,mywcom_route_junction/27941
ug_route/242343,OSP:FBSP::8950866,st_struct_pedestal/91969,st_struct_pedestal/91563
ug_route/242344,OSP:FBSP:C707471,pole/52901,mywcom_route_junction/27278
ug_route/242345,OSP:FBSP::8950857,st_struct_pedestal/93957,st_struct_pedestal/93332
ug_route/242346,OSP:BUSP::8576464,mywcom_route_junction/27287,pole/54294
ug_route/242347,OSP:FBSP:C644503,mywcom_route_junction/27542,st_struct_pedestal/93540
ug_route/242348,OSP:BUSP::10865522,pole/53903,building/68653
ug_route/242349,OSP:BUSP:C658167,mywcom_route_junction/27909,st_struct_pedestal/92117
ug_route/242350,OSP:FBSP::10638582,mywcom_route_junction/27496,building/67699
ug_route/242351,OSP:BUSP::9453940,st_struct_pedestal/91080,st_struct_pedestal/93454
ug_route/242352,OSP:BUSP:C665089,mywcom_route_junction/27705,st_struct_pedestal/92203
ug_route/242353,OSP:BUSP::8364614,st_struct_pedestal/91078,building/66306
ug_route/242354,OSP:FBSP:C646118,st_struct_pedestal/94206,mywcom_route_junction/27620
ug_route/242355,OSP:BUSP::16057234,st_struct_pedestal/92782,st_struct_pedestal/92926
ug_route/242356,OSP:BUSP::8447501,st_struct_pedestal/91169,mywcom_route_junction/27978
ug_route/242357,OSP:FBSP::10638768,mywcom_route_junction/27998,building/67692
ug_route/242358,OSP:FBSP::8346073,st_struct_pedestal/93286,st_struct_pedestal/94286
ug_route/242359,OSP:BUSP::15472567,pole/52901,mywcom_route_junction/27278
ug_route/242360,OSP:FBSP:C639815,st_struct_pedestal/92326,st_struct_pedestal/92935
ug_route/242361,OSP:BUSP::17032072,st_struct_pedestal/91385,mywcom_route_junction/27855
ug_route/242362,OSP:FBSP::12051988,mywcom_route_junction/28216,mywcom_route_junction/27402
ug_route/242363,OSP:BUSP::15350659,building/66306,st_struct_pedestal/91078
ug_route/242364,OSP:FBSP:C671217,st_struct_pedestal/94040,building/67121
ug_route/242365,OSP:BUSP:C653689,st_struct_pedestal/92499,building/66701
ug_route/242366,OSP:FBSP:C656107,st_struct_pedestal/91097,st_struct_pedestal/93790
ug_route/242367,OSP:BUSP::9529783,st_struct_pedestal/92188,mywcom_route_junction/27217
ug_route/242368,OSP:FORSP:D8153716,mywcom_route_junction/27845,mywcom_route_junction/27408
ug_route/242369,OSP:FBSP::8346077,st_struct_pedestal/93894,st_struct_pedestal/91884
ug_route/242370,OSP:BUSP:C668824,st_struct_pedestal/91912,st_struct_pedestal/92923
ug_route/242371,OSP:BUSP::8447503,mywcom_route_junction/27978,mywcom_route_junction/28228
ug_route/242372,OSP:BUSP::8591176,cabinet/2820,pole/52291
ug_route/242373,OSP:BUSP::15969234,st_struct_pedestal/91375,building/66824
ug_route/242374,OSP:FBSP:C667703,pole/52572,building/68555
ug_route/242375,OSP:FBSP::8331984,st_struct_pedestal/92345,mywcom_route_junction/27320
ug_route/242376,OSP:FORSP::16943972,st_struct_vault/2764,mywcom_route_junction/27845
ug_route/242377,OSP:FBSP::13095323,pole/52324,building/68624
ug_route/242378,OSP:BUSP::16783620,mywcom_route_junction/27412,st_struct_pedestal/93977
ug_route/242379,OSP:BUSP::9691717,mywcom_route_junction/27250,st_struct_pedestal/92476
ug_route/242380,OSP:BUSP::9490780,st_struct_pedestal/92935,mywcom_route_junction/27308
ug_route/242381,OSP:BUSP::16788472,st_struct_pedestal/90717,mywcom_route_junction/27265
ug_route/242382,OSP:BUSP:C657357,st_struct_pedestal/94219,st_struct_pedestal/91737
ug_route/242383,OSP:FBSP::8415813,mywcom_route_junction/28079,mywcom_route_junction/28084
ug_route/242384,OSP:BUSP::16059126,pole/53853,mywcom_route_junction/27885
ug_route/242385,OSP:FBSP::8348293,mywcom_route_junction/27751,st_struct_pedestal/91335
ug_route/242386,OSP:FBSP::10638581,st_struct_pedestal/93006,mywcom_route_junction/27496
ug_route/242387,OSP:BUSP::11331072,st_struct_pedestal/92863,st_struct_vault/2719
ug_route/242388,OSP:BUSP:C665789,mywcom_route_junction/27468,st_struct_pedestal/92416
ug_route/242389,OSP:FBSP:C639528,st_struct_pedestal/92075,st_struct_pedestal/92867
ug_route/242390,OSP:FBSP:C668750,mywcom_route_junction/27259,mywcom_route_junction/28016
ug_route/242391,OSP:BUSP::10764342,st_struct_pedestal/92747,building/68540
ug_route/242392,OSP:BUSP::8366867,mywcom_route_junction/27249,mywcom_route_junction/27195
ug_route/242393,OSP:BUSP::9489461,st_struct_pedestal/94114,mywcom_route_junction/27338
ug_route/242394,OSP:FBSP:C711684,mywcom_route_junction/28067,mywcom_route_junction/27826
ug_route/242395,OSP:BUSP:C651037,mywcom_route_junction/28096,st_struct_pedestal/92188
ug_route/242396,OSP:BUSP::17032899,mywcom_route_junction/28029,mywcom_route_junction/28089
ug_route/242397,OSP:FBSP:C662288,st_struct_pedestal/94295,building/68662
ug_route/242398,OSP:FBSP:C711739,st_struct_pedestal/94318,mywcom_route_junction/27772
ug_route/242399,OSP:BUSP:C659990,st_struct_pedestal/90576,building/68090
ug_route/242400,OSP:BUSP:C640958,st_struct_pedestal/90564,building/66984
ug_route/242401,OSP:BUSP::9509318,mywcom_route_junction/27257,st_struct_pedestal/93059
ug_route/242402,OSP:BUSP::9148315,st_struct_pedestal/91737,st_struct_pedestal/94219
ug_route/242403,OSP:BUSP:C667724,mywcom_route_junction/27657,st_struct_pedestal/91871
ug_route/242404,OSP:FBSP:C662341,st_struct_pedestal/90742,building/67398
ug_route/242405,OSP:BUSP:C648455,pole/53355,st_struct_pedestal/92464
ug_route/242406,OSP:FBSP::12052983,st_struct_pedestal/91664,building/66250
ug_route/242407,OSP:FORSP::16954837,st_struct_vault/2745,cabinet/2849
ug_route/242408,OSP:FBSP:C651093,st_struct_pedestal/93188,st_struct_pedestal/93528
ug_route/242409,OSP:BUSP::9157574,st_struct_pedestal/94219,pole/54491
ug_route/242410,OSP:BUSP::10267110,st_struct_pedestal/93790,st_struct_pedestal/91097
ug_route/242411,OSP:BUSP::9532665,mywcom_route_junction/27289,st_struct_pedestal/93540
ug_route/242412,OSP:FBSP:C653411,st_struct_pedestal/92394,building/66774
ug_route/242413,OSP:FBSP:C667917,st_struct_pedestal/93122,building/67139
ug_route/242414,OSP:FBSP::11557350,st_struct_pedestal/90885,building/68538
ug_route/242415,OSP:BUSP::8383519,mywcom_route_junction/28213,mywcom_route_junction/27122
ug_route/242416,OSP:BUSP::8330692,st_struct_pedestal/94277,st_struct_pedestal/92253
ug_route/242417,OSP:BUSP::15976892,st_struct_pedestal/93327,building/67552
ug_route/242418,OSP:FBSP:C705494,st_struct_pedestal/93528,st_struct_pedestal/92136
ug_route/242419,OSP:FBSP:C644409,mywcom_route_junction/28122,st_struct_pedestal/93640
ug_route/242420,OSP:FBSP:C651677,st_struct_pedestal/93537,st_struct_pedestal/94180
ug_route/242421,OSP:FBSP::12053054,building/67105,mywcom_route_junction/28177
ug_route/242422,OSP:FBSP::7630310,pole/52435,st_struct_buried_splice_location/3940
ug_route/242423,OSP:FBSP:C639526,st_struct_pedestal/92689,st_struct_pedestal/92075
ug_route/242424,OSP:BUSP::17059973,st_struct_pedestal/90586,mywcom_route_junction/27994
ug_route/242425,OSP:FBSP:C704332,pole/54253,mywcom_route_junction/27110
ug_route/242426,OSP:FBSP:C704349,pole/53793,mywcom_route_junction/27714
ug_route/242427,OSP:FBSP:C704352,pole/52420,mywcom_route_junction/27473
ug_route/242428,OSP:FBSP:C670021,st_struct_pedestal/92284,building/68566
ug_route/242429,OSP:FBSP::13042378,pole/53360,pole/52395
ug_route/242430,OSP:FBSP::8433105,st_struct_pedestal/91073,building/67874
ug_route/242431,OSP:FBSP::12053036,mywcom_route_junction/27883,st_struct_pedestal/93819
ug_route/242432,OSP:FBSP:C667441,st_struct_pedestal/91687,st_struct_pedestal/91177
ug_route/242433,OSP:FBSP:C651550,mywcom_route_junction/28212,st_struct_pedestal/93121
ug_route/242434,OSP:BUSP::15126649,pole/53861,st_struct_pedestal/93010
ug_route/242435,OSP:BUSP:C655100,pole/52646,st_struct_pedestal/91027
ug_route/242436,OSP:FBSP:C644360,st_struct_pedestal/92199,mywcom_route_junction/28053
ug_route/242437,OSP:FORSP::13673534,mywcom_route_junction/27621,cabinet/2856
ug_route/242438,OSP:BUSP::10854581,st_struct_pedestal/90971,building/67303
ug_route/242439,OSP:FBSP:C708419,mywcom_route_junction/28045,st_struct_buried_splice_location/3906
ug_route/242440,OSP:FBSP::12052111,mywcom_route_junction/27381,mywcom_route_junction/27903
ug_route/242441,OSP:FBSP:C668634,mywcom_route_junction/27766,building/67799
ug_route/242442,OSP:BUSP:C657365,pole/53591,pole/54536
ug_route/242443,OSP:BUSP::11330107,st_struct_pedestal/91846,mywcom_route_junction/27371
ug_route/242444,OSP:FBSP:C705800,pole/54242,building/66488
ug_route/242445,OSP:BUSP::10781620,building/68660,mywcom_route_junction/28197
ug_route/242446,OSP:FBSP:C651169,pole/52471,building/68238
ug_route/242447,OSP:BUSP::10348340,st_struct_buried_splice_location/3952,st_struct_pedestal/93175
ug_route/242448,OSP:FBSP::12053045,building/66479,mywcom_route_junction/27154
ug_route/242449,OSP:FBSP:C710342,st_struct_pedestal/93036,st_struct_pedestal/94161
ug_route/242450,OSP:FBSP:C651973,pole/52495,building/66503
ug_route/242451,OSP:FBSP:C658204,st_struct_pedestal/91346,st_struct_pedestal/91006
ug_route/242452,OSP:BUSP:C707704,st_struct_pedestal/91655,st_struct_pedestal/91538
ug_route/242453,OSP:FBSP:C643187,st_struct_pedestal/93418,st_struct_pedestal/93534
ug_route/242454,OSP:FBSP::7635433,pole/53213,building/66250
ug_route/242455,OSP:FBSP::13702979,mywcom_route_junction/27202,building/67632
ug_route/242456,OSP:BUSP::9528184,st_struct_pedestal/93188,st_struct_pedestal/93528
ug_route/242457,OSP:FBSP::8572614,mywcom_route_junction/27448,st_struct_pedestal/93307
ug_route/242458,OSP:FBSP:C704910,st_struct_pedestal/92595,st_struct_pedestal/92674
ug_route/242459,OSP:BUSP:C711936,mywcom_route_junction/27687,mywcom_route_junction/28078
ug_route/242460,OSP:FBSP:C651488,st_struct_pedestal/93514,st_struct_pedestal/93134
ug_route/242461,OSP:BUSP::16988106,pole/54242,building/66488
ug_route/242462,OSP:FBSP::13692420,mywcom_route_junction/27426,st_struct_pedestal/93222
ug_route/242463,OSP:BUSP::11329785,st_struct_pedestal/93742,st_struct_pedestal/91810
ug_route/242464,OSP:FBSP::8434372,mywcom_route_junction/27431,building/67282
ug_route/242465,OSP:FBSP::8950861,st_struct_pedestal/93447,st_struct_pedestal/91085
ug_route/242466,OSP:FBSP:C654034,mywcom_route_junction/27547,building/66800
ug_route/242467,OSP:FBSP:C655983,st_struct_pedestal/92815,st_struct_pedestal/91104
ug_route/242468,OSP:BUSP::8345413,mywcom_route_junction/27098,st_struct_pedestal/93376
ug_route/242469,OSP:FBSP:C708079,pole/53428,building/68349
ug_route/242470,OSP:FBSP:C651251,st_struct_pedestal/91216,st_struct_pedestal/93953
ug_route/242471,OSP:FORSP:C645945,mywcom_route_junction/27724,pole/53141
ug_route/242472,OSP:BUSP:C670082,mywcom_route_junction/27660,st_struct_pedestal/92587
ug_route/242473,OSP:FBSP:C668822,st_struct_pedestal/91912,building/67309
ug_route/242474,OSP:FBSP:C662381,st_struct_pedestal/91073,building/67201
ug_route/242475,OSP:BUSP::15118991,st_struct_pedestal/94295,mywcom_route_junction/27394
ug_route/242476,OSP:FBSP:C662350,st_struct_pedestal/93327,building/67552
ug_route/242477,OSP:FBSP:C667463,st_struct_pedestal/92807,st_struct_pedestal/93141
ug_route/242478,OSP:BUSP::9528825,st_struct_pedestal/91687,st_struct_pedestal/91177
ug_route/242479,OSP:FBSP:C651516,mywcom_route_junction/27108,st_struct_pedestal/92409
ug_route/242480,OSP:BUSP::8448775,cabinet/2766,pole/52487
ug_route/242481,OSP:BUSP::11380149,pole/53113,building/67865
ug_route/242482,OSP:BUSP::8402715,st_struct_pedestal/93233,mywcom_route_junction/27498
ug_route/242483,OSP:FBSP:C644389,st_struct_pedestal/92349,building/67390
ug_route/242484,OSP:BUSP:C661630,st_struct_pedestal/91684,building/68155
ug_route/242485,OSP:FBSP:C644276,st_struct_pedestal/93510,mywcom_route_junction/27476
ug_route/242486,OSP:FBSP:C663635,st_struct_pedestal/91209,building/67867
ug_route/242487,OSP:BUSP:C661635,st_struct_pedestal/90807,building/68197
ug_route/242488,OSP:BUSP::10668996,st_struct_pedestal/94154,building/68627
ug_route/242489,OSP:BUSP::16048244,st_struct_pedestal/92084,building/68252
ug_route/242490,OSP:BUSP:D8186373,mywcom_route_junction/28082,st_struct_pedestal/90786
ug_route/242491,OSP:FBSP:C664516,st_struct_pedestal/90971,building/67303
ug_route/242492,OSP:BUSP::8434387,mywcom_route_junction/27188,mywcom_route_junction/28136
ug_route/242493,OSP:FBSP::12052091,building/68067,mywcom_route_junction/27632
ug_route/242494,OSP:BUSP::16040903,st_struct_pedestal/91472,building/68625
ug_route/242495,OSP:FBSP:C710194,pole/52952,st_struct_pedestal/93952
ug_route/242496,OSP:FBSP:C710368,mywcom_route_junction/27203,st_struct_pedestal/94267
ug_route/242497,OSP:FBSP:C643131,st_struct_pedestal/91396,mywcom_route_junction/27906
ug_route/242498,OSP:BUSP:C661103,st_struct_pedestal/93998,st_struct_pedestal/92548
ug_route/242499,OSP:BUSP::9433476,st_struct_pedestal/93418,st_struct_pedestal/93534
ug_route/242500,OSP:BUSP:C706096,st_struct_pedestal/94213,cabinet/2832
ug_route/242501,OSP:BUSP:C653484,st_struct_pedestal/91241,building/66345
ug_route/242502,OSP:BUSP::9465141,st_struct_pedestal/91006,st_struct_pedestal/91346
ug_route/242503,OSP:BUSP:C655467,mywcom_route_junction/27295,pole/53116
ug_route/242504,OSP:BUSP:C671010,mywcom_route_junction/27435,st_struct_pedestal/92632
ug_route/242505,OSP:BUSP::9531722,st_struct_pedestal/93514,st_struct_pedestal/93134
ug_route/242506,OSP:FBSP:C667925,st_struct_pedestal/93122,building/67139
ug_route/242507,OSP:FBSP:C651672,st_struct_pedestal/91405,st_struct_pedestal/92146
ug_route/242508,OSP:FBSP::13712582,mywcom_route_junction/28043,st_struct_vault/2783
ug_route/242509,OSP:BUSP::9531721,st_struct_pedestal/93107,st_struct_pedestal/93121
ug_route/242510,OSP:BUSP::16769451,st_struct_pedestal/91794,mywcom_route_junction/27279
ug_route/242511,OSP:BUSP::13514486,st_struct_pedestal/92178,st_struct_pedestal/92396
ug_route/242512,OSP:BUSP::9513475,st_struct_pedestal/94180,st_struct_pedestal/93537
ug_route/242513,OSP:FBSP:C667924,st_struct_pedestal/93122,building/67139
ug_route/242514,OSP:FBSP:C663374,st_struct_pedestal/93454,mywcom_route_junction/28163
ug_route/242515,OSP:BUSP::10669636,st_struct_pedestal/90896,building/67339
ug_route/242516,OSP:BUSP::9522425,st_struct_pedestal/91216,st_struct_pedestal/93953
ug_route/242517,OSP:BUSP:C656293,building/68557,st_struct_pedestal/92149
ug_route/242518,OSP:BUSP:C661036,st_struct_pedestal/92695,building/67876
ug_route/242519,OSP:FBSP::10345589,st_struct_pedestal/92365,st_struct_pedestal/90789
ug_route/242520,OSP:BUSP::15966965,pole/52875,building/67475
ug_route/242521,OSP:BUSP::14929852,st_struct_pedestal/91472,building/68625
ug_route/242522,OSP:BUSP::16783617,st_struct_pedestal/91736,mywcom_route_junction/27293
ug_route/242523,OSP:BUSP::9514111,st_struct_pedestal/92595,st_struct_pedestal/92674
ug_route/242524,OSP:BUSP::10756985,st_struct_pedestal/94078,building/66407
ug_route/242525,OSP:BUSP:C669971,st_struct_pedestal/91157,mywcom_route_junction/27773
ug_route/242526,OSP:BUSP::10618100,pole/53597,building/67424
ug_route/242527,OSP:FBSP:C667433,mywcom_route_junction/27879,st_struct_pedestal/91978
ug_route/242528,OSP:FORSP::16953228,st_struct_vault/2759,st_struct_pedestal/94283
ug_route/242529,OSP:BUSP:C658126,mywcom_route_junction/27196,mywcom_route_junction/27482
ug_route/242530,OSP:BUSP::8345417,st_struct_pedestal/93836,mywcom_route_junction/27397
ug_route/242531,OSP:BUSP::10638760,mywcom_route_junction/27637,building/67826
ug_route/242532,OSP:BUSP::8446859,st_struct_pedestal/91394,mywcom_route_junction/27180
ug_route/242533,OSP:FBSP::12053010,building/67419,mywcom_route_junction/28072
ug_route/242534,OSP:BUSP::9493773,st_struct_pedestal/92199,mywcom_route_junction/27325
ug_route/242535,OSP:BUSP::8383520,mywcom_route_junction/27091,mywcom_route_junction/27767
ug_route/242536,OSP:BUSP:C662116,mywcom_route_junction/27902,mywcom_route_junction/28026
ug_route/242537,OSP:FORSP::16956647,st_struct_vault/2748,pole/53040
ug_route/242538,OSP:FBSP:C711666,mywcom_route_junction/27839,mywcom_route_junction/27577
ug_route/242539,OSP:BUSP::9530107,st_struct_pedestal/91545,st_struct_pedestal/93273
ug_route/242540,OSP:BUSP:C668331,mywcom_route_junction/27634,mywcom_route_junction/27699
ug_route/242541,OSP:FBSP:C648347,pole/53851,building/67189
ug_route/242542,OSP:BUSP:C665166,mywcom_route_junction/27843,st_struct_buried_splice_location/3952
ug_route/242543,OSP:BUSP:C656372,mywcom_route_junction/27409,mywcom_route_junction/27722
ug_route/242544,OSP:BUSP::11470929,mywcom_route_junction/27163,st_struct_pedestal/91482
ug_route/242545,OSP:BUSP::9490815,st_struct_pedestal/93141,st_struct_pedestal/92807
ug_route/242546,OSP:FBSP::8586052,mywcom_route_junction/27158,mywcom_route_junction/27490
ug_route/242547,OSP:BUSP::7723335,pole/52730,mywcom_route_junction/27245
ug_route/242548,OSP:BUSP:C659076,mywcom_route_junction/27950,mywcom_route_junction/28144
ug_route/242549,OSP:BUSP::9497140,pole/52952,st_struct_pedestal/93952
ug_route/242550,OSP:FBSP::10594101,pole/54156,st_struct_pedestal/93766
ug_route/242551,OSP:FBSP::10638422,mywcom_route_junction/28010,building/67826
ug_route/242552,OSP:BUSP::8589288,st_struct_pedestal/92643,st_struct_pedestal/91492
ug_route/242553,OSP:FBSP:C651209,pole/52471,building/68238
ug_route/242554,OSP:BUSP:C667200,cabinet/2833,mywcom_route_junction/27810
ug_route/242555,OSP:BUSP::9513464,mywcom_route_junction/27213,st_struct_pedestal/91341
ug_route/242556,OSP:BUSP::7642388,cabinet/2781,cabinet/2795
ug_route/242557,OSP:BUSP::8330403,st_struct_pedestal/93519,st_struct_pedestal/93224
ug_route/242558,OSP:BUSP:C651379,st_struct_pedestal/93658,st_struct_pedestal/91341
ug_route/242559,OSP:FBSP:C711517,st_struct_pedestal/91209,building/67867
ug_route/242560,OSP:BUSP::16023607,pole/53051,building/68558
ug_route/242561,OSP:BUSP::9465839,st_struct_pedestal/92176,st_struct_pedestal/92802
ug_route/242562,OSP:BUSP::8374252,st_struct_pedestal/92988,building/66356
ug_route/242563,OSP:BUSP::16012099,pole/54026,mywcom_route_junction/27963
ug_route/242564,OSP:BUSP::16754884,st_struct_buried_splice_location/3886,st_struct_pedestal/92974
ug_route/242565,OSP:FBSP:C668742,mywcom_route_junction/27268,building/66714
ug_route/242566,OSP:BUSP::9432822,st_struct_pedestal/93299,st_struct_pedestal/91145
ug_route/242567,OSP:FBSP::11652661,cabinet/2857,st_struct_pedestal/92331
ug_route/242568,OSP:FBSP::12053044,building/67685,mywcom_route_junction/27429
ug_route/242569,OSP:FBSP:C667467,st_struct_pedestal/92004,st_struct_pedestal/92510
ug_route/242570,OSP:BUSP:C643690,mywcom_route_junction/27273,st_struct_pedestal/93499
ug_route/242571,OSP:FBSP:C652605,st_struct_pedestal/93706,st_struct_pedestal/93969
ug_route/242572,OSP:BUSP::8447813,st_struct_pedestal/93288,mywcom_route_junction/27323
ug_route/242573,OSP:BUSP::16788469,mywcom_route_junction/27653,mywcom_route_junction/27253
ug_route/242574,OSP:FBSP::10633145,mywcom_route_junction/27452,st_struct_pedestal/93869
ug_route/242575,OSP:FBSP:C655991,st_struct_pedestal/93044,st_struct_pedestal/94166
ug_route/242576,OSP:FBSP:C650813,st_struct_pedestal/91101,building/66536
ug_route/242577,OSP:FBSP::8330084,st_struct_pedestal/93421,mywcom_route_junction/27503
ug_route/242578,OSP:BUSP::10669638,st_struct_pedestal/91920,building/67686
ug_route/242579,OSP:FBSP:C643175,mywcom_route_junction/27174,st_struct_pedestal/92476
ug_route/242580,OSP:FBSP:C705593,mywcom_route_junction/27735,mywcom_route_junction/27417
ug_route/242581,OSP:BUSP::9270611,pole/52692,pole/54513
ug_route/242582,OSP:BUSP:C647805,pole/53884,st_struct_pedestal/92755
ug_route/242583,OSP:BUSP::9447566,mywcom_route_junction/27101,st_struct_pedestal/94177
ug_route/242584,OSP:FBSP:C705109,mywcom_route_junction/27490,st_struct_pedestal/90793
ug_route/242585,OSP:BUSP:C660397,mywcom_route_junction/27115,mywcom_route_junction/27094
ug_route/242586,OSP:BUSP:C658129,mywcom_route_junction/27285,mywcom_route_junction/28138
ug_route/242587,OSP:FBSP::13098313,st_struct_pedestal/92431,st_struct_pedestal/91138
ug_route/242588,OSP:BUSP::9489463,mywcom_route_junction/27338,st_struct_pedestal/93510
ug_route/242589,OSP:FBSP:C643183,st_struct_pedestal/92459,st_struct_pedestal/93350
ug_route/242590,OSP:FBSP:C651351,mywcom_route_junction/27525,mywcom_route_junction/27124
ug_route/242591,OSP:BUSP::10684678,pole/54078,building/67029
ug_route/242592,OSP:FBSP:C670096,mywcom_route_junction/27120,building/67302
ug_route/242593,OSP:FBSP::13679958,st_struct_pedestal/93355,st_struct_pedestal/91249
ug_route/242594,OSP:BUSP::11329791,st_struct_pedestal/93699,st_struct_pedestal/91848
ug_route/242595,OSP:BUSP::9514102,st_struct_pedestal/92146,st_struct_pedestal/91405
ug_route/242596,OSP:BUSP::7977430,mywcom_route_junction/27284,building/67126
ug_route/242597,OSP:BUSP::9432825,mywcom_route_junction/28108,st_struct_pedestal/94157
ug_route/242598,OSP:FBSP::13403169,st_struct_pedestal/93167,building/66783
ug_route/242599,OSP:BUSP:C656289,st_struct_pedestal/92788,building/68479
ug_route/242600,OSP:BUSP:C668164,st_struct_pedestal/92111,building/66952
ug_route/242601,OSP:FBSP:C651175,st_struct_pedestal/90867,st_struct_pedestal/92751
ug_route/242602,OSP:BUSP::10867316,st_struct_pedestal/91856,building/67344
ug_route/242603,OSP:FBSP:C707834,pole/52349,mywcom_route_junction/27296
ug_route/242604,OSP:FBSP::11686581,st_struct_pedestal/93611,building/67776
ug_route/242605,OSP:BUSP::10690144,st_struct_pedestal/93464,mywcom_route_junction/27187
ug_route/242606,OSP:FBSP:C655989,st_struct_pedestal/93123,st_struct_pedestal/93044
ug_route/242607,OSP:FBSP:C705536,mywcom_route_junction/27517,mywcom_route_junction/27092
ug_route/242608,OSP:BUSP:C670092,mywcom_route_junction/27782,st_struct_pedestal/92587
ug_route/242609,OSP:FBSP:C651575,st_struct_pedestal/93161,mywcom_route_junction/28097
ug_route/242610,OSP:BUSP:C708414,st_struct_pedestal/92894,st_struct_pedestal/94005
ug_route/242611,OSP:BUSP::11500022,pole/53179,building/68559
ug_route/242612,OSP:BUSP:C663655,st_struct_pedestal/91190,building/68283
ug_route/242613,OSP:FBSP::12052110,st_struct_pedestal/94268,mywcom_route_junction/27381
ug_route/242614,OSP:BUSP::15970489,building/68296,building/66219
ug_route/242615,OSP:BUSP::8336134,st_struct_pedestal/93767,st_struct_pedestal/92013
ug_route/242616,OSP:FBSP::9505474,mywcom_route_junction/27973,st_struct_pedestal/91594
ug_route/242617,OSP:BUSP::9442740,pole/53884,st_struct_pedestal/92755
ug_route/242618,OSP:FBSP:C643127,mywcom_route_junction/27906,st_struct_pedestal/94157
ug_route/242619,OSP:BUSP:C653939,st_struct_pedestal/91093,st_struct_buried_splice_location/3881
ug_route/242620,OSP:BUSP::10763704,pole/54362,building/66876
ug_route/242621,OSP:BUSP::15975298,pole/53727,building/68208
ug_route/242622,OSP:BUSP::9490812,st_struct_pedestal/92510,st_struct_pedestal/92004
ug_route/242623,OSP:FBSP::12544262,st_struct_pedestal/92569,st_struct_pedestal/93339
ug_route/242624,OSP:FBSP::9508053,st_struct_pedestal/93144,st_struct_pedestal/93645
ug_route/242625,OSP:BUSP::10952823,st_struct_pedestal/91915,building/68441
ug_route/242626,OSP:FBSP:C648475,pole/54169,building/67219
ug_route/242627,OSP:BUSP:C660507,st_struct_pedestal/93791,st_struct_pedestal/91941
ug_route/242628,OSP:BUSP::16685372,mywcom_route_junction/27601,mywcom_route_junction/27603
ug_route/242629,OSP:FBSP::11512502,st_struct_pedestal/91875,building/68416
ug_route/242630,OSP:BUSP:C653797,pole/52261,st_struct_pedestal/90891
ug_route/242631,OSP:FBSP::8572944,st_struct_pedestal/93768,st_struct_pedestal/91033
ug_route/242632,OSP:FBSP:C710759,st_struct_pedestal/94140,building/66576
ug_route/242633,OSP:FBSP::8572623,st_struct_pedestal/92447,st_struct_pedestal/91498
ug_route/242634,OSP:BUSP:C654950,pole/54069,st_struct_pedestal/91734
ug_route/242635,OSP:BUSP::16773146,pole/53191,pole/54335
ug_route/242636,OSP:FBSP::17092437,st_struct_pedestal/92902,st_struct_pedestal/91703
ug_route/242637,OSP:BUSP:C649555,cabinet/2766,pole/52487
ug_route/242638,OSP:BUSP::13721850,st_struct_pedestal/93052,st_struct_pedestal/92515
ug_route/242639,OSP:FBSP::12053004,building/68661,mywcom_route_junction/27824
ug_route/242640,OSP:BUSP:C711707,st_struct_pedestal/91092,st_struct_pedestal/93377
ug_route/242641,OSP:BUSP::16059124,pole/53198,mywcom_route_junction/27850
ug_route/242642,OSP:FBSP::10638585,mywcom_route_junction/27661,building/68095
ug_route/242643,OSP:FBSP:C644515,st_struct_pedestal/91086,st_struct_pedestal/93138
ug_route/242644,OSP:FORSP:C704836,mywcom_route_junction/27479,st_struct_pedestal/93699
ug_route/242645,OSP:BUSP:C666261,st_struct_pedestal/94017,st_struct_pedestal/91705
ug_route/242646,OSP:BUSP:C665971,st_struct_pedestal/91922,building/68640
ug_route/242647,OSP:FBSP:C656486,st_struct_pedestal/94112,mywcom_route_junction/27302
ug_route/242648,OSP:BUSP::9526909,st_struct_pedestal/92751,st_struct_pedestal/90867
ug_route/242649,OSP:BUSP::9432833,st_struct_pedestal/92459,st_struct_pedestal/93350
ug_route/242650,OSP:FBSP:C705447,st_struct_buried_splice_location/3977,mywcom_route_junction/28065
ug_route/242651,OSP:FBSP:C639818,st_struct_pedestal/92935,st_struct_pedestal/93191
ug_route/242652,OSP:FBSP:C667422,st_struct_pedestal/90990,st_struct_pedestal/91430
ug_route/242653,OSP:FBSP::8950873,mywcom_route_junction/27734,st_struct_pedestal/92171
ug_route/242654,OSP:BUSP::9490779,st_struct_pedestal/93191,st_struct_pedestal/92935
ug_route/242655,OSP:BUSP::15839628,pole/54580,st_struct_pedestal/92515
ug_route/242656,OSP:BUSP::9454918,st_struct_pedestal/93589,st_struct_pedestal/94041
ug_route/242657,OSP:BUSP:C669118,st_struct_pedestal/93032,st_struct_pedestal/91327
ug_route/242658,OSP:BUSP::8728137,mywcom_route_junction/28206,mywcom_route_junction/27294
ug_route/242659,OSP:BUSP:C668460,st_struct_pedestal/91458,st_struct_pedestal/94102
ug_route/242660,OSP:BUSP::9532668,mywcom_route_junction/27289,st_struct_pedestal/90746
ug_route/242661,OSP:BUSP::17060804,st_struct_pedestal/92521,pole/54552
ug_route/242662,OSP:BUSP::8713431,mywcom_route_junction/28155,mywcom_route_junction/27262
ug_route/242663,OSP:BUSP:C648032,st_struct_buried_splice_location/3957,st_struct_buried_splice_location/3997
ug_route/242664,OSP:FBSP::13678682,st_struct_pedestal/91249,mywcom_route_junction/28066
ug_route/242665,OSP:FBSP:C651597,mywcom_route_junction/28097,st_struct_pedestal/93416
ug_route/242666,OSP:BUSP:C711701,pole/53814,pole/53298
ug_route/242667,OSP:FBSP::8588368,st_struct_pedestal/94218,st_struct_pedestal/94108
ug_route/242668,OSP:FBSP:C708214,pole/53149,mywcom_route_junction/27344
ug_route/242669,OSP:BUSP:C646949,st_struct_pedestal/90935,st_struct_pedestal/91833
ug_route/242670,OSP:FBSP:C705532,st_struct_pedestal/91233,st_struct_pedestal/93474
ug_route/242671,OSP:BUSP:C648102,st_struct_buried_splice_location/3864,st_struct_buried_splice_location/3964
ug_route/242672,OSP:BUSP::16532406,st_struct_buried_splice_location/3875,st_struct_buried_splice_location/3911
ug_route/242673,OSP:BUSP:C664341,st_struct_pedestal/93946,st_struct_pedestal/91510
ug_route/242674,OSP:BUSP:C654002,mywcom_route_junction/27704,mywcom_route_junction/27409
ug_route/242675,OSP:FBSP:C708391,st_struct_pedestal/93255,st_struct_pedestal/91400
ug_route/242676,OSP:BUSP::11652665,st_struct_pedestal/92558,st_struct_pedestal/93529
ug_route/242677,OSP:FBSP::9454959,st_struct_pedestal/90705,st_struct_pedestal/92292
ug_route/242678,OSP:FBSP::16040905,mywcom_route_junction/27916,mywcom_route_junction/27202
ug_route/242679,OSP:BUSP:C665970,st_struct_pedestal/91922,building/68341
ug_route/242680,OSP:FBSP:C656106,mywcom_route_junction/28172,st_struct_pedestal/91097
ug_route/242681,OSP:BUSP::9466860,st_struct_pedestal/92447,st_struct_pedestal/91498
ug_route/242682,OSP:FBSP:C643165,mywcom_route_junction/27797,st_struct_pedestal/91135
ug_route/242683,OSP:FBSP:C707163,st_struct_pedestal/93927,building/66305
ug_route/242684,OSP:FBSP::11732987,st_struct_pedestal/92078,st_struct_pedestal/93343
ug_route/242685,OSP:BUSP::10900044,st_struct_pedestal/93032,st_struct_pedestal/91327
ug_route/242686,OSP:BUSP:C649888,st_struct_pedestal/94153,building/67506
ug_route/242687,OSP:BUSP::9508055,st_struct_pedestal/93144,st_struct_pedestal/93645
ug_route/242688,OSP:BUSP::9531719,st_struct_pedestal/93154,st_struct_pedestal/93107
ug_route/242689,OSP:FBSP::12544263,st_struct_pedestal/93339,st_struct_pedestal/90845
ug_route/242690,OSP:FBSP::8950860,st_struct_pedestal/94168,st_struct_pedestal/92114
ug_route/242691,OSP:BUSP:C655482,st_struct_pedestal/92490,mywcom_route_junction/27611
ug_route/242692,OSP:BUSP::9532667,st_struct_pedestal/91086,st_struct_pedestal/93138
ug_route/242693,OSP:FBSP:C705596,building/68498,building/67304
ug_route/242694,OSP:FBSP:C644501,st_struct_pedestal/90746,mywcom_route_junction/27542
ug_route/242695,OSP:BUSP::9532660,mywcom_route_junction/27919,st_struct_pedestal/93161
ug_route/242696,OSP:FBSP:C667458,st_struct_pedestal/92142,st_struct_pedestal/90600
ug_route/242697,OSP:BUSP::10690147,mywcom_route_junction/27187,st_struct_pedestal/93760
ug_route/242698,OSP:BUSP::8382233,st_struct_pedestal/93487,building/66718
ug_route/242699,OSP:BUSP:C649896,st_struct_pedestal/92932,st_struct_pedestal/90547
ug_route/242700,OSP:BUSP:C644245,st_struct_pedestal/92827,mywcom_route_junction/27836
ug_route/242701,OSP:BUSP:C646948,st_struct_pedestal/93086,st_struct_pedestal/94057
ug_route/242702,OSP:FBSP:C643064,st_struct_pedestal/91596,st_struct_pedestal/90606
ug_route/242703,OSP:BUSP:C645967,st_struct_pedestal/92245,st_struct_pedestal/90754
ug_route/242704,OSP:BUSP::9531703,mywcom_route_junction/27535,st_struct_pedestal/94222
ug_route/242705,OSP:BUSP:C653684,building/66337,building/68365
ug_route/242706,OSP:BUSP::10860020,pole/54169,building/67219
ug_route/242707,OSP:FBSP:C656104,st_struct_pedestal/92103,mywcom_route_junction/27841
ug_route/242708,OSP:BUSP:C643626,st_struct_pedestal/94245,mywcom_route_junction/28028
ug_route/242709,OSP:BUSP:C660166,st_struct_pedestal/91653,building/67936
ug_route/242710,OSP:FORSP:C646028,mywcom_route_junction/27393,pole/53017
ug_route/242711,OSP:BUSP::9531709,mywcom_route_junction/27615,st_struct_pedestal/92409
ug_route/242712,OSP:FBSP::8336459,st_struct_pedestal/92806,st_struct_pedestal/91383
ug_route/242713,OSP:FBSP:C657981,st_struct_pedestal/91856,building/67344
ug_route/242714,OSP:FBSP::12053029,mywcom_route_junction/28129,building/68160
ug_route/242715,OSP:FBSP:C651549,st_struct_pedestal/93154,mywcom_route_junction/28212
ug_route/242716,OSP:FBSP:C651867,st_struct_pedestal/93760,building/66963
ug_route/242717,OSP:FBSP:C710377,mywcom_route_junction/27846,st_struct_pedestal/90772
ug_route/242718,OSP:BUSP::9520200,st_struct_pedestal/91233,st_struct_pedestal/93474
ug_route/242719,OSP:FBSP::11431261,st_struct_pedestal/94216,st_struct_pedestal/93111
ug_route/242720,OSP:BUSP:C668464,st_struct_pedestal/91458,st_struct_pedestal/94102
ug_route/242721,OSP:FBSP:C704330,mywcom_route_junction/27110,st_struct_pedestal/93196
ug_route/242722,OSP:FBSP::10952825,st_struct_pedestal/91915,building/68441
ug_route/242723,OSP:FBSP::17092436,st_struct_pedestal/92449,st_struct_pedestal/92902
ug_route/242724,OSP:BUSP::10273185,mywcom_route_junction/28202,st_struct_pedestal/93646
ug_route/242725,OSP:BUSP::10727543,st_struct_pedestal/92474,mywcom_route_junction/27933
ug_route/242726,OSP:BUSP:C644344,pole/53412,st_struct_buried_splice_location/3894
ug_route/242727,OSP:FBSP::13402194,st_struct_pedestal/93632,building/68331
ug_route/242728,OSP:BUSP::9493754,st_struct_pedestal/90990,st_struct_pedestal/91430
ug_route/242729,OSP:FBSP::12234805,st_struct_pedestal/93310,building/67387
ug_route/242730,OSP:FBSP:C646017,st_struct_pedestal/91763,st_struct_pedestal/91713
ug_route/242731,OSP:BUSP:C643669,mywcom_route_junction/27626,mywcom_route_junction/27298
ug_route/242732,OSP:FBSP:C706622,mywcom_route_junction/27332,st_struct_pedestal/93419
ug_route/242733,OSP:BUSP::9509324,mywcom_route_junction/27257,st_struct_pedestal/93408
ug_route/242734,OSP:FBSP:C642395,st_struct_pedestal/90544,st_struct_pedestal/93415
ug_route/242735,OSP:BUSP::16038344,st_struct_pedestal/91603,building/68052
ug_route/242736,OSP:FBSP:C705143,mywcom_route_junction/28022,st_struct_pedestal/94096
ug_route/242737,OSP:BUSP::9271544,mywcom_route_junction/27529,st_struct_pedestal/93076
ug_route/242738,OSP:BUSP:C662440,pole/54540,st_struct_pedestal/94076
ug_route/242739,OSP:BUSP::9492997,st_struct_pedestal/91400,st_struct_pedestal/93255
ug_route/242740,OSP:BUSP::10712228,st_struct_pedestal/92591,building/67107
ug_route/242741,OSP:BUSP::8383512,cabinet/2833,mywcom_route_junction/28195
ug_route/242742,OSP:BUSP::9531708,mywcom_route_junction/27615,st_struct_pedestal/92055
ug_route/242743,OSP:BUSP::15970490,building/66219,building/66878
ug_route/242744,OSP:FBSP::13672621,mywcom_route_junction/27860,building/68624
ug_route/242745,OSP:FBSP::13098319,mywcom_route_junction/28042,st_struct_pedestal/91259
ug_route/242746,OSP:BUSP::9532355,st_struct_pedestal/93416,mywcom_route_junction/27919
ug_route/242747,OSP:BUSP::10267113,st_struct_pedestal/90705,st_struct_pedestal/92292
ug_route/242748,OSP:FBSP::9498100,mywcom_route_junction/27580,mywcom_route_junction/27960
ug_route/242749,OSP:BUSP::15981377,building/66708,building/68682
ug_route/242750,OSP:BUSP::9474742,st_struct_pedestal/90848,mywcom_route_junction/27747
ug_route/242751,OSP:BUSP::9433488,st_struct_pedestal/90606,st_struct_pedestal/91596
ug_route/242752,OSP:BUSP::16795165,st_struct_pedestal/92414,mywcom_route_junction/28071
ug_route/242753,OSP:BUSP:C670539,st_struct_pedestal/93745,building/66599
ug_route/242754,OSP:FBSP:C643168,mywcom_route_junction/28047,st_struct_pedestal/93304
ug_route/242755,OSP:FBSP::11797196,mywcom_route_junction/27306,mywcom_route_junction/28217
ug_route/242756,OSP:BUSP:C670231,st_struct_pedestal/93791,st_struct_pedestal/91941
ug_route/242757,OSP:FBSP:C651252,st_struct_pedestal/93953,st_struct_pedestal/92982
ug_route/242758,OSP:BUSP:C669973,mywcom_route_junction/27773,st_struct_pedestal/92133
ug_route/242759,OSP:FORSP:C648138,mywcom_route_junction/28222,pole/53767
ug_route/242760,OSP:FBSP:C704913,st_struct_pedestal/92009,mywcom_route_junction/27194
ug_route/242761,OSP:BUSP:C660547,st_struct_pedestal/91941,st_struct_pedestal/93165
ug_route/242762,OSP:BUSP:C666260,st_struct_pedestal/94017,st_struct_pedestal/91705
ug_route/242763,OSP:FBSP:C711667,mywcom_route_junction/27577,building/66878
ug_route/242764,OSP:BUSP::9490817,st_struct_pedestal/90600,st_struct_pedestal/92142
ug_route/242765,OSP:FBSP::16098817,st_struct_pedestal/93611,building/67093
ug_route/242766,OSP:BUSP::8433092,mywcom_route_junction/27467,st_struct_vault/2740
ug_route/242767,OSP:FBSP::8437272,pole/53277,building/68797
ug_route/242768,OSP:FBSP:C639510,st_struct_pedestal/93193,mywcom_route_junction/27636
ug_route/242769,OSP:FBSP::13679960,st_struct_pedestal/93355,building/68036
ug_route/242770,OSP:BUSP::9490769,st_struct_pedestal/93415,st_struct_pedestal/90544
ug_route/242771,OSP:BUSP::12127606,st_struct_pedestal/92888,mywcom_route_junction/27599
ug_route/242772,OSP:BUSP::10758266,st_struct_pedestal/91572,building/67693
ug_route/242773,OSP:FBSP:C653437,st_struct_pedestal/92823,st_struct_pedestal/91384
ug_route/242774,OSP:FBSP:C653629,pole/52328,building/68047
ug_route/242775,OSP:FBSP:C639749,st_struct_pedestal/91883,st_struct_pedestal/92475
ug_route/242776,OSP:BUSP::9453954,st_struct_pedestal/93304,st_struct_pedestal/94138
ug_route/242777,OSP:FBSP::12052106,mywcom_route_junction/27822,building/68470
ug_route/242778,OSP:FBSP::7629281,building/66827,mywcom_route_junction/27453
ug_route/242779,OSP:FORSP::16958666,st_struct_vault/2743,pole/52473
ug_route/242780,OSP:BUSP:C671142,st_struct_buried_splice_location/3970,st_struct_pedestal/94058
ug_route/242781,OSP:BUSP::9558581,st_struct_pedestal/94065,st_struct_pedestal/93979
ug_route/242782,OSP:BUSP:C710385,st_struct_pedestal/92889,st_struct_pedestal/91173
ug_route/242783,OSP:FBSP:C651859,st_struct_pedestal/90790,building/68830
ug_route/242784,OSP:FBSP::10637986,mywcom_route_junction/27536,building/68629
ug_route/242785,OSP:BUSP::8588363,st_struct_pedestal/90724,st_struct_pedestal/90594
ug_route/242786,OSP:BUSP:C666256,st_struct_pedestal/94017,st_struct_pedestal/91705
ug_route/242787,OSP:FBSP::14203128,st_struct_pedestal/91387,st_struct_pedestal/94143
ug_route/242788,OSP:BUSP::12789372,st_struct_pedestal/91667,st_struct_pedestal/93774
ug_route/242789,OSP:FBSP:C651026,pole/53432,building/68160
ug_route/242790,OSP:FBSP:C652970,pole/53478,building/66891
ug_route/242791,OSP:BUSP::8575841,mywcom_route_junction/27491,mywcom_route_junction/28035
ug_route/242792,OSP:BUSP:C651304,mywcom_route_junction/27549,st_struct_pedestal/93404
ug_route/242793,OSP:BUSP:C705958,st_struct_pedestal/91254,building/67120
ug_route/242794,OSP:BUSP::11085972,st_struct_pedestal/92854,st_struct_pedestal/91939
ug_route/242795,OSP:BUSP::9522426,st_struct_pedestal/93953,st_struct_pedestal/92982
ug_route/242796,OSP:BUSP:C650811,st_struct_pedestal/91616,mywcom_route_junction/27269
ug_route/242797,OSP:FBSP:C655475,st_struct_pedestal/92120,st_struct_pedestal/92688
ug_route/242798,OSP:FBSP::8331985,mywcom_route_junction/27320,st_struct_pedestal/94192
ug_route/242799,OSP:BUSP::9412356,pole/52874,st_struct_pedestal/91165
ug_route/242800,OSP:FBSP:C651628,st_struct_pedestal/93748,st_struct_pedestal/93845
ug_route/242801,OSP:BUSP::10267061,mywcom_route_junction/28108,st_struct_pedestal/91396
ug_route/242802,OSP:BUSP:C651387,st_struct_pedestal/93658,st_struct_pedestal/91378
ug_route/242803,OSP:BUSP::10763714,pole/54020,building/67544
ug_route/242804,OSP:BUSP::10668661,st_struct_pedestal/93887,building/67043
ug_route/242805,OSP:BUSP::8586054,st_struct_pedestal/93165,st_struct_pedestal/91941
ug_route/242806,OSP:FBSP:C639781,st_struct_pedestal/94012,st_struct_pedestal/92679
ug_route/242807,OSP:FBSP:C643155,mywcom_route_junction/28141,st_struct_pedestal/92351
ug_route/242808,OSP:FBSP::10129461,st_struct_pedestal/92536,st_struct_pedestal/91428
ug_route/242809,OSP:BUSP:C670538,st_struct_pedestal/93745,building/66348
ug_route/242810,OSP:BUSP:C668465,st_struct_pedestal/91458,st_struct_pedestal/94102
ug_route/242811,OSP:BUSP:C651795,mywcom_route_junction/28164,st_struct_pedestal/91948
ug_route/242812,OSP:FBSP::8346082,st_struct_pedestal/91005,st_struct_pedestal/93294
ug_route/242813,OSP:BUSP:C656336,st_struct_buried_splice_location/3860,st_struct_pedestal/92703
ug_route/242814,OSP:BUSP::9531385,st_struct_pedestal/91384,st_struct_pedestal/92823
ug_route/242815,OSP:FBSP::7629588,building/67470,mywcom_route_junction/27900
ug_route/242816,OSP:FBSP::7724292,pole/52923,building/67630
ug_route/242817,OSP:BUSP:C645792,st_struct_pedestal/93673,building/67347
ug_route/242818,OSP:FBSP::16106192,st_struct_pedestal/91472,mywcom_route_junction/27860
ug_route/242819,OSP:BUSP::15126645,pole/52254,st_struct_pedestal/93364
ug_route/242820,OSP:BUSP::16789188,st_struct_pedestal/91713,mywcom_route_junction/27204
ug_route/242821,OSP:FBSP::8947039,st_struct_pedestal/93869,st_struct_pedestal/92524
ug_route/242822,OSP:BUSP::13598966,mywcom_route_junction/28180,mywcom_route_junction/27786
ug_route/242823,OSP:BUSP::8383511,cabinet/2852,cabinet/2833
ug_route/242824,OSP:FBSP::8348298,st_struct_pedestal/91802,st_struct_pedestal/90677
ug_route/242825,OSP:BUSP::10669620,building/66224,pole/52286
ug_route/242826,OSP:BUSP::16040249,mywcom_route_junction/27740,mywcom_route_junction/27666
ug_route/242827,OSP:FBSP::8348292,st_struct_pedestal/93829,mywcom_route_junction/27751
ug_route/242828,OSP:FBSP:C645974,st_struct_pedestal/90754,st_struct_pedestal/91724
ug_route/242829,OSP:BUSP:C708183,st_struct_buried_splice_location/3880,st_struct_pedestal/90536
ug_route/242830,OSP:BUSP::16788475,mywcom_route_junction/27230,mywcom_route_junction/28133
ug_route/242831,OSP:FBSP::8446862,mywcom_route_junction/27180,mywcom_route_junction/27528
ug_route/242832,OSP:BUSP::10690449,st_struct_pedestal/90790,building/68830
ug_route/242833,OSP:BUSP::8436971,st_struct_pedestal/90979,building/68675
ug_route/242834,OSP:BUSP:C645492,mywcom_route_junction/28150,st_struct_pedestal/93744
ug_route/242835,OSP:BUSP::9514106,st_struct_pedestal/92009,mywcom_route_junction/28145
ug_route/242836,OSP:BUSP::9531068,st_struct_pedestal/93845,st_struct_pedestal/93748
ug_route/242837,OSP:BUSP::10725964,st_struct_pedestal/92716,mywcom_route_junction/28033
ug_route/242838,OSP:BUSP:C641575,st_struct_pedestal/93318,building/67409
ug_route/242839,OSP:FBSP::15968591,mywcom_route_junction/27214,building/67060
ug_route/242840,OSP:FBSP::8331125,st_struct_pedestal/91407,st_struct_pedestal/91887
ug_route/242841,OSP:BUSP::8088787,pole/53323,building/67829
ug_route/242842,OSP:FBSP::13042379,pole/52395,building/66438
ug_route/242843,OSP:BUSP::9447565,st_struct_pedestal/93061,mywcom_route_junction/27101
ug_route/242844,OSP:BUSP::8603978,pole/53941,building/67165
ug_route/242845,OSP:FBSP:C704899,st_struct_buried_splice_location/3979,st_struct_pedestal/91165
ug_route/242846,OSP:BUSP::16764611,st_struct_pedestal/92135,st_struct_pedestal/90540
ug_route/242847,OSP:BUSP:C653022,mywcom_route_junction/27235,st_struct_pedestal/92579
ug_route/242848,OSP:FBSP:C662368,st_struct_pedestal/90976,building/66339
ug_route/242849,OSP:FBSP:C667126,st_struct_pedestal/94224,st_struct_pedestal/92823
ug_route/242850,OSP:BUSP:C655496,st_struct_pedestal/92947,st_struct_pedestal/90944
ug_route/242851,OSP:FBSP:C643169,mywcom_route_junction/28047,st_struct_pedestal/91843
ug_route/242852,OSP:FBSP::8573011,mywcom_route_junction/27755,building/68722
ug_route/242853,OSP:BUSP::9531381,st_struct_pedestal/91724,st_struct_pedestal/90754
ug_route/242854,OSP:BUSP:C659674,st_struct_pedestal/91303,building/68517
ug_route/242855,OSP:FBSP:C708029,st_struct_pedestal/93311,building/66925
ug_route/242856,OSP:FBSP:C667457,st_struct_pedestal/90730,st_struct_pedestal/92142
ug_route/242857,OSP:FBSP:C706964,mywcom_route_junction/27905,mywcom_route_junction/27159
ug_route/242858,OSP:BUSP::9514136,st_struct_pedestal/91378,mywcom_route_junction/27213
ug_route/242859,OSP:BUSP:C664424,st_struct_pedestal/92779,st_struct_pedestal/93166
ug_route/242860,OSP:BUSP:C667241,mywcom_route_junction/27855,st_struct_pedestal/91813
ug_route/242861,OSP:BUSP:C659031,mywcom_route_junction/27680,st_struct_pedestal/90848
ug_route/242862,OSP:BUSP:C708425,st_struct_pedestal/91352,st_struct_pedestal/92802
ug_route/242863,OSP:BUSP::9506440,st_struct_pedestal/92398,st_struct_pedestal/90844
ug_route/242864,OSP:BUSP:C683074,building/68407,building/68330
ug_route/242865,OSP:FBSP:C656103,st_struct_pedestal/90605,st_struct_pedestal/92103
ug_route/242866,OSP:BUSP:C663043,pole/52715,st_struct_pedestal/90548
ug_route/242867,OSP:BUSP::10691392,pole/54356,building/68189
ug_route/242868,OSP:BUSP:C643640,mywcom_route_junction/28028,st_struct_pedestal/92271
ug_route/242869,OSP:BUSP::9433481,mywcom_route_junction/27537,st_struct_pedestal/92351
ug_route/242870,OSP:BUSP::9536509,st_struct_pedestal/93294,st_struct_pedestal/91005
ug_route/242871,OSP:FBSP::9454958,st_struct_pedestal/93790,st_struct_pedestal/90705
ug_route/242872,OSP:BUSP::16059139,st_struct_pedestal/92106,building/67909
ug_route/242873,OSP:FBSP::10638584,st_struct_pedestal/93006,mywcom_route_junction/27661
ug_route/242874,OSP:BUSP:C668845,st_struct_pedestal/93327,st_struct_pedestal/93927
ug_route/242875,OSP:BUSP::8500002,mywcom_route_junction/28102,building/67917
ug_route/242876,OSP:BUSP::9432829,mywcom_route_junction/27867,st_struct_pedestal/94096
ug_route/242877,OSP:FBSP:C708421,mywcom_route_junction/28045,st_struct_pedestal/93061
ug_route/242878,OSP:FBSP:C651858,st_struct_pedestal/93031,building/66693
ug_route/242879,OSP:BUSP:C643667,st_struct_pedestal/92407,st_struct_pedestal/92677
ug_route/242880,OSP:BUSP::13514491,st_struct_pedestal/90760,mywcom_route_junction/27414
ug_route/242881,OSP:BUSP::7627974,pole/52938,st_struct_pedestal/93694
ug_route/242882,OSP:FBSP:C651856,st_struct_pedestal/93031,building/66279
ug_route/242883,OSP:FBSP:C710201,building/67836,building/66717
ug_route/242884,OSP:FBSP::12400624,mywcom_route_junction/27172,building/68033
ug_route/242885,OSP:FBSP:C645750,st_struct_pedestal/92713,st_struct_pedestal/92233
ug_route/242886,OSP:BUSP:C639209,st_struct_pedestal/91151,building/67529
ug_route/242887,OSP:FBSP:C644520,mywcom_route_junction/27108,st_struct_pedestal/92055
ug_route/242888,OSP:FBSP::12052105,mywcom_route_junction/27822,building/66650
ug_route/242889,OSP:FBSP:C651048,st_struct_pedestal/92188,st_struct_pedestal/92005
ug_route/242890,OSP:FBSP:C651362,st_struct_pedestal/91619,st_struct_pedestal/92978
ug_route/242891,OSP:BUSP::10267070,st_struct_pedestal/91843,st_struct_pedestal/94138
ug_route/242892,OSP:FBSP:C653787,pole/53607,building/67988
ug_route/242893,OSP:FBSP::8490062,st_struct_pedestal/91831,st_struct_pedestal/92102
ug_route/242894,OSP:BUSP::8586399,st_struct_pedestal/93727,st_struct_pedestal/93281
ug_route/242895,OSP:BUSP::9531386,st_struct_pedestal/92823,st_struct_pedestal/94224
ug_route/242896,OSP:BUSP::9534595,mywcom_route_junction/27104,st_struct_pedestal/90972
ug_route/242897,OSP:FBSP:C668834,st_struct_pedestal/93327,building/67794
ug_route/242898,OSP:BUSP::9501943,mywcom_route_junction/27602,mywcom_route_junction/27761
ug_route/242899,OSP:BUSP::9269897,mywcom_route_junction/27654,st_struct_pedestal/93744
ug_route/242900,OSP:FBSP:C710167,st_struct_pedestal/91268,building/68152
ug_route/242901,OSP:FBSP::11067143,st_struct_pedestal/91137,st_struct_pedestal/92208
ug_route/242902,OSP:BUSP:C655782,st_struct_pedestal/92844,st_struct_pedestal/94033
ug_route/242903,OSP:BUSP:C647894,st_struct_pedestal/93172,building/68165
ug_route/242904,OSP:BUSP:C644170,st_struct_pedestal/92037,st_struct_pedestal/92484
ug_route/242905,OSP:FBSP:C667133,st_struct_pedestal/91944,st_struct_pedestal/94224
ug_route/242906,OSP:BUSP::9454960,st_struct_pedestal/93790,st_struct_pedestal/90705
ug_route/242907,OSP:BUSP::9454291,st_struct_pedestal/92103,st_struct_pedestal/90605
ug_route/242908,OSP:FBSP:C651969,pole/54571,building/67397
ug_route/242909,OSP:FBSP::12053043,building/66139,mywcom_route_junction/27465
ug_route/242910,OSP:BUSP::10773941,pole/53032,building/68575
ug_route/242911,OSP:FBSP:C710312,mywcom_route_junction/28082,st_struct_pedestal/94181
ug_route/242912,OSP:FBSP:C639757,st_struct_pedestal/91479,st_struct_pedestal/91258
ug_route/242913,OSP:FBSP:C651080,mywcom_route_junction/27190,st_struct_pedestal/90972
ug_route/242914,OSP:BUSP::10883386,pole/53759,building/66266
ug_route/242915,OSP:FBSP:C662086,st_struct_pedestal/93489,building/66126
ug_route/242916,OSP:BUSP::10677990,st_struct_pedestal/91268,building/68152
ug_route/242917,OSP:BUSP::9531706,st_struct_pedestal/92713,st_struct_pedestal/92233
ug_route/242918,OSP:BUSP::9528194,st_struct_pedestal/92005,st_struct_pedestal/92188
ug_route/242919,OSP:BUSP::9490818,st_struct_pedestal/92142,st_struct_pedestal/90730
ug_route/242920,OSP:BUSP::8435662,cabinet/2819,cabinet/2809
ug_route/242921,OSP:FBSP::8572945,st_struct_pedestal/91952,st_struct_pedestal/91559
ug_route/242922,OSP:BUSP::9475700,st_struct_pedestal/90996,st_struct_pedestal/93873
ug_route/242923,OSP:BUSP::8347665,st_struct_pedestal/92585,st_struct_pedestal/90599
ug_route/242924,OSP:FBSP::8572939,st_struct_pedestal/93402,st_struct_pedestal/91952
ug_route/242925,OSP:BUSP:C660180,st_struct_pedestal/92850,st_struct_pedestal/92793
ug_route/242926,OSP:FBSP:C645791,st_struct_pedestal/91626,st_struct_pedestal/93248
ug_route/242927,OSP:FBSP::8345735,st_struct_pedestal/90774,st_struct_pedestal/91044
ug_route/242928,OSP:BUSP:C708060,st_struct_pedestal/91055,building/67186
ug_route/242929,OSP:FBSP:C710357,st_struct_pedestal/93956,st_struct_pedestal/93148
ug_route/242930,OSP:BUSP:C642005,st_struct_pedestal/92866,building/67269
ug_route/242931,OSP:BUSP::8421921,mywcom_route_junction/27993,st_struct_pedestal/93935
ug_route/242932,OSP:BUSP:C658754,pole/54305,mywcom_route_junction/28116
ug_route/242933,OSP:BUSP::9531382,st_struct_pedestal/90754,st_struct_pedestal/91331
ug_route/242934,OSP:BUSP:C644098,st_struct_pedestal/92407,st_struct_pedestal/92677
ug_route/242935,OSP:FBSP:C704331,mywcom_route_junction/27110,st_struct_pedestal/92576
ug_route/242936,OSP:FBSP:C651396,st_struct_pedestal/91408,st_struct_pedestal/91345
ug_route/242937,OSP:FBSP:C651854,st_struct_pedestal/93996,building/67743
ug_route/242938,OSP:BUSP::11331390,pole/52572,st_struct_pedestal/91871
ug_route/242939,OSP:FBSP:C651961,pole/53597,building/68795
ug_route/242940,OSP:BUSP::15975295,st_struct_pedestal/93328,building/68652
ug_route/242941,OSP:BUSP::9531387,st_struct_pedestal/94224,st_struct_pedestal/91944
ug_route/242942,OSP:BUSP::12032245,st_struct_pedestal/90846,st_struct_pedestal/93522
ug_route/242943,OSP:BUSP::10690447,st_struct_pedestal/93031,building/66693
ug_route/242944,OSP:BUSP:C645490,st_struct_pedestal/93014,mywcom_route_junction/28150
ug_route/242945,OSP:BUSP::10364021,st_struct_pedestal/93727,st_struct_pedestal/93281
ug_route/242946,OSP:FBSP::8572947,st_struct_pedestal/93403,st_struct_pedestal/93604
ug_route/242947,OSP:BUSP::9528832,mywcom_route_junction/28152,st_struct_pedestal/91978
ug_route/242948,OSP:BUSP::9520211,st_struct_pedestal/91619,st_struct_pedestal/92978
ug_route/242949,OSP:BUSP::10690446,st_struct_pedestal/93031,building/66279
ug_route/242950,OSP:BUSP::10852340,pole/52269,building/67376
ug_route/242951,OSP:BUSP::9509317,st_struct_pedestal/93255,mywcom_route_junction/27257
ug_route/242952,OSP:FORSP:C710104,st_struct_vault/2755,mywcom_route_junction/27784
ug_route/242953,OSP:BUSP::9509331,mywcom_route_junction/27470,st_struct_pedestal/93405
ug_route/242954,OSP:FBSP:C663573,st_struct_pedestal/91022,st_struct_pedestal/91880
ug_route/242955,OSP:BUSP::15562169,st_struct_pedestal/91862,mywcom_route_junction/27299
ug_route/242956,OSP:FBSP::8348297,st_struct_pedestal/90599,st_struct_pedestal/91802
ug_route/242957,OSP:BUSP:C653382,pole/52926,st_struct_buried_splice_location/3985
ug_route/242958,OSP:BUSP:C644304,st_struct_pedestal/92545,st_struct_pedestal/92209
ug_route/242959,OSP:FBSP:C651393,st_struct_pedestal/93069,st_struct_pedestal/91982
ug_route/242960,OSP:FBSP:C650068,pole/53330,building/66492
ug_route/242961,OSP:FBSP:C644781,pole/53314,building/67522
ug_route/242962,OSP:BUSP::9532343,st_struct_pedestal/93248,st_struct_pedestal/91626
ug_route/242963,OSP:FBSP:C643154,mywcom_route_junction/28141,st_struct_pedestal/92011
ug_route/242964,OSP:BUSP:C655529,st_struct_pedestal/92947,st_struct_pedestal/90944
ug_route/242965,OSP:BUSP:C665810,st_struct_pedestal/93661,st_struct_buried_splice_location/3893
ug_route/242966,OSP:BUSP:C667472,mywcom_route_junction/27829,st_struct_pedestal/93699
ug_route/242967,OSP:FBSP:C667455,st_struct_pedestal/93652,st_struct_pedestal/90730
ug_route/242968,OSP:BUSP::11417620,st_struct_pedestal/91324,st_struct_pedestal/93363
ug_route/242969,OSP:FBSP:C644165,building/66281,building/67719
ug_route/242970,OSP:BUSP:C652775,st_struct_pedestal/91321,building/67026
ug_route/242971,OSP:FBSP::8365278,st_struct_pedestal/91245,st_struct_pedestal/90755
ug_route/242972,OSP:FBSP::10445301,building/66573,mywcom_route_junction/28019
ug_route/242973,OSP:BUSP:C667838,mywcom_route_junction/28059,mywcom_route_junction/27232
ug_route/242974,OSP:FBSP:C710370,mywcom_route_junction/27203,st_struct_pedestal/91669
ug_route/242975,OSP:BUSP::9505789,st_struct_pedestal/91546,st_struct_pedestal/92827
ug_route/242976,OSP:BUSP:C671338,st_struct_pedestal/93651,mywcom_route_junction/28201
ug_route/242977,OSP:FBSP:C643485,st_struct_pedestal/93680,st_struct_pedestal/94309
ug_route/242978,OSP:FBSP:C710172,st_struct_pedestal/91178,mywcom_route_junction/27519
ug_route/242979,OSP:BUSP:C649307,st_struct_pedestal/94169,building/67322
ug_route/242980,OSP:FBSP:C651852,st_struct_pedestal/93996,building/66424
ug_route/242981,OSP:FBSP:C706973,mywcom_route_junction/27989,mywcom_route_junction/27920
ug_route/242982,OSP:BUSP::11474143,st_struct_pedestal/92530,mywcom_route_junction/27445
ug_route/242983,OSP:BUSP::8400458,pole/53860,pole/52421
ug_route/242984,OSP:BUSP::9514115,st_struct_pedestal/91345,st_struct_pedestal/91408
ug_route/242985,OSP:BUSP::8403332,st_struct_pedestal/94090,st_struct_pedestal/92803
ug_route/242986,OSP:BUSP::10690444,st_struct_pedestal/93996,building/67743
ug_route/242987,OSP:FBSP::7629591,building/67944,mywcom_route_junction/27798
ug_route/242988,OSP:FBSP::8572941,st_struct_pedestal/93507,st_struct_pedestal/92711
ug_route/242989,OSP:FBSP:C671135,st_struct_buried_splice_location/3970,building/67801
ug_route/242990,OSP:BUSP:C668736,st_struct_pedestal/93411,pole/53581
ug_route/242991,OSP:FBSP:C662193,st_struct_pedestal/91655,mywcom_route_junction/27416
ug_route/242992,OSP:BUSP::9432824,st_struct_pedestal/91377,mywcom_route_junction/28108
ug_route/242993,OSP:BUSP:C662222,st_struct_pedestal/93832,st_struct_pedestal/90756
ug_route/242994,OSP:FBSP:C663369,st_struct_pedestal/90551,st_struct_pedestal/91932
ug_route/242995,OSP:FBSP:C710341,mywcom_route_junction/27751,st_struct_pedestal/93036
ug_route/242996,OSP:FBSP::12449255,mywcom_route_junction/27439,st_struct_pedestal/92857
ug_route/242997,OSP:FBSP::12052985,st_struct_pedestal/93509,building/68439
ug_route/242998,OSP:FBSP::10644057,st_struct_pedestal/93130,building/67570
ug_route/242999,OSP:FBSP:C667468,st_struct_pedestal/92823,building/67627
ug_route/243000,OSP:FBSP::8346075,st_struct_pedestal/92018,st_struct_pedestal/92893
ug_route/243001,OSP:FBSP:C641373,st_struct_pedestal/92761,building/68847
ug_route/243002,OSP:BUSP:C650846,st_struct_pedestal/92471,st_struct_pedestal/91154
ug_route/243003,OSP:BUSP::9490819,st_struct_pedestal/90730,st_struct_pedestal/93652
ug_route/243004,OSP:BUSP::9514133,st_struct_pedestal/91982,st_struct_pedestal/93069
ug_route/243005,OSP:FBSP:C643126,mywcom_route_junction/27906,st_struct_pedestal/91377
ug_route/243006,OSP:BUSP::16896324,st_struct_pedestal/90976,building/66339
ug_route/243007,OSP:FBSP:C641345,mywcom_route_junction/27585,building/67578
ug_route/243008,OSP:FBSP::11549332,pole/53761,building/66404
ug_route/243009,OSP:BUSP:C656391,mywcom_route_junction/27874,mywcom_route_junction/27145
ug_route/243010,OSP:FBSP:C667969,st_struct_pedestal/93972,building/67106
ug_route/243011,OSP:BUSP::11804358,st_struct_pedestal/92542,building/66778
ug_route/243012,OSP:BUSP::10682468,pole/53597,building/68795
ug_route/243013,OSP:FBSP:C639775,st_struct_pedestal/91610,st_struct_pedestal/94116
ug_route/243014,OSP:FBSP::15256267,building/66184,st_struct_pedestal/92869
ug_route/243015,OSP:BUSP:C671144,st_struct_buried_splice_location/3970,st_struct_pedestal/94058
ug_route/243016,OSP:FBSP:C661758,mywcom_route_junction/27500,building/68600
ug_route/243017,OSP:BUSP:C660584,st_struct_pedestal/93756,building/67995
ug_route/243018,OSP:BUSP::9433482,st_struct_pedestal/92011,mywcom_route_junction/27537
ug_route/243019,OSP:FBSP:C639761,st_struct_pedestal/91765,st_struct_pedestal/93189
ug_route/243020,OSP:FBSP::13402181,st_struct_pedestal/93167,mywcom_route_junction/27911
ug_route/243021,OSP:BUSP::9453946,st_struct_pedestal/91932,st_struct_pedestal/90551
ug_route/243022,OSP:FBSP::13402193,st_struct_pedestal/93632,mywcom_route_junction/27866
ug_route/243023,OSP:FBSP:C650372,st_struct_pedestal/91262,building/68467
ug_route/243024,OSP:FBSP:C667934,st_struct_pedestal/92430,building/67873
ug_route/243025,OSP:FBSP::13053288,mywcom_route_junction/27772,st_struct_pedestal/93611
ug_route/243026,OSP:BUSP::9430916,st_struct_pedestal/93680,st_struct_pedestal/94309
ug_route/243027,OSP:FBSP::13098253,st_struct_pedestal/91259,st_struct_pedestal/91547
ug_route/243028,OSP:BUSP::15974979,st_struct_pedestal/93972,building/67106
ug_route/243029,OSP:FBSP:C644394,st_struct_pedestal/93645,st_struct_pedestal/92349
ug_route/243030,OSP:BUSP::8403025,st_struct_pedestal/91491,mywcom_route_junction/27766
ug_route/243031,OSP:FBSP:C646014,st_struct_pedestal/91629,st_struct_pedestal/93261
ug_route/243032,OSP:FBSP:C658667,pole/52462,building/68601
ug_route/243033,OSP:FBSP:C639744,st_struct_pedestal/92356,st_struct_pedestal/93067
ug_route/243034,OSP:FBSP::8588367,st_struct_pedestal/92141,st_struct_pedestal/94218
ug_route/243035,OSP:BUSP:C708091,st_struct_buried_splice_location/3898,st_struct_pedestal/94189
ug_route/243036,OSP:BUSP::9269895,st_struct_pedestal/93014,mywcom_route_junction/27654
ug_route/243037,OSP:BUSP::16789190,mywcom_route_junction/27870,mywcom_route_junction/27327
ug_route/243038,OSP:FBSP:C661174,st_struct_pedestal/90905,building/67838
ug_route/243039,OSP:BUSP:C649786,cabinet/2853,st_struct_pedestal/94037
ug_route/243040,OSP:BUSP::10661627,st_struct_pedestal/91933,building/67471
ug_route/243041,OSP:BUSP::15975288,st_struct_pedestal/92430,building/67873
ug_route/243042,OSP:FORSP::16960914,st_struct_vault/2716,cabinet/2772
ug_route/243043,OSP:BUSP:C658133,st_struct_pedestal/90965,st_struct_pedestal/91933
ug_route/243044,OSP:BUSP:C708387,mywcom_route_junction/28003,st_struct_pedestal/93255
ug_route/243045,OSP:FBSP::8330091,st_struct_pedestal/91295,st_struct_pedestal/92256
ug_route/243046,OSP:FBSP::8330693,st_struct_pedestal/93224,st_struct_pedestal/93455
ug_route/243047,OSP:BUSP:C710153,st_struct_buried_splice_location/3973,st_struct_pedestal/93669
ug_route/243048,OSP:BUSP:C660868,st_struct_pedestal/91889,building/68249
ug_route/243049,OSP:BUSP:C660975,st_struct_buried_splice_location/3934,st_struct_pedestal/90608
ug_route/243050,OSP:BUSP:C707157,st_struct_buried_splice_location/3891,building/68563
ug_route/243051,OSP:FBSP::13098254,st_struct_pedestal/91547,st_struct_pedestal/91709
ug_route/243052,OSP:BUSP:C652786,st_struct_pedestal/92019,st_struct_pedestal/91987
ug_route/243053,OSP:BUSP::8448774,cabinet/2766,cabinet/2771
ug_route/243054,OSP:FBSP:C671345,mywcom_route_junction/28184,building/66406
ug_route/243055,OSP:BUSP::10721808,st_struct_pedestal/91937,building/67711
ug_route/243056,OSP:FBSP:C655985,st_struct_pedestal/91104,st_struct_pedestal/93123
ug_route/243057,OSP:BUSP::10682470,pole/54182,building/66439
ug_route/243058,OSP:BUSP:C645404,st_struct_pedestal/90578,st_struct_pedestal/92570
ug_route/243059,OSP:BUSP:C668024,pole/53720,st_struct_pedestal/92854
ug_route/243060,OSP:BUSP:D8186357,st_struct_pedestal/92709,pole/53372
ug_route/243061,OSP:BUSP::14932085,st_struct_pedestal/93633,st_struct_pedestal/92819
ug_route/243062,OSP:FBSP::13679966,st_struct_pedestal/93355,building/66425
ug_route/243063,OSP:FBSP:C651153,st_struct_pedestal/91369,st_struct_pedestal/92069
ug_route/243064,OSP:FBSP:C656108,st_struct_pedestal/93790,st_struct_pedestal/90910
ug_route/243065,OSP:BUSP:C648269,pole/52470,cabinet/2766
ug_route/243066,OSP:BUSP::16079684,st_struct_pedestal/93633,st_struct_pedestal/92819
ug_route/243067,OSP:FBSP:C648218,st_struct_pedestal/93581,building/66333
ug_route/243068,OSP:FORSP::16954182,st_struct_vault/2779,st_struct_vault/2713
ug_route/243069,OSP:BUSP:C656392,mywcom_route_junction/27145,mywcom_route_junction/27236
ug_route/243070,OSP:BUSP:C654948,pole/54069,st_struct_pedestal/91734
ug_route/243071,OSP:FBSP:C651063,st_struct_pedestal/94178,st_struct_pedestal/93190
ug_route/243072,OSP:BUSP::9340672,st_struct_pedestal/92458,building/67733
ug_route/243073,OSP:FBSP::7629594,building/67578,mywcom_route_junction/27986
ug_route/243074,OSP:FORSP::16951940,st_struct_vault/2756,mywcom_route_junction/27724
ug_route/243075,OSP:FBSP:C660476,st_struct_pedestal/92901,building/66534
ug_route/243076,OSP:FBSP:C651527,st_struct_pedestal/91290,st_struct_pedestal/92254
ug_route/243077,OSP:BUSP::10661624,st_struct_pedestal/93693,building/66513
ug_route/243078,OSP:BUSP:C641598,st_struct_pedestal/93917,building/67110
ug_route/243079,OSP:BUSP::8574869,mywcom_route_junction/27375,building/67987
ug_route/243080,OSP:FBSP:C708145,pole/53950,st_struct_pedestal/92815
ug_route/243081,OSP:FBSP:C651356,st_struct_pedestal/91399,st_struct_pedestal/93615
ug_route/243082,OSP:BUSP:C651005,mywcom_route_junction/28096,st_struct_pedestal/91453
ug_route/243083,OSP:BUSP:C656445,mywcom_route_junction/27363,mywcom_route_junction/27518
ug_route/243084,OSP:BUSP:C652003,st_struct_pedestal/90749,building/68079
ug_route/243085,OSP:FBSP::11431260,st_struct_pedestal/92138,st_struct_pedestal/94216
ug_route/243086,OSP:FBSP::8603980,pole/52462,building/68601
ug_route/243087,OSP:BUSP:C661787,st_struct_pedestal/91612,mywcom_route_junction/27326
ug_route/243088,OSP:BUSP::9526913,st_struct_pedestal/92069,st_struct_pedestal/91369
ug_route/243089,OSP:FBSP::12053071,mywcom_route_junction/27380,mywcom_route_junction/27144
ug_route/243090,OSP:FBSP:C667431,st_struct_pedestal/92899,mywcom_route_junction/27607
ug_route/243091,OSP:FBSP:C650391,st_struct_pedestal/92976,building/68329
ug_route/243092,OSP:BUSP::8345418,mywcom_route_junction/27397,st_struct_pedestal/92456
ug_route/243093,OSP:FBSP:C645975,st_struct_pedestal/91724,st_struct_pedestal/92422
ug_route/243094,OSP:FBSP::8588365,st_struct_pedestal/91877,st_struct_pedestal/93062
ug_route/243095,OSP:FBSP:C650350,st_struct_pedestal/92099,building/67965
ug_route/243096,OSP:FBSP::12053042,building/66158,mywcom_route_junction/28219
ug_route/243097,OSP:FBSP:C644490,mywcom_route_junction/27600,st_struct_pedestal/92016
ug_route/243098,OSP:FBSP:C705556,building/66360,mywcom_route_junction/27521
ug_route/243099,OSP:BUSP::10711864,st_struct_pedestal/93713,building/68806
ug_route/243100,OSP:BUSP:C648395,st_struct_pedestal/94213,st_struct_pedestal/91622
ug_route/243101,OSP:BUSP:C651141,st_struct_pedestal/92308,building/67496
ug_route/243102,OSP:FBSP:C651593,st_struct_pedestal/91986,st_struct_pedestal/90794
ug_route/243103,OSP:BUSP:C658094,st_struct_pedestal/92374,building/68519
ug_route/243104,OSP:BUSP::8586389,pole/53207,building/68734
ug_route/243105,OSP:FBSP:C706442,pole/54169,building/67040
ug_route/243106,OSP:BUSP::9454288,st_struct_pedestal/90910,st_struct_pedestal/93790
ug_route/243107,OSP:FBSP:C663571,st_struct_pedestal/92129,st_struct_pedestal/91022
ug_route/243108,OSP:BUSP::16601295,pole/54169,building/67040
ug_route/243109,OSP:BUSP::9528190,st_struct_pedestal/93190,st_struct_pedestal/94178
ug_route/243110,OSP:BUSP::16040255,mywcom_route_junction/27740,building/66486
ug_route/243111,OSP:FBSP:C663560,st_struct_pedestal/93166,st_struct_pedestal/93644
ug_route/243112,OSP:FBSP:C663569,st_struct_pedestal/92816,st_struct_pedestal/92129
ug_route/243113,OSP:FBSP:C663563,st_struct_pedestal/93644,st_struct_pedestal/91575
ug_route/243114,OSP:FBSP:C663564,st_struct_pedestal/91575,st_struct_pedestal/91858
ug_route/243115,OSP:FBSP:C663567,st_struct_pedestal/91858,st_struct_pedestal/92816
ug_route/243116,OSP:BUSP::9531712,st_struct_pedestal/91290,st_struct_pedestal/92254
ug_route/243117,OSP:FBSP::14785213,st_struct_pedestal/93978,st_struct_pedestal/91635
ug_route/243118,OSP:FBSP::7629280,st_struct_pedestal/92047,st_struct_pedestal/92761
ug_route/243119,OSP:BUSP::15968587,st_struct_pedestal/91424,mywcom_route_junction/27962
ug_route/243120,OSP:FBSP::12052128,mywcom_route_junction/27679,building/68224
ug_route/243121,OSP:FBSP:C663371,st_struct_pedestal/91932,st_struct_pedestal/91627
ug_route/243122,OSP:FBSP::12053067,building/68767,mywcom_route_junction/27554
ug_route/243123,OSP:BUSP::9520210,st_struct_pedestal/91399,st_struct_pedestal/93615
ug_route/243124,OSP:FBSP:C644248,st_struct_pedestal/92190,st_struct_pedestal/92518
ug_route/243125,OSP:BUSP:C651334,st_struct_pedestal/91555,st_struct_pedestal/92745
ug_route/243126,OSP:BUSP:C649042,st_struct_pedestal/92197,building/68612
ug_route/243127,OSP:FBSP::13402195,st_struct_pedestal/93632,mywcom_route_junction/27753
ug_route/243128,OSP:BUSP:C648445,st_struct_pedestal/92387,pole/53275
ug_route/243129,OSP:BUSP::9479548,st_struct_pedestal/91946,st_struct_pedestal/91275
ug_route/243130,OSP:FBSP::13095329,st_struct_pedestal/91558,building/68742
ug_route/243131,OSP:BUSP:C667537,st_struct_pedestal/93047,pole/52777
ug_route/243132,OSP:BUSP:C649271,st_struct_pedestal/92161,building/67821
ug_route/243133,OSP:BUSP:C655779,st_struct_pedestal/92844,st_struct_pedestal/94033
ug_route/243134,OSP:BUSP::11804366,st_struct_pedestal/93449,building/66222
ug_route/243135,OSP:FBSP:C667427,st_struct_pedestal/93406,st_struct_pedestal/91749
ug_route/243136,OSP:BUSP:C651051,st_struct_pedestal/90982,building/66436
ug_route/243137,OSP:BUSP::9531380,st_struct_pedestal/92422,st_struct_pedestal/91724
ug_route/243138,OSP:FBSP:C646168,st_struct_pedestal/91503,st_struct_pedestal/92010
ug_route/243139,OSP:FBSP:C705599,building/67218,building/68143
ug_route/243140,OSP:BUSP:C641138,st_struct_pedestal/91139,building/66562
ug_route/243141,OSP:BUSP::10661626,st_struct_pedestal/91933,building/66780
ug_route/243142,OSP:FBSP::8588668,pole/54050,pole/52240
ug_route/243143,OSP:FBSP:C663414,st_struct_pedestal/93360,st_struct_pedestal/93133
ug_route/243144,OSP:BUSP::16788473,mywcom_route_junction/27265,mywcom_route_junction/27698
ug_route/243145,OSP:FORSP::16956653,st_struct_vault/2729,pole/52893
ug_route/243146,OSP:BUSP:C667213,mywcom_route_junction/27810,st_struct_pedestal/93405
ug_route/243147,OSP:BUSP::16013381,pole/54236,building/68047
ug_route/243148,OSP:BUSP:C648276,pole/52470,cabinet/2766
ug_route/243149,OSP:BUSP::9532350,st_struct_pedestal/90794,st_struct_pedestal/91986
ug_route/243150,OSP:BUSP::16057851,mywcom_route_junction/27260,st_struct_pedestal/92150
ug_route/243151,OSP:BUSP::8382532,st_struct_pedestal/92878,st_struct_pedestal/92442
ug_route/243152,OSP:FBSP::8573905,st_struct_pedestal/91020,st_struct_pedestal/93187
ug_route/243153,OSP:BUSP::11331067,st_struct_pedestal/92863,st_struct_pedestal/90888
ug_route/243154,OSP:FBSP::11652662,st_struct_pedestal/92331,st_struct_pedestal/90631
ug_route/243155,OSP:BUSP:C662338,st_struct_pedestal/93283,st_struct_pedestal/90742
ug_route/243156,OSP:BUSP:C651817,st_struct_pedestal/91691,st_struct_pedestal/92325
ug_route/243157,OSP:BUSP:C661966,st_struct_pedestal/93965,building/66782
ug_route/243158,OSP:BUSP::16048245,pole/52849,building/66170
ug_route/243159,OSP:FBSP:C656457,mywcom_route_junction/27711,building/67367
ug_route/243160,OSP:BUSP::15987451,pole/53859,building/68349
ug_route/243161,OSP:BUSP::10922760,st_struct_pedestal/90579,mywcom_route_junction/27887
ug_route/243162,OSP:BUSP::9453944,st_struct_pedestal/91627,st_struct_pedestal/91932
ug_route/243163,OSP:FBSP::10637985,st_struct_pedestal/91754,mywcom_route_junction/27536
ug_route/243164,OSP:FBSP:C643158,st_struct_pedestal/91725,st_struct_pedestal/93170
ug_route/243165,OSP:BUSP:C707413,st_struct_buried_splice_location/3993,mywcom_route_junction/28081
ug_route/243166,OSP:BUSP:C667619,st_struct_pedestal/92112,st_struct_pedestal/90616
ug_route/243167,OSP:BUSP::9520202,st_struct_pedestal/91555,st_struct_pedestal/92745
ug_route/243168,OSP:BUSP:C639504,st_struct_pedestal/93259,st_struct_pedestal/93929
ug_route/243169,OSP:BUSP:C642397,pole/53280,mywcom_route_junction/27420
ug_route/243170,OSP:FBSP:C651666,st_struct_pedestal/90707,st_struct_pedestal/91825
ug_route/243171,OSP:BUSP::9451427,pole/53275,st_struct_pedestal/92387
ug_route/243172,OSP:BUSP:C707156,st_struct_pedestal/93246,st_struct_buried_splice_location/3891
ug_route/243173,OSP:BUSP::11474133,st_struct_pedestal/90868,st_struct_vault/2714
ug_route/243174,OSP:FBSP:C704903,st_struct_buried_splice_location/3979,building/66744
ug_route/243175,OSP:FBSP:C639752,st_struct_pedestal/92475,st_struct_pedestal/91479
ug_route/243176,OSP:BUSP::9484087,st_struct_pedestal/92518,st_struct_pedestal/92190
ug_route/243177,OSP:BUSP::11417598,st_struct_pedestal/92907,st_struct_pedestal/91911
ug_route/243178,OSP:BUSP::10720529,mywcom_route_junction/27136,st_struct_pedestal/92470
ug_route/243179,OSP:FBSP:C651639,st_struct_pedestal/91040,building/67813
ug_route/243180,OSP:BUSP:C648435,st_struct_pedestal/92945,st_struct_pedestal/90672
ug_route/243181,OSP:BUSP::9491433,st_struct_pedestal/91749,st_struct_pedestal/93406
ug_route/243182,OSP:BUSP::9450459,mywcom_route_junction/28009,mywcom_route_junction/27819
ug_route/243183,OSP:BUSP::9454280,st_struct_pedestal/93133,st_struct_pedestal/93360
ug_route/243184,OSP:BUSP::11417592,st_struct_pedestal/93817,st_struct_pedestal/91017
ug_route/243185,OSP:FBSP:C651591,st_struct_pedestal/91758,st_struct_pedestal/91986
ug_route/243186,OSP:FBSP::13679964,st_struct_pedestal/93355,building/67521
ug_route/243187,OSP:BUSP::10618102,pole/53509,building/68750
ug_route/243188,OSP:FBSP::8588364,st_struct_pedestal/90594,st_struct_pedestal/91877
ug_route/243189,OSP:FBSP::13098310,st_struct_pedestal/91800,st_struct_pedestal/91672
ug_route/243190,OSP:FBSP:C639748,st_struct_pedestal/92234,st_struct_pedestal/91883
ug_route/243191,OSP:BUSP:C657297,st_struct_pedestal/94109,pole/52291
ug_route/243192,OSP:FBSP::8415507,mywcom_route_junction/27817,mywcom_route_junction/28079
ug_route/243193,OSP:FBSP:C642384,st_struct_pedestal/91223,st_struct_pedestal/90538
ug_route/243194,OSP:FBSP:C656036,st_struct_pedestal/92925,st_struct_pedestal/92543
ug_route/243195,OSP:BUSP::11331068,st_struct_pedestal/90888,st_struct_pedestal/91613
ug_route/243196,OSP:FBSP::10638317,mywcom_route_junction/27946,building/68537
ug_route/243197,OSP:FBSP::11431253,st_struct_pedestal/91496,st_struct_pedestal/93239
ug_route/243198,OSP:FBSP:C705544,st_struct_pedestal/93615,st_struct_pedestal/91619
ug_route/243199,OSP:BUSP:C660923,st_struct_pedestal/92721,building/66724
ug_route/243200,OSP:BUSP::11417603,st_struct_pedestal/91349,st_struct_pedestal/91324
ug_route/243201,OSP:BUSP::8402716,mywcom_route_junction/27498,st_struct_pedestal/90970
ug_route/243202,OSP:FBSP::13098312,st_struct_pedestal/92777,st_struct_pedestal/92431
ug_route/243203,OSP:BUSP:C708104,st_struct_buried_splice_location/3903,building/68169
ug_route/243204,OSP:BUSP::9454921,st_struct_pedestal/91725,st_struct_pedestal/93170
ug_route/243205,OSP:FBSP::13098257,st_struct_pedestal/93450,st_struct_pedestal/91447
ug_route/243206,OSP:FBSP::13098259,st_struct_pedestal/92919,st_struct_pedestal/94279
ug_route/243207,OSP:FBSP::8330096,st_struct_pedestal/92593,st_struct_pedestal/92143
ug_route/243208,OSP:FBSP:C667436,st_struct_pedestal/91227,st_struct_pedestal/93527
ug_route/243209,OSP:BUSP::9532351,st_struct_pedestal/91986,st_struct_pedestal/91758
ug_route/243210,OSP:FBSP:C644380,st_struct_pedestal/93645,building/66352
ug_route/243211,OSP:BUSP::9490789,st_struct_pedestal/93929,st_struct_pedestal/93259
ug_route/243212,OSP:BUSP:C707831,st_struct_pedestal/93010,pole/52655
ug_route/243213,OSP:FBSP::13677702,st_struct_pedestal/93030,st_struct_pedestal/91388
ug_route/243214,OSP:FBSP:C643067,st_struct_pedestal/90606,st_struct_pedestal/91088
ug_route/243215,OSP:FBSP::13098308,st_struct_pedestal/94279,st_struct_pedestal/92354
ug_route/243216,OSP:FBSP:C678639,st_struct_pedestal/91342,building/66587
ug_route/243217,OSP:BUSP:C667268,st_struct_pedestal/92079,building/66416
ug_route/243218,OSP:FBSP:C654114,pole/53401,building/67469
ug_route/243219,OSP:FBSP::16829717,building/67022,st_struct_pedestal/91472
ug_route/243220,OSP:BUSP::9514104,st_struct_pedestal/91825,st_struct_pedestal/90707
ug_route/243221,OSP:FBSP::13098258,st_struct_pedestal/91447,st_struct_pedestal/92919
ug_route/243222,OSP:FBSP:C653920,pole/53198,building/67568
ug_route/243223,OSP:BUSP::9430938,st_struct_pedestal/92636,mywcom_route_junction/28210
ug_route/243224,OSP:BUSP:C650278,st_struct_pedestal/92471,st_struct_pedestal/90543
ug_route/243225,OSP:BUSP:C646075,st_struct_pedestal/93664,building/68167
ug_route/243226,OSP:BUSP::9490749,st_struct_pedestal/91223,st_struct_pedestal/90538
ug_route/243227,OSP:FBSP::13098311,st_struct_pedestal/91672,st_struct_pedestal/92777
ug_route/243228,OSP:BUSP::14932086,pole/52688,building/66833
ug_route/243229,OSP:FORSP:C647920,mywcom_route_junction/27183,st_struct_pedestal/92874
ug_route/243230,OSP:BUSP::8437605,cabinet/2830,pole/52346
ug_route/243231,OSP:FBSP:C656384,mywcom_route_junction/27236,building/66801
ug_route/243232,OSP:FBSP::12052045,st_struct_pedestal/91282,st_struct_pedestal/92243
ug_route/243233,OSP:BUSP::8415499,mywcom_route_junction/28025,st_struct_pedestal/92119
ug_route/243234,OSP:BUSP::9518905,st_struct_pedestal/91619,st_struct_pedestal/93615
ug_route/243235,OSP:BUSP:C660967,st_struct_pedestal/92665,building/66284
ug_route/243236,OSP:FBSP:C667464,st_struct_pedestal/93141,st_struct_pedestal/91339
ug_route/243237,OSP:FBSP:C704354,mywcom_route_junction/27473,st_struct_pedestal/93017
ug_route/243238,OSP:BUSP::9452066,st_struct_pedestal/92738,cabinet/2832
ug_route/243239,OSP:BUSP::10675428,st_struct_pedestal/93645,building/66352
ug_route/243240,OSP:BUSP:D8183765,mywcom_route_junction/28118,mywcom_route_junction/27523
ug_route/243241,OSP:FBSP:C651860,st_struct_pedestal/90790,building/66854
ug_route/243242,OSP:FBSP::8440153,st_struct_pedestal/90783,st_struct_pedestal/91456
ug_route/243243,OSP:BUSP::15118988,mywcom_route_junction/27113,mywcom_route_junction/27431
ug_route/243244,OSP:BUSP::15980417,pole/52270,building/66531
ug_route/243245,OSP:BUSP::9528823,st_struct_pedestal/91227,st_struct_pedestal/93527
ug_route/243246,OSP:FBSP::13098309,st_struct_pedestal/92354,st_struct_pedestal/91800
ug_route/243247,OSP:BUSP::8415497,mywcom_route_junction/28005,st_struct_pedestal/94173
ug_route/243248,OSP:FBSP:C651395,st_struct_pedestal/91982,st_struct_pedestal/91408
ug_route/243249,OSP:FBSP:C651493,st_struct_pedestal/93134,st_struct_pedestal/93850
ug_route/243250,OSP:BUSP::16057525,st_struct_pedestal/92926,mywcom_route_junction/27540
ug_route/243251,OSP:BUSP::8330402,st_struct_pedestal/94277,st_struct_pedestal/93519
ug_route/243252,OSP:FBSP::12053007,building/67198,mywcom_route_junction/27669
ug_route/243253,OSP:BUSP::16694729,mywcom_route_junction/27419,mywcom_route_junction/27828
ug_route/243254,OSP:BUSP::8336453,st_struct_pedestal/93396,st_struct_pedestal/92455
ug_route/243255,OSP:FBSP::16106193,mywcom_route_junction/27860,mywcom_route_junction/27171
ug_route/243256,OSP:BUSP::10273140,st_struct_pedestal/94037,cabinet/2850
ug_route/243257,OSP:FBSP:C651331,st_struct_pedestal/93474,st_struct_pedestal/91555
ug_route/243258,OSP:FBSP:C706981,mywcom_route_junction/27736,mywcom_route_junction/27640
ug_route/243259,OSP:FBSP:C707411,pole/52312,building/66143
ug_route/243260,OSP:BUSP::15350964,st_struct_pedestal/91699,building/66962
ug_route/243261,OSP:BUSP:C711780,st_struct_pedestal/90601,st_struct_pedestal/93249
ug_route/243262,OSP:FBSP:C663578,mywcom_route_junction/28125,mywcom_route_junction/27913
ug_route/243263,OSP:FBSP:C651408,pole/53081,building/68800
ug_route/243264,OSP:FBSP:C671108,st_struct_pedestal/92412,building/68010
ug_route/243265,OSP:FBSP:C646300,mywcom_route_junction/27926,building/66490
ug_route/243266,OSP:BUSP::9271173,pole/53924,pole/53371
ug_route/243267,OSP:BUSP::8382231,st_struct_pedestal/93487,building/66504
ug_route/243268,OSP:FBSP::13098256,st_struct_pedestal/91566,st_struct_pedestal/93450
ug_route/243269,OSP:FBSP::8347658,st_struct_pedestal/90545,st_struct_pedestal/92180
ug_route/243270,OSP:BUSP::9433487,st_struct_pedestal/91088,st_struct_pedestal/90606
ug_route/243271,OSP:FBSP:C652842,pole/53943,building/68759
ug_route/243272,OSP:FBSP:C662189,st_struct_pedestal/91655,building/66232
ug_route/243273,OSP:BUSP:C650902,st_struct_pedestal/93493,pole/53706
ug_route/243274,OSP:BUSP::9490814,st_struct_pedestal/91339,st_struct_pedestal/93141
ug_route/243275,OSP:BUSP::9490787,st_struct_pedestal/90860,st_struct_pedestal/93415
ug_route/243276,OSP:FBSP:C640002,pole/54179,building/66716
ug_route/243277,OSP:BUSP::14116404,pole/54081,building/68843
ug_route/243278,OSP:BUSP:C706393,mywcom_route_junction/27139,st_struct_pedestal/91403
ug_route/243279,OSP:BUSP::9502905,st_struct_pedestal/92019,st_struct_pedestal/91987
ug_route/243280,OSP:BUSP::15987457,pole/53429,building/66451
ug_route/243281,OSP:BUSP::13514492,mywcom_route_junction/27414,building/67974
ug_route/243282,OSP:BUSP::10763383,st_struct_pedestal/94151,st_struct_pedestal/90770
ug_route/243283,OSP:FBSP::8947040,st_struct_pedestal/92236,st_struct_pedestal/92177
ug_route/243284,OSP:BUSP::13918012,st_struct_pedestal/93221,building/66512
ug_route/243285,OSP:BUSP:C660876,st_struct_pedestal/93011,building/66105
ug_route/243286,OSP:FBSP:C653506,pole/54477,building/67112
ug_route/243287,OSP:BUSP::9529784,mywcom_route_junction/27217,st_struct_pedestal/92667
ug_route/243288,OSP:BUSP::10271222,mywcom_route_junction/27459,st_struct_pedestal/92668
ug_route/243289,OSP:FBSP:C704351,mywcom_route_junction/27714,st_struct_pedestal/92261
ug_route/243290,OSP:FORSP:C646212,mywcom_route_junction/28064,st_struct_pedestal/93991
ug_route/243291,OSP:BUSP:C648536,st_struct_pedestal/93264,building/68737
ug_route/243292,OSP:FBSP::13729556,st_struct_pedestal/93870,st_struct_pedestal/90541
ug_route/243293,OSP:BUSP::9531723,st_struct_pedestal/93134,st_struct_pedestal/93850
ug_route/243294,OSP:FBSP:C668328,st_struct_pedestal/90961,building/66758
ug_route/243295,OSP:BUSP:C650292,st_struct_pedestal/92471,st_struct_pedestal/90543
ug_route/243296,OSP:BUSP::9520201,st_struct_pedestal/93474,st_struct_pedestal/91555
ug_route/243297,OSP:FBSP::12052980,st_struct_pedestal/93445,st_struct_pedestal/91664
ug_route/243298,OSP:BUSP:C648387,st_struct_pedestal/91894,st_struct_pedestal/93636
ug_route/243299,OSP:FBSP::13098252,st_struct_pedestal/94044,mywcom_route_junction/27351
ug_route/243300,OSP:FBSP:C666435,pole/53880,building/67352
ug_route/243301,OSP:FBSP:C642383,st_struct_pedestal/90915,st_struct_pedestal/91223
ug_route/243302,OSP:FBSP:C654071,mywcom_route_junction/27943,building/67660
ug_route/243303,OSP:BUSP::10690450,st_struct_pedestal/90790,building/66854
ug_route/243304,OSP:BUSP::9460123,st_struct_pedestal/90739,mywcom_route_junction/27882
ug_route/243305,OSP:FBSP::8950882,st_struct_pedestal/92524,st_struct_pedestal/92236
ug_route/243306,OSP:FBSP:C668345,st_struct_pedestal/93328,building/67892
ug_route/243307,OSP:FBSP:C651066,st_struct_pedestal/94178,st_struct_pedestal/92589
ug_route/243308,OSP:FBSP::16057227,st_struct_pedestal/93851,st_struct_pedestal/93291
ug_route/243309,OSP:FBSP:C705538,mywcom_route_junction/27547,mywcom_route_junction/27228
ug_route/243310,OSP:FBSP:C711671,st_struct_pedestal/93364,mywcom_route_junction/28067
ug_route/243311,OSP:BUSP::10433177,st_struct_pedestal/91699,building/66962
ug_route/243312,OSP:BUSP:C667614,st_struct_pedestal/94156,st_struct_pedestal/92112
ug_route/243313,OSP:FBSP:C653992,mywcom_route_junction/27521,building/67124
ug_route/243314,OSP:FBSP:C651272,st_struct_pedestal/94003,st_struct_pedestal/94212
ug_route/243315,OSP:FBSP:C639668,st_struct_pedestal/92257,st_struct_pedestal/93013
ug_route/243316,OSP:FBSP::8415824,st_struct_pedestal/92327,st_struct_pedestal/90678
ug_route/243317,OSP:BUSP::16017204,st_struct_pedestal/90613,building/68218
ug_route/243318,OSP:BUSP::13616263,st_struct_pedestal/92412,building/68010
ug_route/243319,OSP:BUSP:C650375,st_struct_pedestal/91262,st_struct_pedestal/91014
ug_route/243320,OSP:BUSP:C654676,st_struct_pedestal/93810,building/66162
ug_route/243321,OSP:BUSP:C656444,mywcom_route_junction/28215,mywcom_route_junction/27363
ug_route/243322,OSP:BUSP:C669960,st_struct_pedestal/93478,building/66846
ug_route/243323,OSP:FBSP:C704335,pole/52259,st_struct_pedestal/91188
ug_route/243324,OSP:FBSP:C657873,st_struct_pedestal/91603,building/68834
ug_route/243325,OSP:BUSP:C654342,st_struct_pedestal/90562,st_struct_pedestal/91845
ug_route/243326,OSP:BUSP::9514132,st_struct_pedestal/91408,st_struct_pedestal/91982
ug_route/243327,OSP:BUSP:C648295,mywcom_route_junction/27368,st_struct_pedestal/93342
ug_route/243328,OSP:BUSP::10677988,st_struct_pedestal/92738,building/67181
ug_route/243329,OSP:BUSP::15978503,pole/52327,building/66926
ug_route/243330,OSP:FBSP::8950863,st_struct_pedestal/93482,st_struct_pedestal/93108
ug_route/243331,OSP:BUSP:C711641,pole/53298,st_struct_pedestal/90625
ug_route/243332,OSP:FBSP:C646047,st_struct_pedestal/94083,st_struct_pedestal/91246
ug_route/243333,OSP:BUSP::10666436,st_struct_pedestal/92867,building/68554
ug_route/243334,OSP:FBSP::16945140,mywcom_route_junction/27121,building/68851
ug_route/243335,OSP:FBSP::8947041,st_struct_pedestal/92177,st_struct_pedestal/91801
ug_route/243336,OSP:FBSP::12051786,mywcom_route_junction/27355,building/68800
ug_route/243337,OSP:BUSP::10689783,st_struct_pedestal/93730,st_struct_pedestal/90796
ug_route/243338,OSP:FBSP:C657810,cabinet/2768,building/67823
ug_route/243339,OSP:BUSP:C663644,st_struct_pedestal/91190,building/66460
ug_route/243340,OSP:FBSP::8586391,pole/52777,building/68671
ug_route/243341,OSP:BUSP::9489807,st_struct_pedestal/92257,st_struct_pedestal/93013
ug_route/243342,OSP:FBSP:C663576,mywcom_route_junction/27681,mywcom_route_junction/28125
ug_route/243343,OSP:FBSP:C658122,st_struct_pedestal/92794,st_struct_pedestal/90747
ug_route/243344,OSP:FBSP:C651436,st_struct_pedestal/93787,st_struct_pedestal/93624
ug_route/243345,OSP:BUSP:C643622,st_struct_pedestal/94245,st_struct_pedestal/91583
ug_route/243346,OSP:FBSP:C656084,pole/53944,building/67543
ug_route/243347,OSP:BUSP::9528191,st_struct_pedestal/94178,st_struct_pedestal/92589
ug_route/243348,OSP:BUSP::9532340,mywcom_route_junction/27535,st_struct_pedestal/93520
ug_route/243349,OSP:BUSP::10352846,st_struct_pedestal/90620,st_struct_pedestal/91699
ug_route/243350,OSP:BUSP:C657371,pole/53729,st_struct_pedestal/91137
ug_route/243351,OSP:FBSP::8448152,pole/54458,st_struct_pedestal/93337
ug_route/243352,OSP:FBSP::11381316,pole/54154,building/67087
ug_route/243353,OSP:FBSP::8947042,st_struct_pedestal/91801,st_struct_pedestal/90843
ug_route/243354,OSP:FBSP:C648338,st_struct_pedestal/90613,building/68218
ug_route/243355,OSP:BUSP:C665779,mywcom_route_junction/27474,st_struct_pedestal/91100
ug_route/243356,OSP:BUSP:C650487,st_struct_pedestal/90955,building/67933
ug_route/243357,OSP:FBSP::8588366,pole/52606,st_struct_pedestal/92141
ug_route/243358,OSP:BUSP::15354173,pole/52777,building/68671
ug_route/243359,OSP:FBSP:C639746,st_struct_pedestal/93067,st_struct_pedestal/92234
ug_route/243360,OSP:FBSP:C680742,st_struct_pedestal/93048,building/67138
ug_route/243361,OSP:BUSP::8403333,st_struct_pedestal/92803,mywcom_route_junction/28006
ug_route/243362,OSP:FBSP:C643009,st_struct_pedestal/92313,mywcom_route_junction/27334
ug_route/243363,OSP:BUSP:C667665,pole/53219,st_struct_pedestal/93709
ug_route/243364,OSP:FBSP::12053039,mywcom_route_junction/27730,mywcom_route_junction/28129
ug_route/243365,OSP:BUSP:C651796,mywcom_route_junction/28164,st_struct_pedestal/93638
ug_route/243366,OSP:FBSP:C639777,st_struct_pedestal/94116,st_struct_pedestal/90731
ug_route/243367,OSP:FBSP::9508052,mywcom_route_junction/27641,st_struct_pedestal/93144
ug_route/243368,OSP:FBSP::8588360,pole/52993,st_struct_pedestal/92066
ug_route/243369,OSP:FBSP:C656191,st_struct_pedestal/92810,st_struct_pedestal/94100
ug_route/243370,OSP:BUSP::10689784,pole/54235,st_struct_pedestal/93696
ug_route/243371,OSP:BUSP::9490748,st_struct_pedestal/90915,st_struct_pedestal/91223
ug_route/243372,OSP:BUSP::9311873,pole/54179,building/66716
ug_route/243373,OSP:FBSP:C653412,st_struct_pedestal/92394,building/67008
ug_route/243374,OSP:FBSP::16098814,st_struct_pedestal/93633,st_struct_pedestal/92819
ug_route/243375,OSP:BUSP::16764613,st_struct_pedestal/93874,st_struct_pedestal/91281
ug_route/243376,OSP:FBSP::14203126,st_struct_pedestal/93220,st_struct_pedestal/92295
ug_route/243377,OSP:BUSP::9497146,st_struct_pedestal/91403,st_struct_pedestal/94302
ug_route/243378,OSP:BUSP:C651781,st_struct_pedestal/92470,mywcom_route_junction/27741
ug_route/243379,OSP:FBSP:C706961,mywcom_route_junction/27646,mywcom_route_junction/27706
ug_route/243380,OSP:FBSP:C670275,st_struct_pedestal/90872,building/67938
ug_route/243381,OSP:FBSP:C652839,pole/53943,building/66370
ug_route/243382,OSP:FBSP:C656439,mywcom_route_junction/27710,building/66527
ug_route/243383,OSP:BUSP:C654214,st_struct_pedestal/93262,st_struct_buried_splice_location/3937
ug_route/243384,OSP:FBSP:C646141,st_struct_pedestal/94223,st_struct_pedestal/91688
ug_route/243385,OSP:BUSP::16783621,mywcom_route_junction/27847,mywcom_route_junction/27412
ug_route/243386,OSP:BUSP::10725956,st_struct_pedestal/91691,st_struct_pedestal/92325
ug_route/243387,OSP:BUSP::17115223,st_struct_pedestal/93871,pole/52460
ug_route/243388,OSP:FBSP::16787863,st_struct_pedestal/93590,st_struct_pedestal/91174
ug_route/243389,OSP:FBSP:C639524,st_struct_pedestal/91042,st_struct_pedestal/93230
ug_route/243390,OSP:BUSP::9455542,st_struct_pedestal/92794,st_struct_pedestal/90747
ug_route/243391,OSP:BUSP::15968583,st_struct_pedestal/92981,mywcom_route_junction/28186
ug_route/243392,OSP:FBSP:C667260,st_struct_pedestal/93281,building/67345
ug_route/243393,OSP:FBSP:C667218,st_struct_pedestal/93405,st_struct_pedestal/92662
ug_route/243394,OSP:FBSP:C643034,st_struct_pedestal/93240,st_struct_pedestal/92291
ug_route/243395,OSP:BUSP::12032247,st_struct_pedestal/92134,st_struct_pedestal/94203
ug_route/243396,OSP:FBSP::7698052,st_struct_pedestal/93027,building/68630
ug_route/243397,OSP:FBSP:C654974,st_struct_pedestal/94087,building/66170
ug_route/243398,OSP:FORSP::16961861,st_struct_vault/2722,cabinet/2824
ug_route/243399,OSP:BUSP::10733943,pole/54502,building/66272
ug_route/243400,OSP:BUSP::9509322,mywcom_route_junction/27387,st_struct_pedestal/93406
ug_route/243401,OSP:FBSP::11431252,st_struct_pedestal/92189,st_struct_pedestal/91496
ug_route/243402,OSP:FBSP:C640436,st_struct_pedestal/90977,mywcom_route_junction/27328
ug_route/243403,OSP:FBSP:C661767,st_struct_pedestal/93179,building/67050
ug_route/243404,OSP:FBSP:C642415,st_struct_pedestal/93929,st_struct_pedestal/91766
ug_route/243405,OSP:BUSP:C655339,st_struct_pedestal/91316,building/68141
ug_route/243406,OSP:BUSP::12178796,st_struct_pedestal/93687,building/67863
ug_route/243407,OSP:BUSP::10756983,st_struct_pedestal/91668,mywcom_route_junction/28193
ug_route/243408,OSP:FBSP:C651415,st_struct_pedestal/93273,st_struct_pedestal/94324
ug_route/243409,OSP:BUSP::11322756,st_struct_pedestal/91105,mywcom_route_junction/27582
ug_route/243410,OSP:BUSP::13954868,st_struct_pedestal/92334,st_struct_pedestal/91130
ug_route/243411,OSP:FBSP::11431257,st_struct_pedestal/93238,st_struct_pedestal/92138
ug_route/243412,OSP:BUSP::16057526,st_struct_pedestal/92926,building/67370
ug_route/243413,OSP:BUSP::8336454,st_struct_pedestal/92455,st_struct_pedestal/93358
ug_route/243414,OSP:BUSP::16036086,st_struct_pedestal/91209,st_struct_pedestal/90649
ug_route/243415,OSP:FBSP::7634316,st_struct_pedestal/92761,building/68847
ug_route/243416,OSP:BUSP:C667608,st_struct_pedestal/92353,st_struct_pedestal/92304
ug_route/243417,OSP:BUSP:C648390,st_struct_pedestal/91622,st_struct_pedestal/94284
ug_route/243418,OSP:FORSP::16940436,mywcom_route_junction/27277,st_struct_vault/2780
ug_route/243419,OSP:FBSP:C656100,st_struct_pedestal/93890,st_struct_pedestal/90912
ug_route/243420,OSP:BUSP::11470320,st_struct_pedestal/91965,st_struct_vault/2767
ug_route/243421,OSP:FBSP::8336461,st_struct_pedestal/92870,st_struct_pedestal/91291
ug_route/243422,OSP:BUSP::10974919,st_struct_pedestal/92591,building/67459
ug_route/243423,OSP:FBSP::8433100,mywcom_route_junction/27544,building/67684
ug_route/243424,OSP:BUSP::10690437,st_struct_pedestal/93730,st_struct_pedestal/90796
ug_route/243425,OSP:FBSP:C670975,pole/54541,building/66493
ug_route/243426,OSP:FBSP::8330086,mywcom_route_junction/27503,st_struct_pedestal/93072
ug_route/243427,OSP:BUSP:C659969,st_struct_buried_splice_location/3892,st_struct_pedestal/92998
ug_route/243428,OSP:FBSP:C667136,st_struct_pedestal/93296,st_struct_pedestal/91944
ug_route/243429,OSP:FBSP:C654051,mywcom_route_junction/27228,building/66361
ug_route/243430,OSP:BUSP:C650486,st_struct_pedestal/90955,building/68549
ug_route/243431,OSP:FORSP::16954188,st_struct_vault/2712,st_struct_vault/2766
ug_route/243432,OSP:FBSP:C648332,st_struct_pedestal/92783,building/67002
ug_route/243433,OSP:BUSP::9490811,st_struct_pedestal/92662,st_struct_pedestal/93405
ug_route/243434,OSP:BUSP:C649783,st_struct_pedestal/94037,st_struct_pedestal/91572
ug_route/243435,OSP:BUSP:C652979,st_struct_pedestal/90970,pole/52920
ug_route/243436,OSP:BUSP::9430924,st_struct_pedestal/92291,st_struct_pedestal/93240
ug_route/243437,OSP:BUSP::9447576,st_struct_pedestal/93467,st_struct_pedestal/92873
ug_route/243438,OSP:FBSP::8346074,st_struct_pedestal/94286,st_struct_pedestal/92018
ug_route/243439,OSP:FBSP:C651671,st_struct_pedestal/91825,st_struct_pedestal/91405
ug_route/243440,OSP:BUSP::9490743,st_struct_pedestal/91042,st_struct_pedestal/93230
ug_route/243441,OSP:FBSP:C645918,st_struct_pedestal/93248,building/66402
ug_route/243442,OSP:FBSP:C705528,building/66914,building/67217
ug_route/243443,OSP:BUSP:C642353,st_struct_pedestal/94241,building/68560
ug_route/243444,OSP:FBSP:C711672,mywcom_route_junction/27649,building/68533
ug_route/243445,OSP:BUSP::12612771,mywcom_route_junction/27984,mywcom_route_junction/27169
ug_route/243446,OSP:BUSP:C663634,st_struct_pedestal/90649,st_struct_pedestal/91209
ug_route/243447,OSP:BUSP::8591503,mywcom_route_junction/27898,mywcom_route_junction/27557
ug_route/243448,OSP:FBSP:C666081,st_struct_pedestal/91438,st_struct_pedestal/93194
ug_route/243449,OSP:FBSP:C706970,mywcom_route_junction/27774,mywcom_route_junction/27627
ug_route/243450,OSP:BUSP:C666110,st_struct_pedestal/91719,st_struct_pedestal/91244
ug_route/243451,OSP:BUSP::15352265,pole/54541,building/66493
ug_route/243452,OSP:BUSP:C667669,st_struct_pedestal/91283,st_struct_pedestal/92473
ug_route/243453,OSP:FBSP:C662340,st_struct_pedestal/90742,building/67278
ug_route/243454,OSP:BUSP::10394137,st_struct_pedestal/91572,st_struct_pedestal/94037
ug_route/243455,OSP:BUSP::16788479,mywcom_route_junction/28211,mywcom_route_junction/27761
ug_route/243456,OSP:BUSP::13453066,mywcom_route_junction/27658,mywcom_route_junction/27756
ug_route/243457,OSP:BUSP:C666968,st_struct_pedestal/92366,st_struct_pedestal/92780
ug_route/243458,OSP:BUSP:C667450,st_struct_pedestal/92506,st_struct_pedestal/91287
ug_route/243459,OSP:FBSP::8382535,st_struct_pedestal/92003,st_struct_pedestal/91878
ug_route/243460,OSP:FBSP:C656098,st_struct_pedestal/92701,st_struct_pedestal/93890
ug_route/243461,OSP:BUSP::9490431,st_struct_pedestal/91766,st_struct_pedestal/93929
ug_route/243462,OSP:BUSP:C656351,st_struct_pedestal/90965,st_struct_pedestal/91933
ug_route/243463,OSP:BUSP::9531738,st_struct_pedestal/92016,mywcom_route_junction/27218
ug_route/243464,OSP:BUSP::11417627,mywcom_route_junction/27752,st_struct_pedestal/91789
ug_route/243465,OSP:BUSP:C641204,st_struct_pedestal/92237,building/67018
ug_route/243466,OSP:BUSP::9531388,st_struct_pedestal/91944,st_struct_pedestal/93296
ug_route/243467,OSP:BUSP::9513462,st_struct_pedestal/93273,st_struct_pedestal/94324
ug_route/243468,OSP:BUSP::7634313,st_struct_pedestal/92047,building/67197
ug_route/243469,OSP:BUSP:C667677,st_struct_pedestal/92473,st_struct_pedestal/92710
ug_route/243470,OSP:BUSP::11408198,st_struct_pedestal/92530,st_struct_pedestal/92525
ug_route/243471,OSP:BUSP::16788474,mywcom_route_junction/27698,mywcom_route_junction/28117
ug_route/243472,OSP:BUSP::10725966,mywcom_route_junction/28033,building/66853
ug_route/243473,OSP:BUSP::10272543,st_struct_pedestal/91708,mywcom_route_junction/28203
ug_route/243474,OSP:FBSP::8336455,st_struct_pedestal/93358,st_struct_pedestal/91764
ug_route/243475,OSP:FBSP:C646167,st_struct_pedestal/90920,st_struct_pedestal/91503
ug_route/243476,OSP:FBSP:C639802,st_struct_pedestal/91974,st_struct_pedestal/91442
ug_route/243477,OSP:BUSP::16789191,mywcom_route_junction/27327,mywcom_route_junction/27749
ug_route/243478,OSP:BUSP::15980413,st_struct_pedestal/92641,mywcom_route_junction/27886
ug_route/243479,OSP:BUSP::10693665,st_struct_pedestal/93248,building/66402
ug_route/243480,OSP:BUSP::8370719,st_struct_pedestal/93135,st_struct_pedestal/91164
ug_route/243481,OSP:BUSP:C667607,mywcom_route_junction/27241,st_struct_pedestal/92353
ug_route/243482,OSP:FBSP:C644249,st_struct_pedestal/93640,st_struct_pedestal/92190
ug_route/243483,OSP:FBSP::11067144,st_struct_pedestal/92208,st_struct_pedestal/92215
ug_route/243484,OSP:BUSP::11417591,st_struct_pedestal/93363,st_struct_pedestal/93817
ug_route/243485,OSP:BUSP::11470589,st_struct_pedestal/92530,st_struct_pedestal/92525
ug_route/243486,OSP:FBSP:C646011,st_struct_pedestal/91490,st_struct_pedestal/91629
ug_route/243487,OSP:BUSP:C670024,st_struct_pedestal/94340,building/67672
ug_route/243488,OSP:BUSP:C657085,pole/54060,st_struct_pedestal/93124
ug_route/243489,OSP:BUSP::15118985,st_struct_pedestal/94295,st_struct_pedestal/90801
ug_route/243490,OSP:BUSP:C658091,st_struct_pedestal/92374,building/67228
ug_route/243491,OSP:FBSP:C639514,st_struct_pedestal/91762,st_struct_pedestal/93863
ug_route/243492,OSP:BUSP::9508054,st_struct_pedestal/92505,st_struct_pedestal/93144
ug_route/243493,OSP:BUSP::9522433,st_struct_pedestal/94212,st_struct_pedestal/93142
ug_route/243494,OSP:BUSP:C667609,st_struct_pedestal/92304,st_struct_pedestal/90671
ug_route/243495,OSP:FORSP::17063316,st_struct_vault/2755,cabinet/2830
ug_route/243496,OSP:FBSP::13729558,st_struct_pedestal/90541,st_struct_pedestal/93181
ug_route/243497,OSP:BUSP::7625135,pole/53976,st_struct_pedestal/92333
ug_route/243498,OSP:FBSP:C660519,st_struct_pedestal/92178,building/67187
ug_route/243499,OSP:BUSP::9491429,st_struct_pedestal/91287,st_struct_pedestal/92506
ug_route/243500,OSP:BUSP::9514103,st_struct_pedestal/91405,st_struct_pedestal/91825
ug_route/243501,OSP:BUSP:C648418,st_struct_pedestal/92994,st_struct_pedestal/92041
ug_route/243502,OSP:BUSP::9451800,mywcom_route_junction/27427,mywcom_route_junction/28175
ug_route/243503,OSP:FBSP:C644269,st_struct_pedestal/91403,st_struct_pedestal/91108
ug_route/243504,OSP:BUSP::10706438,pole/54027,building/66490
ug_route/243505,OSP:FBSP:C651085,st_struct_pedestal/91620,st_struct_pedestal/91117
ug_route/243506,OSP:BUSP::7913437,st_struct_pedestal/92575,building/66215
ug_route/243507,OSP:BUSP::9528831,st_struct_pedestal/93872,mywcom_route_junction/28152
ug_route/243508,OSP:FBSP:C667251,st_struct_pedestal/90598,building/67080
ug_route/243509,OSP:FBSP:C667234,st_struct_pedestal/94111,st_struct_pedestal/91751
ug_route/243510,OSP:FBSP::12053064,building/67864,mywcom_route_junction/27455
ug_route/243511,OSP:FBSP:C654068,mywcom_route_junction/27943,building/66361
ug_route/243512,OSP:FBSP:C639783,st_struct_pedestal/92679,st_struct_pedestal/93899
ug_route/243513,OSP:FBSP:C639798,st_struct_pedestal/92294,st_struct_pedestal/91857
ug_route/243514,OSP:FBSP:C656250,mywcom_route_junction/27417,building/66363
ug_route/243515,OSP:BUSP::8603032,st_struct_pedestal/93292,mywcom_route_junction/27840
ug_route/243516,OSP:BUSP:C639353,st_struct_pedestal/93135,st_struct_pedestal/91164
ug_route/243517,OSP:BUSP::16040256,mywcom_route_junction/27942,mywcom_route_junction/28018
ug_route/243518,OSP:FBSP::8950865,st_struct_pedestal/91160,st_struct_pedestal/91969
ug_route/243519,OSP:FBSP:C705482,st_struct_pedestal/92667,st_struct_pedestal/91288
ug_route/243520,OSP:FBSP::8490067,st_struct_pedestal/91285,st_struct_pedestal/93001
ug_route/243521,OSP:BUSP::10756989,st_struct_pedestal/90897,building/67869
ug_route/243522,OSP:FBSP:C644357,st_struct_pedestal/93068,st_struct_pedestal/92199
ug_route/243523,OSP:BUSP:C667648,st_struct_pedestal/93137,st_struct_pedestal/93580
ug_route/243524,OSP:FBSP::8347659,st_struct_pedestal/92180,st_struct_pedestal/93718
ug_route/243525,OSP:BUSP::12032246,st_struct_pedestal/93522,st_struct_pedestal/92134
ug_route/243526,OSP:FBSP::11652664,st_struct_pedestal/94007,st_struct_pedestal/92558
ug_route/243527,OSP:BUSP::9484088,st_struct_pedestal/92190,st_struct_pedestal/93640
ug_route/243528,OSP:FBSP:C666077,st_struct_pedestal/92362,st_struct_pedestal/91438
ug_route/243529,OSP:FBSP:C666048,st_struct_pedestal/92938,st_struct_pedestal/91096
ug_route/243530,OSP:FBSP:C666097,st_struct_pedestal/93947,st_struct_pedestal/91482
ug_route/243531,OSP:FBSP:C651398,st_struct_pedestal/91345,st_struct_pedestal/93533
ug_route/243532,OSP:BUSP:C653398,st_struct_pedestal/94264,pole/54333
ug_route/243533,OSP:BUSP::7949586,st_struct_pedestal/92678,st_struct_pedestal/90963
ug_route/243534,OSP:FBSP:C644257,st_struct_pedestal/91700,st_struct_pedestal/93786
ug_route/243535,OSP:BUSP::9530750,st_struct_pedestal/91620,st_struct_pedestal/91117
ug_route/243536,OSP:BUSP::11497814,st_struct_pedestal/91423,st_struct_pedestal/93002
ug_route/243537,OSP:FBSP::8573899,mywcom_route_junction/27341,mywcom_route_junction/28100
ug_route/243538,OSP:BUSP::9490435,st_struct_pedestal/91762,st_struct_pedestal/93863
ug_route/243539,OSP:FBSP:C643073,mywcom_route_junction/27342,st_struct_pedestal/93897
ug_route/243540,OSP:FBSP::13403168,st_struct_pedestal/93167,building/68452
ug_route/243541,OSP:BUSP::16040274,mywcom_route_junction/27733,building/66244
ug_route/243542,OSP:BUSP:C658196,st_struct_pedestal/91486,building/68699
ug_route/243543,OSP:BUSP:C640760,st_struct_pedestal/92039,building/68126
ug_route/243544,OSP:BUSP::11472180,st_struct_pedestal/92202,st_struct_pedestal/93371
ug_route/243545,OSP:BUSP:C651338,st_struct_pedestal/92745,st_struct_pedestal/93781
ug_route/243546,OSP:BUSP:C642361,st_struct_pedestal/90561,building/67977
ug_route/243547,OSP:BUSP::8489742,st_struct_pedestal/93690,mywcom_route_junction/27166
ug_route/243548,OSP:BUSP:C660031,st_struct_pedestal/91036,st_struct_pedestal/92554
ug_route/243549,OSP:BUSP::9493749,st_struct_pedestal/91403,st_struct_pedestal/91108
ug_route/243550,OSP:BUSP::9493630,st_struct_pedestal/91751,st_struct_pedestal/94111
ug_route/243551,OSP:BUSP::15126682,st_struct_pedestal/94264,pole/54333
ug_route/243552,OSP:FBSP::13684422,st_struct_pedestal/91249,building/66659
ug_route/243553,OSP:BUSP:C651841,st_struct_pedestal/90796,st_struct_pedestal/92645
ug_route/243554,OSP:FBSP:C711771,st_struct_pedestal/91328,st_struct_pedestal/93168
ug_route/243555,OSP:BUSP::10877348,st_struct_pedestal/92178,building/66946
ug_route/243556,OSP:FBSP::8576460,st_struct_pedestal/92149,st_struct_pedestal/92150
ug_route/243557,OSP:FBSP:C651521,st_struct_pedestal/92409,st_struct_pedestal/90917
ug_route/243558,OSP:FBSP::8490065,st_struct_pedestal/93765,st_struct_pedestal/93045
ug_route/243559,OSP:FBSP:C644262,st_struct_pedestal/94082,st_struct_pedestal/93892
ug_route/243560,OSP:BUSP::9534609,st_struct_pedestal/91288,st_struct_pedestal/92667
ug_route/243561,OSP:BUSP::12319290,pole/54014,building/66575
ug_route/243562,OSP:BUSP::10273180,st_struct_pedestal/91413,st_struct_pedestal/92999
ug_route/243563,OSP:BUSP::8365260,st_struct_pedestal/92019,mywcom_route_junction/28165
ug_route/243564,OSP:FBSP:C643078,st_struct_pedestal/91481,st_struct_pedestal/92012
ug_route/243565,OSP:FBSP:C651250,st_struct_pedestal/91347,st_struct_pedestal/91216
ug_route/243566,OSP:BUSP:C655314,st_struct_pedestal/93157,st_struct_buried_splice_location/3905
ug_route/243567,OSP:BUSP:C667637,mywcom_route_junction/27844,mywcom_route_junction/27339
ug_route/243568,OSP:BUSP:C653432,st_struct_pedestal/92929,mywcom_route_junction/27318
ug_route/243569,OSP:FBSP::8572619,st_struct_pedestal/93307,st_struct_pedestal/92719
ug_route/243570,OSP:BUSP:C667635,pole/52680,mywcom_route_junction/27844
ug_route/243571,OSP:BUSP:C656342,st_struct_pedestal/93693,st_struct_pedestal/91134
ug_route/243572,OSP:FBSP:C651631,st_struct_pedestal/93845,st_struct_pedestal/92057
ug_route/243573,OSP:BUSP::10764340,pole/54527,st_struct_pedestal/92747
ug_route/243574,OSP:BUSP:C645813,st_struct_pedestal/91398,st_struct_pedestal/93022
ug_route/243575,OSP:FBSP:C656272,building/68143,building/66974
ug_route/243576,OSP:BUSP::10690439,st_struct_pedestal/90796,st_struct_pedestal/92645
ug_route/243577,OSP:BUSP:C705959,st_struct_pedestal/91254,building/67931
ug_route/243578,OSP:FBSP:C667410,st_struct_pedestal/92591,st_struct_pedestal/90896
ug_route/243579,OSP:BUSP:C706061,mywcom_route_junction/27463,mywcom_route_junction/27500
ug_route/243580,OSP:FBSP::8421917,st_struct_pedestal/93648,st_struct_pedestal/92809
ug_route/243581,OSP:BUSP::8402711,mywcom_route_junction/27940,st_struct_pedestal/93010
ug_route/243582,OSP:FBSP::8421916,st_struct_pedestal/93247,st_struct_pedestal/93648
ug_route/243583,OSP:FBSP::8421915,st_struct_pedestal/91615,st_struct_pedestal/93247
ug_route/243584,OSP:FBSP::16829716,st_struct_pedestal/92809,st_struct_pedestal/90676
ug_route/243585,OSP:BUSP:C669988,st_struct_pedestal/92532,mywcom_route_junction/28057
ug_route/243586,OSP:FBSP:C651341,mywcom_route_junction/27499,mywcom_route_junction/27286
ug_route/243587,OSP:BUSP:C650268,st_struct_pedestal/91824,st_struct_pedestal/93951
ug_route/243588,OSP:FBSP:C711716,st_struct_pedestal/93932,st_struct_pedestal/91328
ug_route/243589,OSP:FBSP:C667220,st_struct_pedestal/92662,st_struct_pedestal/93893
ug_route/243590,OSP:BUSP:C681316,st_struct_pedestal/93846,st_struct_buried_splice_location/3990
ug_route/243591,OSP:BUSP:C649218,st_struct_pedestal/90837,st_struct_pedestal/91124
ug_route/243592,OSP:BUSP:C656993,st_struct_pedestal/93551,building/66165
ug_route/243593,OSP:BUSP:C648423,st_struct_pedestal/90959,st_struct_pedestal/93713
ug_route/243594,OSP:BUSP::8382852,pole/52755,building/67937
ug_route/243595,OSP:FBSP::15416263,st_struct_pedestal/93132,st_struct_pedestal/91395
ug_route/243596,OSP:BUSP::9506442,st_struct_pedestal/90844,st_struct_pedestal/92257
ug_route/243597,OSP:FBSP:C651862,st_struct_pedestal/93464,building/68764
ug_route/243598,OSP:BUSP::16783624,mywcom_route_junction/27205,st_struct_pedestal/93263
ug_route/243599,OSP:BUSP::9520203,st_struct_pedestal/93781,st_struct_pedestal/92745
ug_route/243600,OSP:BUSP::7915332,st_struct_pedestal/92094,building/66215
ug_route/243601,OSP:FBSP:C660350,st_struct_pedestal/91868,building/67871
ug_route/243602,OSP:BUSP::7622223,st_struct_pedestal/92500,building/66398
ug_route/243603,OSP:FBSP:C651634,st_struct_pedestal/92057,st_struct_pedestal/93902
ug_route/243604,OSP:BUSP::9493772,st_struct_pedestal/93068,st_struct_pedestal/92199
ug_route/243605,OSP:BUSP::10273181,st_struct_pedestal/92999,mywcom_route_junction/27103
ug_route/243606,OSP:BUSP::9451804,mywcom_route_junction/27184,st_struct_pedestal/93713
ug_route/243607,OSP:BUSP::9493764,st_struct_pedestal/91700,st_struct_pedestal/93786
ug_route/243608,OSP:FBSP::8950862,st_struct_pedestal/91085,st_struct_pedestal/93482
ug_route/243609,OSP:BUSP:C662251,st_struct_pedestal/91058,building/66935
ug_route/243610,OSP:BUSP::9514114,st_struct_pedestal/93533,st_struct_pedestal/91345
ug_route/243611,OSP:BUSP::9531710,st_struct_pedestal/92409,st_struct_pedestal/90917
ug_route/243612,OSP:BUSP:C661761,mywcom_route_junction/27500,st_struct_pedestal/93759
ug_route/243613,OSP:FBSP::8573002,st_struct_pedestal/91271,st_struct_pedestal/91557
ug_route/243614,OSP:BUSP:C658713,pole/54305,mywcom_route_junction/27917
ug_route/243615,OSP:FBSP:C667418,st_struct_pedestal/90896,st_struct_pedestal/91920
ug_route/243616,OSP:BUSP::12613051,mywcom_route_junction/27616,mywcom_route_junction/28021
ug_route/243617,OSP:BUSP::9451809,mywcom_route_junction/28056,st_struct_pedestal/90837
ug_route/243618,OSP:BUSP::9506443,st_struct_pedestal/92257,st_struct_pedestal/90844
ug_route/243619,OSP:BUSP::10653350,pole/52719,building/67204
ug_route/243620,OSP:FBSP::12449258,mywcom_route_junction/27102,st_struct_pedestal/93119
ug_route/243621,OSP:FBSP::10345590,st_struct_pedestal/90789,st_struct_pedestal/91854
ug_route/243622,OSP:FBSP::13044484,st_struct_pedestal/90757,st_struct_pedestal/93575
ug_route/243623,OSP:BUSP::9522424,st_struct_pedestal/91347,st_struct_pedestal/91216
ug_route/243624,OSP:BUSP::9466782,st_struct_pedestal/93307,st_struct_pedestal/92719
ug_route/243625,OSP:FBSP::13042572,st_struct_pedestal/91160,st_struct_pedestal/93108
ug_route/243626,OSP:BUSP::12139130,st_struct_pedestal/94264,pole/54333
ug_route/243627,OSP:BUSP:C668128,st_struct_pedestal/91578,building/66155
ug_route/243628,OSP:BUSP::10880523,st_struct_pedestal/91868,building/67871
ug_route/243629,OSP:BUSP::9451408,st_struct_pedestal/91016,mywcom_route_junction/27818
ug_route/243630,OSP:BUSP::9532345,st_struct_pedestal/93022,st_struct_pedestal/91398
ug_route/243631,OSP:FBSP::10878261,st_struct_pedestal/90929,building/67059
ug_route/243632,OSP:BUSP:C654202,st_struct_pedestal/92001,mywcom_route_junction/27663
ug_route/243633,OSP:FBSP:C711772,st_struct_pedestal/93168,st_struct_pedestal/90704
ug_route/243634,OSP:BUSP:C666239,st_struct_pedestal/93984,st_struct_pedestal/92818
ug_route/243635,OSP:BUSP::9493761,st_struct_pedestal/94082,st_struct_pedestal/93892
ug_route/243636,OSP:FBSP::15979779,st_struct_pedestal/93488,mywcom_route_junction/27543
ug_route/243637,OSP:FBSP:C711734,st_struct_pedestal/94318,building/66645
ug_route/243638,OSP:BUSP::15562827,mywcom_route_junction/27739,building/66616
ug_route/243639,OSP:BUSP:C648428,st_struct_pedestal/93713,st_struct_pedestal/90959
ug_route/243640,OSP:BUSP::10638418,pole/54066,mywcom_route_junction/28010
ug_route/243641,OSP:BUSP::10267065,st_struct_pedestal/93897,mywcom_route_junction/27428
ug_route/243642,OSP:BUSP:C650289,st_struct_pedestal/91824,st_struct_pedestal/93951
ug_route/243643,OSP:BUSP:C660472,st_struct_pedestal/93076,st_struct_pedestal/92901
ug_route/243644,OSP:BUSP::9531067,st_struct_pedestal/92057,st_struct_pedestal/93845
ug_route/243645,OSP:FBSP::16784337,st_struct_pedestal/94184,st_struct_pedestal/91268
ug_route/243646,OSP:FBSP:C666086,st_struct_pedestal/93194,st_struct_pedestal/91046
ug_route/243647,OSP:FBSP::11596996,st_struct_pedestal/92321,building/68046
ug_route/243648,OSP:BUSP::7618708,st_struct_pedestal/91326,building/68584
ug_route/243649,OSP:FBSP::8586401,st_struct_pedestal/93281,building/67345
ug_route/243650,OSP:BUSP::9490810,st_struct_pedestal/93893,st_struct_pedestal/92662
ug_route/243651,OSP:BUSP:C647455,st_struct_pedestal/92650,building/67681
ug_route/243652,OSP:BUSP::8440462,mywcom_route_junction/27138,pole/54344
ug_route/243653,OSP:BUSP::11470593,st_struct_pedestal/93984,st_struct_pedestal/92818
ug_route/243654,OSP:FBSP:C644633,mywcom_route_junction/28210,building/67028
ug_route/243655,OSP:FBSP::13059943,st_struct_pedestal/94120,building/67090
ug_route/243656,OSP:BUSP::9531066,st_struct_pedestal/93902,st_struct_pedestal/92057
ug_route/243657,OSP:FBSP:C650424,st_struct_pedestal/93813,building/67411
ug_route/243658,OSP:FBSP:C658124,st_struct_pedestal/90747,st_struct_pedestal/92822
ug_route/243659,OSP:FBSP:C641955,pole/53129,building/67832
ug_route/243660,OSP:FBSP:C651645,st_struct_pedestal/94278,mywcom_route_junction/27126
ug_route/243661,OSP:FBSP:C645002,pole/52413,building/66189
ug_route/243662,OSP:BUSP::9558580,st_struct_pedestal/91341,st_struct_pedestal/94065
ug_route/243663,OSP:BUSP::9493751,st_struct_pedestal/92591,st_struct_pedestal/90896
ug_route/243664,OSP:FBSP::11732989,st_struct_pedestal/94262,st_struct_pedestal/92861
ug_route/243665,OSP:BUSP::8574868,mywcom_route_junction/27118,mywcom_route_junction/27375
ug_route/243666,OSP:FBSP:C663419,st_struct_pedestal/93357,st_struct_pedestal/90674
ug_route/243667,OSP:BUSP::7913438,st_struct_pedestal/92575,building/66215
ug_route/243668,OSP:BUSP:C660176,st_struct_pedestal/93811,building/68177
ug_route/243669,OSP:BUSP::8415501,st_struct_pedestal/91705,mywcom_route_junction/27135
ug_route/243670,OSP:FBSP:C639513,st_struct_pedestal/92357,st_struct_pedestal/91762
ug_route/243671,OSP:BUSP::11417599,st_struct_pedestal/91911,st_struct_pedestal/91539
ug_route/243672,OSP:FBSP::8424133,st_struct_pedestal/93967,st_struct_pedestal/91221
ug_route/243673,OSP:BUSP::8369747,cabinet/2835,cabinet/2855
ug_route/243674,OSP:FBSP:C667465,st_struct_pedestal/91339,st_struct_pedestal/92004
ug_route/243675,OSP:FBSP:C710619,st_struct_pedestal/91174,st_struct_pedestal/92085
ug_route/243676,OSP:FBSP:C706580,st_struct_pedestal/90708,building/67520
ug_route/243677,OSP:FBSP:C639780,st_struct_pedestal/91333,st_struct_pedestal/94012
ug_route/243678,OSP:BUSP::12127605,pole/53554,st_struct_pedestal/92888
ug_route/243679,OSP:FBSP:C667417,st_struct_pedestal/91108,st_struct_pedestal/92591
ug_route/243680,OSP:BUSP::16783622,mywcom_route_junction/27209,mywcom_route_junction/27847
ug_route/243681,OSP:BUSP:C649308,st_struct_pedestal/94169,building/67501
ug_route/243682,OSP:FBSP:C646131,st_struct_pedestal/94160,st_struct_pedestal/94223
ug_route/243683,OSP:BUSP:C667600,st_struct_pedestal/92712,st_struct_pedestal/93060
ug_route/243684,OSP:BUSP::9493752,st_struct_pedestal/90896,st_struct_pedestal/91920
ug_route/243685,OSP:BUSP::10857476,st_struct_pedestal/93487,building/68356
ug_route/243686,OSP:BUSP::10851701,pole/52362,building/68362
ug_route/243687,OSP:BUSP::9454282,st_struct_pedestal/90966,st_struct_pedestal/93133
ug_route/243688,OSP:FBSP:C643453,pole/53853,building/67305
ug_route/243689,OSP:FBSP::8365279,st_struct_pedestal/90755,st_struct_pedestal/92718
ug_route/243690,OSP:FBSP:C705549,building/67217,building/67639
ug_route/243691,OSP:BUSP:C649232,st_struct_pedestal/91124,st_struct_pedestal/91300
ug_route/243692,OSP:FBSP::15598992,pole/54397,st_struct_pedestal/91870
ug_route/243693,OSP:BUSP::9465610,st_struct_pedestal/94184,st_struct_pedestal/91268
ug_route/243694,OSP:FBSP::8573003,st_struct_pedestal/91557,st_struct_pedestal/94107
ug_route/243695,OSP:FBSP:C644237,st_struct_pedestal/91556,st_struct_pedestal/91293
ug_route/243696,OSP:BUSP::9451808,st_struct_pedestal/91300,mywcom_route_junction/28056
ug_route/243697,OSP:FBSP:C660399,mywcom_route_junction/27115,building/67978
ug_route/243698,OSP:BUSP::10638758,pole/54066,mywcom_route_junction/27637
ug_route/243699,OSP:BUSP::11472517,mywcom_route_junction/28143,st_struct_pedestal/92708
ug_route/243700,OSP:FBSP::8440151,st_struct_pedestal/92648,st_struct_pedestal/92676
ug_route/243701,OSP:FBSP:C642468,st_struct_pedestal/93633,building/67916
ug_route/243702,OSP:BUSP::9454281,st_struct_pedestal/90674,st_struct_pedestal/93357
ug_route/243703,OSP:FBSP:C651052,st_struct_pedestal/92005,st_struct_pedestal/93532
ug_route/243704,OSP:FBSP:C656505,pole/54231,building/67281
ug_route/243705,OSP:BUSP:C651220,st_struct_pedestal/91905,building/68638
ug_route/243706,OSP:BUSP:C648388,st_struct_pedestal/94284,st_struct_pedestal/91894
ug_route/243707,OSP:BUSP::9452063,mywcom_route_junction/27173,mywcom_route_junction/28229
ug_route/243708,OSP:BUSP::9531383,st_struct_pedestal/91331,st_struct_pedestal/92929
ug_route/243709,OSP:BUSP:C656865,st_struct_pedestal/91992,building/66338
ug_route/243710,OSP:BUSP:C666127,st_struct_pedestal/90811,st_struct_pedestal/91714
ug_route/243711,OSP:FBSP::8573000,st_struct_pedestal/90876,st_struct_pedestal/91031
ug_route/243712,OSP:FBSP:C643182,st_struct_pedestal/92813,st_struct_pedestal/92459
ug_route/243713,OSP:BUSP::9442423,st_struct_pedestal/91404,st_struct_pedestal/93739
ug_route/243714,OSP:FBSP:C667289,st_struct_pedestal/93727,building/67011
ug_route/243715,OSP:FBSP:C648273,st_struct_pedestal/91759,st_struct_pedestal/91502
ug_route/243716,OSP:FBSP::13729560,st_struct_pedestal/93181,st_struct_pedestal/91470
ug_route/243717,OSP:FBSP::11408196,st_struct_pedestal/92567,st_struct_pedestal/91083
ug_route/243718,OSP:BUSP::9455544,st_struct_pedestal/90747,st_struct_pedestal/92822
ug_route/243719,OSP:BUSP:C639089,st_struct_pedestal/90855,building/67348
ug_route/243720,OSP:BUSP:C653785,mywcom_route_junction/27631,st_struct_pedestal/93266
ug_route/243721,OSP:BUSP::11331075,st_struct_pedestal/93722,st_struct_pedestal/92863
ug_route/243722,OSP:FBSP::8490381,st_struct_pedestal/92397,building/68355
ug_route/243723,OSP:BUSP:C667605,st_struct_pedestal/92657,st_struct_pedestal/90738
ug_route/243724,OSP:BUSP:C648201,mywcom_route_junction/27440,st_struct_pedestal/91601
ug_route/243725,OSP:BUSP::11330106,st_struct_pedestal/90597,st_struct_pedestal/91846
ug_route/243726,OSP:BUSP:C666969,st_struct_pedestal/92366,st_struct_pedestal/92780
ug_route/243727,OSP:FBSP:C642394,st_struct_pedestal/93054,st_struct_pedestal/90544
ug_route/243728,OSP:BUSP:C661613,st_struct_pedestal/93136,building/68051
ug_route/243729,OSP:BUSP:C656290,building/68557,mywcom_route_junction/27567
ug_route/243730,OSP:BUSP:C661696,st_struct_pedestal/92191,building/67442
ug_route/243731,OSP:BUSP:C656052,cabinet/2826,mywcom_route_junction/27949
ug_route/243732,OSP:FBSP:C644487,st_struct_pedestal/92055,st_struct_pedestal/91292
ug_route/243733,OSP:FBSP:C658516,st_struct_pedestal/92117,st_struct_pedestal/92139
ug_route/243734,OSP:FBSP:C668342,st_struct_pedestal/94039,building/68208
ug_route/243735,OSP:BUSP::9490434,st_struct_pedestal/92357,st_struct_pedestal/91762
ug_route/243736,OSP:FBSP:C658490,st_struct_pedestal/91856,st_struct_pedestal/90735
ug_route/243737,OSP:FBSP:C710382,st_struct_pedestal/92175,st_struct_pedestal/92889
ug_route/243738,OSP:BUSP::9531063,mywcom_route_junction/28135,st_struct_pedestal/94278
ug_route/243739,OSP:BUSP::9490813,st_struct_pedestal/92004,st_struct_pedestal/91339
ug_route/243740,OSP:BUSP::9528193,st_struct_pedestal/93532,st_struct_pedestal/92005
ug_route/243741,OSP:BUSP:C657087,st_struct_pedestal/93124,st_struct_pedestal/90716
ug_route/243742,OSP:FBSP::8572620,st_struct_pedestal/92719,st_struct_pedestal/93038
ug_route/243743,OSP:BUSP::9484089,st_struct_pedestal/91556,st_struct_pedestal/91293
ug_route/243744,OSP:FBSP:C644260,st_struct_pedestal/93892,st_struct_pedestal/90993
ug_route/243745,OSP:FBSP:C643077,st_struct_pedestal/92012,st_struct_pedestal/92979
ug_route/243746,OSP:BUSP::9497144,pole/52680,st_struct_pedestal/93930
ug_route/243747,OSP:BUSP:C643725,st_struct_pedestal/92604,st_struct_pedestal/94054
ug_route/243748,OSP:BUSP::15995457,st_struct_pedestal/93704,building/68398
ug_route/243749,OSP:BUSP::9505140,st_struct_pedestal/93863,st_struct_pedestal/93692
ug_route/243750,OSP:BUSP:C643720,st_struct_pedestal/91103,st_struct_pedestal/92604
ug_route/243751,OSP:FBSP:C657966,st_struct_pedestal/93260,st_struct_pedestal/90802
ug_route/243752,OSP:BUSP::9493750,st_struct_pedestal/91108,st_struct_pedestal/92591
ug_route/243753,OSP:BUSP::13250820,mywcom_route_junction/28167,mywcom_route_junction/27672
ug_route/243754,OSP:BUSP:C667921,st_struct_pedestal/90960,st_struct_buried_splice_location/3928
ug_route/243755,OSP:FBSP::8440456,mywcom_route_junction/27245,building/68836
ug_route/243756,OSP:FBSP::8490063,st_struct_pedestal/92102,st_struct_pedestal/93053
ug_route/243757,OSP:FORSP::16956648,st_struct_vault/2748,pole/53607
ug_route/243758,OSP:FBSP:C663575,st_struct_pedestal/91880,mywcom_route_junction/27681
ug_route/243759,OSP:BUSP:C639737,st_struct_pedestal/91418,building/66516
ug_route/243760,OSP:FBSP::7630880,st_struct_pedestal/93221,mywcom_route_junction/27900
ug_route/243761,OSP:BUSP::10852344,pole/53808,building/67636
ug_route/243762,OSP:BUSP::9432820,st_struct_pedestal/92012,st_struct_pedestal/91481
ug_route/243763,OSP:BUSP:C653626,st_struct_pedestal/91866,building/67037
ug_route/243764,OSP:FBSP:C651532,st_struct_pedestal/92254,st_struct_pedestal/92594
ug_route/243765,OSP:BUSP:C655514,st_struct_pedestal/92272,st_struct_pedestal/93504
ug_route/243766,OSP:BUSP:C660145,st_struct_pedestal/91653,building/66214
ug_route/243767,OSP:FBSP:C654000,st_struct_pedestal/91404,st_struct_pedestal/93739
ug_route/243768,OSP:FBSP::11652663,st_struct_pedestal/90631,st_struct_pedestal/94007
ug_route/243769,OSP:BUSP::16770504,mywcom_route_junction/28193,st_struct_pedestal/92280
ug_route/243770,OSP:BUSP:C683569,st_struct_buried_splice_location/3947,st_struct_pedestal/92376
ug_route/243771,OSP:BUSP:C667729,st_struct_pedestal/91871,st_struct_pedestal/91107
ug_route/243772,OSP:FBSP:C639602,cabinet/2848,st_struct_pedestal/92398
ug_route/243773,OSP:BUSP:C664427,st_struct_pedestal/92779,st_struct_pedestal/91755
ug_route/243774,OSP:FBSP:C656088,st_struct_pedestal/93778,st_struct_pedestal/90798
ug_route/243775,OSP:FBSP:C644292,st_struct_pedestal/93158,st_struct_pedestal/92933
ug_route/243776,OSP:BUSP::10675430,pole/52913,building/66855
ug_route/243777,OSP:FBSP::8415818,st_struct_pedestal/92892,st_struct_pedestal/92563
ug_route/243778,OSP:BUSP::13020241,st_struct_pedestal/93449,st_struct_pedestal/91436
ug_route/243779,OSP:BUSP::9432832,st_struct_pedestal/92813,st_struct_pedestal/92459
ug_route/243780,OSP:BUSP::9531729,st_struct_pedestal/92055,st_struct_pedestal/91292
ug_route/243781,OSP:FBSP:C643156,st_struct_pedestal/90733,st_struct_pedestal/91406
ug_route/243782,OSP:BUSP::8589583,cabinet/2817,building/67606
ug_route/243783,OSP:FBSP::8950856,st_struct_pedestal/93252,st_struct_pedestal/93957
ug_route/243784,OSP:FBSP:C657816,cabinet/2768,building/67648
ug_route/243785,OSP:BUSP::11870007,mywcom_route_junction/27475,mywcom_route_junction/27350
ug_route/243786,OSP:BUSP::9465504,st_struct_pedestal/92139,st_struct_pedestal/92117
ug_route/243787,OSP:FBSP:C640437,mywcom_route_junction/27328,building/66947
ug_route/243788,OSP:BUSP::9513467,st_struct_pedestal/91759,st_struct_pedestal/91502
ug_route/243789,OSP:BUSP::9466786,st_struct_pedestal/92719,st_struct_pedestal/93038
ug_route/243790,OSP:BUSP::9454924,st_struct_pedestal/91406,st_struct_pedestal/92805
ug_route/243791,OSP:BUSP:C667774,pole/52680,st_struct_pedestal/93930
ug_route/243792,OSP:BUSP:C646466,st_struct_pedestal/93622,st_struct_pedestal/92993
ug_route/243793,OSP:BUSP::16057528,mywcom_route_junction/27540,st_struct_pedestal/90871
ug_route/243794,OSP:BUSP:C666047,st_struct_pedestal/93184,st_struct_pedestal/92938
ug_route/243795,OSP:FBSP:C644421,st_struct_pedestal/91943,st_struct_pedestal/93481
ug_route/243796,OSP:BUSP::15977532,pole/52524,building/66473
ug_route/243797,OSP:BUSP::9455567,st_struct_pedestal/90735,st_struct_pedestal/91856
ug_route/243798,OSP:FBSP:C656253,building/67218,building/66363
ug_route/243799,OSP:BUSP:C664763,st_struct_pedestal/92108,building/67402
ug_route/243800,OSP:FBSP:C705563,building/67146,building/66194
ug_route/243801,OSP:FBSP:C644232,st_struct_pedestal/93530,st_struct_pedestal/90714
ug_route/243802,OSP:BUSP::8436969,st_struct_pedestal/93049,st_struct_pedestal/90979
ug_route/243803,OSP:BUSP::9466750,mywcom_route_junction/27279,st_struct_pedestal/90670
ug_route/243804,OSP:FBSP::13098245,st_struct_pedestal/92972,st_struct_pedestal/92281
ug_route/243805,OSP:BUSP:C640293,st_struct_pedestal/93477,building/66118
ug_route/243806,OSP:BUSP:C667597,st_struct_pedestal/91179,st_struct_pedestal/90911
ug_route/243807,OSP:BUSP::8382533,st_struct_pedestal/92878,st_struct_pedestal/93614
ug_route/243808,OSP:BUSP::9447262,st_struct_pedestal/90802,st_struct_pedestal/93260
ug_route/243809,OSP:FBSP::8950855,st_struct_pedestal/90583,st_struct_pedestal/93252
ug_route/243810,OSP:BUSP::9532035,st_struct_pedestal/92254,st_struct_pedestal/92594
ug_route/243811,OSP:FBSP:C705649,st_struct_pedestal/93186,mywcom_route_junction/27357
ug_route/243812,OSP:FBSP:C651391,st_struct_pedestal/93895,st_struct_pedestal/93069
ug_route/243813,OSP:BUSP::11804360,st_struct_pedestal/92542,building/66598
ug_route/243814,OSP:BUSP::11587700,pole/53205,st_struct_pedestal/91590
ug_route/243815,OSP:BUSP::13020228,st_struct_pedestal/91131,building/67774
ug_route/243816,OSP:FBSP:C639801,mywcom_route_junction/27871,st_struct_pedestal/91974
ug_route/243817,OSP:BUSP::15824260,pole/54506,pole/52249
ug_route/243818,OSP:BUSP::9466754,st_struct_pedestal/92192,st_struct_pedestal/91794
ug_route/243819,OSP:BUSP::9493762,st_struct_pedestal/93892,st_struct_pedestal/90993
ug_route/243820,OSP:BUSP::9158232,mywcom_route_junction/27604,pole/54435
ug_route/243821,OSP:FBSP::8573001,st_struct_pedestal/91031,st_struct_pedestal/91271
ug_route/243822,OSP:FBSP:C648562,pole/54242,building/67882
ug_route/243823,OSP:FBSP::10638771,mywcom_route_junction/27802,mywcom_route_junction/28174
ug_route/243824,OSP:BUSP::8421923,st_struct_pedestal/93164,st_struct_pedestal/93967
ug_route/243825,OSP:FBSP:C667682,st_struct_pedestal/92705,building/66151
ug_route/243826,OSP:FBSP::8346078,st_struct_pedestal/91884,st_struct_pedestal/91809
ug_route/243827,OSP:FBSP:C656260,building/67218,building/66188
ug_route/243828,OSP:BUSP:C638799,st_struct_pedestal/94090,building/66690
ug_route/243829,OSP:FBSP::13098255,st_struct_pedestal/91709,st_struct_pedestal/91566
ug_route/243830,OSP:BUSP:C647614,pole/54066,mywcom_route_junction/27484
ug_route/243831,OSP:BUSP::10267069,st_struct_pedestal/90733,st_struct_pedestal/91406
ug_route/243832,OSP:FBSP::8415503,mywcom_route_junction/27135,mywcom_route_junction/28068
ug_route/243833,OSP:FBSP::8415505,mywcom_route_junction/28068,mywcom_route_junction/27817
ug_route/243834,OSP:BUSP:C669580,st_struct_pedestal/93389,pole/53634
ug_route/243835,OSP:BUSP::10756992,st_struct_pedestal/91668,building/68183
ug_route/243836,OSP:BUSP:C667770,mywcom_route_junction/27264,mywcom_route_junction/27170
ug_route/243837,OSP:FBSP::8415819,st_struct_pedestal/92563,st_struct_pedestal/93287
ug_route/243838,OSP:FBSP:C651624,st_struct_pedestal/92422,st_struct_pedestal/93748
ug_route/243839,OSP:FBSP:C643161,st_struct_pedestal/91406,st_struct_pedestal/92805
ug_route/243840,OSP:BUSP::11331391,st_struct_pedestal/91871,st_struct_pedestal/91107
ug_route/243841,OSP:FBSP:C666328,pole/54345,building/68295
ug_route/243842,OSP:BUSP:C646262,st_struct_pedestal/94033,building/67488
ug_route/243843,OSP:BUSP::9489155,st_struct_pedestal/92933,st_struct_pedestal/93158
ug_route/243844,OSP:BUSP::11870008,mywcom_route_junction/27350,pole/54237
ug_route/243845,OSP:BUSP::9505782,st_struct_pedestal/90714,st_struct_pedestal/93530
ug_route/243846,OSP:BUSP::11329782,st_struct_pedestal/92293,st_struct_pedestal/93742
ug_route/243847,OSP:BUSP::16016253,pole/54527,st_struct_pedestal/93342
ug_route/243848,OSP:BUSP:C658715,pole/54305,mywcom_route_junction/27319
ug_route/243849,OSP:BUSP::9489143,st_struct_pedestal/91943,st_struct_pedestal/93481
ug_route/243850,OSP:FBSP::8950858,st_struct_pedestal/93332,st_struct_pedestal/92860
ug_route/243851,OSP:FBSP::12052043,st_struct_pedestal/91282,building/68797
ug_route/243852,OSP:BUSP:C667590,pole/53516,st_struct_pedestal/93495
ug_route/243853,OSP:FBSP:C651826,st_struct_pedestal/92716,st_struct_pedestal/92411
ug_route/243854,OSP:BUSP:C650858,st_struct_pedestal/91733,st_struct_pedestal/93065
ug_route/243855,OSP:FBSP::10128826,st_struct_pedestal/91228,st_struct_pedestal/93933
ug_route/243856,OSP:FBSP::12574664,pole/54178,building/68214
ug_route/243857,OSP:BUSP:C669581,st_struct_pedestal/93389,pole/53634
ug_route/243858,OSP:FBSP:C643137,mywcom_route_junction/28022,st_struct_pedestal/91396
ug_route/243859,OSP:FBSP:C650363,st_struct_pedestal/90952,building/68114
ug_route/243860,OSP:FBSP:C642385,st_struct_pedestal/90538,st_struct_pedestal/93070
ug_route/243861,OSP:FBSP::8415817,st_struct_pedestal/90679,st_struct_pedestal/92892
ug_route/243862,OSP:FBSP::8346080,st_struct_pedestal/91147,st_struct_pedestal/92717
ug_route/243863,OSP:FBSP:C656285,building/68557,building/67140
ug_route/243864,OSP:BUSP::10914426,st_struct_pedestal/93164,st_struct_pedestal/90980
ug_route/243865,OSP:FBSP:C709974,st_struct_pedestal/90804,building/67777
ug_route/243866,OSP:FBSP::8331986,mywcom_route_junction/27320,st_struct_pedestal/92338
ug_route/243867,OSP:FBSP:C643082,st_struct_pedestal/91377,st_struct_pedestal/91145
ug_route/243868,OSP:FBSP::8415820,st_struct_pedestal/93287,st_struct_pedestal/92119
ug_route/243869,OSP:BUSP:C710338,cabinet/2852,mywcom_route_junction/27091
ug_route/243870,OSP:BUSP:C653728,st_struct_pedestal/93557,building/67849
ug_route/243871,OSP:FBSP:C663404,st_struct_pedestal/93304,st_struct_pedestal/90810
ug_route/243872,OSP:BUSP:C655516,st_struct_pedestal/92330,st_struct_pedestal/93558
ug_route/243873,OSP:FBSP:C651350,st_struct_pedestal/92116,st_struct_pedestal/93888
ug_route/243874,OSP:BUSP::9531069,st_struct_pedestal/93748,st_struct_pedestal/92422
ug_route/243875,OSP:FBSP:C644235,st_struct_pedestal/90880,st_struct_pedestal/91556
ug_route/243876,OSP:FBSP:C656313,building/68143,building/66340
ug_route/243877,OSP:BUSP::11438004,st_struct_pedestal/91880,st_struct_pedestal/92189
ug_route/243878,OSP:FBSP:C656102,st_struct_pedestal/94147,st_struct_pedestal/90605
ug_route/243879,OSP:BUSP::9514134,st_struct_pedestal/93069,st_struct_pedestal/93895
ug_route/243880,OSP:FBSP:C644291,st_struct_pedestal/94114,st_struct_pedestal/93158
ug_route/243881,OSP:BUSP:C669950,st_struct_pedestal/92164,building/66470
ug_route/243882,OSP:FBSP:C653928,pole/53702,building/68213
ug_route/243883,OSP:BUSP::8366857,st_struct_pedestal/92722,cabinet/2848
ug_route/243884,OSP:BUSP::12055940,st_struct_pedestal/91755,st_struct_pedestal/92779
ug_route/243885,OSP:FBSP:C663393,st_struct_pedestal/94315,st_struct_pedestal/91757
ug_route/243886,OSP:BUSP::15608260,st_struct_pedestal/93103,st_struct_pedestal/91542
ug_route/243887,OSP:FBSP::8336460,st_struct_pedestal/91383,st_struct_pedestal/92870
ug_route/243888,OSP:BUSP::9206866,mywcom_route_junction/27364,mywcom_route_junction/27781
ug_route/243889,OSP:FBSP:C663388,st_struct_pedestal/90793,st_struct_pedestal/93539
ug_route/243890,OSP:BUSP:C708427,st_struct_pedestal/91267,st_struct_pedestal/93936
ug_route/243891,OSP:BUSP::8484309,cabinet/2760,pole/54098
ug_route/243892,OSP:FBSP::11408197,st_struct_pedestal/91083,st_struct_pedestal/92568
ug_route/243893,OSP:FBSP:C669144,mywcom_route_junction/28110,building/66277
ug_route/243894,OSP:BUSP:C656465,st_struct_pedestal/90900,building/67524
ug_route/243895,OSP:FBSP::8950859,st_struct_pedestal/92860,st_struct_pedestal/94168
ug_route/243896,OSP:FBSP::13092298,pole/54345,building/68295
ug_route/243897,OSP:BUSP::9356980,st_struct_pedestal/90854,building/66533
ug_route/243898,OSP:FBSP:C651850,st_struct_pedestal/93760,st_struct_pedestal/93180
ug_route/243899,OSP:BUSP::11085977,st_struct_pedestal/93282,cabinet/2834
ug_route/243900,OSP:FBSP:C643184,st_struct_pedestal/93350,st_struct_pedestal/91837
ug_route/243901,OSP:FBSP:C646164,st_struct_pedestal/93419,st_struct_pedestal/90920
ug_route/243902,OSP:FBSP:C643079,st_struct_pedestal/93299,st_struct_pedestal/91481
ug_route/243903,OSP:BUSP::9499394,mywcom_route_junction/28117,mywcom_route_junction/27230
ug_route/243904,OSP:FBSP:C643148,st_struct_pedestal/92476,st_struct_pedestal/93116
ug_route/243905,OSP:FBSP::8572999,st_struct_pedestal/92588,st_struct_pedestal/90876
ug_route/243906,OSP:FBSP:C642986,st_struct_pedestal/91886,st_struct_pedestal/91471
ug_route/243907,OSP:FBSP::13402182,st_struct_pedestal/93167,building/67657
ug_route/243908,OSP:FBSP:C663390,st_struct_pedestal/93539,st_struct_pedestal/94315
ug_route/243909,OSP:FBSP::8573904,st_struct_pedestal/92820,st_struct_pedestal/91020
ug_route/243910,OSP:BUSP:C646978,st_struct_buried_splice_location/3869,building/68059
ug_route/243911,OSP:FBSP::8490064,st_struct_pedestal/93053,st_struct_pedestal/93765
ug_route/243912,OSP:BUSP:C661773,st_struct_pedestal/93177,mywcom_route_junction/27587
ug_route/243913,OSP:FBSP:C709168,st_struct_pedestal/93526,st_struct_pedestal/94008
ug_route/243914,OSP:BUSP::15824264,pole/52249,building/67910
ug_route/243915,OSP:FBSP:C639516,st_struct_pedestal/93863,st_struct_pedestal/91279
ug_route/243916,OSP:BUSP:C666070,st_struct_pedestal/93334,st_struct_pedestal/91634
ug_route/243917,OSP:FBSP:C705539,st_struct_pedestal/93781,st_struct_pedestal/92116
ug_route/243918,OSP:BUSP::9523380,st_struct_pedestal/93259,mywcom_route_junction/27613
ug_route/243919,OSP:BUSP:C638861,st_struct_pedestal/91783,building/66805
ug_route/243920,OSP:FBSP:C663412,st_struct_pedestal/90810,st_struct_pedestal/93360
ug_route/243921,OSP:FBSP::12051910,st_struct_pedestal/90766,mywcom_route_junction/28073
ug_route/243922,OSP:FBSP:C644424,st_struct_pedestal/93481,st_struct_pedestal/92145
ug_route/243923,OSP:FBSP::8331126,st_struct_pedestal/91887,st_struct_pedestal/92449
ug_route/243924,OSP:BUSP::9524679,mywcom_route_junction/27385,st_struct_pedestal/91265
ug_route/243925,OSP:FBSP::8415825,st_struct_pedestal/90678,st_struct_pedestal/94173
ug_route/243926,OSP:BUSP::10267072,st_struct_pedestal/90810,st_struct_pedestal/93304
ug_route/243927,OSP:BUSP::9520206,st_struct_pedestal/92116,st_struct_pedestal/93888
ug_route/243928,OSP:BUSP::10689807,st_struct_pedestal/93760,st_struct_pedestal/93180
ug_route/243929,OSP:BUSP::11472190,st_struct_pedestal/92444,st_struct_pedestal/93399
ug_route/243930,OSP:FBSP:C667446,st_struct_pedestal/90736,st_struct_pedestal/93289
ug_route/243931,OSP:FBSP:C651241,st_struct_pedestal/91265,mywcom_route_junction/28187
ug_route/243932,OSP:BUSP::9514112,st_struct_pedestal/91270,st_struct_pedestal/91183
ug_route/243933,OSP:FBSP:C644233,st_struct_pedestal/90714,st_struct_pedestal/90880
ug_route/243934,OSP:BUSP::9490784,mywcom_route_junction/27224,st_struct_pedestal/93789
ug_route/243935,OSP:BUSP:C644229,st_struct_pedestal/91546,st_struct_pedestal/94049
ug_route/243936,OSP:BUSP:C646442,st_struct_pedestal/93564,building/66131
ug_route/243937,OSP:BUSP:C660115,st_struct_pedestal/91975,building/66159
ug_route/243938,OSP:FBSP:C705529,building/67217,building/67819
ug_route/243939,OSP:FBSP:C651585,st_struct_pedestal/93466,st_struct_pedestal/91758
ug_route/243940,OSP:FBSP:C663416,st_struct_pedestal/93133,st_struct_pedestal/93357
ug_route/243941,OSP:BUSP::9454916,st_struct_pedestal/90605,st_struct_pedestal/94147
ug_route/243942,OSP:BUSP::9505780,st_struct_pedestal/91556,st_struct_pedestal/90880
ug_route/243943,OSP:FBSP::14494981,st_struct_pedestal/91079,building/68385
ug_route/243944,OSP:FBSP:C663675,st_struct_pedestal/92714,building/66672
ug_route/243945,OSP:FBSP:C644509,st_struct_pedestal/93540,st_struct_pedestal/91086
ug_route/243946,OSP:BUSP::9460129,st_struct_pedestal/91886,st_struct_pedestal/91471
ug_route/243947,OSP:BUSP::9430927,st_struct_pedestal/92979,st_struct_pedestal/92012
ug_route/243948,OSP:FBSP:C658202,st_struct_pedestal/91469,st_struct_pedestal/92192
ug_route/243949,OSP:BUSP::9520205,st_struct_pedestal/93781,st_struct_pedestal/92116
ug_route/243950,OSP:FBSP:C662352,st_struct_pedestal/93327,building/67330
ug_route/243951,OSP:BUSP::9433143,st_struct_pedestal/91757,st_struct_pedestal/94315
ug_route/243952,OSP:BUSP::16795213,mywcom_route_junction/27856,mywcom_route_junction/27307
ug_route/243953,OSP:FBSP:C663362,st_struct_pedestal/92934,st_struct_pedestal/92420
ug_route/243954,OSP:BUSP::9433145,st_struct_pedestal/93539,st_struct_pedestal/90793
ug_route/243955,OSP:FBSP:C645765,st_struct_pedestal/94222,cabinet/2806
ug_route/243956,OSP:BUSP:C681723,st_struct_pedestal/94170,building/67697
ug_route/243957,OSP:FBSP:C658203,st_struct_pedestal/92192,st_struct_pedestal/91346
ug_route/243958,OSP:BUSP::9532348,st_struct_pedestal/94008,st_struct_pedestal/93526
ug_route/243959,OSP:BUSP::9454279,st_struct_pedestal/93360,st_struct_pedestal/90810
ug_route/243960,OSP:FBSP:C639519,st_struct_pedestal/93480,st_struct_pedestal/93789
ug_route/243961,OSP:BUSP::9489460,st_struct_pedestal/93158,st_struct_pedestal/94114
ug_route/243962,OSP:FBSP:C649893,st_struct_pedestal/93613,st_struct_pedestal/92932
ug_route/243963,OSP:BUSP::9432834,st_struct_pedestal/93350,st_struct_pedestal/91837
ug_route/243964,OSP:BUSP::9490750,st_struct_pedestal/90538,st_struct_pedestal/93070
ug_route/243965,OSP:BUSP::8716612,mywcom_route_junction/27226,mywcom_route_junction/27181
ug_route/243966,OSP:BUSP::9433144,st_struct_pedestal/94315,st_struct_pedestal/93539
ug_route/243967,OSP:BUSP::11474148,mywcom_route_junction/27945,mywcom_route_junction/27835
ug_route/243968,OSP:FBSP:C644427,st_struct_pedestal/92145,st_struct_pedestal/91443
ug_route/243969,OSP:BUSP::16057847,st_struct_pedestal/92646,st_struct_pedestal/92214
ug_route/243970,OSP:FBSP:C658119,st_struct_pedestal/92137,st_struct_pedestal/92794
ug_route/243971,OSP:FBSP::13098186,st_struct_pedestal/94051,st_struct_pedestal/94045
ug_route/243972,OSP:FORSP::16944901,st_struct_vault/2721,cabinet/2773
ug_route/243973,OSP:FBSP:C651476,st_struct_pedestal/90808,st_struct_pedestal/93785
ug_route/243974,OSP:FBSP::14785212,st_struct_pedestal/94112,st_struct_pedestal/93978
ug_route/243975,OSP:BUSP::16057850,st_struct_pedestal/91635,mywcom_route_junction/27260
ug_route/243976,OSP:BUSP::9489144,st_struct_pedestal/93481,st_struct_pedestal/92145
ug_route/243977,OSP:FBSP:C662207,st_struct_pedestal/93832,building/66161
ug_route/243978,OSP:BUSP:C666303,pole/53372,pole/54102
ug_route/243979,OSP:BUSP::9532352,st_struct_pedestal/91758,st_struct_pedestal/93466
ug_route/243980,OSP:BUSP::10727545,mywcom_route_junction/27933,building/67631
ug_route/243981,OSP:BUSP::15987446,building/68349,building/67031
ug_route/243982,OSP:FBSP:C651583,st_struct_pedestal/91983,st_struct_pedestal/93466
ug_route/243983,OSP:BUSP::9532666,st_struct_pedestal/93540,st_struct_pedestal/91086
ug_route/243984,OSP:FBSP:C644466,st_struct_pedestal/94276,st_struct_pedestal/93900
ug_route/243985,OSP:FBSP:C651275,st_struct_pedestal/94212,st_struct_pedestal/92775
ug_route/243986,OSP:FBSP:C657975,st_struct_pedestal/90735,st_struct_pedestal/93271
ug_route/243987,OSP:BUSP:C657864,st_struct_pedestal/91603,st_struct_pedestal/90840
ug_route/243988,OSP:FBSP:C644454,st_struct_pedestal/92016,st_struct_pedestal/91461
ug_route/243989,OSP:FBSP::14321588,pole/54380,st_struct_pedestal/91999
ug_route/243990,OSP:BUSP::10878262,st_struct_pedestal/91606,st_struct_pedestal/90929
ug_route/243991,OSP:FBSP:C668398,building/67793,building/68474
ug_route/243992,OSP:BUSP:C650812,mywcom_route_junction/27269,st_struct_pedestal/91101
ug_route/243993,OSP:FBSP:C711683,st_struct_pedestal/93364,building/66220
ug_route/243994,OSP:BUSP::9531704,cabinet/2806,st_struct_pedestal/94222
ug_route/243995,OSP:FBSP::10675446,st_struct_pedestal/91110,st_struct_pedestal/93896
ug_route/243996,OSP:FBSP:C651354,st_struct_pedestal/93888,st_struct_pedestal/91399
ug_route/243997,OSP:BUSP::9505781,st_struct_pedestal/90880,st_struct_pedestal/90714
ug_route/243998,OSP:BUSP::12764810,pole/52714,building/66567
ug_route/243999,OSP:BUSP:C657372,mywcom_route_junction/27469,st_struct_pedestal/94219
ug_route/244000,OSP:BUSP::9505788,st_struct_pedestal/94049,st_struct_pedestal/91546
ug_route/244001,OSP:FBSP:C658114,st_struct_pedestal/91869,st_struct_pedestal/92137
ug_route/244002,OSP:BUSP::9466753,st_struct_pedestal/91346,st_struct_pedestal/92192
ug_route/244003,OSP:BUSP::9447260,st_struct_pedestal/92934,st_struct_pedestal/92420
ug_route/244004,OSP:FBSP:C644469,st_struct_pedestal/93654,st_struct_pedestal/94276
ug_route/244005,OSP:BUSP:C646520,st_struct_pedestal/93622,st_struct_pedestal/92993
ug_route/244006,OSP:BUSP::15970491,st_struct_pedestal/93364,building/66220
ug_route/244007,OSP:BUSP::10282432,st_struct_pedestal/91367,st_struct_pedestal/91636
ug_route/244008,OSP:BUSP::10854580,pole/52770,st_struct_pedestal/90971
ug_route/244009,OSP:BUSP::10679222,pole/53353,building/68129
ug_route/244010,OSP:FBSP:C704893,st_struct_pedestal/93532,st_struct_pedestal/94178
ug_route/244011,OSP:BUSP::9489145,st_struct_pedestal/92145,st_struct_pedestal/91443
ug_route/244012,OSP:FBSP::8331982,st_struct_pedestal/91335,st_struct_pedestal/92224
ug_route/244013,OSP:FBSP:C647904,pole/52719,mywcom_route_junction/27723
ug_route/244014,OSP:BUSP::10668043,st_struct_pedestal/93904,building/66569
ug_route/244015,OSP:BUSP::10727540,mywcom_route_junction/27701,building/68013
ug_route/244016,OSP:BUSP:C650559,mywcom_route_junction/27175,mywcom_route_junction/27109
ug_route/244017,OSP:BUSP::9513469,st_struct_pedestal/93613,st_struct_pedestal/92932
ug_route/244018,OSP:BUSP:C667755,pole/53052,pole/52683
ug_route/244019,OSP:FBSP::15598993,st_struct_pedestal/91870,building/66715
ug_route/244020,OSP:BUSP::11417624,st_struct_pedestal/92418,mywcom_route_junction/27752
ug_route/244021,OSP:BUSP:C654583,st_struct_pedestal/91579,building/67994
ug_route/244022,OSP:FBSP:C642407,st_struct_pedestal/93383,st_struct_pedestal/93259
ug_route/244023,OSP:BUSP::9490770,st_struct_pedestal/90544,st_struct_pedestal/93257
ug_route/244024,OSP:BUSP::9504185,st_struct_pedestal/93407,st_struct_pedestal/92808
ug_route/244025,OSP:BUSP::15977525,pole/54171,building/66126
ug_route/244026,OSP:BUSP::9532353,st_struct_pedestal/93466,st_struct_pedestal/91983
ug_route/244027,OSP:BUSP::9531734,st_struct_pedestal/94276,st_struct_pedestal/93900
ug_route/244028,OSP:BUSP::9522434,st_struct_pedestal/94212,st_struct_pedestal/92775
ug_route/244029,OSP:FBSP:C640639,mywcom_route_junction/27328,pole/54356
ug_route/244030,OSP:FBSP:C704906,pole/53907,building/68624
ug_route/244031,OSP:BUSP::10267114,st_struct_pedestal/92137,st_struct_pedestal/92794
ug_route/244032,OSP:BUSP::9531739,st_struct_pedestal/92016,st_struct_pedestal/91461
ug_route/244033,OSP:BUSP:C650855,st_struct_pedestal/93412,st_struct_pedestal/91733
ug_route/244034,OSP:BUSP::10274150,st_struct_pedestal/91812,st_struct_pedestal/91951
ug_route/244035,OSP:BUSP::9531726,st_struct_pedestal/91110,st_struct_pedestal/93896
ug_route/244036,OSP:FBSP:C711773,st_struct_pedestal/90704,st_struct_pedestal/92172
ug_route/244037,OSP:BUSP::11417622,st_struct_pedestal/91434,st_struct_pedestal/93254
ug_route/244038,OSP:BUSP::9520207,st_struct_pedestal/93888,st_struct_pedestal/91399
ug_route/244039,OSP:BUSP:C650884,st_struct_pedestal/92464,mywcom_route_junction/28208
ug_route/244040,OSP:BUSP::8588674,mywcom_route_junction/27660,mywcom_route_junction/27778
ug_route/244041,OSP:BUSP::9447577,st_struct_pedestal/92873,st_struct_pedestal/91670
ug_route/244042,OSP:BUSP:C650244,st_struct_pedestal/91906,building/67507
ug_route/244043,OSP:BUSP:C652651,st_struct_pedestal/93021,st_struct_pedestal/93353
ug_route/244044,OSP:BUSP::9528192,st_struct_pedestal/94178,st_struct_pedestal/93532
ug_route/244045,OSP:BUSP:C651332,st_struct_pedestal/92231,building/68240
ug_route/244046,OSP:FBSP:C650385,st_struct_pedestal/92091,building/68209
ug_route/244047,OSP:BUSP::17062026,mywcom_route_junction/27430,st_struct_pedestal/91336
ug_route/244048,OSP:BUSP::16795170,mywcom_route_junction/28192,mywcom_route_junction/28176
ug_route/244049,OSP:BUSP::14956728,st_struct_pedestal/91951,st_struct_pedestal/91812
ug_route/244050,OSP:BUSP::9447560,st_struct_pedestal/93271,st_struct_pedestal/90735
ug_route/244051,OSP:FORSP::16956646,st_struct_vault/2754,st_struct_vault/2748
ug_route/244052,OSP:BUSP:C683081,st_struct_pedestal/91929,building/66433
ug_route/244053,OSP:BUSP::9531733,st_struct_pedestal/93654,st_struct_pedestal/94276
ug_route/244054,OSP:BUSP::10273186,st_struct_pedestal/93646,st_struct_pedestal/93769
ug_route/244055,OSP:BUSP::10273149,mywcom_route_junction/28202,st_struct_pedestal/93619
ug_route/244056,OSP:FBSP:C657967,st_struct_pedestal/94195,st_struct_pedestal/93260
ug_route/244057,OSP:BUSP:C654205,mywcom_route_junction/27494,mywcom_route_junction/28149
ug_route/244058,OSP:FBSP::10914428,st_struct_pedestal/94198,building/66309
ug_route/244059,OSP:FBSP:C667230,st_struct_pedestal/91735,st_struct_pedestal/94111
ug_route/244060,OSP:FBSP::8572942,st_struct_pedestal/92711,st_struct_pedestal/91176
ug_route/244061,OSP:FBSP::8572615,mywcom_route_junction/27448,st_struct_pedestal/92588
ug_route/244062,OSP:FBSP::10128828,st_struct_pedestal/93933,st_struct_pedestal/92433
ug_route/244063,OSP:BUSP:C652000,st_struct_pedestal/94118,building/67127
ug_route/244064,OSP:FBSP:C704912,st_struct_pedestal/93655,st_struct_pedestal/92009
ug_route/244065,OSP:BUSP::8588675,mywcom_route_junction/27782,mywcom_route_junction/27988
ug_route/244066,OSP:FBSP:C651402,st_struct_pedestal/91183,st_struct_pedestal/92595
ug_route/244067,OSP:BUSP::16789189,mywcom_route_junction/27204,mywcom_route_junction/27870
ug_route/244068,OSP:FBSP:C646015,st_struct_pedestal/93261,st_struct_pedestal/91763
ug_route/244069,OSP:FBSP:C658200,st_struct_pedestal/92067,st_struct_pedestal/90670
ug_route/244070,OSP:FBSP:C651434,st_struct_pedestal/93375,st_struct_pedestal/93787
ug_route/244071,OSP:FBSP:C704911,st_struct_pedestal/92595,st_struct_pedestal/93655
ug_route/244072,OSP:BUSP:C667959,st_struct_pedestal/90960,st_struct_buried_splice_location/3889
ug_route/244073,OSP:BUSP::15995451,mywcom_route_junction/27597,building/66638
ug_route/244074,OSP:BUSP:C660946,st_struct_pedestal/91039,building/67729
ug_route/244075,OSP:FBSP::7625124,st_struct_pedestal/93937,building/67633
ug_route/244076,OSP:BUSP::11890473,st_struct_pedestal/93839,mywcom_route_junction/27915
ug_route/244077,OSP:BUSP::9279174,st_struct_pedestal/91989,pole/52426
ug_route/244078,OSP:BUSP::10727549,st_struct_pedestal/92194,building/68567
ug_route/244079,OSP:BUSP:C680741,st_struct_pedestal/92879,st_struct_pedestal/93048
ug_route/244080,OSP:FBSP::10128824,st_struct_pedestal/91914,st_struct_pedestal/91228
ug_route/244081,OSP:BUSP::9432831,mywcom_route_junction/27867,st_struct_pedestal/92813
ug_route/244082,OSP:BUSP::9454963,st_struct_pedestal/91869,st_struct_pedestal/92137
ug_route/244083,OSP:FBSP:C651676,st_struct_pedestal/92146,st_struct_pedestal/93537
ug_route/244084,OSP:FBSP:C642382,st_struct_pedestal/93191,st_struct_pedestal/90915
ug_route/244085,OSP:FBSP::13098249,st_struct_pedestal/93471,st_struct_pedestal/92509
ug_route/244086,OSP:FBSP:C708951,st_struct_pedestal/93789,st_struct_pedestal/91042
ug_route/244087,OSP:FBSP::13098181,st_struct_pedestal/91212,st_struct_pedestal/93825
ug_route/244088,OSP:BUSP::8711812,mywcom_route_junction/27594,mywcom_route_junction/27462
ug_route/244089,OSP:FBSP:C651477,st_struct_pedestal/93785,st_struct_pedestal/91294
ug_route/244090,OSP:BUSP:C641751,st_struct_pedestal/91591,building/66292
ug_route/244091,OSP:BUSP::8592136,pole/53249,pole/54018
ug_route/244092,OSP:BUSP:C653179,st_struct_pedestal/90858,building/67066
ug_route/244093,OSP:FBSP::8500969,st_struct_pedestal/92562,st_struct_pedestal/93310
ug_route/244094,OSP:BUSP:C648354,st_struct_pedestal/91756,st_struct_pedestal/92404
ug_route/244095,OSP:FBSP:C668408,st_struct_pedestal/93233,building/67835
ug_route/244096,OSP:BUSP:C643670,st_struct_pedestal/93159,st_struct_pedestal/90644
ug_route/244097,OSP:BUSP::10881492,pole/54179,building/66716
ug_route/244098,OSP:BUSP:C706164,st_struct_pedestal/92629,st_struct_pedestal/92387
ug_route/244099,OSP:FBSP:C658199,st_struct_pedestal/93936,st_struct_pedestal/92067
ug_route/244100,OSP:BUSP::9531728,st_struct_pedestal/91294,st_struct_pedestal/93785
ug_route/244101,OSP:BUSP:C644036,st_struct_pedestal/91199,st_struct_buried_splice_location/3888
ug_route/244102,OSP:BUSP::10720820,st_struct_pedestal/93983,building/68810
ug_route/244103,OSP:FBSP::10128830,st_struct_pedestal/92433,st_struct_pedestal/91968
ug_route/244104,OSP:BUSP::9522427,st_struct_pedestal/92982,st_struct_pedestal/91019
ug_route/244105,OSP:FBSP::17060916,pole/52356,building/67346
ug_route/244106,OSP:BUSP:C641516,st_struct_pedestal/93096,st_struct_pedestal/91202
ug_route/244107,OSP:BUSP::9466746,st_struct_pedestal/90670,st_struct_pedestal/92067
ug_route/244108,OSP:FBSP::8397592,st_struct_pedestal/93219,building/67683
ug_route/244109,OSP:FBSP:C653435,st_struct_pedestal/91384,st_struct_pedestal/92929
ug_route/244110,OSP:BUSP:C643995,st_struct_pedestal/93676,st_struct_pedestal/93986
ug_route/244111,OSP:BUSP:C644010,st_struct_pedestal/93621,st_struct_pedestal/92557
ug_route/244112,OSP:BUSP::9447264,st_struct_pedestal/93260,st_struct_pedestal/94195
ug_route/244113,OSP:FBSP:C651471,st_struct_pedestal/90988,st_struct_pedestal/93366
ug_route/244114,OSP:BUSP:C639814,st_struct_pedestal/93844,st_struct_pedestal/90860
ug_route/244115,OSP:BUSP:C657363,st_struct_pedestal/93329,pole/53591
ug_route/244116,OSP:BUSP::9528829,st_struct_pedestal/91227,st_struct_pedestal/90736
ug_route/244117,OSP:BUSP:C647761,st_struct_pedestal/92355,st_struct_pedestal/93517
ug_route/244118,OSP:FBSP:C639742,st_struct_pedestal/91376,st_struct_pedestal/92356
ug_route/244119,OSP:BUSP::9514109,st_struct_pedestal/92009,st_struct_pedestal/93655
ug_route/244120,OSP:BUSP::11470927,mywcom_route_junction/27831,mywcom_route_junction/27163
ug_route/244121,OSP:FBSP::13098248,st_struct_pedestal/93033,st_struct_pedestal/93471
ug_route/244122,OSP:BUSP::9451444,st_struct_pedestal/92387,st_struct_pedestal/92629
ug_route/244123,OSP:BUSP::9432821,st_struct_pedestal/91481,st_struct_pedestal/93299
ug_route/244124,OSP:FBSP:C663368,st_struct_pedestal/93462,st_struct_pedestal/90551
ug_route/244125,OSP:BUSP::9493631,st_struct_pedestal/94111,st_struct_pedestal/91735
ug_route/244126,OSP:BUSP::9432823,st_struct_pedestal/91145,st_struct_pedestal/91377
ug_route/244127,OSP:BUSP::9466482,st_struct_pedestal/93936,st_struct_pedestal/90848
ug_route/244128,OSP:FBSP::13098115,st_struct_pedestal/92509,st_struct_pedestal/91330
ug_route/244129,OSP:BUSP:C680738,st_struct_pedestal/90537,st_struct_pedestal/92879
ug_route/244130,OSP:FBSP:C651438,st_struct_pedestal/93624,st_struct_pedestal/92194
ug_route/244131,OSP:FBSP:C651601,st_struct_pedestal/93416,st_struct_pedestal/93301
ug_route/244132,OSP:FBSP::8061906,st_struct_pedestal/91666,building/68373
ug_route/244133,OSP:BUSP::9514110,st_struct_pedestal/93655,st_struct_pedestal/92595
ug_route/244134,OSP:FBSP:C705600,building/68143,building/68557
ug_route/244135,OSP:BUSP:C667070,st_struct_pedestal/91385,pole/53569
ug_route/244136,OSP:BUSP:C656375,mywcom_route_junction/27722,mywcom_route_junction/28215
ug_route/244137,OSP:FBSP:C709975,st_struct_pedestal/90804,building/68285
ug_route/244138,OSP:BUSP::16788468,mywcom_route_junction/27472,mywcom_route_junction/27307
ug_route/244139,OSP:FBSP:C651118,st_struct_pedestal/91101,building/66847
ug_route/244140,OSP:BUSP::9490747,st_struct_pedestal/93191,st_struct_pedestal/90915
ug_route/244141,OSP:FBSP:C644428,st_struct_pedestal/91443,st_struct_pedestal/91506
ug_route/244142,OSP:BUSP::8189718,st_struct_pedestal/91756,pole/52399
ug_route/244143,OSP:FBSP::13098247,st_struct_pedestal/91218,st_struct_pedestal/93033
ug_route/244144,OSP:BUSP::9411416,pole/52566,pole/52808
ug_route/244145,OSP:BUSP::9514101,st_struct_pedestal/93537,st_struct_pedestal/92146
ug_route/244146,OSP:FBSP:C667420,st_struct_pedestal/91920,st_struct_pedestal/90990
ug_route/244147,OSP:FBSP::13098180,st_struct_pedestal/91330,st_struct_pedestal/91212
ug_route/244148,OSP:BUSP::9496190,mywcom_route_junction/27340,st_struct_pedestal/91041
ug_route/244149,OSP:BUSP::9466742,st_struct_pedestal/92067,st_struct_pedestal/93936
ug_route/244150,OSP:BUSP::9490742,st_struct_pedestal/93789,st_struct_pedestal/91042
ug_route/244151,OSP:FBSP:C654493,pole/54316,mywcom_route_junction/27769
ug_route/244152,OSP:FBSP::13041925,st_struct_pedestal/93575,st_struct_pedestal/93484
ug_route/244153,OSP:FBSP::12052988,st_struct_pedestal/91664,mywcom_route_junction/27380
ug_route/244154,OSP:BUSP:C652639,mywcom_route_junction/27788,mywcom_route_junction/28001
ug_route/244155,OSP:FBSP:C646008,st_struct_pedestal/91948,st_struct_pedestal/91490
ug_route/244156,OSP:BUSP::9531744,st_struct_pedestal/90988,st_struct_pedestal/93366
ug_route/244157,OSP:FBSP:C651462,st_struct_pedestal/94186,st_struct_pedestal/90916
ug_route/244158,OSP:BUSP:C652645,st_struct_pedestal/91761,st_struct_pedestal/93021
ug_route/244159,OSP:BUSP::16013391,pole/52245,building/67474
ug_route/244160,OSP:FBSP:C711726,st_struct_pedestal/93032,building/66837
ug_route/244161,OSP:FBSP::8415823,st_struct_pedestal/91432,st_struct_pedestal/92327
ug_route/244162,OSP:BUSP:C645825,st_struct_pedestal/91524,st_struct_pedestal/92734
ug_route/244163,OSP:FBSP:C651978,pole/52342,mywcom_route_junction/27938
ug_route/244164,OSP:BUSP::9269896,mywcom_route_junction/27654,st_struct_pedestal/91091
ug_route/244165,OSP:BUSP::10267075,st_struct_pedestal/90551,st_struct_pedestal/93462
ug_route/244166,OSP:BUSP::8589575,st_struct_pedestal/92365,building/66654
ug_route/244167,OSP:FBSP:C639769,st_struct_pedestal/94208,st_struct_pedestal/92201
ug_route/244168,OSP:BUSP:C646094,st_struct_pedestal/92694,st_struct_pedestal/93401
ug_route/244169,OSP:BUSP::9490786,st_struct_pedestal/93844,st_struct_pedestal/90860
ug_route/244170,OSP:FBSP:C643157,st_struct_pedestal/93170,st_struct_pedestal/90733
ug_route/244171,OSP:BUSP:C639057,st_struct_pedestal/92089,building/67750
ug_route/244172,OSP:BUSP::16789192,mywcom_route_junction/27749,mywcom_route_junction/27602
ug_route/244173,OSP:BUSP::13371530,st_struct_pedestal/91157,building/67775
ug_route/244174,OSP:BUSP:C653387,st_struct_pedestal/93022,st_struct_pedestal/92666
ug_route/244175,OSP:BUSP::10668663,st_struct_pedestal/94154,building/66498
ug_route/244176,OSP:BUSP:C644100,st_struct_pedestal/93159,st_struct_pedestal/90644
ug_route/244177,OSP:FBSP::13403158,st_struct_pedestal/92446,mywcom_route_junction/27938
ug_route/244178,OSP:BUSP::8382544,pole/53052,pole/52683
ug_route/244179,OSP:FBSP:C652861,building/67576,mywcom_route_junction/28189
ug_route/244180,OSP:FBSP::8572943,st_struct_pedestal/91176,st_struct_pedestal/93768
ug_route/244181,OSP:BUSP:C663455,st_struct_pedestal/93443,st_struct_pedestal/93592
ug_route/244182,OSP:BUSP::9532661,st_struct_pedestal/93416,st_struct_pedestal/93301
ug_route/244183,OSP:FBSP::11454596,st_struct_pedestal/91540,building/66483
ug_route/244184,OSP:FBSP::11431254,st_struct_pedestal/93398,st_struct_pedestal/91257
ug_route/244185,OSP:FBSP:C651473,st_struct_pedestal/93366,st_struct_pedestal/90808
ug_route/244186,OSP:FBSP:C644410,st_struct_pedestal/91041,mywcom_route_junction/28122
ug_route/244187,OSP:FBSP:C657969,st_struct_pedestal/91286,st_struct_pedestal/92821
ug_route/244188,OSP:FBSP:C667225,st_struct_pedestal/92808,mywcom_route_junction/28024
ug_route/244189,OSP:BUSP::10756986,st_struct_pedestal/90897,building/68359
ug_route/244190,OSP:BUSP::9531384,st_struct_pedestal/92929,st_struct_pedestal/91384
ug_route/244191,OSP:BUSP:C706165,st_struct_pedestal/92629,st_struct_pedestal/92387
ug_route/244192,OSP:FBSP::13098185,st_struct_pedestal/91000,st_struct_pedestal/94051
ug_route/244193,OSP:FBSP:C663395,st_struct_pedestal/91757,st_struct_pedestal/93898
ug_route/244194,OSP:FBSP::13098188,st_struct_pedestal/91930,st_struct_pedestal/92503
ug_route/244195,OSP:BUSP:C667598,st_struct_pedestal/90911,st_struct_pedestal/92712
ug_route/244196,OSP:BUSP::11853992,pole/53767,building/68448
ug_route/244197,OSP:BUSP::10878274,mywcom_route_junction/28074,st_struct_pedestal/92365
ug_route/244198,OSP:BUSP::9451811,pole/53700,st_struct_pedestal/92404
ug_route/244199,OSP:BUSP::9490745,st_struct_pedestal/92689,st_struct_pedestal/92867
ug_route/244200,OSP:FBSP::10914429,st_struct_pedestal/94198,building/67652
ug_route/244201,OSP:FBSP:C644452,st_struct_pedestal/91461,st_struct_pedestal/93037
ug_route/244202,OSP:FBSP::13044282,st_struct_pedestal/93903,building/68659
ug_route/244203,OSP:BUSP::9489146,st_struct_pedestal/91443,st_struct_pedestal/91506
ug_route/244204,OSP:BUSP::9531742,st_struct_pedestal/94186,st_struct_pedestal/90916
ug_route/244205,OSP:BUSP:C669952,st_struct_pedestal/91777,building/66410
ug_route/244206,OSP:FBSP::8440154,st_struct_pedestal/91456,st_struct_pedestal/91673
ug_route/244207,OSP:BUSP:C649889,st_struct_pedestal/92258,st_struct_pedestal/93613
ug_route/244208,OSP:FBSP:C654970,st_struct_pedestal/94087,building/66975
ug_route/244209,OSP:FBSP:C642956,st_struct_pedestal/94176,st_struct_pedestal/94154
ug_route/244210,OSP:BUSP::9490433,st_struct_pedestal/94073,st_struct_pedestal/92357
ug_route/244211,OSP:BUSP::8572937,st_struct_pedestal/92361,st_struct_pedestal/92647
ug_route/244212,OSP:BUSP:C656655,st_struct_buried_splice_location/3907,st_struct_pedestal/91836
ug_route/244213,OSP:BUSP:C641774,st_struct_pedestal/92838,building/67450
ug_route/244214,OSP:FBSP::13098113,st_struct_pedestal/92281,st_struct_pedestal/93330
ug_route/244215,OSP:BUSP::9531727,st_struct_pedestal/93896,st_struct_pedestal/91294
ug_route/244216,OSP:FBSP::9978740,st_struct_pedestal/92981,building/66829
ug_route/244217,OSP:FBSP:C663359,st_struct_pedestal/93901,st_struct_pedestal/92912
ug_route/244218,OSP:BUSP::8618694,st_struct_pedestal/90801,building/67282
ug_route/244219,OSP:FBSP::8424134,st_struct_pedestal/91221,st_struct_pedestal/93232
ug_route/244220,OSP:FBSP::13721859,st_struct_pedestal/92515,st_struct_pedestal/93870
ug_route/244221,OSP:FBSP:C657968,st_struct_pedestal/92821,st_struct_pedestal/94195
ug_route/244222,OSP:BUSP::9531740,st_struct_pedestal/91461,st_struct_pedestal/93037
ug_route/244223,OSP:BUSP::9549300,st_struct_pedestal/93022,st_struct_pedestal/92666
ug_route/244224,OSP:BUSP:C680780,st_struct_pedestal/92083,st_struct_pedestal/91747
ug_route/244225,OSP:BUSP::9493753,st_struct_pedestal/91920,st_struct_pedestal/90990
ug_route/244226,OSP:FBSP:C663372,st_struct_pedestal/91627,st_struct_pedestal/93454
ug_route/244227,OSP:BUSP:C651981,st_struct_pedestal/91057,building/66852
ug_route/244228,OSP:FBSP::8424135,st_struct_pedestal/93232,st_struct_pedestal/91284
ug_route/244229,OSP:FBSP:C663356,st_struct_pedestal/94010,st_struct_pedestal/93333
ug_route/244230,OSP:FBSP:C643177,mywcom_route_junction/27174,st_struct_pedestal/92813
ug_route/244231,OSP:FBSP:C663357,st_struct_pedestal/93333,st_struct_pedestal/93901
ug_route/244232,OSP:BUSP::13819451,building/66194,building/67650
ug_route/244233,OSP:BUSP::9531745,st_struct_pedestal/93366,st_struct_pedestal/90808
ug_route/244234,OSP:FBSP:C651479,st_struct_pedestal/91294,st_struct_pedestal/93896
ug_route/244235,OSP:BUSP::13598967,mywcom_route_junction/27786,st_struct_pedestal/90788
ug_route/244236,OSP:BUSP::8592141,cabinet/2849,pole/52903
ug_route/244237,OSP:FBSP:C663361,st_struct_pedestal/92912,st_struct_pedestal/92934
ug_route/244238,OSP:FBSP:C651497,st_struct_pedestal/93073,st_struct_pedestal/93114
ug_route/244239,OSP:BUSP::9433141,st_struct_pedestal/91570,mywcom_route_junction/27545
ug_route/244240,OSP:BUSP:C645491,mywcom_route_junction/28150,st_struct_pedestal/91091
ug_route/244241,OSP:BUSP:C668021,st_struct_pedestal/92046,mywcom_route_junction/27677
ug_route/244242,OSP:FBSP:C654497,pole/54316,mywcom_route_junction/27769
ug_route/244243,OSP:FBSP:C654032,st_struct_pedestal/91881,building/66839
ug_route/244244,OSP:BUSP:C661020,mywcom_route_junction/27219,mywcom_route_junction/27558
ug_route/244245,OSP:FBSP:C651822,st_struct_pedestal/92474,st_struct_pedestal/93723
ug_route/244246,OSP:FBSP:C706375,st_struct_pedestal/92518,st_struct_pedestal/92827
ug_route/244247,OSP:BUSP::9447556,st_struct_pedestal/92821,st_struct_pedestal/91286
ug_route/244248,OSP:FBSP:C705107,st_struct_pedestal/93858,mywcom_route_junction/27158
ug_route/244249,OSP:BUSP:C660587,st_struct_pedestal/93756,building/68724
ug_route/244250,OSP:BUSP::14457207,st_struct_pedestal/93448,st_struct_pedestal/92637
ug_route/244251,OSP:FBSP:C652665,st_struct_pedestal/91761,st_struct_pedestal/91926
ug_route/244252,OSP:BUSP::11472194,st_struct_pedestal/91495,st_struct_pedestal/92707
ug_route/244253,OSP:FBSP::13679962,st_struct_pedestal/93355,building/67429
ug_route/244254,OSP:BUSP::9440508,st_struct_pedestal/94176,st_struct_pedestal/94154
ug_route/244255,OSP:BUSP:C660131,st_struct_pedestal/92278,building/67511
ug_route/244256,OSP:BUSP:C662297,st_struct_pedestal/94295,mywcom_route_junction/27842
ug_route/244257,OSP:BUSP::9433142,st_struct_pedestal/93898,st_struct_pedestal/91757
ug_route/244258,OSP:FBSP:C670590,pole/53956,building/68790
ug_route/244259,OSP:BUSP:C659767,pole/53938,st_struct_pedestal/93394
ug_route/244260,OSP:FBSP:C662163,st_struct_pedestal/92641,building/67336
ug_route/244261,OSP:FBSP:C656459,mywcom_route_junction/27711,building/66362
ug_route/244262,OSP:FBSP:C668852,cabinet/2779,building/68239
ug_route/244263,OSP:BUSP::9453943,st_struct_pedestal/93454,st_struct_pedestal/91627
ug_route/244264,OSP:BUSP:C662522,building/66285,building/66607
ug_route/244265,OSP:BUSP:C660347,st_struct_pedestal/92365,mywcom_route_junction/27094
ug_route/244266,OSP:FORSP:C710108,mywcom_route_junction/27784,pole/52571
ug_route/244267,OSP:BUSP:C667149,mywcom_route_junction/27767,mywcom_route_junction/27122
ug_route/244268,OSP:FBSP::13098250,st_struct_pedestal/91208,st_struct_pedestal/91446
ug_route/244269,OSP:BUSP:C657139,mywcom_route_junction/27229,st_struct_pedestal/91468
ug_route/244270,OSP:BUSP::9454922,st_struct_pedestal/93170,st_struct_pedestal/90733
ug_route/244271,OSP:BUSP:C643717,mywcom_route_junction/27273,st_struct_pedestal/91103
ug_route/244272,OSP:BUSP::9447256,st_struct_pedestal/93901,st_struct_pedestal/92912
ug_route/244273,OSP:BUSP:C669712,mywcom_route_junction/27367,st_struct_pedestal/94298
ug_route/244274,OSP:FBSP:C671236,st_struct_pedestal/92802,st_struct_pedestal/91753
ug_route/244275,OSP:BUSP:C671234,st_struct_pedestal/92802,st_struct_pedestal/91753
ug_route/244276,OSP:BUSP:C708333,mywcom_route_junction/27481,mywcom_route_junction/27131
ug_route/244277,OSP:BUSP::15352269,pole/53956,building/68790
ug_route/244278,OSP:FBSP::8400460,pole/53942,building/66740
ug_route/244279,OSP:BUSP::9447255,st_struct_pedestal/93333,st_struct_pedestal/93901
ug_route/244280,OSP:BUSP:C649000,st_struct_pedestal/92864,building/67525
ug_route/244281,OSP:BUSP::9447252,st_struct_pedestal/94010,st_struct_pedestal/93333
ug_route/244282,OSP:BUSP:C662372,st_struct_pedestal/92641,pole/52637
ug_route/244283,OSP:FBSP:C651399,st_struct_pedestal/93533,st_struct_pedestal/91183
ug_route/244284,OSP:BUSP::9447267,st_struct_pedestal/94195,st_struct_pedestal/92821
ug_route/244285,OSP:FBSP::8331987,st_struct_pedestal/92338,st_struct_pedestal/93280
ug_route/244286,OSP:BUSP:C643948,mywcom_route_junction/27947,st_struct_pedestal/94149
ug_route/244287,OSP:BUSP::8381905,st_struct_pedestal/91597,st_struct_pedestal/93930
ug_route/244288,OSP:FBSP::7625130,pole/54560,building/67696
ug_route/244289,OSP:BUSP::9447258,st_struct_pedestal/92912,st_struct_pedestal/92934
ug_route/244290,OSP:BUSP:C660147,st_struct_pedestal/91995,st_struct_pedestal/91743
ug_route/244291,OSP:BUSP:C656080,cabinet/2826,st_struct_pedestal/92567
ug_route/244292,OSP:FBSP:C651306,st_struct_pedestal/93404,st_struct_pedestal/91233
ug_route/244293,OSP:BUSP:C645799,st_struct_pedestal/93673,building/68827
ug_route/244294,OSP:FBSP:C651535,st_struct_pedestal/92594,st_struct_pedestal/91158
ug_route/244295,OSP:BUSP::9484086,st_struct_pedestal/92827,st_struct_pedestal/92518
ug_route/244296,OSP:FBSP:C643062,st_struct_pedestal/91570,st_struct_pedestal/91596
ug_route/244297,OSP:BUSP::7948323,st_struct_pedestal/91013,st_struct_pedestal/91656
ug_route/244298,OSP:BUSP::15118967,st_struct_pedestal/92641,pole/52637
ug_route/244299,OSP:FBSP::8537414,st_struct_pedestal/93106,building/68444
ug_route/244300,OSP:BUSP::9442424,st_struct_pedestal/93739,st_struct_pedestal/92590
ug_route/244301,OSP:BUSP::9465843,st_struct_pedestal/92802,st_struct_pedestal/91753
ug_route/244302,OSP:BUSP:C654959,pole/53051,st_struct_buried_splice_location/3852
ug_route/244303,OSP:BUSP::11417594,st_struct_pedestal/93024,st_struct_pedestal/92852
ug_route/244304,OSP:BUSP::16795171,mywcom_route_junction/27691,st_struct_pedestal/92194
ug_route/244305,OSP:BUSP:C650998,st_struct_pedestal/92245,mywcom_route_junction/27195
ug_route/244306,OSP:BUSP:C659075,mywcom_route_junction/28144,mywcom_route_junction/28022
ug_route/244307,OSP:BUSP:C641867,st_struct_pedestal/93442,building/66208
ug_route/244308,OSP:BUSP::16348100,st_struct_pedestal/92410,building/68684
ug_route/244309,OSP:FBSP:C667205,st_struct_pedestal/93059,st_struct_pedestal/93408
ug_route/244310,OSP:FBSP:C656933,st_struct_pedestal/93270,building/68569
ug_route/244311,OSP:FBSP:C668688,st_struct_pedestal/91075,building/67891
ug_route/244312,OSP:FBSP::13098251,st_struct_pedestal/91446,st_struct_pedestal/94044
ug_route/244313,OSP:FBSP::9638580,mywcom_route_junction/28115,st_struct_pedestal/94204
ug_route/244314,OSP:FBSP:C710374,st_struct_pedestal/93701,mywcom_route_junction/27846
ug_route/244315,OSP:BUSP::9520199,st_struct_pedestal/93404,st_struct_pedestal/91233
ug_route/244316,OSP:FBSP:C657973,st_struct_pedestal/93271,st_struct_pedestal/91286
ug_route/244317,OSP:BUSP:C652586,st_struct_pedestal/93058,st_struct_pedestal/93401
ug_route/244318,OSP:BUSP::8489738,st_struct_pedestal/91385,mywcom_route_junction/27520
ug_route/244319,OSP:FBSP:C662486,pole/53841,building/67676
ug_route/244320,OSP:BUSP::9531714,st_struct_pedestal/92594,st_struct_pedestal/91158
ug_route/244321,OSP:FBSP:C655562,st_struct_pedestal/91702,st_struct_pedestal/93752
ug_route/244322,OSP:FBSP:C668496,st_struct_pedestal/92981,building/66154
ug_route/244323,OSP:FBSP:C654009,st_struct_pedestal/93739,st_struct_pedestal/92590
ug_route/244324,OSP:FBSP:C662273,st_struct_pedestal/91803,building/66531
ug_route/244325,OSP:FBSP::13684727,st_struct_pedestal/91426,st_struct_pedestal/93632
ug_route/244326,OSP:FBSP::8572621,st_struct_pedestal/93038,st_struct_pedestal/91118
ug_route/244327,OSP:BUSP::9433489,st_struct_pedestal/91596,st_struct_pedestal/91570
ug_route/244328,OSP:BUSP::9447579,st_struct_pedestal/91670,st_struct_pedestal/93223
ug_route/244329,OSP:BUSP:C643941,st_struct_pedestal/94126,st_struct_pedestal/92037
ug_route/244330,OSP:FBSP:C641843,pole/52848,building/68575
ug_route/244331,OSP:BUSP::9514113,st_struct_pedestal/91183,st_struct_pedestal/93533
ug_route/244332,OSP:BUSP::15966976,st_struct_pedestal/91075,building/67891
ug_route/244333,OSP:FBSP:C643069,st_struct_pedestal/91088,mywcom_route_junction/27342
ug_route/244334,OSP:FBSP:C639770,st_struct_pedestal/92201,st_struct_pedestal/90762
ug_route/244335,OSP:BUSP::11434877,st_struct_pedestal/92903,st_struct_pedestal/91349
ug_route/244336,OSP:BUSP:C643927,st_struct_pedestal/94126,st_struct_pedestal/92037
ug_route/244337,OSP:BUSP::15978165,pole/53841,building/67676
ug_route/244338,OSP:FBSP:C650441,building/67856,building/66948
ug_route/244339,OSP:BUSP:C656888,st_struct_pedestal/94196,building/66210
ug_route/244340,OSP:FBSP:C651467,st_struct_pedestal/90916,st_struct_pedestal/90988
ug_route/244341,OSP:BUSP:C656941,mywcom_route_junction/27199,st_struct_pedestal/93270
ug_route/244342,OSP:FBSP:C663364,st_struct_pedestal/92420,st_struct_pedestal/90802
ug_route/244343,OSP:BUSP::10850104,pole/53143,building/67168
ug_route/244344,OSP:BUSP::9451380,mywcom_route_junction/27533,mywcom_route_junction/27514
ug_route/244345,OSP:BUSP:C650823,st_struct_pedestal/91790,st_struct_pedestal/93470
ug_route/244346,OSP:BUSP::11085102,st_struct_pedestal/90740,st_struct_pedestal/92854
ug_route/244347,OSP:FBSP::13704255,st_struct_vault/2756,st_struct_pedestal/92599
ug_route/244348,OSP:BUSP::10725958,st_struct_pedestal/92474,st_struct_pedestal/93723
ug_route/244349,OSP:BUSP:C707428,cabinet/2790,pole/54256
ug_route/244350,OSP:BUSP::9501966,mywcom_route_junction/28176,mywcom_route_junction/27691
ug_route/244351,OSP:FBSP:C708392,st_struct_pedestal/91400,st_struct_pedestal/91689
ug_route/244352,OSP:FBSP:C655476,st_struct_pedestal/92688,st_struct_pedestal/90768
ug_route/244353,OSP:BUSP:C707687,pole/53708,st_struct_pedestal/91237
ug_route/244354,OSP:BUSP:C668956,st_struct_pedestal/92557,st_struct_pedestal/93083
ug_route/244355,OSP:BUSP:C640138,st_struct_pedestal/91063,building/66485
ug_route/244356,OSP:FBSP::8346076,st_struct_pedestal/92893,st_struct_pedestal/93894
ug_route/244357,OSP:BUSP::9466854,st_struct_pedestal/93038,st_struct_pedestal/91118
ug_route/244358,OSP:BUSP::7622224,st_struct_pedestal/91933,st_struct_pedestal/92782
ug_route/244359,OSP:FBSP:C662404,st_struct_pedestal/91073,building/66369
ug_route/244360,OSP:BUSP::10768203,st_struct_pedestal/92225,building/67610
ug_route/244361,OSP:BUSP::9447558,st_struct_pedestal/91286,st_struct_pedestal/93271
ug_route/244362,OSP:FBSP:C656101,st_struct_pedestal/93589,st_struct_pedestal/94147
ug_route/244363,OSP:FBSP::15608264,st_struct_pedestal/91542,building/68832
ug_route/244364,OSP:FBSP:C660994,st_struct_pedestal/92365,building/68115
ug_route/244365,OSP:BUSP:C653974,st_struct_buried_splice_location/3881,mywcom_route_junction/27704
ug_route/244366,OSP:BUSP::10668998,st_struct_pedestal/94176,building/66826
ug_route/244367,OSP:BUSP::16795169,mywcom_route_junction/27211,mywcom_route_junction/28192
ug_route/244368,OSP:FBSP::11652679,st_struct_pedestal/92114,st_struct_pedestal/93623
ug_route/244369,OSP:BUSP::9451409,mywcom_route_junction/27818,st_struct_pedestal/94078
ug_route/244370,OSP:FBSP:C651418,st_struct_pedestal/94324,st_struct_pedestal/92715
ug_route/244371,OSP:BUSP::9479543,st_struct_pedestal/91082,st_struct_pedestal/91946
ug_route/244372,OSP:BUSP:C651330,st_struct_pedestal/92231,building/67075
ug_route/244373,OSP:BUSP:C661754,st_struct_pedestal/93177,mywcom_route_junction/27463
ug_route/244374,OSP:BUSP::9531743,st_struct_pedestal/90916,st_struct_pedestal/90988
ug_route/244375,OSP:FBSP:C654066,pole/54026,building/68353
ug_route/244376,OSP:FBSP:C662091,st_struct_pedestal/93489,building/66473
ug_route/244377,OSP:BUSP::9492996,st_struct_pedestal/91689,st_struct_pedestal/91400
ug_route/244378,OSP:FBSP:C670098,mywcom_route_junction/27516,building/66973
ug_route/244379,OSP:FBSP:C651432,st_struct_pedestal/94181,st_struct_pedestal/93375
ug_route/244380,OSP:FBSP:C645777,st_struct_pedestal/93248,st_struct_pedestal/93520
ug_route/244381,OSP:BUSP::9433486,mywcom_route_junction/27428,st_struct_pedestal/91088
ug_route/244382,OSP:FBSP::13044491,st_struct_pedestal/92648,st_struct_pedestal/90757
ug_route/244383,OSP:BUSP::8331139,st_struct_pedestal/93886,st_struct_pedestal/90784
ug_route/244384,OSP:FBSP::8331983,st_struct_pedestal/92224,st_struct_pedestal/92345
ug_route/244385,OSP:FBSP::8330099,st_struct_pedestal/91624,st_struct_pedestal/91266
ug_route/244386,OSP:FBSP::8347667,st_struct_pedestal/90599,st_struct_pedestal/93829
ug_route/244387,OSP:BUSP::9455556,st_struct_pedestal/91180,mywcom_route_junction/27848
ug_route/244388,OSP:BUSP::15408884,st_struct_pedestal/93183,building/67916
ug_route/244389,OSP:BUSP:C667656,st_struct_pedestal/90923,st_struct_pedestal/93732
ug_route/244390,OSP:FBSP:C643016,st_struct_pedestal/93700,st_struct_pedestal/92313
ug_route/244391,OSP:BUSP:C642491,st_struct_pedestal/92722,st_struct_pedestal/93178
ug_route/244392,OSP:BUSP:C651047,st_struct_pedestal/90982,building/66149
ug_route/244393,OSP:FBSP::8950854,mywcom_route_junction/27853,st_struct_pedestal/90583
ug_route/244394,OSP:FBSP:C644258,st_struct_pedestal/90993,st_struct_pedestal/91700
ug_route/244395,OSP:BUSP:C649043,st_struct_pedestal/90943,building/66843
ug_route/244396,OSP:BUSP::14932084,st_struct_pedestal/93183,st_struct_pedestal/93633
ug_route/244397,OSP:FBSP::8950867,st_struct_pedestal/91563,mywcom_route_junction/27584
ug_route/244398,OSP:FBSP::13098187,st_struct_pedestal/94045,st_struct_pedestal/91930
ug_route/244399,OSP:BUSP:C654545,cabinet/2835,st_struct_pedestal/93135
ug_route/244400,OSP:BUSP:C655583,st_struct_pedestal/90983,building/67923
ug_route/244401,OSP:FBSP:C651162,st_struct_pedestal/92549,st_struct_pedestal/91950
ug_route/244402,OSP:BUSP:C667603,st_struct_pedestal/92712,mywcom_route_junction/27241
ug_route/244403,OSP:BUSP::8500970,cabinet/2839,st_struct_pedestal/91913
ug_route/244404,OSP:BUSP:C705265,pole/53353,st_struct_pedestal/91623
ug_route/244405,OSP:BUSP::9532342,st_struct_pedestal/93520,st_struct_pedestal/93248
ug_route/244406,OSP:BUSP:C655580,building/67923,st_struct_pedestal/90983
ug_route/244407,OSP:FBSP:C657812,cabinet/2768,building/67742
ug_route/244408,OSP:FBSP:C651824,st_struct_pedestal/93723,st_struct_pedestal/92716
ug_route/244409,OSP:FBSP:C669014,mywcom_route_junction/27868,mywcom_route_junction/27589
ug_route/244410,OSP:BUSP::12613056,mywcom_route_junction/27719,mywcom_route_junction/27612
ug_route/244411,OSP:FBSP:C651774,st_struct_pedestal/91730,st_struct_pedestal/92470
ug_route/244412,OSP:BUSP:C647903,st_struct_pedestal/92263,building/67379
ug_route/244413,OSP:BUSP:C648433,st_struct_pedestal/91131,st_struct_pedestal/94113
ug_route/244414,OSP:BUSP:C660142,st_struct_pedestal/90950,st_struct_pedestal/91653
ug_route/244415,OSP:BUSP:C647314,st_struct_pedestal/90954,building/68727
ug_route/244416,OSP:BUSP::16032244,st_struct_pedestal/93183,st_struct_pedestal/93633
ug_route/244417,OSP:BUSP:C669719,mywcom_route_junction/27367,st_struct_pedestal/91686
ug_route/244418,OSP:BUSP::10720822,st_struct_pedestal/91178,building/67515
ug_route/244419,OSP:FBSP:C651820,st_struct_pedestal/92325,st_struct_pedestal/92474
ug_route/244420,OSP:FBSP:C667452,st_struct_pedestal/91287,st_struct_pedestal/93652
ug_route/244421,OSP:FBSP:C639779,st_struct_pedestal/90731,st_struct_pedestal/91333
ug_route/244422,OSP:FBSP:C705472,st_struct_pedestal/91950,st_struct_pedestal/90867
ug_route/244423,OSP:BUSP:C707412,st_struct_pedestal/92560,st_struct_buried_splice_location/3993
ug_route/244424,OSP:BUSP:C643668,st_struct_pedestal/92677,st_struct_pedestal/93159
ug_route/244425,OSP:FBSP:C705010,st_struct_pedestal/94181,st_struct_pedestal/93375
ug_route/244426,OSP:FBSP:C667315,building/67860,building/67726
ug_route/244427,OSP:BUSP::8348939,mywcom_route_junction/27304,st_struct_pedestal/92680
ug_route/244428,OSP:BUSP::9513463,st_struct_pedestal/94324,st_struct_pedestal/92715
ug_route/244429,OSP:BUSP::9531725,st_struct_pedestal/93073,st_struct_pedestal/91110
ug_route/244430,OSP:BUSP:C656344,st_struct_pedestal/93186,st_struct_pedestal/90965
ug_route/244431,OSP:FBSP::13098189,st_struct_pedestal/92503,st_struct_pedestal/92048
ug_route/244432,OSP:FBSP::16866196,st_struct_pedestal/91740,building/68280
ug_route/244433,OSP:BUSP::16760041,pole/52536,building/67732
ug_route/244434,OSP:FBSP::8365257,st_struct_pedestal/90675,st_struct_pedestal/91266
ug_route/244435,OSP:FBSP:C705652,st_struct_pedestal/90965,mywcom_route_junction/27357
ug_route/244436,OSP:FBSP:C662177,st_struct_pedestal/91538,building/66706
ug_route/244437,OSP:BUSP::10267109,st_struct_pedestal/94147,st_struct_pedestal/93589
ug_route/244438,OSP:FBSP::8365259,st_struct_pedestal/93788,st_struct_pedestal/94185
ug_route/244439,OSP:BUSP:C667664,st_struct_pedestal/90923,st_struct_pedestal/93732
ug_route/244440,OSP:BUSP::9430921,st_struct_pedestal/92313,st_struct_pedestal/93700
ug_route/244441,OSP:BUSP:C667428,st_struct_pedestal/91749,st_struct_pedestal/92506
ug_route/244442,OSP:BUSP::9526911,st_struct_pedestal/91950,st_struct_pedestal/92549
ug_route/244443,OSP:FBSP::8572938,st_struct_pedestal/92647,st_struct_pedestal/93402
ug_route/244444,OSP:BUSP:C669963,st_struct_pedestal/94332,building/66625
ug_route/244445,OSP:BUSP:C662278,st_struct_pedestal/93939,building/67180
ug_route/244446,OSP:BUSP::9441158,mywcom_route_junction/28134,st_struct_pedestal/92936
ug_route/244447,OSP:FBSP:C649988,pole/52264,mywcom_route_junction/28020
ug_route/244448,OSP:BUSP::10271228,st_struct_pedestal/91892,cabinet/2778
ug_route/244449,OSP:FBSP:C666455,st_struct_pedestal/93727,building/67453
ug_route/244450,OSP:FBSP::14570484,pole/52274,st_struct_pedestal/90663
ug_route/244451,OSP:BUSP::11470588,mywcom_route_junction/27403,st_struct_pedestal/92530
ug_route/244452,OSP:BUSP::9490782,mywcom_route_junction/27308,mywcom_route_junction/27224
ug_route/244453,OSP:FBSP:C663625,st_struct_pedestal/91630,building/68749
ug_route/244454,OSP:BUSP::10137989,st_struct_pedestal/91081,st_struct_pedestal/91798
ug_route/244455,OSP:BUSP::9493763,st_struct_pedestal/90993,st_struct_pedestal/91700
ug_route/244456,OSP:BUSP:C655498,st_struct_pedestal/90944,st_struct_pedestal/93504
ug_route/244457,OSP:BUSP::9526910,st_struct_pedestal/90867,st_struct_pedestal/91950
ug_route/244458,OSP:FBSP::10128835,st_struct_pedestal/91549,st_struct_pedestal/92536
ug_route/244459,OSP:BUSP::8603340,st_struct_pedestal/90983,building/67923
ug_route/244460,OSP:BUSP:D8185989,building/67238,building/67089
ug_route/244461,OSP:BUSP:C667470,st_struct_pedestal/93408,mywcom_route_junction/27829
ug_route/244462,OSP:FBSP:C663350,mywcom_route_junction/28163,st_struct_pedestal/92936
ug_route/244463,OSP:BUSP:C668985,st_struct_pedestal/92692,st_struct_pedestal/92975
ug_route/244464,OSP:FBSP:C709577,st_struct_pedestal/93920,building/66213
ug_route/244465,OSP:BUSP::8365253,st_struct_pedestal/91917,st_struct_pedestal/90675
ug_route/244466,OSP:BUSP::7949252,st_struct_pedestal/91656,building/67621
ug_route/244467,OSP:BUSP::9491428,st_struct_pedestal/93652,st_struct_pedestal/91287
ug_route/244468,OSP:BUSP:C648471,st_struct_pedestal/94220,st_struct_pedestal/92804
ug_route/244469,OSP:FBSP::14321589,st_struct_pedestal/91999,st_struct_pedestal/94322
ug_route/244470,OSP:BUSP::9504183,st_struct_pedestal/92506,st_struct_pedestal/91749
ug_route/244471,OSP:BUSP:C647557,pole/52425,st_struct_pedestal/93754
ug_route/244472,OSP:FBSP:C680731,st_struct_pedestal/93643,building/68096
ug_route/244473,OSP:BUSP:C706927,st_struct_pedestal/91975,building/66897
ug_route/244474,OSP:FBSP::13098191,st_struct_pedestal/92635,st_struct_pedestal/92858
ug_route/244475,OSP:BUSP:C659994,st_struct_pedestal/90576,building/68309
ug_route/244476,OSP:FORSP::16954187,st_struct_vault/2713,st_struct_vault/2712
ug_route/244477,OSP:BUSP:C660395,st_struct_buried_splice_location/3897,st_struct_pedestal/91667
ug_route/244478,OSP:FBSP:C643058,st_struct_pedestal/92979,st_struct_pedestal/91570
ug_route/244479,OSP:BUSP:C646021,st_struct_pedestal/91713,st_struct_pedestal/91018
ug_route/244480,OSP:BUSP:C644099,st_struct_pedestal/92677,st_struct_pedestal/93159
ug_route/244481,OSP:BUSP::8384132,building/67789,building/67130
ug_route/244482,OSP:BUSP::8589293,st_struct_pedestal/92352,mywcom_route_junction/27349
ug_route/244483,OSP:BUSP:C650825,st_struct_pedestal/93470,st_struct_pedestal/91072
ug_route/244484,OSP:BUSP:C643336,pole/52453,st_struct_pedestal/92306
ug_route/244485,OSP:BUSP::9513468,st_struct_pedestal/91502,st_struct_pedestal/93613
ug_route/244486,OSP:BUSP:C680739,st_struct_pedestal/92879,st_struct_pedestal/91277
ug_route/244487,OSP:FBSP:C705602,building/67304,building/66101
ug_route/244488,OSP:BUSP:C648184,pole/54527,mywcom_route_junction/27440
ug_route/244489,OSP:BUSP::16795166,mywcom_route_junction/28071,mywcom_route_junction/27748
ug_route/244490,OSP:BUSP::9270602,mywcom_route_junction/27832,st_struct_pedestal/92804
ug_route/244491,OSP:BUSP:C648535,st_struct_pedestal/93264,building/68486
ug_route/244492,OSP:FBSP::8365275,st_struct_pedestal/91582,st_struct_pedestal/91501
ug_route/244493,OSP:BUSP:C649274,st_struct_pedestal/92161,building/68704
ug_route/244494,OSP:FBSP:C645829,st_struct_pedestal/92017,st_struct_pedestal/91398
ug_route/244495,OSP:FBSP::8587345,st_struct_pedestal/93937,building/68686
ug_route/244496,OSP:BUSP:C660117,st_struct_pedestal/91975,building/68335
ug_route/244497,OSP:FBSP:C651811,st_struct_pedestal/93783,st_struct_pedestal/92210
ug_route/244498,OSP:FBSP::8336132,st_struct_pedestal/93280,st_struct_pedestal/92113
ug_route/244499,OSP:FBSP:C651643,st_struct_pedestal/91040,st_struct_pedestal/94278
ug_route/244500,OSP:BUSP::8330695,st_struct_pedestal/93169,st_struct_pedestal/94185
ug_route/244501,OSP:FBSP::8464132,st_struct_pedestal/93727,building/67453
ug_route/244502,OSP:FBSP:C680736,st_struct_pedestal/90537,building/67566
ug_route/244503,OSP:BUSP::9451073,st_struct_pedestal/91072,mywcom_route_junction/27533
ug_route/244504,OSP:BUSP:C659960,st_struct_pedestal/92461,mywcom_route_junction/27343
ug_route/244505,OSP:BUSP::16020418,st_struct_pedestal/91853,building/68192
ug_route/244506,OSP:FBSP::13098182,st_struct_pedestal/93825,st_struct_pedestal/92774
ug_route/244507,OSP:BUSP::10329460,st_struct_pedestal/93610,st_struct_pedestal/91215
ug_route/244508,OSP:BUSP:C655531,st_struct_pedestal/90944,st_struct_pedestal/93504
ug_route/244509,OSP:BUSP:C671266,st_struct_pedestal/91497,mywcom_route_junction/28101
ug_route/244510,OSP:FBSP:C651849,st_struct_pedestal/93464,st_struct_pedestal/93760
ug_route/244511,OSP:FBSP::8330399,st_struct_pedestal/91594,st_struct_pedestal/91882
ug_route/244512,OSP:BUSP::8576462,cabinet/2829,mywcom_route_junction/27287
ug_route/244513,OSP:FBSP:C658112,st_struct_pedestal/92292,st_struct_pedestal/91869
ug_route/244514,OSP:FBSP::12053047,mywcom_route_junction/28219,mywcom_route_junction/27959
ug_route/244515,OSP:FBSP:C651159,st_struct_pedestal/92069,st_struct_pedestal/92549
ug_route/244516,OSP:FBSP::8448154,pole/54040,building/68277
ug_route/244517,OSP:FBSP:C666354,st_struct_pedestal/94095,building/67617
ug_route/244518,OSP:BUSP::8433099,st_struct_pedestal/90649,mywcom_route_junction/27544
ug_route/244519,OSP:BUSP:C666145,st_struct_pedestal/92829,st_struct_pedestal/93139
ug_route/244520,OSP:BUSP:C666144,st_struct_pedestal/92720,st_struct_pedestal/92829
ug_route/244521,OSP:FBSP::8336133,st_struct_pedestal/92113,st_struct_pedestal/93767
ug_route/244522,OSP:FBSP::11652680,st_struct_pedestal/93623,st_struct_pedestal/92569
ug_route/244523,OSP:BUSP::11431256,st_struct_pedestal/91257,st_struct_pedestal/93238
ug_route/244524,OSP:BUSP:C704918,building/68083,building/68590
ug_route/244525,OSP:BUSP:C689255,st_struct_pedestal/93372,building/68241
ug_route/244526,OSP:BUSP:C647034,st_struct_pedestal/94057,building/66913
ug_route/244527,OSP:BUSP::10661350,st_struct_pedestal/93857,st_struct_pedestal/93693
ug_route/244528,OSP:BUSP::9465143,st_struct_pedestal/91879,mywcom_route_junction/27279
ug_route/244529,OSP:BUSP::9532346,st_struct_pedestal/91398,st_struct_pedestal/92017
ug_route/244530,OSP:BUSP:C651115,st_struct_pedestal/91067,building/66263
ug_route/244531,OSP:FBSP::8331130,st_struct_pedestal/91505,st_struct_pedestal/90630
ug_route/244532,OSP:BUSP::9531064,st_struct_pedestal/94278,st_struct_pedestal/91040
ug_route/244533,OSP:FBSP:C639812,st_struct_pedestal/93480,st_struct_pedestal/92326
ug_route/244534,OSP:FBSP:C668837,st_struct_pedestal/93927,building/68419
ug_route/244535,OSP:BUSP:C644034,st_struct_pedestal/91199,st_struct_pedestal/93602
ug_route/244536,OSP:BUSP::10352839,st_struct_pedestal/92321,st_struct_pedestal/93103
ug_route/244537,OSP:BUSP::15995452,mywcom_route_junction/27597,building/67192
ug_route/244538,OSP:FBSP:C648334,st_struct_pedestal/93342,st_struct_pedestal/92168
ug_route/244539,OSP:FBSP::8587980,st_struct_pedestal/90853,building/66313
ug_route/244540,OSP:BUSP::10725959,st_struct_pedestal/93723,st_struct_pedestal/92716
ug_route/244541,OSP:FBSP:C708422,st_struct_pedestal/93061,st_struct_pedestal/91180
ug_route/244542,OSP:BUSP::9526912,st_struct_pedestal/92549,st_struct_pedestal/92069
ug_route/244543,OSP:BUSP::8348936,cabinet/2796,mywcom_route_junction/28095
ug_route/244544,OSP:FBSP:C644238,st_struct_pedestal/91293,st_struct_pedestal/92477
ug_route/244545,OSP:BUSP:C661074,st_struct_pedestal/93473,building/68310
ug_route/244546,OSP:BUSP:C654354,st_struct_pedestal/92492,st_struct_pedestal/93079
ug_route/244547,OSP:BUSP::15247294,mywcom_route_junction/27208,mywcom_route_junction/27457
ug_route/244548,OSP:BUSP::9454962,st_struct_pedestal/92292,st_struct_pedestal/91869
ug_route/244549,OSP:BUSP:C666139,st_struct_pedestal/90811,st_struct_pedestal/92720
ug_route/244550,OSP:FBSP::8345419,st_struct_pedestal/92456,st_struct_pedestal/90787
ug_route/244551,OSP:FBSP:C644480,st_struct_pedestal/93156,st_struct_pedestal/91435
ug_route/244552,OSP:BUSP:C659961,st_struct_pedestal/92461,mywcom_route_junction/27343
ug_route/244553,OSP:FBSP:C668842,cabinet/2779,building/68020
ug_route/244554,OSP:BUSP::8632788,st_struct_pedestal/90709,pole/54049
ug_route/244555,OSP:BUSP::13458840,pole/53734,mywcom_route_junction/27908
ug_route/244556,OSP:FBSP:C656090,st_struct_pedestal/90798,st_struct_pedestal/92564
ug_route/244557,OSP:BUSP:C650557,st_struct_buried_splice_location/3902,pole/53326
ug_route/244558,OSP:FBSP::14956727,mywcom_route_junction/27409,building/66914
ug_route/244559,OSP:BUSP::16057848,st_struct_pedestal/93851,building/67650
ug_route/244560,OSP:FBSP::10128833,st_struct_pedestal/92279,st_struct_pedestal/91549
ug_route/244561,OSP:FBSP::8573902,st_struct_pedestal/93989,st_struct_pedestal/91828
ug_route/244562,OSP:FBSP::8587984,st_struct_pedestal/90853,building/68656
ug_route/244563,OSP:BUSP::10725957,st_struct_pedestal/92325,st_struct_pedestal/92474
ug_route/244564,OSP:BUSP::9484090,st_struct_pedestal/91293,st_struct_pedestal/92477
ug_route/244565,OSP:BUSP::8490387,st_struct_pedestal/93729,st_struct_pedestal/91425
ug_route/244566,OSP:BUSP::10352838,st_struct_pedestal/93617,st_struct_pedestal/92321
ug_route/244567,OSP:BUSP:C640168,st_struct_buried_splice_location/3878,building/68740
ug_route/244568,OSP:FBSP:C667657,st_struct_pedestal/93580,building/66449
ug_route/244569,OSP:BUSP:C655209,mywcom_route_junction/28104,mywcom_route_junction/28185
ug_route/244570,OSP:BUSP:C643855,st_struct_pedestal/93386,st_struct_pedestal/92991
ug_route/244571,OSP:FBSP::8588672,st_struct_pedestal/91327,building/67859
ug_route/244572,OSP:BUSP:C657766,st_struct_pedestal/91253,building/66381
ug_route/244573,OSP:BUSP:C653627,st_struct_pedestal/91866,building/68265
ug_route/244574,OSP:FORSP::16956645,st_struct_vault/2753,st_struct_vault/2754
ug_route/244575,OSP:BUSP::9531731,st_struct_pedestal/93156,st_struct_pedestal/91435
ug_route/244576,OSP:BUSP:C667738,st_struct_pedestal/91107,mywcom_route_junction/27872
ug_route/244577,OSP:BUSP::10650823,pole/53514,building/67649
ug_route/244578,OSP:BUSP:C652067,st_struct_pedestal/92876,building/68839
ug_route/244579,OSP:BUSP:C643863,st_struct_pedestal/93386,st_struct_pedestal/90820
ug_route/244580,OSP:BUSP:C641523,st_struct_pedestal/91202,building/66627
ug_route/244581,OSP:FBSP:C650396,st_struct_pedestal/92204,building/67932
ug_route/244582,OSP:BUSP:C670822,st_struct_pedestal/92242,building/67216
ug_route/244583,OSP:BUSP:C704870,st_struct_pedestal/93576,st_struct_pedestal/91032
ug_route/244584,OSP:FBSP::8381893,st_struct_pedestal/91750,st_struct_pedestal/92928
ug_route/244585,OSP:FBSP::13095123,st_struct_pedestal/90894,st_struct_pedestal/92859
ug_route/244586,OSP:BUSP:C649996,pole/52264,st_struct_pedestal/91915
ug_route/244587,OSP:BUSP:C662282,building/67180,building/66267
ug_route/244588,OSP:FBSP:C642983,st_struct_pedestal/94154,st_struct_pedestal/93887
ug_route/244589,OSP:BUSP:C704869,pole/53606,st_struct_pedestal/93576
ug_route/244590,OSP:FBSP::8345414,st_struct_pedestal/93376,st_struct_pedestal/90630
ug_route/244591,OSP:FBSP:C651494,st_struct_pedestal/93850,st_struct_pedestal/93073
ug_route/244592,OSP:FBSP::8365258,st_struct_pedestal/94014,st_struct_pedestal/93788
ug_route/244593,OSP:FBSP:C667386,pole/54153,building/67614
ug_route/244594,OSP:BUSP:C669942,building/67746,building/68747
ug_route/244595,OSP:BUSP::10645032,pole/52264,st_struct_pedestal/91915
ug_route/244596,OSP:BUSP:C654368,st_struct_pedestal/94187,st_struct_pedestal/91804
ug_route/244597,OSP:FBSP:C667303,st_struct_pedestal/91561,building/67528
ug_route/244598,OSP:FBSP:C661790,mywcom_route_junction/27326,building/66278
ug_route/244599,OSP:FBSP:C705112,st_struct_pedestal/94013,st_struct_pedestal/90904
ug_route/244600,OSP:FBSP:C651524,st_struct_pedestal/90917,st_struct_pedestal/91290
ug_route/244601,OSP:FBSP:C656087,st_struct_pedestal/92568,st_struct_pedestal/93778
ug_route/244602,OSP:BUSP:C643793,st_struct_pedestal/93386,st_struct_pedestal/92991
ug_route/244603,OSP:BUSP::11417629,st_struct_pedestal/93818,st_struct_pedestal/90703
ug_route/244604,OSP:BUSP::16016254,st_struct_pedestal/93342,st_struct_pedestal/92783
ug_route/244605,OSP:FBSP::8330400,st_struct_pedestal/91882,st_struct_pedestal/92253
ug_route/244606,OSP:BUSP:C648306,st_struct_pedestal/93342,st_struct_pedestal/92783
ug_route/244607,OSP:BUSP::9206854,st_struct_pedestal/93576,st_struct_pedestal/91032
ug_route/244608,OSP:BUSP::9440509,st_struct_pedestal/94154,st_struct_pedestal/93887
ug_route/244609,OSP:FBSP:C651390,st_struct_pedestal/91378,st_struct_pedestal/93895
ug_route/244610,OSP:BUSP:C682635,mywcom_route_junction/28044,st_struct_pedestal/91035
ug_route/244611,OSP:FBSP:C651083,mywcom_route_junction/27190,st_struct_pedestal/91620
ug_route/244612,OSP:BUSP::16015009,building/67528,st_struct_pedestal/91561
ug_route/244613,OSP:FBSP:C639525,st_struct_pedestal/93230,st_struct_pedestal/92689
ug_route/244614,OSP:FBSP:C639670,st_struct_pedestal/93013,st_struct_pedestal/91571
ug_route/244615,OSP:FBSP:C705487,st_struct_pedestal/91117,st_struct_pedestal/93188
ug_route/244616,OSP:BUSP::8365255,st_struct_pedestal/92226,st_struct_pedestal/94014
ug_route/244617,OSP:BUSP:C654355,st_struct_pedestal/93079,st_struct_pedestal/92221
ug_route/244618,OSP:BUSP::9206852,pole/53606,st_struct_pedestal/93576
ug_route/244619,OSP:BUSP:C666065,st_struct_pedestal/92182,st_struct_pedestal/91172
ug_route/244620,OSP:FBSP::8436640,building/66336,cabinet/2851
ug_route/244621,OSP:BUSP::11434875,st_struct_pedestal/92903,st_struct_pedestal/91434
ug_route/244622,OSP:BUSP:C648272,st_struct_pedestal/93979,st_struct_pedestal/91759
ug_route/244623,OSP:FBSP:C642420,st_struct_pedestal/94221,st_struct_pedestal/93516
ug_route/244624,OSP:FBSP:C643186,st_struct_pedestal/91837,st_struct_pedestal/93418
ug_route/244625,OSP:BUSP::16795168,mywcom_route_junction/27789,mywcom_route_junction/27211
ug_route/244626,OSP:BUSP:C704738,building/66729,building/67202
ug_route/244627,OSP:BUSP::9310596,building/67535,st_struct_pedestal/92266
ug_route/244628,OSP:BUSP::9531724,st_struct_pedestal/93850,st_struct_pedestal/93073
ug_route/244629,OSP:FBSP::7630318,pole/53295,building/68224
ug_route/244630,OSP:FBSP::10128822,st_struct_pedestal/93447,st_struct_pedestal/91914
ug_route/244631,OSP:FBSP:C705471,st_struct_pedestal/93577,st_struct_pedestal/91369
ug_route/244632,OSP:FBSP:C667388,st_struct_pedestal/92251,st_struct_pedestal/91365
ug_route/244633,OSP:BUSP:C647897,st_struct_pedestal/92263,building/68700
ug_route/244634,OSP:FBSP:C644867,pole/54210,building/68761
ug_route/244635,OSP:FBSP::8330090,st_struct_pedestal/93417,st_struct_pedestal/91295
ug_route/244636,OSP:BUSP::9503234,st_struct_pedestal/91917,st_struct_pedestal/90675
ug_route/244637,OSP:FBSP:C667389,st_struct_pedestal/91365,st_struct_pedestal/93414
ug_route/244638,OSP:BUSP::9458825,st_struct_pedestal/94013,st_struct_pedestal/90904
ug_route/244639,OSP:FBSP::13098192,st_struct_pedestal/92858,st_struct_pedestal/93573
ug_route/244640,OSP:BUSP::12613065,mywcom_route_junction/27725,st_struct_pedestal/90882
ug_route/244641,OSP:FBSP::13045693,pole/52891,st_struct_pedestal/91791
ug_route/244642,OSP:FBSP:C643151,st_struct_pedestal/93116,st_struct_pedestal/92359
ug_route/244643,OSP:BUSP:C650787,st_struct_pedestal/92426,st_struct_pedestal/93769
ug_route/244644,OSP:BUSP::16788478,mywcom_route_junction/27925,mywcom_route_junction/28211
ug_route/244645,OSP:BUSP::15976895,st_struct_pedestal/93928,building/67546
ug_route/244646,OSP:FBSP:C646040,st_struct_pedestal/93638,st_struct_pedestal/94206
ug_route/244647,OSP:FBSP:C651547,st_struct_pedestal/91158,st_struct_pedestal/93154
ug_route/244648,OSP:BUSP::9528183,st_struct_pedestal/91117,st_struct_pedestal/93188
ug_route/244649,OSP:FORSP::16947462,st_struct_vault/2742,building/66799
ug_route/244650,OSP:FBSP::8382534,st_struct_pedestal/92442,st_struct_pedestal/92003
ug_route/244651,OSP:FBSP:C667264,st_struct_pedestal/91098,st_struct_pedestal/92251
ug_route/244652,OSP:BUSP::9206862,mywcom_route_junction/27781,st_struct_pedestal/92782
ug_route/244653,OSP:BUSP::9433478,st_struct_pedestal/93116,st_struct_pedestal/92359
ug_route/244654,OSP:BUSP:C669954,st_struct_pedestal/91841,building/66469
ug_route/244655,OSP:BUSP::9531711,st_struct_pedestal/90917,st_struct_pedestal/91290
ug_route/244656,OSP:BUSP:C667423,mywcom_route_junction/27193,mywcom_route_junction/27237
ug_route/244657,OSP:BUSP::9526914,st_struct_pedestal/91369,st_struct_pedestal/93577
ug_route/244658,OSP:BUSP::11470920,mywcom_route_junction/27243,mywcom_route_junction/27362
ug_route/244659,OSP:BUSP::12400621,st_struct_pedestal/93617,st_struct_pedestal/92321
ug_route/244660,OSP:BUSP:C654490,st_struct_pedestal/90751,building/67161
ug_route/244661,OSP:BUSP::15974969,st_struct_pedestal/93010,building/68319
ug_route/244662,OSP:BUSP::16090518,mywcom_route_junction/27818,st_struct_pedestal/90897
ug_route/244663,OSP:BUSP:C648444,st_struct_pedestal/92387,st_struct_pedestal/91874
ug_route/244664,OSP:FBSP:C639672,st_struct_pedestal/91571,st_struct_pedestal/92346
ug_route/244665,OSP:BUSP::9530749,mywcom_route_junction/27104,st_struct_pedestal/91620
ug_route/244666,OSP:BUSP::9489808,st_struct_pedestal/93013,st_struct_pedestal/91571
ug_route/244667,OSP:FBSP:C709571,pole/53479,mywcom_route_junction/27926
ug_route/244668,OSP:BUSP::9514135,st_struct_pedestal/93895,st_struct_pedestal/91378
ug_route/244669,OSP:BUSP:C644031,st_struct_pedestal/91199,st_struct_pedestal/93602
ug_route/244670,OSP:BUSP::9513466,st_struct_pedestal/93979,st_struct_pedestal/91759
ug_route/244671,OSP:BUSP::9490428,st_struct_pedestal/93516,st_struct_pedestal/94221
ug_route/244672,OSP:FBSP::11431266,st_struct_pedestal/91855,st_struct_pedestal/92915
ug_route/244673,OSP:FBSP::8330094,st_struct_pedestal/92193,st_struct_pedestal/91624
ug_route/244674,OSP:FBSP:C662262,st_struct_pedestal/94295,building/67056
ug_route/244675,OSP:BUSP:C708071,mywcom_route_junction/27305,pole/52991
ug_route/244676,OSP:FBSP:C639676,st_struct_pedestal/92917,st_struct_pedestal/93840
ug_route/244677,OSP:BUSP::9490792,st_struct_pedestal/91365,st_struct_pedestal/92251
ug_route/244678,OSP:BUSP::9531715,st_struct_pedestal/91158,st_struct_pedestal/93154
ug_route/244679,OSP:BUSP::9490791,st_struct_pedestal/93414,st_struct_pedestal/91365
ug_route/244680,OSP:FBSP:C644298,st_struct_pedestal/91485,st_struct_pedestal/94316
ug_route/244681,OSP:BUSP::9490744,st_struct_pedestal/93230,st_struct_pedestal/92689
ug_route/244682,OSP:BUSP:C711779,st_struct_pedestal/92172,st_struct_pedestal/90601
ug_route/244683,OSP:FBSP:C667445,st_struct_pedestal/93872,st_struct_pedestal/90736
ug_route/244684,OSP:BUSP:C705967,st_struct_buried_splice_location/3995,building/66590
ug_route/244685,OSP:BUSP::9490805,st_struct_pedestal/92251,st_struct_pedestal/91098
ug_route/244686,OSP:FBSP:C705739,st_struct_pedestal/91167,building/68019
ug_route/244687,OSP:FBSP::11978479,st_struct_pedestal/92181,building/66249
ug_route/244688,OSP:FBSP::8424136,st_struct_pedestal/91284,st_struct_pedestal/91030
ug_route/244689,OSP:FBSP::14203131,st_struct_pedestal/90842,st_struct_pedestal/91084
ug_route/244690,OSP:FBSP::8330098,st_struct_pedestal/94202,st_struct_pedestal/90787
ug_route/244691,OSP:FBSP::14203127,st_struct_pedestal/92295,st_struct_pedestal/91387
ug_route/244692,OSP:FBSP::8330694,st_struct_pedestal/93455,st_struct_pedestal/93169
ug_route/244693,OSP:BUSP::16730569,building/67799,st_struct_pedestal/91491
ug_route/244694,OSP:BUSP::12789370,st_struct_pedestal/93774,building/68131
ug_route/244695,OSP:FBSP:C642405,st_struct_pedestal/93196,st_struct_pedestal/90556
ug_route/244696,OSP:BUSP:C661815,st_struct_pedestal/93828,building/67220
ug_route/244697,OSP:FBSP:C651626,st_struct_pedestal/93952,st_struct_pedestal/91397
ug_route/244698,OSP:BUSP:C654345,st_struct_pedestal/90562,st_struct_pedestal/92490
ug_route/244699,OSP:FBSP::8330089,st_struct_pedestal/93421,st_struct_pedestal/93417
ug_route/244700,OSP:BUSP:C708051,building/66262,building/66286
ug_route/244701,OSP:BUSP:C661835,st_struct_pedestal/91129,building/67014
ug_route/244702,OSP:BUSP:C644214,st_struct_pedestal/92290,st_struct_pedestal/93621
ug_route/244703,OSP:BUSP:C654346,st_struct_pedestal/90562,st_struct_pedestal/92490
ug_route/244704,OSP:FBSP:C668647,st_struct_pedestal/91491,building/67799
ug_route/244705,OSP:BUSP::16019457,st_struct_pedestal/91722,building/67121
ug_route/244706,OSP:BUSP::9432835,st_struct_pedestal/91837,st_struct_pedestal/93418
ug_route/244707,OSP:BUSP::15969229,st_struct_pedestal/92046,building/67386
ug_route/244708,OSP:BUSP::15073844,st_struct_pedestal/90970,pole/54317
ug_route/244709,OSP:FORSP::16953222,mywcom_route_junction/28069,st_struct_vault/2778
ug_route/244710,OSP:BUSP::9528830,st_struct_pedestal/93872,st_struct_pedestal/90736
ug_route/244711,OSP:BUSP::11470923,mywcom_route_junction/27362,mywcom_route_junction/27831
ug_route/244712,OSP:BUSP::9489809,st_struct_pedestal/91571,st_struct_pedestal/92346
ug_route/244713,OSP:BUSP::9497141,st_struct_pedestal/93952,st_struct_pedestal/91397
ug_route/244714,OSP:FBSP:C668820,st_struct_pedestal/91912,building/67879
ug_route/244715,OSP:BUSP:C648469,st_struct_pedestal/93827,st_struct_pedestal/92252
ug_route/244716,OSP:BUSP::9489152,st_struct_pedestal/94316,st_struct_pedestal/91485
ug_route/244717,OSP:FBSP::8345736,st_struct_pedestal/91044,st_struct_pedestal/92007
ug_route/244718,OSP:FBSP::17062148,st_struct_pedestal/92862,building/68375
ug_route/244719,OSP:BUSP::9490420,st_struct_pedestal/92917,st_struct_pedestal/93840
ug_route/244720,OSP:BUSP:C646052,st_struct_pedestal/91338,building/68075
ug_route/244721,OSP:FBSP:C639673,st_struct_pedestal/92346,st_struct_pedestal/93020
ug_route/244722,OSP:BUSP:C643612,st_struct_pedestal/93586,st_struct_pedestal/92573
ug_route/244723,OSP:FBSP:C667461,st_struct_pedestal/90600,st_struct_pedestal/92807
ug_route/244724,OSP:FBSP:C710212,st_struct_pedestal/93250,building/66909
ug_route/244725,OSP:FBSP::8330095,st_struct_pedestal/93072,st_struct_pedestal/91407
ug_route/244726,OSP:BUSP:C681716,st_struct_pedestal/94018,building/67360
ug_route/244727,OSP:BUSP:C705116,st_struct_pedestal/93267,st_struct_pedestal/94015
ug_route/244728,OSP:BUSP:C660448,pole/54004,pole/53679
ug_route/244729,OSP:FBSP:C667222,st_struct_pedestal/93893,st_struct_pedestal/92808
ug_route/244730,OSP:FBSP:C669674,st_struct_pedestal/93486,st_struct_pedestal/92023
ug_route/244731,OSP:FBSP:C710394,st_struct_pedestal/93960,st_struct_pedestal/91441
ug_route/244732,OSP:FBSP::8572951,st_struct_pedestal/90596,st_struct_pedestal/91343
ug_route/244733,OSP:BUSP:C641752,st_struct_pedestal/92608,building/66986
ug_route/244734,OSP:BUSP::10720520,st_struct_pedestal/91001,st_struct_pedestal/91214
ug_route/244735,OSP:BUSP:C654502,st_struct_pedestal/93203,building/68756
ug_route/244736,OSP:FBSP:C650387,st_struct_pedestal/90728,building/67412
ug_route/244737,OSP:BUSP::16788471,mywcom_route_junction/27407,st_struct_pedestal/91961
ug_route/244738,OSP:BUSP::8499990,cabinet/2752,mywcom_route_junction/27803
ug_route/244739,OSP:BUSP::9510582,mywcom_route_junction/27757,st_struct_pedestal/93414
ug_route/244740,OSP:FBSP:C668014,st_struct_pedestal/92046,building/67386
ug_route/244741,OSP:BUSP::9270605,st_struct_pedestal/93827,mywcom_route_junction/27569
ug_route/244742,OSP:FBSP:C648039,pole/53514,building/67428
ug_route/244743,OSP:FBSP:C652617,st_struct_pedestal/92597,st_struct_pedestal/91961
ug_route/244744,OSP:FBSP:C652889,pole/53190,building/66367
ug_route/244745,OSP:FBSP::8440152,st_struct_pedestal/92676,st_struct_pedestal/90783
ug_route/244746,OSP:FBSP:C659951,st_struct_pedestal/93379,mywcom_route_junction/27324
ug_route/244747,OSP:BUSP:C643630,mywcom_route_junction/28028,st_struct_pedestal/94312
ug_route/244748,OSP:BUSP::8499991,cabinet/2815,mywcom_route_junction/27430
ug_route/244749,OSP:FORSP::16952597,mywcom_route_junction/27393,st_struct_vault/2741
ug_route/244750,OSP:BUSP::16016248,st_struct_pedestal/92705,building/66759
ug_route/244751,OSP:FBSP::13098194,st_struct_pedestal/91429,st_struct_pedestal/92502
ug_route/244752,OSP:BUSP::10721804,st_struct_pedestal/91937,building/67340
ug_route/244753,OSP:BUSP::9263501,pole/53679,pole/54004
ug_route/244754,OSP:BUSP::10955060,st_struct_pedestal/93827,building/68850
ug_route/244755,OSP:FBSP::8345739,st_struct_pedestal/92223,st_struct_pedestal/93192
ug_route/244756,OSP:BUSP:C658683,pole/53520,st_struct_pedestal/92759
ug_route/244757,OSP:FBSP:C666039,st_struct_pedestal/93019,building/68023
ug_route/244758,OSP:BUSP::16015606,st_struct_pedestal/90651,building/67879
ug_route/244759,OSP:BUSP::9490816,st_struct_pedestal/92807,st_struct_pedestal/90600
ug_route/244760,OSP:FBSP:C707883,pole/52464,building/67883
ug_route/244761,OSP:BUSP::10671861,st_struct_pedestal/93645,building/68814
ug_route/244762,OSP:BUSP:C656076,cabinet/2826,pole/53950
ug_route/244763,OSP:BUSP::9490809,st_struct_pedestal/92808,st_struct_pedestal/93893
ug_route/244764,OSP:FBSP:C708055,st_struct_pedestal/94103,building/67907
ug_route/244765,OSP:BUSP::8366859,cabinet/2848,mywcom_route_junction/27374
ug_route/244766,OSP:BUSP:C708358,st_struct_pedestal/91532,building/66476
ug_route/244767,OSP:BUSP::9489810,st_struct_pedestal/92346,st_struct_pedestal/93020
ug_route/244768,OSP:BUSP::11472189,st_struct_pedestal/93525,st_struct_pedestal/92444
ug_route/244769,OSP:FBSP::14288297,st_struct_pedestal/91186,st_struct_pedestal/91074
ug_route/244770,OSP:FBSP::8399181,mywcom_route_junction/27996,building/66561
ug_route/244771,OSP:BUSP::11472192,st_struct_pedestal/94162,st_struct_pedestal/93120
ug_route/244772,OSP:BUSP:C657914,st_struct_pedestal/92329,building/67655
ug_route/244773,OSP:BUSP::8592132,st_struct_pedestal/94283,st_struct_pedestal/93297
ug_route/244774,OSP:FBSP::8433094,st_struct_pedestal/90971,building/67960
ug_route/244775,OSP:FBSP:C639675,st_struct_pedestal/93020,st_struct_pedestal/92917
ug_route/244776,OSP:BUSP::12995452,pole/52963,building/68322
ug_route/244777,OSP:BUSP:C659738,st_struct_pedestal/92318,building/67619
ug_route/244778,OSP:BUSP:C645885,st_struct_pedestal/91059,building/67151
ug_route/244779,OSP:FBSP:C657989,st_struct_pedestal/91180,st_struct_pedestal/91856
ug_route/244780,OSP:FBSP:C668473,st_struct_buried_splice_location/3847,building/67448
ug_route/244781,OSP:BUSP::11587703,st_struct_pedestal/91875,st_struct_pedestal/94261
ug_route/244782,OSP:BUSP:C639776,st_struct_pedestal/92038,building/68770
ug_route/244783,OSP:FBSP:C706064,st_struct_pedestal/93177,building/68650
ug_route/244784,OSP:FBSP:C663353,st_struct_pedestal/92936,st_struct_pedestal/94010
ug_route/244785,OSP:FBSP:C647565,pole/52425,building/66439
ug_route/244786,OSP:FBSP:C642421,st_struct_pedestal/93516,st_struct_pedestal/91676
ug_route/244787,OSP:FBSP:C710356,st_struct_pedestal/93358,st_struct_pedestal/93956
ug_route/244788,OSP:FBSP::11733959,st_struct_pedestal/93343,st_struct_pedestal/94262
ug_route/244789,OSP:BUSP:C669727,st_struct_pedestal/93594,st_struct_pedestal/94298
ug_route/244790,OSP:FBSP:C661063,st_struct_pedestal/91921,building/66315
ug_route/244791,OSP:BUSP:C662544,st_struct_pedestal/94328,building/67893
ug_route/244792,OSP:BUSP:C640289,st_struct_pedestal/93477,building/67757
ug_route/244793,OSP:BUSP::9450462,mywcom_route_junction/27849,st_struct_pedestal/91016
ug_route/244794,OSP:FBSP::13098183,st_struct_pedestal/92774,st_struct_pedestal/93695
ug_route/244795,OSP:BUSP:C650558,pole/53326,st_struct_buried_splice_location/3917
ug_route/244796,OSP:BUSP::16693369,st_struct_pedestal/93293,building/68063
ug_route/244797,OSP:FBSP::8330093,st_struct_pedestal/90785,st_struct_pedestal/92193
ug_route/244798,OSP:BUSP:C645324,st_struct_pedestal/90974,building/66788
ug_route/244799,OSP:FBSP:C644231,st_struct_pedestal/94049,st_struct_pedestal/93530
ug_route/244800,OSP:BUSP::11417628,st_struct_pedestal/91789,st_struct_pedestal/93818
ug_route/244801,OSP:FBSP::8572950,st_struct_pedestal/91618,st_struct_pedestal/90596
ug_route/244802,OSP:BUSP:C654096,mywcom_route_junction/27738,mywcom_route_junction/27735
ug_route/244803,OSP:FBSP::11797188,mywcom_route_junction/27306,st_struct_pedestal/91329
ug_route/244804,OSP:FBSP:C710760,st_struct_pedestal/91818,mywcom_route_junction/27546
ug_route/244805,OSP:FBSP:C639795,st_struct_pedestal/90715,st_struct_pedestal/92294
ug_route/244806,OSP:FBSP::8365276,st_struct_pedestal/91501,st_struct_pedestal/90552
ug_route/244807,OSP:BUSP:D8186964,building/68407,mywcom_route_junction/28007
ug_route/244808,OSP:FBSP:C655109,pole/53070,building/67833
ug_route/244809,OSP:FBSP::8421913,st_struct_pedestal/90859,st_struct_pedestal/93500
ug_route/244810,OSP:FBSP:C639819,st_struct_pedestal/93191,st_struct_pedestal/92360
ug_route/244811,OSP:FBSP:C705543,building/66194,mywcom_route_junction/27517
ug_route/244812,OSP:BUSP:C639058,st_struct_pedestal/92089,building/66546
ug_route/244813,OSP:BUSP::9441162,st_struct_pedestal/94010,st_struct_pedestal/92936
ug_route/244814,OSP:BUSP::9489811,st_struct_pedestal/93020,st_struct_pedestal/92917
ug_route/244815,OSP:BUSP:C666352,mywcom_route_junction/27401,st_struct_pedestal/94095
ug_route/244816,OSP:BUSP:C648246,st_struct_pedestal/94000,st_struct_pedestal/90995
ug_route/244817,OSP:BUSP:C654366,st_struct_pedestal/91373,st_struct_pedestal/93437
ug_route/244818,OSP:BUSP::9455566,st_struct_pedestal/91180,st_struct_pedestal/91856
ug_route/244819,OSP:BUSP:C639088,st_struct_pedestal/90855,building/68399
ug_route/244820,OSP:FBSP:C644476,st_struct_pedestal/91435,st_struct_pedestal/93654
ug_route/244821,OSP:FBSP:C662728,pole/53167,building/67167
ug_route/244822,OSP:BUSP::9484084,st_struct_pedestal/93530,st_struct_pedestal/94049
ug_route/244823,OSP:BUSP:C653420,mywcom_route_junction/27480,mywcom_route_junction/27934
ug_route/244824,OSP:BUSP:C660808,st_struct_pedestal/94291,building/67897
ug_route/244825,OSP:BUSP::9490427,st_struct_pedestal/91676,st_struct_pedestal/93516
ug_route/244826,OSP:BUSP:C666056,st_struct_pedestal/91172,st_struct_pedestal/90987
ug_route/244827,OSP:BUSP:C650932,st_struct_pedestal/93812,building/68523
ug_route/244828,OSP:BUSP:C654216,st_struct_buried_splice_location/3937,st_struct_pedestal/91798
ug_route/244829,OSP:BUSP::9450748,mywcom_route_junction/27210,st_struct_pedestal/93325
ug_route/244830,OSP:BUSP::9504186,st_struct_pedestal/91098,st_struct_pedestal/93331
ug_route/244831,OSP:BUSP:C655504,st_struct_pedestal/93558,st_struct_pedestal/90745
ug_route/244832,OSP:FBSP:C656433,building/66914,mywcom_route_junction/27227
ug_route/244833,OSP:FBSP:C642416,st_struct_pedestal/91766,st_struct_pedestal/93305
ug_route/244834,OSP:FORSP::16955888,st_struct_vault/2760,pole/53119
ug_route/244835,OSP:BUSP::9148934,pole/54435,st_struct_pedestal/91137
ug_route/244836,OSP:FBSP::11067149,pole/53736,st_struct_pedestal/92215
ug_route/244837,OSP:BUSP::9270606,mywcom_route_junction/27569,mywcom_route_junction/27832
ug_route/244838,OSP:FBSP::8400462,building/67480,building/68157
ug_route/244839,OSP:FBSP:C710393,st_struct_pedestal/92973,st_struct_pedestal/93960
ug_route/244840,OSP:BUSP:C668980,st_struct_pedestal/91904,st_struct_pedestal/93853
ug_route/244841,OSP:BUSP:C660128,st_struct_pedestal/91578,st_struct_pedestal/92278
ug_route/244842,OSP:BUSP::9490746,st_struct_pedestal/92360,st_struct_pedestal/93191
ug_route/244843,OSP:BUSP:C667829,mywcom_route_junction/27865,mywcom_route_junction/27972
ug_route/244844,OSP:BUSP:C657852,st_struct_pedestal/93469,building/67329
ug_route/244845,OSP:BUSP:C657837,st_struct_pedestal/93160,st_struct_pedestal/93028
ug_route/244846,OSP:FBSP:C654560,pole/53670,building/67295
ug_route/244847,OSP:BUSP:C706873,st_struct_buried_splice_location/3859,st_struct_pedestal/93629
ug_route/244848,OSP:BUSP::8588362,st_struct_pedestal/93835,st_struct_pedestal/90724
ug_route/244849,OSP:BUSP::9452060,mywcom_route_junction/27997,mywcom_route_junction/27173
ug_route/244850,OSP:BUSP:C648385,st_struct_pedestal/91894,st_struct_pedestal/93955
ug_route/244851,OSP:FBSP::8499672,st_struct_pedestal/91722,building/66564
ug_route/244852,OSP:BUSP::9158230,pole/54536,mywcom_route_junction/27604
ug_route/244853,OSP:BUSP:C655534,st_struct_pedestal/93558,st_struct_pedestal/90745
ug_route/244854,OSP:BUSP::9531732,st_struct_pedestal/91435,st_struct_pedestal/93654
ug_route/244855,OSP:FBSP::8330097,st_struct_pedestal/92143,st_struct_pedestal/94202
ug_route/244856,OSP:FBSP:C647812,st_struct_pedestal/91166,st_struct_pedestal/94214
ug_route/244857,OSP:BUSP::9447574,st_struct_pedestal/92399,st_struct_pedestal/93007
ug_route/244858,OSP:BUSP:C648470,st_struct_pedestal/92252,st_struct_pedestal/94220
ug_route/244859,OSP:BUSP:C654365,st_struct_pedestal/92959,st_struct_pedestal/91373
ug_route/244860,OSP:BUSP:C646788,st_struct_pedestal/91529,st_struct_buried_splice_location/3951
ug_route/244861,OSP:BUSP::10273152,st_struct_pedestal/93619,st_struct_pedestal/91970
ug_route/244862,OSP:FBSP:C651847,st_struct_pedestal/93031,st_struct_pedestal/90790
ug_route/244863,OSP:BUSP:C642183,st_struct_pedestal/93941,building/68844
ug_route/244864,OSP:FBSP:C648047,pole/53514,mywcom_route_junction/27119
ug_route/244865,OSP:BUSP:C658678,pole/53520,st_struct_pedestal/92759
ug_route/244866,OSP:BUSP:C640716,st_struct_pedestal/92605,building/67062
ug_route/244867,OSP:BUSP::9490430,st_struct_pedestal/93305,st_struct_pedestal/91766
ug_route/244868,OSP:FBSP::8490066,st_struct_pedestal/93045,st_struct_pedestal/91285
ug_route/244869,OSP:FBSP:C667385,pole/54153,building/67614
ug_route/244870,OSP:BUSP::10653302,mywcom_route_junction/27440,st_struct_pedestal/92467
ug_route/244871,OSP:FBSP::8572946,st_struct_pedestal/91559,st_struct_pedestal/93403
ug_route/244872,OSP:FBSP:C642945,st_struct_pedestal/91480,st_struct_pedestal/94013
ug_route/244873,OSP:BUSP:C662349,st_struct_pedestal/90976,st_struct_pedestal/93327
ug_route/244874,OSP:BUSP::15118970,mywcom_route_junction/27147,st_struct_pedestal/93928
ug_route/244875,OSP:FBSP::13098184,st_struct_pedestal/93695,st_struct_pedestal/91000
ug_route/244876,OSP:BUSP:C708428,mywcom_route_junction/27339,st_struct_pedestal/93137
ug_route/244877,OSP:BUSP::9442742,st_struct_pedestal/91166,st_struct_pedestal/94214
ug_route/244878,OSP:BUSP:C648405,mywcom_route_junction/27198,st_struct_pedestal/91853
ug_route/244879,OSP:BUSP::9501994,st_struct_pedestal/93836,st_struct_pedestal/92456
ug_route/244880,OSP:FBSP::12363446,mywcom_route_junction/28034,building/67449
ug_route/244881,OSP:BUSP:C670537,st_struct_pedestal/94297,st_struct_pedestal/93745
ug_route/244882,OSP:BUSP:C653729,building/67849,building/66337
ug_route/244883,OSP:BUSP:C642919,st_struct_pedestal/91931,st_struct_pedestal/91480
ug_route/244884,OSP:BUSP::9458826,st_struct_pedestal/90904,st_struct_pedestal/94015
ug_route/244885,OSP:FBSP:C661763,st_struct_pedestal/93759,building/67362
ug_route/244886,OSP:FBSP::14203129,st_struct_pedestal/94143,st_struct_pedestal/91543
ug_route/244887,OSP:FBSP:C643484,mywcom_route_junction/27334,st_struct_pedestal/93680
ug_route/244888,OSP:BUSP::10690740,st_struct_pedestal/93180,st_struct_pedestal/93696
ug_route/244889,OSP:BUSP::15118973,st_struct_pedestal/93327,st_struct_pedestal/90976
ug_route/244890,OSP:FBSP:C710391,st_struct_pedestal/91669,st_struct_pedestal/90580
ug_route/244891,OSP:BUSP:C649123,mywcom_route_junction/27563,st_struct_pedestal/91853
ug_route/244892,OSP:FBSP:C711650,mywcom_route_junction/27820,st_struct_pedestal/91224
ug_route/244893,OSP:BUSP::9452064,mywcom_route_junction/28229,st_struct_pedestal/92738
ug_route/244894,OSP:BUSP::10690448,st_struct_pedestal/93031,st_struct_pedestal/90790
ug_route/244895,OSP:BUSP:C658240,st_struct_pedestal/92275,building/68838
ug_route/244896,OSP:BUSP::9452363,st_struct_pedestal/93955,st_struct_pedestal/91853
ug_route/244897,OSP:BUSP:C654805,st_struct_pedestal/91607,building/66592
ug_route/244898,OSP:FORSP::16953221,mywcom_route_junction/27276,st_struct_vault/2744
ug_route/244899,OSP:BUSP:C650821,st_struct_pedestal/91101,st_struct_pedestal/92273
ug_route/244900,OSP:BUSP:C656157,st_struct_pedestal/93992,cabinet/2826
ug_route/244901,OSP:BUSP::9458824,st_struct_pedestal/91480,st_struct_pedestal/94013
ug_route/244902,OSP:FBSP:C646285,pole/54027,building/66830
ug_route/244903,OSP:BUSP:C639210,st_struct_pedestal/91151,building/68004
ug_route/244904,OSP:BUSP::9451385,mywcom_route_junction/28107,st_struct_pedestal/91101
ug_route/244905,OSP:BUSP::11330112,mywcom_route_junction/27371,st_struct_pedestal/93722
ug_route/244906,OSP:BUSP::11388660,pole/54027,building/66830
ug_route/244907,OSP:BUSP:C659858,pole/52715,st_struct_pedestal/92687
ug_route/244908,OSP:FBSP:C652852,pole/52349,building/66638
ug_route/244909,OSP:BUSP:C668542,st_struct_pedestal/90812,building/67746
ug_route/244910,OSP:FBSP::9017732,st_struct_pedestal/93617,building/68202
ug_route/244911,OSP:BUSP::9275653,pole/53707,mywcom_route_junction/28103
ug_route/244912,OSP:BUSP:C707727,st_struct_pedestal/93489,st_struct_pedestal/90961
ug_route/244913,OSP:FORSP::16938820,st_struct_vault/2723,mywcom_route_junction/27393
ug_route/244914,OSP:BUSP:C639738,st_struct_pedestal/91418,building/67065
ug_route/244915,OSP:BUSP:C667963,st_struct_buried_splice_location/3889,st_struct_pedestal/92430
ug_route/244916,OSP:BUSP:C641102,st_struct_pedestal/91680,building/67562
ug_route/244917,OSP:BUSP::15350654,st_struct_pedestal/93617,building/68202
ug_route/244918,OSP:BUSP:C670370,st_struct_pedestal/92843,building/67595
ug_route/244919,OSP:FBSP:C651808,st_struct_pedestal/90786,st_struct_pedestal/93783
ug_route/244920,OSP:BUSP::9458823,st_struct_pedestal/91931,st_struct_pedestal/91480
ug_route/244921,OSP:BUSP::10720530,mywcom_route_junction/27136,st_struct_pedestal/92680
ug_route/244922,OSP:FBSP:C649922,pole/52264,mywcom_route_junction/27315
ug_route/244923,OSP:BUSP:C646265,st_struct_pedestal/94033,building/66495
ug_route/244924,OSP:BUSP::10768196,st_struct_pedestal/90770,building/66825
ug_route/244925,OSP:BUSP:C711696,st_struct_pedestal/93931,st_struct_pedestal/91013
ug_route/244926,OSP:BUSP::10267067,st_struct_pedestal/93680,mywcom_route_junction/27882
ug_route/244927,OSP:FBSP:C661785,st_struct_pedestal/93881,building/67911
ug_route/244928,OSP:BUSP::16795167,mywcom_route_junction/27748,mywcom_route_junction/27789
ug_route/244929,OSP:BUSP:C650464,mywcom_route_junction/27708,building/67567
ug_route/244930,OSP:FBSP::8345737,st_struct_pedestal/92007,st_struct_pedestal/92015
ug_route/244931,OSP:FBSP::16057223,st_struct_pedestal/92214,st_struct_pedestal/93851
ug_route/244932,OSP:BUSP:C645367,pole/53724,st_struct_pedestal/90578
ug_route/244933,OSP:BUSP::11474134,mywcom_route_junction/27443,mywcom_route_junction/27243
ug_route/244934,OSP:BUSP:C650365,st_struct_pedestal/90952,st_struct_pedestal/93269
ug_route/244935,OSP:BUSP:C643730,st_struct_pedestal/94054,st_struct_pedestal/92276
ug_route/244936,OSP:BUSP:C658256,pole/53707,st_struct_pedestal/93064
ug_route/244937,OSP:FBSP:C652618,st_struct_pedestal/92597,st_struct_pedestal/93706
ug_route/244938,OSP:BUSP:C646976,st_struct_pedestal/91833,st_struct_buried_splice_location/3869
ug_route/244939,OSP:BUSP:C708285,st_struct_pedestal/91657,st_struct_pedestal/92062
ug_route/244940,OSP:FBSP:C667064,pole/54055,building/66613
ug_route/244941,OSP:BUSP:C654344,st_struct_pedestal/93667,st_struct_pedestal/92330
ug_route/244942,OSP:FBSP:C710392,st_struct_pedestal/90580,st_struct_pedestal/92973
ug_route/244943,OSP:BUSP:C669934,st_struct_pedestal/92583,st_struct_pedestal/92781
ug_route/244944,OSP:FBSP::13037372,pole/53572,building/68489
ug_route/244945,OSP:BUSP::8384135,st_struct_pedestal/92282,mywcom_route_junction/28086
ug_route/244946,OSP:FBSP:C655474,st_struct_pedestal/90633,st_struct_pedestal/92120
ug_route/244947,OSP:BUSP::15996097,st_struct_pedestal/91252,building/67938
ug_route/244948,OSP:BUSP:C656400,mywcom_route_junction/27518,mywcom_route_junction/27874
ug_route/244949,OSP:BUSP:C666068,st_struct_pedestal/93334,st_struct_pedestal/92182
ug_route/244950,OSP:FBSP:C647806,st_struct_pedestal/92755,st_struct_pedestal/91166
ug_route/244951,OSP:BUSP:C662218,st_struct_pedestal/93367,mywcom_route_junction/27548
ug_route/244952,OSP:FBSP:C645773,st_struct_pedestal/93520,st_struct_pedestal/94222
ug_route/244953,OSP:FBSP:C650448,st_struct_pedestal/90646,building/68347
ug_route/244954,OSP:FBSP::10274148,st_struct_pedestal/91951,building/68278
ug_route/244955,OSP:BUSP::9430922,st_struct_pedestal/93700,mywcom_route_junction/27383
ug_route/244956,OSP:BUSP:C660877,st_struct_pedestal/94263,building/66957
ug_route/244957,OSP:BUSP:C650430,st_struct_pedestal/90952,st_struct_pedestal/93269
ug_route/244958,OSP:BUSP:C654343,st_struct_pedestal/91845,st_struct_pedestal/93667
ug_route/244959,OSP:BUSP:C667923,st_struct_buried_splice_location/3928,st_struct_pedestal/92430
ug_route/244960,OSP:FBSP:C652708,st_struct_pedestal/92905,building/68122
ug_route/244961,OSP:BUSP::10724021,pole/52413,building/68443
ug_route/244962,OSP:BUSP::13806004,st_struct_pedestal/92562,building/66872
ug_route/244963,OSP:BUSP:C650412,st_struct_pedestal/91231,building/66639
ug_route/244964,OSP:FBSP::10638663,mywcom_route_junction/28174,mywcom_route_junction/27671
ug_route/244965,OSP:BUSP::9442741,st_struct_pedestal/92755,st_struct_pedestal/91166
ug_route/244966,OSP:BUSP:C667379,st_struct_pedestal/93135,st_struct_pedestal/91561
ug_route/244967,OSP:BUSP:C654367,st_struct_pedestal/93437,st_struct_pedestal/94187
ug_route/244968,OSP:FBSP:C651382,st_struct_pedestal/91341,st_struct_pedestal/93979
ug_route/244969,OSP:FBSP:C667244,pole/53276,building/67462
ug_route/244970,OSP:BUSP:C647262,st_struct_pedestal/94137,building/67563
ug_route/244971,OSP:FBSP:C650421,st_struct_pedestal/93813,building/67809
ug_route/244972,OSP:FBSP:C643074,st_struct_pedestal/93897,st_struct_pedestal/94067
ug_route/244973,OSP:FBSP:C670831,st_struct_pedestal/92562,building/66872
ug_route/244974,OSP:BUSP::10663863,pole/54103,st_struct_pedestal/94059
ug_route/244975,OSP:BUSP::11417623,st_struct_pedestal/93254,st_struct_pedestal/92288
ug_route/244976,OSP:BUSP:C643733,st_struct_pedestal/92276,st_struct_pedestal/92897
ug_route/244977,OSP:FBSP::11512500,pole/53358,st_struct_pedestal/91875
ug_route/244978,OSP:BUSP:C664783,st_struct_pedestal/94288,st_struct_pedestal/93631
ug_route/244979,OSP:BUSP:C659830,st_struct_pedestal/91862,building/68529
ug_route/244980,OSP:FBSP:C667239,st_struct_pedestal/93407,st_struct_pedestal/91098
ug_route/244981,OSP:BUSP:C704678,building/67951,building/67439
ug_route/244982,OSP:BUSP:C658253,pole/53707,st_struct_pedestal/93064
ug_route/244983,OSP:BUSP:C642362,st_struct_pedestal/90561,building/67603
ug_route/244984,OSP:BUSP::10764020,st_struct_pedestal/92747,building/67454
ug_route/244985,OSP:FBSP::8381894,st_struct_pedestal/92928,st_struct_pedestal/93889
ug_route/244986,OSP:FBSP:C643017,mywcom_route_junction/27157,st_struct_pedestal/93700
ug_route/244987,OSP:BUSP:C661689,st_struct_pedestal/91028,building/68690
ug_route/244988,OSP:BUSP::16057846,st_struct_pedestal/92457,st_struct_pedestal/92646
ug_route/244989,OSP:BUSP:C661080,st_struct_pedestal/91678,st_struct_pedestal/91150
ug_route/244990,OSP:FBSP::15497524,st_struct_pedestal/93153,building/68496
ug_route/244991,OSP:FBSP::8382241,st_struct_pedestal/92910,st_struct_pedestal/91564
ug_route/244992,OSP:FBSP:C704909,st_struct_pedestal/92674,st_struct_pedestal/93294
ug_route/244993,OSP:FBSP:C671089,st_struct_pedestal/92675,building/68321
ug_route/244994,OSP:FBSP:C705501,mywcom_route_junction/28187,st_struct_pedestal/91347
ug_route/244995,OSP:FBSP:C642495,st_struct_pedestal/91029,building/67953
ug_route/244996,OSP:BUSP:C654436,st_struct_pedestal/93097,building/68732
ug_route/244997,OSP:BUSP:C639060,st_struct_pedestal/92089,building/66938
ug_route/244998,OSP:FBSP:C667991,st_struct_pedestal/92651,building/67793
ug_route/244999,OSP:FBSP:C657870,st_struct_pedestal/91603,building/67858
ug_route/245000,OSP:FBSP:C662433,st_struct_buried_splice_location/3871,building/67546
ug_route/245001,OSP:BUSP:C648437,st_struct_pedestal/90672,st_struct_pedestal/91016
ug_route/245002,OSP:FBSP:C658201,st_struct_pedestal/90670,st_struct_pedestal/91469
ug_route/245003,OSP:BUSP:C660970,st_struct_pedestal/93708,building/68206
ug_route/245004,OSP:BUSP:C657843,cabinet/2829,pole/54088
ug_route/245005,OSP:BUSP:C667741,st_struct_pedestal/91107,st_struct_pedestal/91872
ug_route/245006,OSP:BUSP::8433097,pole/53507,pole/53242
ug_route/245007,OSP:BUSP:C659815,st_struct_pedestal/90743,building/67680
ug_route/245008,OSP:FBSP:C643027,mywcom_route_junction/27157,st_struct_pedestal/93240
ug_route/245009,OSP:BUSP::9433483,st_struct_pedestal/94067,st_struct_pedestal/93897
ug_route/245010,OSP:BUSP:C650937,st_struct_pedestal/93812,building/67505
ug_route/245011,OSP:FBSP::8381897,st_struct_pedestal/90803,st_struct_pedestal/93063
ug_route/245012,OSP:FBSP::8603337,st_struct_pedestal/91740,building/68306
ug_route/245013,OSP:BUSP:C652024,st_struct_pedestal/91519,building/68264
ug_route/245014,OSP:BUSP::10695868,mywcom_route_junction/28156,cabinet/2809
ug_route/245015,OSP:BUSP:C653118,st_struct_pedestal/90940,building/67736
ug_route/245016,OSP:BUSP::17059972,pole/52627,st_struct_pedestal/90586
ug_route/245017,OSP:BUSP:C645172,st_struct_pedestal/92488,st_struct_pedestal/92610
ug_route/245018,OSP:BUSP:C661017,mywcom_route_junction/28196,mywcom_route_junction/28058
ug_route/245019,OSP:BUSP::9522423,mywcom_route_junction/27385,st_struct_pedestal/91347
ug_route/245020,OSP:FORSP:C704832,mywcom_route_junction/27140,st_struct_vault/2723
ug_route/245021,OSP:FBSP::8402712,pole/52655,building/66316
ug_route/245022,OSP:BUSP:C653038,st_struct_pedestal/91630,mywcom_route_junction/27833
ug_route/245023,OSP:BUSP::8490693,st_struct_pedestal/91425,st_struct_pedestal/92784
ug_route/245024,OSP:FORSP::16958661,st_struct_vault/2763,mywcom_route_junction/28132
ug_route/245025,OSP:FBSP:C655823,st_struct_pedestal/93775,building/68668
ug_route/245026,OSP:BUSP:C705962,st_struct_pedestal/91196,building/66751
ug_route/245027,OSP:BUSP::9536505,st_struct_pedestal/92674,st_struct_pedestal/93294
ug_route/245028,OSP:FBSP:C708032,st_struct_pedestal/94298,building/67949
ug_route/245029,OSP:BUSP::11417593,st_struct_pedestal/91017,st_struct_pedestal/93024
ug_route/245030,OSP:BUSP:C668975,st_struct_pedestal/94326,st_struct_pedestal/91577
ug_route/245031,OSP:BUSP:C648613,mywcom_route_junction/27697,mywcom_route_junction/27156
ug_route/245032,OSP:FBSP::8336456,st_struct_pedestal/91764,st_struct_pedestal/93298
ug_route/245033,OSP:BUSP::10710026,st_struct_pedestal/93744,building/66400
ug_route/245034,OSP:FBSP:C710381,st_struct_pedestal/90772,st_struct_pedestal/92175
ug_route/245035,OSP:FBSP::8336457,mywcom_route_junction/27820,st_struct_pedestal/90668
ug_route/245036,OSP:FBSP::11078004,pole/52990,building/68822
ug_route/245037,OSP:FBSP:C662175,st_struct_pedestal/91538,building/67842
ug_route/245038,OSP:BUSP::8346083,st_struct_pedestal/91005,st_struct_pedestal/93995
ug_route/245039,OSP:FBSP:C666254,pole/53837,building/68594
ug_route/245040,OSP:BUSP:C644126,st_struct_pedestal/94152,building/68168
ug_route/245041,OSP:FBSP:C667262,st_struct_pedestal/93407,st_struct_pedestal/91098
ug_route/245042,OSP:FBSP:C648548,st_struct_pedestal/92888,building/67479
ug_route/245043,OSP:BUSP::9158229,mywcom_route_junction/27635,pole/54536
ug_route/245044,OSP:BUSP::11408199,st_struct_pedestal/92525,st_struct_pedestal/92663
ug_route/245045,OSP:BUSP:C662435,st_struct_pedestal/91523,st_struct_pedestal/91194
ug_route/245046,OSP:BUSP:C646063,st_struct_pedestal/92613,building/67292
ug_route/245047,OSP:BUSP:C648280,cabinet/2766,mywcom_route_junction/27368
ug_route/245048,OSP:BUSP::9430923,st_struct_pedestal/93240,mywcom_route_junction/27383
ug_route/245049,OSP:FBSP::8365277,st_struct_pedestal/90552,st_struct_pedestal/91245
ug_route/245050,OSP:BUSP:C682211,st_struct_pedestal/91896,building/68262
ug_route/245051,OSP:FBSP::13094763,mywcom_route_junction/27358,building/67899
ug_route/245052,OSP:FORSP::16953220,st_struct_vault/2744,mywcom_route_junction/28069
ug_route/245053,OSP:BUSP:C663664,st_struct_pedestal/93702,building/67992
ug_route/245054,OSP:BUSP::11470590,st_struct_pedestal/92525,st_struct_pedestal/92663
ug_route/245055,OSP:BUSP:C650822,st_struct_pedestal/92273,st_struct_pedestal/91790
ug_route/245056,OSP:BUSP::9451384,mywcom_route_junction/27514,mywcom_route_junction/28107
ug_route/245057,OSP:BUSP:C642021,st_struct_pedestal/90927,building/68327
ug_route/245058,OSP:BUSP::8440452,st_struct_pedestal/92246,mywcom_route_junction/27861
ug_route/245059,OSP:FORSP::16952596,st_struct_vault/2741,mywcom_route_junction/27276
ug_route/245060,OSP:FBSP:C639567,st_struct_pedestal/93840,building/67254
ug_route/245061,OSP:BUSP:C667271,building/66416,building/67006
ug_route/245062,OSP:BUSP::16788470,mywcom_route_junction/27407,mywcom_route_junction/27653
ug_route/245063,OSP:BUSP:C657367,pole/54536,st_struct_pedestal/91592
ug_route/245064,OSP:BUSP::15472573,st_struct_pedestal/90963,mywcom_route_junction/27570
ug_route/245065,OSP:BUSP:C660922,st_struct_pedestal/92721,building/67990
ug_route/245066,OSP:BUSP:C661670,st_struct_pedestal/94101,building/67021
ug_route/245067,OSP:BUSP:C659722,pole/52287,mywcom_route_junction/27404
ug_route/245068,OSP:BUSP::16016256,st_struct_pedestal/92783,building/68313
ug_route/245069,OSP:BUSP::9536510,st_struct_pedestal/91005,st_struct_pedestal/93995
ug_route/245070,OSP:FORSP::16958660,mywcom_route_junction/27183,st_struct_vault/2763
ug_route/245071,OSP:BUSP::10617783,st_struct_pedestal/94308,building/66235
ug_route/245072,OSP:BUSP::11434932,st_struct_pedestal/90962,st_struct_pedestal/92051
ug_route/245073,OSP:BUSP:C658285,pole/53311,st_struct_pedestal/91038
ug_route/245074,OSP:FBSP::8345738,st_struct_pedestal/92015,st_struct_pedestal/92223
ug_route/245075,OSP:BUSP:C708287,st_struct_pedestal/91657,st_struct_pedestal/92062
ug_route/245076,OSP:BUSP:C656368,st_struct_pedestal/92760,st_struct_pedestal/93012
ug_route/245077,OSP:FBSP::8330085,mywcom_route_junction/27503,st_struct_pedestal/92593
ug_route/245078,OSP:BUSP::7625138,pole/54555,st_struct_pedestal/91102
ug_route/245079,OSP:FORSP::16958670,st_struct_vault/2771,mywcom_route_junction/28222
ug_route/245080,OSP:BUSP:C655939,mywcom_route_junction/27949,mywcom_route_junction/27295
ug_route/245081,OSP:FBSP::15416268,st_struct_pedestal/92983,st_struct_pedestal/92582
ug_route/245082,OSP:BUSP::8590223,st_struct_pedestal/93879,st_struct_pedestal/90539
ug_route/245083,OSP:BUSP:C662335,st_struct_pedestal/92122,st_struct_pedestal/93928
ug_route/245084,OSP:BUSP::11869988,st_struct_pedestal/91094,mywcom_route_junction/28083
ug_route/245085,OSP:BUSP::9522435,st_struct_pedestal/92775,st_struct_pedestal/91478
ug_route/245086,OSP:BUSP::11417597,st_struct_pedestal/92852,st_struct_pedestal/92907
ug_route/245087,OSP:BUSP::14929853,st_struct_pedestal/93030,building/66863
ug_route/245088,OSP:BUSP::11472182,st_struct_pedestal/94004,st_struct_pedestal/92202
ug_route/245089,OSP:FBSP::8591504,mywcom_route_junction/27557,building/68332
ug_route/245090,OSP:BUSP::7670574,st_struct_pedestal/91663,building/68556
ug_route/245091,OSP:FBSP:C648319,st_struct_pedestal/92783,building/68313
ug_route/245092,OSP:FBSP::13098244,st_struct_pedestal/90981,st_struct_pedestal/92972
ug_route/245093,OSP:BUSP::15118969,st_struct_pedestal/92122,st_struct_pedestal/93928
ug_route/245094,OSP:BUSP:C645803,st_struct_pedestal/93673,building/67571
ug_route/245095,OSP:BUSP::10768200,st_struct_pedestal/92225,building/66226
ug_route/245096,OSP:BUSP::12613061,mywcom_route_junction/28148,mywcom_route_junction/27450
ug_route/245097,OSP:FBSP::15416267,st_struct_pedestal/93505,st_struct_pedestal/92983
ug_route/245098,OSP:BUSP:C645308,st_struct_pedestal/91412,building/68369
ug_route/245099,OSP:BUSP:C645705,st_struct_pedestal/92065,building/66624
ug_route/245100,OSP:BUSP:C666100,st_struct_pedestal/93947,st_struct_pedestal/90987
ug_route/245101,OSP:BUSP::16783625,mywcom_route_junction/28133,mywcom_route_junction/27205
ug_route/245102,OSP:BUSP:C640955,st_struct_pedestal/90564,building/66770
ug_route/245103,OSP:FBSP::8415822,st_struct_pedestal/91148,st_struct_pedestal/91432
ug_route/245104,OSP:FBSP:C710202,building/67836,st_struct_pedestal/93998
ug_route/245105,OSP:BUSP::9269892,pole/54503,st_struct_pedestal/94325
ug_route/245106,OSP:BUSP:C662551,st_struct_pedestal/91523,st_struct_pedestal/91194
ug_route/245107,OSP:BUSP::8589577,st_struct_pedestal/92127,st_struct_pedestal/92365
ug_route/245108,OSP:BUSP:C666032,mywcom_route_junction/27806,st_struct_pedestal/91770
ug_route/245109,OSP:BUSP::9499070,mywcom_route_junction/27761,st_struct_pedestal/91001
ug_route/245110,OSP:BUSP:C641560,st_struct_pedestal/93670,building/68426
ug_route/245111,OSP:BUSP:C709170,mywcom_route_junction/28213,st_struct_pedestal/93296
ug_route/245112,OSP:FBSP:C707870,st_struct_pedestal/91692,building/66959
ug_route/245113,OSP:BUSP::9263492,st_struct_pedestal/93826,st_struct_pedestal/91012
ug_route/245114,OSP:FBSP::11512505,st_struct_pedestal/92871,building/68305
ug_route/245115,OSP:BUSP:C662317,st_struct_pedestal/93809,st_struct_pedestal/91484
ug_route/245116,OSP:BUSP:C653566,st_struct_pedestal/92835,building/66673
ug_route/245117,OSP:BUSP:C644127,st_struct_pedestal/94152,building/68823
ug_route/245118,OSP:BUSP:C651147,st_struct_pedestal/93285,pole/53558
ug_route/245119,OSP:BUSP::8499676,st_struct_vault/2739,st_struct_pedestal/92058
ug_route/245120,OSP:BUSP:C651108,st_struct_pedestal/92289,building/66736
ug_route/245121,OSP:BUSP::10918960,pole/53956,st_struct_pedestal/93954
ug_route/245122,OSP:BUSP::8490061,st_struct_pedestal/92709,st_struct_pedestal/91831
ug_route/245123,OSP:FBSP:C651845,st_struct_pedestal/93996,st_struct_pedestal/93031
ug_route/245124,OSP:FBSP::9410750,mywcom_route_junction/28034,pole/54154
ug_route/245125,OSP:BUSP:C644125,st_struct_pedestal/94152,building/67890
ug_route/245126,OSP:FBSP:C647974,pole/53867,building/67395
ug_route/245127,OSP:FBSP:C661093,st_struct_pedestal/94257,building/67213
ug_route/245128,OSP:FBSP:C710624,st_struct_pedestal/94270,st_struct_pedestal/91226
ug_route/245129,OSP:FBSP:C648426,st_struct_pedestal/93713,building/68332
ug_route/245130,OSP:FBSP::8370723,st_struct_pedestal/93183,building/68536
ug_route/245131,OSP:BUSP::10725970,st_struct_pedestal/93723,mywcom_route_junction/27701
ug_route/245132,OSP:BUSP::10069946,mywcom_route_junction/27153,st_struct_vault/2735
ug_route/245133,OSP:BUSP:C643603,st_struct_pedestal/92324,building/67597
ug_route/245134,OSP:BUSP:C650956,st_struct_pedestal/92984,building/67510
ug_route/245135,OSP:BUSP::8331972,st_struct_pedestal/90784,st_struct_pedestal/93174
ug_route/245136,OSP:BUSP:C639433,st_struct_pedestal/93879,mywcom_route_junction/28161
ug_route/245137,OSP:BUSP:C659724,mywcom_route_junction/27576,mywcom_route_junction/27783
ug_route/245138,OSP:BUSP:C660113,mywcom_route_junction/27155,mywcom_route_junction/27816
ug_route/245139,OSP:BUSP::16057845,st_struct_pedestal/94271,st_struct_pedestal/92457
ug_route/245140,OSP:FORSP::16956651,st_struct_vault/2720,cabinet/2790
ug_route/245141,OSP:FBSP:C663367,st_struct_pedestal/91843,st_struct_pedestal/93462
ug_route/245142,OSP:BUSP:C661766,st_struct_pedestal/91773,building/67592
ug_route/245143,OSP:BUSP::10271231,st_struct_pedestal/91892,mywcom_route_junction/27427
ug_route/245144,OSP:FBSP:C710622,st_struct_pedestal/92085,st_struct_pedestal/94270
ug_route/245145,OSP:BUSP:C660045,st_struct_pedestal/92853,mywcom_route_junction/27897
ug_route/245146,OSP:FBSP::15601850,st_struct_pedestal/92582,pole/52983
ug_route/245147,OSP:FBSP:C706623,st_struct_pedestal/91246,mywcom_route_junction/27332
ug_route/245148,OSP:BUSP:C657375,st_struct_pedestal/90553,st_struct_pedestal/92248
ug_route/245149,OSP:FBSP:C645495,st_struct_pedestal/93744,building/66621
ug_route/245150,OSP:BUSP:C667400,st_struct_pedestal/93414,st_struct_pedestal/93135
ug_route/245151,OSP:BUSP:C655384,st_struct_pedestal/94243,building/68406
ug_route/245152,OSP:BUSP::9506444,st_struct_pedestal/90844,st_struct_pedestal/93346
ug_route/245153,OSP:BUSP::16015005,st_struct_pedestal/91541,building/68788
ug_route/245154,OSP:FBSP:C648442,st_struct_pedestal/94078,st_struct_pedestal/90897
ug_route/245155,OSP:BUSP:C651173,st_struct_pedestal/93285,pole/53558
ug_route/245156,OSP:BUSP:C661654,st_struct_pedestal/90807,st_struct_pedestal/94101
ug_route/245157,OSP:BUSP::15981376,pole/53901,building/66708
ug_route/245158,OSP:BUSP:C645936,st_struct_pedestal/91861,building/66832
ug_route/245159,OSP:BUSP::9454925,st_struct_pedestal/92805,st_struct_pedestal/91135
ug_route/245160,OSP:BUSP:C643676,st_struct_pedestal/90644,st_struct_pedestal/91776
ug_route/245161,OSP:BUSP::10271229,st_struct_pedestal/91892,st_struct_pedestal/92994
ug_route/245162,OSP:BUSP::9453950,st_struct_pedestal/93462,st_struct_pedestal/91843
ug_route/245163,OSP:BUSP::11626932,st_struct_pedestal/92575,mywcom_route_junction/27172
ug_route/245164,OSP:BUSP:C636895,mywcom_route_junction/27729,mywcom_route_junction/27564
ug_route/245165,OSP:FBSP:C644462,st_struct_pedestal/93900,st_struct_pedestal/93964
ug_route/245166,OSP:FBSP:C648612,st_struct_pedestal/91146,building/68302
ug_route/245167,OSP:BUSP:C666356,st_struct_pedestal/90650,st_struct_pedestal/92530
ug_route/245168,OSP:BUSP:C657980,st_struct_pedestal/90729,mywcom_route_junction/27591
ug_route/245169,OSP:FBSP:C648461,pole/53650,building/68849
ug_route/245170,OSP:BUSP::10690445,st_struct_pedestal/93996,st_struct_pedestal/93031
ug_route/245171,OSP:FBSP:C667272,st_struct_pedestal/91541,building/68788
ug_route/245172,OSP:BUSP:C670466,st_struct_pedestal/91726,st_struct_pedestal/91958
ug_route/245173,OSP:BUSP:C670303,st_struct_pedestal/91185,building/68453
ug_route/245174,OSP:BUSP::8433752,pole/54539,st_struct_pedestal/93488
ug_route/245175,OSP:BUSP::11322758,mywcom_route_junction/27582,building/68501
ug_route/245176,OSP:BUSP::9506438,st_struct_pedestal/92885,st_struct_pedestal/94073
ug_route/245177,OSP:FBSP:C651615,st_struct_pedestal/91021,st_struct_pedestal/93161
ug_route/245178,OSP:BUSP:C659254,st_struct_pedestal/90560,building/66173
ug_route/245179,OSP:BUSP:C669017,st_struct_pedestal/93078,building/66904
ug_route/245180,OSP:FBSP::10137492,building/68532,st_struct_pedestal/93262
ug_route/245181,OSP:FBSP:C652674,pole/52435,building/68501
ug_route/245182,OSP:BUSP:C671226,st_struct_pedestal/92913,mywcom_route_junction/27096
ug_route/245183,OSP:BUSP:C660108,st_struct_pedestal/91586,building/66520
ug_route/245184,OSP:FBSP::8421914,st_struct_pedestal/93500,st_struct_pedestal/91615
ug_route/245185,OSP:BUSP::17060791,st_struct_pedestal/92429,st_struct_pedestal/93710
ug_route/245186,OSP:FBSP:C662681,st_struct_pedestal/91807,building/66193
ug_route/245187,OSP:BUSP:C660464,st_struct_pedestal/90661,st_struct_pedestal/93743
ug_route/245188,OSP:FBSP:C666359,st_struct_pedestal/94095,mywcom_route_junction/27460
ug_route/245189,OSP:BUSP:C665587,st_struct_pedestal/91230,building/67415
ug_route/245190,OSP:BUSP::10920850,st_struct_pedestal/94308,building/66255
ug_route/245191,OSP:BUSP:C652355,pole/53541,pole/53402
ug_route/245192,OSP:FBSP::9776502,mywcom_route_junction/27192,st_struct_pedestal/91540
ug_route/245193,OSP:FBSP::7723340,st_struct_pedestal/91100,building/66750
ug_route/245194,OSP:BUSP:C668977,st_struct_pedestal/91577,st_struct_pedestal/91904
ug_route/245195,OSP:BUSP::9532662,st_struct_pedestal/93161,st_struct_pedestal/91021
ug_route/245196,OSP:BUSP::9269898,st_struct_pedestal/93744,st_struct_pedestal/94209
ug_route/245197,OSP:BUSP:C643980,st_struct_pedestal/94239,st_struct_pedestal/92602
ug_route/245198,OSP:FBSP:C655594,st_struct_pedestal/92031,mywcom_route_junction/27573
ug_route/245199,OSP:BUSP:C704677,building/67951,building/68002
ug_route/245200,OSP:BUSP:C660542,st_struct_pedestal/92332,building/68253
ug_route/245201,OSP:BUSP:C645499,st_struct_pedestal/93744,st_struct_pedestal/94209
ug_route/245202,OSP:BUSP:C647370,st_struct_pedestal/93237,building/66515
ug_route/245203,OSP:BUSP:C642151,st_struct_pedestal/94290,building/66462
ug_route/245204,OSP:FBSP:C643159,mywcom_route_junction/27405,st_struct_pedestal/91725
ug_route/245205,OSP:FBSP:C667443,st_struct_pedestal/91978,st_struct_pedestal/93872
ug_route/245206,OSP:BUSP:C648080,st_struct_pedestal/91133,building/67534
ug_route/245207,OSP:BUSP::9466780,st_struct_pedestal/92588,st_struct_pedestal/93307
ug_route/245208,OSP:FBSP::13098193,st_struct_pedestal/93573,st_struct_pedestal/91429
ug_route/245209,OSP:BUSP:C705960,st_struct_pedestal/91196,building/68746
ug_route/245210,OSP:BUSP::11587704,st_struct_pedestal/94261,st_struct_pedestal/92542
ug_route/245211,OSP:BUSP:C657370,st_struct_pedestal/91592,pole/53729
ug_route/245212,OSP:BUSP:C653294,st_struct_pedestal/90698,building/67071
ug_route/245213,OSP:FBSP::14198324,st_struct_pedestal/90914,building/67658
ug_route/245214,OSP:BUSP::10272537,st_struct_pedestal/91708,mywcom_route_junction/27478
ug_route/245215,OSP:FBSP::8347652,st_struct_pedestal/90741,st_struct_pedestal/91372
ug_route/245216,OSP:BUSP::9451404,st_struct_pedestal/94283,st_struct_pedestal/91072
ug_route/245217,OSP:FORSP:C645552,mywcom_route_junction/27277,cabinet/2769
ug_route/245218,OSP:BUSP::9466866,st_struct_pedestal/91498,st_struct_pedestal/92361
ug_route/245219,OSP:BUSP:C648262,st_struct_pedestal/90995,st_struct_pedestal/92468
ug_route/245220,OSP:BUSP:C645469,pole/54503,st_struct_pedestal/94325
ug_route/245221,OSP:BUSP:C708354,st_struct_pedestal/90571,building/67523
ug_route/245222,OSP:FBSP:C670017,st_struct_pedestal/92097,building/67341
ug_route/245223,OSP:BUSP::11804356,st_struct_pedestal/94261,building/67395
ug_route/245224,OSP:FBSP:C639508,st_struct_pedestal/92885,st_struct_pedestal/93193
ug_route/245225,OSP:BUSP::9263506,mywcom_route_junction/27564,mywcom_route_junction/27729
ug_route/245226,OSP:BUSP::11470318,st_struct_pedestal/92707,st_struct_pedestal/90874
ug_route/245227,OSP:BUSP::9552501,st_struct_pedestal/91372,st_struct_pedestal/90741
ug_route/245228,OSP:BUSP::8382856,pole/54235,building/66781
ug_route/245229,OSP:BUSP::8572624,st_struct_pedestal/91498,st_struct_pedestal/92361
ug_route/245230,OSP:BUSP:C643018,st_struct_pedestal/90557,st_struct_pedestal/90851
ug_route/245231,OSP:FORSP:C646045,mywcom_route_junction/27674,st_struct_pedestal/91402
ug_route/245232,OSP:FBSP::10855878,pole/52321,st_struct_pedestal/92078
ug_route/245233,OSP:BUSP:C667713,pole/53052,mywcom_route_junction/27657
ug_route/245234,OSP:BUSP:C654439,st_struct_pedestal/93097,building/68368
ug_route/245235,OSP:BUSP:C655215,st_struct_pedestal/92865,building/68270
ug_route/245236,OSP:BUSP:C650829,st_struct_pedestal/91824,st_struct_pedestal/91842
ug_route/245237,OSP:BUSP:C651770,cabinet/2796,st_struct_pedestal/91730
ug_route/245238,OSP:FBSP:C644256,st_struct_pedestal/93786,st_struct_pedestal/93510
ug_route/245239,OSP:BUSP:C650780,st_struct_pedestal/91440,st_struct_pedestal/92426
ug_route/245240,OSP:BUSP:C654693,mywcom_route_junction/27608,mywcom_route_junction/28031
ug_route/245241,OSP:FBSP:C639222,st_struct_pedestal/93570,building/67024
ug_route/245242,OSP:BUSP:C651417,st_struct_pedestal/92653,building/67489
ug_route/245243,OSP:BUSP:C670089,st_struct_pedestal/92643,mywcom_route_junction/27988
ug_route/245244,OSP:BUSP::9505787,mywcom_route_junction/27836,mywcom_route_junction/27864
ug_route/245245,OSP:BUSP::11329786,st_struct_pedestal/91810,st_struct_pedestal/93751
ug_route/245246,OSP:BUSP:C659727,mywcom_route_junction/27148,mywcom_route_junction/27834
ug_route/245247,OSP:BUSP:C652520,st_struct_pedestal/92672,mywcom_route_junction/27160
ug_route/245248,OSP:FBSP:C657814,cabinet/2768,building/68415
ug_route/245249,OSP:BUSP:C641479,st_struct_pedestal/93974,building/67016
ug_route/245250,OSP:BUSP:C660493,st_struct_pedestal/93542,st_struct_pedestal/93791
ug_route/245251,OSP:BUSP:C646481,st_struct_pedestal/92393,building/68706
ug_route/245252,OSP:FBSP::8586067,pole/53015,building/66570
ug_route/245253,OSP:FBSP::7634309,st_struct_pedestal/94197,building/66512
ug_route/245254,OSP:BUSP:C707776,st_struct_buried_splice_location/3897,mywcom_route_junction/27901
ug_route/245255,OSP:BUSP:C662491,st_struct_pedestal/91523,mywcom_route_junction/27991
ug_route/245256,OSP:FBSP:C667212,st_struct_pedestal/90611,building/66221
ug_route/245257,OSP:FBSP::8490705,st_struct_pedestal/90632,building/66420
ug_route/245258,OSP:BUSP::17055320,mywcom_route_junction/27431,st_struct_pedestal/91803
ug_route/245259,OSP:FBSP::14956733,st_struct_pedestal/93832,building/66940
ug_route/245260,OSP:BUSP::16016251,st_struct_pedestal/91875,building/68305
ug_route/245261,OSP:BUSP::9493765,st_struct_pedestal/93786,st_struct_pedestal/93510
ug_route/245262,OSP:FBSP:C666326,pole/54345,building/66941
ug_route/245263,OSP:BUSP:C660865,st_struct_pedestal/94263,st_struct_pedestal/91889
ug_route/245264,OSP:BUSP:C681321,st_struct_pedestal/92110,building/68267
ug_route/245265,OSP:BUSP:C661672,st_struct_pedestal/93660,building/68631
ug_route/245266,OSP:BUSP:C641950,st_struct_pedestal/93149,building/68775
ug_route/245267,OSP:BUSP::11470319,st_struct_pedestal/92708,st_struct_pedestal/91965
ug_route/245268,OSP:BUSP:C650788,st_struct_pedestal/91440,st_struct_pedestal/92426
ug_route/245269,OSP:BUSP::10733946,pole/53650,building/68483
ug_route/245270,OSP:FBSP::7629597,st_struct_pedestal/92761,pole/53129
ug_route/245271,OSP:BUSP:C648440,mywcom_route_junction/27823,st_struct_pedestal/94078
ug_route/245272,OSP:FORSP::16955889,st_struct_vault/2760,cabinet/2842
ug_route/245273,OSP:BUSP::16685368,mywcom_route_junction/27780,st_struct_pedestal/90619
ug_route/245274,OSP:BUSP::15812740,st_struct_pedestal/90632,building/66420
ug_route/245275,OSP:BUSP::9454290,st_struct_pedestal/91097,st_struct_pedestal/92103
ug_route/245276,OSP:BUSP:C641993,st_struct_pedestal/92866,building/68291
ug_route/245277,OSP:BUSP:C650849,st_struct_buried_splice_location/3913,st_struct_pedestal/93412
ug_route/245278,OSP:BUSP::11587705,st_struct_pedestal/92542,st_struct_pedestal/93449
ug_route/245279,OSP:FBSP::12188404,st_struct_pedestal/92171,st_struct_pedestal/92754
ug_route/245280,OSP:BUSP:C648212,st_struct_pedestal/92467,st_struct_pedestal/93581
ug_route/245281,OSP:BUSP:C647272,st_struct_pedestal/92539,building/68181
ug_route/245282,OSP:BUSP:C670076,st_struct_pedestal/92643,mywcom_route_junction/27778
ug_route/245283,OSP:FBSP:C669023,st_struct_pedestal/90928,building/68492
ug_route/245284,OSP:BUSP::8447496,pole/52550,st_struct_pedestal/93288
ug_route/245285,OSP:BUSP:C645786,st_struct_pedestal/93094,st_struct_pedestal/93673
ug_route/245286,OSP:BUSP:C655203,st_struct_pedestal/93429,building/67669
ug_route/245287,OSP:BUSP::8587974,mywcom_route_junction/27746,st_struct_pedestal/94081
ug_route/245288,OSP:FBSP::15416265,st_struct_pedestal/91395,st_struct_pedestal/93505
ug_route/245289,OSP:FBSP::10128832,st_struct_pedestal/91968,st_struct_pedestal/92279
ug_route/245290,OSP:FBSP::7640456,st_struct_pedestal/92461,building/68802
ug_route/245291,OSP:BUSP::9531741,st_struct_pedestal/93037,st_struct_pedestal/94186
ug_route/245292,OSP:FBSP::10184517,st_struct_pedestal/90648,st_struct_pedestal/91558
ug_route/245293,OSP:BUSP:C647271,st_struct_pedestal/93565,building/68401
ug_route/245294,OSP:FBSP::8591492,st_struct_pedestal/93775,st_struct_pedestal/92421
ug_route/245295,OSP:BUSP:C670409,st_struct_pedestal/93085,building/66686
ug_route/245296,OSP:BUSP:C668818,cabinet/2779,st_struct_pedestal/90651
ug_route/245297,OSP:BUSP::9513473,st_struct_pedestal/93657,st_struct_pedestal/94180
ug_route/245298,OSP:BUSP::10841460,st_struct_pedestal/90977,building/66713
ug_route/245299,OSP:BUSP:C641427,st_struct_pedestal/93320,building/66858
ug_route/245300,OSP:FBSP:C710615,mywcom_route_junction/27973,st_struct_pedestal/93590
ug_route/245301,OSP:BUSP::9432830,st_struct_pedestal/94096,st_struct_pedestal/91396
ug_route/245302,OSP:BUSP::10663864,st_struct_pedestal/94059,building/66836
ug_route/245303,OSP:FBSP::10633143,mywcom_route_junction/27584,mywcom_route_junction/27452
ug_route/245304,OSP:BUSP:C659080,st_struct_pedestal/91901,building/68411
ug_route/245305,OSP:BUSP:C708023,st_struct_pedestal/90728,mywcom_route_junction/27182
ug_route/245306,OSP:BUSP::8331129,st_struct_pedestal/91703,st_struct_pedestal/91505
ug_route/245307,OSP:BUSP:C659784,st_struct_pedestal/91371,st_struct_pedestal/92385
ug_route/245308,OSP:BUSP::10920822,pole/53701,st_struct_pedestal/90579
ug_route/245309,OSP:BUSP:C643832,st_struct_pedestal/93503,building/66815
ug_route/245310,OSP:BUSP::9386745,pole/53337,pole/53416
ug_route/245311,OSP:BUSP:C656955,st_struct_pedestal/91728,mywcom_route_junction/27199
ug_route/245312,OSP:BUSP::11597672,pole/52760,mywcom_route_junction/27388
ug_route/245313,OSP:BUSP::11417600,st_struct_pedestal/91539,st_struct_pedestal/90962
ug_route/245314,OSP:BUSP:C639183,st_struct_pedestal/93025,building/67320
ug_route/245315,OSP:BUSP::16020405,st_struct_pedestal/92322,building/68009
ug_route/245316,OSP:BUSP::9157576,st_struct_pedestal/90553,pole/53854
ug_route/245317,OSP:BUSP:C668401,st_struct_pedestal/92046,st_struct_pedestal/93698
ug_route/245318,OSP:BUSP:C644213,st_struct_pedestal/92611,st_struct_pedestal/92290
ug_route/245319,OSP:BUSP:C662499,st_struct_pedestal/91523,mywcom_route_junction/27991
ug_route/245320,OSP:BUSP:C656134,st_struct_pedestal/91645,building/66712
ug_route/245321,OSP:BUSP::8574870,mywcom_route_junction/27375,building/67638
ug_route/245322,OSP:BUSP::11431265,st_struct_pedestal/93239,st_struct_pedestal/91855
ug_route/245323,OSP:BUSP:C651002,mywcom_route_junction/27249,mywcom_route_junction/28096
ug_route/245324,OSP:BUSP:C669003,st_struct_pedestal/94326,st_struct_pedestal/93250
ug_route/245325,OSP:BUSP::15968588,mywcom_route_junction/27962,building/67078
ug_route/245326,OSP:BUSP:C659787,st_struct_pedestal/91371,st_struct_pedestal/92385
ug_route/245327,OSP:FBSP::8950872,mywcom_route_junction/27734,mywcom_route_junction/27584
ug_route/245328,OSP:FBSP:C656315,building/66340,building/66974
ug_route/245329,OSP:BUSP:C649717,st_struct_pedestal/94254,building/67122
ug_route/245330,OSP:BUSP:C662344,st_struct_pedestal/93283,st_struct_pedestal/90976
ug_route/245331,OSP:BUSP::15126658,st_struct_pedestal/93698,st_struct_pedestal/92046
ug_route/245332,OSP:BUSP:C654796,st_struct_pedestal/91315,building/68615
ug_route/245333,OSP:BUSP:C657822,st_struct_pedestal/94165,st_struct_pedestal/90937
ug_route/245334,OSP:BUSP:C641202,st_struct_pedestal/92237,building/66204
ug_route/245335,OSP:BUSP:C668962,st_struct_pedestal/93621,st_struct_pedestal/94326
ug_route/245336,OSP:BUSP:C708065,st_struct_pedestal/91055,building/66674
ug_route/245337,OSP:BUSP:C667067,pole/53599,st_struct_pedestal/91385
ug_route/245338,OSP:BUSP:C657847,st_struct_pedestal/93028,building/66698
ug_route/245339,OSP:BUSP:C669685,st_struct_pedestal/93311,st_struct_pedestal/92319
ug_route/245340,OSP:BUSP::8587339,st_struct_pedestal/93400,st_struct_pedestal/92412
ug_route/245341,OSP:BUSP::8382240,st_struct_pedestal/93930,st_struct_pedestal/92910
ug_route/245342,OSP:BUSP::11472519,mywcom_route_junction/27945,st_struct_pedestal/93258
ug_route/245343,OSP:FBSP:C658209,st_struct_pedestal/91469,st_struct_pedestal/91879
ug_route/245344,OSP:BUSP:C644027,st_struct_pedestal/94296,st_struct_pedestal/93250
ug_route/245345,OSP:BUSP:C661975,st_struct_pedestal/91625,building/67745
ug_route/245346,OSP:BUSP:C668403,st_struct_pedestal/92046,st_struct_pedestal/93698
ug_route/245347,OSP:BUSP::16013393,cabinet/2779,st_struct_pedestal/90651
ug_route/245348,OSP:BUSP::15995450,pole/53943,mywcom_route_junction/27597
ug_route/245349,OSP:BUSP::8589291,mywcom_route_junction/27656,st_struct_pedestal/92352
ug_route/245350,OSP:BUSP:C660990,st_struct_pedestal/93848,st_struct_pedestal/93708
ug_route/245351,OSP:BUSP:C638809,st_struct_pedestal/92841,building/67758
ug_route/245352,OSP:BUSP:C639162,st_struct_pedestal/92486,building/67702
ug_route/245353,OSP:BUSP:C646134,st_struct_pedestal/94234,building/67069
ug_route/245354,OSP:BUSP:C646907,st_struct_pedestal/92658,building/67807
ug_route/245355,OSP:FBSP:C671224,st_struct_pedestal/92322,building/68009
ug_route/245356,OSP:BUSP:C665513,st_struct_pedestal/93029,building/66870
ug_route/245357,OSP:FBSP:C656436,mywcom_route_junction/27123,building/66801
ug_route/245358,OSP:FBSP::8397597,st_struct_pedestal/93728,building/66240
ug_route/245359,OSP:FBSP:C647730,st_struct_pedestal/93037,st_struct_pedestal/94186
ug_route/245360,OSP:BUSP::8643652,st_struct_pedestal/93103,building/66709
ug_route/245361,OSP:BUSP:C669697,st_struct_pedestal/93311,st_struct_pedestal/92319
ug_route/245362,OSP:BUSP:C708034,mywcom_route_junction/27923,mywcom_route_junction/27840
ug_route/245363,OSP:BUSP::9493632,st_struct_pedestal/91735,mywcom_route_junction/28041
ug_route/245364,OSP:FBSP:C659882,building/68294,building/67877
ug_route/245365,OSP:BUSP::8381904,st_struct_pedestal/92235,st_struct_pedestal/91597
ug_route/245366,OSP:BUSP::12613046,mywcom_route_junction/27750,mywcom_route_junction/27497
ug_route/245367,OSP:BUSP::15998700,st_struct_pedestal/93704,building/67213
ug_route/245368,OSP:FORSP:C648018,mywcom_route_junction/28132,cabinet/2780
ug_route/245369,OSP:BUSP:C659788,st_struct_pedestal/91371,st_struct_pedestal/92385
ug_route/245370,OSP:BUSP::8440157,st_struct_pedestal/93572,pole/53980
ug_route/245371,OSP:BUSP:C710747,st_struct_pedestal/90661,st_struct_pedestal/91819
ug_route/245372,OSP:BUSP:C662198,st_struct_pedestal/90815,building/66602
ug_route/245373,OSP:BUSP:C660964,st_struct_pedestal/93848,st_struct_pedestal/93708
ug_route/245374,OSP:BUSP:C654352,st_struct_pedestal/90898,st_struct_pedestal/92049
ug_route/245375,OSP:BUSP::10271225,pole/52399,st_struct_pedestal/91892
ug_route/245376,OSP:FBSP:C642418,st_struct_pedestal/93305,st_struct_pedestal/94221
ug_route/245377,OSP:BUSP:C661825,st_struct_pedestal/91129,building/67918
ug_route/245378,OSP:FBSP:C710211,st_struct_pedestal/91431,building/66491
ug_route/245379,OSP:BUSP:C643952,st_struct_pedestal/94149,st_struct_pedestal/91835
ug_route/245380,OSP:FBSP:C705041,pole/54129,mywcom_route_junction/27790
ug_route/245381,OSP:FBSP:C644485,st_struct_pedestal/91292,st_struct_pedestal/93156
ug_route/245382,OSP:FBSP:C705545,building/66887,building/67217
ug_route/245383,OSP:BUSP::9271177,pole/53871,mywcom_route_junction/28080
ug_route/245384,OSP:BUSP:C640315,st_struct_pedestal/94282,building/68173
ug_route/245385,OSP:FBSP::8446853,pole/52660,building/68302
ug_route/245386,OSP:FBSP:C657818,cabinet/2768,building/68803
ug_route/245387,OSP:BUSP::16057852,mywcom_route_junction/27260,st_struct_pedestal/91170
ug_route/245388,OSP:BUSP:C670494,st_struct_pedestal/94032,building/66735
ug_route/245389,OSP:BUSP::9499383,mywcom_route_junction/28159,mywcom_route_junction/28133
ug_route/245390,OSP:BUSP::15980411,pole/54539,building/66940
ug_route/245391,OSP:FBSP::8490707,st_struct_pedestal/90729,building/66271
ug_route/245392,OSP:BUSP:C663661,building/68283,building/67356
ug_route/245393,OSP:FBSP:C708383,mywcom_route_junction/28024,st_struct_pedestal/91735
ug_route/245394,OSP:BUSP::9490429,st_struct_pedestal/94221,st_struct_pedestal/93305
ug_route/245395,OSP:BUSP:C643977,st_struct_pedestal/93008,st_struct_pedestal/94239
ug_route/245396,OSP:BUSP:C666041,st_struct_pedestal/94225,st_struct_pedestal/93019
ug_route/245397,OSP:FBSP::16831957,st_struct_pedestal/91224,st_struct_pedestal/93701
ug_route/245398,OSP:FORSP:C645545,mywcom_route_junction/27277,st_struct_pedestal/91839
ug_route/245399,OSP:FBSP::8576454,mywcom_route_junction/28220,building/68405
ug_route/245400,OSP:BUSP:C657930,st_struct_buried_splice_location/3967,building/67314
ug_route/245401,OSP:BUSP:C642147,st_struct_pedestal/94290,building/66386
ug_route/245402,OSP:BUSP::8370712,st_struct_pedestal/93838,st_struct_pedestal/92758
ug_route/245403,OSP:BUSP::8347657,st_struct_pedestal/93995,st_struct_pedestal/90545
ug_route/245404,OSP:BUSP::9293313,pole/54507,st_struct_pedestal/91037
ug_route/245405,OSP:BUSP:C659790,st_struct_pedestal/91371,st_struct_pedestal/92385
ug_route/245406,OSP:BUSP::10768202,st_struct_pedestal/92747,st_struct_pedestal/92225
ug_route/245407,OSP:FBSP:C639773,st_struct_pedestal/93490,st_struct_pedestal/91610
ug_route/245408,OSP:BUSP::9536500,st_struct_pedestal/91292,st_struct_pedestal/93156
ug_route/245409,OSP:BUSP:C706392,cabinet/2835,mywcom_route_junction/27139
ug_route/245410,OSP:BUSP:C662253,building/66935,building/66293
ug_route/245411,OSP:BUSP:C660072,st_struct_pedestal/92799,building/68289
ug_route/245412,OSP:BUSP:C638865,st_struct_pedestal/91783,building/68164
ug_route/245413,OSP:FBSP:C656288,building/67140,mywcom_route_junction/27567
ug_route/245414,OSP:BUSP::9450422,cabinet/2778,mywcom_route_junction/27552
ug_route/245415,OSP:FBSP:C650418,st_struct_pedestal/91014,building/66554
ug_route/245416,OSP:BUSP:C711762,st_struct_pedestal/91741,building/66563
ug_route/245417,OSP:BUSP:C682000,building/67360,building/66448
ug_route/245418,OSP:BUSP:C643697,st_struct_pedestal/92733,building/67722
ug_route/245419,OSP:BUSP:C666108,st_struct_pedestal/93749,st_struct_pedestal/91719
ug_route/245420,OSP:FBSP:C667281,st_struct_pedestal/91541,building/66365
ug_route/245421,OSP:BUSP::10763382,st_struct_pedestal/92747,st_struct_pedestal/94151
ug_route/245422,OSP:FBSP::16057222,st_struct_pedestal/91170,st_struct_pedestal/91222
ug_route/245423,OSP:BUSP::9552502,st_struct_pedestal/90741,st_struct_pedestal/93995
ug_route/245424,OSP:BUSP:C648434,st_struct_pedestal/94113,st_struct_pedestal/92945
ug_route/245425,OSP:BUSP::9450456,mywcom_route_junction/28146,mywcom_route_junction/28009
ug_route/245426,OSP:BUSP:C710114,building/66910,building/68196
ug_route/245427,OSP:BUSP:C652653,st_struct_pedestal/93353,st_struct_pedestal/91354
ug_route/245428,OSP:BUSP:C667294,st_struct_pedestal/92758,st_struct_pedestal/93838
ug_route/245429,OSP:FBSP:C671237,st_struct_pedestal/91753,st_struct_pedestal/94184
ug_route/245430,OSP:BUSP:C641669,st_struct_pedestal/90899,building/67670
ug_route/245431,OSP:BUSP::8382232,st_struct_pedestal/93487,building/66330
ug_route/245432,OSP:FBSP:C651232,st_struct_pedestal/93289,st_struct_pedestal/91265
ug_route/245433,OSP:BUSP::9450751,st_struct_pedestal/94283,pole/53248
ug_route/245434,OSP:BUSP:C650782,st_struct_pedestal/92873,st_struct_pedestal/91440
ug_route/245435,OSP:BUSP:C707914,st_struct_pedestal/93319,building/66141
ug_route/245436,OSP:BUSP:C656295,st_struct_pedestal/92788,building/67277
ug_route/245437,OSP:BUSP:C656029,st_struct_pedestal/91314,building/67600
ug_route/245438,OSP:BUSP:C666236,st_struct_pedestal/92663,st_struct_pedestal/93258
ug_route/245439,OSP:FBSP:C662225,st_struct_pedestal/90756,building/67175
ug_route/245440,OSP:FBSP:C666447,pole/54353,building/66662
ug_route/245441,OSP:BUSP::11434937,st_struct_pedestal/92051,st_struct_pedestal/91132
ug_route/245442,OSP:BUSP:C668492,st_struct_pedestal/91611,st_struct_pedestal/92981
ug_route/245443,OSP:BUSP:C662337,st_struct_pedestal/93928,st_struct_pedestal/93283
ug_route/245444,OSP:FBSP:C652783,st_struct_pedestal/94150,building/67251
ug_route/245445,OSP:BUSP:C639495,st_struct_pedestal/93430,building/67538
ug_route/245446,OSP:BUSP::8365262,mywcom_route_junction/28165,st_struct_pedestal/93174
ug_route/245447,OSP:BUSP::9465609,st_struct_pedestal/91753,st_struct_pedestal/94184
ug_route/245448,OSP:FBSP:C657823,cabinet/2768,building/68490
ug_route/245449,OSP:FBSP::8381896,st_struct_pedestal/91752,st_struct_pedestal/90803
ug_route/245450,OSP:BUSP:C659037,st_struct_pedestal/93359,st_struct_pedestal/92946
ug_route/245451,OSP:BUSP::16017213,st_struct_pedestal/91325,building/68854
ug_route/245452,OSP:BUSP:C639188,st_struct_pedestal/90718,building/67323
ug_route/245453,OSP:BUSP:C705431,st_struct_pedestal/93736,building/67531
ug_route/245454,OSP:BUSP:C662142,st_struct_pedestal/91655,st_struct_pedestal/91538
ug_route/245455,OSP:FBSP::13095319,st_struct_pedestal/94318,st_struct_pedestal/90894
ug_route/245456,OSP:FBSP:C656438,mywcom_route_junction/27710,building/67394
ug_route/245457,OSP:FBSP:C667680,st_struct_pedestal/92710,building/66759
ug_route/245458,OSP:FBSP:C668860,st_struct_pedestal/92282,mywcom_route_junction/27643
ug_route/245459,OSP:BUSP:C665774,mywcom_route_junction/27221,mywcom_route_junction/27474
ug_route/245460,OSP:BUSP::9157579,pole/54022,st_struct_pedestal/90819
ug_route/245461,OSP:BUSP:C666102,st_struct_pedestal/93749,st_struct_pedestal/93334
ug_route/245462,OSP:FBSP:C711676,pole/52655,building/67337
ug_route/245463,OSP:FBSP:C648443,st_struct_pedestal/90897,st_struct_pedestal/91668
ug_route/245464,OSP:BUSP:C650940,st_struct_pedestal/93812,building/68135
ug_route/245465,OSP:FBSP::8448785,mywcom_route_junction/28048,mywcom_route_junction/27646
ug_route/245466,OSP:BUSP:C640919,st_struct_pedestal/90687,building/67903
ug_route/245467,OSP:BUSP::16764608,st_struct_pedestal/92305,st_struct_pedestal/90540
ug_route/245468,OSP:BUSP:C642490,st_struct_pedestal/92722,mywcom_route_junction/27726
ug_route/245469,OSP:FBSP:C658127,st_struct_pedestal/90910,st_struct_pedestal/93983
ug_route/245470,OSP:BUSP::9450742,mywcom_route_junction/27478,mywcom_route_junction/27655
ug_route/245471,OSP:BUSP:C670823,st_struct_pedestal/92242,building/66262
ug_route/245472,OSP:BUSP:C650840,st_struct_pedestal/93737,st_struct_pedestal/90546
ug_route/245473,OSP:BUSP:C650775,st_struct_pedestal/93769,st_struct_pedestal/90881
ug_route/245474,OSP:BUSP:C644150,st_struct_pedestal/93966,building/67293
ug_route/245475,OSP:BUSP::17032285,mywcom_route_junction/27099,st_struct_pedestal/92998
ug_route/245476,OSP:FBSP:C639219,st_struct_pedestal/93570,building/66522
ug_route/245477,OSP:BUSP:C666078,st_struct_pedestal/90767,building/66378
ug_route/245478,OSP:FBSP:C668745,mywcom_route_junction/27268,mywcom_route_junction/28055
ug_route/245479,OSP:BUSP:C710758,st_struct_pedestal/91819,st_struct_pedestal/94140
ug_route/245480,OSP:FBSP::9506114,building/67249,st_struct_pedestal/92394
ug_route/245481,OSP:BUSP:C653019,st_struct_pedestal/92714,mywcom_route_junction/27150
ug_route/245482,OSP:FBSP:C650549,pole/54201,building/66176
ug_route/245483,OSP:BUSP:C654338,st_struct_pedestal/90710,st_struct_pedestal/92272
ug_route/245484,OSP:FBSP:C667624,pole/52997,building/66608
ug_route/245485,OSP:FORSP::16955876,st_struct_vault/2731,pole/53898
ug_route/245486,OSP:FBSP:C646426,pole/53296,building/68685
ug_route/245487,OSP:FBSP::13146757,mywcom_route_junction/27425,building/67196
ug_route/245488,OSP:BUSP::14931764,mywcom_route_junction/27197,mywcom_route_junction/27314
ug_route/245489,OSP:BUSP:C659277,st_struct_pedestal/91311,st_struct_pedestal/92195
ug_route/245490,OSP:BUSP:C649778,st_struct_pedestal/91572,st_struct_pedestal/94283
ug_route/245491,OSP:BUSP:C668821,st_struct_pedestal/91912,st_struct_pedestal/90651
ug_route/245492,OSP:BUSP::9455554,st_struct_pedestal/90910,st_struct_pedestal/93983
ug_route/245493,OSP:FBSP::16810262,pole/52918,st_struct_pedestal/91550
ug_route/245494,OSP:FBSP:C639207,pole/53452,building/66651
ug_route/245495,OSP:BUSP:C708309,building/67645,building/66670
ug_route/245496,OSP:BUSP:C650837,st_struct_pedestal/91842,st_struct_pedestal/93737
ug_route/245497,OSP:BUSP::9524680,st_struct_pedestal/91265,st_struct_pedestal/91227
ug_route/245498,OSP:BUSP::8345741,st_struct_pedestal/92223,mywcom_route_junction/27376
ug_route/245499,OSP:BUSP:C648422,mywcom_route_junction/27316,st_struct_pedestal/90959
ug_route/245500,OSP:BUSP:C666104,st_struct_pedestal/93749,st_struct_pedestal/93334
ug_route/245501,OSP:BUSP::8384134,st_struct_pedestal/92282,building/68689
ug_route/245502,OSP:BUSP::16973429,pole/53452,building/66651
ug_route/245503,OSP:BUSP:C705130,mywcom_route_junction/27129,pole/52594
ug_route/245504,OSP:FBSP:C642476,st_struct_pedestal/92768,building/68102
ug_route/245505,OSP:BUSP::9290695,mywcom_route_junction/27650,mywcom_route_junction/27894
ug_route/245506,OSP:BUSP:C656496,st_struct_pedestal/94112,st_struct_pedestal/94271
ug_route/245507,OSP:BUSP:C656667,st_struct_pedestal/91301,building/66985
ug_route/245508,OSP:FBSP::8336458,st_struct_pedestal/90668,st_struct_pedestal/92806
ug_route/245509,OSP:BUSP:C641819,st_struct_pedestal/93731,st_struct_pedestal/92681
ug_route/245510,OSP:BUSP:C668817,st_struct_pedestal/90907,st_struct_pedestal/91401
ug_route/245511,OSP:BUSP:C658636,st_struct_pedestal/94227,building/68799
ug_route/245512,OSP:BUSP::8589286,st_struct_pedestal/92643,mywcom_route_junction/27932
ug_route/245513,OSP:BUSP:C659817,st_struct_pedestal/91888,building/67709
ug_route/245514,OSP:BUSP:C658020,st_struct_pedestal/94330,building/68611
ug_route/245515,OSP:BUSP:C668066,building/68726,building/67332
ug_route/245516,OSP:BUSP:C662179,st_struct_pedestal/93199,st_struct_pedestal/93849
ug_route/245517,OSP:BUSP:C668541,st_struct_pedestal/90812,building/66803
ug_route/245518,OSP:FBSP::13297208,building/67912,st_struct_pedestal/90987
ug_route/245519,OSP:BUSP:C670278,st_struct_pedestal/91313,mywcom_route_junction/27981
ug_route/245520,OSP:FBSP:C662695,st_struct_pedestal/90548,building/68755
ug_route/245521,OSP:FBSP::10639877,mywcom_route_junction/27671,mywcom_route_junction/27944
ug_route/245522,OSP:BUSP::11099444,pole/52874,building/66744
ug_route/245523,OSP:BUSP:C659825,st_struct_pedestal/91888,building/66658
ug_route/245524,OSP:BUSP::16795215,mywcom_route_junction/27571,mywcom_route_junction/27700
ug_route/245525,OSP:BUSP:C663459,st_struct_pedestal/93920,st_struct_pedestal/91942
ug_route/245526,OSP:BUSP::15351311,pole/52834,building/66270
ug_route/245527,OSP:BUSP:C707768,st_struct_pedestal/90887,st_struct_pedestal/92332
ug_route/245528,OSP:BUSP:C648267,st_struct_pedestal/92468,st_struct_pedestal/91457
ug_route/245529,OSP:BUSP:C659734,st_struct_pedestal/93423,st_struct_pedestal/92318
ug_route/245530,OSP:BUSP::8591496,mywcom_route_junction/27348,st_struct_pedestal/90881
ug_route/245531,OSP:BUSP::9206865,st_struct_pedestal/94112,mywcom_route_junction/27364
ug_route/245532,OSP:FBSP::9598591,mywcom_route_junction/27668,mywcom_route_junction/28115
ug_route/245533,OSP:BUSP::14118645,st_struct_pedestal/92768,building/68102
ug_route/245534,OSP:BUSP::16017205,building/68531,st_struct_pedestal/90613
ug_route/245535,OSP:BUSP::8448158,pole/54520,pole/53562
ug_route/245536,OSP:BUSP:C662214,st_struct_pedestal/93199,st_struct_pedestal/93849
ug_route/245537,OSP:BUSP::10661348,st_struct_pedestal/92782,st_struct_pedestal/93857
ug_route/245538,OSP:BUSP:C648769,st_struct_pedestal/91066,building/68179
ug_route/245539,OSP:BUSP:C664828,building/68819,building/67098
ug_route/245540,OSP:BUSP:C710200,st_struct_pedestal/92760,building/67980
ug_route/245541,OSP:BUSP:C654360,st_struct_pedestal/93875,st_struct_pedestal/91307
ug_route/245542,OSP:BUSP:C662328,st_struct_pedestal/92641,st_struct_pedestal/92122
ug_route/245543,OSP:BUSP:C647236,st_struct_pedestal/93731,st_struct_pedestal/92681
ug_route/245544,OSP:BUSP:C668007,st_struct_pedestal/92651,st_struct_pedestal/92046
ug_route/245545,OSP:BUSP::13354580,st_struct_pedestal/90548,building/68755
ug_route/245546,OSP:BUSP::8397603,st_struct_pedestal/93492,st_struct_pedestal/92401
ug_route/245547,OSP:BUSP:C670274,st_struct_pedestal/91313,st_struct_pedestal/90872
ug_route/245548,OSP:FBSP:C648339,st_struct_pedestal/90613,building/68531
ug_route/245549,OSP:BUSP::15118968,st_struct_pedestal/92641,st_struct_pedestal/92122
ug_route/245550,OSP:BUSP:C710753,st_struct_pedestal/90968,st_struct_pedestal/93824
ug_route/245551,OSP:BUSP:C669721,st_struct_pedestal/91686,st_struct_pedestal/92100
ug_route/245552,OSP:BUSP:C648468,pole/53558,st_struct_pedestal/93827
ug_route/245553,OSP:FBSP:C650550,pole/53878,building/66489
ug_route/245554,OSP:BUSP:C653485,st_struct_pedestal/91241,building/68200
ug_route/245555,OSP:BUSP:C669972,mywcom_route_junction/27773,st_struct_pedestal/93122
ug_route/245556,OSP:BUSP::15126657,st_struct_pedestal/92046,st_struct_pedestal/92651
ug_route/245557,OSP:BUSP:C658306,st_struct_pedestal/94133,st_struct_pedestal/94060
ug_route/245558,OSP:BUSP:C681575,st_struct_pedestal/90775,building/67966
ug_route/245559,OSP:BUSP::15968580,st_struct_pedestal/92981,building/67448
ug_route/245560,OSP:BUSP:C654672,st_struct_pedestal/93546,building/68846
ug_route/245561,OSP:BUSP::9270598,pole/53558,st_struct_pedestal/93827
ug_route/245562,OSP:BUSP:C646449,pole/53234,st_struct_pedestal/92638
ug_route/245563,OSP:BUSP:C668025,st_struct_pedestal/92651,st_struct_pedestal/92046
ug_route/245564,OSP:BUSP::8399172,st_struct_pedestal/93492,st_struct_pedestal/92401
ug_route/245565,OSP:BUSP::15968592,mywcom_route_junction/27962,st_struct_pedestal/94145
ug_route/245566,OSP:BUSP::8500000,cabinet/2752,st_struct_pedestal/93873
ug_route/245567,OSP:BUSP::15126647,st_struct_pedestal/91375,st_struct_pedestal/93364
ug_route/245568,OSP:BUSP:C649759,st_struct_pedestal/91715,building/66692
ug_route/245569,OSP:BUSP:C640121,st_struct_pedestal/94025,building/68427
ug_route/245570,OSP:BUSP:C641441,st_struct_pedestal/91451,building/66953
ug_route/245571,OSP:BUSP::15997693,st_struct_pedestal/91921,building/66882
ug_route/245572,OSP:FORSP:C646248,mywcom_route_junction/27201,cabinet/2764
ug_route/245573,OSP:BUSP::8500968,st_struct_pedestal/92303,st_struct_pedestal/92562
ug_route/245574,OSP:BUSP::8603033,mywcom_route_junction/27840,st_struct_pedestal/93779
ug_route/245575,OSP:BUSP:C641280,st_struct_pedestal/90864,building/67487
ug_route/245576,OSP:BUSP::15824269,st_struct_pedestal/93508,st_struct_pedestal/93118
ug_route/245577,OSP:BUSP:C646973,st_struct_pedestal/91833,building/68487
ug_route/245578,OSP:BUSP::10689785,st_struct_pedestal/93696,st_struct_pedestal/93730
ug_route/245579,OSP:BUSP:C649705,st_struct_pedestal/93596,building/68396
ug_route/245580,OSP:BUSP::8590221,building/66994,st_struct_pedestal/93879
ug_route/245581,OSP:BUSP::15979777,pole/54565,building/66761
ug_route/245582,OSP:BUSP::8336135,st_struct_pedestal/92013,mywcom_route_junction/27764
ug_route/245583,OSP:BUSP:C706887,st_struct_buried_splice_location/3992,building/67432
ug_route/245584,OSP:BUSP::8586396,st_struct_pedestal/92478,st_struct_pedestal/91499
ug_route/245585,OSP:BUSP:C708149,st_struct_pedestal/93536,building/68768
ug_route/245586,OSP:FBSP::13098195,st_struct_pedestal/92502,st_struct_pedestal/90981
ug_route/245587,OSP:BUSP:C641969,building/66629,building/67751
ug_route/245588,OSP:BUSP:C667611,st_struct_pedestal/90671,st_struct_pedestal/94156
ug_route/245589,OSP:BUSP:C639160,st_struct_pedestal/92486,building/68117
ug_route/245590,OSP:BUSP:C661191,mywcom_route_junction/27222,st_struct_pedestal/93759
ug_route/245591,OSP:FBSP:C650425,st_struct_pedestal/93813,building/68346
ug_route/245592,OSP:FBSP:C668405,st_struct_pedestal/93698,building/67812
ug_route/245593,OSP:BUSP:C668337,st_struct_pedestal/90961,st_struct_pedestal/94039
ug_route/245594,OSP:BUSP:C662325,st_struct_pedestal/91803,mywcom_route_junction/27606
ug_route/245595,OSP:FBSP::10916759,st_struct_pedestal/90980,st_struct_pedestal/92786
ug_route/245596,OSP:FBSP::8403023,mywcom_route_junction/27238,building/68713
ug_route/245597,OSP:BUSP::11804362,st_struct_pedestal/92542,building/66999
ug_route/245598,OSP:BUSP:C653142,st_struct_pedestal/94125,building/67225
ug_route/245599,OSP:BUSP:C651126,building/67537,building/68171
ug_route/245600,OSP:FBSP:C711485,mywcom_route_junction/27388,pole/52911
ug_route/245601,OSP:FBSP::13098114,st_struct_pedestal/93330,st_struct_pedestal/91208
ug_route/245602,OSP:BUSP:C707625,st_struct_pedestal/91551,st_struct_pedestal/91704
ug_route/245603,OSP:BUSP:C689227,st_struct_pedestal/93746,st_struct_pedestal/93753
ug_route/245604,OSP:BUSP::8440454,pole/53234,st_struct_pedestal/92638
ug_route/245605,OSP:FBSP:C646223,st_struct_pedestal/93306,st_struct_pedestal/92778
ug_route/245606,OSP:BUSP::11487236,st_struct_pedestal/93371,st_struct_pedestal/93399
ug_route/245607,OSP:BUSP::9531736,st_struct_pedestal/94064,st_struct_pedestal/93900
ug_route/245608,OSP:BUSP:C659925,st_struct_pedestal/93763,st_struct_pedestal/92095
ug_route/245609,OSP:BUSP:C658824,st_struct_pedestal/92553,building/67142
ug_route/245610,OSP:FBSP:C645857,st_struct_pedestal/94008,st_struct_pedestal/92017
ug_route/245611,OSP:FBSP:C639213,pole/53452,building/68210
ug_route/245612,OSP:BUSP:C644274,st_struct_pedestal/93147,st_struct_pedestal/92531
ug_route/245613,OSP:FBSP::8572949,st_struct_pedestal/94207,st_struct_pedestal/91618
ug_route/245614,OSP:BUSP::16783618,mywcom_route_junction/27282,mywcom_route_junction/27456
ug_route/245615,OSP:BUSP::15824266,st_struct_pedestal/90632,st_struct_pedestal/93508
ug_route/245616,OSP:BUSP:C682646,st_struct_pedestal/90866,st_struct_pedestal/93359
ug_route/245617,OSP:BUSP:C665619,st_struct_pedestal/91230,building/68348
ug_route/245618,OSP:BUSP:C643090,st_struct_pedestal/90851,pole/53147
ug_route/245619,OSP:BUSP:C681433,st_struct_pedestal/92540,building/67584
ug_route/245620,OSP:BUSP::9532347,st_struct_pedestal/94008,st_struct_pedestal/92017
ug_route/245621,OSP:BUSP:C705421,cabinet/2829,pole/53898
ug_route/245622,OSP:FBSP:C669142,building/66645,mywcom_route_junction/28110
ug_route/245623,OSP:BUSP:C642019,st_struct_pedestal/92324,building/68018
ug_route/245624,OSP:BUSP::14931765,mywcom_route_junction/27197,mywcom_route_junction/27314
ug_route/245625,OSP:BUSP:C705199,st_struct_pedestal/91003,st_struct_buried_splice_location/3850
ug_route/245626,OSP:FBSP:C670536,pole/52845,building/67941
ug_route/245627,OSP:BUSP:C653116,st_struct_pedestal/90940,building/68343
ug_route/245628,OSP:BUSP::10511236,st_struct_pedestal/90585,st_struct_pedestal/91665
ug_route/245629,OSP:BUSP:C656389,st_struct_pedestal/93234,mywcom_route_junction/27596
ug_route/245630,OSP:BUSP::10137956,st_struct_pedestal/90958,building/66312
ug_route/245631,OSP:BUSP::11435044,cabinet/2779,st_struct_pedestal/90907
ug_route/245632,OSP:BUSP:C643616,st_struct_pedestal/92573,st_struct_pedestal/90641
ug_route/245633,OSP:BUSP:C705362,st_struct_buried_splice_location/3894,mywcom_route_junction/27793
ug_route/245634,OSP:BUSP::11705796,st_struct_pedestal/92436,building/66427
ug_route/245635,OSP:FBSP::7630876,st_struct_pedestal/92047,st_struct_pedestal/94197
ug_route/245636,OSP:FBSP::15608266,st_struct_pedestal/91699,building/67135
ug_route/245637,OSP:BUSP:C642178,st_struct_pedestal/93941,building/66726
ug_route/245638,OSP:BUSP:C648086,st_struct_pedestal/91337,building/68657
ug_route/245639,OSP:BUSP::8437276,pole/53347,mywcom_route_junction/27538
ug_route/245640,OSP:BUSP::15969225,st_struct_pedestal/93698,building/67812
ug_route/245641,OSP:BUSP:C658965,st_struct_pedestal/90664,building/67274
ug_route/245642,OSP:BUSP:C681329,st_struct_pedestal/94235,st_struct_buried_splice_location/3989
ug_route/245643,OSP:BUSP:C663447,st_struct_pedestal/92277,st_struct_pedestal/92040
ug_route/245644,OSP:BUSP:C652699,pole/52846,mywcom_route_junction/27411
ug_route/245645,OSP:FBSP:C661051,st_struct_pedestal/91614,building/67312
ug_route/245646,OSP:FBSP::8448150,st_struct_pedestal/92590,st_struct_pedestal/92552
ug_route/245647,OSP:FBSP:C711782,st_struct_pedestal/93249,st_struct_pedestal/93500
ug_route/245648,OSP:BUSP:C708229,st_struct_pedestal/91011,building/66589
ug_route/245649,OSP:BUSP:C644384,st_struct_pedestal/93147,st_struct_pedestal/92531
ug_route/245650,OSP:FBSP:C710206,st_struct_pedestal/92548,building/67301
ug_route/245651,OSP:BUSP:C654645,st_struct_pedestal/90622,building/68005
ug_route/245652,OSP:FBSP::13095385,mywcom_route_junction/27731,building/66193
ug_route/245653,OSP:BUSP:C668720,st_struct_pedestal/91213,building/66307
ug_route/245654,OSP:BUSP:C640318,st_struct_pedestal/94282,building/67163
ug_route/245655,OSP:FBSP:C651290,st_struct_pedestal/91478,building/67306
ug_route/245656,OSP:FBSP:C667439,st_struct_pedestal/93527,st_struct_pedestal/91687
ug_route/245657,OSP:FBSP:C650354,st_struct_pedestal/92388,building/67461
ug_route/245658,OSP:BUSP:C659808,st_struct_pedestal/92385,building/67857
ug_route/245659,OSP:BUSP::15352272,building/67941,pole/52845
ug_route/245660,OSP:BUSP:C648368,st_struct_pedestal/90763,building/66409
ug_route/245661,OSP:FBSP:C707209,pole/52923,building/67519
ug_route/245662,OSP:FBSP:C660340,st_struct_pedestal/92365,building/68253
ug_route/245663,OSP:BUSP:C650269,st_struct_pedestal/93951,st_struct_pedestal/92471
ug_route/245664,OSP:FBSP:C668989,st_struct_pedestal/91904,building/67588
ug_route/245665,OSP:BUSP:C656464,st_struct_pedestal/90900,building/68367
ug_route/245666,OSP:BUSP::9451389,mywcom_route_junction/28203,st_struct_pedestal/92471
ug_route/245667,OSP:FBSP::11534263,st_struct_pedestal/91799,mywcom_route_junction/27595
ug_route/245668,OSP:BUSP:C669689,st_struct_pedestal/93292,st_struct_pedestal/93311
ug_route/245669,OSP:BUSP:C663473,st_struct_pedestal/92277,st_struct_pedestal/92040
ug_route/245670,OSP:BUSP::16090487,st_struct_pedestal/92336,mywcom_route_junction/27192
ug_route/245671,OSP:BUSP::9528824,st_struct_pedestal/93527,st_struct_pedestal/91687
ug_route/245672,OSP:FBSP:C661069,st_struct_pedestal/92125,building/67296
ug_route/245673,OSP:BUSP:C638844,st_struct_pedestal/91935,building/66487
ug_route/245674,OSP:FBSP:C657480,st_struct_pedestal/92880,building/68121
ug_route/245675,OSP:BUSP:C668687,st_struct_pedestal/92651,st_struct_pedestal/91075
ug_route/245676,OSP:BUSP::9466858,st_struct_pedestal/91118,st_struct_pedestal/92447
ug_route/245677,OSP:FBSP::16813861,pole/52461,building/68103
ug_route/245678,OSP:BUSP:C656212,st_struct_pedestal/93992,cabinet/2826
ug_route/245679,OSP:FORSP:C646056,mywcom_route_junction/28069,pole/52289
ug_route/245680,OSP:BUSP:C641573,st_struct_pedestal/92381,building/68338
ug_route/245681,OSP:FBSP:C658101,st_struct_pedestal/93983,st_struct_pedestal/91178
ug_route/245682,OSP:BUSP::9447573,st_struct_pedestal/91710,st_struct_pedestal/92399
ug_route/245683,OSP:BUSP:C654486,st_struct_pedestal/92730,st_struct_pedestal/90751
ug_route/245684,OSP:FBSP::8572622,st_struct_pedestal/91118,st_struct_pedestal/92447
ug_route/245685,OSP:BUSP::9454920,st_struct_pedestal/94041,st_struct_pedestal/91725
ug_route/245686,OSP:BUSP::15126656,st_struct_pedestal/91075,st_struct_pedestal/92651
ug_route/245687,OSP:BUSP::14262646,mywcom_route_junction/27143,building/66099
ug_route/245688,OSP:BUSP:C648073,st_struct_pedestal/93213,building/68395
ug_route/245689,OSP:BUSP:C650290,st_struct_pedestal/93951,st_struct_pedestal/92471
ug_route/245690,OSP:BUSP::10881524,st_struct_pedestal/92365,building/68253
ug_route/245691,OSP:FBSP:C639739,st_struct_pedestal/90715,st_struct_pedestal/91376
ug_route/245692,OSP:BUSP:C653143,st_struct_pedestal/94125,building/67805
ug_route/245693,OSP:BUSP:C670354,st_struct_pedestal/93242,mywcom_route_junction/27447
ug_route/245694,OSP:BUSP::10260356,building/68187,st_struct_pedestal/93131
ug_route/245695,OSP:BUSP:C670355,st_struct_pedestal/93242,building/66900
ug_route/245696,OSP:BUSP::9455555,st_struct_pedestal/93983,st_struct_pedestal/91178
ug_route/245697,OSP:BUSP:C668693,st_struct_pedestal/92651,st_struct_pedestal/91075
ug_route/245698,OSP:FBSP::9776508,st_struct_pedestal/91540,st_struct_pedestal/94260
ug_route/245699,OSP:BUSP:C660150,st_struct_pedestal/93101,building/68379
ug_route/245700,OSP:BUSP:C682081,st_struct_pedestal/91248,building/67210
ug_route/245701,OSP:FBSP::13098315,pole/54012,st_struct_pedestal/93823
ug_route/245702,OSP:FBSP:C646230,st_struct_pedestal/91987,st_struct_pedestal/92516
ug_route/245703,OSP:BUSP:C653784,pole/54478,mywcom_route_junction/27631
ug_route/245704,OSP:BUSP:C660396,st_struct_pedestal/91667,mywcom_route_junction/27115
ug_route/245705,OSP:BUSP:C650238,st_struct_pedestal/91906,building/66816
ug_route/245706,OSP:BUSP::8336779,cabinet/2838,mywcom_route_junction/27763
ug_route/245707,OSP:BUSP:C644175,st_struct_pedestal/92484,st_struct_pedestal/91319
ug_route/245708,OSP:BUSP:C642886,st_struct_pedestal/91471,st_struct_pedestal/92537
ug_route/245709,OSP:FBSP:C660336,st_struct_pedestal/92365,building/68253
ug_route/245710,OSP:BUSP:C633987,pole/54012,st_struct_pedestal/93823
ug_route/245711,OSP:BUSP::9307423,st_struct_pedestal/92242,building/66646
ug_route/245712,OSP:BUSP::8501574,st_struct_pedestal/92488,mywcom_route_junction/27271
ug_route/245713,OSP:BUSP:C650253,st_struct_pedestal/92795,building/67604
ug_route/245714,OSP:BUSP:C667078,st_struct_pedestal/91385,mywcom_route_junction/27854
ug_route/245715,OSP:BUSP:C652386,st_struct_pedestal/90986,st_struct_pedestal/91167
ug_route/245716,OSP:BUSP:C650573,mywcom_route_junction/27779,mywcom_route_junction/27642
ug_route/245717,OSP:BUSP:C665617,st_struct_pedestal/91230,building/68269
ug_route/245718,OSP:BUSP::9460130,st_struct_pedestal/91471,st_struct_pedestal/92537
ug_route/245719,OSP:BUSP:C643689,st_struct_pedestal/91776,mywcom_route_junction/27273
ug_route/245720,OSP:BUSP:C652001,st_struct_pedestal/90749,building/67408
ug_route/245721,OSP:BUSP:C655591,st_struct_pedestal/92221,st_struct_pedestal/92607
ug_route/245722,OSP:BUSP:C666992,st_struct_pedestal/91123,st_struct_pedestal/92686
ug_route/245723,OSP:FORSP:C687294,mywcom_route_junction/27215,mywcom_route_junction/27176
ug_route/245724,OSP:BUSP:C633956,pole/54012,st_struct_pedestal/93823
ug_route/245725,OSP:BUSP::10756982,st_struct_pedestal/90897,st_struct_pedestal/91668
ug_route/245726,OSP:BUSP::12035115,st_struct_pedestal/92211,mywcom_route_junction/27805
ug_route/245727,OSP:BUSP:C670502,st_struct_pedestal/90688,building/68161
ug_route/245728,OSP:BUSP:C658463,st_struct_pedestal/92260,building/66413
ug_route/245729,OSP:BUSP::8436643,pole/52455,building/67088
ug_route/245730,OSP:FBSP::7622854,st_struct_pedestal/90840,building/68274
ug_route/245731,OSP:FBSP:C646227,st_struct_pedestal/92516,st_struct_pedestal/93306
ug_route/245732,OSP:BUSP:C647459,st_struct_pedestal/94281,building/67261
ug_route/245733,OSP:BUSP:C671268,mywcom_route_junction/27565,mywcom_route_junction/28101
ug_route/245734,OSP:BUSP:C641846,st_struct_pedestal/93674,building/67701
ug_route/245735,OSP:BUSP::15995455,pole/52252,building/67392
ug_route/245736,OSP:BUSP::16735380,mywcom_route_junction/27359,mywcom_route_junction/27331
ug_route/245737,OSP:BUSP:C669684,mywcom_route_junction/27270,st_struct_pedestal/93311
ug_route/245738,OSP:BUSP:C650572,mywcom_route_junction/27779,mywcom_route_junction/27642
ug_route/245739,OSP:FBSP:C646121,mywcom_route_junction/27620,st_struct_pedestal/94160
ug_route/245740,OSP:BUSP:C639778,st_struct_pedestal/92038,building/68636
ug_route/245741,OSP:BUSP::8382864,st_struct_pedestal/90740,building/67766
ug_route/245742,OSP:FBSP::15076740,st_struct_pedestal/92637,building/67214
ug_route/245743,OSP:BUSP:C654219,st_struct_pedestal/92861,st_struct_pedestal/91034
ug_route/245744,OSP:BUSP::9263495,st_struct_pedestal/94313,st_struct_pedestal/90931
ug_route/245745,OSP:BUSP:C647303,st_struct_pedestal/92495,building/67378
ug_route/245746,OSP:BUSP::8347347,cabinet/2838,st_struct_pedestal/90741
ug_route/245747,OSP:BUSP:C663160,st_struct_buried_splice_location/3900,st_struct_pedestal/90839
ug_route/245748,OSP:FBSP:C710107,st_struct_pedestal/91682,building/66234
ug_route/245749,OSP:FBSP:C706974,mywcom_route_junction/27774,mywcom_route_junction/27920
ug_route/245750,OSP:FBSP:C709973,st_struct_pedestal/93980,building/67706
ug_route/245751,OSP:BUSP::8369734,mywcom_route_junction/27690,cabinet/2797
ug_route/245752,OSP:FBSP:C655773,st_struct_pedestal/91873,building/68266
ug_route/245753,OSP:BUSP:C681565,st_struct_pedestal/90919,building/66676
ug_route/245754,OSP:BUSP:C648077,st_struct_pedestal/91133,building/67207
ug_route/245755,OSP:BUSP:C711717,st_struct_pedestal/91967,st_struct_pedestal/91685
ug_route/245756,OSP:FBSP:C667973,st_struct_pedestal/93972,building/68352
ug_route/245757,OSP:BUSP:C648952,st_struct_pedestal/90719,building/68721
ug_route/245758,OSP:BUSP:C651381,st_struct_pedestal/93369,building/67451
ug_route/245759,OSP:BUSP:C651388,st_struct_pedestal/93369,building/66601
ug_route/245760,OSP:BUSP:C662280,st_struct_pedestal/90756,st_struct_pedestal/91803
ug_route/245761,OSP:FBSP:C667259,st_struct_pedestal/90740,building/67766
ug_route/245762,OSP:BUSP:C654965,st_struct_buried_splice_location/3852,st_struct_pedestal/94087
ug_route/245763,OSP:BUSP::7941254,st_struct_pedestal/91213,building/66307
ug_route/245764,OSP:BUSP:C670365,st_struct_pedestal/92222,building/66371
ug_route/245765,OSP:BUSP::11417625,mywcom_route_junction/27752,st_struct_pedestal/92903
ug_route/245766,OSP:BUSP:C667192,mywcom_route_junction/28003,mywcom_route_junction/27377
ug_route/245767,OSP:BUSP:C660871,st_struct_pedestal/94263,st_struct_pedestal/93011
ug_route/245768,OSP:BUSP::9500344,mywcom_route_junction/27970,mywcom_route_junction/27209
ug_route/245769,OSP:FBSP::13065353,st_struct_pedestal/91788,building/66969
ug_route/245770,OSP:BUSP:C639365,st_struct_pedestal/91164,st_struct_pedestal/92768
ug_route/245771,OSP:BUSP:C655154,st_struct_pedestal/93798,building/66120
ug_route/245772,OSP:BUSP::8348940,mywcom_route_junction/27304,st_struct_pedestal/92437
ug_route/245773,OSP:FBSP::13684725,st_struct_pedestal/93632,st_struct_pedestal/92446
ug_route/245774,OSP:BUSP::7622217,st_struct_pedestal/92620,st_struct_pedestal/91711
ug_route/245775,OSP:BUSP::10759244,pole/54090,st_struct_pedestal/90977
ug_route/245776,OSP:BUSP:C666055,st_struct_pedestal/91269,building/66519
ug_route/245777,OSP:FBSP:C652727,pole/52686,building/66934
ug_route/245778,OSP:BUSP:C649730,st_struct_pedestal/94237,building/66787
ug_route/245779,OSP:BUSP::8590219,st_struct_pedestal/93833,building/66994
ug_route/245780,OSP:FBSP::13095318,pole/52629,st_struct_pedestal/94318
ug_route/245781,OSP:BUSP:C650386,st_struct_pedestal/92091,st_struct_pedestal/90728
ug_route/245782,OSP:BUSP::15978170,pole/52686,building/66934
ug_route/245783,OSP:BUSP:C654212,st_struct_pedestal/92861,st_struct_pedestal/93262
ug_route/245784,OSP:BUSP::15350337,st_struct_pedestal/91812,building/67800
ug_route/245785,OSP:BUSP::16783619,mywcom_route_junction/27456,st_struct_pedestal/92516
ug_route/245786,OSP:BUSP:C671213,st_struct_pedestal/91722,st_struct_pedestal/94040
ug_route/245787,OSP:BUSP:C668426,st_struct_pedestal/90885,st_struct_pedestal/91458
ug_route/245788,OSP:BUSP:C648071,st_struct_pedestal/91133,building/67209
ug_route/245789,OSP:BUSP::9379061,mywcom_route_junction/28207,pole/54226
ug_route/245790,OSP:FBSP::11559861,building/68853,mywcom_route_junction/27372
ug_route/245791,OSP:BUSP::16795214,mywcom_route_junction/27189,mywcom_route_junction/28128
ug_route/245792,OSP:BUSP::11470322,mywcom_route_junction/28143,st_struct_pedestal/93984
ug_route/245793,OSP:BUSP:C704922,mywcom_route_junction/27376,st_struct_pedestal/92585
ug_route/245794,OSP:BUSP::16059128,st_struct_pedestal/93262,st_struct_pedestal/92861
ug_route/245795,OSP:BUSP:C668459,st_struct_pedestal/90885,st_struct_pedestal/91458
ug_route/245796,OSP:FBSP:C659900,st_struct_pedestal/91494,building/67221
ug_route/245797,OSP:BUSP:C650433,st_struct_pedestal/92091,st_struct_pedestal/90728
ug_route/245798,OSP:FBSP:C710395,st_struct_pedestal/91441,mywcom_route_junction/27973
ug_route/245799,OSP:BUSP:C689254,st_struct_pedestal/93372,building/68139
ug_route/245800,OSP:BUSP:C657377,st_struct_pedestal/90550,mywcom_route_junction/27469
ug_route/245801,OSP:BUSP:C665583,st_struct_pedestal/90836,building/68719
ug_route/245802,OSP:FBSP::9171413,st_struct_pedestal/91036,building/68539
ug_route/245803,OSP:BUSP:C652779,st_struct_pedestal/91321,building/68204
ug_route/245804,OSP:BUSP::15118972,mywcom_route_junction/27147,st_struct_pedestal/90976
ug_route/245805,OSP:BUSP::14494982,st_struct_pedestal/93860,st_struct_buried_splice_location/3883
ug_route/245806,OSP:BUSP:C655201,st_struct_pedestal/93429,building/66144
ug_route/245807,OSP:BUSP:C642090,st_struct_pedestal/93755,st_struct_pedestal/92152
ug_route/245808,OSP:FBSP::8603333,st_struct_pedestal/91851,building/66234
ug_route/245809,OSP:BUSP:C664514,cabinet/2780,st_struct_pedestal/90971
ug_route/245810,OSP:BUSP:C646951,st_struct_pedestal/91192,building/67291
ug_route/245811,OSP:BUSP:C643088,st_struct_buried_splice_location/3919,st_struct_pedestal/91334
ug_route/245812,OSP:FBSP:C669805,st_struct_pedestal/93282,building/66187
ug_route/245813,OSP:BUSP:C661816,st_struct_pedestal/93828,building/67541
ug_route/245814,OSP:BUSP:C648546,st_struct_pedestal/90907,st_struct_pedestal/92888
ug_route/245815,OSP:BUSP::8440463,mywcom_route_junction/27138,cabinet/2763
ug_route/245816,OSP:BUSP:C644218,st_struct_pedestal/92290,st_struct_pedestal/94296
ug_route/245817,OSP:BUSP:C660149,st_struct_pedestal/93101,building/66303
ug_route/245818,OSP:BUSP:C667986,st_struct_pedestal/93972,st_struct_pedestal/92651
ug_route/245819,OSP:BUSP:C659814,st_struct_pedestal/92385,building/67958
ug_route/245820,OSP:FBSP:C659878,building/67262,building/66282
ug_route/245821,OSP:BUSP::8416784,st_struct_pedestal/90650,st_struct_pedestal/93749
ug_route/245822,OSP:BUSP:C642079,st_struct_pedestal/92124,building/66114
ug_route/245823,OSP:BUSP::15126655,st_struct_pedestal/92651,st_struct_pedestal/93972
ug_route/245824,OSP:BUSP:C668781,st_struct_pedestal/93411,st_struct_pedestal/90907
ug_route/245825,OSP:FBSP:C651848,st_struct_pedestal/90790,st_struct_pedestal/93464
ug_route/245826,OSP:FBSP::14227766,st_struct_pedestal/92181,building/67545
ug_route/245827,OSP:BUSP:C652035,st_struct_pedestal/92792,building/66414
ug_route/245828,OSP:BUSP::15987444,pole/52783,building/67416
ug_route/245829,OSP:BUSP::13225894,st_struct_pedestal/93282,building/66187
ug_route/245830,OSP:FBSP:C654209,st_struct_pedestal/92001,building/68417
ug_route/245831,OSP:FBSP::13678678,st_struct_pedestal/93030,mywcom_route_junction/27942
ug_route/245832,OSP:BUSP:C654339,st_struct_pedestal/91307,st_struct_pedestal/90710
ug_route/245833,OSP:BUSP::9440507,st_struct_pedestal/92537,st_struct_pedestal/94176
ug_route/245834,OSP:BUSP::9782260,st_struct_pedestal/91587,st_struct_pedestal/92028
ug_route/245835,OSP:BUSP:C642016,st_struct_pedestal/93740,st_struct_pedestal/93309
ug_route/245836,OSP:BUSP:C667996,st_struct_pedestal/93972,st_struct_pedestal/92651
ug_route/245837,OSP:BUSP:C642955,st_struct_pedestal/92537,st_struct_pedestal/94176
ug_route/245838,OSP:BUSP:C648366,st_struct_pedestal/90763,building/68526
ug_route/245839,OSP:BUSP:C654678,st_struct_pedestal/93810,building/67964
ug_route/245840,OSP:BUSP::12080605,st_struct_pedestal/91445,building/66566
ug_route/245841,OSP:BUSP:C653932,pole/53898,st_struct_pedestal/92244
ug_route/245842,OSP:BUSP::13458841,mywcom_route_junction/27908,mywcom_route_junction/28124
ug_route/245843,OSP:BUSP:C652039,st_struct_pedestal/92186,building/68773
ug_route/245844,OSP:FBSP:C648380,st_struct_pedestal/94183,building/67030
ug_route/245845,OSP:BUSP:C707626,st_struct_pedestal/91704,st_struct_pedestal/93076
ug_route/245846,OSP:FBSP:C706976,mywcom_route_junction/27920,mywcom_route_junction/27801
ug_route/245847,OSP:BUSP:C649200,cabinet/2832,pole/52815
ug_route/245848,OSP:FBSP:C657018,st_struct_pedestal/92527,building/67503
ug_route/245849,OSP:BUSP:C668130,st_struct_pedestal/90637,building/66507
ug_route/245850,OSP:BUSP::8573010,st_struct_pedestal/92361,mywcom_route_junction/27755
ug_route/245851,OSP:BUSP::12922123,mywcom_route_junction/27592,mywcom_route_junction/27386
ug_route/245852,OSP:BUSP:C671147,st_struct_buried_splice_location/3970,st_struct_pedestal/90537
ug_route/245853,OSP:FBSP::14906484,st_struct_pedestal/91289,building/66453
ug_route/245854,OSP:BUSP::8433107,st_struct_pedestal/91073,st_struct_pedestal/92641
ug_route/245855,OSP:BUSP:C669724,st_struct_pedestal/92100,st_struct_pedestal/92955
ug_route/245856,OSP:FBSP:C659974,st_struct_pedestal/93880,building/67783
ug_route/245857,OSP:BUSP:C708286,st_struct_pedestal/92198,st_struct_pedestal/91657
ug_route/245858,OSP:BUSP:C661055,st_struct_pedestal/91976,building/66924
ug_route/245859,OSP:BUSP:C669687,st_struct_pedestal/92319,st_struct_pedestal/93910
ug_route/245860,OSP:BUSP::12032248,st_struct_pedestal/94203,st_struct_pedestal/92705
ug_route/245861,OSP:FBSP:C657022,st_struct_pedestal/92527,building/67438
ug_route/245862,OSP:BUSP:C662293,st_struct_pedestal/93336,building/66636
ug_route/245863,OSP:BUSP::15118982,st_struct_pedestal/91073,st_struct_pedestal/92641
ug_route/245864,OSP:FBSP:C652614,pole/52783,building/67416
ug_route/245865,OSP:BUSP:C642280,st_struct_pedestal/93755,st_struct_pedestal/92152
ug_route/245866,OSP:BUSP::10877332,st_struct_pedestal/93637,building/67514
ug_route/245867,OSP:BUSP::16694676,st_struct_pedestal/90743,mywcom_route_junction/27927
ug_route/245868,OSP:FBSP:C655511,st_struct_pedestal/90745,building/66387
ug_route/245869,OSP:BUSP::9451806,st_struct_pedestal/93713,st_struct_pedestal/91300
ug_route/245870,OSP:BUSP:C643166,st_struct_pedestal/91309,building/67962
ug_route/245871,OSP:BUSP::10137990,st_struct_pedestal/91798,st_struct_pedestal/93262
ug_route/245872,OSP:BUSP:C642864,st_struct_pedestal/94292,building/67747
ug_route/245873,OSP:FBSP:C704926,mywcom_route_junction/27631,building/68545
ug_route/245874,OSP:BUSP::10864820,st_struct_pedestal/94183,building/67030
ug_route/245875,OSP:BUSP:C669698,st_struct_pedestal/92319,st_struct_pedestal/93910
ug_route/245876,OSP:FBSP:C639053,pole/53140,building/66217
ug_route/245877,OSP:BUSP::15978176,pole/52686,building/68651
ug_route/245878,OSP:FBSP::8415821,mywcom_route_junction/27347,st_struct_pedestal/91148
ug_route/245879,OSP:BUSP:C655315,st_struct_buried_splice_location/3905,building/68771
ug_route/245880,OSP:FBSP:C662322,st_struct_pedestal/91803,building/67144
ug_route/245881,OSP:BUSP::15968593,st_struct_pedestal/94145,mywcom_route_junction/27214
ug_route/245882,OSP:BUSP::15997691,st_struct_pedestal/93393,st_struct_pedestal/91921
ug_route/245883,OSP:BUSP::9157587,st_struct_pedestal/91737,mywcom_route_junction/27635
ug_route/245884,OSP:BUSP:C708280,st_struct_pedestal/92198,st_struct_pedestal/91657
ug_route/245885,OSP:BUSP:C661038,st_struct_pedestal/91921,st_struct_pedestal/93393
ug_route/245886,OSP:BUSP::15979766,pole/53140,building/66217
ug_route/245887,OSP:BUSP::11479860,st_struct_pedestal/94004,st_struct_pedestal/93780
ug_route/245888,OSP:FBSP:C708160,st_struct_pedestal/93012,building/67841
ug_route/245889,OSP:BUSP:C667651,cabinet/2786,st_struct_pedestal/90923
ug_route/245890,OSP:BUSP::16764600,st_struct_pedestal/90991,st_struct_pedestal/90713
ug_route/245891,OSP:FBSP::10414580,pole/54417,building/68571
ug_route/245892,OSP:FBSP:C708141,pole/54185,st_struct_pedestal/92925
ug_route/245893,OSP:BUSP::9528833,mywcom_route_junction/28152,st_struct_pedestal/90972
ug_route/245894,OSP:BUSP:C641205,st_struct_pedestal/93150,building/68541
ug_route/245895,OSP:FBSP:C636909,st_struct_pedestal/90931,st_struct_pedestal/94313
ug_route/245896,OSP:FBSP:C709972,st_struct_pedestal/93195,building/68071
ug_route/245897,OSP:BUSP:C650922,st_struct_pedestal/93217,building/66696
ug_route/245898,OSP:BUSP:C654489,st_struct_pedestal/90751,building/67624
ug_route/245899,OSP:FBSP:C670589,pole/53596,mywcom_route_junction/27579
ug_route/245900,OSP:BUSP:C644423,st_struct_pedestal/92300,building/66291
ug_route/245901,OSP:BUSP:C659810,st_struct_pedestal/92385,building/67240
ug_route/245902,OSP:FBSP:C705004,st_struct_pedestal/93375,st_struct_pedestal/93624
ug_route/245903,OSP:BUSP:C663641,st_struct_pedestal/93702,st_struct_pedestal/91190
ug_route/245904,OSP:BUSP:C641614,st_struct_pedestal/93918,st_struct_pedestal/90899
ug_route/245905,OSP:BUSP:C656354,st_struct_pedestal/90694,building/67587
ug_route/245906,OSP:FBSP:C649427,pole/52805,building/67038
ug_route/245907,OSP:FBSP:C668549,st_struct_pedestal/91424,building/68548
ug_route/245908,OSP:BUSP::15352267,pole/53596,mywcom_route_junction/27579
ug_route/245909,OSP:BUSP::9452054,pole/53700,mywcom_route_junction/27252
ug_route/245910,OSP:FORSP::16951941,st_struct_vault/2756,mywcom_route_junction/27207
ug_route/245911,OSP:BUSP::14948108,st_struct_pedestal/92097,building/67341
ug_route/245912,OSP:FBSP::7697448,st_struct_pedestal/93310,st_struct_pedestal/93027
ug_route/245913,OSP:BUSP:C643918,st_struct_pedestal/91835,st_struct_pedestal/94126
ug_route/245914,OSP:FBSP:C650359,st_struct_pedestal/90952,building/68620
ug_route/245915,OSP:BUSP:C667662,cabinet/2786,st_struct_pedestal/90923
ug_route/245916,OSP:BUSP:C659692,st_struct_pedestal/93582,building/67901
ug_route/245917,OSP:BUSP:C646062,st_struct_pedestal/94061,building/66738
ug_route/245918,OSP:BUSP:C643938,st_struct_pedestal/91835,st_struct_pedestal/94126
ug_route/245919,OSP:BUSP:C646475,st_struct_pedestal/93517,pole/52709
ug_route/245920,OSP:BUSP:C682272,st_struct_pedestal/93796,building/68286
ug_route/245921,OSP:FBSP:C662448,pole/52255,building/67052
ug_route/245922,OSP:FBSP:C650379,st_struct_pedestal/91262,building/68006
ug_route/245923,OSP:BUSP:C640147,st_struct_pedestal/91063,building/66549
ug_route/245924,OSP:FBSP:C652571,building/68157,building/67141
ug_route/245925,OSP:FORSP:C646039,mywcom_route_junction/27674,st_struct_pedestal/93653
ug_route/245926,OSP:BUSP:C658586,st_struct_pedestal/92894,mywcom_route_junction/28190
ug_route/245927,OSP:BUSP::16057232,st_struct_pedestal/91933,building/66428
ug_route/245928,OSP:BUSP::8370720,st_struct_pedestal/91164,st_struct_pedestal/92768
ug_route/245929,OSP:BUSP:C668651,st_struct_pedestal/93125,building/66883
ug_route/245930,OSP:BUSP::9638900,st_struct_pedestal/93590,st_struct_pedestal/91594
ug_route/245931,OSP:BUSP:C647869,st_struct_pedestal/90829,building/68065
ug_route/245932,OSP:BUSP::9498758,mywcom_route_junction/28128,mywcom_route_junction/27571
ug_route/245933,OSP:BUSP:C651140,st_struct_pedestal/92308,building/66529
ug_route/245934,OSP:BUSP:C648379,st_struct_pedestal/94183,st_struct_pedestal/91756
ug_route/245935,OSP:FBSP:C670066,st_struct_buried_splice_location/3872,building/66304
ug_route/245936,OSP:FBSP:C706971,mywcom_route_junction/27627,mywcom_route_junction/27605
ug_route/245937,OSP:FBSP:C706945,st_struct_pedestal/91798,mywcom_route_junction/27598
ug_route/245938,OSP:BUSP::8499678,st_struct_pedestal/91278,st_struct_pedestal/91489
ug_route/245939,OSP:BUSP::13514488,st_struct_pedestal/92396,st_struct_pedestal/90760
ug_route/245940,OSP:FORSP::16960900,mywcom_route_junction/28222,st_struct_vault/2716
ug_route/245941,OSP:FBSP:C650366,st_struct_pedestal/93269,building/67351
ug_route/245942,OSP:FBSP:C655521,st_struct_pedestal/90983,building/67667
ug_route/245943,OSP:BUSP:C645928,st_struct_pedestal/93438,building/67811
ug_route/245944,OSP:BUSP:C667142,st_struct_pedestal/91813,mywcom_route_junction/27625
ug_route/245945,OSP:BUSP::9499396,mywcom_route_junction/27253,mywcom_route_junction/27472
ug_route/245946,OSP:BUSP::16795216,mywcom_route_junction/27700,st_struct_pedestal/93058
ug_route/245947,OSP:FBSP:C670279,st_struct_pedestal/91313,building/67053
ug_route/245948,OSP:BUSP::9509327,st_struct_pedestal/93408,pole/53516
ug_route/245949,OSP:BUSP:C656903,st_struct_pedestal/93675,building/66700
ug_route/245950,OSP:FBSP:C660027,st_struct_pedestal/91602,building/66246
ug_route/245951,OSP:BUSP:C660974,st_struct_pedestal/92665,st_struct_buried_splice_location/3934
ug_route/245952,OSP:BUSP::12785892,st_struct_pedestal/91742,building/67190
ug_route/245953,OSP:BUSP:C667915,st_struct_pedestal/93328,st_struct_pedestal/90960
ug_route/245954,OSP:BUSP::12029116,st_struct_buried_splice_location/3867,st_struct_pedestal/92211
ug_route/245955,OSP:BUSP:C664757,st_struct_pedestal/92108,building/66652
ug_route/245956,OSP:BUSP:C656350,st_struct_pedestal/90694,building/67587
ug_route/245957,OSP:BUSP::9466473,st_struct_pedestal/91796,mywcom_route_junction/27968
ug_route/245958,OSP:BUSP:C668982,st_struct_pedestal/93853,st_struct_pedestal/92692
ug_route/245959,OSP:BUSP::10422284,st_struct_pedestal/91219,st_struct_pedestal/94280
ug_route/245960,OSP:FBSP::16057226,st_struct_pedestal/92457,st_struct_pedestal/90587
ug_route/245961,OSP:BUSP::13318024,st_struct_pedestal/90581,mywcom_route_junction/28231
ug_route/245962,OSP:BUSP:C656901,st_struct_pedestal/91361,building/67032
ug_route/245963,OSP:BUSP:C641411,st_struct_pedestal/92737,st_struct_pedestal/93909
ug_route/245964,OSP:BUSP::17048068,st_struct_pedestal/93135,building/67637
ug_route/245965,OSP:BUSP:C708430,st_struct_pedestal/91796,mywcom_route_junction/27909
ug_route/245966,OSP:BUSP:C636619,pole/53874,st_struct_pedestal/92765
ug_route/245967,OSP:BUSP::9532349,st_struct_pedestal/93526,cabinet/2852
ug_route/245968,OSP:FBSP:C657828,cabinet/2768,building/67208
ug_route/245969,OSP:BUSP::14152567,st_struct_pedestal/91949,st_struct_pedestal/93582
ug_route/245970,OSP:BUSP:C657103,st_struct_pedestal/94329,building/66201
ug_route/245971,OSP:BUSP::7637285,st_struct_buried_splice_location/3939,building/68336
ug_route/245972,OSP:BUSP::15126653,mywcom_route_junction/27366,st_struct_pedestal/93328
ug_route/245973,OSP:BUSP::9433146,st_struct_pedestal/90793,st_struct_pedestal/93858
ug_route/245974,OSP:BUSP:C647361,st_struct_buried_splice_location/3982,building/68235
ug_route/245975,OSP:BUSP::8440156,mywcom_route_junction/28210,st_struct_pedestal/93572
ug_route/245976,OSP:FBSP:C661803,st_struct_pedestal/90895,building/67457
ug_route/245977,OSP:BUSP:C657378,cabinet/2820,st_struct_pedestal/90550
ug_route/245978,OSP:BUSP:C657547,st_struct_pedestal/93081,building/68212
ug_route/245979,OSP:BUSP:C648337,st_struct_pedestal/92168,st_struct_pedestal/90613
ug_route/245980,OSP:BUSP:C666008,st_struct_buried_splice_location/3983,mywcom_route_junction/28151
ug_route/245981,OSP:BUSP:C646092,st_struct_pedestal/91354,st_struct_pedestal/92694
ug_route/245982,OSP:BUSP:C643991,st_struct_pedestal/92611,st_struct_pedestal/93676
ug_route/245983,OSP:BUSP:C661959,st_struct_pedestal/91273,st_struct_pedestal/91625
ug_route/245984,OSP:BUSP:C655484,mywcom_route_junction/27611,st_struct_pedestal/91682
ug_route/245985,OSP:BUSP:C682209,st_struct_buried_splice_location/3996,building/66200
ug_route/245986,OSP:BUSP:C705364,st_struct_pedestal/92282,st_struct_pedestal/92565
ug_route/245987,OSP:FBSP:C659959,st_struct_pedestal/92461,building/66874
ug_route/245988,OSP:BUSP::9310597,st_struct_pedestal/93579,st_struct_pedestal/92266
ug_route/245989,OSP:BUSP:C645427,st_struct_pedestal/93602,st_struct_pedestal/92488
ug_route/245990,OSP:BUSP:C666011,st_struct_buried_splice_location/3983,mywcom_route_junction/28151
ug_route/245991,OSP:BUSP:C668353,st_struct_pedestal/93328,st_struct_pedestal/90960
ug_route/245992,OSP:BUSP:C642543,mywcom_route_junction/27374,st_struct_pedestal/92722
ug_route/245993,OSP:BUSP::8370709,cabinet/2835,st_struct_pedestal/91561
ug_route/245994,OSP:BUSP:C657388,cabinet/2820,st_struct_pedestal/90550
ug_route/245995,OSP:BUSP::13721848,pole/53890,st_struct_pedestal/93052
ug_route/245996,OSP:BUSP::12922120,mywcom_route_junction/27821,mywcom_route_junction/27837
ug_route/245997,OSP:BUSP:C647707,mywcom_route_junction/28206,st_struct_pedestal/94321
ug_route/245998,OSP:BUSP::8415498,mywcom_route_junction/28005,mywcom_route_junction/28025
ug_route/245999,OSP:BUSP:C668163,st_struct_pedestal/92111,building/67358
ug_route/246000,OSP:BUSP:C689229,st_struct_pedestal/90809,st_struct_pedestal/92931
ug_route/246001,OSP:FBSP::7949256,st_struct_pedestal/91105,building/66359
ug_route/246002,OSP:BUSP:C665947,st_struct_pedestal/90831,st_struct_buried_splice_location/3938
ug_route/246003,OSP:FBSP:C652761,pole/52939,building/67044
ug_route/246004,OSP:BUSP:C654359,st_struct_pedestal/94131,st_struct_pedestal/93875
ug_route/246005,OSP:FBSP::8061905,st_struct_pedestal/92546,st_struct_pedestal/91666
ug_route/246006,OSP:BUSP::11085094,st_struct_pedestal/93690,st_struct_pedestal/91325
ug_route/246007,OSP:BUSP:C681727,st_struct_pedestal/94170,building/68484
ug_route/246008,OSP:BUSP::15978184,st_struct_pedestal/91130,building/68602
ug_route/246009,OSP:FBSP:C650394,st_struct_pedestal/90711,building/66657
ug_route/246010,OSP:BUSP::15839624,st_struct_pedestal/93052,building/67242
ug_route/246011,OSP:BUSP:C643829,st_struct_pedestal/93503,building/67036
ug_route/246012,OSP:BUSP:C680730,st_struct_pedestal/94058,st_struct_pedestal/93643
ug_route/246013,OSP:FBSP:C655592,st_struct_pedestal/92607,building/66813
ug_route/246014,OSP:BUSP::15118974,st_struct_pedestal/93927,st_struct_pedestal/93327
ug_route/246015,OSP:BUSP::12922128,st_struct_pedestal/93446,building/68699
ug_route/246016,OSP:BUSP:C641945,st_struct_pedestal/93096,building/68564
ug_route/246017,OSP:FBSP:C659949,st_struct_pedestal/93379,mywcom_route_junction/28179
ug_route/246018,OSP:BUSP::13596741,st_struct_pedestal/90788,building/66246
ug_route/246019,OSP:FBSP::13095513,st_struct_pedestal/91078,st_struct_pedestal/91474
ug_route/246020,OSP:BUSP::17054341,st_struct_pedestal/93833,mywcom_route_junction/27392
ug_route/246021,OSP:BUSP:C657757,st_struct_pedestal/92283,st_struct_pedestal/92287
ug_route/246022,OSP:BUSP::9451803,mywcom_route_junction/28175,mywcom_route_junction/27184
ug_route/246023,OSP:BUSP:C639187,st_struct_pedestal/90718,building/67497
ug_route/246024,OSP:BUSP::16694686,mywcom_route_junction/27628,mywcom_route_junction/27418
ug_route/246025,OSP:BUSP:C639406,st_struct_pedestal/92768,st_struct_pedestal/93183
ug_route/246026,OSP:BUSP:C648229,st_struct_pedestal/93581,st_struct_pedestal/94000
ug_route/246027,OSP:FBSP:C667975,st_struct_pedestal/92430,building/68352
ug_route/246028,OSP:BUSP::8370721,st_struct_pedestal/92768,st_struct_pedestal/93183
ug_route/246029,OSP:FBSP:C707739,st_struct_pedestal/93489,building/66834
ug_route/246030,OSP:BUSP:C670282,st_struct_pedestal/91313,mywcom_route_junction/28191
ug_route/246031,OSP:BUSP:C654674,st_struct_pedestal/92614,st_struct_pedestal/93810
ug_route/246032,OSP:BUSP:C653831,st_struct_pedestal/92109,building/66146
ug_route/246033,OSP:BUSP::17060790,st_struct_pedestal/92284,st_struct_pedestal/92429
ug_route/246034,OSP:BUSP:C668418,st_struct_pedestal/93698,st_struct_pedestal/90885
ug_route/246035,OSP:BUSP:C655559,st_struct_pedestal/91740,st_struct_pedestal/91702
ug_route/246036,OSP:BUSP:C639767,st_struct_pedestal/91690,st_struct_pedestal/94208
ug_route/246037,OSP:BUSP::10364020,mywcom_route_junction/27880,st_struct_pedestal/93727
ug_route/246038,OSP:BUSP::15126659,st_struct_pedestal/90885,st_struct_pedestal/93698
ug_route/246039,OSP:BUSP::15996727,st_struct_pedestal/93697,st_struct_pedestal/91934
ug_route/246040,OSP:BUSP:C661076,st_struct_pedestal/93473,building/68268
ug_route/246041,OSP:BUSP::8586395,st_struct_pedestal/91499,st_struct_pedestal/93281
ug_route/246042,OSP:BUSP:C654353,st_struct_pedestal/92049,st_struct_pedestal/92492
ug_route/246043,OSP:FBSP:C662267,st_struct_pedestal/94295,building/67385
ug_route/246044,OSP:BUSP::9509319,st_struct_pedestal/93059,mywcom_route_junction/27387
ug_route/246045,OSP:BUSP:C661671,st_struct_pedestal/93660,building/67919
ug_route/246046,OSP:BUSP:C657373,mywcom_route_junction/27469,st_struct_pedestal/90553
ug_route/246047,OSP:BUSP:C655469,pole/53116,mywcom_route_junction/27415
ug_route/246048,OSP:BUSP:C668429,st_struct_pedestal/93698,st_struct_pedestal/90885
ug_route/246049,OSP:FBSP:C667249,st_struct_pedestal/92478,st_struct_pedestal/90598
ug_route/246050,OSP:BUSP:C648811,st_struct_pedestal/91065,building/67605
ug_route/246051,OSP:BUSP:C655626,st_struct_pedestal/91060,building/68855
ug_route/246052,OSP:FBSP:C659876,st_struct_pedestal/93714,building/67262
ug_route/246053,OSP:BUSP::14262647,st_struct_pedestal/93885,mywcom_route_junction/27433
ug_route/246054,OSP:BUSP::8370722,st_struct_pedestal/93183,st_struct_pedestal/92768
ug_route/246055,OSP:BUSP:C671044,st_struct_pedestal/91527,building/66789
ug_route/246056,OSP:BUSP::10763708,pole/52558,building/66480
ug_route/246057,OSP:BUSP:C682161,st_struct_pedestal/93585,building/68520
ug_route/246058,OSP:FBSP::14956726,st_struct_pedestal/91093,mywcom_route_junction/27409
ug_route/246059,OSP:BUSP::8501576,st_struct_pedestal/93602,st_struct_pedestal/92488
ug_route/246060,OSP:FBSP:C656094,st_struct_pedestal/92567,st_struct_pedestal/92701
ug_route/246061,OSP:BUSP:C654357,st_struct_pedestal/92049,st_struct_pedestal/92492
ug_route/246062,OSP:BUSP:C657361,st_struct_pedestal/91737,st_struct_pedestal/93329
ug_route/246063,OSP:BUSP:C654091,mywcom_route_junction/28049,mywcom_route_junction/27738
ug_route/246064,OSP:BUSP:C708357,st_struct_pedestal/91532,building/67723
ug_route/246065,OSP:BUSP:C652495,st_struct_pedestal/93599,st_struct_pedestal/92367
ug_route/246066,OSP:BUSP::15975291,st_struct_pedestal/92430,building/68352
ug_route/246067,OSP:BUSP::15987455,pole/52939,building/67044
ug_route/246068,OSP:BUSP:C646147,st_struct_pedestal/94077,building/67884
ug_route/246069,OSP:FBSP:C653994,st_struct_pedestal/91881,st_struct_pedestal/91404
ug_route/246070,OSP:BUSP:C670540,st_struct_pedestal/94297,building/67230
ug_route/246071,OSP:BUSP:C652677,st_struct_pedestal/91149,building/68054
ug_route/246072,OSP:BUSP::16693375,st_struct_pedestal/92198,mywcom_route_junction/27709
ug_route/246073,OSP:BUSP:C650411,st_struct_pedestal/91231,building/67504
ug_route/246074,OSP:BUSP:C653835,st_struct_pedestal/92109,st_struct_pedestal/91515
ug_route/246075,OSP:BUSP:C671227,mywcom_route_junction/27096,st_struct_pedestal/90996
ug_route/246076,OSP:BUSP:C648345,st_struct_pedestal/93921,building/68389
ug_route/246077,OSP:BUSP:C648400,mywcom_route_junction/27563,st_struct_pedestal/94183
ug_route/246078,OSP:BUSP:C707860,st_struct_pedestal/93716,st_struct_pedestal/92905
ug_route/246079,OSP:BUSP:C667204,st_struct_pedestal/93059,mywcom_route_junction/27810
ug_route/246080,OSP:BUSP::13304901,mywcom_route_junction/27312,mywcom_route_junction/27936
ug_route/246081,OSP:FBSP:C669474,st_struct_pedestal/90870,building/66980
ug_route/246082,OSP:FBSP:C667878,st_struct_pedestal/94039,building/66893
ug_route/246083,OSP:BUSP:C705239,st_struct_pedestal/92228,st_struct_buried_splice_location/3994
ug_route/246084,OSP:BUSP::16685370,building/68407,mywcom_route_junction/27601
ug_route/246085,OSP:BUSP:C668544,building/68692,building/67147
ug_route/246086,OSP:BUSP::9526264,mywcom_route_junction/27141,mywcom_route_junction/27896
ug_route/246087,OSP:BUSP::8435659,pole/53017,st_struct_pedestal/92424
ug_route/246088,OSP:FBSP:C667683,st_struct_pedestal/92705,building/66449
ug_route/246089,OSP:BUSP::8440461,pole/53982,mywcom_route_junction/27138
ug_route/246090,OSP:BUSP:C666051,st_struct_pedestal/90987,st_struct_pedestal/93184
ug_route/246091,OSP:BUSP::9501964,st_struct_pedestal/91001,st_struct_pedestal/92414
ug_route/246092,OSP:BUSP:C653144,st_struct_pedestal/94125,building/68424
ug_route/246093,OSP:FBSP:C662652,st_struct_pedestal/92068,building/68824
ug_route/246094,OSP:BUSP::9293621,st_struct_pedestal/91037,st_struct_pedestal/93049
ug_route/246095,OSP:BUSP::9442422,st_struct_pedestal/91881,st_struct_pedestal/91404
ug_route/246096,OSP:BUSP:C641147,st_struct_pedestal/91139,building/68607
ug_route/246097,OSP:BUSP:C641860,st_struct_pedestal/93442,building/68381
ug_route/246098,OSP:BUSP::9479547,st_struct_pedestal/91275,st_struct_pedestal/92303
ug_route/246099,OSP:BUSP:C647304,st_struct_pedestal/92495,building/66437
ug_route/246100,OSP:BUSP::15998698,pole/54483,building/66359
ug_route/246101,OSP:BUSP:C682178,st_struct_pedestal/92230,building/66121
ug_route/246102,OSP:FBSP:C708146,st_struct_pedestal/94166,pole/52663
ug_route/246103,OSP:BUSP::15126652,st_struct_pedestal/92430,mywcom_route_junction/27366
ug_route/246104,OSP:BUSP:C666094,st_struct_pedestal/93184,st_struct_pedestal/90987
ug_route/246105,OSP:BUSP:C681694,st_struct_pedestal/94314,building/66977
ug_route/246106,OSP:BUSP:C669635,st_struct_pedestal/91816,building/66289
ug_route/246107,OSP:FBSP:C706909,st_struct_pedestal/91424,building/67078
ug_route/246108,OSP:BUSP:C651221,st_struct_pedestal/92343,building/68527
ug_route/246109,OSP:BUSP:C682074,st_struct_pedestal/91248,building/66456
ug_route/246110,OSP:BUSP:C664353,st_struct_pedestal/91755,st_struct_pedestal/93485
ug_route/246111,OSP:BUSP:C652771,st_struct_pedestal/93000,building/67070
ug_route/246112,OSP:BUSP:C655205,st_struct_pedestal/94127,building/66553
ug_route/246113,OSP:BUSP::9452057,mywcom_route_junction/27252,mywcom_route_junction/27997
ug_route/246114,OSP:BUSP:C670063,st_struct_pedestal/93002,st_struct_buried_splice_location/3872
ug_route/246115,OSP:BUSP::8586060,st_struct_pedestal/93373,building/66618
ug_route/246116,OSP:BUSP:C638848,st_struct_pedestal/91935,building/66790
ug_route/246117,OSP:BUSP:C642343,st_struct_pedestal/93313,building/66344
ug_route/246118,OSP:FBSP::8490702,st_struct_pedestal/93496,building/67718
ug_route/246119,OSP:BUSP:C654358,st_struct_pedestal/92947,st_struct_pedestal/94131
ug_route/246120,OSP:BUSP::9263504,st_struct_pedestal/90931,mywcom_route_junction/27564
ug_route/246121,OSP:FBSP:C710160,pole/54458,st_struct_pedestal/91881
ug_route/246122,OSP:BUSP::14152569,st_struct_pedestal/91949,st_struct_pedestal/93582
ug_route/246123,OSP:BUSP:C650692,st_struct_pedestal/90543,st_struct_pedestal/92426
ug_route/246124,OSP:BUSP:C662422,building/67975,building/67203
ug_route/246125,OSP:BUSP::8590224,st_struct_pedestal/90539,pole/53679
ug_route/246126,OSP:BUSP:C671261,st_struct_pedestal/93873,st_struct_pedestal/93651
ug_route/246127,OSP:BUSP:C660915,st_struct_pedestal/91947,building/68140
ug_route/246128,OSP:FBSP:C667238,st_struct_pedestal/91499,building/68324
ug_route/246129,OSP:FBSP::8448148,pole/52335,building/68825
ug_route/246130,OSP:BUSP:C707633,st_struct_pedestal/92901,st_struct_pedestal/91667
ug_route/246131,OSP:FBSP:C710043,st_struct_pedestal/91798,mywcom_route_junction/27629
ug_route/246132,OSP:BUSP::9157577,st_struct_pedestal/93295,st_struct_pedestal/91829
ug_route/246133,OSP:FBSP::10881220,st_struct_pedestal/93714,building/67262
ug_route/246134,OSP:BUSP::11085099,st_struct_pedestal/93839,st_struct_pedestal/90740
ug_route/246135,OSP:BUSP:C666987,st_struct_pedestal/91280,st_struct_pedestal/91123
ug_route/246136,OSP:BUSP::15997696,st_struct_pedestal/91614,mywcom_route_junction/27961
ug_route/246137,OSP:FBSP::9553792,building/67564,st_struct_pedestal/93393
ug_route/246138,OSP:BUSP:C650463,mywcom_route_junction/28137,building/67945
ug_route/246139,OSP:BUSP:C659991,st_struct_pedestal/90576,building/66684
ug_route/246140,OSP:BUSP::12055942,st_struct_pedestal/91755,st_struct_pedestal/93485
ug_route/246141,OSP:BUSP:C671270,st_struct_pedestal/93873,st_struct_pedestal/93651
ug_route/246142,OSP:FBSP::17115224,st_struct_pedestal/93871,building/66619
ug_route/246143,OSP:BUSP::8448772,pole/52885,mywcom_route_junction/27729
ug_route/246144,OSP:BUSP::8435653,mywcom_route_junction/27283,st_struct_pedestal/90839
ug_route/246145,OSP:BUSP:C660155,st_struct_pedestal/92068,st_struct_pedestal/90792
ug_route/246146,OSP:FBSP::12139132,pole/52654,building/66100
ug_route/246147,OSP:FBSP::8381895,st_struct_pedestal/93889,st_struct_pedestal/91752
ug_route/246148,OSP:BUSP:C643882,st_struct_pedestal/90820,st_struct_pedestal/91692
ug_route/246149,OSP:BUSP:C651301,st_struct_pedestal/90614,mywcom_route_junction/28198
ug_route/246150,OSP:BUSP:C710617,st_struct_pedestal/91797,st_struct_pedestal/92247
ug_route/246151,OSP:FBSP:C667236,st_struct_pedestal/91813,building/68854
ug_route/246152,OSP:BUSP:C646059,st_struct_pedestal/94061,building/66548
ug_route/246153,OSP:FBSP:C650548,pole/53154,building/68106
ug_route/246154,OSP:BUSP:C705908,st_struct_pedestal/93394,st_struct_pedestal/90743
ug_route/246155,OSP:BUSP::15769204,st_struct_pedestal/91468,st_struct_pedestal/90652
ug_route/246156,OSP:BUSP:C655313,st_struct_pedestal/93157,building/66663
ug_route/246157,OSP:BUSP:C667985,st_struct_pedestal/92430,mywcom_route_junction/27966
ug_route/246158,OSP:BUSP:C660348,mywcom_route_junction/27094,st_struct_pedestal/91868
ug_route/246159,OSP:BUSP:C650533,st_struct_pedestal/90577,building/68491
ug_route/246160,OSP:FORSP:C645614,mywcom_route_junction/27686,pole/52941
ug_route/246161,OSP:BUSP::15997684,st_struct_pedestal/94046,building/66182
ug_route/246162,OSP:BUSP::16785895,st_struct_pedestal/92336,st_struct_pedestal/91340
ug_route/246163,OSP:BUSP:C663454,st_struct_pedestal/91467,st_struct_pedestal/93443
ug_route/246164,OSP:BUSP:C657963,st_struct_pedestal/91113,building/66810
ug_route/246165,OSP:BUSP:C660054,st_struct_pedestal/91602,st_struct_pedestal/93492
ug_route/246166,OSP:BUSP:C710757,st_struct_pedestal/92644,st_struct_pedestal/94140
ug_route/246167,OSP:BUSP:C650357,st_struct_pedestal/92388,st_struct_pedestal/90952
ug_route/246168,OSP:BUSP:C657458,st_struct_pedestal/91261,building/66108
ug_route/246169,OSP:FBSP:C705470,st_struct_pedestal/94059,mywcom_route_junction/28220
ug_route/246170,OSP:BUSP:C643098,st_struct_pedestal/91334,st_struct_buried_splice_location/3969
ug_route/246171,OSP:BUSP:C639824,st_struct_pedestal/93911,building/67847
ug_route/246172,OSP:BUSP::15256263,st_struct_pedestal/92913,st_struct_pedestal/92869
ug_route/246173,OSP:BUSP:C653286,st_struct_pedestal/92034,building/67493
ug_route/246174,OSP:BUSP:C650392,st_struct_pedestal/92976,st_struct_pedestal/90711
ug_route/246175,OSP:BUSP:C651904,mywcom_route_junction/28095,st_struct_pedestal/91184
ug_route/246176,OSP:BUSP:C645749,st_struct_pedestal/94164,building/67494
ug_route/246177,OSP:FBSP::9598590,st_struct_pedestal/92988,mywcom_route_junction/27668
ug_route/246178,OSP:BUSP:C645734,st_struct_pedestal/92240,building/68431
ug_route/246179,OSP:BUSP::9459130,st_struct_pedestal/93302,st_struct_pedestal/94042
ug_route/246180,OSP:BUSP:C681963,st_struct_pedestal/91119,building/67272
ug_route/246181,OSP:BUSP:C642029,st_struct_pedestal/90930,building/66695
ug_route/246182,OSP:BUSP::10880521,mywcom_route_junction/28074,st_struct_pedestal/91868
ug_route/246183,OSP:BUSP::8575502,pole/53289,mywcom_route_junction/27530
ug_route/246184,OSP:BUSP::17060788,st_struct_pedestal/90585,st_struct_pedestal/91685
ug_route/246185,OSP:BUSP:C646444,st_struct_pedestal/93564,building/66253
ug_route/246186,OSP:BUSP::8415500,mywcom_route_junction/28025,st_struct_pedestal/91705
ug_route/246187,OSP:BUSP:C650428,st_struct_pedestal/92388,st_struct_pedestal/90952
ug_route/246188,OSP:FBSP:C655139,mywcom_route_junction/27694,building/68070
ug_route/246189,OSP:BUSP::8061898,st_struct_pedestal/92450,st_struct_pedestal/92546
ug_route/246190,OSP:BUSP:C663475,st_struct_pedestal/91467,st_struct_pedestal/93443
ug_route/246191,OSP:BUSP::10042424,st_struct_pedestal/91215,st_struct_pedestal/93032
ug_route/246192,OSP:BUSP:C662535,st_struct_pedestal/94328,building/68485
ug_route/246193,OSP:BUSP:C660589,st_struct_pedestal/93756,building/68616
ug_route/246194,OSP:FBSP:C650659,pole/52673,st_struct_pedestal/90609
ug_route/246195,OSP:BUSP:C650772,pole/53017,st_struct_pedestal/92424
ug_route/246196,OSP:BUSP:C662182,st_struct_pedestal/93849,st_struct_pedestal/93367
ug_route/246197,OSP:BUSP:C650435,st_struct_pedestal/92976,st_struct_pedestal/90711
ug_route/246198,OSP:BUSP::8500293,mywcom_route_junction/27424,st_struct_pedestal/93651
ug_route/246199,OSP:BUSP:C681332,st_struct_buried_splice_location/3890,building/66431
ug_route/246200,OSP:BUSP:C669968,st_struct_pedestal/91157,st_struct_pedestal/93122
ug_route/246201,OSP:BUSP::13237364,mywcom_route_junction/27169,st_struct_pedestal/92930
ug_route/246202,OSP:BUSP:C665624,st_struct_pedestal/90850,building/68397
ug_route/246203,OSP:FBSP:C668343,st_struct_pedestal/94039,building/67565
ug_route/246204,OSP:BUSP:C649095,st_struct_pedestal/90623,building/68460
ug_route/246205,OSP:BUSP:C710337,st_struct_pedestal/93059,cabinet/2852
ug_route/246206,OSP:BUSP:C711765,st_struct_pedestal/91896,st_struct_pedestal/92174
ug_route/246207,OSP:BUSP:C656467,st_struct_pedestal/91459,building/68342
ug_route/246208,OSP:BUSP:C662215,st_struct_pedestal/93849,st_struct_pedestal/93367
ug_route/246209,OSP:BUSP::8587332,pole/53593,mywcom_route_junction/27880
ug_route/246210,OSP:BUSP:C710756,st_struct_pedestal/91819,st_struct_pedestal/92644
ug_route/246211,OSP:BUSP:C646550,st_struct_pedestal/92848,building/66558
ug_route/246212,OSP:BUSP:C705053,st_struct_pedestal/92494,building/68410
ug_route/246213,OSP:BUSP:C659828,st_struct_pedestal/91862,building/68272
ug_route/246214,OSP:BUSP:C650810,mywcom_route_junction/27269,st_struct_pedestal/92873
ug_route/246215,OSP:BUSP:C705910,st_struct_pedestal/93394,st_struct_pedestal/90743
ug_route/246216,OSP:FBSP:C670812,st_struct_pedestal/93057,building/66797
ug_route/246217,OSP:BUSP::9451406,pole/54038,pole/53168
ug_route/246218,OSP:BUSP::8490383,st_struct_pedestal/92397,st_struct_pedestal/93729
ug_route/246219,OSP:FBSP:C647699,st_struct_pedestal/92082,building/68814
ug_route/246220,OSP:BUSP:C655542,st_struct_pedestal/91740,st_struct_pedestal/92959
ug_route/246221,OSP:BUSP::7611826,st_struct_pedestal/92164,st_struct_pedestal/94335
ug_route/246222,OSP:FBSP::11682164,st_struct_pedestal/93057,building/66797
ug_route/246223,OSP:BUSP:C656184,st_struct_pedestal/90653,st_struct_pedestal/93321
ug_route/246224,OSP:BUSP:C669948,st_struct_pedestal/91157,st_struct_pedestal/93122
ug_route/246225,OSP:BUSP::15996743,st_struct_pedestal/91918,building/68824
ug_route/246226,OSP:BUSP:C648079,st_struct_pedestal/91133,building/67705
ug_route/246227,OSP:BUSP:C666113,st_struct_pedestal/91719,st_struct_pedestal/90811
ug_route/246228,OSP:BUSP:C647169,st_struct_pedestal/93808,building/68078
ug_route/246229,OSP:BUSP:C647273,st_struct_pedestal/92539,building/67905
ug_route/246230,OSP:FBSP:C661065,st_struct_pedestal/93393,building/67564
ug_route/246231,OSP:BUSP:C660588,mywcom_route_junction/28004,mywcom_route_junction/28224
ug_route/246232,OSP:BUSP::8591183,cabinet/2777,pole/54176
ug_route/246233,OSP:BUSP:C650439,st_struct_pedestal/92099,st_struct_pedestal/90951
ug_route/246234,OSP:BUSP:C663452,st_struct_pedestal/92040,st_struct_pedestal/91467
ug_route/246235,OSP:BUSP:C711731,st_struct_pedestal/93153,st_struct_buried_splice_location/3939
ug_route/246236,OSP:BUSP:C640319,st_struct_pedestal/94282,building/66912
ug_route/246237,OSP:BUSP:C640923,st_struct_pedestal/91126,building/68516
ug_route/246238,OSP:BUSP:C639449,st_struct_pedestal/93314,st_struct_pedestal/91053
ug_route/246239,OSP:BUSP::10925003,st_struct_buried_splice_location/3863,st_struct_buried_splice_location/3851
ug_route/246240,OSP:BUSP:C665614,st_struct_pedestal/91562,building/66555
ug_route/246241,OSP:BUSP::8575493,pole/54155,pole/54529
ug_route/246242,OSP:FBSP:C657015,st_struct_pedestal/92527,building/66951
ug_route/246243,OSP:BUSP::8345416,mywcom_route_junction/27098,st_struct_pedestal/93836
ug_route/246244,OSP:FBSP::15239937,st_struct_pedestal/91289,building/66795
ug_route/246245,OSP:BUSP:C661693,st_struct_pedestal/92191,building/68597
ug_route/246246,OSP:BUSP:C706911,st_struct_pedestal/93711,mywcom_route_junction/28208
ug_route/246247,OSP:BUSP::15974973,st_struct_pedestal/93010,building/67337
ug_route/246248,OSP:BUSP::8369736,mywcom_route_junction/27690,st_struct_pedestal/91633
ug_route/246249,OSP:BUSP::8382230,st_struct_pedestal/93637,st_struct_pedestal/93487
ug_route/246250,OSP:BUSP::8575494,pole/54529,pole/52282
ug_route/246251,OSP:BUSP:C642055,st_struct_pedestal/91637,st_struct_pedestal/91238
ug_route/246252,OSP:BUSP:C640125,st_struct_pedestal/94025,building/67646
ug_route/246253,OSP:FBSP:C706979,mywcom_route_junction/27862,mywcom_route_junction/27792
ug_route/246254,OSP:BUSP:C646072,st_struct_pedestal/93664,building/67179
ug_route/246255,OSP:BUSP:C663474,st_struct_pedestal/92040,st_struct_pedestal/91467
ug_route/246256,OSP:BUSP::15126644,cabinet/2772,st_struct_pedestal/90839
ug_route/246257,OSP:BUSP:C652698,st_struct_pedestal/92886,building/67665
ug_route/246258,OSP:BUSP::8491016,st_struct_pedestal/94323,st_struct_pedestal/93051
ug_route/246259,OSP:BUSP::8331138,st_struct_pedestal/92247,st_struct_pedestal/93886
ug_route/246260,OSP:BUSP::15996429,st_struct_pedestal/94105,building/68087
ug_route/246261,OSP:BUSP:C643619,st_struct_pedestal/90641,st_struct_pedestal/94245
ug_route/246262,OSP:BUSP:C705363,pole/53412,mywcom_route_junction/27793
ug_route/246263,OSP:BUSP::13237366,st_struct_pedestal/90882,mywcom_route_junction/28167
ug_route/246264,OSP:FBSP:C661799,st_struct_pedestal/90895,building/67734
ug_route/246265,OSP:FBSP:C706858,st_struct_pedestal/90542,mywcom_route_junction/27444
ug_route/246266,OSP:BUSP:C659626,st_struct_pedestal/91568,building/66584
ug_route/246267,OSP:BUSP::8439819,pole/52480,building/67691
ug_route/246268,OSP:BUSP:C689276,mywcom_route_junction/27526,st_struct_pedestal/91985
ug_route/246269,OSP:BUSP:C650438,st_struct_pedestal/92099,st_struct_pedestal/90951
ug_route/246270,OSP:BUSP:C648431,st_struct_pedestal/91131,st_struct_pedestal/91824
ug_route/246271,OSP:FBSP:C661800,st_struct_pedestal/90895,building/67263
ug_route/246272,OSP:FBSP:C652553,pole/52783,building/67480
ug_route/246273,OSP:BUSP:C666238,st_struct_pedestal/93258,st_struct_pedestal/93984
ug_route/246274,OSP:BUSP:C656891,st_struct_pedestal/94006,building/67575
ug_route/246275,OSP:BUSP:C657081,st_struct_pedestal/92686,st_struct_pedestal/91674
ug_route/246276,OSP:BUSP:C666173,mywcom_route_junction/28013,building/68376
ug_route/246277,OSP:FBSP:C653408,pole/53531,st_struct_pedestal/92394
ug_route/246278,OSP:BUSP:C670501,st_struct_pedestal/90688,building/68326
ug_route/246279,OSP:BUSP:C657889,st_struct_pedestal/90657,building/67491
ug_route/246280,OSP:BUSP:C655539,st_struct_pedestal/91740,st_struct_pedestal/92959
ug_route/246281,OSP:BUSP:C654661,st_struct_pedestal/94134,st_struct_pedestal/93546
ug_route/246282,OSP:BUSP:C706054,st_struct_pedestal/93179,st_struct_pedestal/91452
ug_route/246283,OSP:BUSP:C708347,st_struct_pedestal/91652,building/68133
ug_route/246284,OSP:FBSP:C669476,st_struct_pedestal/90870,building/66956
ug_route/246285,OSP:BUSP:C650369,st_struct_pedestal/92043,building/66128
ug_route/246286,OSP:FBSP:C651722,pole/53012,building/66699
ug_route/246287,OSP:FBSP::8399179,pole/54401,building/68366
ug_route/246288,OSP:FBSP::8489740,st_struct_pedestal/93122,building/68454
ug_route/246289,OSP:BUSP:C660805,st_struct_pedestal/91830,st_struct_buried_splice_location/3920
ug_route/246290,OSP:BUSP:C650267,st_struct_pedestal/91131,st_struct_pedestal/91824
ug_route/246291,OSP:BUSP:C656965,st_struct_pedestal/94026,st_struct_pedestal/92948
ug_route/246292,OSP:FBSP::13713526,mywcom_route_junction/27995,building/66777
ug_route/246293,OSP:FBSP:C661110,st_struct_pedestal/92548,building/67255
ug_route/246294,OSP:BUSP::17055321,st_struct_pedestal/91803,st_struct_pedestal/93832
ug_route/246295,OSP:BUSP:C660165,st_struct_pedestal/93101,st_struct_pedestal/90950
ug_route/246296,OSP:BUSP::9442421,pole/54458,st_struct_pedestal/91881
ug_route/246297,OSP:BUSP:C660680,st_struct_pedestal/91823,building/67458
ug_route/246298,OSP:BUSP:C666043,mywcom_route_junction/27391,mywcom_route_junction/28076
ug_route/246299,OSP:BUSP:C668468,st_struct_pedestal/93698,st_struct_pedestal/91611
ug_route/246300,OSP:BUSP:C670593,st_struct_pedestal/93292,mywcom_route_junction/27229
ug_route/246301,OSP:FBSP::8575498,pole/54129,building/67943
ug_route/246302,OSP:FBSP:C710203,st_struct_pedestal/91941,building/67836
ug_route/246303,OSP:FBSP:C650401,st_struct_pedestal/92204,building/68655
ug_route/246304,OSP:BUSP::11491494,st_struct_pedestal/94141,building/67079
ug_route/246305,OSP:BUSP:C651011,st_struct_pedestal/93217,building/67288
ug_route/246306,OSP:BUSP::8587338,st_struct_pedestal/93874,st_struct_pedestal/93400
ug_route/246307,OSP:BUSP:C652537,st_struct_pedestal/91057,building/68282
ug_route/246308,OSP:BUSP::10272532,st_struct_pedestal/91131,st_struct_pedestal/91708
ug_route/246309,OSP:FBSP:C652663,st_struct_pedestal/90970,building/67280
ug_route/246310,OSP:FBSP:C710159,pole/54458,st_struct_pedestal/91881
ug_route/246311,OSP:BUSP:C656968,st_struct_pedestal/94026,st_struct_pedestal/92948
ug_route/246312,OSP:BUSP::11469312,st_struct_pedestal/92779,mywcom_route_junction/28005
ug_route/246313,OSP:BUSP:C647462,st_struct_pedestal/93923,building/66496
ug_route/246314,OSP:FBSP:C643076,pole/54413,building/67452
ug_route/246315,OSP:FBSP:C710375,mywcom_route_junction/27846,mywcom_route_junction/27203
ug_route/246316,OSP:BUSP::8366853,st_struct_pedestal/93034,st_struct_pedestal/92597
ug_route/246317,OSP:FBSP:C710204,st_struct_pedestal/91941,building/67836
ug_route/246318,OSP:FBSP::15430324,pole/53728,building/67034
ug_route/246319,OSP:BUSP:C661176,building/67255,st_struct_pedestal/90905
ug_route/246320,OSP:BUSP:C655221,st_struct_pedestal/92865,building/67677
ug_route/246321,OSP:BUSP::12066181,st_struct_pedestal/93111,st_struct_pedestal/92118
ug_route/246322,OSP:FBSP:C659879,st_struct_pedestal/93763,building/68294
ug_route/246323,OSP:BUSP::10352850,st_struct_pedestal/91699,st_struct_pedestal/92644
ug_route/246324,OSP:BUSP:C659631,st_struct_buried_splice_location/3853,building/68384
ug_route/246325,OSP:FBSP::9016147,mywcom_route_junction/27382,building/66169
ug_route/246326,OSP:BUSP:C647168,st_struct_pedestal/93808,building/67963
ug_route/246327,OSP:BUSP:C650904,st_struct_pedestal/92464,st_struct_pedestal/92696
ug_route/246328,OSP:FBSP:C711720,mywcom_route_junction/27379,building/67060
ug_route/246329,OSP:BUSP:C649722,st_struct_pedestal/94254,building/67792
ug_route/246330,OSP:BUSP::7977217,st_struct_pedestal/92065,mywcom_route_junction/27284
ug_route/246331,OSP:BUSP:C660968,st_struct_pedestal/93708,building/68503
ug_route/246332,OSP:BUSP:C662675,st_struct_pedestal/94105,st_struct_pedestal/91807
ug_route/246333,OSP:BUSP:C707131,st_struct_pedestal/91734,st_struct_pedestal/90649
ug_route/246334,OSP:BUSP::8500967,cabinet/2839,st_struct_pedestal/92303
ug_route/246335,OSP:BUSP::17032891,mywcom_route_junction/27471,pole/53708
ug_route/246336,OSP:BUSP:C647035,st_struct_pedestal/94057,building/67206
ug_route/246337,OSP:BUSP:C706905,st_struct_pedestal/91874,st_struct_pedestal/90881
ug_route/246338,OSP:BUSP::8347664,st_struct_pedestal/93995,st_struct_pedestal/92585
ug_route/246339,OSP:BUSP:C650382,st_struct_pedestal/91262,st_struct_pedestal/92091
ug_route/246340,OSP:BUSP::9271545,mywcom_route_junction/27529,st_struct_pedestal/92178
ug_route/246341,OSP:BUSP::15996427,st_struct_pedestal/93524,building/66710
ug_route/246342,OSP:FBSP:C708031,st_struct_pedestal/94298,building/66626
ug_route/246343,OSP:BUSP:C662299,st_struct_pedestal/92415,building/66808
ug_route/246344,OSP:BUSP::8365252,st_struct_pedestal/93836,st_struct_pedestal/91917
ug_route/246345,OSP:BUSP:C644420,st_struct_pedestal/92300,building/67596
ug_route/246346,OSP:BUSP:C668330,st_struct_buried_splice_location/3873,building/68201
ug_route/246347,OSP:BUSP:C654667,st_struct_pedestal/94134,st_struct_pedestal/93546
ug_route/246348,OSP:BUSP:C707130,st_struct_pedestal/91734,st_struct_pedestal/90649
ug_route/246349,OSP:BUSP:C642894,st_struct_pedestal/92537,st_struct_pedestal/91931
ug_route/246350,OSP:BUSP::9530108,st_struct_pedestal/92414,cabinet/2761
ug_route/246351,OSP:BUSP::11870005,pole/54050,mywcom_route_junction/27475
ug_route/246352,OSP:BUSP:C657728,st_struct_pedestal/92836,st_struct_pedestal/93958
ug_route/246353,OSP:BUSP:C650432,st_struct_pedestal/91262,st_struct_pedestal/92091
ug_route/246354,OSP:BUSP:C661722,st_struct_pedestal/94060,building/68245
ug_route/246355,OSP:BUSP:C708353,st_struct_pedestal/90571,building/68623
ug_route/246356,OSP:BUSP:C663435,st_struct_pedestal/91701,st_struct_pedestal/92572
ug_route/246357,OSP:BUSP::15007307,st_struct_pedestal/93639,mywcom_route_junction/27486
ug_route/246358,OSP:BUSP::8370711,st_struct_pedestal/91541,st_struct_pedestal/93838
ug_route/246359,OSP:BUSP::8421922,mywcom_route_junction/27993,st_struct_pedestal/93164
ug_route/246360,OSP:FBSP::8572940,st_struct_pedestal/91952,st_struct_pedestal/93507
ug_route/246361,OSP:BUSP::16016245,st_struct_pedestal/92819,building/67047
ug_route/246362,OSP:BUSP:C657079,st_struct_pedestal/90725,mywcom_route_junction/27483
ug_route/246363,OSP:BUSP::9458822,st_struct_pedestal/92537,st_struct_pedestal/91931
ug_route/246364,OSP:BUSP:C649264,st_struct_pedestal/91643,st_struct_pedestal/93758
ug_route/246365,OSP:BUSP::8382243,st_struct_pedestal/91564,st_struct_pedestal/92878
ug_route/246366,OSP:BUSP::10632823,st_struct_pedestal/93447,st_struct_pedestal/91573
ug_route/246367,OSP:BUSP:C655211,st_struct_pedestal/91658,building/67618
ug_route/246368,OSP:BUSP:C641743,st_struct_pedestal/91114,st_struct_pedestal/92608
ug_route/246369,OSP:BUSP::8403027,pole/53136,st_struct_pedestal/94090
ug_route/246370,OSP:BUSP::12774007,st_struct_pedestal/94006,mywcom_route_junction/27877
ug_route/246371,OSP:BUSP:C663466,st_struct_pedestal/91701,st_struct_pedestal/92572
ug_route/246372,OSP:BUSP:C645930,st_struct_pedestal/93438,building/68782
ug_route/246373,OSP:FBSP::10184516,st_struct_pedestal/90626,st_struct_pedestal/90648
ug_route/246374,OSP:BUSP:C661778,st_struct_pedestal/91612,mywcom_route_junction/27776
ug_route/246375,OSP:FBSP:C634049,st_struct_pedestal/93618,building/67051
ug_route/246376,OSP:BUSP:C646050,st_struct_pedestal/93425,st_struct_pedestal/91338
ug_route/246377,OSP:BUSP::8416785,st_struct_pedestal/90650,st_struct_pedestal/92366
ug_route/246378,OSP:BUSP:C642074,st_struct_pedestal/91238,building/68380
ug_route/246379,OSP:BUSP:C668551,st_struct_pedestal/94102,st_struct_pedestal/91511
ug_route/246380,OSP:BUSP:C662700,pole/54234,building/66710
ug_route/246381,OSP:BUSP::8586055,st_struct_pedestal/91746,building/67836
ug_route/246382,OSP:BUSP:C660512,st_struct_pedestal/91941,st_struct_pedestal/91488
ug_route/246383,OSP:FBSP::11766308,st_struct_pedestal/91956,building/68101
ug_route/246384,OSP:BUSP:C657735,st_struct_pedestal/92836,st_struct_pedestal/93958
ug_route/246385,OSP:BUSP:C671252,st_struct_pedestal/90996,st_struct_pedestal/92350
ug_route/246386,OSP:FBSP::13672925,mywcom_route_junction/27510,mywcom_route_junction/27202
ug_route/246387,OSP:BUSP:C645293,st_struct_pedestal/91412,building/68055
ug_route/246388,OSP:BUSP:C662431,st_struct_pedestal/93283,st_struct_buried_splice_location/3871
ug_route/246389,OSP:BUSP:C709798,st_struct_pedestal/92643,mywcom_route_junction/28109
ug_route/246390,OSP:BUSP::8365254,st_struct_pedestal/91917,st_struct_pedestal/92226
ug_route/246391,OSP:BUSP:C650532,st_struct_pedestal/90577,building/67853
ug_route/246392,OSP:BUSP:C650353,st_struct_pedestal/93813,st_struct_pedestal/92388
ug_route/246393,OSP:BUSP:C661132,st_struct_pedestal/91391,building/68543
ug_route/246394,OSP:BUSP:C655150,st_struct_pedestal/93798,building/67668
ug_route/246395,OSP:BUSP::9531702,st_struct_pedestal/91331,mywcom_route_junction/27535
ug_route/246396,OSP:BUSP:C708362,st_struct_pedestal/92126,building/68449
ug_route/246397,OSP:BUSP:C670474,st_struct_pedestal/93801,building/66324
ug_route/246398,OSP:BUSP:C667292,st_struct_pedestal/91541,st_struct_pedestal/93838
ug_route/246399,OSP:BUSP:C660800,building/66773,building/67952
ug_route/246400,OSP:BUSP:C660355,st_struct_pedestal/92332,st_struct_pedestal/93457
ug_route/246401,OSP:BUSP::8369733,st_struct_pedestal/91331,mywcom_route_junction/27690
ug_route/246402,OSP:BUSP::10388368,st_struct_pedestal/93730,pole/54235
ug_route/246403,OSP:BUSP:C650407,st_struct_pedestal/93813,st_struct_pedestal/92388
ug_route/246404,OSP:BUSP:C645180,pole/54532,pole/54241
ug_route/246405,OSP:BUSP::8189721,pole/53525,pole/53700
ug_route/246406,OSP:BUSP:C642001,st_struct_pedestal/92944,building/66720
ug_route/246407,OSP:BUSP:C660309,st_struct_pedestal/91237,st_struct_pedestal/91551
ug_route/246408,OSP:BUSP::10922761,mywcom_route_junction/27887,building/66273
ug_route/246409,OSP:BUSP:C659972,st_struct_pedestal/92998,st_struct_pedestal/93880
ug_route/246410,OSP:BUSP::10925001,st_struct_buried_splice_location/3863,st_struct_buried_splice_location/3851
ug_route/246411,OSP:FBSP::11793476,st_struct_pedestal/92452,st_struct_pedestal/91799
ug_route/246412,OSP:FBSP::10914427,st_struct_pedestal/90980,st_struct_pedestal/94198
ug_route/246413,OSP:BUSP::9501983,mywcom_route_junction/27293,mywcom_route_junction/27282
ug_route/246414,OSP:BUSP:C663434,st_struct_pedestal/93265,st_struct_pedestal/91701
ug_route/246415,OSP:BUSP:C661024,st_struct_pedestal/93629,st_struct_pedestal/90629
ug_route/246416,OSP:BUSP:C649752,st_struct_pedestal/93553,building/68339
ug_route/246417,OSP:BUSP:C663437,st_struct_pedestal/92572,st_struct_pedestal/93216
ug_route/246418,OSP:BUSP:C653671,pole/53530,pole/54507
ug_route/246419,OSP:BUSP::12922125,mywcom_route_junction/27255,st_struct_pedestal/90589
ug_route/246420,OSP:BUSP:C710018,pole/53734,mywcom_route_junction/27238
ug_route/246421,OSP:BUSP:C708349,st_struct_pedestal/94135,building/67460
ug_route/246422,OSP:BUSP:C648369,st_struct_pedestal/92405,building/68377
ug_route/246423,OSP:BUSP:C706860,pole/53391,mywcom_route_junction/27775
ug_route/246424,OSP:FBSP:C649737,cabinet/2766,building/66248
ug_route/246425,OSP:FBSP:C669110,pole/54237,building/66276
ug_route/246426,OSP:BUSP:C663465,st_struct_pedestal/93265,st_struct_pedestal/91701
ug_route/246427,OSP:BUSP:C638862,st_struct_pedestal/91783,building/66955
ug_route/246428,OSP:BUSP:C706394,mywcom_route_junction/27139,st_struct_pedestal/92505
ug_route/246429,OSP:BUSP:C663469,st_struct_pedestal/92572,st_struct_pedestal/93216
ug_route/246430,OSP:BUSP:C641953,st_struct_pedestal/93149,building/66523
ug_route/246431,OSP:FBSP:C643046,st_struct_pedestal/92979,st_struct_pedestal/93302
ug_route/246432,OSP:BUSP:C656176,cabinet/2826,st_struct_pedestal/92810
ug_route/246433,OSP:FORSP::16956655,st_struct_vault/2729,mywcom_route_junction/27183
ug_route/246434,OSP:BUSP:C646087,st_struct_pedestal/93021,st_struct_pedestal/91354
ug_route/246435,OSP:BUSP:C669140,st_struct_pedestal/92698,mywcom_route_junction/27390
ug_route/246436,OSP:BUSP:C663433,st_struct_pedestal/93733,st_struct_pedestal/93265
ug_route/246437,OSP:BUSP:C709814,st_struct_pedestal/92643,mywcom_route_junction/27093
ug_route/246438,OSP:BUSP::9504191,st_struct_pedestal/94302,st_struct_pedestal/92505
ug_route/246439,OSP:BUSP:C665723,st_struct_pedestal/91990,building/66916
ug_route/246440,OSP:BUSP:C681721,st_struct_pedestal/94170,building/66928
ug_route/246441,OSP:BUSP:C702679,st_struct_pedestal/93499,st_struct_pedestal/93486
ug_route/246442,OSP:FBSP:C657013,st_struct_pedestal/92527,building/66236
ug_route/246443,OSP:BUSP::8764292,st_struct_pedestal/93010,building/66856
ug_route/246444,OSP:FBSP:C652996,st_struct_pedestal/92566,building/67444
ug_route/246445,OSP:FBSP:C661057,st_struct_pedestal/91614,building/67143
ug_route/246446,OSP:BUSP:C668467,st_struct_pedestal/94117,building/66851
ug_route/246447,OSP:BUSP:C639454,st_struct_pedestal/93314,st_struct_pedestal/91053
ug_route/246448,OSP:BUSP::10271226,st_struct_pedestal/91756,st_struct_pedestal/91892
ug_route/246449,OSP:BUSP:C663464,st_struct_pedestal/93733,st_struct_pedestal/93265
ug_route/246450,OSP:BUSP:C656303,st_struct_pedestal/93992,st_struct_pedestal/92649
ug_route/246451,OSP:BUSP:C655585,st_struct_pedestal/92221,st_struct_pedestal/91804
ug_route/246452,OSP:BUSP::11486953,st_struct_pedestal/92499,mywcom_route_junction/27707
ug_route/246453,OSP:BUSP:C637458,st_struct_pedestal/92753,building/67760
ug_route/246454,OSP:FBSP:C656435,mywcom_route_junction/27227,mywcom_route_junction/27123
ug_route/246455,OSP:BUSP:C711514,st_struct_pedestal/93571,st_struct_pedestal/91209
ug_route/246456,OSP:FORSP::16961860,mywcom_route_junction/27621,st_struct_vault/2722
ug_route/246457,OSP:BUSP:C662692,st_struct_pedestal/90548,st_struct_pedestal/93524
ug_route/246458,OSP:BUSP:C662136,st_struct_pedestal/91538,st_struct_pedestal/93489
ug_route/246459,OSP:BUSP::9510583,mywcom_route_junction/27757,st_struct_pedestal/94302
ug_route/246460,OSP:BUSP::14925364,st_struct_pedestal/91728,st_struct_pedestal/93270
ug_route/246461,OSP:BUSP:C659047,st_struct_pedestal/93797,building/66728
ug_route/246462,OSP:FBSP::8448784,mywcom_route_junction/27444,mywcom_route_junction/28048
ug_route/246463,OSP:BUSP::14296244,st_struct_pedestal/92421,st_struct_pedestal/93949
ug_route/246464,OSP:BUSP:C649040,st_struct_pedestal/90943,st_struct_pedestal/92197
ug_route/246465,OSP:BUSP:C661054,st_struct_pedestal/91976,building/68745
ug_route/246466,OSP:BUSP:C665950,st_struct_pedestal/94029,building/67997
ug_route/246467,OSP:BUSP:C640287,st_struct_pedestal/90999,st_struct_pedestal/93477
ug_route/246468,OSP:BUSP:C665510,st_struct_pedestal/93705,building/67788
ug_route/246469,OSP:BUSP::13453074,mywcom_route_junction/27146,mywcom_route_junction/27501
ug_route/246470,OSP:BUSP::8440458,pole/54532,pole/54241
ug_route/246471,OSP:BUSP:C650960,st_struct_pedestal/92984,building/67712
ug_route/246472,OSP:BUSP:C662204,st_struct_pedestal/90815,building/67663
ug_route/246473,OSP:BUSP::7622219,st_struct_pedestal/91711,building/68535
ug_route/246474,OSP:BUSP:C647232,st_struct_pedestal/94137,building/67418
ug_route/246475,OSP:BUSP:C638801,pole/54141,st_struct_pedestal/92803
ug_route/246476,OSP:BUSP:C654586,st_struct_pedestal/91579,building/67756
ug_route/246477,OSP:BUSP:C655537,st_struct_pedestal/90745,st_struct_pedestal/91740
ug_route/246478,OSP:BUSP:C671090,st_struct_pedestal/92675,st_struct_pedestal/90555
ug_route/246479,OSP:BUSP:C655103,st_struct_pedestal/91027,mywcom_route_junction/28105
ug_route/246480,OSP:BUSP:C671211,st_struct_pedestal/92820,st_struct_pedestal/91352
ug_route/246481,OSP:FORSP:D8183780,mywcom_route_junction/27461,mywcom_route_junction/27140
ug_route/246482,OSP:FBSP:C669112,st_struct_pedestal/90894,mywcom_route_junction/27689
ug_route/246483,OSP:BUSP:C657983,mywcom_route_junction/27591,st_struct_pedestal/91722
ug_route/246484,OSP:FBSP:C667382,st_struct_pedestal/91561,building/67637
ug_route/246485,OSP:BUSP:C659085,mywcom_route_junction/28044,st_struct_pedestal/90884
ug_route/246486,OSP:FBSP:C670053,st_struct_pedestal/91595,building/68237
ug_route/246487,OSP:BUSP::9157575,pole/54491,st_struct_pedestal/90553
ug_route/246488,OSP:BUSP:C662199,st_struct_pedestal/93832,st_struct_pedestal/91655
ug_route/246489,OSP:BUSP:C708385,pole/54035,mywcom_route_junction/27965
ug_route/246490,OSP:BUSP::14457210,st_struct_pedestal/92637,st_struct_pedestal/92451
ug_route/246491,OSP:BUSP:C660173,st_struct_pedestal/93811,building/66341
ug_route/246492,OSP:FORSP::16956649,st_struct_vault/2748,st_struct_vault/2720
ug_route/246493,OSP:FBSP:C662726,pole/54430,mywcom_route_junction/27951
ug_route/246494,OSP:BUSP:C643633,st_struct_pedestal/91026,st_struct_pedestal/94097
ug_route/246495,OSP:BUSP:C656261,st_struct_pedestal/91448,st_struct_pedestal/93992
ug_route/246496,OSP:BUSP:C655552,st_struct_pedestal/90745,st_struct_pedestal/91740
ug_route/246497,OSP:BUSP:C644541,pole/53629,pole/52800
ug_route/246498,OSP:BUSP::7723337,mywcom_route_junction/28199,mywcom_route_junction/28091
ug_route/246499,OSP:FBSP::15968590,st_struct_pedestal/90585,mywcom_route_junction/27214
ug_route/246500,OSP:BUSP::11504008,st_struct_pedestal/90548,st_struct_pedestal/93524
ug_route/246501,OSP:BUSP:C652007,st_struct_pedestal/92154,building/66140
ug_route/246502,OSP:FBSP:C636903,mywcom_route_junction/27564,st_struct_pedestal/90931
ug_route/246503,OSP:BUSP:C642379,pole/52985,pole/54085
ug_route/246504,OSP:BUSP::9465617,st_struct_pedestal/92820,st_struct_pedestal/92176
ug_route/246505,OSP:BUSP::8437617,pole/53060,pole/54547
ug_route/246506,OSP:FORSP::16960901,st_struct_vault/2716,st_struct_pedestal/94295
ug_route/246507,OSP:BUSP::16693374,mywcom_route_junction/27828,st_struct_pedestal/92198
ug_route/246508,OSP:BUSP::12785895,st_struct_pedestal/90627,st_struct_pedestal/91742
ug_route/246509,OSP:FBSP:C656025,pole/52476,building/68333
ug_route/246510,OSP:BUSP:C658581,st_struct_pedestal/92894,st_struct_pedestal/93395
ug_route/246511,OSP:BUSP::14956731,st_struct_pedestal/93832,st_struct_pedestal/91655
ug_route/246512,OSP:FBSP::8572948,st_struct_pedestal/93604,st_struct_pedestal/94207
ug_route/246513,OSP:BUSP:C651807,st_struct_pedestal/90869,building/68705
ug_route/246514,OSP:BUSP::10271230,st_struct_pedestal/91892,st_struct_pedestal/91131
ug_route/246515,OSP:BUSP:C667243,mywcom_route_junction/27855,pole/53276
ug_route/246516,OSP:BUSP::13713877,pole/52476,building/68333
ug_route/246517,OSP:FBSP:C670056,st_struct_pedestal/93710,building/68244
ug_route/246518,OSP:BUSP:C662211,st_struct_pedestal/93087,st_struct_pedestal/92299
ug_route/246519,OSP:BUSP:C663099,pole/53860,st_struct_pedestal/91678
ug_route/246520,OSP:BUSP:C661633,st_struct_pedestal/90807,building/66721
ug_route/246521,OSP:FBSP::13094976,st_struct_pedestal/91474,st_struct_pedestal/93822
ug_route/246522,OSP:FORSP::16956652,st_struct_vault/2720,st_struct_vault/2729
ug_route/246523,OSP:BUSP:C681427,st_struct_pedestal/93793,building/67125
ug_route/246524,OSP:BUSP:C658583,st_struct_pedestal/92894,st_struct_pedestal/93395
ug_route/246525,OSP:FBSP:C654208,st_struct_pedestal/92861,building/67434
ug_route/246526,OSP:BUSP:C653292,st_struct_pedestal/94244,st_struct_pedestal/90698
ug_route/246527,OSP:FBSP::8499682,st_struct_pedestal/91336,building/67948
ug_route/246528,OSP:BUSP::10271232,st_struct_pedestal/91892,st_struct_pedestal/91131
ug_route/246529,OSP:BUSP:C656291,st_struct_pedestal/91448,st_struct_pedestal/93992
ug_route/246530,OSP:BUSP:C652565,st_struct_pedestal/90717,st_struct_pedestal/93034
ug_route/246531,OSP:BUSP::16059132,st_struct_pedestal/92861,building/67434
ug_route/246532,OSP:BUSP::10069947,st_struct_vault/2735,st_struct_pedestal/91722
ug_route/246533,OSP:BUSP:C707665,st_struct_pedestal/93456,mywcom_route_junction/27471
ug_route/246534,OSP:BUSP:C705103,st_struct_pedestal/92386,building/67764
ug_route/246535,OSP:BUSP:C668677,st_struct_pedestal/93885,building/66538
ug_route/246536,OSP:BUSP:C649701,st_struct_pedestal/93596,building/68524
ug_route/246537,OSP:BUSP::8400464,pole/53640,st_struct_pedestal/92000
ug_route/246538,OSP:FBSP:C659922,st_struct_pedestal/91168,building/66349
ug_route/246539,OSP:FBSP:C661333,st_struct_pedestal/91981,building/68763
ug_route/246540,OSP:BUSP:C648533,st_struct_pedestal/91839,pole/52344
ug_route/246541,OSP:BUSP:C707906,st_struct_pedestal/92957,building/67753
ug_route/246542,OSP:BUSP::8437274,pole/52384,pole/53347
ug_route/246543,OSP:BUSP:C643916,st_struct_pedestal/91835,st_struct_pedestal/93386
ug_route/246544,OSP:BUSP:C652850,pole/52252,pole/52349
ug_route/246545,OSP:BUSP:C646137,st_struct_pedestal/94234,building/67283
ug_route/246546,OSP:BUSP:C639427,st_struct_pedestal/93135,st_struct_pedestal/92768
ug_route/246547,OSP:BUSP:C660978,st_struct_pedestal/92665,st_struct_pedestal/90608
ug_route/246548,OSP:BUSP::16681874,st_struct_pedestal/92583,building/66269
ug_route/246549,OSP:BUSP:C643985,st_struct_pedestal/93008,st_struct_pedestal/92611
ug_route/246550,OSP:FBSP::13095316,pole/52321,building/66785
ug_route/246551,OSP:BUSP:C661617,st_struct_pedestal/93536,st_struct_pedestal/90906
ug_route/246552,OSP:BUSP:C643964,st_struct_pedestal/91835,st_struct_pedestal/93008
ug_route/246553,OSP:BUSP:C659636,st_struct_pedestal/92918,building/68480
ug_route/246554,OSP:BUSP:C669158,pole/52629,mywcom_route_junction/27932
ug_route/246555,OSP:BUSP::10415607,st_struct_pedestal/91448,st_struct_pedestal/93992
ug_route/246556,OSP:BUSP:C661068,st_struct_pedestal/91976,st_struct_pedestal/93473
ug_route/246557,OSP:BUSP:C657819,st_struct_pedestal/92438,building/66763
ug_route/246558,OSP:BUSP:C643826,st_struct_pedestal/91835,st_struct_pedestal/93386
ug_route/246559,OSP:BUSP:C669699,mywcom_route_junction/27270,st_struct_pedestal/93594
ug_route/246560,OSP:BUSP:C651702,st_struct_pedestal/93907,building/66610
ug_route/246561,OSP:FBSP:C704957,st_struct_buried_splice_location/3977,mywcom_route_junction/28112
ug_route/246562,OSP:BUSP::15995445,pole/53107,building/67280
ug_route/246563,OSP:BUSP:C643825,st_struct_pedestal/93503,building/66442
ug_route/246564,OSP:FBSP::16865865,st_struct_pedestal/92862,pole/54124
ug_route/246565,OSP:BUSP::8587344,st_struct_pedestal/93937,st_struct_pedestal/92632
ug_route/246566,OSP:BUSP:C668516,st_struct_pedestal/94102,st_struct_pedestal/91491
ug_route/246567,OSP:BUSP::9466872,st_struct_pedestal/92361,st_struct_pedestal/91081
ug_route/246568,OSP:FBSP:C710030,mywcom_route_junction/27369,building/67479
ug_route/246569,OSP:FBSP:C656137,pole/52594,mywcom_route_junction/27129
ug_route/246570,OSP:BUSP:C654477,st_struct_pedestal/94069,st_struct_pedestal/92730
ug_route/246571,OSP:BUSP:C660490,st_struct_pedestal/92937,st_struct_pedestal/93542
ug_route/246572,OSP:BUSP:C659659,st_struct_pedestal/93672,building/66901
ug_route/246573,OSP:BUSP:C708250,st_struct_pedestal/90753,building/68323
ug_route/246574,OSP:BUSP::8061896,st_struct_pedestal/92174,st_struct_pedestal/92450
ug_route/246575,OSP:BUSP:C656642,st_struct_pedestal/93453,building/67284
ug_route/246576,OSP:BUSP:C648060,st_struct_pedestal/91805,building/66982
ug_route/246577,OSP:BUSP:C653579,st_struct_pedestal/92884,building/67979
ug_route/246578,OSP:BUSP:C651998,st_struct_pedestal/94118,building/68292
ug_route/246579,OSP:BUSP:C682187,st_struct_pedestal/90945,building/67373
ug_route/246580,OSP:FBSP:C666365,pole/52886,building/67830
ug_route/246581,OSP:BUSP:C651664,cabinet/2796,st_struct_pedestal/90707
ug_route/246582,OSP:BUSP:C667950,st_struct_pedestal/92430,st_struct_pedestal/93972
ug_route/246583,OSP:BUSP:C656916,st_struct_pedestal/91355,st_struct_pedestal/90926
ug_route/246584,OSP:BUSP:C659657,st_struct_pedestal/93672,building/66901
ug_route/246585,OSP:BUSP:C642304,st_struct_pedestal/93472,building/66148
ug_route/246586,OSP:BUSP:C708350,st_struct_pedestal/94135,building/66918
ug_route/246587,OSP:BUSP::8402708,mywcom_route_junction/27305,mywcom_route_junction/27994
ug_route/246588,OSP:BUSP::15126654,st_struct_pedestal/93972,st_struct_pedestal/92430
ug_route/246589,OSP:BUSP:C646906,st_struct_pedestal/92658,building/68774
ug_route/246590,OSP:BUSP::8384137,mywcom_route_junction/28086,building/66671
ug_route/246591,OSP:BUSP::8499677,st_struct_pedestal/92058,st_struct_pedestal/91278
ug_route/246592,OSP:BUSP:C668679,st_struct_pedestal/93885,building/67577
ug_route/246593,OSP:BUSP:C639457,st_struct_pedestal/93314,st_struct_pedestal/93803
ug_route/246594,OSP:BUSP::8397588,st_struct_pedestal/91769,st_struct_pedestal/92960
ug_route/246595,OSP:BUSP:C667967,st_struct_pedestal/92430,st_struct_pedestal/93972
ug_route/246596,OSP:BUSP:C641611,st_struct_pedestal/93917,building/68392
ug_route/246597,OSP:BUSP:C647167,st_struct_pedestal/93808,building/67642
ug_route/246598,OSP:BUSP::11413654,pole/53296,building/68184
ug_route/246599,OSP:BUSP:C650809,st_struct_pedestal/91440,st_struct_pedestal/92629
ug_route/246600,OSP:BUSP:C654856,st_struct_pedestal/93253,building/67591
ug_route/246601,OSP:BUSP:C658025,st_struct_buried_splice_location/3932,st_struct_pedestal/91047
ug_route/246602,OSP:BUSP::11555062,cabinet/2774,st_struct_pedestal/93937
ug_route/246603,OSP:BUSP::8446855,st_struct_pedestal/91146,st_struct_pedestal/92580
ug_route/246604,OSP:BUSP::10406615,building/67517,building/67690
ug_route/246605,OSP:BUSP::16685410,st_struct_pedestal/90619,building/66098
ug_route/246606,OSP:BUSP:C644026,st_struct_pedestal/92370,st_struct_pedestal/94149
ug_route/246607,OSP:BUSP:C654953,pole/53051,pole/53375
ug_route/246608,OSP:BUSP::11085098,st_struct_pedestal/91325,st_struct_pedestal/93839
ug_route/246609,OSP:FBSP::8572613,pole/53223,mywcom_route_junction/27448
ug_route/246610,OSP:BUSP::8448782,pole/53049,mywcom_route_junction/27977
ug_route/246611,OSP:BUSP:C682017,st_struct_pedestal/92512,building/67908
ug_route/246612,OSP:BUSP:C655391,st_struct_pedestal/92891,building/66524
ug_route/246613,OSP:FBSP::9282390,st_struct_pedestal/92151,building/68709
ug_route/246614,OSP:FORSP::16943301,st_struct_vault/2746,st_struct_vault/2734
ug_route/246615,OSP:BUSP:C650808,st_struct_pedestal/91440,st_struct_pedestal/92629
ug_route/246616,OSP:BUSP:C647283,st_struct_pedestal/92681,building/68647
ug_route/246617,OSP:BUSP:C641467,st_struct_pedestal/94246,building/66550
ug_route/246618,OSP:BUSP:C706886,st_struct_pedestal/91047,st_struct_buried_splice_location/3992
ug_route/246619,OSP:BUSP:C645926,st_struct_pedestal/93438,building/66689
ug_route/246620,OSP:BUSP:C651106,st_struct_pedestal/92289,building/68428
ug_route/246621,OSP:BUSP:C658287,st_struct_pedestal/92403,st_struct_pedestal/90932
ug_route/246622,OSP:BUSP:C642341,st_struct_pedestal/93313,building/67927
ug_route/246623,OSP:BUSP:C643674,st_struct_buried_splice_location/3849,building/66680
ug_route/246624,OSP:BUSP:C655627,st_struct_pedestal/91060,building/66634
ug_route/246625,OSP:BUSP:C642100,pole/54386,pole/52271
ug_route/246626,OSP:BUSP:C658836,st_struct_pedestal/94230,building/68423
ug_route/246627,OSP:BUSP::16829718,building/68230,st_struct_pedestal/91472
ug_route/246628,OSP:BUSP::8397589,st_struct_pedestal/92960,st_struct_pedestal/91769
ug_route/246629,OSP:BUSP:C661664,st_struct_pedestal/94101,st_struct_pedestal/92410
ug_route/246630,OSP:BUSP:C668520,st_struct_pedestal/94102,st_struct_pedestal/91491
ug_route/246631,OSP:BUSP::9548349,pole/53860,st_struct_pedestal/93704
ug_route/246632,OSP:BUSP:C655210,st_struct_pedestal/91658,building/68088
ug_route/246633,OSP:BUSP:C640976,st_struct_pedestal/92951,building/67315
ug_route/246634,OSP:FBSP:C661811,st_struct_pedestal/93177,building/66454
ug_route/246635,OSP:BUSP:C662656,st_struct_pedestal/90792,st_struct_pedestal/94304
ug_route/246636,OSP:BUSP:C641319,st_struct_pedestal/94019,building/67019
ug_route/246637,OSP:BUSP:C666075,st_struct_pedestal/93184,st_struct_pedestal/92362
ug_route/246638,OSP:BUSP:C651720,st_struct_pedestal/92978,pole/52927
ug_route/246639,OSP:BUSP:C648810,st_struct_pedestal/91065,building/68436
ug_route/246640,OSP:BUSP:C640715,st_struct_pedestal/92605,building/66653
ug_route/246641,OSP:FBSP::9846581,st_struct_pedestal/93335,building/68307
ug_route/246642,OSP:BUSP:C647280,st_struct_pedestal/92681,building/66586
ug_route/246643,OSP:BUSP:C652796,st_struct_pedestal/91449,building/68170
ug_route/246644,OSP:BUSP:C660965,st_struct_pedestal/93708,building/66526
ug_route/246645,OSP:BUSP:C645789,st_struct_pedestal/94296,st_struct_pedestal/91524
ug_route/246646,OSP:BUSP:C706063,st_struct_pedestal/93918,st_struct_pedestal/91193
ug_route/246647,OSP:FBSP::12348118,st_struct_pedestal/93873,st_struct_pedestal/91729
ug_route/246648,OSP:BUSP:C651727,st_struct_pedestal/92386,building/68109
ug_route/246649,OSP:BUSP:C660686,st_struct_pedestal/91823,st_struct_pedestal/93647
ug_route/246650,OSP:BUSP::8433751,st_struct_pedestal/92641,pole/54539
ug_route/246651,OSP:BUSP::8586059,pole/52930,st_struct_pedestal/93373
ug_route/246652,OSP:BUSP:C665613,st_struct_pedestal/91562,building/68038
ug_route/246653,OSP:BUSP::8575507,cabinet/2841,mywcom_route_junction/27950
ug_route/246654,OSP:BUSP:C666970,st_struct_pedestal/92780,st_struct_pedestal/93749
ug_route/246655,OSP:BUSP:C654570,st_struct_pedestal/91462,building/68817
ug_route/246656,OSP:FBSP:C670093,mywcom_route_junction/27516,building/67784
ug_route/246657,OSP:BUSP::9401461,pole/52770,pole/53507
ug_route/246658,OSP:BUSP:C665511,st_struct_pedestal/93705,building/68815
ug_route/246659,OSP:BUSP:C671346,st_struct_pedestal/93873,mywcom_route_junction/28184
ug_route/246660,OSP:BUSP:C657475,st_struct_pedestal/93854,building/66867
ug_route/246661,OSP:BUSP:C653487,st_struct_pedestal/91298,building/68222
ug_route/246662,OSP:BUSP:C641769,st_struct_pedestal/92838,building/66150
ug_route/246663,OSP:BUSP:C659761,st_struct_pedestal/91980,st_struct_pedestal/92520
ug_route/246664,OSP:FBSP::8673461,st_struct_pedestal/93584,building/66152
ug_route/246665,OSP:BUSP:C655359,st_struct_pedestal/94243,building/66517
ug_route/246666,OSP:FBSP:C709987,st_struct_pedestal/90737,building/68852
ug_route/246667,OSP:BUSP:C647358,st_struct_buried_splice_location/3982,building/67895
ug_route/246668,OSP:FBSP:C707525,building/67787,mywcom_route_junction/27591
ug_route/246669,OSP:BUSP::8591499,st_struct_pedestal/91853,st_struct_pedestal/90959
ug_route/246670,OSP:BUSP:C651006,st_struct_pedestal/90700,building/66597
ug_route/246671,OSP:BUSP::15118966,pole/54539,st_struct_pedestal/92641
ug_route/246672,OSP:BUSP:C650374,st_struct_buried_splice_location/3953,building/67199
ug_route/246673,OSP:BUSP:C669957,st_struct_pedestal/93478,st_struct_pedestal/91841
ug_route/246674,OSP:BUSP:C655147,st_struct_pedestal/90658,building/67010
ug_route/246675,OSP:BUSP:C660189,st_struct_pedestal/92544,st_struct_pedestal/91787
ug_route/246676,OSP:BUSP:C661089,st_struct_pedestal/91678,st_struct_pedestal/94257
ug_route/246677,OSP:BUSP:C668716,st_struct_pedestal/90619,building/66307
ug_route/246678,OSP:BUSP:C661969,st_struct_pedestal/93965,building/66892
ug_route/246679,OSP:BUSP:C653936,st_struct_pedestal/92244,st_struct_pedestal/91093
ug_route/246680,OSP:BUSP:C653489,st_struct_pedestal/92922,building/67132
ug_route/246681,OSP:BUSP:C655597,mywcom_route_junction/27487,st_struct_pedestal/92959
ug_route/246682,OSP:BUSP:C660453,st_struct_pedestal/93999,mywcom_route_junction/27550
ug_route/246683,OSP:BUSP:C659845,st_struct_pedestal/90604,building/67866
ug_route/246684,OSP:FBSP::8490053,mywcom_route_junction/27278,building/68376
ug_route/246685,OSP:BUSP::9269893,st_struct_pedestal/94325,st_struct_pedestal/93014
ug_route/246686,OSP:BUSP:C656334,st_struct_pedestal/93012,st_struct_buried_splice_location/3860
ug_route/246687,OSP:BUSP:C657100,st_struct_pedestal/94329,building/68258
ug_route/246688,OSP:BUSP:C648532,st_struct_pedestal/92620,building/67235
ug_route/246689,OSP:BUSP:C656493,st_struct_pedestal/92953,building/66500
ug_route/246690,OSP:BUSP:C657821,st_struct_pedestal/94165,building/68073
ug_route/246691,OSP:FBSP:C662683,st_struct_pedestal/91807,building/67629
ug_route/246692,OSP:BUSP:C656341,st_struct_pedestal/92314,st_struct_pedestal/93693
ug_route/246693,OSP:BUSP:C643516,st_struct_pedestal/91844,building/67260
ug_route/246694,OSP:BUSP:C645477,st_struct_pedestal/94325,st_struct_pedestal/93014
ug_route/246695,OSP:BUSP::10137957,building/67248,st_struct_pedestal/93631
ug_route/246696,OSP:BUSP:C653681,st_struct_pedestal/93557,building/68100
ug_route/246697,OSP:BUSP:C670401,st_struct_pedestal/91706,building/68476
ug_route/246698,OSP:BUSP:C655972,mywcom_route_junction/27949,mywcom_route_junction/27522
ug_route/246699,OSP:BUSP:C641595,st_struct_pedestal/92538,building/68579
ug_route/246700,OSP:BUSP:C658778,st_struct_pedestal/91363,building/66192
ug_route/246701,OSP:BUSP:C662479,st_struct_pedestal/92344,st_struct_buried_splice_location/3918
ug_route/246702,OSP:BUSP::8490059,pole/53674,st_struct_pedestal/92709
ug_route/246703,OSP:BUSP:C681690,st_struct_buried_splice_location/3924,building/66687
ug_route/246704,OSP:BUSP:C649702,st_struct_buried_splice_location/3976,st_struct_pedestal/91250
ug_route/246705,OSP:BUSP:C641976,st_struct_pedestal/90833,building/67590
ug_route/246706,OSP:BUSP:C661974,st_struct_pedestal/93770,building/67808
ug_route/246707,OSP:BUSP:C658804,st_struct_pedestal/92148,building/68669
ug_route/246708,OSP:BUSP:C655596,mywcom_route_junction/27487,st_struct_pedestal/92959
ug_route/246709,OSP:BUSP::8403012,st_struct_pedestal/92905,st_struct_pedestal/93716
ug_route/246710,OSP:BUSP:C706055,st_struct_pedestal/93918,st_struct_pedestal/91193
ug_route/246711,OSP:BUSP:C661686,st_struct_pedestal/92191,st_struct_pedestal/91028
ug_route/246712,OSP:BUSP:C642876,st_struct_pedestal/93887,st_struct_pedestal/91928
ug_route/246713,OSP:BUSP:C707125,building/66987,building/68477
ug_route/246714,OSP:BUSP:C655503,st_struct_pedestal/93504,st_struct_pedestal/93558
ug_route/246715,OSP:BUSP:C649711,st_struct_buried_splice_location/3976,st_struct_pedestal/91250
ug_route/246716,OSP:FBSP::14456564,st_struct_pedestal/91077,st_struct_pedestal/93968
ug_route/246717,OSP:BUSP::8590217,st_struct_pedestal/93833,st_struct_pedestal/92924
ug_route/246718,OSP:BUSP:C655533,st_struct_pedestal/93504,st_struct_pedestal/93558
ug_route/246719,OSP:BUSP:C657140,mywcom_route_junction/27199,building/68569
ug_route/246720,OSP:BUSP::16019459,st_struct_pedestal/91722,building/68217
ug_route/246721,OSP:BUSP:C657808,st_struct_pedestal/92702,st_struct_pedestal/90632
ug_route/246722,OSP:BUSP:C656229,pole/54180,st_struct_pedestal/93997
ug_route/246723,OSP:BUSP:C669814,st_struct_pedestal/93282,st_struct_pedestal/91745
ug_route/246724,OSP:BUSP:C655355,st_struct_pedestal/91738,building/67372
ug_route/246725,OSP:FBSP:C662657,st_struct_pedestal/94304,building/67359
ug_route/246726,OSP:BUSP:C654341,st_struct_pedestal/91307,st_struct_pedestal/90562
ug_route/246727,OSP:FBSP::8885253,st_struct_pedestal/91367,st_struct_pedestal/91234
ug_route/246728,OSP:BUSP:C662377,st_struct_buried_splice_location/3915,building/67368
ug_route/246729,OSP:BUSP::9461348,st_struct_pedestal/91497,st_struct_pedestal/91507
ug_route/246730,OSP:BUSP::8439826,cabinet/2769,st_struct_pedestal/91439
ug_route/246731,OSP:BUSP::8439822,pole/52732,pole/54079
ug_route/246732,OSP:BUSP::8603034,mywcom_route_junction/27923,st_struct_pedestal/91521
ug_route/246733,OSP:BUSP:C646458,st_struct_pedestal/93922,st_struct_buried_splice_location/3857
ug_route/246734,OSP:BUSP:C657391,st_struct_pedestal/94109,mywcom_route_junction/28140
ug_route/246735,OSP:BUSP:C708397,mywcom_route_junction/28099,mywcom_route_junction/27648
ug_route/246736,OSP:FBSP:C653414,pole/52894,building/66474
ug_route/246737,OSP:BUSP::15225252,st_struct_pedestal/93448,st_struct_pedestal/92074
ug_route/246738,OSP:BUSP:C650991,st_struct_pedestal/90700,building/67935
ug_route/246739,OSP:BUSP:C711711,st_struct_pedestal/90676,st_struct_pedestal/93574
ug_route/246740,OSP:BUSP::9386743,pole/53051,pole/54081
ug_route/246741,OSP:FBSP::8330092,st_struct_pedestal/92256,st_struct_pedestal/90785
ug_route/246742,OSP:BUSP::10765302,st_struct_pedestal/90770,building/67688
ug_route/246743,OSP:BUSP::9653621,pole/53674,st_struct_pedestal/92633
ug_route/246744,OSP:BUSP::8399819,st_struct_pedestal/91494,st_struct_pedestal/94075
ug_route/246745,OSP:FBSP:C705131,pole/52594,building/67478
ug_route/246746,OSP:BUSP::12785896,st_struct_pedestal/90627,building/66198
ug_route/246747,OSP:BUSP:C682186,st_struct_pedestal/90945,building/68233
ug_route/246748,OSP:FBSP::8345740,st_struct_pedestal/93192,st_struct_pedestal/93286
ug_route/246749,OSP:BUSP:C655485,mywcom_route_junction/27611,st_struct_pedestal/92492
ug_route/246750,OSP:BUSP:C653564,st_struct_pedestal/92835,building/66765
ug_route/246751,OSP:BUSP::8437278,mywcom_route_junction/27538,building/66281
ug_route/246752,OSP:BUSP:C653679,st_struct_pedestal/93943,building/68577
ug_route/246753,OSP:BUSP:C653475,st_struct_pedestal/93015,building/67401
ug_route/246754,OSP:BUSP:C664825,st_struct_pedestal/93852,building/68819
ug_route/246755,OSP:BUSP:C648036,st_struct_buried_splice_location/3997,st_struct_pedestal/93924
ug_route/246756,OSP:FBSP:C708406,building/68364,building/66662
ug_route/246757,OSP:BUSP:C649092,st_struct_pedestal/90623,building/68041
ug_route/246758,OSP:BUSP::10388362,mywcom_route_junction/27340,st_struct_pedestal/90758
ug_route/246759,OSP:BUSP:C669726,st_struct_pedestal/93292,st_struct_pedestal/93594
ug_route/246760,OSP:BUSP:C660168,st_struct_pedestal/90637,building/68412
ug_route/246761,OSP:BUSP:C647460,st_struct_pedestal/92650,building/66560
ug_route/246762,OSP:BUSP:C689256,st_struct_pedestal/93372,building/67041
ug_route/246763,OSP:BUSP::8370710,st_struct_pedestal/91561,st_struct_pedestal/91541
ug_route/246764,OSP:BUSP::7625128,pole/53953,pole/53804
ug_route/246765,OSP:BUSP:C648104,st_struct_buried_splice_location/3964,st_struct_pedestal/93924
ug_route/246766,OSP:BUSP:C681661,st_struct_pedestal/91586,st_struct_pedestal/93308
ug_route/246767,OSP:BUSP:C668718,st_struct_pedestal/90619,building/66307
ug_route/246768,OSP:BUSP:C706062,st_struct_pedestal/92384,building/66731
ug_route/246769,OSP:BUSP::14661684,st_struct_pedestal/90542,building/67250
ug_route/246770,OSP:BUSP:C646136,st_struct_pedestal/94234,building/66697
ug_route/246771,OSP:BUSP:C655357,st_struct_pedestal/94243,building/66667
ug_route/246772,OSP:BUSP::15997686,st_struct_pedestal/91159,mywcom_route_junction/27996
ug_route/246773,OSP:BUSP:C650410,st_struct_pedestal/93683,st_struct_pedestal/91231
ug_route/246774,OSP:BUSP::8434375,st_struct_pedestal/94295,mywcom_route_junction/27179
ug_route/246775,OSP:BUSP::8448778,st_struct_pedestal/91250,mywcom_route_junction/27965
ug_route/246776,OSP:BUSP:C659527,st_struct_pedestal/92522,building/66325
ug_route/246777,OSP:BUSP::9529785,st_struct_pedestal/91331,mywcom_route_junction/27217
ug_route/246778,OSP:BUSP::14561525,st_struct_pedestal/92077,st_struct_pedestal/93891
ug_route/246779,OSP:BUSP:C634120,st_struct_pedestal/93823,mywcom_route_junction/27133
ug_route/246780,OSP:BUSP::8573898,st_struct_pedestal/91507,st_struct_pedestal/90854
ug_route/246781,OSP:BUSP::8448160,mywcom_route_junction/27233,st_struct_pedestal/93823
ug_route/246782,OSP:BUSP:C650969,st_struct_pedestal/90700,building/68350
ug_route/246783,OSP:FBSP::13684428,mywcom_route_junction/27916,st_struct_pedestal/93030
ug_route/246784,OSP:BUSP:C652701,st_struct_pedestal/92886,building/68172
ug_route/246785,OSP:BUSP:C660914,st_struct_pedestal/92014,building/66350
ug_route/246786,OSP:BUSP:C650370,st_struct_pedestal/93269,st_struct_pedestal/91262
ug_route/246787,OSP:BUSP:C665085,st_struct_pedestal/93077,mywcom_route_junction/27705
ug_route/246788,OSP:BUSP:C644453,st_struct_pedestal/92383,building/67720
ug_route/246789,OSP:BUSP:C651394,st_struct_pedestal/93988,building/67481
ug_route/246790,OSP:BUSP:C642165,st_struct_buried_splice_location/3870,st_struct_pedestal/92943
ug_route/246791,OSP:FBSP::13098246,st_struct_pedestal/91138,st_struct_pedestal/91218
ug_route/246792,OSP:BUSP::14258810,building/67579,building/66104
ug_route/246793,OSP:BUSP:C662519,st_struct_pedestal/91213,building/66285
ug_route/246794,OSP:BUSP:C655350,st_struct_pedestal/91738,building/66411
ug_route/246795,OSP:BUSP:C650431,st_struct_pedestal/93269,st_struct_pedestal/91262
ug_route/246796,OSP:BUSP:C656661,st_struct_pedestal/92205,st_struct_buried_splice_location/3927
ug_route/246797,OSP:BUSP:C654351,st_struct_pedestal/90898,st_struct_pedestal/94030
ug_route/246798,OSP:BUSP::12785898,st_struct_pedestal/93076,st_struct_pedestal/91667
ug_route/246799,OSP:BUSP::16685373,mywcom_route_junction/27603,mywcom_route_junction/27780
ug_route/246800,OSP:BUSP:C643611,st_struct_pedestal/92407,st_struct_pedestal/93586
ug_route/246801,OSP:BUSP::8370713,st_struct_pedestal/92758,mywcom_route_junction/27114
ug_route/246802,OSP:FORSP::16962500,st_struct_vault/2769,st_struct_vault/2747
ug_route/246803,OSP:BUSP:C681662,st_struct_pedestal/91586,st_struct_pedestal/93308
ug_route/246804,OSP:BUSP:C639765,st_struct_pedestal/92618,building/68194
ug_route/246805,OSP:BUSP:C711699,st_struct_pedestal/93689,st_struct_pedestal/91092
ug_route/246806,OSP:FBSP::8346070,st_struct_pedestal/93286,st_struct_pedestal/93979
ug_route/246807,OSP:FBSP:C670072,pole/53885,building/68045
ug_route/246808,OSP:BUSP:C648372,st_struct_pedestal/91661,building/67854
ug_route/246809,OSP:BUSP:C645888,st_struct_pedestal/94321,st_struct_pedestal/91959
ug_route/246810,OSP:BUSP:C656511,st_struct_pedestal/91646,building/66739
ug_route/246811,OSP:BUSP:C646552,st_struct_pedestal/92848,building/68180
ug_route/246812,OSP:BUSP:C660105,st_struct_pedestal/91586,building/66368
ug_route/246813,OSP:BUSP:C671340,mywcom_route_junction/28201,mywcom_route_junction/27481
ug_route/246814,OSP:BUSP:C650561,st_struct_buried_splice_location/3917,st_struct_pedestal/93770
ug_route/246815,OSP:BUSP:C708209,mywcom_route_junction/27526,st_struct_pedestal/91508
ug_route/246816,OSP:BUSP:C641433,st_struct_pedestal/90567,st_struct_pedestal/94249
ug_route/246817,OSP:BUSP::15996729,st_struct_pedestal/91934,st_struct_pedestal/91918
ug_route/246818,OSP:BUSP:C651810,st_struct_pedestal/91206,building/67045
ug_route/246819,OSP:BUSP:C659732,st_struct_pedestal/92828,st_struct_pedestal/93423
ug_route/246820,OSP:BUSP:C661327,building/67836,st_struct_pedestal/91981
ug_route/246821,OSP:BUSP::8490060,st_struct_pedestal/92709,st_struct_pedestal/91728
ug_route/246822,OSP:BUSP:C710150,mywcom_route_junction/28062,st_struct_pedestal/92758
ug_route/246823,OSP:FBSP::8575842,mywcom_route_junction/28035,building/68361
ug_route/246824,OSP:BUSP:C665514,st_struct_pedestal/93029,building/67237
ug_route/246825,OSP:BUSP:C656304,st_struct_pedestal/92649,st_struct_pedestal/92760
ug_route/246826,OSP:BUSP::8083332,st_struct_pedestal/92337,st_struct_pedestal/91663
ug_route/246827,OSP:BUSP:C645314,st_struct_pedestal/91412,building/67846
ug_route/246828,OSP:BUSP:C663460,st_struct_pedestal/93920,st_struct_pedestal/93005
ug_route/246829,OSP:BUSP:C657093,st_struct_pedestal/93284,st_struct_pedestal/91925
ug_route/246830,OSP:BUSP:C661733,st_struct_pedestal/93877,building/66499
ug_route/246831,OSP:BUSP:C659745,st_struct_pedestal/92828,st_struct_pedestal/91888
ug_route/246832,OSP:BUSP::8589579,st_struct_pedestal/92127,st_struct_pedestal/93115
ug_route/246833,OSP:BUSP:C708251,st_struct_pedestal/90753,building/66274
ug_route/246834,OSP:BUSP:C642244,st_struct_pedestal/92943,st_struct_buried_splice_location/3910
ug_route/246835,OSP:BUSP::10876660,mywcom_route_junction/27651,st_struct_vault/2718
ug_route/246836,OSP:BUSP:C657471,st_struct_pedestal/93854,building/66384
ug_route/246837,OSP:BUSP:C671225,st_struct_pedestal/92322,st_struct_pedestal/92913
ug_route/246838,OSP:BUSP:C648566,st_struct_pedestal/91122,building/67954
ug_route/246839,OSP:BUSP:C642300,st_struct_pedestal/93472,building/68840
ug_route/246840,OSP:BUSP::9469358,st_struct_pedestal/92322,st_struct_pedestal/92913
ug_route/246841,OSP:BUSP:C647284,st_struct_pedestal/94321,st_struct_pedestal/91959
ug_route/246842,OSP:BUSP:C708282,st_struct_pedestal/92198,st_struct_pedestal/92062
ug_route/246843,OSP:BUSP:C646148,st_struct_pedestal/94077,building/67703
ug_route/246844,OSP:BUSP:C658680,st_struct_pedestal/92759,st_struct_pedestal/93322
ug_route/246845,OSP:BUSP:C648528,st_struct_pedestal/94062,building/67946
ug_route/246846,OSP:FBSP:C662733,st_struct_pedestal/93629,mywcom_route_junction/27996
ug_route/246847,OSP:BUSP::8575837,st_struct_pedestal/93764,mywcom_route_junction/27491
ug_route/246848,OSP:BUSP::8499674,st_struct_pedestal/92913,st_struct_pedestal/92322
ug_route/246849,OSP:BUSP:C705971,mywcom_route_junction/27483,st_struct_buried_splice_location/3970
ug_route/246850,OSP:BUSP::8591507,cabinet/2853,st_struct_pedestal/94283
ug_route/246851,OSP:BUSP:C653388,st_struct_pedestal/94244,st_struct_pedestal/90698
ug_route/246852,OSP:FBSP:C634023,st_struct_pedestal/93618,building/67366
ug_route/246853,OSP:BUSP:C657830,st_struct_pedestal/93160,building/66164
ug_route/246854,OSP:BUSP:C659778,st_struct_pedestal/92828,st_struct_pedestal/91888
ug_route/246855,OSP:FBSP:C650436,st_struct_pedestal/90728,building/68195
ug_route/246856,OSP:BUSP:C662412,st_struct_buried_splice_location/3915,st_struct_pedestal/91194
ug_route/246857,OSP:FBSP:C644496,mywcom_route_junction/27600,st_struct_pedestal/90746
ug_route/246858,OSP:BUSP:C647475,st_struct_buried_splice_location/3961,st_struct_buried_splice_location/3904
ug_route/246859,OSP:BUSP:C653418,pole/52926,pole/53640
ug_route/246860,OSP:BUSP::8365256,st_struct_pedestal/92226,st_struct_pedestal/92019
ug_route/246861,OSP:BUSP:C662277,st_struct_pedestal/93336,st_struct_pedestal/93939
ug_route/246862,OSP:BUSP::9550280,mywcom_route_junction/27531,st_struct_pedestal/93393
ug_route/246863,OSP:BUSP:C689236,st_struct_pedestal/91985,st_struct_pedestal/91712
ug_route/246864,OSP:FBSP::8448162,st_struct_pedestal/93618,building/67366
ug_route/246865,OSP:BUSP:C639180,st_struct_pedestal/93025,building/67814
ug_route/246866,OSP:BUSP:C708394,mywcom_route_junction/27430,mywcom_route_junction/27891
ug_route/246867,OSP:FBSP::11479226,st_struct_pedestal/90593,building/68465
ug_route/246868,OSP:BUSP:C645807,st_struct_pedestal/92155,building/66806
ug_route/246869,OSP:BUSP:C662161,st_struct_pedestal/93832,st_struct_pedestal/92641
ug_route/246870,OSP:BUSP:C659720,mywcom_route_junction/27622,mywcom_route_junction/27100
ug_route/246871,OSP:BUSP:C708059,st_struct_pedestal/93214,building/68848
ug_route/246872,OSP:BUSP:C648996,st_struct_pedestal/91416,building/68645
ug_route/246873,OSP:BUSP:C662547,st_struct_buried_splice_location/3915,st_struct_pedestal/91194
ug_route/246874,OSP:BUSP::8586058,pole/52930,st_struct_pedestal/92083
ug_route/246875,OSP:FBSP:C670012,st_struct_pedestal/92097,building/66216
ug_route/246876,OSP:BUSP:C653680,st_struct_pedestal/93943,st_struct_pedestal/93557
ug_route/246877,OSP:BUSP::8345415,mywcom_route_junction/27098,st_struct_pedestal/90774
ug_route/246878,OSP:BUSP:C646053,st_struct_pedestal/91338,building/67955
ug_route/246879,OSP:BUSP:C657455,st_struct_pedestal/91261,building/66116
ug_route/246880,OSP:BUSP:C642356,st_struct_pedestal/94241,building/66551
ug_route/246881,OSP:BUSP:C658687,st_struct_pedestal/92759,st_struct_pedestal/93322
ug_route/246882,OSP:BUSP:C670505,st_struct_pedestal/90688,building/68256
ug_route/246883,OSP:BUSP:C670399,st_struct_pedestal/92274,building/66110
ug_route/246884,OSP:BUSP::8403013,pole/54510,st_struct_pedestal/92905
ug_route/246885,OSP:BUSP:C669135,pole/53633,st_struct_pedestal/92698
ug_route/246886,OSP:BUSP::16692436,pole/53938,st_struct_pedestal/90743
ug_route/246887,OSP:BUSP:C651392,st_struct_pedestal/93988,building/68606
ug_route/246888,OSP:BUSP::15996086,st_struct_pedestal/92097,building/66216
ug_route/246889,OSP:BUSP:C649716,st_struct_pedestal/93684,st_struct_pedestal/94254
ug_route/246890,OSP:BUSP::8447825,pole/53465,pole/53433
ug_route/246891,OSP:BUSP:C650388,st_struct_pedestal/90728,st_struct_pedestal/92976
ug_route/246892,OSP:BUSP:C648809,st_struct_pedestal/91065,building/68297
ug_route/246893,OSP:BUSP::15824268,st_struct_pedestal/93891,st_struct_pedestal/93508
ug_route/246894,OSP:BUSP:C665150,mywcom_route_junction/27737,mywcom_route_junction/27638
ug_route/246895,OSP:BUSP::8403014,st_struct_pedestal/93716,st_struct_pedestal/90960
ug_route/246896,OSP:BUSP::15126683,pole/54333,st_struct_pedestal/92394
ug_route/246897,OSP:BUSP::9444454,st_struct_pedestal/90626,st_struct_pedestal/92171
ug_route/246898,OSP:BUSP:C641445,st_struct_pedestal/94249,building/67889
ug_route/246899,OSP:BUSP::10456565,st_struct_pedestal/93335,st_struct_pedestal/93617
ug_route/246900,OSP:FBSP::8499669,st_struct_pedestal/90780,building/66865
ug_route/246901,OSP:BUSP:C648589,st_struct_pedestal/93227,building/67013
ug_route/246902,OSP:BUSP:C650434,st_struct_pedestal/90728,st_struct_pedestal/92976
ug_route/246903,OSP:BUSP::8447499,st_struct_pedestal/92580,st_struct_pedestal/91169
ug_route/246904,OSP:BUSP:C659525,mywcom_route_junction/27581,mywcom_route_junction/27512
ug_route/246905,OSP:BUSP:C654484,st_struct_pedestal/92730,building/67233
ug_route/246906,OSP:BUSP:C639681,st_struct_pedestal/92423,building/67176
ug_route/246907,OSP:FBSP::8415815,mywcom_route_junction/28084,mywcom_route_junction/27347
ug_route/246908,OSP:BUSP::15996422,st_struct_pedestal/93002,mywcom_route_junction/28113
ug_route/246909,OSP:BUSP::15006009,mywcom_route_junction/28038,mywcom_route_junction/27168
ug_route/246910,OSP:BUSP:C656620,st_struct_pedestal/91631,building/67310
ug_route/246911,OSP:BUSP:C707871,mywcom_route_junction/27881,mywcom_route_junction/28178
ug_route/246912,OSP:BUSP:C641234,st_struct_pedestal/93548,st_struct_buried_splice_location/3962
ug_route/246913,OSP:BUSP::15769206,st_struct_pedestal/93779,st_struct_pedestal/90652
ug_route/246914,OSP:BUSP:C710750,st_struct_pedestal/91819,st_struct_pedestal/90968
ug_route/246915,OSP:BUSP:C645741,st_struct_pedestal/92240,building/66633
ug_route/246916,OSP:BUSP::8439812,pole/54547,cabinet/2770
ug_route/246917,OSP:BUSP:C661615,st_struct_pedestal/93136,building/68694
ug_route/246918,OSP:BUSP:C655382,st_struct_pedestal/90686,building/66166
ug_route/246919,OSP:BUSP:C647257,st_struct_pedestal/94137,building/67781
ug_route/246920,OSP:BUSP:C668377,st_struct_pedestal/90960,st_struct_pedestal/93716
ug_route/246921,OSP:BUSP:C656523,mywcom_route_junction/28194,st_struct_pedestal/94112
ug_route/246922,OSP:BUSP:C660575,st_struct_pedestal/91683,building/66502
ug_route/246923,OSP:BUSP:C660623,st_struct_pedestal/91795,st_struct_pedestal/90873
ug_route/246924,OSP:BUSP::8403018,st_struct_pedestal/93233,st_struct_pedestal/93698
ug_route/246925,OSP:BUSP:C660174,st_struct_pedestal/93811,building/67193
ug_route/246926,OSP:BUSP:C666037,st_struct_pedestal/93243,st_struct_pedestal/91182
ug_route/246927,OSP:BUSP::15978486,pole/53034,building/68122
ug_route/246928,OSP:BUSP:C646946,st_struct_pedestal/90935,st_struct_pedestal/93086
ug_route/246929,OSP:BUSP:C652015,st_struct_pedestal/91520,building/66429
ug_route/246930,OSP:BUSP:C658805,st_struct_pedestal/92148,building/66890
ug_route/246931,OSP:BUSP::9157578,st_struct_pedestal/91829,pole/53046
ug_route/246932,OSP:BUSP:C647282,st_struct_pedestal/92681,st_struct_pedestal/93923
ug_route/246933,OSP:BUSP::15006019,st_struct_pedestal/94272,st_struct_pedestal/93639
ug_route/246934,OSP:BUSP:C660320,st_struct_pedestal/91551,st_struct_pedestal/91431
ug_route/246935,OSP:BUSP:C659531,mywcom_route_junction/27254,mywcom_route_junction/27256
ug_route/246936,OSP:BUSP:C668676,st_struct_pedestal/93885,building/68544
ug_route/246937,OSP:FBSP:C652867,pole/52764,building/68372
ug_route/246938,OSP:BUSP::15996093,st_struct_pedestal/93219,st_struct_pedestal/91252
ug_route/246939,OSP:BUSP:C648799,st_struct_pedestal/90752,building/67620
ug_route/246940,OSP:BUSP:C640313,st_struct_pedestal/93547,st_struct_pedestal/94282
ug_route/246941,OSP:BUSP:C648062,st_struct_pedestal/91805,building/68236
ug_route/246942,OSP:BUSP::10275412,st_struct_pedestal/91565,building/68063
ug_route/246943,OSP:BUSP:C641738,st_struct_pedestal/91778,building/66784
ug_route/246944,OSP:BUSP:C655207,st_struct_pedestal/94127,building/67925
ug_route/246945,OSP:BUSP::10768198,st_struct_pedestal/92747,building/66772
ug_route/246946,OSP:FBSP::8382858,st_struct_pedestal/94003,st_struct_pedestal/93404
ug_route/246947,OSP:BUSP:C644182,st_struct_pedestal/91319,st_struct_pedestal/90759
ug_route/246948,OSP:BUSP::11479223,st_struct_pedestal/91625,st_struct_buried_splice_location/3912
ug_route/246949,OSP:BUSP:C640756,st_struct_pedestal/92039,building/67152
ug_route/246950,OSP:BUSP:C660154,st_struct_pedestal/93629,st_struct_pedestal/91995
ug_route/246951,OSP:BUSP::8399817,st_struct_pedestal/93763,st_struct_pedestal/91168
ug_route/246952,OSP:BUSP:C665627,st_struct_pedestal/90850,building/67430
ug_route/246953,OSP:FORSP::16958669,st_struct_vault/2771,pole/54420
ug_route/246954,OSP:BUSP:C649758,st_struct_pedestal/91715,building/67405
ug_route/246955,OSP:BUSP::10720524,st_struct_pedestal/91001,mywcom_route_junction/27105
ug_route/246956,OSP:BUSP:C641442,st_struct_pedestal/94106,building/67270
ug_route/246957,OSP:FBSP:C667253,mywcom_route_junction/27785,building/68027
ug_route/246958,OSP:BUSP:C659781,st_struct_pedestal/91888,st_struct_pedestal/90743
ug_route/246959,OSP:FBSP::11678871,st_struct_pedestal/91423,building/68237
ug_route/246960,OSP:BUSP:C657474,st_struct_pedestal/92697,st_struct_pedestal/92880
ug_route/246961,OSP:BUSP:C659768,st_struct_pedestal/93394,st_struct_pedestal/92385
ug_route/246962,OSP:BUSP:C640324,st_struct_pedestal/93547,st_struct_pedestal/94282
ug_route/246963,OSP:BUSP:C670023,st_struct_buried_splice_location/3922,building/67099
ug_route/246964,OSP:BUSP::8383514,mywcom_route_junction/28195,building/66799
ug_route/246965,OSP:BUSP::16079944,mywcom_route_junction/28154,st_struct_pedestal/90801
ug_route/246966,OSP:BUSP::17032933,st_struct_pedestal/92699,st_struct_pedestal/91927
ug_route/246967,OSP:BUSP:C651414,cabinet/2796,st_struct_pedestal/93273
ug_route/246968,OSP:BUSP::13598964,st_struct_pedestal/90627,mywcom_route_junction/28180
ug_route/246969,OSP:BUSP:C656338,st_struct_pedestal/92314,st_struct_pedestal/93693
ug_route/246970,OSP:BUSP:C659803,st_struct_pedestal/93394,st_struct_pedestal/92385
ug_route/246971,OSP:BUSP::12029114,mywcom_route_junction/27534,mywcom_route_junction/27502
ug_route/246972,OSP:BUSP:C656570,st_struct_pedestal/91219,building/68779
ug_route/246973,OSP:BUSP::9519888,st_struct_pedestal/93404,st_struct_pedestal/93142
ug_route/246974,OSP:BUSP:C657841,pole/53592,mywcom_route_junction/27680
ug_route/246975,OSP:BUSP:C661112,st_struct_buried_splice_location/3991,st_struct_pedestal/91537
ug_route/246976,OSP:BUSP::8382229,st_struct_pedestal/92235,st_struct_pedestal/93637
ug_route/246977,OSP:BUSP::8399818,st_struct_pedestal/91168,st_struct_pedestal/91494
ug_route/246978,OSP:BUSP:C650367,st_struct_pedestal/92043,building/68813
ug_route/246979,OSP:BUSP:C658779,st_struct_pedestal/91363,building/66849
ug_route/246980,OSP:BUSP:C646984,st_struct_pedestal/90935,st_struct_pedestal/93086
ug_route/246981,OSP:BUSP:C659763,st_struct_pedestal/91888,st_struct_pedestal/90743
ug_route/246982,OSP:FBSP:C659873,st_struct_pedestal/92814,building/66198
ug_route/246983,OSP:BUSP:C670271,st_struct_pedestal/93598,st_struct_pedestal/91313
ug_route/246984,OSP:BUSP:C666340,st_struct_pedestal/92083,st_struct_pedestal/93884
ug_route/246985,OSP:BUSP::8446857,st_struct_pedestal/92580,st_struct_pedestal/93290
ug_route/246986,OSP:FBSP:C644417,mywcom_route_junction/28122,st_struct_pedestal/91943
ug_route/246987,OSP:BUSP:C647265,st_struct_pedestal/94137,building/66919
ug_route/246988,OSP:BUSP:C660961,st_struct_pedestal/92517,building/66723
ug_route/246989,OSP:BUSP:C654503,st_struct_pedestal/93203,building/68856
ug_route/246990,OSP:BUSP:C655593,st_struct_pedestal/92607,st_struct_pedestal/92031
ug_route/246991,OSP:BUSP:C659806,st_struct_pedestal/93394,st_struct_pedestal/92385
ug_route/246992,OSP:BUSP::11085974,st_struct_pedestal/91939,st_struct_pedestal/93282
ug_route/246993,OSP:BUSP::9466472,pole/53592,mywcom_route_junction/27747
ug_route/246994,OSP:FORSP::16947460,st_struct_vault/2725,st_struct_vault/2728
ug_route/246995,OSP:BUSP:C708119,st_struct_pedestal/93039,st_struct_pedestal/91523
ug_route/246996,OSP:BUSP:C650347,st_struct_pedestal/92744,building/66417
ug_route/246997,OSP:BUSP:C652985,pole/52846,st_struct_pedestal/92566
ug_route/246998,OSP:FBSP:C660401,st_struct_buried_splice_location/3897,building/67445
ug_route/246999,OSP:BUSP:C644247,st_struct_pedestal/91525,building/66111
ug_route/247000,OSP:FBSP:C658535,st_struct_buried_splice_location/3883,building/68385
ug_route/247001,OSP:BUSP:C653171,st_struct_pedestal/91149,building/67067
ug_route/247002,OSP:BUSP:C658816,st_struct_pedestal/94011,building/68603
ug_route/247003,OSP:BUSP:C647218,st_struct_pedestal/92681,st_struct_pedestal/93923
ug_route/247004,OSP:BUSP::14561524,st_struct_pedestal/92451,st_struct_pedestal/92077
ug_route/247005,OSP:BUSP:C665786,mywcom_route_junction/27474,mywcom_route_junction/27468
ug_route/247006,OSP:FBSP::14573684,st_struct_pedestal/90663,pole/54267
ug_route/247007,OSP:BUSP:C647164,st_struct_pedestal/91111,st_struct_pedestal/92026
ug_route/247008,OSP:FBSP:C653544,pole/52894,building/68783
ug_route/247009,OSP:BUSP:C705973,st_struct_pedestal/92440,building/66239
ug_route/247010,OSP:FBSP::11682166,st_struct_pedestal/91138,building/67366
ug_route/247011,OSP:BUSP::15996733,st_struct_pedestal/94046,st_struct_pedestal/91159
ug_route/247012,OSP:BUSP:C659284,st_struct_pedestal/92032,st_struct_pedestal/91814
ug_route/247013,OSP:BUSP::12405684,st_struct_pedestal/92174,st_struct_pedestal/94094
ug_route/247014,OSP:BUSP:C654547,st_struct_pedestal/93475,st_struct_pedestal/92985
ug_route/247015,OSP:BUSP:C670404,st_struct_pedestal/92309,building/67375
ug_route/247016,OSP:BUSP:C705966,st_struct_pedestal/91238,st_struct_buried_splice_location/3995
ug_route/247017,OSP:BUSP:C659822,st_struct_pedestal/92318,st_struct_pedestal/91888
ug_route/247018,OSP:BUSP:C657533,st_struct_pedestal/94109,st_struct_pedestal/90881
ug_route/247019,OSP:BUSP:C707862,st_struct_pedestal/91692,mywcom_route_junction/27815
ug_route/247020,OSP:FBSP::8435657,st_struct_pedestal/90839,mywcom_route_junction/27247
ug_route/247021,OSP:BUSP:C660114,st_struct_pedestal/91975,mywcom_route_junction/28008
ug_route/247022,OSP:BUSP::8364613,st_struct_pedestal/91078,st_struct_pedestal/91099
ug_route/247023,OSP:FBSP::15352917,st_struct_pedestal/91998,building/68142
ug_route/247024,OSP:BUSP:C660118,st_struct_pedestal/94200,building/67735
ug_route/247025,OSP:BUSP:C656561,st_struct_pedestal/93131,building/67922
ug_route/247026,OSP:BUSP::16017215,st_struct_pedestal/91325,building/68027
ug_route/247027,OSP:BUSP::15982973,pole/52894,building/68783
ug_route/247028,OSP:FBSP:C661279,mywcom_route_junction/27222,building/67137
ug_route/247029,OSP:FBSP:C709980,st_struct_buried_splice_location/3893,building/67915
ug_route/247030,OSP:BUSP::9532671,st_struct_pedestal/90746,mywcom_route_junction/27218
ug_route/247031,OSP:BUSP:C658790,st_struct_pedestal/90814,building/67748
ug_route/247032,OSP:BUSP:C658181,st_struct_pedestal/93772,building/68473
ug_route/247033,OSP:BUSP:C639822,st_struct_pedestal/93127,building/68757
ug_route/247034,OSP:FBSP:C654276,building/68722,mywcom_route_junction/27629
ug_route/247035,OSP:BUSP:C667179,st_struct_pedestal/92083,st_struct_pedestal/93884
ug_route/247036,OSP:BUSP:C641324,st_struct_pedestal/94019,building/68580
ug_route/247037,OSP:BUSP::9450750,st_struct_pedestal/93325,st_struct_pedestal/91072
ug_route/247038,OSP:BUSP:C647270,st_struct_pedestal/93565,building/66664
ug_route/247039,OSP:FBSP:C654278,mywcom_route_junction/27598,building/68722
ug_route/247040,OSP:BUSP:C656762,st_struct_pedestal/91773,building/68080
ug_route/247041,OSP:BUSP:C655171,st_struct_pedestal/93815,building/68049
ug_route/247042,OSP:BUSP:C647449,st_struct_pedestal/94281,building/68561
ug_route/247043,OSP:BUSP:C659217,st_struct_pedestal/94020,building/67025
ug_route/247044,OSP:BUSP:C649733,st_struct_pedestal/92405,building/67259
ug_route/247045,OSP:BUSP:C665096,mywcom_route_junction/27705,mywcom_route_junction/27267
ug_route/247046,OSP:FBSP:C634118,mywcom_route_junction/27233,building/68149
ug_route/247047,OSP:BUSP:C655383,st_struct_pedestal/94243,building/66205
ug_route/247048,OSP:BUSP:C681745,st_struct_pedestal/92363,building/68284
ug_route/247049,OSP:FBSP:C652853,pole/53943,building/66591
ug_route/247050,OSP:BUSP:C656737,st_struct_pedestal/92603,st_struct_pedestal/93672
ug_route/247051,OSP:BUSP:C656892,st_struct_pedestal/94196,building/68551
ug_route/247052,OSP:BUSP:C671197,st_struct_pedestal/91507,st_struct_buried_splice_location/3955
ug_route/247053,OSP:BUSP:C645852,st_struct_pedestal/91476,building/68646
ug_route/247054,OSP:BUSP::7622216,st_struct_pedestal/91562,building/68021
ug_route/247055,OSP:BUSP:C655492,st_struct_pedestal/90983,st_struct_pedestal/91873
ug_route/247056,OSP:BUSP:C661040,st_struct_pedestal/93393,st_struct_pedestal/92125
ug_route/247057,OSP:BUSP:C648553,st_struct_pedestal/94320,building/67976
ug_route/247058,OSP:BUSP::15126673,pole/54510,mywcom_route_junction/27366
ug_route/247059,OSP:BUSP:C659295,st_struct_pedestal/91814,st_struct_pedestal/92032
ug_route/247060,OSP:BUSP::10069941,st_struct_pedestal/90773,mywcom_route_junction/27153
ug_route/247061,OSP:BUSP:C645843,st_struct_pedestal/92734,st_struct_pedestal/93802
ug_route/247062,OSP:BUSP::13026234,st_struct_pedestal/93820,building/68394
ug_route/247063,OSP:BUSP:C670061,st_struct_pedestal/91595,st_struct_pedestal/93002
ug_route/247064,OSP:BUSP:C639682,st_struct_pedestal/92423,building/66317
ug_route/247065,OSP:BUSP:C648588,st_struct_pedestal/93227,building/66818
ug_route/247066,OSP:BUSP:C657531,st_struct_pedestal/90881,st_struct_pedestal/94109
ug_route/247067,OSP:BUSP:C655523,st_struct_pedestal/90983,st_struct_pedestal/91873
ug_route/247068,OSP:FBSP::13060342,st_struct_pedestal/91082,st_struct_pedestal/94120
ug_route/247069,OSP:BUSP:C656849,mywcom_route_junction/27451,mywcom_route_junction/27365
ug_route/247070,OSP:BUSP:C650870,st_struct_pedestal/92984,st_struct_pedestal/90700
ug_route/247071,OSP:BUSP:C661731,st_struct_pedestal/92962,building/66702
ug_route/247072,OSP:BUSP:C642101,st_struct_pedestal/93726,building/67656
ug_route/247073,OSP:BUSP:C644124,st_struct_buried_splice_location/3914,st_struct_pedestal/94152
ug_route/247074,OSP:BUSP:C661192,st_struct_pedestal/92339,building/67074
ug_route/247075,OSP:BUSP:C641653,st_struct_pedestal/92064,st_struct_pedestal/93913
ug_route/247076,OSP:BUSP:C657850,st_struct_pedestal/93028,st_struct_pedestal/93469
ug_route/247077,OSP:BUSP:C707785,st_struct_pedestal/92989,st_struct_pedestal/91462
ug_route/247078,OSP:BUSP::16730568,mywcom_route_junction/28124,st_struct_pedestal/91491
ug_route/247079,OSP:BUSP:C640908,st_struct_pedestal/94068,building/68752
ug_route/247080,OSP:BUSP::9469359,st_struct_pedestal/92913,st_struct_pedestal/90996
ug_route/247081,OSP:BUSP:C650348,st_struct_pedestal/92744,building/68378
ug_route/247082,OSP:BUSP:C655270,st_struct_pedestal/94103,st_struct_pedestal/93994
ug_route/247083,OSP:BUSP::8533586,st_struct_pedestal/90994,st_struct_pedestal/92507
ug_route/247084,OSP:BUSP:C671247,st_struct_pedestal/92913,st_struct_pedestal/90996
ug_route/247085,OSP:BUSP::8726878,st_struct_pedestal/93082,building/66604
ug_route/247086,OSP:BUSP:C661034,st_struct_pedestal/91614,st_struct_pedestal/91921
ug_route/247087,OSP:BUSP:C681320,st_struct_pedestal/92110,building/67902
ug_route/247088,OSP:BUSP:C660807,st_struct_pedestal/94148,st_struct_pedestal/94291
ug_route/247089,OSP:BUSP:C660516,st_struct_pedestal/91704,st_struct_pedestal/92178
ug_route/247090,OSP:BUSP:C708338,st_struct_pedestal/91823,building/68120
ug_route/247091,OSP:BUSP:C654635,st_struct_pedestal/94259,building/67666
ug_route/247092,OSP:BUSP:C655463,mywcom_route_junction/27295,mywcom_route_junction/27281
ug_route/247093,OSP:BUSP:C642013,st_struct_pedestal/90927,building/66196
ug_route/247094,OSP:BUSP:C665957,st_struct_pedestal/92732,building/68163
ug_route/247095,OSP:BUSP:C648255,st_struct_pedestal/93100,building/66820
ug_route/247096,OSP:BUSP:C682027,st_struct_pedestal/90791,building/68404
ug_route/247097,OSP:BUSP:C667674,st_struct_pedestal/92074,st_struct_pedestal/92397
ug_route/247098,OSP:BUSP::15996090,st_struct_pedestal/92429,building/68244
ug_route/247099,OSP:BUSP:C663438,st_struct_pedestal/93216,st_struct_pedestal/92847
ug_route/247100,OSP:BUSP:C711692,st_struct_pedestal/90928,st_struct_pedestal/93931
ug_route/247101,OSP:BUSP:C650928,st_struct_pedestal/92984,st_struct_pedestal/90700
ug_route/247102,OSP:BUSP:C655478,st_struct_pedestal/90942,mywcom_route_junction/27165
ug_route/247103,OSP:BUSP:C659656,st_struct_pedestal/92603,st_struct_pedestal/93672
ug_route/247104,OSP:BUSP::8533587,st_struct_pedestal/92507,st_struct_pedestal/93106
ug_route/247105,OSP:BUSP:C689228,st_struct_pedestal/93753,st_struct_pedestal/90809
ug_route/247106,OSP:BUSP:C643673,st_struct_pedestal/92124,st_struct_buried_splice_location/3849
ug_route/247107,OSP:BUSP:C663470,st_struct_pedestal/93216,st_struct_pedestal/92847
ug_route/247108,OSP:BUSP:C708112,st_struct_pedestal/93367,st_struct_pedestal/93809
ug_route/247109,OSP:BUSP:C647173,st_struct_pedestal/91111,building/67795
ug_route/247110,OSP:BUSP:C660969,st_struct_pedestal/93708,building/67483
ug_route/247111,OSP:BUSP:C662241,st_struct_pedestal/93367,st_struct_pedestal/93809
ug_route/247112,OSP:BUSP:C651797,mywcom_route_junction/27741,mywcom_route_junction/28164
ug_route/247113,OSP:BUSP:C655170,st_struct_pedestal/93815,building/67164
ug_route/247114,OSP:FBSP:C710755,st_struct_pedestal/90968,building/67001
ug_route/247115,OSP:BUSP:C660977,st_struct_pedestal/93848,building/67211
ug_route/247116,OSP:BUSP:C665724,st_struct_pedestal/92497,building/66755
ug_route/247117,OSP:BUSP:C707416,st_struct_pedestal/92071,building/66593
ug_route/247118,OSP:BUSP:C661795,mywcom_route_junction/27326,st_struct_pedestal/90895
ug_route/247119,OSP:BUSP::8491015,st_struct_pedestal/94323,st_struct_pedestal/91603
ug_route/247120,OSP:BUSP:C646953,st_struct_pedestal/92875,st_struct_pedestal/92881
ug_route/247121,OSP:BUSP:C654791,st_struct_pedestal/91315,building/68263
ug_route/247122,OSP:FBSP:C668554,st_struct_pedestal/91511,building/66283
ug_route/247123,OSP:BUSP:C646438,st_struct_pedestal/93959,st_struct_pedestal/93564
ug_route/247124,OSP:BUSP:C648991,st_struct_buried_splice_location/3854,st_struct_buried_splice_location/3866
ug_route/247125,OSP:BUSP:C661970,st_struct_pedestal/93965,building/66922
ug_route/247126,OSP:BUSP:C658303,st_struct_pedestal/94133,building/68506
ug_route/247127,OSP:BUSP:C669480,st_struct_pedestal/93461,st_struct_pedestal/93938
ug_route/247128,OSP:BUSP:C654350,st_struct_pedestal/91307,st_struct_pedestal/90898
ug_route/247129,OSP:BUSP::11479221,st_struct_pedestal/90593,st_struct_pedestal/93965
ug_route/247130,OSP:BUSP:C657463,st_struct_pedestal/93854,building/66408
ug_route/247131,OSP:BUSP::8446858,st_struct_pedestal/93290,st_struct_pedestal/91394
ug_route/247132,OSP:BUSP::14457218,st_struct_pedestal/93962,st_struct_pedestal/91077
ug_route/247133,OSP:BUSP:C668524,st_struct_pedestal/91491,st_struct_pedestal/91424
ug_route/247134,OSP:BUSP::15126674,st_struct_pedestal/91424,st_struct_pedestal/91491
ug_route/247135,OSP:FBSP::15416261,st_struct_pedestal/92336,st_struct_pedestal/93132
ug_route/247136,OSP:BUSP:C659695,st_struct_pedestal/91782,building/67532
ug_route/247137,OSP:BUSP:C681691,st_struct_pedestal/94314,building/67845
ug_route/247138,OSP:BUSP:C668527,st_struct_pedestal/91491,st_struct_pedestal/91424
ug_route/247139,OSP:BUSP:C647423,st_struct_pedestal/90909,building/67005
ug_route/247140,OSP:BUSP:C645189,st_struct_pedestal/94190,building/67381
ug_route/247141,OSP:BUSP:C661101,st_struct_buried_splice_location/3909,st_struct_pedestal/91537
ug_route/247142,OSP:BUSP:C660932,st_struct_pedestal/92131,building/67975
ug_route/247143,OSP:BUSP:C667685,st_struct_pedestal/92705,building/66967
ug_route/247144,OSP:BUSP:C669154,st_struct_pedestal/91455,building/67222
ug_route/247145,OSP:BUSP:C643602,st_struct_pedestal/92407,st_struct_pedestal/91199
ug_route/247146,OSP:BUSP:C651204,st_struct_pedestal/91780,building/67929
ug_route/247147,OSP:BUSP:C641882,st_struct_pedestal/90572,building/66521
ug_route/247148,OSP:BUSP:C653770,mywcom_route_junction/27556,mywcom_route_junction/28200
ug_route/247149,OSP:BUSP:C642102,st_struct_pedestal/93726,building/66514
ug_route/247150,OSP:BUSP:C645186,st_struct_pedestal/94190,building/66582
ug_route/247151,OSP:BUSP:C643853,st_struct_pedestal/91835,st_struct_pedestal/92991
ug_route/247152,OSP:BUSP:C668528,st_struct_pedestal/91491,st_struct_pedestal/91424
ug_route/247153,OSP:BUSP:C656051,st_struct_pedestal/92652,building/66319
ug_route/247154,OSP:BUSP:C671203,st_struct_pedestal/91552,st_struct_pedestal/90765
ug_route/247155,OSP:BUSP:C657065,pole/52502,st_struct_pedestal/90725
ug_route/247156,OSP:BUSP:C689230,st_struct_pedestal/92931,st_struct_pedestal/90984
ug_route/247157,OSP:FBSP::8576456,pole/54180,st_struct_pedestal/93997
ug_route/247158,OSP:BUSP:C708228,st_struct_pedestal/91182,st_struct_pedestal/92826
ug_route/247159,OSP:BUSP:C658456,st_struct_pedestal/92260,building/67118
ug_route/247160,OSP:BUSP:C641199,st_struct_pedestal/92237,building/67123
ug_route/247161,OSP:FBSP:C661047,st_struct_pedestal/91614,building/67820
ug_route/247162,OSP:BUSP:C649849,cabinet/2853,st_struct_pedestal/92355
ug_route/247163,OSP:BUSP:C643644,st_struct_pedestal/92407,st_struct_pedestal/91199
ug_route/247164,OSP:BUSP:C671210,st_struct_pedestal/91552,st_struct_pedestal/90765
ug_route/247165,OSP:BUSP:C705155,st_struct_pedestal/91414,st_struct_buried_splice_location/3986
ug_route/247166,OSP:BUSP:C655224,st_struct_pedestal/92865,building/66147
ug_route/247167,OSP:FORSP:C645998,st_struct_vault/2722,st_struct_vault/2761
ug_route/247168,OSP:BUSP:C641793,st_struct_pedestal/93211,building/68316
ug_route/247169,OSP:BUSP:C639055,st_struct_pedestal/92382,building/67097
ug_route/247170,OSP:BUSP:C681961,st_struct_pedestal/91119,building/66669
ug_route/247171,OSP:BUSP::16785896,st_struct_pedestal/91340,st_struct_pedestal/92592
ug_route/247172,OSP:FBSP:C644297,st_struct_pedestal/93762,st_struct_pedestal/91485
ug_route/247173,OSP:BUSP:D8183349,st_struct_pedestal/91491,st_struct_pedestal/91424
ug_route/247174,OSP:BUSP:C662247,st_struct_pedestal/91058,building/68074
ug_route/247175,OSP:BUSP:C661632,st_struct_pedestal/91684,st_struct_pedestal/90807
ug_route/247176,OSP:BUSP::14457205,cabinet/2786,st_struct_pedestal/93448
ug_route/247177,OSP:BUSP:C708147,st_struct_pedestal/91823,st_struct_pedestal/93536
ug_route/247178,OSP:BUSP:C708148,st_struct_pedestal/91823,st_struct_pedestal/93536
ug_route/247179,OSP:BUSP:C654801,st_struct_pedestal/91727,st_struct_pedestal/91607
ug_route/247180,OSP:BUSP:C659641,st_struct_pedestal/91064,st_struct_pedestal/91056
ug_route/247181,OSP:BUSP:C641299,st_struct_pedestal/93755,st_struct_pedestal/91849
ug_route/247182,OSP:FBSP:C660004,st_struct_pedestal/90585,building/67195
ug_route/247183,OSP:FBSP:C660046,st_struct_pedestal/92853,mywcom_route_junction/28173
ug_route/247184,OSP:BUSP::9008800,st_struct_pedestal/93625,st_struct_pedestal/93903
ug_route/247185,OSP:BUSP:C650930,st_struct_pedestal/92386,building/66990
ug_route/247186,OSP:BUSP:C658301,st_struct_pedestal/90932,st_struct_pedestal/94133
ug_route/247187,OSP:BUSP:C655466,st_struct_pedestal/91052,building/67786
ug_route/247188,OSP:BUSP:C708336,st_struct_pedestal/91652,st_struct_pedestal/94135
ug_route/247189,OSP:BUSP::15996424,st_struct_pedestal/93961,building/67167
ug_route/247190,OSP:BUSP:C663471,st_struct_pedestal/92847,st_struct_pedestal/92277
ug_route/247191,OSP:BUSP:C665771,mywcom_route_junction/27127,mywcom_route_junction/27843
ug_route/247192,OSP:BUSP:C708359,st_struct_pedestal/91532,building/66559
ug_route/247193,OSP:BUSP:C641673,pole/53870,mywcom_route_junction/28060
ug_route/247194,OSP:BUSP:C671202,st_struct_pedestal/91552,st_struct_pedestal/91382
ug_route/247195,OSP:FORSP::16949396,mywcom_route_junction/27479,st_struct_vault/2727
ug_route/247196,OSP:FBSP:C707129,st_struct_pedestal/92579,mywcom_route_junction/27568
ug_route/247197,OSP:BUSP:C649884,st_struct_pedestal/92297,st_struct_pedestal/94153
ug_route/247198,OSP:BUSP:C658585,st_struct_pedestal/92894,mywcom_route_junction/27162
ug_route/247199,OSP:BUSP:C656434,st_struct_pedestal/92606,building/66635
ug_route/247200,OSP:BUSP::9339704,st_struct_pedestal/91769,st_struct_pedestal/92458
ug_route/247201,OSP:BUSP:C671091,st_struct_pedestal/90723,st_struct_pedestal/91726
ug_route/247202,OSP:BUSP::11497812,st_struct_pedestal/91120,st_struct_pedestal/91423
ug_route/247203,OSP:BUSP:C641547,st_struct_pedestal/91202,building/67956
ug_route/247204,OSP:FBSP::8586393,pole/53782,building/67860
ug_route/247205,OSP:BUSP::8587975,st_struct_pedestal/94081,pole/52701
ug_route/247206,OSP:BUSP:C668960,st_struct_pedestal/94194,st_struct_buried_splice_location/3877
ug_route/247207,OSP:BUSP::9489153,st_struct_pedestal/91485,st_struct_pedestal/93762
ug_route/247208,OSP:BUSP:C646178,st_struct_pedestal/90638,building/66933
ug_route/247209,OSP:FORSP::16958665,st_struct_vault/2743,mywcom_route_junction/28132
ug_route/247210,OSP:BUSP:C711834,st_struct_pedestal/91120,mywcom_route_junction/27464
ug_route/247211,OSP:BUSP:C643490,st_struct_pedestal/93671,building/66258
ug_route/247212,OSP:BUSP:C704986,pole/52391,st_struct_pedestal/90610
ug_route/247213,OSP:BUSP:C704985,pole/52391,st_struct_pedestal/90610
ug_route/247214,OSP:FBSP::13098317,st_struct_pedestal/93823,cabinet/2804
ug_route/247215,OSP:BUSP::10650772,st_struct_pedestal/90928,building/68710
ug_route/247216,OSP:BUSP::15351315,pole/53974,building/68281
ug_route/247217,OSP:BUSP:C681428,st_struct_pedestal/93793,building/68695
ug_route/247218,OSP:BUSP::9523700,st_struct_pedestal/92455,st_struct_pedestal/91173
ug_route/247219,OSP:BUSP:C651230,st_struct_pedestal/92343,building/67177
ug_route/247220,OSP:BUSP:C645679,st_struct_pedestal/92481,building/67467
ug_route/247221,OSP:BUSP:C671364,cabinet/2815,st_struct_pedestal/90780
ug_route/247222,OSP:BUSP:C711832,st_struct_pedestal/93728,st_struct_pedestal/92173
ug_route/247223,OSP:BUSP::8336777,st_struct_pedestal/93004,building/68799
ug_route/247224,OSP:BUSP:C652964,st_struct_pedestal/91444,building/67530
ug_route/247225,OSP:BUSP:C645587,pole/53227,pole/52418
ug_route/247226,OSP:BUSP:C659201,st_struct_pedestal/91142,building/66287
ug_route/247227,OSP:BUSP:C659643,st_struct_pedestal/91064,st_struct_pedestal/91056
ug_route/247228,OSP:BUSP:C670498,st_struct_pedestal/90712,building/68702
ug_route/247229,OSP:BUSP::15562822,mywcom_route_junction/27299,mywcom_route_junction/27370
ug_route/247230,OSP:BUSP:C660481,st_struct_pedestal/92519,building/67064
ug_route/247231,OSP:BUSP::15355780,pole/53317,building/67421
ug_route/247232,OSP:BUSP:C660913,st_struct_pedestal/92721,st_struct_pedestal/91947
ug_route/247233,OSP:BUSP:C708198,st_struct_pedestal/93920,building/67765
ug_route/247234,OSP:BUSP:C660811,st_struct_pedestal/92511,building/66107
ug_route/247235,OSP:BUSP:C706816,st_struct_pedestal/92906,st_struct_pedestal/93456
ug_route/247236,OSP:BUSP::8490056,st_struct_pedestal/92969,st_struct_pedestal/93729
ug_route/247237,OSP:BUSP:C639206,st_struct_pedestal/93095,st_struct_pedestal/91151
ug_route/247238,OSP:BUSP:C666200,st_struct_pedestal/93139,st_struct_pedestal/94017
ug_route/247239,OSP:BUSP:C646434,st_struct_pedestal/92623,building/68130
ug_route/247240,OSP:BUSP:C658085,st_struct_pedestal/91219,building/66156
ug_route/247241,OSP:BUSP:C651696,st_struct_pedestal/92845,st_struct_pedestal/93907
ug_route/247242,OSP:BUSP:C641585,st_struct_pedestal/94072,building/66542
ug_route/247243,OSP:BUSP:C657467,st_struct_pedestal/93854,building/67466
ug_route/247244,OSP:BUSP:C665792,mywcom_route_junction/27468,st_struct_pedestal/94285
ug_route/247245,OSP:BUSP:C650946,st_struct_pedestal/92386,building/66241
ug_route/247246,OSP:BUSP:C648351,st_struct_pedestal/90701,st_struct_pedestal/91661
ug_route/247247,OSP:BUSP::14956729,st_struct_pedestal/91812,st_struct_pedestal/93335
ug_route/247248,OSP:BUSP:C649018,st_struct_pedestal/93309,building/67058
ug_route/247249,OSP:FBSP:C653416,st_struct_pedestal/93022,building/67520
ug_route/247250,OSP:BUSP::15126660,st_struct_pedestal/92981,st_struct_pedestal/93698
ug_route/247251,OSP:BUSP:C653009,st_struct_pedestal/92036,building/68077
ug_route/247252,OSP:BUSP:C649806,mywcom_route_junction/28118,st_struct_pedestal/91250
ug_route/247253,OSP:BUSP:C705161,pole/53039,pole/52860
ug_route/247254,OSP:BUSP::10668360,st_struct_buried_splice_location/3977,pole/53945
ug_route/247255,OSP:BUSP::9320565,st_struct_pedestal/91744,building/67427
ug_route/247256,OSP:BUSP:C659291,st_struct_pedestal/91814,building/66465
ug_route/247257,OSP:BUSP:C708348,st_struct_pedestal/91652,st_struct_pedestal/94135
ug_route/247258,OSP:BUSP:C647892,st_struct_pedestal/92263,st_struct_pedestal/93172
ug_route/247259,OSP:BUSP:C639467,st_struct_pedestal/93204,building/66544
ug_route/247260,OSP:BUSP:C639159,st_struct_pedestal/92486,building/67998
ug_route/247261,OSP:BUSP:C653603,st_struct_pedestal/93476,building/68300
ug_route/247262,OSP:BUSP:C658282,st_struct_pedestal/93246,building/68434
ug_route/247263,OSP:BUSP:C656513,st_struct_pedestal/91646,building/66109
ug_route/247264,OSP:BUSP:C662272,st_struct_pedestal/92415,st_struct_pedestal/93336
ug_route/247265,OSP:BUSP:C646184,st_struct_pedestal/90638,building/68409
ug_route/247266,OSP:BUSP:C657095,st_struct_pedestal/93910,st_struct_pedestal/94026
ug_route/247267,OSP:BUSP::15041214,st_struct_pedestal/92854,st_struct_pedestal/93282
ug_route/247268,OSP:BUSP:C658286,st_struct_pedestal/93246,building/67324
ug_route/247269,OSP:FBSP::10875112,st_struct_pedestal/93763,building/67730
ug_route/247270,OSP:FBSP:C643598,pole/54506,building/67914
ug_route/247271,OSP:FBSP:C667306,pole/54260,building/67860
ug_route/247272,OSP:BUSP:C706908,st_struct_pedestal/91424,st_struct_buried_splice_location/3884
ug_route/247273,OSP:BUSP:C671026,st_struct_pedestal/90723,st_struct_pedestal/93945
ug_route/247274,OSP:BUSP:C657805,st_struct_pedestal/93910,st_struct_pedestal/94026
ug_route/247275,OSP:BUSP:C655369,st_struct_pedestal/91587,st_struct_pedestal/91236
ug_route/247276,OSP:FBSP:C689216,st_struct_pedestal/91588,st_struct_pedestal/90817
ug_route/247277,OSP:BUSP::14415399,st_struct_pedestal/91614,building/67820
ug_route/247278,OSP:BUSP:C652798,st_struct_pedestal/91449,building/66545
ug_route/247279,OSP:BUSP:C656992,st_struct_pedestal/91390,building/66376
ug_route/247280,OSP:BUSP:C641389,st_struct_pedestal/93424,building/67148
ug_route/247281,OSP:BUSP::8575840,st_struct_pedestal/94112,building/68361
ug_route/247282,OSP:BUSP:C654528,st_struct_pedestal/94231,building/66265
ug_route/247283,OSP:BUSP:C649667,st_struct_pedestal/90701,st_struct_pedestal/91661
ug_route/247284,OSP:BUSP::10406614,st_struct_pedestal/93772,building/67517
ug_route/247285,OSP:BUSP:C651235,st_struct_pedestal/91201,building/67158
ug_route/247286,OSP:BUSP:C653426,st_struct_pedestal/92905,mywcom_route_junction/27335
ug_route/247287,OSP:BUSP:C651794,st_struct_pedestal/94327,building/66202
ug_route/247288,OSP:FBSP::13065277,st_struct_pedestal/91916,building/68456
ug_route/247289,OSP:BUSP:C655353,st_struct_pedestal/91738,building/68741
ug_route/247290,OSP:BUSP:C658217,st_struct_pedestal/91693,building/66907
ug_route/247291,OSP:BUSP::8590213,mywcom_route_junction/27791,st_struct_buried_splice_location/3998
ug_route/247292,OSP:BUSP:C653581,st_struct_pedestal/92884,building/66172
ug_route/247293,OSP:BUSP:C651218,st_struct_pedestal/91905,building/67644
ug_route/247294,OSP:BUSP:C708390,st_struct_pedestal/94319,mywcom_route_junction/27134
ug_route/247295,OSP:BUSP:C666033,st_struct_pedestal/92181,st_struct_pedestal/92153
ug_route/247296,OSP:BUSP:C643620,pole/54506,st_struct_pedestal/91026
ug_route/247297,OSP:BUSP::13237365,st_struct_pedestal/92930,mywcom_route_junction/27750
ug_route/247298,OSP:BUSP::17062325,st_struct_pedestal/91431,mywcom_route_junction/27791
ug_route/247299,OSP:BUSP::8500304,st_struct_pedestal/92592,st_struct_pedestal/91342
ug_route/247300,OSP:BUSP:C657088,st_struct_pedestal/91674,st_struct_pedestal/93284
ug_route/247301,OSP:BUSP:C642003,st_struct_pedestal/92866,building/66113
ug_route/247302,OSP:FBSP::16602221,pole/54572,st_struct_pedestal/92135
ug_route/247303,OSP:BUSP:C648070,st_struct_pedestal/93566,st_struct_pedestal/91133
ug_route/247304,OSP:BUSP:C652365,mywcom_route_junction/28162,mywcom_route_junction/28182
ug_route/247305,OSP:BUSP:C654059,st_struct_pedestal/91235,building/67162
ug_route/247306,OSP:BUSP:C657141,st_struct_pedestal/91674,st_struct_pedestal/93284
ug_route/247307,OSP:BUSP:C682180,st_struct_pedestal/93378,building/68488
ug_route/247308,OSP:BUSP::9157572,pole/54335,st_struct_pedestal/91175
ug_route/247309,OSP:BUSP:C655195,st_struct_pedestal/92966,building/66418
ug_route/247310,OSP:BUSP::8489743,mywcom_route_junction/27166,st_struct_pedestal/91157
ug_route/247311,OSP:FBSP:C708056,st_struct_pedestal/94190,building/66294
ug_route/247312,OSP:BUSP:C653424,st_struct_pedestal/92905,st_struct_buried_splice_location/3985
ug_route/247313,OSP:BUSP:C663630,st_struct_pedestal/90649,st_struct_pedestal/92714
ug_route/247314,OSP:BUSP:C655212,st_struct_pedestal/91048,building/67599
ug_route/247315,OSP:BUSP:C654857,st_struct_pedestal/93253,building/67533
ug_route/247316,OSP:BUSP:C650258,st_struct_pedestal/92795,building/68025
ug_route/247317,OSP:BUSP:C658807,st_struct_pedestal/92148,building/67900
ug_route/247318,OSP:FBSP:C659846,st_struct_pedestal/90769,building/68691
ug_route/247319,OSP:BUSP:C659625,st_struct_pedestal/92482,building/67763
ug_route/247320,OSP:BUSP:C654706,st_struct_pedestal/91972,building/67104
ug_route/247321,OSP:FORSP::16943978,mywcom_route_junction/27674,st_struct_vault/2768
ug_route/247322,OSP:BUSP:C650352,st_struct_pedestal/92099,st_struct_pedestal/93813
ug_route/247323,OSP:BUSP:C664357,st_struct_pedestal/93485,st_struct_pedestal/91239
ug_route/247324,OSP:BUSP:C651114,st_struct_pedestal/93176,st_struct_pedestal/91067
ug_route/247325,OSP:FBSP::10916762,st_struct_pedestal/92786,pole/53678
ug_route/247326,OSP:BUSP:C650405,st_struct_pedestal/92099,st_struct_pedestal/93813
ug_route/247327,OSP:BUSP:C655495,st_struct_pedestal/91873,st_struct_pedestal/92947
ug_route/247328,OSP:BUSP:C708272,st_struct_pedestal/94226,mywcom_route_junction/28011
ug_route/247329,OSP:BUSP:C665711,st_struct_pedestal/91071,building/67183
ug_route/247330,OSP:BUSP:C668598,st_struct_pedestal/91458,st_struct_pedestal/94099
ug_route/247331,OSP:BUSP:C650862,st_struct_pedestal/90673,mywcom_route_junction/27348
ug_route/247332,OSP:BUSP:C641817,st_struct_pedestal/92377,building/66421
ug_route/247333,OSP:BUSP:C648250,st_struct_pedestal/91069,building/66644
ug_route/247334,OSP:BUSP::12055943,st_struct_pedestal/93485,st_struct_pedestal/91239
ug_route/247335,OSP:BUSP:C655525,st_struct_pedestal/91873,st_struct_pedestal/92947
ug_route/247336,OSP:BUSP:C650423,st_struct_pedestal/91659,building/68311
ug_route/247337,OSP:BUSP:C641468,st_struct_pedestal/91415,st_struct_pedestal/93228
ug_route/247338,OSP:FBSP:C668332,st_struct_pedestal/94039,building/67421
ug_route/247339,OSP:BUSP:C641980,st_struct_pedestal/91415,st_struct_pedestal/93228
ug_route/247340,OSP:BUSP::8591187,st_struct_pedestal/90881,st_struct_pedestal/93775
ug_route/247341,OSP:BUSP:C670048,st_struct_pedestal/93710,st_struct_pedestal/91595
ug_route/247342,OSP:BUSP:C656497,st_struct_pedestal/92606,building/68619
ug_route/247343,OSP:FBSP:C644023,st_struct_pedestal/91032,building/66353
ug_route/247344,OSP:BUSP:C660904,st_struct_pedestal/90893,building/67526
ug_route/247345,OSP:BUSP:C665815,st_struct_pedestal/93980,st_struct_pedestal/90804
ug_route/247346,OSP:BUSP:C670506,st_struct_pedestal/90688,building/66552
ug_route/247347,OSP:FBSP::13098316,cabinet/2804,st_struct_pedestal/91138
ug_route/247348,OSP:BUSP::8490692,st_struct_pedestal/93729,st_struct_pedestal/93051
ug_route/247349,OSP:BUSP:C654704,st_struct_pedestal/92535,st_struct_pedestal/91972
ug_route/247350,OSP:BUSP::10876665,st_struct_vault/2733,st_struct_vault/2755
ug_route/247351,OSP:BUSP:C649310,st_struct_pedestal/91526,building/66238
ug_route/247352,OSP:BUSP::8603336,st_struct_pedestal/91851,st_struct_pedestal/91740
ug_route/247353,OSP:BUSP:C649680,st_struct_pedestal/94146,st_struct_pedestal/93082
ug_route/247354,OSP:BUSP:C657855,st_struct_pedestal/91253,st_struct_pedestal/90937
ug_route/247355,OSP:BUSP:C656471,st_struct_pedestal/91459,building/66385
ug_route/247356,OSP:BUSP::16764602,st_struct_pedestal/90713,st_struct_pedestal/92305
ug_route/247357,OSP:BUSP:C666442,pole/53593,st_struct_pedestal/93727
ug_route/247358,OSP:BUSP::8608791,st_struct_pedestal/93090,building/66461
ug_route/247359,OSP:BUSP:C665809,st_struct_pedestal/91770,st_struct_pedestal/93661
ug_route/247360,OSP:BUSP:C662512,st_struct_pedestal/91991,mywcom_route_junction/27964
ug_route/247361,OSP:BUSP:C654290,st_struct_pedestal/93262,st_struct_pedestal/91251
ug_route/247362,OSP:BUSP:C641376,st_struct_pedestal/92787,building/68502
ug_route/247363,OSP:BUSP:C653672,st_struct_pedestal/90958,building/66869
ug_route/247364,OSP:BUSP:C648568,st_struct_pedestal/91122,building/67236
ug_route/247365,OSP:BUSP:C708277,st_struct_pedestal/93999,st_struct_pedestal/90661
ug_route/247366,OSP:BUSP:C644702,st_struct_pedestal/93460,building/67275
ug_route/247367,OSP:BUSP::8587334,st_struct_pedestal/93727,pole/53593
ug_route/247368,OSP:BUSP::8726876,st_struct_pedestal/91050,st_struct_pedestal/93794
ug_route/247369,OSP:BUSP:C645822,st_struct_pedestal/92025,building/66585
ug_route/247370,OSP:BUSP:C661980,st_struct_pedestal/93035,building/67020
ug_route/247371,OSP:BUSP:C648969,st_struct_pedestal/93595,building/66268
ug_route/247372,OSP:BUSP::8604312,st_struct_pedestal/92790,st_struct_buried_splice_location/3932
ug_route/247373,OSP:BUSP:C683142,st_struct_pedestal/92448,building/67713
ug_route/247374,OSP:BUSP:C660520,st_struct_pedestal/93999,st_struct_pedestal/90661
ug_route/247375,OSP:BUSP:C641617,st_struct_pedestal/92064,st_struct_pedestal/93913
ug_route/247376,OSP:BUSP:C653093,st_struct_pedestal/90698,st_struct_pedestal/91128
ug_route/247377,OSP:BUSP:C708327,st_struct_pedestal/91941,building/68693
ug_route/247378,OSP:BUSP:C661610,st_struct_pedestal/93660,st_struct_pedestal/93136
ug_route/247379,OSP:BUSP:C669478,st_struct_pedestal/91581,st_struct_pedestal/93461
ug_route/247380,OSP:BUSP:C667860,st_struct_pedestal/94308,building/68144
ug_route/247381,OSP:BUSP:C708352,st_struct_pedestal/94135,building/66643
ug_route/247382,OSP:BUSP:C641748,st_struct_pedestal/92608,building/67755
ug_route/247383,OSP:FORSP::16943974,mywcom_route_junction/27845,st_struct_vault/2724
ug_route/247384,OSP:BUSP:C708116,st_struct_pedestal/93136,st_struct_pedestal/93828
ug_route/247385,OSP:BUSP::8500298,st_struct_pedestal/93649,st_struct_pedestal/93381
ug_route/247386,OSP:BUSP::10878275,st_struct_pedestal/90929,mywcom_route_junction/28074
ug_route/247387,OSP:BUSP::15996725,st_struct_pedestal/92115,st_struct_pedestal/93697
ug_route/247388,OSP:BUSP:C670814,st_struct_pedestal/93057,st_struct_pedestal/93381
ug_route/247389,OSP:BUSP:C657003,st_struct_pedestal/92462,building/67116
ug_route/247390,OSP:BUSP:C639179,st_struct_pedestal/93620,st_struct_pedestal/93025
ug_route/247391,OSP:BUSP:C639455,st_struct_pedestal/93314,st_struct_pedestal/93803
ug_route/247392,OSP:BUSP:C639312,st_struct_pedestal/93663,building/66978
ug_route/247393,OSP:BUSP:C665576,st_struct_pedestal/91786,building/66212
ug_route/247394,OSP:BUSP:C653951,st_struct_pedestal/91093,building/67218
ug_route/247395,OSP:FBSP:C633996,st_struct_pedestal/93823,building/67837
ug_route/247396,OSP:BUSP::14925366,st_struct_pedestal/93270,building/68857
ug_route/247397,OSP:BUSP:C666057,st_struct_pedestal/91269,building/67400
ug_route/247398,OSP:BUSP:C646950,st_struct_pedestal/94057,st_struct_pedestal/91192
ug_route/247399,OSP:BUSP:C641968,st_struct_pedestal/91723,st_struct_pedestal/90833
ug_route/247400,OSP:BUSP:C707885,st_struct_pedestal/90830,st_struct_buried_splice_location/3901
ug_route/247401,OSP:BUSP:C655344,st_struct_pedestal/91316,building/66290
ug_route/247402,OSP:FBSP::15124410,pole/52701,building/68760
ug_route/247403,OSP:BUSP:C647316,st_struct_pedestal/90954,building/68707
ug_route/247404,OSP:BUSP:C648800,st_struct_pedestal/90752,building/68458
ug_route/247405,OSP:BUSP:C637461,st_struct_pedestal/92753,building/67383
ug_route/247406,OSP:BUSP:C643691,st_struct_pedestal/92724,building/66630
ug_route/247407,OSP:BUSP:C660412,st_struct_pedestal/91431,mywcom_route_junction/27791
ug_route/247408,OSP:BUSP::8660949,st_struct_pedestal/93349,building/67961
ug_route/247409,OSP:BUSP:C646061,st_struct_pedestal/94061,building/68113
ug_route/247410,OSP:BUSP::8573895,st_struct_pedestal/92700,st_struct_pedestal/92894
ug_route/247411,OSP:BUSP:C641435,st_struct_pedestal/94249,st_struct_pedestal/91451
ug_route/247412,OSP:BUSP:C653094,st_struct_pedestal/90698,st_struct_pedestal/91128
ug_route/247413,OSP:FBSP:C662666,st_struct_pedestal/94304,building/66976
ug_route/247414,OSP:FBSP:C652611,st_struct_pedestal/93058,st_struct_pedestal/91961
ug_route/247415,OSP:BUSP:C660698,st_struct_pedestal/93647,building/68633
ug_route/247416,OSP:BUSP:C662487,st_struct_pedestal/91523,st_struct_pedestal/93199
ug_route/247417,OSP:FBSP:C656909,st_struct_pedestal/93270,building/68857
ug_route/247418,OSP:BUSP:C645723,st_struct_pedestal/93084,building/67707
ug_route/247419,OSP:BUSP::8399813,st_struct_pedestal/90627,st_struct_pedestal/92461
ug_route/247420,OSP:BUSP:C660645,st_struct_buried_splice_location/3885,building/68391
ug_route/247421,OSP:BUSP:C645848,st_struct_pedestal/91476,building/67671
ug_route/247422,OSP:BUSP:C659871,st_struct_pedestal/92461,st_struct_pedestal/92814
ug_route/247423,OSP:BUSP:C665625,st_struct_pedestal/90850,building/66242
ug_route/247424,OSP:BUSP:C656949,st_struct_pedestal/93707,building/67586
ug_route/247425,OSP:BUSP:C660921,st_struct_pedestal/93784,building/68363
ug_route/247426,OSP:FBSP::12774004,st_struct_pedestal/91621,building/67145
ug_route/247427,OSP:BUSP:C639724,st_struct_pedestal/93721,building/68588
ug_route/247428,OSP:BUSP::13843141,st_struct_pedestal/92526,building/68227
ug_route/247429,OSP:BUSP::8490701,st_struct_pedestal/93729,st_struct_pedestal/93496
ug_route/247430,OSP:BUSP:C708402,mywcom_route_junction/27197,mywcom_route_junction/27678
ug_route/247431,OSP:BUSP:C659800,mywcom_route_junction/27485,mywcom_route_junction/27825
ug_route/247432,OSP:BUSP:C641369,st_struct_pedestal/91681,st_struct_pedestal/92772
ug_route/247433,OSP:BUSP::8348307,st_struct_pedestal/91184,st_struct_pedestal/91891
ug_route/247434,OSP:BUSP:C711721,st_struct_pedestal/92988,mywcom_route_junction/27541
ug_route/247435,OSP:BUSP:C683383,st_struct_pedestal/92419,st_struct_pedestal/91213
ug_route/247436,OSP:FBSP:C705102,st_struct_pedestal/94157,mywcom_route_junction/27405
ug_route/247437,OSP:BUSP:C642045,st_struct_pedestal/91599,building/68505
ug_route/247438,OSP:BUSP:C644051,st_struct_pedestal/92488,st_struct_pedestal/94190
ug_route/247439,OSP:BUSP:C656268,st_struct_pedestal/92619,building/67440
ug_route/247440,OSP:BUSP:C656319,st_struct_pedestal/93384,building/67153
ug_route/247441,OSP:BUSP:C641623,st_struct_pedestal/93918,st_struct_pedestal/92064
ug_route/247442,OSP:BUSP:C664365,st_struct_pedestal/91239,st_struct_pedestal/93612
ug_route/247443,OSP:BUSP:C667907,st_struct_pedestal/94039,st_struct_pedestal/93328
ug_route/247444,OSP:BUSP:C653023,st_struct_pedestal/92714,mywcom_route_junction/27235
ug_route/247445,OSP:BUSP:C651064,st_struct_pedestal/93176,st_struct_pedestal/93217
ug_route/247446,OSP:BUSP:C682628,st_struct_pedestal/91035,st_struct_pedestal/90857
ug_route/247447,OSP:BUSP:C648550,st_struct_pedestal/92888,pole/54466
ug_route/247448,OSP:BUSP:C689221,st_struct_pedestal/90984,st_struct_pedestal/92181
ug_route/247449,OSP:BUSP::8500979,st_struct_pedestal/94190,st_struct_pedestal/92488
ug_route/247450,OSP:BUSP::12055944,st_struct_pedestal/91239,st_struct_pedestal/93612
ug_route/247451,OSP:BUSP:C666696,st_struct_pedestal/90834,building/67023
ug_route/247452,OSP:BUSP:C665515,st_struct_pedestal/91070,building/66167
ug_route/247453,OSP:BUSP:C682271,st_struct_pedestal/93579,st_struct_pedestal/93796
ug_route/247454,OSP:BUSP:C681429,st_struct_pedestal/93793,building/68696
ug_route/247455,OSP:BUSP:C657431,st_struct_pedestal/92159,building/68003
ug_route/247456,OSP:BUSP:C650241,st_struct_pedestal/91906,building/66300
ug_route/247457,OSP:BUSP:C705970,st_struct_pedestal/90725,st_struct_buried_splice_location/3970
ug_route/247458,OSP:BUSP:C651729,st_struct_pedestal/92845,st_struct_pedestal/93907
ug_route/247459,OSP:BUSP:C641971,st_struct_pedestal/90833,building/66966
ug_route/247460,OSP:FORSP::16962502,st_struct_vault/2732,st_struct_vault/2755
ug_route/247461,OSP:FBSP:C689217,st_struct_pedestal/91508,st_struct_pedestal/91588
ug_route/247462,OSP:BUSP:C656611,st_struct_pedestal/92703,st_struct_pedestal/91631
ug_route/247463,OSP:BUSP:C708337,st_struct_pedestal/94135,st_struct_pedestal/90571
ug_route/247464,OSP:BUSP:C641637,st_struct_pedestal/93918,st_struct_pedestal/92064
ug_route/247465,OSP:BUSP:C655780,st_struct_pedestal/90983,building/67268
ug_route/247466,OSP:BUSP:C640927,st_struct_pedestal/92963,building/67894
ug_route/247467,OSP:BUSP:C655234,st_struct_pedestal/93251,building/67076
ug_route/247468,OSP:BUSP:C658297,st_struct_pedestal/91200,building/67716
ug_route/247469,OSP:BUSP:C659798,st_struct_pedestal/92385,st_struct_pedestal/91862
ug_route/247470,OSP:BUSP:C650860,st_struct_pedestal/93176,st_struct_pedestal/93217
ug_route/247471,OSP:BUSP:C656322,st_struct_pedestal/93384,building/68518
ug_route/247472,OSP:BUSP:C660478,st_struct_pedestal/93743,st_struct_pedestal/92937
ug_route/247473,OSP:BUSP:C655389,st_struct_pedestal/91587,mywcom_route_junction/27330
ug_route/247474,OSP:BUSP:C659835,st_struct_pedestal/92385,st_struct_pedestal/91862
ug_route/247475,OSP:FBSP::11900075,st_struct_pedestal/94094,building/67119
ug_route/247476,OSP:BUSP:C669486,st_struct_pedestal/93938,st_struct_pedestal/90870
ug_route/247477,OSP:BUSP:C682630,st_struct_pedestal/91035,st_struct_pedestal/90857
ug_route/247478,OSP:BUSP::15996435,st_struct_pedestal/94105,st_struct_pedestal/92115
ug_route/247479,OSP:BUSP::10209492,building/68451,st_struct_pedestal/91929
ug_route/247480,OSP:BUSP:C657915,st_struct_pedestal/90726,building/68328
ug_route/247481,OSP:BUSP:C651062,st_struct_pedestal/93176,st_struct_pedestal/93217
ug_route/247482,OSP:FBSP:C706864,st_struct_pedestal/90792,building/66539
ug_route/247483,OSP:BUSP:C645710,st_struct_pedestal/92065,building/67266
ug_route/247484,OSP:BUSP:C659837,st_struct_pedestal/92385,st_struct_pedestal/91862
ug_route/247485,OSP:BUSP::11596756,st_struct_pedestal/91099,st_struct_pedestal/93617
ug_route/247486,OSP:BUSP:C643740,st_struct_pedestal/92991,st_struct_pedestal/92407
ug_route/247487,OSP:FBSP::14399300,pole/53012,mywcom_route_junction/27177
ug_route/247488,OSP:FBSP:C666434,pole/53701,building/66273
ug_route/247489,OSP:BUSP:C654442,st_struct_pedestal/93097,building/67828
ug_route/247490,OSP:BUSP:C646022,st_struct_pedestal/93919,building/67804
ug_route/247491,OSP:BUSP:C652018,st_struct_pedestal/92154,building/67993
ug_route/247492,OSP:BUSP:C660909,st_struct_pedestal/92831,building/68758
ug_route/247493,OSP:BUSP:C656984,st_struct_pedestal/91390,building/67921
ug_route/247494,OSP:BUSP:C705425,st_struct_pedestal/92096,st_struct_pedestal/93641
ug_route/247495,OSP:BUSP:C648582,st_struct_pedestal/91654,building/66611
ug_route/247496,OSP:BUSP:C656917,st_struct_pedestal/90926,building/67969
ug_route/247497,OSP:BUSP:C661021,st_struct_pedestal/93098,building/66640
ug_route/247498,OSP:BUSP:C641388,st_struct_pedestal/91681,building/68781
ug_route/247499,OSP:BUSP:C660899,st_struct_pedestal/92528,st_struct_pedestal/92830
ug_route/247500,OSP:BUSP:C655381,st_struct_pedestal/90686,building/66811
ug_route/247501,OSP:BUSP:C660906,st_struct_pedestal/92528,st_struct_pedestal/92830
ug_route/247502,OSP:BUSP:C642025,st_struct_pedestal/92324,building/66628
ug_route/247503,OSP:BUSP:C643748,st_struct_pedestal/92991,st_struct_pedestal/92407
ug_route/247504,OSP:BUSP:C648965,st_struct_pedestal/93595,building/68679
ug_route/247505,OSP:BUSP:C650251,st_struct_pedestal/92795,building/68124
ug_route/247506,OSP:BUSP:C645833,st_struct_pedestal/92025,building/66729
ug_route/247507,OSP:BUSP::11853994,st_struct_pedestal/93002,st_struct_pedestal/93961
ug_route/247508,OSP:BUSP:C670415,st_struct_pedestal/92014,building/67920
ug_route/247509,OSP:FBSP:C650377,st_struct_pedestal/91014,building/67212
ug_route/247510,OSP:BUSP::8589580,st_struct_pedestal/93115,cabinet/2817
ug_route/247511,OSP:BUSP::10260357,mywcom_route_junction/28015,mywcom_route_junction/27389
ug_route/247512,OSP:BUSP:C645700,st_struct_pedestal/92065,building/66862
ug_route/247513,OSP:BUSP:C658356,st_struct_pedestal/92785,building/68703
ug_route/247514,OSP:BUSP:C656628,st_struct_pedestal/91631,building/67054
ug_route/247515,OSP:BUSP:C708351,st_struct_pedestal/94135,st_struct_pedestal/90571
ug_route/247516,OSP:BUSP:C682631,st_struct_pedestal/91035,st_struct_pedestal/90857
ug_route/247517,OSP:BUSP:C660908,st_struct_pedestal/92528,st_struct_pedestal/92830
ug_route/247518,OSP:FORSP::16949398,st_struct_vault/2770,st_struct_vault/2749
ug_route/247519,OSP:BUSP:C650349,st_struct_pedestal/92204,st_struct_pedestal/92099
ug_route/247520,OSP:BUSP:C651750,st_struct_pedestal/93080,st_struct_pedestal/90924
ug_route/247521,OSP:BUSP:C643750,st_struct_pedestal/92991,st_struct_pedestal/92407
ug_route/247522,OSP:BUSP:C648598,st_struct_pedestal/92622,building/66992
ug_route/247523,OSP:BUSP:C650403,st_struct_pedestal/92204,st_struct_pedestal/92099
ug_route/247524,OSP:BUSP:C683076,building/68407,st_struct_pedestal/93422
ug_route/247525,OSP:BUSP:C671271,st_struct_pedestal/93651,mywcom_route_junction/27131
ug_route/247526,OSP:BUSP::9523704,st_struct_pedestal/94065,st_struct_pedestal/93479
ug_route/247527,OSP:BUSP:C660605,st_struct_pedestal/93165,st_struct_pedestal/93777
ug_route/247528,OSP:BUSP:C646430,st_struct_pedestal/92623,building/66603
ug_route/247529,OSP:BUSP:C670020,st_struct_pedestal/92097,st_struct_pedestal/92284
ug_route/247530,OSP:BUSP:C651045,st_struct_pedestal/91650,st_struct_pedestal/90982
ug_route/247531,OSP:BUSP:C641200,st_struct_pedestal/93494,building/66965
ug_route/247532,OSP:BUSP:C659986,st_struct_pedestal/92882,st_struct_pedestal/91090
ug_route/247533,OSP:FBSP::9504538,st_struct_pedestal/94204,building/68053
ug_route/247534,OSP:BUSP:C650878,st_struct_pedestal/92386,st_struct_pedestal/93812
ug_route/247535,OSP:BUSP:C641949,st_struct_pedestal/91775,st_struct_pedestal/93149
ug_route/247536,OSP:BUSP:C683071,st_struct_pedestal/92655,st_struct_pedestal/93422
ug_route/247537,OSP:BUSP:C671269,st_struct_pedestal/93651,mywcom_route_junction/27131
ug_route/247538,OSP:BUSP:C706395,mywcom_route_junction/27641,st_struct_pedestal/92082
ug_route/247539,OSP:FBSP:C706760,st_struct_buried_splice_location/3948,building/67625
ug_route/247540,OSP:BUSP:C670068,st_struct_pedestal/93002,pole/53885
ug_route/247541,OSP:BUSP:C651053,st_struct_pedestal/91650,st_struct_pedestal/90982
ug_route/247542,OSP:BUSP:C643768,building/66927,st_struct_pedestal/93865
ug_route/247543,OSP:BUSP:C658625,st_struct_pedestal/91420,building/68007
ug_route/247544,OSP:BUSP:C670064,mywcom_route_junction/28166,mywcom_route_junction/28162
ug_route/247545,OSP:BUSP:C654913,st_struct_pedestal/91514,building/66944
ug_route/247546,OSP:BUSP:C648998,st_struct_pedestal/91416,building/66466
ug_route/247547,OSP:BUSP::16694681,mywcom_route_junction/27106,mywcom_route_junction/28123
ug_route/247548,OSP:BUSP:C645821,st_struct_pedestal/93094,building/66861
ug_route/247549,OSP:BUSP:C683072,st_struct_pedestal/93422,st_struct_pedestal/91605
ug_route/247550,OSP:BUSP:C660907,st_struct_pedestal/92831,building/68570
ug_route/247551,OSP:BUSP:C663614,st_struct_pedestal/94017,st_struct_pedestal/92757
ug_route/247552,OSP:BUSP:C671207,st_struct_pedestal/93268,st_struct_pedestal/91448
ug_route/247553,OSP:BUSP:C642290,st_struct_pedestal/92052,building/68578
ug_route/247554,OSP:BUSP::10395425,st_struct_pedestal/93268,st_struct_pedestal/91448
ug_route/247555,OSP:BUSP:C646476,st_struct_pedestal/94333,building/66741
ug_route/247556,OSP:BUSP::9271543,mywcom_route_junction/28080,mywcom_route_junction/27529
ug_route/247557,OSP:BUSP:C683078,st_struct_pedestal/93422,building/68407
ug_route/247558,OSP:BUSP:C681328,st_struct_pedestal/94235,building/67844
ug_route/247559,OSP:BUSP:C659046,st_struct_pedestal/93797,st_struct_pedestal/94124
ug_route/247560,OSP:BUSP::15686647,st_struct_pedestal/93463,st_struct_pedestal/92445
ug_route/247561,OSP:BUSP:C659673,st_struct_pedestal/92522,st_struct_pedestal/91303
ug_route/247562,OSP:BUSP:C653348,st_struct_pedestal/93624,st_struct_pedestal/92716
ug_route/247563,OSP:BUSP:C668463,st_struct_pedestal/91732,building/66968
ug_route/247564,OSP:BUSP:C656432,st_struct_pedestal/92606,building/67928
ug_route/247565,OSP:BUSP:C655168,st_struct_pedestal/90574,st_struct_pedestal/93815
ug_route/247566,OSP:BUSP:C655405,st_struct_pedestal/90680,building/67111
ug_route/247567,OSP:BUSP::8500299,st_struct_pedestal/93381,st_struct_pedestal/92675
ug_route/247568,OSP:BUSP:C682633,st_struct_pedestal/91035,st_struct_pedestal/90857
ug_route/247569,OSP:BUSP:C671221,st_struct_pedestal/91722,st_struct_pedestal/92322
ug_route/247570,OSP:BUSP:C657470,st_struct_pedestal/93854,building/68028
ug_route/247571,OSP:BUSP::9581300,st_struct_pedestal/92654,st_struct_pedestal/93131
ug_route/247572,OSP:BUSP::9469357,st_struct_pedestal/91722,st_struct_pedestal/92322
ug_route/247573,OSP:BUSP:C660662,mywcom_route_junction/27300,mywcom_route_junction/27633
ug_route/247574,OSP:BUSP::17060789,st_struct_pedestal/91685,st_struct_pedestal/92941
ug_route/247575,OSP:BUSP:C645718,st_struct_pedestal/93084,mywcom_route_junction/27728
ug_route/247576,OSP:BUSP:C708317,st_struct_pedestal/93165,building/66440
ug_route/247577,OSP:BUSP::7611825,st_struct_pedestal/94332,st_struct_pedestal/93478
ug_route/247578,OSP:BUSP:C669953,st_struct_pedestal/91841,st_struct_pedestal/91777
ug_route/247579,OSP:BUSP::9444452,mywcom_route_junction/27794,st_struct_pedestal/90626
ug_route/247580,OSP:BUSP:C659937,st_struct_pedestal/90769,st_struct_pedestal/92461
ug_route/247581,OSP:BUSP:C656569,st_struct_pedestal/91219,building/67463
ug_route/247582,OSP:BUSP::10511238,st_struct_pedestal/91665,st_struct_pedestal/91808
ug_route/247583,OSP:BUSP:C659697,st_struct_pedestal/91782,building/67194
ug_route/247584,OSP:BUSP::8399814,st_struct_pedestal/92461,st_struct_pedestal/90769
ug_route/247585,OSP:BUSP:C654551,st_struct_pedestal/92985,building/68048
ug_route/247586,OSP:BUSP:C655165,st_struct_pedestal/93798,st_struct_pedestal/91513
ug_route/247587,OSP:BUSP:C664373,st_struct_pedestal/93905,st_struct_pedestal/94171
ug_route/247588,OSP:BUSP:C669984,st_struct_pedestal/93518,st_struct_pedestal/92532
ug_route/247589,OSP:BUSP:C637463,st_struct_pedestal/92753,building/68666
ug_route/247590,OSP:FBSP::11797194,mywcom_route_junction/28217,pole/52331
ug_route/247591,OSP:BUSP:C660981,st_struct_pedestal/93848,building/67223
ug_route/247592,OSP:BUSP:C642858,st_struct_pedestal/94091,st_struct_pedestal/92427
ug_route/247593,OSP:BUSP:C668825,st_struct_pedestal/92923,mywcom_route_junction/28023
ug_route/247594,OSP:BUSP:C659571,st_struct_pedestal/92269,building/67653
ug_route/247595,OSP:BUSP:C656429,st_struct_pedestal/90584,building/68344
ug_route/247596,OSP:BUSP:C642246,st_struct_buried_splice_location/3910,building/68219
ug_route/247597,OSP:BUSP::17062024,st_struct_buried_splice_location/3968,st_struct_pedestal/93125
ug_route/247598,OSP:BUSP:C641880,st_struct_pedestal/90572,building/66301
ug_route/247599,OSP:BUSP:C711833,st_struct_pedestal/92173,st_struct_pedestal/91120
ug_route/247600,OSP:BUSP::9550278,st_struct_pedestal/93704,mywcom_route_junction/27531
ug_route/247601,OSP:BUSP:C641923,st_struct_pedestal/94244,building/66911
ug_route/247602,OSP:BUSP:C639821,st_struct_pedestal/93127,building/66472
ug_route/247603,OSP:FORSP::16953224,st_struct_vault/2757,st_struct_vault/2759
ug_route/247604,OSP:BUSP:C661608,st_struct_pedestal/93536,st_struct_pedestal/93660
ug_route/247605,OSP:BUSP:C681576,st_struct_pedestal/90775,building/67651
ug_route/247606,OSP:BUSP:C646534,st_struct_pedestal/93622,building/66822
ug_route/247607,OSP:BUSP:C641716,st_struct_pedestal/93511,building/67818
ug_route/247608,OSP:BUSP:C660172,st_struct_pedestal/93811,building/66993
ug_route/247609,OSP:FBSP:C660026,st_struct_pedestal/91602,building/66321
ug_route/247610,OSP:BUSP:C645195,st_struct_pedestal/93602,building/66845
ug_route/247611,OSP:BUSP:C658527,st_struct_pedestal/93395,building/66379
ug_route/247612,OSP:FORSP::16947461,st_struct_vault/2728,st_struct_vault/2742
ug_route/247613,OSP:BUSP:C648827,st_struct_pedestal/93830,building/67971
ug_route/247614,OSP:BUSP::7912801,st_struct_pedestal/92575,building/67492
ug_route/247615,OSP:BUSP:C665512,st_struct_pedestal/93705,st_struct_pedestal/93029
ug_route/247616,OSP:BUSP:C660080,st_struct_pedestal/93099,building/68127
ug_route/247617,OSP:BUSP:C646480,st_struct_pedestal/94333,building/68387
ug_route/247618,OSP:BUSP:C641998,st_struct_pedestal/92866,building/67573
ug_route/247619,OSP:BUSP:C707997,st_struct_pedestal/94146,st_struct_pedestal/91050
ug_route/247620,OSP:BUSP:C649823,st_struct_pedestal/94146,st_struct_pedestal/91050
ug_route/247621,OSP:BUSP:C659211,st_struct_pedestal/91142,st_struct_pedestal/94020
ug_route/247622,OSP:BUSP:C655219,st_struct_pedestal/91048,building/68022
ug_route/247623,OSP:BUSP:C642036,st_struct_pedestal/91599,building/67224
ug_route/247624,OSP:BUSP:C663637,st_struct_pedestal/91510,building/68808
ug_route/247625,OSP:BUSP:C652501,st_struct_pedestal/92367,mywcom_route_junction/27527
ug_route/247626,OSP:BUSP::8499998,cabinet/2752,st_struct_pedestal/90782
ug_route/247627,OSP:BUSP::11417588,st_struct_pedestal/92722,st_struct_pedestal/92418
ug_route/247628,OSP:BUSP:C651132,st_struct_pedestal/92653,building/67117
ug_route/247629,OSP:BUSP:C683082,st_struct_pedestal/91929,building/68408
ug_route/247630,OSP:BUSP:C708113,mywcom_route_junction/27297,st_struct_pedestal/91706
ug_route/247631,OSP:BUSP:C641281,st_struct_pedestal/91599,st_struct_pedestal/90930
ug_route/247632,OSP:BUSP:C650999,st_struct_pedestal/90700,building/67417
ug_route/247633,OSP:BUSP::14415396,st_struct_pedestal/93393,st_struct_pedestal/91614
ug_route/247634,OSP:FBSP:C650644,pole/53774,building/67046
ug_route/247635,OSP:FBSP:C661801,st_struct_pedestal/90895,building/68738
ug_route/247636,OSP:BUSP:C643083,st_struct_buried_splice_location/3874,st_struct_buried_splice_location/3971
ug_route/247637,OSP:BUSP::15712249,mywcom_route_junction/28039,mywcom_route_junction/28000
ug_route/247638,OSP:BUSP:C707939,st_struct_pedestal/93356,st_struct_pedestal/93806
ug_route/247639,OSP:BUSP:C639158,st_struct_pedestal/92612,st_struct_pedestal/92486
ug_route/247640,OSP:BUSP:C655406,st_struct_pedestal/90680,building/67318
ug_route/247641,OSP:BUSP:C707930,st_struct_pedestal/92996,st_struct_pedestal/93229
ug_route/247642,OSP:BUSP:C660580,st_struct_pedestal/91683,building/67361
ug_route/247643,OSP:BUSP::7912800,st_struct_pedestal/92575,building/66209
ug_route/247644,OSP:BUSP:C658819,st_struct_pedestal/94011,building/67558
ug_route/247645,OSP:BUSP:C669040,st_struct_pedestal/92454,building/66203
ug_route/247646,OSP:BUSP:C654710,st_struct_pedestal/91972,building/67698
ug_route/247647,OSP:BUSP:C657911,st_struct_pedestal/90726,st_struct_pedestal/92329
ug_route/247648,OSP:BUSP::8364627,st_struct_pedestal/91913,mywcom_route_junction/27794
ug_route/247649,OSP:BUSP:C648370,st_struct_pedestal/92405,building/66443
ug_route/247650,OSP:BUSP:C643461,st_struct_pedestal/91415,st_struct_pedestal/93556
ug_route/247651,OSP:FORSP::16949401,st_struct_vault/2777,st_struct_vault/2750
ug_route/247652,OSP:BUSP:C647474,st_struct_pedestal/90909,st_struct_buried_splice_location/3961
ug_route/247653,OSP:BUSP::11491492,st_struct_pedestal/90579,st_struct_pedestal/94141
ug_route/247654,OSP:BUSP:C659630,st_struct_pedestal/92617,st_struct_buried_splice_location/3853
ug_route/247655,OSP:BUSP:C658210,st_struct_pedestal/91486,st_struct_pedestal/92560
ug_route/247656,OSP:BUSP:C643470,st_struct_pedestal/91415,st_struct_pedestal/93556
ug_route/247657,OSP:BUSP:C642866,st_struct_pedestal/94292,building/68447
ug_route/247658,OSP:BUSP:C668329,st_struct_pedestal/92921,st_struct_buried_splice_location/3873
ug_route/247659,OSP:FORSP::16958667,st_struct_vault/2771,st_struct_vault/2743
ug_route/247660,OSP:FORSP::16958668,st_struct_vault/2771,st_struct_vault/2743
ug_route/247661,OSP:FORSP::16958662,st_struct_vault/2763,st_struct_vault/2743
ug_route/247662,OSP:BUSP::9008799,st_struct_pedestal/92521,st_struct_pedestal/93625
ug_route/247663,OSP:BUSP:C708339,st_struct_pedestal/90571,st_struct_pedestal/91532
ug_route/247664,OSP:BUSP:C658922,st_struct_pedestal/93323,building/68246
ug_route/247665,OSP:FBSP:C708279,st_struct_pedestal/91595,building/67607
ug_route/247666,OSP:BUSP:C645853,st_struct_pedestal/92734,st_struct_pedestal/92436
ug_route/247667,OSP:BUSP:C661027,st_struct_pedestal/90629,st_struct_pedestal/91614
ug_route/247668,OSP:BUSP:C658780,st_struct_pedestal/91363,building/66666
ug_route/247669,OSP:BUSP::13954871,st_struct_pedestal/91130,st_struct_pedestal/91036
ug_route/247670,OSP:BUSP:C645924,st_struct_pedestal/92734,st_struct_pedestal/91581
ug_route/247671,OSP:BUSP::8388292,st_struct_pedestal/91839,pole/53178
ug_route/247672,OSP:BUSP:C653140,st_struct_pedestal/93807,building/68081
ug_route/247673,OSP:BUSP::15996730,st_struct_pedestal/91918,st_struct_pedestal/94046
ug_route/247674,OSP:BUSP::9502903,mywcom_route_junction/27141,mywcom_route_junction/27623
ug_route/247675,OSP:BUSP::15978186,st_struct_pedestal/92334,building/68709
ug_route/247676,OSP:BUSP:C660902,st_struct_pedestal/90893,building/66243
ug_route/247677,OSP:BUSP:C706872,st_struct_pedestal/92071,st_struct_pedestal/92560
ug_route/247678,OSP:FBSP:C657025,st_struct_pedestal/92527,building/67095
ug_route/247679,OSP:BUSP:C646216,st_struct_pedestal/92778,st_struct_pedestal/93034
ug_route/247680,OSP:BUSP:C661127,st_struct_pedestal/91537,st_struct_buried_splice_location/3950
ug_route/247681,OSP:BUSP:C641778,st_struct_pedestal/91900,building/66905
ug_route/247682,OSP:BUSP:C657007,st_struct_pedestal/90534,st_struct_pedestal/93720
ug_route/247683,OSP:BUSP:C652830,mywcom_route_junction/27884,mywcom_route_junction/27151
ug_route/247684,OSP:BUSP:C670724,st_struct_pedestal/93026,st_struct_pedestal/92267
ug_route/247685,OSP:BUSP:C659678,mywcom_route_junction/28000,mywcom_route_junction/28039
ug_route/247686,OSP:BUSP:C647300,st_struct_pedestal/92495,building/68089
ug_route/247687,OSP:BUSP::11472525,st_struct_pedestal/92779,st_struct_pedestal/92118
ug_route/247688,OSP:BUSP:C650400,st_struct_pedestal/91536,building/66936
ug_route/247689,OSP:BUSP:C670606,st_struct_pedestal/93292,st_struct_pedestal/93245
ug_route/247690,OSP:BUSP:C704824,st_struct_pedestal/92961,building/66230
ug_route/247691,OSP:BUSP:C665824,st_struct_buried_splice_location/3893,st_struct_pedestal/90737
ug_route/247692,OSP:FBSP::13098314,st_struct_pedestal/92048,mywcom_route_junction/27351
ug_route/247693,OSP:BUSP:C655202,st_struct_pedestal/92671,building/67950
ug_route/247694,OSP:BUSP:C641461,st_struct_pedestal/94246,building/68772
ug_route/247695,OSP:BUSP:C667632,pole/52680,mywcom_route_junction/27396
ug_route/247696,OSP:BUSP:C670598,st_struct_pedestal/93292,st_struct_pedestal/93245
ug_route/247697,OSP:BUSP:C649300,st_struct_pedestal/91526,st_struct_pedestal/94169
ug_route/247698,OSP:BUSP:C661062,st_struct_pedestal/93777,st_struct_pedestal/91823
ug_route/247699,OSP:BUSP:C647200,st_struct_pedestal/93458,st_struct_pedestal/91025
ug_route/247700,OSP:BUSP::12613049,mywcom_route_junction/27497,mywcom_route_junction/27616
ug_route/247701,OSP:BUSP:C645925,st_struct_pedestal/92727,st_struct_pedestal/93438
ug_route/247702,OSP:BUSP:C708355,st_struct_pedestal/91532,building/67785
ug_route/247703,OSP:BUSP:C668466,st_struct_pedestal/91732,st_struct_pedestal/94117
ug_route/247704,OSP:BUSP:C639317,st_struct_pedestal/93434,building/66943
ug_route/247705,OSP:BUSP:C655378,st_struct_pedestal/90727,building/66939
ug_route/247706,OSP:BUSP:C647238,st_struct_pedestal/93923,st_struct_pedestal/94137
ug_route/247707,OSP:BUSP:C647465,st_struct_pedestal/93923,building/68008
ug_route/247708,OSP:BUSP:C651143,st_struct_pedestal/91206,st_struct_pedestal/91576
ug_route/247709,OSP:BUSP:C708356,st_struct_pedestal/90571,st_struct_pedestal/91532
ug_route/247710,OSP:FORSP::16943977,st_struct_vault/2768,mywcom_route_junction/27142
ug_route/247711,OSP:BUSP:C652792,st_struct_pedestal/91357,st_struct_pedestal/93608
ug_route/247712,OSP:BUSP::9148311,st_struct_pedestal/93295,st_struct_pedestal/91737
ug_route/247713,OSP:BUSP:C681689,st_struct_buried_splice_location/3924,building/66753
ug_route/247714,OSP:BUSP::8500296,st_struct_pedestal/91340,st_struct_pedestal/93649
ug_route/247715,OSP:BUSP:C708361,st_struct_pedestal/92126,building/66823
ug_route/247716,OSP:BUSP::16735355,mywcom_route_junction/27220,mywcom_route_junction/27742
ug_route/247717,OSP:BUSP::8608792,st_struct_pedestal/93090,building/67455
ug_route/247718,OSP:BUSP:C650376,st_struct_pedestal/92764,st_struct_pedestal/91908
ug_route/247719,OSP:BUSP:C651906,mywcom_route_junction/28139,st_struct_pedestal/93465
ug_route/247720,OSP:BUSP:C641503,st_struct_pedestal/91204,building/66382
ug_route/247721,OSP:BUSP:C650865,st_struct_pedestal/93217,st_struct_pedestal/92984
ug_route/247722,OSP:FBSP:C657764,st_struct_buried_splice_location/3948,building/68574
ug_route/247723,OSP:BUSP::17101127,mywcom_route_junction/28002,building/67003
ug_route/247724,OSP:BUSP:C689226,st_struct_pedestal/90817,st_struct_pedestal/93746
ug_route/247725,OSP:BUSP:C708360,st_struct_pedestal/92126,building/68232
ug_route/247726,OSP:BUSP:C657820,st_struct_pedestal/92438,st_struct_pedestal/94165
ug_route/247727,OSP:BUSP:C650426,st_struct_pedestal/92764,st_struct_pedestal/91908
ug_route/247728,OSP:BUSP::8364612,st_struct_pedestal/93937,st_struct_pedestal/91099
ug_route/247729,OSP:BUSP:C645762,st_struct_pedestal/93147,st_struct_pedestal/91530
ug_route/247730,OSP:BUSP:C647230,st_struct_pedestal/93923,st_struct_pedestal/94137
ug_route/247731,OSP:BUSP:C665584,st_struct_pedestal/90836,mywcom_route_junction/27186
ug_route/247732,OSP:BUSP:C682040,st_struct_pedestal/91255,building/68154
ug_route/247733,OSP:BUSP:C657910,st_struct_pedestal/94289,st_struct_pedestal/90681
ug_route/247734,OSP:BUSP:C644351,st_struct_buried_splice_location/3949,st_struct_pedestal/91977
ug_route/247735,OSP:BUSP:C641344,st_struct_pedestal/91155,building/67003
ug_route/247736,OSP:BUSP:C670212,st_struct_pedestal/93341,st_struct_pedestal/93284
ug_route/247737,OSP:BUSP::14457213,st_struct_pedestal/93118,st_struct_pedestal/93962
ug_route/247738,OSP:BUSP:C649494,st_struct_pedestal/91526,st_struct_pedestal/92864
ug_route/247739,OSP:BUSP:C707479,st_struct_pedestal/93341,st_struct_pedestal/93284
ug_route/247740,OSP:BUSP:C655630,st_struct_pedestal/91060,building/66961
ug_route/247741,OSP:BUSP:C642156,st_struct_pedestal/92348,st_struct_buried_splice_location/3874
ug_route/247742,OSP:BUSP::8499988,st_struct_pedestal/91336,st_struct_pedestal/92336
ug_route/247743,OSP:BUSP:C650924,st_struct_pedestal/93217,st_struct_pedestal/92984
ug_route/247744,OSP:BUSP:C625480,mywcom_route_junction/28233,mywcom_route_junction/28063
ug_route/247745,OSP:BUSP:C657001,st_struct_pedestal/91002,building/68147
ug_route/247746,OSP:BUSP:C659563,st_struct_pedestal/92798,building/66464
ug_route/247747,OSP:BUSP:C655778,st_struct_pedestal/90983,st_struct_pedestal/92844
ug_route/247748,OSP:BUSP:C649750,st_struct_pedestal/93973,st_struct_pedestal/93553
ug_route/247749,OSP:BUSP:C641493,st_struct_pedestal/93593,st_struct_pedestal/93096
ug_route/247750,OSP:BUSP:C644558,st_struct_buried_splice_location/3949,st_struct_pedestal/91977
ug_route/247751,OSP:BUSP:C641601,st_struct_pedestal/92797,building/68032
ug_route/247752,OSP:BUSP:C663457,st_struct_pedestal/93592,st_struct_pedestal/93920
ug_route/247753,OSP:BUSP:C657688,st_struct_pedestal/90595,st_struct_pedestal/91393
ug_route/247754,OSP:BUSP:C641935,st_struct_pedestal/93593,st_struct_pedestal/93096
ug_route/247755,OSP:BUSP:C711848,st_struct_pedestal/93338,st_struct_pedestal/92094
ug_route/247756,OSP:BUSP:C658957,st_struct_pedestal/92432,st_struct_pedestal/90835
ug_route/247757,OSP:BUSP::15686644,st_struct_vault/2735,st_struct_pedestal/93463
ug_route/247758,OSP:BUSP:C706694,st_struct_pedestal/91127,building/67150
ug_route/247759,OSP:BUSP:C655781,st_struct_pedestal/90983,st_struct_pedestal/92844
ug_route/247760,OSP:BUSP::10875115,st_struct_pedestal/93763,st_struct_pedestal/92334
ug_route/247761,OSP:BUSP:C657846,st_struct_pedestal/92948,st_struct_pedestal/93607
ug_route/247762,OSP:BUSP:C661048,st_struct_pedestal/93635,st_struct_pedestal/93868
ug_route/247763,OSP:BUSP:C642302,st_struct_buried_splice_location/3936,st_struct_pedestal/91997
ug_route/247764,OSP:BUSP:C651809,st_struct_pedestal/93626,mywcom_route_junction/27696
ug_route/247765,OSP:BUSP:C654363,st_struct_pedestal/91682,st_struct_pedestal/92959
ug_route/247766,OSP:BUSP::8397594,st_struct_pedestal/93219,mywcom_route_junction/27248
ug_route/247767,OSP:BUSP::12139127,st_struct_pedestal/92000,st_struct_pedestal/94264
ug_route/247768,OSP:BUSP:C682181,st_struct_pedestal/93378,building/66842
ug_route/247769,OSP:BUSP::8397595,mywcom_route_junction/27248,st_struct_pedestal/93728
ug_route/247770,OSP:BUSP:C644138,st_struct_pedestal/91525,st_struct_pedestal/93428
ug_route/247771,OSP:BUSP:C655407,st_struct_pedestal/90680,building/67728
ug_route/247772,OSP:BUSP:C666054,st_struct_pedestal/90852,st_struct_pedestal/91269
ug_route/247773,OSP:FORSP::16955880,st_struct_vault/2784,st_struct_vault/2760
ug_route/247774,OSP:BUSP::11555060,cabinet/2774,pole/52701
ug_route/247775,OSP:BUSP:C639587,st_struct_pedestal/93847,building/67232
ug_route/247776,OSP:BUSP::10246629,st_struct_pedestal/93610,mywcom_route_junction/27313
ug_route/247777,OSP:FORSP::16953229,st_struct_vault/2759,mywcom_route_junction/28127
ug_route/247778,OSP:BUSP:C642292,st_struct_pedestal/92052,building/67490
ug_route/247779,OSP:BUSP:C658761,st_struct_pedestal/93782,building/68729
ug_route/247780,OSP:BUSP:C659261,st_struct_pedestal/94027,st_struct_pedestal/90560
ug_route/247781,OSP:BUSP:C709084,st_struct_pedestal/93228,building/66629
ug_route/247782,OSP:BUSP:C653395,st_struct_pedestal/92000,st_struct_pedestal/94264
ug_route/247783,OSP:BUSP:C659564,st_struct_pedestal/92035,building/66981
ug_route/247784,OSP:BUSP::13001700,st_struct_pedestal/92853,building/68602
ug_route/247785,OSP:BUSP:C657842,st_struct_pedestal/92948,st_struct_pedestal/93607
ug_route/247786,OSP:BUSP:C642115,st_struct_pedestal/93882,building/68215
ug_route/247787,OSP:BUSP:C639469,st_struct_pedestal/93204,st_struct_pedestal/93805
ug_route/247788,OSP:BUSP:C655588,st_struct_pedestal/91804,st_struct_pedestal/93109
ug_route/247789,OSP:BUSP::8490055,st_struct_pedestal/92347,st_struct_pedestal/92969
ug_route/247790,OSP:BUSP:C661049,st_struct_pedestal/93635,st_struct_pedestal/93868
ug_route/247791,OSP:BUSP::7637284,st_struct_pedestal/92337,st_struct_buried_splice_location/3939
ug_route/247792,OSP:BUSP:C662687,st_struct_pedestal/93524,st_struct_pedestal/94105
ug_route/247793,OSP:BUSP:C710199,st_struct_pedestal/93992,st_struct_pedestal/92760
ug_route/247794,OSP:FORSP:C646018,st_struct_vault/2723,st_struct_vault/2769
ug_route/247795,OSP:BUSP::9782262,st_struct_pedestal/92028,building/67983
ug_route/247796,OSP:BUSP:C660829,st_struct_pedestal/92533,building/67371
ug_route/247797,OSP:BUSP::15126676,pole/52991,pole/52627
ug_route/247798,OSP:BUSP:C658468,st_struct_pedestal/92812,building/68228
ug_route/247799,OSP:BUSP:C663626,st_struct_pedestal/93702,st_struct_buried_splice_location/3929
ug_route/247800,OSP:BUSP:C660546,st_struct_pedestal/92842,st_struct_pedestal/94317
ug_route/247801,OSP:BUSP:C709078,st_struct_pedestal/90831,mywcom_route_junction/27685
ug_route/247802,OSP:BUSP::11504010,st_struct_pedestal/93524,st_struct_pedestal/94105
ug_route/247803,OSP:BUSP:C705950,pole/54083,st_struct_pedestal/91465
ug_route/247804,OSP:BUSP:C639470,st_struct_pedestal/93204,st_struct_pedestal/93805
ug_route/247805,OSP:BUSP:C654527,st_struct_pedestal/91964,building/67996
ug_route/247806,OSP:BUSP:C682135,st_struct_pedestal/92483,building/67714
ug_route/247807,OSP:BUSP:C647333,st_struct_pedestal/90954,building/67739
ug_route/247808,OSP:BUSP:C644557,st_struct_pedestal/92209,st_struct_buried_splice_location/3949
ug_route/247809,OSP:BUSP:C660025,st_struct_pedestal/91256,st_struct_pedestal/91602
ug_route/247810,OSP:BUSP:C655451,st_struct_pedestal/91240,building/68400
ug_route/247811,OSP:FBSP:C660033,st_struct_pedestal/92554,building/67730
ug_route/247812,OSP:BUSP:C650328,st_struct_pedestal/92514,building/66859
ug_route/247813,OSP:BUSP:C682185,st_struct_pedestal/90945,building/67068
ug_route/247814,OSP:BUSP::8437279,building/66281,pole/53081
ug_route/247815,OSP:BUSP:C648247,st_struct_pedestal/91069,building/68720
ug_route/247816,OSP:BUSP:C706882,mywcom_route_junction/27609,mywcom_route_junction/27561
ug_route/247817,OSP:BUSP:C660809,st_struct_pedestal/94291,st_struct_pedestal/92511
ug_route/247818,OSP:BUSP:C682184,st_struct_pedestal/90945,building/66295
ug_route/247819,OSP:BUSP:C641922,st_struct_pedestal/92681,building/68110
ug_route/247820,OSP:BUSP:C661765,st_struct_pedestal/93759,st_struct_pedestal/93179
ug_route/247821,OSP:BUSP:C646957,st_struct_pedestal/92875,building/67380
ug_route/247822,OSP:BUSP:C670508,st_struct_pedestal/91433,st_struct_pedestal/90683
ug_route/247823,OSP:BUSP::16601559,st_struct_pedestal/91281,st_struct_pedestal/90991
ug_route/247824,OSP:BUSP:C641420,st_struct_pedestal/93320,building/68057
ug_route/247825,OSP:BUSP:C670518,st_struct_pedestal/93846,st_struct_pedestal/90624
ug_route/247826,OSP:BUSP::15769533,st_struct_pedestal/90652,building/68574
ug_route/247827,OSP:BUSP:C647426,st_struct_pedestal/90909,building/67403
ug_route/247828,OSP:BUSP:C665722,st_struct_pedestal/91990,building/68178
ug_route/247829,OSP:BUSP:C638840,st_struct_pedestal/91838,st_struct_pedestal/91935
ug_route/247830,OSP:BUSP:C647239,st_struct_pedestal/94137,st_struct_pedestal/92539
ug_route/247831,OSP:BUSP:C660666,st_struct_pedestal/91326,building/68371
ug_route/247832,OSP:BUSP:C651970,st_struct_pedestal/93976,building/68743
ug_route/247833,OSP:BUSP:C705746,st_struct_pedestal/90986,st_struct_pedestal/93518
ug_route/247834,OSP:BUSP:C656899,st_struct_pedestal/93675,st_struct_pedestal/91361
ug_route/247835,OSP:BUSP:C670408,st_struct_pedestal/93085,building/68234
ug_route/247836,OSP:BUSP:C656363,st_struct_pedestal/90696,st_struct_pedestal/93278
ug_route/247837,OSP:BUSP::17062023,st_struct_pedestal/93702,st_struct_buried_splice_location/3968
ug_route/247838,OSP:BUSP::8490385,st_struct_pedestal/93729,st_struct_pedestal/92074
ug_route/247839,OSP:BUSP:C646428,st_struct_pedestal/92166,st_struct_pedestal/92623
ug_route/247840,OSP:BUSP:C657537,st_struct_pedestal/93209,building/67287
ug_route/247841,OSP:BUSP:C660638,st_struct_pedestal/94308,building/67989
ug_route/247842,OSP:BUSP:C664823,st_struct_pedestal/94288,st_struct_pedestal/93852
ug_route/247843,OSP:BUSP:C651030,st_struct_pedestal/93944,building/68818
ug_route/247844,OSP:BUSP:C641775,st_struct_pedestal/91900,building/67063
ug_route/247845,OSP:BUSP:C642288,st_struct_pedestal/90699,st_struct_pedestal/92052
ug_route/247846,OSP:BUSP::9653622,st_struct_pedestal/92633,st_struct_pedestal/92969
ug_route/247847,OSP:BUSP:C658239,st_struct_pedestal/90947,st_struct_pedestal/92275
ug_route/247848,OSP:BUSP:C648253,st_struct_pedestal/91069,building/68273
ug_route/247849,OSP:FORSP::16962501,st_struct_vault/2747,st_struct_vault/2732
ug_route/247850,OSP:FBSP:C650450,st_struct_pedestal/90646,building/66393
ug_route/247851,OSP:BUSP:C689253,st_struct_pedestal/94005,st_struct_pedestal/93372
ug_route/247852,OSP:BUSP:C670078,st_struct_pedestal/92532,mywcom_route_junction/27120
ug_route/247853,OSP:BUSP:C709928,st_struct_pedestal/93923,building/68132
ug_route/247854,OSP:BUSP:C656345,st_struct_pedestal/90696,st_struct_pedestal/93278
ug_route/247855,OSP:BUSP:C669019,st_struct_pedestal/93904,st_struct_pedestal/90928
ug_route/247856,OSP:BUSP::10246630,mywcom_route_junction/27313,cabinet/2774
ug_route/247857,OSP:BUSP:C647241,st_struct_pedestal/94137,st_struct_pedestal/92539
ug_route/247858,OSP:BUSP::10924997,st_struct_buried_splice_location/3851,st_struct_pedestal/92483
ug_route/247859,OSP:BUSP:C644139,st_struct_pedestal/93428,building/67850
ug_route/247860,OSP:BUSP:C652817,st_struct_pedestal/92800,building/67700
ug_route/247861,OSP:BUSP:C646537,st_struct_pedestal/93922,building/66132
ug_route/247862,OSP:BUSP:C639462,st_struct_pedestal/93603,building/68432
ug_route/247863,OSP:BUSP::10962117,st_struct_pedestal/93930,st_struct_pedestal/93637
ug_route/247864,OSP:FORSP::16943300,st_struct_vault/2746,st_struct_vault/2764
ug_route/247865,OSP:BUSP:C660903,st_struct_pedestal/92830,building/67485
ug_route/247866,OSP:BUSP:C657451,st_struct_pedestal/93427,building/67810
ug_route/247867,OSP:BUSP:C657462,pole/53699,st_struct_pedestal/92697
ug_route/247868,OSP:BUSP:C660044,mywcom_route_junction/27354,mywcom_route_junction/27593
ug_route/247869,OSP:BUSP:C661924,st_struct_pedestal/93035,st_struct_pedestal/91273
ug_route/247870,OSP:BUSP:C681695,st_struct_pedestal/94314,st_struct_pedestal/91119
ug_route/247871,OSP:BUSP:C659297,st_struct_pedestal/92032,building/68513
ug_route/247872,OSP:BUSP:C653830,pole/54520,pole/54019
ug_route/247873,OSP:BUSP:C681744,st_struct_pedestal/90791,st_struct_pedestal/92363
ug_route/247874,OSP:BUSP:C648529,st_struct_pedestal/92042,st_struct_pedestal/92620
ug_route/247875,OSP:BUSP::11771924,st_struct_pedestal/90548,building/66535
ug_route/247876,OSP:BUSP:C661234,mywcom_route_junction/27181,st_struct_pedestal/93385
ug_route/247877,OSP:BUSP::16572724,st_struct_pedestal/90909,building/66930
ug_route/247878,OSP:BUSP:C642042,st_struct_pedestal/91599,building/66540
ug_route/247879,OSP:BUSP:C711700,st_struct_pedestal/91092,st_struct_pedestal/91663
ug_route/247880,OSP:BUSP:C711708,st_struct_pedestal/93377,st_struct_pedestal/93153
ug_route/247881,OSP:BUSP:C642352,st_struct_pedestal/90771,st_struct_pedestal/94241
ug_route/247882,OSP:BUSP:C651128,st_struct_pedestal/92386,st_struct_pedestal/90869
ug_route/247883,OSP:BUSP:C681958,st_struct_pedestal/94314,st_struct_pedestal/91119
ug_route/247884,OSP:BUSP:C641529,st_struct_pedestal/91698,st_struct_pedestal/93206
ug_route/247885,OSP:BUSP:C656854,st_struct_pedestal/91302,st_struct_pedestal/91992
ug_route/247886,OSP:BUSP:C689237,st_struct_pedestal/91712,st_struct_pedestal/91289
ug_route/247887,OSP:BUSP:C642358,st_struct_pedestal/90771,st_struct_pedestal/94241
ug_route/247888,OSP:BUSP:C658959,st_struct_pedestal/90835,building/66642
ug_route/247889,OSP:BUSP:C661669,st_struct_pedestal/92410,st_struct_pedestal/92191
ug_route/247890,OSP:BUSP:C670682,st_struct_pedestal/93026,st_struct_pedestal/92989
ug_route/247891,OSP:BUSP:C660196,st_struct_pedestal/93635,st_struct_pedestal/92498
ug_route/247892,OSP:BUSP:C704804,st_struct_pedestal/92227,st_struct_pedestal/92551
ug_route/247893,OSP:BUSP::8589587,cabinet/2817,pole/53679
ug_route/247894,OSP:BUSP:C670686,st_struct_pedestal/93026,st_struct_pedestal/92989
ug_route/247895,OSP:FBSP:C660028,st_struct_pedestal/91256,building/67190
ug_route/247896,OSP:BUSP:C657947,st_struct_pedestal/91936,st_struct_pedestal/90726
ug_route/247897,OSP:BUSP:C660600,st_struct_pedestal/91431,st_struct_pedestal/90887
ug_route/247898,OSP:BUSP:C661023,st_struct_pedestal/93635,st_struct_pedestal/92498
ug_route/247899,OSP:BUSP:C669049,st_struct_pedestal/92454,building/67072
ug_route/247900,OSP:BUSP:C657952,st_struct_pedestal/91936,st_struct_pedestal/90726
ug_route/247901,OSP:BUSP::14152566,mywcom_route_junction/28039,mywcom_route_junction/27231
ug_route/247902,OSP:BUSP:C659570,st_struct_pedestal/92269,building/66906
ug_route/247903,OSP:BUSP:C666353,st_struct_pedestal/94017,mywcom_route_junction/28014
ug_route/247904,OSP:BUSP:C665671,st_struct_pedestal/93926,st_struct_pedestal/93597
ug_route/247905,OSP:BUSP:C651539,st_struct_pedestal/94086,building/67585
ug_route/247906,OSP:FBSP:C709578,st_struct_pedestal/91942,building/68528
ug_route/247907,OSP:BUSP:C657724,st_struct_pedestal/93779,st_struct_pedestal/92527
ug_route/247908,OSP:BUSP:C660635,st_struct_pedestal/93738,building/67055
ug_route/247909,OSP:BUSP:C661728,st_struct_pedestal/93877,st_struct_pedestal/92962
ug_route/247910,OSP:BUSP:C639313,st_struct_pedestal/93663,building/68288
ug_route/247911,OSP:BUSP::12613059,mywcom_route_junction/27612,mywcom_route_junction/28148
ug_route/247912,OSP:BUSP::15006005,st_struct_pedestal/94272,st_struct_pedestal/93741
ug_route/247913,OSP:BUSP:C657749,st_struct_pedestal/92283,st_struct_pedestal/90603
ug_route/247914,OSP:BUSP:C655320,st_struct_pedestal/90566,building/68514
ug_route/247915,OSP:BUSP::14152568,mywcom_route_junction/28039,mywcom_route_junction/27590
ug_route/247916,OSP:BUSP:C682202,mywcom_route_junction/27813,mywcom_route_junction/27261
ug_route/247917,OSP:COND::10876663,st_struct_vault/2718,st_struct_vault/2733
ug_route/247918,OSP:BUSP:C659094,st_struct_pedestal/94124,mywcom_route_junction/27272
ug_route/247919,OSP:BUSP:C658546,st_struct_pedestal/91865,building/66254
ug_route/247920,OSP:BUSP:C659996,st_struct_pedestal/90575,building/68708
ug_route/247921,OSP:BUSP:C666995,st_struct_pedestal/93039,st_struct_pedestal/90947
ug_route/247922,OSP:BUSP:C670022,st_struct_pedestal/92911,st_struct_buried_splice_location/3922
ug_route/247923,OSP:BUSP:C666044,st_struct_pedestal/93184,st_struct_pedestal/94225
ug_route/247924,OSP:BUSP::13460453,st_struct_pedestal/92504,building/66749
ug_route/247925,OSP:BUSP:C667586,pole/54260,st_struct_pedestal/93047
ug_route/247926,OSP:BUSP:C650257,st_struct_pedestal/92795,building/66915
ug_route/247927,OSP:BUSP:C670820,st_struct_pedestal/93381,st_struct_pedestal/92242
ug_route/247928,OSP:BUSP:C650343,st_struct_pedestal/92744,st_struct_pedestal/91907
ug_route/247929,OSP:BUSP:C656905,st_struct_pedestal/91361,building/68807
ug_route/247930,OSP:BUSP:C660664,st_struct_pedestal/91326,building/67749
ug_route/247931,OSP:BUSP:C666985,st_struct_pedestal/92466,st_struct_pedestal/91280
ug_route/247932,OSP:BUSP:C671148,st_struct_pedestal/93985,building/66229
ug_route/247933,OSP:BUSP:C664816,st_struct_pedestal/94288,st_struct_pedestal/92108
ug_route/247934,OSP:BUSP:C658207,st_struct_pedestal/93347,st_struct_pedestal/92560
ug_route/247935,OSP:BUSP:C660116,st_struct_pedestal/92743,st_struct_pedestal/94200
ug_route/247936,OSP:BUSP:C655121,st_struct_pedestal/90924,st_struct_pedestal/93173
ug_route/247937,OSP:BUSP:C660632,st_struct_pedestal/94308,st_struct_pedestal/93738
ug_route/247938,OSP:BUSP:C651385,st_struct_pedestal/93369,building/66541
ug_route/247939,OSP:FORSP::16944902,st_struct_vault/2721,st_struct_vault/2725
ug_route/247940,OSP:BUSP:C667015,st_struct_pedestal/92560,mywcom_route_junction/27982
ug_route/247941,OSP:BUSP::8399177,st_struct_pedestal/90585,st_struct_pedestal/91808
ug_route/247942,OSP:BUSP:C704886,pole/54506,st_struct_pedestal/93904
ug_route/247943,OSP:BUSP:C663476,st_struct_pedestal/93443,st_struct_pedestal/93920
ug_route/247944,OSP:FBSP:C709983,st_struct_buried_splice_location/3893,building/68145
ug_route/247945,OSP:BUSP:C651185,mywcom_route_junction/27992,mywcom_route_junction/27200
ug_route/247946,OSP:BUSP:C657432,st_struct_pedestal/92159,building/68325
ug_route/247947,OSP:BUSP::15006018,st_struct_pedestal/93741,st_struct_pedestal/92654
ug_route/247948,OSP:BUSP:C660074,st_struct_pedestal/92401,st_struct_pedestal/91586
ug_route/247949,OSP:BUSP:C705956,st_struct_pedestal/91196,st_struct_pedestal/91254
ug_route/247950,OSP:BUSP:C656740,st_struct_pedestal/93672,building/68108
ug_route/247951,OSP:BUSP:C660084,st_struct_pedestal/92401,st_struct_pedestal/91586
ug_route/247952,OSP:BUSP:C653794,st_struct_pedestal/93502,st_struct_pedestal/92219
ug_route/247953,OSP:BUSP:C643409,st_struct_pedestal/90567,building/66752
ug_route/247954,OSP:BUSP:C652008,st_struct_pedestal/90823,st_struct_pedestal/92909
ug_route/247955,OSP:BUSP:C639077,st_struct_pedestal/90855,st_struct_pedestal/92791
ug_route/247956,OSP:BUSP:C665770,mywcom_route_junction/27267,mywcom_route_junction/27127
ug_route/247957,OSP:BUSP:C658445,st_struct_pedestal/91923,st_struct_pedestal/92528
ug_route/247958,OSP:BUSP:C652770,st_struct_pedestal/91232,st_struct_pedestal/91321
ug_route/247959,OSP:BUSP:C641377,st_struct_pedestal/92772,building/66979
ug_route/247960,OSP:BUSP:C667265,st_struct_pedestal/94263,st_struct_pedestal/92079
ug_route/247961,OSP:BUSP::16684084,st_struct_pedestal/92259,st_struct_pedestal/92583
ug_route/247962,OSP:BUSP:C654844,mywcom_route_junction/27979,mywcom_route_junction/27152
ug_route/247963,OSP:BUSP::12070648,st_struct_pedestal/93855,st_struct_pedestal/93905
ug_route/247964,OSP:BUSP::8575503,mywcom_route_junction/27530,cabinet/2825
ug_route/247965,OSP:FBSP:C650447,st_struct_pedestal/90646,building/67802
ug_route/247966,OSP:BUSP:C642099,st_struct_pedestal/93351,st_struct_pedestal/93726
ug_route/247967,OSP:BUSP:C664392,st_struct_pedestal/91705,st_struct_pedestal/92779
ug_route/247968,OSP:BUSP:C667672,cabinet/2786,st_struct_pedestal/92074
ug_route/247969,OSP:BUSP:C656026,st_struct_pedestal/93440,st_struct_pedestal/91314
ug_route/247970,OSP:BUSP:C659559,st_struct_pedestal/92107,st_struct_pedestal/92798
ug_route/247971,OSP:FBSP:C670269,st_struct_pedestal/94155,building/66838
ug_route/247972,OSP:BUSP:C659514,st_struct_pedestal/92403,building/66463
ug_route/247973,OSP:BUSP:C642286,st_struct_pedestal/93351,st_struct_pedestal/93726
ug_route/247974,OSP:BUSP:C659834,st_struct_pedestal/90769,st_struct_pedestal/92461
ug_route/247975,OSP:BUSP:C648348,st_struct_pedestal/93921,st_struct_pedestal/93684
ug_route/247976,OSP:BUSP:C660878,st_struct_pedestal/94263,building/67843
ug_route/247977,OSP:BUSP:C658961,st_struct_pedestal/90835,building/66145
ug_route/247978,OSP:BUSP:C663667,st_struct_pedestal/93498,st_struct_pedestal/92723
ug_route/247979,OSP:BUSP:C706910,st_struct_pedestal/91424,st_struct_pedestal/90585
ug_route/247980,OSP:BUSP:C639216,st_struct_pedestal/91304,building/68509
ug_route/247981,OSP:BUSP:C645838,st_struct_pedestal/93094,st_struct_pedestal/91476
ug_route/247982,OSP:BUSP:C642136,st_struct_pedestal/91997,st_struct_buried_splice_location/3921
ug_route/247983,OSP:BUSP::9498785,mywcom_route_junction/28159,mywcom_route_junction/27623
ug_route/247984,OSP:BUSP::8369743,cabinet/2852,mywcom_route_junction/28183
ug_route/247985,OSP:BUSP:C671093,st_struct_pedestal/92632,st_struct_pedestal/93874
ug_route/247986,OSP:BUSP:C682035,st_struct_buried_splice_location/3845,building/67057
ug_route/247987,OSP:BUSP:C665721,st_struct_pedestal/92497,st_struct_pedestal/91990
ug_route/247988,OSP:BUSP:C653474,st_struct_pedestal/92479,st_struct_pedestal/93015
ug_route/247989,OSP:BUSP::13616262,cabinet/2774,st_struct_pedestal/93874
ug_route/247990,OSP:BUSP:C708273,mywcom_route_junction/28011,building/68730
ug_route/247991,OSP:BUSP:C659927,st_struct_pedestal/93763,st_struct_pedestal/93714
ug_route/247992,OSP:BUSP:C651318,st_struct_pedestal/92769,building/67238
ug_route/247993,OSP:BUSP::8424132,st_struct_pedestal/93164,st_struct_pedestal/91913
ug_route/247994,OSP:BUSP:C660023,st_struct_pedestal/92817,st_struct_pedestal/91256
ug_route/247995,OSP:BUSP::8399816,st_struct_pedestal/93714,st_struct_pedestal/93763
ug_route/247996,OSP:BUSP:C654723,st_struct_pedestal/93202,building/68552
ug_route/247997,OSP:BUSP:C641584,st_struct_pedestal/91774,building/66171
ug_route/247998,OSP:BUSP:C705140,st_struct_pedestal/92985,st_struct_pedestal/90622
ug_route/247999,OSP:BUSP:C642494,st_struct_pedestal/93178,st_struct_pedestal/91029
ug_route/248000,OSP:BUSP:C640282,st_struct_pedestal/94024,building/67851
ug_route/248001,OSP:FBSP::8950871,st_struct_pedestal/91731,mywcom_route_junction/27734
ug_route/248002,OSP:BUSP:C668237,st_struct_pedestal/92497,st_struct_pedestal/91990
ug_route/248003,OSP:BUSP:C683362,st_struct_pedestal/93422,st_struct_pedestal/92419
ug_route/248004,OSP:BUSP:C656584,st_struct_buried_splice_location/3944,st_struct_pedestal/92661
ug_route/248005,OSP:BUSP:C711841,st_struct_pedestal/92429,st_struct_pedestal/92097
ug_route/248006,OSP:BUSP:C657931,st_struct_pedestal/93160,st_struct_pedestal/92438
ug_route/248007,OSP:BUSP:C640310,st_struct_pedestal/92839,st_struct_pedestal/93547
ug_route/248008,OSP:BUSP:C642338,st_struct_pedestal/91979,st_struct_pedestal/93313
ug_route/248009,OSP:BUSP::7622218,st_struct_pedestal/91711,building/68626
ug_route/248010,OSP:BUSP:C649654,st_struct_pedestal/93921,st_struct_pedestal/93684
ug_route/248011,OSP:BUSP:C662200,st_struct_pedestal/93809,st_struct_pedestal/93087
ug_route/248012,OSP:BUSP::8440467,cabinet/2763,st_struct_pedestal/93991
ug_route/248013,OSP:BUSP::8906056,mywcom_route_junction/28054,st_struct_pedestal/92583
ug_route/248014,OSP:BUSP:C668875,st_struct_pedestal/92282,pole/54394
ug_route/248015,OSP:BUSP:C650638,st_struct_pedestal/92740,building/68641
ug_route/248016,OSP:BUSP:C657887,st_struct_pedestal/90657,st_struct_pedestal/93950
ug_route/248017,OSP:FORSP::16949400,st_struct_vault/2749,st_struct_vault/2777
ug_route/248018,OSP:BUSP:C657884,st_struct_pedestal/90657,st_struct_pedestal/93950
ug_route/248019,OSP:BUSP:C665160,st_struct_pedestal/93050,st_struct_pedestal/93195
ug_route/248020,OSP:BUSP:C704830,st_struct_pedestal/92839,st_struct_pedestal/93547
ug_route/248021,OSP:BUSP::8397596,st_struct_pedestal/93728,st_struct_pedestal/90627
ug_route/248022,OSP:FORSP::16938501,st_struct_vault/2723,st_struct_vault/2736
ug_route/248023,OSP:BUSP:C652020,st_struct_pedestal/92154,building/67486
ug_route/248024,OSP:FBSP:C708024,st_struct_pedestal/93938,building/67539
ug_route/248025,OSP:BUSP:C661616,st_struct_pedestal/92883,building/67154
ug_route/248026,OSP:BUSP:C646667,st_struct_pedestal/92070,building/68083
ug_route/248027,OSP:BUSP:C670338,st_struct_pedestal/91769,st_struct_pedestal/93242
ug_route/248028,OSP:BUSP:C656127,st_struct_pedestal/90877,building/67234
ug_route/248029,OSP:BUSP:C646830,mywcom_route_junction/28046,mywcom_route_junction/27437
ug_route/248030,OSP:BUSP:C650237,st_struct_pedestal/92795,st_struct_pedestal/91906
ug_route/248031,OSP:BUSP::10227743,mywcom_route_junction/27670,st_struct_pedestal/94265
ug_route/248032,OSP:FBSP:C709579,st_struct_pedestal/93005,building/67678
ug_route/248033,OSP:BUSP:C707557,st_struct_pedestal/91149,st_struct_pedestal/92615
ug_route/248034,OSP:BUSP:C682207,st_struct_pedestal/91896,st_struct_buried_splice_location/3996
ug_route/248035,OSP:BUSP:C653139,st_struct_pedestal/93807,building/67441
ug_route/248036,OSP:FORSP::16954838,mywcom_route_junction/28064,st_struct_vault/2745
ug_route/248037,OSP:BUSP:C670350,st_struct_pedestal/91769,st_struct_pedestal/93242
ug_route/248038,OSP:BUSP:C668523,st_struct_pedestal/91141,building/66372
ug_route/248039,OSP:BUSP::8573894,st_struct_pedestal/91507,st_struct_pedestal/92700
ug_route/248040,OSP:BUSP:C711738,st_struct_pedestal/94265,st_struct_pedestal/92988
ug_route/248041,OSP:BUSP:C650247,st_struct_pedestal/92795,st_struct_pedestal/91906
ug_route/248042,OSP:BUSP:C639084,st_struct_pedestal/90855,building/67499
ug_route/248043,OSP:BUSP:C656936,st_struct_pedestal/91355,st_struct_pedestal/92776
ug_route/248044,OSP:BUSP:C708150,st_struct_pedestal/92760,st_struct_pedestal/90555
ug_route/248045,OSP:BUSP:C657913,st_struct_pedestal/92329,building/68618
ug_route/248046,OSP:BUSP:C648828,st_struct_pedestal/93830,building/66991
ug_route/248047,OSP:BUSP:C646827,mywcom_route_junction/28046,mywcom_route_junction/27437
ug_route/248048,OSP:BUSP:C641571,st_struct_pedestal/94244,st_struct_pedestal/93318
ug_route/248049,OSP:BUSP:C642258,st_struct_pedestal/91957,building/68429
ug_route/248050,OSP:BUSP::7622222,st_struct_pedestal/91262,st_struct_pedestal/92500
ug_route/248051,OSP:BUSP:C639065,st_struct_pedestal/92791,building/66668
ug_route/248052,OSP:BUSP:C640133,st_struct_pedestal/92264,st_struct_pedestal/91063
ug_route/248053,OSP:BUSP::12882484,mywcom_route_junction/27312,mywcom_route_junction/27821
ug_route/248054,OSP:BUSP:C706890,st_struct_pedestal/93629,mywcom_route_junction/27234
ug_route/248055,OSP:BUSP:C669951,st_struct_pedestal/91777,st_struct_pedestal/92164
ug_route/248056,OSP:BUSP:C670405,st_struct_pedestal/91706,building/66195
ug_route/248057,OSP:BUSP:C641919,st_struct_pedestal/94244,st_struct_pedestal/93318
ug_route/248058,OSP:BUSP:C658211,st_struct_pedestal/92560,building/68093
ug_route/248059,OSP:BUSP:C670352,st_struct_pedestal/91769,st_struct_pedestal/93242
ug_route/248060,OSP:BUSP::13250821,mywcom_route_junction/27672,st_struct_pedestal/91621
ug_route/248061,OSP:BUSP:C641746,st_struct_pedestal/91591,st_struct_pedestal/92690
ug_route/248062,OSP:BUSP:C670503,st_struct_pedestal/90688,building/68837
ug_route/248063,OSP:BUSP:C708096,st_struct_pedestal/91492,st_struct_pedestal/93999
ug_route/248064,OSP:BUSP:C660121,st_struct_pedestal/94200,st_struct_pedestal/92198
ug_route/248065,OSP:BUSP::14929851,mywcom_route_junction/27954,mywcom_route_junction/27291
ug_route/248066,OSP:BUSP:C659760,st_struct_buried_splice_location/3884,st_struct_pedestal/91980
ug_route/248067,OSP:BUSP::7941252,st_struct_pedestal/93732,st_struct_pedestal/92980
ug_route/248068,OSP:BUSP:C669866,st_struct_pedestal/91745,st_struct_pedestal/91167
ug_route/248069,OSP:BUSP:C670509,st_struct_pedestal/90688,building/68837
ug_route/248070,OSP:BUSP:C689239,st_struct_pedestal/91289,st_struct_pedestal/92826
ug_route/248071,OSP:BUSP:C670664,st_struct_pedestal/94298,st_struct_pedestal/93026
ug_route/248072,OSP:BUSP:C657434,st_struct_pedestal/92159,st_struct_pedestal/92105
ug_route/248073,OSP:BUSP:C666975,st_struct_pedestal/92071,st_struct_pedestal/91054
ug_route/248074,OSP:BUSP:C665695,st_struct_pedestal/93816,building/66556
ug_route/248075,OSP:BUSP:C641711,st_struct_pedestal/91591,st_struct_pedestal/92690
ug_route/248076,OSP:BUSP:C646057,st_struct_pedestal/90748,st_struct_pedestal/92613
ug_route/248077,OSP:FBSP:C669043,st_struct_pedestal/91581,building/67384
ug_route/248078,OSP:BUSP:C639792,st_struct_pedestal/93468,building/68430
ug_route/248079,OSP:BUSP:C708302,st_struct_pedestal/91919,st_struct_pedestal/92828
ug_route/248080,OSP:BUSP:C648240,st_struct_pedestal/91069,building/67335
ug_route/248081,OSP:BUSP:C708303,st_struct_pedestal/91919,st_struct_pedestal/92828
ug_route/248082,OSP:BUSP:C660823,st_struct_pedestal/92222,st_struct_pedestal/91049
ug_route/248083,OSP:BUSP::8348932,st_struct_pedestal/91184,st_struct_pedestal/91707
ug_route/248084,OSP:BUSP:C661628,st_struct_pedestal/90906,st_struct_pedestal/91684
ug_route/248085,OSP:BUSP:C708304,st_struct_pedestal/91919,st_struct_pedestal/92828
ug_route/248086,OSP:BUSP:C660062,st_struct_pedestal/93099,building/67131
ug_route/248087,OSP:BUSP::8402717,mywcom_route_junction/27498,cabinet/2755
ug_route/248088,OSP:BUSP:C645094,st_struct_pedestal/92370,st_struct_pedestal/91199
ug_route/248089,OSP:BUSP:C657435,st_struct_pedestal/92159,st_struct_pedestal/92105
ug_route/248090,OSP:BUSP:C683158,st_struct_pedestal/90619,building/68407
ug_route/248091,OSP:BUSP:C653471,st_struct_pedestal/90813,st_struct_pedestal/92479
ug_route/248092,OSP:BUSP:C646064,st_struct_pedestal/90748,st_struct_pedestal/92613
ug_route/248093,OSP:BUSP:C656871,st_struct_pedestal/91302,building/67797
ug_route/248094,OSP:FORSP::16949397,st_struct_vault/2727,st_struct_vault/2770
ug_route/248095,OSP:BUSP::9738424,st_struct_pedestal/91867,st_struct_pedestal/91215
ug_route/248096,OSP:BUSP:C657748,st_struct_pedestal/92836,st_struct_pedestal/92283
ug_route/248097,OSP:BUSP:C682041,st_struct_pedestal/91255,building/66537
ug_route/248098,OSP:BUSP:C671132,st_struct_pedestal/93985,st_struct_pedestal/91035
ug_route/248099,OSP:FORSP::16938500,st_struct_vault/2736,mywcom_route_junction/27277
ug_route/248100,OSP:BUSP:C657575,st_struct_pedestal/91640,building/67673
ug_route/248101,OSP:BUSP:C657747,st_struct_pedestal/92836,st_struct_pedestal/92283
ug_route/248102,OSP:BUSP:C639784,st_struct_pedestal/92038,building/67796
ug_route/248103,OSP:BUSP:C671209,st_struct_pedestal/90765,st_struct_pedestal/93268
ug_route/248104,OSP:BUSP:C653493,st_struct_pedestal/90813,st_struct_pedestal/92479
ug_route/248105,OSP:BUSP:C682050,st_struct_pedestal/92704,building/66106
ug_route/248106,OSP:BUSP:C660182,st_struct_pedestal/92793,building/68435
ug_route/248107,OSP:BUSP:C649110,st_struct_pedestal/90623,building/67870
ug_route/248108,OSP:BUSP:C650174,st_struct_pedestal/94172,st_struct_pedestal/93795
ug_route/248109,OSP:BUSP:C709105,st_struct_pedestal/90590,st_struct_pedestal/91901
ug_route/248110,OSP:BUSP:C669577,st_struct_pedestal/91816,st_struct_pedestal/93389
ug_route/248111,OSP:BUSP:C707893,st_struct_pedestal/91772,building/67160
ug_route/248112,OSP:BUSP:C654660,st_struct_pedestal/90883,building/67252
ug_route/248113,OSP:BUSP:C656347,st_struct_buried_splice_location/3855,st_struct_buried_splice_location/3978
ug_route/248114,OSP:BUSP::8711820,st_struct_pedestal/94274,st_struct_pedestal/91374
ug_route/248115,OSP:BUSP:C651134,st_struct_pedestal/92653,st_struct_buried_splice_location/3942
ug_route/248116,OSP:BUSP:C661812,st_struct_pedestal/93828,st_struct_pedestal/91129
ug_route/248117,OSP:BUSP:C669025,st_struct_pedestal/91860,building/66595
ug_route/248118,OSP:BUSP:C656381,st_struct_buried_splice_location/3855,st_struct_buried_splice_location/3978
ug_route/248119,OSP:BUSP::8711821,st_struct_pedestal/94274,st_struct_pedestal/91374
ug_route/248120,OSP:BUSP:C652648,st_struct_pedestal/93091,building/68340
ug_route/248121,OSP:BUSP:C655134,st_struct_pedestal/91580,building/67906
ug_route/248122,OSP:BUSP:C660158,st_struct_buried_splice_location/3859,st_struct_pedestal/92898
ug_route/248123,OSP:BUSP:C664369,st_struct_pedestal/94171,st_struct_pedestal/93612
ug_route/248124,OSP:BUSP:C648932,st_struct_pedestal/93681,building/68785
ug_route/248125,OSP:BUSP::12612770,mywcom_route_junction/27208,mywcom_route_junction/27984
ug_route/248126,OSP:BUSP::8591495,mywcom_route_junction/27242,mywcom_route_junction/27348
ug_route/248127,OSP:BUSP:C652789,st_struct_pedestal/92767,building/66347
ug_route/248128,OSP:BUSP:C641569,st_struct_pedestal/90654,building/66580
ug_route/248129,OSP:BUSP:C669940,cabinet/2786,pole/54035
ug_route/248130,OSP:FBSP:C669055,st_struct_pedestal/91581,building/67384
ug_route/248131,OSP:BUSP:C646956,st_struct_pedestal/92881,building/66133
ug_route/248132,OSP:BUSP:C654431,st_struct_pedestal/91694,st_struct_pedestal/93097
ug_route/248133,OSP:BUSP:C671204,st_struct_pedestal/91382,st_struct_pedestal/93268
ug_route/248134,OSP:BUSP:C711681,mywcom_route_junction/27787,st_struct_pedestal/91951
ug_route/248135,OSP:BUSP:C656050,st_struct_pedestal/92060,st_struct_pedestal/92652
ug_route/248136,OSP:BUSP:C650380,st_struct_pedestal/91534,st_struct_pedestal/92302
ug_route/248137,OSP:BUSP:C653687,st_struct_pedestal/92499,building/66983
ug_route/248138,OSP:BUSP:C671045,st_struct_pedestal/91531,building/68111
ug_route/248139,OSP:FBSP:C705176,building/66365,mywcom_route_junction/27410
ug_route/248140,OSP:BUSP:C655190,st_struct_pedestal/94190,st_struct_pedestal/94103
ug_route/248141,OSP:BUSP:C663443,st_struct_pedestal/92847,st_struct_pedestal/92277
ug_route/248142,OSP:BUSP:C638807,st_struct_pedestal/93348,st_struct_pedestal/94193
ug_route/248143,OSP:BUSP:C658533,st_struct_pedestal/93395,mywcom_route_junction/27197
ug_route/248144,OSP:BUSP:C650485,st_struct_pedestal/90955,building/66475
ug_route/248145,OSP:BUSP:C655625,st_struct_pedestal/92227,st_struct_pedestal/91060
ug_route/248146,OSP:BUSP:C647711,st_struct_pedestal/91476,st_struct_pedestal/94321
ug_route/248147,OSP:BUSP:C655327,st_struct_pedestal/93319,st_struct_pedestal/93665
ug_route/248148,OSP:BUSP::9523703,st_struct_pedestal/93479,st_struct_pedestal/91173
ug_route/248149,OSP:BUSP:C659966,st_struct_pedestal/93492,st_struct_pedestal/92814
ug_route/248150,OSP:BUSP:C710190,st_struct_pedestal/93873,st_struct_pedestal/92425
ug_route/248151,OSP:BUSP:C652793,st_struct_pedestal/92767,st_struct_pedestal/91449
ug_route/248152,OSP:BUSP:C708120,st_struct_pedestal/91129,st_struct_pedestal/91186
ug_route/248153,OSP:BUSP::11470930,st_struct_pedestal/90650,st_struct_pedestal/94004
ug_route/248154,OSP:BUSP:C657112,st_struct_pedestal/93284,st_struct_pedestal/91552
ug_route/248155,OSP:BUSP:C650636,st_struct_pedestal/92740,building/67559
ug_route/248156,OSP:BUSP:C707034,pole/52805,st_struct_pedestal/92347
ug_route/248157,OSP:FBSP::12937530,building/66342,building/68565
ug_route/248158,OSP:BUSP:C705238,st_struct_pedestal/92228,st_struct_pedestal/91680
ug_route/248159,OSP:BUSP:C657124,st_struct_pedestal/93284,st_struct_pedestal/91552
ug_route/248160,OSP:BUSP:C647203,st_struct_pedestal/92681,building/67885
ug_route/248161,OSP:BUSP:C655387,st_struct_pedestal/93319,st_struct_pedestal/93665
ug_route/248162,OSP:BUSP:C652960,st_struct_pedestal/91973,st_struct_pedestal/91444
ug_route/248163,OSP:BUSP:C640966,st_struct_pedestal/92735,building/66989
ug_route/248164,OSP:BUSP:C657685,st_struct_pedestal/92527,st_struct_pedestal/92491
ug_route/248165,OSP:BUSP:C665814,st_struct_pedestal/93195,st_struct_pedestal/93980
ug_route/248166,OSP:BUSP:C644112,st_struct_pedestal/93345,mywcom_route_junction/27360
ug_route/248167,OSP:BUSP:C641407,st_struct_buried_splice_location/3895,st_struct_pedestal/90645
ug_route/248168,OSP:BUSP:C640238,st_struct_pedestal/92378,building/68001
ug_route/248169,OSP:BUSP:C657132,st_struct_pedestal/93284,st_struct_pedestal/91552
ug_route/248170,OSP:FBSP:C708057,st_struct_pedestal/94103,building/66245
ug_route/248171,OSP:BUSP:C658005,st_struct_pedestal/92840,building/68562
ug_route/248172,OSP:BUSP:C711847,st_struct_pedestal/90994,st_struct_pedestal/93338
ug_route/248173,OSP:BUSP::15996737,st_struct_pedestal/91159,st_struct_pedestal/91614
ug_route/248174,OSP:BUSP:C645689,st_struct_pedestal/93084,st_struct_pedestal/92065
ug_route/248175,OSP:FBSP:C660522,st_struct_pedestal/92178,building/67357
ug_route/248176,OSP:BUSP:C638860,st_struct_pedestal/91198,st_struct_pedestal/91783
ug_route/248177,OSP:BUSP:C670703,st_struct_pedestal/93245,st_struct_pedestal/92989
ug_route/248178,OSP:BUSP:C669072,st_struct_pedestal/93250,st_struct_pedestal/93912
ug_route/248179,OSP:BUSP:C709059,st_struct_pedestal/90638,st_struct_pedestal/92987
ug_route/248180,OSP:BUSP:C669078,st_struct_pedestal/93250,st_struct_pedestal/93912
ug_route/248181,OSP:BUSP:C669070,st_struct_pedestal/92274,st_struct_pedestal/92309
ug_route/248182,OSP:BUSP:C644122,st_struct_pedestal/91940,st_struct_buried_splice_location/3914
ug_route/248183,OSP:BUSP:C681570,st_struct_pedestal/90919,building/66802
ug_route/248184,OSP:BUSP::13026233,st_struct_pedestal/93820,st_struct_pedestal/92746
ug_route/248185,OSP:BUSP:C659057,st_struct_pedestal/94124,building/68753
ug_route/248186,OSP:BUSP::8603338,st_struct_pedestal/91740,st_struct_pedestal/90944
ug_route/248187,OSP:BUSP:C646610,mywcom_route_junction/28169,st_struct_pedestal/92605
ug_route/248188,OSP:BUSP:C645716,st_struct_pedestal/93084,st_struct_pedestal/92065
ug_route/248189,OSP:BUSP:C670507,st_struct_pedestal/91433,building/66691
ug_route/248190,OSP:BUSP:C648964,pole/53866,st_struct_pedestal/93595
ug_route/248191,OSP:BUSP:C658087,st_struct_pedestal/91219,building/66910
ug_route/248192,OSP:BUSP:C670402,st_struct_pedestal/92274,st_struct_pedestal/92309
ug_route/248193,OSP:BUSP:C670662,st_struct_pedestal/93245,st_struct_pedestal/93026
ug_route/248194,OSP:BUSP:C653822,st_struct_pedestal/92218,building/67039
ug_route/248195,OSP:BUSP:C641510,st_struct_pedestal/91955,building/66122
ug_route/248196,OSP:BUSP::9737781,st_struct_pedestal/91956,st_struct_pedestal/91867
ug_route/248197,OSP:BUSP:C650875,st_struct_pedestal/92386,st_struct_pedestal/90700
ug_route/248198,OSP:BUSP:C654665,st_struct_pedestal/93546,st_struct_pedestal/94006
ug_route/248199,OSP:BUSP:C665949,st_struct_buried_splice_location/3926,st_struct_pedestal/94029
ug_route/248200,OSP:BUSP:C689252,st_struct_pedestal/94005,building/67399
ug_route/248201,OSP:BUSP:C665615,st_struct_pedestal/91230,building/68382
ug_route/248202,OSP:BUSP:C670403,st_struct_pedestal/92309,st_struct_pedestal/92274
ug_route/248203,OSP:BUSP:C660164,st_struct_pedestal/90637,st_struct_pedestal/93101
ug_route/248204,OSP:BUSP:C654669,st_struct_pedestal/93546,st_struct_pedestal/94006
ug_route/248205,OSP:BUSP:C648793,st_struct_pedestal/91421,building/66942
ug_route/248206,OSP:BUSP:C652011,st_struct_pedestal/92909,st_struct_pedestal/91520
ug_route/248207,OSP:BUSP:C650929,st_struct_pedestal/90700,st_struct_pedestal/92386
ug_route/248208,OSP:BUSP:C658213,st_struct_pedestal/92560,st_struct_buried_splice_location/3975
ug_route/248209,OSP:BUSP:C646955,st_struct_pedestal/92881,building/68858
ug_route/248210,OSP:BUSP:C660050,st_struct_pedestal/93763,st_struct_pedestal/92151
ug_route/248211,OSP:BUSP:C641994,st_struct_pedestal/91023,building/68681
ug_route/248212,OSP:BUSP:C647275,st_struct_pedestal/93923,building/68304
ug_route/248213,OSP:BUSP::12034973,st_struct_buried_splice_location/3974,building/68547
ug_route/248214,OSP:BUSP:C654785,st_struct_pedestal/93626,st_struct_pedestal/92379
ug_route/248215,OSP:BUSP:C639444,st_struct_pedestal/93441,building/66450
ug_route/248216,OSP:BUSP:C656349,st_struct_buried_splice_location/3978,st_struct_pedestal/93090
ug_route/248217,OSP:BUSP:C659513,st_struct_pedestal/92883,building/66320
ug_route/248218,OSP:BUSP:C660019,st_struct_pedestal/92941,st_struct_pedestal/92853
ug_route/248219,OSP:BUSP:C665772,mywcom_route_junction/27843,mywcom_route_junction/27737
ug_route/248220,OSP:BUSP:C646954,st_struct_pedestal/92881,building/66775
ug_route/248221,OSP:BUSP:C641768,st_struct_pedestal/93554,st_struct_pedestal/92838
ug_route/248222,OSP:BUSP:C668550,st_struct_pedestal/91141,building/67313
ug_route/248223,OSP:BUSP:C641419,st_struct_pedestal/90690,building/68614
ug_route/248224,OSP:BUSP:C657922,st_struct_pedestal/91936,st_struct_pedestal/93201
ug_route/248225,OSP:BUSP:C705513,st_struct_pedestal/90696,st_struct_pedestal/92220
ug_route/248226,OSP:BUSP:C651137,st_struct_buried_splice_location/3942,st_struct_pedestal/92308
ug_route/248227,OSP:BUSP:C653624,st_struct_pedestal/93390,st_struct_buried_splice_location/3959
ug_route/248228,OSP:BUSP:C654820,st_struct_pedestal/92216,st_struct_pedestal/91902
ug_route/248229,OSP:BUSP:C652004,st_struct_pedestal/92341,building/67271
ug_route/248230,OSP:BUSP:C706653,st_struct_pedestal/92960,st_struct_pedestal/92575
ug_route/248231,OSP:BUSP:D8183764,st_struct_pedestal/92581,mywcom_route_junction/28118
ug_route/248232,OSP:BUSP:C639725,st_struct_pedestal/93721,building/68701
ug_route/248233,OSP:BUSP:C660569,st_struct_pedestal/93165,building/67579
ug_route/248234,OSP:BUSP:C642108,st_struct_pedestal/93630,building/66577
ug_route/248235,OSP:BUSP:C641278,st_struct_pedestal/91637,st_struct_pedestal/91599
ug_route/248236,OSP:BUSP:C660815,st_struct_pedestal/92511,st_struct_pedestal/92196
ug_route/248237,OSP:BUSP:C657962,st_struct_pedestal/93277,st_struct_pedestal/91113
ug_route/248238,OSP:BUSP:C659562,st_struct_pedestal/92403,st_struct_pedestal/94060
ug_route/248239,OSP:BUSP:C660898,st_struct_pedestal/90893,building/66103
ug_route/248240,OSP:BUSP::13304902,mywcom_route_junction/27936,st_struct_pedestal/90997
ug_route/248241,OSP:BUSP:C651690,st_struct_pedestal/92845,building/67326
ug_route/248242,OSP:BUSP:C647450,st_struct_pedestal/93923,st_struct_pedestal/92650
ug_route/248243,OSP:BUSP:C649698,st_struct_pedestal/92626,st_struct_pedestal/93596
ug_route/248244,OSP:BUSP:C660556,mywcom_route_junction/27869,mywcom_route_junction/27610
ug_route/248245,OSP:BUSP::9290693,st_struct_pedestal/91795,mywcom_route_junction/27650
ug_route/248246,OSP:FORSP::14710324,st_struct_vault/2780,mywcom_route_junction/27686
ug_route/248247,OSP:BUSP::8366856,st_struct_pedestal/93042,cabinet/2848
ug_route/248248,OSP:BUSP::7912802,st_struct_pedestal/92575,building/67803
ug_route/248249,OSP:BUSP:C708215,st_struct_pedestal/90554,building/67554
ug_route/248250,OSP:BUSP:C670541,st_struct_pedestal/94297,mywcom_route_junction/27438
ug_route/248251,OSP:BUSP:C642095,st_struct_pedestal/93351,building/66530
ug_route/248252,OSP:BUSP:C671121,st_struct_pedestal/94247,st_struct_pedestal/91473
ug_route/248253,OSP:BUSP:C656622,st_struct_pedestal/92661,building/68698
ug_route/248254,OSP:BUSP:C665179,mywcom_route_junction/27638,mywcom_route_junction/27221
ug_route/248255,OSP:BUSP:C681675,st_struct_pedestal/93075,building/66199
ug_route/248256,OSP:BUSP:C704916,pole/53592,st_struct_pedestal/91497
ug_route/248257,OSP:BUSP::8489745,st_struct_pedestal/93690,cabinet/2786
ug_route/248258,OSP:BUSP:C645287,st_struct_pedestal/92053,st_struct_pedestal/91412
ug_route/248259,OSP:BUSP:C660959,st_struct_pedestal/90608,st_struct_pedestal/94098
ug_route/248260,OSP:BUSP:C653048,st_struct_pedestal/92435,building/67594
ug_route/248261,OSP:BUSP:C633960,st_struct_pedestal/93823,st_struct_pedestal/93618
ug_route/248262,OSP:BUSP::8603339,st_struct_pedestal/90944,st_struct_pedestal/90983
ug_route/248263,OSP:BUSP:C643473,st_struct_pedestal/90643,st_struct_pedestal/94122
ug_route/248264,OSP:BUSP:C705987,pole/53431,st_struct_pedestal/92466
ug_route/248265,OSP:BUSP:C669987,st_struct_buried_splice_location/3968,building/66786
ug_route/248266,OSP:BUSP:C651986,st_struct_pedestal/93583,st_struct_pedestal/91648
ug_route/248267,OSP:BUSP::16059134,pole/52502,st_struct_pedestal/92106
ug_route/248268,OSP:BUSP:C661201,st_struct_pedestal/92742,building/66129
ug_route/248269,OSP:BUSP:C643510,st_struct_pedestal/90643,st_struct_pedestal/94122
ug_route/248270,OSP:BUSP:C659989,st_struct_pedestal/90575,st_struct_pedestal/90576
ug_route/248271,OSP:BUSP:C642105,st_struct_pedestal/93630,building/66207
ug_route/248272,OSP:BUSP:C643495,st_struct_pedestal/90643,building/68637
ug_route/248273,OSP:BUSP:C708379,st_struct_pedestal/93268,st_struct_pedestal/90595
ug_route/248274,OSP:BUSP::8447823,st_struct_pedestal/92581,st_struct_pedestal/92282
ug_route/248275,OSP:BUSP:C657985,st_struct_pedestal/92788,st_struct_pedestal/93435
ug_route/248276,OSP:BUSP:C704808,st_struct_pedestal/92162,building/67717
ug_route/248277,OSP:BUSP:C660560,st_struct_pedestal/90634,building/68060
ug_route/248278,OSP:BUSP:C656337,st_struct_pedestal/92788,st_struct_pedestal/93435
ug_route/248279,OSP:BUSP:C647611,pole/52621,st_struct_pedestal/91522
ug_route/248280,OSP:BUSP:C653136,st_struct_pedestal/93982,st_struct_pedestal/92238
ug_route/248281,OSP:BUSP:C642103,pole/52271,st_struct_pedestal/93630
ug_route/248282,OSP:BUSP:C652002,st_struct_pedestal/92341,building/67708
ug_route/248283,OSP:BUSP::7941256,st_struct_pedestal/92174,st_struct_pedestal/91916
ug_route/248284,OSP:BUSP:C633983,st_struct_pedestal/93823,st_struct_pedestal/93618
ug_route/248285,OSP:BUSP:C638808,st_struct_pedestal/94053,st_struct_pedestal/92841
ug_route/248286,OSP:BUSP:C653001,st_struct_pedestal/93982,st_struct_pedestal/92238
ug_route/248287,OSP:BUSP:C645102,building/66927,mywcom_route_junction/27271
ug_route/248288,OSP:BUSP:C655206,st_struct_pedestal/94085,building/67374
ug_route/248289,OSP:BUSP:C660126,st_struct_pedestal/91578,st_struct_pedestal/90637
ug_route/248290,OSP:BUSP:C659516,st_struct_pedestal/91195,building/67464
ug_route/248291,OSP:BUSP:C646960,st_struct_pedestal/92875,building/67822
ug_route/248292,OSP:BUSP:C660636,st_struct_pedestal/93165,mywcom_route_junction/27297
ug_route/248293,OSP:BUSP:C641365,mywcom_route_junction/27437,st_struct_buried_splice_location/3895
ug_route/248294,OSP:BUSP:C709822,st_struct_pedestal/93916,mywcom_route_junction/28188
ug_route/248295,OSP:BUSP:C705986,pole/53431,st_struct_pedestal/90800
ug_route/248296,OSP:BUSP:C660136,st_struct_pedestal/91578,st_struct_pedestal/90637
ug_route/248297,OSP:BUSP:C708207,st_struct_pedestal/94102,mywcom_route_junction/27511
ug_route/248298,OSP:BUSP:C708173,st_struct_pedestal/92587,st_struct_pedestal/93244
ug_route/248299,OSP:BUSP:C651033,st_struct_pedestal/90563,building/68193
ug_route/248300,OSP:BUSP:C708220,st_struct_pedestal/93372,st_struct_pedestal/93140
ug_route/248301,OSP:BUSP:C670301,st_struct_pedestal/91769,building/67317
ug_route/248302,OSP:BUSP:C659850,st_struct_pedestal/92687,st_struct_pedestal/92461
ug_route/248303,OSP:BUSP:C708156,st_struct_pedestal/91276,st_struct_pedestal/90535
ug_route/248304,OSP:BUSP::9782261,st_struct_pedestal/92028,building/66237
ug_route/248305,OSP:BUSP:C705912,st_struct_pedestal/93394,st_struct_pedestal/92828
ug_route/248306,OSP:BUSP:C683139,st_struct_pedestal/90761,building/66895
ug_route/248307,OSP:BUSP:C660091,st_struct_pedestal/94253,building/66412
ug_route/248308,OSP:BUSP:C656878,st_struct_pedestal/92372,building/68260
ug_route/248309,OSP:BUSP:C658826,st_struct_pedestal/94230,building/66581
ug_route/248310,OSP:BUSP:C659541,st_struct_pedestal/92522,st_struct_pedestal/92035
ug_route/248311,OSP:BUSP:C652804,st_struct_pedestal/93608,st_struct_pedestal/93552
ug_route/248312,OSP:BUSP:C708342,st_struct_pedestal/91532,st_struct_pedestal/92126
ug_route/248313,OSP:BUSP:C681323,st_struct_pedestal/91445,st_struct_pedestal/94235
ug_route/248314,OSP:BUSP:C659809,st_struct_pedestal/93763,st_struct_pedestal/93714
ug_route/248315,OSP:BUSP:C647427,st_struct_pedestal/90909,building/66655
ug_route/248316,OSP:BUSP:C646856,st_struct_pedestal/91155,building/66257
ug_route/248317,OSP:BUSP::8574873,st_struct_pedestal/91507,pole/53846
ug_route/248318,OSP:BUSP:C659035,st_struct_pedestal/93359,st_struct_pedestal/90884
ug_route/248319,OSP:BUSP:C656195,st_struct_pedestal/93205,building/67615
ug_route/248320,OSP:BUSP:C662670,st_struct_pedestal/94304,st_struct_pedestal/94105
ug_route/248321,OSP:BUSP:C665951,st_struct_pedestal/94029,building/68677
ug_route/248322,OSP:BUSP::8399183,st_struct_pedestal/93629,cabinet/2782
ug_route/248323,OSP:BUSP:C656565,st_struct_pedestal/92654,st_struct_pedestal/91219
ug_route/248324,OSP:BUSP:C656571,st_struct_pedestal/92654,st_struct_pedestal/91219
ug_route/248325,OSP:BUSP:C689234,st_struct_pedestal/94229,st_struct_pedestal/91411
ug_route/248326,OSP:BUSP:C705985,pole/53431,st_struct_pedestal/92347
ug_route/248327,OSP:BUSP:C654654,st_struct_pedestal/90883,building/66390
ug_route/248328,OSP:BUSP:C708334,st_struct_pedestal/93165,building/66532
ug_route/248329,OSP:BUSP:C660887,st_struct_pedestal/90893,st_struct_pedestal/92831
ug_route/248330,OSP:BUSP:C653097,st_struct_pedestal/92033,building/67365
ug_route/248331,OSP:BUSP:C656574,st_struct_pedestal/92654,st_struct_pedestal/91219
ug_route/248332,OSP:BUSP:C681965,st_struct_pedestal/91119,building/67561
ug_route/248333,OSP:BUSP:C708177,st_struct_pedestal/93244,st_struct_pedestal/93047
ug_route/248334,OSP:BUSP:C643066,st_struct_buried_splice_location/3960,st_struct_pedestal/92348
ug_route/248335,OSP:BUSP:C681325,st_struct_pedestal/91445,st_struct_pedestal/94235
ug_route/248336,OSP:BUSP:C671006,st_struct_buried_splice_location/3925,building/66877
ug_route/248337,OSP:BUSP:C657098,st_struct_pedestal/91642,st_struct_pedestal/94329
ug_route/248338,OSP:BUSP:C660573,st_struct_pedestal/93165,building/66532
ug_route/248339,OSP:BUSP:C656950,st_struct_pedestal/93707,building/66574
ug_route/248340,OSP:BUSP:C639054,st_struct_pedestal/93198,st_struct_pedestal/92382
ug_route/248341,OSP:BUSP:C651507,st_struct_pedestal/90621,st_struct_buried_splice_location/3862
ug_route/248342,OSP:BUSP:C647419,st_struct_pedestal/91522,building/67364
ug_route/248343,OSP:BUSP::14701689,st_struct_pedestal/94300,st_struct_pedestal/91827
ug_route/248344,OSP:BUSP:C670578,st_struct_pedestal/92980,st_struct_pedestal/93041
ug_route/248345,OSP:BUSP:C657992,st_struct_pedestal/91827,st_struct_pedestal/94300
ug_route/248346,OSP:BUSP:C658815,st_struct_pedestal/92148,st_struct_pedestal/94011
ug_route/248347,OSP:BUSP:C652910,st_struct_pedestal/94129,building/67440
ug_route/248348,OSP:BUSP:C656210,st_struct_pedestal/93513,building/66869
ug_route/248349,OSP:BUSP::12034971,st_struct_buried_splice_location/3946,building/66343
ug_route/248350,OSP:BUSP:C666036,st_struct_pedestal/92153,st_struct_pedestal/93243
ug_route/248351,OSP:BUSP:C639061,st_struct_pedestal/93198,st_struct_pedestal/92382
ug_route/248352,OSP:BUSP::8399820,st_struct_pedestal/94075,st_struct_pedestal/91967
ug_route/248353,OSP:BUSP:C670417,st_struct_pedestal/94119,building/67817
ug_route/248354,OSP:BUSP:C645329,st_struct_pedestal/90974,st_struct_pedestal/91509
ug_route/248355,OSP:BUSP:C705028,pole/53757,st_struct_pedestal/91507
ug_route/248356,OSP:BUSP:C658905,st_struct_pedestal/92148,st_struct_pedestal/94011
ug_route/248357,OSP:BUSP:C660171,st_struct_pedestal/90637,st_struct_pedestal/93811
ug_route/248358,OSP:BUSP:C645728,st_struct_pedestal/93084,st_struct_pedestal/92240
ug_route/248359,OSP:BUSP:C641486,st_struct_pedestal/93345,st_struct_pedestal/92050
ug_route/248360,OSP:BUSP:C668129,st_struct_pedestal/90637,st_struct_pedestal/93811
ug_route/248361,OSP:BUSP::8575831,mywcom_route_junction/27530,cabinet/2845
ug_route/248362,OSP:BUSP:C681614,st_struct_pedestal/92337,building/66722
ug_route/248363,OSP:BUSP:C670416,st_struct_pedestal/92309,st_struct_pedestal/93085
ug_route/248364,OSP:BUSP:C641527,st_struct_pedestal/93345,st_struct_pedestal/92050
ug_route/248365,OSP:BUSP:C659987,st_struct_pedestal/91090,building/66477
ug_route/248366,OSP:BUSP:C670406,st_struct_pedestal/92309,st_struct_pedestal/93085
ug_route/248367,OSP:BUSP:C641332,st_struct_pedestal/92598,st_struct_pedestal/92440
ug_route/248368,OSP:BUSP:C660798,st_struct_pedestal/91830,building/66773
ug_route/248369,OSP:BUSP:C640917,st_struct_pedestal/90687,building/67951
ug_route/248370,OSP:BUSP:C641541,st_struct_pedestal/91152,building/67926
ug_route/248371,OSP:BUSP:C658166,st_struct_pedestal/92071,st_struct_pedestal/93347
ug_route/248372,OSP:BUSP:C656226,st_struct_pedestal/93608,building/68175
ug_route/248373,OSP:BUSP:C659524,st_struct_pedestal/92522,building/66981
ug_route/248374,OSP:BUSP:C639820,st_struct_pedestal/92163,st_struct_pedestal/93127
ug_route/248375,OSP:BUSP:C658777,st_struct_pedestal/92200,st_struct_pedestal/91363
ug_route/248376,OSP:BUSP:C649212,st_struct_pedestal/91643,building/66656
ug_route/248377,OSP:BUSP:C653107,st_struct_pedestal/92640,building/68099
ug_route/248378,OSP:BUSP:C651612,st_struct_buried_splice_location/3865,st_struct_buried_splice_location/3954
ug_route/248379,OSP:BUSP:C650643,st_struct_pedestal/93876,building/66430
ug_route/248380,OSP:BUSP::12882805,mywcom_route_junction/27837,mywcom_route_junction/27592
ug_route/248381,OSP:BUSP:C682034,st_struct_pedestal/90791,st_struct_buried_splice_location/3845
ug_route/248382,OSP:BUSP:C649755,st_struct_pedestal/92021,st_struct_pedestal/91715
ug_route/248383,OSP:BUSP:C644349,st_struct_pedestal/92209,st_struct_buried_splice_location/3949
ug_route/248384,OSP:BUSP:C666216,cabinet/2776,st_struct_pedestal/94017
ug_route/248385,OSP:BUSP:C651569,st_struct_pedestal/90621,st_struct_buried_splice_location/3865
ug_route/248386,OSP:BUSP::8673460,pole/54430,st_struct_pedestal/93584
ug_route/248387,OSP:BUSP:C668689,st_struct_pedestal/92911,building/66405
ug_route/248388,OSP:BUSP:C661657,st_struct_pedestal/92403,building/67027
ug_route/248389,OSP:BUSP:C671418,st_struct_pedestal/91925,mywcom_route_junction/28201
ug_route/248390,OSP:FORSP::16955878,mywcom_route_junction/27784,st_struct_vault/2731
ug_route/248391,OSP:BUSP:C669153,st_struct_pedestal/92684,st_struct_pedestal/91455
ug_route/248392,OSP:BUSP:C711694,st_struct_pedestal/90775,st_struct_pedestal/93689
ug_route/248393,OSP:BUSP:C681641,st_struct_pedestal/93308,building/66478
ug_route/248394,OSP:FORSP::16955879,st_struct_vault/2731,st_struct_vault/2784
ug_route/248395,OSP:BUSP:C644684,st_struct_pedestal/91817,st_struct_pedestal/91553
ug_route/248396,OSP:BUSP:C669071,st_struct_pedestal/92309,building/66119
ug_route/248397,OSP:BUSP::8416781,st_struct_pedestal/94017,cabinet/2776
ug_route/248398,OSP:BUSP:C669169,st_struct_pedestal/92684,st_struct_pedestal/91455
ug_route/248399,OSP:BUSP:C660020,st_struct_pedestal/92853,st_struct_pedestal/91036
ug_route/248400,OSP:BUSP:C647325,st_struct_pedestal/90954,building/67433
ug_route/248401,OSP:BUSP:C659040,st_struct_pedestal/92946,st_struct_pedestal/93797
ug_route/248402,OSP:BUSP:C644709,st_struct_pedestal/91817,st_struct_pedestal/91553
ug_route/248403,OSP:BUSP:C640182,st_struct_pedestal/91061,building/67555
ug_route/248404,OSP:BUSP:C661129,st_struct_pedestal/91391,building/66211
ug_route/248405,OSP:BUSP:C639305,st_struct_pedestal/93436,st_struct_pedestal/93609
ug_route/248406,OSP:BUSP:C650429,st_struct_pedestal/91534,building/68522
ug_route/248407,OSP:BUSP:C669162,st_struct_pedestal/92684,st_struct_pedestal/91455
ug_route/248408,OSP:BUSP::17062324,pole/53871,st_struct_pedestal/91431
ug_route/248409,OSP:BUSP:C659133,st_struct_pedestal/91312,st_struct_pedestal/93725
ug_route/248410,OSP:BUSP::9008797,st_struct_pedestal/93579,st_struct_pedestal/92521
ug_route/248411,OSP:BUSP:C639203,st_struct_pedestal/93620,st_struct_pedestal/93095
ug_route/248412,OSP:BUSP:C658294,st_struct_pedestal/92485,st_struct_pedestal/91200
ug_route/248413,OSP:BUSP:C708331,st_struct_pedestal/91533,st_struct_pedestal/91652
ug_route/248414,OSP:BUSP:C659276,st_struct_pedestal/93112,st_struct_pedestal/91311
ug_route/248415,OSP:BUSP:C670046,st_struct_buried_splice_location/3935,st_struct_pedestal/92911
ug_route/248416,OSP:BUSP:C705426,st_struct_pedestal/93641,st_struct_pedestal/93876
ug_route/248417,OSP:BUSP:C709605,st_struct_pedestal/91533,st_struct_pedestal/91652
ug_route/248418,OSP:BUSP:C637464,st_struct_pedestal/92753,building/67276
ug_route/248419,OSP:BUSP:C639212,st_struct_pedestal/93620,st_struct_pedestal/93095
ug_route/248420,OSP:BUSP:C651512,st_struct_buried_splice_location/3862,st_struct_buried_splice_location/3887
ug_route/248421,OSP:BUSP:C668526,st_struct_pedestal/91984,building/66455
ug_route/248422,OSP:BUSP:C657579,st_struct_pedestal/92949,st_struct_pedestal/92600
ug_route/248423,OSP:BUSP:C655079,st_struct_pedestal/93599,st_struct_pedestal/94327
ug_route/248424,OSP:BUSP:C648534,st_struct_pedestal/92620,st_struct_pedestal/93264
ug_route/248425,OSP:BUSP:C660962,st_struct_pedestal/90816,st_struct_pedestal/93848
ug_route/248426,OSP:BUSP:C659707,st_struct_pedestal/92949,st_struct_pedestal/92600
ug_route/248427,OSP:BUSP:C639167,st_struct_pedestal/91419,building/66331
ug_route/248428,OSP:BUSP:C647306,st_struct_pedestal/92495,st_struct_pedestal/90954
ug_route/248429,OSP:BUSP:C683143,st_struct_pedestal/92448,building/68254
ug_route/248430,OSP:BUSP::9651715,building/67772,st_struct_pedestal/93354
ug_route/248431,OSP:BUSP:C653105,st_struct_pedestal/91554,st_struct_pedestal/92640
ug_route/248432,OSP:BUSP:C659288,st_struct_pedestal/91814,building/67437
ug_route/248433,OSP:BUSP:C711843,st_struct_pedestal/92097,st_struct_pedestal/90994
ug_route/248434,OSP:BUSP:C655083,st_struct_pedestal/93173,st_struct_pedestal/93599
ug_route/248435,OSP:BUSP::7622214,st_struct_pedestal/92395,st_struct_pedestal/90720
ug_route/248436,OSP:BUSP:C670407,st_struct_pedestal/91706,st_struct_pedestal/93035
ug_route/248437,OSP:BUSP:C665531,st_struct_pedestal/94293,building/68314
ug_route/248438,OSP:BUSP:C647321,st_struct_pedestal/92495,st_struct_pedestal/90954
ug_route/248439,OSP:BUSP:C705606,st_struct_pedestal/93374,building/68066
ug_route/248440,OSP:BUSP:C660976,st_struct_pedestal/90816,st_struct_pedestal/93848
ug_route/248441,OSP:BUSP:C669797,st_struct_pedestal/94149,st_struct_pedestal/93250
ug_route/248442,OSP:BUSP:C640115,st_struct_pedestal/91009,st_struct_pedestal/94025
ug_route/248443,OSP:BUSP:C662437,cabinet/2772,pole/54540
ug_route/248444,OSP:BUSP:C669058,st_struct_pedestal/92274,building/66380
ug_route/248445,OSP:BUSP:C641491,st_struct_pedestal/91010,building/66831
ug_route/248446,OSP:BUSP:C642868,st_struct_pedestal/94292,building/66756
ug_route/248447,OSP:BUSP:C641590,st_struct_pedestal/92609,st_struct_pedestal/91015
ug_route/248448,OSP:BUSP::17062030,st_struct_pedestal/94149,st_struct_pedestal/93250
ug_route/248449,OSP:BUSP:C647368,st_struct_pedestal/93237,building/67767
ug_route/248450,OSP:BUSP::8715974,st_struct_pedestal/93942,st_struct_pedestal/93569
ug_route/248451,OSP:BUSP:C670973,st_struct_pedestal/93041,st_struct_pedestal/92940
ug_route/248452,OSP:BUSP::12029113,st_struct_pedestal/91638,st_struct_buried_splice_location/3867
ug_route/248453,OSP:BUSP:C670245,st_struct_pedestal/93598,st_struct_pedestal/94155
ug_route/248454,OSP:BUSP:C660797,st_struct_pedestal/93837,st_struct_pedestal/91830
ug_route/248455,OSP:BUSP:C641842,st_struct_pedestal/92609,st_struct_pedestal/91015
ug_route/248456,OSP:FBSP::8499668,st_struct_pedestal/90780,st_struct_pedestal/91822
ug_route/248457,OSP:BUSP:C657933,st_struct_pedestal/93201,mywcom_route_junction/28061
ug_route/248458,OSP:BUSP:C670496,st_struct_pedestal/94032,st_struct_pedestal/90712
ug_route/248459,OSP:BUSP::8715975,st_struct_pedestal/93942,st_struct_pedestal/93569
ug_route/248460,OSP:BUSP::7611827,st_struct_pedestal/94335,st_struct_pedestal/90935
ug_route/248461,OSP:BUSP:C651094,st_struct_pedestal/92289,st_struct_pedestal/92301
ug_route/248462,OSP:BUSP:C643040,st_struct_pedestal/90851,building/67420
ug_route/248463,OSP:BUSP:C658048,st_struct_pedestal/91484,building/66902
ug_route/248464,OSP:BUSP:C647172,st_struct_pedestal/93808,building/67780
ug_route/248465,OSP:BUSP:C647165,st_struct_pedestal/92026,st_struct_pedestal/93808
ug_route/248466,OSP:BUSP:C659222,st_struct_pedestal/91142,building/66383
ug_route/248467,OSP:BUSP:C641490,st_struct_pedestal/92834,st_struct_pedestal/92729
ug_route/248468,OSP:BUSP:C705122,st_struct_pedestal/91696,st_struct_pedestal/93800
ug_route/248469,OSP:BUSP::17054340,st_struct_pedestal/91956,st_struct_pedestal/93833
ug_route/248470,OSP:BUSP:C644447,st_struct_pedestal/91817,st_struct_pedestal/90901
ug_route/248471,OSP:BUSP:C705296,st_struct_pedestal/94335,st_struct_pedestal/90935
ug_route/248472,OSP:BUSP::7912799,st_struct_pedestal/92575,building/66392
ug_route/248473,OSP:BUSP:C708384,mywcom_route_junction/27965,cabinet/2786
ug_route/248474,OSP:BUSP:C705121,st_struct_pedestal/91696,st_struct_pedestal/93800
ug_route/248475,OSP:BUSP:C669936,cabinet/2786,mywcom_route_junction/27965
ug_route/248476,OSP:BUSP:C682601,st_struct_pedestal/94247,st_struct_pedestal/92556
ug_route/248477,OSP:BUSP:C644464,st_struct_pedestal/91817,st_struct_pedestal/90901
ug_route/248478,OSP:BUSP:C707902,st_struct_pedestal/90862,building/68345
ug_route/248479,OSP:BUSP:C648357,st_struct_pedestal/92626,st_struct_pedestal/92093
ug_route/248480,OSP:BUSP:C708026,st_struct_pedestal/91242,st_struct_pedestal/90780
ug_route/248481,OSP:BUSP:C682143,st_struct_pedestal/94247,st_struct_pedestal/92556
ug_route/248482,OSP:BUSP:C656653,st_struct_pedestal/92603,st_struct_pedestal/92205
ug_route/248483,OSP:BUSP:C669029,st_struct_pedestal/91860,building/68259
ug_route/248484,OSP:BUSP:C649683,st_struct_pedestal/92626,st_struct_pedestal/92093
ug_route/248485,OSP:BUSP:C660362,st_struct_pedestal/91492,st_struct_pedestal/93457
ug_route/248486,OSP:BUSP:C642015,st_struct_pedestal/90640,st_struct_pedestal/92324
ug_route/248487,OSP:BUSP:C706812,mywcom_route_junction/27128,mywcom_route_junction/27873
ug_route/248488,OSP:BUSP:C707904,st_struct_pedestal/90862,st_struct_pedestal/93426
ug_route/248489,OSP:BUSP:C653132,st_struct_pedestal/91649,st_struct_pedestal/93205
ug_route/248490,OSP:BUSP:C656760,st_struct_pedestal/93672,st_struct_pedestal/91773
ug_route/248491,OSP:BUSP:C708262,st_struct_pedestal/92198,building/67239
ug_route/248492,OSP:BUSP:C656658,st_struct_pedestal/92603,st_struct_pedestal/92205
ug_route/248493,OSP:BUSP:C670463,st_struct_pedestal/91726,building/66124
ug_route/248494,OSP:BUSP:C642030,st_struct_pedestal/90640,st_struct_pedestal/92324
ug_route/248495,OSP:BUSP:C662509,st_struct_pedestal/91523,st_struct_pedestal/91991
ug_route/248496,OSP:BUSP:C658752,st_struct_pedestal/92249,st_struct_pedestal/91011
ug_route/248497,OSP:BUSP:C642111,st_struct_pedestal/90847,st_struct_pedestal/91187
ug_route/248498,OSP:BUSP:C671024,st_struct_pedestal/90723,building/67325
ug_route/248499,OSP:BUSP:C647294,st_struct_pedestal/92681,building/68592
ug_route/248500,OSP:BUSP::11869991,mywcom_route_junction/27693,building/68697
ug_route/248501,OSP:BUSP:C669028,st_struct_pedestal/91860,building/68259
ug_route/248502,OSP:BUSP:C653844,st_struct_pedestal/92950,st_struct_pedestal/94034
ug_route/248503,OSP:BUSP:C656779,st_struct_pedestal/93672,st_struct_pedestal/91773
ug_route/248504,OSP:BUSP:C642291,st_struct_pedestal/90847,st_struct_pedestal/91187
ug_route/248505,OSP:BUSP:C658769,st_struct_pedestal/92249,st_struct_pedestal/91011
ug_route/248506,OSP:BUSP:C671039,st_struct_pedestal/91531,st_struct_pedestal/94023
ug_route/248507,OSP:BUSP:C656660,st_struct_pedestal/92603,st_struct_pedestal/92205
ug_route/248508,OSP:BUSP:C656623,st_struct_pedestal/92661,building/66510
ug_route/248509,OSP:BUSP:C655197,st_struct_pedestal/94127,st_struct_pedestal/93429
ug_route/248510,OSP:BUSP:C653814,st_struct_pedestal/92950,st_struct_pedestal/94034
ug_route/248511,OSP:BUSP:C643696,st_struct_pedestal/92724,st_struct_pedestal/92733
ug_route/248512,OSP:BUSP:C655321,st_struct_pedestal/93380,st_struct_pedestal/94243
ug_route/248513,OSP:BUSP:C707486,st_struct_pedestal/92397,st_struct_pedestal/90729
ug_route/248514,OSP:BUSP:C656881,st_struct_pedestal/92372,building/66632
ug_route/248515,OSP:BUSP:C655354,st_struct_pedestal/93380,st_struct_pedestal/94243
ug_route/248516,OSP:BUSP:C659517,st_struct_pedestal/92403,st_struct_pedestal/94123
ug_route/248517,OSP:BUSP:C659501,st_struct_pedestal/92403,st_struct_pedestal/94123
ug_route/248518,OSP:BUSP:C646069,st_struct_pedestal/90748,st_struct_pedestal/90721
ug_route/248519,OSP:BUSP::13453064,st_struct_pedestal/92971,mywcom_route_junction/27658
ug_route/248520,OSP:BUSP:C651116,st_struct_pedestal/90691,building/66688
ug_route/248521,OSP:BUSP:C655153,st_struct_pedestal/92865,st_struct_pedestal/93152
ug_route/248522,OSP:BUSP:C660069,st_struct_pedestal/93099,building/66302
ug_route/248523,OSP:BUSP:C660665,st_struct_pedestal/93165,st_struct_pedestal/91823
ug_route/248524,OSP:BUSP:C643718,st_struct_pedestal/92724,st_struct_pedestal/92733
ug_route/248525,OSP:BUSP:C660574,st_struct_pedestal/94093,st_struct_pedestal/91683
ug_route/248526,OSP:BUSP:C655232,st_struct_pedestal/92865,st_struct_pedestal/93152
ug_route/248527,OSP:BUSP:C651959,st_struct_pedestal/94084,st_struct_pedestal/93906
ug_route/248528,OSP:BUSP:C665508,st_struct_pedestal/93568,st_struct_pedestal/91070
ug_route/248529,OSP:BUSP:C654658,st_struct_pedestal/94134,st_struct_pedestal/94006
ug_route/248530,OSP:BUSP:C707478,st_struct_pedestal/90800,st_struct_pedestal/93341
ug_route/248531,OSP:BUSP:C670227,st_struct_pedestal/90661,st_struct_pedestal/93791
ug_route/248532,OSP:BUSP:C648555,st_struct_pedestal/94320,st_struct_pedestal/92865
ug_route/248533,OSP:BUSP:C643113,st_struct_pedestal/92943,st_struct_buried_splice_location/3899
ug_route/248534,OSP:BUSP:C657017,st_struct_pedestal/93110,building/67149
ug_route/248535,OSP:BUSP:C710198,mywcom_route_junction/27656,st_struct_pedestal/90661
ug_route/248536,OSP:BUSP:C665518,st_struct_pedestal/93568,st_struct_pedestal/91070
ug_route/248537,OSP:BUSP:C660655,st_struct_pedestal/93165,st_struct_pedestal/91823
ug_route/248538,OSP:BUSP:C648118,st_struct_pedestal/93391,building/68565
ug_route/248539,OSP:BUSP:C652059,st_struct_pedestal/94084,st_struct_pedestal/93906
ug_route/248540,OSP:BUSP:C648558,st_struct_pedestal/94320,st_struct_pedestal/92865
ug_route/248541,OSP:BUSP:C640181,st_struct_pedestal/91061,building/67103
ug_route/248542,OSP:BUSP:C648122,st_struct_pedestal/93391,building/68565
ug_route/248543,OSP:BUSP:C642114,st_struct_pedestal/91187,st_struct_pedestal/93882
ug_route/248544,OSP:BUSP:C642295,st_struct_pedestal/91187,st_struct_pedestal/93882
ug_route/248545,OSP:BUSP::10422285,st_struct_pedestal/94280,st_struct_pedestal/91788
ug_route/248546,OSP:BUSP:C645343,st_struct_pedestal/92417,st_struct_pedestal/93312
ug_route/248547,OSP:BUSP:C665612,st_struct_pedestal/91230,st_struct_pedestal/91562
ug_route/248548,OSP:BUSP:C705747,mywcom_route_junction/27378,cabinet/2786
ug_route/248549,OSP:BUSP::8382866,mywcom_route_junction/27321,cabinet/2786
ug_route/248550,OSP:BUSP:C652717,st_struct_pedestal/92886,mywcom_route_junction/27745
ug_route/248551,OSP:BUSP:C655607,st_struct_pedestal/92227,st_struct_pedestal/92428
ug_route/248552,OSP:BUSP:C641448,st_struct_pedestal/90567,building/67267
ug_route/248553,OSP:BUSP:C655608,st_struct_pedestal/92227,st_struct_pedestal/92428
ug_route/248554,OSP:BUSP:C656618,st_struct_pedestal/92603,building/68162
ug_route/248555,OSP:BUSP:C644387,st_struct_pedestal/91821,building/66355
ug_route/248556,OSP:BUSP:C660720,st_struct_pedestal/93235,mywcom_route_junction/27551
ug_route/248557,OSP:BUSP:C659081,st_struct_pedestal/91901,building/68609
ug_route/248558,OSP:BUSP:C660068,st_struct_pedestal/93099,building/68351
ug_route/248559,OSP:BUSP:C656772,st_struct_pedestal/92801,st_struct_pedestal/93559
ug_route/248560,OSP:BUSP:C642033,st_struct_pedestal/93740,building/66377
ug_route/248561,OSP:BUSP:C641356,st_struct_pedestal/92487,st_struct_pedestal/91681
ug_route/248562,OSP:BUSP:C671049,st_struct_pedestal/92156,building/68084
ug_route/248563,OSP:BUSP:C660103,st_struct_pedestal/93163,st_struct_pedestal/93129
ug_route/248564,OSP:BUSP:C642094,st_struct_pedestal/92152,st_struct_pedestal/93351
ug_route/248565,OSP:BUSP:C647866,st_struct_pedestal/92157,st_struct_pedestal/90829
ug_route/248566,OSP:BUSP:C641434,st_struct_pedestal/92487,st_struct_pedestal/91681
ug_route/248567,OSP:BUSP:C650404,st_struct_pedestal/91356,st_struct_pedestal/91659
ug_route/248568,OSP:BUSP:C641939,st_struct_pedestal/93497,building/66509
ug_route/248569,OSP:BUSP:C642283,st_struct_pedestal/92152,st_struct_pedestal/93351
ug_route/248570,OSP:BUSP:C660104,st_struct_pedestal/93163,st_struct_pedestal/93129
ug_route/248571,OSP:BUSP:C650453,st_struct_pedestal/94002,st_struct_pedestal/92204
ug_route/248572,OSP:BUSP:C652644,st_struct_pedestal/91859,st_struct_pedestal/93091
ug_route/248573,OSP:BUSP:C650509,st_struct_pedestal/91356,st_struct_pedestal/91659
ug_route/248574,OSP:BUSP:C650459,st_struct_pedestal/94002,st_struct_pedestal/92204
ug_route/248575,OSP:BUSP:C659801,st_struct_pedestal/93763,mywcom_route_junction/27807
ug_route/248576,OSP:BUSP:C641440,st_struct_pedestal/92487,st_struct_pedestal/91681
ug_route/248577,OSP:BUSP:C660021,st_struct_pedestal/91036,st_struct_pedestal/92817
ug_route/248578,OSP:BUSP:C641291,st_struct_pedestal/92749,building/66583
ug_route/248579,OSP:BUSP:C638836,st_struct_pedestal/90778,st_struct_pedestal/91838
ug_route/248580,OSP:BUSP::15003128,st_struct_pedestal/92654,st_struct_pedestal/91219
ug_route/248581,OSP:BUSP::9157573,st_struct_pedestal/91175,st_struct_pedestal/93295
ug_route/248582,OSP:BUSP:C652840,st_struct_pedestal/93513,st_struct_pedestal/93982
ug_route/248583,OSP:BUSP:C649311,st_struct_pedestal/91526,building/68725
ug_route/248584,OSP:BUSP:C646436,st_struct_pedestal/92623,st_struct_pedestal/93959
ug_route/248585,OSP:BUSP:C655412,st_struct_pedestal/90680,building/66683
ug_route/248586,OSP:BUSP:C707982,st_struct_pedestal/92262,building/68511
ug_route/248587,OSP:BUSP:C652892,st_struct_pedestal/93513,st_struct_pedestal/93982
ug_route/248588,OSP:BUSP:C652891,st_struct_pedestal/93513,st_struct_pedestal/93982
ug_route/248589,OSP:BUSP:C650184,st_struct_pedestal/91638,st_struct_pedestal/91003
ug_route/248590,OSP:BUSP:C656938,st_struct_pedestal/90925,building/68248
ug_route/248591,OSP:BUSP:C656656,st_struct_pedestal/92205,building/66389
ug_route/248592,OSP:BUSP:C650139,st_struct_pedestal/91638,st_struct_pedestal/91003
ug_route/248593,OSP:BUSP:C641140,st_struct_pedestal/91529,st_struct_buried_splice_location/3846
ug_route/248594,OSP:BUSP:C658215,st_struct_buried_splice_location/3975,st_struct_pedestal/91693
ug_route/248595,OSP:BUSP:C644103,st_struct_pedestal/93345,st_struct_pedestal/92453
ug_route/248596,OSP:BUSP:C641557,st_struct_pedestal/93677,building/67159
ug_route/248597,OSP:BUSP:C650395,st_struct_pedestal/91535,st_struct_pedestal/91536
ug_route/248598,OSP:BUSP:C668525,st_struct_pedestal/91141,st_struct_pedestal/91984
ug_route/248599,OSP:BUSP:C682270,st_struct_pedestal/92575,st_struct_pedestal/93579
ug_route/248600,OSP:BUSP:C644110,st_struct_pedestal/93345,st_struct_pedestal/92453
ug_route/248601,OSP:BUSP:C641965,st_struct_pedestal/91775,st_struct_pedestal/91723
ug_route/248602,OSP:BUSP:C663622,st_struct_pedestal/94017,st_struct_pedestal/93702
ug_route/248603,OSP:BUSP:C641381,st_struct_pedestal/92787,st_struct_pedestal/93424
ug_route/248604,OSP:BUSP:C650398,st_struct_pedestal/91535,st_struct_pedestal/91536
ug_route/248605,OSP:BUSP:C644019,st_struct_pedestal/92370,st_struct_pedestal/94296
ug_route/248606,OSP:BUSP:C653113,st_struct_pedestal/92061,st_struct_pedestal/90940
ug_route/248607,OSP:BUSP:C666010,st_struct_pedestal/91100,st_struct_buried_splice_location/3983
ug_route/248608,OSP:BUSP:C654578,st_struct_pedestal/91514,building/67229
ug_route/248609,OSP:BUSP:C705056,st_struct_pedestal/92494,building/68621
ug_route/248610,OSP:BUSP:C643493,st_struct_pedestal/91516,building/66115
ug_route/248611,OSP:BUSP:C660718,st_struct_buried_splice_location/3945,st_struct_pedestal/93235
ug_route/248612,OSP:BUSP:C663624,st_struct_pedestal/94017,st_struct_pedestal/93702
ug_route/248613,OSP:BUSP:C666072,st_struct_pedestal/90852,building/67473
ug_route/248614,OSP:BUSP:C642044,st_struct_pedestal/91775,st_struct_pedestal/91723
ug_route/248615,OSP:BUSP:C669147,st_struct_pedestal/91984,st_struct_pedestal/93392
ug_route/248616,OSP:BUSP::12755352,st_struct_pedestal/92788,building/66117
ug_route/248617,OSP:BUSP:C651773,st_struct_pedestal/93080,building/68058
ug_route/248618,OSP:BUSP:C670217,st_struct_pedestal/90661,st_struct_pedestal/91941
ug_route/248619,OSP:BUSP:C669149,st_struct_pedestal/91984,st_struct_pedestal/93392
ug_route/248620,OSP:BUSP:C681696,st_struct_pedestal/91119,st_struct_pedestal/94301
ug_route/248621,OSP:BUSP:C640172,st_struct_pedestal/91061,building/67156
ug_route/248622,OSP:BUSP:C646448,st_struct_pedestal/93564,st_struct_pedestal/92390
ug_route/248623,OSP:BUSP:C641710,st_struct_pedestal/91417,st_struct_pedestal/93511
ug_route/248624,OSP:BUSP:C641482,st_struct_pedestal/93974,st_struct_pedestal/92834
ug_route/248625,OSP:BUSP:C669155,st_struct_pedestal/91984,st_struct_pedestal/93392
ug_route/248626,OSP:BUSP:C649810,st_struct_pedestal/93973,st_struct_pedestal/91094
ug_route/248627,OSP:BUSP:C708299,st_struct_pedestal/90602,st_struct_pedestal/93009
ug_route/248628,OSP:BUSP:C704756,st_struct_pedestal/92297,st_struct_pedestal/92555
ug_route/248629,OSP:BUSP:C641729,st_struct_pedestal/91417,st_struct_pedestal/93511
ug_route/248630,OSP:BUSP:C648764,st_struct_pedestal/91065,st_struct_pedestal/91066
ug_route/248631,OSP:BUSP:C707888,st_struct_pedestal/93973,st_struct_pedestal/91094
ug_route/248632,OSP:BUSP:C648046,st_struct_pedestal/91716,st_struct_pedestal/92044
ug_route/248633,OSP:BUSP:C709520,st_struct_pedestal/91344,st_struct_pedestal/93763
ug_route/248634,OSP:BUSP::13453075,mywcom_route_junction/27501,st_struct_pedestal/92504
ug_route/248635,OSP:BUSP:C704757,st_struct_pedestal/92297,st_struct_pedestal/92555
ug_route/248636,OSP:BUSP:C650492,st_struct_pedestal/90659,building/68658
ug_route/248637,OSP:BUSP:C683677,mywcom_route_junction/27912,st_struct_pedestal/91189
ug_route/248638,OSP:BUSP::17062021,st_struct_pedestal/93601,st_struct_pedestal/92403
ug_route/248639,OSP:BUSP::8607513,st_struct_pedestal/92213,st_struct_pedestal/94032
ug_route/248640,OSP:BUSP:C711890,st_struct_pedestal/92094,st_struct_pedestal/93579
ug_route/248641,OSP:BUSP:C658543,st_struct_pedestal/91865,building/67815
ug_route/248642,OSP:BUSP:C650443,st_struct_pedestal/91262,st_struct_pedestal/90646
ug_route/248643,OSP:BUSP:C709811,mywcom_route_junction/27349,mywcom_route_junction/27435
ug_route/248644,OSP:BUSP:C671199,st_struct_buried_splice_location/3955,st_struct_pedestal/93883
ug_route/248645,OSP:BUSP:C643492,st_struct_pedestal/93671,st_struct_pedestal/91516
ug_route/248646,OSP:BUSP:C659782,st_struct_pedestal/91344,st_struct_pedestal/93763
ug_route/248647,OSP:BUSP:C707889,st_struct_pedestal/93973,st_struct_pedestal/91094
ug_route/248648,OSP:BUSP:C651028,st_struct_pedestal/90750,st_struct_pedestal/93944
ug_route/248649,OSP:BUSP:C641458,st_struct_pedestal/93719,st_struct_pedestal/94246
ug_route/248650,OSP:BUSP:C651042,st_struct_pedestal/90750,st_struct_pedestal/93944
ug_route/248651,OSP:BUSP:C660061,st_struct_pedestal/92165,st_struct_pedestal/93099
ug_route/248652,OSP:BUSP:C641505,st_struct_pedestal/93719,st_struct_pedestal/94246
ug_route/248653,OSP:BUSP::8399821,st_struct_pedestal/91967,pole/53734
ug_route/248654,OSP:BUSP:C641521,st_struct_pedestal/93719,st_struct_pedestal/94246
ug_route/248655,OSP:BUSP:C645338,st_struct_pedestal/91509,st_struct_pedestal/92417
ug_route/248656,OSP:BUSP:C670239,st_struct_pedestal/94232,st_struct_pedestal/93598
ug_route/248657,OSP:BUSP:C646408,st_struct_pedestal/94038,st_struct_pedestal/91205
ug_route/248658,OSP:BUSP:C647244,st_struct_pedestal/92539,st_struct_pedestal/93565
ug_route/248659,OSP:BUSP:C665817,st_struct_pedestal/91100,st_struct_pedestal/90804
ug_route/248660,OSP:BUSP:C661206,st_struct_pedestal/92742,building/66130
ug_route/248661,OSP:BUSP:C653018,st_struct_pedestal/92434,building/67406
ug_route/248662,OSP:BUSP:C660892,st_struct_pedestal/92831,st_struct_pedestal/92014
ug_route/248663,OSP:BUSP:C660079,st_struct_pedestal/92165,st_struct_pedestal/93099
ug_route/248664,OSP:BUSP:C666076,st_struct_pedestal/90852,st_struct_pedestal/90767
ug_route/248665,OSP:BUSP:C708208,st_struct_pedestal/91538,st_struct_pedestal/93328
ug_route/248666,OSP:BUSP:C653130,st_struct_pedestal/93982,st_struct_pedestal/93205
ug_route/248667,OSP:BUSP:C638804,st_struct_pedestal/94188,st_struct_pedestal/93712
ug_route/248668,OSP:BUSP:C653129,st_struct_pedestal/93982,st_struct_pedestal/91649
ug_route/248669,OSP:BUSP:C650530,st_struct_pedestal/93685,st_struct_pedestal/90577
ug_route/248670,OSP:BUSP:C659933,st_struct_pedestal/93714,st_struct_pedestal/90769
ug_route/248671,OSP:BUSP:C641926,st_struct_pedestal/92183,st_struct_pedestal/94244
ug_route/248672,OSP:BUSP:C641568,st_struct_pedestal/92183,st_struct_pedestal/94244
ug_route/248673,OSP:BUSP:C654896,st_struct_pedestal/91964,building/68463
ug_route/248674,OSP:BUSP::8399815,st_struct_pedestal/90769,st_struct_pedestal/93714
ug_route/248675,OSP:BUSP:C641583,st_struct_pedestal/91350,st_struct_pedestal/94163
ug_route/248676,OSP:BUSP:C660963,st_struct_pedestal/90608,building/68207
ug_route/248677,OSP:BUSP:C638815,st_struct_pedestal/94188,st_struct_pedestal/93712
ug_route/248678,OSP:BUSP:C707489,st_struct_pedestal/92074,st_struct_pedestal/92702
ug_route/248679,OSP:BUSP:C660716,st_struct_pedestal/92921,st_struct_buried_splice_location/3945
ug_route/248680,OSP:BUSP:C651316,st_struct_pedestal/92769,building/68437
ug_route/248681,OSP:BUSP:C708343,st_struct_pedestal/92126,building/68622
ug_route/248682,OSP:BUSP:C660559,st_struct_pedestal/94317,st_struct_pedestal/90634
ug_route/248683,OSP:BUSP:C666049,st_struct_pedestal/94225,st_struct_pedestal/93749
ug_route/248684,OSP:BUSP:C647252,st_struct_pedestal/92539,st_struct_pedestal/93565
ug_route/248685,OSP:BUSP:C658821,st_struct_pedestal/94011,st_struct_pedestal/92553
ug_route/248686,OSP:BUSP:C650880,st_struct_pedestal/92741,st_struct_pedestal/93176
ug_route/248687,OSP:BUSP:C646499,st_struct_pedestal/94038,st_struct_pedestal/91205
ug_route/248688,OSP:BUSP:C650853,st_struct_pedestal/92741,st_struct_pedestal/93176
ug_route/248689,OSP:FBSP:C707532,building/67787,st_struct_pedestal/91822
ug_route/248690,OSP:BUSP:C642009,st_struct_pedestal/93740,building/66898
ug_route/248691,OSP:BUSP:C681434,st_struct_pedestal/93793,st_struct_pedestal/92342
ug_route/248692,OSP:BUSP:C651480,st_struct_pedestal/92577,building/67557
ug_route/248693,OSP:BUSP:C659995,st_struct_pedestal/90575,building/68303
ug_route/248694,OSP:BUSP:C641343,st_struct_pedestal/92428,st_struct_pedestal/92487
ug_route/248695,OSP:BUSP:C658451,st_struct_pedestal/92812,st_struct_pedestal/92260
ug_route/248696,OSP:BUSP:C641816,st_struct_pedestal/92660,st_struct_pedestal/91062
ug_route/248697,OSP:BUSP:C705115,st_struct_pedestal/93758,st_struct_pedestal/92161
ug_route/248698,OSP:BUSP:C654823,st_struct_pedestal/91902,building/66908
ug_route/248699,OSP:BUSP:C655604,st_struct_pedestal/92959,mywcom_route_junction/27859
ug_route/248700,OSP:BUSP::8366861,mywcom_route_junction/27864,cabinet/2835
ug_route/248701,OSP:BUSP:C706059,st_struct_pedestal/91193,st_struct_pedestal/92384
ug_route/248702,OSP:BUSP:C641354,st_struct_pedestal/92428,st_struct_pedestal/92487
ug_route/248703,OSP:BUSP:C706056,st_struct_pedestal/91193,st_struct_pedestal/92384
ug_route/248704,OSP:BUSP:C650917,st_struct_pedestal/92741,st_struct_pedestal/93176
ug_route/248705,OSP:BUSP:C658455,st_struct_pedestal/92812,st_struct_pedestal/92260
ug_route/248706,OSP:BUSP:C641592,st_struct_pedestal/91774,st_struct_pedestal/93917
ug_route/248707,OSP:BUSP:C669015,st_struct_pedestal/92121,st_struct_pedestal/93078
ug_route/248708,OSP:BUSP:C648790,st_struct_pedestal/91163,building/66819
ug_route/248709,OSP:BUSP:C652690,st_struct_pedestal/93918,st_struct_pedestal/91004
ug_route/248710,OSP:BUSP:C660943,st_struct_pedestal/91768,st_struct_pedestal/91039
ug_route/248711,OSP:BUSP:C641597,st_struct_pedestal/91774,st_struct_pedestal/93917
ug_route/248712,OSP:BUSP:C652711,st_struct_pedestal/93918,st_struct_pedestal/91004
ug_route/248713,OSP:BUSP:C648069,st_struct_pedestal/91847,st_struct_pedestal/93566
ug_route/248714,OSP:BUSP:C671263,st_struct_pedestal/91507,st_struct_pedestal/92894
ug_route/248715,OSP:BUSP:C683152,st_struct_buried_splice_location/3981,st_struct_pedestal/90619
ug_route/248716,OSP:BUSP:C656853,st_struct_pedestal/93672,st_struct_pedestal/91302
ug_route/248717,OSP:BUSP:C707798,st_struct_pedestal/90685,building/68076
ug_route/248718,OSP:BUSP:C648199,st_struct_pedestal/91847,st_struct_pedestal/93566
ug_route/248719,OSP:BUSP:C642209,st_struct_pedestal/91957,building/67328
ug_route/248720,OSP:BUSP:C660984,st_struct_pedestal/91768,st_struct_pedestal/91039
ug_route/248721,OSP:BUSP:C669208,st_struct_pedestal/91984,st_struct_pedestal/92914
ug_route/248722,OSP:BUSP:C661771,st_struct_pedestal/93672,st_struct_pedestal/91302
ug_route/248723,OSP:BUSP:C669141,st_struct_pedestal/91984,st_struct_pedestal/92914
ug_route/248724,OSP:BUSP:C644295,st_struct_pedestal/91821,st_struct_pedestal/93040
ug_route/248725,OSP:BUSP::9290696,mywcom_route_junction/27894,st_struct_pedestal/92921
ug_route/248726,OSP:BUSP:C643070,st_struct_buried_splice_location/3921,st_struct_buried_splice_location/3923
ug_route/248727,OSP:BUSP:C639768,st_struct_pedestal/92618,st_struct_pedestal/94121
ug_route/248728,OSP:BUSP:C706525,pole/52715,st_struct_pedestal/94297
ug_route/248729,OSP:BUSP:C644390,st_struct_pedestal/91821,st_struct_pedestal/93040
ug_route/248730,OSP:BUSP:C669143,st_struct_pedestal/91984,st_struct_pedestal/92914
ug_route/248731,OSP:BUSP:C639771,st_struct_pedestal/92618,st_struct_pedestal/94121
ug_route/248732,OSP:BUSP:C643688,st_struct_pedestal/94128,st_struct_pedestal/92724
ug_route/248733,OSP:BUSP:C647713,st_struct_pedestal/93094,mywcom_route_junction/27294
ug_route/248734,OSP:BUSP:C660947,st_struct_pedestal/92344,building/66835
ug_route/248735,OSP:BUSP:C681709,st_struct_pedestal/94018,building/66197
ug_route/248736,OSP:BUSP::10925000,st_struct_pedestal/92556,st_struct_buried_splice_location/3863
ug_route/248737,OSP:BUSP:C705978,st_struct_pedestal/92440,st_struct_pedestal/90779
ug_route/248738,OSP:BUSP:C660901,st_struct_pedestal/92830,building/68421
ug_route/248739,OSP:BUSP::10925002,st_struct_pedestal/92556,st_struct_buried_splice_location/3863
ug_route/248740,OSP:BUSP:C646781,st_struct_buried_splice_location/3846,st_struct_pedestal/93548
ug_route/248741,OSP:BUSP:C650179,st_struct_pedestal/91638,st_struct_pedestal/94172
ug_route/248742,OSP:BUSP:C669138,st_struct_pedestal/91984,st_struct_pedestal/90856
ug_route/248743,OSP:BUSP:C665941,st_struct_pedestal/90831,building/67972
ug_route/248744,OSP:BUSP:C646172,st_struct_pedestal/94128,st_struct_pedestal/92724
ug_route/248745,OSP:BUSP:C656887,st_struct_pedestal/91310,st_struct_pedestal/94196
ug_route/248746,OSP:BUSP:C648525,st_struct_pedestal/92967,st_struct_pedestal/92042
ug_route/248747,OSP:BUSP:C654692,st_struct_pedestal/90883,building/67465
ug_route/248748,OSP:BUSP:C643099,st_struct_buried_splice_location/3969,st_struct_buried_splice_location/3870
ug_route/248749,OSP:BUSP:C643010,st_struct_pedestal/90851,pole/54274
ug_route/248750,OSP:BUSP:C641684,st_struct_pedestal/90569,building/66737
ug_route/248751,OSP:BUSP:C660980,st_struct_pedestal/91593,st_struct_pedestal/92664
ug_route/248752,OSP:BUSP:C708117,st_struct_pedestal/91991,building/68166
ug_route/248753,OSP:BUSP:C648577,st_struct_pedestal/91122,st_struct_pedestal/93703
ug_route/248754,OSP:BUSP:C665530,st_struct_pedestal/93569,st_struct_pedestal/94293
ug_route/248755,OSP:BUSP:C645558,st_struct_pedestal/92488,st_struct_pedestal/94103
ug_route/248756,OSP:BUSP:C647217,st_struct_pedestal/91893,st_struct_pedestal/94053
ug_route/248757,OSP:BUSP:C669066,st_struct_pedestal/92691,building/67227
ug_route/248758,OSP:BUSP:C646058,st_struct_pedestal/92613,st_struct_pedestal/94061
ug_route/248759,OSP:BUSP:C656893,st_struct_pedestal/91310,st_struct_pedestal/94196
ug_route/248760,OSP:BUSP:C653035,st_struct_pedestal/90692,building/67759
ug_route/248761,OSP:BUSP:C641960,st_struct_pedestal/93593,building/68134
ug_route/248762,OSP:BUSP:C665579,st_struct_pedestal/93569,st_struct_pedestal/94293
ug_route/248763,OSP:BUSP:C648579,st_struct_pedestal/91122,st_struct_pedestal/93703
ug_route/248764,OSP:BUSP:C644697,st_struct_pedestal/91306,st_struct_pedestal/93460
ug_route/248765,OSP:BUSP:C659515,st_struct_pedestal/92403,st_struct_pedestal/91195
ug_route/248766,OSP:BUSP:C647632,mywcom_route_junction/27258,st_struct_pedestal/94281
ug_route/248767,OSP:BUSP:C641735,st_struct_pedestal/93511,st_struct_pedestal/91778
ug_route/248768,OSP:BUSP:C647221,st_struct_pedestal/91893,st_struct_pedestal/94053
ug_route/248769,OSP:BUSP:C641722,st_struct_pedestal/93511,st_struct_pedestal/91778
ug_route/248770,OSP:BUSP:C642113,st_struct_pedestal/91187,building/66757
ug_route/248771,OSP:BUSP:C654423,st_struct_pedestal/90878,st_struct_pedestal/93915
ug_route/248772,OSP:BUSP:C656717,st_struct_pedestal/91379,building/67715
ug_route/248773,OSP:BUSP:C642028,st_struct_pedestal/93740,building/66457
ug_route/248774,OSP:BUSP:C646066,st_struct_pedestal/92613,st_struct_pedestal/94061
ug_route/248775,OSP:BUSP:C656317,st_struct_pedestal/93435,st_struct_pedestal/93384
ug_route/248776,OSP:BUSP:C642230,st_struct_pedestal/94290,st_struct_pedestal/91318
ug_route/248777,OSP:BUSP:C661338,st_struct_pedestal/93457,mywcom_route_junction/27876
ug_route/248778,OSP:BUSP:C644713,st_struct_pedestal/91306,st_struct_pedestal/93460
ug_route/248779,OSP:BUSP:C654445,st_struct_pedestal/90878,st_struct_pedestal/93915
ug_route/248780,OSP:BUSP:C641464,st_struct_pedestal/94106,st_struct_pedestal/91415
ug_route/248781,OSP:BUSP:C640897,st_struct_pedestal/94175,st_struct_pedestal/92963
ug_route/248782,OSP:BUSP:C708295,st_struct_pedestal/94036,st_struct_pedestal/93563
ug_route/248783,OSP:BUSP:C669543,st_struct_pedestal/91816,st_struct_pedestal/90719
ug_route/248784,OSP:BUSP:C643483,st_struct_pedestal/91844,st_struct_pedestal/92408
ug_route/248785,OSP:BUSP:C704993,st_struct_pedestal/94290,st_struct_pedestal/91318
ug_route/248786,OSP:BUSP:C640167,st_struct_pedestal/90764,st_struct_buried_splice_location/3878
ug_route/248787,OSP:BUSP:C669544,st_struct_pedestal/91816,st_struct_pedestal/90719
ug_route/248788,OSP:BUSP:C641284,st_struct_pedestal/90930,st_struct_pedestal/90927
ug_route/248789,OSP:BUSP:C670234,st_struct_pedestal/92960,st_struct_pedestal/94232
ug_route/248790,OSP:BUSP:C654446,st_struct_pedestal/90878,st_struct_pedestal/93915
ug_route/248791,OSP:BUSP:C641736,st_struct_pedestal/93272,st_struct_pedestal/92811
ug_route/248792,OSP:BUSP:C671005,st_struct_pedestal/92939,st_struct_buried_splice_location/3925
ug_route/248793,OSP:BUSP:C656669,st_struct_pedestal/91379,building/68472
ug_route/248794,OSP:BUSP:C654816,st_struct_pedestal/90558,building/68220
ug_route/248795,OSP:BUSP:C641851,st_struct_pedestal/93272,st_struct_pedestal/92811
ug_route/248796,OSP:BUSP:C641864,st_struct_pedestal/92555,st_struct_pedestal/90572
ug_route/248797,OSP:BUSP:C657436,st_struct_pedestal/92105,st_struct_pedestal/92270
ug_route/248798,OSP:BUSP:C683118,st_struct_pedestal/92212,st_struct_buried_splice_location/3886
ug_route/248799,OSP:BUSP:C661088,st_struct_pedestal/92669,building/67414
ug_route/248800,OSP:BUSP:C705057,st_struct_pedestal/92494,building/66821
ug_route/248801,OSP:BUSP:C681746,st_struct_pedestal/92363,building/67191
ug_route/248802,OSP:BUSP:C641861,st_struct_pedestal/92555,st_struct_pedestal/90572
ug_route/248803,OSP:BUSP:C649175,st_struct_pedestal/93279,st_struct_pedestal/91589
ug_route/248804,OSP:BUSP:C657439,st_struct_pedestal/92105,st_struct_pedestal/92270
ug_route/248805,OSP:BUSP::7622215,st_struct_pedestal/90720,building/68301
ug_route/248806,OSP:BUSP:C656665,st_struct_pedestal/92519,st_struct_pedestal/91301
ug_route/248807,OSP:BUSP:C657574,st_struct_pedestal/92992,st_struct_pedestal/91640
ug_route/248808,OSP:BUSP::7611823,st_struct_pedestal/91111,st_struct_pedestal/94332
ug_route/248809,OSP:BUSP:C656641,st_struct_pedestal/93453,building/66807
ug_route/248810,OSP:BUSP:C660772,st_struct_pedestal/90925,building/66374
ug_route/248811,OSP:BUSP:C639021,st_struct_pedestal/90781,st_struct_pedestal/91304
ug_route/248812,OSP:BUSP:C656296,st_struct_pedestal/90696,building/68617
ug_route/248813,OSP:BUSP:C648365,st_struct_pedestal/93684,st_struct_pedestal/90763
ug_route/248814,OSP:BUSP:C639460,st_struct_pedestal/90849,st_struct_pedestal/93603
ug_route/248815,OSP:BUSP:C656876,st_struct_pedestal/92372,building/67456
ug_route/248816,OSP:BUSP:C656668,st_struct_pedestal/92519,st_struct_pedestal/91379
ug_route/248817,OSP:BUSP:C657569,st_struct_pedestal/93081,st_struct_pedestal/92949
ug_route/248818,OSP:BUSP:C657552,st_struct_pedestal/93081,st_struct_pedestal/92949
ug_route/248819,OSP:BUSP::8365273,cabinet/2854,st_struct_pedestal/93042
ug_route/248820,OSP:BUSP:C639465,st_struct_pedestal/90849,st_struct_pedestal/93603
ug_route/248821,OSP:BUSP:C659691,st_struct_pedestal/93582,st_struct_pedestal/91782
ug_route/248822,OSP:BUSP:C668474,st_struct_pedestal/93066,st_struct_pedestal/93077
ug_route/248823,OSP:BUSP:C657571,st_struct_pedestal/93081,st_struct_pedestal/92949
ug_route/248824,OSP:BUSP:C645282,st_struct_pedestal/92053,st_struct_pedestal/91139
ug_route/248825,OSP:BUSP:C655175,st_struct_pedestal/93512,st_struct_pedestal/94127
ug_route/248826,OSP:BUSP:C639038,st_struct_pedestal/90781,st_struct_pedestal/91304
ug_route/248827,OSP:BUSP::8683348,st_struct_pedestal/94190,building/67613
ug_route/248828,OSP:BUSP:C662531,st_struct_pedestal/93550,st_struct_pedestal/94328
ug_route/248829,OSP:BUSP:C642298,st_struct_pedestal/93993,st_struct_pedestal/93472
ug_route/248830,OSP:BUSP:C651117,st_struct_pedestal/90691,building/67498
ug_route/248831,OSP:BUSP:C655179,st_struct_pedestal/93512,st_struct_pedestal/94127
ug_route/248832,OSP:BUSP:C666084,st_struct_pedestal/93140,building/68255
ug_route/248833,OSP:BUSP:C642331,st_struct_pedestal/93993,st_struct_pedestal/93472
ug_route/248834,OSP:BUSP:C662527,st_struct_pedestal/93550,st_struct_pedestal/94328
ug_route/248835,OSP:BUSP:C659699,st_struct_pedestal/93582,st_struct_pedestal/91782
ug_route/248836,OSP:BUSP:C671047,st_struct_pedestal/94023,st_struct_pedestal/92156
ug_route/248837,OSP:BUSP:C645993,st_struct_pedestal/94311,building/67628
ug_route/248838,OSP:BUSP:C706018,st_struct_pedestal/92797,st_struct_pedestal/93918
ug_route/248839,OSP:BUSP:C660106,st_struct_pedestal/93129,st_struct_pedestal/90957
ug_route/248840,OSP:BUSP:C706594,st_struct_buried_splice_location/3859,st_struct_pedestal/93793
ug_route/248841,OSP:BUSP:C706031,st_struct_pedestal/92797,st_struct_pedestal/93918
ug_route/248842,OSP:BUSP::17101124,st_struct_pedestal/93146,st_struct_pedestal/91466
ug_route/248843,OSP:BUSP:C664881,st_struct_pedestal/90873,building/66622
ug_route/248844,OSP:BUSP:C660107,st_struct_pedestal/93129,st_struct_pedestal/90957
ug_route/248845,OSP:BUSP:C706036,st_struct_pedestal/92797,st_struct_pedestal/93918
ug_route/248846,OSP:BUSP:C660000,st_struct_pedestal/93324,st_struct_pedestal/90834
ug_route/248847,OSP:BUSP:C660550,st_struct_pedestal/94317,building/67704
ug_route/248848,OSP:BUSP:C652956,st_struct_pedestal/93678,st_struct_pedestal/90692
ug_route/248849,OSP:BUSP:C654594,st_struct_pedestal/91579,st_struct_pedestal/91864
ug_route/248850,OSP:BUSP:C682179,st_struct_pedestal/92230,st_struct_pedestal/93378
ug_route/248851,OSP:BUSP:C656442,st_struct_pedestal/92890,st_struct_pedestal/90584
ug_route/248852,OSP:BUSP:C657454,st_struct_pedestal/93427,st_struct_pedestal/91261
ug_route/248853,OSP:BUSP:C652969,st_struct_pedestal/93678,st_struct_pedestal/90692
ug_route/248854,OSP:BUSP:C650531,st_struct_pedestal/90577,building/66318
ug_route/248855,OSP:BUSP:C653828,st_struct_pedestal/92218,st_struct_pedestal/92109
ug_route/248856,OSP:BUSP:C648995,st_struct_buried_splice_location/3866,st_struct_pedestal/91416
ug_route/248857,OSP:BUSP:C646468,st_struct_pedestal/92993,st_struct_pedestal/92739
ug_route/248858,OSP:BUSP:C709253,pole/52572,st_struct_pedestal/90986
ug_route/248859,OSP:BUSP:C653623,st_struct_pedestal/93390,building/66543
ug_route/248860,OSP:BUSP:C656046,st_struct_pedestal/91314,st_struct_pedestal/92060
ug_route/248861,OSP:BUSP:C643947,st_struct_pedestal/91584,building/67626
ug_route/248862,OSP:BUSP::12034975,st_struct_buried_splice_location/3861,st_struct_pedestal/93016
ug_route/248863,OSP:BUSP:C657991,st_struct_pedestal/92790,st_struct_pedestal/91827
ug_route/248864,OSP:BUSP:C656427,st_struct_pedestal/92890,st_struct_pedestal/90584
ug_route/248865,OSP:BUSP:C666953,st_struct_pedestal/90726,st_struct_pedestal/92071
ug_route/248866,OSP:BUSP:C656708,st_struct_pedestal/91379,building/67061
ug_route/248867,OSP:BUSP:C656206,st_struct_pedestal/93513,st_struct_pedestal/90958
ug_route/248868,OSP:BUSP:C646526,st_struct_pedestal/92993,st_struct_pedestal/92739
ug_route/248869,OSP:BUSP:C670382,st_struct_pedestal/92250,building/67896
ug_route/248870,OSP:BUSP:C658151,st_struct_pedestal/90726,st_struct_pedestal/92071
ug_route/248871,OSP:BUSP:C653690,st_struct_pedestal/92499,building/66727
ug_route/248872,OSP:BUSP:C659889,st_struct_pedestal/91008,building/68841
ug_route/248873,OSP:BUSP:C653158,st_struct_pedestal/93552,st_struct_pedestal/90621
ug_route/248874,OSP:BUSP:C639163,st_struct_pedestal/92612,st_struct_pedestal/91419
ug_route/248875,OSP:BUSP:C660070,st_struct_pedestal/93099,st_struct_pedestal/92799
ug_route/248876,OSP:BUSP:C655146,st_struct_pedestal/92216,st_struct_pedestal/90658
ug_route/248877,OSP:BUSP:C647253,st_struct_pedestal/94137,building/66395
ug_route/248878,OSP:BUSP:C640874,mywcom_route_junction/28170,mywcom_route_junction/27488
ug_route/248879,OSP:BUSP:C639171,st_struct_pedestal/92612,st_struct_pedestal/91419
ug_route/248880,OSP:BUSP:C651352,st_struct_pedestal/92577,st_struct_pedestal/92364
ug_route/248881,OSP:BUSP:C658419,st_struct_pedestal/92655,st_struct_pedestal/91185
ug_route/248882,OSP:BUSP:C650344,st_struct_pedestal/92744,st_struct_pedestal/91907
ug_route/248883,OSP:BUSP:C645746,st_struct_pedestal/92240,st_struct_pedestal/94164
ug_route/248884,OSP:BUSP:C653160,st_struct_pedestal/93552,st_struct_pedestal/90621
ug_route/248885,OSP:BUSP:C641350,st_struct_pedestal/91155,building/67407
ug_route/248886,OSP:BUSP:C656521,st_struct_pedestal/92606,building/68816
ug_route/248887,OSP:BUSP:C666062,st_struct_pedestal/91269,building/66163
ug_route/248888,OSP:BUSP:C670725,st_struct_pedestal/93245,st_struct_pedestal/92267
ug_route/248889,OSP:BUSP:C641582,st_struct_pedestal/90936,st_struct_pedestal/94072
ug_route/248890,OSP:BUSP:C639148,st_struct_pedestal/90828,st_struct_pedestal/91320
ug_route/248891,OSP:BUSP:C628255,st_struct_pedestal/94344,building/68507
ug_route/248892,OSP:BUSP:C682008,st_struct_pedestal/91808,building/66579
ug_route/248893,OSP:BUSP:C641889,st_struct_pedestal/92538,st_struct_pedestal/92797
ug_route/248894,OSP:BUSP:C705997,st_struct_pedestal/90936,st_struct_pedestal/94072
ug_route/248895,OSP:BUSP:C639151,st_struct_pedestal/90828,st_struct_pedestal/91320
ug_route/248896,OSP:BUSP:C653476,st_struct_pedestal/93015,building/66247
ug_route/248897,OSP:BUSP:C665509,st_struct_pedestal/91070,st_struct_pedestal/93705
ug_route/248898,OSP:BUSP:C668051,st_struct_pedestal/90949,building/67508
ug_route/248899,OSP:BUSP:C658549,st_struct_pedestal/93950,building/67548
ug_route/248900,OSP:BUSP:C641599,st_struct_pedestal/92538,st_struct_pedestal/92797
ug_route/248901,OSP:BUSP:C705607,st_struct_pedestal/93374,st_struct_pedestal/91695
ug_route/248902,OSP:BUSP:C670364,st_struct_pedestal/93242,st_struct_pedestal/94179
ug_route/248903,OSP:BUSP:C642313,st_struct_pedestal/93472,st_struct_pedestal/91979
ug_route/248904,OSP:BUSP:C653563,st_struct_pedestal/93975,st_struct_pedestal/92835
ug_route/248905,OSP:BUSP:C646669,st_struct_pedestal/92070,building/67798
ug_route/248906,OSP:BUSP:C660982,st_struct_pedestal/92664,building/66705
ug_route/248907,OSP:BUSP:C642334,st_struct_pedestal/93472,st_struct_pedestal/91979
ug_route/248908,OSP:BUSP:C642239,st_struct_pedestal/91957,st_struct_pedestal/91309
ug_route/248909,OSP:BUSP:C648084,st_struct_pedestal/93213,st_struct_pedestal/92263
ug_route/248910,OSP:BUSP:C707577,st_struct_pedestal/94288,st_struct_pedestal/91795
ug_route/248911,OSP:BUSP:C665725,st_struct_pedestal/92497,building/68833
ug_route/248912,OSP:BUSP:C645815,st_struct_pedestal/92155,st_struct_pedestal/91779
ug_route/248913,OSP:BUSP:C639704,st_struct_pedestal/93316,st_struct_pedestal/92961
ug_route/248914,OSP:BUSP:C644105,st_struct_pedestal/92453,building/68812
ug_route/248915,OSP:BUSP::8728144,st_struct_pedestal/91094,pole/53109
ug_route/248916,OSP:BUSP:C705608,st_struct_pedestal/93374,st_struct_pedestal/91695
ug_route/248917,OSP:BUSP:C666888,st_struct_pedestal/92742,building/67073
ug_route/248918,OSP:BUSP:C648972,st_struct_pedestal/90719,building/68030
ug_route/248919,OSP:BUSP:C659274,st_struct_pedestal/94027,st_struct_pedestal/93735
ug_route/248920,OSP:BUSP:C662245,st_struct_pedestal/93087,st_struct_pedestal/91058
ug_route/248921,OSP:BUSP:C705048,st_struct_pedestal/91207,st_struct_pedestal/92494
ug_route/248922,OSP:BUSP:C651127,st_struct_pedestal/94056,st_struct_pedestal/93662
ug_route/248923,OSP:BUSP:C665618,st_struct_pedestal/91230,building/66641
ug_route/248924,OSP:BUSP:C660122,st_struct_pedestal/92743,st_struct_pedestal/92198
ug_route/248925,OSP:BUSP:C705052,st_struct_pedestal/91207,st_struct_pedestal/92494
ug_route/248926,OSP:BUSP:C660125,st_struct_pedestal/92198,st_struct_pedestal/91578
ug_route/248927,OSP:BUSP:C654838,st_struct_pedestal/93321,building/67675
ug_route/248928,OSP:BUSP:C666053,st_struct_pedestal/93140,st_struct_pedestal/90852
ug_route/248929,OSP:BUSP:C665806,st_struct_pedestal/94328,st_struct_pedestal/92317
ug_route/248930,OSP:BUSP:C671031,st_struct_pedestal/90998,st_struct_pedestal/90969
ug_route/248931,OSP:BUSP:C651192,st_struct_pedestal/94056,st_struct_pedestal/93662
ug_route/248932,OSP:BUSP:C681274,st_struct_pedestal/91784,st_struct_pedestal/91721
ug_route/248933,OSP:BUSP:C659998,st_struct_pedestal/90575,st_struct_pedestal/93324
ug_route/248934,OSP:BUSP:C660134,st_struct_pedestal/92198,st_struct_pedestal/91578
ug_route/248935,OSP:BUSP:C681343,st_struct_pedestal/91445,mywcom_route_junction/28032
ug_route/248936,OSP:BUSP:C640401,st_struct_pedestal/94028,building/66871
ug_route/248937,OSP:BUSP:C671103,st_struct_pedestal/91567,st_struct_pedestal/90650
ug_route/248938,OSP:BUSP:C641383,st_struct_pedestal/92772,building/67695
ug_route/248939,OSP:BUSP:C681318,st_struct_pedestal/91445,st_struct_pedestal/92110
ug_route/248940,OSP:BUSP:C656898,st_struct_pedestal/91310,st_struct_pedestal/93675
ug_route/248941,OSP:BUSP:C659624,st_struct_pedestal/90591,st_struct_pedestal/92482
ug_route/248942,OSP:BUSP:C658205,st_struct_pedestal/93347,st_struct_pedestal/93772
ug_route/248943,OSP:BUSP:C655177,st_struct_pedestal/93251,st_struct_pedestal/94085
ug_route/248944,OSP:BUSP:C658019,st_struct_pedestal/92833,st_struct_pedestal/94330
ug_route/248945,OSP:BUSP:C654618,st_struct_pedestal/94134,st_struct_pedestal/94130
ug_route/248946,OSP:BUSP:C650639,st_struct_pedestal/92740,building/68085
ug_route/248947,OSP:BUSP:C656764,st_struct_pedestal/91773,building/68776
ug_route/248948,OSP:BUSP:C645256,st_struct_pedestal/92383,st_struct_pedestal/91095
ug_route/248949,OSP:BUSP:C657687,st_struct_pedestal/92491,st_struct_pedestal/93440
ug_route/248950,OSP:BUSP:C656405,st_struct_pedestal/93668,st_struct_pedestal/91459
ug_route/248951,OSP:BUSP:C640911,st_struct_pedestal/94068,st_struct_pedestal/91126
ug_route/248952,OSP:BUSP:C708127,st_struct_pedestal/93012,st_struct_buried_splice_location/3868
ug_route/248953,OSP:BUSP:C653012,st_struct_pedestal/92036,st_struct_pedestal/92434
ug_route/248954,OSP:BUSP:C656948,st_struct_pedestal/91310,st_struct_pedestal/93675
ug_route/248955,OSP:BUSP:C656998,st_struct_pedestal/90825,building/67178
ug_route/248956,OSP:BUSP:C648824,st_struct_pedestal/93981,building/68315
ug_route/248957,OSP:BUSP:C645265,st_struct_pedestal/92383,st_struct_pedestal/91095
ug_route/248958,OSP:BUSP:C641750,st_struct_pedestal/91778,st_struct_pedestal/90946
ug_route/248959,OSP:BUSP:C707787,st_struct_pedestal/92989,st_struct_pedestal/94231
ug_route/248960,OSP:BUSP:C661014,st_struct_pedestal/93098,st_struct_pedestal/93459
ug_route/248961,OSP:BUSP:C655319,st_struct_pedestal/92957,st_struct_pedestal/93380
ug_route/248962,OSP:BUSP:C655360,st_struct_pedestal/92328,st_struct_pedestal/91143
ug_route/248963,OSP:BUSP:C656132,st_struct_pedestal/90877,st_struct_pedestal/91645
ug_route/248964,OSP:BUSP:C668142,st_struct_pedestal/92062,st_struct_pedestal/91919
ug_route/248965,OSP:BUSP:C659235,st_struct_pedestal/93773,st_struct_pedestal/93092
ug_route/248966,OSP:BUSP:C707786,st_struct_pedestal/92989,st_struct_pedestal/94231
ug_route/248967,OSP:BUSP:C641757,st_struct_pedestal/91778,st_struct_pedestal/90946
ug_route/248968,OSP:BUSP:C640165,st_struct_pedestal/90764,building/66174
ug_route/248969,OSP:BUSP:C655352,st_struct_pedestal/92957,st_struct_pedestal/93380
ug_route/248970,OSP:BUSP:C669949,st_struct_pedestal/92583,building/67662
ug_route/248971,OSP:BUSP:C670380,st_struct_pedestal/93242,st_struct_pedestal/94179
ug_route/248972,OSP:BUSP::13453072,mywcom_route_junction/27756,mywcom_route_junction/27146
ug_route/248973,OSP:BUSP:C642273,st_struct_pedestal/92030,st_struct_pedestal/90699
ug_route/248974,OSP:BUSP:C668152,st_struct_pedestal/92062,st_struct_pedestal/91919
ug_route/248975,OSP:BUSP:C640906,st_struct_pedestal/92963,st_struct_pedestal/94068
ug_route/248976,OSP:BUSP:C654621,st_struct_pedestal/92766,building/67602
ug_route/248977,OSP:BUSP:C637429,st_struct_pedestal/91899,st_struct_pedestal/90948
ug_route/248978,OSP:BUSP:C653157,st_struct_pedestal/93549,st_struct_pedestal/93552
ug_route/248979,OSP:BUSP::8336781,cabinet/2838,st_struct_pedestal/91184
ug_route/248980,OSP:BUSP:C665503,st_struct_pedestal/93734,building/68829
ug_route/248981,OSP:BUSP:C642285,st_struct_pedestal/92030,st_struct_pedestal/90699
ug_route/248982,OSP:BUSP:C668521,st_struct_pedestal/91386,st_struct_pedestal/91141
ug_route/248983,OSP:BUSP::15007308,mywcom_route_junction/27486,st_struct_pedestal/91949
ug_route/248984,OSP:BUSP:C708175,st_struct_pedestal/91890,st_struct_pedestal/92366
ug_route/248985,OSP:BUSP:C651029,st_struct_pedestal/93944,building/67761
ug_route/248986,OSP:BUSP:C683080,st_struct_pedestal/91929,building/66879
ug_route/248987,OSP:BUSP:C708249,st_struct_pedestal/91455,st_struct_pedestal/90753
ug_route/248988,OSP:BUSP:C653175,st_struct_pedestal/91357,st_struct_pedestal/93552
ug_route/248989,OSP:BUSP:C668154,st_struct_pedestal/92062,st_struct_pedestal/91919
ug_route/248990,OSP:BUSP:C662513,st_struct_pedestal/91523,st_struct_pedestal/93039
ug_route/248991,OSP:BUSP:C653176,st_struct_pedestal/91357,st_struct_pedestal/93552
ug_route/248992,OSP:BUSP:C658538,st_struct_pedestal/93395,st_struct_pedestal/93860
ug_route/248993,OSP:BUSP:C650642,st_struct_pedestal/93925,building/66594
ug_route/248994,OSP:BUSP:C660682,st_struct_pedestal/91326,st_struct_pedestal/94110
ug_route/248995,OSP:BUSP:C665582,st_struct_pedestal/93143,st_struct_pedestal/90836
ug_route/248996,OSP:BUSP:C644416,st_struct_pedestal/91817,st_struct_pedestal/92300
ug_route/248997,OSP:BUSP:C653389,st_struct_pedestal/91891,mywcom_route_junction/27125
ug_route/248998,OSP:BUSP:C658506,st_struct_pedestal/91605,st_struct_pedestal/90922
ug_route/248999,OSP:BUSP:C655336,st_struct_pedestal/91052,st_struct_pedestal/91641
ug_route/249000,OSP:BUSP:C668984,st_struct_pedestal/91860,st_struct_pedestal/90568
ug_route/249001,OSP:BUSP:C658012,st_struct_pedestal/91463,building/68809
ug_route/249002,OSP:BUSP:C669012,st_struct_pedestal/91860,st_struct_pedestal/90568
ug_route/249003,OSP:BUSP:C641285,st_struct_pedestal/90864,building/67574
ug_route/249004,OSP:BUSP:C669068,st_struct_pedestal/92691,building/66809
ug_route/249005,OSP:BUSP:C656365,st_struct_pedestal/93278,st_struct_pedestal/90694
ug_route/249006,OSP:BUSP:C653845,st_struct_pedestal/94034,st_struct_pedestal/90821
ug_route/249007,OSP:BUSP:C655365,st_struct_pedestal/94243,st_struct_pedestal/93319
ug_route/249008,OSP:BUSP:C639175,st_struct_pedestal/91419,st_struct_pedestal/93620
ug_route/249009,OSP:BUSP:C640952,st_struct_pedestal/93867,st_struct_pedestal/90564
ug_route/249010,OSP:BUSP:C656348,st_struct_pedestal/93278,st_struct_pedestal/90694
ug_route/249011,OSP:BUSP:C640914,st_struct_pedestal/91126,st_struct_pedestal/90687
ug_route/249012,OSP:BUSP:C655605,st_struct_pedestal/92959,st_struct_pedestal/92227
ug_route/249013,OSP:BUSP:C653816,st_struct_pedestal/94034,st_struct_pedestal/90821
ug_route/249014,OSP:BUSP:C651197,st_struct_pedestal/90691,st_struct_pedestal/91780
ug_route/249015,OSP:BUSP::8061899,st_struct_pedestal/92546,st_struct_pedestal/91741
ug_route/249016,OSP:BUSP:C681331,st_struct_buried_splice_location/3989,st_struct_buried_splice_location/3890
ug_route/249017,OSP:BUSP:C655376,st_struct_pedestal/94243,st_struct_pedestal/93319
ug_route/249018,OSP:BUSP:C645270,st_struct_pedestal/91095,building/67635
ug_route/249019,OSP:BUSP:C658920,st_struct_pedestal/90856,st_struct_pedestal/93323
ug_route/249020,OSP:BUSP:C653686,st_struct_pedestal/93943,building/66471
ug_route/249021,OSP:BUSP:C639199,st_struct_pedestal/91419,st_struct_pedestal/93620
ug_route/249022,OSP:BUSP:C655615,st_struct_pedestal/92959,st_struct_pedestal/92227
ug_route/249023,OSP:BUSP:C652697,st_struct_pedestal/92371,st_struct_pedestal/92886
ug_route/249024,OSP:BUSP:C645937,st_struct_pedestal/91893,building/67973
ug_route/249025,OSP:BUSP:C668156,st_struct_pedestal/92062,st_struct_pedestal/91919
ug_route/249026,OSP:BUSP:C656678,st_struct_pedestal/92104,st_struct_pedestal/92559
ug_route/249027,OSP:BUSP:C705587,st_struct_pedestal/91988,st_struct_pedestal/92767
ug_route/249028,OSP:BUSP:C653015,st_struct_pedestal/92434,building/66960
ug_route/249029,OSP:BUSP:C658017,st_struct_pedestal/92840,st_struct_pedestal/91463
ug_route/249030,OSP:BUSP:C642317,st_struct_pedestal/91979,st_struct_pedestal/91528
ug_route/249031,OSP:BUSP:C651130,st_struct_pedestal/90886,st_struct_pedestal/92653
ug_route/249032,OSP:BUSP:C642335,st_struct_pedestal/91979,st_struct_pedestal/91528
ug_route/249033,OSP:BUSP:C641349,st_struct_pedestal/90779,st_struct_pedestal/91023
ug_route/249034,OSP:BUSP:C671986,st_struct_pedestal/90765,st_struct_pedestal/93992
ug_route/249035,OSP:BUSP:C652715,st_struct_pedestal/92371,st_struct_pedestal/92886
ug_route/249036,OSP:BUSP:C651196,st_struct_pedestal/90886,st_struct_pedestal/92653
ug_route/249037,OSP:BUSP:C648920,st_struct_pedestal/92495,st_struct_pedestal/93237
ug_route/249038,OSP:BUSP:C647363,st_struct_pedestal/92495,st_struct_pedestal/93237
ug_route/249039,OSP:BUSP:C640226,st_struct_pedestal/90818,st_struct_pedestal/92378
ug_route/249040,OSP:BUSP:C657020,st_struct_pedestal/93110,st_struct_pedestal/92699
ug_route/249041,OSP:BUSP:C660882,st_struct_pedestal/93784,st_struct_pedestal/90893
ug_route/249042,OSP:BUSP:C668292,st_struct_pedestal/91832,building/67333
ug_route/249043,OSP:BUSP:C670287,st_struct_pedestal/92250,st_struct_pedestal/91769
ug_route/249044,OSP:BUSP:C650096,st_struct_pedestal/94237,st_struct_pedestal/90732
ug_route/249045,OSP:BUSP:C670479,st_struct_pedestal/93801,st_struct_pedestal/92213
ug_route/249046,OSP:BUSP:C639707,st_struct_pedestal/92961,st_struct_pedestal/92163
ug_route/249047,OSP:BUSP:C639306,st_struct_pedestal/93609,st_struct_pedestal/93663
ug_route/249048,OSP:BUSP:C641439,st_struct_pedestal/90690,st_struct_pedestal/94035
ug_route/249049,OSP:BUSP:C662321,st_struct_pedestal/93809,st_struct_pedestal/92628
ug_route/249050,OSP:BUSP:C658827,st_struct_pedestal/94230,building/68769
ug_route/249051,OSP:BUSP:C652061,st_struct_pedestal/93906,st_struct_pedestal/91859
ug_route/249052,OSP:BUSP:C646513,st_struct_pedestal/91608,st_struct_pedestal/92166
ug_route/249053,OSP:BUSP:C657945,st_struct_pedestal/92285,st_struct_pedestal/91936
ug_route/249054,OSP:BUSP:C647685,st_struct_pedestal/91204,st_struct_pedestal/91010
ug_route/249055,OSP:BUSP:C646422,st_struct_pedestal/91608,st_struct_pedestal/92166
ug_route/249056,OSP:BUSP:C648756,st_struct_pedestal/91420,st_struct_pedestal/92523
ug_route/249057,OSP:BUSP:C647323,st_struct_pedestal/90954,st_struct_pedestal/91068
ug_route/249058,OSP:BUSP:C665664,st_struct_pedestal/94253,st_struct_pedestal/93444
ug_route/249059,OSP:BUSP:C653192,st_struct_pedestal/93599,st_struct_pedestal/93940
ug_route/249060,OSP:BUSP:C659049,st_struct_pedestal/94124,building/66812
ug_route/249061,OSP:BUSP:C648802,st_struct_pedestal/91420,st_struct_pedestal/92523
ug_route/249062,OSP:BUSP:C682177,st_struct_pedestal/92230,building/66388
ug_route/249063,OSP:BUSP:C665642,st_struct_pedestal/94253,st_struct_pedestal/93444
ug_route/249064,OSP:BUSP:C649013,st_struct_pedestal/91608,st_struct_pedestal/92166
ug_route/249065,OSP:BUSP:C660179,st_struct_pedestal/92850,st_struct_pedestal/91533
ug_route/249066,OSP:BUSP:C661075,mywcom_route_junction/27804,mywcom_route_junction/27675
ug_route/249067,OSP:BUSP:C646609,st_struct_pedestal/91863,st_struct_pedestal/92605
ug_route/249068,OSP:BUSP:C653078,st_struct_pedestal/94070,building/68247
ug_route/249069,OSP:BUSP:C665666,st_struct_pedestal/94253,st_struct_pedestal/93444
ug_route/249070,OSP:BUSP:C653666,st_struct_pedestal/94236,st_struct_pedestal/93943
ug_route/249071,OSP:BUSP:C682287,st_struct_pedestal/91351,st_struct_pedestal/92939
ug_route/249072,OSP:BUSP:C659622,st_struct_pedestal/92317,st_struct_pedestal/91568
ug_route/249073,OSP:BUSP:C653480,st_struct_pedestal/93015,st_struct_pedestal/91298
ug_route/249074,OSP:BUSP:C657715,st_struct_pedestal/90937,st_struct_pedestal/92836
ug_route/249075,OSP:BUSP:C653667,st_struct_pedestal/94236,st_struct_pedestal/93943
ug_route/249076,OSP:BUSP:C660184,st_struct_pedestal/92850,st_struct_pedestal/91533
ug_route/249077,OSP:BUSP:C661077,st_struct_pedestal/93629,st_struct_pedestal/91150
ug_route/249078,OSP:BUSP:C642069,st_struct_pedestal/93272,st_struct_pedestal/93627
ug_route/249079,OSP:BUSP:C668469,st_struct_pedestal/93066,building/67968
ug_route/249080,OSP:BUSP::12613064,mywcom_route_junction/27450,mywcom_route_junction/27725
ug_route/249081,OSP:BUSP:C645920,st_struct_pedestal/93151,st_struct_pedestal/92727
ug_route/249082,OSP:BUSP:C650484,st_struct_pedestal/92627,st_struct_pedestal/90955
ug_route/249083,OSP:BUSP:C657902,st_struct_pedestal/92285,st_struct_pedestal/91936
ug_route/249084,OSP:BUSP:C651962,st_struct_pedestal/93906,st_struct_pedestal/91274
ug_route/249085,OSP:BUSP:C649718,st_struct_pedestal/94237,st_struct_pedestal/91308
ug_route/249086,OSP:BUSP:C657733,st_struct_pedestal/90937,st_struct_pedestal/92836
ug_route/249087,OSP:BUSP:C645956,st_struct_pedestal/93151,st_struct_pedestal/92727
ug_route/249088,OSP:BUSP:C650489,st_struct_pedestal/92627,st_struct_pedestal/90955
ug_route/249089,OSP:BUSP:C654774,st_struct_pedestal/91414,building/66844
ug_route/249090,OSP:BUSP:C639441,st_struct_pedestal/93095,st_struct_pedestal/93441
ug_route/249091,OSP:BUSP:C657941,st_struct_pedestal/92285,st_struct_pedestal/91936
ug_route/249092,OSP:BUSP:C643928,st_struct_pedestal/92369,building/66468
ug_route/249093,OSP:BUSP:C639445,st_struct_pedestal/93095,st_struct_pedestal/93441
ug_route/249094,OSP:BUSP::10613629,st_struct_pedestal/90997,st_struct_pedestal/93236
ug_route/249095,OSP:BUSP:C654575,st_struct_pedestal/90878,st_struct_pedestal/91514
ug_route/249096,OSP:BUSP:C658936,st_struct_pedestal/91008,st_struct_pedestal/92656
ug_route/249097,OSP:BUSP:C640328,st_struct_pedestal/93547,st_struct_pedestal/92070
ug_route/249098,OSP:BUSP:C648551,st_struct_pedestal/94062,st_struct_pedestal/94320
ug_route/249099,OSP:BUSP:C643087,st_struct_buried_splice_location/3971,st_struct_buried_splice_location/3919
ug_route/249100,OSP:BUSP:C648556,st_struct_pedestal/94062,st_struct_pedestal/94320
ug_route/249101,OSP:BUSP:C648820,st_struct_pedestal/91420,building/68203
ug_route/249102,OSP:BUSP:C646677,st_struct_pedestal/93547,st_struct_pedestal/92070
ug_route/249103,OSP:BUSP:C641310,st_struct_pedestal/93757,st_struct_pedestal/92598
ug_route/249104,OSP:BUSP:C640280,st_struct_pedestal/92024,st_struct_pedestal/94024
ug_route/249105,OSP:BUSP:C660193,st_struct_pedestal/92544,st_struct_pedestal/92986
ug_route/249106,OSP:BUSP:C645849,st_struct_pedestal/93128,st_struct_pedestal/91639
ug_route/249107,OSP:BUSP:C645776,st_struct_pedestal/91530,st_struct_pedestal/94182
ug_route/249108,OSP:BUSP:C646187,st_struct_pedestal/90638,st_struct_pedestal/94033
ug_route/249109,OSP:BUSP:C660194,st_struct_pedestal/92544,st_struct_pedestal/92986
ug_route/249110,OSP:BUSP:C640285,st_struct_pedestal/92024,st_struct_pedestal/94024
ug_route/249111,OSP:BUSP:C658578,st_struct_pedestal/91721,st_struct_pedestal/90565
ug_route/249112,OSP:BUSP:C706883,pole/54335,cabinet/2820
ug_route/249113,OSP:BUSP:C643699,st_struct_pedestal/92733,st_struct_pedestal/92029
ug_route/249114,OSP:BUSP:C656220,st_struct_pedestal/92773,building/68056
ug_route/249115,OSP:BUSP:C646220,st_struct_pedestal/90638,st_struct_pedestal/94033
ug_route/249116,OSP:BUSP:C683141,st_struct_buried_splice_location/3886,st_struct_pedestal/92448
ug_route/249117,OSP:BUSP:C681607,st_struct_pedestal/90775,st_struct_pedestal/92337
ug_route/249118,OSP:BUSP::8348933,st_struct_pedestal/91707,mywcom_route_junction/27274
ug_route/249119,OSP:BUSP:C668162,st_struct_pedestal/92062,st_struct_pedestal/92111
ug_route/249120,OSP:BUSP:C643071,st_struct_buried_splice_location/3923,st_struct_buried_splice_location/3960
ug_route/249121,OSP:BUSP:C659779,st_struct_buried_splice_location/3884,st_struct_pedestal/91344
ug_route/249122,OSP:BUSP:C643722,st_struct_pedestal/92733,st_struct_pedestal/92029
ug_route/249123,OSP:BUSP:C666763,st_struct_buried_splice_location/3930,st_struct_pedestal/92850
ug_route/249124,OSP:BUSP:C641581,st_struct_pedestal/93318,st_struct_pedestal/90936
ug_route/249125,OSP:BUSP:C658236,st_struct_pedestal/90947,st_struct_pedestal/93628
ug_route/249126,OSP:BUSP:C708158,st_struct_pedestal/91392,mywcom_route_junction/28166
ug_route/249127,OSP:BUSP:C654889,mywcom_route_junction/27957,mywcom_route_junction/27814
ug_route/249128,OSP:BUSP:C640235,st_struct_pedestal/90818,st_struct_pedestal/92378
ug_route/249129,OSP:BUSP:C705996,st_struct_pedestal/93318,st_struct_pedestal/90936
ug_route/249130,OSP:BUSP:C656777,st_struct_pedestal/92316,st_struct_pedestal/92996
ug_route/249131,OSP:BUSP:C660572,st_struct_pedestal/90634,st_struct_pedestal/94093
ug_route/249132,OSP:BUSP:C661183,st_struct_pedestal/93385,st_struct_pedestal/92742
ug_route/249133,OSP:BUSP:C645979,st_struct_pedestal/92727,st_struct_pedestal/92480
ug_route/249134,OSP:BUSP:C654707,st_struct_pedestal/91972,st_struct_pedestal/93162
ug_route/249135,OSP:BUSP:C661197,st_struct_pedestal/93385,st_struct_pedestal/92742
ug_route/249136,OSP:BUSP:C710191,st_struct_pedestal/92425,st_struct_pedestal/93381
ug_route/249137,OSP:BUSP:C653669,st_struct_pedestal/93943,st_struct_pedestal/92499
ug_route/249138,OSP:BUSP:C645683,st_struct_pedestal/92481,st_struct_pedestal/93084
ug_route/249139,OSP:BUSP::7683755,mywcom_route_junction/27974,st_struct_pedestal/93066
ug_route/249140,OSP:BUSP:C668238,st_struct_pedestal/94253,st_struct_pedestal/91785
ug_route/249141,OSP:BUSP:C668031,st_struct_pedestal/94253,st_struct_pedestal/91785
ug_route/249142,OSP:BUSP:C640160,st_struct_pedestal/90695,st_struct_pedestal/90764
ug_route/249143,OSP:BUSP:C660109,st_struct_pedestal/90957,st_struct_pedestal/91565
ug_route/249144,OSP:BUSP:C653021,st_struct_pedestal/92022,building/68211
ug_route/249145,OSP:BUSP::16694731,mywcom_route_junction/27709,mywcom_route_junction/27359
ug_route/249146,OSP:BUSP:C660111,st_struct_pedestal/90957,st_struct_pedestal/91565
ug_route/249147,OSP:BUSP:C641452,st_struct_pedestal/92737,st_struct_pedestal/93719
ug_route/249148,OSP:BUSP:C654595,st_struct_pedestal/91864,st_struct_pedestal/93214
ug_route/249149,OSP:BUSP::16735348,mywcom_route_junction/27907,mywcom_route_junction/27191
ug_route/249150,OSP:BUSP:C647331,st_struct_pedestal/91068,building/67831
ug_route/249151,OSP:BUSP:C641517,st_struct_pedestal/92737,st_struct_pedestal/93719
ug_route/249152,OSP:BUSP:C653674,st_struct_pedestal/93943,st_struct_pedestal/92499
ug_route/249153,OSP:BUSP:C641499,st_struct_pedestal/92737,st_struct_pedestal/93719
ug_route/249154,OSP:BUSP:C646952,st_struct_pedestal/91192,st_struct_pedestal/92875
ug_route/249155,OSP:BUSP:C656615,mywcom_route_junction/27263,mywcom_route_junction/27881
ug_route/249156,OSP:BUSP:C655783,st_struct_pedestal/90983,st_struct_pedestal/92987
ug_route/249157,OSP:BUSP:C651403,st_struct_pedestal/92364,building/67957
ug_route/249158,OSP:BUSP:C637442,st_struct_pedestal/92162,st_struct_pedestal/92160
ug_route/249159,OSP:BUSP:C655404,st_struct_pedestal/94052,building/68433
ug_route/249160,OSP:BUSP:C641372,st_struct_pedestal/90813,st_struct_pedestal/92787
ug_route/249161,OSP:BUSP:C707947,st_struct_pedestal/93340,st_struct_pedestal/93082
ug_route/249162,OSP:BUSP:C652778,st_struct_pedestal/93000,st_struct_pedestal/91357
ug_route/249163,OSP:BUSP:C640332,st_struct_pedestal/92070,st_struct_pedestal/92463
ug_route/249164,OSP:BUSP:C658437,st_struct_pedestal/91748,st_struct_pedestal/91923
ug_route/249165,OSP:BUSP:C651145,st_struct_pedestal/91576,st_struct_pedestal/90953
ug_route/249166,OSP:BUSP:C647293,st_struct_pedestal/92681,st_struct_pedestal/92495
ug_route/249167,OSP:BUSP:C641890,st_struct_pedestal/92681,st_struct_pedestal/92495
ug_route/249168,OSP:BUSP:C652818,st_struct_pedestal/92800,st_struct_pedestal/93513
ug_route/249169,OSP:BUSP:C642109,st_struct_pedestal/93726,st_struct_pedestal/90847
ug_route/249170,OSP:BUSP:C649891,st_struct_pedestal/92297,building/67982
ug_route/249171,OSP:BUSP:C708155,st_struct_buried_splice_location/3893,st_struct_pedestal/91410
ug_route/249172,OSP:BUSP:C651096,st_struct_pedestal/93275,building/66329
ug_route/249173,OSP:BUSP:C652894,st_struct_pedestal/92800,st_struct_pedestal/93513
ug_route/249174,OSP:BUSP:C652897,st_struct_pedestal/92800,st_struct_pedestal/93513
ug_route/249175,OSP:BUSP:C642289,st_struct_pedestal/93726,st_struct_pedestal/90847
ug_route/249176,OSP:BUSP:C648956,st_struct_pedestal/90719,pole/54159
ug_route/249177,OSP:BUSP:C638803,st_struct_pedestal/94053,st_struct_pedestal/94188
ug_route/249178,OSP:BUSP:C657005,st_struct_pedestal/91002,st_struct_pedestal/90534
ug_route/249179,OSP:BUSP:C648971,st_struct_pedestal/90719,pole/54159
ug_route/249180,OSP:BUSP:C648821,st_struct_pedestal/91420,st_struct_pedestal/92904
ug_route/249181,OSP:BUSP:C648822,st_struct_pedestal/91420,st_struct_pedestal/92904
ug_route/249182,OSP:BUSP::11828724,mywcom_route_junction/27097,mywcom_route_junction/27212
ug_route/249183,OSP:BUSP:C705812,st_struct_pedestal/92282,mywcom_route_junction/28118
ug_route/249184,OSP:BUSP:C640607,st_struct_pedestal/92605,st_struct_pedestal/92837
ug_route/249185,OSP:BUSP:C641294,st_struct_pedestal/90927,st_struct_pedestal/93755
ug_route/249186,OSP:BUSP::7613892,st_struct_pedestal/94334,st_struct_pedestal/92262
ug_route/249187,OSP:BUSP:C640613,st_struct_pedestal/92605,st_struct_pedestal/92837
ug_route/249188,OSP:BUSP:C651617,st_struct_buried_splice_location/3954,st_struct_pedestal/90691
ug_route/249189,OSP:BUSP:C655174,st_struct_pedestal/90574,building/68754
ug_route/249190,OSP:BUSP:C665720,st_struct_pedestal/91071,st_struct_pedestal/92497
ug_route/249191,OSP:BUSP:C651533,st_struct_buried_splice_location/3887,st_struct_pedestal/90691
ug_route/249192,OSP:BUSP:C641473,st_struct_pedestal/94246,st_struct_pedestal/93345
ug_route/249193,OSP:BUSP:C670519,st_struct_pedestal/90624,st_struct_pedestal/92156
ug_route/249194,OSP:BUSP:C641508,st_struct_pedestal/94246,st_struct_pedestal/93345
ug_route/249195,OSP:BUSP:C641522,st_struct_pedestal/94246,st_struct_pedestal/93345
ug_route/249196,OSP:BUSP:C660930,st_struct_pedestal/91140,st_struct_pedestal/92131
ug_route/249197,OSP:BUSP:C642175,st_struct_pedestal/92920,st_struct_pedestal/93941
ug_route/249198,OSP:BUSP:C644336,st_struct_pedestal/91977,st_struct_pedestal/92832
ug_route/249199,OSP:BUSP:C658937,st_struct_pedestal/92656,st_struct_pedestal/94319
ug_route/249200,OSP:BUSP:C660935,st_struct_pedestal/91140,st_struct_pedestal/92131
ug_route/249201,OSP:BUSP:C639447,st_struct_pedestal/93441,st_struct_pedestal/93314
ug_route/249202,OSP:BUSP:C642236,st_struct_pedestal/92920,st_struct_pedestal/93941
ug_route/249203,OSP:BUSP:C661128,st_struct_buried_splice_location/3950,st_struct_pedestal/91391
ug_route/249204,OSP:BUSP:C666762,st_struct_pedestal/93163,st_struct_buried_splice_location/3930
ug_route/249205,OSP:BUSP:C639453,st_struct_pedestal/93441,st_struct_pedestal/93314
ug_route/249206,OSP:BUSP:C645908,st_struct_pedestal/91959,st_struct_pedestal/93151
ug_route/249207,OSP:BUSP::11486956,mywcom_route_junction/27707,building/66482
ug_route/249208,OSP:BUSP:C708110,st_struct_pedestal/92242,st_struct_buried_splice_location/3935
ug_route/249209,OSP:BUSP:C651991,st_struct_pedestal/91648,st_struct_pedestal/91739
ug_route/249210,OSP:BUSP:C645953,st_struct_pedestal/91959,st_struct_pedestal/93151
ug_route/249211,OSP:BUSP:C641403,st_struct_pedestal/94021,st_struct_buried_splice_location/3895
ug_route/249212,OSP:BUSP:C646758,st_struct_buried_splice_location/3850,st_struct_pedestal/92228
ug_route/249213,OSP:BUSP:C641823,st_struct_pedestal/91062,building/68471
ug_route/249214,OSP:BUSP::8336780,mywcom_route_junction/27763,st_struct_pedestal/93004
ug_route/249215,OSP:BUSP:C682188,st_struct_pedestal/92230,st_struct_pedestal/90945
ug_route/249216,OSP:BUSP:C639137,st_struct_pedestal/92791,st_struct_pedestal/90828
ug_route/249217,OSP:BUSP:C642008,st_struct_pedestal/93740,building/68158
ug_route/249218,OSP:BUSP:C656940,st_struct_pedestal/92776,building/68422
ug_route/249219,OSP:BUSP:C682182,st_struct_pedestal/92230,st_struct_pedestal/90945
ug_route/249220,OSP:BUSP:C651997,st_struct_pedestal/92341,st_struct_pedestal/94118
ug_route/249221,OSP:BUSP:C639142,st_struct_pedestal/92791,st_struct_pedestal/90828
ug_route/249222,OSP:BUSP:C641496,st_struct_pedestal/91204,building/68174
ug_route/249223,OSP:BUSP:C668243,st_struct_pedestal/92391,st_struct_pedestal/93733
ug_route/249224,OSP:BUSP:C659655,mywcom_route_junction/27662,st_struct_pedestal/92617
ug_route/249225,OSP:BUSP:C668242,st_struct_pedestal/92391,st_struct_pedestal/93733
ug_route/249226,OSP:BUSP:C656995,st_struct_pedestal/93551,st_struct_pedestal/90825
ug_route/249227,OSP:BUSP:C658776,st_struct_pedestal/93782,st_struct_pedestal/92200
ug_route/249228,OSP:BUSP:C641602,st_struct_pedestal/94163,st_struct_pedestal/92489
ug_route/249229,OSP:BUSP:C660169,st_struct_pedestal/90637,st_struct_pedestal/93276
ug_route/249230,OSP:BUSP:C649721,st_struct_pedestal/91308,building/66288
ug_route/249231,OSP:BUSP:C640474,st_struct_pedestal/93388,st_struct_pedestal/92340
ug_route/249232,OSP:BUSP:C705835,st_struct_pedestal/93912,st_struct_pedestal/91816
ug_route/249233,OSP:BUSP:C640963,st_struct_pedestal/93867,st_struct_pedestal/93088
ug_route/249234,OSP:BUSP:C653481,st_struct_pedestal/91298,st_struct_pedestal/91241
ug_route/249235,OSP:BUSP:C657877,st_struct_pedestal/93987,st_struct_pedestal/94289
ug_route/249236,OSP:BUSP:C637420,st_struct_pedestal/93562,st_struct_pedestal/90826
ug_route/249237,OSP:BUSP:C640532,st_struct_pedestal/93388,st_struct_pedestal/92340
ug_route/249238,OSP:BUSP:C708157,st_struct_pedestal/93912,st_struct_pedestal/91816
ug_route/249239,OSP:BUSP:C710210,st_struct_pedestal/93912,st_struct_pedestal/91816
ug_route/249240,OSP:BUSP:C682170,st_struct_pedestal/92483,building/67762
ug_route/249241,OSP:BUSP:C665496,st_struct_pedestal/92742,st_struct_pedestal/93734
ug_route/249242,OSP:BUSP:C648111,st_struct_pedestal/93924,st_struct_pedestal/93391
ug_route/249243,OSP:BUSP:C660185,st_struct_pedestal/91533,building/67645
ug_route/249244,OSP:BUSP:C665499,st_struct_pedestal/92742,st_struct_pedestal/93734
ug_route/249245,OSP:BUSP:C648349,st_struct_pedestal/93684,st_struct_pedestal/92405
ug_route/249246,OSP:BUSP:C651022,st_struct_pedestal/90563,st_struct_pedestal/91650
ug_route/249247,OSP:BUSP:C651034,st_struct_pedestal/90563,st_struct_pedestal/91650
ug_route/249248,OSP:BUSP:C656873,st_struct_pedestal/91302,st_struct_pedestal/92372
ug_route/249249,OSP:BUSP:C706894,st_struct_pedestal/92461,st_struct_pedestal/94155
ug_route/249250,OSP:BUSP:C708140,st_struct_pedestal/92191,building/66445
ug_route/249251,OSP:BUSP:C649660,st_struct_pedestal/93684,st_struct_pedestal/92405
ug_route/249252,OSP:BUSP:C658773,st_struct_pedestal/92140,building/67991
ug_route/249253,OSP:BUSP:C661090,st_struct_pedestal/90834,st_struct_pedestal/92669
ug_route/249254,OSP:BUSP:C661086,st_struct_pedestal/90834,st_struct_pedestal/92669
ug_route/249255,OSP:BUSP:C660630,st_struct_pedestal/90873,st_struct_pedestal/94308
ug_route/249256,OSP:BUSP:C648063,st_struct_pedestal/93100,st_struct_pedestal/94310
ug_route/249257,OSP:BUSP:C651312,st_struct_buried_splice_location/3911,st_struct_pedestal/92392
ug_route/249258,OSP:BUSP:C657429,st_struct_pedestal/94191,building/67806
ug_route/249259,OSP:BUSP:C665693,st_struct_pedestal/91162,st_struct_pedestal/93816
ug_route/249260,OSP:BUSP:C665706,st_struct_pedestal/91162,st_struct_pedestal/93816
ug_route/249261,OSP:BUSP:C655178,st_struct_pedestal/94085,st_struct_pedestal/92671
ug_route/249262,OSP:BUSP:C669754,st_struct_pedestal/93047,st_struct_pedestal/91732
ug_route/249263,OSP:BUSP:C665708,st_struct_pedestal/91162,st_struct_pedestal/93816
ug_route/249264,OSP:BUSP:C669751,st_struct_pedestal/93047,st_struct_pedestal/91732
ug_route/249265,OSP:BUSP:C657928,st_struct_pedestal/91936,st_struct_buried_splice_location/3967
ug_route/249266,OSP:BUSP:C659629,st_struct_pedestal/92617,building/67410
ug_route/249267,OSP:BUSP:C655390,st_struct_pedestal/90727,st_struct_pedestal/92891
ug_route/249268,OSP:BUSP:C708412,st_struct_pedestal/92894,st_struct_pedestal/94229
ug_route/249269,OSP:BUSP:C643898,st_struct_pedestal/92439,st_struct_pedestal/91584
ug_route/249270,OSP:BUSP:C640945,st_struct_pedestal/90689,st_struct_pedestal/93867
ug_route/249271,OSP:BUSP:C660510,st_struct_pedestal/91782,st_struct_pedestal/92842
ug_route/249272,OSP:BUSP:C646473,st_struct_pedestal/92393,st_struct_pedestal/94333
ug_route/249273,OSP:BUSP:C655446,st_struct_pedestal/92296,st_struct_pedestal/93317
ug_route/249274,OSP:BUSP:C653020,st_struct_pedestal/92022,building/67495
ug_route/249275,OSP:BUSP:C646533,st_struct_pedestal/92393,st_struct_pedestal/94333
ug_route/249276,OSP:BUSP:C648564,st_struct_pedestal/91247,st_struct_pedestal/91122
ug_route/249277,OSP:BUSP:C641260,st_struct_pedestal/90816,st_struct_pedestal/94091
ug_route/249278,OSP:BUSP:C665713,st_struct_pedestal/91071,building/67721
ug_route/249279,OSP:BUSP:C665873,st_struct_pedestal/91954,st_struct_pedestal/93861
ug_route/249280,OSP:BUSP:C660534,st_struct_pedestal/91782,st_struct_pedestal/92842
ug_route/249281,OSP:BUSP:C682504,st_struct_pedestal/91035,st_struct_pedestal/92230
ug_route/249282,OSP:BUSP:C708083,st_struct_pedestal/94273,mywcom_route_junction/28204
ug_route/249283,OSP:BUSP:C648572,st_struct_pedestal/91247,st_struct_pedestal/91122
ug_route/249284,OSP:BUSP:C682176,st_struct_pedestal/91035,st_struct_pedestal/92230
ug_route/249285,OSP:BUSP:C657114,st_struct_pedestal/90942,st_struct_pedestal/91052
ug_route/249286,OSP:BUSP:C660540,st_struct_pedestal/91782,st_struct_pedestal/92842
ug_route/249287,OSP:BUSP:C656775,st_struct_pedestal/93559,st_struct_pedestal/92316
ug_route/249288,OSP:BUSP:C639017,st_struct_pedestal/92063,st_struct_pedestal/90781
ug_route/249289,OSP:BUSP:C651355,st_struct_pedestal/92364,st_struct_pedestal/94086
ug_route/249290,OSP:BUSP:C642245,st_struct_pedestal/91957,building/68510
ug_route/249291,OSP:BUSP:C639067,st_struct_pedestal/92063,st_struct_pedestal/90781
ug_route/249292,OSP:BUSP:C654784,st_struct_pedestal/91772,st_struct_pedestal/91315
ug_route/249293,OSP:BUSP:C658008,st_struct_pedestal/92840,st_struct_pedestal/91463
ug_route/249294,OSP:BUSP:C660842,st_struct_pedestal/93715,st_struct_pedestal/93498
ug_route/249295,OSP:BUSP:C654787,st_struct_pedestal/91772,st_struct_pedestal/91315
ug_route/249296,OSP:BUSP::7683701,st_struct_pedestal/91732,mywcom_route_junction/27513
ug_route/249297,OSP:BUSP:C656431,st_struct_pedestal/93433,st_struct_pedestal/92606
ug_route/249298,OSP:BUSP:C647421,st_struct_pedestal/91522,st_struct_pedestal/90909
ug_route/249299,OSP:BUSP:C670504,st_struct_pedestal/90712,st_struct_pedestal/91433
ug_route/249300,OSP:BUSP:C648256,st_struct_pedestal/92044,building/68525
ug_route/249301,OSP:BUSP:C642211,st_struct_pedestal/91957,building/66903
ug_route/249302,OSP:BUSP:C642874,st_struct_pedestal/92427,building/66896
ug_route/249303,OSP:BUSP:C656507,st_struct_pedestal/93433,st_struct_pedestal/92606
ug_route/249304,OSP:BUSP:C660660,st_struct_pedestal/90873,st_struct_pedestal/94308
ug_route/249305,OSP:BUSP:C665623,st_struct_pedestal/93942,st_struct_pedestal/90850
ug_route/249306,OSP:BUSP:C670648,st_struct_pedestal/92267,st_struct_pedestal/93229
ug_route/249307,OSP:BUSP:C642118,st_struct_pedestal/93882,st_struct_pedestal/90902
ug_route/249308,OSP:BUSP:C641093,st_struct_pedestal/91003,st_struct_pedestal/92228
ug_route/249309,OSP:BUSP:C667009,st_struct_pedestal/93628,mywcom_route_junction/27878
ug_route/249310,OSP:BUSP:C649309,st_struct_pedestal/94211,building/66528
ug_route/249311,OSP:BUSP:C641303,st_struct_pedestal/91849,st_struct_pedestal/93757
ug_route/249312,OSP:BUSP:C711902,st_struct_pedestal/94294,st_struct_pedestal/93105
ug_route/249313,OSP:BUSP:C647695,st_struct_pedestal/93458,building/66505
ug_route/249314,OSP:BUSP:C660100,st_struct_pedestal/93099,st_struct_pedestal/93163
ug_route/249315,OSP:BUSP:C637447,st_struct_pedestal/92160,building/67727
ug_route/249316,OSP:BUSP:C644147,st_struct_pedestal/93428,st_struct_pedestal/93966
ug_route/249317,OSP:BUSP:C660102,st_struct_pedestal/93099,st_struct_pedestal/93163
ug_route/249318,OSP:BUSP:C654917,st_struct_pedestal/93552,st_struct_pedestal/94129
ug_route/249319,OSP:BUSP:C654923,st_struct_pedestal/93552,st_struct_pedestal/94129
ug_route/249320,OSP:BUSP:C653488,st_struct_pedestal/91298,st_struct_pedestal/92922
ug_route/249321,OSP:BUSP:C671084,st_struct_pedestal/93945,building/68445
ug_route/249322,OSP:BUSP:C641754,st_struct_pedestal/91114,st_struct_pedestal/92872
ug_route/249323,OSP:BUSP:C656958,st_struct_pedestal/90925,st_struct_pedestal/94305
ug_route/249324,OSP:BUSP:C651967,st_struct_pedestal/91460,st_struct_pedestal/93976
ug_route/249325,OSP:BUSP:C654925,st_struct_pedestal/93552,st_struct_pedestal/94129
ug_route/249326,OSP:BUSP:C660979,st_struct_pedestal/93848,building/66578
ug_route/249327,OSP:BUSP:C641900,st_struct_pedestal/91114,st_struct_pedestal/92872
ug_route/249328,OSP:BUSP:C640980,st_struct_pedestal/92951,st_struct_pedestal/92310
ug_route/249329,OSP:BUSP:C666973,st_struct_pedestal/92366,building/66186
ug_route/249330,OSP:BUSP::12613054,mywcom_route_junction/28021,mywcom_route_junction/27719
ug_route/249331,OSP:BUSP:C654927,st_struct_pedestal/93552,st_struct_pedestal/94129
ug_route/249332,OSP:BUSP:C659831,st_struct_pedestal/91862,st_struct_pedestal/90604
ug_route/249333,OSP:BUSP:C660024,st_struct_pedestal/91862,st_struct_pedestal/90604
ug_route/249334,OSP:BUSP:C653789,st_struct_pedestal/93800,st_struct_pedestal/92098
ug_route/249335,OSP:BUSP:C659838,st_struct_pedestal/91862,st_struct_pedestal/90604
ug_route/249336,OSP:BUSP:C658089,st_struct_pedestal/91219,st_struct_pedestal/92374
ug_route/249337,OSP:BUSP:C650131,st_struct_pedestal/91638,st_struct_pedestal/93795
ug_route/249338,OSP:BUSP:C660036,st_struct_pedestal/91862,st_struct_pedestal/90604
ug_route/249339,OSP:BUSP:C682014,st_struct_pedestal/91808,st_struct_pedestal/92512
ug_route/249340,OSP:BUSP:C668517,st_struct_pedestal/91410,st_struct_pedestal/91386
ug_route/249341,OSP:BUSP:C647771,st_struct_pedestal/93804,st_struct_pedestal/90559
ug_route/249342,OSP:BUSP:C647329,st_struct_pedestal/90954,building/68024
ug_route/249343,OSP:BUSP:C641739,st_struct_pedestal/92811,st_struct_pedestal/91114
ug_route/249344,OSP:BUSP:C652064,st_struct_pedestal/91859,st_struct_pedestal/92876
ug_route/249345,OSP:BUSP:C653806,st_struct_pedestal/93800,st_struct_pedestal/92098
ug_route/249346,OSP:BUSP:C646463,st_struct_buried_splice_location/3857,st_struct_pedestal/93622
ug_route/249347,OSP:BUSP:C641877,st_struct_pedestal/92811,st_struct_pedestal/91114
ug_route/249348,OSP:BUSP:C670977,st_struct_pedestal/91392,st_struct_pedestal/91242
ug_route/249349,OSP:BUSP:C658759,st_struct_pedestal/92140,st_struct_pedestal/93782
ug_route/249350,OSP:BUSP:C668664,st_struct_pedestal/93125,building/66452
ug_route/249351,OSP:BUSP:C659627,st_struct_pedestal/91568,st_struct_pedestal/92617
ug_route/249352,OSP:BUSP:C640397,st_struct_pedestal/90695,st_struct_pedestal/94028
ug_route/249353,OSP:BUSP:C659853,st_struct_pedestal/90604,st_struct_pedestal/94253
ug_route/249354,OSP:BUSP:C704984,st_struct_pedestal/92750,st_struct_pedestal/91493
ug_route/249355,OSP:BUSP:C658775,st_struct_pedestal/92140,st_struct_pedestal/93782
ug_route/249356,OSP:BUSP:C648599,st_struct_pedestal/93227,building/66419
ug_route/249357,OSP:BUSP:C706775,st_struct_pedestal/94026,st_struct_pedestal/92773
ug_route/249358,OSP:BUSP:C641197,st_struct_pedestal/93312,st_struct_pedestal/93494
ug_route/249359,OSP:BUSP:C658238,st_struct_pedestal/90947,building/68082
ug_route/249360,OSP:BUSP:C659855,st_struct_pedestal/90604,st_struct_pedestal/94253
ug_route/249361,OSP:BUSP:C642253,st_struct_pedestal/91957,building/66323
ug_route/249362,OSP:BUSP:C707538,st_struct_pedestal/93588,st_struct_pedestal/91748
ug_route/249363,OSP:BUSP:C642110,st_struct_pedestal/90847,building/66954
ug_route/249364,OSP:BUSP:C683112,st_struct_pedestal/90761,st_struct_pedestal/92212
ug_route/249365,OSP:BUSP:C657994,st_struct_pedestal/94300,building/68176
ug_route/249366,OSP:BUSP::16532404,st_struct_pedestal/94002,st_struct_buried_splice_location/3875
ug_route/249367,OSP:BUSP:C639307,st_struct_pedestal/93663,building/66732
ug_route/249368,OSP:BUSP:C660950,st_struct_pedestal/91593,st_struct_pedestal/92665
ug_route/249369,OSP:BUSP:C648066,st_struct_pedestal/93794,building/68778
ug_route/249370,OSP:BUSP::15712251,mywcom_route_junction/28000,st_struct_pedestal/94110
ug_route/249371,OSP:BUSP:C652706,st_struct_pedestal/92886,st_struct_pedestal/93374
ug_route/249372,OSP:BUSP:C660973,st_struct_pedestal/91593,st_struct_pedestal/92665
ug_route/249373,OSP:BUSP:C659843,st_struct_pedestal/90604,st_struct_pedestal/94253
ug_route/249374,OSP:BUSP:C641194,st_struct_pedestal/90822,st_struct_pedestal/91642
ug_route/249375,OSP:BUSP:C659847,st_struct_pedestal/90604,st_struct_pedestal/94253
ug_route/249376,OSP:BUSP:C646472,st_struct_pedestal/90573,st_struct_pedestal/92393
ug_route/249377,OSP:BUSP:C652719,st_struct_pedestal/92886,st_struct_pedestal/93374
ug_route/249378,OSP:BUSP:C642881,st_struct_pedestal/94228,building/67664
ug_route/249379,OSP:BUSP:C646530,st_struct_pedestal/90573,st_struct_pedestal/92393
ug_route/249380,OSP:BUSP:C682200,st_struct_pedestal/90590,st_struct_pedestal/91896
ug_route/249381,OSP:BUSP:C681747,st_struct_pedestal/91808,st_struct_pedestal/90791
ug_route/249382,OSP:BUSP:C642882,st_struct_pedestal/94228,building/67482
ug_route/249383,OSP:BUSP::10282431,st_struct_pedestal/92695,st_struct_pedestal/91367
ug_route/249384,OSP:BUSP:C681478,st_struct_pedestal/93393,building/66373
ug_route/249385,OSP:BUSP:C655323,st_struct_pedestal/93228,st_struct_pedestal/93157
ug_route/249386,OSP:BUSP:C643114,st_struct_buried_splice_location/3899,st_struct_pedestal/91483
ug_route/249387,OSP:BUSP:C641849,st_struct_pedestal/93913,st_struct_pedestal/92377
ug_route/249388,OSP:BUSP::12606688,st_struct_pedestal/94273,mywcom_route_junction/27457
ug_route/249389,OSP:BUSP:C661925,st_struct_pedestal/93770,st_struct_pedestal/90925
ug_route/249390,OSP:BUSP:C661927,st_struct_pedestal/93770,st_struct_pedestal/90925
ug_route/249391,OSP:BUSP:C641845,st_struct_pedestal/93913,st_struct_pedestal/92377
ug_route/249392,OSP:BUSP:C682007,st_struct_pedestal/91808,st_struct_pedestal/90791
ug_route/249393,OSP:BUSP::9693946,st_struct_pedestal/94134,st_struct_pedestal/94259
ug_route/249394,OSP:BUSP:C654433,st_struct_pedestal/93097,building/66950
ug_route/249395,OSP:BUSP:C641677,st_struct_pedestal/93913,st_struct_pedestal/92377
ug_route/249396,OSP:BUSP:C646071,st_struct_pedestal/91305,st_struct_pedestal/93664
ug_route/249397,OSP:BUSP:C641927,st_struct_pedestal/93272,st_struct_pedestal/92977
ug_route/249398,OSP:BUSP:C670998,st_struct_pedestal/92939,building/68107
ug_route/249399,OSP:BUSP:C650455,st_struct_pedestal/94002,mywcom_route_junction/27713
ug_route/249400,OSP:BUSP:C651168,st_struct_pedestal/91895,building/66327
ug_route/249401,OSP:BUSP:C656886,st_struct_pedestal/91302,building/68257
ug_route/249402,OSP:BUSP:C655208,st_struct_pedestal/92865,st_struct_pedestal/91658
ug_route/249403,OSP:BUSP:C639064,st_struct_pedestal/91304,st_struct_pedestal/92791
ug_route/249404,OSP:BUSP:C662206,st_struct_pedestal/93720,building/66766
ug_route/249405,OSP:BUSP:C655312,st_struct_pedestal/93228,st_struct_pedestal/93157
ug_route/249406,OSP:BUSP:C639041,st_struct_pedestal/90781,st_struct_pedestal/93198
ug_route/249407,OSP:BUSP:C640154,st_struct_pedestal/92264,st_struct_pedestal/90695
ug_route/249408,OSP:BUSP:C708049,st_struct_pedestal/92773,st_struct_pedestal/90877
ug_route/249409,OSP:BUSP:C639075,st_struct_pedestal/91304,st_struct_pedestal/92791
ug_route/249410,OSP:BUSP::8606853,st_struct_pedestal/93773,st_struct_pedestal/91142
ug_route/249411,OSP:BUSP:C640345,st_struct_pedestal/91197,building/68587
ug_route/249412,OSP:BUSP:C639050,st_struct_pedestal/90781,st_struct_pedestal/93198
ug_route/249413,OSP:BUSP:C639466,st_struct_pedestal/93603,st_struct_pedestal/93204
ug_route/249414,OSP:BUSP:C640979,st_struct_pedestal/92264,st_struct_pedestal/90695
ug_route/249415,OSP:BUSP:C639468,st_struct_pedestal/93603,st_struct_pedestal/93204
ug_route/249416,OSP:BUSP:C653859,st_struct_pedestal/92950,building/67674
ug_route/249417,OSP:BUSP::8606852,st_struct_pedestal/93773,st_struct_pedestal/91142
ug_route/249418,OSP:BUSP:C655377,st_struct_pedestal/91236,st_struct_pedestal/90727
ug_route/249419,OSP:BUSP:C638805,st_struct_pedestal/93712,st_struct_pedestal/93348
ug_route/249420,OSP:BUSP:C653656,st_struct_pedestal/92884,st_struct_pedestal/90655
ug_route/249421,OSP:BUSP:C653178,st_struct_pedestal/92158,st_struct_pedestal/90858
ug_route/249422,OSP:BUSP:C641924,st_struct_pedestal/91644,building/67231
ug_route/249423,OSP:BUSP:C705240,st_struct_buried_splice_location/3994,st_struct_pedestal/91529
ug_route/249424,OSP:BUSP:C650234,st_struct_pedestal/93922,st_struct_pedestal/92795
ug_route/249425,OSP:BUSP:C653652,st_struct_pedestal/92884,st_struct_pedestal/90655
ug_route/249426,OSP:BUSP:C711688,st_struct_pedestal/93004,st_struct_pedestal/90919
ug_route/249427,OSP:BUSP:C660910,st_struct_pedestal/92830,st_struct_pedestal/92721
ug_route/249428,OSP:BUSP::14126046,st_struct_pedestal/93157,st_struct_pedestal/90566
ug_route/249429,OSP:BUSP:C654864,st_struct_pedestal/94231,st_struct_pedestal/91462
ug_route/249430,OSP:BUSP:C641472,st_struct_pedestal/93974,building/66631
ug_route/249431,OSP:BUSP:C654581,st_struct_pedestal/91514,st_struct_pedestal/91579
ug_route/249432,OSP:BUSP:C660920,st_struct_pedestal/92830,st_struct_pedestal/92721
ug_route/249433,OSP:BUSP:C706835,st_struct_pedestal/92940,st_struct_pedestal/90761
ug_route/249434,OSP:BUSP:C665575,st_struct_pedestal/94293,st_struct_pedestal/91786
ug_route/249435,OSP:BUSP:C653810,st_struct_pedestal/93502,st_struct_pedestal/91679
ug_route/249436,OSP:BUSP:C654559,st_struct_pedestal/94231,st_struct_pedestal/91462
ug_route/249437,OSP:BUSP:C651996,st_struct_pedestal/91739,st_struct_pedestal/90823
ug_route/249438,OSP:BUSP:C653138,st_struct_pedestal/90570,st_struct_pedestal/93807
ug_route/249439,OSP:BUSP:C665580,st_struct_pedestal/94293,st_struct_pedestal/91786
ug_route/249440,OSP:BUSP:C708126,st_struct_pedestal/92760,st_struct_pedestal/91890
ug_route/249441,OSP:BUSP:C653839,st_struct_pedestal/93502,st_struct_pedestal/91679
ug_route/249442,OSP:BUSP:C657990,st_struct_pedestal/90607,st_struct_pedestal/92790
ug_route/249443,OSP:BUSP:C656596,st_struct_pedestal/91219,st_struct_pedestal/92661
ug_route/249444,OSP:BUSP:C639823,st_struct_pedestal/92163,st_struct_pedestal/93911
ug_route/249445,OSP:BUSP:C649201,st_struct_pedestal/91526,st_struct_pedestal/91643
ug_route/249446,OSP:BUSP::14126042,st_struct_pedestal/93157,st_struct_pedestal/90566
ug_route/249447,OSP:BUSP:C650124,st_struct_pedestal/93795,st_struct_pedestal/94237
ug_route/249448,OSP:BUSP:C640559,st_struct_pedestal/92340,st_struct_pedestal/92964
ug_route/249449,OSP:BUSP:C650114,st_struct_pedestal/93795,st_struct_pedestal/94237
ug_route/249450,OSP:BUSP:C649257,st_struct_pedestal/91526,st_struct_pedestal/91643
ug_route/249451,OSP:BUSP:C657987,mywcom_route_junction/28030,st_struct_pedestal/92790
ug_route/249452,OSP:BUSP:C656597,st_struct_pedestal/91219,st_struct_pedestal/92661
ug_route/249453,OSP:BUSP:C640578,st_struct_pedestal/92340,st_struct_pedestal/92964
ug_route/249454,OSP:BUSP:C654798,st_struct_pedestal/91414,st_struct_pedestal/91727
ug_route/249455,OSP:BUSP:C651146,st_struct_pedestal/92653,st_struct_pedestal/91389
ug_route/249456,OSP:BUSP:C651483,st_struct_pedestal/92577,building/68632
ug_route/249457,OSP:BUSP:C670989,st_struct_pedestal/92939,building/67737
ug_route/249458,OSP:BUSP:C645752,st_struct_pedestal/94164,st_struct_pedestal/93147
ug_route/249459,OSP:BUSP:C653278,st_struct_pedestal/92368,st_struct_pedestal/92034
ug_route/249460,OSP:BUSP:C653818,st_struct_pedestal/90821,st_struct_pedestal/93197
ug_route/249461,OSP:BUSP:C648748,st_struct_pedestal/94136,st_struct_pedestal/91420
ug_route/249462,OSP:BUSP:C653846,st_struct_pedestal/90821,st_struct_pedestal/93197
ug_route/249463,OSP:BUSP:C653865,st_struct_pedestal/92950,building/67674
ug_route/249464,OSP:BUSP:C648755,st_struct_pedestal/94136,st_struct_pedestal/91420
ug_route/249465,OSP:BUSP:C658423,st_struct_pedestal/91185,st_struct_pedestal/93231
ug_route/249466,OSP:BUSP:C648259,st_struct_pedestal/94255,building/66776
ug_route/249467,OSP:BUSP:C651364,st_struct_pedestal/94086,st_struct_pedestal/92128
ug_route/249468,OSP:BUSP:C642097,st_struct_pedestal/94086,st_struct_pedestal/93458
ug_route/249469,OSP:BUSP:C709097,st_struct_pedestal/93907,st_struct_pedestal/91580
ug_route/249470,OSP:BUSP:C650021,st_struct_pedestal/93340,st_struct_pedestal/94146
ug_route/249471,OSP:BUSP:C682286,st_struct_pedestal/92575,st_struct_pedestal/91351
ug_route/249472,OSP:BUSP:C659543,st_struct_pedestal/92035,st_struct_pedestal/93432
ug_route/249473,OSP:BUSP:C641921,st_struct_pedestal/91015,st_struct_pedestal/91644
ug_route/249474,OSP:BUSP:C681698,st_struct_pedestal/94301,st_struct_pedestal/93792
ug_route/249475,OSP:BUSP:C708278,st_struct_pedestal/90535,st_struct_pedestal/92443
ug_route/249476,OSP:BUSP:C651023,st_struct_pedestal/91650,st_struct_pedestal/94022
ug_route/249477,OSP:BUSP:C651397,st_struct_pedestal/94086,st_struct_pedestal/92128
ug_route/249478,OSP:BUSP:C655111,st_struct_pedestal/93080,st_struct_pedestal/93599
ug_route/249479,OSP:BUSP:C651036,st_struct_pedestal/91650,st_struct_pedestal/94022
ug_route/249480,OSP:BUSP:C665703,st_struct_pedestal/93816,st_struct_pedestal/92741
ug_route/249481,OSP:BUSP:C667027,st_struct_pedestal/91273,st_struct_pedestal/90903
ug_route/249482,OSP:BUSP:C665707,st_struct_pedestal/93816,st_struct_pedestal/92741
ug_route/249483,OSP:BUSP:C706949,st_struct_pedestal/91830,st_struct_buried_splice_location/3902
ug_route/249484,OSP:BUSP:C707955,st_struct_pedestal/93340,st_struct_pedestal/94146
ug_route/249485,OSP:BUSP:C660539,st_struct_pedestal/93999,mywcom_route_junction/27809
ug_route/249486,OSP:BUSP:C660813,st_struct_pedestal/93784,st_struct_pedestal/94215
ug_route/249487,OSP:BUSP:C660544,st_struct_pedestal/93999,mywcom_route_junction/27809
ug_route/249488,OSP:BUSP:C665709,st_struct_pedestal/93816,st_struct_pedestal/92741
ug_route/249489,OSP:BUSP:C641414,st_struct_pedestal/90645,st_struct_pedestal/90690
ug_route/249490,OSP:BUSP:C681743,st_struct_pedestal/91808,st_struct_pedestal/90791
ug_route/249491,OSP:BUSP:C658507,st_struct_pedestal/90922,st_struct_pedestal/91767
ug_route/249492,OSP:BUSP:C641430,st_struct_pedestal/90645,st_struct_pedestal/90690
ug_route/249493,OSP:BUSP:C648220,st_struct_pedestal/93100,st_struct_pedestal/94256
ug_route/249494,OSP:BUSP:C670987,st_struct_pedestal/92939,building/67092
ug_route/249495,OSP:BUSP:C648232,st_struct_pedestal/93100,st_struct_pedestal/94256
ug_route/249496,OSP:BUSP:C637421,st_struct_pedestal/90826,st_struct_pedestal/90656
ug_route/249497,OSP:BUSP:C637450,st_struct_pedestal/90948,st_struct_pedestal/91834
ug_route/249498,OSP:BUSP:C645804,st_struct_pedestal/94182,st_struct_pedestal/92155
ug_route/249499,OSP:BUSP:C639185,st_struct_pedestal/93620,st_struct_pedestal/90718
ug_route/249500,OSP:BUSP:C671095,st_struct_pedestal/90555,st_struct_pedestal/91567
ug_route/249501,OSP:BUSP:C651344,st_struct_pedestal/93515,st_struct_pedestal/92577
ug_route/249502,OSP:BUSP:C649163,st_struct_pedestal/94174,st_struct_pedestal/93279
ug_route/249503,OSP:BUSP:C668548,st_struct_pedestal/91141,st_struct_pedestal/90812
ug_route/249504,OSP:BUSP:C665952,mywcom_route_junction/28205,mywcom_route_junction/27423
ug_route/249505,OSP:BUSP:C646454,st_struct_pedestal/92390,st_struct_pedestal/93922
ug_route/249506,OSP:BUSP:C651999,st_struct_pedestal/90823,st_struct_pedestal/90749
ug_route/249507,OSP:BUSP:C661004,st_struct_pedestal/92498,st_struct_pedestal/93098
ug_route/249508,OSP:BUSP:C641683,st_struct_pedestal/92377,st_struct_pedestal/93554
ug_route/249509,OSP:BUSP:C660948,st_struct_pedestal/91039,st_struct_pedestal/91593
ug_route/249510,OSP:BUSP:C654809,st_struct_pedestal/91727,st_struct_pedestal/90558
ug_route/249511,OSP:BUSP:C655426,st_struct_buried_splice_location/3935,building/66886
ug_route/249512,OSP:BUSP:C641813,st_struct_pedestal/92377,st_struct_pedestal/93554
ug_route/249513,OSP:BUSP:C662196,st_struct_pedestal/93720,st_struct_pedestal/90815
ug_route/249514,OSP:BUSP:C660012,st_struct_pedestal/90834,st_struct_pedestal/92624
ug_route/249515,OSP:BUSP:C660972,st_struct_pedestal/91039,st_struct_pedestal/91593
ug_route/249516,OSP:BUSP:C647148,st_struct_pedestal/91898,building/67319
ug_route/249517,OSP:BUSP:C660056,st_struct_pedestal/90834,st_struct_pedestal/92624
ug_route/249518,OSP:BUSP:C650232,st_struct_pedestal/93814,st_struct_pedestal/92795
ug_route/249519,OSP:BUSP::15007300,st_struct_pedestal/93639,st_struct_pedestal/92522
ug_route/249520,OSP:BUSP:C641358,st_struct_pedestal/91023,st_struct_pedestal/90813
ug_route/249521,OSP:BUSP::12178794,st_struct_pedestal/93687,st_struct_pedestal/94311
ug_route/249522,OSP:BUSP:C660110,st_struct_pedestal/91586,st_struct_pedestal/91975
ug_route/249523,OSP:BUSP:C650259,st_struct_pedestal/93814,st_struct_pedestal/92795
ug_route/249524,OSP:BUSP:C650544,st_struct_pedestal/93018,building/66518
ug_route/249525,OSP:BUSP:C653792,st_struct_pedestal/92098,st_struct_pedestal/93502
ug_route/249526,OSP:BUSP:C642213,st_struct_pedestal/91957,st_struct_pedestal/93877
ug_route/249527,OSP:BUSP:C659079,st_struct_pedestal/92946,st_struct_pedestal/91901
ug_route/249528,OSP:BUSP:C647926,st_struct_pedestal/93794,st_struct_pedestal/92086
ug_route/249529,OSP:BUSP:C653808,st_struct_pedestal/92098,st_struct_pedestal/93502
ug_route/249530,OSP:BUSP:C708082,mywcom_route_junction/27958,st_struct_pedestal/94273
ug_route/249531,OSP:BUSP:C659349,st_struct_pedestal/92946,st_struct_pedestal/91901
ug_route/249532,OSP:BUSP:C641408,st_struct_pedestal/91598,st_struct_pedestal/91955
ug_route/249533,OSP:BUSP:C639297,st_struct_pedestal/91320,st_struct_pedestal/92908
ug_route/249534,OSP:BUSP::8660948,st_struct_pedestal/93688,st_struct_pedestal/93349
ug_route/249535,OSP:BUSP:C644136,st_struct_pedestal/92493,st_struct_pedestal/91525
ug_route/249536,OSP:BUSP:C659675,st_struct_pedestal/91303,building/66754
ug_route/249537,OSP:BUSP:C642035,st_struct_pedestal/93740,building/66458
ug_route/249538,OSP:BUSP:C641576,st_struct_pedestal/90654,building/68589
ug_route/249539,OSP:BUSP:C707573,st_struct_pedestal/92997,st_struct_pedestal/93160
ug_route/249540,OSP:BUSP:C651119,st_struct_pedestal/90691,st_struct_pedestal/92956
ug_route/249541,OSP:BUSP:C654817,st_struct_pedestal/90558,st_struct_pedestal/92216
ug_route/249542,OSP:BUSP:C647481,st_struct_buried_splice_location/3904,mywcom_route_junction/27574
ug_route/249543,OSP:BUSP:C660816,st_struct_pedestal/93784,st_struct_pedestal/91297
ug_route/249544,OSP:BUSP:C670500,st_struct_pedestal/94297,st_struct_pedestal/90688
ug_route/249545,OSP:BUSP:C654778,st_struct_pedestal/92762,st_struct_pedestal/91772
ug_route/249546,OSP:BUSP:C651121,st_struct_pedestal/92956,st_struct_pedestal/90776
ug_route/249547,OSP:BUSP:C650633,st_struct_pedestal/93925,st_struct_pedestal/92513
ug_route/249548,OSP:BUSP:C656385,st_struct_pedestal/93435,st_struct_pedestal/93234
ug_route/249549,OSP:BUSP:C654742,st_struct_pedestal/90830,st_struct_pedestal/93093
ug_route/249550,OSP:BUSP:C641613,st_struct_pedestal/93917,building/66547
ug_route/249551,OSP:BUSP:C682003,st_struct_pedestal/91808,mywcom_route_junction/27768
ug_route/249552,OSP:BUSP:C656359,st_struct_pedestal/90694,st_struct_pedestal/92207
ug_route/249553,OSP:BUSP:C658486,st_struct_pedestal/91993,st_struct_pedestal/90816
ug_route/249554,OSP:BUSP:C651739,st_struct_pedestal/93907,st_struct_pedestal/93080
ug_route/249555,OSP:BUSP:C707269,st_struct_pedestal/91113,st_struct_pedestal/91523
ug_route/249556,OSP:BUSP:C654617,st_struct_pedestal/92614,st_struct_pedestal/94134
ug_route/249557,OSP:BUSP:C654775,st_struct_pedestal/90830,st_struct_pedestal/93093
ug_route/249558,OSP:BUSP:C656707,st_struct_pedestal/91229,st_struct_pedestal/92801
ug_route/249559,OSP:BUSP:C656994,st_struct_pedestal/90669,st_struct_pedestal/91002
ug_route/249560,OSP:BUSP:C656367,st_struct_pedestal/90694,st_struct_pedestal/92207
ug_route/249561,OSP:BUSP:C651772,st_struct_pedestal/93907,st_struct_pedestal/93080
ug_route/249562,OSP:BUSP:C654695,st_struct_pedestal/92614,st_struct_pedestal/94134
ug_route/249563,OSP:BUSP:C641392,st_struct_pedestal/91681,st_struct_pedestal/93545
ug_route/249564,OSP:BUSP:C706921,st_struct_buried_splice_location/3892,st_struct_pedestal/91313
ug_route/249565,OSP:BUSP:C659881,st_struct_pedestal/91640,st_struct_pedestal/92296
ug_route/249566,OSP:BUSP:C641446,st_struct_pedestal/91681,st_struct_pedestal/93545
ug_route/249567,OSP:BUSP:C670495,st_struct_pedestal/94297,st_struct_pedestal/90688
ug_route/249568,OSP:BUSP:C651366,st_struct_pedestal/92128,st_struct_pedestal/93988
ug_route/249569,OSP:BUSP:C668043,st_struct_pedestal/92391,building/67413
ug_route/249570,OSP:BUSP:C657960,st_struct_pedestal/90726,st_struct_pedestal/93277
ug_route/249571,OSP:BUSP:C641203,st_struct_pedestal/93494,st_struct_pedestal/93150
ug_route/249572,OSP:BUSP:C641603,st_struct_pedestal/93207,st_struct_pedestal/93272
ug_route/249573,OSP:BUSP:C660188,st_struct_pedestal/93864,st_struct_pedestal/92544
ug_route/249574,OSP:BUSP:C654697,st_struct_pedestal/92614,st_struct_pedestal/94134
ug_route/249575,OSP:BUSP:C641447,st_struct_pedestal/91681,st_struct_pedestal/93545
ug_route/249576,OSP:BUSP:C649038,st_struct_pedestal/94251,st_struct_pedestal/90943
ug_route/249577,OSP:BUSP:C670513,st_struct_pedestal/90683,st_struct_pedestal/93846
ug_route/249578,OSP:BUSP:C651400,st_struct_pedestal/92128,st_struct_pedestal/93988
ug_route/249579,OSP:BUSP:C660192,st_struct_pedestal/93864,st_struct_pedestal/92544
ug_route/249580,OSP:BUSP:C660191,st_struct_pedestal/90834,st_struct_pedestal/93864
ug_route/249581,OSP:BUSP:C660186,st_struct_pedestal/90834,st_struct_pedestal/93864
ug_route/249582,OSP:BUSP:C708017,st_struct_pedestal/91050,st_struct_pedestal/94248
ug_route/249583,OSP:BUSP:C641850,st_struct_pedestal/93207,st_struct_pedestal/93272
ug_route/249584,OSP:BUSP:C646507,st_struct_pedestal/93859,st_struct_pedestal/93921
ug_route/249585,OSP:BUSP:C670497,st_struct_pedestal/94297,st_struct_pedestal/90688
ug_route/249586,OSP:BUSP:C646414,st_struct_pedestal/93859,st_struct_pedestal/93921
ug_route/249587,OSP:BUSP:C646517,st_struct_pedestal/93922,st_struct_pedestal/93622
ug_route/249588,OSP:BUSP:C682169,st_struct_pedestal/92843,st_struct_pedestal/92483
ug_route/249589,OSP:BUSP:C665999,st_struct_pedestal/90831,st_struct_pedestal/92732
ug_route/249590,OSP:BUSP:C665948,st_struct_buried_splice_location/3938,st_struct_buried_splice_location/3926
ug_route/249591,OSP:BUSP:C656914,st_struct_pedestal/90925,st_struct_pedestal/91355
ug_route/249592,OSP:BUSP:C654954,st_struct_pedestal/90685,st_struct_pedestal/93000
ug_route/249593,OSP:BUSP::7912788,st_struct_pedestal/92097,st_struct_pedestal/92575
ug_route/249594,OSP:BUSP:C641113,st_struct_pedestal/92228,st_struct_pedestal/91529
ug_route/249595,OSP:BUSP:C642098,st_struct_pedestal/91512,pole/54386
ug_route/249596,OSP:BUSP:C683149,st_struct_pedestal/90890,st_struct_buried_splice_location/3933
ug_route/249597,OSP:BUSP:C660554,st_struct_pedestal/91492,st_struct_pedestal/91746
ug_route/249598,OSP:BUSP:C657440,st_struct_pedestal/92270,st_struct_pedestal/93209
ug_route/249599,OSP:BUSP:C651068,st_struct_pedestal/93217,st_struct_pedestal/92241
ug_route/249600,OSP:BUSP:C668543,st_struct_pedestal/90812,building/68692
ug_route/249601,OSP:BUSP:C656478,st_struct_pedestal/91459,st_struct_pedestal/92953
ug_route/249602,OSP:BUSP:C656625,st_struct_pedestal/91459,st_struct_pedestal/92953
ug_route/249603,OSP:BUSP:C657443,st_struct_pedestal/92270,st_struct_pedestal/93209
ug_route/249604,OSP:BUSP:C642348,st_struct_pedestal/90699,st_struct_pedestal/93452
ug_route/249605,OSP:BUSP:C654612,st_struct_pedestal/91374,st_struct_pedestal/92614
ug_route/249606,OSP:BUSP:C656939,st_struct_pedestal/92776,building/66375
ug_route/249607,OSP:BUSP:C681574,st_struct_pedestal/90919,st_struct_pedestal/90775
ug_route/249608,OSP:BUSP:C651067,st_struct_pedestal/93217,st_struct_pedestal/92241
ug_route/249609,OSP:BUSP:C654689,st_struct_pedestal/91374,st_struct_pedestal/92614
ug_route/249610,OSP:BUSP:C650541,st_struct_pedestal/90635,st_struct_pedestal/93018
ug_route/249611,OSP:BUSP:C708380,st_struct_pedestal/92969,st_struct_pedestal/90782
ug_route/249612,OSP:BUSP:C641511,st_struct_pedestal/93545,st_struct_pedestal/92737
ug_route/249613,OSP:BUSP:C658001,st_struct_pedestal/91203,st_struct_pedestal/92840
ug_route/249614,OSP:BUSP:C641402,st_struct_pedestal/93545,st_struct_pedestal/92737
ug_route/249615,OSP:BUSP:C646132,st_struct_pedestal/90721,st_struct_pedestal/94234
ug_route/249616,OSP:BUSP:C643912,st_struct_pedestal/91584,st_struct_pedestal/90938
ug_route/249617,OSP:BUSP:C641513,st_struct_pedestal/93545,st_struct_pedestal/92737
ug_route/249618,OSP:BUSP:C644293,st_struct_pedestal/92087,st_struct_pedestal/91821
ug_route/249619,OSP:BUSP:C671116,st_struct_pedestal/93089,st_struct_pedestal/94247
ug_route/249620,OSP:BUSP:C655329,st_struct_pedestal/93665,st_struct_pedestal/91696
ug_route/249621,OSP:BUSP:C644386,st_struct_pedestal/92087,st_struct_pedestal/91821
ug_route/249622,OSP:BUSP:C645844,st_struct_pedestal/92025,st_struct_pedestal/93128
ug_route/249623,OSP:BUSP:C655388,st_struct_pedestal/93665,st_struct_pedestal/91696
ug_route/249624,OSP:BUSP:C707940,st_struct_pedestal/93806,st_struct_pedestal/92895
ug_route/249625,OSP:BUSP:C671033,st_struct_pedestal/90969,st_struct_pedestal/91127
ug_route/249626,OSP:BUSP:C653574,st_struct_pedestal/93390,st_struct_pedestal/92884
ug_route/249627,OSP:BUSP::10924999,st_struct_buried_splice_location/3851,st_struct_pedestal/92088
ug_route/249628,OSP:BUSP:C711691,st_struct_pedestal/90919,st_struct_pedestal/90775
ug_route/249629,OSP:BUSP:C649195,st_struct_pedestal/92958,st_struct_pedestal/91526
ug_route/249630,OSP:BUSP:C642041,st_struct_pedestal/93497,st_struct_pedestal/91775
ug_route/249631,OSP:BUSP:C648072,st_struct_pedestal/93794,st_struct_pedestal/93213
ug_route/249632,OSP:BUSP:C641563,st_struct_pedestal/93677,st_struct_pedestal/90654
ug_route/249633,OSP:BUSP:C641947,st_struct_pedestal/93497,st_struct_pedestal/91775
ug_route/249634,OSP:BUSP:C649255,st_struct_pedestal/92958,st_struct_pedestal/91526
ug_route/249635,OSP:BUSP:C648081,st_struct_pedestal/93794,st_struct_pedestal/93213
ug_route/249636,OSP:BUSP:C655240,st_struct_pedestal/90776,st_struct_pedestal/94056
ug_route/249637,OSP:BUSP:C651401,st_struct_pedestal/93988,st_struct_pedestal/93369
ug_route/249638,OSP:BUSP:C651371,st_struct_pedestal/93988,st_struct_pedestal/93369
ug_route/249639,OSP:BUSP::8657428,st_struct_pedestal/91062,st_struct_pedestal/92054
ug_route/249640,OSP:BUSP:C665884,st_struct_pedestal/93861,building/67436
ug_route/249641,OSP:BUSP:C655243,st_struct_pedestal/90776,st_struct_pedestal/94056
ug_route/249642,OSP:BUSP:C656161,st_struct_pedestal/93205,st_struct_pedestal/93591
ug_route/249643,OSP:BUSP:C658281,st_struct_pedestal/92485,st_struct_pedestal/93246
ug_route/249644,OSP:BUSP:C652753,st_struct_pedestal/91695,st_struct_pedestal/91051
ug_route/249645,OSP:BUSP:C662208,st_struct_pedestal/93720,building/66602
ug_route/249646,OSP:BUSP:C647777,st_struct_pedestal/90559,building/68308
ug_route/249647,OSP:BUSP:C656689,st_struct_pedestal/92559,st_struct_pedestal/93736
ug_route/249648,OSP:BUSP:C657518,st_struct_pedestal/94240,st_struct_pedestal/93854
ug_route/249649,OSP:BUSP:C667918,mywcom_route_junction/27317,mywcom_route_junction/27759
ug_route/249650,OSP:BUSP:C668190,st_struct_pedestal/92391,st_struct_pedestal/90949
ug_route/249651,OSP:BUSP:C652808,st_struct_pedestal/93629,pole/53860
ug_route/249652,OSP:BUSP:C652534,st_struct_pedestal/92367,st_struct_pedestal/92158
ug_route/249653,OSP:BUSP:C708298,st_struct_pedestal/94036,st_struct_pedestal/90602
ug_route/249654,OSP:BUSP:C668188,st_struct_pedestal/92391,st_struct_pedestal/90949
ug_route/249655,OSP:BUSP:C681664,st_struct_pedestal/93308,st_struct_pedestal/93075
ug_route/249656,OSP:BUSP:C646548,st_struct_pedestal/93814,st_struct_pedestal/92848
ug_route/249657,OSP:BUSP:C681317,st_struct_buried_splice_location/3990,st_struct_pedestal/91445
ug_route/249658,OSP:BUSP:C644270,st_struct_pedestal/92551,st_struct_pedestal/93147
ug_route/249659,OSP:BUSP:C662264,st_struct_pedestal/93087,st_struct_pedestal/92415
ug_route/249660,OSP:BUSP::7622212,st_struct_pedestal/93944,st_struct_pedestal/94201
ug_route/249661,OSP:BUSP:C653427,st_struct_buried_splice_location/3882,st_struct_pedestal/91344
ug_route/249662,OSP:BUSP:C681668,st_struct_pedestal/93308,st_struct_pedestal/93075
ug_route/249663,OSP:BUSP:C652959,st_struct_pedestal/90692,st_struct_pedestal/91973
ug_route/249664,OSP:BUSP:C646789,st_struct_buried_splice_location/3951,st_struct_pedestal/93548
ug_route/249665,OSP:BUSP:C671061,st_struct_pedestal/92156,st_struct_pedestal/94194
ug_route/249666,OSP:BUSP:C655349,st_struct_pedestal/91738,st_struct_pedestal/92328
ug_route/249667,OSP:BUSP:C653027,st_struct_pedestal/90692,st_struct_pedestal/91973
ug_route/249668,OSP:BUSP:C648350,st_struct_pedestal/92405,st_struct_pedestal/90701
ug_route/249669,OSP:BUSP:C655330,st_struct_pedestal/91738,st_struct_pedestal/92328
ug_route/249670,OSP:BUSP:C645676,st_struct_pedestal/92987,st_struct_pedestal/92481
ug_route/249671,OSP:BUSP:C708413,st_struct_pedestal/92894,mywcom_route_junction/27117
ug_route/249672,OSP:BUSP:C668439,st_struct_pedestal/93066,building/68034
ug_route/249673,OSP:BUSP:C682219,st_struct_pedestal/90866,mywcom_route_junction/27398
ug_route/249674,OSP:BUSP:C649662,st_struct_pedestal/92405,st_struct_pedestal/90701
ug_route/249675,OSP:BUSP:C708252,st_struct_pedestal/91455,building/67967
ug_route/249676,OSP:BUSP:C647348,st_struct_pedestal/93565,st_struct_buried_splice_location/3982
ug_route/249677,OSP:BUSP:C640286,st_struct_pedestal/94024,st_struct_pedestal/90999
ug_route/249678,OSP:BUSP:C655334,st_struct_pedestal/91720,st_struct_pedestal/90942
ug_route/249679,OSP:BUSP:C658027,st_struct_pedestal/91047,building/66987
ug_route/249680,OSP:BUSP:C640296,st_struct_pedestal/94024,st_struct_pedestal/90999
ug_route/249681,OSP:BUSP:C707430,st_struct_pedestal/92960,st_struct_pedestal/91181
ug_route/249682,OSP:BUSP:C641404,st_struct_pedestal/93074,st_struct_pedestal/94106
ug_route/249683,OSP:BUSP:C650632,st_struct_pedestal/93843,st_struct_pedestal/93925
ug_route/249684,OSP:BUSP:C646821,st_struct_buried_splice_location/3962,st_struct_pedestal/94021
ug_route/249685,OSP:BUSP:C710449,st_struct_pedestal/91927,st_struct_pedestal/92130
ug_route/249686,OSP:BUSP:C644450,st_struct_pedestal/90901,st_struct_pedestal/92383
ug_route/249687,OSP:BUSP:C661189,st_struct_pedestal/92742,st_struct_pedestal/92339
ug_route/249688,OSP:BUSP:C644467,st_struct_pedestal/90901,st_struct_pedestal/92383
ug_route/249689,OSP:BUSP:C648791,st_struct_pedestal/91163,st_struct_pedestal/91421
ug_route/249690,OSP:BUSP:C660933,st_struct_pedestal/92830,st_struct_pedestal/91140
ug_route/249691,OSP:BUSP:C660927,st_struct_pedestal/92830,st_struct_pedestal/91140
ug_route/249692,OSP:BUSP:C648808,st_struct_pedestal/91163,st_struct_pedestal/91421
ug_route/249693,OSP:BUSP:C659164,st_struct_pedestal/93725,st_struct_pedestal/94047
ug_route/249694,OSP:BUSP:C648830,st_struct_pedestal/92904,st_struct_pedestal/93981
ug_route/249695,OSP:BUSP:C658967,st_struct_pedestal/90664,building/66917
ug_route/249696,OSP:BUSP:C648823,st_struct_pedestal/92904,st_struct_pedestal/93981
ug_route/249697,OSP:BUSP:C682214,st_struct_pedestal/91901,st_struct_pedestal/91896
ug_route/249698,OSP:BUSP:C645935,st_struct_pedestal/92727,st_struct_pedestal/91893
ug_route/249699,OSP:BUSP:C648059,st_struct_pedestal/92044,st_struct_pedestal/93100
ug_route/249700,OSP:BUSP:C681684,st_struct_pedestal/93642,st_struct_pedestal/94314
ug_route/249701,OSP:BUSP:C660960,st_struct_pedestal/94098,st_struct_pedestal/92517
ug_route/249702,OSP:BUSP:C681688,st_struct_pedestal/94314,st_struct_buried_splice_location/3924
ug_route/249703,OSP:BUSP:C651101,st_struct_pedestal/92073,building/68828
ug_route/249704,OSP:BUSP:C681955,st_struct_pedestal/93642,st_struct_pedestal/94314
ug_route/249705,OSP:BUSP:C645959,st_struct_pedestal/92727,st_struct_pedestal/91893
ug_route/249706,OSP:BUSP:C669051,st_struct_pedestal/90568,st_struct_pedestal/92454
ug_route/249707,OSP:BUSP:C651984,st_struct_pedestal/93976,st_struct_pedestal/93583
ug_route/249708,OSP:BUSP::12882809,mywcom_route_junction/27386,mywcom_route_junction/27255
ug_route/249709,OSP:BUSP:C681942,st_struct_pedestal/93308,building/67484
ug_route/249710,OSP:BUSP:C669034,st_struct_pedestal/90568,st_struct_pedestal/92454
ug_route/249711,OSP:BUSP:C659566,st_struct_pedestal/91311,st_struct_pedestal/93666
ug_route/249712,OSP:BUSP:C648798,st_struct_pedestal/91421,st_struct_pedestal/90752
ug_route/249713,OSP:BUSP:C642818,st_struct_pedestal/90816,building/66804
ug_route/249714,OSP:BUSP:C705953,st_struct_pedestal/94122,st_struct_pedestal/91196
ug_route/249715,OSP:BUSP::16735385,mywcom_route_junction/27331,st_struct_pedestal/93293
ug_route/249716,OSP:BUSP:C650373,st_struct_pedestal/92043,st_struct_buried_splice_location/3953
ug_route/249717,OSP:BUSP:C671038,st_struct_pedestal/91527,st_struct_pedestal/91531
ug_route/249718,OSP:BUSP:C640413,st_struct_pedestal/93200,building/67033
ug_route/249719,OSP:BUSP:C651216,st_struct_pedestal/92343,st_struct_pedestal/91905
ug_route/249720,OSP:BUSP:C670276,mywcom_route_junction/27682,st_struct_buried_splice_location/3966
ug_route/249721,OSP:BUSP:C644692,st_struct_pedestal/91553,st_struct_pedestal/91306
ug_route/249722,OSP:BUSP:C655331,st_struct_pedestal/91696,st_struct_pedestal/90865
ug_route/249723,OSP:BUSP::15007302,st_struct_pedestal/94272,st_struct_pedestal/92522
ug_route/249724,OSP:BUSP:C670369,st_struct_pedestal/94179,st_struct_pedestal/92843
ug_route/249725,OSP:BUSP:C644711,st_struct_pedestal/91553,st_struct_pedestal/91306
ug_route/249726,OSP:BUSP:C653109,st_struct_pedestal/92640,st_struct_pedestal/92061
ug_route/249727,OSP:BUSP:C641839,st_struct_pedestal/91062,st_struct_pedestal/93674
ug_route/249728,OSP:BUSP:C645057,st_struct_pedestal/93460,st_struct_pedestal/92101
ug_route/249729,OSP:BUSP:C650626,st_struct_pedestal/93018,st_struct_pedestal/93843
ug_route/249730,OSP:BUSP:C645063,st_struct_pedestal/93460,st_struct_pedestal/92101
ug_route/249731,OSP:BUSP:C707475,st_struct_pedestal/91769,st_struct_pedestal/93089
ug_route/249732,OSP:BUSP:C649678,st_struct_pedestal/93483,building/68576
ug_route/249733,OSP:BUSP:C659988,st_struct_pedestal/92882,st_struct_pedestal/90575
ug_route/249734,OSP:BUSP:C707474,st_struct_pedestal/91769,st_struct_pedestal/93089
ug_route/249735,OSP:BUSP:C683079,st_struct_pedestal/92419,st_struct_pedestal/91929
ug_route/249736,OSP:BUSP:C683085,st_struct_pedestal/92419,st_struct_pedestal/91929
ug_route/249737,OSP:BUSP:C670473,st_struct_pedestal/91317,st_struct_pedestal/93801
ug_route/249738,OSP:BUSP:C669063,st_struct_pedestal/92454,st_struct_pedestal/92691
ug_route/249739,OSP:BUSP:C641398,st_struct_pedestal/93424,st_struct_pedestal/93074
ug_route/249740,OSP:BUSP:C658243,st_struct_pedestal/93628,st_struct_pedestal/92785
ug_route/249741,OSP:BUSP:C650331,st_struct_pedestal/92198,st_struct_pedestal/92514
ug_route/249742,OSP:BUSP:C650327,st_struct_pedestal/92198,st_struct_pedestal/92514
ug_route/249743,OSP:BUSP:C648205,st_struct_pedestal/94310,building/67682
ug_route/249744,OSP:BUSP:C658348,st_struct_pedestal/93628,st_struct_pedestal/92785
ug_route/249745,OSP:BUSP:C658342,st_struct_pedestal/93628,st_struct_pedestal/92785
ug_route/249746,OSP:BUSP:C653625,st_struct_buried_splice_location/3959,st_struct_pedestal/91866
ug_route/249747,OSP:BUSP:C652070,st_struct_pedestal/92876,building/67354
ug_route/249748,OSP:BUSP:C650043,st_struct_pedestal/91308,st_struct_pedestal/91898
ug_route/249749,OSP:BUSP:C650330,st_struct_pedestal/92198,st_struct_pedestal/92514
ug_route/249750,OSP:BUSP:C641459,st_struct_pedestal/92406,st_struct_pedestal/93974
ug_route/249751,OSP:BUSP:C655235,st_struct_pedestal/91048,st_struct_pedestal/91201
ug_route/249752,OSP:BUSP:C642301,st_struct_pedestal/90902,st_struct_buried_splice_location/3936
ug_route/249753,OSP:BUSP:C646411,st_struct_pedestal/91205,st_struct_pedestal/93814
ug_route/249754,OSP:BUSP:C646502,st_struct_pedestal/91205,st_struct_pedestal/93814
ug_route/249755,OSP:BUSP:C648570,st_struct_pedestal/92042,st_struct_pedestal/91247
ug_route/249756,OSP:BUSP:C648563,st_struct_pedestal/92042,st_struct_pedestal/91247
ug_route/249757,OSP:BUSP:C650408,st_struct_pedestal/91659,st_struct_pedestal/92206
ug_route/249758,OSP:BUSP:C648353,st_struct_pedestal/91322,st_struct_pedestal/93483
ug_route/249759,OSP:BUSP:C658924,st_struct_pedestal/93323,st_struct_pedestal/91008
ug_route/249760,OSP:BUSP:C641865,st_struct_pedestal/90572,st_struct_pedestal/93731
ug_route/249761,OSP:BUSP:C655176,st_struct_pedestal/90574,st_struct_pedestal/93251
ug_route/249762,OSP:BUSP:C641593,st_struct_pedestal/94072,st_struct_pedestal/92538
ug_route/249763,OSP:BUSP:C649676,st_struct_pedestal/91322,st_struct_pedestal/93483
ug_route/249764,OSP:BUSP:C656944,st_struct_pedestal/92776,building/66459
ug_route/249765,OSP:BUSP:C641876,st_struct_pedestal/90572,st_struct_pedestal/93731
ug_route/249766,OSP:BUSP:C669053,st_struct_pedestal/92454,st_struct_pedestal/92274
ug_route/249767,OSP:BUSP:C641906,st_struct_pedestal/94072,st_struct_pedestal/92538
ug_route/249768,OSP:BUSP:C641308,st_struct_pedestal/94233,building/67502
ug_route/249769,OSP:BUSP:C665523,st_struct_pedestal/91909,st_struct_pedestal/93942
ug_route/249770,OSP:BUSP:C669060,st_struct_pedestal/92274,st_struct_pedestal/92454
ug_route/249771,OSP:BUSP:C659786,st_struct_pedestal/93763,st_struct_pedestal/92461
ug_route/249772,OSP:BUSP:C644396,st_struct_pedestal/91115,st_struct_pedestal/91817
ug_route/249773,OSP:BUSP:C656403,st_struct_pedestal/93234,st_struct_pedestal/93433
ug_route/249774,OSP:BUSP:C644413,st_struct_pedestal/91115,st_struct_pedestal/91817
ug_route/249775,OSP:BUSP:C646450,st_struct_pedestal/92390,building/68128
ug_route/249776,OSP:BUSP:C648186,st_struct_pedestal/92044,st_struct_pedestal/93100
ug_route/249777,OSP:BUSP:C660101,st_struct_pedestal/93163,building/67091
ug_route/249778,OSP:BUSP:C643487,st_struct_pedestal/92408,st_struct_pedestal/93671
ug_route/249779,OSP:BUSP:C682044,st_struct_pedestal/92140,building/68072
ug_route/249780,OSP:BUSP:C705838,st_struct_pedestal/93250,st_struct_pedestal/91816
ug_route/249781,OSP:BUSP:C639152,st_struct_pedestal/91320,st_struct_pedestal/92612
ug_route/249782,OSP:BUSP:C651974,st_struct_pedestal/91460,st_struct_pedestal/91057
ug_route/249783,OSP:BUSP:C671066,st_struct_pedestal/90639,building/67754
ug_route/249784,OSP:BUSP:C660817,st_struct_pedestal/91297,st_struct_pedestal/92222
ug_route/249785,OSP:BUSP:C639156,st_struct_pedestal/91320,st_struct_pedestal/92612
ug_route/249786,OSP:BUSP:C655351,st_struct_pedestal/90862,st_struct_pedestal/92957
ug_route/249787,OSP:BUSP:C671057,st_struct_pedestal/92156,building/67369
ug_route/249788,OSP:BUSP:C655316,st_struct_pedestal/90862,st_struct_pedestal/92957
ug_route/249789,OSP:BUSP:C658751,st_struct_pedestal/90554,st_struct_pedestal/92249
ug_route/249790,OSP:BUSP:C655148,st_struct_pedestal/90658,st_struct_pedestal/91475
ug_route/249791,OSP:BUSP:C647163,st_struct_pedestal/91111,st_struct_pedestal/93439
ug_route/249792,OSP:BUSP:C658768,st_struct_pedestal/90554,st_struct_pedestal/92249
ug_route/249793,OSP:BUSP:C650524,st_struct_pedestal/91659,st_struct_pedestal/91024
ug_route/249794,OSP:BUSP:C646176,st_struct_pedestal/93368,st_struct_pedestal/90638
ug_route/249795,OSP:BUSP:C641661,st_struct_pedestal/90899,mywcom_route_junction/27345
ug_route/249796,OSP:BUSP:C651092,st_struct_pedestal/94071,st_struct_pedestal/92289
ug_route/249797,OSP:BUSP:C709963,mywcom_route_junction/28089,st_struct_pedestal/92619
ug_route/249798,OSP:BUSP:C641263,st_struct_pedestal/94091,st_struct_pedestal/91637
ug_route/249799,OSP:BUSP::17062031,st_struct_pedestal/93250,st_struct_pedestal/93226
ug_route/249800,OSP:BUSP:C642297,st_struct_pedestal/90699,st_struct_pedestal/93993
ug_route/249801,OSP:BUSP:C646218,st_struct_pedestal/93368,st_struct_pedestal/90638
ug_route/249802,OSP:BUSP:C660723,st_struct_pedestal/93235,building/68229
ug_route/249803,OSP:BUSP:C709002,st_struct_pedestal/91488,st_struct_pedestal/94119
ug_route/249804,OSP:BUSP:C642326,st_struct_pedestal/90699,st_struct_pedestal/93993
ug_route/249805,OSP:BUSP:C709978,st_struct_pedestal/91153,mywcom_route_junction/28155
ug_route/249806,OSP:BUSP:C645896,st_struct_pedestal/91959,building/66423
ug_route/249807,OSP:BUSP:C705063,st_struct_pedestal/92392,st_struct_pedestal/92769
ug_route/249808,OSP:BUSP:C648819,st_struct_pedestal/91420,building/66949
ug_route/249809,OSP:BUSP:C666978,st_struct_pedestal/91054,st_struct_pedestal/93039
ug_route/249810,OSP:BUSP:C638825,st_struct_pedestal/93712,st_struct_pedestal/91198
ug_route/249811,OSP:BUSP:C641578,st_struct_pedestal/92729,st_struct_pedestal/91350
ug_route/249812,OSP:BUSP:C650627,st_struct_pedestal/93018,st_struct_pedestal/93843
ug_route/249813,OSP:BUSP:C681314,st_struct_pedestal/91531,st_struct_pedestal/91445
ug_route/249814,OSP:BUSP:C640648,st_struct_pedestal/92239,st_struct_pedestal/92265
ug_route/249815,OSP:BUSP:C670605,st_struct_pedestal/94303,st_struct_pedestal/93245
ug_route/249816,OSP:BUSP:C656890,st_struct_pedestal/91953,st_struct_pedestal/92372
ug_route/249817,OSP:BUSP:C659266,st_struct_pedestal/93092,st_struct_pedestal/94027
ug_route/249818,OSP:BUSP:C639302,st_struct_pedestal/92908,st_struct_pedestal/93436
ug_route/249819,OSP:BUSP:C651227,st_struct_pedestal/90941,st_struct_pedestal/91048
ug_route/249820,OSP:BUSP:C653869,st_struct_pedestal/90821,building/66332
ug_route/249821,OSP:BUSP:C682158,st_struct_pedestal/92088,st_struct_pedestal/93585
ug_route/249822,OSP:BUSP:C709982,mywcom_route_junction/27262,mywcom_route_junction/27770
ug_route/249823,OSP:BUSP:C644154,st_struct_pedestal/93966,building/66899
ug_route/249824,OSP:BUSP:C645059,st_struct_pedestal/92101,st_struct_pedestal/92639
ug_route/249825,OSP:BUSP:C658000,st_struct_pedestal/94300,st_struct_pedestal/91203
ug_route/249826,OSP:BUSP:C658262,st_struct_pedestal/91161,st_struct_pedestal/92485
ug_route/249827,OSP:BUSP:C682199,st_struct_pedestal/90590,st_struct_pedestal/90866
ug_route/249828,OSP:BUSP:C645064,st_struct_pedestal/92101,st_struct_pedestal/92639
ug_route/249829,OSP:BUSP:C661066,st_struct_pedestal/92632,st_struct_pedestal/91956
ug_route/249830,OSP:BUSP:C658265,st_struct_pedestal/91161,st_struct_pedestal/92485
ug_route/249831,OSP:BUSP:C668697,st_struct_pedestal/92911,building/66623
ug_route/249832,OSP:BUSP:C651139,st_struct_pedestal/90869,st_struct_pedestal/91206
ug_route/249833,OSP:BUSP:C682217,st_struct_pedestal/90590,st_struct_pedestal/90866
ug_route/249834,OSP:BUSP:C668625,st_struct_pedestal/91141,st_struct_pedestal/90812
ug_route/249835,OSP:BUSP:C644299,st_struct_pedestal/93040,st_struct_pedestal/92545
ug_route/249836,OSP:BUSP:C656301,st_struct_pedestal/94060,st_struct_pedestal/92788
ug_route/249837,OSP:BUSP:C649815,st_struct_pedestal/91348,st_struct_pedestal/92021
ug_route/249838,OSP:BUSP:C656286,st_struct_pedestal/94060,st_struct_pedestal/92788
ug_route/249839,OSP:BUSP:C643122,st_struct_pedestal/91598,building/66733
ug_route/249840,OSP:BUSP:C648538,st_struct_pedestal/92042,st_struct_pedestal/91464
ug_route/249841,OSP:BUSP:C665516,st_struct_pedestal/91070,st_struct_pedestal/91909
ug_route/249842,OSP:BUSP:C670467,st_struct_pedestal/91958,st_struct_pedestal/91317
ug_route/249843,OSP:BUSP:C658484,st_struct_pedestal/92528,st_struct_pedestal/91993
ug_route/249844,OSP:BUSP:C707917,st_struct_pedestal/91348,st_struct_pedestal/92021
ug_route/249845,OSP:BUSP:C644392,st_struct_pedestal/93040,st_struct_pedestal/92545
ug_route/249846,OSP:BUSP:C665519,st_struct_pedestal/91070,st_struct_pedestal/91909
ug_route/249847,OSP:BUSP:C640245,st_struct_pedestal/92378,st_struct_pedestal/92024
ug_route/249848,OSP:BUSP:C655141,st_struct_pedestal/91781,st_struct_pedestal/92435
ug_route/249849,OSP:BUSP:C648526,st_struct_pedestal/92042,st_struct_pedestal/91464
ug_route/249850,OSP:BUSP:C656977,st_struct_pedestal/90568,st_struct_pedestal/93606
ug_route/249851,OSP:BUSP:C640252,st_struct_pedestal/92378,st_struct_pedestal/92024
ug_route/249852,OSP:BUSP:C665997,st_struct_pedestal/92268,building/68044
ug_route/249853,OSP:BUSP:C656895,st_struct_buried_splice_location/3920,st_struct_pedestal/91953
ug_route/249854,OSP:BUSP:C657543,st_struct_pedestal/94191,st_struct_pedestal/93081
ug_route/249855,OSP:BUSP:C653151,st_struct_pedestal/93599,st_struct_pedestal/91897
ug_route/249856,OSP:BUSP:C641627,st_struct_pedestal/93917,building/67173
ug_route/249857,OSP:BUSP:C659799,st_struct_pedestal/94191,st_struct_pedestal/93081
ug_route/249858,OSP:BUSP:C640930,st_struct_pedestal/92963,st_struct_pedestal/90689
ug_route/249859,OSP:FBSP:D8185668,mywcom_route_junction/27895,building/68106
ug_route/249860,OSP:BUSP:C641065,st_struct_pedestal/92963,st_struct_pedestal/90689
ug_route/249861,OSP:BUSP:C705609,st_struct_pedestal/91695,st_struct_pedestal/93678
ug_route/249862,OSP:BUSP:C659813,st_struct_pedestal/94191,st_struct_pedestal/93081
ug_route/249863,OSP:BUSP:C642142,st_struct_pedestal/93215,st_struct_pedestal/94290
ug_route/249864,OSP:BUSP:C705125,st_struct_pedestal/91199,st_struct_pedestal/93094
ug_route/249865,OSP:BUSP:C653162,st_struct_pedestal/93599,st_struct_pedestal/92158
ug_route/249866,OSP:BUSP:C651084,st_struct_pedestal/93944,st_struct_pedestal/91569
ug_route/249867,OSP:BUSP:C641164,st_struct_pedestal/93548,st_struct_pedestal/94021
ug_route/249868,OSP:BUSP:C642223,st_struct_pedestal/93215,st_struct_pedestal/94290
ug_route/249869,OSP:BUSP:C659632,st_struct_pedestal/92482,st_struct_pedestal/92918
ug_route/249870,OSP:BUSP:C641990,st_struct_pedestal/91723,st_struct_pedestal/92866
ug_route/249871,OSP:BUSP::8725277,st_struct_pedestal/91695,st_struct_pedestal/93678
ug_route/249872,OSP:BUSP:C651260,st_struct_pedestal/93944,st_struct_pedestal/91569
ug_route/249873,OSP:BUSP:C705126,st_struct_pedestal/91199,st_struct_pedestal/93094
ug_route/249874,OSP:BUSP:C642046,st_struct_pedestal/91723,st_struct_pedestal/92866
ug_route/249875,OSP:BUSP:C705117,st_struct_pedestal/91643,st_struct_pedestal/92403
ug_route/249876,OSP:BUSP:C647829,st_struct_pedestal/91838,st_struct_pedestal/93804
ug_route/249877,OSP:BUSP:C705127,st_struct_pedestal/91199,st_struct_pedestal/93094
ug_route/249878,OSP:BUSP:C705119,st_struct_pedestal/91643,st_struct_pedestal/92403
ug_route/249879,OSP:BUSP::17062022,st_struct_pedestal/92403,st_struct_pedestal/94174
ug_route/249880,OSP:BUSP:C653164,st_struct_pedestal/93599,st_struct_pedestal/92158
ug_route/249881,OSP:BUSP:C641596,st_struct_pedestal/91015,st_struct_pedestal/93914
ug_route/249882,OSP:BUSP:C659634,st_struct_pedestal/92482,st_struct_pedestal/92918
ug_route/249883,OSP:BUSP:C656408,mywcom_route_junction/27715,st_struct_pedestal/93433
ug_route/249884,OSP:BUSP:C655362,st_struct_pedestal/91143,st_struct_pedestal/91587
ug_route/249885,OSP:BUSP:C649686,st_struct_pedestal/92093,st_struct_pedestal/92297
ug_route/249886,OSP:BUSP:C648360,st_struct_pedestal/92093,st_struct_pedestal/92297
ug_route/249887,OSP:BUSP:C641844,st_struct_pedestal/91015,st_struct_pedestal/93914
ug_route/249888,OSP:BUSP:C654701,st_struct_pedestal/91374,st_struct_pedestal/92535
ug_route/249889,OSP:BUSP:C647149,st_struct_pedestal/91898,building/67752
ug_route/249890,OSP:BUSP:C642859,st_struct_pedestal/92427,st_struct_pedestal/94228
ug_route/249891,OSP:BUSP:C662493,st_struct_buried_splice_location/3918,building/68159
ug_route/249892,OSP:BUSP:C641475,st_struct_pedestal/90567,st_struct_pedestal/91204
ug_route/249893,OSP:BUSP:C656662,st_struct_buried_splice_location/3927,st_struct_pedestal/92519
ug_route/249894,OSP:BUSP:C642208,st_struct_pedestal/92616,st_struct_pedestal/91957
ug_route/249895,OSP:BUSP:C659635,st_struct_pedestal/92482,st_struct_pedestal/92918
ug_route/249896,OSP:BUSP:C654498,st_struct_pedestal/90878,st_struct_pedestal/93203
ug_route/249897,OSP:BUSP:C642238,st_struct_pedestal/92616,st_struct_pedestal/91957
ug_route/249898,OSP:BUSP:C671065,st_struct_pedestal/93344,st_struct_pedestal/90639
ug_route/249899,OSP:BUSP:C652900,st_struct_pedestal/92800,st_struct_pedestal/93982
ug_route/249900,OSP:BUSP:C653841,st_struct_pedestal/91679,st_struct_pedestal/92950
ug_route/249901,OSP:BUSP:C640464,st_struct_pedestal/90892,building/67601
ug_route/249902,OSP:FBSP::14494980,mywcom_route_junction/28101,st_struct_pedestal/91079
ug_route/249903,OSP:BUSP:C652766,st_struct_pedestal/91988,st_struct_pedestal/91232
ug_route/249904,OSP:BUSP:C671054,st_struct_pedestal/92156,mywcom_route_junction/28157
ug_route/249905,OSP:BUSP:C653812,st_struct_pedestal/91679,st_struct_pedestal/92950
ug_route/249906,OSP:BUSP:C641422,st_struct_pedestal/91955,st_struct_pedestal/91698
ug_route/249907,OSP:BUSP:C655470,st_struct_pedestal/91052,building/68777
ug_route/249908,OSP:BUSP:C705224,st_struct_pedestal/91003,st_struct_pedestal/91680
ug_route/249909,OSP:BUSP:C671126,st_struct_pedestal/91473,st_struct_pedestal/93985
ug_route/249910,OSP:BUSP:C654568,st_struct_pedestal/91462,st_struct_pedestal/90878
ug_route/249911,OSP:BUSP:C650500,st_struct_pedestal/91907,st_struct_pedestal/92764
ug_route/249912,OSP:BUSP:C650362,st_struct_pedestal/91907,st_struct_pedestal/92764
ug_route/249913,OSP:BUSP:C707461,st_struct_pedestal/91936,st_struct_pedestal/94331
ug_route/249914,OSP:BUSP:C669587,st_struct_pedestal/91816,st_struct_pedestal/92958
ug_route/249915,OSP:BUSP:C654564,st_struct_pedestal/91462,st_struct_pedestal/90878
ug_route/249916,OSP:BUSP:C649083,st_struct_pedestal/93016,st_struct_pedestal/94251
ug_route/249917,OSP:BUSP:C640078,st_struct_pedestal/94031,building/67109
ug_route/249918,OSP:BUSP:C706624,st_struct_pedestal/93046,st_struct_pedestal/90919
ug_route/249919,OSP:BUSP:C638835,st_struct_pedestal/91647,st_struct_pedestal/90778
ug_route/249920,OSP:BUSP:C639488,st_struct_pedestal/90939,building/68610
ug_route/249921,OSP:BUSP:C644025,st_struct_pedestal/94250,st_struct_pedestal/94084
ug_route/249922,OSP:BUSP:C638818,st_struct_pedestal/93712,st_struct_pedestal/94193
ug_route/249923,OSP:BUSP:C644030,st_struct_pedestal/94250,st_struct_pedestal/94084
ug_route/249924,OSP:BUSP:C654569,st_struct_pedestal/91462,st_struct_pedestal/90878
ug_route/249925,OSP:BUSP:C649663,st_struct_pedestal/92021,st_struct_pedestal/93340
ug_route/249926,OSP:BUSP:C659623,st_struct_pedestal/91568,st_struct_pedestal/90591
ug_route/249927,OSP:BUSP:C706626,st_struct_pedestal/93046,st_struct_pedestal/90919
ug_route/249928,OSP:BUSP:C657770,st_struct_pedestal/91253,st_struct_pedestal/90657
ug_route/249929,OSP:BUSP:C669574,st_struct_pedestal/91816,st_struct_pedestal/92958
ug_route/249930,OSP:BUSP:C707931,st_struct_pedestal/92021,st_struct_pedestal/93340
ug_route/249931,OSP:BUSP:C654808,st_struct_pedestal/93626,st_struct_pedestal/90563
ug_route/249932,OSP:BUSP:C709079,mywcom_route_junction/27685,st_struct_pedestal/94029
ug_route/249933,OSP:BUSP:C650402,st_struct_pedestal/91536,st_struct_pedestal/91356
ug_route/249934,OSP:BUSP:C654810,st_struct_pedestal/93626,st_struct_pedestal/90563
ug_route/249935,OSP:BUSP:C704846,st_struct_pedestal/92487,mywcom_route_junction/27937
ug_route/249936,OSP:BUSP:C709816,st_struct_pedestal/92946,st_struct_pedestal/91312
ug_route/249937,OSP:BUSP:C650508,st_struct_pedestal/91536,st_struct_pedestal/91356
ug_route/249938,OSP:BUSP:C658774,st_struct_pedestal/92140,building/68605
ug_route/249939,OSP:BUSP:C646903,st_struct_pedestal/94233,st_struct_pedestal/92658
ug_route/249940,OSP:BUSP:C683159,st_struct_buried_splice_location/3886,st_struct_pedestal/92419
ug_route/249941,OSP:BUSP:C710033,st_struct_pedestal/91518,st_struct_pedestal/93987
ug_route/249942,OSP:BUSP:C660939,st_struct_pedestal/91140,st_struct_pedestal/91996
ug_route/249943,OSP:BUSP:C639723,st_struct_pedestal/90824,st_struct_pedestal/93721
ug_route/249944,OSP:BUSP:C641648,st_struct_pedestal/93917,st_struct_pedestal/90693
ug_route/249945,OSP:BUSP:C641331,st_struct_pedestal/94233,building/67035
ug_route/249946,OSP:BUSP:C641664,st_struct_pedestal/93917,st_struct_pedestal/90693
ug_route/249947,OSP:BUSP:C660942,st_struct_pedestal/91140,st_struct_pedestal/91996
ug_route/249948,OSP:BUSP:C639782,st_struct_pedestal/94121,st_struct_pedestal/92038
ug_route/249949,OSP:BUSP:C650356,st_struct_pedestal/91907,st_struct_pedestal/92764
ug_route/249950,OSP:BUSP:C639774,st_struct_pedestal/94121,st_struct_pedestal/92038
ug_route/249951,OSP:BUSP:C649761,st_struct_pedestal/93340,building/66764
ug_route/249952,OSP:BUSP:C641772,st_struct_pedestal/93211,st_struct_pedestal/91900
ug_route/249953,OSP:BUSP:C705044,st_struct_pedestal/93425,st_struct_pedestal/90748
ug_route/249954,OSP:BUSP:C641704,st_struct_pedestal/93554,st_struct_pedestal/91591
ug_route/249955,OSP:BUSP:C659522,st_struct_pedestal/92883,st_struct_pedestal/92522
ug_route/249956,OSP:BUSP:C641798,st_struct_pedestal/93211,st_struct_pedestal/91900
ug_route/249957,OSP:BUSP:C659523,st_struct_pedestal/92883,st_struct_pedestal/92522
ug_route/249958,OSP:BUSP:C646162,st_struct_pedestal/93425,st_struct_pedestal/90748
ug_route/249959,OSP:BUSP:C641762,st_struct_pedestal/93554,st_struct_pedestal/91591
ug_route/249960,OSP:BUSP:C654705,st_struct_pedestal/93940,st_struct_pedestal/93626
ug_route/249961,OSP:BUSP:C660806,st_struct_pedestal/94215,st_struct_pedestal/91045
ug_route/249962,OSP:BUSP:C653602,st_struct_pedestal/92884,st_struct_pedestal/93476
ug_route/249963,OSP:BUSP:C659174,st_struct_pedestal/94047,st_struct_pedestal/93773
ug_route/249964,OSP:BUSP:C648263,st_struct_pedestal/94255,building/68457
ug_route/249965,OSP:BUSP:C704923,st_struct_pedestal/91893,st_struct_pedestal/94188
ug_route/249966,OSP:BUSP:C658072,st_struct_pedestal/92561,st_struct_pedestal/90657
ug_route/249967,OSP:BUSP:C648091,st_struct_pedestal/92166,st_struct_pedestal/91370
ug_route/249968,OSP:BUSP:C707638,st_struct_pedestal/93861,st_struct_pedestal/92561
ug_route/249969,OSP:BUSP:C650419,st_struct_pedestal/92627,st_struct_pedestal/91323
ug_route/249970,OSP:BUSP:C651098,st_struct_pedestal/91697,building/66422
ug_route/249971,OSP:BUSP:C656339,st_struct_pedestal/93435,st_struct_buried_splice_location/3855
ug_route/249972,OSP:BUSP:C648013,st_struct_pedestal/92166,st_struct_pedestal/91370
ug_route/249973,OSP:BUSP:C705147,st_struct_pedestal/93348,building/66435
ug_route/249974,OSP:BUSP:C707128,st_struct_pedestal/92840,st_struct_pedestal/92833
ug_route/249975,OSP:BUSP:C646522,st_struct_pedestal/92993,building/66742
ug_route/249976,OSP:BUSP:C656612,st_struct_pedestal/92661,st_struct_pedestal/92603
ug_route/249977,OSP:BUSP:C656608,st_struct_pedestal/92661,st_struct_pedestal/92603
ug_route/249978,OSP:BUSP:C704776,st_struct_pedestal/92690,st_struct_pedestal/93368
ug_route/249979,OSP:BUSP:C643821,st_struct_pedestal/93212,st_struct_pedestal/93503
ug_route/249980,OSP:BUSP:C704775,st_struct_pedestal/92690,st_struct_pedestal/93368
ug_route/249981,OSP:BUSP:C650547,st_struct_pedestal/93018,st_struct_pedestal/93876
ug_route/249982,OSP:BUSP:C707942,st_struct_pedestal/92895,st_struct_pedestal/93908
ug_route/249983,OSP:BUSP:C670413,st_struct_pedestal/93085,building/68572
ug_route/249984,OSP:BUSP:C706867,st_struct_pedestal/94328,st_struct_pedestal/91568
ug_route/249985,OSP:BUSP:C643851,st_struct_pedestal/93212,st_struct_pedestal/93503
ug_route/249986,OSP:BUSP:C641193,st_struct_pedestal/92639,st_struct_pedestal/90822
ug_route/249987,OSP:BUSP:C657430,st_struct_pedestal/94191,st_struct_pedestal/92159
ug_route/249988,OSP:BUSP:C657433,st_struct_pedestal/94191,st_struct_pedestal/92159
ug_route/249989,OSP:BUSP:C655274,st_struct_pedestal/94056,building/67537
ug_route/249990,OSP:BUSP:C641556,st_struct_buried_splice_location/3908,st_struct_pedestal/93670
ug_route/249991,OSP:BUSP:C656912,st_struct_pedestal/90925,st_struct_pedestal/92776
ug_route/249992,OSP:BUSP:C649706,st_struct_pedestal/93600,st_struct_pedestal/94237
ug_route/249993,OSP:FBSP:C708058,st_struct_pedestal/93994,building/66814
ug_route/249994,OSP:BUSP:C650389,st_struct_pedestal/92302,st_struct_pedestal/92320
ug_route/249995,OSP:BUSP:C644133,st_struct_pedestal/93560,st_struct_pedestal/91940
ug_route/249996,OSP:BUSP:C641580,st_struct_pedestal/92439,st_struct_pedestal/91774
ug_route/249997,OSP:BUSP:C641567,st_struct_pedestal/92439,st_struct_pedestal/91774
ug_route/249998,OSP:BUSP:C650390,st_struct_pedestal/92302,st_struct_pedestal/92320
ug_route/249999,OSP:BUSP:C704879,st_struct_pedestal/93560,st_struct_pedestal/91940
ug_route/250000,OSP:BUSP:C655447,st_struct_pedestal/93317,st_struct_pedestal/92796
ug_route/250001,OSP:BUSP:C639756,st_struct_pedestal/94242,st_struct_pedestal/92618
ug_route/250002,OSP:BUSP:C681313,st_struct_pedestal/92222,st_struct_pedestal/94235
ug_route/250003,OSP:BUSP:C640738,st_struct_pedestal/92964,building/67017
ug_route/250004,OSP:BUSP:C649007,st_struct_pedestal/92864,st_struct_buried_splice_location/3854
ug_route/250005,OSP:BUSP:C653664,st_struct_pedestal/92441,st_struct_pedestal/94236
ug_route/250006,OSP:BUSP:C639764,st_struct_pedestal/94242,st_struct_pedestal/92618
ug_route/250007,OSP:BUSP:C653660,st_struct_pedestal/92441,st_struct_pedestal/94236
ug_route/250008,OSP:BUSP:C653098,st_struct_pedestal/92033,mywcom_route_junction/27505
ug_route/250009,OSP:BUSP:C654526,st_struct_pedestal/94231,building/68462
ug_route/250010,OSP:BUSP::8711822,st_struct_pedestal/94274,st_struct_pedestal/92614
ug_route/250011,OSP:BUSP:C665533,st_struct_pedestal/91909,st_struct_pedestal/93942
ug_route/250012,OSP:BUSP:C654668,st_struct_pedestal/90883,building/67157
ug_route/250013,OSP:BUSP:C656139,st_struct_pedestal/91359,st_struct_pedestal/91191
ug_route/250014,OSP:BUSP:C650529,st_struct_pedestal/93567,st_struct_pedestal/93685
ug_route/250015,OSP:BUSP:C665535,st_struct_pedestal/91909,st_struct_pedestal/93942
ug_route/250016,OSP:BUSP:C641537,st_struct_pedestal/93206,st_struct_pedestal/91152
ug_route/250017,OSP:BUSP:C643463,st_struct_pedestal/93206,st_struct_pedestal/91152
ug_route/250018,OSP:BUSP:C651964,st_struct_pedestal/91274,st_struct_pedestal/91460
ug_route/250019,OSP:BUSP:C671022,st_struct_pedestal/92939,st_struct_pedestal/90723
ug_route/250020,OSP:BUSP:C671025,st_struct_pedestal/92939,st_struct_pedestal/90723
ug_route/250021,OSP:BUSP:C645862,st_struct_pedestal/91639,st_struct_pedestal/91600
ug_route/250022,OSP:BUSP:C656990,st_struct_pedestal/92462,st_struct_pedestal/93551
ug_route/250023,OSP:BUSP:C640195,st_struct_pedestal/90818,st_struct_pedestal/91771
ug_route/250024,OSP:BUSP:C641764,st_struct_pedestal/92872,st_struct_pedestal/94128
ug_route/250025,OSP:BUSP:C660195,st_struct_pedestal/92986,st_struct_pedestal/93635
ug_route/250026,OSP:BUSP:C645071,st_struct_pedestal/93460,building/67816
ug_route/250027,OSP:BUSP:C661022,st_struct_pedestal/92986,st_struct_pedestal/93635
ug_route/250028,OSP:BUSP:C648596,st_struct_pedestal/92621,st_struct_pedestal/92622
ug_route/250029,OSP:BUSP:C657016,st_struct_pedestal/91994,st_struct_pedestal/93110
ug_route/250030,OSP:BUSP:C655162,st_struct_pedestal/93152,st_struct_pedestal/90574
ug_route/250031,OSP:BUSP:C655233,st_struct_pedestal/93152,st_struct_pedestal/90574
ug_route/250032,OSP:BUSP:C654619,st_struct_pedestal/94130,st_struct_pedestal/92670
ug_route/250033,OSP:BUSP:C659279,st_struct_pedestal/91311,st_struct_pedestal/91850
ug_route/250034,OSP:BUSP:C655450,st_struct_pedestal/92796,st_struct_pedestal/91240
ug_route/250035,OSP:BUSP:C643926,st_struct_pedestal/90938,st_struct_pedestal/92369
ug_route/250036,OSP:BUSP:C708144,st_struct_pedestal/92703,st_struct_pedestal/92366
ug_route/250037,OSP:BUSP:C655385,st_struct_pedestal/90686,building/68029
ug_route/250038,OSP:BUSP:C658951,st_struct_pedestal/94319,st_struct_pedestal/92432
ug_route/250039,OSP:BUSP:C670376,st_struct_pedestal/94179,building/68733
ug_route/250040,OSP:BUSP:C649928,st_struct_pedestal/91094,st_struct_pedestal/91348
ug_route/250041,OSP:BUSP:C671140,st_struct_pedestal/93089,st_struct_pedestal/91473
ug_route/250042,OSP:BUSP:C650393,st_struct_pedestal/92302,st_struct_pedestal/91535
ug_route/250043,OSP:BUSP:C650397,st_struct_pedestal/92302,st_struct_pedestal/91535
ug_route/250044,OSP:BUSP:C656961,st_struct_pedestal/94305,st_struct_pedestal/93382
ug_route/250045,OSP:BUSP:C707908,st_struct_pedestal/91094,st_struct_pedestal/91348
ug_route/250046,OSP:BUSP:C647201,st_struct_pedestal/91025,st_struct_pedestal/93740
ug_route/250047,OSP:BUSP:C641338,st_struct_pedestal/92286,building/66123
ug_route/250048,OSP:BUSP::11900070,st_struct_pedestal/93579,st_struct_pedestal/92174
ug_route/250049,OSP:BUSP:C711894,st_struct_pedestal/93579,st_struct_pedestal/94294
ug_route/250050,OSP:BUSP:C711828,st_struct_pedestal/93682,mywcom_route_junction/27688
ug_route/250051,OSP:BUSP:C708301,st_struct_pedestal/94074,st_struct_pedestal/92062
ug_route/250052,OSP:BUSP:C643514,st_struct_pedestal/94122,st_struct_pedestal/91844
ug_route/250053,OSP:BUSP:C647202,st_struct_pedestal/91025,st_struct_pedestal/93740
ug_route/250054,OSP:BUSP:C650340,st_struct_pedestal/92496,st_struct_pedestal/92744
ug_route/250055,OSP:BUSP:C650338,st_struct_pedestal/92496,st_struct_pedestal/92744
ug_route/250056,OSP:BUSP:C643481,st_struct_pedestal/94122,st_struct_pedestal/91844
ug_route/250057,OSP:BUSP:C648169,st_struct_pedestal/91716,st_struct_pedestal/92044
ug_route/250058,OSP:BUSP:C706923,st_struct_pedestal/92401,st_struct_pedestal/92250
ug_route/250059,OSP:BUSP:C639727,st_struct_pedestal/90824,st_struct_pedestal/94242
ug_route/250060,OSP:BUSP:C639745,st_struct_pedestal/90824,st_struct_pedestal/94242
ug_route/250061,OSP:BUSP:C657353,st_struct_pedestal/93018,st_struct_pedestal/93843
ug_route/250062,OSP:BUSP:C704726,st_struct_pedestal/91125,st_struct_pedestal/91112
ug_route/250063,OSP:BUSP:C637443,st_struct_pedestal/92160,building/68098
ug_route/250064,OSP:BUSP:C648224,st_struct_pedestal/94256,st_struct_pedestal/91069
ug_route/250065,OSP:BUSP:C671029,st_struct_pedestal/93945,st_struct_pedestal/90998
ug_route/250066,OSP:BUSP:C643472,st_struct_pedestal/93556,st_struct_pedestal/90643
ug_route/250067,OSP:BUSP:C648235,st_struct_pedestal/94256,st_struct_pedestal/91069
ug_route/250068,OSP:BUSP:C643494,st_struct_pedestal/93556,st_struct_pedestal/90643
ug_route/250069,OSP:BUSP:C656428,mywcom_route_junction/27244,st_struct_pedestal/93433
ug_route/250070,OSP:BUSP:C681974,st_struct_pedestal/91119,st_struct_pedestal/93792
ug_route/250071,OSP:BUSP:C654048,st_struct_pedestal/93197,st_struct_pedestal/90642
ug_route/250072,OSP:BUSP:C668035,st_struct_pedestal/91785,st_struct_pedestal/92391
ug_route/250073,OSP:BUSP:C668239,st_struct_pedestal/91785,st_struct_pedestal/92391
ug_route/250074,OSP:BUSP:C653819,st_struct_pedestal/93197,st_struct_pedestal/92218
ug_route/250075,OSP:BUSP:C653847,st_struct_pedestal/93197,st_struct_pedestal/92218
ug_route/250076,OSP:BUSP:C658030,st_struct_pedestal/94300,mywcom_route_junction/28098
ug_route/250077,OSP:BUSP:C652017,st_struct_pedestal/92154,st_struct_pedestal/92341
ug_route/250078,OSP:BUSP:C651995,st_struct_pedestal/92154,st_struct_pedestal/92341
ug_route/250079,OSP:BUSP:C637427,st_struct_pedestal/94306,st_struct_pedestal/91899
ug_route/250080,OSP:BUSP:C642174,st_struct_pedestal/91483,st_struct_pedestal/92920
ug_route/250081,OSP:BUSP:C659282,st_struct_pedestal/91850,st_struct_pedestal/92032
ug_route/250082,OSP:BUSP:C668981,st_struct_pedestal/92121,st_struct_pedestal/91860
ug_route/250083,OSP:BUSP:C651129,st_struct_pedestal/93662,st_struct_pedestal/90886
ug_route/250084,OSP:BUSP:C656487,st_struct_pedestal/94069,st_struct_pedestal/92380
ug_route/250085,OSP:BUSP:C669011,st_struct_pedestal/92121,st_struct_pedestal/91860
ug_route/250086,OSP:BUSP:C656135,st_struct_pedestal/91645,st_struct_pedestal/91963
ug_route/250087,OSP:BUSP:C651194,st_struct_pedestal/93662,st_struct_pedestal/90886
ug_route/250088,OSP:BUSP:C643532,st_struct_pedestal/91844,st_struct_pedestal/92954
ug_route/250089,OSP:BUSP::10613941,st_struct_pedestal/94266,st_struct_pedestal/92298
ug_route/250090,OSP:BUSP:C656494,st_struct_pedestal/94069,st_struct_pedestal/91220
ug_route/250091,OSP:BUSP:C656491,st_struct_pedestal/94069,st_struct_pedestal/92380
ug_route/250092,OSP:BUSP:C640519,st_struct_pedestal/93388,building/67593
ug_route/250093,OSP:BUSP:C650422,st_struct_pedestal/91323,st_struct_pedestal/90956
ug_route/250094,OSP:BUSP:C655380,st_struct_pedestal/91236,st_struct_pedestal/90686
ug_route/250095,OSP:BUSP:C642884,st_struct_pedestal/94228,building/67096
ug_route/250096,OSP:BUSP:C658795,st_struct_pedestal/90554,st_struct_pedestal/93362
ug_route/250097,OSP:BUSP:C641908,st_struct_pedestal/92872,st_struct_pedestal/94128
ug_route/250098,OSP:BUSP:C639740,st_struct_pedestal/94242,st_struct_pedestal/91418
ug_route/250099,OSP:BUSP:C642350,st_struct_pedestal/93452,st_struct_pedestal/90771
ug_route/250100,OSP:BUSP:C639735,st_struct_pedestal/94242,st_struct_pedestal/91418
ug_route/250101,OSP:BUSP:C640939,st_struct_pedestal/90689,building/66467
ug_route/250102,OSP:BUSP:C661122,st_struct_pedestal/93385,building/67115
ug_route/250103,OSP:BUSP:C639483,st_struct_pedestal/94089,st_struct_pedestal/90939
ug_route/250104,OSP:BUSP:C653653,st_struct_pedestal/90655,st_struct_pedestal/92441
ug_route/250105,OSP:BUSP:C668829,st_struct_buried_splice_location/3876,st_struct_buried_splice_location/3941
ug_route/250106,OSP:BUSP:C656169,st_struct_pedestal/90696,st_struct_pedestal/91954
ug_route/250107,OSP:BUSP:C639491,st_struct_pedestal/90939,st_struct_pedestal/93430
ug_route/250108,OSP:BUSP:D8186356,st_struct_buried_splice_location/3941,st_struct_buried_splice_location/3876
ug_route/250109,OSP:BUSP:C653077,st_struct_pedestal/90570,st_struct_pedestal/94070
ug_route/250110,OSP:BUSP:C658449,st_struct_pedestal/92528,st_struct_pedestal/92812
ug_route/250111,OSP:BUSP:C656370,st_struct_pedestal/92207,st_struct_pedestal/92890
ug_route/250112,OSP:BUSP:C655328,st_struct_pedestal/90566,st_struct_pedestal/91738
ug_route/250113,OSP:BUSP:C658480,st_struct_pedestal/92528,st_struct_pedestal/92812
ug_route/250114,OSP:BUSP:C704626,st_struct_pedestal/91112,st_struct_pedestal/90557
ug_route/250115,OSP:BUSP:C656373,st_struct_pedestal/92207,st_struct_pedestal/92890
ug_route/250116,OSP:BUSP:C655347,st_struct_pedestal/90566,st_struct_pedestal/91738
ug_route/250117,OSP:BUSP:C641932,st_struct_pedestal/93096,st_struct_pedestal/92183
ug_route/250118,OSP:BUSP:C642124,st_struct_pedestal/90610,st_struct_pedestal/93215
ug_route/250119,OSP:BUSP:C648019,st_struct_pedestal/91370,st_struct_pedestal/92625
ug_route/250120,OSP:BUSP:C642217,st_struct_pedestal/90610,st_struct_pedestal/93215
ug_route/250121,OSP:BUSP:C648092,st_struct_pedestal/91370,st_struct_pedestal/92625
ug_route/250122,OSP:BUSP:C646470,st_struct_pedestal/92739,st_struct_pedestal/90573
ug_route/250123,OSP:BUSP:C658809,st_struct_pedestal/90554,mywcom_route_junction/27811
ug_route/250124,OSP:BUSP:C652815,st_struct_pedestal/94129,st_struct_pedestal/92800
ug_route/250125,OSP:BUSP::10613628,st_struct_pedestal/93105,st_struct_pedestal/90997
ug_route/250126,OSP:BUSP:C646528,st_struct_pedestal/92739,st_struct_pedestal/90573
ug_route/250127,OSP:BUSP:C660183,st_struct_pedestal/93163,st_struct_pedestal/92850
ug_route/250128,OSP:BUSP:C654854,st_struct_pedestal/91315,st_struct_pedestal/93253
ug_route/250129,OSP:BUSP:C652903,st_struct_pedestal/94129,st_struct_pedestal/92800
ug_route/250130,OSP:BUSP:C655199,st_struct_pedestal/92966,building/66557
ug_route/250131,OSP:BUSP::12882815,st_struct_pedestal/90589,st_struct_pedestal/93446
ug_route/250132,OSP:BUSP:C637485,st_struct_pedestal/90948,building/66988
ug_route/250133,OSP:BUSP:C641504,st_struct_pedestal/93096,st_struct_pedestal/92183
ug_route/250134,OSP:BUSP:C642235,st_struct_pedestal/92123,st_struct_pedestal/92846
ug_route/250135,OSP:BUSP:C641853,st_struct_pedestal/93674,building/68123
ug_route/250136,OSP:BUSP:C658825,st_struct_pedestal/92553,st_struct_pedestal/94230
ug_route/250137,OSP:BUSP:C653657,st_struct_pedestal/90655,st_struct_pedestal/92441
ug_route/250138,OSP:BUSP:C652905,st_struct_pedestal/94129,st_struct_pedestal/92800
ug_route/250139,OSP:BUSP:C658302,st_struct_pedestal/92485,building/68546
ug_route/250140,OSP:BUSP:C652906,st_struct_pedestal/94129,st_struct_pedestal/92800
ug_route/250141,OSP:BUSP:C658964,st_struct_pedestal/90835,st_struct_pedestal/90664
ug_route/250142,OSP:BUSP:C642173,st_struct_pedestal/92123,st_struct_pedestal/92846
ug_route/250143,OSP:BUSP:C640083,st_struct_pedestal/94031,st_struct_pedestal/90697
ug_route/250144,OSP:BUSP:C648586,st_struct_pedestal/91654,st_struct_pedestal/93227
ug_route/250145,OSP:BUSP:C655402,st_struct_pedestal/94052,st_struct_pedestal/90680
ug_route/250146,OSP:BUSP:C641856,st_struct_pedestal/93674,st_struct_pedestal/93442
ug_route/250147,OSP:BUSP:C654827,st_struct_pedestal/91902,st_struct_pedestal/90653
ug_route/250148,OSP:BUSP:C655024,st_struct_pedestal/90933,st_struct_pedestal/90685
ug_route/250149,OSP:BUSP:C640087,st_struct_pedestal/94031,st_struct_pedestal/90697
ug_route/250150,OSP:BUSP:C657152,st_struct_pedestal/91654,st_struct_pedestal/93227
ug_route/250151,OSP:BUSP:C654630,st_struct_pedestal/94259,building/66958
ug_route/250152,OSP:BUSP:C641416,st_struct_pedestal/93909,st_struct_pedestal/93320
ug_route/250153,OSP:BUSP:C658986,st_struct_pedestal/90835,st_struct_pedestal/90664
ug_route/250154,OSP:BUSP:C652758,st_struct_pedestal/91358,st_struct_pedestal/93091
ug_route/250155,OSP:BUSP:C671041,st_struct_pedestal/94023,building/67694
ug_route/250156,OSP:BUSP:C705051,st_struct_pedestal/92297,st_struct_pedestal/91207
ug_route/250157,OSP:BUSP:C705047,st_struct_pedestal/92297,st_struct_pedestal/91207
ug_route/250158,OSP:BUSP:C651104,mywcom_route_junction/27290,mywcom_route_junction/28027
ug_route/250159,OSP:BUSP:C647396,st_struct_pedestal/91840,st_struct_pedestal/90684
ug_route/250160,OSP:BUSP:C656482,st_struct_pedestal/92380,st_struct_pedestal/90830
ug_route/250161,OSP:BUSP:C656484,st_struct_pedestal/91220,st_struct_pedestal/92762
ug_route/250162,OSP:BUSP:C645904,st_struct_pedestal/91059,st_struct_pedestal/94238
ug_route/250163,OSP:BUSP:C707878,st_struct_pedestal/92380,st_struct_pedestal/90830
ug_route/250164,OSP:BUSP:C658724,st_struct_pedestal/92020,building/67165
ug_route/250165,OSP:BUSP:C641788,st_struct_pedestal/90946,st_struct_pedestal/93370
ug_route/250166,OSP:BUSP:C668006,mywcom_route_junction/28227,mywcom_route_junction/27652
ug_route/250167,OSP:BUSP:C641760,st_struct_pedestal/90946,st_struct_pedestal/93370
ug_route/250168,OSP:BUSP:C653007,st_struct_pedestal/92022,st_struct_pedestal/92036
ug_route/250169,OSP:BUSP:C647947,st_struct_pedestal/92086,st_struct_pedestal/90682
ug_route/250170,OSP:BUSP:C649022,st_struct_pedestal/93309,building/68119
ug_route/250171,OSP:BUSP:C653153,st_struct_pedestal/93210,st_struct_pedestal/92728
ug_route/250172,OSP:BUSP:C652635,st_struct_pedestal/91781,st_struct_pedestal/91149
ug_route/250173,OSP:BUSP:C644364,st_struct_pedestal/92832,st_struct_pedestal/91115
ug_route/250174,OSP:BUSP:C653169,st_struct_pedestal/91781,st_struct_pedestal/91149
ug_route/250175,OSP:BUSP:C661053,st_struct_pedestal/93868,st_struct_pedestal/91976
ug_route/250176,OSP:BUSP:C661067,st_struct_pedestal/93868,st_struct_pedestal/91976
ug_route/250177,OSP:BUSP:C661025,st_struct_pedestal/92498,st_struct_pedestal/93459
ug_route/250178,OSP:BUSP:C681437,st_struct_pedestal/90688,st_struct_pedestal/92342
ug_route/250179,OSP:BUSP:C651097,st_struct_pedestal/92301,st_struct_pedestal/91697
ug_route/250180,OSP:BUSP:C646364,st_struct_pedestal/92241,st_struct_pedestal/92389
ug_route/250181,OSP:BUSP:C652692,st_struct_pedestal/91004,st_struct_pedestal/91988
ug_route/250182,OSP:BUSP:C655151,building/67643,st_struct_pedestal/92956
ug_route/250183,OSP:BUSP:C641970,st_struct_pedestal/93740,st_struct_pedestal/92944
ug_route/250184,OSP:BUSP:C640410,st_struct_pedestal/94028,st_struct_pedestal/93200
ug_route/250185,OSP:BUSP:C652712,st_struct_pedestal/91004,st_struct_pedestal/91988
ug_route/250186,OSP:BUSP:C655183,st_struct_pedestal/92671,st_struct_pedestal/92966
ug_route/250187,OSP:BUSP:C646493,st_struct_pedestal/92241,st_struct_pedestal/92389
ug_route/250188,OSP:BUSP:C641588,st_struct_pedestal/91598,st_struct_pedestal/92609
ug_route/250189,OSP:BUSP:C650329,st_struct_pedestal/92514,st_struct_pedestal/92496
ug_route/250190,OSP:BUSP:C683150,st_struct_buried_splice_location/3933,st_struct_buried_splice_location/3981
ug_route/250191,OSP:BUSP:C641995,st_struct_pedestal/93740,st_struct_pedestal/92944
ug_route/250192,OSP:BUSP:C650333,st_struct_pedestal/92514,st_struct_pedestal/92496
ug_route/250193,OSP:BUSP:C645322,st_struct_pedestal/92053,st_struct_pedestal/90974
ug_route/250194,OSP:BUSP:C646048,st_struct_pedestal/92029,st_struct_pedestal/93425
ug_route/250195,OSP:BUSP:C650332,st_struct_pedestal/92514,st_struct_pedestal/92496
ug_route/250196,OSP:BUSP:C706652,st_struct_pedestal/92960,st_struct_pedestal/92939
ug_route/250197,OSP:BUSP:C640633,st_struct_pedestal/92837,st_struct_pedestal/92239
ug_route/250198,OSP:BUSP:C639459,st_struct_pedestal/91820,st_struct_pedestal/90849
ug_route/250199,OSP:BUSP:C641799,st_struct_pedestal/91598,st_struct_pedestal/92609
ug_route/250200,OSP:BUSP:C651027,st_struct_pedestal/94022,st_struct_pedestal/90750
ug_route/250201,OSP:BUSP:C646159,st_struct_pedestal/92029,st_struct_pedestal/93425
ug_route/250202,OSP:BUSP:C639464,st_struct_pedestal/91820,st_struct_pedestal/90849
ug_route/250203,OSP:BUSP:C651038,st_struct_pedestal/94022,st_struct_pedestal/90750
ug_route/250204,OSP:BUSP:C639701,st_struct_pedestal/92423,st_struct_pedestal/93316
ug_route/250205,OSP:BUSP:C648758,st_struct_pedestal/93126,st_struct_pedestal/91065
ug_route/250206,OSP:BUSP::7622213,st_struct_pedestal/94201,st_struct_pedestal/92395
ug_route/250207,OSP:BUSP:C648804,st_struct_pedestal/93126,st_struct_pedestal/91065
ug_route/250208,OSP:BUSP:C710216,st_struct_pedestal/92259,st_struct_buried_splice_location/3998
ug_route/250209,OSP:BUSP:C646070,st_struct_pedestal/90721,st_struct_pedestal/91305
ug_route/250210,OSP:BUSP:C640454,st_struct_pedestal/90892,st_struct_pedestal/93388
ug_route/250211,OSP:BUSP:C654720,st_struct_pedestal/90883,st_struct_pedestal/93202
ug_route/250212,OSP:BUSP:C645933,st_struct_pedestal/92736,st_struct_pedestal/91861
ug_route/250213,OSP:BUSP:C661097,st_struct_pedestal/92669,st_struct_buried_splice_location/3909
ug_route/250214,OSP:BUSP:C653075,st_struct_pedestal/92238,st_struct_pedestal/90570
ug_route/250215,OSP:BUSP::7611824,st_struct_pedestal/91111,st_struct_pedestal/94335
ug_route/250216,OSP:BUSP:C660583,st_struct_pedestal/94317,st_struct_pedestal/93756
ug_route/250217,OSP:BUSP:C653135,st_struct_pedestal/92238,st_struct_pedestal/90570
ug_route/250218,OSP:BUSP:C659275,st_struct_pedestal/93735,st_struct_pedestal/93112
ug_route/250219,OSP:BUSP:C661107,st_struct_pedestal/92669,st_struct_buried_splice_location/3991
ug_route/250220,OSP:BUSP:C640461,st_struct_pedestal/90892,st_struct_pedestal/93388
ug_route/250221,OSP:BUSP:C661224,st_struct_pedestal/91537,mywcom_route_junction/27226
ug_route/250222,OSP:BUSP:C647716,st_struct_pedestal/93094,st_struct_pedestal/93151
ug_route/250223,OSP:BUSP:C657940,st_struct_pedestal/90857,st_struct_pedestal/92285
ug_route/250224,OSP:BUSP:C658866,st_struct_pedestal/91363,st_struct_pedestal/92059
ug_route/250225,OSP:BUSP:C652021,st_struct_pedestal/91520,st_struct_pedestal/93315
ug_route/250226,OSP:BUSP:C641259,st_struct_pedestal/91155,st_struct_pedestal/92286
ug_route/250227,OSP:BUSP:C652019,st_struct_pedestal/91520,st_struct_pedestal/93315
ug_route/250228,OSP:BUSP:C639475,st_struct_pedestal/93805,st_struct_pedestal/93387
ug_route/250229,OSP:BUSP:C651620,st_struct_pedestal/90621,st_struct_pedestal/90691
ug_route/250230,OSP:BUSP:C644114,st_struct_pedestal/92453,st_struct_pedestal/93560
ug_route/250231,OSP:BUSP:C641559,st_struct_pedestal/91156,st_struct_pedestal/92439
ug_route/250232,OSP:BUSP:C657942,st_struct_pedestal/90857,st_struct_pedestal/92285
ug_route/250233,OSP:BUSP:C654530,st_struct_pedestal/91964,st_struct_pedestal/93475
ug_route/250234,OSP:BUSP:C659511,st_struct_pedestal/94123,st_struct_pedestal/92883
ug_route/250235,OSP:BUSP:C648355,st_struct_pedestal/93483,st_struct_pedestal/92626
ug_route/250236,OSP:BUSP:C644117,st_struct_pedestal/92453,st_struct_pedestal/93560
ug_route/250237,OSP:BUSP:C641273,st_struct_pedestal/91155,st_struct_pedestal/92286
ug_route/250238,OSP:BUSP:C665581,st_struct_pedestal/91786,st_struct_pedestal/93143
ug_route/250239,OSP:BUSP:C659518,st_struct_pedestal/94123,st_struct_pedestal/92883
ug_route/250240,OSP:BUSP:C708176,st_struct_pedestal/92760,st_struct_pedestal/92366
ug_route/250241,OSP:BUSP:C649681,st_struct_pedestal/93483,st_struct_pedestal/92626
ug_route/250242,OSP:BUSP:C708041,st_struct_pedestal/92267,st_struct_pedestal/91964
ug_route/250243,OSP:BUSP:C671146,st_struct_pedestal/91473,st_struct_pedestal/91035
ug_route/250244,OSP:BUSP:C665585,st_struct_pedestal/91786,st_struct_pedestal/93143
ug_route/250245,OSP:BUSP:C648065,st_struct_pedestal/92965,st_struct_pedestal/91847
ug_route/250246,OSP:BUSP:C705427,st_struct_pedestal/93602,st_struct_pedestal/93973
ug_route/250247,OSP:BUSP:C648197,st_struct_pedestal/92965,st_struct_pedestal/91847
ug_route/250248,OSP:BUSP:C705428,st_struct_pedestal/93602,st_struct_pedestal/93973
ug_route/250249,OSP:BUSP:C705429,st_struct_pedestal/93602,st_struct_pedestal/93973
ug_route/250250,OSP:BUSP:C709098,st_struct_pedestal/91963,st_struct_pedestal/91359
ug_route/250251,OSP:BUSP:C659755,st_struct_pedestal/93555,st_struct_pedestal/93431
ug_route/250252,OSP:BUSP:C660112,st_struct_pedestal/91565,st_struct_pedestal/92743
ug_route/250253,OSP:BUSP:C663206,st_struct_pedestal/93550,st_struct_pedestal/94331
ug_route/250254,OSP:BUSP:C705424,st_struct_pedestal/93602,st_struct_pedestal/93973
ug_route/250255,OSP:BUSP:C653002,st_struct_pedestal/90863,st_struct_pedestal/92022
ug_route/250256,OSP:BUSP:C652999,st_struct_pedestal/91973,st_struct_pedestal/90863
ug_route/250257,OSP:BUSP:C646383,st_struct_pedestal/92389,st_struct_pedestal/93681
ug_route/250258,OSP:BUSP:C708211,st_struct_pedestal/91832,st_struct_pedestal/94002
ug_route/250259,OSP:BUSP:C708210,st_struct_pedestal/91832,st_struct_pedestal/94002
ug_route/250260,OSP:BUSP:C646495,st_struct_pedestal/92389,st_struct_pedestal/93681
ug_route/250261,OSP:BUSP:C648038,st_struct_pedestal/93924,st_struct_pedestal/91660
ug_route/250262,OSP:BUSP:C650498,st_struct_pedestal/90659,st_struct_pedestal/92096
ug_route/250263,OSP:BUSP:C642087,st_struct_pedestal/94128,st_struct_pedestal/91517
ug_route/250264,OSP:BUSP:C657449,st_struct_pedestal/93555,st_struct_pedestal/93431
ug_route/250265,OSP:BUSP:C668200,st_struct_pedestal/93444,st_struct_pedestal/93597
ug_route/250266,OSP:BUSP:C659638,st_struct_pedestal/92918,st_struct_pedestal/91064
ug_route/250267,OSP:BUSP:C665667,st_struct_pedestal/93444,st_struct_pedestal/93926
ug_route/250268,OSP:BUSP:C706625,st_struct_pedestal/93046,st_struct_pedestal/94227
ug_route/250269,OSP:BUSP:C645375,st_struct_pedestal/91095,st_struct_pedestal/94175
ug_route/250270,OSP:BUSP:C660937,st_struct_pedestal/92655,st_struct_pedestal/91768
ug_route/250271,OSP:BUSP:C653277,st_struct_pedestal/92061,st_struct_pedestal/92368
ug_route/250272,OSP:BUSP:C650409,st_struct_pedestal/92206,st_struct_pedestal/93683
ug_route/250273,OSP:BUSP:C660989,st_struct_pedestal/92655,st_struct_pedestal/91768
ug_route/250274,OSP:BUSP:C660177,st_struct_pedestal/91565,st_struct_pedestal/92743
ug_route/250275,OSP:BUSP:C637456,st_struct_pedestal/91834,st_struct_pedestal/92753
ug_route/250276,OSP:BUSP:C660002,st_struct_pedestal/90834,building/68438
ug_route/250277,OSP:BUSP:C659642,st_struct_pedestal/92918,st_struct_pedestal/91064
ug_route/250278,OSP:BUSP:C710215,st_struct_pedestal/92259,st_struct_buried_splice_location/3941
ug_route/250279,OSP:BUSP:C652037,st_struct_pedestal/92792,st_struct_pedestal/92186
ug_route/250280,OSP:BUSP::7683748,st_struct_pedestal/91732,st_struct_pedestal/93066
ug_route/250281,OSP:BUSP:C647651,st_struct_pedestal/92480,st_struct_pedestal/93919
ug_route/250282,OSP:BUSP:C654640,st_struct_pedestal/93475,st_struct_pedestal/90883
ug_route/250283,OSP:BUSP:C653553,st_struct_pedestal/92954,st_struct_pedestal/90934
ug_route/250284,OSP:BUSP:C640754,st_struct_pedestal/92964,st_struct_pedestal/92039
ug_route/250285,OSP:BUSP::7611821,st_struct_pedestal/94339,st_struct_pedestal/94251
ug_route/250286,OSP:BUSP:C653150,st_struct_pedestal/93591,st_struct_pedestal/92217
ug_route/250287,OSP:BUSP:C640342,st_struct_pedestal/92463,st_struct_pedestal/91197
ug_route/250288,OSP:BUSP:C644130,st_struct_pedestal/92896,st_struct_pedestal/92493
ug_route/250289,OSP:BUSP:C643469,st_struct_pedestal/91152,st_struct_pedestal/93677
ug_route/250290,OSP:BUSP:C669807,st_struct_pedestal/93066,mywcom_route_junction/27806
ug_route/250291,OSP:BUSP:C656489,st_struct_pedestal/92953,mywcom_route_junction/27892
ug_route/250292,OSP:BUSP:C643835,st_struct_pedestal/93503,building/67500
ug_route/250293,OSP:BUSP:C650378,st_struct_pedestal/91908,st_struct_pedestal/91534
ug_route/250294,OSP:BUSP:C643847,st_struct_pedestal/91900,st_struct_pedestal/93212
ug_route/250295,OSP:BUSP:C643814,st_struct_pedestal/91900,st_struct_pedestal/93212
ug_route/250296,OSP:BUSP:C641480,st_struct_pedestal/93228,st_struct_pedestal/93593
ug_route/250297,OSP:BUSP:C641954,st_struct_pedestal/93228,st_struct_pedestal/93593
ug_route/250298,OSP:BUSP:C650427,st_struct_pedestal/91908,st_struct_pedestal/91534
ug_route/250299,OSP:BUSP:C659544,st_struct_pedestal/93432,st_struct_pedestal/93601
ug_route/250300,OSP:BUSP:C658750,st_struct_pedestal/92469,st_struct_pedestal/90554
ug_route/250301,OSP:BUSP:C637426,st_struct_pedestal/92162,st_struct_pedestal/94306
ug_route/250302,OSP:BUSP:C644021,st_struct_pedestal/92952,st_struct_pedestal/94250
ug_route/250303,OSP:BUSP:C646421,st_struct_pedestal/93921,st_struct_pedestal/91608
ug_route/250304,OSP:BUSP:C640965,st_struct_pedestal/93088,st_struct_pedestal/92735
ug_route/250305,OSP:BUSP:C657014,st_struct_pedestal/93720,st_struct_pedestal/91994
ug_route/250306,OSP:BUSP:C656524,st_struct_pedestal/90682,st_struct_pedestal/90827
ug_route/250307,OSP:BUSP:C646510,st_struct_pedestal/93921,st_struct_pedestal/91608
ug_route/250308,OSP:BUSP:C648747,st_struct_pedestal/92320,st_struct_pedestal/94136
ug_route/250309,OSP:BUSP:C658766,st_struct_pedestal/92469,st_struct_pedestal/90554
ug_route/250310,OSP:BUSP:C708212,st_struct_pedestal/92469,st_struct_pedestal/90554
ug_route/250311,OSP:BUSP:C648753,st_struct_pedestal/92320,st_struct_pedestal/94136
ug_route/250312,OSP:BUSP:C656140,st_struct_pedestal/91191,st_struct_pedestal/94307
ug_route/250313,OSP:BUSP:C654425,st_struct_pedestal/93915,st_struct_pedestal/91694
ug_route/250314,OSP:BUSP:C640970,st_struct_pedestal/92735,st_struct_pedestal/92951
ug_route/250315,OSP:BUSP:C653567,st_struct_pedestal/93975,st_struct_pedestal/93390
ug_route/250316,OSP:BUSP:C654448,st_struct_pedestal/93915,st_struct_pedestal/91694
ug_route/250317,OSP:BUSP:C654602,st_struct_pedestal/94069,st_struct_pedestal/94274
ug_route/250318,OSP:BUSP:C648142,st_struct_pedestal/94255,st_struct_pedestal/94211
ug_route/250319,OSP:BUSP:C654683,st_struct_pedestal/94069,st_struct_pedestal/94274
ug_route/250320,OSP:BUSP:C654451,st_struct_pedestal/93915,st_struct_pedestal/91694
ug_route/250321,OSP:BUSP:C660796,st_struct_pedestal/94148,st_struct_pedestal/93837
ug_route/250322,OSP:BUSP:C641555,st_struct_pedestal/92050,st_struct_pedestal/91156
ug_route/250323,OSP:BUSP:C657899,st_struct_pedestal/90857,st_struct_pedestal/92285
ug_route/250324,OSP:BUSP:C660828,st_struct_pedestal/90903,st_struct_pedestal/92533
ug_route/250325,OSP:BUSP:C654686,st_struct_pedestal/94069,st_struct_pedestal/94274
ug_route/250326,OSP:BUSP:C665710,st_struct_pedestal/91162,st_struct_pedestal/91071
ug_route/250327,OSP:BUSP:C648041,st_struct_pedestal/91660,st_struct_pedestal/94255
ug_route/250328,OSP:BUSP:C650534,st_struct_pedestal/90577,st_struct_pedestal/93686
ug_route/250329,OSP:BUSP:C644024,st_struct_pedestal/92952,st_struct_pedestal/94250
ug_route/250330,OSP:BUSP:C651224,st_struct_pedestal/90832,st_struct_pedestal/90941
ug_route/250331,OSP:BUSP:C656485,st_struct_pedestal/92953,building/67647
ug_route/250332,OSP:BUSP:C665712,st_struct_pedestal/91162,st_struct_pedestal/91071
ug_route/250333,OSP:BUSP:C708137,st_struct_pedestal/94119,st_struct_pedestal/94148
ug_route/250334,OSP:BUSP::12178793,st_struct_pedestal/93919,st_struct_pedestal/93687
ug_route/250335,OSP:BUSP:C642860,st_struct_pedestal/94228,st_struct_pedestal/93543
ug_route/250336,OSP:BUSP:C651343,st_struct_pedestal/92130,st_struct_pedestal/93515
ug_route/250337,OSP:BUSP:C640193,st_struct_pedestal/91061,st_struct_pedestal/90818
ug_route/250338,OSP:BUSP:C705156,st_struct_buried_splice_location/3986,building/67848
ug_route/250339,OSP:BUSP:C648527,st_struct_pedestal/91464,st_struct_pedestal/94062
ug_route/250340,OSP:BUSP:C660075,st_struct_pedestal/92624,st_struct_pedestal/92165
ug_route/250341,OSP:BUSP:C659572,st_struct_pedestal/93666,st_struct_pedestal/92990
ug_route/250342,OSP:BUSP:C660077,st_struct_pedestal/92165,st_struct_pedestal/92624
ug_route/250343,OSP:BUSP:C648539,st_struct_pedestal/91464,st_struct_pedestal/94062
ug_route/250344,OSP:BUSP:C639003,st_struct_pedestal/94193,st_struct_pedestal/92063
ug_route/250345,OSP:BUSP:C707561,st_struct_pedestal/92032,st_struct_pedestal/90657
ug_route/250346,OSP:BUSP:C656148,st_struct_pedestal/94307,st_struct_pedestal/90696
ug_route/250347,OSP:BUSP:C643211,st_struct_pedestal/92123,st_struct_pedestal/92030
ug_route/250348,OSP:BUSP:C658245,st_struct_pedestal/92785,st_struct_pedestal/91161
ug_route/250349,OSP:BUSP:C648064,st_struct_pedestal/94310,st_struct_pedestal/92965
ug_route/250350,OSP:BUSP:C639006,st_struct_pedestal/94193,st_struct_pedestal/92063
ug_route/250351,OSP:BUSP:C639585,st_struct_pedestal/93805,st_struct_pedestal/93847
ug_route/250352,OSP:BUSP:C643208,st_struct_pedestal/92123,st_struct_pedestal/92030
ug_route/250353,OSP:BUSP::8657430,st_struct_pedestal/92054,st_struct_pedestal/91971
ug_route/250354,OSP:BUSP:C658307,st_struct_pedestal/92785,st_struct_pedestal/91161
ug_route/250355,OSP:BUSP:C648195,st_struct_pedestal/94310,st_struct_pedestal/92965
ug_route/250356,OSP:BUSP:C642092,st_struct_pedestal/91517,st_struct_pedestal/91512
ug_route/250357,OSP:BUSP:C658758,st_struct_pedestal/91011,st_struct_pedestal/92140
ug_route/250358,OSP:BUSP:C648757,st_struct_pedestal/92523,st_struct_pedestal/93126
ug_route/250359,OSP:BUSP:C658772,st_struct_pedestal/91011,st_struct_pedestal/92140
ug_route/250360,OSP:BUSP:C665966,st_struct_pedestal/92732,st_struct_pedestal/91922
ug_route/250361,OSP:BUSP:C641429,st_struct_pedestal/91698,st_struct_pedestal/90567
ug_route/250362,OSP:BUSP:C641277,st_struct_pedestal/92749,st_struct_pedestal/90864
ug_route/250363,OSP:BUSP:C648803,st_struct_pedestal/92523,st_struct_pedestal/93126
ug_route/250364,OSP:BUSP:C649696,st_struct_pedestal/94248,st_struct_pedestal/93600
ug_route/250365,OSP:BUSP:C651213,st_struct_pedestal/92343,mywcom_route_junction/27399
ug_route/250366,OSP:BUSP:C641283,st_struct_pedestal/92749,st_struct_pedestal/90864
ug_route/250367,OSP:BUSP:C637439,st_struct_pedestal/91053,st_struct_pedestal/91903
ug_route/250368,OSP:BUSP:C650417,st_struct_pedestal/92229,st_struct_pedestal/92627
ug_route/250369,OSP:BUSP:C650527,st_struct_pedestal/94275,st_struct_pedestal/93567
ug_route/250370,OSP:BUSP:C710118,st_struct_pedestal/93090,building/68481
ug_route/250371,OSP:BUSP:C650491,st_struct_pedestal/90956,st_struct_pedestal/90659
ug_route/250372,OSP:BUSP::8607520,st_struct_buried_splice_location/3877,st_struct_pedestal/92121
ug_route/250373,OSP:BUSP:C659710,st_struct_pedestal/94252,st_struct_pedestal/94191
ug_route/250374,OSP:BUSP:C655395,st_struct_pedestal/92891,st_struct_pedestal/94052
ug_route/250375,OSP:BUSP:C657426,st_struct_pedestal/94252,st_struct_pedestal/94191
ug_route/250376,OSP:BUSP:C650414,st_struct_pedestal/94092,st_struct_pedestal/92849
ug_route/250377,OSP:BUSP:C650535,st_struct_pedestal/93686,st_struct_pedestal/90635
ug_route/250378,OSP:BUSP:C654803,st_struct_pedestal/92379,st_struct_pedestal/90831
ug_route/250379,OSP:BUSP:C665679,st_struct_pedestal/93597,st_struct_pedestal/91162
ug_route/250380,OSP:BUSP:C647684,st_struct_pedestal/93458,building/66505
ug_route/250381,OSP:BUSP:C665681,st_struct_pedestal/93597,st_struct_pedestal/91162
ug_route/250382,OSP:BUSP:C645879,st_struct_pedestal/91600,st_struct_pedestal/91059
ug_route/250383,OSP:BUSP:C658812,mywcom_route_junction/28158,mywcom_route_junction/27667
ug_route/250384,OSP:BUSP:C665682,st_struct_pedestal/93597,st_struct_pedestal/91162
ug_route/250385,OSP:BUSP:C658823,st_struct_pedestal/92553,building/68231
ug_route/250386,OSP:BUSP:C655416,st_struct_pedestal/92891,building/66264
ug_route/250387,OSP:BUSP:C651089,st_struct_pedestal/91569,st_struct_pedestal/94071
ug_route/250388,OSP:BUSP:C639056,st_struct_pedestal/92382,st_struct_pedestal/92089
ug_route/250389,OSP:BUSP:C637425,st_struct_pedestal/91903,st_struct_pedestal/92162
ug_route/250390,OSP:BUSP::8657432,st_struct_pedestal/91971,st_struct_pedestal/93688
ug_route/250391,OSP:BUSP::13453063,st_struct_pedestal/92642,st_struct_pedestal/92971
ug_route/250392,OSP:BUSP:C708154,st_struct_pedestal/92366,st_struct_pedestal/94288
ug_route/250393,OSP:BUSP:C648044,st_struct_pedestal/94255,st_struct_pedestal/91716
ug_route/250394,OSP:BUSP:C637440,st_struct_pedestal/91903,st_struct_pedestal/92162
ug_route/250395,OSP:BUSP:C648160,st_struct_pedestal/94255,st_struct_pedestal/91716
ug_route/250396,OSP:BUSP:C656986,st_struct_pedestal/93606,st_struct_pedestal/92462
ug_route/250397,OSP:BUSP:C639588,st_struct_pedestal/93847,building/68425
ug_route/250398,OSP:BUSP::8501586,st_struct_pedestal/91589,st_struct_pedestal/93226
ug_route/250399,OSP:BUSP:C665937,st_struct_pedestal/92268,st_struct_pedestal/92997
ug_route/250400,OSP:BUSP:C659569,st_struct_pedestal/92990,st_struct_pedestal/92269
ug_route/250401,OSP:BUSP:C645277,st_struct_pedestal/91095,st_struct_pedestal/92053
ug_route/250402,OSP:BUSP:C658802,st_struct_pedestal/93362,st_struct_pedestal/92148
ug_route/250403,OSP:BUSP:C640297,st_struct_pedestal/90999,st_struct_pedestal/92839
ug_route/250404,OSP:BUSP:C669945,st_struct_pedestal/92259,st_struct_buried_splice_location/3998
ug_route/250405,OSP:BUSP:C640128,st_struct_pedestal/91009,st_struct_pedestal/92264
ug_route/250406,OSP:BUSP:C642320,st_struct_pedestal/91528,st_struct_pedestal/91598
ug_route/250407,OSP:BUSP:C642162,st_struct_pedestal/91318,st_struct_pedestal/92123
ug_route/250408,OSP:BUSP:C648523,st_struct_pedestal/93276,st_struct_pedestal/92967
ug_route/250409,OSP:BUSP:C640132,st_struct_pedestal/91009,st_struct_pedestal/92264
ug_route/250410,OSP:BUSP:C642232,st_struct_pedestal/91318,st_struct_pedestal/92123
ug_route/250411,OSP:BUSP:C642337,st_struct_pedestal/91528,st_struct_pedestal/91598
ug_route/250412,OSP:BUSP:C661018,st_struct_pedestal/93459,st_struct_pedestal/91832
ug_route/250413,OSP:BUSP:C640076,st_struct_pedestal/92163,st_struct_pedestal/94031
ug_route/250414,OSP:BUSP:C641304,st_struct_pedestal/92749,st_struct_pedestal/94233
ug_route/250415,OSP:BUSP:C641938,st_struct_pedestal/94128,st_struct_pedestal/93497
ug_route/250416,OSP:BUSP:C668288,st_struct_pedestal/93459,st_struct_pedestal/91832
ug_route/250417,OSP:BUSP:C640080,st_struct_pedestal/92163,st_struct_pedestal/94031
ug_route/250418,OSP:BUSP:C644005,st_struct_pedestal/92050,st_struct_pedestal/92952
ug_route/250419,OSP:BUSP:C644000,st_struct_pedestal/92050,st_struct_pedestal/92952
ug_route/250420,OSP:BUSP:C637424,st_struct_pedestal/91053,st_struct_pedestal/91903
ug_route/250421,OSP:BUSP:C642038,st_struct_pedestal/94128,st_struct_pedestal/93497
ug_route/250422,OSP:BUSP:C652716,st_struct_pedestal/92158,st_struct_pedestal/91781
ug_route/250423,OSP:BUSP:C641330,st_struct_pedestal/92749,st_struct_pedestal/94233
ug_route/250424,OSP:BUSP:C652536,st_struct_pedestal/92158,st_struct_pedestal/91781
ug_route/250425,OSP:BUSP:C653152,st_struct_pedestal/91897,st_struct_pedestal/93210
ug_route/250426,OSP:BUSP:C704789,st_struct_pedestal/92944,st_struct_pedestal/92154
ug_route/250427,OSP:BUSP:C665656,st_struct_pedestal/93444,st_struct_pedestal/93597
ug_route/250428,OSP:BUSP:C704790,st_struct_pedestal/92944,st_struct_pedestal/92154
ug_route/250429,OSP:BUSP:C682231,st_struct_pedestal/91181,st_struct_pedestal/90590
ug_route/250430,OSP:BUSP:C653167,st_struct_pedestal/92158,st_struct_pedestal/91781
ug_route/250431,OSP:BUSP:C640170,st_struct_pedestal/90764,st_struct_pedestal/91061
ug_route/250432,OSP:BUSP:C704809,st_struct_pedestal/94035,st_struct_pedestal/92406
ug_route/250433,OSP:BUSP:C659754,st_struct_pedestal/93209,st_struct_pedestal/93555
ug_route/250434,OSP:BUSP:C669150,st_struct_pedestal/93392,st_struct_pedestal/93354
ug_route/250435,OSP:BUSP:C657447,st_struct_pedestal/93209,st_struct_pedestal/93555
ug_route/250436,OSP:BUSP:C641553,st_struct_pedestal/92729,st_struct_buried_splice_location/3908
ug_route/250437,OSP:BUSP:C708247,st_struct_pedestal/93392,st_struct_pedestal/93354
ug_route/250438,OSP:BUSP:C637410,st_struct_pedestal/91609,st_struct_pedestal/93562
ug_route/250439,OSP:BUSP:C682236,st_struct_pedestal/91181,st_struct_pedestal/90590
ug_route/250440,OSP:BUSP:C665502,st_struct_pedestal/93734,st_struct_pedestal/93568
ug_route/250441,OSP:BUSP:C669166,st_struct_pedestal/93392,st_struct_pedestal/93354
ug_route/250442,OSP:BUSP:C707047,st_struct_pedestal/91484,mywcom_route_junction/28030
ug_route/250443,OSP:BUSP:C648594,st_struct_pedestal/94063,st_struct_pedestal/92621
ug_route/250444,OSP:BUSP:C665504,st_struct_pedestal/93734,st_struct_pedestal/93568
ug_route/250445,OSP:BUSP:C707049,st_struct_pedestal/91484,st_struct_pedestal/90607
ug_route/250446,OSP:BUSP:C681435,st_struct_pedestal/92342,st_struct_pedestal/92540
ug_route/250447,OSP:BUSP:C706618,st_struct_pedestal/91344,st_struct_pedestal/93046
ug_route/250448,OSP:BUSP:C710178,st_struct_pedestal/91852,st_struct_pedestal/91276
ug_route/250449,OSP:BUSP:C640596,st_struct_pedestal/92964,mywcom_route_junction/28170
ug_route/250450,OSP:BUSP:C669152,st_struct_pedestal/93354,st_struct_pedestal/92684
ug_route/250451,OSP:BUSP:C639458,st_struct_pedestal/93803,st_struct_pedestal/91820
ug_route/250452,OSP:BUSP:C639463,st_struct_pedestal/93803,st_struct_pedestal/91820
ug_route/250453,OSP:BUSP:C645916,st_struct_pedestal/94238,st_struct_pedestal/92789
ug_route/250454,OSP:BUSP:C669159,st_struct_pedestal/93354,st_struct_pedestal/92684
ug_route/250455,OSP:BUSP:C639680,st_struct_pedestal/93803,st_struct_pedestal/92423
ug_route/250456,OSP:BUSP:C642203,st_struct_pedestal/92846,st_struct_pedestal/92616
ug_route/250457,OSP:BUSP:C665726,mywcom_route_junction/28094,mywcom_route_junction/27506
ug_route/250458,OSP:BUSP:C638831,st_struct_pedestal/91198,st_struct_pedestal/91647
ug_route/250459,OSP:BUSP:C669173,st_struct_pedestal/93354,st_struct_pedestal/92684
ug_route/250460,OSP:BUSP:C642237,st_struct_pedestal/92846,st_struct_pedestal/92616
ug_route/250461,OSP:BUSP:C639721,st_struct_pedestal/93561,st_struct_pedestal/90824
ug_route/250462,OSP:BUSP:C648027,st_struct_pedestal/92625,st_struct_buried_splice_location/3957
ug_route/250463,OSP:BUSP:C648095,st_struct_pedestal/92625,st_struct_buried_splice_location/3864
ug_route/250464,OSP:BUSP:C641694,st_struct_pedestal/90569,st_struct_pedestal/91417
ug_route/250465,OSP:BUSP:C639726,st_struct_pedestal/93561,st_struct_pedestal/90824
ug_route/250466,OSP:BUSP:C654957,st_struct_pedestal/92725,st_struct_pedestal/93549
ug_route/250467,OSP:BUSP:C641727,st_struct_pedestal/90569,st_struct_pedestal/91417
ug_route/250468,OSP:BUSP:C646389,st_struct_pedestal/93681,st_struct_pedestal/94038
ug_route/250469,OSP:BUSP:C653177,st_struct_pedestal/92728,st_struct_pedestal/90832
ug_route/250470,OSP:BUSP:C646497,st_struct_pedestal/93681,st_struct_pedestal/94038
ug_route/250471,OSP:BUSP:C707051,st_struct_pedestal/92628,st_struct_pedestal/90607
ug_route/250472,OSP:BUSP:C681671,st_struct_pedestal/93075,st_struct_pedestal/93642
ug_route/250473,OSP:BUSP:C654960,st_struct_pedestal/90685,st_struct_pedestal/91357
ug_route/250474,OSP:BUSP:C639698,st_struct_pedestal/93803,st_struct_pedestal/92423
ug_route/250475,OSP:BUSP::12769397,st_struct_pedestal/92704,st_struct_pedestal/91248
ug_route/250476,OSP:BUSP:C654963,st_struct_pedestal/90685,st_struct_pedestal/91357
ug_route/250477,OSP:BUSP:C681673,st_struct_pedestal/93075,st_struct_pedestal/93642
ug_route/250478,OSP:BUSP:C656947,st_struct_pedestal/92776,st_struct_pedestal/93707
ug_route/250479,OSP:BUSP:C658749,st_struct_pedestal/92914,st_struct_pedestal/92469
ug_route/250480,OSP:BUSP:C658767,st_struct_pedestal/92914,st_struct_pedestal/92469
ug_route/250481,OSP:BUSP:C658762,st_struct_pedestal/92914,st_struct_pedestal/92469
ug_route/250482,OSP:BUSP:C669806,st_struct_pedestal/93066,st_struct_buried_splice_location/3983
ug_route/250483,OSP:BUSP:C647211,st_struct_pedestal/93151,st_struct_pedestal/91893
ug_route/250484,OSP:BUSP:C640100,st_struct_pedestal/90697,st_struct_pedestal/91009
ug_route/250485,OSP:BUSP:C641254,st_struct_pedestal/94021,st_struct_pedestal/91155
ug_route/250486,OSP:BUSP:C639318,st_struct_pedestal/93434,building/66679
ug_route/250487,OSP:BUSP:C641268,st_struct_pedestal/94021,st_struct_pedestal/91155
ug_route/250488,OSP:BUSP:C706619,st_struct_pedestal/91344,st_struct_pedestal/93046
ug_route/250489,OSP:BUSP:C640107,st_struct_pedestal/90697,st_struct_pedestal/91009
ug_route/250490,OSP:BUSP:C641672,st_struct_pedestal/90693,st_struct_pedestal/90569
ug_route/250491,OSP:BUSP:C655037,st_struct_pedestal/91149,st_struct_pedestal/90685
ug_route/250492,OSP:BUSP:C655040,st_struct_pedestal/92728,st_struct_pedestal/92725
ug_route/250493,OSP:BUSP:C641270,st_struct_pedestal/94021,st_struct_pedestal/91155
ug_route/250494,OSP:BUSP:C648581,st_struct_pedestal/93703,st_struct_pedestal/91654
ug_route/250495,OSP:BUSP:C661237,mywcom_route_junction/27246,mywcom_route_junction/27647
ug_route/250496,OSP:BUSP:C639476,st_struct_pedestal/93387,st_struct_pedestal/94089
ug_route/250497,OSP:BUSP:C645818,st_struct_pedestal/91779,st_struct_pedestal/92025
ug_route/250498,OSP:BUSP:C641681,st_struct_pedestal/90693,st_struct_pedestal/90569
ug_route/250499,OSP:BUSP:C655044,st_struct_pedestal/91149,st_struct_pedestal/90685
ug_route/250500,OSP:BUSP:C650416,st_struct_pedestal/92849,st_struct_pedestal/92229
ug_route/250501,OSP:BUSP::7611813,st_struct_pedestal/94341,st_struct_pedestal/91197
ug_route/250502,OSP:BUSP:C656537,st_struct_pedestal/94069,st_struct_pedestal/91694
ug_route/250503,OSP:BUSP:C666837,mywcom_route_junction/27246,mywcom_route_junction/27647
ug_route/250504,OSP:BUSP:C641207,st_struct_pedestal/93150,st_struct_pedestal/91125
ug_route/250505,OSP:BUSP:C656532,st_struct_pedestal/94069,st_struct_pedestal/91694
ug_route/250506,OSP:BUSP:C656534,st_struct_pedestal/94069,st_struct_pedestal/91694
ug_route/250507,OSP:BUSP:C707943,st_struct_pedestal/93908,st_struct_pedestal/92262
ug_route/250508,OSP:BUSP:C648585,st_struct_pedestal/93703,st_struct_pedestal/91654
ug_route/250509,OSP:BUSP:C653099,st_struct_pedestal/92033,st_struct_pedestal/91554
ug_route/250510,OSP:BUSP:C656964,st_struct_pedestal/93382,st_struct_pedestal/90669
ug_route/250511,OSP:BUSP:C653095,st_struct_pedestal/91128,st_struct_pedestal/92033
ug_route/250512,OSP:BUSP:C641811,st_struct_pedestal/91900,st_struct_pedestal/92660
ug_route/250513,OSP:BUSP:C651322,st_struct_pedestal/92769,building/68649
ug_route/250514,OSP:BUSP:C653096,st_struct_pedestal/91128,st_struct_pedestal/92033
ug_route/250515,OSP:BUSP:C706060,st_struct_pedestal/92384,building/67321
ug_route/250516,OSP:BUSP:C708169,st_struct_pedestal/90834,building/68438
ug_route/250517,OSP:BUSP:C650526,st_struct_pedestal/91024,st_struct_pedestal/94275
ug_route/250518,OSP:BUSP:C671062,st_struct_pedestal/91527,st_struct_pedestal/93344
ug_route/250519,OSP:BUSP:C657514,st_struct_pedestal/93431,st_struct_pedestal/94240
ug_route/250520,OSP:BUSP:C654855,mywcom_route_junction/27572,st_struct_pedestal/90653
ug_route/250521,OSP:BUSP:C653141,st_struct_pedestal/92217,st_struct_pedestal/94125
ug_route/250522,OSP:BUSP:C641600,st_struct_pedestal/93914,st_struct_pedestal/93207
ug_route/250523,OSP:BUSP:C658579,st_struct_pedestal/90565,st_struct_pedestal/92731
ug_route/250524,OSP:BUSP:C641847,st_struct_pedestal/93914,st_struct_pedestal/93207
ug_route/250525,OSP:BUSP:C650413,st_struct_pedestal/93683,st_struct_pedestal/94092
ug_route/250526,OSP:BUSP:C658432,st_struct_pedestal/93231,st_struct_pedestal/93588
ug_route/250527,OSP:BUSP:C641262,st_struct_pedestal/92286,st_struct_pedestal/92749
ug_route/250528,OSP:BUSP:C656404,st_struct_pedestal/92890,st_struct_pedestal/93668
ug_route/250529,OSP:BUSP:C651988,st_struct_pedestal/91648,building/66112
ug_route/250530,OSP:BUSP:C659984,st_struct_pedestal/92882,st_struct_pedestal/94319
ug_route/250531,OSP:BUSP:C640423,st_struct_pedestal/93200,st_struct_pedestal/90892
ug_route/250532,OSP:BUSP:C640869,mywcom_route_junction/27489,mywcom_route_junction/27684
ug_route/250533,OSP:BUSP:C641276,st_struct_pedestal/92286,st_struct_pedestal/92749
ug_route/250534,OSP:BUSP:C653558,st_struct_pedestal/90934,st_struct_pedestal/93975
ug_route/250535,OSP:BUSP:C654655,st_struct_pedestal/93093,st_struct_pedestal/92845
ug_route/250536,OSP:BUSP:C637404,st_struct_pedestal/92489,st_struct_pedestal/91609
ug_route/250537,OSP:BUSP:C646503,st_struct_pedestal/93814,st_struct_pedestal/93859
ug_route/250538,OSP:BUSP:C646413,st_struct_pedestal/93814,st_struct_pedestal/93859
ug_route/250539,OSP:BUSP:C655166,st_struct_pedestal/91513,st_struct_pedestal/93512
ug_route/250540,OSP:BUSP:C639316,st_struct_pedestal/93663,st_struct_pedestal/93434
ug_route/250541,OSP:BUSP:C639319,st_struct_pedestal/93663,st_struct_pedestal/93434
ug_route/250542,OSP:BUSP:C654659,st_struct_pedestal/93093,st_struct_pedestal/92845
ug_route/250543,OSP:BUSP:C656859,st_struct_pedestal/92559,st_struct_pedestal/91310
ug_route/250544,OSP:BUSP:C655149,st_struct_pedestal/91475,st_struct_pedestal/93798
ug_route/250545,OSP:BUSP::9195683,st_struct_pedestal/92090,building/66725
ug_route/250546,OSP:BUSP:C655332,st_struct_pedestal/90865,st_struct_pedestal/91720
ug_route/250547,OSP:BUSP::7611814,st_struct_pedestal/94338,st_struct_pedestal/91771
ug_route/250548,OSP:BUSP:C668991,st_struct_pedestal/94194,st_struct_pedestal/92121
ug_route/250549,OSP:BUSP:C657572,st_struct_pedestal/92992,st_struct_pedestal/92949
ug_route/250550,OSP:BUSP:C654620,st_struct_pedestal/92670,st_struct_pedestal/92766
ug_route/250551,OSP:BUSP::8607511,st_struct_pedestal/91127,st_struct_pedestal/91527
ug_route/250552,OSP:BUSP:C639310,st_struct_pedestal/93436,building/66179
ug_route/250553,OSP:BUSP:C656466,st_struct_pedestal/91459,st_struct_pedestal/90900
ug_route/250554,OSP:BUSP:C656458,st_struct_pedestal/91459,st_struct_pedestal/90900
ug_route/250555,OSP:BUSP:C641766,st_struct_pedestal/93370,st_struct_pedestal/93211
ug_route/250556,OSP:BUSP:C663673,st_struct_pedestal/90592,st_struct_pedestal/92723
ug_route/250557,OSP:BUSP:C658509,st_struct_pedestal/91767,st_struct_pedestal/91045
ug_route/250558,OSP:BUSP:C641789,st_struct_pedestal/93370,st_struct_pedestal/93211
ug_route/250559,OSP:BUSP:C648352,st_struct_pedestal/91661,st_struct_pedestal/91322
ug_route/250560,OSP:BUSP:C659708,st_struct_pedestal/91056,st_struct_pedestal/94252
ug_route/250561,OSP:BUSP:C657420,st_struct_pedestal/91056,st_struct_pedestal/94252
ug_route/250562,OSP:BUSP:C659980,mywcom_route_junction/28012,mywcom_route_junction/27955
ug_route/250563,OSP:BUSP:C708235,st_struct_pedestal/92059,st_struct_pedestal/90814
ug_route/250564,OSP:BUSP:C656693,st_struct_pedestal/93736,st_struct_pedestal/93799
ug_route/250565,OSP:BUSP:C647188,st_struct_pedestal/91025,st_struct_pedestal/92681
ug_route/250566,OSP:BUSP:C652695,st_struct_pedestal/91988,st_struct_pedestal/92371
ug_route/250567,OSP:BUSP:C652714,st_struct_pedestal/91988,st_struct_pedestal/92371
ug_route/250568,OSP:BUSP:C649674,st_struct_pedestal/91661,st_struct_pedestal/91322
ug_route/250569,OSP:BUSP:C659660,st_struct_pedestal/91568,st_struct_pedestal/92482
ug_route/250570,OSP:BUSP:C652022,st_struct_pedestal/93315,st_struct_pedestal/91519
ug_route/250571,OSP:BUSP:C656877,st_struct_pedestal/92220,st_struct_pedestal/91310
ug_route/250572,OSP:BUSP:C647860,st_struct_pedestal/90732,st_struct_pedestal/92157
ug_route/250573,OSP:BUSP:C652023,st_struct_pedestal/93315,st_struct_pedestal/91519
ug_route/250574,OSP:BUSP:C651303,mywcom_route_junction/27588,mywcom_route_junction/27812
ug_route/250575,OSP:BUSP:C647630,st_struct_pedestal/90909,st_struct_pedestal/94281
ug_route/250576,OSP:BUSP:C663674,st_struct_pedestal/90592,st_struct_pedestal/91784
ug_route/250577,OSP:BUSP:C647162,st_struct_pedestal/91003,st_struct_pedestal/93439
ug_route/250578,OSP:BUSP:C654891,mywcom_route_junction/27683,mywcom_route_junction/28126
ug_route/250579,OSP:BUSP:C656701,st_struct_pedestal/93799,st_struct_pedestal/91229
ug_route/250580,OSP:BUSP::7611819,st_struct_pedestal/93086,mywcom_route_junction/28232
ug_route/250581,OSP:BUSP:C706058,st_struct_pedestal/92384,building/67100
ug_route/250582,OSP:BUSP:C655250,mywcom_route_junction/28142,mywcom_route_junction/27644
ug_route/250583,OSP:BUSP:C655303,st_struct_pedestal/93607,st_struct_pedestal/90862
ug_route/250584,OSP:BUSP:C652721,st_struct_pedestal/91781,st_struct_pedestal/90933
ug_route/250585,OSP:BUSP:C650640,st_struct_pedestal/92513,st_struct_pedestal/92740
ug_route/250586,OSP:BUSP:C650635,st_struct_pedestal/92513,st_struct_pedestal/92740
ug_route/250587,OSP:BUSP:C655348,st_struct_pedestal/93607,st_struct_pedestal/90862
ug_route/250588,OSP:BUSP::9195680,st_struct_pedestal/92090,st_struct_pedestal/92529
ug_route/250589,OSP:BUSP:C644280,st_struct_pedestal/92531,st_struct_pedestal/92087
ug_route/250590,OSP:BUSP:C644385,st_struct_pedestal/92531,st_struct_pedestal/92087
ug_route/250591,OSP:BUSP:C648785,st_struct_pedestal/91065,st_struct_pedestal/91163
ug_route/250592,OSP:BUSP:C656640,st_struct_pedestal/92661,st_struct_pedestal/93453
ug_route/250593,OSP:BUSP:C639709,st_struct_pedestal/92163,st_struct_pedestal/93561
ug_route/250594,OSP:BUSP:C648805,st_struct_pedestal/91065,st_struct_pedestal/91163
ug_route/250595,OSP:BUSP:C656581,building/68608,st_struct_pedestal/91972
ug_route/250596,OSP:BUSP:C707937,st_struct_pedestal/94303,st_struct_pedestal/93356
ug_route/250597,OSP:BUSP:C645927,st_struct_pedestal/92789,st_struct_pedestal/92736
ug_route/250598,OSP:BUSP:C639710,st_struct_pedestal/92163,st_struct_pedestal/93561
ug_route/250599,OSP:BUSP::7913443,pole/53885,st_struct_pedestal/92575
ug_route/250600,OSP:BUSP:C681720,st_struct_pedestal/93792,st_struct_pedestal/94170
ug_route/250601,OSP:BUSP:C681975,st_struct_pedestal/93792,st_struct_pedestal/94170
ug_route/250602,OSP:BUSP:C682166,st_struct_pedestal/92483,st_struct_pedestal/93585
ug_route/250603,OSP:BUSP:C708294,st_struct_pedestal/92685,st_struct_pedestal/93563
ug_route/250604,OSP:BUSP:C707492,mywcom_route_junction/27492,st_struct_pedestal/90890
ug_route/250605,OSP:BUSP:C665933,st_struct_pedestal/90831,st_struct_pedestal/92268
ug_route/250606,OSP:BUSP:C651188,st_struct_pedestal/90691,st_struct_pedestal/90776
ug_route/250607,OSP:BUSP:C651160,st_struct_pedestal/90953,st_struct_pedestal/92343
ug_route/250608,OSP:BUSP:C647890,st_struct_pedestal/90732,st_struct_pedestal/92263
ug_route/250609,OSP:BUSP:C641570,st_struct_pedestal/92729,st_struct_pedestal/92381
ug_route/250610,OSP:BUSP:C657595,st_struct_pedestal/92600,st_struct_pedestal/91640
ug_route/250611,OSP:BUSP:C657596,st_struct_pedestal/92600,st_struct_pedestal/91640
ug_route/250612,OSP:BUSP::17032286,st_struct_pedestal/92998,mywcom_route_junction/27955
ug_route/250613,OSP:BUSP:C654069,st_struct_pedestal/91235,building/67174
ug_route/250614,OSP:BUSP:C654065,st_struct_pedestal/91235,building/67174
ug_route/250615,OSP:BUSP:C656054,st_struct_pedestal/92652,building/67327
ug_route/250616,OSP:BUSP:C650364,st_struct_pedestal/92764,st_struct_pedestal/92043
ug_route/250617,OSP:BUSP:C651100,st_struct_pedestal/91697,st_struct_pedestal/92073
ug_route/250618,OSP:BUSP:C668673,st_struct_pedestal/93125,st_struct_pedestal/93885
ug_route/250619,OSP:BUSP:C660837,st_struct_pedestal/93715,st_struct_pedestal/91049
ug_route/250620,OSP:BUSP:C650371,st_struct_pedestal/92764,st_struct_pedestal/92043
ug_route/250621,OSP:BUSP:C651088,st_struct_pedestal/93176,st_struct_pedestal/93275
ug_route/250622,OSP:BUSP:C658580,st_struct_pedestal/92731,st_struct_pedestal/91518
ug_route/250623,OSP:BUSP:C665621,st_struct_pedestal/93143,st_struct_pedestal/91230
ug_route/250624,OSP:BUSP:C665586,st_struct_pedestal/93143,st_struct_pedestal/91230
ug_route/250625,OSP:BUSP:C656510,st_struct_pedestal/92606,st_struct_pedestal/91646
ug_route/250626,OSP:BUSP:C656897,st_struct_pedestal/92372,building/66885
ug_route/250627,OSP:BUSP:C710064,mywcom_route_junction/27575,mywcom_route_junction/27956
ug_route/250628,OSP:BUSP:C652756,st_struct_pedestal/91051,st_struct_pedestal/91358
ug_route/250629,OSP:BUSP:C659774,st_struct_buried_splice_location/3884,st_struct_pedestal/90769
ug_route/250630,OSP:BUSP:C657450,st_struct_pedestal/93431,st_struct_pedestal/93427
ug_route/250631,OSP:BUSP:C655169,st_struct_pedestal/93798,st_struct_pedestal/93512
ug_route/250632,OSP:BUSP:C657460,st_struct_pedestal/93431,st_struct_pedestal/93427
ug_route/250633,OSP:BUSP:C656629,mywcom_route_junction/27578,st_struct_pedestal/94132
ug_route/250634,OSP:BUSP:C704880,st_struct_pedestal/91940,st_struct_pedestal/92896
ug_route/250635,OSP:BUSP:C641317,st_struct_pedestal/92598,st_struct_pedestal/94019
ug_route/250636,OSP:BUSP:C709969,mywcom_route_junction/27935,mywcom_route_junction/28029
ug_route/250637,OSP:BUSP:C653798,st_struct_pedestal/92219,building/68000
ug_route/250638,OSP:BUSP:C654770,st_struct_pedestal/93202,st_struct_pedestal/91414
ug_route/250639,OSP:BUSP:C650351,st_struct_pedestal/92496,st_struct_pedestal/91907
ug_route/250640,OSP:BUSP:C710047,st_struct_pedestal/90681,st_struct_pedestal/92104
ug_route/250641,OSP:FBSP::12937213,building/68753,st_struct_pedestal/91960
ug_route/250642,OSP:BUSP:C640774,st_struct_pedestal/92039,st_struct_pedestal/91863
ug_route/250643,OSP:BUSP:C668823,st_struct_buried_splice_location/3876,st_struct_buried_splice_location/3879
ug_route/250644,OSP:BUSP:C709808,mywcom_route_junction/27639,st_struct_pedestal/93776
ug_route/250645,OSP:BUSP:C653322,st_struct_pedestal/92033,mywcom_route_junction/27921
ug_route/250646,OSP:BUSP:C659556,st_struct_pedestal/93773,st_struct_pedestal/92107
ug_route/250647,OSP:BUSP:C652030,st_struct_pedestal/93315,building/66297
ug_route/250648,OSP:BUSP:C660861,st_struct_pedestal/91213,st_struct_pedestal/94263
ug_route/250649,OSP:BUSP:C660885,st_struct_pedestal/91213,st_struct_pedestal/94263
ug_route/250650,OSP:BUSP:C651389,st_struct_pedestal/93369,building/68118
ug_route/250651,OSP:BUSP:C660924,st_struct_pedestal/93784,st_struct_pedestal/92222
ug_route/250652,OSP:BUSP::12474359,st_struct_pedestal/94337,st_struct_pedestal/92027
ug_route/250653,OSP:BUSP:C648082,st_struct_pedestal/93566,st_struct_pedestal/91337
ug_route/250654,OSP:BUSP:C644373,st_struct_pedestal/91977,st_struct_pedestal/91115
ug_route/250655,OSP:BUSP:C657438,st_struct_pedestal/92270,building/67598
ug_route/250656,OSP:BUSP:C652802,st_struct_pedestal/92767,building/66791
ug_route/250657,OSP:BUSP:C641564,st_struct_pedestal/92406,st_struct_pedestal/93670
ug_route/250658,OSP:BUSP:C708300,st_struct_pedestal/93009,st_struct_pedestal/94074
ug_route/250659,OSP:BUSP:C642359,st_struct_pedestal/90771,st_struct_pedestal/90561
ug_route/250660,OSP:BUSP:C651165,st_struct_pedestal/91389,st_struct_pedestal/91895
ug_route/250661,OSP:BUSP:C642364,st_struct_pedestal/90771,st_struct_pedestal/90561
ug_route/250662,OSP:BUSP:C681706,st_struct_pedestal/93792,st_struct_pedestal/94018
ug_route/250663,OSP:BUSP:C705448,mywcom_route_junction/27422,mywcom_route_junction/28171
ug_route/250664,OSP:BUSP:C656449,st_struct_pedestal/90584,st_struct_pedestal/91459
ug_route/250665,OSP:BUSP:C707921,st_struct_pedestal/91696,building/68299
ug_route/250666,OSP:BUSP:C708290,st_struct_pedestal/91651,st_struct_pedestal/93679
ug_route/250667,OSP:BUSP:C648604,st_struct_pedestal/93276,building/67679
ug_route/250668,OSP:BUSP:C642372,st_struct_pedestal/90771,building/68744
ug_route/250669,OSP:BUSP:C710163,mywcom_route_junction/27562,mywcom_route_junction/27125
ug_route/250670,OSP:BUSP:C642077,st_struct_pedestal/93627,st_struct_pedestal/92124
ug_route/250671,OSP:BUSP:C669178,st_struct_pedestal/94226,st_struct_pedestal/92684
ug_route/250672,OSP:BUSP:C658021,st_struct_pedestal/94300,st_struct_pedestal/92840
ug_route/250673,OSP:BUSP:C654087,mywcom_route_junction/27421,mywcom_route_junction/27225
ug_route/250674,OSP:BUSP:C648593,st_struct_pedestal/93227,st_struct_pedestal/94063
ug_route/250675,OSP:BUSP:C654055,st_struct_pedestal/90642,st_struct_pedestal/91235
ug_route/250676,OSP:BUSP:C652033,st_struct_pedestal/91519,st_struct_pedestal/92792
ug_route/250677,OSP:BUSP::7611815,st_struct_buried_splice_location/3908,st_struct_pedestal/94346
ug_route/250678,OSP:BUSP:C682082,st_struct_pedestal/91011,st_struct_pedestal/92704
ug_route/250679,OSP:BUSP:C644012,st_struct_pedestal/93345,building/68287
ug_route/250680,OSP:BUSP:C659260,st_struct_pedestal/90560,mywcom_route_junction/28088
ug_route/250681,OSP:BUSP:C668628,st_struct_pedestal/91984,building/68604
ug_route/250682,OSP:BUSP:C648825,st_struct_pedestal/93981,st_struct_pedestal/93830
ug_route/250683,OSP:BUSP:C648829,st_struct_pedestal/93981,st_struct_pedestal/93830
ug_route/250684,OSP:BUSP:C652781,st_struct_pedestal/91232,st_struct_pedestal/91116
ug_route/250685,OSP:BUSP:C653281,st_struct_pedestal/92034,building/68064
ug_route/250686,OSP:BUSP:C648590,st_struct_pedestal/93227,building/67331
ug_route/250687,OSP:BUSP:C705305,st_struct_pedestal/92881,building/67654
ug_route/250688,OSP:BUSP:C644290,st_struct_pedestal/92087,building/68508
ug_route/250689,OSP:BUSP:C653014,st_struct_pedestal/92435,building/66730
ug_route/250690,OSP:BUSP:C705456,mywcom_route_junction/28171,mywcom_route_junction/27808
ug_route/250691,OSP:BUSP:C641286,st_struct_pedestal/90864,building/66252
ug_route/250692,OSP:BUSP:C653026,st_struct_pedestal/92434,building/68261
ug_route/250693,OSP:BUSP:C642012,st_struct_pedestal/92866,st_struct_pedestal/90640
ug_route/250694,OSP:BUSP:C662447,st_struct_pedestal/91996,st_struct_pedestal/92344
ug_route/250695,OSP:BUSP:C637487,st_struct_pedestal/94306,building/68515
ug_route/250696,OSP:BUSP:C661078,st_struct_pedestal/91976,building/67934
ug_route/250697,OSP:BUSP:C660945,st_struct_pedestal/91996,st_struct_pedestal/92344
ug_route/250698,OSP:BUSP:C653103,st_struct_pedestal/91554,building/66850
ug_route/250699,OSP:BUSP:C647975,st_struct_pedestal/90827,st_struct_pedestal/91805
ug_route/250700,OSP:BUSP:C646705,st_struct_pedestal/93388,building/68226
ug_route/250701,OSP:BUSP:C656430,st_struct_pedestal/90584,building/68446
ug_route/250702,OSP:BUSP::10613940,mywcom_route_junction/27477,st_struct_pedestal/94266
ug_route/250703,OSP:BUSP:C653284,st_struct_pedestal/92034,building/68512
ug_route/250704,OSP:BUSP:C646130,st_struct_pedestal/91305,building/66346
ug_route/250705,OSP:BUSP:C648801,st_struct_pedestal/90752,building/67855
ug_route/250706,OSP:BUSP:C704996,building/66528,st_struct_pedestal/92574
ug_route/250707,OSP:BUSP:C643372,st_struct_pedestal/91010,building/67468
ug_route/250708,OSP:BUSP:C649077,st_struct_pedestal/92166,st_struct_pedestal/90623
ug_route/250709,OSP:BUSP:C651329,st_struct_pedestal/92769,st_struct_pedestal/92231
ug_route/250710,OSP:BUSP:C708293,st_struct_pedestal/91651,st_struct_pedestal/92685
ug_route/250711,OSP:BUSP:C641210,st_struct_pedestal/92639,building/66206
ug_route/250712,OSP:BUSP:C651217,mywcom_route_junction/27665,mywcom_route_junction/27754
ug_route/250713,OSP:BUSP:C708281,st_struct_pedestal/92443,st_struct_pedestal/93679
ug_route/250714,OSP:BUSP:C647765,st_struct_pedestal/93804,building/68845
ug_route/250715,OSP:BUSP:C653675,st_struct_pedestal/93943,building/67355
ug_route/250716,OSP:BUSP:C705141,st_struct_pedestal/92773,mywcom_route_junction/27618
ug_route/250717,OSP:BUSP::9195679,st_struct_pedestal/92529,pole/54153
ug_route/250718,OSP:BUSP:C641196,st_struct_pedestal/92639,st_struct_pedestal/92237
ug_route/250719,OSP:BUSP:C656979,st_struct_pedestal/90669,st_struct_pedestal/91390
ug_route/250720,OSP:BUSP:C648358,mywcom_route_junction/28147,mywcom_route_junction/27744
ug_route/250721,OSP:BUSP:C707905,st_struct_pedestal/93426,building/66711
ug_route/250722,OSP:BUSP:C671079,st_struct_pedestal/93945,building/67589
ug_route/250723,OSP:BUSP:C655337,st_struct_pedestal/92328,st_struct_pedestal/91316
ug_route/250724,OSP:BUSP:C655358,st_struct_pedestal/92328,st_struct_pedestal/91316
ug_route/250725,OSP:BUSP:C660818,st_struct_pedestal/92196,mywcom_route_junction/27509
ug_route/250726,OSP:BUSP:C648210,st_struct_pedestal/94310,building/67166
ug_route/250727,OSP:BUSP:C645941,st_struct_pedestal/92727,building/68583
ug_route/250728,OSP:BUSP:C653628,st_struct_pedestal/91866,mywcom_route_junction/27703
ug_route/250729,OSP:BUSP:C657461,st_struct_pedestal/93431,st_struct_pedestal/93854
ug_route/250730,OSP:BUSP:C710020,st_struct_pedestal/93950,st_struct_pedestal/91865
ug_route/250731,OSP:BUSP:C683485,building/68407,st_struct_buried_splice_location/3931
ug_route/250732,OSP:BUSP:C706768,st_struct_pedestal/92960,st_struct_pedestal/91726
ug_route/250733,OSP:BUSP:C655167,st_struct_pedestal/90658,st_struct_pedestal/93798
ug_route/250734,OSP:BUSP:C711937,mywcom_route_junction/28078,st_struct_pedestal/90636
ug_route/250735,OSP:BUSP::7607528,st_struct_buried_splice_location/3999,st_struct_buried_splice_location/3987
ug_route/250736,OSP:BUSP:C682042,st_struct_pedestal/91493,st_struct_pedestal/91255
ug_route/250737,OSP:BUSP:C642861,st_struct_pedestal/93543,st_struct_pedestal/94292
ug_route/250738,OSP:BUSP:C708080,st_struct_pedestal/92373,mywcom_route_junction/27795
ug_route/250739,OSP:BUSP:C653800,st_struct_pedestal/92219,building/68613
ug_route/250740,OSP:BUSP:C707565,st_struct_buried_splice_location/3965,st_struct_buried_splice_location/3856
ug_route/250741,OSP:BUSP:C708276,pole/53885,building/68445
ug_route/250742,OSP:BUSP:C654685,st_struct_pedestal/90883,building/66857
ug_route/250743,OSP:BUSP:C650415,st_struct_pedestal/92849,building/66127
ug_route/250744,OSP:BUSP::8156324,st_struct_pedestal/92417,st_struct_pedestal/91744
ug_route/250745,OSP:BUSP:C654597,st_struct_pedestal/93214,st_struct_pedestal/91055
ug_route/250746,OSP:BUSP:C654712,st_struct_pedestal/90883,building/66857
ug_route/250747,OSP:BUSP:C644168,mywcom_route_junction/27716,st_struct_pedestal/93428
ug_route/250748,OSP:BUSP:C645358,mywcom_route_junction/27413,mywcom_route_junction/27553
ug_route/250749,OSP:BUSP:C705624,st_struct_pedestal/92496,building/66394
ug_route/250750,OSP:BUSP:C656178,st_struct_pedestal/90653,building/66296
ug_route/250751,OSP:BUSP:C670701,st_struct_pedestal/91521,st_struct_pedestal/92373
ug_route/250752,OSP:BUSP::9650743,mywcom_route_junction/27352,mywcom_route_junction/27830
ug_route/250753,OSP:BUSP:C709659,st_struct_pedestal/91852,st_struct_pedestal/92587
ug_route/250754,OSP:BUSP:C655477,st_struct_buried_splice_location/3987,mywcom_route_junction/27346
ug_route/250755,OSP:BUSP:C706946,mywcom_route_junction/27400,st_struct_pedestal/91010
ug_route/250756,OSP:BUSP:C647407,st_struct_pedestal/91840,st_struct_pedestal/92726
ug_route/250757,OSP:BUSP:C645347,st_struct_pedestal/92417,building/67273
ug_route/250758,OSP:BUSP:C683496,st_struct_buried_splice_location/3965,st_struct_buried_splice_location/3931
ug_route/250759,OSP:BUSP:C668871,st_struct_buried_splice_location/3973,st_struct_buried_splice_location/3880
ug_route/250760,OSP:BUSP:C704692,st_struct_pedestal/92837,mywcom_route_junction/27446
ug_route/250761,OSP:BUSP:C710065,mywcom_route_junction/27956,mywcom_route_junction/27645
ug_route/250762,OSP:BUSP:C707432,st_struct_pedestal/90769,st_struct_pedestal/91181
ug_route/250763,OSP:BUSP:C646146,st_struct_pedestal/94061,st_struct_pedestal/94077
ug_route/250764,OSP:BUSP:C708411,pole/53592,mywcom_route_junction/27912
ug_route/250765,OSP:BUSP:C658925,st_struct_pedestal/91008,mywcom_route_junction/28011
ug_route/250766,OSP:BUSP:C683501,st_struct_buried_splice_location/3856,st_struct_buried_splice_location/3858
ug_route/250767,OSP:BUSP:C708105,st_struct_pedestal/91640,st_struct_buried_splice_location/3903
ug_route/250768,OSP:BUSP:C646640,mywcom_route_junction/27164,mywcom_route_junction/27586
ug_route/250769,OSP:BUSP:C705049,st_struct_pedestal/92494,building/67334
ug_route/250770,OSP:BUSP:C708088,st_struct_pedestal/93848,st_struct_pedestal/94292
ug_route/250771,OSP:BUSP:C658278,st_struct_pedestal/92785,mywcom_route_junction/27624
ug_route/250772,OSP:BUSP:C641929,st_struct_pedestal/92977,building/67404
ug_route/250773,OSP:BUSP:C683559,building/68407,st_struct_buried_splice_location/3848
ug_route/250774,OSP:BUSP:C643946,st_struct_pedestal/92369,building/66391
ug_route/250775,OSP:BUSP:C657740,st_struct_buried_splice_location/3984,st_struct_buried_splice_location/3972
ug_route/250776,OSP:BUSP:C639787,st_struct_pedestal/92038,st_struct_pedestal/93468
ug_route/250777,OSP:BUSP:C709828,mywcom_route_junction/27303,st_struct_pedestal/91153
ug_route/250778,OSP:BUSP:C711938,st_struct_pedestal/90636,mywcom_route_junction/27384
ug_route/250779,OSP:BUSP:C709827,mywcom_route_junction/28188,mywcom_route_junction/27303
ug_route/250780,OSP:BUSP:C656517,st_struct_pedestal/90829,st_struct_pedestal/91805
ug_route/250781,OSP:BUSP:C683624,st_struct_pedestal/91392,building/68407
ug_route/250782,OSP:BUSP:C657663,st_struct_pedestal/93208,st_struct_buried_splice_location/3980
ug_route/250783,OSP:BUSP:C708312,st_struct_pedestal/92167,st_struct_pedestal/91381
ug_route/250784,OSP:BUSP:C650650,st_struct_pedestal/92513,building/66609
ug_route/250785,OSP:BUSP:C657666,st_struct_buried_splice_location/3980,st_struct_buried_splice_location/3943
ug_route/250786,OSP:BUSP:C662323,st_struct_pedestal/93809,mywcom_route_junction/27373
ug_route/250787,OSP:BUSP:C708076,st_struct_pedestal/94132,st_struct_pedestal/91521
ug_route/250788,OSP:BUSP:C656159,st_struct_pedestal/93205,st_struct_pedestal/94125
ug_route/250789,OSP:BUSP:C668922,st_struct_buried_splice_location/3966,st_struct_buried_splice_location/3973
ug_route/250790,OSP:BUSP:C705356,st_struct_pedestal/92375,st_struct_pedestal/92185
ug_route/250791,OSP:BUSP::7941253,building/68407,st_struct_pedestal/92980
ug_route/250792,OSP:BUSP:C654887,st_struct_pedestal/90622,mywcom_route_junction/27275
ug_route/250793,OSP:BUSP:C683560,st_struct_buried_splice_location/3947,st_struct_buried_splice_location/3848
ug_route/250794,OSP:BUSP:C656566,st_struct_buried_splice_location/3907,st_struct_buried_splice_location/3898
ug_route/250795,OSP:BUSP:C704898,building/67923,st_struct_buried_splice_location/3963
ug_route/250796,OSP:BUSP:C657305,st_struct_pedestal/93641,st_struct_pedestal/90577
ug_route/250797,OSP:BUSP:C705462,mywcom_route_junction/27808,mywcom_route_junction/27097
ug_route/250798,OSP:BUSP:C651182,st_struct_pedestal/90869,st_struct_pedestal/92343
ug_route/250799,OSP:BUSP:C705840,st_struct_pedestal/92610,mywcom_route_junction/27682
ug_route/250800,OSP:BUSP:C647390,st_struct_pedestal/92027,st_struct_pedestal/90684
ug_route/250801,OSP:BUSP:C710164,building/68407,mywcom_route_junction/27492
ug_route/250802,OSP:BUSP:C668816,st_struct_pedestal/92601,st_struct_buried_splice_location/3879
ug_route/250803,OSP:BUSP::7613894,st_struct_pedestal/94343,mywcom_route_junction/27329
ug_route/250804,OSP:BUSP:C704892,st_struct_pedestal/90684,st_struct_pedestal/92027
ug_route/250805,OSP:BUSP:C711872,mywcom_route_junction/27614,st_struct_pedestal/94336
ug_route/250806,OSP:BUSP:C711920,st_struct_pedestal/92298,st_struct_pedestal/93682
ug_route/250807,OSP:BUSP::7611822,st_struct_buried_splice_location/3907,st_struct_buried_splice_location/4000
ug_route/250808,OSP:BUSP:C683641,building/68407,st_struct_buried_splice_location/3880
ug_route/250809,OSP:BUSP::7616452,st_struct_buried_splice_location/3896,st_struct_buried_splice_location/4002
ug_route/250810,OSP:BUSP:C706167,st_struct_buried_splice_location/3972,st_struct_buried_splice_location/3896
ug_route/250811,OSP:BUSP:C647430,st_struct_pedestal/92726,building/66111
ug_route/250812,OSP:BUSP::7611817,st_struct_pedestal/94345,st_struct_pedestal/90581
ug_route/250813,OSP:BUSP:C711892,st_struct_pedestal/93236,st_struct_pedestal/94066
ug_route/250814,OSP:BUSP:C656695,st_struct_pedestal/92610,st_struct_buried_splice_location/3898
ug_route/250815,OSP:BUSP:C709241,st_struct_buried_splice_location/3858,mywcom_route_junction/27575
ug_route/250816,OSP:BUSP:C708086,mywcom_route_junction/27941,mywcom_route_junction/27507
ug_route/250817,OSP:BUSP:C707580,st_struct_pedestal/91360,st_struct_buried_splice_location/3958
ug_route/250818,OSP:BUSP:C706163,st_struct_pedestal/93208,st_struct_buried_splice_location/3984
ug_route/250819,OSP:BUSP::16838036,st_struct_pedestal/92020,st_struct_pedestal/94342
ug_route/250820,OSP:BUSP:C707584,st_struct_pedestal/91360,st_struct_buried_splice_location/4001
ug_route/250821,OSP:BUSP::8608467,st_struct_pedestal/92682,st_struct_pedestal/92601
ug_route/250822,OSP:BUSP:C648492,st_struct_pedestal/93146,st_struct_pedestal/92375
ug_route/250823,OSP:BUSP:C711934,st_struct_pedestal/91422,mywcom_route_junction/27687
ug_route/250824,OSP:BUSP:C711903,st_struct_pedestal/94066,st_struct_pedestal/91422
ug_route/250825,OSP:BUSP:C650873,st_struct_pedestal/92185,st_struct_pedestal/92682
ug_route/250826,OSP:BUSP::7611818,st_struct_pedestal/93146,st_struct_pedestal/90581
ug_route/250827,OSP:BUSP:C657689,st_struct_pedestal/91840,st_struct_buried_splice_location/3988
ug_route/250828,OSP:BUSP:C708320,st_struct_pedestal/91381,st_struct_pedestal/92020
ug_route/250829,OSP:BUSP:C706139,st_struct_buried_splice_location/3988,st_struct_pedestal/93208
ug_route/250830,OSP:BUSP:C683642,st_struct_pedestal/92601,building/68407
ug_route/250831,OSP:BUSP:C683526,building/68407,st_struct_pedestal/91891
ug_route/250832,OSP:BUSP:C709576,st_struct_buried_splice_location/3947,st_struct_buried_splice_location/3958
ug_route/250833,OSP:BUSP:C683678,st_struct_pedestal/92167,st_struct_pedestal/91189
ug_route/250834,OSP:BUSP:C704896,st_struct_pedestal/91840,st_struct_buried_splice_location/3963
ug_route/250835,OSP:BUSP:C683602,building/68407,st_struct_buried_splice_location/3956
ug_route/250836,OSP:BUSP:C657702,st_struct_buried_splice_location/3943,st_struct_buried_splice_location/3956
ug_route/250837,OSP:BUSP::7616454,mywcom_route_junction/27212,mywcom_route_junction/28234
ug_route/250838,OSP:BUSP:C708943,mywcom_route_junction/28230,building/66927
ug_route/250839,OSP:BUSP:C708190,building/68407,building/66927
ug_route/250840,OSP:BUSP:C710446,mywcom_route_junction/28119,mywcom_route_junction/27422
ug_route/250841,OSP:BUSP::17063959,mywcom_route_junction/27132,mywcom_route_junction/28235
ug_route/250842,OSP:BUSP::17063958,mywcom_route_junction/28223,mywcom_route_junction/27132
ug_route/250843,OSP:FBSP::12951604,building/68753,building/66342
